Trial_number,Chosen_castle,Chosen_location,Correct_location,Accuracy,Number_of_doors,RT,Current_orientation,Current_color,Current_size,First_feature,Second_feature,Third_feature,Participant_size,Participant_orientation,Participant_number,Participant_gender,Early_exit,Training_time
1,1,1,1,1,2,0.914759374998539,11.0,14,0.30000000000000004,color,orientation,size,0.3400000000000001,-2.5,804,male,1,1056.0246858330029
2,1,1,1,1,2,0.605022874999122,78.5,21,0.42000000000000004,color,orientation,size,0.3400000000000001,-2.5,804,male,1,1056.0246858330029
3,1,1,1,1,2,1.0160701249988051,-38.5,16,0.4600000000000001,color,orientation,size,0.3400000000000001,-2.5,804,male,1,1056.0246858330029
4,1,1,1,1,2,0.4128713339996466,-16.0,15,0.4600000000000001,color,orientation,size,0.3400000000000001,-2.5,804,male,1,1056.0246858330029
5,1,1,1,1,2,0.39887670800089836,-74.5,17,0.22000000000000003,color,orientation,size,0.3400000000000001,-2.5,804,male,1,1056.0246858330029
6,1,0,0,1,2,1.4444842080010858,11.0,7,0.18000000000000002,color,orientation,size,0.3400000000000001,-2.5,804,male,1,1056.0246858330029
7,1,0,0,1,2,0.5005991670004732,-70.0,7,0.1,color,orientation,size,0.3400000000000001,-2.5,804,male,1,1056.0246858330029
8,1,0,0,1,2,0.5213330829974439,33.5,0,0.14,color,orientation,size,0.3400000000000001,-2.5,804,male,1,1056.0246858330029
9,1,1,1,1,2,1.1493735000003653,-38.5,21,0.4600000000000001,color,orientation,size,0.3400000000000001,-2.5,804,male,1,1056.0246858330029
10,1,0,0,1,2,1.2285317499990924,-79.0,11,0.14,color,orientation,size,0.3400000000000001,-2.5,804,male,1,1056.0246858330029
11,1,1,1,1,2,1.189391791998787,51.5,17,0.18000000000000002,color,orientation,size,0.3400000000000001,-2.5,804,male,1,1056.0246858330029
12,1,1,1,1,2,1.078786082998704,6.5,24,0.4600000000000001,color,orientation,size,0.3400000000000001,-2.5,804,male,1,1056.0246858330029
13,1,1,1,1,2,0.4298212079993391,87.5,14,0.30000000000000004,color,orientation,size,0.3400000000000001,-2.5,804,male,1,1056.0246858330029
14,1,0,0,1,2,1.0097950830022455,-74.5,7,0.14,color,orientation,size,0.3400000000000001,-2.5,804,male,1,1056.0246858330029
15,1,1,1,1,2,1.1503246249994845,-38.5,24,0.4600000000000001,color,orientation,size,0.3400000000000001,-2.5,804,male,1,1056.0246858330029
16,1,0,0,1,2,1.226664666999568,-65.5,6,0.18000000000000002,color,orientation,size,0.3400000000000001,-2.5,804,male,1,1056.0246858330029
17,1,0,0,1,2,0.9442326249991311,-79.0,12,0.1,color,orientation,size,0.3400000000000001,-2.5,804,male,1,1056.0246858330029
18,1,1,1,1,2,1.2117367499995453,24.5,18,0.22000000000000003,color,orientation,size,0.3400000000000001,-2.5,804,male,1,1056.0246858330029
19,1,1,1,1,2,1.0453956660021504,-38.5,17,0.26,color,orientation,size,0.3400000000000001,-2.5,804,male,1,1056.0246858330029
20,1,1,1,1,2,0.5788210840000829,-20.5,20,0.30000000000000004,color,orientation,size,0.3400000000000001,-2.5,804,male,1,1056.0246858330029
21,1,1,1,1,2,1.0104882499981613,-47.5,18,0.3400000000000001,color,orientation,size,0.3400000000000001,-2.5,804,male,1,1056.0246858330029
22,1,0,0,1,2,1.0048528750012338,11.0,11,0.30000000000000004,color,orientation,size,0.3400000000000001,-2.5,804,male,1,1056.0246858330029
23,1,1,1,1,2,0.9336919169982139,-52.0,13,0.26,color,orientation,size,0.3400000000000001,-2.5,804,male,1,1056.0246858330029
24,1,0,0,1,2,0.9607408340016264,15.5,7,0.18000000000000002,color,orientation,size,0.3400000000000001,-2.5,804,male,1,1056.0246858330029
25,1,1,1,1,2,0.8949367919994984,-16.0,13,0.22000000000000003,color,orientation,size,0.3400000000000001,-2.5,804,male,1,1056.0246858330029
26,1,1,1,1,2,1.123486166998191,-7.0,21,0.38,color,orientation,size,0.3400000000000001,-2.5,804,male,1,1056.0246858330029
27,1,1,1,1,2,0.677272749999247,78.5,24,0.4600000000000001,color,orientation,size,0.3400000000000001,-2.5,804,male,1,1056.0246858330029
28,1,1,1,1,2,0.5545520830019086,42.5,17,0.26,color,orientation,size,0.3400000000000001,-2.5,804,male,1,1056.0246858330029
29,1,1,1,1,2,0.6890608339999744,74.0,13,0.18000000000000002,color,orientation,size,0.3400000000000001,-2.5,804,male,1,1056.0246858330029
30,1,0,0,1,2,1.2928857500010054,74.0,4,0.3400000000000001,color,orientation,size,0.3400000000000001,-2.5,804,male,1,1056.0246858330029
31,2,1,1,1,4,1.879325833000621,38.0,2,0.26,color,orientation,size,0.3400000000000001,-2.5,804,male,1,1056.0246858330029
32,2,0,0,1,4,1.132841875001759,-11.5,11,0.26,color,orientation,size,0.3400000000000001,-2.5,804,male,1,1056.0246858330029
33,2,0,0,1,4,1.0176852499971574,-70.0,1,0.30000000000000004,color,orientation,size,0.3400000000000001,-2.5,804,male,1,1056.0246858330029
34,2,0,0,1,4,0.7663084999985585,-79.0,5,0.26,color,orientation,size,0.3400000000000001,-2.5,804,male,1,1056.0246858330029
35,2,0,0,1,4,0.7784852920012781,-88.0,0,0.26,color,orientation,size,0.3400000000000001,-2.5,804,male,1,1056.0246858330029
36,2,1,1,1,4,0.9286236250009097,51.5,10,0.1,color,orientation,size,0.3400000000000001,-2.5,804,male,1,1056.0246858330029
37,2,1,1,1,4,0.9515284160006559,29.0,3,0.14,color,orientation,size,0.3400000000000001,-2.5,804,male,1,1056.0246858330029
38,2,0,0,1,4,1.222723250000854,-74.5,9,0.4600000000000001,color,orientation,size,0.3400000000000001,-2.5,804,male,1,1056.0246858330029
39,2,0,0,1,4,0.7888396250018559,-83.5,0,0.22000000000000003,color,orientation,size,0.3400000000000001,-2.5,804,male,1,1056.0246858330029
40,2,3,3,1,4,1.333758917000523,69.5,23,0.38,color,orientation,size,0.3400000000000001,-2.5,804,male,1,1056.0246858330029
41,2,2,2,1,4,1.0884947079975973,-11.5,23,0.1,color,orientation,size,0.3400000000000001,-2.5,804,male,1,1056.0246858330029
42,2,1,1,1,4,1.062005625000893,65.0,5,0.3400000000000001,color,orientation,size,0.3400000000000001,-2.5,804,male,1,1056.0246858330029
43,2,0,0,1,4,1.2454300000026706,-70.0,8,0.3400000000000001,color,orientation,size,0.3400000000000001,-2.5,804,male,1,1056.0246858330029
44,2,1,1,1,4,1.1949735000016517,56.0,10,0.22000000000000003,color,orientation,size,0.3400000000000001,-2.5,804,male,1,1056.0246858330029
45,2,1,1,1,4,0.8649336249982298,56.0,10,0.4600000000000001,color,orientation,size,0.3400000000000001,-2.5,804,male,1,1056.0246858330029
46,2,1,1,1,4,0.7991821670002537,65.0,4,0.3400000000000001,color,orientation,size,0.3400000000000001,-2.5,804,male,1,1056.0246858330029
47,2,1,1,1,4,0.5225594999974419,60.5,8,0.38,color,orientation,size,0.3400000000000001,-2.5,804,male,1,1056.0246858330029
48,2,0,0,1,4,1.0352288330032025,-65.5,11,0.4600000000000001,color,orientation,size,0.3400000000000001,-2.5,804,male,1,1056.0246858330029
49,2,0,0,1,4,0.739099874997919,-61.0,0,0.42000000000000004,color,orientation,size,0.3400000000000001,-2.5,804,male,1,1056.0246858330029
50,2,0,0,1,4,0.6822111249966838,-74.5,3,0.18000000000000002,color,orientation,size,0.3400000000000001,-2.5,804,male,1,1056.0246858330029
51,2,3,3,1,4,1.2255328749997716,24.5,15,0.30000000000000004,color,orientation,size,0.3400000000000001,-2.5,804,male,1,1056.0246858330029
52,2,3,3,1,4,0.4809836250024091,24.5,15,0.3400000000000001,color,orientation,size,0.3400000000000001,-2.5,804,male,1,1056.0246858330029
53,2,1,1,1,4,1.3485099579993403,29.0,8,0.4600000000000001,color,orientation,size,0.3400000000000001,-2.5,804,male,1,1056.0246858330029
54,2,0,0,1,4,1.2350037500000326,-61.0,10,0.1,color,orientation,size,0.3400000000000001,-2.5,804,male,1,1056.0246858330029
55,2,1,1,1,4,1.8937578340010077,87.5,9,0.26,color,orientation,size,0.3400000000000001,-2.5,804,male,1,1056.0246858330029
56,2,0,0,1,4,1.0956344590013032,-61.0,3,0.42000000000000004,color,orientation,size,0.3400000000000001,-2.5,804,male,1,1056.0246858330029
57,2,3,3,1,4,1.1951573749975068,29.0,17,0.4600000000000001,color,orientation,size,0.3400000000000001,-2.5,804,male,1,1056.0246858330029
58,2,3,3,1,4,0.9950507499997912,24.5,13,0.30000000000000004,color,orientation,size,0.3400000000000001,-2.5,804,male,1,1056.0246858330029
59,2,0,0,1,4,1.1617568340006983,-29.5,10,0.22000000000000003,color,orientation,size,0.3400000000000001,-2.5,804,male,1,1056.0246858330029
60,2,1,1,1,4,0.8508356249985809,60.5,3,0.22000000000000003,color,orientation,size,0.3400000000000001,-2.5,804,male,1,1056.0246858330029
61,3,1,0,0,8,2.784185750002507,-65.5,1,0.30000000000000004,color,orientation,size,0.3400000000000001,-2.5,804,male,1,1056.0246858330029
62,3,2,3,0,8,4.054770124999777,6.5,0,0.3400000000000001,color,orientation,size,0.3400000000000001,-2.5,804,male,1,1056.0246858330029
63,3,7,6,0,8,2.277205499998672,29.0,19,0.30000000000000004,color,orientation,size,0.3400000000000001,-2.5,804,male,1,1056.0246858330029
64,3,3,3,1,8,2.4451691249996657,42.5,12,0.42000000000000004,color,orientation,size,0.3400000000000001,-2.5,804,male,1,1056.0246858330029
65,3,2,2,1,8,2.185951583000133,60.5,3,0.22000000000000003,color,orientation,size,0.3400000000000001,-2.5,804,male,1,1056.0246858330029
66,3,6,6,1,8,3.70665525000004,47.0,20,0.18000000000000002,color,orientation,size,0.3400000000000001,-2.5,804,male,1,1056.0246858330029
67,3,2,2,1,8,2.131847958000435,42.5,1,0.26,color,orientation,size,0.3400000000000001,-2.5,804,male,1,1056.0246858330029
68,3,4,4,1,8,3.2963808749991586,-88.0,20,0.18000000000000002,color,orientation,size,0.3400000000000001,-2.5,804,male,1,1056.0246858330029
69,3,1,1,1,8,4.118978792001144,-56.5,7,0.3400000000000001,color,orientation,size,0.3400000000000001,-2.5,804,male,1,1056.0246858330029
70,3,1,1,1,8,1.357438541999727,-25.0,10,0.42000000000000004,color,orientation,size,0.3400000000000001,-2.5,804,male,1,1056.0246858330029
71,3,1,1,1,8,1.0861267500004033,-56.5,1,0.38,color,orientation,size,0.3400000000000001,-2.5,804,male,1,1056.0246858330029
72,3,1,1,1,8,1.006826541000919,-47.5,6,0.3400000000000001,color,orientation,size,0.3400000000000001,-2.5,804,male,1,1056.0246858330029
73,3,1,1,1,8,1.04943720799929,-70.0,3,0.3400000000000001,color,orientation,size,0.3400000000000001,-2.5,804,male,1,1056.0246858330029
74,3,4,4,1,8,3.984617291000177,-52.0,15,0.14,color,orientation,size,0.3400000000000001,-2.5,804,male,1,1056.0246858330029
75,3,0,0,1,8,3.5103595410000707,-56.5,9,0.26,color,orientation,size,0.3400000000000001,-2.5,804,male,1,1056.0246858330029
76,3,2,2,1,8,2.2961827919971256,78.5,9,0.1,color,orientation,size,0.3400000000000001,-2.5,804,male,1,1056.0246858330029
77,3,4,4,1,8,3.3960029170011694,-52.0,16,0.18000000000000002,color,orientation,size,0.3400000000000001,-2.5,804,male,1,1056.0246858330029
78,3,6,6,1,8,2.2112115409981925,60.5,13,0.14,color,orientation,size,0.3400000000000001,-2.5,804,male,1,1056.0246858330029
79,3,4,4,1,8,3.861623917000543,-38.5,21,0.1,color,orientation,size,0.3400000000000001,-2.5,804,male,1,1056.0246858330029
80,3,3,2,0,8,4.250641291997454,56.0,10,0.30000000000000004,color,orientation,size,0.3400000000000001,-2.5,804,male,1,1056.0246858330029
81,3,2,2,1,8,3.2547093749999476,78.5,1,0.30000000000000004,color,orientation,size,0.3400000000000001,-2.5,804,male,1,1056.0246858330029
82,3,2,2,1,8,1.545315583000047,87.5,5,0.26,color,orientation,size,0.3400000000000001,-2.5,804,male,1,1056.0246858330029
83,3,3,3,1,8,1.7121321670019825,29.0,12,0.4600000000000001,color,orientation,size,0.3400000000000001,-2.5,804,male,1,1056.0246858330029
84,3,6,6,1,8,5.412335290999181,65.0,20,0.22000000000000003,color,orientation,size,0.3400000000000001,-2.5,804,male,1,1056.0246858330029
85,3,5,5,1,8,5.569960875000106,-70.0,22,0.38,color,orientation,size,0.3400000000000001,-2.5,804,male,1,1056.0246858330029
86,3,5,5,1,8,1.2682922079984564,-88.0,20,0.38,color,orientation,size,0.3400000000000001,-2.5,804,male,1,1056.0246858330029
87,3,0,0,1,8,3.6898995829978958,-74.5,4,0.14,color,orientation,size,0.3400000000000001,-2.5,804,male,1,1056.0246858330029
88,3,0,0,1,8,0.9489439589997346,-7.0,3,0.1,color,orientation,size,0.3400000000000001,-2.5,804,male,1,1056.0246858330029
89,3,2,2,1,8,3.112707791999128,11.0,11,0.30000000000000004,color,orientation,size,0.3400000000000001,-2.5,804,male,1,1056.0246858330029
90,3,7,6,0,8,3.578822333998687,33.5,21,0.30000000000000004,color,orientation,size,0.3400000000000001,-2.5,804,male,1,1056.0246858330029
91,3,0,0,1,8,2.023257459000888,-25.0,10,0.1,color,orientation,size,0.3400000000000001,-2.5,804,male,1,1056.0246858330029
92,3,1,1,1,8,0.9489314589991409,-20.5,11,0.4600000000000001,color,orientation,size,0.3400000000000001,-2.5,804,male,1,1056.0246858330029
93,3,4,4,1,8,4.012187208998512,-61.0,23,0.26,color,orientation,size,0.3400000000000001,-2.5,804,male,1,1056.0246858330029
94,3,4,4,1,8,2.0929025000004913,-7.0,17,0.1,color,orientation,size,0.3400000000000001,-2.5,804,male,1,1056.0246858330029
95,3,3,3,1,8,2.378792916999373,74.0,11,0.4600000000000001,color,orientation,size,0.3400000000000001,-2.5,804,male,1,1056.0246858330029
96,3,2,2,1,8,1.9157569170019997,69.5,2,0.1,color,orientation,size,0.3400000000000001,-2.5,804,male,1,1056.0246858330029
97,3,2,0,0,8,2.482157708000159,-70.0,2,0.30000000000000004,color,orientation,size,0.3400000000000001,-2.5,804,male,1,1056.0246858330029
98,1,0,0,1,2,1.8769575410005928,74.0,1,0.1,color,orientation,size,0.3400000000000001,-2.5,804,male,1,1056.0246858330029
99,1,0,1,0,2,0.4206988330006425,-70.0,17,0.4600000000000001,color,orientation,size,0.3400000000000001,-2.5,804,male,1,1056.0246858330029
100,1,0,1,0,2,0.39387420899947756,-38.5,14,0.1,color,orientation,size,0.3400000000000001,-2.5,804,male,1,1056.0246858330029
101,1,1,0,0,2,1.3255798330028483,60.5,2,0.14,color,orientation,size,0.3400000000000001,-2.5,804,male,1,1056.0246858330029
102,1,0,1,0,2,1.379734666999866,51.5,16,0.1,color,orientation,size,0.3400000000000001,-2.5,804,male,1,1056.0246858330029
103,1,0,1,0,2,5.337909208999918,38.0,20,0.30000000000000004,color,orientation,size,0.3400000000000001,-2.5,804,male,1,1056.0246858330029
104,1,1,0,0,2,1.4292697919991042,-70.0,0,0.4600000000000001,color,orientation,size,0.3400000000000001,-2.5,804,male,1,1056.0246858330029
105,1,1,0,0,2,2.9427604579977924,-79.0,9,0.42000000000000004,color,orientation,size,0.3400000000000001,-2.5,804,male,1,1056.0246858330029
106,1,0,1,0,2,1.1989347089984221,-34.0,21,0.18000000000000002,color,orientation,size,0.3400000000000001,-2.5,804,male,1,1056.0246858330029
107,1,1,0,0,2,2.066116875001171,56.0,9,0.18000000000000002,color,orientation,size,0.3400000000000001,-2.5,804,male,1,1056.0246858330029
108,1,1,0,0,2,2.1546261250005045,-38.5,6,0.3400000000000001,color,orientation,size,0.3400000000000001,-2.5,804,male,1,1056.0246858330029
109,1,1,0,0,2,1.2087642090009467,42.5,12,0.42000000000000004,color,orientation,size,0.3400000000000001,-2.5,804,male,1,1056.0246858330029
110,1,1,0,0,2,1.2073685420000402,-52.0,11,0.22000000000000003,color,orientation,size,0.3400000000000001,-2.5,804,male,1,1056.0246858330029
111,1,1,0,0,2,1.0409649579996767,-20.5,5,0.22000000000000003,color,orientation,size,0.3400000000000001,-2.5,804,male,1,1056.0246858330029
112,1,1,0,0,2,1.1399485420006386,42.5,0,0.42000000000000004,color,orientation,size,0.3400000000000001,-2.5,804,male,1,1056.0246858330029
113,1,0,1,0,2,1.7467208340021898,51.5,14,0.4600000000000001,color,orientation,size,0.3400000000000001,-2.5,804,male,1,1056.0246858330029
114,1,0,0,1,2,0.995902249997016,42.5,12,0.3400000000000001,color,orientation,size,0.3400000000000001,-2.5,804,male,1,1056.0246858330029
115,1,0,1,0,2,0.4395291670007282,51.5,18,0.14,color,orientation,size,0.3400000000000001,-2.5,804,male,1,1056.0246858330029
116,1,1,0,0,2,12.252631875002407,74.0,9,0.14,color,orientation,size,0.3400000000000001,-2.5,804,male,1,1056.0246858330029
117,1,0,1,0,2,1.9066002920008032,11.0,13,0.26,color,orientation,size,0.3400000000000001,-2.5,804,male,1,1056.0246858330029
118,1,0,1,0,2,1.3386752500009607,-56.5,24,0.18000000000000002,color,orientation,size,0.3400000000000001,-2.5,804,male,1,1056.0246858330029
119,1,1,0,0,2,1.7613627499995346,6.5,1,0.1,color,orientation,size,0.3400000000000001,-2.5,804,male,1,1056.0246858330029
120,1,1,0,0,2,1.4603502089994436,-7.0,3,0.42000000000000004,color,orientation,size,0.3400000000000001,-2.5,804,male,1,1056.0246858330029
121,1,1,0,0,2,1.3034480839996831,-65.5,10,0.14,color,orientation,size,0.3400000000000001,-2.5,804,male,1,1056.0246858330029
122,1,1,1,1,2,1.1745660839987977,15.5,14,0.30000000000000004,color,orientation,size,0.3400000000000001,-2.5,804,male,1,1056.0246858330029
123,1,0,1,0,2,1.1150857499997073,-25.0,16,0.38,color,orientation,size,0.3400000000000001,-2.5,804,male,1,1056.0246858330029
124,1,1,0,0,2,1.8063179580021824,6.5,7,0.30000000000000004,color,orientation,size,0.3400000000000001,-2.5,804,male,1,1056.0246858330029
125,1,1,0,0,2,1.1970781249983702,60.5,1,0.18000000000000002,color,orientation,size,0.3400000000000001,-2.5,804,male,1,1056.0246858330029
126,1,1,0,0,2,1.4773163329991803,-34.0,4,0.30000000000000004,color,orientation,size,0.3400000000000001,-2.5,804,male,1,1056.0246858330029
127,1,1,0,0,2,1.790699749999476,-70.0,1,0.26,color,orientation,size,0.3400000000000001,-2.5,804,male,1,1056.0246858330029
128,1,1,1,1,2,1.2084090409989585,69.5,22,0.4600000000000001,color,orientation,size,0.3400000000000001,-2.5,804,male,1,1056.0246858330029
129,1,1,0,0,2,0.9425258330011275,-29.5,11,0.38,color,orientation,size,0.3400000000000001,-2.5,804,male,1,1056.0246858330029
130,1,0,1,0,2,1.4139607500001148,24.5,13,0.42000000000000004,color,orientation,size,0.3400000000000001,-2.5,804,male,1,1056.0246858330029
131,1,1,0,0,2,1.4244222919987806,2.0,2,0.22000000000000003,color,orientation,size,0.3400000000000001,-2.5,804,male,1,1056.0246858330029
132,1,1,0,0,2,1.3954070409999986,-7.0,4,0.18000000000000002,color,orientation,size,0.3400000000000001,-2.5,804,male,1,1056.0246858330029
133,1,0,1,0,2,1.5722075420017063,-61.0,15,0.22000000000000003,color,orientation,size,0.3400000000000001,-2.5,804,male,1,1056.0246858330029
134,1,0,1,0,2,1.6769589579998865,33.5,21,0.22000000000000003,color,orientation,size,0.3400000000000001,-2.5,804,male,1,1056.0246858330029
135,1,0,0,1,2,1.5305231250022189,15.5,0,0.4600000000000001,color,orientation,size,0.3400000000000001,-2.5,804,male,1,1056.0246858330029
136,1,0,1,0,2,0.41630645799887134,78.5,20,0.22000000000000003,color,orientation,size,0.3400000000000001,-2.5,804,male,1,1056.0246858330029
137,1,1,0,0,2,1.5858689999986382,-25.0,5,0.4600000000000001,color,orientation,size,0.3400000000000001,-2.5,804,male,1,1056.0246858330029
138,1,1,0,0,2,1.4618992089999665,-88.0,0,0.14,color,orientation,size,0.3400000000000001,-2.5,804,male,1,1056.0246858330029
139,1,0,1,0,2,2.1943227909978305,-25.0,22,0.1,color,orientation,size,0.3400000000000001,-2.5,804,male,1,1056.0246858330029
140,1,1,0,0,2,1.4089220419991761,74.0,4,0.22000000000000003,color,orientation,size,0.3400000000000001,-2.5,804,male,1,1056.0246858330029
141,1,0,1,0,2,1.68315475000054,-25.0,20,0.18000000000000002,color,orientation,size,0.3400000000000001,-2.5,804,male,1,1056.0246858330029
142,1,1,0,0,2,1.8905691250001837,78.5,12,0.22000000000000003,color,orientation,size,0.3400000000000001,-2.5,804,male,1,1056.0246858330029
143,1,1,0,0,2,2.1718712499969115,69.5,8,0.1,color,orientation,size,0.3400000000000001,-2.5,804,male,1,1056.0246858330029
144,1,1,0,0,2,1.6417751249973662,83.0,0,0.38,color,orientation,size,0.3400000000000001,-2.5,804,male,1,1056.0246858330029
145,1,1,0,0,2,2.106967750001786,-47.5,6,0.18000000000000002,color,orientation,size,0.3400000000000001,-2.5,804,male,1,1056.0246858330029
146,1,1,0,0,2,1.3966146659986407,-43.0,12,0.42000000000000004,color,orientation,size,0.3400000000000001,-2.5,804,male,1,1056.0246858330029
147,1,1,0,0,2,0.8877472499989381,-34.0,3,0.3400000000000001,color,orientation,size,0.3400000000000001,-2.5,804,male,1,1056.0246858330029
148,1,0,1,0,2,1.7898836249987653,69.5,20,0.42000000000000004,color,orientation,size,0.3400000000000001,-2.5,804,male,1,1056.0246858330029
149,1,1,1,1,2,1.6067007919991738,-34.0,13,0.26,color,orientation,size,0.3400000000000001,-2.5,804,male,1,1056.0246858330029
150,1,0,1,0,2,1.3114566660005949,-34.0,19,0.22000000000000003,color,orientation,size,0.3400000000000001,-2.5,804,male,1,1056.0246858330029
151,1,0,1,0,2,1.3252056670025922,-38.5,16,0.1,color,orientation,size,0.3400000000000001,-2.5,804,male,1,1056.0246858330029
152,1,1,0,0,2,2.307035582998651,78.5,6,0.18000000000000002,color,orientation,size,0.3400000000000001,-2.5,804,male,1,1056.0246858330029
153,1,0,1,0,2,1.6853532499990251,-29.5,17,0.3400000000000001,color,orientation,size,0.3400000000000001,-2.5,804,male,1,1056.0246858330029
154,1,0,1,0,2,3.398293707999983,-38.5,24,0.1,color,orientation,size,0.3400000000000001,-2.5,804,male,1,1056.0246858330029
155,1,1,0,0,2,1.4806279170006746,51.5,2,0.3400000000000001,color,orientation,size,0.3400000000000001,-2.5,804,male,1,1056.0246858330029
156,1,0,1,0,2,1.106379458000447,60.5,20,0.26,color,orientation,size,0.3400000000000001,-2.5,804,male,1,1056.0246858330029
157,1,0,1,0,2,1.0972710000023653,33.5,21,0.22000000000000003,color,orientation,size,0.3400000000000001,-2.5,804,male,1,1056.0246858330029
158,1,0,1,0,2,0.8432988750028017,83.0,17,0.4600000000000001,color,orientation,size,0.3400000000000001,-2.5,804,male,1,1056.0246858330029
159,1,1,0,0,2,1.166505249999318,74.0,11,0.14,color,orientation,size,0.3400000000000001,-2.5,804,male,1,1056.0246858330029
160,1,0,0,1,2,2.1433388749974256,15.5,6,0.4600000000000001,color,orientation,size,0.3400000000000001,-2.5,804,male,1,1056.0246858330029
161,1,1,0,0,2,0.9780218340019928,38.0,11,0.22000000000000003,color,orientation,size,0.3400000000000001,-2.5,804,male,1,1056.0246858330029
162,1,0,1,0,2,1.0421390419978707,-25.0,19,0.42000000000000004,color,orientation,size,0.3400000000000001,-2.5,804,male,1,1056.0246858330029
163,1,1,0,0,2,1.245885875003296,60.5,1,0.18000000000000002,color,orientation,size,0.3400000000000001,-2.5,804,male,1,1056.0246858330029
164,1,0,1,0,2,2.7570491660007974,51.5,23,0.1,color,orientation,size,0.3400000000000001,-2.5,804,male,1,1056.0246858330029
165,1,0,1,0,2,1.340767625002627,24.5,18,0.4600000000000001,color,orientation,size,0.3400000000000001,-2.5,804,male,1,1056.0246858330029
166,1,1,0,0,2,2.6951447920000646,20.0,1,0.42000000000000004,color,orientation,size,0.3400000000000001,-2.5,804,male,1,1056.0246858330029
167,1,0,1,0,2,1.2900913749981555,11.0,23,0.38,color,orientation,size,0.3400000000000001,-2.5,804,male,1,1056.0246858330029
168,1,0,1,0,2,1.9562502080007107,47.0,21,0.3400000000000001,color,orientation,size,0.3400000000000001,-2.5,804,male,1,1056.0246858330029
169,1,0,1,0,2,0.9333900840028946,-70.0,13,0.30000000000000004,color,orientation,size,0.3400000000000001,-2.5,804,male,1,1056.0246858330029
170,1,0,1,0,2,0.776215082998533,-88.0,18,0.38,color,orientation,size,0.3400000000000001,-2.5,804,male,1,1056.0246858330029
171,1,1,0,0,2,1.3782019159989432,-79.0,2,0.3400000000000001,color,orientation,size,0.3400000000000001,-2.5,804,male,1,1056.0246858330029
172,1,0,1,0,2,2.337434666998888,24.5,20,0.4600000000000001,color,orientation,size,0.3400000000000001,-2.5,804,male,1,1056.0246858330029
173,1,1,0,0,2,1.8603099579995614,6.5,11,0.30000000000000004,color,orientation,size,0.3400000000000001,-2.5,804,male,1,1056.0246858330029
174,1,1,0,0,2,56.67076950000046,-56.5,0,0.26,color,orientation,size,0.3400000000000001,-2.5,804,male,1,1056.0246858330029
175,1,1,0,0,2,2.004955083000823,65.0,8,0.26,color,orientation,size,0.3400000000000001,-2.5,804,male,1,1056.0246858330029
176,1,0,1,0,2,1.0883373329997994,15.5,21,0.26,color,orientation,size,0.3400000000000001,-2.5,804,male,1,1056.0246858330029
177,1,0,1,0,2,1.5965132919991447,20.0,19,0.42000000000000004,color,orientation,size,0.3400000000000001,-2.5,804,male,1,1056.0246858330029
178,1,0,1,0,2,1.3898330410011113,-70.0,13,0.22000000000000003,color,orientation,size,0.3400000000000001,-2.5,804,male,1,1056.0246858330029
179,1,0,1,0,2,0.8397069169986935,42.5,19,0.1,color,orientation,size,0.3400000000000001,-2.5,804,male,1,1056.0246858330029
180,1,0,1,0,2,1.0112102499988396,-56.5,21,0.18000000000000002,color,orientation,size,0.3400000000000001,-2.5,804,male,1,1056.0246858330029
181,1,0,1,0,2,0.978746749999118,-29.5,21,0.26,color,orientation,size,0.3400000000000001,-2.5,804,male,1,1056.0246858330029
182,1,0,1,0,2,0.749821500001417,38.0,16,0.1,color,orientation,size,0.3400000000000001,-2.5,804,male,1,1056.0246858330029
183,1,1,0,0,2,1.494102833999932,69.5,7,0.38,color,orientation,size,0.3400000000000001,-2.5,804,male,1,1056.0246858330029
184,1,1,0,0,2,1.2411645000029239,69.5,1,0.14,color,orientation,size,0.3400000000000001,-2.5,804,male,1,1056.0246858330029
185,1,1,0,0,2,1.7568377499992494,78.5,7,0.30000000000000004,color,orientation,size,0.3400000000000001,-2.5,804,male,1,1056.0246858330029
186,1,0,1,0,2,8.640085499999259,2.0,22,0.14,color,orientation,size,0.3400000000000001,-2.5,804,male,1,1056.0246858330029
187,1,0,1,0,2,0.5246480419991713,-56.5,21,0.1,color,orientation,size,0.3400000000000001,-2.5,804,male,1,1056.0246858330029
188,1,1,0,0,2,1.7139072499994654,-20.5,10,0.18000000000000002,color,orientation,size,0.3400000000000001,-2.5,804,male,1,1056.0246858330029
189,1,1,0,0,2,2.1198263750011392,65.0,7,0.30000000000000004,color,orientation,size,0.3400000000000001,-2.5,804,male,1,1056.0246858330029
190,1,1,0,0,2,1.0908922499984328,29.0,2,0.38,color,orientation,size,0.3400000000000001,-2.5,804,male,1,1056.0246858330029
191,1,1,0,0,2,1.5834687079986907,11.0,11,0.3400000000000001,color,orientation,size,0.3400000000000001,-2.5,804,male,1,1056.0246858330029
192,1,1,1,1,2,0.9246139589995437,-65.5,24,0.30000000000000004,color,orientation,size,0.3400000000000001,-2.5,804,male,1,1056.0246858330029
193,1,0,0,1,2,1.6491511670028558,-56.5,5,0.22000000000000003,color,orientation,size,0.3400000000000001,-2.5,804,male,1,1056.0246858330029
194,1,0,0,1,2,0.6164532090006105,20.0,9,0.18000000000000002,color,orientation,size,0.3400000000000001,-2.5,804,male,1,1056.0246858330029
195,1,0,0,1,2,0.7329611669993028,24.5,5,0.26,color,orientation,size,0.3400000000000001,-2.5,804,male,1,1056.0246858330029
196,1,0,0,1,2,0.8334972499978903,-83.5,4,0.26,color,orientation,size,0.3400000000000001,-2.5,804,male,1,1056.0246858330029
197,1,1,1,1,2,0.7832201669989445,47.0,21,0.3400000000000001,color,orientation,size,0.3400000000000001,-2.5,804,male,1,1056.0246858330029
198,1,0,0,1,2,0.882940375002363,42.5,9,0.22000000000000003,color,orientation,size,0.3400000000000001,-2.5,804,male,1,1056.0246858330029
199,1,0,0,1,2,1.0013187499971536,-65.5,1,0.3400000000000001,color,orientation,size,0.3400000000000001,-2.5,804,male,1,1056.0246858330029
200,1,1,1,1,2,0.6155427500016231,-34.0,16,0.18000000000000002,color,orientation,size,0.3400000000000001,-2.5,804,male,1,1056.0246858330029
201,1,1,1,1,2,1.2298545419980655,-47.5,23,0.1,color,orientation,size,0.3400000000000001,-2.5,804,male,1,1056.0246858330029
202,1,0,0,1,2,1.4774450000004435,-11.5,12,0.14,color,orientation,size,0.3400000000000001,-2.5,804,male,1,1056.0246858330029
203,1,0,0,1,2,0.45223737500054995,-16.0,6,0.30000000000000004,color,orientation,size,0.3400000000000001,-2.5,804,male,1,1056.0246858330029
204,1,0,0,1,2,0.4152949590024946,-65.5,3,0.18000000000000002,color,orientation,size,0.3400000000000001,-2.5,804,male,1,1056.0246858330029
205,1,1,1,1,2,0.8671799170006125,-70.0,15,0.42000000000000004,color,orientation,size,0.3400000000000001,-2.5,804,male,1,1056.0246858330029
206,1,1,1,1,2,1.0884154999985185,60.5,18,0.30000000000000004,color,orientation,size,0.3400000000000001,-2.5,804,male,1,1056.0246858330029
207,1,0,0,1,2,1.114252708001004,-20.5,0,0.1,color,orientation,size,0.3400000000000001,-2.5,804,male,1,1056.0246858330029
208,1,0,0,1,2,0.5985099579993403,47.0,1,0.3400000000000001,color,orientation,size,0.3400000000000001,-2.5,804,male,1,1056.0246858330029
209,1,1,1,1,2,0.911940042002243,-74.5,17,0.1,color,orientation,size,0.3400000000000001,-2.5,804,male,1,1056.0246858330029
210,1,0,0,1,2,4.008471582998027,-88.0,5,0.1,color,orientation,size,0.3400000000000001,-2.5,804,male,1,1056.0246858330029
211,1,1,1,1,2,0.9895220830003382,38.0,16,0.38,color,orientation,size,0.3400000000000001,-2.5,804,male,1,1056.0246858330029
212,1,0,0,1,2,1.2393887079997512,87.5,8,0.4600000000000001,color,orientation,size,0.3400000000000001,-2.5,804,male,1,1056.0246858330029
213,1,0,0,1,2,0.7832628750002186,-16.0,8,0.3400000000000001,color,orientation,size,0.3400000000000001,-2.5,804,male,1,1056.0246858330029
214,1,0,0,1,2,0.49936316599996644,83.0,7,0.18000000000000002,color,orientation,size,0.3400000000000001,-2.5,804,male,1,1056.0246858330029
215,1,1,1,1,2,1.065982249998342,-52.0,15,0.18000000000000002,color,orientation,size,0.3400000000000001,-2.5,804,male,1,1056.0246858330029
216,1,1,1,1,2,0.5106864999979734,11.0,24,0.22000000000000003,color,orientation,size,0.3400000000000001,-2.5,804,male,1,1056.0246858330029
217,1,0,0,1,2,1.2173757500022475,78.5,1,0.22000000000000003,color,orientation,size,0.3400000000000001,-2.5,804,male,1,1056.0246858330029
218,1,1,1,1,2,0.9591415830000187,-7.0,23,0.3400000000000001,color,orientation,size,0.3400000000000001,-2.5,804,male,1,1056.0246858330029
219,1,0,0,1,2,1.5606692080000357,24.5,4,0.4600000000000001,color,orientation,size,0.3400000000000001,-2.5,804,male,1,1056.0246858330029
220,1,0,0,1,2,0.5303665409992391,-79.0,10,0.42000000000000004,color,orientation,size,0.3400000000000001,-2.5,804,male,1,1056.0246858330029
221,1,1,1,1,2,0.8803793340011907,-38.5,13,0.30000000000000004,color,orientation,size,0.3400000000000001,-2.5,804,male,1,1056.0246858330029
222,4,0,0,1,4,5.631494792000012,-56.5,8,0.4600000000000001,color,orientation,size,0.3400000000000001,-2.5,804,male,1,1056.0246858330029
223,4,1,1,1,2,1.8623020839986566,-88.0,13,0.22000000000000003,color,orientation,size,0.3400000000000001,-2.5,804,male,1,1056.0246858330029
224,4,3,3,1,8,4.602694167002483,42.5,10,0.3400000000000001,color,orientation,size,0.3400000000000001,-2.5,804,male,1,1056.0246858330029
225,4,0,0,1,2,1.2887537919996248,-56.5,10,0.42000000000000004,color,orientation,size,0.3400000000000001,-2.5,804,male,1,1056.0246858330029
226,4,1,1,1,2,1.396603666998999,-16.0,23,0.26,color,orientation,size,0.3400000000000001,-2.5,804,male,1,1056.0246858330029
227,4,0,0,1,2,1.879625292000128,24.5,11,0.3400000000000001,color,orientation,size,0.3400000000000001,-2.5,804,male,1,1056.0246858330029
228,4,1,1,1,2,1.2511154999992868,-61.0,18,0.4600000000000001,color,orientation,size,0.3400000000000001,-2.5,804,male,1,1056.0246858330029
229,4,5,5,1,8,2.6312973749991215,-47.5,21,0.38,color,orientation,size,0.3400000000000001,-2.5,804,male,1,1056.0246858330029
230,4,2,2,1,4,2.1961154169985093,-16.0,23,0.14,color,orientation,size,0.3400000000000001,-2.5,804,male,1,1056.0246858330029
231,4,1,1,1,4,1.9358518330009247,20.0,8,0.26,color,orientation,size,0.3400000000000001,-2.5,804,male,1,1056.0246858330029
232,4,3,3,1,4,1.2758240000002843,51.5,13,0.22000000000000003,color,orientation,size,0.3400000000000001,-2.5,804,male,1,1056.0246858330029
233,4,4,4,1,8,2.246561541000119,-43.0,17,0.22000000000000003,color,orientation,size,0.3400000000000001,-2.5,804,male,1,1056.0246858330029
234,4,0,0,1,2,1.7846172909994493,47.0,11,0.1,color,orientation,size,0.3400000000000001,-2.5,804,male,1,1056.0246858330029
235,4,1,1,1,2,1.5178030410024803,69.5,18,0.4600000000000001,color,orientation,size,0.3400000000000001,-2.5,804,male,1,1056.0246858330029
236,4,1,1,1,4,1.8481088330008788,29.0,12,0.3400000000000001,color,orientation,size,0.3400000000000001,-2.5,804,male,1,1056.0246858330029
237,4,0,0,1,2,1.1828447500010952,-25.0,11,0.1,color,orientation,size,0.3400000000000001,-2.5,804,male,1,1056.0246858330029
238,4,0,0,1,8,2.069528584001091,-7.0,0,0.30000000000000004,color,orientation,size,0.3400000000000001,-2.5,804,male,1,1056.0246858330029
239,4,0,0,1,4,2.038221875001909,-52.0,6,0.4600000000000001,color,orientation,size,0.3400000000000001,-2.5,804,male,1,1056.0246858330029
240,4,5,5,1,8,2.158249791998969,-65.5,18,0.3400000000000001,color,orientation,size,0.3400000000000001,-2.5,804,male,1,1056.0246858330029
241,4,3,3,1,8,3.6468382909988577,78.5,11,0.3400000000000001,color,orientation,size,0.3400000000000001,-2.5,804,male,1,1056.0246858330029
242,4,3,3,1,8,1.4702938339978573,15.5,10,0.38,color,orientation,size,0.3400000000000001,-2.5,804,male,1,1056.0246858330029
243,4,1,1,1,4,1.4178082500002347,29.0,0,0.22000000000000003,color,orientation,size,0.3400000000000001,-2.5,804,male,1,1056.0246858330029
244,4,1,1,1,2,2.1999039580005046,-7.0,17,0.18000000000000002,color,orientation,size,0.3400000000000001,-2.5,804,male,1,1056.0246858330029
245,4,0,0,1,4,3.8619529999996303,-88.0,8,0.38,color,orientation,size,0.3400000000000001,-2.5,804,male,1,1056.0246858330029
246,4,2,2,1,8,2.5371110000014596,6.5,8,0.26,color,orientation,size,0.3400000000000001,-2.5,804,male,1,1056.0246858330029
247,4,0,0,1,4,1.6653919160016812,-25.0,6,0.26,color,orientation,size,0.3400000000000001,-2.5,804,male,1,1056.0246858330029
248,4,1,1,1,4,1.8575421660025313,11.0,0,0.14,color,orientation,size,0.3400000000000001,-2.5,804,male,1,1056.0246858330029
249,4,6,6,1,8,1.9867390420004085,6.5,13,0.26,color,orientation,size,0.3400000000000001,-2.5,804,male,1,1056.0246858330029
250,4,7,6,0,8,1.5235284589980438,42.5,16,0.30000000000000004,color,orientation,size,0.3400000000000001,-2.5,804,male,1,1056.0246858330029
251,4,0,0,1,4,2.2657850830000825,-7.0,6,0.30000000000000004,color,orientation,size,0.3400000000000001,-2.5,804,male,1,1056.0246858330029
252,4,0,0,1,2,1.603553583001485,-34.0,2,0.38,color,orientation,size,0.3400000000000001,-2.5,804,male,1,1056.0246858330029
253,4,0,0,1,2,0.9331041669975093,-65.5,12,0.1,color,orientation,size,0.3400000000000001,-2.5,804,male,1,1056.0246858330029
254,4,6,6,1,8,2.8366797500020766,87.5,21,0.22000000000000003,color,orientation,size,0.3400000000000001,-2.5,804,male,1,1056.0246858330029
255,4,5,5,1,8,3.869589875001111,-25.0,23,0.42000000000000004,color,orientation,size,0.3400000000000001,-2.5,804,male,1,1056.0246858330029
256,4,0,0,1,2,1.0835367910003697,-61.0,8,0.14,color,orientation,size,0.3400000000000001,-2.5,804,male,1,1056.0246858330029
257,4,2,2,1,4,1.16682262500035,-34.0,13,0.30000000000000004,color,orientation,size,0.3400000000000001,-2.5,804,male,1,1056.0246858330029
258,4,0,0,1,2,1.137865041000623,-29.5,10,0.4600000000000001,color,orientation,size,0.3400000000000001,-2.5,804,male,1,1056.0246858330029
259,4,1,1,1,4,1.6338376669991703,6.5,3,0.4600000000000001,color,orientation,size,0.3400000000000001,-2.5,804,male,1,1056.0246858330029
260,4,1,1,1,2,1.2516154999975697,15.5,22,0.26,color,orientation,size,0.3400000000000001,-2.5,804,male,1,1056.0246858330029
261,4,1,1,1,2,0.8485837079970224,-74.5,21,0.1,color,orientation,size,0.3400000000000001,-2.5,804,male,1,1056.0246858330029
262,4,1,1,1,8,2.2795492080003896,-29.5,3,0.38,color,orientation,size,0.3400000000000001,-2.5,804,male,1,1056.0246858330029
263,4,1,1,1,2,1.2798917079999228,-88.0,21,0.42000000000000004,color,orientation,size,0.3400000000000001,-2.5,804,male,1,1056.0246858330029
264,4,1,1,1,2,1.0360050840026815,2.0,15,0.1,color,orientation,size,0.3400000000000001,-2.5,804,male,1,1056.0246858330029
265,4,5,5,1,8,8.529438458997902,-65.5,18,0.3400000000000001,color,orientation,size,0.3400000000000001,-2.5,804,male,1,1056.0246858330029
266,4,2,2,1,8,1.530150708000292,47.0,3,0.26,color,orientation,size,0.3400000000000001,-2.5,804,male,1,1056.0246858330029
267,4,0,0,1,2,1.1963766670014593,78.5,1,0.1,color,orientation,size,0.3400000000000001,-2.5,804,male,1,1056.0246858330029
268,4,3,3,1,4,2.1691923329999554,47.0,15,0.30000000000000004,color,orientation,size,0.3400000000000001,-2.5,804,male,1,1056.0246858330029
269,4,7,6,0,8,3.1725101670017466,74.0,24,0.30000000000000004,color,orientation,size,0.3400000000000001,-2.5,804,male,1,1056.0246858330029
270,4,0,0,1,4,2.3829039160009415,-16.0,7,0.26,color,orientation,size,0.3400000000000001,-2.5,804,male,1,1056.0246858330029
271,4,1,1,1,4,3.4799778339984186,6.5,6,0.4600000000000001,color,orientation,size,0.3400000000000001,-2.5,804,male,1,1056.0246858330029
272,4,3,3,1,8,2.196558958999958,51.5,9,0.42000000000000004,color,orientation,size,0.3400000000000001,-2.5,804,male,1,1056.0246858330029
273,4,1,1,1,2,1.3536015419995238,33.5,19,0.22000000000000003,color,orientation,size,0.3400000000000001,-2.5,804,male,1,1056.0246858330029
274,4,0,0,1,4,1.2882577499985928,-56.5,4,0.42000000000000004,color,orientation,size,0.3400000000000001,-2.5,804,male,1,1056.0246858330029
275,4,2,2,1,4,1.6903435419990274,-56.5,20,0.38,color,orientation,size,0.3400000000000001,-2.5,804,male,1,1056.0246858330029
276,4,5,5,1,8,2.250254209000559,-11.5,18,0.3400000000000001,color,orientation,size,0.3400000000000001,-2.5,804,male,1,1056.0246858330029
277,4,5,5,1,8,1.5867554169999494,-61.0,13,0.38,color,orientation,size,0.3400000000000001,-2.5,804,male,1,1056.0246858330029
278,4,1,1,1,4,1.5005131249999977,11.0,8,0.38,color,orientation,size,0.3400000000000001,-2.5,804,male,1,1056.0246858330029
279,4,1,1,1,2,1.0182472499982396,-52.0,13,0.14,color,orientation,size,0.3400000000000001,-2.5,804,male,1,1056.0246858330029
280,4,6,6,1,8,2.7888000829989323,47.0,24,0.18000000000000002,color,orientation,size,0.3400000000000001,-2.5,804,male,1,1056.0246858330029
281,4,3,3,1,4,1.855302792002476,87.5,17,0.26,color,orientation,size,0.3400000000000001,-2.5,804,male,1,1056.0246858330029
282,-9999.0,-9999.0,-9999.0,-9999.0,-9999.0,-9999.0,-9999.0,-9999.0,-9999.0,color,orientation,size,0.3400000000000001,-2.5,804,male,1,1056.0246858330029
283,-9999.0,-9999.0,-9999.0,-9999.0,-9999.0,-9999.0,-9999.0,-9999.0,-9999.0,color,orientation,size,0.3400000000000001,-2.5,804,male,1,1056.0246858330029
284,-9999.0,-9999.0,-9999.0,-9999.0,-9999.0,-9999.0,-9999.0,-9999.0,-9999.0,color,orientation,size,0.3400000000000001,-2.5,804,male,1,1056.0246858330029
285,-9999.0,-9999.0,-9999.0,-9999.0,-9999.0,-9999.0,-9999.0,-9999.0,-9999.0,color,orientation,size,0.3400000000000001,-2.5,804,male,1,1056.0246858330029
286,-9999.0,-9999.0,-9999.0,-9999.0,-9999.0,-9999.0,-9999.0,-9999.0,-9999.0,color,orientation,size,0.3400000000000001,-2.5,804,male,1,1056.0246858330029
287,-9999.0,-9999.0,-9999.0,-9999.0,-9999.0,-9999.0,-9999.0,-9999.0,-9999.0,color,orientation,size,0.3400000000000001,-2.5,804,male,1,1056.0246858330029
288,-9999.0,-9999.0,-9999.0,-9999.0,-9999.0,-9999.0,-9999.0,-9999.0,-9999.0,color,orientation,size,0.3400000000000001,-2.5,804,male,1,1056.0246858330029
289,-9999.0,-9999.0,-9999.0,-9999.0,-9999.0,-9999.0,-9999.0,-9999.0,-9999.0,color,orientation,size,0.3400000000000001,-2.5,804,male,1,1056.0246858330029
290,-9999.0,-9999.0,-9999.0,-9999.0,-9999.0,-9999.0,-9999.0,-9999.0,-9999.0,color,orientation,size,0.3400000000000001,-2.5,804,male,1,1056.0246858330029
291,-9999.0,-9999.0,-9999.0,-9999.0,-9999.0,-9999.0,-9999.0,-9999.0,-9999.0,color,orientation,size,0.3400000000000001,-2.5,804,male,1,1056.0246858330029
292,-9999.0,-9999.0,-9999.0,-9999.0,-9999.0,-9999.0,-9999.0,-9999.0,-9999.0,color,orientation,size,0.3400000000000001,-2.5,804,male,1,1056.0246858330029
293,-9999.0,-9999.0,-9999.0,-9999.0,-9999.0,-9999.0,-9999.0,-9999.0,-9999.0,color,orientation,size,0.3400000000000001,-2.5,804,male,1,1056.0246858330029
294,-9999.0,-9999.0,-9999.0,-9999.0,-9999.0,-9999.0,-9999.0,-9999.0,-9999.0,color,orientation,size,0.3400000000000001,-2.5,804,male,1,1056.0246858330029
295,-9999.0,-9999.0,-9999.0,-9999.0,-9999.0,-9999.0,-9999.0,-9999.0,-9999.0,color,orientation,size,0.3400000000000001,-2.5,804,male,1,1056.0246858330029
296,-9999.0,-9999.0,-9999.0,-9999.0,-9999.0,-9999.0,-9999.0,-9999.0,-9999.0,color,orientation,size,0.3400000000000001,-2.5,804,male,1,1056.0246858330029
297,-9999.0,-9999.0,-9999.0,-9999.0,-9999.0,-9999.0,-9999.0,-9999.0,-9999.0,color,orientation,size,0.3400000000000001,-2.5,804,male,1,1056.0246858330029
298,-9999.0,-9999.0,-9999.0,-9999.0,-9999.0,-9999.0,-9999.0,-9999.0,-9999.0,color,orientation,size,0.3400000000000001,-2.5,804,male,1,1056.0246858330029
299,-9999.0,-9999.0,-9999.0,-9999.0,-9999.0,-9999.0,-9999.0,-9999.0,-9999.0,color,orientation,size,0.3400000000000001,-2.5,804,male,1,1056.0246858330029
300,-9999.0,-9999.0,-9999.0,-9999.0,-9999.0,-9999.0,-9999.0,-9999.0,-9999.0,color,orientation,size,0.3400000000000001,-2.5,804,male,1,1056.0246858330029
301,-9999.0,-9999.0,-9999.0,-9999.0,-9999.0,-9999.0,-9999.0,-9999.0,-9999.0,color,orientation,size,0.3400000000000001,-2.5,804,male,1,1056.0246858330029
302,-9999.0,-9999.0,-9999.0,-9999.0,-9999.0,-9999.0,-9999.0,-9999.0,-9999.0,color,orientation,size,0.3400000000000001,-2.5,804,male,1,1056.0246858330029
303,-9999.0,-9999.0,-9999.0,-9999.0,-9999.0,-9999.0,-9999.0,-9999.0,-9999.0,color,orientation,size,0.3400000000000001,-2.5,804,male,1,1056.0246858330029
304,-9999.0,-9999.0,-9999.0,-9999.0,-9999.0,-9999.0,-9999.0,-9999.0,-9999.0,color,orientation,size,0.3400000000000001,-2.5,804,male,1,1056.0246858330029
305,-9999.0,-9999.0,-9999.0,-9999.0,-9999.0,-9999.0,-9999.0,-9999.0,-9999.0,color,orientation,size,0.3400000000000001,-2.5,804,male,1,1056.0246858330029
306,-9999.0,-9999.0,-9999.0,-9999.0,-9999.0,-9999.0,-9999.0,-9999.0,-9999.0,color,orientation,size,0.3400000000000001,-2.5,804,male,1,1056.0246858330029
307,-9999.0,-9999.0,-9999.0,-9999.0,-9999.0,-9999.0,-9999.0,-9999.0,-9999.0,color,orientation,size,0.3400000000000001,-2.5,804,male,1,1056.0246858330029
308,-9999.0,-9999.0,-9999.0,-9999.0,-9999.0,-9999.0,-9999.0,-9999.0,-9999.0,color,orientation,size,0.3400000000000001,-2.5,804,male,1,1056.0246858330029
309,-9999.0,-9999.0,-9999.0,-9999.0,-9999.0,-9999.0,-9999.0,-9999.0,-9999.0,color,orientation,size,0.3400000000000001,-2.5,804,male,1,1056.0246858330029
310,-9999.0,-9999.0,-9999.0,-9999.0,-9999.0,-9999.0,-9999.0,-9999.0,-9999.0,color,orientation,size,0.3400000000000001,-2.5,804,male,1,1056.0246858330029
311,-9999.0,-9999.0,-9999.0,-9999.0,-9999.0,-9999.0,-9999.0,-9999.0,-9999.0,color,orientation,size,0.3400000000000001,-2.5,804,male,1,1056.0246858330029
312,-9999.0,-9999.0,-9999.0,-9999.0,-9999.0,-9999.0,-9999.0,-9999.0,-9999.0,color,orientation,size,0.3400000000000001,-2.5,804,male,1,1056.0246858330029
313,-9999.0,-9999.0,-9999.0,-9999.0,-9999.0,-9999.0,-9999.0,-9999.0,-9999.0,color,orientation,size,0.3400000000000001,-2.5,804,male,1,1056.0246858330029
314,-9999.0,-9999.0,-9999.0,-9999.0,-9999.0,-9999.0,-9999.0,-9999.0,-9999.0,color,orientation,size,0.3400000000000001,-2.5,804,male,1,1056.0246858330029
315,-9999.0,-9999.0,-9999.0,-9999.0,-9999.0,-9999.0,-9999.0,-9999.0,-9999.0,color,orientation,size,0.3400000000000001,-2.5,804,male,1,1056.0246858330029
316,-9999.0,-9999.0,-9999.0,-9999.0,-9999.0,-9999.0,-9999.0,-9999.0,-9999.0,color,orientation,size,0.3400000000000001,-2.5,804,male,1,1056.0246858330029
317,-9999.0,-9999.0,-9999.0,-9999.0,-9999.0,-9999.0,-9999.0,-9999.0,-9999.0,color,orientation,size,0.3400000000000001,-2.5,804,male,1,1056.0246858330029
318,-9999.0,-9999.0,-9999.0,-9999.0,-9999.0,-9999.0,-9999.0,-9999.0,-9999.0,color,orientation,size,0.3400000000000001,-2.5,804,male,1,1056.0246858330029
319,-9999.0,-9999.0,-9999.0,-9999.0,-9999.0,-9999.0,-9999.0,-9999.0,-9999.0,color,orientation,size,0.3400000000000001,-2.5,804,male,1,1056.0246858330029
320,-9999.0,-9999.0,-9999.0,-9999.0,-9999.0,-9999.0,-9999.0,-9999.0,-9999.0,color,orientation,size,0.3400000000000001,-2.5,804,male,1,1056.0246858330029
321,-9999.0,-9999.0,-9999.0,-9999.0,-9999.0,-9999.0,-9999.0,-9999.0,-9999.0,color,orientation,size,0.3400000000000001,-2.5,804,male,1,1056.0246858330029
322,-9999.0,-9999.0,-9999.0,-9999.0,-9999.0,-9999.0,-9999.0,-9999.0,-9999.0,color,orientation,size,0.3400000000000001,-2.5,804,male,1,1056.0246858330029
323,-9999.0,-9999.0,-9999.0,-9999.0,-9999.0,-9999.0,-9999.0,-9999.0,-9999.0,color,orientation,size,0.3400000000000001,-2.5,804,male,1,1056.0246858330029
324,-9999.0,-9999.0,-9999.0,-9999.0,-9999.0,-9999.0,-9999.0,-9999.0,-9999.0,color,orientation,size,0.3400000000000001,-2.5,804,male,1,1056.0246858330029
325,-9999.0,-9999.0,-9999.0,-9999.0,-9999.0,-9999.0,-9999.0,-9999.0,-9999.0,color,orientation,size,0.3400000000000001,-2.5,804,male,1,1056.0246858330029
326,-9999.0,-9999.0,-9999.0,-9999.0,-9999.0,-9999.0,-9999.0,-9999.0,-9999.0,color,orientation,size,0.3400000000000001,-2.5,804,male,1,1056.0246858330029
327,-9999.0,-9999.0,-9999.0,-9999.0,-9999.0,-9999.0,-9999.0,-9999.0,-9999.0,color,orientation,size,0.3400000000000001,-2.5,804,male,1,1056.0246858330029
328,-9999.0,-9999.0,-9999.0,-9999.0,-9999.0,-9999.0,-9999.0,-9999.0,-9999.0,color,orientation,size,0.3400000000000001,-2.5,804,male,1,1056.0246858330029
329,-9999.0,-9999.0,-9999.0,-9999.0,-9999.0,-9999.0,-9999.0,-9999.0,-9999.0,color,orientation,size,0.3400000000000001,-2.5,804,male,1,1056.0246858330029
330,-9999.0,-9999.0,-9999.0,-9999.0,-9999.0,-9999.0,-9999.0,-9999.0,-9999.0,color,orientation,size,0.3400000000000001,-2.5,804,male,1,1056.0246858330029
331,-9999.0,-9999.0,-9999.0,-9999.0,-9999.0,-9999.0,-9999.0,-9999.0,-9999.0,color,orientation,size,0.3400000000000001,-2.5,804,male,1,1056.0246858330029
332,-9999.0,-9999.0,-9999.0,-9999.0,-9999.0,-9999.0,-9999.0,-9999.0,-9999.0,color,orientation,size,0.3400000000000001,-2.5,804,male,1,1056.0246858330029
333,-9999.0,-9999.0,-9999.0,-9999.0,-9999.0,-9999.0,-9999.0,-9999.0,-9999.0,color,orientation,size,0.3400000000000001,-2.5,804,male,1,1056.0246858330029
334,-9999.0,-9999.0,-9999.0,-9999.0,-9999.0,-9999.0,-9999.0,-9999.0,-9999.0,color,orientation,size,0.3400000000000001,-2.5,804,male,1,1056.0246858330029
335,-9999.0,-9999.0,-9999.0,-9999.0,-9999.0,-9999.0,-9999.0,-9999.0,-9999.0,color,orientation,size,0.3400000000000001,-2.5,804,male,1,1056.0246858330029
336,-9999.0,-9999.0,-9999.0,-9999.0,-9999.0,-9999.0,-9999.0,-9999.0,-9999.0,color,orientation,size,0.3400000000000001,-2.5,804,male,1,1056.0246858330029
337,-9999.0,-9999.0,-9999.0,-9999.0,-9999.0,-9999.0,-9999.0,-9999.0,-9999.0,color,orientation,size,0.3400000000000001,-2.5,804,male,1,1056.0246858330029
338,-9999.0,-9999.0,-9999.0,-9999.0,-9999.0,-9999.0,-9999.0,-9999.0,-9999.0,color,orientation,size,0.3400000000000001,-2.5,804,male,1,1056.0246858330029
339,-9999.0,-9999.0,-9999.0,-9999.0,-9999.0,-9999.0,-9999.0,-9999.0,-9999.0,color,orientation,size,0.3400000000000001,-2.5,804,male,1,1056.0246858330029
340,-9999.0,-9999.0,-9999.0,-9999.0,-9999.0,-9999.0,-9999.0,-9999.0,-9999.0,color,orientation,size,0.3400000000000001,-2.5,804,male,1,1056.0246858330029
341,-9999.0,-9999.0,-9999.0,-9999.0,-9999.0,-9999.0,-9999.0,-9999.0,-9999.0,color,orientation,size,0.3400000000000001,-2.5,804,male,1,1056.0246858330029
342,-9999.0,-9999.0,-9999.0,-9999.0,-9999.0,-9999.0,-9999.0,-9999.0,-9999.0,color,orientation,size,0.3400000000000001,-2.5,804,male,1,1056.0246858330029
343,-9999.0,-9999.0,-9999.0,-9999.0,-9999.0,-9999.0,-9999.0,-9999.0,-9999.0,color,orientation,size,0.3400000000000001,-2.5,804,male,1,1056.0246858330029
344,-9999.0,-9999.0,-9999.0,-9999.0,-9999.0,-9999.0,-9999.0,-9999.0,-9999.0,color,orientation,size,0.3400000000000001,-2.5,804,male,1,1056.0246858330029
345,-9999.0,-9999.0,-9999.0,-9999.0,-9999.0,-9999.0,-9999.0,-9999.0,-9999.0,color,orientation,size,0.3400000000000001,-2.5,804,male,1,1056.0246858330029
346,-9999.0,-9999.0,-9999.0,-9999.0,-9999.0,-9999.0,-9999.0,-9999.0,-9999.0,color,orientation,size,0.3400000000000001,-2.5,804,male,1,1056.0246858330029
347,-9999.0,-9999.0,-9999.0,-9999.0,-9999.0,-9999.0,-9999.0,-9999.0,-9999.0,color,orientation,size,0.3400000000000001,-2.5,804,male,1,1056.0246858330029
348,-9999.0,-9999.0,-9999.0,-9999.0,-9999.0,-9999.0,-9999.0,-9999.0,-9999.0,color,orientation,size,0.3400000000000001,-2.5,804,male,1,1056.0246858330029
349,-9999.0,-9999.0,-9999.0,-9999.0,-9999.0,-9999.0,-9999.0,-9999.0,-9999.0,color,orientation,size,0.3400000000000001,-2.5,804,male,1,1056.0246858330029
350,-9999.0,-9999.0,-9999.0,-9999.0,-9999.0,-9999.0,-9999.0,-9999.0,-9999.0,color,orientation,size,0.3400000000000001,-2.5,804,male,1,1056.0246858330029
351,-9999.0,-9999.0,-9999.0,-9999.0,-9999.0,-9999.0,-9999.0,-9999.0,-9999.0,color,orientation,size,0.3400000000000001,-2.5,804,male,1,1056.0246858330029
352,-9999.0,-9999.0,-9999.0,-9999.0,-9999.0,-9999.0,-9999.0,-9999.0,-9999.0,color,orientation,size,0.3400000000000001,-2.5,804,male,1,1056.0246858330029
353,-9999.0,-9999.0,-9999.0,-9999.0,-9999.0,-9999.0,-9999.0,-9999.0,-9999.0,color,orientation,size,0.3400000000000001,-2.5,804,male,1,1056.0246858330029
354,-9999.0,-9999.0,-9999.0,-9999.0,-9999.0,-9999.0,-9999.0,-9999.0,-9999.0,color,orientation,size,0.3400000000000001,-2.5,804,male,1,1056.0246858330029
355,-9999.0,-9999.0,-9999.0,-9999.0,-9999.0,-9999.0,-9999.0,-9999.0,-9999.0,color,orientation,size,0.3400000000000001,-2.5,804,male,1,1056.0246858330029
356,-9999.0,-9999.0,-9999.0,-9999.0,-9999.0,-9999.0,-9999.0,-9999.0,-9999.0,color,orientation,size,0.3400000000000001,-2.5,804,male,1,1056.0246858330029
357,-9999.0,-9999.0,-9999.0,-9999.0,-9999.0,-9999.0,-9999.0,-9999.0,-9999.0,color,orientation,size,0.3400000000000001,-2.5,804,male,1,1056.0246858330029
358,-9999.0,-9999.0,-9999.0,-9999.0,-9999.0,-9999.0,-9999.0,-9999.0,-9999.0,color,orientation,size,0.3400000000000001,-2.5,804,male,1,1056.0246858330029
359,-9999.0,-9999.0,-9999.0,-9999.0,-9999.0,-9999.0,-9999.0,-9999.0,-9999.0,color,orientation,size,0.3400000000000001,-2.5,804,male,1,1056.0246858330029
360,-9999.0,-9999.0,-9999.0,-9999.0,-9999.0,-9999.0,-9999.0,-9999.0,-9999.0,color,orientation,size,0.3400000000000001,-2.5,804,male,1,1056.0246858330029
361,-9999.0,-9999.0,-9999.0,-9999.0,-9999.0,-9999.0,-9999.0,-9999.0,-9999.0,color,orientation,size,0.3400000000000001,-2.5,804,male,1,1056.0246858330029
362,-9999.0,-9999.0,-9999.0,-9999.0,-9999.0,-9999.0,-9999.0,-9999.0,-9999.0,color,orientation,size,0.3400000000000001,-2.5,804,male,1,1056.0246858330029
363,-9999.0,-9999.0,-9999.0,-9999.0,-9999.0,-9999.0,-9999.0,-9999.0,-9999.0,color,orientation,size,0.3400000000000001,-2.5,804,male,1,1056.0246858330029
364,-9999.0,-9999.0,-9999.0,-9999.0,-9999.0,-9999.0,-9999.0,-9999.0,-9999.0,color,orientation,size,0.3400000000000001,-2.5,804,male,1,1056.0246858330029
365,-9999.0,-9999.0,-9999.0,-9999.0,-9999.0,-9999.0,-9999.0,-9999.0,-9999.0,color,orientation,size,0.3400000000000001,-2.5,804,male,1,1056.0246858330029
366,-9999.0,-9999.0,-9999.0,-9999.0,-9999.0,-9999.0,-9999.0,-9999.0,-9999.0,color,orientation,size,0.3400000000000001,-2.5,804,male,1,1056.0246858330029
367,-9999.0,-9999.0,-9999.0,-9999.0,-9999.0,-9999.0,-9999.0,-9999.0,-9999.0,color,orientation,size,0.3400000000000001,-2.5,804,male,1,1056.0246858330029
368,-9999.0,-9999.0,-9999.0,-9999.0,-9999.0,-9999.0,-9999.0,-9999.0,-9999.0,color,orientation,size,0.3400000000000001,-2.5,804,male,1,1056.0246858330029
369,-9999.0,-9999.0,-9999.0,-9999.0,-9999.0,-9999.0,-9999.0,-9999.0,-9999.0,color,orientation,size,0.3400000000000001,-2.5,804,male,1,1056.0246858330029
370,-9999.0,-9999.0,-9999.0,-9999.0,-9999.0,-9999.0,-9999.0,-9999.0,-9999.0,color,orientation,size,0.3400000000000001,-2.5,804,male,1,1056.0246858330029
371,-9999.0,-9999.0,-9999.0,-9999.0,-9999.0,-9999.0,-9999.0,-9999.0,-9999.0,color,orientation,size,0.3400000000000001,-2.5,804,male,1,1056.0246858330029
372,-9999.0,-9999.0,-9999.0,-9999.0,-9999.0,-9999.0,-9999.0,-9999.0,-9999.0,color,orientation,size,0.3400000000000001,-2.5,804,male,1,1056.0246858330029
373,-9999.0,-9999.0,-9999.0,-9999.0,-9999.0,-9999.0,-9999.0,-9999.0,-9999.0,color,orientation,size,0.3400000000000001,-2.5,804,male,1,1056.0246858330029
374,-9999.0,-9999.0,-9999.0,-9999.0,-9999.0,-9999.0,-9999.0,-9999.0,-9999.0,color,orientation,size,0.3400000000000001,-2.5,804,male,1,1056.0246858330029
375,-9999.0,-9999.0,-9999.0,-9999.0,-9999.0,-9999.0,-9999.0,-9999.0,-9999.0,color,orientation,size,0.3400000000000001,-2.5,804,male,1,1056.0246858330029
376,-9999.0,-9999.0,-9999.0,-9999.0,-9999.0,-9999.0,-9999.0,-9999.0,-9999.0,color,orientation,size,0.3400000000000001,-2.5,804,male,1,1056.0246858330029
377,-9999.0,-9999.0,-9999.0,-9999.0,-9999.0,-9999.0,-9999.0,-9999.0,-9999.0,color,orientation,size,0.3400000000000001,-2.5,804,male,1,1056.0246858330029
378,-9999.0,-9999.0,-9999.0,-9999.0,-9999.0,-9999.0,-9999.0,-9999.0,-9999.0,color,orientation,size,0.3400000000000001,-2.5,804,male,1,1056.0246858330029
379,-9999.0,-9999.0,-9999.0,-9999.0,-9999.0,-9999.0,-9999.0,-9999.0,-9999.0,color,orientation,size,0.3400000000000001,-2.5,804,male,1,1056.0246858330029
380,-9999.0,-9999.0,-9999.0,-9999.0,-9999.0,-9999.0,-9999.0,-9999.0,-9999.0,color,orientation,size,0.3400000000000001,-2.5,804,male,1,1056.0246858330029
381,-9999.0,-9999.0,-9999.0,-9999.0,-9999.0,-9999.0,-9999.0,-9999.0,-9999.0,color,orientation,size,0.3400000000000001,-2.5,804,male,1,1056.0246858330029
382,-9999.0,-9999.0,-9999.0,-9999.0,-9999.0,-9999.0,-9999.0,-9999.0,-9999.0,color,orientation,size,0.3400000000000001,-2.5,804,male,1,1056.0246858330029
383,-9999.0,-9999.0,-9999.0,-9999.0,-9999.0,-9999.0,-9999.0,-9999.0,-9999.0,color,orientation,size,0.3400000000000001,-2.5,804,male,1,1056.0246858330029
384,-9999.0,-9999.0,-9999.0,-9999.0,-9999.0,-9999.0,-9999.0,-9999.0,-9999.0,color,orientation,size,0.3400000000000001,-2.5,804,male,1,1056.0246858330029
385,-9999.0,-9999.0,-9999.0,-9999.0,-9999.0,-9999.0,-9999.0,-9999.0,-9999.0,color,orientation,size,0.3400000000000001,-2.5,804,male,1,1056.0246858330029
386,-9999.0,-9999.0,-9999.0,-9999.0,-9999.0,-9999.0,-9999.0,-9999.0,-9999.0,color,orientation,size,0.3400000000000001,-2.5,804,male,1,1056.0246858330029
387,-9999.0,-9999.0,-9999.0,-9999.0,-9999.0,-9999.0,-9999.0,-9999.0,-9999.0,color,orientation,size,0.3400000000000001,-2.5,804,male,1,1056.0246858330029
388,-9999.0,-9999.0,-9999.0,-9999.0,-9999.0,-9999.0,-9999.0,-9999.0,-9999.0,color,orientation,size,0.3400000000000001,-2.5,804,male,1,1056.0246858330029
389,-9999.0,-9999.0,-9999.0,-9999.0,-9999.0,-9999.0,-9999.0,-9999.0,-9999.0,color,orientation,size,0.3400000000000001,-2.5,804,male,1,1056.0246858330029
390,-9999.0,-9999.0,-9999.0,-9999.0,-9999.0,-9999.0,-9999.0,-9999.0,-9999.0,color,orientation,size,0.3400000000000001,-2.5,804,male,1,1056.0246858330029
391,-9999.0,-9999.0,-9999.0,-9999.0,-9999.0,-9999.0,-9999.0,-9999.0,-9999.0,color,orientation,size,0.3400000000000001,-2.5,804,male,1,1056.0246858330029
392,-9999.0,-9999.0,-9999.0,-9999.0,-9999.0,-9999.0,-9999.0,-9999.0,-9999.0,color,orientation,size,0.3400000000000001,-2.5,804,male,1,1056.0246858330029
393,-9999.0,-9999.0,-9999.0,-9999.0,-9999.0,-9999.0,-9999.0,-9999.0,-9999.0,color,orientation,size,0.3400000000000001,-2.5,804,male,1,1056.0246858330029
394,-9999.0,-9999.0,-9999.0,-9999.0,-9999.0,-9999.0,-9999.0,-9999.0,-9999.0,color,orientation,size,0.3400000000000001,-2.5,804,male,1,1056.0246858330029
395,-9999.0,-9999.0,-9999.0,-9999.0,-9999.0,-9999.0,-9999.0,-9999.0,-9999.0,color,orientation,size,0.3400000000000001,-2.5,804,male,1,1056.0246858330029
396,-9999.0,-9999.0,-9999.0,-9999.0,-9999.0,-9999.0,-9999.0,-9999.0,-9999.0,color,orientation,size,0.3400000000000001,-2.5,804,male,1,1056.0246858330029
397,-9999.0,-9999.0,-9999.0,-9999.0,-9999.0,-9999.0,-9999.0,-9999.0,-9999.0,color,orientation,size,0.3400000000000001,-2.5,804,male,1,1056.0246858330029
398,-9999.0,-9999.0,-9999.0,-9999.0,-9999.0,-9999.0,-9999.0,-9999.0,-9999.0,color,orientation,size,0.3400000000000001,-2.5,804,male,1,1056.0246858330029
399,-9999.0,-9999.0,-9999.0,-9999.0,-9999.0,-9999.0,-9999.0,-9999.0,-9999.0,color,orientation,size,0.3400000000000001,-2.5,804,male,1,1056.0246858330029
400,-9999.0,-9999.0,-9999.0,-9999.0,-9999.0,-9999.0,-9999.0,-9999.0,-9999.0,color,orientation,size,0.3400000000000001,-2.5,804,male,1,1056.0246858330029
401,-9999.0,-9999.0,-9999.0,-9999.0,-9999.0,-9999.0,-9999.0,-9999.0,-9999.0,color,orientation,size,0.3400000000000001,-2.5,804,male,1,1056.0246858330029
402,-9999.0,-9999.0,-9999.0,-9999.0,-9999.0,-9999.0,-9999.0,-9999.0,-9999.0,color,orientation,size,0.3400000000000001,-2.5,804,male,1,1056.0246858330029
403,-9999.0,-9999.0,-9999.0,-9999.0,-9999.0,-9999.0,-9999.0,-9999.0,-9999.0,color,orientation,size,0.3400000000000001,-2.5,804,male,1,1056.0246858330029
404,-9999.0,-9999.0,-9999.0,-9999.0,-9999.0,-9999.0,-9999.0,-9999.0,-9999.0,color,orientation,size,0.3400000000000001,-2.5,804,male,1,1056.0246858330029
405,-9999.0,-9999.0,-9999.0,-9999.0,-9999.0,-9999.0,-9999.0,-9999.0,-9999.0,color,orientation,size,0.3400000000000001,-2.5,804,male,1,1056.0246858330029
406,-9999.0,-9999.0,-9999.0,-9999.0,-9999.0,-9999.0,-9999.0,-9999.0,-9999.0,color,orientation,size,0.3400000000000001,-2.5,804,male,1,1056.0246858330029
407,-9999.0,-9999.0,-9999.0,-9999.0,-9999.0,-9999.0,-9999.0,-9999.0,-9999.0,color,orientation,size,0.3400000000000001,-2.5,804,male,1,1056.0246858330029
408,-9999.0,-9999.0,-9999.0,-9999.0,-9999.0,-9999.0,-9999.0,-9999.0,-9999.0,color,orientation,size,0.3400000000000001,-2.5,804,male,1,1056.0246858330029
409,-9999.0,-9999.0,-9999.0,-9999.0,-9999.0,-9999.0,-9999.0,-9999.0,-9999.0,color,orientation,size,0.3400000000000001,-2.5,804,male,1,1056.0246858330029
410,-9999.0,-9999.0,-9999.0,-9999.0,-9999.0,-9999.0,-9999.0,-9999.0,-9999.0,color,orientation,size,0.3400000000000001,-2.5,804,male,1,1056.0246858330029
411,-9999.0,-9999.0,-9999.0,-9999.0,-9999.0,-9999.0,-9999.0,-9999.0,-9999.0,color,orientation,size,0.3400000000000001,-2.5,804,male,1,1056.0246858330029
412,-9999.0,-9999.0,-9999.0,-9999.0,-9999.0,-9999.0,-9999.0,-9999.0,-9999.0,color,orientation,size,0.3400000000000001,-2.5,804,male,1,1056.0246858330029
413,-9999.0,-9999.0,-9999.0,-9999.0,-9999.0,-9999.0,-9999.0,-9999.0,-9999.0,color,orientation,size,0.3400000000000001,-2.5,804,male,1,1056.0246858330029
414,-9999.0,-9999.0,-9999.0,-9999.0,-9999.0,-9999.0,-9999.0,-9999.0,-9999.0,color,orientation,size,0.3400000000000001,-2.5,804,male,1,1056.0246858330029
415,-9999.0,-9999.0,-9999.0,-9999.0,-9999.0,-9999.0,-9999.0,-9999.0,-9999.0,color,orientation,size,0.3400000000000001,-2.5,804,male,1,1056.0246858330029
416,-9999.0,-9999.0,-9999.0,-9999.0,-9999.0,-9999.0,-9999.0,-9999.0,-9999.0,color,orientation,size,0.3400000000000001,-2.5,804,male,1,1056.0246858330029
417,-9999.0,-9999.0,-9999.0,-9999.0,-9999.0,-9999.0,-9999.0,-9999.0,-9999.0,color,orientation,size,0.3400000000000001,-2.5,804,male,1,1056.0246858330029
418,-9999.0,-9999.0,-9999.0,-9999.0,-9999.0,-9999.0,-9999.0,-9999.0,-9999.0,color,orientation,size,0.3400000000000001,-2.5,804,male,1,1056.0246858330029
419,-9999.0,-9999.0,-9999.0,-9999.0,-9999.0,-9999.0,-9999.0,-9999.0,-9999.0,color,orientation,size,0.3400000000000001,-2.5,804,male,1,1056.0246858330029
420,-9999.0,-9999.0,-9999.0,-9999.0,-9999.0,-9999.0,-9999.0,-9999.0,-9999.0,color,orientation,size,0.3400000000000001,-2.5,804,male,1,1056.0246858330029
421,-9999.0,-9999.0,-9999.0,-9999.0,-9999.0,-9999.0,-9999.0,-9999.0,-9999.0,color,orientation,size,0.3400000000000001,-2.5,804,male,1,1056.0246858330029
422,-9999.0,-9999.0,-9999.0,-9999.0,-9999.0,-9999.0,-9999.0,-9999.0,-9999.0,color,orientation,size,0.3400000000000001,-2.5,804,male,1,1056.0246858330029
423,-9999.0,-9999.0,-9999.0,-9999.0,-9999.0,-9999.0,-9999.0,-9999.0,-9999.0,color,orientation,size,0.3400000000000001,-2.5,804,male,1,1056.0246858330029
424,-9999.0,-9999.0,-9999.0,-9999.0,-9999.0,-9999.0,-9999.0,-9999.0,-9999.0,color,orientation,size,0.3400000000000001,-2.5,804,male,1,1056.0246858330029
425,-9999.0,-9999.0,-9999.0,-9999.0,-9999.0,-9999.0,-9999.0,-9999.0,-9999.0,color,orientation,size,0.3400000000000001,-2.5,804,male,1,1056.0246858330029
426,-9999.0,-9999.0,-9999.0,-9999.0,-9999.0,-9999.0,-9999.0,-9999.0,-9999.0,color,orientation,size,0.3400000000000001,-2.5,804,male,1,1056.0246858330029
427,-9999.0,-9999.0,-9999.0,-9999.0,-9999.0,-9999.0,-9999.0,-9999.0,-9999.0,color,orientation,size,0.3400000000000001,-2.5,804,male,1,1056.0246858330029
428,-9999.0,-9999.0,-9999.0,-9999.0,-9999.0,-9999.0,-9999.0,-9999.0,-9999.0,color,orientation,size,0.3400000000000001,-2.5,804,male,1,1056.0246858330029
429,-9999.0,-9999.0,-9999.0,-9999.0,-9999.0,-9999.0,-9999.0,-9999.0,-9999.0,color,orientation,size,0.3400000000000001,-2.5,804,male,1,1056.0246858330029
430,-9999.0,-9999.0,-9999.0,-9999.0,-9999.0,-9999.0,-9999.0,-9999.0,-9999.0,color,orientation,size,0.3400000000000001,-2.5,804,male,1,1056.0246858330029
431,-9999.0,-9999.0,-9999.0,-9999.0,-9999.0,-9999.0,-9999.0,-9999.0,-9999.0,color,orientation,size,0.3400000000000001,-2.5,804,male,1,1056.0246858330029
432,-9999.0,-9999.0,-9999.0,-9999.0,-9999.0,-9999.0,-9999.0,-9999.0,-9999.0,color,orientation,size,0.3400000000000001,-2.5,804,male,1,1056.0246858330029
433,-9999.0,-9999.0,-9999.0,-9999.0,-9999.0,-9999.0,-9999.0,-9999.0,-9999.0,color,orientation,size,0.3400000000000001,-2.5,804,male,1,1056.0246858330029
434,-9999.0,-9999.0,-9999.0,-9999.0,-9999.0,-9999.0,-9999.0,-9999.0,-9999.0,color,orientation,size,0.3400000000000001,-2.5,804,male,1,1056.0246858330029
435,-9999.0,-9999.0,-9999.0,-9999.0,-9999.0,-9999.0,-9999.0,-9999.0,-9999.0,color,orientation,size,0.3400000000000001,-2.5,804,male,1,1056.0246858330029
436,-9999.0,-9999.0,-9999.0,-9999.0,-9999.0,-9999.0,-9999.0,-9999.0,-9999.0,color,orientation,size,0.3400000000000001,-2.5,804,male,1,1056.0246858330029
437,-9999.0,-9999.0,-9999.0,-9999.0,-9999.0,-9999.0,-9999.0,-9999.0,-9999.0,color,orientation,size,0.3400000000000001,-2.5,804,male,1,1056.0246858330029
438,-9999.0,-9999.0,-9999.0,-9999.0,-9999.0,-9999.0,-9999.0,-9999.0,-9999.0,color,orientation,size,0.3400000000000001,-2.5,804,male,1,1056.0246858330029
439,-9999.0,-9999.0,-9999.0,-9999.0,-9999.0,-9999.0,-9999.0,-9999.0,-9999.0,color,orientation,size,0.3400000000000001,-2.5,804,male,1,1056.0246858330029
440,-9999.0,-9999.0,-9999.0,-9999.0,-9999.0,-9999.0,-9999.0,-9999.0,-9999.0,color,orientation,size,0.3400000000000001,-2.5,804,male,1,1056.0246858330029
441,-9999.0,-9999.0,-9999.0,-9999.0,-9999.0,-9999.0,-9999.0,-9999.0,-9999.0,color,orientation,size,0.3400000000000001,-2.5,804,male,1,1056.0246858330029
442,-9999.0,-9999.0,-9999.0,-9999.0,-9999.0,-9999.0,-9999.0,-9999.0,-9999.0,color,orientation,size,0.3400000000000001,-2.5,804,male,1,1056.0246858330029
443,-9999.0,-9999.0,-9999.0,-9999.0,-9999.0,-9999.0,-9999.0,-9999.0,-9999.0,color,orientation,size,0.3400000000000001,-2.5,804,male,1,1056.0246858330029
444,-9999.0,-9999.0,-9999.0,-9999.0,-9999.0,-9999.0,-9999.0,-9999.0,-9999.0,color,orientation,size,0.3400000000000001,-2.5,804,male,1,1056.0246858330029
445,-9999.0,-9999.0,-9999.0,-9999.0,-9999.0,-9999.0,-9999.0,-9999.0,-9999.0,color,orientation,size,0.3400000000000001,-2.5,804,male,1,1056.0246858330029
446,-9999.0,-9999.0,-9999.0,-9999.0,-9999.0,-9999.0,-9999.0,-9999.0,-9999.0,color,orientation,size,0.3400000000000001,-2.5,804,male,1,1056.0246858330029
447,-9999.0,-9999.0,-9999.0,-9999.0,-9999.0,-9999.0,-9999.0,-9999.0,-9999.0,color,orientation,size,0.3400000000000001,-2.5,804,male,1,1056.0246858330029
448,-9999.0,-9999.0,-9999.0,-9999.0,-9999.0,-9999.0,-9999.0,-9999.0,-9999.0,color,orientation,size,0.3400000000000001,-2.5,804,male,1,1056.0246858330029
449,-9999.0,-9999.0,-9999.0,-9999.0,-9999.0,-9999.0,-9999.0,-9999.0,-9999.0,color,orientation,size,0.3400000000000001,-2.5,804,male,1,1056.0246858330029
450,-9999.0,-9999.0,-9999.0,-9999.0,-9999.0,-9999.0,-9999.0,-9999.0,-9999.0,color,orientation,size,0.3400000000000001,-2.5,804,male,1,1056.0246858330029
451,-9999.0,-9999.0,-9999.0,-9999.0,-9999.0,-9999.0,-9999.0,-9999.0,-9999.0,color,orientation,size,0.3400000000000001,-2.5,804,male,1,1056.0246858330029
452,-9999.0,-9999.0,-9999.0,-9999.0,-9999.0,-9999.0,-9999.0,-9999.0,-9999.0,color,orientation,size,0.3400000000000001,-2.5,804,male,1,1056.0246858330029
453,-9999.0,-9999.0,-9999.0,-9999.0,-9999.0,-9999.0,-9999.0,-9999.0,-9999.0,color,orientation,size,0.3400000000000001,-2.5,804,male,1,1056.0246858330029
454,-9999.0,-9999.0,-9999.0,-9999.0,-9999.0,-9999.0,-9999.0,-9999.0,-9999.0,color,orientation,size,0.3400000000000001,-2.5,804,male,1,1056.0246858330029
455,-9999.0,-9999.0,-9999.0,-9999.0,-9999.0,-9999.0,-9999.0,-9999.0,-9999.0,color,orientation,size,0.3400000000000001,-2.5,804,male,1,1056.0246858330029
456,-9999.0,-9999.0,-9999.0,-9999.0,-9999.0,-9999.0,-9999.0,-9999.0,-9999.0,color,orientation,size,0.3400000000000001,-2.5,804,male,1,1056.0246858330029
457,-9999.0,-9999.0,-9999.0,-9999.0,-9999.0,-9999.0,-9999.0,-9999.0,-9999.0,color,orientation,size,0.3400000000000001,-2.5,804,male,1,1056.0246858330029
458,-9999.0,-9999.0,-9999.0,-9999.0,-9999.0,-9999.0,-9999.0,-9999.0,-9999.0,color,orientation,size,0.3400000000000001,-2.5,804,male,1,1056.0246858330029
459,-9999.0,-9999.0,-9999.0,-9999.0,-9999.0,-9999.0,-9999.0,-9999.0,-9999.0,color,orientation,size,0.3400000000000001,-2.5,804,male,1,1056.0246858330029
460,-9999.0,-9999.0,-9999.0,-9999.0,-9999.0,-9999.0,-9999.0,-9999.0,-9999.0,color,orientation,size,0.3400000000000001,-2.5,804,male,1,1056.0246858330029
461,-9999.0,-9999.0,-9999.0,-9999.0,-9999.0,-9999.0,-9999.0,-9999.0,-9999.0,color,orientation,size,0.3400000000000001,-2.5,804,male,1,1056.0246858330029
462,-9999.0,-9999.0,-9999.0,-9999.0,-9999.0,-9999.0,-9999.0,-9999.0,-9999.0,color,orientation,size,0.3400000000000001,-2.5,804,male,1,1056.0246858330029
463,-9999.0,-9999.0,-9999.0,-9999.0,-9999.0,-9999.0,-9999.0,-9999.0,-9999.0,color,orientation,size,0.3400000000000001,-2.5,804,male,1,1056.0246858330029
464,-9999.0,-9999.0,-9999.0,-9999.0,-9999.0,-9999.0,-9999.0,-9999.0,-9999.0,color,orientation,size,0.3400000000000001,-2.5,804,male,1,1056.0246858330029
465,-9999.0,-9999.0,-9999.0,-9999.0,-9999.0,-9999.0,-9999.0,-9999.0,-9999.0,color,orientation,size,0.3400000000000001,-2.5,804,male,1,1056.0246858330029
466,-9999.0,-9999.0,-9999.0,-9999.0,-9999.0,-9999.0,-9999.0,-9999.0,-9999.0,color,orientation,size,0.3400000000000001,-2.5,804,male,1,1056.0246858330029
467,-9999.0,-9999.0,-9999.0,-9999.0,-9999.0,-9999.0,-9999.0,-9999.0,-9999.0,color,orientation,size,0.3400000000000001,-2.5,804,male,1,1056.0246858330029
468,-9999.0,-9999.0,-9999.0,-9999.0,-9999.0,-9999.0,-9999.0,-9999.0,-9999.0,color,orientation,size,0.3400000000000001,-2.5,804,male,1,1056.0246858330029
469,-9999.0,-9999.0,-9999.0,-9999.0,-9999.0,-9999.0,-9999.0,-9999.0,-9999.0,color,orientation,size,0.3400000000000001,-2.5,804,male,1,1056.0246858330029
470,-9999.0,-9999.0,-9999.0,-9999.0,-9999.0,-9999.0,-9999.0,-9999.0,-9999.0,color,orientation,size,0.3400000000000001,-2.5,804,male,1,1056.0246858330029
471,-9999.0,-9999.0,-9999.0,-9999.0,-9999.0,-9999.0,-9999.0,-9999.0,-9999.0,color,orientation,size,0.3400000000000001,-2.5,804,male,1,1056.0246858330029
472,-9999.0,-9999.0,-9999.0,-9999.0,-9999.0,-9999.0,-9999.0,-9999.0,-9999.0,color,orientation,size,0.3400000000000001,-2.5,804,male,1,1056.0246858330029
473,-9999.0,-9999.0,-9999.0,-9999.0,-9999.0,-9999.0,-9999.0,-9999.0,-9999.0,color,orientation,size,0.3400000000000001,-2.5,804,male,1,1056.0246858330029
474,-9999.0,-9999.0,-9999.0,-9999.0,-9999.0,-9999.0,-9999.0,-9999.0,-9999.0,color,orientation,size,0.3400000000000001,-2.5,804,male,1,1056.0246858330029
475,-9999.0,-9999.0,-9999.0,-9999.0,-9999.0,-9999.0,-9999.0,-9999.0,-9999.0,color,orientation,size,0.3400000000000001,-2.5,804,male,1,1056.0246858330029
476,-9999.0,-9999.0,-9999.0,-9999.0,-9999.0,-9999.0,-9999.0,-9999.0,-9999.0,color,orientation,size,0.3400000000000001,-2.5,804,male,1,1056.0246858330029
477,-9999.0,-9999.0,-9999.0,-9999.0,-9999.0,-9999.0,-9999.0,-9999.0,-9999.0,color,orientation,size,0.3400000000000001,-2.5,804,male,1,1056.0246858330029
478,-9999.0,-9999.0,-9999.0,-9999.0,-9999.0,-9999.0,-9999.0,-9999.0,-9999.0,color,orientation,size,0.3400000000000001,-2.5,804,male,1,1056.0246858330029
479,-9999.0,-9999.0,-9999.0,-9999.0,-9999.0,-9999.0,-9999.0,-9999.0,-9999.0,color,orientation,size,0.3400000000000001,-2.5,804,male,1,1056.0246858330029
480,-9999.0,-9999.0,-9999.0,-9999.0,-9999.0,-9999.0,-9999.0,-9999.0,-9999.0,color,orientation,size,0.3400000000000001,-2.5,804,male,1,1056.0246858330029
481,-9999.0,-9999.0,-9999.0,-9999.0,-9999.0,-9999.0,-9999.0,-9999.0,-9999.0,color,orientation,size,0.3400000000000001,-2.5,804,male,1,1056.0246858330029
482,-9999.0,-9999.0,-9999.0,-9999.0,-9999.0,-9999.0,-9999.0,-9999.0,-9999.0,color,orientation,size,0.3400000000000001,-2.5,804,male,1,1056.0246858330029
483,-9999.0,-9999.0,-9999.0,-9999.0,-9999.0,-9999.0,-9999.0,-9999.0,-9999.0,color,orientation,size,0.3400000000000001,-2.5,804,male,1,1056.0246858330029
484,-9999.0,-9999.0,-9999.0,-9999.0,-9999.0,-9999.0,-9999.0,-9999.0,-9999.0,color,orientation,size,0.3400000000000001,-2.5,804,male,1,1056.0246858330029
485,-9999.0,-9999.0,-9999.0,-9999.0,-9999.0,-9999.0,-9999.0,-9999.0,-9999.0,color,orientation,size,0.3400000000000001,-2.5,804,male,1,1056.0246858330029
486,-9999.0,-9999.0,-9999.0,-9999.0,-9999.0,-9999.0,-9999.0,-9999.0,-9999.0,color,orientation,size,0.3400000000000001,-2.5,804,male,1,1056.0246858330029
487,-9999.0,-9999.0,-9999.0,-9999.0,-9999.0,-9999.0,-9999.0,-9999.0,-9999.0,color,orientation,size,0.3400000000000001,-2.5,804,male,1,1056.0246858330029
488,-9999.0,-9999.0,-9999.0,-9999.0,-9999.0,-9999.0,-9999.0,-9999.0,-9999.0,color,orientation,size,0.3400000000000001,-2.5,804,male,1,1056.0246858330029
489,-9999.0,-9999.0,-9999.0,-9999.0,-9999.0,-9999.0,-9999.0,-9999.0,-9999.0,color,orientation,size,0.3400000000000001,-2.5,804,male,1,1056.0246858330029
490,-9999.0,-9999.0,-9999.0,-9999.0,-9999.0,-9999.0,-9999.0,-9999.0,-9999.0,color,orientation,size,0.3400000000000001,-2.5,804,male,1,1056.0246858330029
491,-9999.0,-9999.0,-9999.0,-9999.0,-9999.0,-9999.0,-9999.0,-9999.0,-9999.0,color,orientation,size,0.3400000000000001,-2.5,804,male,1,1056.0246858330029
492,-9999.0,-9999.0,-9999.0,-9999.0,-9999.0,-9999.0,-9999.0,-9999.0,-9999.0,color,orientation,size,0.3400000000000001,-2.5,804,male,1,1056.0246858330029
493,-9999.0,-9999.0,-9999.0,-9999.0,-9999.0,-9999.0,-9999.0,-9999.0,-9999.0,color,orientation,size,0.3400000000000001,-2.5,804,male,1,1056.0246858330029
494,-9999.0,-9999.0,-9999.0,-9999.0,-9999.0,-9999.0,-9999.0,-9999.0,-9999.0,color,orientation,size,0.3400000000000001,-2.5,804,male,1,1056.0246858330029
495,-9999.0,-9999.0,-9999.0,-9999.0,-9999.0,-9999.0,-9999.0,-9999.0,-9999.0,color,orientation,size,0.3400000000000001,-2.5,804,male,1,1056.0246858330029
496,-9999.0,-9999.0,-9999.0,-9999.0,-9999.0,-9999.0,-9999.0,-9999.0,-9999.0,color,orientation,size,0.3400000000000001,-2.5,804,male,1,1056.0246858330029
497,-9999.0,-9999.0,-9999.0,-9999.0,-9999.0,-9999.0,-9999.0,-9999.0,-9999.0,color,orientation,size,0.3400000000000001,-2.5,804,male,1,1056.0246858330029
498,-9999.0,-9999.0,-9999.0,-9999.0,-9999.0,-9999.0,-9999.0,-9999.0,-9999.0,color,orientation,size,0.3400000000000001,-2.5,804,male,1,1056.0246858330029
499,-9999.0,-9999.0,-9999.0,-9999.0,-9999.0,-9999.0,-9999.0,-9999.0,-9999.0,color,orientation,size,0.3400000000000001,-2.5,804,male,1,1056.0246858330029
500,-9999.0,-9999.0,-9999.0,-9999.0,-9999.0,-9999.0,-9999.0,-9999.0,-9999.0,color,orientation,size,0.3400000000000001,-2.5,804,male,1,1056.0246858330029
501,-9999.0,-9999.0,-9999.0,-9999.0,-9999.0,-9999.0,-9999.0,-9999.0,-9999.0,color,orientation,size,0.3400000000000001,-2.5,804,male,1,1056.0246858330029
502,-9999.0,-9999.0,-9999.0,-9999.0,-9999.0,-9999.0,-9999.0,-9999.0,-9999.0,color,orientation,size,0.3400000000000001,-2.5,804,male,1,1056.0246858330029
503,-9999.0,-9999.0,-9999.0,-9999.0,-9999.0,-9999.0,-9999.0,-9999.0,-9999.0,color,orientation,size,0.3400000000000001,-2.5,804,male,1,1056.0246858330029
504,-9999.0,-9999.0,-9999.0,-9999.0,-9999.0,-9999.0,-9999.0,-9999.0,-9999.0,color,orientation,size,0.3400000000000001,-2.5,804,male,1,1056.0246858330029
505,-9999.0,-9999.0,-9999.0,-9999.0,-9999.0,-9999.0,-9999.0,-9999.0,-9999.0,color,orientation,size,0.3400000000000001,-2.5,804,male,1,1056.0246858330029
506,-9999.0,-9999.0,-9999.0,-9999.0,-9999.0,-9999.0,-9999.0,-9999.0,-9999.0,color,orientation,size,0.3400000000000001,-2.5,804,male,1,1056.0246858330029
507,-9999.0,-9999.0,-9999.0,-9999.0,-9999.0,-9999.0,-9999.0,-9999.0,-9999.0,color,orientation,size,0.3400000000000001,-2.5,804,male,1,1056.0246858330029
508,-9999.0,-9999.0,-9999.0,-9999.0,-9999.0,-9999.0,-9999.0,-9999.0,-9999.0,color,orientation,size,0.3400000000000001,-2.5,804,male,1,1056.0246858330029
509,-9999.0,-9999.0,-9999.0,-9999.0,-9999.0,-9999.0,-9999.0,-9999.0,-9999.0,color,orientation,size,0.3400000000000001,-2.5,804,male,1,1056.0246858330029
510,-9999.0,-9999.0,-9999.0,-9999.0,-9999.0,-9999.0,-9999.0,-9999.0,-9999.0,color,orientation,size,0.3400000000000001,-2.5,804,male,1,1056.0246858330029
511,-9999.0,-9999.0,-9999.0,-9999.0,-9999.0,-9999.0,-9999.0,-9999.0,-9999.0,color,orientation,size,0.3400000000000001,-2.5,804,male,1,1056.0246858330029
512,-9999.0,-9999.0,-9999.0,-9999.0,-9999.0,-9999.0,-9999.0,-9999.0,-9999.0,color,orientation,size,0.3400000000000001,-2.5,804,male,1,1056.0246858330029
513,-9999.0,-9999.0,-9999.0,-9999.0,-9999.0,-9999.0,-9999.0,-9999.0,-9999.0,color,orientation,size,0.3400000000000001,-2.5,804,male,1,1056.0246858330029
514,-9999.0,-9999.0,-9999.0,-9999.0,-9999.0,-9999.0,-9999.0,-9999.0,-9999.0,color,orientation,size,0.3400000000000001,-2.5,804,male,1,1056.0246858330029
515,-9999.0,-9999.0,-9999.0,-9999.0,-9999.0,-9999.0,-9999.0,-9999.0,-9999.0,color,orientation,size,0.3400000000000001,-2.5,804,male,1,1056.0246858330029
516,-9999.0,-9999.0,-9999.0,-9999.0,-9999.0,-9999.0,-9999.0,-9999.0,-9999.0,color,orientation,size,0.3400000000000001,-2.5,804,male,1,1056.0246858330029
517,-9999.0,-9999.0,-9999.0,-9999.0,-9999.0,-9999.0,-9999.0,-9999.0,-9999.0,color,orientation,size,0.3400000000000001,-2.5,804,male,1,1056.0246858330029
518,-9999.0,-9999.0,-9999.0,-9999.0,-9999.0,-9999.0,-9999.0,-9999.0,-9999.0,color,orientation,size,0.3400000000000001,-2.5,804,male,1,1056.0246858330029
519,-9999.0,-9999.0,-9999.0,-9999.0,-9999.0,-9999.0,-9999.0,-9999.0,-9999.0,color,orientation,size,0.3400000000000001,-2.5,804,male,1,1056.0246858330029
520,-9999.0,-9999.0,-9999.0,-9999.0,-9999.0,-9999.0,-9999.0,-9999.0,-9999.0,color,orientation,size,0.3400000000000001,-2.5,804,male,1,1056.0246858330029
521,-9999.0,-9999.0,-9999.0,-9999.0,-9999.0,-9999.0,-9999.0,-9999.0,-9999.0,color,orientation,size,0.3400000000000001,-2.5,804,male,1,1056.0246858330029
522,-9999.0,-9999.0,-9999.0,-9999.0,-9999.0,-9999.0,-9999.0,-9999.0,-9999.0,color,orientation,size,0.3400000000000001,-2.5,804,male,1,1056.0246858330029
523,-9999.0,-9999.0,-9999.0,-9999.0,-9999.0,-9999.0,-9999.0,-9999.0,-9999.0,color,orientation,size,0.3400000000000001,-2.5,804,male,1,1056.0246858330029
524,-9999.0,-9999.0,-9999.0,-9999.0,-9999.0,-9999.0,-9999.0,-9999.0,-9999.0,color,orientation,size,0.3400000000000001,-2.5,804,male,1,1056.0246858330029
525,-9999.0,-9999.0,-9999.0,-9999.0,-9999.0,-9999.0,-9999.0,-9999.0,-9999.0,color,orientation,size,0.3400000000000001,-2.5,804,male,1,1056.0246858330029
526,-9999.0,-9999.0,-9999.0,-9999.0,-9999.0,-9999.0,-9999.0,-9999.0,-9999.0,color,orientation,size,0.3400000000000001,-2.5,804,male,1,1056.0246858330029
527,-9999.0,-9999.0,-9999.0,-9999.0,-9999.0,-9999.0,-9999.0,-9999.0,-9999.0,color,orientation,size,0.3400000000000001,-2.5,804,male,1,1056.0246858330029
528,-9999.0,-9999.0,-9999.0,-9999.0,-9999.0,-9999.0,-9999.0,-9999.0,-9999.0,color,orientation,size,0.3400000000000001,-2.5,804,male,1,1056.0246858330029
529,-9999.0,-9999.0,-9999.0,-9999.0,-9999.0,-9999.0,-9999.0,-9999.0,-9999.0,color,orientation,size,0.3400000000000001,-2.5,804,male,1,1056.0246858330029
530,-9999.0,-9999.0,-9999.0,-9999.0,-9999.0,-9999.0,-9999.0,-9999.0,-9999.0,color,orientation,size,0.3400000000000001,-2.5,804,male,1,1056.0246858330029
531,-9999.0,-9999.0,-9999.0,-9999.0,-9999.0,-9999.0,-9999.0,-9999.0,-9999.0,color,orientation,size,0.3400000000000001,-2.5,804,male,1,1056.0246858330029
532,-9999.0,-9999.0,-9999.0,-9999.0,-9999.0,-9999.0,-9999.0,-9999.0,-9999.0,color,orientation,size,0.3400000000000001,-2.5,804,male,1,1056.0246858330029
533,-9999.0,-9999.0,-9999.0,-9999.0,-9999.0,-9999.0,-9999.0,-9999.0,-9999.0,color,orientation,size,0.3400000000000001,-2.5,804,male,1,1056.0246858330029
534,-9999.0,-9999.0,-9999.0,-9999.0,-9999.0,-9999.0,-9999.0,-9999.0,-9999.0,color,orientation,size,0.3400000000000001,-2.5,804,male,1,1056.0246858330029
535,-9999.0,-9999.0,-9999.0,-9999.0,-9999.0,-9999.0,-9999.0,-9999.0,-9999.0,color,orientation,size,0.3400000000000001,-2.5,804,male,1,1056.0246858330029
536,-9999.0,-9999.0,-9999.0,-9999.0,-9999.0,-9999.0,-9999.0,-9999.0,-9999.0,color,orientation,size,0.3400000000000001,-2.5,804,male,1,1056.0246858330029
537,-9999.0,-9999.0,-9999.0,-9999.0,-9999.0,-9999.0,-9999.0,-9999.0,-9999.0,color,orientation,size,0.3400000000000001,-2.5,804,male,1,1056.0246858330029
538,-9999.0,-9999.0,-9999.0,-9999.0,-9999.0,-9999.0,-9999.0,-9999.0,-9999.0,color,orientation,size,0.3400000000000001,-2.5,804,male,1,1056.0246858330029
539,-9999.0,-9999.0,-9999.0,-9999.0,-9999.0,-9999.0,-9999.0,-9999.0,-9999.0,color,orientation,size,0.3400000000000001,-2.5,804,male,1,1056.0246858330029
540,-9999.0,-9999.0,-9999.0,-9999.0,-9999.0,-9999.0,-9999.0,-9999.0,-9999.0,color,orientation,size,0.3400000000000001,-2.5,804,male,1,1056.0246858330029
541,-9999.0,-9999.0,-9999.0,-9999.0,-9999.0,-9999.0,-9999.0,-9999.0,-9999.0,color,orientation,size,0.3400000000000001,-2.5,804,male,1,1056.0246858330029
542,-9999.0,-9999.0,-9999.0,-9999.0,-9999.0,-9999.0,-9999.0,-9999.0,-9999.0,color,orientation,size,0.3400000000000001,-2.5,804,male,1,1056.0246858330029
543,-9999.0,-9999.0,-9999.0,-9999.0,-9999.0,-9999.0,-9999.0,-9999.0,-9999.0,color,orientation,size,0.3400000000000001,-2.5,804,male,1,1056.0246858330029
544,-9999.0,-9999.0,-9999.0,-9999.0,-9999.0,-9999.0,-9999.0,-9999.0,-9999.0,color,orientation,size,0.3400000000000001,-2.5,804,male,1,1056.0246858330029
545,-9999.0,-9999.0,-9999.0,-9999.0,-9999.0,-9999.0,-9999.0,-9999.0,-9999.0,color,orientation,size,0.3400000000000001,-2.5,804,male,1,1056.0246858330029
546,-9999.0,-9999.0,-9999.0,-9999.0,-9999.0,-9999.0,-9999.0,-9999.0,-9999.0,color,orientation,size,0.3400000000000001,-2.5,804,male,1,1056.0246858330029
547,-9999.0,-9999.0,-9999.0,-9999.0,-9999.0,-9999.0,-9999.0,-9999.0,-9999.0,color,orientation,size,0.3400000000000001,-2.5,804,male,1,1056.0246858330029
548,-9999.0,-9999.0,-9999.0,-9999.0,-9999.0,-9999.0,-9999.0,-9999.0,-9999.0,color,orientation,size,0.3400000000000001,-2.5,804,male,1,1056.0246858330029
549,-9999.0,-9999.0,-9999.0,-9999.0,-9999.0,-9999.0,-9999.0,-9999.0,-9999.0,color,orientation,size,0.3400000000000001,-2.5,804,male,1,1056.0246858330029
550,-9999.0,-9999.0,-9999.0,-9999.0,-9999.0,-9999.0,-9999.0,-9999.0,-9999.0,color,orientation,size,0.3400000000000001,-2.5,804,male,1,1056.0246858330029
551,-9999.0,-9999.0,-9999.0,-9999.0,-9999.0,-9999.0,-9999.0,-9999.0,-9999.0,color,orientation,size,0.3400000000000001,-2.5,804,male,1,1056.0246858330029
552,-9999.0,-9999.0,-9999.0,-9999.0,-9999.0,-9999.0,-9999.0,-9999.0,-9999.0,color,orientation,size,0.3400000000000001,-2.5,804,male,1,1056.0246858330029
553,-9999.0,-9999.0,-9999.0,-9999.0,-9999.0,-9999.0,-9999.0,-9999.0,-9999.0,color,orientation,size,0.3400000000000001,-2.5,804,male,1,1056.0246858330029
554,-9999.0,-9999.0,-9999.0,-9999.0,-9999.0,-9999.0,-9999.0,-9999.0,-9999.0,color,orientation,size,0.3400000000000001,-2.5,804,male,1,1056.0246858330029
555,-9999.0,-9999.0,-9999.0,-9999.0,-9999.0,-9999.0,-9999.0,-9999.0,-9999.0,color,orientation,size,0.3400000000000001,-2.5,804,male,1,1056.0246858330029
556,-9999.0,-9999.0,-9999.0,-9999.0,-9999.0,-9999.0,-9999.0,-9999.0,-9999.0,color,orientation,size,0.3400000000000001,-2.5,804,male,1,1056.0246858330029
557,-9999.0,-9999.0,-9999.0,-9999.0,-9999.0,-9999.0,-9999.0,-9999.0,-9999.0,color,orientation,size,0.3400000000000001,-2.5,804,male,1,1056.0246858330029
558,-9999.0,-9999.0,-9999.0,-9999.0,-9999.0,-9999.0,-9999.0,-9999.0,-9999.0,color,orientation,size,0.3400000000000001,-2.5,804,male,1,1056.0246858330029
559,-9999.0,-9999.0,-9999.0,-9999.0,-9999.0,-9999.0,-9999.0,-9999.0,-9999.0,color,orientation,size,0.3400000000000001,-2.5,804,male,1,1056.0246858330029
560,-9999.0,-9999.0,-9999.0,-9999.0,-9999.0,-9999.0,-9999.0,-9999.0,-9999.0,color,orientation,size,0.3400000000000001,-2.5,804,male,1,1056.0246858330029
561,-9999.0,-9999.0,-9999.0,-9999.0,-9999.0,-9999.0,-9999.0,-9999.0,-9999.0,color,orientation,size,0.3400000000000001,-2.5,804,male,1,1056.0246858330029
562,-9999.0,-9999.0,-9999.0,-9999.0,-9999.0,-9999.0,-9999.0,-9999.0,-9999.0,color,orientation,size,0.3400000000000001,-2.5,804,male,1,1056.0246858330029
563,-9999.0,-9999.0,-9999.0,-9999.0,-9999.0,-9999.0,-9999.0,-9999.0,-9999.0,color,orientation,size,0.3400000000000001,-2.5,804,male,1,1056.0246858330029
564,-9999.0,-9999.0,-9999.0,-9999.0,-9999.0,-9999.0,-9999.0,-9999.0,-9999.0,color,orientation,size,0.3400000000000001,-2.5,804,male,1,1056.0246858330029
565,-9999.0,-9999.0,-9999.0,-9999.0,-9999.0,-9999.0,-9999.0,-9999.0,-9999.0,color,orientation,size,0.3400000000000001,-2.5,804,male,1,1056.0246858330029
566,-9999.0,-9999.0,-9999.0,-9999.0,-9999.0,-9999.0,-9999.0,-9999.0,-9999.0,color,orientation,size,0.3400000000000001,-2.5,804,male,1,1056.0246858330029
567,-9999.0,-9999.0,-9999.0,-9999.0,-9999.0,-9999.0,-9999.0,-9999.0,-9999.0,color,orientation,size,0.3400000000000001,-2.5,804,male,1,1056.0246858330029
568,-9999.0,-9999.0,-9999.0,-9999.0,-9999.0,-9999.0,-9999.0,-9999.0,-9999.0,color,orientation,size,0.3400000000000001,-2.5,804,male,1,1056.0246858330029
569,-9999.0,-9999.0,-9999.0,-9999.0,-9999.0,-9999.0,-9999.0,-9999.0,-9999.0,color,orientation,size,0.3400000000000001,-2.5,804,male,1,1056.0246858330029
570,-9999.0,-9999.0,-9999.0,-9999.0,-9999.0,-9999.0,-9999.0,-9999.0,-9999.0,color,orientation,size,0.3400000000000001,-2.5,804,male,1,1056.0246858330029
571,-9999.0,-9999.0,-9999.0,-9999.0,-9999.0,-9999.0,-9999.0,-9999.0,-9999.0,color,orientation,size,0.3400000000000001,-2.5,804,male,1,1056.0246858330029
572,-9999.0,-9999.0,-9999.0,-9999.0,-9999.0,-9999.0,-9999.0,-9999.0,-9999.0,color,orientation,size,0.3400000000000001,-2.5,804,male,1,1056.0246858330029
573,-9999.0,-9999.0,-9999.0,-9999.0,-9999.0,-9999.0,-9999.0,-9999.0,-9999.0,color,orientation,size,0.3400000000000001,-2.5,804,male,1,1056.0246858330029
574,-9999.0,-9999.0,-9999.0,-9999.0,-9999.0,-9999.0,-9999.0,-9999.0,-9999.0,color,orientation,size,0.3400000000000001,-2.5,804,male,1,1056.0246858330029
575,-9999.0,-9999.0,-9999.0,-9999.0,-9999.0,-9999.0,-9999.0,-9999.0,-9999.0,color,orientation,size,0.3400000000000001,-2.5,804,male,1,1056.0246858330029
576,-9999.0,-9999.0,-9999.0,-9999.0,-9999.0,-9999.0,-9999.0,-9999.0,-9999.0,color,orientation,size,0.3400000000000001,-2.5,804,male,1,1056.0246858330029
577,-9999.0,-9999.0,-9999.0,-9999.0,-9999.0,-9999.0,-9999.0,-9999.0,-9999.0,color,orientation,size,0.3400000000000001,-2.5,804,male,1,1056.0246858330029
578,-9999.0,-9999.0,-9999.0,-9999.0,-9999.0,-9999.0,-9999.0,-9999.0,-9999.0,color,orientation,size,0.3400000000000001,-2.5,804,male,1,1056.0246858330029
579,-9999.0,-9999.0,-9999.0,-9999.0,-9999.0,-9999.0,-9999.0,-9999.0,-9999.0,color,orientation,size,0.3400000000000001,-2.5,804,male,1,1056.0246858330029
580,-9999.0,-9999.0,-9999.0,-9999.0,-9999.0,-9999.0,-9999.0,-9999.0,-9999.0,color,orientation,size,0.3400000000000001,-2.5,804,male,1,1056.0246858330029
581,-9999.0,-9999.0,-9999.0,-9999.0,-9999.0,-9999.0,-9999.0,-9999.0,-9999.0,color,orientation,size,0.3400000000000001,-2.5,804,male,1,1056.0246858330029
582,-9999.0,-9999.0,-9999.0,-9999.0,-9999.0,-9999.0,-9999.0,-9999.0,-9999.0,color,orientation,size,0.3400000000000001,-2.5,804,male,1,1056.0246858330029
583,-9999.0,-9999.0,-9999.0,-9999.0,-9999.0,-9999.0,-9999.0,-9999.0,-9999.0,color,orientation,size,0.3400000000000001,-2.5,804,male,1,1056.0246858330029
584,-9999.0,-9999.0,-9999.0,-9999.0,-9999.0,-9999.0,-9999.0,-9999.0,-9999.0,color,orientation,size,0.3400000000000001,-2.5,804,male,1,1056.0246858330029
585,-9999.0,-9999.0,-9999.0,-9999.0,-9999.0,-9999.0,-9999.0,-9999.0,-9999.0,color,orientation,size,0.3400000000000001,-2.5,804,male,1,1056.0246858330029
586,-9999.0,-9999.0,-9999.0,-9999.0,-9999.0,-9999.0,-9999.0,-9999.0,-9999.0,color,orientation,size,0.3400000000000001,-2.5,804,male,1,1056.0246858330029
587,-9999.0,-9999.0,-9999.0,-9999.0,-9999.0,-9999.0,-9999.0,-9999.0,-9999.0,color,orientation,size,0.3400000000000001,-2.5,804,male,1,1056.0246858330029
588,-9999.0,-9999.0,-9999.0,-9999.0,-9999.0,-9999.0,-9999.0,-9999.0,-9999.0,color,orientation,size,0.3400000000000001,-2.5,804,male,1,1056.0246858330029
589,-9999.0,-9999.0,-9999.0,-9999.0,-9999.0,-9999.0,-9999.0,-9999.0,-9999.0,color,orientation,size,0.3400000000000001,-2.5,804,male,1,1056.0246858330029
590,-9999.0,-9999.0,-9999.0,-9999.0,-9999.0,-9999.0,-9999.0,-9999.0,-9999.0,color,orientation,size,0.3400000000000001,-2.5,804,male,1,1056.0246858330029
591,-9999.0,-9999.0,-9999.0,-9999.0,-9999.0,-9999.0,-9999.0,-9999.0,-9999.0,color,orientation,size,0.3400000000000001,-2.5,804,male,1,1056.0246858330029
592,-9999.0,-9999.0,-9999.0,-9999.0,-9999.0,-9999.0,-9999.0,-9999.0,-9999.0,color,orientation,size,0.3400000000000001,-2.5,804,male,1,1056.0246858330029
593,-9999.0,-9999.0,-9999.0,-9999.0,-9999.0,-9999.0,-9999.0,-9999.0,-9999.0,color,orientation,size,0.3400000000000001,-2.5,804,male,1,1056.0246858330029
594,-9999.0,-9999.0,-9999.0,-9999.0,-9999.0,-9999.0,-9999.0,-9999.0,-9999.0,color,orientation,size,0.3400000000000001,-2.5,804,male,1,1056.0246858330029
595,-9999.0,-9999.0,-9999.0,-9999.0,-9999.0,-9999.0,-9999.0,-9999.0,-9999.0,color,orientation,size,0.3400000000000001,-2.5,804,male,1,1056.0246858330029
596,-9999.0,-9999.0,-9999.0,-9999.0,-9999.0,-9999.0,-9999.0,-9999.0,-9999.0,color,orientation,size,0.3400000000000001,-2.5,804,male,1,1056.0246858330029
597,-9999.0,-9999.0,-9999.0,-9999.0,-9999.0,-9999.0,-9999.0,-9999.0,-9999.0,color,orientation,size,0.3400000000000001,-2.5,804,male,1,1056.0246858330029
598,-9999.0,-9999.0,-9999.0,-9999.0,-9999.0,-9999.0,-9999.0,-9999.0,-9999.0,color,orientation,size,0.3400000000000001,-2.5,804,male,1,1056.0246858330029
599,-9999.0,-9999.0,-9999.0,-9999.0,-9999.0,-9999.0,-9999.0,-9999.0,-9999.0,color,orientation,size,0.3400000000000001,-2.5,804,male,1,1056.0246858330029
600,-9999.0,-9999.0,-9999.0,-9999.0,-9999.0,-9999.0,-9999.0,-9999.0,-9999.0,color,orientation,size,0.3400000000000001,-2.5,804,male,1,1056.0246858330029
601,-9999.0,-9999.0,-9999.0,-9999.0,-9999.0,-9999.0,-9999.0,-9999.0,-9999.0,color,orientation,size,0.3400000000000001,-2.5,804,male,1,1056.0246858330029
602,-9999.0,-9999.0,-9999.0,-9999.0,-9999.0,-9999.0,-9999.0,-9999.0,-9999.0,color,orientation,size,0.3400000000000001,-2.5,804,male,1,1056.0246858330029
603,-9999.0,-9999.0,-9999.0,-9999.0,-9999.0,-9999.0,-9999.0,-9999.0,-9999.0,color,orientation,size,0.3400000000000001,-2.5,804,male,1,1056.0246858330029
604,-9999.0,-9999.0,-9999.0,-9999.0,-9999.0,-9999.0,-9999.0,-9999.0,-9999.0,color,orientation,size,0.3400000000000001,-2.5,804,male,1,1056.0246858330029
605,-9999.0,-9999.0,-9999.0,-9999.0,-9999.0,-9999.0,-9999.0,-9999.0,-9999.0,color,orientation,size,0.3400000000000001,-2.5,804,male,1,1056.0246858330029
606,-9999.0,-9999.0,-9999.0,-9999.0,-9999.0,-9999.0,-9999.0,-9999.0,-9999.0,color,orientation,size,0.3400000000000001,-2.5,804,male,1,1056.0246858330029
607,-9999.0,-9999.0,-9999.0,-9999.0,-9999.0,-9999.0,-9999.0,-9999.0,-9999.0,color,orientation,size,0.3400000000000001,-2.5,804,male,1,1056.0246858330029
608,-9999.0,-9999.0,-9999.0,-9999.0,-9999.0,-9999.0,-9999.0,-9999.0,-9999.0,color,orientation,size,0.3400000000000001,-2.5,804,male,1,1056.0246858330029
609,-9999.0,-9999.0,-9999.0,-9999.0,-9999.0,-9999.0,-9999.0,-9999.0,-9999.0,color,orientation,size,0.3400000000000001,-2.5,804,male,1,1056.0246858330029
610,-9999.0,-9999.0,-9999.0,-9999.0,-9999.0,-9999.0,-9999.0,-9999.0,-9999.0,color,orientation,size,0.3400000000000001,-2.5,804,male,1,1056.0246858330029
611,-9999.0,-9999.0,-9999.0,-9999.0,-9999.0,-9999.0,-9999.0,-9999.0,-9999.0,color,orientation,size,0.3400000000000001,-2.5,804,male,1,1056.0246858330029
612,-9999.0,-9999.0,-9999.0,-9999.0,-9999.0,-9999.0,-9999.0,-9999.0,-9999.0,color,orientation,size,0.3400000000000001,-2.5,804,male,1,1056.0246858330029
613,-9999.0,-9999.0,-9999.0,-9999.0,-9999.0,-9999.0,-9999.0,-9999.0,-9999.0,color,orientation,size,0.3400000000000001,-2.5,804,male,1,1056.0246858330029
614,-9999.0,-9999.0,-9999.0,-9999.0,-9999.0,-9999.0,-9999.0,-9999.0,-9999.0,color,orientation,size,0.3400000000000001,-2.5,804,male,1,1056.0246858330029
615,-9999.0,-9999.0,-9999.0,-9999.0,-9999.0,-9999.0,-9999.0,-9999.0,-9999.0,color,orientation,size,0.3400000000000001,-2.5,804,male,1,1056.0246858330029
616,-9999.0,-9999.0,-9999.0,-9999.0,-9999.0,-9999.0,-9999.0,-9999.0,-9999.0,color,orientation,size,0.3400000000000001,-2.5,804,male,1,1056.0246858330029
617,-9999.0,-9999.0,-9999.0,-9999.0,-9999.0,-9999.0,-9999.0,-9999.0,-9999.0,color,orientation,size,0.3400000000000001,-2.5,804,male,1,1056.0246858330029
618,-9999.0,-9999.0,-9999.0,-9999.0,-9999.0,-9999.0,-9999.0,-9999.0,-9999.0,color,orientation,size,0.3400000000000001,-2.5,804,male,1,1056.0246858330029
619,-9999.0,-9999.0,-9999.0,-9999.0,-9999.0,-9999.0,-9999.0,-9999.0,-9999.0,color,orientation,size,0.3400000000000001,-2.5,804,male,1,1056.0246858330029
620,-9999.0,-9999.0,-9999.0,-9999.0,-9999.0,-9999.0,-9999.0,-9999.0,-9999.0,color,orientation,size,0.3400000000000001,-2.5,804,male,1,1056.0246858330029
621,-9999.0,-9999.0,-9999.0,-9999.0,-9999.0,-9999.0,-9999.0,-9999.0,-9999.0,color,orientation,size,0.3400000000000001,-2.5,804,male,1,1056.0246858330029
622,-9999.0,-9999.0,-9999.0,-9999.0,-9999.0,-9999.0,-9999.0,-9999.0,-9999.0,color,orientation,size,0.3400000000000001,-2.5,804,male,1,1056.0246858330029
623,-9999.0,-9999.0,-9999.0,-9999.0,-9999.0,-9999.0,-9999.0,-9999.0,-9999.0,color,orientation,size,0.3400000000000001,-2.5,804,male,1,1056.0246858330029
624,-9999.0,-9999.0,-9999.0,-9999.0,-9999.0,-9999.0,-9999.0,-9999.0,-9999.0,color,orientation,size,0.3400000000000001,-2.5,804,male,1,1056.0246858330029
625,-9999.0,-9999.0,-9999.0,-9999.0,-9999.0,-9999.0,-9999.0,-9999.0,-9999.0,color,orientation,size,0.3400000000000001,-2.5,804,male,1,1056.0246858330029
626,-9999.0,-9999.0,-9999.0,-9999.0,-9999.0,-9999.0,-9999.0,-9999.0,-9999.0,color,orientation,size,0.3400000000000001,-2.5,804,male,1,1056.0246858330029
627,-9999.0,-9999.0,-9999.0,-9999.0,-9999.0,-9999.0,-9999.0,-9999.0,-9999.0,color,orientation,size,0.3400000000000001,-2.5,804,male,1,1056.0246858330029
628,-9999.0,-9999.0,-9999.0,-9999.0,-9999.0,-9999.0,-9999.0,-9999.0,-9999.0,color,orientation,size,0.3400000000000001,-2.5,804,male,1,1056.0246858330029
629,-9999.0,-9999.0,-9999.0,-9999.0,-9999.0,-9999.0,-9999.0,-9999.0,-9999.0,color,orientation,size,0.3400000000000001,-2.5,804,male,1,1056.0246858330029
630,-9999.0,-9999.0,-9999.0,-9999.0,-9999.0,-9999.0,-9999.0,-9999.0,-9999.0,color,orientation,size,0.3400000000000001,-2.5,804,male,1,1056.0246858330029
631,-9999.0,-9999.0,-9999.0,-9999.0,-9999.0,-9999.0,-9999.0,-9999.0,-9999.0,color,orientation,size,0.3400000000000001,-2.5,804,male,1,1056.0246858330029
632,-9999.0,-9999.0,-9999.0,-9999.0,-9999.0,-9999.0,-9999.0,-9999.0,-9999.0,color,orientation,size,0.3400000000000001,-2.5,804,male,1,1056.0246858330029
633,-9999.0,-9999.0,-9999.0,-9999.0,-9999.0,-9999.0,-9999.0,-9999.0,-9999.0,color,orientation,size,0.3400000000000001,-2.5,804,male,1,1056.0246858330029
634,-9999.0,-9999.0,-9999.0,-9999.0,-9999.0,-9999.0,-9999.0,-9999.0,-9999.0,color,orientation,size,0.3400000000000001,-2.5,804,male,1,1056.0246858330029
635,-9999.0,-9999.0,-9999.0,-9999.0,-9999.0,-9999.0,-9999.0,-9999.0,-9999.0,color,orientation,size,0.3400000000000001,-2.5,804,male,1,1056.0246858330029
636,-9999.0,-9999.0,-9999.0,-9999.0,-9999.0,-9999.0,-9999.0,-9999.0,-9999.0,color,orientation,size,0.3400000000000001,-2.5,804,male,1,1056.0246858330029
637,-9999.0,-9999.0,-9999.0,-9999.0,-9999.0,-9999.0,-9999.0,-9999.0,-9999.0,color,orientation,size,0.3400000000000001,-2.5,804,male,1,1056.0246858330029
638,-9999.0,-9999.0,-9999.0,-9999.0,-9999.0,-9999.0,-9999.0,-9999.0,-9999.0,color,orientation,size,0.3400000000000001,-2.5,804,male,1,1056.0246858330029
639,-9999.0,-9999.0,-9999.0,-9999.0,-9999.0,-9999.0,-9999.0,-9999.0,-9999.0,color,orientation,size,0.3400000000000001,-2.5,804,male,1,1056.0246858330029
640,-9999.0,-9999.0,-9999.0,-9999.0,-9999.0,-9999.0,-9999.0,-9999.0,-9999.0,color,orientation,size,0.3400000000000001,-2.5,804,male,1,1056.0246858330029
641,-9999.0,-9999.0,-9999.0,-9999.0,-9999.0,-9999.0,-9999.0,-9999.0,-9999.0,color,orientation,size,0.3400000000000001,-2.5,804,male,1,1056.0246858330029
642,-9999.0,-9999.0,-9999.0,-9999.0,-9999.0,-9999.0,-9999.0,-9999.0,-9999.0,color,orientation,size,0.3400000000000001,-2.5,804,male,1,1056.0246858330029
643,-9999.0,-9999.0,-9999.0,-9999.0,-9999.0,-9999.0,-9999.0,-9999.0,-9999.0,color,orientation,size,0.3400000000000001,-2.5,804,male,1,1056.0246858330029
644,-9999.0,-9999.0,-9999.0,-9999.0,-9999.0,-9999.0,-9999.0,-9999.0,-9999.0,color,orientation,size,0.3400000000000001,-2.5,804,male,1,1056.0246858330029
645,-9999.0,-9999.0,-9999.0,-9999.0,-9999.0,-9999.0,-9999.0,-9999.0,-9999.0,color,orientation,size,0.3400000000000001,-2.5,804,male,1,1056.0246858330029
646,-9999.0,-9999.0,-9999.0,-9999.0,-9999.0,-9999.0,-9999.0,-9999.0,-9999.0,color,orientation,size,0.3400000000000001,-2.5,804,male,1,1056.0246858330029
647,-9999.0,-9999.0,-9999.0,-9999.0,-9999.0,-9999.0,-9999.0,-9999.0,-9999.0,color,orientation,size,0.3400000000000001,-2.5,804,male,1,1056.0246858330029
648,-9999.0,-9999.0,-9999.0,-9999.0,-9999.0,-9999.0,-9999.0,-9999.0,-9999.0,color,orientation,size,0.3400000000000001,-2.5,804,male,1,1056.0246858330029
649,-9999.0,-9999.0,-9999.0,-9999.0,-9999.0,-9999.0,-9999.0,-9999.0,-9999.0,color,orientation,size,0.3400000000000001,-2.5,804,male,1,1056.0246858330029
650,-9999.0,-9999.0,-9999.0,-9999.0,-9999.0,-9999.0,-9999.0,-9999.0,-9999.0,color,orientation,size,0.3400000000000001,-2.5,804,male,1,1056.0246858330029
651,-9999.0,-9999.0,-9999.0,-9999.0,-9999.0,-9999.0,-9999.0,-9999.0,-9999.0,color,orientation,size,0.3400000000000001,-2.5,804,male,1,1056.0246858330029
652,-9999.0,-9999.0,-9999.0,-9999.0,-9999.0,-9999.0,-9999.0,-9999.0,-9999.0,color,orientation,size,0.3400000000000001,-2.5,804,male,1,1056.0246858330029
653,-9999.0,-9999.0,-9999.0,-9999.0,-9999.0,-9999.0,-9999.0,-9999.0,-9999.0,color,orientation,size,0.3400000000000001,-2.5,804,male,1,1056.0246858330029
654,-9999.0,-9999.0,-9999.0,-9999.0,-9999.0,-9999.0,-9999.0,-9999.0,-9999.0,color,orientation,size,0.3400000000000001,-2.5,804,male,1,1056.0246858330029
655,-9999.0,-9999.0,-9999.0,-9999.0,-9999.0,-9999.0,-9999.0,-9999.0,-9999.0,color,orientation,size,0.3400000000000001,-2.5,804,male,1,1056.0246858330029
656,-9999.0,-9999.0,-9999.0,-9999.0,-9999.0,-9999.0,-9999.0,-9999.0,-9999.0,color,orientation,size,0.3400000000000001,-2.5,804,male,1,1056.0246858330029
657,-9999.0,-9999.0,-9999.0,-9999.0,-9999.0,-9999.0,-9999.0,-9999.0,-9999.0,color,orientation,size,0.3400000000000001,-2.5,804,male,1,1056.0246858330029
658,-9999.0,-9999.0,-9999.0,-9999.0,-9999.0,-9999.0,-9999.0,-9999.0,-9999.0,color,orientation,size,0.3400000000000001,-2.5,804,male,1,1056.0246858330029
659,-9999.0,-9999.0,-9999.0,-9999.0,-9999.0,-9999.0,-9999.0,-9999.0,-9999.0,color,orientation,size,0.3400000000000001,-2.5,804,male,1,1056.0246858330029
660,-9999.0,-9999.0,-9999.0,-9999.0,-9999.0,-9999.0,-9999.0,-9999.0,-9999.0,color,orientation,size,0.3400000000000001,-2.5,804,male,1,1056.0246858330029
661,-9999.0,-9999.0,-9999.0,-9999.0,-9999.0,-9999.0,-9999.0,-9999.0,-9999.0,color,orientation,size,0.3400000000000001,-2.5,804,male,1,1056.0246858330029
662,-9999.0,-9999.0,-9999.0,-9999.0,-9999.0,-9999.0,-9999.0,-9999.0,-9999.0,color,orientation,size,0.3400000000000001,-2.5,804,male,1,1056.0246858330029
663,-9999.0,-9999.0,-9999.0,-9999.0,-9999.0,-9999.0,-9999.0,-9999.0,-9999.0,color,orientation,size,0.3400000000000001,-2.5,804,male,1,1056.0246858330029
664,-9999.0,-9999.0,-9999.0,-9999.0,-9999.0,-9999.0,-9999.0,-9999.0,-9999.0,color,orientation,size,0.3400000000000001,-2.5,804,male,1,1056.0246858330029
665,-9999.0,-9999.0,-9999.0,-9999.0,-9999.0,-9999.0,-9999.0,-9999.0,-9999.0,color,orientation,size,0.3400000000000001,-2.5,804,male,1,1056.0246858330029
666,-9999.0,-9999.0,-9999.0,-9999.0,-9999.0,-9999.0,-9999.0,-9999.0,-9999.0,color,orientation,size,0.3400000000000001,-2.5,804,male,1,1056.0246858330029
667,-9999.0,-9999.0,-9999.0,-9999.0,-9999.0,-9999.0,-9999.0,-9999.0,-9999.0,color,orientation,size,0.3400000000000001,-2.5,804,male,1,1056.0246858330029
668,-9999.0,-9999.0,-9999.0,-9999.0,-9999.0,-9999.0,-9999.0,-9999.0,-9999.0,color,orientation,size,0.3400000000000001,-2.5,804,male,1,1056.0246858330029
669,-9999.0,-9999.0,-9999.0,-9999.0,-9999.0,-9999.0,-9999.0,-9999.0,-9999.0,color,orientation,size,0.3400000000000001,-2.5,804,male,1,1056.0246858330029
670,-9999.0,-9999.0,-9999.0,-9999.0,-9999.0,-9999.0,-9999.0,-9999.0,-9999.0,color,orientation,size,0.3400000000000001,-2.5,804,male,1,1056.0246858330029
671,-9999.0,-9999.0,-9999.0,-9999.0,-9999.0,-9999.0,-9999.0,-9999.0,-9999.0,color,orientation,size,0.3400000000000001,-2.5,804,male,1,1056.0246858330029
672,-9999.0,-9999.0,-9999.0,-9999.0,-9999.0,-9999.0,-9999.0,-9999.0,-9999.0,color,orientation,size,0.3400000000000001,-2.5,804,male,1,1056.0246858330029
673,-9999.0,-9999.0,-9999.0,-9999.0,-9999.0,-9999.0,-9999.0,-9999.0,-9999.0,color,orientation,size,0.3400000000000001,-2.5,804,male,1,1056.0246858330029
674,-9999.0,-9999.0,-9999.0,-9999.0,-9999.0,-9999.0,-9999.0,-9999.0,-9999.0,color,orientation,size,0.3400000000000001,-2.5,804,male,1,1056.0246858330029
675,-9999.0,-9999.0,-9999.0,-9999.0,-9999.0,-9999.0,-9999.0,-9999.0,-9999.0,color,orientation,size,0.3400000000000001,-2.5,804,male,1,1056.0246858330029
676,-9999.0,-9999.0,-9999.0,-9999.0,-9999.0,-9999.0,-9999.0,-9999.0,-9999.0,color,orientation,size,0.3400000000000001,-2.5,804,male,1,1056.0246858330029
677,-9999.0,-9999.0,-9999.0,-9999.0,-9999.0,-9999.0,-9999.0,-9999.0,-9999.0,color,orientation,size,0.3400000000000001,-2.5,804,male,1,1056.0246858330029
678,-9999.0,-9999.0,-9999.0,-9999.0,-9999.0,-9999.0,-9999.0,-9999.0,-9999.0,color,orientation,size,0.3400000000000001,-2.5,804,male,1,1056.0246858330029
679,-9999.0,-9999.0,-9999.0,-9999.0,-9999.0,-9999.0,-9999.0,-9999.0,-9999.0,color,orientation,size,0.3400000000000001,-2.5,804,male,1,1056.0246858330029
680,-9999.0,-9999.0,-9999.0,-9999.0,-9999.0,-9999.0,-9999.0,-9999.0,-9999.0,color,orientation,size,0.3400000000000001,-2.5,804,male,1,1056.0246858330029
681,-9999.0,-9999.0,-9999.0,-9999.0,-9999.0,-9999.0,-9999.0,-9999.0,-9999.0,color,orientation,size,0.3400000000000001,-2.5,804,male,1,1056.0246858330029
682,-9999.0,-9999.0,-9999.0,-9999.0,-9999.0,-9999.0,-9999.0,-9999.0,-9999.0,color,orientation,size,0.3400000000000001,-2.5,804,male,1,1056.0246858330029
683,-9999.0,-9999.0,-9999.0,-9999.0,-9999.0,-9999.0,-9999.0,-9999.0,-9999.0,color,orientation,size,0.3400000000000001,-2.5,804,male,1,1056.0246858330029
684,-9999.0,-9999.0,-9999.0,-9999.0,-9999.0,-9999.0,-9999.0,-9999.0,-9999.0,color,orientation,size,0.3400000000000001,-2.5,804,male,1,1056.0246858330029
685,-9999.0,-9999.0,-9999.0,-9999.0,-9999.0,-9999.0,-9999.0,-9999.0,-9999.0,color,orientation,size,0.3400000000000001,-2.5,804,male,1,1056.0246858330029
686,-9999.0,-9999.0,-9999.0,-9999.0,-9999.0,-9999.0,-9999.0,-9999.0,-9999.0,color,orientation,size,0.3400000000000001,-2.5,804,male,1,1056.0246858330029
687,-9999.0,-9999.0,-9999.0,-9999.0,-9999.0,-9999.0,-9999.0,-9999.0,-9999.0,color,orientation,size,0.3400000000000001,-2.5,804,male,1,1056.0246858330029
688,-9999.0,-9999.0,-9999.0,-9999.0,-9999.0,-9999.0,-9999.0,-9999.0,-9999.0,color,orientation,size,0.3400000000000001,-2.5,804,male,1,1056.0246858330029
689,-9999.0,-9999.0,-9999.0,-9999.0,-9999.0,-9999.0,-9999.0,-9999.0,-9999.0,color,orientation,size,0.3400000000000001,-2.5,804,male,1,1056.0246858330029
690,-9999.0,-9999.0,-9999.0,-9999.0,-9999.0,-9999.0,-9999.0,-9999.0,-9999.0,color,orientation,size,0.3400000000000001,-2.5,804,male,1,1056.0246858330029
691,-9999.0,-9999.0,-9999.0,-9999.0,-9999.0,-9999.0,-9999.0,-9999.0,-9999.0,color,orientation,size,0.3400000000000001,-2.5,804,male,1,1056.0246858330029
692,-9999.0,-9999.0,-9999.0,-9999.0,-9999.0,-9999.0,-9999.0,-9999.0,-9999.0,color,orientation,size,0.3400000000000001,-2.5,804,male,1,1056.0246858330029
693,-9999.0,-9999.0,-9999.0,-9999.0,-9999.0,-9999.0,-9999.0,-9999.0,-9999.0,color,orientation,size,0.3400000000000001,-2.5,804,male,1,1056.0246858330029
694,-9999.0,-9999.0,-9999.0,-9999.0,-9999.0,-9999.0,-9999.0,-9999.0,-9999.0,color,orientation,size,0.3400000000000001,-2.5,804,male,1,1056.0246858330029
695,-9999.0,-9999.0,-9999.0,-9999.0,-9999.0,-9999.0,-9999.0,-9999.0,-9999.0,color,orientation,size,0.3400000000000001,-2.5,804,male,1,1056.0246858330029
696,-9999.0,-9999.0,-9999.0,-9999.0,-9999.0,-9999.0,-9999.0,-9999.0,-9999.0,color,orientation,size,0.3400000000000001,-2.5,804,male,1,1056.0246858330029
697,-9999.0,-9999.0,-9999.0,-9999.0,-9999.0,-9999.0,-9999.0,-9999.0,-9999.0,color,orientation,size,0.3400000000000001,-2.5,804,male,1,1056.0246858330029
698,-9999.0,-9999.0,-9999.0,-9999.0,-9999.0,-9999.0,-9999.0,-9999.0,-9999.0,color,orientation,size,0.3400000000000001,-2.5,804,male,1,1056.0246858330029
699,-9999.0,-9999.0,-9999.0,-9999.0,-9999.0,-9999.0,-9999.0,-9999.0,-9999.0,color,orientation,size,0.3400000000000001,-2.5,804,male,1,1056.0246858330029
700,-9999.0,-9999.0,-9999.0,-9999.0,-9999.0,-9999.0,-9999.0,-9999.0,-9999.0,color,orientation,size,0.3400000000000001,-2.5,804,male,1,1056.0246858330029
701,-9999.0,-9999.0,-9999.0,-9999.0,-9999.0,-9999.0,-9999.0,-9999.0,-9999.0,color,orientation,size,0.3400000000000001,-2.5,804,male,1,1056.0246858330029
702,-9999.0,-9999.0,-9999.0,-9999.0,-9999.0,-9999.0,-9999.0,-9999.0,-9999.0,color,orientation,size,0.3400000000000001,-2.5,804,male,1,1056.0246858330029
703,-9999.0,-9999.0,-9999.0,-9999.0,-9999.0,-9999.0,-9999.0,-9999.0,-9999.0,color,orientation,size,0.3400000000000001,-2.5,804,male,1,1056.0246858330029
704,-9999.0,-9999.0,-9999.0,-9999.0,-9999.0,-9999.0,-9999.0,-9999.0,-9999.0,color,orientation,size,0.3400000000000001,-2.5,804,male,1,1056.0246858330029
705,-9999.0,-9999.0,-9999.0,-9999.0,-9999.0,-9999.0,-9999.0,-9999.0,-9999.0,color,orientation,size,0.3400000000000001,-2.5,804,male,1,1056.0246858330029
706,-9999.0,-9999.0,-9999.0,-9999.0,-9999.0,-9999.0,-9999.0,-9999.0,-9999.0,color,orientation,size,0.3400000000000001,-2.5,804,male,1,1056.0246858330029
707,-9999.0,-9999.0,-9999.0,-9999.0,-9999.0,-9999.0,-9999.0,-9999.0,-9999.0,color,orientation,size,0.3400000000000001,-2.5,804,male,1,1056.0246858330029
708,-9999.0,-9999.0,-9999.0,-9999.0,-9999.0,-9999.0,-9999.0,-9999.0,-9999.0,color,orientation,size,0.3400000000000001,-2.5,804,male,1,1056.0246858330029
709,-9999.0,-9999.0,-9999.0,-9999.0,-9999.0,-9999.0,-9999.0,-9999.0,-9999.0,color,orientation,size,0.3400000000000001,-2.5,804,male,1,1056.0246858330029
710,-9999.0,-9999.0,-9999.0,-9999.0,-9999.0,-9999.0,-9999.0,-9999.0,-9999.0,color,orientation,size,0.3400000000000001,-2.5,804,male,1,1056.0246858330029
711,-9999.0,-9999.0,-9999.0,-9999.0,-9999.0,-9999.0,-9999.0,-9999.0,-9999.0,color,orientation,size,0.3400000000000001,-2.5,804,male,1,1056.0246858330029
712,-9999.0,-9999.0,-9999.0,-9999.0,-9999.0,-9999.0,-9999.0,-9999.0,-9999.0,color,orientation,size,0.3400000000000001,-2.5,804,male,1,1056.0246858330029
713,-9999.0,-9999.0,-9999.0,-9999.0,-9999.0,-9999.0,-9999.0,-9999.0,-9999.0,color,orientation,size,0.3400000000000001,-2.5,804,male,1,1056.0246858330029
714,-9999.0,-9999.0,-9999.0,-9999.0,-9999.0,-9999.0,-9999.0,-9999.0,-9999.0,color,orientation,size,0.3400000000000001,-2.5,804,male,1,1056.0246858330029
715,-9999.0,-9999.0,-9999.0,-9999.0,-9999.0,-9999.0,-9999.0,-9999.0,-9999.0,color,orientation,size,0.3400000000000001,-2.5,804,male,1,1056.0246858330029
716,-9999.0,-9999.0,-9999.0,-9999.0,-9999.0,-9999.0,-9999.0,-9999.0,-9999.0,color,orientation,size,0.3400000000000001,-2.5,804,male,1,1056.0246858330029
717,-9999.0,-9999.0,-9999.0,-9999.0,-9999.0,-9999.0,-9999.0,-9999.0,-9999.0,color,orientation,size,0.3400000000000001,-2.5,804,male,1,1056.0246858330029
718,-9999.0,-9999.0,-9999.0,-9999.0,-9999.0,-9999.0,-9999.0,-9999.0,-9999.0,color,orientation,size,0.3400000000000001,-2.5,804,male,1,1056.0246858330029
719,-9999.0,-9999.0,-9999.0,-9999.0,-9999.0,-9999.0,-9999.0,-9999.0,-9999.0,color,orientation,size,0.3400000000000001,-2.5,804,male,1,1056.0246858330029
720,-9999.0,-9999.0,-9999.0,-9999.0,-9999.0,-9999.0,-9999.0,-9999.0,-9999.0,color,orientation,size,0.3400000000000001,-2.5,804,male,1,1056.0246858330029
721,-9999.0,-9999.0,-9999.0,-9999.0,-9999.0,-9999.0,-9999.0,-9999.0,-9999.0,color,orientation,size,0.3400000000000001,-2.5,804,male,1,1056.0246858330029
722,-9999.0,-9999.0,-9999.0,-9999.0,-9999.0,-9999.0,-9999.0,-9999.0,-9999.0,color,orientation,size,0.3400000000000001,-2.5,804,male,1,1056.0246858330029
723,-9999.0,-9999.0,-9999.0,-9999.0,-9999.0,-9999.0,-9999.0,-9999.0,-9999.0,color,orientation,size,0.3400000000000001,-2.5,804,male,1,1056.0246858330029
724,-9999.0,-9999.0,-9999.0,-9999.0,-9999.0,-9999.0,-9999.0,-9999.0,-9999.0,color,orientation,size,0.3400000000000001,-2.5,804,male,1,1056.0246858330029
725,-9999.0,-9999.0,-9999.0,-9999.0,-9999.0,-9999.0,-9999.0,-9999.0,-9999.0,color,orientation,size,0.3400000000000001,-2.5,804,male,1,1056.0246858330029
726,-9999.0,-9999.0,-9999.0,-9999.0,-9999.0,-9999.0,-9999.0,-9999.0,-9999.0,color,orientation,size,0.3400000000000001,-2.5,804,male,1,1056.0246858330029
727,-9999.0,-9999.0,-9999.0,-9999.0,-9999.0,-9999.0,-9999.0,-9999.0,-9999.0,color,orientation,size,0.3400000000000001,-2.5,804,male,1,1056.0246858330029
728,-9999.0,-9999.0,-9999.0,-9999.0,-9999.0,-9999.0,-9999.0,-9999.0,-9999.0,color,orientation,size,0.3400000000000001,-2.5,804,male,1,1056.0246858330029
729,-9999.0,-9999.0,-9999.0,-9999.0,-9999.0,-9999.0,-9999.0,-9999.0,-9999.0,color,orientation,size,0.3400000000000001,-2.5,804,male,1,1056.0246858330029
730,-9999.0,-9999.0,-9999.0,-9999.0,-9999.0,-9999.0,-9999.0,-9999.0,-9999.0,color,orientation,size,0.3400000000000001,-2.5,804,male,1,1056.0246858330029
731,-9999.0,-9999.0,-9999.0,-9999.0,-9999.0,-9999.0,-9999.0,-9999.0,-9999.0,color,orientation,size,0.3400000000000001,-2.5,804,male,1,1056.0246858330029
732,-9999.0,-9999.0,-9999.0,-9999.0,-9999.0,-9999.0,-9999.0,-9999.0,-9999.0,color,orientation,size,0.3400000000000001,-2.5,804,male,1,1056.0246858330029
733,-9999.0,-9999.0,-9999.0,-9999.0,-9999.0,-9999.0,-9999.0,-9999.0,-9999.0,color,orientation,size,0.3400000000000001,-2.5,804,male,1,1056.0246858330029
734,-9999.0,-9999.0,-9999.0,-9999.0,-9999.0,-9999.0,-9999.0,-9999.0,-9999.0,color,orientation,size,0.3400000000000001,-2.5,804,male,1,1056.0246858330029
735,-9999.0,-9999.0,-9999.0,-9999.0,-9999.0,-9999.0,-9999.0,-9999.0,-9999.0,color,orientation,size,0.3400000000000001,-2.5,804,male,1,1056.0246858330029
736,-9999.0,-9999.0,-9999.0,-9999.0,-9999.0,-9999.0,-9999.0,-9999.0,-9999.0,color,orientation,size,0.3400000000000001,-2.5,804,male,1,1056.0246858330029
737,-9999.0,-9999.0,-9999.0,-9999.0,-9999.0,-9999.0,-9999.0,-9999.0,-9999.0,color,orientation,size,0.3400000000000001,-2.5,804,male,1,1056.0246858330029
738,-9999.0,-9999.0,-9999.0,-9999.0,-9999.0,-9999.0,-9999.0,-9999.0,-9999.0,color,orientation,size,0.3400000000000001,-2.5,804,male,1,1056.0246858330029
739,-9999.0,-9999.0,-9999.0,-9999.0,-9999.0,-9999.0,-9999.0,-9999.0,-9999.0,color,orientation,size,0.3400000000000001,-2.5,804,male,1,1056.0246858330029
740,-9999.0,-9999.0,-9999.0,-9999.0,-9999.0,-9999.0,-9999.0,-9999.0,-9999.0,color,orientation,size,0.3400000000000001,-2.5,804,male,1,1056.0246858330029
741,-9999.0,-9999.0,-9999.0,-9999.0,-9999.0,-9999.0,-9999.0,-9999.0,-9999.0,color,orientation,size,0.3400000000000001,-2.5,804,male,1,1056.0246858330029
742,-9999.0,-9999.0,-9999.0,-9999.0,-9999.0,-9999.0,-9999.0,-9999.0,-9999.0,color,orientation,size,0.3400000000000001,-2.5,804,male,1,1056.0246858330029
743,-9999.0,-9999.0,-9999.0,-9999.0,-9999.0,-9999.0,-9999.0,-9999.0,-9999.0,color,orientation,size,0.3400000000000001,-2.5,804,male,1,1056.0246858330029
744,-9999.0,-9999.0,-9999.0,-9999.0,-9999.0,-9999.0,-9999.0,-9999.0,-9999.0,color,orientation,size,0.3400000000000001,-2.5,804,male,1,1056.0246858330029
745,-9999.0,-9999.0,-9999.0,-9999.0,-9999.0,-9999.0,-9999.0,-9999.0,-9999.0,color,orientation,size,0.3400000000000001,-2.5,804,male,1,1056.0246858330029
746,-9999.0,-9999.0,-9999.0,-9999.0,-9999.0,-9999.0,-9999.0,-9999.0,-9999.0,color,orientation,size,0.3400000000000001,-2.5,804,male,1,1056.0246858330029
747,-9999.0,-9999.0,-9999.0,-9999.0,-9999.0,-9999.0,-9999.0,-9999.0,-9999.0,color,orientation,size,0.3400000000000001,-2.5,804,male,1,1056.0246858330029
748,-9999.0,-9999.0,-9999.0,-9999.0,-9999.0,-9999.0,-9999.0,-9999.0,-9999.0,color,orientation,size,0.3400000000000001,-2.5,804,male,1,1056.0246858330029
749,-9999.0,-9999.0,-9999.0,-9999.0,-9999.0,-9999.0,-9999.0,-9999.0,-9999.0,color,orientation,size,0.3400000000000001,-2.5,804,male,1,1056.0246858330029
750,-9999.0,-9999.0,-9999.0,-9999.0,-9999.0,-9999.0,-9999.0,-9999.0,-9999.0,color,orientation,size,0.3400000000000001,-2.5,804,male,1,1056.0246858330029
751,-9999.0,-9999.0,-9999.0,-9999.0,-9999.0,-9999.0,-9999.0,-9999.0,-9999.0,color,orientation,size,0.3400000000000001,-2.5,804,male,1,1056.0246858330029
752,-9999.0,-9999.0,-9999.0,-9999.0,-9999.0,-9999.0,-9999.0,-9999.0,-9999.0,color,orientation,size,0.3400000000000001,-2.5,804,male,1,1056.0246858330029
753,-9999.0,-9999.0,-9999.0,-9999.0,-9999.0,-9999.0,-9999.0,-9999.0,-9999.0,color,orientation,size,0.3400000000000001,-2.5,804,male,1,1056.0246858330029
754,-9999.0,-9999.0,-9999.0,-9999.0,-9999.0,-9999.0,-9999.0,-9999.0,-9999.0,color,orientation,size,0.3400000000000001,-2.5,804,male,1,1056.0246858330029
755,-9999.0,-9999.0,-9999.0,-9999.0,-9999.0,-9999.0,-9999.0,-9999.0,-9999.0,color,orientation,size,0.3400000000000001,-2.5,804,male,1,1056.0246858330029
756,-9999.0,-9999.0,-9999.0,-9999.0,-9999.0,-9999.0,-9999.0,-9999.0,-9999.0,color,orientation,size,0.3400000000000001,-2.5,804,male,1,1056.0246858330029
757,-9999.0,-9999.0,-9999.0,-9999.0,-9999.0,-9999.0,-9999.0,-9999.0,-9999.0,color,orientation,size,0.3400000000000001,-2.5,804,male,1,1056.0246858330029
758,-9999.0,-9999.0,-9999.0,-9999.0,-9999.0,-9999.0,-9999.0,-9999.0,-9999.0,color,orientation,size,0.3400000000000001,-2.5,804,male,1,1056.0246858330029
759,-9999.0,-9999.0,-9999.0,-9999.0,-9999.0,-9999.0,-9999.0,-9999.0,-9999.0,color,orientation,size,0.3400000000000001,-2.5,804,male,1,1056.0246858330029
760,-9999.0,-9999.0,-9999.0,-9999.0,-9999.0,-9999.0,-9999.0,-9999.0,-9999.0,color,orientation,size,0.3400000000000001,-2.5,804,male,1,1056.0246858330029
761,-9999.0,-9999.0,-9999.0,-9999.0,-9999.0,-9999.0,-9999.0,-9999.0,-9999.0,color,orientation,size,0.3400000000000001,-2.5,804,male,1,1056.0246858330029
762,-9999.0,-9999.0,-9999.0,-9999.0,-9999.0,-9999.0,-9999.0,-9999.0,-9999.0,color,orientation,size,0.3400000000000001,-2.5,804,male,1,1056.0246858330029
763,-9999.0,-9999.0,-9999.0,-9999.0,-9999.0,-9999.0,-9999.0,-9999.0,-9999.0,color,orientation,size,0.3400000000000001,-2.5,804,male,1,1056.0246858330029
764,-9999.0,-9999.0,-9999.0,-9999.0,-9999.0,-9999.0,-9999.0,-9999.0,-9999.0,color,orientation,size,0.3400000000000001,-2.5,804,male,1,1056.0246858330029
765,-9999.0,-9999.0,-9999.0,-9999.0,-9999.0,-9999.0,-9999.0,-9999.0,-9999.0,color,orientation,size,0.3400000000000001,-2.5,804,male,1,1056.0246858330029
766,-9999.0,-9999.0,-9999.0,-9999.0,-9999.0,-9999.0,-9999.0,-9999.0,-9999.0,color,orientation,size,0.3400000000000001,-2.5,804,male,1,1056.0246858330029
767,-9999.0,-9999.0,-9999.0,-9999.0,-9999.0,-9999.0,-9999.0,-9999.0,-9999.0,color,orientation,size,0.3400000000000001,-2.5,804,male,1,1056.0246858330029
768,-9999.0,-9999.0,-9999.0,-9999.0,-9999.0,-9999.0,-9999.0,-9999.0,-9999.0,color,orientation,size,0.3400000000000001,-2.5,804,male,1,1056.0246858330029
769,-9999.0,-9999.0,-9999.0,-9999.0,-9999.0,-9999.0,-9999.0,-9999.0,-9999.0,color,orientation,size,0.3400000000000001,-2.5,804,male,1,1056.0246858330029
770,-9999.0,-9999.0,-9999.0,-9999.0,-9999.0,-9999.0,-9999.0,-9999.0,-9999.0,color,orientation,size,0.3400000000000001,-2.5,804,male,1,1056.0246858330029
771,-9999.0,-9999.0,-9999.0,-9999.0,-9999.0,-9999.0,-9999.0,-9999.0,-9999.0,color,orientation,size,0.3400000000000001,-2.5,804,male,1,1056.0246858330029
772,-9999.0,-9999.0,-9999.0,-9999.0,-9999.0,-9999.0,-9999.0,-9999.0,-9999.0,color,orientation,size,0.3400000000000001,-2.5,804,male,1,1056.0246858330029
773,-9999.0,-9999.0,-9999.0,-9999.0,-9999.0,-9999.0,-9999.0,-9999.0,-9999.0,color,orientation,size,0.3400000000000001,-2.5,804,male,1,1056.0246858330029
774,-9999.0,-9999.0,-9999.0,-9999.0,-9999.0,-9999.0,-9999.0,-9999.0,-9999.0,color,orientation,size,0.3400000000000001,-2.5,804,male,1,1056.0246858330029
775,-9999.0,-9999.0,-9999.0,-9999.0,-9999.0,-9999.0,-9999.0,-9999.0,-9999.0,color,orientation,size,0.3400000000000001,-2.5,804,male,1,1056.0246858330029
776,-9999.0,-9999.0,-9999.0,-9999.0,-9999.0,-9999.0,-9999.0,-9999.0,-9999.0,color,orientation,size,0.3400000000000001,-2.5,804,male,1,1056.0246858330029
777,-9999.0,-9999.0,-9999.0,-9999.0,-9999.0,-9999.0,-9999.0,-9999.0,-9999.0,color,orientation,size,0.3400000000000001,-2.5,804,male,1,1056.0246858330029
778,-9999.0,-9999.0,-9999.0,-9999.0,-9999.0,-9999.0,-9999.0,-9999.0,-9999.0,color,orientation,size,0.3400000000000001,-2.5,804,male,1,1056.0246858330029
779,-9999.0,-9999.0,-9999.0,-9999.0,-9999.0,-9999.0,-9999.0,-9999.0,-9999.0,color,orientation,size,0.3400000000000001,-2.5,804,male,1,1056.0246858330029
780,-9999.0,-9999.0,-9999.0,-9999.0,-9999.0,-9999.0,-9999.0,-9999.0,-9999.0,color,orientation,size,0.3400000000000001,-2.5,804,male,1,1056.0246858330029
781,-9999.0,-9999.0,-9999.0,-9999.0,-9999.0,-9999.0,-9999.0,-9999.0,-9999.0,color,orientation,size,0.3400000000000001,-2.5,804,male,1,1056.0246858330029
782,-9999.0,-9999.0,-9999.0,-9999.0,-9999.0,-9999.0,-9999.0,-9999.0,-9999.0,color,orientation,size,0.3400000000000001,-2.5,804,male,1,1056.0246858330029
783,-9999.0,-9999.0,-9999.0,-9999.0,-9999.0,-9999.0,-9999.0,-9999.0,-9999.0,color,orientation,size,0.3400000000000001,-2.5,804,male,1,1056.0246858330029
784,-9999.0,-9999.0,-9999.0,-9999.0,-9999.0,-9999.0,-9999.0,-9999.0,-9999.0,color,orientation,size,0.3400000000000001,-2.5,804,male,1,1056.0246858330029
785,-9999.0,-9999.0,-9999.0,-9999.0,-9999.0,-9999.0,-9999.0,-9999.0,-9999.0,color,orientation,size,0.3400000000000001,-2.5,804,male,1,1056.0246858330029
786,-9999.0,-9999.0,-9999.0,-9999.0,-9999.0,-9999.0,-9999.0,-9999.0,-9999.0,color,orientation,size,0.3400000000000001,-2.5,804,male,1,1056.0246858330029
787,-9999.0,-9999.0,-9999.0,-9999.0,-9999.0,-9999.0,-9999.0,-9999.0,-9999.0,color,orientation,size,0.3400000000000001,-2.5,804,male,1,1056.0246858330029
788,-9999.0,-9999.0,-9999.0,-9999.0,-9999.0,-9999.0,-9999.0,-9999.0,-9999.0,color,orientation,size,0.3400000000000001,-2.5,804,male,1,1056.0246858330029
789,-9999.0,-9999.0,-9999.0,-9999.0,-9999.0,-9999.0,-9999.0,-9999.0,-9999.0,color,orientation,size,0.3400000000000001,-2.5,804,male,1,1056.0246858330029
790,-9999.0,-9999.0,-9999.0,-9999.0,-9999.0,-9999.0,-9999.0,-9999.0,-9999.0,color,orientation,size,0.3400000000000001,-2.5,804,male,1,1056.0246858330029
791,-9999.0,-9999.0,-9999.0,-9999.0,-9999.0,-9999.0,-9999.0,-9999.0,-9999.0,color,orientation,size,0.3400000000000001,-2.5,804,male,1,1056.0246858330029
792,-9999.0,-9999.0,-9999.0,-9999.0,-9999.0,-9999.0,-9999.0,-9999.0,-9999.0,color,orientation,size,0.3400000000000001,-2.5,804,male,1,1056.0246858330029
793,-9999.0,-9999.0,-9999.0,-9999.0,-9999.0,-9999.0,-9999.0,-9999.0,-9999.0,color,orientation,size,0.3400000000000001,-2.5,804,male,1,1056.0246858330029
794,-9999.0,-9999.0,-9999.0,-9999.0,-9999.0,-9999.0,-9999.0,-9999.0,-9999.0,color,orientation,size,0.3400000000000001,-2.5,804,male,1,1056.0246858330029
795,-9999.0,-9999.0,-9999.0,-9999.0,-9999.0,-9999.0,-9999.0,-9999.0,-9999.0,color,orientation,size,0.3400000000000001,-2.5,804,male,1,1056.0246858330029
796,-9999.0,-9999.0,-9999.0,-9999.0,-9999.0,-9999.0,-9999.0,-9999.0,-9999.0,color,orientation,size,0.3400000000000001,-2.5,804,male,1,1056.0246858330029
797,-9999.0,-9999.0,-9999.0,-9999.0,-9999.0,-9999.0,-9999.0,-9999.0,-9999.0,color,orientation,size,0.3400000000000001,-2.5,804,male,1,1056.0246858330029
798,-9999.0,-9999.0,-9999.0,-9999.0,-9999.0,-9999.0,-9999.0,-9999.0,-9999.0,color,orientation,size,0.3400000000000001,-2.5,804,male,1,1056.0246858330029
799,-9999.0,-9999.0,-9999.0,-9999.0,-9999.0,-9999.0,-9999.0,-9999.0,-9999.0,color,orientation,size,0.3400000000000001,-2.5,804,male,1,1056.0246858330029
800,-9999.0,-9999.0,-9999.0,-9999.0,-9999.0,-9999.0,-9999.0,-9999.0,-9999.0,color,orientation,size,0.3400000000000001,-2.5,804,male,1,1056.0246858330029
801,-9999.0,-9999.0,-9999.0,-9999.0,-9999.0,-9999.0,-9999.0,-9999.0,-9999.0,color,orientation,size,0.3400000000000001,-2.5,804,male,1,1056.0246858330029
802,-9999.0,-9999.0,-9999.0,-9999.0,-9999.0,-9999.0,-9999.0,-9999.0,-9999.0,color,orientation,size,0.3400000000000001,-2.5,804,male,1,1056.0246858330029
803,-9999.0,-9999.0,-9999.0,-9999.0,-9999.0,-9999.0,-9999.0,-9999.0,-9999.0,color,orientation,size,0.3400000000000001,-2.5,804,male,1,1056.0246858330029
804,-9999.0,-9999.0,-9999.0,-9999.0,-9999.0,-9999.0,-9999.0,-9999.0,-9999.0,color,orientation,size,0.3400000000000001,-2.5,804,male,1,1056.0246858330029
805,-9999.0,-9999.0,-9999.0,-9999.0,-9999.0,-9999.0,-9999.0,-9999.0,-9999.0,color,orientation,size,0.3400000000000001,-2.5,804,male,1,1056.0246858330029
806,-9999.0,-9999.0,-9999.0,-9999.0,-9999.0,-9999.0,-9999.0,-9999.0,-9999.0,color,orientation,size,0.3400000000000001,-2.5,804,male,1,1056.0246858330029
807,-9999.0,-9999.0,-9999.0,-9999.0,-9999.0,-9999.0,-9999.0,-9999.0,-9999.0,color,orientation,size,0.3400000000000001,-2.5,804,male,1,1056.0246858330029
808,-9999.0,-9999.0,-9999.0,-9999.0,-9999.0,-9999.0,-9999.0,-9999.0,-9999.0,color,orientation,size,0.3400000000000001,-2.5,804,male,1,1056.0246858330029
809,-9999.0,-9999.0,-9999.0,-9999.0,-9999.0,-9999.0,-9999.0,-9999.0,-9999.0,color,orientation,size,0.3400000000000001,-2.5,804,male,1,1056.0246858330029
810,-9999.0,-9999.0,-9999.0,-9999.0,-9999.0,-9999.0,-9999.0,-9999.0,-9999.0,color,orientation,size,0.3400000000000001,-2.5,804,male,1,1056.0246858330029
811,-9999.0,-9999.0,-9999.0,-9999.0,-9999.0,-9999.0,-9999.0,-9999.0,-9999.0,color,orientation,size,0.3400000000000001,-2.5,804,male,1,1056.0246858330029
812,-9999.0,-9999.0,-9999.0,-9999.0,-9999.0,-9999.0,-9999.0,-9999.0,-9999.0,color,orientation,size,0.3400000000000001,-2.5,804,male,1,1056.0246858330029
813,-9999.0,-9999.0,-9999.0,-9999.0,-9999.0,-9999.0,-9999.0,-9999.0,-9999.0,color,orientation,size,0.3400000000000001,-2.5,804,male,1,1056.0246858330029
814,-9999.0,-9999.0,-9999.0,-9999.0,-9999.0,-9999.0,-9999.0,-9999.0,-9999.0,color,orientation,size,0.3400000000000001,-2.5,804,male,1,1056.0246858330029
815,-9999.0,-9999.0,-9999.0,-9999.0,-9999.0,-9999.0,-9999.0,-9999.0,-9999.0,color,orientation,size,0.3400000000000001,-2.5,804,male,1,1056.0246858330029
816,-9999.0,-9999.0,-9999.0,-9999.0,-9999.0,-9999.0,-9999.0,-9999.0,-9999.0,color,orientation,size,0.3400000000000001,-2.5,804,male,1,1056.0246858330029
817,-9999.0,-9999.0,-9999.0,-9999.0,-9999.0,-9999.0,-9999.0,-9999.0,-9999.0,color,orientation,size,0.3400000000000001,-2.5,804,male,1,1056.0246858330029
818,-9999.0,-9999.0,-9999.0,-9999.0,-9999.0,-9999.0,-9999.0,-9999.0,-9999.0,color,orientation,size,0.3400000000000001,-2.5,804,male,1,1056.0246858330029
819,-9999.0,-9999.0,-9999.0,-9999.0,-9999.0,-9999.0,-9999.0,-9999.0,-9999.0,color,orientation,size,0.3400000000000001,-2.5,804,male,1,1056.0246858330029
820,-9999.0,-9999.0,-9999.0,-9999.0,-9999.0,-9999.0,-9999.0,-9999.0,-9999.0,color,orientation,size,0.3400000000000001,-2.5,804,male,1,1056.0246858330029
821,-9999.0,-9999.0,-9999.0,-9999.0,-9999.0,-9999.0,-9999.0,-9999.0,-9999.0,color,orientation,size,0.3400000000000001,-2.5,804,male,1,1056.0246858330029
822,-9999.0,-9999.0,-9999.0,-9999.0,-9999.0,-9999.0,-9999.0,-9999.0,-9999.0,color,orientation,size,0.3400000000000001,-2.5,804,male,1,1056.0246858330029
823,-9999.0,-9999.0,-9999.0,-9999.0,-9999.0,-9999.0,-9999.0,-9999.0,-9999.0,color,orientation,size,0.3400000000000001,-2.5,804,male,1,1056.0246858330029
824,-9999.0,-9999.0,-9999.0,-9999.0,-9999.0,-9999.0,-9999.0,-9999.0,-9999.0,color,orientation,size,0.3400000000000001,-2.5,804,male,1,1056.0246858330029
825,-9999.0,-9999.0,-9999.0,-9999.0,-9999.0,-9999.0,-9999.0,-9999.0,-9999.0,color,orientation,size,0.3400000000000001,-2.5,804,male,1,1056.0246858330029
826,-9999.0,-9999.0,-9999.0,-9999.0,-9999.0,-9999.0,-9999.0,-9999.0,-9999.0,color,orientation,size,0.3400000000000001,-2.5,804,male,1,1056.0246858330029
827,-9999.0,-9999.0,-9999.0,-9999.0,-9999.0,-9999.0,-9999.0,-9999.0,-9999.0,color,orientation,size,0.3400000000000001,-2.5,804,male,1,1056.0246858330029
828,-9999.0,-9999.0,-9999.0,-9999.0,-9999.0,-9999.0,-9999.0,-9999.0,-9999.0,color,orientation,size,0.3400000000000001,-2.5,804,male,1,1056.0246858330029
829,-9999.0,-9999.0,-9999.0,-9999.0,-9999.0,-9999.0,-9999.0,-9999.0,-9999.0,color,orientation,size,0.3400000000000001,-2.5,804,male,1,1056.0246858330029
830,-9999.0,-9999.0,-9999.0,-9999.0,-9999.0,-9999.0,-9999.0,-9999.0,-9999.0,color,orientation,size,0.3400000000000001,-2.5,804,male,1,1056.0246858330029
831,-9999.0,-9999.0,-9999.0,-9999.0,-9999.0,-9999.0,-9999.0,-9999.0,-9999.0,color,orientation,size,0.3400000000000001,-2.5,804,male,1,1056.0246858330029
832,-9999.0,-9999.0,-9999.0,-9999.0,-9999.0,-9999.0,-9999.0,-9999.0,-9999.0,color,orientation,size,0.3400000000000001,-2.5,804,male,1,1056.0246858330029
833,-9999.0,-9999.0,-9999.0,-9999.0,-9999.0,-9999.0,-9999.0,-9999.0,-9999.0,color,orientation,size,0.3400000000000001,-2.5,804,male,1,1056.0246858330029
834,-9999.0,-9999.0,-9999.0,-9999.0,-9999.0,-9999.0,-9999.0,-9999.0,-9999.0,color,orientation,size,0.3400000000000001,-2.5,804,male,1,1056.0246858330029
835,-9999.0,-9999.0,-9999.0,-9999.0,-9999.0,-9999.0,-9999.0,-9999.0,-9999.0,color,orientation,size,0.3400000000000001,-2.5,804,male,1,1056.0246858330029
836,-9999.0,-9999.0,-9999.0,-9999.0,-9999.0,-9999.0,-9999.0,-9999.0,-9999.0,color,orientation,size,0.3400000000000001,-2.5,804,male,1,1056.0246858330029
837,-9999.0,-9999.0,-9999.0,-9999.0,-9999.0,-9999.0,-9999.0,-9999.0,-9999.0,color,orientation,size,0.3400000000000001,-2.5,804,male,1,1056.0246858330029
838,-9999.0,-9999.0,-9999.0,-9999.0,-9999.0,-9999.0,-9999.0,-9999.0,-9999.0,color,orientation,size,0.3400000000000001,-2.5,804,male,1,1056.0246858330029
839,-9999.0,-9999.0,-9999.0,-9999.0,-9999.0,-9999.0,-9999.0,-9999.0,-9999.0,color,orientation,size,0.3400000000000001,-2.5,804,male,1,1056.0246858330029
840,-9999.0,-9999.0,-9999.0,-9999.0,-9999.0,-9999.0,-9999.0,-9999.0,-9999.0,color,orientation,size,0.3400000000000001,-2.5,804,male,1,1056.0246858330029
841,-9999.0,-9999.0,-9999.0,-9999.0,-9999.0,-9999.0,-9999.0,-9999.0,-9999.0,color,orientation,size,0.3400000000000001,-2.5,804,male,1,1056.0246858330029
842,-9999.0,-9999.0,-9999.0,-9999.0,-9999.0,-9999.0,-9999.0,-9999.0,-9999.0,color,orientation,size,0.3400000000000001,-2.5,804,male,1,1056.0246858330029
843,-9999.0,-9999.0,-9999.0,-9999.0,-9999.0,-9999.0,-9999.0,-9999.0,-9999.0,color,orientation,size,0.3400000000000001,-2.5,804,male,1,1056.0246858330029
844,-9999.0,-9999.0,-9999.0,-9999.0,-9999.0,-9999.0,-9999.0,-9999.0,-9999.0,color,orientation,size,0.3400000000000001,-2.5,804,male,1,1056.0246858330029
845,-9999.0,-9999.0,-9999.0,-9999.0,-9999.0,-9999.0,-9999.0,-9999.0,-9999.0,color,orientation,size,0.3400000000000001,-2.5,804,male,1,1056.0246858330029
846,-9999.0,-9999.0,-9999.0,-9999.0,-9999.0,-9999.0,-9999.0,-9999.0,-9999.0,color,orientation,size,0.3400000000000001,-2.5,804,male,1,1056.0246858330029
847,-9999.0,-9999.0,-9999.0,-9999.0,-9999.0,-9999.0,-9999.0,-9999.0,-9999.0,color,orientation,size,0.3400000000000001,-2.5,804,male,1,1056.0246858330029
848,-9999.0,-9999.0,-9999.0,-9999.0,-9999.0,-9999.0,-9999.0,-9999.0,-9999.0,color,orientation,size,0.3400000000000001,-2.5,804,male,1,1056.0246858330029
849,-9999.0,-9999.0,-9999.0,-9999.0,-9999.0,-9999.0,-9999.0,-9999.0,-9999.0,color,orientation,size,0.3400000000000001,-2.5,804,male,1,1056.0246858330029
850,-9999.0,-9999.0,-9999.0,-9999.0,-9999.0,-9999.0,-9999.0,-9999.0,-9999.0,color,orientation,size,0.3400000000000001,-2.5,804,male,1,1056.0246858330029
851,-9999.0,-9999.0,-9999.0,-9999.0,-9999.0,-9999.0,-9999.0,-9999.0,-9999.0,color,orientation,size,0.3400000000000001,-2.5,804,male,1,1056.0246858330029
852,-9999.0,-9999.0,-9999.0,-9999.0,-9999.0,-9999.0,-9999.0,-9999.0,-9999.0,color,orientation,size,0.3400000000000001,-2.5,804,male,1,1056.0246858330029
853,-9999.0,-9999.0,-9999.0,-9999.0,-9999.0,-9999.0,-9999.0,-9999.0,-9999.0,color,orientation,size,0.3400000000000001,-2.5,804,male,1,1056.0246858330029
854,-9999.0,-9999.0,-9999.0,-9999.0,-9999.0,-9999.0,-9999.0,-9999.0,-9999.0,color,orientation,size,0.3400000000000001,-2.5,804,male,1,1056.0246858330029
855,-9999.0,-9999.0,-9999.0,-9999.0,-9999.0,-9999.0,-9999.0,-9999.0,-9999.0,color,orientation,size,0.3400000000000001,-2.5,804,male,1,1056.0246858330029
856,-9999.0,-9999.0,-9999.0,-9999.0,-9999.0,-9999.0,-9999.0,-9999.0,-9999.0,color,orientation,size,0.3400000000000001,-2.5,804,male,1,1056.0246858330029
857,-9999.0,-9999.0,-9999.0,-9999.0,-9999.0,-9999.0,-9999.0,-9999.0,-9999.0,color,orientation,size,0.3400000000000001,-2.5,804,male,1,1056.0246858330029
858,-9999.0,-9999.0,-9999.0,-9999.0,-9999.0,-9999.0,-9999.0,-9999.0,-9999.0,color,orientation,size,0.3400000000000001,-2.5,804,male,1,1056.0246858330029
859,-9999.0,-9999.0,-9999.0,-9999.0,-9999.0,-9999.0,-9999.0,-9999.0,-9999.0,color,orientation,size,0.3400000000000001,-2.5,804,male,1,1056.0246858330029
860,-9999.0,-9999.0,-9999.0,-9999.0,-9999.0,-9999.0,-9999.0,-9999.0,-9999.0,color,orientation,size,0.3400000000000001,-2.5,804,male,1,1056.0246858330029
861,-9999.0,-9999.0,-9999.0,-9999.0,-9999.0,-9999.0,-9999.0,-9999.0,-9999.0,color,orientation,size,0.3400000000000001,-2.5,804,male,1,1056.0246858330029
862,-9999.0,-9999.0,-9999.0,-9999.0,-9999.0,-9999.0,-9999.0,-9999.0,-9999.0,color,orientation,size,0.3400000000000001,-2.5,804,male,1,1056.0246858330029
863,-9999.0,-9999.0,-9999.0,-9999.0,-9999.0,-9999.0,-9999.0,-9999.0,-9999.0,color,orientation,size,0.3400000000000001,-2.5,804,male,1,1056.0246858330029
864,-9999.0,-9999.0,-9999.0,-9999.0,-9999.0,-9999.0,-9999.0,-9999.0,-9999.0,color,orientation,size,0.3400000000000001,-2.5,804,male,1,1056.0246858330029
865,-9999.0,-9999.0,-9999.0,-9999.0,-9999.0,-9999.0,-9999.0,-9999.0,-9999.0,color,orientation,size,0.3400000000000001,-2.5,804,male,1,1056.0246858330029
866,-9999.0,-9999.0,-9999.0,-9999.0,-9999.0,-9999.0,-9999.0,-9999.0,-9999.0,color,orientation,size,0.3400000000000001,-2.5,804,male,1,1056.0246858330029
867,-9999.0,-9999.0,-9999.0,-9999.0,-9999.0,-9999.0,-9999.0,-9999.0,-9999.0,color,orientation,size,0.3400000000000001,-2.5,804,male,1,1056.0246858330029
868,-9999.0,-9999.0,-9999.0,-9999.0,-9999.0,-9999.0,-9999.0,-9999.0,-9999.0,color,orientation,size,0.3400000000000001,-2.5,804,male,1,1056.0246858330029
869,-9999.0,-9999.0,-9999.0,-9999.0,-9999.0,-9999.0,-9999.0,-9999.0,-9999.0,color,orientation,size,0.3400000000000001,-2.5,804,male,1,1056.0246858330029
870,-9999.0,-9999.0,-9999.0,-9999.0,-9999.0,-9999.0,-9999.0,-9999.0,-9999.0,color,orientation,size,0.3400000000000001,-2.5,804,male,1,1056.0246858330029
871,-9999.0,-9999.0,-9999.0,-9999.0,-9999.0,-9999.0,-9999.0,-9999.0,-9999.0,color,orientation,size,0.3400000000000001,-2.5,804,male,1,1056.0246858330029
872,-9999.0,-9999.0,-9999.0,-9999.0,-9999.0,-9999.0,-9999.0,-9999.0,-9999.0,color,orientation,size,0.3400000000000001,-2.5,804,male,1,1056.0246858330029
873,-9999.0,-9999.0,-9999.0,-9999.0,-9999.0,-9999.0,-9999.0,-9999.0,-9999.0,color,orientation,size,0.3400000000000001,-2.5,804,male,1,1056.0246858330029
874,-9999.0,-9999.0,-9999.0,-9999.0,-9999.0,-9999.0,-9999.0,-9999.0,-9999.0,color,orientation,size,0.3400000000000001,-2.5,804,male,1,1056.0246858330029
875,-9999.0,-9999.0,-9999.0,-9999.0,-9999.0,-9999.0,-9999.0,-9999.0,-9999.0,color,orientation,size,0.3400000000000001,-2.5,804,male,1,1056.0246858330029
876,-9999.0,-9999.0,-9999.0,-9999.0,-9999.0,-9999.0,-9999.0,-9999.0,-9999.0,color,orientation,size,0.3400000000000001,-2.5,804,male,1,1056.0246858330029
877,-9999.0,-9999.0,-9999.0,-9999.0,-9999.0,-9999.0,-9999.0,-9999.0,-9999.0,color,orientation,size,0.3400000000000001,-2.5,804,male,1,1056.0246858330029
878,-9999.0,-9999.0,-9999.0,-9999.0,-9999.0,-9999.0,-9999.0,-9999.0,-9999.0,color,orientation,size,0.3400000000000001,-2.5,804,male,1,1056.0246858330029
879,-9999.0,-9999.0,-9999.0,-9999.0,-9999.0,-9999.0,-9999.0,-9999.0,-9999.0,color,orientation,size,0.3400000000000001,-2.5,804,male,1,1056.0246858330029
880,-9999.0,-9999.0,-9999.0,-9999.0,-9999.0,-9999.0,-9999.0,-9999.0,-9999.0,color,orientation,size,0.3400000000000001,-2.5,804,male,1,1056.0246858330029
881,-9999.0,-9999.0,-9999.0,-9999.0,-9999.0,-9999.0,-9999.0,-9999.0,-9999.0,color,orientation,size,0.3400000000000001,-2.5,804,male,1,1056.0246858330029
882,-9999.0,-9999.0,-9999.0,-9999.0,-9999.0,-9999.0,-9999.0,-9999.0,-9999.0,color,orientation,size,0.3400000000000001,-2.5,804,male,1,1056.0246858330029
883,-9999.0,-9999.0,-9999.0,-9999.0,-9999.0,-9999.0,-9999.0,-9999.0,-9999.0,color,orientation,size,0.3400000000000001,-2.5,804,male,1,1056.0246858330029
884,-9999.0,-9999.0,-9999.0,-9999.0,-9999.0,-9999.0,-9999.0,-9999.0,-9999.0,color,orientation,size,0.3400000000000001,-2.5,804,male,1,1056.0246858330029
885,-9999.0,-9999.0,-9999.0,-9999.0,-9999.0,-9999.0,-9999.0,-9999.0,-9999.0,color,orientation,size,0.3400000000000001,-2.5,804,male,1,1056.0246858330029
886,-9999.0,-9999.0,-9999.0,-9999.0,-9999.0,-9999.0,-9999.0,-9999.0,-9999.0,color,orientation,size,0.3400000000000001,-2.5,804,male,1,1056.0246858330029
887,-9999.0,-9999.0,-9999.0,-9999.0,-9999.0,-9999.0,-9999.0,-9999.0,-9999.0,color,orientation,size,0.3400000000000001,-2.5,804,male,1,1056.0246858330029
888,-9999.0,-9999.0,-9999.0,-9999.0,-9999.0,-9999.0,-9999.0,-9999.0,-9999.0,color,orientation,size,0.3400000000000001,-2.5,804,male,1,1056.0246858330029
889,-9999.0,-9999.0,-9999.0,-9999.0,-9999.0,-9999.0,-9999.0,-9999.0,-9999.0,color,orientation,size,0.3400000000000001,-2.5,804,male,1,1056.0246858330029
890,-9999.0,-9999.0,-9999.0,-9999.0,-9999.0,-9999.0,-9999.0,-9999.0,-9999.0,color,orientation,size,0.3400000000000001,-2.5,804,male,1,1056.0246858330029
891,-9999.0,-9999.0,-9999.0,-9999.0,-9999.0,-9999.0,-9999.0,-9999.0,-9999.0,color,orientation,size,0.3400000000000001,-2.5,804,male,1,1056.0246858330029
892,-9999.0,-9999.0,-9999.0,-9999.0,-9999.0,-9999.0,-9999.0,-9999.0,-9999.0,color,orientation,size,0.3400000000000001,-2.5,804,male,1,1056.0246858330029
893,-9999.0,-9999.0,-9999.0,-9999.0,-9999.0,-9999.0,-9999.0,-9999.0,-9999.0,color,orientation,size,0.3400000000000001,-2.5,804,male,1,1056.0246858330029
894,-9999.0,-9999.0,-9999.0,-9999.0,-9999.0,-9999.0,-9999.0,-9999.0,-9999.0,color,orientation,size,0.3400000000000001,-2.5,804,male,1,1056.0246858330029
895,-9999.0,-9999.0,-9999.0,-9999.0,-9999.0,-9999.0,-9999.0,-9999.0,-9999.0,color,orientation,size,0.3400000000000001,-2.5,804,male,1,1056.0246858330029
896,-9999.0,-9999.0,-9999.0,-9999.0,-9999.0,-9999.0,-9999.0,-9999.0,-9999.0,color,orientation,size,0.3400000000000001,-2.5,804,male,1,1056.0246858330029
897,-9999.0,-9999.0,-9999.0,-9999.0,-9999.0,-9999.0,-9999.0,-9999.0,-9999.0,color,orientation,size,0.3400000000000001,-2.5,804,male,1,1056.0246858330029
898,-9999.0,-9999.0,-9999.0,-9999.0,-9999.0,-9999.0,-9999.0,-9999.0,-9999.0,color,orientation,size,0.3400000000000001,-2.5,804,male,1,1056.0246858330029
899,-9999.0,-9999.0,-9999.0,-9999.0,-9999.0,-9999.0,-9999.0,-9999.0,-9999.0,color,orientation,size,0.3400000000000001,-2.5,804,male,1,1056.0246858330029
900,-9999.0,-9999.0,-9999.0,-9999.0,-9999.0,-9999.0,-9999.0,-9999.0,-9999.0,color,orientation,size,0.3400000000000001,-2.5,804,male,1,1056.0246858330029
901,-9999.0,-9999.0,-9999.0,-9999.0,-9999.0,-9999.0,-9999.0,-9999.0,-9999.0,color,orientation,size,0.3400000000000001,-2.5,804,male,1,1056.0246858330029
902,-9999.0,-9999.0,-9999.0,-9999.0,-9999.0,-9999.0,-9999.0,-9999.0,-9999.0,color,orientation,size,0.3400000000000001,-2.5,804,male,1,1056.0246858330029
903,-9999.0,-9999.0,-9999.0,-9999.0,-9999.0,-9999.0,-9999.0,-9999.0,-9999.0,color,orientation,size,0.3400000000000001,-2.5,804,male,1,1056.0246858330029
904,-9999.0,-9999.0,-9999.0,-9999.0,-9999.0,-9999.0,-9999.0,-9999.0,-9999.0,color,orientation,size,0.3400000000000001,-2.5,804,male,1,1056.0246858330029
905,-9999.0,-9999.0,-9999.0,-9999.0,-9999.0,-9999.0,-9999.0,-9999.0,-9999.0,color,orientation,size,0.3400000000000001,-2.5,804,male,1,1056.0246858330029
906,-9999.0,-9999.0,-9999.0,-9999.0,-9999.0,-9999.0,-9999.0,-9999.0,-9999.0,color,orientation,size,0.3400000000000001,-2.5,804,male,1,1056.0246858330029
907,-9999.0,-9999.0,-9999.0,-9999.0,-9999.0,-9999.0,-9999.0,-9999.0,-9999.0,color,orientation,size,0.3400000000000001,-2.5,804,male,1,1056.0246858330029
908,-9999.0,-9999.0,-9999.0,-9999.0,-9999.0,-9999.0,-9999.0,-9999.0,-9999.0,color,orientation,size,0.3400000000000001,-2.5,804,male,1,1056.0246858330029
909,-9999.0,-9999.0,-9999.0,-9999.0,-9999.0,-9999.0,-9999.0,-9999.0,-9999.0,color,orientation,size,0.3400000000000001,-2.5,804,male,1,1056.0246858330029
910,-9999.0,-9999.0,-9999.0,-9999.0,-9999.0,-9999.0,-9999.0,-9999.0,-9999.0,color,orientation,size,0.3400000000000001,-2.5,804,male,1,1056.0246858330029
911,-9999.0,-9999.0,-9999.0,-9999.0,-9999.0,-9999.0,-9999.0,-9999.0,-9999.0,color,orientation,size,0.3400000000000001,-2.5,804,male,1,1056.0246858330029
912,-9999.0,-9999.0,-9999.0,-9999.0,-9999.0,-9999.0,-9999.0,-9999.0,-9999.0,color,orientation,size,0.3400000000000001,-2.5,804,male,1,1056.0246858330029
913,-9999.0,-9999.0,-9999.0,-9999.0,-9999.0,-9999.0,-9999.0,-9999.0,-9999.0,color,orientation,size,0.3400000000000001,-2.5,804,male,1,1056.0246858330029
914,-9999.0,-9999.0,-9999.0,-9999.0,-9999.0,-9999.0,-9999.0,-9999.0,-9999.0,color,orientation,size,0.3400000000000001,-2.5,804,male,1,1056.0246858330029
915,-9999.0,-9999.0,-9999.0,-9999.0,-9999.0,-9999.0,-9999.0,-9999.0,-9999.0,color,orientation,size,0.3400000000000001,-2.5,804,male,1,1056.0246858330029
916,-9999.0,-9999.0,-9999.0,-9999.0,-9999.0,-9999.0,-9999.0,-9999.0,-9999.0,color,orientation,size,0.3400000000000001,-2.5,804,male,1,1056.0246858330029
917,-9999.0,-9999.0,-9999.0,-9999.0,-9999.0,-9999.0,-9999.0,-9999.0,-9999.0,color,orientation,size,0.3400000000000001,-2.5,804,male,1,1056.0246858330029
918,-9999.0,-9999.0,-9999.0,-9999.0,-9999.0,-9999.0,-9999.0,-9999.0,-9999.0,color,orientation,size,0.3400000000000001,-2.5,804,male,1,1056.0246858330029
919,-9999.0,-9999.0,-9999.0,-9999.0,-9999.0,-9999.0,-9999.0,-9999.0,-9999.0,color,orientation,size,0.3400000000000001,-2.5,804,male,1,1056.0246858330029
920,-9999.0,-9999.0,-9999.0,-9999.0,-9999.0,-9999.0,-9999.0,-9999.0,-9999.0,color,orientation,size,0.3400000000000001,-2.5,804,male,1,1056.0246858330029
921,-9999.0,-9999.0,-9999.0,-9999.0,-9999.0,-9999.0,-9999.0,-9999.0,-9999.0,color,orientation,size,0.3400000000000001,-2.5,804,male,1,1056.0246858330029
922,-9999.0,-9999.0,-9999.0,-9999.0,-9999.0,-9999.0,-9999.0,-9999.0,-9999.0,color,orientation,size,0.3400000000000001,-2.5,804,male,1,1056.0246858330029
923,-9999.0,-9999.0,-9999.0,-9999.0,-9999.0,-9999.0,-9999.0,-9999.0,-9999.0,color,orientation,size,0.3400000000000001,-2.5,804,male,1,1056.0246858330029
924,-9999.0,-9999.0,-9999.0,-9999.0,-9999.0,-9999.0,-9999.0,-9999.0,-9999.0,color,orientation,size,0.3400000000000001,-2.5,804,male,1,1056.0246858330029
925,-9999.0,-9999.0,-9999.0,-9999.0,-9999.0,-9999.0,-9999.0,-9999.0,-9999.0,color,orientation,size,0.3400000000000001,-2.5,804,male,1,1056.0246858330029
926,-9999.0,-9999.0,-9999.0,-9999.0,-9999.0,-9999.0,-9999.0,-9999.0,-9999.0,color,orientation,size,0.3400000000000001,-2.5,804,male,1,1056.0246858330029
927,-9999.0,-9999.0,-9999.0,-9999.0,-9999.0,-9999.0,-9999.0,-9999.0,-9999.0,color,orientation,size,0.3400000000000001,-2.5,804,male,1,1056.0246858330029
928,-9999.0,-9999.0,-9999.0,-9999.0,-9999.0,-9999.0,-9999.0,-9999.0,-9999.0,color,orientation,size,0.3400000000000001,-2.5,804,male,1,1056.0246858330029
929,-9999.0,-9999.0,-9999.0,-9999.0,-9999.0,-9999.0,-9999.0,-9999.0,-9999.0,color,orientation,size,0.3400000000000001,-2.5,804,male,1,1056.0246858330029
930,-9999.0,-9999.0,-9999.0,-9999.0,-9999.0,-9999.0,-9999.0,-9999.0,-9999.0,color,orientation,size,0.3400000000000001,-2.5,804,male,1,1056.0246858330029
931,-9999.0,-9999.0,-9999.0,-9999.0,-9999.0,-9999.0,-9999.0,-9999.0,-9999.0,color,orientation,size,0.3400000000000001,-2.5,804,male,1,1056.0246858330029
932,-9999.0,-9999.0,-9999.0,-9999.0,-9999.0,-9999.0,-9999.0,-9999.0,-9999.0,color,orientation,size,0.3400000000000001,-2.5,804,male,1,1056.0246858330029
933,-9999.0,-9999.0,-9999.0,-9999.0,-9999.0,-9999.0,-9999.0,-9999.0,-9999.0,color,orientation,size,0.3400000000000001,-2.5,804,male,1,1056.0246858330029
934,-9999.0,-9999.0,-9999.0,-9999.0,-9999.0,-9999.0,-9999.0,-9999.0,-9999.0,color,orientation,size,0.3400000000000001,-2.5,804,male,1,1056.0246858330029
935,-9999.0,-9999.0,-9999.0,-9999.0,-9999.0,-9999.0,-9999.0,-9999.0,-9999.0,color,orientation,size,0.3400000000000001,-2.5,804,male,1,1056.0246858330029
936,-9999.0,-9999.0,-9999.0,-9999.0,-9999.0,-9999.0,-9999.0,-9999.0,-9999.0,color,orientation,size,0.3400000000000001,-2.5,804,male,1,1056.0246858330029
937,-9999.0,-9999.0,-9999.0,-9999.0,-9999.0,-9999.0,-9999.0,-9999.0,-9999.0,color,orientation,size,0.3400000000000001,-2.5,804,male,1,1056.0246858330029
938,-9999.0,-9999.0,-9999.0,-9999.0,-9999.0,-9999.0,-9999.0,-9999.0,-9999.0,color,orientation,size,0.3400000000000001,-2.5,804,male,1,1056.0246858330029
939,-9999.0,-9999.0,-9999.0,-9999.0,-9999.0,-9999.0,-9999.0,-9999.0,-9999.0,color,orientation,size,0.3400000000000001,-2.5,804,male,1,1056.0246858330029
940,-9999.0,-9999.0,-9999.0,-9999.0,-9999.0,-9999.0,-9999.0,-9999.0,-9999.0,color,orientation,size,0.3400000000000001,-2.5,804,male,1,1056.0246858330029
941,-9999.0,-9999.0,-9999.0,-9999.0,-9999.0,-9999.0,-9999.0,-9999.0,-9999.0,color,orientation,size,0.3400000000000001,-2.5,804,male,1,1056.0246858330029
942,-9999.0,-9999.0,-9999.0,-9999.0,-9999.0,-9999.0,-9999.0,-9999.0,-9999.0,color,orientation,size,0.3400000000000001,-2.5,804,male,1,1056.0246858330029
943,-9999.0,-9999.0,-9999.0,-9999.0,-9999.0,-9999.0,-9999.0,-9999.0,-9999.0,color,orientation,size,0.3400000000000001,-2.5,804,male,1,1056.0246858330029
944,-9999.0,-9999.0,-9999.0,-9999.0,-9999.0,-9999.0,-9999.0,-9999.0,-9999.0,color,orientation,size,0.3400000000000001,-2.5,804,male,1,1056.0246858330029
945,-9999.0,-9999.0,-9999.0,-9999.0,-9999.0,-9999.0,-9999.0,-9999.0,-9999.0,color,orientation,size,0.3400000000000001,-2.5,804,male,1,1056.0246858330029
946,-9999.0,-9999.0,-9999.0,-9999.0,-9999.0,-9999.0,-9999.0,-9999.0,-9999.0,color,orientation,size,0.3400000000000001,-2.5,804,male,1,1056.0246858330029
947,-9999.0,-9999.0,-9999.0,-9999.0,-9999.0,-9999.0,-9999.0,-9999.0,-9999.0,color,orientation,size,0.3400000000000001,-2.5,804,male,1,1056.0246858330029
948,-9999.0,-9999.0,-9999.0,-9999.0,-9999.0,-9999.0,-9999.0,-9999.0,-9999.0,color,orientation,size,0.3400000000000001,-2.5,804,male,1,1056.0246858330029
949,-9999.0,-9999.0,-9999.0,-9999.0,-9999.0,-9999.0,-9999.0,-9999.0,-9999.0,color,orientation,size,0.3400000000000001,-2.5,804,male,1,1056.0246858330029
950,-9999.0,-9999.0,-9999.0,-9999.0,-9999.0,-9999.0,-9999.0,-9999.0,-9999.0,color,orientation,size,0.3400000000000001,-2.5,804,male,1,1056.0246858330029
951,-9999.0,-9999.0,-9999.0,-9999.0,-9999.0,-9999.0,-9999.0,-9999.0,-9999.0,color,orientation,size,0.3400000000000001,-2.5,804,male,1,1056.0246858330029
952,-9999.0,-9999.0,-9999.0,-9999.0,-9999.0,-9999.0,-9999.0,-9999.0,-9999.0,color,orientation,size,0.3400000000000001,-2.5,804,male,1,1056.0246858330029
953,-9999.0,-9999.0,-9999.0,-9999.0,-9999.0,-9999.0,-9999.0,-9999.0,-9999.0,color,orientation,size,0.3400000000000001,-2.5,804,male,1,1056.0246858330029
954,-9999.0,-9999.0,-9999.0,-9999.0,-9999.0,-9999.0,-9999.0,-9999.0,-9999.0,color,orientation,size,0.3400000000000001,-2.5,804,male,1,1056.0246858330029
955,-9999.0,-9999.0,-9999.0,-9999.0,-9999.0,-9999.0,-9999.0,-9999.0,-9999.0,color,orientation,size,0.3400000000000001,-2.5,804,male,1,1056.0246858330029
956,-9999.0,-9999.0,-9999.0,-9999.0,-9999.0,-9999.0,-9999.0,-9999.0,-9999.0,color,orientation,size,0.3400000000000001,-2.5,804,male,1,1056.0246858330029
957,-9999.0,-9999.0,-9999.0,-9999.0,-9999.0,-9999.0,-9999.0,-9999.0,-9999.0,color,orientation,size,0.3400000000000001,-2.5,804,male,1,1056.0246858330029
958,-9999.0,-9999.0,-9999.0,-9999.0,-9999.0,-9999.0,-9999.0,-9999.0,-9999.0,color,orientation,size,0.3400000000000001,-2.5,804,male,1,1056.0246858330029
959,-9999.0,-9999.0,-9999.0,-9999.0,-9999.0,-9999.0,-9999.0,-9999.0,-9999.0,color,orientation,size,0.3400000000000001,-2.5,804,male,1,1056.0246858330029
960,-9999.0,-9999.0,-9999.0,-9999.0,-9999.0,-9999.0,-9999.0,-9999.0,-9999.0,color,orientation,size,0.3400000000000001,-2.5,804,male,1,1056.0246858330029
961,-9999.0,-9999.0,-9999.0,-9999.0,-9999.0,-9999.0,-9999.0,-9999.0,-9999.0,color,orientation,size,0.3400000000000001,-2.5,804,male,1,1056.0246858330029
962,-9999.0,-9999.0,-9999.0,-9999.0,-9999.0,-9999.0,-9999.0,-9999.0,-9999.0,color,orientation,size,0.3400000000000001,-2.5,804,male,1,1056.0246858330029
963,-9999.0,-9999.0,-9999.0,-9999.0,-9999.0,-9999.0,-9999.0,-9999.0,-9999.0,color,orientation,size,0.3400000000000001,-2.5,804,male,1,1056.0246858330029
964,-9999.0,-9999.0,-9999.0,-9999.0,-9999.0,-9999.0,-9999.0,-9999.0,-9999.0,color,orientation,size,0.3400000000000001,-2.5,804,male,1,1056.0246858330029
965,-9999.0,-9999.0,-9999.0,-9999.0,-9999.0,-9999.0,-9999.0,-9999.0,-9999.0,color,orientation,size,0.3400000000000001,-2.5,804,male,1,1056.0246858330029
966,-9999.0,-9999.0,-9999.0,-9999.0,-9999.0,-9999.0,-9999.0,-9999.0,-9999.0,color,orientation,size,0.3400000000000001,-2.5,804,male,1,1056.0246858330029
967,-9999.0,-9999.0,-9999.0,-9999.0,-9999.0,-9999.0,-9999.0,-9999.0,-9999.0,color,orientation,size,0.3400000000000001,-2.5,804,male,1,1056.0246858330029
968,-9999.0,-9999.0,-9999.0,-9999.0,-9999.0,-9999.0,-9999.0,-9999.0,-9999.0,color,orientation,size,0.3400000000000001,-2.5,804,male,1,1056.0246858330029
969,-9999.0,-9999.0,-9999.0,-9999.0,-9999.0,-9999.0,-9999.0,-9999.0,-9999.0,color,orientation,size,0.3400000000000001,-2.5,804,male,1,1056.0246858330029
970,-9999.0,-9999.0,-9999.0,-9999.0,-9999.0,-9999.0,-9999.0,-9999.0,-9999.0,color,orientation,size,0.3400000000000001,-2.5,804,male,1,1056.0246858330029
971,-9999.0,-9999.0,-9999.0,-9999.0,-9999.0,-9999.0,-9999.0,-9999.0,-9999.0,color,orientation,size,0.3400000000000001,-2.5,804,male,1,1056.0246858330029
972,-9999.0,-9999.0,-9999.0,-9999.0,-9999.0,-9999.0,-9999.0,-9999.0,-9999.0,color,orientation,size,0.3400000000000001,-2.5,804,male,1,1056.0246858330029
973,-9999.0,-9999.0,-9999.0,-9999.0,-9999.0,-9999.0,-9999.0,-9999.0,-9999.0,color,orientation,size,0.3400000000000001,-2.5,804,male,1,1056.0246858330029
974,-9999.0,-9999.0,-9999.0,-9999.0,-9999.0,-9999.0,-9999.0,-9999.0,-9999.0,color,orientation,size,0.3400000000000001,-2.5,804,male,1,1056.0246858330029
975,-9999.0,-9999.0,-9999.0,-9999.0,-9999.0,-9999.0,-9999.0,-9999.0,-9999.0,color,orientation,size,0.3400000000000001,-2.5,804,male,1,1056.0246858330029
976,-9999.0,-9999.0,-9999.0,-9999.0,-9999.0,-9999.0,-9999.0,-9999.0,-9999.0,color,orientation,size,0.3400000000000001,-2.5,804,male,1,1056.0246858330029
977,-9999.0,-9999.0,-9999.0,-9999.0,-9999.0,-9999.0,-9999.0,-9999.0,-9999.0,color,orientation,size,0.3400000000000001,-2.5,804,male,1,1056.0246858330029
978,-9999.0,-9999.0,-9999.0,-9999.0,-9999.0,-9999.0,-9999.0,-9999.0,-9999.0,color,orientation,size,0.3400000000000001,-2.5,804,male,1,1056.0246858330029
979,-9999.0,-9999.0,-9999.0,-9999.0,-9999.0,-9999.0,-9999.0,-9999.0,-9999.0,color,orientation,size,0.3400000000000001,-2.5,804,male,1,1056.0246858330029
980,-9999.0,-9999.0,-9999.0,-9999.0,-9999.0,-9999.0,-9999.0,-9999.0,-9999.0,color,orientation,size,0.3400000000000001,-2.5,804,male,1,1056.0246858330029
981,-9999.0,-9999.0,-9999.0,-9999.0,-9999.0,-9999.0,-9999.0,-9999.0,-9999.0,color,orientation,size,0.3400000000000001,-2.5,804,male,1,1056.0246858330029
982,-9999.0,-9999.0,-9999.0,-9999.0,-9999.0,-9999.0,-9999.0,-9999.0,-9999.0,color,orientation,size,0.3400000000000001,-2.5,804,male,1,1056.0246858330029
983,-9999.0,-9999.0,-9999.0,-9999.0,-9999.0,-9999.0,-9999.0,-9999.0,-9999.0,color,orientation,size,0.3400000000000001,-2.5,804,male,1,1056.0246858330029
984,-9999.0,-9999.0,-9999.0,-9999.0,-9999.0,-9999.0,-9999.0,-9999.0,-9999.0,color,orientation,size,0.3400000000000001,-2.5,804,male,1,1056.0246858330029
985,-9999.0,-9999.0,-9999.0,-9999.0,-9999.0,-9999.0,-9999.0,-9999.0,-9999.0,color,orientation,size,0.3400000000000001,-2.5,804,male,1,1056.0246858330029
986,-9999.0,-9999.0,-9999.0,-9999.0,-9999.0,-9999.0,-9999.0,-9999.0,-9999.0,color,orientation,size,0.3400000000000001,-2.5,804,male,1,1056.0246858330029
987,-9999.0,-9999.0,-9999.0,-9999.0,-9999.0,-9999.0,-9999.0,-9999.0,-9999.0,color,orientation,size,0.3400000000000001,-2.5,804,male,1,1056.0246858330029
988,-9999.0,-9999.0,-9999.0,-9999.0,-9999.0,-9999.0,-9999.0,-9999.0,-9999.0,color,orientation,size,0.3400000000000001,-2.5,804,male,1,1056.0246858330029
989,-9999.0,-9999.0,-9999.0,-9999.0,-9999.0,-9999.0,-9999.0,-9999.0,-9999.0,color,orientation,size,0.3400000000000001,-2.5,804,male,1,1056.0246858330029
990,-9999.0,-9999.0,-9999.0,-9999.0,-9999.0,-9999.0,-9999.0,-9999.0,-9999.0,color,orientation,size,0.3400000000000001,-2.5,804,male,1,1056.0246858330029
991,-9999.0,-9999.0,-9999.0,-9999.0,-9999.0,-9999.0,-9999.0,-9999.0,-9999.0,color,orientation,size,0.3400000000000001,-2.5,804,male,1,1056.0246858330029
992,-9999.0,-9999.0,-9999.0,-9999.0,-9999.0,-9999.0,-9999.0,-9999.0,-9999.0,color,orientation,size,0.3400000000000001,-2.5,804,male,1,1056.0246858330029
993,-9999.0,-9999.0,-9999.0,-9999.0,-9999.0,-9999.0,-9999.0,-9999.0,-9999.0,color,orientation,size,0.3400000000000001,-2.5,804,male,1,1056.0246858330029
994,-9999.0,-9999.0,-9999.0,-9999.0,-9999.0,-9999.0,-9999.0,-9999.0,-9999.0,color,orientation,size,0.3400000000000001,-2.5,804,male,1,1056.0246858330029
995,-9999.0,-9999.0,-9999.0,-9999.0,-9999.0,-9999.0,-9999.0,-9999.0,-9999.0,color,orientation,size,0.3400000000000001,-2.5,804,male,1,1056.0246858330029
996,-9999.0,-9999.0,-9999.0,-9999.0,-9999.0,-9999.0,-9999.0,-9999.0,-9999.0,color,orientation,size,0.3400000000000001,-2.5,804,male,1,1056.0246858330029
997,-9999.0,-9999.0,-9999.0,-9999.0,-9999.0,-9999.0,-9999.0,-9999.0,-9999.0,color,orientation,size,0.3400000000000001,-2.5,804,male,1,1056.0246858330029
998,-9999.0,-9999.0,-9999.0,-9999.0,-9999.0,-9999.0,-9999.0,-9999.0,-9999.0,color,orientation,size,0.3400000000000001,-2.5,804,male,1,1056.0246858330029
999,-9999.0,-9999.0,-9999.0,-9999.0,-9999.0,-9999.0,-9999.0,-9999.0,-9999.0,color,orientation,size,0.3400000000000001,-2.5,804,male,1,1056.0246858330029
1000,-9999.0,-9999.0,-9999.0,-9999.0,-9999.0,-9999.0,-9999.0,-9999.0,-9999.0,color,orientation,size,0.3400000000000001,-2.5,804,male,1,1056.0246858330029
1001,-9999.0,-9999.0,-9999.0,-9999.0,-9999.0,-9999.0,-9999.0,-9999.0,-9999.0,color,orientation,size,0.3400000000000001,-2.5,804,male,1,1056.0246858330029
1002,-9999.0,-9999.0,-9999.0,-9999.0,-9999.0,-9999.0,-9999.0,-9999.0,-9999.0,color,orientation,size,0.3400000000000001,-2.5,804,male,1,1056.0246858330029
1003,-9999.0,-9999.0,-9999.0,-9999.0,-9999.0,-9999.0,-9999.0,-9999.0,-9999.0,color,orientation,size,0.3400000000000001,-2.5,804,male,1,1056.0246858330029
1004,-9999.0,-9999.0,-9999.0,-9999.0,-9999.0,-9999.0,-9999.0,-9999.0,-9999.0,color,orientation,size,0.3400000000000001,-2.5,804,male,1,1056.0246858330029
1005,-9999.0,-9999.0,-9999.0,-9999.0,-9999.0,-9999.0,-9999.0,-9999.0,-9999.0,color,orientation,size,0.3400000000000001,-2.5,804,male,1,1056.0246858330029
1006,-9999.0,-9999.0,-9999.0,-9999.0,-9999.0,-9999.0,-9999.0,-9999.0,-9999.0,color,orientation,size,0.3400000000000001,-2.5,804,male,1,1056.0246858330029
1007,-9999.0,-9999.0,-9999.0,-9999.0,-9999.0,-9999.0,-9999.0,-9999.0,-9999.0,color,orientation,size,0.3400000000000001,-2.5,804,male,1,1056.0246858330029
1008,-9999.0,-9999.0,-9999.0,-9999.0,-9999.0,-9999.0,-9999.0,-9999.0,-9999.0,color,orientation,size,0.3400000000000001,-2.5,804,male,1,1056.0246858330029
1009,-9999.0,-9999.0,-9999.0,-9999.0,-9999.0,-9999.0,-9999.0,-9999.0,-9999.0,color,orientation,size,0.3400000000000001,-2.5,804,male,1,1056.0246858330029
1010,-9999.0,-9999.0,-9999.0,-9999.0,-9999.0,-9999.0,-9999.0,-9999.0,-9999.0,color,orientation,size,0.3400000000000001,-2.5,804,male,1,1056.0246858330029
1011,-9999.0,-9999.0,-9999.0,-9999.0,-9999.0,-9999.0,-9999.0,-9999.0,-9999.0,color,orientation,size,0.3400000000000001,-2.5,804,male,1,1056.0246858330029
1012,-9999.0,-9999.0,-9999.0,-9999.0,-9999.0,-9999.0,-9999.0,-9999.0,-9999.0,color,orientation,size,0.3400000000000001,-2.5,804,male,1,1056.0246858330029
1013,-9999.0,-9999.0,-9999.0,-9999.0,-9999.0,-9999.0,-9999.0,-9999.0,-9999.0,color,orientation,size,0.3400000000000001,-2.5,804,male,1,1056.0246858330029
1014,-9999.0,-9999.0,-9999.0,-9999.0,-9999.0,-9999.0,-9999.0,-9999.0,-9999.0,color,orientation,size,0.3400000000000001,-2.5,804,male,1,1056.0246858330029
1015,-9999.0,-9999.0,-9999.0,-9999.0,-9999.0,-9999.0,-9999.0,-9999.0,-9999.0,color,orientation,size,0.3400000000000001,-2.5,804,male,1,1056.0246858330029
1016,-9999.0,-9999.0,-9999.0,-9999.0,-9999.0,-9999.0,-9999.0,-9999.0,-9999.0,color,orientation,size,0.3400000000000001,-2.5,804,male,1,1056.0246858330029
1017,-9999.0,-9999.0,-9999.0,-9999.0,-9999.0,-9999.0,-9999.0,-9999.0,-9999.0,color,orientation,size,0.3400000000000001,-2.5,804,male,1,1056.0246858330029
1018,-9999.0,-9999.0,-9999.0,-9999.0,-9999.0,-9999.0,-9999.0,-9999.0,-9999.0,color,orientation,size,0.3400000000000001,-2.5,804,male,1,1056.0246858330029
1019,-9999.0,-9999.0,-9999.0,-9999.0,-9999.0,-9999.0,-9999.0,-9999.0,-9999.0,color,orientation,size,0.3400000000000001,-2.5,804,male,1,1056.0246858330029
1020,-9999.0,-9999.0,-9999.0,-9999.0,-9999.0,-9999.0,-9999.0,-9999.0,-9999.0,color,orientation,size,0.3400000000000001,-2.5,804,male,1,1056.0246858330029
1021,-9999.0,-9999.0,-9999.0,-9999.0,-9999.0,-9999.0,-9999.0,-9999.0,-9999.0,color,orientation,size,0.3400000000000001,-2.5,804,male,1,1056.0246858330029
1022,-9999.0,-9999.0,-9999.0,-9999.0,-9999.0,-9999.0,-9999.0,-9999.0,-9999.0,color,orientation,size,0.3400000000000001,-2.5,804,male,1,1056.0246858330029
1023,-9999.0,-9999.0,-9999.0,-9999.0,-9999.0,-9999.0,-9999.0,-9999.0,-9999.0,color,orientation,size,0.3400000000000001,-2.5,804,male,1,1056.0246858330029
1024,-9999.0,-9999.0,-9999.0,-9999.0,-9999.0,-9999.0,-9999.0,-9999.0,-9999.0,color,orientation,size,0.3400000000000001,-2.5,804,male,1,1056.0246858330029
1025,-9999.0,-9999.0,-9999.0,-9999.0,-9999.0,-9999.0,-9999.0,-9999.0,-9999.0,color,orientation,size,0.3400000000000001,-2.5,804,male,1,1056.0246858330029
1026,-9999.0,-9999.0,-9999.0,-9999.0,-9999.0,-9999.0,-9999.0,-9999.0,-9999.0,color,orientation,size,0.3400000000000001,-2.5,804,male,1,1056.0246858330029
1027,-9999.0,-9999.0,-9999.0,-9999.0,-9999.0,-9999.0,-9999.0,-9999.0,-9999.0,color,orientation,size,0.3400000000000001,-2.5,804,male,1,1056.0246858330029
1028,-9999.0,-9999.0,-9999.0,-9999.0,-9999.0,-9999.0,-9999.0,-9999.0,-9999.0,color,orientation,size,0.3400000000000001,-2.5,804,male,1,1056.0246858330029
1029,-9999.0,-9999.0,-9999.0,-9999.0,-9999.0,-9999.0,-9999.0,-9999.0,-9999.0,color,orientation,size,0.3400000000000001,-2.5,804,male,1,1056.0246858330029
1030,-9999.0,-9999.0,-9999.0,-9999.0,-9999.0,-9999.0,-9999.0,-9999.0,-9999.0,color,orientation,size,0.3400000000000001,-2.5,804,male,1,1056.0246858330029
1031,-9999.0,-9999.0,-9999.0,-9999.0,-9999.0,-9999.0,-9999.0,-9999.0,-9999.0,color,orientation,size,0.3400000000000001,-2.5,804,male,1,1056.0246858330029
1032,-9999.0,-9999.0,-9999.0,-9999.0,-9999.0,-9999.0,-9999.0,-9999.0,-9999.0,color,orientation,size,0.3400000000000001,-2.5,804,male,1,1056.0246858330029
1033,-9999.0,-9999.0,-9999.0,-9999.0,-9999.0,-9999.0,-9999.0,-9999.0,-9999.0,color,orientation,size,0.3400000000000001,-2.5,804,male,1,1056.0246858330029
1034,-9999.0,-9999.0,-9999.0,-9999.0,-9999.0,-9999.0,-9999.0,-9999.0,-9999.0,color,orientation,size,0.3400000000000001,-2.5,804,male,1,1056.0246858330029
1035,-9999.0,-9999.0,-9999.0,-9999.0,-9999.0,-9999.0,-9999.0,-9999.0,-9999.0,color,orientation,size,0.3400000000000001,-2.5,804,male,1,1056.0246858330029
1036,-9999.0,-9999.0,-9999.0,-9999.0,-9999.0,-9999.0,-9999.0,-9999.0,-9999.0,color,orientation,size,0.3400000000000001,-2.5,804,male,1,1056.0246858330029
1037,-9999.0,-9999.0,-9999.0,-9999.0,-9999.0,-9999.0,-9999.0,-9999.0,-9999.0,color,orientation,size,0.3400000000000001,-2.5,804,male,1,1056.0246858330029
1038,-9999.0,-9999.0,-9999.0,-9999.0,-9999.0,-9999.0,-9999.0,-9999.0,-9999.0,color,orientation,size,0.3400000000000001,-2.5,804,male,1,1056.0246858330029
1039,-9999.0,-9999.0,-9999.0,-9999.0,-9999.0,-9999.0,-9999.0,-9999.0,-9999.0,color,orientation,size,0.3400000000000001,-2.5,804,male,1,1056.0246858330029
1040,-9999.0,-9999.0,-9999.0,-9999.0,-9999.0,-9999.0,-9999.0,-9999.0,-9999.0,color,orientation,size,0.3400000000000001,-2.5,804,male,1,1056.0246858330029
1041,-9999.0,-9999.0,-9999.0,-9999.0,-9999.0,-9999.0,-9999.0,-9999.0,-9999.0,color,orientation,size,0.3400000000000001,-2.5,804,male,1,1056.0246858330029
1042,-9999.0,-9999.0,-9999.0,-9999.0,-9999.0,-9999.0,-9999.0,-9999.0,-9999.0,color,orientation,size,0.3400000000000001,-2.5,804,male,1,1056.0246858330029
1043,-9999.0,-9999.0,-9999.0,-9999.0,-9999.0,-9999.0,-9999.0,-9999.0,-9999.0,color,orientation,size,0.3400000000000001,-2.5,804,male,1,1056.0246858330029
1044,-9999.0,-9999.0,-9999.0,-9999.0,-9999.0,-9999.0,-9999.0,-9999.0,-9999.0,color,orientation,size,0.3400000000000001,-2.5,804,male,1,1056.0246858330029
1045,-9999.0,-9999.0,-9999.0,-9999.0,-9999.0,-9999.0,-9999.0,-9999.0,-9999.0,color,orientation,size,0.3400000000000001,-2.5,804,male,1,1056.0246858330029
1046,-9999.0,-9999.0,-9999.0,-9999.0,-9999.0,-9999.0,-9999.0,-9999.0,-9999.0,color,orientation,size,0.3400000000000001,-2.5,804,male,1,1056.0246858330029
1047,-9999.0,-9999.0,-9999.0,-9999.0,-9999.0,-9999.0,-9999.0,-9999.0,-9999.0,color,orientation,size,0.3400000000000001,-2.5,804,male,1,1056.0246858330029
1048,-9999.0,-9999.0,-9999.0,-9999.0,-9999.0,-9999.0,-9999.0,-9999.0,-9999.0,color,orientation,size,0.3400000000000001,-2.5,804,male,1,1056.0246858330029
1049,-9999.0,-9999.0,-9999.0,-9999.0,-9999.0,-9999.0,-9999.0,-9999.0,-9999.0,color,orientation,size,0.3400000000000001,-2.5,804,male,1,1056.0246858330029
1050,-9999.0,-9999.0,-9999.0,-9999.0,-9999.0,-9999.0,-9999.0,-9999.0,-9999.0,color,orientation,size,0.3400000000000001,-2.5,804,male,1,1056.0246858330029
1051,-9999.0,-9999.0,-9999.0,-9999.0,-9999.0,-9999.0,-9999.0,-9999.0,-9999.0,color,orientation,size,0.3400000000000001,-2.5,804,male,1,1056.0246858330029
1052,-9999.0,-9999.0,-9999.0,-9999.0,-9999.0,-9999.0,-9999.0,-9999.0,-9999.0,color,orientation,size,0.3400000000000001,-2.5,804,male,1,1056.0246858330029
1053,-9999.0,-9999.0,-9999.0,-9999.0,-9999.0,-9999.0,-9999.0,-9999.0,-9999.0,color,orientation,size,0.3400000000000001,-2.5,804,male,1,1056.0246858330029
1054,-9999.0,-9999.0,-9999.0,-9999.0,-9999.0,-9999.0,-9999.0,-9999.0,-9999.0,color,orientation,size,0.3400000000000001,-2.5,804,male,1,1056.0246858330029
1055,-9999.0,-9999.0,-9999.0,-9999.0,-9999.0,-9999.0,-9999.0,-9999.0,-9999.0,color,orientation,size,0.3400000000000001,-2.5,804,male,1,1056.0246858330029
1056,-9999.0,-9999.0,-9999.0,-9999.0,-9999.0,-9999.0,-9999.0,-9999.0,-9999.0,color,orientation,size,0.3400000000000001,-2.5,804,male,1,1056.0246858330029
1057,-9999.0,-9999.0,-9999.0,-9999.0,-9999.0,-9999.0,-9999.0,-9999.0,-9999.0,color,orientation,size,0.3400000000000001,-2.5,804,male,1,1056.0246858330029
1058,-9999.0,-9999.0,-9999.0,-9999.0,-9999.0,-9999.0,-9999.0,-9999.0,-9999.0,color,orientation,size,0.3400000000000001,-2.5,804,male,1,1056.0246858330029
1059,-9999.0,-9999.0,-9999.0,-9999.0,-9999.0,-9999.0,-9999.0,-9999.0,-9999.0,color,orientation,size,0.3400000000000001,-2.5,804,male,1,1056.0246858330029
1060,-9999.0,-9999.0,-9999.0,-9999.0,-9999.0,-9999.0,-9999.0,-9999.0,-9999.0,color,orientation,size,0.3400000000000001,-2.5,804,male,1,1056.0246858330029
1061,-9999.0,-9999.0,-9999.0,-9999.0,-9999.0,-9999.0,-9999.0,-9999.0,-9999.0,color,orientation,size,0.3400000000000001,-2.5,804,male,1,1056.0246858330029
1062,-9999.0,-9999.0,-9999.0,-9999.0,-9999.0,-9999.0,-9999.0,-9999.0,-9999.0,color,orientation,size,0.3400000000000001,-2.5,804,male,1,1056.0246858330029
1063,-9999.0,-9999.0,-9999.0,-9999.0,-9999.0,-9999.0,-9999.0,-9999.0,-9999.0,color,orientation,size,0.3400000000000001,-2.5,804,male,1,1056.0246858330029
1064,-9999.0,-9999.0,-9999.0,-9999.0,-9999.0,-9999.0,-9999.0,-9999.0,-9999.0,color,orientation,size,0.3400000000000001,-2.5,804,male,1,1056.0246858330029
1065,-9999.0,-9999.0,-9999.0,-9999.0,-9999.0,-9999.0,-9999.0,-9999.0,-9999.0,color,orientation,size,0.3400000000000001,-2.5,804,male,1,1056.0246858330029
1066,-9999.0,-9999.0,-9999.0,-9999.0,-9999.0,-9999.0,-9999.0,-9999.0,-9999.0,color,orientation,size,0.3400000000000001,-2.5,804,male,1,1056.0246858330029
1067,-9999.0,-9999.0,-9999.0,-9999.0,-9999.0,-9999.0,-9999.0,-9999.0,-9999.0,color,orientation,size,0.3400000000000001,-2.5,804,male,1,1056.0246858330029
1068,-9999.0,-9999.0,-9999.0,-9999.0,-9999.0,-9999.0,-9999.0,-9999.0,-9999.0,color,orientation,size,0.3400000000000001,-2.5,804,male,1,1056.0246858330029
1069,-9999.0,-9999.0,-9999.0,-9999.0,-9999.0,-9999.0,-9999.0,-9999.0,-9999.0,color,orientation,size,0.3400000000000001,-2.5,804,male,1,1056.0246858330029
1070,-9999.0,-9999.0,-9999.0,-9999.0,-9999.0,-9999.0,-9999.0,-9999.0,-9999.0,color,orientation,size,0.3400000000000001,-2.5,804,male,1,1056.0246858330029
1071,-9999.0,-9999.0,-9999.0,-9999.0,-9999.0,-9999.0,-9999.0,-9999.0,-9999.0,color,orientation,size,0.3400000000000001,-2.5,804,male,1,1056.0246858330029
1072,-9999.0,-9999.0,-9999.0,-9999.0,-9999.0,-9999.0,-9999.0,-9999.0,-9999.0,color,orientation,size,0.3400000000000001,-2.5,804,male,1,1056.0246858330029
1073,-9999.0,-9999.0,-9999.0,-9999.0,-9999.0,-9999.0,-9999.0,-9999.0,-9999.0,color,orientation,size,0.3400000000000001,-2.5,804,male,1,1056.0246858330029
1074,-9999.0,-9999.0,-9999.0,-9999.0,-9999.0,-9999.0,-9999.0,-9999.0,-9999.0,color,orientation,size,0.3400000000000001,-2.5,804,male,1,1056.0246858330029
1075,-9999.0,-9999.0,-9999.0,-9999.0,-9999.0,-9999.0,-9999.0,-9999.0,-9999.0,color,orientation,size,0.3400000000000001,-2.5,804,male,1,1056.0246858330029
1076,-9999.0,-9999.0,-9999.0,-9999.0,-9999.0,-9999.0,-9999.0,-9999.0,-9999.0,color,orientation,size,0.3400000000000001,-2.5,804,male,1,1056.0246858330029
1077,-9999.0,-9999.0,-9999.0,-9999.0,-9999.0,-9999.0,-9999.0,-9999.0,-9999.0,color,orientation,size,0.3400000000000001,-2.5,804,male,1,1056.0246858330029
1078,-9999.0,-9999.0,-9999.0,-9999.0,-9999.0,-9999.0,-9999.0,-9999.0,-9999.0,color,orientation,size,0.3400000000000001,-2.5,804,male,1,1056.0246858330029
1079,-9999.0,-9999.0,-9999.0,-9999.0,-9999.0,-9999.0,-9999.0,-9999.0,-9999.0,color,orientation,size,0.3400000000000001,-2.5,804,male,1,1056.0246858330029
1080,-9999.0,-9999.0,-9999.0,-9999.0,-9999.0,-9999.0,-9999.0,-9999.0,-9999.0,color,orientation,size,0.3400000000000001,-2.5,804,male,1,1056.0246858330029
1081,-9999.0,-9999.0,-9999.0,-9999.0,-9999.0,-9999.0,-9999.0,-9999.0,-9999.0,color,orientation,size,0.3400000000000001,-2.5,804,male,1,1056.0246858330029
1082,-9999.0,-9999.0,-9999.0,-9999.0,-9999.0,-9999.0,-9999.0,-9999.0,-9999.0,color,orientation,size,0.3400000000000001,-2.5,804,male,1,1056.0246858330029
1083,-9999.0,-9999.0,-9999.0,-9999.0,-9999.0,-9999.0,-9999.0,-9999.0,-9999.0,color,orientation,size,0.3400000000000001,-2.5,804,male,1,1056.0246858330029
1084,-9999.0,-9999.0,-9999.0,-9999.0,-9999.0,-9999.0,-9999.0,-9999.0,-9999.0,color,orientation,size,0.3400000000000001,-2.5,804,male,1,1056.0246858330029
1085,-9999.0,-9999.0,-9999.0,-9999.0,-9999.0,-9999.0,-9999.0,-9999.0,-9999.0,color,orientation,size,0.3400000000000001,-2.5,804,male,1,1056.0246858330029
1086,-9999.0,-9999.0,-9999.0,-9999.0,-9999.0,-9999.0,-9999.0,-9999.0,-9999.0,color,orientation,size,0.3400000000000001,-2.5,804,male,1,1056.0246858330029
1087,-9999.0,-9999.0,-9999.0,-9999.0,-9999.0,-9999.0,-9999.0,-9999.0,-9999.0,color,orientation,size,0.3400000000000001,-2.5,804,male,1,1056.0246858330029
1088,-9999.0,-9999.0,-9999.0,-9999.0,-9999.0,-9999.0,-9999.0,-9999.0,-9999.0,color,orientation,size,0.3400000000000001,-2.5,804,male,1,1056.0246858330029
1089,-9999.0,-9999.0,-9999.0,-9999.0,-9999.0,-9999.0,-9999.0,-9999.0,-9999.0,color,orientation,size,0.3400000000000001,-2.5,804,male,1,1056.0246858330029
1090,-9999.0,-9999.0,-9999.0,-9999.0,-9999.0,-9999.0,-9999.0,-9999.0,-9999.0,color,orientation,size,0.3400000000000001,-2.5,804,male,1,1056.0246858330029
1091,-9999.0,-9999.0,-9999.0,-9999.0,-9999.0,-9999.0,-9999.0,-9999.0,-9999.0,color,orientation,size,0.3400000000000001,-2.5,804,male,1,1056.0246858330029
1092,-9999.0,-9999.0,-9999.0,-9999.0,-9999.0,-9999.0,-9999.0,-9999.0,-9999.0,color,orientation,size,0.3400000000000001,-2.5,804,male,1,1056.0246858330029
1093,-9999.0,-9999.0,-9999.0,-9999.0,-9999.0,-9999.0,-9999.0,-9999.0,-9999.0,color,orientation,size,0.3400000000000001,-2.5,804,male,1,1056.0246858330029
1094,-9999.0,-9999.0,-9999.0,-9999.0,-9999.0,-9999.0,-9999.0,-9999.0,-9999.0,color,orientation,size,0.3400000000000001,-2.5,804,male,1,1056.0246858330029
1095,-9999.0,-9999.0,-9999.0,-9999.0,-9999.0,-9999.0,-9999.0,-9999.0,-9999.0,color,orientation,size,0.3400000000000001,-2.5,804,male,1,1056.0246858330029
1096,-9999.0,-9999.0,-9999.0,-9999.0,-9999.0,-9999.0,-9999.0,-9999.0,-9999.0,color,orientation,size,0.3400000000000001,-2.5,804,male,1,1056.0246858330029
1097,-9999.0,-9999.0,-9999.0,-9999.0,-9999.0,-9999.0,-9999.0,-9999.0,-9999.0,color,orientation,size,0.3400000000000001,-2.5,804,male,1,1056.0246858330029
1098,-9999.0,-9999.0,-9999.0,-9999.0,-9999.0,-9999.0,-9999.0,-9999.0,-9999.0,color,orientation,size,0.3400000000000001,-2.5,804,male,1,1056.0246858330029
1099,-9999.0,-9999.0,-9999.0,-9999.0,-9999.0,-9999.0,-9999.0,-9999.0,-9999.0,color,orientation,size,0.3400000000000001,-2.5,804,male,1,1056.0246858330029
1100,-9999.0,-9999.0,-9999.0,-9999.0,-9999.0,-9999.0,-9999.0,-9999.0,-9999.0,color,orientation,size,0.3400000000000001,-2.5,804,male,1,1056.0246858330029
1101,-9999.0,-9999.0,-9999.0,-9999.0,-9999.0,-9999.0,-9999.0,-9999.0,-9999.0,color,orientation,size,0.3400000000000001,-2.5,804,male,1,1056.0246858330029
1102,-9999.0,-9999.0,-9999.0,-9999.0,-9999.0,-9999.0,-9999.0,-9999.0,-9999.0,color,orientation,size,0.3400000000000001,-2.5,804,male,1,1056.0246858330029
1103,-9999.0,-9999.0,-9999.0,-9999.0,-9999.0,-9999.0,-9999.0,-9999.0,-9999.0,color,orientation,size,0.3400000000000001,-2.5,804,male,1,1056.0246858330029
1104,-9999.0,-9999.0,-9999.0,-9999.0,-9999.0,-9999.0,-9999.0,-9999.0,-9999.0,color,orientation,size,0.3400000000000001,-2.5,804,male,1,1056.0246858330029
1105,-9999.0,-9999.0,-9999.0,-9999.0,-9999.0,-9999.0,-9999.0,-9999.0,-9999.0,color,orientation,size,0.3400000000000001,-2.5,804,male,1,1056.0246858330029
1106,-9999.0,-9999.0,-9999.0,-9999.0,-9999.0,-9999.0,-9999.0,-9999.0,-9999.0,color,orientation,size,0.3400000000000001,-2.5,804,male,1,1056.0246858330029
1107,-9999.0,-9999.0,-9999.0,-9999.0,-9999.0,-9999.0,-9999.0,-9999.0,-9999.0,color,orientation,size,0.3400000000000001,-2.5,804,male,1,1056.0246858330029
1108,-9999.0,-9999.0,-9999.0,-9999.0,-9999.0,-9999.0,-9999.0,-9999.0,-9999.0,color,orientation,size,0.3400000000000001,-2.5,804,male,1,1056.0246858330029
1109,-9999.0,-9999.0,-9999.0,-9999.0,-9999.0,-9999.0,-9999.0,-9999.0,-9999.0,color,orientation,size,0.3400000000000001,-2.5,804,male,1,1056.0246858330029
1110,-9999.0,-9999.0,-9999.0,-9999.0,-9999.0,-9999.0,-9999.0,-9999.0,-9999.0,color,orientation,size,0.3400000000000001,-2.5,804,male,1,1056.0246858330029
1111,-9999.0,-9999.0,-9999.0,-9999.0,-9999.0,-9999.0,-9999.0,-9999.0,-9999.0,color,orientation,size,0.3400000000000001,-2.5,804,male,1,1056.0246858330029
1112,-9999.0,-9999.0,-9999.0,-9999.0,-9999.0,-9999.0,-9999.0,-9999.0,-9999.0,color,orientation,size,0.3400000000000001,-2.5,804,male,1,1056.0246858330029
1113,-9999.0,-9999.0,-9999.0,-9999.0,-9999.0,-9999.0,-9999.0,-9999.0,-9999.0,color,orientation,size,0.3400000000000001,-2.5,804,male,1,1056.0246858330029
1114,-9999.0,-9999.0,-9999.0,-9999.0,-9999.0,-9999.0,-9999.0,-9999.0,-9999.0,color,orientation,size,0.3400000000000001,-2.5,804,male,1,1056.0246858330029
1115,-9999.0,-9999.0,-9999.0,-9999.0,-9999.0,-9999.0,-9999.0,-9999.0,-9999.0,color,orientation,size,0.3400000000000001,-2.5,804,male,1,1056.0246858330029
1116,-9999.0,-9999.0,-9999.0,-9999.0,-9999.0,-9999.0,-9999.0,-9999.0,-9999.0,color,orientation,size,0.3400000000000001,-2.5,804,male,1,1056.0246858330029
1117,-9999.0,-9999.0,-9999.0,-9999.0,-9999.0,-9999.0,-9999.0,-9999.0,-9999.0,color,orientation,size,0.3400000000000001,-2.5,804,male,1,1056.0246858330029
1118,-9999.0,-9999.0,-9999.0,-9999.0,-9999.0,-9999.0,-9999.0,-9999.0,-9999.0,color,orientation,size,0.3400000000000001,-2.5,804,male,1,1056.0246858330029
1119,-9999.0,-9999.0,-9999.0,-9999.0,-9999.0,-9999.0,-9999.0,-9999.0,-9999.0,color,orientation,size,0.3400000000000001,-2.5,804,male,1,1056.0246858330029
1120,-9999.0,-9999.0,-9999.0,-9999.0,-9999.0,-9999.0,-9999.0,-9999.0,-9999.0,color,orientation,size,0.3400000000000001,-2.5,804,male,1,1056.0246858330029
1121,-9999.0,-9999.0,-9999.0,-9999.0,-9999.0,-9999.0,-9999.0,-9999.0,-9999.0,color,orientation,size,0.3400000000000001,-2.5,804,male,1,1056.0246858330029
1122,-9999.0,-9999.0,-9999.0,-9999.0,-9999.0,-9999.0,-9999.0,-9999.0,-9999.0,color,orientation,size,0.3400000000000001,-2.5,804,male,1,1056.0246858330029
1123,-9999.0,-9999.0,-9999.0,-9999.0,-9999.0,-9999.0,-9999.0,-9999.0,-9999.0,color,orientation,size,0.3400000000000001,-2.5,804,male,1,1056.0246858330029
1124,-9999.0,-9999.0,-9999.0,-9999.0,-9999.0,-9999.0,-9999.0,-9999.0,-9999.0,color,orientation,size,0.3400000000000001,-2.5,804,male,1,1056.0246858330029
1125,-9999.0,-9999.0,-9999.0,-9999.0,-9999.0,-9999.0,-9999.0,-9999.0,-9999.0,color,orientation,size,0.3400000000000001,-2.5,804,male,1,1056.0246858330029
1126,-9999.0,-9999.0,-9999.0,-9999.0,-9999.0,-9999.0,-9999.0,-9999.0,-9999.0,color,orientation,size,0.3400000000000001,-2.5,804,male,1,1056.0246858330029
1127,-9999.0,-9999.0,-9999.0,-9999.0,-9999.0,-9999.0,-9999.0,-9999.0,-9999.0,color,orientation,size,0.3400000000000001,-2.5,804,male,1,1056.0246858330029
1128,-9999.0,-9999.0,-9999.0,-9999.0,-9999.0,-9999.0,-9999.0,-9999.0,-9999.0,color,orientation,size,0.3400000000000001,-2.5,804,male,1,1056.0246858330029
1129,-9999.0,-9999.0,-9999.0,-9999.0,-9999.0,-9999.0,-9999.0,-9999.0,-9999.0,color,orientation,size,0.3400000000000001,-2.5,804,male,1,1056.0246858330029
1130,-9999.0,-9999.0,-9999.0,-9999.0,-9999.0,-9999.0,-9999.0,-9999.0,-9999.0,color,orientation,size,0.3400000000000001,-2.5,804,male,1,1056.0246858330029
1131,-9999.0,-9999.0,-9999.0,-9999.0,-9999.0,-9999.0,-9999.0,-9999.0,-9999.0,color,orientation,size,0.3400000000000001,-2.5,804,male,1,1056.0246858330029
1132,-9999.0,-9999.0,-9999.0,-9999.0,-9999.0,-9999.0,-9999.0,-9999.0,-9999.0,color,orientation,size,0.3400000000000001,-2.5,804,male,1,1056.0246858330029
1133,-9999.0,-9999.0,-9999.0,-9999.0,-9999.0,-9999.0,-9999.0,-9999.0,-9999.0,color,orientation,size,0.3400000000000001,-2.5,804,male,1,1056.0246858330029
1134,-9999.0,-9999.0,-9999.0,-9999.0,-9999.0,-9999.0,-9999.0,-9999.0,-9999.0,color,orientation,size,0.3400000000000001,-2.5,804,male,1,1056.0246858330029
1135,-9999.0,-9999.0,-9999.0,-9999.0,-9999.0,-9999.0,-9999.0,-9999.0,-9999.0,color,orientation,size,0.3400000000000001,-2.5,804,male,1,1056.0246858330029
1136,-9999.0,-9999.0,-9999.0,-9999.0,-9999.0,-9999.0,-9999.0,-9999.0,-9999.0,color,orientation,size,0.3400000000000001,-2.5,804,male,1,1056.0246858330029
1137,-9999.0,-9999.0,-9999.0,-9999.0,-9999.0,-9999.0,-9999.0,-9999.0,-9999.0,color,orientation,size,0.3400000000000001,-2.5,804,male,1,1056.0246858330029
1138,-9999.0,-9999.0,-9999.0,-9999.0,-9999.0,-9999.0,-9999.0,-9999.0,-9999.0,color,orientation,size,0.3400000000000001,-2.5,804,male,1,1056.0246858330029
1139,-9999.0,-9999.0,-9999.0,-9999.0,-9999.0,-9999.0,-9999.0,-9999.0,-9999.0,color,orientation,size,0.3400000000000001,-2.5,804,male,1,1056.0246858330029
1140,-9999.0,-9999.0,-9999.0,-9999.0,-9999.0,-9999.0,-9999.0,-9999.0,-9999.0,color,orientation,size,0.3400000000000001,-2.5,804,male,1,1056.0246858330029
1141,-9999.0,-9999.0,-9999.0,-9999.0,-9999.0,-9999.0,-9999.0,-9999.0,-9999.0,color,orientation,size,0.3400000000000001,-2.5,804,male,1,1056.0246858330029
1142,-9999.0,-9999.0,-9999.0,-9999.0,-9999.0,-9999.0,-9999.0,-9999.0,-9999.0,color,orientation,size,0.3400000000000001,-2.5,804,male,1,1056.0246858330029
1143,-9999.0,-9999.0,-9999.0,-9999.0,-9999.0,-9999.0,-9999.0,-9999.0,-9999.0,color,orientation,size,0.3400000000000001,-2.5,804,male,1,1056.0246858330029
1144,-9999.0,-9999.0,-9999.0,-9999.0,-9999.0,-9999.0,-9999.0,-9999.0,-9999.0,color,orientation,size,0.3400000000000001,-2.5,804,male,1,1056.0246858330029
1145,-9999.0,-9999.0,-9999.0,-9999.0,-9999.0,-9999.0,-9999.0,-9999.0,-9999.0,color,orientation,size,0.3400000000000001,-2.5,804,male,1,1056.0246858330029
1146,-9999.0,-9999.0,-9999.0,-9999.0,-9999.0,-9999.0,-9999.0,-9999.0,-9999.0,color,orientation,size,0.3400000000000001,-2.5,804,male,1,1056.0246858330029
1147,-9999.0,-9999.0,-9999.0,-9999.0,-9999.0,-9999.0,-9999.0,-9999.0,-9999.0,color,orientation,size,0.3400000000000001,-2.5,804,male,1,1056.0246858330029
1148,-9999.0,-9999.0,-9999.0,-9999.0,-9999.0,-9999.0,-9999.0,-9999.0,-9999.0,color,orientation,size,0.3400000000000001,-2.5,804,male,1,1056.0246858330029
1149,-9999.0,-9999.0,-9999.0,-9999.0,-9999.0,-9999.0,-9999.0,-9999.0,-9999.0,color,orientation,size,0.3400000000000001,-2.5,804,male,1,1056.0246858330029
1150,-9999.0,-9999.0,-9999.0,-9999.0,-9999.0,-9999.0,-9999.0,-9999.0,-9999.0,color,orientation,size,0.3400000000000001,-2.5,804,male,1,1056.0246858330029
1151,-9999.0,-9999.0,-9999.0,-9999.0,-9999.0,-9999.0,-9999.0,-9999.0,-9999.0,color,orientation,size,0.3400000000000001,-2.5,804,male,1,1056.0246858330029
1152,-9999.0,-9999.0,-9999.0,-9999.0,-9999.0,-9999.0,-9999.0,-9999.0,-9999.0,color,orientation,size,0.3400000000000001,-2.5,804,male,1,1056.0246858330029
1153,-9999.0,-9999.0,-9999.0,-9999.0,-9999.0,-9999.0,-9999.0,-9999.0,-9999.0,color,orientation,size,0.3400000000000001,-2.5,804,male,1,1056.0246858330029
1154,-9999.0,-9999.0,-9999.0,-9999.0,-9999.0,-9999.0,-9999.0,-9999.0,-9999.0,color,orientation,size,0.3400000000000001,-2.5,804,male,1,1056.0246858330029
1155,-9999.0,-9999.0,-9999.0,-9999.0,-9999.0,-9999.0,-9999.0,-9999.0,-9999.0,color,orientation,size,0.3400000000000001,-2.5,804,male,1,1056.0246858330029
1156,-9999.0,-9999.0,-9999.0,-9999.0,-9999.0,-9999.0,-9999.0,-9999.0,-9999.0,color,orientation,size,0.3400000000000001,-2.5,804,male,1,1056.0246858330029
1157,-9999.0,-9999.0,-9999.0,-9999.0,-9999.0,-9999.0,-9999.0,-9999.0,-9999.0,color,orientation,size,0.3400000000000001,-2.5,804,male,1,1056.0246858330029
1158,-9999.0,-9999.0,-9999.0,-9999.0,-9999.0,-9999.0,-9999.0,-9999.0,-9999.0,color,orientation,size,0.3400000000000001,-2.5,804,male,1,1056.0246858330029
1159,-9999.0,-9999.0,-9999.0,-9999.0,-9999.0,-9999.0,-9999.0,-9999.0,-9999.0,color,orientation,size,0.3400000000000001,-2.5,804,male,1,1056.0246858330029
1160,-9999.0,-9999.0,-9999.0,-9999.0,-9999.0,-9999.0,-9999.0,-9999.0,-9999.0,color,orientation,size,0.3400000000000001,-2.5,804,male,1,1056.0246858330029
1161,-9999.0,-9999.0,-9999.0,-9999.0,-9999.0,-9999.0,-9999.0,-9999.0,-9999.0,color,orientation,size,0.3400000000000001,-2.5,804,male,1,1056.0246858330029
1162,-9999.0,-9999.0,-9999.0,-9999.0,-9999.0,-9999.0,-9999.0,-9999.0,-9999.0,color,orientation,size,0.3400000000000001,-2.5,804,male,1,1056.0246858330029
1163,-9999.0,-9999.0,-9999.0,-9999.0,-9999.0,-9999.0,-9999.0,-9999.0,-9999.0,color,orientation,size,0.3400000000000001,-2.5,804,male,1,1056.0246858330029
1164,-9999.0,-9999.0,-9999.0,-9999.0,-9999.0,-9999.0,-9999.0,-9999.0,-9999.0,color,orientation,size,0.3400000000000001,-2.5,804,male,1,1056.0246858330029
1165,-9999.0,-9999.0,-9999.0,-9999.0,-9999.0,-9999.0,-9999.0,-9999.0,-9999.0,color,orientation,size,0.3400000000000001,-2.5,804,male,1,1056.0246858330029
1166,-9999.0,-9999.0,-9999.0,-9999.0,-9999.0,-9999.0,-9999.0,-9999.0,-9999.0,color,orientation,size,0.3400000000000001,-2.5,804,male,1,1056.0246858330029
1167,-9999.0,-9999.0,-9999.0,-9999.0,-9999.0,-9999.0,-9999.0,-9999.0,-9999.0,color,orientation,size,0.3400000000000001,-2.5,804,male,1,1056.0246858330029
1168,-9999.0,-9999.0,-9999.0,-9999.0,-9999.0,-9999.0,-9999.0,-9999.0,-9999.0,color,orientation,size,0.3400000000000001,-2.5,804,male,1,1056.0246858330029
1169,-9999.0,-9999.0,-9999.0,-9999.0,-9999.0,-9999.0,-9999.0,-9999.0,-9999.0,color,orientation,size,0.3400000000000001,-2.5,804,male,1,1056.0246858330029
1170,-9999.0,-9999.0,-9999.0,-9999.0,-9999.0,-9999.0,-9999.0,-9999.0,-9999.0,color,orientation,size,0.3400000000000001,-2.5,804,male,1,1056.0246858330029
1171,-9999.0,-9999.0,-9999.0,-9999.0,-9999.0,-9999.0,-9999.0,-9999.0,-9999.0,color,orientation,size,0.3400000000000001,-2.5,804,male,1,1056.0246858330029
1172,-9999.0,-9999.0,-9999.0,-9999.0,-9999.0,-9999.0,-9999.0,-9999.0,-9999.0,color,orientation,size,0.3400000000000001,-2.5,804,male,1,1056.0246858330029
1173,-9999.0,-9999.0,-9999.0,-9999.0,-9999.0,-9999.0,-9999.0,-9999.0,-9999.0,color,orientation,size,0.3400000000000001,-2.5,804,male,1,1056.0246858330029
1174,-9999.0,-9999.0,-9999.0,-9999.0,-9999.0,-9999.0,-9999.0,-9999.0,-9999.0,color,orientation,size,0.3400000000000001,-2.5,804,male,1,1056.0246858330029
1175,-9999.0,-9999.0,-9999.0,-9999.0,-9999.0,-9999.0,-9999.0,-9999.0,-9999.0,color,orientation,size,0.3400000000000001,-2.5,804,male,1,1056.0246858330029
1176,-9999.0,-9999.0,-9999.0,-9999.0,-9999.0,-9999.0,-9999.0,-9999.0,-9999.0,color,orientation,size,0.3400000000000001,-2.5,804,male,1,1056.0246858330029
1177,-9999.0,-9999.0,-9999.0,-9999.0,-9999.0,-9999.0,-9999.0,-9999.0,-9999.0,color,orientation,size,0.3400000000000001,-2.5,804,male,1,1056.0246858330029
1178,-9999.0,-9999.0,-9999.0,-9999.0,-9999.0,-9999.0,-9999.0,-9999.0,-9999.0,color,orientation,size,0.3400000000000001,-2.5,804,male,1,1056.0246858330029
1179,-9999.0,-9999.0,-9999.0,-9999.0,-9999.0,-9999.0,-9999.0,-9999.0,-9999.0,color,orientation,size,0.3400000000000001,-2.5,804,male,1,1056.0246858330029
1180,-9999.0,-9999.0,-9999.0,-9999.0,-9999.0,-9999.0,-9999.0,-9999.0,-9999.0,color,orientation,size,0.3400000000000001,-2.5,804,male,1,1056.0246858330029
1181,-9999.0,-9999.0,-9999.0,-9999.0,-9999.0,-9999.0,-9999.0,-9999.0,-9999.0,color,orientation,size,0.3400000000000001,-2.5,804,male,1,1056.0246858330029
1182,-9999.0,-9999.0,-9999.0,-9999.0,-9999.0,-9999.0,-9999.0,-9999.0,-9999.0,color,orientation,size,0.3400000000000001,-2.5,804,male,1,1056.0246858330029
1183,-9999.0,-9999.0,-9999.0,-9999.0,-9999.0,-9999.0,-9999.0,-9999.0,-9999.0,color,orientation,size,0.3400000000000001,-2.5,804,male,1,1056.0246858330029
1184,-9999.0,-9999.0,-9999.0,-9999.0,-9999.0,-9999.0,-9999.0,-9999.0,-9999.0,color,orientation,size,0.3400000000000001,-2.5,804,male,1,1056.0246858330029
1185,-9999.0,-9999.0,-9999.0,-9999.0,-9999.0,-9999.0,-9999.0,-9999.0,-9999.0,color,orientation,size,0.3400000000000001,-2.5,804,male,1,1056.0246858330029
1186,-9999.0,-9999.0,-9999.0,-9999.0,-9999.0,-9999.0,-9999.0,-9999.0,-9999.0,color,orientation,size,0.3400000000000001,-2.5,804,male,1,1056.0246858330029
1187,-9999.0,-9999.0,-9999.0,-9999.0,-9999.0,-9999.0,-9999.0,-9999.0,-9999.0,color,orientation,size,0.3400000000000001,-2.5,804,male,1,1056.0246858330029
1188,-9999.0,-9999.0,-9999.0,-9999.0,-9999.0,-9999.0,-9999.0,-9999.0,-9999.0,color,orientation,size,0.3400000000000001,-2.5,804,male,1,1056.0246858330029
1189,-9999.0,-9999.0,-9999.0,-9999.0,-9999.0,-9999.0,-9999.0,-9999.0,-9999.0,color,orientation,size,0.3400000000000001,-2.5,804,male,1,1056.0246858330029
1190,-9999.0,-9999.0,-9999.0,-9999.0,-9999.0,-9999.0,-9999.0,-9999.0,-9999.0,color,orientation,size,0.3400000000000001,-2.5,804,male,1,1056.0246858330029
1191,-9999.0,-9999.0,-9999.0,-9999.0,-9999.0,-9999.0,-9999.0,-9999.0,-9999.0,color,orientation,size,0.3400000000000001,-2.5,804,male,1,1056.0246858330029
1192,-9999.0,-9999.0,-9999.0,-9999.0,-9999.0,-9999.0,-9999.0,-9999.0,-9999.0,color,orientation,size,0.3400000000000001,-2.5,804,male,1,1056.0246858330029
1193,-9999.0,-9999.0,-9999.0,-9999.0,-9999.0,-9999.0,-9999.0,-9999.0,-9999.0,color,orientation,size,0.3400000000000001,-2.5,804,male,1,1056.0246858330029
1194,-9999.0,-9999.0,-9999.0,-9999.0,-9999.0,-9999.0,-9999.0,-9999.0,-9999.0,color,orientation,size,0.3400000000000001,-2.5,804,male,1,1056.0246858330029
1195,-9999.0,-9999.0,-9999.0,-9999.0,-9999.0,-9999.0,-9999.0,-9999.0,-9999.0,color,orientation,size,0.3400000000000001,-2.5,804,male,1,1056.0246858330029
1196,-9999.0,-9999.0,-9999.0,-9999.0,-9999.0,-9999.0,-9999.0,-9999.0,-9999.0,color,orientation,size,0.3400000000000001,-2.5,804,male,1,1056.0246858330029
1197,-9999.0,-9999.0,-9999.0,-9999.0,-9999.0,-9999.0,-9999.0,-9999.0,-9999.0,color,orientation,size,0.3400000000000001,-2.5,804,male,1,1056.0246858330029
1198,-9999.0,-9999.0,-9999.0,-9999.0,-9999.0,-9999.0,-9999.0,-9999.0,-9999.0,color,orientation,size,0.3400000000000001,-2.5,804,male,1,1056.0246858330029
1199,-9999.0,-9999.0,-9999.0,-9999.0,-9999.0,-9999.0,-9999.0,-9999.0,-9999.0,color,orientation,size,0.3400000000000001,-2.5,804,male,1,1056.0246858330029
1200,-9999.0,-9999.0,-9999.0,-9999.0,-9999.0,-9999.0,-9999.0,-9999.0,-9999.0,color,orientation,size,0.3400000000000001,-2.5,804,male,1,1056.0246858330029
1201,-9999.0,-9999.0,-9999.0,-9999.0,-9999.0,-9999.0,-9999.0,-9999.0,-9999.0,color,orientation,size,0.3400000000000001,-2.5,804,male,1,1056.0246858330029
1202,-9999.0,-9999.0,-9999.0,-9999.0,-9999.0,-9999.0,-9999.0,-9999.0,-9999.0,color,orientation,size,0.3400000000000001,-2.5,804,male,1,1056.0246858330029
1203,-9999.0,-9999.0,-9999.0,-9999.0,-9999.0,-9999.0,-9999.0,-9999.0,-9999.0,color,orientation,size,0.3400000000000001,-2.5,804,male,1,1056.0246858330029
1204,-9999.0,-9999.0,-9999.0,-9999.0,-9999.0,-9999.0,-9999.0,-9999.0,-9999.0,color,orientation,size,0.3400000000000001,-2.5,804,male,1,1056.0246858330029
1205,-9999.0,-9999.0,-9999.0,-9999.0,-9999.0,-9999.0,-9999.0,-9999.0,-9999.0,color,orientation,size,0.3400000000000001,-2.5,804,male,1,1056.0246858330029
1206,-9999.0,-9999.0,-9999.0,-9999.0,-9999.0,-9999.0,-9999.0,-9999.0,-9999.0,color,orientation,size,0.3400000000000001,-2.5,804,male,1,1056.0246858330029
1207,-9999.0,-9999.0,-9999.0,-9999.0,-9999.0,-9999.0,-9999.0,-9999.0,-9999.0,color,orientation,size,0.3400000000000001,-2.5,804,male,1,1056.0246858330029
1208,-9999.0,-9999.0,-9999.0,-9999.0,-9999.0,-9999.0,-9999.0,-9999.0,-9999.0,color,orientation,size,0.3400000000000001,-2.5,804,male,1,1056.0246858330029
1209,-9999.0,-9999.0,-9999.0,-9999.0,-9999.0,-9999.0,-9999.0,-9999.0,-9999.0,color,orientation,size,0.3400000000000001,-2.5,804,male,1,1056.0246858330029
1210,-9999.0,-9999.0,-9999.0,-9999.0,-9999.0,-9999.0,-9999.0,-9999.0,-9999.0,color,orientation,size,0.3400000000000001,-2.5,804,male,1,1056.0246858330029
1211,-9999.0,-9999.0,-9999.0,-9999.0,-9999.0,-9999.0,-9999.0,-9999.0,-9999.0,color,orientation,size,0.3400000000000001,-2.5,804,male,1,1056.0246858330029
1212,-9999.0,-9999.0,-9999.0,-9999.0,-9999.0,-9999.0,-9999.0,-9999.0,-9999.0,color,orientation,size,0.3400000000000001,-2.5,804,male,1,1056.0246858330029
1213,-9999.0,-9999.0,-9999.0,-9999.0,-9999.0,-9999.0,-9999.0,-9999.0,-9999.0,color,orientation,size,0.3400000000000001,-2.5,804,male,1,1056.0246858330029
1214,-9999.0,-9999.0,-9999.0,-9999.0,-9999.0,-9999.0,-9999.0,-9999.0,-9999.0,color,orientation,size,0.3400000000000001,-2.5,804,male,1,1056.0246858330029
1215,-9999.0,-9999.0,-9999.0,-9999.0,-9999.0,-9999.0,-9999.0,-9999.0,-9999.0,color,orientation,size,0.3400000000000001,-2.5,804,male,1,1056.0246858330029
1216,-9999.0,-9999.0,-9999.0,-9999.0,-9999.0,-9999.0,-9999.0,-9999.0,-9999.0,color,orientation,size,0.3400000000000001,-2.5,804,male,1,1056.0246858330029
1217,-9999.0,-9999.0,-9999.0,-9999.0,-9999.0,-9999.0,-9999.0,-9999.0,-9999.0,color,orientation,size,0.3400000000000001,-2.5,804,male,1,1056.0246858330029
1218,-9999.0,-9999.0,-9999.0,-9999.0,-9999.0,-9999.0,-9999.0,-9999.0,-9999.0,color,orientation,size,0.3400000000000001,-2.5,804,male,1,1056.0246858330029
1219,-9999.0,-9999.0,-9999.0,-9999.0,-9999.0,-9999.0,-9999.0,-9999.0,-9999.0,color,orientation,size,0.3400000000000001,-2.5,804,male,1,1056.0246858330029
1220,-9999.0,-9999.0,-9999.0,-9999.0,-9999.0,-9999.0,-9999.0,-9999.0,-9999.0,color,orientation,size,0.3400000000000001,-2.5,804,male,1,1056.0246858330029
1221,-9999.0,-9999.0,-9999.0,-9999.0,-9999.0,-9999.0,-9999.0,-9999.0,-9999.0,color,orientation,size,0.3400000000000001,-2.5,804,male,1,1056.0246858330029
1222,-9999.0,-9999.0,-9999.0,-9999.0,-9999.0,-9999.0,-9999.0,-9999.0,-9999.0,color,orientation,size,0.3400000000000001,-2.5,804,male,1,1056.0246858330029
1223,-9999.0,-9999.0,-9999.0,-9999.0,-9999.0,-9999.0,-9999.0,-9999.0,-9999.0,color,orientation,size,0.3400000000000001,-2.5,804,male,1,1056.0246858330029
1224,-9999.0,-9999.0,-9999.0,-9999.0,-9999.0,-9999.0,-9999.0,-9999.0,-9999.0,color,orientation,size,0.3400000000000001,-2.5,804,male,1,1056.0246858330029
1225,-9999.0,-9999.0,-9999.0,-9999.0,-9999.0,-9999.0,-9999.0,-9999.0,-9999.0,color,orientation,size,0.3400000000000001,-2.5,804,male,1,1056.0246858330029
1226,-9999.0,-9999.0,-9999.0,-9999.0,-9999.0,-9999.0,-9999.0,-9999.0,-9999.0,color,orientation,size,0.3400000000000001,-2.5,804,male,1,1056.0246858330029
1227,-9999.0,-9999.0,-9999.0,-9999.0,-9999.0,-9999.0,-9999.0,-9999.0,-9999.0,color,orientation,size,0.3400000000000001,-2.5,804,male,1,1056.0246858330029
1228,-9999.0,-9999.0,-9999.0,-9999.0,-9999.0,-9999.0,-9999.0,-9999.0,-9999.0,color,orientation,size,0.3400000000000001,-2.5,804,male,1,1056.0246858330029
1229,-9999.0,-9999.0,-9999.0,-9999.0,-9999.0,-9999.0,-9999.0,-9999.0,-9999.0,color,orientation,size,0.3400000000000001,-2.5,804,male,1,1056.0246858330029
1230,-9999.0,-9999.0,-9999.0,-9999.0,-9999.0,-9999.0,-9999.0,-9999.0,-9999.0,color,orientation,size,0.3400000000000001,-2.5,804,male,1,1056.0246858330029
1231,-9999.0,-9999.0,-9999.0,-9999.0,-9999.0,-9999.0,-9999.0,-9999.0,-9999.0,color,orientation,size,0.3400000000000001,-2.5,804,male,1,1056.0246858330029
1232,-9999.0,-9999.0,-9999.0,-9999.0,-9999.0,-9999.0,-9999.0,-9999.0,-9999.0,color,orientation,size,0.3400000000000001,-2.5,804,male,1,1056.0246858330029
1233,-9999.0,-9999.0,-9999.0,-9999.0,-9999.0,-9999.0,-9999.0,-9999.0,-9999.0,color,orientation,size,0.3400000000000001,-2.5,804,male,1,1056.0246858330029
1234,-9999.0,-9999.0,-9999.0,-9999.0,-9999.0,-9999.0,-9999.0,-9999.0,-9999.0,color,orientation,size,0.3400000000000001,-2.5,804,male,1,1056.0246858330029
1235,-9999.0,-9999.0,-9999.0,-9999.0,-9999.0,-9999.0,-9999.0,-9999.0,-9999.0,color,orientation,size,0.3400000000000001,-2.5,804,male,1,1056.0246858330029
1236,-9999.0,-9999.0,-9999.0,-9999.0,-9999.0,-9999.0,-9999.0,-9999.0,-9999.0,color,orientation,size,0.3400000000000001,-2.5,804,male,1,1056.0246858330029
1237,-9999.0,-9999.0,-9999.0,-9999.0,-9999.0,-9999.0,-9999.0,-9999.0,-9999.0,color,orientation,size,0.3400000000000001,-2.5,804,male,1,1056.0246858330029
1238,-9999.0,-9999.0,-9999.0,-9999.0,-9999.0,-9999.0,-9999.0,-9999.0,-9999.0,color,orientation,size,0.3400000000000001,-2.5,804,male,1,1056.0246858330029
1239,-9999.0,-9999.0,-9999.0,-9999.0,-9999.0,-9999.0,-9999.0,-9999.0,-9999.0,color,orientation,size,0.3400000000000001,-2.5,804,male,1,1056.0246858330029
1240,-9999.0,-9999.0,-9999.0,-9999.0,-9999.0,-9999.0,-9999.0,-9999.0,-9999.0,color,orientation,size,0.3400000000000001,-2.5,804,male,1,1056.0246858330029
1241,-9999.0,-9999.0,-9999.0,-9999.0,-9999.0,-9999.0,-9999.0,-9999.0,-9999.0,color,orientation,size,0.3400000000000001,-2.5,804,male,1,1056.0246858330029
1242,-9999.0,-9999.0,-9999.0,-9999.0,-9999.0,-9999.0,-9999.0,-9999.0,-9999.0,color,orientation,size,0.3400000000000001,-2.5,804,male,1,1056.0246858330029
1243,-9999.0,-9999.0,-9999.0,-9999.0,-9999.0,-9999.0,-9999.0,-9999.0,-9999.0,color,orientation,size,0.3400000000000001,-2.5,804,male,1,1056.0246858330029
1244,-9999.0,-9999.0,-9999.0,-9999.0,-9999.0,-9999.0,-9999.0,-9999.0,-9999.0,color,orientation,size,0.3400000000000001,-2.5,804,male,1,1056.0246858330029
1245,-9999.0,-9999.0,-9999.0,-9999.0,-9999.0,-9999.0,-9999.0,-9999.0,-9999.0,color,orientation,size,0.3400000000000001,-2.5,804,male,1,1056.0246858330029
1246,-9999.0,-9999.0,-9999.0,-9999.0,-9999.0,-9999.0,-9999.0,-9999.0,-9999.0,color,orientation,size,0.3400000000000001,-2.5,804,male,1,1056.0246858330029
1247,-9999.0,-9999.0,-9999.0,-9999.0,-9999.0,-9999.0,-9999.0,-9999.0,-9999.0,color,orientation,size,0.3400000000000001,-2.5,804,male,1,1056.0246858330029
1248,-9999.0,-9999.0,-9999.0,-9999.0,-9999.0,-9999.0,-9999.0,-9999.0,-9999.0,color,orientation,size,0.3400000000000001,-2.5,804,male,1,1056.0246858330029
1249,-9999.0,-9999.0,-9999.0,-9999.0,-9999.0,-9999.0,-9999.0,-9999.0,-9999.0,color,orientation,size,0.3400000000000001,-2.5,804,male,1,1056.0246858330029
1250,-9999.0,-9999.0,-9999.0,-9999.0,-9999.0,-9999.0,-9999.0,-9999.0,-9999.0,color,orientation,size,0.3400000000000001,-2.5,804,male,1,1056.0246858330029
1251,-9999.0,-9999.0,-9999.0,-9999.0,-9999.0,-9999.0,-9999.0,-9999.0,-9999.0,color,orientation,size,0.3400000000000001,-2.5,804,male,1,1056.0246858330029
1252,-9999.0,-9999.0,-9999.0,-9999.0,-9999.0,-9999.0,-9999.0,-9999.0,-9999.0,color,orientation,size,0.3400000000000001,-2.5,804,male,1,1056.0246858330029
1253,-9999.0,-9999.0,-9999.0,-9999.0,-9999.0,-9999.0,-9999.0,-9999.0,-9999.0,color,orientation,size,0.3400000000000001,-2.5,804,male,1,1056.0246858330029
1254,-9999.0,-9999.0,-9999.0,-9999.0,-9999.0,-9999.0,-9999.0,-9999.0,-9999.0,color,orientation,size,0.3400000000000001,-2.5,804,male,1,1056.0246858330029
1255,-9999.0,-9999.0,-9999.0,-9999.0,-9999.0,-9999.0,-9999.0,-9999.0,-9999.0,color,orientation,size,0.3400000000000001,-2.5,804,male,1,1056.0246858330029
1256,-9999.0,-9999.0,-9999.0,-9999.0,-9999.0,-9999.0,-9999.0,-9999.0,-9999.0,color,orientation,size,0.3400000000000001,-2.5,804,male,1,1056.0246858330029
1257,-9999.0,-9999.0,-9999.0,-9999.0,-9999.0,-9999.0,-9999.0,-9999.0,-9999.0,color,orientation,size,0.3400000000000001,-2.5,804,male,1,1056.0246858330029
1258,-9999.0,-9999.0,-9999.0,-9999.0,-9999.0,-9999.0,-9999.0,-9999.0,-9999.0,color,orientation,size,0.3400000000000001,-2.5,804,male,1,1056.0246858330029
1259,-9999.0,-9999.0,-9999.0,-9999.0,-9999.0,-9999.0,-9999.0,-9999.0,-9999.0,color,orientation,size,0.3400000000000001,-2.5,804,male,1,1056.0246858330029
1260,-9999.0,-9999.0,-9999.0,-9999.0,-9999.0,-9999.0,-9999.0,-9999.0,-9999.0,color,orientation,size,0.3400000000000001,-2.5,804,male,1,1056.0246858330029
1261,-9999.0,-9999.0,-9999.0,-9999.0,-9999.0,-9999.0,-9999.0,-9999.0,-9999.0,color,orientation,size,0.3400000000000001,-2.5,804,male,1,1056.0246858330029
1262,-9999.0,-9999.0,-9999.0,-9999.0,-9999.0,-9999.0,-9999.0,-9999.0,-9999.0,color,orientation,size,0.3400000000000001,-2.5,804,male,1,1056.0246858330029
1263,-9999.0,-9999.0,-9999.0,-9999.0,-9999.0,-9999.0,-9999.0,-9999.0,-9999.0,color,orientation,size,0.3400000000000001,-2.5,804,male,1,1056.0246858330029
1264,-9999.0,-9999.0,-9999.0,-9999.0,-9999.0,-9999.0,-9999.0,-9999.0,-9999.0,color,orientation,size,0.3400000000000001,-2.5,804,male,1,1056.0246858330029
1265,-9999.0,-9999.0,-9999.0,-9999.0,-9999.0,-9999.0,-9999.0,-9999.0,-9999.0,color,orientation,size,0.3400000000000001,-2.5,804,male,1,1056.0246858330029
1266,-9999.0,-9999.0,-9999.0,-9999.0,-9999.0,-9999.0,-9999.0,-9999.0,-9999.0,color,orientation,size,0.3400000000000001,-2.5,804,male,1,1056.0246858330029
1267,-9999.0,-9999.0,-9999.0,-9999.0,-9999.0,-9999.0,-9999.0,-9999.0,-9999.0,color,orientation,size,0.3400000000000001,-2.5,804,male,1,1056.0246858330029
1268,-9999.0,-9999.0,-9999.0,-9999.0,-9999.0,-9999.0,-9999.0,-9999.0,-9999.0,color,orientation,size,0.3400000000000001,-2.5,804,male,1,1056.0246858330029
1269,-9999.0,-9999.0,-9999.0,-9999.0,-9999.0,-9999.0,-9999.0,-9999.0,-9999.0,color,orientation,size,0.3400000000000001,-2.5,804,male,1,1056.0246858330029
1270,-9999.0,-9999.0,-9999.0,-9999.0,-9999.0,-9999.0,-9999.0,-9999.0,-9999.0,color,orientation,size,0.3400000000000001,-2.5,804,male,1,1056.0246858330029
1271,-9999.0,-9999.0,-9999.0,-9999.0,-9999.0,-9999.0,-9999.0,-9999.0,-9999.0,color,orientation,size,0.3400000000000001,-2.5,804,male,1,1056.0246858330029
1272,-9999.0,-9999.0,-9999.0,-9999.0,-9999.0,-9999.0,-9999.0,-9999.0,-9999.0,color,orientation,size,0.3400000000000001,-2.5,804,male,1,1056.0246858330029
1273,-9999.0,-9999.0,-9999.0,-9999.0,-9999.0,-9999.0,-9999.0,-9999.0,-9999.0,color,orientation,size,0.3400000000000001,-2.5,804,male,1,1056.0246858330029
1274,-9999.0,-9999.0,-9999.0,-9999.0,-9999.0,-9999.0,-9999.0,-9999.0,-9999.0,color,orientation,size,0.3400000000000001,-2.5,804,male,1,1056.0246858330029
1275,-9999.0,-9999.0,-9999.0,-9999.0,-9999.0,-9999.0,-9999.0,-9999.0,-9999.0,color,orientation,size,0.3400000000000001,-2.5,804,male,1,1056.0246858330029
1276,-9999.0,-9999.0,-9999.0,-9999.0,-9999.0,-9999.0,-9999.0,-9999.0,-9999.0,color,orientation,size,0.3400000000000001,-2.5,804,male,1,1056.0246858330029
1277,-9999.0,-9999.0,-9999.0,-9999.0,-9999.0,-9999.0,-9999.0,-9999.0,-9999.0,color,orientation,size,0.3400000000000001,-2.5,804,male,1,1056.0246858330029
1278,-9999.0,-9999.0,-9999.0,-9999.0,-9999.0,-9999.0,-9999.0,-9999.0,-9999.0,color,orientation,size,0.3400000000000001,-2.5,804,male,1,1056.0246858330029
1279,-9999.0,-9999.0,-9999.0,-9999.0,-9999.0,-9999.0,-9999.0,-9999.0,-9999.0,color,orientation,size,0.3400000000000001,-2.5,804,male,1,1056.0246858330029
1280,-9999.0,-9999.0,-9999.0,-9999.0,-9999.0,-9999.0,-9999.0,-9999.0,-9999.0,color,orientation,size,0.3400000000000001,-2.5,804,male,1,1056.0246858330029
1281,-9999.0,-9999.0,-9999.0,-9999.0,-9999.0,-9999.0,-9999.0,-9999.0,-9999.0,color,orientation,size,0.3400000000000001,-2.5,804,male,1,1056.0246858330029
1282,-9999.0,-9999.0,-9999.0,-9999.0,-9999.0,-9999.0,-9999.0,-9999.0,-9999.0,color,orientation,size,0.3400000000000001,-2.5,804,male,1,1056.0246858330029
1283,-9999.0,-9999.0,-9999.0,-9999.0,-9999.0,-9999.0,-9999.0,-9999.0,-9999.0,color,orientation,size,0.3400000000000001,-2.5,804,male,1,1056.0246858330029
1284,-9999.0,-9999.0,-9999.0,-9999.0,-9999.0,-9999.0,-9999.0,-9999.0,-9999.0,color,orientation,size,0.3400000000000001,-2.5,804,male,1,1056.0246858330029
1285,-9999.0,-9999.0,-9999.0,-9999.0,-9999.0,-9999.0,-9999.0,-9999.0,-9999.0,color,orientation,size,0.3400000000000001,-2.5,804,male,1,1056.0246858330029
1286,-9999.0,-9999.0,-9999.0,-9999.0,-9999.0,-9999.0,-9999.0,-9999.0,-9999.0,color,orientation,size,0.3400000000000001,-2.5,804,male,1,1056.0246858330029
1287,-9999.0,-9999.0,-9999.0,-9999.0,-9999.0,-9999.0,-9999.0,-9999.0,-9999.0,color,orientation,size,0.3400000000000001,-2.5,804,male,1,1056.0246858330029
1288,-9999.0,-9999.0,-9999.0,-9999.0,-9999.0,-9999.0,-9999.0,-9999.0,-9999.0,color,orientation,size,0.3400000000000001,-2.5,804,male,1,1056.0246858330029
1289,-9999.0,-9999.0,-9999.0,-9999.0,-9999.0,-9999.0,-9999.0,-9999.0,-9999.0,color,orientation,size,0.3400000000000001,-2.5,804,male,1,1056.0246858330029
1290,-9999.0,-9999.0,-9999.0,-9999.0,-9999.0,-9999.0,-9999.0,-9999.0,-9999.0,color,orientation,size,0.3400000000000001,-2.5,804,male,1,1056.0246858330029
1291,-9999.0,-9999.0,-9999.0,-9999.0,-9999.0,-9999.0,-9999.0,-9999.0,-9999.0,color,orientation,size,0.3400000000000001,-2.5,804,male,1,1056.0246858330029
1292,-9999.0,-9999.0,-9999.0,-9999.0,-9999.0,-9999.0,-9999.0,-9999.0,-9999.0,color,orientation,size,0.3400000000000001,-2.5,804,male,1,1056.0246858330029
1293,-9999.0,-9999.0,-9999.0,-9999.0,-9999.0,-9999.0,-9999.0,-9999.0,-9999.0,color,orientation,size,0.3400000000000001,-2.5,804,male,1,1056.0246858330029
1294,-9999.0,-9999.0,-9999.0,-9999.0,-9999.0,-9999.0,-9999.0,-9999.0,-9999.0,color,orientation,size,0.3400000000000001,-2.5,804,male,1,1056.0246858330029
1295,-9999.0,-9999.0,-9999.0,-9999.0,-9999.0,-9999.0,-9999.0,-9999.0,-9999.0,color,orientation,size,0.3400000000000001,-2.5,804,male,1,1056.0246858330029
1296,-9999.0,-9999.0,-9999.0,-9999.0,-9999.0,-9999.0,-9999.0,-9999.0,-9999.0,color,orientation,size,0.3400000000000001,-2.5,804,male,1,1056.0246858330029
1297,-9999.0,-9999.0,-9999.0,-9999.0,-9999.0,-9999.0,-9999.0,-9999.0,-9999.0,color,orientation,size,0.3400000000000001,-2.5,804,male,1,1056.0246858330029
1298,-9999.0,-9999.0,-9999.0,-9999.0,-9999.0,-9999.0,-9999.0,-9999.0,-9999.0,color,orientation,size,0.3400000000000001,-2.5,804,male,1,1056.0246858330029
1299,-9999.0,-9999.0,-9999.0,-9999.0,-9999.0,-9999.0,-9999.0,-9999.0,-9999.0,color,orientation,size,0.3400000000000001,-2.5,804,male,1,1056.0246858330029
1300,-9999.0,-9999.0,-9999.0,-9999.0,-9999.0,-9999.0,-9999.0,-9999.0,-9999.0,color,orientation,size,0.3400000000000001,-2.5,804,male,1,1056.0246858330029
1301,-9999.0,-9999.0,-9999.0,-9999.0,-9999.0,-9999.0,-9999.0,-9999.0,-9999.0,color,orientation,size,0.3400000000000001,-2.5,804,male,1,1056.0246858330029
1302,-9999.0,-9999.0,-9999.0,-9999.0,-9999.0,-9999.0,-9999.0,-9999.0,-9999.0,color,orientation,size,0.3400000000000001,-2.5,804,male,1,1056.0246858330029
1303,-9999.0,-9999.0,-9999.0,-9999.0,-9999.0,-9999.0,-9999.0,-9999.0,-9999.0,color,orientation,size,0.3400000000000001,-2.5,804,male,1,1056.0246858330029
1304,-9999.0,-9999.0,-9999.0,-9999.0,-9999.0,-9999.0,-9999.0,-9999.0,-9999.0,color,orientation,size,0.3400000000000001,-2.5,804,male,1,1056.0246858330029
1305,-9999.0,-9999.0,-9999.0,-9999.0,-9999.0,-9999.0,-9999.0,-9999.0,-9999.0,color,orientation,size,0.3400000000000001,-2.5,804,male,1,1056.0246858330029
1306,-9999.0,-9999.0,-9999.0,-9999.0,-9999.0,-9999.0,-9999.0,-9999.0,-9999.0,color,orientation,size,0.3400000000000001,-2.5,804,male,1,1056.0246858330029
1307,-9999.0,-9999.0,-9999.0,-9999.0,-9999.0,-9999.0,-9999.0,-9999.0,-9999.0,color,orientation,size,0.3400000000000001,-2.5,804,male,1,1056.0246858330029
1308,-9999.0,-9999.0,-9999.0,-9999.0,-9999.0,-9999.0,-9999.0,-9999.0,-9999.0,color,orientation,size,0.3400000000000001,-2.5,804,male,1,1056.0246858330029
1309,-9999.0,-9999.0,-9999.0,-9999.0,-9999.0,-9999.0,-9999.0,-9999.0,-9999.0,color,orientation,size,0.3400000000000001,-2.5,804,male,1,1056.0246858330029
1310,-9999.0,-9999.0,-9999.0,-9999.0,-9999.0,-9999.0,-9999.0,-9999.0,-9999.0,color,orientation,size,0.3400000000000001,-2.5,804,male,1,1056.0246858330029
1311,-9999.0,-9999.0,-9999.0,-9999.0,-9999.0,-9999.0,-9999.0,-9999.0,-9999.0,color,orientation,size,0.3400000000000001,-2.5,804,male,1,1056.0246858330029
1312,-9999.0,-9999.0,-9999.0,-9999.0,-9999.0,-9999.0,-9999.0,-9999.0,-9999.0,color,orientation,size,0.3400000000000001,-2.5,804,male,1,1056.0246858330029
1313,-9999.0,-9999.0,-9999.0,-9999.0,-9999.0,-9999.0,-9999.0,-9999.0,-9999.0,color,orientation,size,0.3400000000000001,-2.5,804,male,1,1056.0246858330029
1314,-9999.0,-9999.0,-9999.0,-9999.0,-9999.0,-9999.0,-9999.0,-9999.0,-9999.0,color,orientation,size,0.3400000000000001,-2.5,804,male,1,1056.0246858330029
1315,-9999.0,-9999.0,-9999.0,-9999.0,-9999.0,-9999.0,-9999.0,-9999.0,-9999.0,color,orientation,size,0.3400000000000001,-2.5,804,male,1,1056.0246858330029
1316,-9999.0,-9999.0,-9999.0,-9999.0,-9999.0,-9999.0,-9999.0,-9999.0,-9999.0,color,orientation,size,0.3400000000000001,-2.5,804,male,1,1056.0246858330029
1317,-9999.0,-9999.0,-9999.0,-9999.0,-9999.0,-9999.0,-9999.0,-9999.0,-9999.0,color,orientation,size,0.3400000000000001,-2.5,804,male,1,1056.0246858330029
1318,-9999.0,-9999.0,-9999.0,-9999.0,-9999.0,-9999.0,-9999.0,-9999.0,-9999.0,color,orientation,size,0.3400000000000001,-2.5,804,male,1,1056.0246858330029
1319,-9999.0,-9999.0,-9999.0,-9999.0,-9999.0,-9999.0,-9999.0,-9999.0,-9999.0,color,orientation,size,0.3400000000000001,-2.5,804,male,1,1056.0246858330029
1320,-9999.0,-9999.0,-9999.0,-9999.0,-9999.0,-9999.0,-9999.0,-9999.0,-9999.0,color,orientation,size,0.3400000000000001,-2.5,804,male,1,1056.0246858330029
1321,-9999.0,-9999.0,-9999.0,-9999.0,-9999.0,-9999.0,-9999.0,-9999.0,-9999.0,color,orientation,size,0.3400000000000001,-2.5,804,male,1,1056.0246858330029
1322,-9999.0,-9999.0,-9999.0,-9999.0,-9999.0,-9999.0,-9999.0,-9999.0,-9999.0,color,orientation,size,0.3400000000000001,-2.5,804,male,1,1056.0246858330029
1323,-9999.0,-9999.0,-9999.0,-9999.0,-9999.0,-9999.0,-9999.0,-9999.0,-9999.0,color,orientation,size,0.3400000000000001,-2.5,804,male,1,1056.0246858330029
1324,-9999.0,-9999.0,-9999.0,-9999.0,-9999.0,-9999.0,-9999.0,-9999.0,-9999.0,color,orientation,size,0.3400000000000001,-2.5,804,male,1,1056.0246858330029
1325,-9999.0,-9999.0,-9999.0,-9999.0,-9999.0,-9999.0,-9999.0,-9999.0,-9999.0,color,orientation,size,0.3400000000000001,-2.5,804,male,1,1056.0246858330029
1326,-9999.0,-9999.0,-9999.0,-9999.0,-9999.0,-9999.0,-9999.0,-9999.0,-9999.0,color,orientation,size,0.3400000000000001,-2.5,804,male,1,1056.0246858330029
1327,-9999.0,-9999.0,-9999.0,-9999.0,-9999.0,-9999.0,-9999.0,-9999.0,-9999.0,color,orientation,size,0.3400000000000001,-2.5,804,male,1,1056.0246858330029
1328,-9999.0,-9999.0,-9999.0,-9999.0,-9999.0,-9999.0,-9999.0,-9999.0,-9999.0,color,orientation,size,0.3400000000000001,-2.5,804,male,1,1056.0246858330029
1329,-9999.0,-9999.0,-9999.0,-9999.0,-9999.0,-9999.0,-9999.0,-9999.0,-9999.0,color,orientation,size,0.3400000000000001,-2.5,804,male,1,1056.0246858330029
1330,-9999.0,-9999.0,-9999.0,-9999.0,-9999.0,-9999.0,-9999.0,-9999.0,-9999.0,color,orientation,size,0.3400000000000001,-2.5,804,male,1,1056.0246858330029
1331,-9999.0,-9999.0,-9999.0,-9999.0,-9999.0,-9999.0,-9999.0,-9999.0,-9999.0,color,orientation,size,0.3400000000000001,-2.5,804,male,1,1056.0246858330029
1332,-9999.0,-9999.0,-9999.0,-9999.0,-9999.0,-9999.0,-9999.0,-9999.0,-9999.0,color,orientation,size,0.3400000000000001,-2.5,804,male,1,1056.0246858330029
1333,-9999.0,-9999.0,-9999.0,-9999.0,-9999.0,-9999.0,-9999.0,-9999.0,-9999.0,color,orientation,size,0.3400000000000001,-2.5,804,male,1,1056.0246858330029
1334,-9999.0,-9999.0,-9999.0,-9999.0,-9999.0,-9999.0,-9999.0,-9999.0,-9999.0,color,orientation,size,0.3400000000000001,-2.5,804,male,1,1056.0246858330029
1335,-9999.0,-9999.0,-9999.0,-9999.0,-9999.0,-9999.0,-9999.0,-9999.0,-9999.0,color,orientation,size,0.3400000000000001,-2.5,804,male,1,1056.0246858330029
1336,-9999.0,-9999.0,-9999.0,-9999.0,-9999.0,-9999.0,-9999.0,-9999.0,-9999.0,color,orientation,size,0.3400000000000001,-2.5,804,male,1,1056.0246858330029
1337,-9999.0,-9999.0,-9999.0,-9999.0,-9999.0,-9999.0,-9999.0,-9999.0,-9999.0,color,orientation,size,0.3400000000000001,-2.5,804,male,1,1056.0246858330029
1338,-9999.0,-9999.0,-9999.0,-9999.0,-9999.0,-9999.0,-9999.0,-9999.0,-9999.0,color,orientation,size,0.3400000000000001,-2.5,804,male,1,1056.0246858330029
1339,-9999.0,-9999.0,-9999.0,-9999.0,-9999.0,-9999.0,-9999.0,-9999.0,-9999.0,color,orientation,size,0.3400000000000001,-2.5,804,male,1,1056.0246858330029
1340,-9999.0,-9999.0,-9999.0,-9999.0,-9999.0,-9999.0,-9999.0,-9999.0,-9999.0,color,orientation,size,0.3400000000000001,-2.5,804,male,1,1056.0246858330029
1341,-9999.0,-9999.0,-9999.0,-9999.0,-9999.0,-9999.0,-9999.0,-9999.0,-9999.0,color,orientation,size,0.3400000000000001,-2.5,804,male,1,1056.0246858330029
1342,-9999.0,-9999.0,-9999.0,-9999.0,-9999.0,-9999.0,-9999.0,-9999.0,-9999.0,color,orientation,size,0.3400000000000001,-2.5,804,male,1,1056.0246858330029
1343,-9999.0,-9999.0,-9999.0,-9999.0,-9999.0,-9999.0,-9999.0,-9999.0,-9999.0,color,orientation,size,0.3400000000000001,-2.5,804,male,1,1056.0246858330029
1344,-9999.0,-9999.0,-9999.0,-9999.0,-9999.0,-9999.0,-9999.0,-9999.0,-9999.0,color,orientation,size,0.3400000000000001,-2.5,804,male,1,1056.0246858330029
1345,-9999.0,-9999.0,-9999.0,-9999.0,-9999.0,-9999.0,-9999.0,-9999.0,-9999.0,color,orientation,size,0.3400000000000001,-2.5,804,male,1,1056.0246858330029
1346,-9999.0,-9999.0,-9999.0,-9999.0,-9999.0,-9999.0,-9999.0,-9999.0,-9999.0,color,orientation,size,0.3400000000000001,-2.5,804,male,1,1056.0246858330029
1347,-9999.0,-9999.0,-9999.0,-9999.0,-9999.0,-9999.0,-9999.0,-9999.0,-9999.0,color,orientation,size,0.3400000000000001,-2.5,804,male,1,1056.0246858330029
1348,-9999.0,-9999.0,-9999.0,-9999.0,-9999.0,-9999.0,-9999.0,-9999.0,-9999.0,color,orientation,size,0.3400000000000001,-2.5,804,male,1,1056.0246858330029
1349,-9999.0,-9999.0,-9999.0,-9999.0,-9999.0,-9999.0,-9999.0,-9999.0,-9999.0,color,orientation,size,0.3400000000000001,-2.5,804,male,1,1056.0246858330029
1350,-9999.0,-9999.0,-9999.0,-9999.0,-9999.0,-9999.0,-9999.0,-9999.0,-9999.0,color,orientation,size,0.3400000000000001,-2.5,804,male,1,1056.0246858330029
1351,-9999.0,-9999.0,-9999.0,-9999.0,-9999.0,-9999.0,-9999.0,-9999.0,-9999.0,color,orientation,size,0.3400000000000001,-2.5,804,male,1,1056.0246858330029
1352,-9999.0,-9999.0,-9999.0,-9999.0,-9999.0,-9999.0,-9999.0,-9999.0,-9999.0,color,orientation,size,0.3400000000000001,-2.5,804,male,1,1056.0246858330029
1353,-9999.0,-9999.0,-9999.0,-9999.0,-9999.0,-9999.0,-9999.0,-9999.0,-9999.0,color,orientation,size,0.3400000000000001,-2.5,804,male,1,1056.0246858330029
1354,-9999.0,-9999.0,-9999.0,-9999.0,-9999.0,-9999.0,-9999.0,-9999.0,-9999.0,color,orientation,size,0.3400000000000001,-2.5,804,male,1,1056.0246858330029
1355,-9999.0,-9999.0,-9999.0,-9999.0,-9999.0,-9999.0,-9999.0,-9999.0,-9999.0,color,orientation,size,0.3400000000000001,-2.5,804,male,1,1056.0246858330029
1356,-9999.0,-9999.0,-9999.0,-9999.0,-9999.0,-9999.0,-9999.0,-9999.0,-9999.0,color,orientation,size,0.3400000000000001,-2.5,804,male,1,1056.0246858330029
1357,-9999.0,-9999.0,-9999.0,-9999.0,-9999.0,-9999.0,-9999.0,-9999.0,-9999.0,color,orientation,size,0.3400000000000001,-2.5,804,male,1,1056.0246858330029
1358,-9999.0,-9999.0,-9999.0,-9999.0,-9999.0,-9999.0,-9999.0,-9999.0,-9999.0,color,orientation,size,0.3400000000000001,-2.5,804,male,1,1056.0246858330029
1359,-9999.0,-9999.0,-9999.0,-9999.0,-9999.0,-9999.0,-9999.0,-9999.0,-9999.0,color,orientation,size,0.3400000000000001,-2.5,804,male,1,1056.0246858330029
1360,-9999.0,-9999.0,-9999.0,-9999.0,-9999.0,-9999.0,-9999.0,-9999.0,-9999.0,color,orientation,size,0.3400000000000001,-2.5,804,male,1,1056.0246858330029
1361,-9999.0,-9999.0,-9999.0,-9999.0,-9999.0,-9999.0,-9999.0,-9999.0,-9999.0,color,orientation,size,0.3400000000000001,-2.5,804,male,1,1056.0246858330029
1362,-9999.0,-9999.0,-9999.0,-9999.0,-9999.0,-9999.0,-9999.0,-9999.0,-9999.0,color,orientation,size,0.3400000000000001,-2.5,804,male,1,1056.0246858330029
1363,-9999.0,-9999.0,-9999.0,-9999.0,-9999.0,-9999.0,-9999.0,-9999.0,-9999.0,color,orientation,size,0.3400000000000001,-2.5,804,male,1,1056.0246858330029
1364,-9999.0,-9999.0,-9999.0,-9999.0,-9999.0,-9999.0,-9999.0,-9999.0,-9999.0,color,orientation,size,0.3400000000000001,-2.5,804,male,1,1056.0246858330029
1365,-9999.0,-9999.0,-9999.0,-9999.0,-9999.0,-9999.0,-9999.0,-9999.0,-9999.0,color,orientation,size,0.3400000000000001,-2.5,804,male,1,1056.0246858330029
1366,-9999.0,-9999.0,-9999.0,-9999.0,-9999.0,-9999.0,-9999.0,-9999.0,-9999.0,color,orientation,size,0.3400000000000001,-2.5,804,male,1,1056.0246858330029
1367,-9999.0,-9999.0,-9999.0,-9999.0,-9999.0,-9999.0,-9999.0,-9999.0,-9999.0,color,orientation,size,0.3400000000000001,-2.5,804,male,1,1056.0246858330029
1368,-9999.0,-9999.0,-9999.0,-9999.0,-9999.0,-9999.0,-9999.0,-9999.0,-9999.0,color,orientation,size,0.3400000000000001,-2.5,804,male,1,1056.0246858330029
1369,-9999.0,-9999.0,-9999.0,-9999.0,-9999.0,-9999.0,-9999.0,-9999.0,-9999.0,color,orientation,size,0.3400000000000001,-2.5,804,male,1,1056.0246858330029
1370,-9999.0,-9999.0,-9999.0,-9999.0,-9999.0,-9999.0,-9999.0,-9999.0,-9999.0,color,orientation,size,0.3400000000000001,-2.5,804,male,1,1056.0246858330029
1371,-9999.0,-9999.0,-9999.0,-9999.0,-9999.0,-9999.0,-9999.0,-9999.0,-9999.0,color,orientation,size,0.3400000000000001,-2.5,804,male,1,1056.0246858330029
1372,-9999.0,-9999.0,-9999.0,-9999.0,-9999.0,-9999.0,-9999.0,-9999.0,-9999.0,color,orientation,size,0.3400000000000001,-2.5,804,male,1,1056.0246858330029
1373,-9999.0,-9999.0,-9999.0,-9999.0,-9999.0,-9999.0,-9999.0,-9999.0,-9999.0,color,orientation,size,0.3400000000000001,-2.5,804,male,1,1056.0246858330029
1374,-9999.0,-9999.0,-9999.0,-9999.0,-9999.0,-9999.0,-9999.0,-9999.0,-9999.0,color,orientation,size,0.3400000000000001,-2.5,804,male,1,1056.0246858330029
1375,-9999.0,-9999.0,-9999.0,-9999.0,-9999.0,-9999.0,-9999.0,-9999.0,-9999.0,color,orientation,size,0.3400000000000001,-2.5,804,male,1,1056.0246858330029
1376,-9999.0,-9999.0,-9999.0,-9999.0,-9999.0,-9999.0,-9999.0,-9999.0,-9999.0,color,orientation,size,0.3400000000000001,-2.5,804,male,1,1056.0246858330029
1377,-9999.0,-9999.0,-9999.0,-9999.0,-9999.0,-9999.0,-9999.0,-9999.0,-9999.0,color,orientation,size,0.3400000000000001,-2.5,804,male,1,1056.0246858330029
1378,-9999.0,-9999.0,-9999.0,-9999.0,-9999.0,-9999.0,-9999.0,-9999.0,-9999.0,color,orientation,size,0.3400000000000001,-2.5,804,male,1,1056.0246858330029
1379,-9999.0,-9999.0,-9999.0,-9999.0,-9999.0,-9999.0,-9999.0,-9999.0,-9999.0,color,orientation,size,0.3400000000000001,-2.5,804,male,1,1056.0246858330029
1380,-9999.0,-9999.0,-9999.0,-9999.0,-9999.0,-9999.0,-9999.0,-9999.0,-9999.0,color,orientation,size,0.3400000000000001,-2.5,804,male,1,1056.0246858330029
1381,-9999.0,-9999.0,-9999.0,-9999.0,-9999.0,-9999.0,-9999.0,-9999.0,-9999.0,color,orientation,size,0.3400000000000001,-2.5,804,male,1,1056.0246858330029
1382,-9999.0,-9999.0,-9999.0,-9999.0,-9999.0,-9999.0,-9999.0,-9999.0,-9999.0,color,orientation,size,0.3400000000000001,-2.5,804,male,1,1056.0246858330029
1383,-9999.0,-9999.0,-9999.0,-9999.0,-9999.0,-9999.0,-9999.0,-9999.0,-9999.0,color,orientation,size,0.3400000000000001,-2.5,804,male,1,1056.0246858330029
1384,-9999.0,-9999.0,-9999.0,-9999.0,-9999.0,-9999.0,-9999.0,-9999.0,-9999.0,color,orientation,size,0.3400000000000001,-2.5,804,male,1,1056.0246858330029
1385,-9999.0,-9999.0,-9999.0,-9999.0,-9999.0,-9999.0,-9999.0,-9999.0,-9999.0,color,orientation,size,0.3400000000000001,-2.5,804,male,1,1056.0246858330029
1386,-9999.0,-9999.0,-9999.0,-9999.0,-9999.0,-9999.0,-9999.0,-9999.0,-9999.0,color,orientation,size,0.3400000000000001,-2.5,804,male,1,1056.0246858330029
1387,-9999.0,-9999.0,-9999.0,-9999.0,-9999.0,-9999.0,-9999.0,-9999.0,-9999.0,color,orientation,size,0.3400000000000001,-2.5,804,male,1,1056.0246858330029
1388,-9999.0,-9999.0,-9999.0,-9999.0,-9999.0,-9999.0,-9999.0,-9999.0,-9999.0,color,orientation,size,0.3400000000000001,-2.5,804,male,1,1056.0246858330029
1389,-9999.0,-9999.0,-9999.0,-9999.0,-9999.0,-9999.0,-9999.0,-9999.0,-9999.0,color,orientation,size,0.3400000000000001,-2.5,804,male,1,1056.0246858330029
1390,-9999.0,-9999.0,-9999.0,-9999.0,-9999.0,-9999.0,-9999.0,-9999.0,-9999.0,color,orientation,size,0.3400000000000001,-2.5,804,male,1,1056.0246858330029
1391,-9999.0,-9999.0,-9999.0,-9999.0,-9999.0,-9999.0,-9999.0,-9999.0,-9999.0,color,orientation,size,0.3400000000000001,-2.5,804,male,1,1056.0246858330029
1392,-9999.0,-9999.0,-9999.0,-9999.0,-9999.0,-9999.0,-9999.0,-9999.0,-9999.0,color,orientation,size,0.3400000000000001,-2.5,804,male,1,1056.0246858330029
1393,-9999.0,-9999.0,-9999.0,-9999.0,-9999.0,-9999.0,-9999.0,-9999.0,-9999.0,color,orientation,size,0.3400000000000001,-2.5,804,male,1,1056.0246858330029
1394,-9999.0,-9999.0,-9999.0,-9999.0,-9999.0,-9999.0,-9999.0,-9999.0,-9999.0,color,orientation,size,0.3400000000000001,-2.5,804,male,1,1056.0246858330029
1395,-9999.0,-9999.0,-9999.0,-9999.0,-9999.0,-9999.0,-9999.0,-9999.0,-9999.0,color,orientation,size,0.3400000000000001,-2.5,804,male,1,1056.0246858330029
1396,-9999.0,-9999.0,-9999.0,-9999.0,-9999.0,-9999.0,-9999.0,-9999.0,-9999.0,color,orientation,size,0.3400000000000001,-2.5,804,male,1,1056.0246858330029
1397,-9999.0,-9999.0,-9999.0,-9999.0,-9999.0,-9999.0,-9999.0,-9999.0,-9999.0,color,orientation,size,0.3400000000000001,-2.5,804,male,1,1056.0246858330029
1398,-9999.0,-9999.0,-9999.0,-9999.0,-9999.0,-9999.0,-9999.0,-9999.0,-9999.0,color,orientation,size,0.3400000000000001,-2.5,804,male,1,1056.0246858330029
1399,-9999.0,-9999.0,-9999.0,-9999.0,-9999.0,-9999.0,-9999.0,-9999.0,-9999.0,color,orientation,size,0.3400000000000001,-2.5,804,male,1,1056.0246858330029
1400,-9999.0,-9999.0,-9999.0,-9999.0,-9999.0,-9999.0,-9999.0,-9999.0,-9999.0,color,orientation,size,0.3400000000000001,-2.5,804,male,1,1056.0246858330029
1401,-9999.0,-9999.0,-9999.0,-9999.0,-9999.0,-9999.0,-9999.0,-9999.0,-9999.0,color,orientation,size,0.3400000000000001,-2.5,804,male,1,1056.0246858330029
1402,-9999.0,-9999.0,-9999.0,-9999.0,-9999.0,-9999.0,-9999.0,-9999.0,-9999.0,color,orientation,size,0.3400000000000001,-2.5,804,male,1,1056.0246858330029
1403,-9999.0,-9999.0,-9999.0,-9999.0,-9999.0,-9999.0,-9999.0,-9999.0,-9999.0,color,orientation,size,0.3400000000000001,-2.5,804,male,1,1056.0246858330029
1404,-9999.0,-9999.0,-9999.0,-9999.0,-9999.0,-9999.0,-9999.0,-9999.0,-9999.0,color,orientation,size,0.3400000000000001,-2.5,804,male,1,1056.0246858330029
1405,-9999.0,-9999.0,-9999.0,-9999.0,-9999.0,-9999.0,-9999.0,-9999.0,-9999.0,color,orientation,size,0.3400000000000001,-2.5,804,male,1,1056.0246858330029
1406,-9999.0,-9999.0,-9999.0,-9999.0,-9999.0,-9999.0,-9999.0,-9999.0,-9999.0,color,orientation,size,0.3400000000000001,-2.5,804,male,1,1056.0246858330029
1407,-9999.0,-9999.0,-9999.0,-9999.0,-9999.0,-9999.0,-9999.0,-9999.0,-9999.0,color,orientation,size,0.3400000000000001,-2.5,804,male,1,1056.0246858330029
1408,-9999.0,-9999.0,-9999.0,-9999.0,-9999.0,-9999.0,-9999.0,-9999.0,-9999.0,color,orientation,size,0.3400000000000001,-2.5,804,male,1,1056.0246858330029
1409,-9999.0,-9999.0,-9999.0,-9999.0,-9999.0,-9999.0,-9999.0,-9999.0,-9999.0,color,orientation,size,0.3400000000000001,-2.5,804,male,1,1056.0246858330029
1410,-9999.0,-9999.0,-9999.0,-9999.0,-9999.0,-9999.0,-9999.0,-9999.0,-9999.0,color,orientation,size,0.3400000000000001,-2.5,804,male,1,1056.0246858330029
1411,-9999.0,-9999.0,-9999.0,-9999.0,-9999.0,-9999.0,-9999.0,-9999.0,-9999.0,color,orientation,size,0.3400000000000001,-2.5,804,male,1,1056.0246858330029
1412,-9999.0,-9999.0,-9999.0,-9999.0,-9999.0,-9999.0,-9999.0,-9999.0,-9999.0,color,orientation,size,0.3400000000000001,-2.5,804,male,1,1056.0246858330029
1413,-9999.0,-9999.0,-9999.0,-9999.0,-9999.0,-9999.0,-9999.0,-9999.0,-9999.0,color,orientation,size,0.3400000000000001,-2.5,804,male,1,1056.0246858330029
1414,-9999.0,-9999.0,-9999.0,-9999.0,-9999.0,-9999.0,-9999.0,-9999.0,-9999.0,color,orientation,size,0.3400000000000001,-2.5,804,male,1,1056.0246858330029
1415,-9999.0,-9999.0,-9999.0,-9999.0,-9999.0,-9999.0,-9999.0,-9999.0,-9999.0,color,orientation,size,0.3400000000000001,-2.5,804,male,1,1056.0246858330029
1416,-9999.0,-9999.0,-9999.0,-9999.0,-9999.0,-9999.0,-9999.0,-9999.0,-9999.0,color,orientation,size,0.3400000000000001,-2.5,804,male,1,1056.0246858330029
1417,-9999.0,-9999.0,-9999.0,-9999.0,-9999.0,-9999.0,-9999.0,-9999.0,-9999.0,color,orientation,size,0.3400000000000001,-2.5,804,male,1,1056.0246858330029
1418,-9999.0,-9999.0,-9999.0,-9999.0,-9999.0,-9999.0,-9999.0,-9999.0,-9999.0,color,orientation,size,0.3400000000000001,-2.5,804,male,1,1056.0246858330029
1419,-9999.0,-9999.0,-9999.0,-9999.0,-9999.0,-9999.0,-9999.0,-9999.0,-9999.0,color,orientation,size,0.3400000000000001,-2.5,804,male,1,1056.0246858330029
1420,-9999.0,-9999.0,-9999.0,-9999.0,-9999.0,-9999.0,-9999.0,-9999.0,-9999.0,color,orientation,size,0.3400000000000001,-2.5,804,male,1,1056.0246858330029
1421,-9999.0,-9999.0,-9999.0,-9999.0,-9999.0,-9999.0,-9999.0,-9999.0,-9999.0,color,orientation,size,0.3400000000000001,-2.5,804,male,1,1056.0246858330029
1422,-9999.0,-9999.0,-9999.0,-9999.0,-9999.0,-9999.0,-9999.0,-9999.0,-9999.0,color,orientation,size,0.3400000000000001,-2.5,804,male,1,1056.0246858330029
1423,-9999.0,-9999.0,-9999.0,-9999.0,-9999.0,-9999.0,-9999.0,-9999.0,-9999.0,color,orientation,size,0.3400000000000001,-2.5,804,male,1,1056.0246858330029
1424,-9999.0,-9999.0,-9999.0,-9999.0,-9999.0,-9999.0,-9999.0,-9999.0,-9999.0,color,orientation,size,0.3400000000000001,-2.5,804,male,1,1056.0246858330029
1425,-9999.0,-9999.0,-9999.0,-9999.0,-9999.0,-9999.0,-9999.0,-9999.0,-9999.0,color,orientation,size,0.3400000000000001,-2.5,804,male,1,1056.0246858330029
1426,-9999.0,-9999.0,-9999.0,-9999.0,-9999.0,-9999.0,-9999.0,-9999.0,-9999.0,color,orientation,size,0.3400000000000001,-2.5,804,male,1,1056.0246858330029
1427,-9999.0,-9999.0,-9999.0,-9999.0,-9999.0,-9999.0,-9999.0,-9999.0,-9999.0,color,orientation,size,0.3400000000000001,-2.5,804,male,1,1056.0246858330029
1428,-9999.0,-9999.0,-9999.0,-9999.0,-9999.0,-9999.0,-9999.0,-9999.0,-9999.0,color,orientation,size,0.3400000000000001,-2.5,804,male,1,1056.0246858330029
1429,-9999.0,-9999.0,-9999.0,-9999.0,-9999.0,-9999.0,-9999.0,-9999.0,-9999.0,color,orientation,size,0.3400000000000001,-2.5,804,male,1,1056.0246858330029
1430,-9999.0,-9999.0,-9999.0,-9999.0,-9999.0,-9999.0,-9999.0,-9999.0,-9999.0,color,orientation,size,0.3400000000000001,-2.5,804,male,1,1056.0246858330029
1431,-9999.0,-9999.0,-9999.0,-9999.0,-9999.0,-9999.0,-9999.0,-9999.0,-9999.0,color,orientation,size,0.3400000000000001,-2.5,804,male,1,1056.0246858330029
1432,-9999.0,-9999.0,-9999.0,-9999.0,-9999.0,-9999.0,-9999.0,-9999.0,-9999.0,color,orientation,size,0.3400000000000001,-2.5,804,male,1,1056.0246858330029
1433,-9999.0,-9999.0,-9999.0,-9999.0,-9999.0,-9999.0,-9999.0,-9999.0,-9999.0,color,orientation,size,0.3400000000000001,-2.5,804,male,1,1056.0246858330029
1434,-9999.0,-9999.0,-9999.0,-9999.0,-9999.0,-9999.0,-9999.0,-9999.0,-9999.0,color,orientation,size,0.3400000000000001,-2.5,804,male,1,1056.0246858330029
1435,-9999.0,-9999.0,-9999.0,-9999.0,-9999.0,-9999.0,-9999.0,-9999.0,-9999.0,color,orientation,size,0.3400000000000001,-2.5,804,male,1,1056.0246858330029
1436,-9999.0,-9999.0,-9999.0,-9999.0,-9999.0,-9999.0,-9999.0,-9999.0,-9999.0,color,orientation,size,0.3400000000000001,-2.5,804,male,1,1056.0246858330029
1437,-9999.0,-9999.0,-9999.0,-9999.0,-9999.0,-9999.0,-9999.0,-9999.0,-9999.0,color,orientation,size,0.3400000000000001,-2.5,804,male,1,1056.0246858330029
1438,-9999.0,-9999.0,-9999.0,-9999.0,-9999.0,-9999.0,-9999.0,-9999.0,-9999.0,color,orientation,size,0.3400000000000001,-2.5,804,male,1,1056.0246858330029
1439,-9999.0,-9999.0,-9999.0,-9999.0,-9999.0,-9999.0,-9999.0,-9999.0,-9999.0,color,orientation,size,0.3400000000000001,-2.5,804,male,1,1056.0246858330029
1440,-9999.0,-9999.0,-9999.0,-9999.0,-9999.0,-9999.0,-9999.0,-9999.0,-9999.0,color,orientation,size,0.3400000000000001,-2.5,804,male,1,1056.0246858330029
1441,-9999.0,-9999.0,-9999.0,-9999.0,-9999.0,-9999.0,-9999.0,-9999.0,-9999.0,color,orientation,size,0.3400000000000001,-2.5,804,male,1,1056.0246858330029
1442,-9999.0,-9999.0,-9999.0,-9999.0,-9999.0,-9999.0,-9999.0,-9999.0,-9999.0,color,orientation,size,0.3400000000000001,-2.5,804,male,1,1056.0246858330029
1443,-9999.0,-9999.0,-9999.0,-9999.0,-9999.0,-9999.0,-9999.0,-9999.0,-9999.0,color,orientation,size,0.3400000000000001,-2.5,804,male,1,1056.0246858330029
1444,-9999.0,-9999.0,-9999.0,-9999.0,-9999.0,-9999.0,-9999.0,-9999.0,-9999.0,color,orientation,size,0.3400000000000001,-2.5,804,male,1,1056.0246858330029
1445,-9999.0,-9999.0,-9999.0,-9999.0,-9999.0,-9999.0,-9999.0,-9999.0,-9999.0,color,orientation,size,0.3400000000000001,-2.5,804,male,1,1056.0246858330029
1446,-9999.0,-9999.0,-9999.0,-9999.0,-9999.0,-9999.0,-9999.0,-9999.0,-9999.0,color,orientation,size,0.3400000000000001,-2.5,804,male,1,1056.0246858330029
1447,-9999.0,-9999.0,-9999.0,-9999.0,-9999.0,-9999.0,-9999.0,-9999.0,-9999.0,color,orientation,size,0.3400000000000001,-2.5,804,male,1,1056.0246858330029
1448,-9999.0,-9999.0,-9999.0,-9999.0,-9999.0,-9999.0,-9999.0,-9999.0,-9999.0,color,orientation,size,0.3400000000000001,-2.5,804,male,1,1056.0246858330029
1449,-9999.0,-9999.0,-9999.0,-9999.0,-9999.0,-9999.0,-9999.0,-9999.0,-9999.0,color,orientation,size,0.3400000000000001,-2.5,804,male,1,1056.0246858330029
1450,-9999.0,-9999.0,-9999.0,-9999.0,-9999.0,-9999.0,-9999.0,-9999.0,-9999.0,color,orientation,size,0.3400000000000001,-2.5,804,male,1,1056.0246858330029
1451,-9999.0,-9999.0,-9999.0,-9999.0,-9999.0,-9999.0,-9999.0,-9999.0,-9999.0,color,orientation,size,0.3400000000000001,-2.5,804,male,1,1056.0246858330029
1452,-9999.0,-9999.0,-9999.0,-9999.0,-9999.0,-9999.0,-9999.0,-9999.0,-9999.0,color,orientation,size,0.3400000000000001,-2.5,804,male,1,1056.0246858330029
1453,-9999.0,-9999.0,-9999.0,-9999.0,-9999.0,-9999.0,-9999.0,-9999.0,-9999.0,color,orientation,size,0.3400000000000001,-2.5,804,male,1,1056.0246858330029
1454,-9999.0,-9999.0,-9999.0,-9999.0,-9999.0,-9999.0,-9999.0,-9999.0,-9999.0,color,orientation,size,0.3400000000000001,-2.5,804,male,1,1056.0246858330029
1455,-9999.0,-9999.0,-9999.0,-9999.0,-9999.0,-9999.0,-9999.0,-9999.0,-9999.0,color,orientation,size,0.3400000000000001,-2.5,804,male,1,1056.0246858330029
1456,-9999.0,-9999.0,-9999.0,-9999.0,-9999.0,-9999.0,-9999.0,-9999.0,-9999.0,color,orientation,size,0.3400000000000001,-2.5,804,male,1,1056.0246858330029
1457,-9999.0,-9999.0,-9999.0,-9999.0,-9999.0,-9999.0,-9999.0,-9999.0,-9999.0,color,orientation,size,0.3400000000000001,-2.5,804,male,1,1056.0246858330029
1458,-9999.0,-9999.0,-9999.0,-9999.0,-9999.0,-9999.0,-9999.0,-9999.0,-9999.0,color,orientation,size,0.3400000000000001,-2.5,804,male,1,1056.0246858330029
1459,-9999.0,-9999.0,-9999.0,-9999.0,-9999.0,-9999.0,-9999.0,-9999.0,-9999.0,color,orientation,size,0.3400000000000001,-2.5,804,male,1,1056.0246858330029
1460,-9999.0,-9999.0,-9999.0,-9999.0,-9999.0,-9999.0,-9999.0,-9999.0,-9999.0,color,orientation,size,0.3400000000000001,-2.5,804,male,1,1056.0246858330029
1461,-9999.0,-9999.0,-9999.0,-9999.0,-9999.0,-9999.0,-9999.0,-9999.0,-9999.0,color,orientation,size,0.3400000000000001,-2.5,804,male,1,1056.0246858330029
1462,-9999.0,-9999.0,-9999.0,-9999.0,-9999.0,-9999.0,-9999.0,-9999.0,-9999.0,color,orientation,size,0.3400000000000001,-2.5,804,male,1,1056.0246858330029
1463,-9999.0,-9999.0,-9999.0,-9999.0,-9999.0,-9999.0,-9999.0,-9999.0,-9999.0,color,orientation,size,0.3400000000000001,-2.5,804,male,1,1056.0246858330029
1464,-9999.0,-9999.0,-9999.0,-9999.0,-9999.0,-9999.0,-9999.0,-9999.0,-9999.0,color,orientation,size,0.3400000000000001,-2.5,804,male,1,1056.0246858330029
1465,-9999.0,-9999.0,-9999.0,-9999.0,-9999.0,-9999.0,-9999.0,-9999.0,-9999.0,color,orientation,size,0.3400000000000001,-2.5,804,male,1,1056.0246858330029
1466,-9999.0,-9999.0,-9999.0,-9999.0,-9999.0,-9999.0,-9999.0,-9999.0,-9999.0,color,orientation,size,0.3400000000000001,-2.5,804,male,1,1056.0246858330029
1467,-9999.0,-9999.0,-9999.0,-9999.0,-9999.0,-9999.0,-9999.0,-9999.0,-9999.0,color,orientation,size,0.3400000000000001,-2.5,804,male,1,1056.0246858330029
1468,-9999.0,-9999.0,-9999.0,-9999.0,-9999.0,-9999.0,-9999.0,-9999.0,-9999.0,color,orientation,size,0.3400000000000001,-2.5,804,male,1,1056.0246858330029
1469,-9999.0,-9999.0,-9999.0,-9999.0,-9999.0,-9999.0,-9999.0,-9999.0,-9999.0,color,orientation,size,0.3400000000000001,-2.5,804,male,1,1056.0246858330029
1470,-9999.0,-9999.0,-9999.0,-9999.0,-9999.0,-9999.0,-9999.0,-9999.0,-9999.0,color,orientation,size,0.3400000000000001,-2.5,804,male,1,1056.0246858330029
1471,-9999.0,-9999.0,-9999.0,-9999.0,-9999.0,-9999.0,-9999.0,-9999.0,-9999.0,color,orientation,size,0.3400000000000001,-2.5,804,male,1,1056.0246858330029
1472,-9999.0,-9999.0,-9999.0,-9999.0,-9999.0,-9999.0,-9999.0,-9999.0,-9999.0,color,orientation,size,0.3400000000000001,-2.5,804,male,1,1056.0246858330029
1473,-9999.0,-9999.0,-9999.0,-9999.0,-9999.0,-9999.0,-9999.0,-9999.0,-9999.0,color,orientation,size,0.3400000000000001,-2.5,804,male,1,1056.0246858330029
1474,-9999.0,-9999.0,-9999.0,-9999.0,-9999.0,-9999.0,-9999.0,-9999.0,-9999.0,color,orientation,size,0.3400000000000001,-2.5,804,male,1,1056.0246858330029
1475,-9999.0,-9999.0,-9999.0,-9999.0,-9999.0,-9999.0,-9999.0,-9999.0,-9999.0,color,orientation,size,0.3400000000000001,-2.5,804,male,1,1056.0246858330029
1476,-9999.0,-9999.0,-9999.0,-9999.0,-9999.0,-9999.0,-9999.0,-9999.0,-9999.0,color,orientation,size,0.3400000000000001,-2.5,804,male,1,1056.0246858330029
1477,-9999.0,-9999.0,-9999.0,-9999.0,-9999.0,-9999.0,-9999.0,-9999.0,-9999.0,color,orientation,size,0.3400000000000001,-2.5,804,male,1,1056.0246858330029
1478,-9999.0,-9999.0,-9999.0,-9999.0,-9999.0,-9999.0,-9999.0,-9999.0,-9999.0,color,orientation,size,0.3400000000000001,-2.5,804,male,1,1056.0246858330029
1479,-9999.0,-9999.0,-9999.0,-9999.0,-9999.0,-9999.0,-9999.0,-9999.0,-9999.0,color,orientation,size,0.3400000000000001,-2.5,804,male,1,1056.0246858330029
1480,-9999.0,-9999.0,-9999.0,-9999.0,-9999.0,-9999.0,-9999.0,-9999.0,-9999.0,color,orientation,size,0.3400000000000001,-2.5,804,male,1,1056.0246858330029
1481,-9999.0,-9999.0,-9999.0,-9999.0,-9999.0,-9999.0,-9999.0,-9999.0,-9999.0,color,orientation,size,0.3400000000000001,-2.5,804,male,1,1056.0246858330029
1482,-9999.0,-9999.0,-9999.0,-9999.0,-9999.0,-9999.0,-9999.0,-9999.0,-9999.0,color,orientation,size,0.3400000000000001,-2.5,804,male,1,1056.0246858330029
1483,-9999.0,-9999.0,-9999.0,-9999.0,-9999.0,-9999.0,-9999.0,-9999.0,-9999.0,color,orientation,size,0.3400000000000001,-2.5,804,male,1,1056.0246858330029
1484,-9999.0,-9999.0,-9999.0,-9999.0,-9999.0,-9999.0,-9999.0,-9999.0,-9999.0,color,orientation,size,0.3400000000000001,-2.5,804,male,1,1056.0246858330029
1485,-9999.0,-9999.0,-9999.0,-9999.0,-9999.0,-9999.0,-9999.0,-9999.0,-9999.0,color,orientation,size,0.3400000000000001,-2.5,804,male,1,1056.0246858330029
1486,-9999.0,-9999.0,-9999.0,-9999.0,-9999.0,-9999.0,-9999.0,-9999.0,-9999.0,color,orientation,size,0.3400000000000001,-2.5,804,male,1,1056.0246858330029
1487,-9999.0,-9999.0,-9999.0,-9999.0,-9999.0,-9999.0,-9999.0,-9999.0,-9999.0,color,orientation,size,0.3400000000000001,-2.5,804,male,1,1056.0246858330029
1488,-9999.0,-9999.0,-9999.0,-9999.0,-9999.0,-9999.0,-9999.0,-9999.0,-9999.0,color,orientation,size,0.3400000000000001,-2.5,804,male,1,1056.0246858330029
1489,-9999.0,-9999.0,-9999.0,-9999.0,-9999.0,-9999.0,-9999.0,-9999.0,-9999.0,color,orientation,size,0.3400000000000001,-2.5,804,male,1,1056.0246858330029
1490,-9999.0,-9999.0,-9999.0,-9999.0,-9999.0,-9999.0,-9999.0,-9999.0,-9999.0,color,orientation,size,0.3400000000000001,-2.5,804,male,1,1056.0246858330029
1491,-9999.0,-9999.0,-9999.0,-9999.0,-9999.0,-9999.0,-9999.0,-9999.0,-9999.0,color,orientation,size,0.3400000000000001,-2.5,804,male,1,1056.0246858330029
1492,-9999.0,-9999.0,-9999.0,-9999.0,-9999.0,-9999.0,-9999.0,-9999.0,-9999.0,color,orientation,size,0.3400000000000001,-2.5,804,male,1,1056.0246858330029
1493,-9999.0,-9999.0,-9999.0,-9999.0,-9999.0,-9999.0,-9999.0,-9999.0,-9999.0,color,orientation,size,0.3400000000000001,-2.5,804,male,1,1056.0246858330029
1494,-9999.0,-9999.0,-9999.0,-9999.0,-9999.0,-9999.0,-9999.0,-9999.0,-9999.0,color,orientation,size,0.3400000000000001,-2.5,804,male,1,1056.0246858330029
1495,-9999.0,-9999.0,-9999.0,-9999.0,-9999.0,-9999.0,-9999.0,-9999.0,-9999.0,color,orientation,size,0.3400000000000001,-2.5,804,male,1,1056.0246858330029
1496,-9999.0,-9999.0,-9999.0,-9999.0,-9999.0,-9999.0,-9999.0,-9999.0,-9999.0,color,orientation,size,0.3400000000000001,-2.5,804,male,1,1056.0246858330029
1497,-9999.0,-9999.0,-9999.0,-9999.0,-9999.0,-9999.0,-9999.0,-9999.0,-9999.0,color,orientation,size,0.3400000000000001,-2.5,804,male,1,1056.0246858330029
1498,-9999.0,-9999.0,-9999.0,-9999.0,-9999.0,-9999.0,-9999.0,-9999.0,-9999.0,color,orientation,size,0.3400000000000001,-2.5,804,male,1,1056.0246858330029
1499,-9999.0,-9999.0,-9999.0,-9999.0,-9999.0,-9999.0,-9999.0,-9999.0,-9999.0,color,orientation,size,0.3400000000000001,-2.5,804,male,1,1056.0246858330029
1500,-9999.0,-9999.0,-9999.0,-9999.0,-9999.0,-9999.0,-9999.0,-9999.0,-9999.0,color,orientation,size,0.3400000000000001,-2.5,804,male,1,1056.0246858330029
1501,-9999.0,-9999.0,-9999.0,-9999.0,-9999.0,-9999.0,-9999.0,-9999.0,-9999.0,color,orientation,size,0.3400000000000001,-2.5,804,male,1,1056.0246858330029
1502,-9999.0,-9999.0,-9999.0,-9999.0,-9999.0,-9999.0,-9999.0,-9999.0,-9999.0,color,orientation,size,0.3400000000000001,-2.5,804,male,1,1056.0246858330029
1503,-9999.0,-9999.0,-9999.0,-9999.0,-9999.0,-9999.0,-9999.0,-9999.0,-9999.0,color,orientation,size,0.3400000000000001,-2.5,804,male,1,1056.0246858330029
1504,-9999.0,-9999.0,-9999.0,-9999.0,-9999.0,-9999.0,-9999.0,-9999.0,-9999.0,color,orientation,size,0.3400000000000001,-2.5,804,male,1,1056.0246858330029
1505,-9999.0,-9999.0,-9999.0,-9999.0,-9999.0,-9999.0,-9999.0,-9999.0,-9999.0,color,orientation,size,0.3400000000000001,-2.5,804,male,1,1056.0246858330029
1506,-9999.0,-9999.0,-9999.0,-9999.0,-9999.0,-9999.0,-9999.0,-9999.0,-9999.0,color,orientation,size,0.3400000000000001,-2.5,804,male,1,1056.0246858330029
1507,-9999.0,-9999.0,-9999.0,-9999.0,-9999.0,-9999.0,-9999.0,-9999.0,-9999.0,color,orientation,size,0.3400000000000001,-2.5,804,male,1,1056.0246858330029
1508,-9999.0,-9999.0,-9999.0,-9999.0,-9999.0,-9999.0,-9999.0,-9999.0,-9999.0,color,orientation,size,0.3400000000000001,-2.5,804,male,1,1056.0246858330029
1509,-9999.0,-9999.0,-9999.0,-9999.0,-9999.0,-9999.0,-9999.0,-9999.0,-9999.0,color,orientation,size,0.3400000000000001,-2.5,804,male,1,1056.0246858330029
1510,-9999.0,-9999.0,-9999.0,-9999.0,-9999.0,-9999.0,-9999.0,-9999.0,-9999.0,color,orientation,size,0.3400000000000001,-2.5,804,male,1,1056.0246858330029
1511,-9999.0,-9999.0,-9999.0,-9999.0,-9999.0,-9999.0,-9999.0,-9999.0,-9999.0,color,orientation,size,0.3400000000000001,-2.5,804,male,1,1056.0246858330029
1512,-9999.0,-9999.0,-9999.0,-9999.0,-9999.0,-9999.0,-9999.0,-9999.0,-9999.0,color,orientation,size,0.3400000000000001,-2.5,804,male,1,1056.0246858330029
1513,-9999.0,-9999.0,-9999.0,-9999.0,-9999.0,-9999.0,-9999.0,-9999.0,-9999.0,color,orientation,size,0.3400000000000001,-2.5,804,male,1,1056.0246858330029
1514,-9999.0,-9999.0,-9999.0,-9999.0,-9999.0,-9999.0,-9999.0,-9999.0,-9999.0,color,orientation,size,0.3400000000000001,-2.5,804,male,1,1056.0246858330029
1515,-9999.0,-9999.0,-9999.0,-9999.0,-9999.0,-9999.0,-9999.0,-9999.0,-9999.0,color,orientation,size,0.3400000000000001,-2.5,804,male,1,1056.0246858330029
1516,-9999.0,-9999.0,-9999.0,-9999.0,-9999.0,-9999.0,-9999.0,-9999.0,-9999.0,color,orientation,size,0.3400000000000001,-2.5,804,male,1,1056.0246858330029
1517,-9999.0,-9999.0,-9999.0,-9999.0,-9999.0,-9999.0,-9999.0,-9999.0,-9999.0,color,orientation,size,0.3400000000000001,-2.5,804,male,1,1056.0246858330029
1518,-9999.0,-9999.0,-9999.0,-9999.0,-9999.0,-9999.0,-9999.0,-9999.0,-9999.0,color,orientation,size,0.3400000000000001,-2.5,804,male,1,1056.0246858330029
1519,-9999.0,-9999.0,-9999.0,-9999.0,-9999.0,-9999.0,-9999.0,-9999.0,-9999.0,color,orientation,size,0.3400000000000001,-2.5,804,male,1,1056.0246858330029
1520,-9999.0,-9999.0,-9999.0,-9999.0,-9999.0,-9999.0,-9999.0,-9999.0,-9999.0,color,orientation,size,0.3400000000000001,-2.5,804,male,1,1056.0246858330029
1521,-9999.0,-9999.0,-9999.0,-9999.0,-9999.0,-9999.0,-9999.0,-9999.0,-9999.0,color,orientation,size,0.3400000000000001,-2.5,804,male,1,1056.0246858330029
1522,-9999.0,-9999.0,-9999.0,-9999.0,-9999.0,-9999.0,-9999.0,-9999.0,-9999.0,color,orientation,size,0.3400000000000001,-2.5,804,male,1,1056.0246858330029
1523,-9999.0,-9999.0,-9999.0,-9999.0,-9999.0,-9999.0,-9999.0,-9999.0,-9999.0,color,orientation,size,0.3400000000000001,-2.5,804,male,1,1056.0246858330029
1524,-9999.0,-9999.0,-9999.0,-9999.0,-9999.0,-9999.0,-9999.0,-9999.0,-9999.0,color,orientation,size,0.3400000000000001,-2.5,804,male,1,1056.0246858330029
1525,-9999.0,-9999.0,-9999.0,-9999.0,-9999.0,-9999.0,-9999.0,-9999.0,-9999.0,color,orientation,size,0.3400000000000001,-2.5,804,male,1,1056.0246858330029
1526,-9999.0,-9999.0,-9999.0,-9999.0,-9999.0,-9999.0,-9999.0,-9999.0,-9999.0,color,orientation,size,0.3400000000000001,-2.5,804,male,1,1056.0246858330029
1527,-9999.0,-9999.0,-9999.0,-9999.0,-9999.0,-9999.0,-9999.0,-9999.0,-9999.0,color,orientation,size,0.3400000000000001,-2.5,804,male,1,1056.0246858330029
1528,-9999.0,-9999.0,-9999.0,-9999.0,-9999.0,-9999.0,-9999.0,-9999.0,-9999.0,color,orientation,size,0.3400000000000001,-2.5,804,male,1,1056.0246858330029
1529,-9999.0,-9999.0,-9999.0,-9999.0,-9999.0,-9999.0,-9999.0,-9999.0,-9999.0,color,orientation,size,0.3400000000000001,-2.5,804,male,1,1056.0246858330029
1530,-9999.0,-9999.0,-9999.0,-9999.0,-9999.0,-9999.0,-9999.0,-9999.0,-9999.0,color,orientation,size,0.3400000000000001,-2.5,804,male,1,1056.0246858330029
1531,-9999.0,-9999.0,-9999.0,-9999.0,-9999.0,-9999.0,-9999.0,-9999.0,-9999.0,color,orientation,size,0.3400000000000001,-2.5,804,male,1,1056.0246858330029
1532,-9999.0,-9999.0,-9999.0,-9999.0,-9999.0,-9999.0,-9999.0,-9999.0,-9999.0,color,orientation,size,0.3400000000000001,-2.5,804,male,1,1056.0246858330029
1533,-9999.0,-9999.0,-9999.0,-9999.0,-9999.0,-9999.0,-9999.0,-9999.0,-9999.0,color,orientation,size,0.3400000000000001,-2.5,804,male,1,1056.0246858330029
1534,-9999.0,-9999.0,-9999.0,-9999.0,-9999.0,-9999.0,-9999.0,-9999.0,-9999.0,color,orientation,size,0.3400000000000001,-2.5,804,male,1,1056.0246858330029
1535,-9999.0,-9999.0,-9999.0,-9999.0,-9999.0,-9999.0,-9999.0,-9999.0,-9999.0,color,orientation,size,0.3400000000000001,-2.5,804,male,1,1056.0246858330029
1536,-9999.0,-9999.0,-9999.0,-9999.0,-9999.0,-9999.0,-9999.0,-9999.0,-9999.0,color,orientation,size,0.3400000000000001,-2.5,804,male,1,1056.0246858330029
1537,-9999.0,-9999.0,-9999.0,-9999.0,-9999.0,-9999.0,-9999.0,-9999.0,-9999.0,color,orientation,size,0.3400000000000001,-2.5,804,male,1,1056.0246858330029
1538,-9999.0,-9999.0,-9999.0,-9999.0,-9999.0,-9999.0,-9999.0,-9999.0,-9999.0,color,orientation,size,0.3400000000000001,-2.5,804,male,1,1056.0246858330029
1539,-9999.0,-9999.0,-9999.0,-9999.0,-9999.0,-9999.0,-9999.0,-9999.0,-9999.0,color,orientation,size,0.3400000000000001,-2.5,804,male,1,1056.0246858330029
1540,-9999.0,-9999.0,-9999.0,-9999.0,-9999.0,-9999.0,-9999.0,-9999.0,-9999.0,color,orientation,size,0.3400000000000001,-2.5,804,male,1,1056.0246858330029
1541,-9999.0,-9999.0,-9999.0,-9999.0,-9999.0,-9999.0,-9999.0,-9999.0,-9999.0,color,orientation,size,0.3400000000000001,-2.5,804,male,1,1056.0246858330029
1542,-9999.0,-9999.0,-9999.0,-9999.0,-9999.0,-9999.0,-9999.0,-9999.0,-9999.0,color,orientation,size,0.3400000000000001,-2.5,804,male,1,1056.0246858330029
1543,-9999.0,-9999.0,-9999.0,-9999.0,-9999.0,-9999.0,-9999.0,-9999.0,-9999.0,color,orientation,size,0.3400000000000001,-2.5,804,male,1,1056.0246858330029
1544,-9999.0,-9999.0,-9999.0,-9999.0,-9999.0,-9999.0,-9999.0,-9999.0,-9999.0,color,orientation,size,0.3400000000000001,-2.5,804,male,1,1056.0246858330029
1545,-9999.0,-9999.0,-9999.0,-9999.0,-9999.0,-9999.0,-9999.0,-9999.0,-9999.0,color,orientation,size,0.3400000000000001,-2.5,804,male,1,1056.0246858330029
1546,-9999.0,-9999.0,-9999.0,-9999.0,-9999.0,-9999.0,-9999.0,-9999.0,-9999.0,color,orientation,size,0.3400000000000001,-2.5,804,male,1,1056.0246858330029
1547,-9999.0,-9999.0,-9999.0,-9999.0,-9999.0,-9999.0,-9999.0,-9999.0,-9999.0,color,orientation,size,0.3400000000000001,-2.5,804,male,1,1056.0246858330029
1548,-9999.0,-9999.0,-9999.0,-9999.0,-9999.0,-9999.0,-9999.0,-9999.0,-9999.0,color,orientation,size,0.3400000000000001,-2.5,804,male,1,1056.0246858330029
1549,-9999.0,-9999.0,-9999.0,-9999.0,-9999.0,-9999.0,-9999.0,-9999.0,-9999.0,color,orientation,size,0.3400000000000001,-2.5,804,male,1,1056.0246858330029
1550,-9999.0,-9999.0,-9999.0,-9999.0,-9999.0,-9999.0,-9999.0,-9999.0,-9999.0,color,orientation,size,0.3400000000000001,-2.5,804,male,1,1056.0246858330029
1551,-9999.0,-9999.0,-9999.0,-9999.0,-9999.0,-9999.0,-9999.0,-9999.0,-9999.0,color,orientation,size,0.3400000000000001,-2.5,804,male,1,1056.0246858330029
1552,-9999.0,-9999.0,-9999.0,-9999.0,-9999.0,-9999.0,-9999.0,-9999.0,-9999.0,color,orientation,size,0.3400000000000001,-2.5,804,male,1,1056.0246858330029
1553,-9999.0,-9999.0,-9999.0,-9999.0,-9999.0,-9999.0,-9999.0,-9999.0,-9999.0,color,orientation,size,0.3400000000000001,-2.5,804,male,1,1056.0246858330029
1554,-9999.0,-9999.0,-9999.0,-9999.0,-9999.0,-9999.0,-9999.0,-9999.0,-9999.0,color,orientation,size,0.3400000000000001,-2.5,804,male,1,1056.0246858330029
1555,-9999.0,-9999.0,-9999.0,-9999.0,-9999.0,-9999.0,-9999.0,-9999.0,-9999.0,color,orientation,size,0.3400000000000001,-2.5,804,male,1,1056.0246858330029
1556,-9999.0,-9999.0,-9999.0,-9999.0,-9999.0,-9999.0,-9999.0,-9999.0,-9999.0,color,orientation,size,0.3400000000000001,-2.5,804,male,1,1056.0246858330029
1557,-9999.0,-9999.0,-9999.0,-9999.0,-9999.0,-9999.0,-9999.0,-9999.0,-9999.0,color,orientation,size,0.3400000000000001,-2.5,804,male,1,1056.0246858330029
1558,-9999.0,-9999.0,-9999.0,-9999.0,-9999.0,-9999.0,-9999.0,-9999.0,-9999.0,color,orientation,size,0.3400000000000001,-2.5,804,male,1,1056.0246858330029
1559,-9999.0,-9999.0,-9999.0,-9999.0,-9999.0,-9999.0,-9999.0,-9999.0,-9999.0,color,orientation,size,0.3400000000000001,-2.5,804,male,1,1056.0246858330029
1560,-9999.0,-9999.0,-9999.0,-9999.0,-9999.0,-9999.0,-9999.0,-9999.0,-9999.0,color,orientation,size,0.3400000000000001,-2.5,804,male,1,1056.0246858330029
1561,-9999.0,-9999.0,-9999.0,-9999.0,-9999.0,-9999.0,-9999.0,-9999.0,-9999.0,color,orientation,size,0.3400000000000001,-2.5,804,male,1,1056.0246858330029
1562,-9999.0,-9999.0,-9999.0,-9999.0,-9999.0,-9999.0,-9999.0,-9999.0,-9999.0,color,orientation,size,0.3400000000000001,-2.5,804,male,1,1056.0246858330029
1563,-9999.0,-9999.0,-9999.0,-9999.0,-9999.0,-9999.0,-9999.0,-9999.0,-9999.0,color,orientation,size,0.3400000000000001,-2.5,804,male,1,1056.0246858330029
1564,-9999.0,-9999.0,-9999.0,-9999.0,-9999.0,-9999.0,-9999.0,-9999.0,-9999.0,color,orientation,size,0.3400000000000001,-2.5,804,male,1,1056.0246858330029
1565,-9999.0,-9999.0,-9999.0,-9999.0,-9999.0,-9999.0,-9999.0,-9999.0,-9999.0,color,orientation,size,0.3400000000000001,-2.5,804,male,1,1056.0246858330029
1566,-9999.0,-9999.0,-9999.0,-9999.0,-9999.0,-9999.0,-9999.0,-9999.0,-9999.0,color,orientation,size,0.3400000000000001,-2.5,804,male,1,1056.0246858330029
1567,-9999.0,-9999.0,-9999.0,-9999.0,-9999.0,-9999.0,-9999.0,-9999.0,-9999.0,color,orientation,size,0.3400000000000001,-2.5,804,male,1,1056.0246858330029
1568,-9999.0,-9999.0,-9999.0,-9999.0,-9999.0,-9999.0,-9999.0,-9999.0,-9999.0,color,orientation,size,0.3400000000000001,-2.5,804,male,1,1056.0246858330029
1569,-9999.0,-9999.0,-9999.0,-9999.0,-9999.0,-9999.0,-9999.0,-9999.0,-9999.0,color,orientation,size,0.3400000000000001,-2.5,804,male,1,1056.0246858330029
1570,-9999.0,-9999.0,-9999.0,-9999.0,-9999.0,-9999.0,-9999.0,-9999.0,-9999.0,color,orientation,size,0.3400000000000001,-2.5,804,male,1,1056.0246858330029
1571,-9999.0,-9999.0,-9999.0,-9999.0,-9999.0,-9999.0,-9999.0,-9999.0,-9999.0,color,orientation,size,0.3400000000000001,-2.5,804,male,1,1056.0246858330029
1572,-9999.0,-9999.0,-9999.0,-9999.0,-9999.0,-9999.0,-9999.0,-9999.0,-9999.0,color,orientation,size,0.3400000000000001,-2.5,804,male,1,1056.0246858330029
1573,-9999.0,-9999.0,-9999.0,-9999.0,-9999.0,-9999.0,-9999.0,-9999.0,-9999.0,color,orientation,size,0.3400000000000001,-2.5,804,male,1,1056.0246858330029
1574,-9999.0,-9999.0,-9999.0,-9999.0,-9999.0,-9999.0,-9999.0,-9999.0,-9999.0,color,orientation,size,0.3400000000000001,-2.5,804,male,1,1056.0246858330029
1575,-9999.0,-9999.0,-9999.0,-9999.0,-9999.0,-9999.0,-9999.0,-9999.0,-9999.0,color,orientation,size,0.3400000000000001,-2.5,804,male,1,1056.0246858330029
1576,-9999.0,-9999.0,-9999.0,-9999.0,-9999.0,-9999.0,-9999.0,-9999.0,-9999.0,color,orientation,size,0.3400000000000001,-2.5,804,male,1,1056.0246858330029
1577,-9999.0,-9999.0,-9999.0,-9999.0,-9999.0,-9999.0,-9999.0,-9999.0,-9999.0,color,orientation,size,0.3400000000000001,-2.5,804,male,1,1056.0246858330029
1578,-9999.0,-9999.0,-9999.0,-9999.0,-9999.0,-9999.0,-9999.0,-9999.0,-9999.0,color,orientation,size,0.3400000000000001,-2.5,804,male,1,1056.0246858330029
1579,-9999.0,-9999.0,-9999.0,-9999.0,-9999.0,-9999.0,-9999.0,-9999.0,-9999.0,color,orientation,size,0.3400000000000001,-2.5,804,male,1,1056.0246858330029
1580,-9999.0,-9999.0,-9999.0,-9999.0,-9999.0,-9999.0,-9999.0,-9999.0,-9999.0,color,orientation,size,0.3400000000000001,-2.5,804,male,1,1056.0246858330029
1581,-9999.0,-9999.0,-9999.0,-9999.0,-9999.0,-9999.0,-9999.0,-9999.0,-9999.0,color,orientation,size,0.3400000000000001,-2.5,804,male,1,1056.0246858330029
1582,-9999.0,-9999.0,-9999.0,-9999.0,-9999.0,-9999.0,-9999.0,-9999.0,-9999.0,color,orientation,size,0.3400000000000001,-2.5,804,male,1,1056.0246858330029
1583,-9999.0,-9999.0,-9999.0,-9999.0,-9999.0,-9999.0,-9999.0,-9999.0,-9999.0,color,orientation,size,0.3400000000000001,-2.5,804,male,1,1056.0246858330029
1584,-9999.0,-9999.0,-9999.0,-9999.0,-9999.0,-9999.0,-9999.0,-9999.0,-9999.0,color,orientation,size,0.3400000000000001,-2.5,804,male,1,1056.0246858330029
1585,-9999.0,-9999.0,-9999.0,-9999.0,-9999.0,-9999.0,-9999.0,-9999.0,-9999.0,color,orientation,size,0.3400000000000001,-2.5,804,male,1,1056.0246858330029
1586,-9999.0,-9999.0,-9999.0,-9999.0,-9999.0,-9999.0,-9999.0,-9999.0,-9999.0,color,orientation,size,0.3400000000000001,-2.5,804,male,1,1056.0246858330029
1587,-9999.0,-9999.0,-9999.0,-9999.0,-9999.0,-9999.0,-9999.0,-9999.0,-9999.0,color,orientation,size,0.3400000000000001,-2.5,804,male,1,1056.0246858330029
1588,-9999.0,-9999.0,-9999.0,-9999.0,-9999.0,-9999.0,-9999.0,-9999.0,-9999.0,color,orientation,size,0.3400000000000001,-2.5,804,male,1,1056.0246858330029
1589,-9999.0,-9999.0,-9999.0,-9999.0,-9999.0,-9999.0,-9999.0,-9999.0,-9999.0,color,orientation,size,0.3400000000000001,-2.5,804,male,1,1056.0246858330029
1590,-9999.0,-9999.0,-9999.0,-9999.0,-9999.0,-9999.0,-9999.0,-9999.0,-9999.0,color,orientation,size,0.3400000000000001,-2.5,804,male,1,1056.0246858330029
1591,-9999.0,-9999.0,-9999.0,-9999.0,-9999.0,-9999.0,-9999.0,-9999.0,-9999.0,color,orientation,size,0.3400000000000001,-2.5,804,male,1,1056.0246858330029
1592,-9999.0,-9999.0,-9999.0,-9999.0,-9999.0,-9999.0,-9999.0,-9999.0,-9999.0,color,orientation,size,0.3400000000000001,-2.5,804,male,1,1056.0246858330029
1593,-9999.0,-9999.0,-9999.0,-9999.0,-9999.0,-9999.0,-9999.0,-9999.0,-9999.0,color,orientation,size,0.3400000000000001,-2.5,804,male,1,1056.0246858330029
1594,-9999.0,-9999.0,-9999.0,-9999.0,-9999.0,-9999.0,-9999.0,-9999.0,-9999.0,color,orientation,size,0.3400000000000001,-2.5,804,male,1,1056.0246858330029
1595,-9999.0,-9999.0,-9999.0,-9999.0,-9999.0,-9999.0,-9999.0,-9999.0,-9999.0,color,orientation,size,0.3400000000000001,-2.5,804,male,1,1056.0246858330029
1596,-9999.0,-9999.0,-9999.0,-9999.0,-9999.0,-9999.0,-9999.0,-9999.0,-9999.0,color,orientation,size,0.3400000000000001,-2.5,804,male,1,1056.0246858330029
1597,-9999.0,-9999.0,-9999.0,-9999.0,-9999.0,-9999.0,-9999.0,-9999.0,-9999.0,color,orientation,size,0.3400000000000001,-2.5,804,male,1,1056.0246858330029
1598,-9999.0,-9999.0,-9999.0,-9999.0,-9999.0,-9999.0,-9999.0,-9999.0,-9999.0,color,orientation,size,0.3400000000000001,-2.5,804,male,1,1056.0246858330029
1599,-9999.0,-9999.0,-9999.0,-9999.0,-9999.0,-9999.0,-9999.0,-9999.0,-9999.0,color,orientation,size,0.3400000000000001,-2.5,804,male,1,1056.0246858330029
1600,-9999.0,-9999.0,-9999.0,-9999.0,-9999.0,-9999.0,-9999.0,-9999.0,-9999.0,color,orientation,size,0.3400000000000001,-2.5,804,male,1,1056.0246858330029
1601,-9999.0,-9999.0,-9999.0,-9999.0,-9999.0,-9999.0,-9999.0,-9999.0,-9999.0,color,orientation,size,0.3400000000000001,-2.5,804,male,1,1056.0246858330029
1602,-9999.0,-9999.0,-9999.0,-9999.0,-9999.0,-9999.0,-9999.0,-9999.0,-9999.0,color,orientation,size,0.3400000000000001,-2.5,804,male,1,1056.0246858330029
1603,-9999.0,-9999.0,-9999.0,-9999.0,-9999.0,-9999.0,-9999.0,-9999.0,-9999.0,color,orientation,size,0.3400000000000001,-2.5,804,male,1,1056.0246858330029
1604,-9999.0,-9999.0,-9999.0,-9999.0,-9999.0,-9999.0,-9999.0,-9999.0,-9999.0,color,orientation,size,0.3400000000000001,-2.5,804,male,1,1056.0246858330029
1605,-9999.0,-9999.0,-9999.0,-9999.0,-9999.0,-9999.0,-9999.0,-9999.0,-9999.0,color,orientation,size,0.3400000000000001,-2.5,804,male,1,1056.0246858330029
1606,-9999.0,-9999.0,-9999.0,-9999.0,-9999.0,-9999.0,-9999.0,-9999.0,-9999.0,color,orientation,size,0.3400000000000001,-2.5,804,male,1,1056.0246858330029
1607,-9999.0,-9999.0,-9999.0,-9999.0,-9999.0,-9999.0,-9999.0,-9999.0,-9999.0,color,orientation,size,0.3400000000000001,-2.5,804,male,1,1056.0246858330029
1608,-9999.0,-9999.0,-9999.0,-9999.0,-9999.0,-9999.0,-9999.0,-9999.0,-9999.0,color,orientation,size,0.3400000000000001,-2.5,804,male,1,1056.0246858330029
1609,-9999.0,-9999.0,-9999.0,-9999.0,-9999.0,-9999.0,-9999.0,-9999.0,-9999.0,color,orientation,size,0.3400000000000001,-2.5,804,male,1,1056.0246858330029
1610,-9999.0,-9999.0,-9999.0,-9999.0,-9999.0,-9999.0,-9999.0,-9999.0,-9999.0,color,orientation,size,0.3400000000000001,-2.5,804,male,1,1056.0246858330029
1611,-9999.0,-9999.0,-9999.0,-9999.0,-9999.0,-9999.0,-9999.0,-9999.0,-9999.0,color,orientation,size,0.3400000000000001,-2.5,804,male,1,1056.0246858330029
1612,-9999.0,-9999.0,-9999.0,-9999.0,-9999.0,-9999.0,-9999.0,-9999.0,-9999.0,color,orientation,size,0.3400000000000001,-2.5,804,male,1,1056.0246858330029
1613,-9999.0,-9999.0,-9999.0,-9999.0,-9999.0,-9999.0,-9999.0,-9999.0,-9999.0,color,orientation,size,0.3400000000000001,-2.5,804,male,1,1056.0246858330029
1614,-9999.0,-9999.0,-9999.0,-9999.0,-9999.0,-9999.0,-9999.0,-9999.0,-9999.0,color,orientation,size,0.3400000000000001,-2.5,804,male,1,1056.0246858330029
1615,-9999.0,-9999.0,-9999.0,-9999.0,-9999.0,-9999.0,-9999.0,-9999.0,-9999.0,color,orientation,size,0.3400000000000001,-2.5,804,male,1,1056.0246858330029
1616,-9999.0,-9999.0,-9999.0,-9999.0,-9999.0,-9999.0,-9999.0,-9999.0,-9999.0,color,orientation,size,0.3400000000000001,-2.5,804,male,1,1056.0246858330029
1617,-9999.0,-9999.0,-9999.0,-9999.0,-9999.0,-9999.0,-9999.0,-9999.0,-9999.0,color,orientation,size,0.3400000000000001,-2.5,804,male,1,1056.0246858330029
1618,-9999.0,-9999.0,-9999.0,-9999.0,-9999.0,-9999.0,-9999.0,-9999.0,-9999.0,color,orientation,size,0.3400000000000001,-2.5,804,male,1,1056.0246858330029
1619,-9999.0,-9999.0,-9999.0,-9999.0,-9999.0,-9999.0,-9999.0,-9999.0,-9999.0,color,orientation,size,0.3400000000000001,-2.5,804,male,1,1056.0246858330029
1620,-9999.0,-9999.0,-9999.0,-9999.0,-9999.0,-9999.0,-9999.0,-9999.0,-9999.0,color,orientation,size,0.3400000000000001,-2.5,804,male,1,1056.0246858330029
1621,-9999.0,-9999.0,-9999.0,-9999.0,-9999.0,-9999.0,-9999.0,-9999.0,-9999.0,color,orientation,size,0.3400000000000001,-2.5,804,male,1,1056.0246858330029
1622,-9999.0,-9999.0,-9999.0,-9999.0,-9999.0,-9999.0,-9999.0,-9999.0,-9999.0,color,orientation,size,0.3400000000000001,-2.5,804,male,1,1056.0246858330029
1623,-9999.0,-9999.0,-9999.0,-9999.0,-9999.0,-9999.0,-9999.0,-9999.0,-9999.0,color,orientation,size,0.3400000000000001,-2.5,804,male,1,1056.0246858330029
1624,-9999.0,-9999.0,-9999.0,-9999.0,-9999.0,-9999.0,-9999.0,-9999.0,-9999.0,color,orientation,size,0.3400000000000001,-2.5,804,male,1,1056.0246858330029
1625,-9999.0,-9999.0,-9999.0,-9999.0,-9999.0,-9999.0,-9999.0,-9999.0,-9999.0,color,orientation,size,0.3400000000000001,-2.5,804,male,1,1056.0246858330029
1626,-9999.0,-9999.0,-9999.0,-9999.0,-9999.0,-9999.0,-9999.0,-9999.0,-9999.0,color,orientation,size,0.3400000000000001,-2.5,804,male,1,1056.0246858330029
1627,-9999.0,-9999.0,-9999.0,-9999.0,-9999.0,-9999.0,-9999.0,-9999.0,-9999.0,color,orientation,size,0.3400000000000001,-2.5,804,male,1,1056.0246858330029
1628,-9999.0,-9999.0,-9999.0,-9999.0,-9999.0,-9999.0,-9999.0,-9999.0,-9999.0,color,orientation,size,0.3400000000000001,-2.5,804,male,1,1056.0246858330029
1629,-9999.0,-9999.0,-9999.0,-9999.0,-9999.0,-9999.0,-9999.0,-9999.0,-9999.0,color,orientation,size,0.3400000000000001,-2.5,804,male,1,1056.0246858330029
1630,-9999.0,-9999.0,-9999.0,-9999.0,-9999.0,-9999.0,-9999.0,-9999.0,-9999.0,color,orientation,size,0.3400000000000001,-2.5,804,male,1,1056.0246858330029
1631,-9999.0,-9999.0,-9999.0,-9999.0,-9999.0,-9999.0,-9999.0,-9999.0,-9999.0,color,orientation,size,0.3400000000000001,-2.5,804,male,1,1056.0246858330029
1632,-9999.0,-9999.0,-9999.0,-9999.0,-9999.0,-9999.0,-9999.0,-9999.0,-9999.0,color,orientation,size,0.3400000000000001,-2.5,804,male,1,1056.0246858330029
1633,-9999.0,-9999.0,-9999.0,-9999.0,-9999.0,-9999.0,-9999.0,-9999.0,-9999.0,color,orientation,size,0.3400000000000001,-2.5,804,male,1,1056.0246858330029
1634,-9999.0,-9999.0,-9999.0,-9999.0,-9999.0,-9999.0,-9999.0,-9999.0,-9999.0,color,orientation,size,0.3400000000000001,-2.5,804,male,1,1056.0246858330029
1635,-9999.0,-9999.0,-9999.0,-9999.0,-9999.0,-9999.0,-9999.0,-9999.0,-9999.0,color,orientation,size,0.3400000000000001,-2.5,804,male,1,1056.0246858330029
1636,-9999.0,-9999.0,-9999.0,-9999.0,-9999.0,-9999.0,-9999.0,-9999.0,-9999.0,color,orientation,size,0.3400000000000001,-2.5,804,male,1,1056.0246858330029
1637,-9999.0,-9999.0,-9999.0,-9999.0,-9999.0,-9999.0,-9999.0,-9999.0,-9999.0,color,orientation,size,0.3400000000000001,-2.5,804,male,1,1056.0246858330029
1638,-9999.0,-9999.0,-9999.0,-9999.0,-9999.0,-9999.0,-9999.0,-9999.0,-9999.0,color,orientation,size,0.3400000000000001,-2.5,804,male,1,1056.0246858330029
1639,-9999.0,-9999.0,-9999.0,-9999.0,-9999.0,-9999.0,-9999.0,-9999.0,-9999.0,color,orientation,size,0.3400000000000001,-2.5,804,male,1,1056.0246858330029
1640,-9999.0,-9999.0,-9999.0,-9999.0,-9999.0,-9999.0,-9999.0,-9999.0,-9999.0,color,orientation,size,0.3400000000000001,-2.5,804,male,1,1056.0246858330029
1641,-9999.0,-9999.0,-9999.0,-9999.0,-9999.0,-9999.0,-9999.0,-9999.0,-9999.0,color,orientation,size,0.3400000000000001,-2.5,804,male,1,1056.0246858330029
1642,-9999.0,-9999.0,-9999.0,-9999.0,-9999.0,-9999.0,-9999.0,-9999.0,-9999.0,color,orientation,size,0.3400000000000001,-2.5,804,male,1,1056.0246858330029
1643,-9999.0,-9999.0,-9999.0,-9999.0,-9999.0,-9999.0,-9999.0,-9999.0,-9999.0,color,orientation,size,0.3400000000000001,-2.5,804,male,1,1056.0246858330029
1644,-9999.0,-9999.0,-9999.0,-9999.0,-9999.0,-9999.0,-9999.0,-9999.0,-9999.0,color,orientation,size,0.3400000000000001,-2.5,804,male,1,1056.0246858330029
1645,-9999.0,-9999.0,-9999.0,-9999.0,-9999.0,-9999.0,-9999.0,-9999.0,-9999.0,color,orientation,size,0.3400000000000001,-2.5,804,male,1,1056.0246858330029
1646,-9999.0,-9999.0,-9999.0,-9999.0,-9999.0,-9999.0,-9999.0,-9999.0,-9999.0,color,orientation,size,0.3400000000000001,-2.5,804,male,1,1056.0246858330029
1647,-9999.0,-9999.0,-9999.0,-9999.0,-9999.0,-9999.0,-9999.0,-9999.0,-9999.0,color,orientation,size,0.3400000000000001,-2.5,804,male,1,1056.0246858330029
1648,-9999.0,-9999.0,-9999.0,-9999.0,-9999.0,-9999.0,-9999.0,-9999.0,-9999.0,color,orientation,size,0.3400000000000001,-2.5,804,male,1,1056.0246858330029
1649,-9999.0,-9999.0,-9999.0,-9999.0,-9999.0,-9999.0,-9999.0,-9999.0,-9999.0,color,orientation,size,0.3400000000000001,-2.5,804,male,1,1056.0246858330029
1650,-9999.0,-9999.0,-9999.0,-9999.0,-9999.0,-9999.0,-9999.0,-9999.0,-9999.0,color,orientation,size,0.3400000000000001,-2.5,804,male,1,1056.0246858330029
1651,-9999.0,-9999.0,-9999.0,-9999.0,-9999.0,-9999.0,-9999.0,-9999.0,-9999.0,color,orientation,size,0.3400000000000001,-2.5,804,male,1,1056.0246858330029
1652,-9999.0,-9999.0,-9999.0,-9999.0,-9999.0,-9999.0,-9999.0,-9999.0,-9999.0,color,orientation,size,0.3400000000000001,-2.5,804,male,1,1056.0246858330029
1653,-9999.0,-9999.0,-9999.0,-9999.0,-9999.0,-9999.0,-9999.0,-9999.0,-9999.0,color,orientation,size,0.3400000000000001,-2.5,804,male,1,1056.0246858330029
1654,-9999.0,-9999.0,-9999.0,-9999.0,-9999.0,-9999.0,-9999.0,-9999.0,-9999.0,color,orientation,size,0.3400000000000001,-2.5,804,male,1,1056.0246858330029
1655,-9999.0,-9999.0,-9999.0,-9999.0,-9999.0,-9999.0,-9999.0,-9999.0,-9999.0,color,orientation,size,0.3400000000000001,-2.5,804,male,1,1056.0246858330029
1656,-9999.0,-9999.0,-9999.0,-9999.0,-9999.0,-9999.0,-9999.0,-9999.0,-9999.0,color,orientation,size,0.3400000000000001,-2.5,804,male,1,1056.0246858330029
1657,-9999.0,-9999.0,-9999.0,-9999.0,-9999.0,-9999.0,-9999.0,-9999.0,-9999.0,color,orientation,size,0.3400000000000001,-2.5,804,male,1,1056.0246858330029
1658,-9999.0,-9999.0,-9999.0,-9999.0,-9999.0,-9999.0,-9999.0,-9999.0,-9999.0,color,orientation,size,0.3400000000000001,-2.5,804,male,1,1056.0246858330029
1659,-9999.0,-9999.0,-9999.0,-9999.0,-9999.0,-9999.0,-9999.0,-9999.0,-9999.0,color,orientation,size,0.3400000000000001,-2.5,804,male,1,1056.0246858330029
1660,-9999.0,-9999.0,-9999.0,-9999.0,-9999.0,-9999.0,-9999.0,-9999.0,-9999.0,color,orientation,size,0.3400000000000001,-2.5,804,male,1,1056.0246858330029
1661,-9999.0,-9999.0,-9999.0,-9999.0,-9999.0,-9999.0,-9999.0,-9999.0,-9999.0,color,orientation,size,0.3400000000000001,-2.5,804,male,1,1056.0246858330029
1662,-9999.0,-9999.0,-9999.0,-9999.0,-9999.0,-9999.0,-9999.0,-9999.0,-9999.0,color,orientation,size,0.3400000000000001,-2.5,804,male,1,1056.0246858330029
1663,-9999.0,-9999.0,-9999.0,-9999.0,-9999.0,-9999.0,-9999.0,-9999.0,-9999.0,color,orientation,size,0.3400000000000001,-2.5,804,male,1,1056.0246858330029
1664,-9999.0,-9999.0,-9999.0,-9999.0,-9999.0,-9999.0,-9999.0,-9999.0,-9999.0,color,orientation,size,0.3400000000000001,-2.5,804,male,1,1056.0246858330029
1665,-9999.0,-9999.0,-9999.0,-9999.0,-9999.0,-9999.0,-9999.0,-9999.0,-9999.0,color,orientation,size,0.3400000000000001,-2.5,804,male,1,1056.0246858330029
1666,-9999.0,-9999.0,-9999.0,-9999.0,-9999.0,-9999.0,-9999.0,-9999.0,-9999.0,color,orientation,size,0.3400000000000001,-2.5,804,male,1,1056.0246858330029
1667,-9999.0,-9999.0,-9999.0,-9999.0,-9999.0,-9999.0,-9999.0,-9999.0,-9999.0,color,orientation,size,0.3400000000000001,-2.5,804,male,1,1056.0246858330029
1668,-9999.0,-9999.0,-9999.0,-9999.0,-9999.0,-9999.0,-9999.0,-9999.0,-9999.0,color,orientation,size,0.3400000000000001,-2.5,804,male,1,1056.0246858330029
1669,-9999.0,-9999.0,-9999.0,-9999.0,-9999.0,-9999.0,-9999.0,-9999.0,-9999.0,color,orientation,size,0.3400000000000001,-2.5,804,male,1,1056.0246858330029
1670,-9999.0,-9999.0,-9999.0,-9999.0,-9999.0,-9999.0,-9999.0,-9999.0,-9999.0,color,orientation,size,0.3400000000000001,-2.5,804,male,1,1056.0246858330029
1671,-9999.0,-9999.0,-9999.0,-9999.0,-9999.0,-9999.0,-9999.0,-9999.0,-9999.0,color,orientation,size,0.3400000000000001,-2.5,804,male,1,1056.0246858330029
1672,-9999.0,-9999.0,-9999.0,-9999.0,-9999.0,-9999.0,-9999.0,-9999.0,-9999.0,color,orientation,size,0.3400000000000001,-2.5,804,male,1,1056.0246858330029
1673,-9999.0,-9999.0,-9999.0,-9999.0,-9999.0,-9999.0,-9999.0,-9999.0,-9999.0,color,orientation,size,0.3400000000000001,-2.5,804,male,1,1056.0246858330029
1674,-9999.0,-9999.0,-9999.0,-9999.0,-9999.0,-9999.0,-9999.0,-9999.0,-9999.0,color,orientation,size,0.3400000000000001,-2.5,804,male,1,1056.0246858330029
1675,-9999.0,-9999.0,-9999.0,-9999.0,-9999.0,-9999.0,-9999.0,-9999.0,-9999.0,color,orientation,size,0.3400000000000001,-2.5,804,male,1,1056.0246858330029
1676,-9999.0,-9999.0,-9999.0,-9999.0,-9999.0,-9999.0,-9999.0,-9999.0,-9999.0,color,orientation,size,0.3400000000000001,-2.5,804,male,1,1056.0246858330029
1677,-9999.0,-9999.0,-9999.0,-9999.0,-9999.0,-9999.0,-9999.0,-9999.0,-9999.0,color,orientation,size,0.3400000000000001,-2.5,804,male,1,1056.0246858330029
1678,-9999.0,-9999.0,-9999.0,-9999.0,-9999.0,-9999.0,-9999.0,-9999.0,-9999.0,color,orientation,size,0.3400000000000001,-2.5,804,male,1,1056.0246858330029
1679,-9999.0,-9999.0,-9999.0,-9999.0,-9999.0,-9999.0,-9999.0,-9999.0,-9999.0,color,orientation,size,0.3400000000000001,-2.5,804,male,1,1056.0246858330029
1680,-9999.0,-9999.0,-9999.0,-9999.0,-9999.0,-9999.0,-9999.0,-9999.0,-9999.0,color,orientation,size,0.3400000000000001,-2.5,804,male,1,1056.0246858330029
1681,-9999.0,-9999.0,-9999.0,-9999.0,-9999.0,-9999.0,-9999.0,-9999.0,-9999.0,color,orientation,size,0.3400000000000001,-2.5,804,male,1,1056.0246858330029
1682,-9999.0,-9999.0,-9999.0,-9999.0,-9999.0,-9999.0,-9999.0,-9999.0,-9999.0,color,orientation,size,0.3400000000000001,-2.5,804,male,1,1056.0246858330029
1683,-9999.0,-9999.0,-9999.0,-9999.0,-9999.0,-9999.0,-9999.0,-9999.0,-9999.0,color,orientation,size,0.3400000000000001,-2.5,804,male,1,1056.0246858330029
1684,-9999.0,-9999.0,-9999.0,-9999.0,-9999.0,-9999.0,-9999.0,-9999.0,-9999.0,color,orientation,size,0.3400000000000001,-2.5,804,male,1,1056.0246858330029
1685,-9999.0,-9999.0,-9999.0,-9999.0,-9999.0,-9999.0,-9999.0,-9999.0,-9999.0,color,orientation,size,0.3400000000000001,-2.5,804,male,1,1056.0246858330029
1686,-9999.0,-9999.0,-9999.0,-9999.0,-9999.0,-9999.0,-9999.0,-9999.0,-9999.0,color,orientation,size,0.3400000000000001,-2.5,804,male,1,1056.0246858330029
1687,-9999.0,-9999.0,-9999.0,-9999.0,-9999.0,-9999.0,-9999.0,-9999.0,-9999.0,color,orientation,size,0.3400000000000001,-2.5,804,male,1,1056.0246858330029
1688,-9999.0,-9999.0,-9999.0,-9999.0,-9999.0,-9999.0,-9999.0,-9999.0,-9999.0,color,orientation,size,0.3400000000000001,-2.5,804,male,1,1056.0246858330029
1689,-9999.0,-9999.0,-9999.0,-9999.0,-9999.0,-9999.0,-9999.0,-9999.0,-9999.0,color,orientation,size,0.3400000000000001,-2.5,804,male,1,1056.0246858330029
1690,-9999.0,-9999.0,-9999.0,-9999.0,-9999.0,-9999.0,-9999.0,-9999.0,-9999.0,color,orientation,size,0.3400000000000001,-2.5,804,male,1,1056.0246858330029
1691,-9999.0,-9999.0,-9999.0,-9999.0,-9999.0,-9999.0,-9999.0,-9999.0,-9999.0,color,orientation,size,0.3400000000000001,-2.5,804,male,1,1056.0246858330029
1692,-9999.0,-9999.0,-9999.0,-9999.0,-9999.0,-9999.0,-9999.0,-9999.0,-9999.0,color,orientation,size,0.3400000000000001,-2.5,804,male,1,1056.0246858330029
1693,-9999.0,-9999.0,-9999.0,-9999.0,-9999.0,-9999.0,-9999.0,-9999.0,-9999.0,color,orientation,size,0.3400000000000001,-2.5,804,male,1,1056.0246858330029
1694,-9999.0,-9999.0,-9999.0,-9999.0,-9999.0,-9999.0,-9999.0,-9999.0,-9999.0,color,orientation,size,0.3400000000000001,-2.5,804,male,1,1056.0246858330029
1695,-9999.0,-9999.0,-9999.0,-9999.0,-9999.0,-9999.0,-9999.0,-9999.0,-9999.0,color,orientation,size,0.3400000000000001,-2.5,804,male,1,1056.0246858330029
1696,-9999.0,-9999.0,-9999.0,-9999.0,-9999.0,-9999.0,-9999.0,-9999.0,-9999.0,color,orientation,size,0.3400000000000001,-2.5,804,male,1,1056.0246858330029
1697,-9999.0,-9999.0,-9999.0,-9999.0,-9999.0,-9999.0,-9999.0,-9999.0,-9999.0,color,orientation,size,0.3400000000000001,-2.5,804,male,1,1056.0246858330029
1698,-9999.0,-9999.0,-9999.0,-9999.0,-9999.0,-9999.0,-9999.0,-9999.0,-9999.0,color,orientation,size,0.3400000000000001,-2.5,804,male,1,1056.0246858330029
1699,-9999.0,-9999.0,-9999.0,-9999.0,-9999.0,-9999.0,-9999.0,-9999.0,-9999.0,color,orientation,size,0.3400000000000001,-2.5,804,male,1,1056.0246858330029
1700,-9999.0,-9999.0,-9999.0,-9999.0,-9999.0,-9999.0,-9999.0,-9999.0,-9999.0,color,orientation,size,0.3400000000000001,-2.5,804,male,1,1056.0246858330029
1701,-9999.0,-9999.0,-9999.0,-9999.0,-9999.0,-9999.0,-9999.0,-9999.0,-9999.0,color,orientation,size,0.3400000000000001,-2.5,804,male,1,1056.0246858330029
1702,-9999.0,-9999.0,-9999.0,-9999.0,-9999.0,-9999.0,-9999.0,-9999.0,-9999.0,color,orientation,size,0.3400000000000001,-2.5,804,male,1,1056.0246858330029
1703,-9999.0,-9999.0,-9999.0,-9999.0,-9999.0,-9999.0,-9999.0,-9999.0,-9999.0,color,orientation,size,0.3400000000000001,-2.5,804,male,1,1056.0246858330029
1704,-9999.0,-9999.0,-9999.0,-9999.0,-9999.0,-9999.0,-9999.0,-9999.0,-9999.0,color,orientation,size,0.3400000000000001,-2.5,804,male,1,1056.0246858330029
1705,-9999.0,-9999.0,-9999.0,-9999.0,-9999.0,-9999.0,-9999.0,-9999.0,-9999.0,color,orientation,size,0.3400000000000001,-2.5,804,male,1,1056.0246858330029
1706,-9999.0,-9999.0,-9999.0,-9999.0,-9999.0,-9999.0,-9999.0,-9999.0,-9999.0,color,orientation,size,0.3400000000000001,-2.5,804,male,1,1056.0246858330029
1707,-9999.0,-9999.0,-9999.0,-9999.0,-9999.0,-9999.0,-9999.0,-9999.0,-9999.0,color,orientation,size,0.3400000000000001,-2.5,804,male,1,1056.0246858330029
1708,-9999.0,-9999.0,-9999.0,-9999.0,-9999.0,-9999.0,-9999.0,-9999.0,-9999.0,color,orientation,size,0.3400000000000001,-2.5,804,male,1,1056.0246858330029
1709,-9999.0,-9999.0,-9999.0,-9999.0,-9999.0,-9999.0,-9999.0,-9999.0,-9999.0,color,orientation,size,0.3400000000000001,-2.5,804,male,1,1056.0246858330029
1710,-9999.0,-9999.0,-9999.0,-9999.0,-9999.0,-9999.0,-9999.0,-9999.0,-9999.0,color,orientation,size,0.3400000000000001,-2.5,804,male,1,1056.0246858330029
1711,-9999.0,-9999.0,-9999.0,-9999.0,-9999.0,-9999.0,-9999.0,-9999.0,-9999.0,color,orientation,size,0.3400000000000001,-2.5,804,male,1,1056.0246858330029
1712,-9999.0,-9999.0,-9999.0,-9999.0,-9999.0,-9999.0,-9999.0,-9999.0,-9999.0,color,orientation,size,0.3400000000000001,-2.5,804,male,1,1056.0246858330029
1713,-9999.0,-9999.0,-9999.0,-9999.0,-9999.0,-9999.0,-9999.0,-9999.0,-9999.0,color,orientation,size,0.3400000000000001,-2.5,804,male,1,1056.0246858330029
1714,-9999.0,-9999.0,-9999.0,-9999.0,-9999.0,-9999.0,-9999.0,-9999.0,-9999.0,color,orientation,size,0.3400000000000001,-2.5,804,male,1,1056.0246858330029
1715,-9999.0,-9999.0,-9999.0,-9999.0,-9999.0,-9999.0,-9999.0,-9999.0,-9999.0,color,orientation,size,0.3400000000000001,-2.5,804,male,1,1056.0246858330029
1716,-9999.0,-9999.0,-9999.0,-9999.0,-9999.0,-9999.0,-9999.0,-9999.0,-9999.0,color,orientation,size,0.3400000000000001,-2.5,804,male,1,1056.0246858330029
1717,-9999.0,-9999.0,-9999.0,-9999.0,-9999.0,-9999.0,-9999.0,-9999.0,-9999.0,color,orientation,size,0.3400000000000001,-2.5,804,male,1,1056.0246858330029
1718,-9999.0,-9999.0,-9999.0,-9999.0,-9999.0,-9999.0,-9999.0,-9999.0,-9999.0,color,orientation,size,0.3400000000000001,-2.5,804,male,1,1056.0246858330029
1719,-9999.0,-9999.0,-9999.0,-9999.0,-9999.0,-9999.0,-9999.0,-9999.0,-9999.0,color,orientation,size,0.3400000000000001,-2.5,804,male,1,1056.0246858330029
1720,-9999.0,-9999.0,-9999.0,-9999.0,-9999.0,-9999.0,-9999.0,-9999.0,-9999.0,color,orientation,size,0.3400000000000001,-2.5,804,male,1,1056.0246858330029
1721,-9999.0,-9999.0,-9999.0,-9999.0,-9999.0,-9999.0,-9999.0,-9999.0,-9999.0,color,orientation,size,0.3400000000000001,-2.5,804,male,1,1056.0246858330029
1722,-9999.0,-9999.0,-9999.0,-9999.0,-9999.0,-9999.0,-9999.0,-9999.0,-9999.0,color,orientation,size,0.3400000000000001,-2.5,804,male,1,1056.0246858330029
1723,-9999.0,-9999.0,-9999.0,-9999.0,-9999.0,-9999.0,-9999.0,-9999.0,-9999.0,color,orientation,size,0.3400000000000001,-2.5,804,male,1,1056.0246858330029
1724,-9999.0,-9999.0,-9999.0,-9999.0,-9999.0,-9999.0,-9999.0,-9999.0,-9999.0,color,orientation,size,0.3400000000000001,-2.5,804,male,1,1056.0246858330029
1725,-9999.0,-9999.0,-9999.0,-9999.0,-9999.0,-9999.0,-9999.0,-9999.0,-9999.0,color,orientation,size,0.3400000000000001,-2.5,804,male,1,1056.0246858330029
1726,-9999.0,-9999.0,-9999.0,-9999.0,-9999.0,-9999.0,-9999.0,-9999.0,-9999.0,color,orientation,size,0.3400000000000001,-2.5,804,male,1,1056.0246858330029
1727,-9999.0,-9999.0,-9999.0,-9999.0,-9999.0,-9999.0,-9999.0,-9999.0,-9999.0,color,orientation,size,0.3400000000000001,-2.5,804,male,1,1056.0246858330029
1728,-9999.0,-9999.0,-9999.0,-9999.0,-9999.0,-9999.0,-9999.0,-9999.0,-9999.0,color,orientation,size,0.3400000000000001,-2.5,804,male,1,1056.0246858330029
1729,-9999.0,-9999.0,-9999.0,-9999.0,-9999.0,-9999.0,-9999.0,-9999.0,-9999.0,color,orientation,size,0.3400000000000001,-2.5,804,male,1,1056.0246858330029
1730,-9999.0,-9999.0,-9999.0,-9999.0,-9999.0,-9999.0,-9999.0,-9999.0,-9999.0,color,orientation,size,0.3400000000000001,-2.5,804,male,1,1056.0246858330029
1731,-9999.0,-9999.0,-9999.0,-9999.0,-9999.0,-9999.0,-9999.0,-9999.0,-9999.0,color,orientation,size,0.3400000000000001,-2.5,804,male,1,1056.0246858330029
1732,-9999.0,-9999.0,-9999.0,-9999.0,-9999.0,-9999.0,-9999.0,-9999.0,-9999.0,color,orientation,size,0.3400000000000001,-2.5,804,male,1,1056.0246858330029
1733,-9999.0,-9999.0,-9999.0,-9999.0,-9999.0,-9999.0,-9999.0,-9999.0,-9999.0,color,orientation,size,0.3400000000000001,-2.5,804,male,1,1056.0246858330029
1734,-9999.0,-9999.0,-9999.0,-9999.0,-9999.0,-9999.0,-9999.0,-9999.0,-9999.0,color,orientation,size,0.3400000000000001,-2.5,804,male,1,1056.0246858330029
1735,-9999.0,-9999.0,-9999.0,-9999.0,-9999.0,-9999.0,-9999.0,-9999.0,-9999.0,color,orientation,size,0.3400000000000001,-2.5,804,male,1,1056.0246858330029
1736,-9999.0,-9999.0,-9999.0,-9999.0,-9999.0,-9999.0,-9999.0,-9999.0,-9999.0,color,orientation,size,0.3400000000000001,-2.5,804,male,1,1056.0246858330029
1737,-9999.0,-9999.0,-9999.0,-9999.0,-9999.0,-9999.0,-9999.0,-9999.0,-9999.0,color,orientation,size,0.3400000000000001,-2.5,804,male,1,1056.0246858330029
1738,-9999.0,-9999.0,-9999.0,-9999.0,-9999.0,-9999.0,-9999.0,-9999.0,-9999.0,color,orientation,size,0.3400000000000001,-2.5,804,male,1,1056.0246858330029
1739,-9999.0,-9999.0,-9999.0,-9999.0,-9999.0,-9999.0,-9999.0,-9999.0,-9999.0,color,orientation,size,0.3400000000000001,-2.5,804,male,1,1056.0246858330029
1740,-9999.0,-9999.0,-9999.0,-9999.0,-9999.0,-9999.0,-9999.0,-9999.0,-9999.0,color,orientation,size,0.3400000000000001,-2.5,804,male,1,1056.0246858330029
1741,-9999.0,-9999.0,-9999.0,-9999.0,-9999.0,-9999.0,-9999.0,-9999.0,-9999.0,color,orientation,size,0.3400000000000001,-2.5,804,male,1,1056.0246858330029
1742,-9999.0,-9999.0,-9999.0,-9999.0,-9999.0,-9999.0,-9999.0,-9999.0,-9999.0,color,orientation,size,0.3400000000000001,-2.5,804,male,1,1056.0246858330029
1743,-9999.0,-9999.0,-9999.0,-9999.0,-9999.0,-9999.0,-9999.0,-9999.0,-9999.0,color,orientation,size,0.3400000000000001,-2.5,804,male,1,1056.0246858330029
1744,-9999.0,-9999.0,-9999.0,-9999.0,-9999.0,-9999.0,-9999.0,-9999.0,-9999.0,color,orientation,size,0.3400000000000001,-2.5,804,male,1,1056.0246858330029
1745,-9999.0,-9999.0,-9999.0,-9999.0,-9999.0,-9999.0,-9999.0,-9999.0,-9999.0,color,orientation,size,0.3400000000000001,-2.5,804,male,1,1056.0246858330029
1746,-9999.0,-9999.0,-9999.0,-9999.0,-9999.0,-9999.0,-9999.0,-9999.0,-9999.0,color,orientation,size,0.3400000000000001,-2.5,804,male,1,1056.0246858330029
1747,-9999.0,-9999.0,-9999.0,-9999.0,-9999.0,-9999.0,-9999.0,-9999.0,-9999.0,color,orientation,size,0.3400000000000001,-2.5,804,male,1,1056.0246858330029
1748,-9999.0,-9999.0,-9999.0,-9999.0,-9999.0,-9999.0,-9999.0,-9999.0,-9999.0,color,orientation,size,0.3400000000000001,-2.5,804,male,1,1056.0246858330029
1749,-9999.0,-9999.0,-9999.0,-9999.0,-9999.0,-9999.0,-9999.0,-9999.0,-9999.0,color,orientation,size,0.3400000000000001,-2.5,804,male,1,1056.0246858330029
1750,-9999.0,-9999.0,-9999.0,-9999.0,-9999.0,-9999.0,-9999.0,-9999.0,-9999.0,color,orientation,size,0.3400000000000001,-2.5,804,male,1,1056.0246858330029
1751,-9999.0,-9999.0,-9999.0,-9999.0,-9999.0,-9999.0,-9999.0,-9999.0,-9999.0,color,orientation,size,0.3400000000000001,-2.5,804,male,1,1056.0246858330029
1752,-9999.0,-9999.0,-9999.0,-9999.0,-9999.0,-9999.0,-9999.0,-9999.0,-9999.0,color,orientation,size,0.3400000000000001,-2.5,804,male,1,1056.0246858330029
1753,-9999.0,-9999.0,-9999.0,-9999.0,-9999.0,-9999.0,-9999.0,-9999.0,-9999.0,color,orientation,size,0.3400000000000001,-2.5,804,male,1,1056.0246858330029
1754,-9999.0,-9999.0,-9999.0,-9999.0,-9999.0,-9999.0,-9999.0,-9999.0,-9999.0,color,orientation,size,0.3400000000000001,-2.5,804,male,1,1056.0246858330029
1755,-9999.0,-9999.0,-9999.0,-9999.0,-9999.0,-9999.0,-9999.0,-9999.0,-9999.0,color,orientation,size,0.3400000000000001,-2.5,804,male,1,1056.0246858330029
1756,-9999.0,-9999.0,-9999.0,-9999.0,-9999.0,-9999.0,-9999.0,-9999.0,-9999.0,color,orientation,size,0.3400000000000001,-2.5,804,male,1,1056.0246858330029
1757,-9999.0,-9999.0,-9999.0,-9999.0,-9999.0,-9999.0,-9999.0,-9999.0,-9999.0,color,orientation,size,0.3400000000000001,-2.5,804,male,1,1056.0246858330029
1758,-9999.0,-9999.0,-9999.0,-9999.0,-9999.0,-9999.0,-9999.0,-9999.0,-9999.0,color,orientation,size,0.3400000000000001,-2.5,804,male,1,1056.0246858330029
1759,-9999.0,-9999.0,-9999.0,-9999.0,-9999.0,-9999.0,-9999.0,-9999.0,-9999.0,color,orientation,size,0.3400000000000001,-2.5,804,male,1,1056.0246858330029
1760,-9999.0,-9999.0,-9999.0,-9999.0,-9999.0,-9999.0,-9999.0,-9999.0,-9999.0,color,orientation,size,0.3400000000000001,-2.5,804,male,1,1056.0246858330029
1761,-9999.0,-9999.0,-9999.0,-9999.0,-9999.0,-9999.0,-9999.0,-9999.0,-9999.0,color,orientation,size,0.3400000000000001,-2.5,804,male,1,1056.0246858330029
1762,-9999.0,-9999.0,-9999.0,-9999.0,-9999.0,-9999.0,-9999.0,-9999.0,-9999.0,color,orientation,size,0.3400000000000001,-2.5,804,male,1,1056.0246858330029
1763,-9999.0,-9999.0,-9999.0,-9999.0,-9999.0,-9999.0,-9999.0,-9999.0,-9999.0,color,orientation,size,0.3400000000000001,-2.5,804,male,1,1056.0246858330029
1764,-9999.0,-9999.0,-9999.0,-9999.0,-9999.0,-9999.0,-9999.0,-9999.0,-9999.0,color,orientation,size,0.3400000000000001,-2.5,804,male,1,1056.0246858330029
1765,-9999.0,-9999.0,-9999.0,-9999.0,-9999.0,-9999.0,-9999.0,-9999.0,-9999.0,color,orientation,size,0.3400000000000001,-2.5,804,male,1,1056.0246858330029
1766,-9999.0,-9999.0,-9999.0,-9999.0,-9999.0,-9999.0,-9999.0,-9999.0,-9999.0,color,orientation,size,0.3400000000000001,-2.5,804,male,1,1056.0246858330029
1767,-9999.0,-9999.0,-9999.0,-9999.0,-9999.0,-9999.0,-9999.0,-9999.0,-9999.0,color,orientation,size,0.3400000000000001,-2.5,804,male,1,1056.0246858330029
1768,-9999.0,-9999.0,-9999.0,-9999.0,-9999.0,-9999.0,-9999.0,-9999.0,-9999.0,color,orientation,size,0.3400000000000001,-2.5,804,male,1,1056.0246858330029
1769,-9999.0,-9999.0,-9999.0,-9999.0,-9999.0,-9999.0,-9999.0,-9999.0,-9999.0,color,orientation,size,0.3400000000000001,-2.5,804,male,1,1056.0246858330029
1770,-9999.0,-9999.0,-9999.0,-9999.0,-9999.0,-9999.0,-9999.0,-9999.0,-9999.0,color,orientation,size,0.3400000000000001,-2.5,804,male,1,1056.0246858330029
1771,-9999.0,-9999.0,-9999.0,-9999.0,-9999.0,-9999.0,-9999.0,-9999.0,-9999.0,color,orientation,size,0.3400000000000001,-2.5,804,male,1,1056.0246858330029
1772,-9999.0,-9999.0,-9999.0,-9999.0,-9999.0,-9999.0,-9999.0,-9999.0,-9999.0,color,orientation,size,0.3400000000000001,-2.5,804,male,1,1056.0246858330029
1773,-9999.0,-9999.0,-9999.0,-9999.0,-9999.0,-9999.0,-9999.0,-9999.0,-9999.0,color,orientation,size,0.3400000000000001,-2.5,804,male,1,1056.0246858330029
1774,-9999.0,-9999.0,-9999.0,-9999.0,-9999.0,-9999.0,-9999.0,-9999.0,-9999.0,color,orientation,size,0.3400000000000001,-2.5,804,male,1,1056.0246858330029
1775,-9999.0,-9999.0,-9999.0,-9999.0,-9999.0,-9999.0,-9999.0,-9999.0,-9999.0,color,orientation,size,0.3400000000000001,-2.5,804,male,1,1056.0246858330029
1776,-9999.0,-9999.0,-9999.0,-9999.0,-9999.0,-9999.0,-9999.0,-9999.0,-9999.0,color,orientation,size,0.3400000000000001,-2.5,804,male,1,1056.0246858330029
1777,-9999.0,-9999.0,-9999.0,-9999.0,-9999.0,-9999.0,-9999.0,-9999.0,-9999.0,color,orientation,size,0.3400000000000001,-2.5,804,male,1,1056.0246858330029
1778,-9999.0,-9999.0,-9999.0,-9999.0,-9999.0,-9999.0,-9999.0,-9999.0,-9999.0,color,orientation,size,0.3400000000000001,-2.5,804,male,1,1056.0246858330029
1779,-9999.0,-9999.0,-9999.0,-9999.0,-9999.0,-9999.0,-9999.0,-9999.0,-9999.0,color,orientation,size,0.3400000000000001,-2.5,804,male,1,1056.0246858330029
1780,-9999.0,-9999.0,-9999.0,-9999.0,-9999.0,-9999.0,-9999.0,-9999.0,-9999.0,color,orientation,size,0.3400000000000001,-2.5,804,male,1,1056.0246858330029
1781,-9999.0,-9999.0,-9999.0,-9999.0,-9999.0,-9999.0,-9999.0,-9999.0,-9999.0,color,orientation,size,0.3400000000000001,-2.5,804,male,1,1056.0246858330029
1782,-9999.0,-9999.0,-9999.0,-9999.0,-9999.0,-9999.0,-9999.0,-9999.0,-9999.0,color,orientation,size,0.3400000000000001,-2.5,804,male,1,1056.0246858330029
1783,-9999.0,-9999.0,-9999.0,-9999.0,-9999.0,-9999.0,-9999.0,-9999.0,-9999.0,color,orientation,size,0.3400000000000001,-2.5,804,male,1,1056.0246858330029
1784,-9999.0,-9999.0,-9999.0,-9999.0,-9999.0,-9999.0,-9999.0,-9999.0,-9999.0,color,orientation,size,0.3400000000000001,-2.5,804,male,1,1056.0246858330029
1785,-9999.0,-9999.0,-9999.0,-9999.0,-9999.0,-9999.0,-9999.0,-9999.0,-9999.0,color,orientation,size,0.3400000000000001,-2.5,804,male,1,1056.0246858330029
1786,-9999.0,-9999.0,-9999.0,-9999.0,-9999.0,-9999.0,-9999.0,-9999.0,-9999.0,color,orientation,size,0.3400000000000001,-2.5,804,male,1,1056.0246858330029
1787,-9999.0,-9999.0,-9999.0,-9999.0,-9999.0,-9999.0,-9999.0,-9999.0,-9999.0,color,orientation,size,0.3400000000000001,-2.5,804,male,1,1056.0246858330029
1788,-9999.0,-9999.0,-9999.0,-9999.0,-9999.0,-9999.0,-9999.0,-9999.0,-9999.0,color,orientation,size,0.3400000000000001,-2.5,804,male,1,1056.0246858330029
1789,-9999.0,-9999.0,-9999.0,-9999.0,-9999.0,-9999.0,-9999.0,-9999.0,-9999.0,color,orientation,size,0.3400000000000001,-2.5,804,male,1,1056.0246858330029
1790,-9999.0,-9999.0,-9999.0,-9999.0,-9999.0,-9999.0,-9999.0,-9999.0,-9999.0,color,orientation,size,0.3400000000000001,-2.5,804,male,1,1056.0246858330029
1791,-9999.0,-9999.0,-9999.0,-9999.0,-9999.0,-9999.0,-9999.0,-9999.0,-9999.0,color,orientation,size,0.3400000000000001,-2.5,804,male,1,1056.0246858330029
1792,-9999.0,-9999.0,-9999.0,-9999.0,-9999.0,-9999.0,-9999.0,-9999.0,-9999.0,color,orientation,size,0.3400000000000001,-2.5,804,male,1,1056.0246858330029
1793,-9999.0,-9999.0,-9999.0,-9999.0,-9999.0,-9999.0,-9999.0,-9999.0,-9999.0,color,orientation,size,0.3400000000000001,-2.5,804,male,1,1056.0246858330029
1794,-9999.0,-9999.0,-9999.0,-9999.0,-9999.0,-9999.0,-9999.0,-9999.0,-9999.0,color,orientation,size,0.3400000000000001,-2.5,804,male,1,1056.0246858330029
1795,-9999.0,-9999.0,-9999.0,-9999.0,-9999.0,-9999.0,-9999.0,-9999.0,-9999.0,color,orientation,size,0.3400000000000001,-2.5,804,male,1,1056.0246858330029
1796,-9999.0,-9999.0,-9999.0,-9999.0,-9999.0,-9999.0,-9999.0,-9999.0,-9999.0,color,orientation,size,0.3400000000000001,-2.5,804,male,1,1056.0246858330029
1797,-9999.0,-9999.0,-9999.0,-9999.0,-9999.0,-9999.0,-9999.0,-9999.0,-9999.0,color,orientation,size,0.3400000000000001,-2.5,804,male,1,1056.0246858330029
1798,-9999.0,-9999.0,-9999.0,-9999.0,-9999.0,-9999.0,-9999.0,-9999.0,-9999.0,color,orientation,size,0.3400000000000001,-2.5,804,male,1,1056.0246858330029
1799,-9999.0,-9999.0,-9999.0,-9999.0,-9999.0,-9999.0,-9999.0,-9999.0,-9999.0,color,orientation,size,0.3400000000000001,-2.5,804,male,1,1056.0246858330029
1800,-9999.0,-9999.0,-9999.0,-9999.0,-9999.0,-9999.0,-9999.0,-9999.0,-9999.0,color,orientation,size,0.3400000000000001,-2.5,804,male,1,1056.0246858330029
1801,-9999.0,-9999.0,-9999.0,-9999.0,-9999.0,-9999.0,-9999.0,-9999.0,-9999.0,color,orientation,size,0.3400000000000001,-2.5,804,male,1,1056.0246858330029
1802,-9999.0,-9999.0,-9999.0,-9999.0,-9999.0,-9999.0,-9999.0,-9999.0,-9999.0,color,orientation,size,0.3400000000000001,-2.5,804,male,1,1056.0246858330029
1803,-9999.0,-9999.0,-9999.0,-9999.0,-9999.0,-9999.0,-9999.0,-9999.0,-9999.0,color,orientation,size,0.3400000000000001,-2.5,804,male,1,1056.0246858330029
1804,-9999.0,-9999.0,-9999.0,-9999.0,-9999.0,-9999.0,-9999.0,-9999.0,-9999.0,color,orientation,size,0.3400000000000001,-2.5,804,male,1,1056.0246858330029
1805,-9999.0,-9999.0,-9999.0,-9999.0,-9999.0,-9999.0,-9999.0,-9999.0,-9999.0,color,orientation,size,0.3400000000000001,-2.5,804,male,1,1056.0246858330029
1806,-9999.0,-9999.0,-9999.0,-9999.0,-9999.0,-9999.0,-9999.0,-9999.0,-9999.0,color,orientation,size,0.3400000000000001,-2.5,804,male,1,1056.0246858330029
1807,-9999.0,-9999.0,-9999.0,-9999.0,-9999.0,-9999.0,-9999.0,-9999.0,-9999.0,color,orientation,size,0.3400000000000001,-2.5,804,male,1,1056.0246858330029
1808,-9999.0,-9999.0,-9999.0,-9999.0,-9999.0,-9999.0,-9999.0,-9999.0,-9999.0,color,orientation,size,0.3400000000000001,-2.5,804,male,1,1056.0246858330029
1809,-9999.0,-9999.0,-9999.0,-9999.0,-9999.0,-9999.0,-9999.0,-9999.0,-9999.0,color,orientation,size,0.3400000000000001,-2.5,804,male,1,1056.0246858330029
1810,-9999.0,-9999.0,-9999.0,-9999.0,-9999.0,-9999.0,-9999.0,-9999.0,-9999.0,color,orientation,size,0.3400000000000001,-2.5,804,male,1,1056.0246858330029
1811,-9999.0,-9999.0,-9999.0,-9999.0,-9999.0,-9999.0,-9999.0,-9999.0,-9999.0,color,orientation,size,0.3400000000000001,-2.5,804,male,1,1056.0246858330029
1812,-9999.0,-9999.0,-9999.0,-9999.0,-9999.0,-9999.0,-9999.0,-9999.0,-9999.0,color,orientation,size,0.3400000000000001,-2.5,804,male,1,1056.0246858330029
1813,-9999.0,-9999.0,-9999.0,-9999.0,-9999.0,-9999.0,-9999.0,-9999.0,-9999.0,color,orientation,size,0.3400000000000001,-2.5,804,male,1,1056.0246858330029
1814,-9999.0,-9999.0,-9999.0,-9999.0,-9999.0,-9999.0,-9999.0,-9999.0,-9999.0,color,orientation,size,0.3400000000000001,-2.5,804,male,1,1056.0246858330029
1815,-9999.0,-9999.0,-9999.0,-9999.0,-9999.0,-9999.0,-9999.0,-9999.0,-9999.0,color,orientation,size,0.3400000000000001,-2.5,804,male,1,1056.0246858330029
1816,-9999.0,-9999.0,-9999.0,-9999.0,-9999.0,-9999.0,-9999.0,-9999.0,-9999.0,color,orientation,size,0.3400000000000001,-2.5,804,male,1,1056.0246858330029
1817,-9999.0,-9999.0,-9999.0,-9999.0,-9999.0,-9999.0,-9999.0,-9999.0,-9999.0,color,orientation,size,0.3400000000000001,-2.5,804,male,1,1056.0246858330029
1818,-9999.0,-9999.0,-9999.0,-9999.0,-9999.0,-9999.0,-9999.0,-9999.0,-9999.0,color,orientation,size,0.3400000000000001,-2.5,804,male,1,1056.0246858330029
1819,-9999.0,-9999.0,-9999.0,-9999.0,-9999.0,-9999.0,-9999.0,-9999.0,-9999.0,color,orientation,size,0.3400000000000001,-2.5,804,male,1,1056.0246858330029
1820,-9999.0,-9999.0,-9999.0,-9999.0,-9999.0,-9999.0,-9999.0,-9999.0,-9999.0,color,orientation,size,0.3400000000000001,-2.5,804,male,1,1056.0246858330029
1821,-9999.0,-9999.0,-9999.0,-9999.0,-9999.0,-9999.0,-9999.0,-9999.0,-9999.0,color,orientation,size,0.3400000000000001,-2.5,804,male,1,1056.0246858330029
1822,-9999.0,-9999.0,-9999.0,-9999.0,-9999.0,-9999.0,-9999.0,-9999.0,-9999.0,color,orientation,size,0.3400000000000001,-2.5,804,male,1,1056.0246858330029
1823,-9999.0,-9999.0,-9999.0,-9999.0,-9999.0,-9999.0,-9999.0,-9999.0,-9999.0,color,orientation,size,0.3400000000000001,-2.5,804,male,1,1056.0246858330029
1824,-9999.0,-9999.0,-9999.0,-9999.0,-9999.0,-9999.0,-9999.0,-9999.0,-9999.0,color,orientation,size,0.3400000000000001,-2.5,804,male,1,1056.0246858330029
1825,-9999.0,-9999.0,-9999.0,-9999.0,-9999.0,-9999.0,-9999.0,-9999.0,-9999.0,color,orientation,size,0.3400000000000001,-2.5,804,male,1,1056.0246858330029
1826,-9999.0,-9999.0,-9999.0,-9999.0,-9999.0,-9999.0,-9999.0,-9999.0,-9999.0,color,orientation,size,0.3400000000000001,-2.5,804,male,1,1056.0246858330029
1827,-9999.0,-9999.0,-9999.0,-9999.0,-9999.0,-9999.0,-9999.0,-9999.0,-9999.0,color,orientation,size,0.3400000000000001,-2.5,804,male,1,1056.0246858330029
1828,-9999.0,-9999.0,-9999.0,-9999.0,-9999.0,-9999.0,-9999.0,-9999.0,-9999.0,color,orientation,size,0.3400000000000001,-2.5,804,male,1,1056.0246858330029
1829,-9999.0,-9999.0,-9999.0,-9999.0,-9999.0,-9999.0,-9999.0,-9999.0,-9999.0,color,orientation,size,0.3400000000000001,-2.5,804,male,1,1056.0246858330029
1830,-9999.0,-9999.0,-9999.0,-9999.0,-9999.0,-9999.0,-9999.0,-9999.0,-9999.0,color,orientation,size,0.3400000000000001,-2.5,804,male,1,1056.0246858330029
1831,-9999.0,-9999.0,-9999.0,-9999.0,-9999.0,-9999.0,-9999.0,-9999.0,-9999.0,color,orientation,size,0.3400000000000001,-2.5,804,male,1,1056.0246858330029
1832,-9999.0,-9999.0,-9999.0,-9999.0,-9999.0,-9999.0,-9999.0,-9999.0,-9999.0,color,orientation,size,0.3400000000000001,-2.5,804,male,1,1056.0246858330029
1833,-9999.0,-9999.0,-9999.0,-9999.0,-9999.0,-9999.0,-9999.0,-9999.0,-9999.0,color,orientation,size,0.3400000000000001,-2.5,804,male,1,1056.0246858330029
1834,-9999.0,-9999.0,-9999.0,-9999.0,-9999.0,-9999.0,-9999.0,-9999.0,-9999.0,color,orientation,size,0.3400000000000001,-2.5,804,male,1,1056.0246858330029
1835,-9999.0,-9999.0,-9999.0,-9999.0,-9999.0,-9999.0,-9999.0,-9999.0,-9999.0,color,orientation,size,0.3400000000000001,-2.5,804,male,1,1056.0246858330029
1836,-9999.0,-9999.0,-9999.0,-9999.0,-9999.0,-9999.0,-9999.0,-9999.0,-9999.0,color,orientation,size,0.3400000000000001,-2.5,804,male,1,1056.0246858330029
1837,-9999.0,-9999.0,-9999.0,-9999.0,-9999.0,-9999.0,-9999.0,-9999.0,-9999.0,color,orientation,size,0.3400000000000001,-2.5,804,male,1,1056.0246858330029
1838,-9999.0,-9999.0,-9999.0,-9999.0,-9999.0,-9999.0,-9999.0,-9999.0,-9999.0,color,orientation,size,0.3400000000000001,-2.5,804,male,1,1056.0246858330029
1839,-9999.0,-9999.0,-9999.0,-9999.0,-9999.0,-9999.0,-9999.0,-9999.0,-9999.0,color,orientation,size,0.3400000000000001,-2.5,804,male,1,1056.0246858330029
1840,-9999.0,-9999.0,-9999.0,-9999.0,-9999.0,-9999.0,-9999.0,-9999.0,-9999.0,color,orientation,size,0.3400000000000001,-2.5,804,male,1,1056.0246858330029
1841,-9999.0,-9999.0,-9999.0,-9999.0,-9999.0,-9999.0,-9999.0,-9999.0,-9999.0,color,orientation,size,0.3400000000000001,-2.5,804,male,1,1056.0246858330029
1842,-9999.0,-9999.0,-9999.0,-9999.0,-9999.0,-9999.0,-9999.0,-9999.0,-9999.0,color,orientation,size,0.3400000000000001,-2.5,804,male,1,1056.0246858330029
1843,-9999.0,-9999.0,-9999.0,-9999.0,-9999.0,-9999.0,-9999.0,-9999.0,-9999.0,color,orientation,size,0.3400000000000001,-2.5,804,male,1,1056.0246858330029
1844,-9999.0,-9999.0,-9999.0,-9999.0,-9999.0,-9999.0,-9999.0,-9999.0,-9999.0,color,orientation,size,0.3400000000000001,-2.5,804,male,1,1056.0246858330029
1845,-9999.0,-9999.0,-9999.0,-9999.0,-9999.0,-9999.0,-9999.0,-9999.0,-9999.0,color,orientation,size,0.3400000000000001,-2.5,804,male,1,1056.0246858330029
1846,-9999.0,-9999.0,-9999.0,-9999.0,-9999.0,-9999.0,-9999.0,-9999.0,-9999.0,color,orientation,size,0.3400000000000001,-2.5,804,male,1,1056.0246858330029
1847,-9999.0,-9999.0,-9999.0,-9999.0,-9999.0,-9999.0,-9999.0,-9999.0,-9999.0,color,orientation,size,0.3400000000000001,-2.5,804,male,1,1056.0246858330029
1848,-9999.0,-9999.0,-9999.0,-9999.0,-9999.0,-9999.0,-9999.0,-9999.0,-9999.0,color,orientation,size,0.3400000000000001,-2.5,804,male,1,1056.0246858330029
1849,-9999.0,-9999.0,-9999.0,-9999.0,-9999.0,-9999.0,-9999.0,-9999.0,-9999.0,color,orientation,size,0.3400000000000001,-2.5,804,male,1,1056.0246858330029
1850,-9999.0,-9999.0,-9999.0,-9999.0,-9999.0,-9999.0,-9999.0,-9999.0,-9999.0,color,orientation,size,0.3400000000000001,-2.5,804,male,1,1056.0246858330029
1851,-9999.0,-9999.0,-9999.0,-9999.0,-9999.0,-9999.0,-9999.0,-9999.0,-9999.0,color,orientation,size,0.3400000000000001,-2.5,804,male,1,1056.0246858330029
1852,-9999.0,-9999.0,-9999.0,-9999.0,-9999.0,-9999.0,-9999.0,-9999.0,-9999.0,color,orientation,size,0.3400000000000001,-2.5,804,male,1,1056.0246858330029
1853,-9999.0,-9999.0,-9999.0,-9999.0,-9999.0,-9999.0,-9999.0,-9999.0,-9999.0,color,orientation,size,0.3400000000000001,-2.5,804,male,1,1056.0246858330029
1854,-9999.0,-9999.0,-9999.0,-9999.0,-9999.0,-9999.0,-9999.0,-9999.0,-9999.0,color,orientation,size,0.3400000000000001,-2.5,804,male,1,1056.0246858330029
1855,-9999.0,-9999.0,-9999.0,-9999.0,-9999.0,-9999.0,-9999.0,-9999.0,-9999.0,color,orientation,size,0.3400000000000001,-2.5,804,male,1,1056.0246858330029
1856,-9999.0,-9999.0,-9999.0,-9999.0,-9999.0,-9999.0,-9999.0,-9999.0,-9999.0,color,orientation,size,0.3400000000000001,-2.5,804,male,1,1056.0246858330029
1857,-9999.0,-9999.0,-9999.0,-9999.0,-9999.0,-9999.0,-9999.0,-9999.0,-9999.0,color,orientation,size,0.3400000000000001,-2.5,804,male,1,1056.0246858330029
1858,-9999.0,-9999.0,-9999.0,-9999.0,-9999.0,-9999.0,-9999.0,-9999.0,-9999.0,color,orientation,size,0.3400000000000001,-2.5,804,male,1,1056.0246858330029
1859,-9999.0,-9999.0,-9999.0,-9999.0,-9999.0,-9999.0,-9999.0,-9999.0,-9999.0,color,orientation,size,0.3400000000000001,-2.5,804,male,1,1056.0246858330029
1860,-9999.0,-9999.0,-9999.0,-9999.0,-9999.0,-9999.0,-9999.0,-9999.0,-9999.0,color,orientation,size,0.3400000000000001,-2.5,804,male,1,1056.0246858330029
1861,-9999.0,-9999.0,-9999.0,-9999.0,-9999.0,-9999.0,-9999.0,-9999.0,-9999.0,color,orientation,size,0.3400000000000001,-2.5,804,male,1,1056.0246858330029
1862,-9999.0,-9999.0,-9999.0,-9999.0,-9999.0,-9999.0,-9999.0,-9999.0,-9999.0,color,orientation,size,0.3400000000000001,-2.5,804,male,1,1056.0246858330029
1863,-9999.0,-9999.0,-9999.0,-9999.0,-9999.0,-9999.0,-9999.0,-9999.0,-9999.0,color,orientation,size,0.3400000000000001,-2.5,804,male,1,1056.0246858330029
1864,-9999.0,-9999.0,-9999.0,-9999.0,-9999.0,-9999.0,-9999.0,-9999.0,-9999.0,color,orientation,size,0.3400000000000001,-2.5,804,male,1,1056.0246858330029
1865,-9999.0,-9999.0,-9999.0,-9999.0,-9999.0,-9999.0,-9999.0,-9999.0,-9999.0,color,orientation,size,0.3400000000000001,-2.5,804,male,1,1056.0246858330029
1866,-9999.0,-9999.0,-9999.0,-9999.0,-9999.0,-9999.0,-9999.0,-9999.0,-9999.0,color,orientation,size,0.3400000000000001,-2.5,804,male,1,1056.0246858330029
1867,-9999.0,-9999.0,-9999.0,-9999.0,-9999.0,-9999.0,-9999.0,-9999.0,-9999.0,color,orientation,size,0.3400000000000001,-2.5,804,male,1,1056.0246858330029
1868,-9999.0,-9999.0,-9999.0,-9999.0,-9999.0,-9999.0,-9999.0,-9999.0,-9999.0,color,orientation,size,0.3400000000000001,-2.5,804,male,1,1056.0246858330029
1869,-9999.0,-9999.0,-9999.0,-9999.0,-9999.0,-9999.0,-9999.0,-9999.0,-9999.0,color,orientation,size,0.3400000000000001,-2.5,804,male,1,1056.0246858330029
1870,-9999.0,-9999.0,-9999.0,-9999.0,-9999.0,-9999.0,-9999.0,-9999.0,-9999.0,color,orientation,size,0.3400000000000001,-2.5,804,male,1,1056.0246858330029
1871,-9999.0,-9999.0,-9999.0,-9999.0,-9999.0,-9999.0,-9999.0,-9999.0,-9999.0,color,orientation,size,0.3400000000000001,-2.5,804,male,1,1056.0246858330029
1872,-9999.0,-9999.0,-9999.0,-9999.0,-9999.0,-9999.0,-9999.0,-9999.0,-9999.0,color,orientation,size,0.3400000000000001,-2.5,804,male,1,1056.0246858330029
1873,-9999.0,-9999.0,-9999.0,-9999.0,-9999.0,-9999.0,-9999.0,-9999.0,-9999.0,color,orientation,size,0.3400000000000001,-2.5,804,male,1,1056.0246858330029
1874,-9999.0,-9999.0,-9999.0,-9999.0,-9999.0,-9999.0,-9999.0,-9999.0,-9999.0,color,orientation,size,0.3400000000000001,-2.5,804,male,1,1056.0246858330029
1875,-9999.0,-9999.0,-9999.0,-9999.0,-9999.0,-9999.0,-9999.0,-9999.0,-9999.0,color,orientation,size,0.3400000000000001,-2.5,804,male,1,1056.0246858330029
1876,-9999.0,-9999.0,-9999.0,-9999.0,-9999.0,-9999.0,-9999.0,-9999.0,-9999.0,color,orientation,size,0.3400000000000001,-2.5,804,male,1,1056.0246858330029
1877,-9999.0,-9999.0,-9999.0,-9999.0,-9999.0,-9999.0,-9999.0,-9999.0,-9999.0,color,orientation,size,0.3400000000000001,-2.5,804,male,1,1056.0246858330029
1878,-9999.0,-9999.0,-9999.0,-9999.0,-9999.0,-9999.0,-9999.0,-9999.0,-9999.0,color,orientation,size,0.3400000000000001,-2.5,804,male,1,1056.0246858330029
1879,-9999.0,-9999.0,-9999.0,-9999.0,-9999.0,-9999.0,-9999.0,-9999.0,-9999.0,color,orientation,size,0.3400000000000001,-2.5,804,male,1,1056.0246858330029
1880,-9999.0,-9999.0,-9999.0,-9999.0,-9999.0,-9999.0,-9999.0,-9999.0,-9999.0,color,orientation,size,0.3400000000000001,-2.5,804,male,1,1056.0246858330029
1881,-9999.0,-9999.0,-9999.0,-9999.0,-9999.0,-9999.0,-9999.0,-9999.0,-9999.0,color,orientation,size,0.3400000000000001,-2.5,804,male,1,1056.0246858330029
1882,-9999.0,-9999.0,-9999.0,-9999.0,-9999.0,-9999.0,-9999.0,-9999.0,-9999.0,color,orientation,size,0.3400000000000001,-2.5,804,male,1,1056.0246858330029
1883,-9999.0,-9999.0,-9999.0,-9999.0,-9999.0,-9999.0,-9999.0,-9999.0,-9999.0,color,orientation,size,0.3400000000000001,-2.5,804,male,1,1056.0246858330029
1884,-9999.0,-9999.0,-9999.0,-9999.0,-9999.0,-9999.0,-9999.0,-9999.0,-9999.0,color,orientation,size,0.3400000000000001,-2.5,804,male,1,1056.0246858330029
1885,-9999.0,-9999.0,-9999.0,-9999.0,-9999.0,-9999.0,-9999.0,-9999.0,-9999.0,color,orientation,size,0.3400000000000001,-2.5,804,male,1,1056.0246858330029
1886,-9999.0,-9999.0,-9999.0,-9999.0,-9999.0,-9999.0,-9999.0,-9999.0,-9999.0,color,orientation,size,0.3400000000000001,-2.5,804,male,1,1056.0246858330029
1887,-9999.0,-9999.0,-9999.0,-9999.0,-9999.0,-9999.0,-9999.0,-9999.0,-9999.0,color,orientation,size,0.3400000000000001,-2.5,804,male,1,1056.0246858330029
1888,-9999.0,-9999.0,-9999.0,-9999.0,-9999.0,-9999.0,-9999.0,-9999.0,-9999.0,color,orientation,size,0.3400000000000001,-2.5,804,male,1,1056.0246858330029
1889,-9999.0,-9999.0,-9999.0,-9999.0,-9999.0,-9999.0,-9999.0,-9999.0,-9999.0,color,orientation,size,0.3400000000000001,-2.5,804,male,1,1056.0246858330029
1890,-9999.0,-9999.0,-9999.0,-9999.0,-9999.0,-9999.0,-9999.0,-9999.0,-9999.0,color,orientation,size,0.3400000000000001,-2.5,804,male,1,1056.0246858330029
1891,-9999.0,-9999.0,-9999.0,-9999.0,-9999.0,-9999.0,-9999.0,-9999.0,-9999.0,color,orientation,size,0.3400000000000001,-2.5,804,male,1,1056.0246858330029
1892,-9999.0,-9999.0,-9999.0,-9999.0,-9999.0,-9999.0,-9999.0,-9999.0,-9999.0,color,orientation,size,0.3400000000000001,-2.5,804,male,1,1056.0246858330029
1893,-9999.0,-9999.0,-9999.0,-9999.0,-9999.0,-9999.0,-9999.0,-9999.0,-9999.0,color,orientation,size,0.3400000000000001,-2.5,804,male,1,1056.0246858330029
1894,-9999.0,-9999.0,-9999.0,-9999.0,-9999.0,-9999.0,-9999.0,-9999.0,-9999.0,color,orientation,size,0.3400000000000001,-2.5,804,male,1,1056.0246858330029
1895,-9999.0,-9999.0,-9999.0,-9999.0,-9999.0,-9999.0,-9999.0,-9999.0,-9999.0,color,orientation,size,0.3400000000000001,-2.5,804,male,1,1056.0246858330029
1896,-9999.0,-9999.0,-9999.0,-9999.0,-9999.0,-9999.0,-9999.0,-9999.0,-9999.0,color,orientation,size,0.3400000000000001,-2.5,804,male,1,1056.0246858330029
1897,-9999.0,-9999.0,-9999.0,-9999.0,-9999.0,-9999.0,-9999.0,-9999.0,-9999.0,color,orientation,size,0.3400000000000001,-2.5,804,male,1,1056.0246858330029
1898,-9999.0,-9999.0,-9999.0,-9999.0,-9999.0,-9999.0,-9999.0,-9999.0,-9999.0,color,orientation,size,0.3400000000000001,-2.5,804,male,1,1056.0246858330029
1899,-9999.0,-9999.0,-9999.0,-9999.0,-9999.0,-9999.0,-9999.0,-9999.0,-9999.0,color,orientation,size,0.3400000000000001,-2.5,804,male,1,1056.0246858330029
1900,-9999.0,-9999.0,-9999.0,-9999.0,-9999.0,-9999.0,-9999.0,-9999.0,-9999.0,color,orientation,size,0.3400000000000001,-2.5,804,male,1,1056.0246858330029
1901,-9999.0,-9999.0,-9999.0,-9999.0,-9999.0,-9999.0,-9999.0,-9999.0,-9999.0,color,orientation,size,0.3400000000000001,-2.5,804,male,1,1056.0246858330029
1902,-9999.0,-9999.0,-9999.0,-9999.0,-9999.0,-9999.0,-9999.0,-9999.0,-9999.0,color,orientation,size,0.3400000000000001,-2.5,804,male,1,1056.0246858330029
1903,-9999.0,-9999.0,-9999.0,-9999.0,-9999.0,-9999.0,-9999.0,-9999.0,-9999.0,color,orientation,size,0.3400000000000001,-2.5,804,male,1,1056.0246858330029
1904,-9999.0,-9999.0,-9999.0,-9999.0,-9999.0,-9999.0,-9999.0,-9999.0,-9999.0,color,orientation,size,0.3400000000000001,-2.5,804,male,1,1056.0246858330029
1905,-9999.0,-9999.0,-9999.0,-9999.0,-9999.0,-9999.0,-9999.0,-9999.0,-9999.0,color,orientation,size,0.3400000000000001,-2.5,804,male,1,1056.0246858330029
1906,-9999.0,-9999.0,-9999.0,-9999.0,-9999.0,-9999.0,-9999.0,-9999.0,-9999.0,color,orientation,size,0.3400000000000001,-2.5,804,male,1,1056.0246858330029
1907,-9999.0,-9999.0,-9999.0,-9999.0,-9999.0,-9999.0,-9999.0,-9999.0,-9999.0,color,orientation,size,0.3400000000000001,-2.5,804,male,1,1056.0246858330029
1908,-9999.0,-9999.0,-9999.0,-9999.0,-9999.0,-9999.0,-9999.0,-9999.0,-9999.0,color,orientation,size,0.3400000000000001,-2.5,804,male,1,1056.0246858330029
1909,-9999.0,-9999.0,-9999.0,-9999.0,-9999.0,-9999.0,-9999.0,-9999.0,-9999.0,color,orientation,size,0.3400000000000001,-2.5,804,male,1,1056.0246858330029
1910,-9999.0,-9999.0,-9999.0,-9999.0,-9999.0,-9999.0,-9999.0,-9999.0,-9999.0,color,orientation,size,0.3400000000000001,-2.5,804,male,1,1056.0246858330029
1911,-9999.0,-9999.0,-9999.0,-9999.0,-9999.0,-9999.0,-9999.0,-9999.0,-9999.0,color,orientation,size,0.3400000000000001,-2.5,804,male,1,1056.0246858330029
1912,-9999.0,-9999.0,-9999.0,-9999.0,-9999.0,-9999.0,-9999.0,-9999.0,-9999.0,color,orientation,size,0.3400000000000001,-2.5,804,male,1,1056.0246858330029
1913,-9999.0,-9999.0,-9999.0,-9999.0,-9999.0,-9999.0,-9999.0,-9999.0,-9999.0,color,orientation,size,0.3400000000000001,-2.5,804,male,1,1056.0246858330029
1914,-9999.0,-9999.0,-9999.0,-9999.0,-9999.0,-9999.0,-9999.0,-9999.0,-9999.0,color,orientation,size,0.3400000000000001,-2.5,804,male,1,1056.0246858330029
1915,-9999.0,-9999.0,-9999.0,-9999.0,-9999.0,-9999.0,-9999.0,-9999.0,-9999.0,color,orientation,size,0.3400000000000001,-2.5,804,male,1,1056.0246858330029
1916,-9999.0,-9999.0,-9999.0,-9999.0,-9999.0,-9999.0,-9999.0,-9999.0,-9999.0,color,orientation,size,0.3400000000000001,-2.5,804,male,1,1056.0246858330029
1917,-9999.0,-9999.0,-9999.0,-9999.0,-9999.0,-9999.0,-9999.0,-9999.0,-9999.0,color,orientation,size,0.3400000000000001,-2.5,804,male,1,1056.0246858330029
1918,-9999.0,-9999.0,-9999.0,-9999.0,-9999.0,-9999.0,-9999.0,-9999.0,-9999.0,color,orientation,size,0.3400000000000001,-2.5,804,male,1,1056.0246858330029
1919,-9999.0,-9999.0,-9999.0,-9999.0,-9999.0,-9999.0,-9999.0,-9999.0,-9999.0,color,orientation,size,0.3400000000000001,-2.5,804,male,1,1056.0246858330029
1920,-9999.0,-9999.0,-9999.0,-9999.0,-9999.0,-9999.0,-9999.0,-9999.0,-9999.0,color,orientation,size,0.3400000000000001,-2.5,804,male,1,1056.0246858330029
1921,-9999.0,-9999.0,-9999.0,-9999.0,-9999.0,-9999.0,-9999.0,-9999.0,-9999.0,color,orientation,size,0.3400000000000001,-2.5,804,male,1,1056.0246858330029
1922,-9999.0,-9999.0,-9999.0,-9999.0,-9999.0,-9999.0,-9999.0,-9999.0,-9999.0,color,orientation,size,0.3400000000000001,-2.5,804,male,1,1056.0246858330029
1923,-9999.0,-9999.0,-9999.0,-9999.0,-9999.0,-9999.0,-9999.0,-9999.0,-9999.0,color,orientation,size,0.3400000000000001,-2.5,804,male,1,1056.0246858330029
1924,-9999.0,-9999.0,-9999.0,-9999.0,-9999.0,-9999.0,-9999.0,-9999.0,-9999.0,color,orientation,size,0.3400000000000001,-2.5,804,male,1,1056.0246858330029
1925,-9999.0,-9999.0,-9999.0,-9999.0,-9999.0,-9999.0,-9999.0,-9999.0,-9999.0,color,orientation,size,0.3400000000000001,-2.5,804,male,1,1056.0246858330029
1926,-9999.0,-9999.0,-9999.0,-9999.0,-9999.0,-9999.0,-9999.0,-9999.0,-9999.0,color,orientation,size,0.3400000000000001,-2.5,804,male,1,1056.0246858330029
1927,-9999.0,-9999.0,-9999.0,-9999.0,-9999.0,-9999.0,-9999.0,-9999.0,-9999.0,color,orientation,size,0.3400000000000001,-2.5,804,male,1,1056.0246858330029
1928,-9999.0,-9999.0,-9999.0,-9999.0,-9999.0,-9999.0,-9999.0,-9999.0,-9999.0,color,orientation,size,0.3400000000000001,-2.5,804,male,1,1056.0246858330029
1929,-9999.0,-9999.0,-9999.0,-9999.0,-9999.0,-9999.0,-9999.0,-9999.0,-9999.0,color,orientation,size,0.3400000000000001,-2.5,804,male,1,1056.0246858330029
1930,-9999.0,-9999.0,-9999.0,-9999.0,-9999.0,-9999.0,-9999.0,-9999.0,-9999.0,color,orientation,size,0.3400000000000001,-2.5,804,male,1,1056.0246858330029
1931,-9999.0,-9999.0,-9999.0,-9999.0,-9999.0,-9999.0,-9999.0,-9999.0,-9999.0,color,orientation,size,0.3400000000000001,-2.5,804,male,1,1056.0246858330029
1932,-9999.0,-9999.0,-9999.0,-9999.0,-9999.0,-9999.0,-9999.0,-9999.0,-9999.0,color,orientation,size,0.3400000000000001,-2.5,804,male,1,1056.0246858330029
1933,-9999.0,-9999.0,-9999.0,-9999.0,-9999.0,-9999.0,-9999.0,-9999.0,-9999.0,color,orientation,size,0.3400000000000001,-2.5,804,male,1,1056.0246858330029
1934,-9999.0,-9999.0,-9999.0,-9999.0,-9999.0,-9999.0,-9999.0,-9999.0,-9999.0,color,orientation,size,0.3400000000000001,-2.5,804,male,1,1056.0246858330029
1935,-9999.0,-9999.0,-9999.0,-9999.0,-9999.0,-9999.0,-9999.0,-9999.0,-9999.0,color,orientation,size,0.3400000000000001,-2.5,804,male,1,1056.0246858330029
1936,-9999.0,-9999.0,-9999.0,-9999.0,-9999.0,-9999.0,-9999.0,-9999.0,-9999.0,color,orientation,size,0.3400000000000001,-2.5,804,male,1,1056.0246858330029
1937,-9999.0,-9999.0,-9999.0,-9999.0,-9999.0,-9999.0,-9999.0,-9999.0,-9999.0,color,orientation,size,0.3400000000000001,-2.5,804,male,1,1056.0246858330029
1938,-9999.0,-9999.0,-9999.0,-9999.0,-9999.0,-9999.0,-9999.0,-9999.0,-9999.0,color,orientation,size,0.3400000000000001,-2.5,804,male,1,1056.0246858330029
1939,-9999.0,-9999.0,-9999.0,-9999.0,-9999.0,-9999.0,-9999.0,-9999.0,-9999.0,color,orientation,size,0.3400000000000001,-2.5,804,male,1,1056.0246858330029
1940,-9999.0,-9999.0,-9999.0,-9999.0,-9999.0,-9999.0,-9999.0,-9999.0,-9999.0,color,orientation,size,0.3400000000000001,-2.5,804,male,1,1056.0246858330029
1941,-9999.0,-9999.0,-9999.0,-9999.0,-9999.0,-9999.0,-9999.0,-9999.0,-9999.0,color,orientation,size,0.3400000000000001,-2.5,804,male,1,1056.0246858330029
1942,-9999.0,-9999.0,-9999.0,-9999.0,-9999.0,-9999.0,-9999.0,-9999.0,-9999.0,color,orientation,size,0.3400000000000001,-2.5,804,male,1,1056.0246858330029
1943,-9999.0,-9999.0,-9999.0,-9999.0,-9999.0,-9999.0,-9999.0,-9999.0,-9999.0,color,orientation,size,0.3400000000000001,-2.5,804,male,1,1056.0246858330029
1944,-9999.0,-9999.0,-9999.0,-9999.0,-9999.0,-9999.0,-9999.0,-9999.0,-9999.0,color,orientation,size,0.3400000000000001,-2.5,804,male,1,1056.0246858330029
1945,-9999.0,-9999.0,-9999.0,-9999.0,-9999.0,-9999.0,-9999.0,-9999.0,-9999.0,color,orientation,size,0.3400000000000001,-2.5,804,male,1,1056.0246858330029
1946,-9999.0,-9999.0,-9999.0,-9999.0,-9999.0,-9999.0,-9999.0,-9999.0,-9999.0,color,orientation,size,0.3400000000000001,-2.5,804,male,1,1056.0246858330029
1947,-9999.0,-9999.0,-9999.0,-9999.0,-9999.0,-9999.0,-9999.0,-9999.0,-9999.0,color,orientation,size,0.3400000000000001,-2.5,804,male,1,1056.0246858330029
1948,-9999.0,-9999.0,-9999.0,-9999.0,-9999.0,-9999.0,-9999.0,-9999.0,-9999.0,color,orientation,size,0.3400000000000001,-2.5,804,male,1,1056.0246858330029
1949,-9999.0,-9999.0,-9999.0,-9999.0,-9999.0,-9999.0,-9999.0,-9999.0,-9999.0,color,orientation,size,0.3400000000000001,-2.5,804,male,1,1056.0246858330029
1950,-9999.0,-9999.0,-9999.0,-9999.0,-9999.0,-9999.0,-9999.0,-9999.0,-9999.0,color,orientation,size,0.3400000000000001,-2.5,804,male,1,1056.0246858330029
1951,-9999.0,-9999.0,-9999.0,-9999.0,-9999.0,-9999.0,-9999.0,-9999.0,-9999.0,color,orientation,size,0.3400000000000001,-2.5,804,male,1,1056.0246858330029
1952,-9999.0,-9999.0,-9999.0,-9999.0,-9999.0,-9999.0,-9999.0,-9999.0,-9999.0,color,orientation,size,0.3400000000000001,-2.5,804,male,1,1056.0246858330029
1953,-9999.0,-9999.0,-9999.0,-9999.0,-9999.0,-9999.0,-9999.0,-9999.0,-9999.0,color,orientation,size,0.3400000000000001,-2.5,804,male,1,1056.0246858330029
1954,-9999.0,-9999.0,-9999.0,-9999.0,-9999.0,-9999.0,-9999.0,-9999.0,-9999.0,color,orientation,size,0.3400000000000001,-2.5,804,male,1,1056.0246858330029
1955,-9999.0,-9999.0,-9999.0,-9999.0,-9999.0,-9999.0,-9999.0,-9999.0,-9999.0,color,orientation,size,0.3400000000000001,-2.5,804,male,1,1056.0246858330029
1956,-9999.0,-9999.0,-9999.0,-9999.0,-9999.0,-9999.0,-9999.0,-9999.0,-9999.0,color,orientation,size,0.3400000000000001,-2.5,804,male,1,1056.0246858330029
1957,-9999.0,-9999.0,-9999.0,-9999.0,-9999.0,-9999.0,-9999.0,-9999.0,-9999.0,color,orientation,size,0.3400000000000001,-2.5,804,male,1,1056.0246858330029
1958,-9999.0,-9999.0,-9999.0,-9999.0,-9999.0,-9999.0,-9999.0,-9999.0,-9999.0,color,orientation,size,0.3400000000000001,-2.5,804,male,1,1056.0246858330029
1959,-9999.0,-9999.0,-9999.0,-9999.0,-9999.0,-9999.0,-9999.0,-9999.0,-9999.0,color,orientation,size,0.3400000000000001,-2.5,804,male,1,1056.0246858330029
1960,-9999.0,-9999.0,-9999.0,-9999.0,-9999.0,-9999.0,-9999.0,-9999.0,-9999.0,color,orientation,size,0.3400000000000001,-2.5,804,male,1,1056.0246858330029
1961,-9999.0,-9999.0,-9999.0,-9999.0,-9999.0,-9999.0,-9999.0,-9999.0,-9999.0,color,orientation,size,0.3400000000000001,-2.5,804,male,1,1056.0246858330029
1962,-9999.0,-9999.0,-9999.0,-9999.0,-9999.0,-9999.0,-9999.0,-9999.0,-9999.0,color,orientation,size,0.3400000000000001,-2.5,804,male,1,1056.0246858330029
1963,-9999.0,-9999.0,-9999.0,-9999.0,-9999.0,-9999.0,-9999.0,-9999.0,-9999.0,color,orientation,size,0.3400000000000001,-2.5,804,male,1,1056.0246858330029
1964,-9999.0,-9999.0,-9999.0,-9999.0,-9999.0,-9999.0,-9999.0,-9999.0,-9999.0,color,orientation,size,0.3400000000000001,-2.5,804,male,1,1056.0246858330029
1965,-9999.0,-9999.0,-9999.0,-9999.0,-9999.0,-9999.0,-9999.0,-9999.0,-9999.0,color,orientation,size,0.3400000000000001,-2.5,804,male,1,1056.0246858330029
1966,-9999.0,-9999.0,-9999.0,-9999.0,-9999.0,-9999.0,-9999.0,-9999.0,-9999.0,color,orientation,size,0.3400000000000001,-2.5,804,male,1,1056.0246858330029
1967,-9999.0,-9999.0,-9999.0,-9999.0,-9999.0,-9999.0,-9999.0,-9999.0,-9999.0,color,orientation,size,0.3400000000000001,-2.5,804,male,1,1056.0246858330029
1968,-9999.0,-9999.0,-9999.0,-9999.0,-9999.0,-9999.0,-9999.0,-9999.0,-9999.0,color,orientation,size,0.3400000000000001,-2.5,804,male,1,1056.0246858330029
1969,-9999.0,-9999.0,-9999.0,-9999.0,-9999.0,-9999.0,-9999.0,-9999.0,-9999.0,color,orientation,size,0.3400000000000001,-2.5,804,male,1,1056.0246858330029
1970,-9999.0,-9999.0,-9999.0,-9999.0,-9999.0,-9999.0,-9999.0,-9999.0,-9999.0,color,orientation,size,0.3400000000000001,-2.5,804,male,1,1056.0246858330029
1971,-9999.0,-9999.0,-9999.0,-9999.0,-9999.0,-9999.0,-9999.0,-9999.0,-9999.0,color,orientation,size,0.3400000000000001,-2.5,804,male,1,1056.0246858330029
1972,-9999.0,-9999.0,-9999.0,-9999.0,-9999.0,-9999.0,-9999.0,-9999.0,-9999.0,color,orientation,size,0.3400000000000001,-2.5,804,male,1,1056.0246858330029
1973,-9999.0,-9999.0,-9999.0,-9999.0,-9999.0,-9999.0,-9999.0,-9999.0,-9999.0,color,orientation,size,0.3400000000000001,-2.5,804,male,1,1056.0246858330029
1974,-9999.0,-9999.0,-9999.0,-9999.0,-9999.0,-9999.0,-9999.0,-9999.0,-9999.0,color,orientation,size,0.3400000000000001,-2.5,804,male,1,1056.0246858330029
1975,-9999.0,-9999.0,-9999.0,-9999.0,-9999.0,-9999.0,-9999.0,-9999.0,-9999.0,color,orientation,size,0.3400000000000001,-2.5,804,male,1,1056.0246858330029
1976,-9999.0,-9999.0,-9999.0,-9999.0,-9999.0,-9999.0,-9999.0,-9999.0,-9999.0,color,orientation,size,0.3400000000000001,-2.5,804,male,1,1056.0246858330029
1977,-9999.0,-9999.0,-9999.0,-9999.0,-9999.0,-9999.0,-9999.0,-9999.0,-9999.0,color,orientation,size,0.3400000000000001,-2.5,804,male,1,1056.0246858330029
1978,-9999.0,-9999.0,-9999.0,-9999.0,-9999.0,-9999.0,-9999.0,-9999.0,-9999.0,color,orientation,size,0.3400000000000001,-2.5,804,male,1,1056.0246858330029
1979,-9999.0,-9999.0,-9999.0,-9999.0,-9999.0,-9999.0,-9999.0,-9999.0,-9999.0,color,orientation,size,0.3400000000000001,-2.5,804,male,1,1056.0246858330029
1980,-9999.0,-9999.0,-9999.0,-9999.0,-9999.0,-9999.0,-9999.0,-9999.0,-9999.0,color,orientation,size,0.3400000000000001,-2.5,804,male,1,1056.0246858330029
1981,-9999.0,-9999.0,-9999.0,-9999.0,-9999.0,-9999.0,-9999.0,-9999.0,-9999.0,color,orientation,size,0.3400000000000001,-2.5,804,male,1,1056.0246858330029
1982,-9999.0,-9999.0,-9999.0,-9999.0,-9999.0,-9999.0,-9999.0,-9999.0,-9999.0,color,orientation,size,0.3400000000000001,-2.5,804,male,1,1056.0246858330029
1983,-9999.0,-9999.0,-9999.0,-9999.0,-9999.0,-9999.0,-9999.0,-9999.0,-9999.0,color,orientation,size,0.3400000000000001,-2.5,804,male,1,1056.0246858330029
1984,-9999.0,-9999.0,-9999.0,-9999.0,-9999.0,-9999.0,-9999.0,-9999.0,-9999.0,color,orientation,size,0.3400000000000001,-2.5,804,male,1,1056.0246858330029
1985,-9999.0,-9999.0,-9999.0,-9999.0,-9999.0,-9999.0,-9999.0,-9999.0,-9999.0,color,orientation,size,0.3400000000000001,-2.5,804,male,1,1056.0246858330029
1986,-9999.0,-9999.0,-9999.0,-9999.0,-9999.0,-9999.0,-9999.0,-9999.0,-9999.0,color,orientation,size,0.3400000000000001,-2.5,804,male,1,1056.0246858330029
1987,-9999.0,-9999.0,-9999.0,-9999.0,-9999.0,-9999.0,-9999.0,-9999.0,-9999.0,color,orientation,size,0.3400000000000001,-2.5,804,male,1,1056.0246858330029
1988,-9999.0,-9999.0,-9999.0,-9999.0,-9999.0,-9999.0,-9999.0,-9999.0,-9999.0,color,orientation,size,0.3400000000000001,-2.5,804,male,1,1056.0246858330029
1989,-9999.0,-9999.0,-9999.0,-9999.0,-9999.0,-9999.0,-9999.0,-9999.0,-9999.0,color,orientation,size,0.3400000000000001,-2.5,804,male,1,1056.0246858330029
1990,-9999.0,-9999.0,-9999.0,-9999.0,-9999.0,-9999.0,-9999.0,-9999.0,-9999.0,color,orientation,size,0.3400000000000001,-2.5,804,male,1,1056.0246858330029
1991,-9999.0,-9999.0,-9999.0,-9999.0,-9999.0,-9999.0,-9999.0,-9999.0,-9999.0,color,orientation,size,0.3400000000000001,-2.5,804,male,1,1056.0246858330029
1992,-9999.0,-9999.0,-9999.0,-9999.0,-9999.0,-9999.0,-9999.0,-9999.0,-9999.0,color,orientation,size,0.3400000000000001,-2.5,804,male,1,1056.0246858330029
1993,-9999.0,-9999.0,-9999.0,-9999.0,-9999.0,-9999.0,-9999.0,-9999.0,-9999.0,color,orientation,size,0.3400000000000001,-2.5,804,male,1,1056.0246858330029
1994,-9999.0,-9999.0,-9999.0,-9999.0,-9999.0,-9999.0,-9999.0,-9999.0,-9999.0,color,orientation,size,0.3400000000000001,-2.5,804,male,1,1056.0246858330029
1995,-9999.0,-9999.0,-9999.0,-9999.0,-9999.0,-9999.0,-9999.0,-9999.0,-9999.0,color,orientation,size,0.3400000000000001,-2.5,804,male,1,1056.0246858330029
1996,-9999.0,-9999.0,-9999.0,-9999.0,-9999.0,-9999.0,-9999.0,-9999.0,-9999.0,color,orientation,size,0.3400000000000001,-2.5,804,male,1,1056.0246858330029
1997,-9999.0,-9999.0,-9999.0,-9999.0,-9999.0,-9999.0,-9999.0,-9999.0,-9999.0,color,orientation,size,0.3400000000000001,-2.5,804,male,1,1056.0246858330029
1998,-9999.0,-9999.0,-9999.0,-9999.0,-9999.0,-9999.0,-9999.0,-9999.0,-9999.0,color,orientation,size,0.3400000000000001,-2.5,804,male,1,1056.0246858330029
1999,-9999.0,-9999.0,-9999.0,-9999.0,-9999.0,-9999.0,-9999.0,-9999.0,-9999.0,color,orientation,size,0.3400000000000001,-2.5,804,male,1,1056.0246858330029
2000,-9999.0,-9999.0,-9999.0,-9999.0,-9999.0,-9999.0,-9999.0,-9999.0,-9999.0,color,orientation,size,0.3400000000000001,-2.5,804,male,1,1056.0246858330029
2001,-9999.0,-9999.0,-9999.0,-9999.0,-9999.0,-9999.0,-9999.0,-9999.0,-9999.0,color,orientation,size,0.3400000000000001,-2.5,804,male,1,1056.0246858330029
2002,-9999.0,-9999.0,-9999.0,-9999.0,-9999.0,-9999.0,-9999.0,-9999.0,-9999.0,color,orientation,size,0.3400000000000001,-2.5,804,male,1,1056.0246858330029
2003,-9999.0,-9999.0,-9999.0,-9999.0,-9999.0,-9999.0,-9999.0,-9999.0,-9999.0,color,orientation,size,0.3400000000000001,-2.5,804,male,1,1056.0246858330029
2004,-9999.0,-9999.0,-9999.0,-9999.0,-9999.0,-9999.0,-9999.0,-9999.0,-9999.0,color,orientation,size,0.3400000000000001,-2.5,804,male,1,1056.0246858330029
2005,-9999.0,-9999.0,-9999.0,-9999.0,-9999.0,-9999.0,-9999.0,-9999.0,-9999.0,color,orientation,size,0.3400000000000001,-2.5,804,male,1,1056.0246858330029
2006,-9999.0,-9999.0,-9999.0,-9999.0,-9999.0,-9999.0,-9999.0,-9999.0,-9999.0,color,orientation,size,0.3400000000000001,-2.5,804,male,1,1056.0246858330029
2007,-9999.0,-9999.0,-9999.0,-9999.0,-9999.0,-9999.0,-9999.0,-9999.0,-9999.0,color,orientation,size,0.3400000000000001,-2.5,804,male,1,1056.0246858330029
2008,-9999.0,-9999.0,-9999.0,-9999.0,-9999.0,-9999.0,-9999.0,-9999.0,-9999.0,color,orientation,size,0.3400000000000001,-2.5,804,male,1,1056.0246858330029
2009,-9999.0,-9999.0,-9999.0,-9999.0,-9999.0,-9999.0,-9999.0,-9999.0,-9999.0,color,orientation,size,0.3400000000000001,-2.5,804,male,1,1056.0246858330029
2010,-9999.0,-9999.0,-9999.0,-9999.0,-9999.0,-9999.0,-9999.0,-9999.0,-9999.0,color,orientation,size,0.3400000000000001,-2.5,804,male,1,1056.0246858330029
2011,-9999.0,-9999.0,-9999.0,-9999.0,-9999.0,-9999.0,-9999.0,-9999.0,-9999.0,color,orientation,size,0.3400000000000001,-2.5,804,male,1,1056.0246858330029
2012,-9999.0,-9999.0,-9999.0,-9999.0,-9999.0,-9999.0,-9999.0,-9999.0,-9999.0,color,orientation,size,0.3400000000000001,-2.5,804,male,1,1056.0246858330029
2013,-9999.0,-9999.0,-9999.0,-9999.0,-9999.0,-9999.0,-9999.0,-9999.0,-9999.0,color,orientation,size,0.3400000000000001,-2.5,804,male,1,1056.0246858330029
2014,-9999.0,-9999.0,-9999.0,-9999.0,-9999.0,-9999.0,-9999.0,-9999.0,-9999.0,color,orientation,size,0.3400000000000001,-2.5,804,male,1,1056.0246858330029
2015,-9999.0,-9999.0,-9999.0,-9999.0,-9999.0,-9999.0,-9999.0,-9999.0,-9999.0,color,orientation,size,0.3400000000000001,-2.5,804,male,1,1056.0246858330029
2016,-9999.0,-9999.0,-9999.0,-9999.0,-9999.0,-9999.0,-9999.0,-9999.0,-9999.0,color,orientation,size,0.3400000000000001,-2.5,804,male,1,1056.0246858330029
2017,-9999.0,-9999.0,-9999.0,-9999.0,-9999.0,-9999.0,-9999.0,-9999.0,-9999.0,color,orientation,size,0.3400000000000001,-2.5,804,male,1,1056.0246858330029
2018,-9999.0,-9999.0,-9999.0,-9999.0,-9999.0,-9999.0,-9999.0,-9999.0,-9999.0,color,orientation,size,0.3400000000000001,-2.5,804,male,1,1056.0246858330029
2019,-9999.0,-9999.0,-9999.0,-9999.0,-9999.0,-9999.0,-9999.0,-9999.0,-9999.0,color,orientation,size,0.3400000000000001,-2.5,804,male,1,1056.0246858330029
2020,-9999.0,-9999.0,-9999.0,-9999.0,-9999.0,-9999.0,-9999.0,-9999.0,-9999.0,color,orientation,size,0.3400000000000001,-2.5,804,male,1,1056.0246858330029
2021,-9999.0,-9999.0,-9999.0,-9999.0,-9999.0,-9999.0,-9999.0,-9999.0,-9999.0,color,orientation,size,0.3400000000000001,-2.5,804,male,1,1056.0246858330029
2022,-9999.0,-9999.0,-9999.0,-9999.0,-9999.0,-9999.0,-9999.0,-9999.0,-9999.0,color,orientation,size,0.3400000000000001,-2.5,804,male,1,1056.0246858330029
2023,-9999.0,-9999.0,-9999.0,-9999.0,-9999.0,-9999.0,-9999.0,-9999.0,-9999.0,color,orientation,size,0.3400000000000001,-2.5,804,male,1,1056.0246858330029
2024,-9999.0,-9999.0,-9999.0,-9999.0,-9999.0,-9999.0,-9999.0,-9999.0,-9999.0,color,orientation,size,0.3400000000000001,-2.5,804,male,1,1056.0246858330029
2025,-9999.0,-9999.0,-9999.0,-9999.0,-9999.0,-9999.0,-9999.0,-9999.0,-9999.0,color,orientation,size,0.3400000000000001,-2.5,804,male,1,1056.0246858330029
2026,-9999.0,-9999.0,-9999.0,-9999.0,-9999.0,-9999.0,-9999.0,-9999.0,-9999.0,color,orientation,size,0.3400000000000001,-2.5,804,male,1,1056.0246858330029
2027,-9999.0,-9999.0,-9999.0,-9999.0,-9999.0,-9999.0,-9999.0,-9999.0,-9999.0,color,orientation,size,0.3400000000000001,-2.5,804,male,1,1056.0246858330029
2028,-9999.0,-9999.0,-9999.0,-9999.0,-9999.0,-9999.0,-9999.0,-9999.0,-9999.0,color,orientation,size,0.3400000000000001,-2.5,804,male,1,1056.0246858330029
2029,-9999.0,-9999.0,-9999.0,-9999.0,-9999.0,-9999.0,-9999.0,-9999.0,-9999.0,color,orientation,size,0.3400000000000001,-2.5,804,male,1,1056.0246858330029
2030,-9999.0,-9999.0,-9999.0,-9999.0,-9999.0,-9999.0,-9999.0,-9999.0,-9999.0,color,orientation,size,0.3400000000000001,-2.5,804,male,1,1056.0246858330029
2031,-9999.0,-9999.0,-9999.0,-9999.0,-9999.0,-9999.0,-9999.0,-9999.0,-9999.0,color,orientation,size,0.3400000000000001,-2.5,804,male,1,1056.0246858330029
2032,-9999.0,-9999.0,-9999.0,-9999.0,-9999.0,-9999.0,-9999.0,-9999.0,-9999.0,color,orientation,size,0.3400000000000001,-2.5,804,male,1,1056.0246858330029
2033,-9999.0,-9999.0,-9999.0,-9999.0,-9999.0,-9999.0,-9999.0,-9999.0,-9999.0,color,orientation,size,0.3400000000000001,-2.5,804,male,1,1056.0246858330029
2034,-9999.0,-9999.0,-9999.0,-9999.0,-9999.0,-9999.0,-9999.0,-9999.0,-9999.0,color,orientation,size,0.3400000000000001,-2.5,804,male,1,1056.0246858330029
2035,-9999.0,-9999.0,-9999.0,-9999.0,-9999.0,-9999.0,-9999.0,-9999.0,-9999.0,color,orientation,size,0.3400000000000001,-2.5,804,male,1,1056.0246858330029
2036,-9999.0,-9999.0,-9999.0,-9999.0,-9999.0,-9999.0,-9999.0,-9999.0,-9999.0,color,orientation,size,0.3400000000000001,-2.5,804,male,1,1056.0246858330029
2037,-9999.0,-9999.0,-9999.0,-9999.0,-9999.0,-9999.0,-9999.0,-9999.0,-9999.0,color,orientation,size,0.3400000000000001,-2.5,804,male,1,1056.0246858330029
2038,-9999.0,-9999.0,-9999.0,-9999.0,-9999.0,-9999.0,-9999.0,-9999.0,-9999.0,color,orientation,size,0.3400000000000001,-2.5,804,male,1,1056.0246858330029
2039,-9999.0,-9999.0,-9999.0,-9999.0,-9999.0,-9999.0,-9999.0,-9999.0,-9999.0,color,orientation,size,0.3400000000000001,-2.5,804,male,1,1056.0246858330029
2040,-9999.0,-9999.0,-9999.0,-9999.0,-9999.0,-9999.0,-9999.0,-9999.0,-9999.0,color,orientation,size,0.3400000000000001,-2.5,804,male,1,1056.0246858330029
2041,-9999.0,-9999.0,-9999.0,-9999.0,-9999.0,-9999.0,-9999.0,-9999.0,-9999.0,color,orientation,size,0.3400000000000001,-2.5,804,male,1,1056.0246858330029
2042,-9999.0,-9999.0,-9999.0,-9999.0,-9999.0,-9999.0,-9999.0,-9999.0,-9999.0,color,orientation,size,0.3400000000000001,-2.5,804,male,1,1056.0246858330029
2043,-9999.0,-9999.0,-9999.0,-9999.0,-9999.0,-9999.0,-9999.0,-9999.0,-9999.0,color,orientation,size,0.3400000000000001,-2.5,804,male,1,1056.0246858330029
2044,-9999.0,-9999.0,-9999.0,-9999.0,-9999.0,-9999.0,-9999.0,-9999.0,-9999.0,color,orientation,size,0.3400000000000001,-2.5,804,male,1,1056.0246858330029
2045,-9999.0,-9999.0,-9999.0,-9999.0,-9999.0,-9999.0,-9999.0,-9999.0,-9999.0,color,orientation,size,0.3400000000000001,-2.5,804,male,1,1056.0246858330029
2046,-9999.0,-9999.0,-9999.0,-9999.0,-9999.0,-9999.0,-9999.0,-9999.0,-9999.0,color,orientation,size,0.3400000000000001,-2.5,804,male,1,1056.0246858330029
2047,-9999.0,-9999.0,-9999.0,-9999.0,-9999.0,-9999.0,-9999.0,-9999.0,-9999.0,color,orientation,size,0.3400000000000001,-2.5,804,male,1,1056.0246858330029
2048,-9999.0,-9999.0,-9999.0,-9999.0,-9999.0,-9999.0,-9999.0,-9999.0,-9999.0,color,orientation,size,0.3400000000000001,-2.5,804,male,1,1056.0246858330029
2049,-9999.0,-9999.0,-9999.0,-9999.0,-9999.0,-9999.0,-9999.0,-9999.0,-9999.0,color,orientation,size,0.3400000000000001,-2.5,804,male,1,1056.0246858330029
2050,-9999.0,-9999.0,-9999.0,-9999.0,-9999.0,-9999.0,-9999.0,-9999.0,-9999.0,color,orientation,size,0.3400000000000001,-2.5,804,male,1,1056.0246858330029
2051,-9999.0,-9999.0,-9999.0,-9999.0,-9999.0,-9999.0,-9999.0,-9999.0,-9999.0,color,orientation,size,0.3400000000000001,-2.5,804,male,1,1056.0246858330029
2052,-9999.0,-9999.0,-9999.0,-9999.0,-9999.0,-9999.0,-9999.0,-9999.0,-9999.0,color,orientation,size,0.3400000000000001,-2.5,804,male,1,1056.0246858330029
2053,-9999.0,-9999.0,-9999.0,-9999.0,-9999.0,-9999.0,-9999.0,-9999.0,-9999.0,color,orientation,size,0.3400000000000001,-2.5,804,male,1,1056.0246858330029
2054,-9999.0,-9999.0,-9999.0,-9999.0,-9999.0,-9999.0,-9999.0,-9999.0,-9999.0,color,orientation,size,0.3400000000000001,-2.5,804,male,1,1056.0246858330029
2055,-9999.0,-9999.0,-9999.0,-9999.0,-9999.0,-9999.0,-9999.0,-9999.0,-9999.0,color,orientation,size,0.3400000000000001,-2.5,804,male,1,1056.0246858330029
2056,-9999.0,-9999.0,-9999.0,-9999.0,-9999.0,-9999.0,-9999.0,-9999.0,-9999.0,color,orientation,size,0.3400000000000001,-2.5,804,male,1,1056.0246858330029
2057,-9999.0,-9999.0,-9999.0,-9999.0,-9999.0,-9999.0,-9999.0,-9999.0,-9999.0,color,orientation,size,0.3400000000000001,-2.5,804,male,1,1056.0246858330029
2058,-9999.0,-9999.0,-9999.0,-9999.0,-9999.0,-9999.0,-9999.0,-9999.0,-9999.0,color,orientation,size,0.3400000000000001,-2.5,804,male,1,1056.0246858330029
2059,-9999.0,-9999.0,-9999.0,-9999.0,-9999.0,-9999.0,-9999.0,-9999.0,-9999.0,color,orientation,size,0.3400000000000001,-2.5,804,male,1,1056.0246858330029
2060,-9999.0,-9999.0,-9999.0,-9999.0,-9999.0,-9999.0,-9999.0,-9999.0,-9999.0,color,orientation,size,0.3400000000000001,-2.5,804,male,1,1056.0246858330029
2061,-9999.0,-9999.0,-9999.0,-9999.0,-9999.0,-9999.0,-9999.0,-9999.0,-9999.0,color,orientation,size,0.3400000000000001,-2.5,804,male,1,1056.0246858330029
2062,-9999.0,-9999.0,-9999.0,-9999.0,-9999.0,-9999.0,-9999.0,-9999.0,-9999.0,color,orientation,size,0.3400000000000001,-2.5,804,male,1,1056.0246858330029
2063,-9999.0,-9999.0,-9999.0,-9999.0,-9999.0,-9999.0,-9999.0,-9999.0,-9999.0,color,orientation,size,0.3400000000000001,-2.5,804,male,1,1056.0246858330029
2064,-9999.0,-9999.0,-9999.0,-9999.0,-9999.0,-9999.0,-9999.0,-9999.0,-9999.0,color,orientation,size,0.3400000000000001,-2.5,804,male,1,1056.0246858330029
2065,-9999.0,-9999.0,-9999.0,-9999.0,-9999.0,-9999.0,-9999.0,-9999.0,-9999.0,color,orientation,size,0.3400000000000001,-2.5,804,male,1,1056.0246858330029
2066,-9999.0,-9999.0,-9999.0,-9999.0,-9999.0,-9999.0,-9999.0,-9999.0,-9999.0,color,orientation,size,0.3400000000000001,-2.5,804,male,1,1056.0246858330029
2067,-9999.0,-9999.0,-9999.0,-9999.0,-9999.0,-9999.0,-9999.0,-9999.0,-9999.0,color,orientation,size,0.3400000000000001,-2.5,804,male,1,1056.0246858330029
2068,-9999.0,-9999.0,-9999.0,-9999.0,-9999.0,-9999.0,-9999.0,-9999.0,-9999.0,color,orientation,size,0.3400000000000001,-2.5,804,male,1,1056.0246858330029
2069,-9999.0,-9999.0,-9999.0,-9999.0,-9999.0,-9999.0,-9999.0,-9999.0,-9999.0,color,orientation,size,0.3400000000000001,-2.5,804,male,1,1056.0246858330029
2070,-9999.0,-9999.0,-9999.0,-9999.0,-9999.0,-9999.0,-9999.0,-9999.0,-9999.0,color,orientation,size,0.3400000000000001,-2.5,804,male,1,1056.0246858330029
2071,-9999.0,-9999.0,-9999.0,-9999.0,-9999.0,-9999.0,-9999.0,-9999.0,-9999.0,color,orientation,size,0.3400000000000001,-2.5,804,male,1,1056.0246858330029
2072,-9999.0,-9999.0,-9999.0,-9999.0,-9999.0,-9999.0,-9999.0,-9999.0,-9999.0,color,orientation,size,0.3400000000000001,-2.5,804,male,1,1056.0246858330029
2073,-9999.0,-9999.0,-9999.0,-9999.0,-9999.0,-9999.0,-9999.0,-9999.0,-9999.0,color,orientation,size,0.3400000000000001,-2.5,804,male,1,1056.0246858330029
2074,-9999.0,-9999.0,-9999.0,-9999.0,-9999.0,-9999.0,-9999.0,-9999.0,-9999.0,color,orientation,size,0.3400000000000001,-2.5,804,male,1,1056.0246858330029
2075,-9999.0,-9999.0,-9999.0,-9999.0,-9999.0,-9999.0,-9999.0,-9999.0,-9999.0,color,orientation,size,0.3400000000000001,-2.5,804,male,1,1056.0246858330029
2076,-9999.0,-9999.0,-9999.0,-9999.0,-9999.0,-9999.0,-9999.0,-9999.0,-9999.0,color,orientation,size,0.3400000000000001,-2.5,804,male,1,1056.0246858330029
2077,-9999.0,-9999.0,-9999.0,-9999.0,-9999.0,-9999.0,-9999.0,-9999.0,-9999.0,color,orientation,size,0.3400000000000001,-2.5,804,male,1,1056.0246858330029
2078,-9999.0,-9999.0,-9999.0,-9999.0,-9999.0,-9999.0,-9999.0,-9999.0,-9999.0,color,orientation,size,0.3400000000000001,-2.5,804,male,1,1056.0246858330029
2079,-9999.0,-9999.0,-9999.0,-9999.0,-9999.0,-9999.0,-9999.0,-9999.0,-9999.0,color,orientation,size,0.3400000000000001,-2.5,804,male,1,1056.0246858330029
2080,-9999.0,-9999.0,-9999.0,-9999.0,-9999.0,-9999.0,-9999.0,-9999.0,-9999.0,color,orientation,size,0.3400000000000001,-2.5,804,male,1,1056.0246858330029
2081,-9999.0,-9999.0,-9999.0,-9999.0,-9999.0,-9999.0,-9999.0,-9999.0,-9999.0,color,orientation,size,0.3400000000000001,-2.5,804,male,1,1056.0246858330029
2082,-9999.0,-9999.0,-9999.0,-9999.0,-9999.0,-9999.0,-9999.0,-9999.0,-9999.0,color,orientation,size,0.3400000000000001,-2.5,804,male,1,1056.0246858330029
2083,-9999.0,-9999.0,-9999.0,-9999.0,-9999.0,-9999.0,-9999.0,-9999.0,-9999.0,color,orientation,size,0.3400000000000001,-2.5,804,male,1,1056.0246858330029
2084,-9999.0,-9999.0,-9999.0,-9999.0,-9999.0,-9999.0,-9999.0,-9999.0,-9999.0,color,orientation,size,0.3400000000000001,-2.5,804,male,1,1056.0246858330029
2085,-9999.0,-9999.0,-9999.0,-9999.0,-9999.0,-9999.0,-9999.0,-9999.0,-9999.0,color,orientation,size,0.3400000000000001,-2.5,804,male,1,1056.0246858330029
2086,-9999.0,-9999.0,-9999.0,-9999.0,-9999.0,-9999.0,-9999.0,-9999.0,-9999.0,color,orientation,size,0.3400000000000001,-2.5,804,male,1,1056.0246858330029
2087,-9999.0,-9999.0,-9999.0,-9999.0,-9999.0,-9999.0,-9999.0,-9999.0,-9999.0,color,orientation,size,0.3400000000000001,-2.5,804,male,1,1056.0246858330029
2088,-9999.0,-9999.0,-9999.0,-9999.0,-9999.0,-9999.0,-9999.0,-9999.0,-9999.0,color,orientation,size,0.3400000000000001,-2.5,804,male,1,1056.0246858330029
2089,-9999.0,-9999.0,-9999.0,-9999.0,-9999.0,-9999.0,-9999.0,-9999.0,-9999.0,color,orientation,size,0.3400000000000001,-2.5,804,male,1,1056.0246858330029
2090,-9999.0,-9999.0,-9999.0,-9999.0,-9999.0,-9999.0,-9999.0,-9999.0,-9999.0,color,orientation,size,0.3400000000000001,-2.5,804,male,1,1056.0246858330029
2091,-9999.0,-9999.0,-9999.0,-9999.0,-9999.0,-9999.0,-9999.0,-9999.0,-9999.0,color,orientation,size,0.3400000000000001,-2.5,804,male,1,1056.0246858330029
2092,-9999.0,-9999.0,-9999.0,-9999.0,-9999.0,-9999.0,-9999.0,-9999.0,-9999.0,color,orientation,size,0.3400000000000001,-2.5,804,male,1,1056.0246858330029
2093,-9999.0,-9999.0,-9999.0,-9999.0,-9999.0,-9999.0,-9999.0,-9999.0,-9999.0,color,orientation,size,0.3400000000000001,-2.5,804,male,1,1056.0246858330029
2094,-9999.0,-9999.0,-9999.0,-9999.0,-9999.0,-9999.0,-9999.0,-9999.0,-9999.0,color,orientation,size,0.3400000000000001,-2.5,804,male,1,1056.0246858330029
2095,-9999.0,-9999.0,-9999.0,-9999.0,-9999.0,-9999.0,-9999.0,-9999.0,-9999.0,color,orientation,size,0.3400000000000001,-2.5,804,male,1,1056.0246858330029
2096,-9999.0,-9999.0,-9999.0,-9999.0,-9999.0,-9999.0,-9999.0,-9999.0,-9999.0,color,orientation,size,0.3400000000000001,-2.5,804,male,1,1056.0246858330029
2097,-9999.0,-9999.0,-9999.0,-9999.0,-9999.0,-9999.0,-9999.0,-9999.0,-9999.0,color,orientation,size,0.3400000000000001,-2.5,804,male,1,1056.0246858330029
2098,-9999.0,-9999.0,-9999.0,-9999.0,-9999.0,-9999.0,-9999.0,-9999.0,-9999.0,color,orientation,size,0.3400000000000001,-2.5,804,male,1,1056.0246858330029
2099,-9999.0,-9999.0,-9999.0,-9999.0,-9999.0,-9999.0,-9999.0,-9999.0,-9999.0,color,orientation,size,0.3400000000000001,-2.5,804,male,1,1056.0246858330029
2100,-9999.0,-9999.0,-9999.0,-9999.0,-9999.0,-9999.0,-9999.0,-9999.0,-9999.0,color,orientation,size,0.3400000000000001,-2.5,804,male,1,1056.0246858330029
2101,-9999.0,-9999.0,-9999.0,-9999.0,-9999.0,-9999.0,-9999.0,-9999.0,-9999.0,color,orientation,size,0.3400000000000001,-2.5,804,male,1,1056.0246858330029
2102,-9999.0,-9999.0,-9999.0,-9999.0,-9999.0,-9999.0,-9999.0,-9999.0,-9999.0,color,orientation,size,0.3400000000000001,-2.5,804,male,1,1056.0246858330029
2103,-9999.0,-9999.0,-9999.0,-9999.0,-9999.0,-9999.0,-9999.0,-9999.0,-9999.0,color,orientation,size,0.3400000000000001,-2.5,804,male,1,1056.0246858330029
2104,-9999.0,-9999.0,-9999.0,-9999.0,-9999.0,-9999.0,-9999.0,-9999.0,-9999.0,color,orientation,size,0.3400000000000001,-2.5,804,male,1,1056.0246858330029
2105,-9999.0,-9999.0,-9999.0,-9999.0,-9999.0,-9999.0,-9999.0,-9999.0,-9999.0,color,orientation,size,0.3400000000000001,-2.5,804,male,1,1056.0246858330029
2106,-9999.0,-9999.0,-9999.0,-9999.0,-9999.0,-9999.0,-9999.0,-9999.0,-9999.0,color,orientation,size,0.3400000000000001,-2.5,804,male,1,1056.0246858330029
2107,-9999.0,-9999.0,-9999.0,-9999.0,-9999.0,-9999.0,-9999.0,-9999.0,-9999.0,color,orientation,size,0.3400000000000001,-2.5,804,male,1,1056.0246858330029
2108,-9999.0,-9999.0,-9999.0,-9999.0,-9999.0,-9999.0,-9999.0,-9999.0,-9999.0,color,orientation,size,0.3400000000000001,-2.5,804,male,1,1056.0246858330029
2109,-9999.0,-9999.0,-9999.0,-9999.0,-9999.0,-9999.0,-9999.0,-9999.0,-9999.0,color,orientation,size,0.3400000000000001,-2.5,804,male,1,1056.0246858330029
2110,-9999.0,-9999.0,-9999.0,-9999.0,-9999.0,-9999.0,-9999.0,-9999.0,-9999.0,color,orientation,size,0.3400000000000001,-2.5,804,male,1,1056.0246858330029
2111,-9999.0,-9999.0,-9999.0,-9999.0,-9999.0,-9999.0,-9999.0,-9999.0,-9999.0,color,orientation,size,0.3400000000000001,-2.5,804,male,1,1056.0246858330029
2112,-9999.0,-9999.0,-9999.0,-9999.0,-9999.0,-9999.0,-9999.0,-9999.0,-9999.0,color,orientation,size,0.3400000000000001,-2.5,804,male,1,1056.0246858330029
2113,-9999.0,-9999.0,-9999.0,-9999.0,-9999.0,-9999.0,-9999.0,-9999.0,-9999.0,color,orientation,size,0.3400000000000001,-2.5,804,male,1,1056.0246858330029
2114,-9999.0,-9999.0,-9999.0,-9999.0,-9999.0,-9999.0,-9999.0,-9999.0,-9999.0,color,orientation,size,0.3400000000000001,-2.5,804,male,1,1056.0246858330029
2115,-9999.0,-9999.0,-9999.0,-9999.0,-9999.0,-9999.0,-9999.0,-9999.0,-9999.0,color,orientation,size,0.3400000000000001,-2.5,804,male,1,1056.0246858330029
2116,-9999.0,-9999.0,-9999.0,-9999.0,-9999.0,-9999.0,-9999.0,-9999.0,-9999.0,color,orientation,size,0.3400000000000001,-2.5,804,male,1,1056.0246858330029
2117,-9999.0,-9999.0,-9999.0,-9999.0,-9999.0,-9999.0,-9999.0,-9999.0,-9999.0,color,orientation,size,0.3400000000000001,-2.5,804,male,1,1056.0246858330029
2118,-9999.0,-9999.0,-9999.0,-9999.0,-9999.0,-9999.0,-9999.0,-9999.0,-9999.0,color,orientation,size,0.3400000000000001,-2.5,804,male,1,1056.0246858330029
2119,-9999.0,-9999.0,-9999.0,-9999.0,-9999.0,-9999.0,-9999.0,-9999.0,-9999.0,color,orientation,size,0.3400000000000001,-2.5,804,male,1,1056.0246858330029
2120,-9999.0,-9999.0,-9999.0,-9999.0,-9999.0,-9999.0,-9999.0,-9999.0,-9999.0,color,orientation,size,0.3400000000000001,-2.5,804,male,1,1056.0246858330029
2121,-9999.0,-9999.0,-9999.0,-9999.0,-9999.0,-9999.0,-9999.0,-9999.0,-9999.0,color,orientation,size,0.3400000000000001,-2.5,804,male,1,1056.0246858330029
2122,-9999.0,-9999.0,-9999.0,-9999.0,-9999.0,-9999.0,-9999.0,-9999.0,-9999.0,color,orientation,size,0.3400000000000001,-2.5,804,male,1,1056.0246858330029
2123,-9999.0,-9999.0,-9999.0,-9999.0,-9999.0,-9999.0,-9999.0,-9999.0,-9999.0,color,orientation,size,0.3400000000000001,-2.5,804,male,1,1056.0246858330029
2124,-9999.0,-9999.0,-9999.0,-9999.0,-9999.0,-9999.0,-9999.0,-9999.0,-9999.0,color,orientation,size,0.3400000000000001,-2.5,804,male,1,1056.0246858330029
2125,-9999.0,-9999.0,-9999.0,-9999.0,-9999.0,-9999.0,-9999.0,-9999.0,-9999.0,color,orientation,size,0.3400000000000001,-2.5,804,male,1,1056.0246858330029
2126,-9999.0,-9999.0,-9999.0,-9999.0,-9999.0,-9999.0,-9999.0,-9999.0,-9999.0,color,orientation,size,0.3400000000000001,-2.5,804,male,1,1056.0246858330029
2127,-9999.0,-9999.0,-9999.0,-9999.0,-9999.0,-9999.0,-9999.0,-9999.0,-9999.0,color,orientation,size,0.3400000000000001,-2.5,804,male,1,1056.0246858330029
2128,-9999.0,-9999.0,-9999.0,-9999.0,-9999.0,-9999.0,-9999.0,-9999.0,-9999.0,color,orientation,size,0.3400000000000001,-2.5,804,male,1,1056.0246858330029
2129,-9999.0,-9999.0,-9999.0,-9999.0,-9999.0,-9999.0,-9999.0,-9999.0,-9999.0,color,orientation,size,0.3400000000000001,-2.5,804,male,1,1056.0246858330029
2130,-9999.0,-9999.0,-9999.0,-9999.0,-9999.0,-9999.0,-9999.0,-9999.0,-9999.0,color,orientation,size,0.3400000000000001,-2.5,804,male,1,1056.0246858330029
2131,-9999.0,-9999.0,-9999.0,-9999.0,-9999.0,-9999.0,-9999.0,-9999.0,-9999.0,color,orientation,size,0.3400000000000001,-2.5,804,male,1,1056.0246858330029
2132,-9999.0,-9999.0,-9999.0,-9999.0,-9999.0,-9999.0,-9999.0,-9999.0,-9999.0,color,orientation,size,0.3400000000000001,-2.5,804,male,1,1056.0246858330029
2133,-9999.0,-9999.0,-9999.0,-9999.0,-9999.0,-9999.0,-9999.0,-9999.0,-9999.0,color,orientation,size,0.3400000000000001,-2.5,804,male,1,1056.0246858330029
2134,-9999.0,-9999.0,-9999.0,-9999.0,-9999.0,-9999.0,-9999.0,-9999.0,-9999.0,color,orientation,size,0.3400000000000001,-2.5,804,male,1,1056.0246858330029
2135,-9999.0,-9999.0,-9999.0,-9999.0,-9999.0,-9999.0,-9999.0,-9999.0,-9999.0,color,orientation,size,0.3400000000000001,-2.5,804,male,1,1056.0246858330029
2136,-9999.0,-9999.0,-9999.0,-9999.0,-9999.0,-9999.0,-9999.0,-9999.0,-9999.0,color,orientation,size,0.3400000000000001,-2.5,804,male,1,1056.0246858330029
2137,-9999.0,-9999.0,-9999.0,-9999.0,-9999.0,-9999.0,-9999.0,-9999.0,-9999.0,color,orientation,size,0.3400000000000001,-2.5,804,male,1,1056.0246858330029
2138,-9999.0,-9999.0,-9999.0,-9999.0,-9999.0,-9999.0,-9999.0,-9999.0,-9999.0,color,orientation,size,0.3400000000000001,-2.5,804,male,1,1056.0246858330029
2139,-9999.0,-9999.0,-9999.0,-9999.0,-9999.0,-9999.0,-9999.0,-9999.0,-9999.0,color,orientation,size,0.3400000000000001,-2.5,804,male,1,1056.0246858330029
2140,-9999.0,-9999.0,-9999.0,-9999.0,-9999.0,-9999.0,-9999.0,-9999.0,-9999.0,color,orientation,size,0.3400000000000001,-2.5,804,male,1,1056.0246858330029
2141,-9999.0,-9999.0,-9999.0,-9999.0,-9999.0,-9999.0,-9999.0,-9999.0,-9999.0,color,orientation,size,0.3400000000000001,-2.5,804,male,1,1056.0246858330029
2142,-9999.0,-9999.0,-9999.0,-9999.0,-9999.0,-9999.0,-9999.0,-9999.0,-9999.0,color,orientation,size,0.3400000000000001,-2.5,804,male,1,1056.0246858330029
2143,-9999.0,-9999.0,-9999.0,-9999.0,-9999.0,-9999.0,-9999.0,-9999.0,-9999.0,color,orientation,size,0.3400000000000001,-2.5,804,male,1,1056.0246858330029
2144,-9999.0,-9999.0,-9999.0,-9999.0,-9999.0,-9999.0,-9999.0,-9999.0,-9999.0,color,orientation,size,0.3400000000000001,-2.5,804,male,1,1056.0246858330029
2145,-9999.0,-9999.0,-9999.0,-9999.0,-9999.0,-9999.0,-9999.0,-9999.0,-9999.0,color,orientation,size,0.3400000000000001,-2.5,804,male,1,1056.0246858330029
2146,-9999.0,-9999.0,-9999.0,-9999.0,-9999.0,-9999.0,-9999.0,-9999.0,-9999.0,color,orientation,size,0.3400000000000001,-2.5,804,male,1,1056.0246858330029
2147,-9999.0,-9999.0,-9999.0,-9999.0,-9999.0,-9999.0,-9999.0,-9999.0,-9999.0,color,orientation,size,0.3400000000000001,-2.5,804,male,1,1056.0246858330029
2148,-9999.0,-9999.0,-9999.0,-9999.0,-9999.0,-9999.0,-9999.0,-9999.0,-9999.0,color,orientation,size,0.3400000000000001,-2.5,804,male,1,1056.0246858330029
2149,-9999.0,-9999.0,-9999.0,-9999.0,-9999.0,-9999.0,-9999.0,-9999.0,-9999.0,color,orientation,size,0.3400000000000001,-2.5,804,male,1,1056.0246858330029
2150,-9999.0,-9999.0,-9999.0,-9999.0,-9999.0,-9999.0,-9999.0,-9999.0,-9999.0,color,orientation,size,0.3400000000000001,-2.5,804,male,1,1056.0246858330029
2151,-9999.0,-9999.0,-9999.0,-9999.0,-9999.0,-9999.0,-9999.0,-9999.0,-9999.0,color,orientation,size,0.3400000000000001,-2.5,804,male,1,1056.0246858330029
2152,-9999.0,-9999.0,-9999.0,-9999.0,-9999.0,-9999.0,-9999.0,-9999.0,-9999.0,color,orientation,size,0.3400000000000001,-2.5,804,male,1,1056.0246858330029
2153,-9999.0,-9999.0,-9999.0,-9999.0,-9999.0,-9999.0,-9999.0,-9999.0,-9999.0,color,orientation,size,0.3400000000000001,-2.5,804,male,1,1056.0246858330029
2154,-9999.0,-9999.0,-9999.0,-9999.0,-9999.0,-9999.0,-9999.0,-9999.0,-9999.0,color,orientation,size,0.3400000000000001,-2.5,804,male,1,1056.0246858330029
2155,-9999.0,-9999.0,-9999.0,-9999.0,-9999.0,-9999.0,-9999.0,-9999.0,-9999.0,color,orientation,size,0.3400000000000001,-2.5,804,male,1,1056.0246858330029
2156,-9999.0,-9999.0,-9999.0,-9999.0,-9999.0,-9999.0,-9999.0,-9999.0,-9999.0,color,orientation,size,0.3400000000000001,-2.5,804,male,1,1056.0246858330029
2157,-9999.0,-9999.0,-9999.0,-9999.0,-9999.0,-9999.0,-9999.0,-9999.0,-9999.0,color,orientation,size,0.3400000000000001,-2.5,804,male,1,1056.0246858330029
2158,-9999.0,-9999.0,-9999.0,-9999.0,-9999.0,-9999.0,-9999.0,-9999.0,-9999.0,color,orientation,size,0.3400000000000001,-2.5,804,male,1,1056.0246858330029
2159,-9999.0,-9999.0,-9999.0,-9999.0,-9999.0,-9999.0,-9999.0,-9999.0,-9999.0,color,orientation,size,0.3400000000000001,-2.5,804,male,1,1056.0246858330029
2160,-9999.0,-9999.0,-9999.0,-9999.0,-9999.0,-9999.0,-9999.0,-9999.0,-9999.0,color,orientation,size,0.3400000000000001,-2.5,804,male,1,1056.0246858330029
2161,-9999.0,-9999.0,-9999.0,-9999.0,-9999.0,-9999.0,-9999.0,-9999.0,-9999.0,color,orientation,size,0.3400000000000001,-2.5,804,male,1,1056.0246858330029
2162,-9999.0,-9999.0,-9999.0,-9999.0,-9999.0,-9999.0,-9999.0,-9999.0,-9999.0,color,orientation,size,0.3400000000000001,-2.5,804,male,1,1056.0246858330029
2163,-9999.0,-9999.0,-9999.0,-9999.0,-9999.0,-9999.0,-9999.0,-9999.0,-9999.0,color,orientation,size,0.3400000000000001,-2.5,804,male,1,1056.0246858330029
2164,-9999.0,-9999.0,-9999.0,-9999.0,-9999.0,-9999.0,-9999.0,-9999.0,-9999.0,color,orientation,size,0.3400000000000001,-2.5,804,male,1,1056.0246858330029
2165,-9999.0,-9999.0,-9999.0,-9999.0,-9999.0,-9999.0,-9999.0,-9999.0,-9999.0,color,orientation,size,0.3400000000000001,-2.5,804,male,1,1056.0246858330029
2166,-9999.0,-9999.0,-9999.0,-9999.0,-9999.0,-9999.0,-9999.0,-9999.0,-9999.0,color,orientation,size,0.3400000000000001,-2.5,804,male,1,1056.0246858330029
2167,-9999.0,-9999.0,-9999.0,-9999.0,-9999.0,-9999.0,-9999.0,-9999.0,-9999.0,color,orientation,size,0.3400000000000001,-2.5,804,male,1,1056.0246858330029
2168,-9999.0,-9999.0,-9999.0,-9999.0,-9999.0,-9999.0,-9999.0,-9999.0,-9999.0,color,orientation,size,0.3400000000000001,-2.5,804,male,1,1056.0246858330029
2169,-9999.0,-9999.0,-9999.0,-9999.0,-9999.0,-9999.0,-9999.0,-9999.0,-9999.0,color,orientation,size,0.3400000000000001,-2.5,804,male,1,1056.0246858330029
2170,-9999.0,-9999.0,-9999.0,-9999.0,-9999.0,-9999.0,-9999.0,-9999.0,-9999.0,color,orientation,size,0.3400000000000001,-2.5,804,male,1,1056.0246858330029
2171,-9999.0,-9999.0,-9999.0,-9999.0,-9999.0,-9999.0,-9999.0,-9999.0,-9999.0,color,orientation,size,0.3400000000000001,-2.5,804,male,1,1056.0246858330029
2172,-9999.0,-9999.0,-9999.0,-9999.0,-9999.0,-9999.0,-9999.0,-9999.0,-9999.0,color,orientation,size,0.3400000000000001,-2.5,804,male,1,1056.0246858330029
2173,-9999.0,-9999.0,-9999.0,-9999.0,-9999.0,-9999.0,-9999.0,-9999.0,-9999.0,color,orientation,size,0.3400000000000001,-2.5,804,male,1,1056.0246858330029
2174,-9999.0,-9999.0,-9999.0,-9999.0,-9999.0,-9999.0,-9999.0,-9999.0,-9999.0,color,orientation,size,0.3400000000000001,-2.5,804,male,1,1056.0246858330029
2175,-9999.0,-9999.0,-9999.0,-9999.0,-9999.0,-9999.0,-9999.0,-9999.0,-9999.0,color,orientation,size,0.3400000000000001,-2.5,804,male,1,1056.0246858330029
2176,-9999.0,-9999.0,-9999.0,-9999.0,-9999.0,-9999.0,-9999.0,-9999.0,-9999.0,color,orientation,size,0.3400000000000001,-2.5,804,male,1,1056.0246858330029
2177,-9999.0,-9999.0,-9999.0,-9999.0,-9999.0,-9999.0,-9999.0,-9999.0,-9999.0,color,orientation,size,0.3400000000000001,-2.5,804,male,1,1056.0246858330029
2178,-9999.0,-9999.0,-9999.0,-9999.0,-9999.0,-9999.0,-9999.0,-9999.0,-9999.0,color,orientation,size,0.3400000000000001,-2.5,804,male,1,1056.0246858330029
2179,-9999.0,-9999.0,-9999.0,-9999.0,-9999.0,-9999.0,-9999.0,-9999.0,-9999.0,color,orientation,size,0.3400000000000001,-2.5,804,male,1,1056.0246858330029
2180,-9999.0,-9999.0,-9999.0,-9999.0,-9999.0,-9999.0,-9999.0,-9999.0,-9999.0,color,orientation,size,0.3400000000000001,-2.5,804,male,1,1056.0246858330029
2181,-9999.0,-9999.0,-9999.0,-9999.0,-9999.0,-9999.0,-9999.0,-9999.0,-9999.0,color,orientation,size,0.3400000000000001,-2.5,804,male,1,1056.0246858330029
2182,-9999.0,-9999.0,-9999.0,-9999.0,-9999.0,-9999.0,-9999.0,-9999.0,-9999.0,color,orientation,size,0.3400000000000001,-2.5,804,male,1,1056.0246858330029
2183,-9999.0,-9999.0,-9999.0,-9999.0,-9999.0,-9999.0,-9999.0,-9999.0,-9999.0,color,orientation,size,0.3400000000000001,-2.5,804,male,1,1056.0246858330029
2184,-9999.0,-9999.0,-9999.0,-9999.0,-9999.0,-9999.0,-9999.0,-9999.0,-9999.0,color,orientation,size,0.3400000000000001,-2.5,804,male,1,1056.0246858330029
2185,-9999.0,-9999.0,-9999.0,-9999.0,-9999.0,-9999.0,-9999.0,-9999.0,-9999.0,color,orientation,size,0.3400000000000001,-2.5,804,male,1,1056.0246858330029
2186,-9999.0,-9999.0,-9999.0,-9999.0,-9999.0,-9999.0,-9999.0,-9999.0,-9999.0,color,orientation,size,0.3400000000000001,-2.5,804,male,1,1056.0246858330029
2187,-9999.0,-9999.0,-9999.0,-9999.0,-9999.0,-9999.0,-9999.0,-9999.0,-9999.0,color,orientation,size,0.3400000000000001,-2.5,804,male,1,1056.0246858330029
2188,-9999.0,-9999.0,-9999.0,-9999.0,-9999.0,-9999.0,-9999.0,-9999.0,-9999.0,color,orientation,size,0.3400000000000001,-2.5,804,male,1,1056.0246858330029
2189,-9999.0,-9999.0,-9999.0,-9999.0,-9999.0,-9999.0,-9999.0,-9999.0,-9999.0,color,orientation,size,0.3400000000000001,-2.5,804,male,1,1056.0246858330029
2190,-9999.0,-9999.0,-9999.0,-9999.0,-9999.0,-9999.0,-9999.0,-9999.0,-9999.0,color,orientation,size,0.3400000000000001,-2.5,804,male,1,1056.0246858330029
2191,-9999.0,-9999.0,-9999.0,-9999.0,-9999.0,-9999.0,-9999.0,-9999.0,-9999.0,color,orientation,size,0.3400000000000001,-2.5,804,male,1,1056.0246858330029
2192,-9999.0,-9999.0,-9999.0,-9999.0,-9999.0,-9999.0,-9999.0,-9999.0,-9999.0,color,orientation,size,0.3400000000000001,-2.5,804,male,1,1056.0246858330029
2193,-9999.0,-9999.0,-9999.0,-9999.0,-9999.0,-9999.0,-9999.0,-9999.0,-9999.0,color,orientation,size,0.3400000000000001,-2.5,804,male,1,1056.0246858330029
2194,-9999.0,-9999.0,-9999.0,-9999.0,-9999.0,-9999.0,-9999.0,-9999.0,-9999.0,color,orientation,size,0.3400000000000001,-2.5,804,male,1,1056.0246858330029
2195,-9999.0,-9999.0,-9999.0,-9999.0,-9999.0,-9999.0,-9999.0,-9999.0,-9999.0,color,orientation,size,0.3400000000000001,-2.5,804,male,1,1056.0246858330029
2196,-9999.0,-9999.0,-9999.0,-9999.0,-9999.0,-9999.0,-9999.0,-9999.0,-9999.0,color,orientation,size,0.3400000000000001,-2.5,804,male,1,1056.0246858330029
2197,-9999.0,-9999.0,-9999.0,-9999.0,-9999.0,-9999.0,-9999.0,-9999.0,-9999.0,color,orientation,size,0.3400000000000001,-2.5,804,male,1,1056.0246858330029
2198,-9999.0,-9999.0,-9999.0,-9999.0,-9999.0,-9999.0,-9999.0,-9999.0,-9999.0,color,orientation,size,0.3400000000000001,-2.5,804,male,1,1056.0246858330029
2199,-9999.0,-9999.0,-9999.0,-9999.0,-9999.0,-9999.0,-9999.0,-9999.0,-9999.0,color,orientation,size,0.3400000000000001,-2.5,804,male,1,1056.0246858330029
2200,-9999.0,-9999.0,-9999.0,-9999.0,-9999.0,-9999.0,-9999.0,-9999.0,-9999.0,color,orientation,size,0.3400000000000001,-2.5,804,male,1,1056.0246858330029
2201,-9999.0,-9999.0,-9999.0,-9999.0,-9999.0,-9999.0,-9999.0,-9999.0,-9999.0,color,orientation,size,0.3400000000000001,-2.5,804,male,1,1056.0246858330029
2202,-9999.0,-9999.0,-9999.0,-9999.0,-9999.0,-9999.0,-9999.0,-9999.0,-9999.0,color,orientation,size,0.3400000000000001,-2.5,804,male,1,1056.0246858330029
2203,-9999.0,-9999.0,-9999.0,-9999.0,-9999.0,-9999.0,-9999.0,-9999.0,-9999.0,color,orientation,size,0.3400000000000001,-2.5,804,male,1,1056.0246858330029
2204,-9999.0,-9999.0,-9999.0,-9999.0,-9999.0,-9999.0,-9999.0,-9999.0,-9999.0,color,orientation,size,0.3400000000000001,-2.5,804,male,1,1056.0246858330029
2205,-9999.0,-9999.0,-9999.0,-9999.0,-9999.0,-9999.0,-9999.0,-9999.0,-9999.0,color,orientation,size,0.3400000000000001,-2.5,804,male,1,1056.0246858330029
2206,-9999.0,-9999.0,-9999.0,-9999.0,-9999.0,-9999.0,-9999.0,-9999.0,-9999.0,color,orientation,size,0.3400000000000001,-2.5,804,male,1,1056.0246858330029
2207,-9999.0,-9999.0,-9999.0,-9999.0,-9999.0,-9999.0,-9999.0,-9999.0,-9999.0,color,orientation,size,0.3400000000000001,-2.5,804,male,1,1056.0246858330029
2208,-9999.0,-9999.0,-9999.0,-9999.0,-9999.0,-9999.0,-9999.0,-9999.0,-9999.0,color,orientation,size,0.3400000000000001,-2.5,804,male,1,1056.0246858330029
2209,-9999.0,-9999.0,-9999.0,-9999.0,-9999.0,-9999.0,-9999.0,-9999.0,-9999.0,color,orientation,size,0.3400000000000001,-2.5,804,male,1,1056.0246858330029
2210,-9999.0,-9999.0,-9999.0,-9999.0,-9999.0,-9999.0,-9999.0,-9999.0,-9999.0,color,orientation,size,0.3400000000000001,-2.5,804,male,1,1056.0246858330029
2211,-9999.0,-9999.0,-9999.0,-9999.0,-9999.0,-9999.0,-9999.0,-9999.0,-9999.0,color,orientation,size,0.3400000000000001,-2.5,804,male,1,1056.0246858330029
2212,-9999.0,-9999.0,-9999.0,-9999.0,-9999.0,-9999.0,-9999.0,-9999.0,-9999.0,color,orientation,size,0.3400000000000001,-2.5,804,male,1,1056.0246858330029
2213,-9999.0,-9999.0,-9999.0,-9999.0,-9999.0,-9999.0,-9999.0,-9999.0,-9999.0,color,orientation,size,0.3400000000000001,-2.5,804,male,1,1056.0246858330029
2214,-9999.0,-9999.0,-9999.0,-9999.0,-9999.0,-9999.0,-9999.0,-9999.0,-9999.0,color,orientation,size,0.3400000000000001,-2.5,804,male,1,1056.0246858330029
2215,-9999.0,-9999.0,-9999.0,-9999.0,-9999.0,-9999.0,-9999.0,-9999.0,-9999.0,color,orientation,size,0.3400000000000001,-2.5,804,male,1,1056.0246858330029
2216,-9999.0,-9999.0,-9999.0,-9999.0,-9999.0,-9999.0,-9999.0,-9999.0,-9999.0,color,orientation,size,0.3400000000000001,-2.5,804,male,1,1056.0246858330029
2217,-9999.0,-9999.0,-9999.0,-9999.0,-9999.0,-9999.0,-9999.0,-9999.0,-9999.0,color,orientation,size,0.3400000000000001,-2.5,804,male,1,1056.0246858330029
2218,-9999.0,-9999.0,-9999.0,-9999.0,-9999.0,-9999.0,-9999.0,-9999.0,-9999.0,color,orientation,size,0.3400000000000001,-2.5,804,male,1,1056.0246858330029
2219,-9999.0,-9999.0,-9999.0,-9999.0,-9999.0,-9999.0,-9999.0,-9999.0,-9999.0,color,orientation,size,0.3400000000000001,-2.5,804,male,1,1056.0246858330029
2220,-9999.0,-9999.0,-9999.0,-9999.0,-9999.0,-9999.0,-9999.0,-9999.0,-9999.0,color,orientation,size,0.3400000000000001,-2.5,804,male,1,1056.0246858330029
2221,-9999.0,-9999.0,-9999.0,-9999.0,-9999.0,-9999.0,-9999.0,-9999.0,-9999.0,color,orientation,size,0.3400000000000001,-2.5,804,male,1,1056.0246858330029
2222,-9999.0,-9999.0,-9999.0,-9999.0,-9999.0,-9999.0,-9999.0,-9999.0,-9999.0,color,orientation,size,0.3400000000000001,-2.5,804,male,1,1056.0246858330029
2223,-9999.0,-9999.0,-9999.0,-9999.0,-9999.0,-9999.0,-9999.0,-9999.0,-9999.0,color,orientation,size,0.3400000000000001,-2.5,804,male,1,1056.0246858330029
2224,-9999.0,-9999.0,-9999.0,-9999.0,-9999.0,-9999.0,-9999.0,-9999.0,-9999.0,color,orientation,size,0.3400000000000001,-2.5,804,male,1,1056.0246858330029
2225,-9999.0,-9999.0,-9999.0,-9999.0,-9999.0,-9999.0,-9999.0,-9999.0,-9999.0,color,orientation,size,0.3400000000000001,-2.5,804,male,1,1056.0246858330029
2226,-9999.0,-9999.0,-9999.0,-9999.0,-9999.0,-9999.0,-9999.0,-9999.0,-9999.0,color,orientation,size,0.3400000000000001,-2.5,804,male,1,1056.0246858330029
2227,-9999.0,-9999.0,-9999.0,-9999.0,-9999.0,-9999.0,-9999.0,-9999.0,-9999.0,color,orientation,size,0.3400000000000001,-2.5,804,male,1,1056.0246858330029
2228,-9999.0,-9999.0,-9999.0,-9999.0,-9999.0,-9999.0,-9999.0,-9999.0,-9999.0,color,orientation,size,0.3400000000000001,-2.5,804,male,1,1056.0246858330029
2229,-9999.0,-9999.0,-9999.0,-9999.0,-9999.0,-9999.0,-9999.0,-9999.0,-9999.0,color,orientation,size,0.3400000000000001,-2.5,804,male,1,1056.0246858330029
2230,-9999.0,-9999.0,-9999.0,-9999.0,-9999.0,-9999.0,-9999.0,-9999.0,-9999.0,color,orientation,size,0.3400000000000001,-2.5,804,male,1,1056.0246858330029
2231,-9999.0,-9999.0,-9999.0,-9999.0,-9999.0,-9999.0,-9999.0,-9999.0,-9999.0,color,orientation,size,0.3400000000000001,-2.5,804,male,1,1056.0246858330029
2232,-9999.0,-9999.0,-9999.0,-9999.0,-9999.0,-9999.0,-9999.0,-9999.0,-9999.0,color,orientation,size,0.3400000000000001,-2.5,804,male,1,1056.0246858330029
2233,-9999.0,-9999.0,-9999.0,-9999.0,-9999.0,-9999.0,-9999.0,-9999.0,-9999.0,color,orientation,size,0.3400000000000001,-2.5,804,male,1,1056.0246858330029
2234,-9999.0,-9999.0,-9999.0,-9999.0,-9999.0,-9999.0,-9999.0,-9999.0,-9999.0,color,orientation,size,0.3400000000000001,-2.5,804,male,1,1056.0246858330029
2235,-9999.0,-9999.0,-9999.0,-9999.0,-9999.0,-9999.0,-9999.0,-9999.0,-9999.0,color,orientation,size,0.3400000000000001,-2.5,804,male,1,1056.0246858330029
2236,-9999.0,-9999.0,-9999.0,-9999.0,-9999.0,-9999.0,-9999.0,-9999.0,-9999.0,color,orientation,size,0.3400000000000001,-2.5,804,male,1,1056.0246858330029
2237,-9999.0,-9999.0,-9999.0,-9999.0,-9999.0,-9999.0,-9999.0,-9999.0,-9999.0,color,orientation,size,0.3400000000000001,-2.5,804,male,1,1056.0246858330029
2238,-9999.0,-9999.0,-9999.0,-9999.0,-9999.0,-9999.0,-9999.0,-9999.0,-9999.0,color,orientation,size,0.3400000000000001,-2.5,804,male,1,1056.0246858330029
2239,-9999.0,-9999.0,-9999.0,-9999.0,-9999.0,-9999.0,-9999.0,-9999.0,-9999.0,color,orientation,size,0.3400000000000001,-2.5,804,male,1,1056.0246858330029
2240,-9999.0,-9999.0,-9999.0,-9999.0,-9999.0,-9999.0,-9999.0,-9999.0,-9999.0,color,orientation,size,0.3400000000000001,-2.5,804,male,1,1056.0246858330029
2241,-9999.0,-9999.0,-9999.0,-9999.0,-9999.0,-9999.0,-9999.0,-9999.0,-9999.0,color,orientation,size,0.3400000000000001,-2.5,804,male,1,1056.0246858330029
2242,-9999.0,-9999.0,-9999.0,-9999.0,-9999.0,-9999.0,-9999.0,-9999.0,-9999.0,color,orientation,size,0.3400000000000001,-2.5,804,male,1,1056.0246858330029
2243,-9999.0,-9999.0,-9999.0,-9999.0,-9999.0,-9999.0,-9999.0,-9999.0,-9999.0,color,orientation,size,0.3400000000000001,-2.5,804,male,1,1056.0246858330029
2244,-9999.0,-9999.0,-9999.0,-9999.0,-9999.0,-9999.0,-9999.0,-9999.0,-9999.0,color,orientation,size,0.3400000000000001,-2.5,804,male,1,1056.0246858330029
2245,-9999.0,-9999.0,-9999.0,-9999.0,-9999.0,-9999.0,-9999.0,-9999.0,-9999.0,color,orientation,size,0.3400000000000001,-2.5,804,male,1,1056.0246858330029
2246,-9999.0,-9999.0,-9999.0,-9999.0,-9999.0,-9999.0,-9999.0,-9999.0,-9999.0,color,orientation,size,0.3400000000000001,-2.5,804,male,1,1056.0246858330029
2247,-9999.0,-9999.0,-9999.0,-9999.0,-9999.0,-9999.0,-9999.0,-9999.0,-9999.0,color,orientation,size,0.3400000000000001,-2.5,804,male,1,1056.0246858330029
2248,-9999.0,-9999.0,-9999.0,-9999.0,-9999.0,-9999.0,-9999.0,-9999.0,-9999.0,color,orientation,size,0.3400000000000001,-2.5,804,male,1,1056.0246858330029
2249,-9999.0,-9999.0,-9999.0,-9999.0,-9999.0,-9999.0,-9999.0,-9999.0,-9999.0,color,orientation,size,0.3400000000000001,-2.5,804,male,1,1056.0246858330029
2250,-9999.0,-9999.0,-9999.0,-9999.0,-9999.0,-9999.0,-9999.0,-9999.0,-9999.0,color,orientation,size,0.3400000000000001,-2.5,804,male,1,1056.0246858330029
2251,-9999.0,-9999.0,-9999.0,-9999.0,-9999.0,-9999.0,-9999.0,-9999.0,-9999.0,color,orientation,size,0.3400000000000001,-2.5,804,male,1,1056.0246858330029
2252,-9999.0,-9999.0,-9999.0,-9999.0,-9999.0,-9999.0,-9999.0,-9999.0,-9999.0,color,orientation,size,0.3400000000000001,-2.5,804,male,1,1056.0246858330029
2253,-9999.0,-9999.0,-9999.0,-9999.0,-9999.0,-9999.0,-9999.0,-9999.0,-9999.0,color,orientation,size,0.3400000000000001,-2.5,804,male,1,1056.0246858330029
2254,-9999.0,-9999.0,-9999.0,-9999.0,-9999.0,-9999.0,-9999.0,-9999.0,-9999.0,color,orientation,size,0.3400000000000001,-2.5,804,male,1,1056.0246858330029
2255,-9999.0,-9999.0,-9999.0,-9999.0,-9999.0,-9999.0,-9999.0,-9999.0,-9999.0,color,orientation,size,0.3400000000000001,-2.5,804,male,1,1056.0246858330029
2256,-9999.0,-9999.0,-9999.0,-9999.0,-9999.0,-9999.0,-9999.0,-9999.0,-9999.0,color,orientation,size,0.3400000000000001,-2.5,804,male,1,1056.0246858330029
2257,-9999.0,-9999.0,-9999.0,-9999.0,-9999.0,-9999.0,-9999.0,-9999.0,-9999.0,color,orientation,size,0.3400000000000001,-2.5,804,male,1,1056.0246858330029
2258,-9999.0,-9999.0,-9999.0,-9999.0,-9999.0,-9999.0,-9999.0,-9999.0,-9999.0,color,orientation,size,0.3400000000000001,-2.5,804,male,1,1056.0246858330029
2259,-9999.0,-9999.0,-9999.0,-9999.0,-9999.0,-9999.0,-9999.0,-9999.0,-9999.0,color,orientation,size,0.3400000000000001,-2.5,804,male,1,1056.0246858330029
2260,-9999.0,-9999.0,-9999.0,-9999.0,-9999.0,-9999.0,-9999.0,-9999.0,-9999.0,color,orientation,size,0.3400000000000001,-2.5,804,male,1,1056.0246858330029
2261,-9999.0,-9999.0,-9999.0,-9999.0,-9999.0,-9999.0,-9999.0,-9999.0,-9999.0,color,orientation,size,0.3400000000000001,-2.5,804,male,1,1056.0246858330029
2262,-9999.0,-9999.0,-9999.0,-9999.0,-9999.0,-9999.0,-9999.0,-9999.0,-9999.0,color,orientation,size,0.3400000000000001,-2.5,804,male,1,1056.0246858330029
2263,-9999.0,-9999.0,-9999.0,-9999.0,-9999.0,-9999.0,-9999.0,-9999.0,-9999.0,color,orientation,size,0.3400000000000001,-2.5,804,male,1,1056.0246858330029
2264,-9999.0,-9999.0,-9999.0,-9999.0,-9999.0,-9999.0,-9999.0,-9999.0,-9999.0,color,orientation,size,0.3400000000000001,-2.5,804,male,1,1056.0246858330029
2265,-9999.0,-9999.0,-9999.0,-9999.0,-9999.0,-9999.0,-9999.0,-9999.0,-9999.0,color,orientation,size,0.3400000000000001,-2.5,804,male,1,1056.0246858330029
2266,-9999.0,-9999.0,-9999.0,-9999.0,-9999.0,-9999.0,-9999.0,-9999.0,-9999.0,color,orientation,size,0.3400000000000001,-2.5,804,male,1,1056.0246858330029
2267,-9999.0,-9999.0,-9999.0,-9999.0,-9999.0,-9999.0,-9999.0,-9999.0,-9999.0,color,orientation,size,0.3400000000000001,-2.5,804,male,1,1056.0246858330029
2268,-9999.0,-9999.0,-9999.0,-9999.0,-9999.0,-9999.0,-9999.0,-9999.0,-9999.0,color,orientation,size,0.3400000000000001,-2.5,804,male,1,1056.0246858330029
2269,-9999.0,-9999.0,-9999.0,-9999.0,-9999.0,-9999.0,-9999.0,-9999.0,-9999.0,color,orientation,size,0.3400000000000001,-2.5,804,male,1,1056.0246858330029
2270,-9999.0,-9999.0,-9999.0,-9999.0,-9999.0,-9999.0,-9999.0,-9999.0,-9999.0,color,orientation,size,0.3400000000000001,-2.5,804,male,1,1056.0246858330029
2271,-9999.0,-9999.0,-9999.0,-9999.0,-9999.0,-9999.0,-9999.0,-9999.0,-9999.0,color,orientation,size,0.3400000000000001,-2.5,804,male,1,1056.0246858330029
2272,-9999.0,-9999.0,-9999.0,-9999.0,-9999.0,-9999.0,-9999.0,-9999.0,-9999.0,color,orientation,size,0.3400000000000001,-2.5,804,male,1,1056.0246858330029
2273,-9999.0,-9999.0,-9999.0,-9999.0,-9999.0,-9999.0,-9999.0,-9999.0,-9999.0,color,orientation,size,0.3400000000000001,-2.5,804,male,1,1056.0246858330029
2274,-9999.0,-9999.0,-9999.0,-9999.0,-9999.0,-9999.0,-9999.0,-9999.0,-9999.0,color,orientation,size,0.3400000000000001,-2.5,804,male,1,1056.0246858330029
2275,-9999.0,-9999.0,-9999.0,-9999.0,-9999.0,-9999.0,-9999.0,-9999.0,-9999.0,color,orientation,size,0.3400000000000001,-2.5,804,male,1,1056.0246858330029
2276,-9999.0,-9999.0,-9999.0,-9999.0,-9999.0,-9999.0,-9999.0,-9999.0,-9999.0,color,orientation,size,0.3400000000000001,-2.5,804,male,1,1056.0246858330029
2277,-9999.0,-9999.0,-9999.0,-9999.0,-9999.0,-9999.0,-9999.0,-9999.0,-9999.0,color,orientation,size,0.3400000000000001,-2.5,804,male,1,1056.0246858330029
2278,-9999.0,-9999.0,-9999.0,-9999.0,-9999.0,-9999.0,-9999.0,-9999.0,-9999.0,color,orientation,size,0.3400000000000001,-2.5,804,male,1,1056.0246858330029
2279,-9999.0,-9999.0,-9999.0,-9999.0,-9999.0,-9999.0,-9999.0,-9999.0,-9999.0,color,orientation,size,0.3400000000000001,-2.5,804,male,1,1056.0246858330029
2280,-9999.0,-9999.0,-9999.0,-9999.0,-9999.0,-9999.0,-9999.0,-9999.0,-9999.0,color,orientation,size,0.3400000000000001,-2.5,804,male,1,1056.0246858330029
2281,-9999.0,-9999.0,-9999.0,-9999.0,-9999.0,-9999.0,-9999.0,-9999.0,-9999.0,color,orientation,size,0.3400000000000001,-2.5,804,male,1,1056.0246858330029
2282,-9999.0,-9999.0,-9999.0,-9999.0,-9999.0,-9999.0,-9999.0,-9999.0,-9999.0,color,orientation,size,0.3400000000000001,-2.5,804,male,1,1056.0246858330029
2283,-9999.0,-9999.0,-9999.0,-9999.0,-9999.0,-9999.0,-9999.0,-9999.0,-9999.0,color,orientation,size,0.3400000000000001,-2.5,804,male,1,1056.0246858330029
2284,-9999.0,-9999.0,-9999.0,-9999.0,-9999.0,-9999.0,-9999.0,-9999.0,-9999.0,color,orientation,size,0.3400000000000001,-2.5,804,male,1,1056.0246858330029
2285,-9999.0,-9999.0,-9999.0,-9999.0,-9999.0,-9999.0,-9999.0,-9999.0,-9999.0,color,orientation,size,0.3400000000000001,-2.5,804,male,1,1056.0246858330029
2286,-9999.0,-9999.0,-9999.0,-9999.0,-9999.0,-9999.0,-9999.0,-9999.0,-9999.0,color,orientation,size,0.3400000000000001,-2.5,804,male,1,1056.0246858330029
2287,-9999.0,-9999.0,-9999.0,-9999.0,-9999.0,-9999.0,-9999.0,-9999.0,-9999.0,color,orientation,size,0.3400000000000001,-2.5,804,male,1,1056.0246858330029
2288,-9999.0,-9999.0,-9999.0,-9999.0,-9999.0,-9999.0,-9999.0,-9999.0,-9999.0,color,orientation,size,0.3400000000000001,-2.5,804,male,1,1056.0246858330029
2289,-9999.0,-9999.0,-9999.0,-9999.0,-9999.0,-9999.0,-9999.0,-9999.0,-9999.0,color,orientation,size,0.3400000000000001,-2.5,804,male,1,1056.0246858330029
2290,-9999.0,-9999.0,-9999.0,-9999.0,-9999.0,-9999.0,-9999.0,-9999.0,-9999.0,color,orientation,size,0.3400000000000001,-2.5,804,male,1,1056.0246858330029
2291,-9999.0,-9999.0,-9999.0,-9999.0,-9999.0,-9999.0,-9999.0,-9999.0,-9999.0,color,orientation,size,0.3400000000000001,-2.5,804,male,1,1056.0246858330029
2292,-9999.0,-9999.0,-9999.0,-9999.0,-9999.0,-9999.0,-9999.0,-9999.0,-9999.0,color,orientation,size,0.3400000000000001,-2.5,804,male,1,1056.0246858330029
2293,-9999.0,-9999.0,-9999.0,-9999.0,-9999.0,-9999.0,-9999.0,-9999.0,-9999.0,color,orientation,size,0.3400000000000001,-2.5,804,male,1,1056.0246858330029
2294,-9999.0,-9999.0,-9999.0,-9999.0,-9999.0,-9999.0,-9999.0,-9999.0,-9999.0,color,orientation,size,0.3400000000000001,-2.5,804,male,1,1056.0246858330029
2295,-9999.0,-9999.0,-9999.0,-9999.0,-9999.0,-9999.0,-9999.0,-9999.0,-9999.0,color,orientation,size,0.3400000000000001,-2.5,804,male,1,1056.0246858330029
2296,-9999.0,-9999.0,-9999.0,-9999.0,-9999.0,-9999.0,-9999.0,-9999.0,-9999.0,color,orientation,size,0.3400000000000001,-2.5,804,male,1,1056.0246858330029
2297,-9999.0,-9999.0,-9999.0,-9999.0,-9999.0,-9999.0,-9999.0,-9999.0,-9999.0,color,orientation,size,0.3400000000000001,-2.5,804,male,1,1056.0246858330029
2298,-9999.0,-9999.0,-9999.0,-9999.0,-9999.0,-9999.0,-9999.0,-9999.0,-9999.0,color,orientation,size,0.3400000000000001,-2.5,804,male,1,1056.0246858330029
2299,-9999.0,-9999.0,-9999.0,-9999.0,-9999.0,-9999.0,-9999.0,-9999.0,-9999.0,color,orientation,size,0.3400000000000001,-2.5,804,male,1,1056.0246858330029
2300,-9999.0,-9999.0,-9999.0,-9999.0,-9999.0,-9999.0,-9999.0,-9999.0,-9999.0,color,orientation,size,0.3400000000000001,-2.5,804,male,1,1056.0246858330029
2301,-9999.0,-9999.0,-9999.0,-9999.0,-9999.0,-9999.0,-9999.0,-9999.0,-9999.0,color,orientation,size,0.3400000000000001,-2.5,804,male,1,1056.0246858330029
2302,-9999.0,-9999.0,-9999.0,-9999.0,-9999.0,-9999.0,-9999.0,-9999.0,-9999.0,color,orientation,size,0.3400000000000001,-2.5,804,male,1,1056.0246858330029
2303,-9999.0,-9999.0,-9999.0,-9999.0,-9999.0,-9999.0,-9999.0,-9999.0,-9999.0,color,orientation,size,0.3400000000000001,-2.5,804,male,1,1056.0246858330029
2304,-9999.0,-9999.0,-9999.0,-9999.0,-9999.0,-9999.0,-9999.0,-9999.0,-9999.0,color,orientation,size,0.3400000000000001,-2.5,804,male,1,1056.0246858330029
2305,-9999.0,-9999.0,-9999.0,-9999.0,-9999.0,-9999.0,-9999.0,-9999.0,-9999.0,color,orientation,size,0.3400000000000001,-2.5,804,male,1,1056.0246858330029
2306,-9999.0,-9999.0,-9999.0,-9999.0,-9999.0,-9999.0,-9999.0,-9999.0,-9999.0,color,orientation,size,0.3400000000000001,-2.5,804,male,1,1056.0246858330029
2307,-9999.0,-9999.0,-9999.0,-9999.0,-9999.0,-9999.0,-9999.0,-9999.0,-9999.0,color,orientation,size,0.3400000000000001,-2.5,804,male,1,1056.0246858330029
2308,-9999.0,-9999.0,-9999.0,-9999.0,-9999.0,-9999.0,-9999.0,-9999.0,-9999.0,color,orientation,size,0.3400000000000001,-2.5,804,male,1,1056.0246858330029
2309,-9999.0,-9999.0,-9999.0,-9999.0,-9999.0,-9999.0,-9999.0,-9999.0,-9999.0,color,orientation,size,0.3400000000000001,-2.5,804,male,1,1056.0246858330029
2310,-9999.0,-9999.0,-9999.0,-9999.0,-9999.0,-9999.0,-9999.0,-9999.0,-9999.0,color,orientation,size,0.3400000000000001,-2.5,804,male,1,1056.0246858330029
2311,-9999.0,-9999.0,-9999.0,-9999.0,-9999.0,-9999.0,-9999.0,-9999.0,-9999.0,color,orientation,size,0.3400000000000001,-2.5,804,male,1,1056.0246858330029
2312,-9999.0,-9999.0,-9999.0,-9999.0,-9999.0,-9999.0,-9999.0,-9999.0,-9999.0,color,orientation,size,0.3400000000000001,-2.5,804,male,1,1056.0246858330029
2313,-9999.0,-9999.0,-9999.0,-9999.0,-9999.0,-9999.0,-9999.0,-9999.0,-9999.0,color,orientation,size,0.3400000000000001,-2.5,804,male,1,1056.0246858330029
2314,-9999.0,-9999.0,-9999.0,-9999.0,-9999.0,-9999.0,-9999.0,-9999.0,-9999.0,color,orientation,size,0.3400000000000001,-2.5,804,male,1,1056.0246858330029
2315,-9999.0,-9999.0,-9999.0,-9999.0,-9999.0,-9999.0,-9999.0,-9999.0,-9999.0,color,orientation,size,0.3400000000000001,-2.5,804,male,1,1056.0246858330029
2316,-9999.0,-9999.0,-9999.0,-9999.0,-9999.0,-9999.0,-9999.0,-9999.0,-9999.0,color,orientation,size,0.3400000000000001,-2.5,804,male,1,1056.0246858330029
2317,-9999.0,-9999.0,-9999.0,-9999.0,-9999.0,-9999.0,-9999.0,-9999.0,-9999.0,color,orientation,size,0.3400000000000001,-2.5,804,male,1,1056.0246858330029
2318,-9999.0,-9999.0,-9999.0,-9999.0,-9999.0,-9999.0,-9999.0,-9999.0,-9999.0,color,orientation,size,0.3400000000000001,-2.5,804,male,1,1056.0246858330029
2319,-9999.0,-9999.0,-9999.0,-9999.0,-9999.0,-9999.0,-9999.0,-9999.0,-9999.0,color,orientation,size,0.3400000000000001,-2.5,804,male,1,1056.0246858330029
2320,-9999.0,-9999.0,-9999.0,-9999.0,-9999.0,-9999.0,-9999.0,-9999.0,-9999.0,color,orientation,size,0.3400000000000001,-2.5,804,male,1,1056.0246858330029
2321,-9999.0,-9999.0,-9999.0,-9999.0,-9999.0,-9999.0,-9999.0,-9999.0,-9999.0,color,orientation,size,0.3400000000000001,-2.5,804,male,1,1056.0246858330029
2322,-9999.0,-9999.0,-9999.0,-9999.0,-9999.0,-9999.0,-9999.0,-9999.0,-9999.0,color,orientation,size,0.3400000000000001,-2.5,804,male,1,1056.0246858330029
2323,-9999.0,-9999.0,-9999.0,-9999.0,-9999.0,-9999.0,-9999.0,-9999.0,-9999.0,color,orientation,size,0.3400000000000001,-2.5,804,male,1,1056.0246858330029
2324,-9999.0,-9999.0,-9999.0,-9999.0,-9999.0,-9999.0,-9999.0,-9999.0,-9999.0,color,orientation,size,0.3400000000000001,-2.5,804,male,1,1056.0246858330029
2325,-9999.0,-9999.0,-9999.0,-9999.0,-9999.0,-9999.0,-9999.0,-9999.0,-9999.0,color,orientation,size,0.3400000000000001,-2.5,804,male,1,1056.0246858330029
2326,-9999.0,-9999.0,-9999.0,-9999.0,-9999.0,-9999.0,-9999.0,-9999.0,-9999.0,color,orientation,size,0.3400000000000001,-2.5,804,male,1,1056.0246858330029
2327,-9999.0,-9999.0,-9999.0,-9999.0,-9999.0,-9999.0,-9999.0,-9999.0,-9999.0,color,orientation,size,0.3400000000000001,-2.5,804,male,1,1056.0246858330029
2328,-9999.0,-9999.0,-9999.0,-9999.0,-9999.0,-9999.0,-9999.0,-9999.0,-9999.0,color,orientation,size,0.3400000000000001,-2.5,804,male,1,1056.0246858330029
2329,-9999.0,-9999.0,-9999.0,-9999.0,-9999.0,-9999.0,-9999.0,-9999.0,-9999.0,color,orientation,size,0.3400000000000001,-2.5,804,male,1,1056.0246858330029
2330,-9999.0,-9999.0,-9999.0,-9999.0,-9999.0,-9999.0,-9999.0,-9999.0,-9999.0,color,orientation,size,0.3400000000000001,-2.5,804,male,1,1056.0246858330029
2331,-9999.0,-9999.0,-9999.0,-9999.0,-9999.0,-9999.0,-9999.0,-9999.0,-9999.0,color,orientation,size,0.3400000000000001,-2.5,804,male,1,1056.0246858330029
2332,-9999.0,-9999.0,-9999.0,-9999.0,-9999.0,-9999.0,-9999.0,-9999.0,-9999.0,color,orientation,size,0.3400000000000001,-2.5,804,male,1,1056.0246858330029
2333,-9999.0,-9999.0,-9999.0,-9999.0,-9999.0,-9999.0,-9999.0,-9999.0,-9999.0,color,orientation,size,0.3400000000000001,-2.5,804,male,1,1056.0246858330029
2334,-9999.0,-9999.0,-9999.0,-9999.0,-9999.0,-9999.0,-9999.0,-9999.0,-9999.0,color,orientation,size,0.3400000000000001,-2.5,804,male,1,1056.0246858330029
2335,-9999.0,-9999.0,-9999.0,-9999.0,-9999.0,-9999.0,-9999.0,-9999.0,-9999.0,color,orientation,size,0.3400000000000001,-2.5,804,male,1,1056.0246858330029
2336,-9999.0,-9999.0,-9999.0,-9999.0,-9999.0,-9999.0,-9999.0,-9999.0,-9999.0,color,orientation,size,0.3400000000000001,-2.5,804,male,1,1056.0246858330029
2337,-9999.0,-9999.0,-9999.0,-9999.0,-9999.0,-9999.0,-9999.0,-9999.0,-9999.0,color,orientation,size,0.3400000000000001,-2.5,804,male,1,1056.0246858330029
2338,-9999.0,-9999.0,-9999.0,-9999.0,-9999.0,-9999.0,-9999.0,-9999.0,-9999.0,color,orientation,size,0.3400000000000001,-2.5,804,male,1,1056.0246858330029
2339,-9999.0,-9999.0,-9999.0,-9999.0,-9999.0,-9999.0,-9999.0,-9999.0,-9999.0,color,orientation,size,0.3400000000000001,-2.5,804,male,1,1056.0246858330029
2340,-9999.0,-9999.0,-9999.0,-9999.0,-9999.0,-9999.0,-9999.0,-9999.0,-9999.0,color,orientation,size,0.3400000000000001,-2.5,804,male,1,1056.0246858330029
2341,-9999.0,-9999.0,-9999.0,-9999.0,-9999.0,-9999.0,-9999.0,-9999.0,-9999.0,color,orientation,size,0.3400000000000001,-2.5,804,male,1,1056.0246858330029
2342,-9999.0,-9999.0,-9999.0,-9999.0,-9999.0,-9999.0,-9999.0,-9999.0,-9999.0,color,orientation,size,0.3400000000000001,-2.5,804,male,1,1056.0246858330029
2343,-9999.0,-9999.0,-9999.0,-9999.0,-9999.0,-9999.0,-9999.0,-9999.0,-9999.0,color,orientation,size,0.3400000000000001,-2.5,804,male,1,1056.0246858330029
2344,-9999.0,-9999.0,-9999.0,-9999.0,-9999.0,-9999.0,-9999.0,-9999.0,-9999.0,color,orientation,size,0.3400000000000001,-2.5,804,male,1,1056.0246858330029
2345,-9999.0,-9999.0,-9999.0,-9999.0,-9999.0,-9999.0,-9999.0,-9999.0,-9999.0,color,orientation,size,0.3400000000000001,-2.5,804,male,1,1056.0246858330029
2346,-9999.0,-9999.0,-9999.0,-9999.0,-9999.0,-9999.0,-9999.0,-9999.0,-9999.0,color,orientation,size,0.3400000000000001,-2.5,804,male,1,1056.0246858330029
2347,-9999.0,-9999.0,-9999.0,-9999.0,-9999.0,-9999.0,-9999.0,-9999.0,-9999.0,color,orientation,size,0.3400000000000001,-2.5,804,male,1,1056.0246858330029
2348,-9999.0,-9999.0,-9999.0,-9999.0,-9999.0,-9999.0,-9999.0,-9999.0,-9999.0,color,orientation,size,0.3400000000000001,-2.5,804,male,1,1056.0246858330029
2349,-9999.0,-9999.0,-9999.0,-9999.0,-9999.0,-9999.0,-9999.0,-9999.0,-9999.0,color,orientation,size,0.3400000000000001,-2.5,804,male,1,1056.0246858330029
2350,-9999.0,-9999.0,-9999.0,-9999.0,-9999.0,-9999.0,-9999.0,-9999.0,-9999.0,color,orientation,size,0.3400000000000001,-2.5,804,male,1,1056.0246858330029
2351,-9999.0,-9999.0,-9999.0,-9999.0,-9999.0,-9999.0,-9999.0,-9999.0,-9999.0,color,orientation,size,0.3400000000000001,-2.5,804,male,1,1056.0246858330029
2352,-9999.0,-9999.0,-9999.0,-9999.0,-9999.0,-9999.0,-9999.0,-9999.0,-9999.0,color,orientation,size,0.3400000000000001,-2.5,804,male,1,1056.0246858330029
2353,-9999.0,-9999.0,-9999.0,-9999.0,-9999.0,-9999.0,-9999.0,-9999.0,-9999.0,color,orientation,size,0.3400000000000001,-2.5,804,male,1,1056.0246858330029
2354,-9999.0,-9999.0,-9999.0,-9999.0,-9999.0,-9999.0,-9999.0,-9999.0,-9999.0,color,orientation,size,0.3400000000000001,-2.5,804,male,1,1056.0246858330029
2355,-9999.0,-9999.0,-9999.0,-9999.0,-9999.0,-9999.0,-9999.0,-9999.0,-9999.0,color,orientation,size,0.3400000000000001,-2.5,804,male,1,1056.0246858330029
2356,-9999.0,-9999.0,-9999.0,-9999.0,-9999.0,-9999.0,-9999.0,-9999.0,-9999.0,color,orientation,size,0.3400000000000001,-2.5,804,male,1,1056.0246858330029
2357,-9999.0,-9999.0,-9999.0,-9999.0,-9999.0,-9999.0,-9999.0,-9999.0,-9999.0,color,orientation,size,0.3400000000000001,-2.5,804,male,1,1056.0246858330029
2358,-9999.0,-9999.0,-9999.0,-9999.0,-9999.0,-9999.0,-9999.0,-9999.0,-9999.0,color,orientation,size,0.3400000000000001,-2.5,804,male,1,1056.0246858330029
2359,-9999.0,-9999.0,-9999.0,-9999.0,-9999.0,-9999.0,-9999.0,-9999.0,-9999.0,color,orientation,size,0.3400000000000001,-2.5,804,male,1,1056.0246858330029
2360,-9999.0,-9999.0,-9999.0,-9999.0,-9999.0,-9999.0,-9999.0,-9999.0,-9999.0,color,orientation,size,0.3400000000000001,-2.5,804,male,1,1056.0246858330029
2361,-9999.0,-9999.0,-9999.0,-9999.0,-9999.0,-9999.0,-9999.0,-9999.0,-9999.0,color,orientation,size,0.3400000000000001,-2.5,804,male,1,1056.0246858330029
2362,-9999.0,-9999.0,-9999.0,-9999.0,-9999.0,-9999.0,-9999.0,-9999.0,-9999.0,color,orientation,size,0.3400000000000001,-2.5,804,male,1,1056.0246858330029
2363,-9999.0,-9999.0,-9999.0,-9999.0,-9999.0,-9999.0,-9999.0,-9999.0,-9999.0,color,orientation,size,0.3400000000000001,-2.5,804,male,1,1056.0246858330029
2364,-9999.0,-9999.0,-9999.0,-9999.0,-9999.0,-9999.0,-9999.0,-9999.0,-9999.0,color,orientation,size,0.3400000000000001,-2.5,804,male,1,1056.0246858330029
2365,-9999.0,-9999.0,-9999.0,-9999.0,-9999.0,-9999.0,-9999.0,-9999.0,-9999.0,color,orientation,size,0.3400000000000001,-2.5,804,male,1,1056.0246858330029
2366,-9999.0,-9999.0,-9999.0,-9999.0,-9999.0,-9999.0,-9999.0,-9999.0,-9999.0,color,orientation,size,0.3400000000000001,-2.5,804,male,1,1056.0246858330029
2367,-9999.0,-9999.0,-9999.0,-9999.0,-9999.0,-9999.0,-9999.0,-9999.0,-9999.0,color,orientation,size,0.3400000000000001,-2.5,804,male,1,1056.0246858330029
2368,-9999.0,-9999.0,-9999.0,-9999.0,-9999.0,-9999.0,-9999.0,-9999.0,-9999.0,color,orientation,size,0.3400000000000001,-2.5,804,male,1,1056.0246858330029
2369,-9999.0,-9999.0,-9999.0,-9999.0,-9999.0,-9999.0,-9999.0,-9999.0,-9999.0,color,orientation,size,0.3400000000000001,-2.5,804,male,1,1056.0246858330029
2370,-9999.0,-9999.0,-9999.0,-9999.0,-9999.0,-9999.0,-9999.0,-9999.0,-9999.0,color,orientation,size,0.3400000000000001,-2.5,804,male,1,1056.0246858330029
2371,-9999.0,-9999.0,-9999.0,-9999.0,-9999.0,-9999.0,-9999.0,-9999.0,-9999.0,color,orientation,size,0.3400000000000001,-2.5,804,male,1,1056.0246858330029
2372,-9999.0,-9999.0,-9999.0,-9999.0,-9999.0,-9999.0,-9999.0,-9999.0,-9999.0,color,orientation,size,0.3400000000000001,-2.5,804,male,1,1056.0246858330029
2373,-9999.0,-9999.0,-9999.0,-9999.0,-9999.0,-9999.0,-9999.0,-9999.0,-9999.0,color,orientation,size,0.3400000000000001,-2.5,804,male,1,1056.0246858330029
2374,-9999.0,-9999.0,-9999.0,-9999.0,-9999.0,-9999.0,-9999.0,-9999.0,-9999.0,color,orientation,size,0.3400000000000001,-2.5,804,male,1,1056.0246858330029
2375,-9999.0,-9999.0,-9999.0,-9999.0,-9999.0,-9999.0,-9999.0,-9999.0,-9999.0,color,orientation,size,0.3400000000000001,-2.5,804,male,1,1056.0246858330029
2376,-9999.0,-9999.0,-9999.0,-9999.0,-9999.0,-9999.0,-9999.0,-9999.0,-9999.0,color,orientation,size,0.3400000000000001,-2.5,804,male,1,1056.0246858330029
2377,-9999.0,-9999.0,-9999.0,-9999.0,-9999.0,-9999.0,-9999.0,-9999.0,-9999.0,color,orientation,size,0.3400000000000001,-2.5,804,male,1,1056.0246858330029
2378,-9999.0,-9999.0,-9999.0,-9999.0,-9999.0,-9999.0,-9999.0,-9999.0,-9999.0,color,orientation,size,0.3400000000000001,-2.5,804,male,1,1056.0246858330029
2379,-9999.0,-9999.0,-9999.0,-9999.0,-9999.0,-9999.0,-9999.0,-9999.0,-9999.0,color,orientation,size,0.3400000000000001,-2.5,804,male,1,1056.0246858330029
2380,-9999.0,-9999.0,-9999.0,-9999.0,-9999.0,-9999.0,-9999.0,-9999.0,-9999.0,color,orientation,size,0.3400000000000001,-2.5,804,male,1,1056.0246858330029
2381,-9999.0,-9999.0,-9999.0,-9999.0,-9999.0,-9999.0,-9999.0,-9999.0,-9999.0,color,orientation,size,0.3400000000000001,-2.5,804,male,1,1056.0246858330029
2382,-9999.0,-9999.0,-9999.0,-9999.0,-9999.0,-9999.0,-9999.0,-9999.0,-9999.0,color,orientation,size,0.3400000000000001,-2.5,804,male,1,1056.0246858330029
2383,-9999.0,-9999.0,-9999.0,-9999.0,-9999.0,-9999.0,-9999.0,-9999.0,-9999.0,color,orientation,size,0.3400000000000001,-2.5,804,male,1,1056.0246858330029
2384,-9999.0,-9999.0,-9999.0,-9999.0,-9999.0,-9999.0,-9999.0,-9999.0,-9999.0,color,orientation,size,0.3400000000000001,-2.5,804,male,1,1056.0246858330029
2385,-9999.0,-9999.0,-9999.0,-9999.0,-9999.0,-9999.0,-9999.0,-9999.0,-9999.0,color,orientation,size,0.3400000000000001,-2.5,804,male,1,1056.0246858330029
2386,-9999.0,-9999.0,-9999.0,-9999.0,-9999.0,-9999.0,-9999.0,-9999.0,-9999.0,color,orientation,size,0.3400000000000001,-2.5,804,male,1,1056.0246858330029
2387,-9999.0,-9999.0,-9999.0,-9999.0,-9999.0,-9999.0,-9999.0,-9999.0,-9999.0,color,orientation,size,0.3400000000000001,-2.5,804,male,1,1056.0246858330029
2388,-9999.0,-9999.0,-9999.0,-9999.0,-9999.0,-9999.0,-9999.0,-9999.0,-9999.0,color,orientation,size,0.3400000000000001,-2.5,804,male,1,1056.0246858330029
2389,-9999.0,-9999.0,-9999.0,-9999.0,-9999.0,-9999.0,-9999.0,-9999.0,-9999.0,color,orientation,size,0.3400000000000001,-2.5,804,male,1,1056.0246858330029
2390,-9999.0,-9999.0,-9999.0,-9999.0,-9999.0,-9999.0,-9999.0,-9999.0,-9999.0,color,orientation,size,0.3400000000000001,-2.5,804,male,1,1056.0246858330029
2391,-9999.0,-9999.0,-9999.0,-9999.0,-9999.0,-9999.0,-9999.0,-9999.0,-9999.0,color,orientation,size,0.3400000000000001,-2.5,804,male,1,1056.0246858330029
2392,-9999.0,-9999.0,-9999.0,-9999.0,-9999.0,-9999.0,-9999.0,-9999.0,-9999.0,color,orientation,size,0.3400000000000001,-2.5,804,male,1,1056.0246858330029
2393,-9999.0,-9999.0,-9999.0,-9999.0,-9999.0,-9999.0,-9999.0,-9999.0,-9999.0,color,orientation,size,0.3400000000000001,-2.5,804,male,1,1056.0246858330029
2394,-9999.0,-9999.0,-9999.0,-9999.0,-9999.0,-9999.0,-9999.0,-9999.0,-9999.0,color,orientation,size,0.3400000000000001,-2.5,804,male,1,1056.0246858330029
2395,-9999.0,-9999.0,-9999.0,-9999.0,-9999.0,-9999.0,-9999.0,-9999.0,-9999.0,color,orientation,size,0.3400000000000001,-2.5,804,male,1,1056.0246858330029
2396,-9999.0,-9999.0,-9999.0,-9999.0,-9999.0,-9999.0,-9999.0,-9999.0,-9999.0,color,orientation,size,0.3400000000000001,-2.5,804,male,1,1056.0246858330029
2397,-9999.0,-9999.0,-9999.0,-9999.0,-9999.0,-9999.0,-9999.0,-9999.0,-9999.0,color,orientation,size,0.3400000000000001,-2.5,804,male,1,1056.0246858330029
2398,-9999.0,-9999.0,-9999.0,-9999.0,-9999.0,-9999.0,-9999.0,-9999.0,-9999.0,color,orientation,size,0.3400000000000001,-2.5,804,male,1,1056.0246858330029
2399,-9999.0,-9999.0,-9999.0,-9999.0,-9999.0,-9999.0,-9999.0,-9999.0,-9999.0,color,orientation,size,0.3400000000000001,-2.5,804,male,1,1056.0246858330029
2400,-9999.0,-9999.0,-9999.0,-9999.0,-9999.0,-9999.0,-9999.0,-9999.0,-9999.0,color,orientation,size,0.3400000000000001,-2.5,804,male,1,1056.0246858330029
2401,-9999.0,-9999.0,-9999.0,-9999.0,-9999.0,-9999.0,-9999.0,-9999.0,-9999.0,color,orientation,size,0.3400000000000001,-2.5,804,male,1,1056.0246858330029
2402,-9999.0,-9999.0,-9999.0,-9999.0,-9999.0,-9999.0,-9999.0,-9999.0,-9999.0,color,orientation,size,0.3400000000000001,-2.5,804,male,1,1056.0246858330029
2403,-9999.0,-9999.0,-9999.0,-9999.0,-9999.0,-9999.0,-9999.0,-9999.0,-9999.0,color,orientation,size,0.3400000000000001,-2.5,804,male,1,1056.0246858330029
2404,-9999.0,-9999.0,-9999.0,-9999.0,-9999.0,-9999.0,-9999.0,-9999.0,-9999.0,color,orientation,size,0.3400000000000001,-2.5,804,male,1,1056.0246858330029
2405,-9999.0,-9999.0,-9999.0,-9999.0,-9999.0,-9999.0,-9999.0,-9999.0,-9999.0,color,orientation,size,0.3400000000000001,-2.5,804,male,1,1056.0246858330029
2406,-9999.0,-9999.0,-9999.0,-9999.0,-9999.0,-9999.0,-9999.0,-9999.0,-9999.0,color,orientation,size,0.3400000000000001,-2.5,804,male,1,1056.0246858330029
2407,-9999.0,-9999.0,-9999.0,-9999.0,-9999.0,-9999.0,-9999.0,-9999.0,-9999.0,color,orientation,size,0.3400000000000001,-2.5,804,male,1,1056.0246858330029
2408,-9999.0,-9999.0,-9999.0,-9999.0,-9999.0,-9999.0,-9999.0,-9999.0,-9999.0,color,orientation,size,0.3400000000000001,-2.5,804,male,1,1056.0246858330029
2409,-9999.0,-9999.0,-9999.0,-9999.0,-9999.0,-9999.0,-9999.0,-9999.0,-9999.0,color,orientation,size,0.3400000000000001,-2.5,804,male,1,1056.0246858330029
2410,-9999.0,-9999.0,-9999.0,-9999.0,-9999.0,-9999.0,-9999.0,-9999.0,-9999.0,color,orientation,size,0.3400000000000001,-2.5,804,male,1,1056.0246858330029
2411,-9999.0,-9999.0,-9999.0,-9999.0,-9999.0,-9999.0,-9999.0,-9999.0,-9999.0,color,orientation,size,0.3400000000000001,-2.5,804,male,1,1056.0246858330029
2412,-9999.0,-9999.0,-9999.0,-9999.0,-9999.0,-9999.0,-9999.0,-9999.0,-9999.0,color,orientation,size,0.3400000000000001,-2.5,804,male,1,1056.0246858330029
2413,-9999.0,-9999.0,-9999.0,-9999.0,-9999.0,-9999.0,-9999.0,-9999.0,-9999.0,color,orientation,size,0.3400000000000001,-2.5,804,male,1,1056.0246858330029
2414,-9999.0,-9999.0,-9999.0,-9999.0,-9999.0,-9999.0,-9999.0,-9999.0,-9999.0,color,orientation,size,0.3400000000000001,-2.5,804,male,1,1056.0246858330029
2415,-9999.0,-9999.0,-9999.0,-9999.0,-9999.0,-9999.0,-9999.0,-9999.0,-9999.0,color,orientation,size,0.3400000000000001,-2.5,804,male,1,1056.0246858330029
2416,-9999.0,-9999.0,-9999.0,-9999.0,-9999.0,-9999.0,-9999.0,-9999.0,-9999.0,color,orientation,size,0.3400000000000001,-2.5,804,male,1,1056.0246858330029
2417,-9999.0,-9999.0,-9999.0,-9999.0,-9999.0,-9999.0,-9999.0,-9999.0,-9999.0,color,orientation,size,0.3400000000000001,-2.5,804,male,1,1056.0246858330029
2418,-9999.0,-9999.0,-9999.0,-9999.0,-9999.0,-9999.0,-9999.0,-9999.0,-9999.0,color,orientation,size,0.3400000000000001,-2.5,804,male,1,1056.0246858330029
2419,-9999.0,-9999.0,-9999.0,-9999.0,-9999.0,-9999.0,-9999.0,-9999.0,-9999.0,color,orientation,size,0.3400000000000001,-2.5,804,male,1,1056.0246858330029
2420,-9999.0,-9999.0,-9999.0,-9999.0,-9999.0,-9999.0,-9999.0,-9999.0,-9999.0,color,orientation,size,0.3400000000000001,-2.5,804,male,1,1056.0246858330029
2421,-9999.0,-9999.0,-9999.0,-9999.0,-9999.0,-9999.0,-9999.0,-9999.0,-9999.0,color,orientation,size,0.3400000000000001,-2.5,804,male,1,1056.0246858330029
2422,-9999.0,-9999.0,-9999.0,-9999.0,-9999.0,-9999.0,-9999.0,-9999.0,-9999.0,color,orientation,size,0.3400000000000001,-2.5,804,male,1,1056.0246858330029
2423,-9999.0,-9999.0,-9999.0,-9999.0,-9999.0,-9999.0,-9999.0,-9999.0,-9999.0,color,orientation,size,0.3400000000000001,-2.5,804,male,1,1056.0246858330029
2424,-9999.0,-9999.0,-9999.0,-9999.0,-9999.0,-9999.0,-9999.0,-9999.0,-9999.0,color,orientation,size,0.3400000000000001,-2.5,804,male,1,1056.0246858330029
2425,-9999.0,-9999.0,-9999.0,-9999.0,-9999.0,-9999.0,-9999.0,-9999.0,-9999.0,color,orientation,size,0.3400000000000001,-2.5,804,male,1,1056.0246858330029
2426,-9999.0,-9999.0,-9999.0,-9999.0,-9999.0,-9999.0,-9999.0,-9999.0,-9999.0,color,orientation,size,0.3400000000000001,-2.5,804,male,1,1056.0246858330029
2427,-9999.0,-9999.0,-9999.0,-9999.0,-9999.0,-9999.0,-9999.0,-9999.0,-9999.0,color,orientation,size,0.3400000000000001,-2.5,804,male,1,1056.0246858330029
2428,-9999.0,-9999.0,-9999.0,-9999.0,-9999.0,-9999.0,-9999.0,-9999.0,-9999.0,color,orientation,size,0.3400000000000001,-2.5,804,male,1,1056.0246858330029
2429,-9999.0,-9999.0,-9999.0,-9999.0,-9999.0,-9999.0,-9999.0,-9999.0,-9999.0,color,orientation,size,0.3400000000000001,-2.5,804,male,1,1056.0246858330029
2430,-9999.0,-9999.0,-9999.0,-9999.0,-9999.0,-9999.0,-9999.0,-9999.0,-9999.0,color,orientation,size,0.3400000000000001,-2.5,804,male,1,1056.0246858330029
2431,-9999.0,-9999.0,-9999.0,-9999.0,-9999.0,-9999.0,-9999.0,-9999.0,-9999.0,color,orientation,size,0.3400000000000001,-2.5,804,male,1,1056.0246858330029
2432,-9999.0,-9999.0,-9999.0,-9999.0,-9999.0,-9999.0,-9999.0,-9999.0,-9999.0,color,orientation,size,0.3400000000000001,-2.5,804,male,1,1056.0246858330029
2433,-9999.0,-9999.0,-9999.0,-9999.0,-9999.0,-9999.0,-9999.0,-9999.0,-9999.0,color,orientation,size,0.3400000000000001,-2.5,804,male,1,1056.0246858330029
2434,-9999.0,-9999.0,-9999.0,-9999.0,-9999.0,-9999.0,-9999.0,-9999.0,-9999.0,color,orientation,size,0.3400000000000001,-2.5,804,male,1,1056.0246858330029
2435,-9999.0,-9999.0,-9999.0,-9999.0,-9999.0,-9999.0,-9999.0,-9999.0,-9999.0,color,orientation,size,0.3400000000000001,-2.5,804,male,1,1056.0246858330029
2436,-9999.0,-9999.0,-9999.0,-9999.0,-9999.0,-9999.0,-9999.0,-9999.0,-9999.0,color,orientation,size,0.3400000000000001,-2.5,804,male,1,1056.0246858330029
2437,-9999.0,-9999.0,-9999.0,-9999.0,-9999.0,-9999.0,-9999.0,-9999.0,-9999.0,color,orientation,size,0.3400000000000001,-2.5,804,male,1,1056.0246858330029
2438,-9999.0,-9999.0,-9999.0,-9999.0,-9999.0,-9999.0,-9999.0,-9999.0,-9999.0,color,orientation,size,0.3400000000000001,-2.5,804,male,1,1056.0246858330029
2439,-9999.0,-9999.0,-9999.0,-9999.0,-9999.0,-9999.0,-9999.0,-9999.0,-9999.0,color,orientation,size,0.3400000000000001,-2.5,804,male,1,1056.0246858330029
2440,-9999.0,-9999.0,-9999.0,-9999.0,-9999.0,-9999.0,-9999.0,-9999.0,-9999.0,color,orientation,size,0.3400000000000001,-2.5,804,male,1,1056.0246858330029
2441,-9999.0,-9999.0,-9999.0,-9999.0,-9999.0,-9999.0,-9999.0,-9999.0,-9999.0,color,orientation,size,0.3400000000000001,-2.5,804,male,1,1056.0246858330029
2442,-9999.0,-9999.0,-9999.0,-9999.0,-9999.0,-9999.0,-9999.0,-9999.0,-9999.0,color,orientation,size,0.3400000000000001,-2.5,804,male,1,1056.0246858330029
2443,-9999.0,-9999.0,-9999.0,-9999.0,-9999.0,-9999.0,-9999.0,-9999.0,-9999.0,color,orientation,size,0.3400000000000001,-2.5,804,male,1,1056.0246858330029
2444,-9999.0,-9999.0,-9999.0,-9999.0,-9999.0,-9999.0,-9999.0,-9999.0,-9999.0,color,orientation,size,0.3400000000000001,-2.5,804,male,1,1056.0246858330029
2445,-9999.0,-9999.0,-9999.0,-9999.0,-9999.0,-9999.0,-9999.0,-9999.0,-9999.0,color,orientation,size,0.3400000000000001,-2.5,804,male,1,1056.0246858330029
2446,-9999.0,-9999.0,-9999.0,-9999.0,-9999.0,-9999.0,-9999.0,-9999.0,-9999.0,color,orientation,size,0.3400000000000001,-2.5,804,male,1,1056.0246858330029
2447,-9999.0,-9999.0,-9999.0,-9999.0,-9999.0,-9999.0,-9999.0,-9999.0,-9999.0,color,orientation,size,0.3400000000000001,-2.5,804,male,1,1056.0246858330029
2448,-9999.0,-9999.0,-9999.0,-9999.0,-9999.0,-9999.0,-9999.0,-9999.0,-9999.0,color,orientation,size,0.3400000000000001,-2.5,804,male,1,1056.0246858330029
2449,-9999.0,-9999.0,-9999.0,-9999.0,-9999.0,-9999.0,-9999.0,-9999.0,-9999.0,color,orientation,size,0.3400000000000001,-2.5,804,male,1,1056.0246858330029
2450,-9999.0,-9999.0,-9999.0,-9999.0,-9999.0,-9999.0,-9999.0,-9999.0,-9999.0,color,orientation,size,0.3400000000000001,-2.5,804,male,1,1056.0246858330029
2451,-9999.0,-9999.0,-9999.0,-9999.0,-9999.0,-9999.0,-9999.0,-9999.0,-9999.0,color,orientation,size,0.3400000000000001,-2.5,804,male,1,1056.0246858330029
2452,-9999.0,-9999.0,-9999.0,-9999.0,-9999.0,-9999.0,-9999.0,-9999.0,-9999.0,color,orientation,size,0.3400000000000001,-2.5,804,male,1,1056.0246858330029
2453,-9999.0,-9999.0,-9999.0,-9999.0,-9999.0,-9999.0,-9999.0,-9999.0,-9999.0,color,orientation,size,0.3400000000000001,-2.5,804,male,1,1056.0246858330029
2454,-9999.0,-9999.0,-9999.0,-9999.0,-9999.0,-9999.0,-9999.0,-9999.0,-9999.0,color,orientation,size,0.3400000000000001,-2.5,804,male,1,1056.0246858330029
2455,-9999.0,-9999.0,-9999.0,-9999.0,-9999.0,-9999.0,-9999.0,-9999.0,-9999.0,color,orientation,size,0.3400000000000001,-2.5,804,male,1,1056.0246858330029
2456,-9999.0,-9999.0,-9999.0,-9999.0,-9999.0,-9999.0,-9999.0,-9999.0,-9999.0,color,orientation,size,0.3400000000000001,-2.5,804,male,1,1056.0246858330029
2457,-9999.0,-9999.0,-9999.0,-9999.0,-9999.0,-9999.0,-9999.0,-9999.0,-9999.0,color,orientation,size,0.3400000000000001,-2.5,804,male,1,1056.0246858330029
2458,-9999.0,-9999.0,-9999.0,-9999.0,-9999.0,-9999.0,-9999.0,-9999.0,-9999.0,color,orientation,size,0.3400000000000001,-2.5,804,male,1,1056.0246858330029
2459,-9999.0,-9999.0,-9999.0,-9999.0,-9999.0,-9999.0,-9999.0,-9999.0,-9999.0,color,orientation,size,0.3400000000000001,-2.5,804,male,1,1056.0246858330029
2460,-9999.0,-9999.0,-9999.0,-9999.0,-9999.0,-9999.0,-9999.0,-9999.0,-9999.0,color,orientation,size,0.3400000000000001,-2.5,804,male,1,1056.0246858330029
2461,-9999.0,-9999.0,-9999.0,-9999.0,-9999.0,-9999.0,-9999.0,-9999.0,-9999.0,color,orientation,size,0.3400000000000001,-2.5,804,male,1,1056.0246858330029
2462,-9999.0,-9999.0,-9999.0,-9999.0,-9999.0,-9999.0,-9999.0,-9999.0,-9999.0,color,orientation,size,0.3400000000000001,-2.5,804,male,1,1056.0246858330029
2463,-9999.0,-9999.0,-9999.0,-9999.0,-9999.0,-9999.0,-9999.0,-9999.0,-9999.0,color,orientation,size,0.3400000000000001,-2.5,804,male,1,1056.0246858330029
2464,-9999.0,-9999.0,-9999.0,-9999.0,-9999.0,-9999.0,-9999.0,-9999.0,-9999.0,color,orientation,size,0.3400000000000001,-2.5,804,male,1,1056.0246858330029
2465,-9999.0,-9999.0,-9999.0,-9999.0,-9999.0,-9999.0,-9999.0,-9999.0,-9999.0,color,orientation,size,0.3400000000000001,-2.5,804,male,1,1056.0246858330029
2466,-9999.0,-9999.0,-9999.0,-9999.0,-9999.0,-9999.0,-9999.0,-9999.0,-9999.0,color,orientation,size,0.3400000000000001,-2.5,804,male,1,1056.0246858330029
2467,-9999.0,-9999.0,-9999.0,-9999.0,-9999.0,-9999.0,-9999.0,-9999.0,-9999.0,color,orientation,size,0.3400000000000001,-2.5,804,male,1,1056.0246858330029
2468,-9999.0,-9999.0,-9999.0,-9999.0,-9999.0,-9999.0,-9999.0,-9999.0,-9999.0,color,orientation,size,0.3400000000000001,-2.5,804,male,1,1056.0246858330029
2469,-9999.0,-9999.0,-9999.0,-9999.0,-9999.0,-9999.0,-9999.0,-9999.0,-9999.0,color,orientation,size,0.3400000000000001,-2.5,804,male,1,1056.0246858330029
2470,-9999.0,-9999.0,-9999.0,-9999.0,-9999.0,-9999.0,-9999.0,-9999.0,-9999.0,color,orientation,size,0.3400000000000001,-2.5,804,male,1,1056.0246858330029
2471,-9999.0,-9999.0,-9999.0,-9999.0,-9999.0,-9999.0,-9999.0,-9999.0,-9999.0,color,orientation,size,0.3400000000000001,-2.5,804,male,1,1056.0246858330029
2472,-9999.0,-9999.0,-9999.0,-9999.0,-9999.0,-9999.0,-9999.0,-9999.0,-9999.0,color,orientation,size,0.3400000000000001,-2.5,804,male,1,1056.0246858330029
2473,-9999.0,-9999.0,-9999.0,-9999.0,-9999.0,-9999.0,-9999.0,-9999.0,-9999.0,color,orientation,size,0.3400000000000001,-2.5,804,male,1,1056.0246858330029
2474,-9999.0,-9999.0,-9999.0,-9999.0,-9999.0,-9999.0,-9999.0,-9999.0,-9999.0,color,orientation,size,0.3400000000000001,-2.5,804,male,1,1056.0246858330029
2475,-9999.0,-9999.0,-9999.0,-9999.0,-9999.0,-9999.0,-9999.0,-9999.0,-9999.0,color,orientation,size,0.3400000000000001,-2.5,804,male,1,1056.0246858330029
2476,-9999.0,-9999.0,-9999.0,-9999.0,-9999.0,-9999.0,-9999.0,-9999.0,-9999.0,color,orientation,size,0.3400000000000001,-2.5,804,male,1,1056.0246858330029
2477,-9999.0,-9999.0,-9999.0,-9999.0,-9999.0,-9999.0,-9999.0,-9999.0,-9999.0,color,orientation,size,0.3400000000000001,-2.5,804,male,1,1056.0246858330029
2478,-9999.0,-9999.0,-9999.0,-9999.0,-9999.0,-9999.0,-9999.0,-9999.0,-9999.0,color,orientation,size,0.3400000000000001,-2.5,804,male,1,1056.0246858330029
2479,-9999.0,-9999.0,-9999.0,-9999.0,-9999.0,-9999.0,-9999.0,-9999.0,-9999.0,color,orientation,size,0.3400000000000001,-2.5,804,male,1,1056.0246858330029
2480,-9999.0,-9999.0,-9999.0,-9999.0,-9999.0,-9999.0,-9999.0,-9999.0,-9999.0,color,orientation,size,0.3400000000000001,-2.5,804,male,1,1056.0246858330029
2481,-9999.0,-9999.0,-9999.0,-9999.0,-9999.0,-9999.0,-9999.0,-9999.0,-9999.0,color,orientation,size,0.3400000000000001,-2.5,804,male,1,1056.0246858330029
2482,-9999.0,-9999.0,-9999.0,-9999.0,-9999.0,-9999.0,-9999.0,-9999.0,-9999.0,color,orientation,size,0.3400000000000001,-2.5,804,male,1,1056.0246858330029
2483,-9999.0,-9999.0,-9999.0,-9999.0,-9999.0,-9999.0,-9999.0,-9999.0,-9999.0,color,orientation,size,0.3400000000000001,-2.5,804,male,1,1056.0246858330029
2484,-9999.0,-9999.0,-9999.0,-9999.0,-9999.0,-9999.0,-9999.0,-9999.0,-9999.0,color,orientation,size,0.3400000000000001,-2.5,804,male,1,1056.0246858330029
2485,-9999.0,-9999.0,-9999.0,-9999.0,-9999.0,-9999.0,-9999.0,-9999.0,-9999.0,color,orientation,size,0.3400000000000001,-2.5,804,male,1,1056.0246858330029
2486,-9999.0,-9999.0,-9999.0,-9999.0,-9999.0,-9999.0,-9999.0,-9999.0,-9999.0,color,orientation,size,0.3400000000000001,-2.5,804,male,1,1056.0246858330029
2487,-9999.0,-9999.0,-9999.0,-9999.0,-9999.0,-9999.0,-9999.0,-9999.0,-9999.0,color,orientation,size,0.3400000000000001,-2.5,804,male,1,1056.0246858330029
2488,-9999.0,-9999.0,-9999.0,-9999.0,-9999.0,-9999.0,-9999.0,-9999.0,-9999.0,color,orientation,size,0.3400000000000001,-2.5,804,male,1,1056.0246858330029
2489,-9999.0,-9999.0,-9999.0,-9999.0,-9999.0,-9999.0,-9999.0,-9999.0,-9999.0,color,orientation,size,0.3400000000000001,-2.5,804,male,1,1056.0246858330029
2490,-9999.0,-9999.0,-9999.0,-9999.0,-9999.0,-9999.0,-9999.0,-9999.0,-9999.0,color,orientation,size,0.3400000000000001,-2.5,804,male,1,1056.0246858330029
2491,-9999.0,-9999.0,-9999.0,-9999.0,-9999.0,-9999.0,-9999.0,-9999.0,-9999.0,color,orientation,size,0.3400000000000001,-2.5,804,male,1,1056.0246858330029
2492,-9999.0,-9999.0,-9999.0,-9999.0,-9999.0,-9999.0,-9999.0,-9999.0,-9999.0,color,orientation,size,0.3400000000000001,-2.5,804,male,1,1056.0246858330029
2493,-9999.0,-9999.0,-9999.0,-9999.0,-9999.0,-9999.0,-9999.0,-9999.0,-9999.0,color,orientation,size,0.3400000000000001,-2.5,804,male,1,1056.0246858330029
2494,-9999.0,-9999.0,-9999.0,-9999.0,-9999.0,-9999.0,-9999.0,-9999.0,-9999.0,color,orientation,size,0.3400000000000001,-2.5,804,male,1,1056.0246858330029
2495,-9999.0,-9999.0,-9999.0,-9999.0,-9999.0,-9999.0,-9999.0,-9999.0,-9999.0,color,orientation,size,0.3400000000000001,-2.5,804,male,1,1056.0246858330029
2496,-9999.0,-9999.0,-9999.0,-9999.0,-9999.0,-9999.0,-9999.0,-9999.0,-9999.0,color,orientation,size,0.3400000000000001,-2.5,804,male,1,1056.0246858330029
2497,-9999.0,-9999.0,-9999.0,-9999.0,-9999.0,-9999.0,-9999.0,-9999.0,-9999.0,color,orientation,size,0.3400000000000001,-2.5,804,male,1,1056.0246858330029
2498,-9999.0,-9999.0,-9999.0,-9999.0,-9999.0,-9999.0,-9999.0,-9999.0,-9999.0,color,orientation,size,0.3400000000000001,-2.5,804,male,1,1056.0246858330029
2499,-9999.0,-9999.0,-9999.0,-9999.0,-9999.0,-9999.0,-9999.0,-9999.0,-9999.0,color,orientation,size,0.3400000000000001,-2.5,804,male,1,1056.0246858330029
2500,-9999.0,-9999.0,-9999.0,-9999.0,-9999.0,-9999.0,-9999.0,-9999.0,-9999.0,color,orientation,size,0.3400000000000001,-2.5,804,male,1,1056.0246858330029
2501,-9999.0,-9999.0,-9999.0,-9999.0,-9999.0,-9999.0,-9999.0,-9999.0,-9999.0,color,orientation,size,0.3400000000000001,-2.5,804,male,1,1056.0246858330029
2502,-9999.0,-9999.0,-9999.0,-9999.0,-9999.0,-9999.0,-9999.0,-9999.0,-9999.0,color,orientation,size,0.3400000000000001,-2.5,804,male,1,1056.0246858330029
2503,-9999.0,-9999.0,-9999.0,-9999.0,-9999.0,-9999.0,-9999.0,-9999.0,-9999.0,color,orientation,size,0.3400000000000001,-2.5,804,male,1,1056.0246858330029
2504,-9999.0,-9999.0,-9999.0,-9999.0,-9999.0,-9999.0,-9999.0,-9999.0,-9999.0,color,orientation,size,0.3400000000000001,-2.5,804,male,1,1056.0246858330029
2505,-9999.0,-9999.0,-9999.0,-9999.0,-9999.0,-9999.0,-9999.0,-9999.0,-9999.0,color,orientation,size,0.3400000000000001,-2.5,804,male,1,1056.0246858330029
2506,-9999.0,-9999.0,-9999.0,-9999.0,-9999.0,-9999.0,-9999.0,-9999.0,-9999.0,color,orientation,size,0.3400000000000001,-2.5,804,male,1,1056.0246858330029
2507,-9999.0,-9999.0,-9999.0,-9999.0,-9999.0,-9999.0,-9999.0,-9999.0,-9999.0,color,orientation,size,0.3400000000000001,-2.5,804,male,1,1056.0246858330029
2508,-9999.0,-9999.0,-9999.0,-9999.0,-9999.0,-9999.0,-9999.0,-9999.0,-9999.0,color,orientation,size,0.3400000000000001,-2.5,804,male,1,1056.0246858330029
2509,-9999.0,-9999.0,-9999.0,-9999.0,-9999.0,-9999.0,-9999.0,-9999.0,-9999.0,color,orientation,size,0.3400000000000001,-2.5,804,male,1,1056.0246858330029
2510,-9999.0,-9999.0,-9999.0,-9999.0,-9999.0,-9999.0,-9999.0,-9999.0,-9999.0,color,orientation,size,0.3400000000000001,-2.5,804,male,1,1056.0246858330029
2511,-9999.0,-9999.0,-9999.0,-9999.0,-9999.0,-9999.0,-9999.0,-9999.0,-9999.0,color,orientation,size,0.3400000000000001,-2.5,804,male,1,1056.0246858330029
2512,-9999.0,-9999.0,-9999.0,-9999.0,-9999.0,-9999.0,-9999.0,-9999.0,-9999.0,color,orientation,size,0.3400000000000001,-2.5,804,male,1,1056.0246858330029
2513,-9999.0,-9999.0,-9999.0,-9999.0,-9999.0,-9999.0,-9999.0,-9999.0,-9999.0,color,orientation,size,0.3400000000000001,-2.5,804,male,1,1056.0246858330029
2514,-9999.0,-9999.0,-9999.0,-9999.0,-9999.0,-9999.0,-9999.0,-9999.0,-9999.0,color,orientation,size,0.3400000000000001,-2.5,804,male,1,1056.0246858330029
2515,-9999.0,-9999.0,-9999.0,-9999.0,-9999.0,-9999.0,-9999.0,-9999.0,-9999.0,color,orientation,size,0.3400000000000001,-2.5,804,male,1,1056.0246858330029
2516,-9999.0,-9999.0,-9999.0,-9999.0,-9999.0,-9999.0,-9999.0,-9999.0,-9999.0,color,orientation,size,0.3400000000000001,-2.5,804,male,1,1056.0246858330029
2517,-9999.0,-9999.0,-9999.0,-9999.0,-9999.0,-9999.0,-9999.0,-9999.0,-9999.0,color,orientation,size,0.3400000000000001,-2.5,804,male,1,1056.0246858330029
2518,-9999.0,-9999.0,-9999.0,-9999.0,-9999.0,-9999.0,-9999.0,-9999.0,-9999.0,color,orientation,size,0.3400000000000001,-2.5,804,male,1,1056.0246858330029
2519,-9999.0,-9999.0,-9999.0,-9999.0,-9999.0,-9999.0,-9999.0,-9999.0,-9999.0,color,orientation,size,0.3400000000000001,-2.5,804,male,1,1056.0246858330029
2520,-9999.0,-9999.0,-9999.0,-9999.0,-9999.0,-9999.0,-9999.0,-9999.0,-9999.0,color,orientation,size,0.3400000000000001,-2.5,804,male,1,1056.0246858330029
2521,-9999.0,-9999.0,-9999.0,-9999.0,-9999.0,-9999.0,-9999.0,-9999.0,-9999.0,color,orientation,size,0.3400000000000001,-2.5,804,male,1,1056.0246858330029
2522,-9999.0,-9999.0,-9999.0,-9999.0,-9999.0,-9999.0,-9999.0,-9999.0,-9999.0,color,orientation,size,0.3400000000000001,-2.5,804,male,1,1056.0246858330029
2523,-9999.0,-9999.0,-9999.0,-9999.0,-9999.0,-9999.0,-9999.0,-9999.0,-9999.0,color,orientation,size,0.3400000000000001,-2.5,804,male,1,1056.0246858330029
2524,-9999.0,-9999.0,-9999.0,-9999.0,-9999.0,-9999.0,-9999.0,-9999.0,-9999.0,color,orientation,size,0.3400000000000001,-2.5,804,male,1,1056.0246858330029
2525,-9999.0,-9999.0,-9999.0,-9999.0,-9999.0,-9999.0,-9999.0,-9999.0,-9999.0,color,orientation,size,0.3400000000000001,-2.5,804,male,1,1056.0246858330029
2526,-9999.0,-9999.0,-9999.0,-9999.0,-9999.0,-9999.0,-9999.0,-9999.0,-9999.0,color,orientation,size,0.3400000000000001,-2.5,804,male,1,1056.0246858330029
2527,-9999.0,-9999.0,-9999.0,-9999.0,-9999.0,-9999.0,-9999.0,-9999.0,-9999.0,color,orientation,size,0.3400000000000001,-2.5,804,male,1,1056.0246858330029
2528,-9999.0,-9999.0,-9999.0,-9999.0,-9999.0,-9999.0,-9999.0,-9999.0,-9999.0,color,orientation,size,0.3400000000000001,-2.5,804,male,1,1056.0246858330029
2529,-9999.0,-9999.0,-9999.0,-9999.0,-9999.0,-9999.0,-9999.0,-9999.0,-9999.0,color,orientation,size,0.3400000000000001,-2.5,804,male,1,1056.0246858330029
2530,-9999.0,-9999.0,-9999.0,-9999.0,-9999.0,-9999.0,-9999.0,-9999.0,-9999.0,color,orientation,size,0.3400000000000001,-2.5,804,male,1,1056.0246858330029
2531,-9999.0,-9999.0,-9999.0,-9999.0,-9999.0,-9999.0,-9999.0,-9999.0,-9999.0,color,orientation,size,0.3400000000000001,-2.5,804,male,1,1056.0246858330029
2532,-9999.0,-9999.0,-9999.0,-9999.0,-9999.0,-9999.0,-9999.0,-9999.0,-9999.0,color,orientation,size,0.3400000000000001,-2.5,804,male,1,1056.0246858330029
2533,-9999.0,-9999.0,-9999.0,-9999.0,-9999.0,-9999.0,-9999.0,-9999.0,-9999.0,color,orientation,size,0.3400000000000001,-2.5,804,male,1,1056.0246858330029
2534,-9999.0,-9999.0,-9999.0,-9999.0,-9999.0,-9999.0,-9999.0,-9999.0,-9999.0,color,orientation,size,0.3400000000000001,-2.5,804,male,1,1056.0246858330029
2535,-9999.0,-9999.0,-9999.0,-9999.0,-9999.0,-9999.0,-9999.0,-9999.0,-9999.0,color,orientation,size,0.3400000000000001,-2.5,804,male,1,1056.0246858330029
2536,-9999.0,-9999.0,-9999.0,-9999.0,-9999.0,-9999.0,-9999.0,-9999.0,-9999.0,color,orientation,size,0.3400000000000001,-2.5,804,male,1,1056.0246858330029
2537,-9999.0,-9999.0,-9999.0,-9999.0,-9999.0,-9999.0,-9999.0,-9999.0,-9999.0,color,orientation,size,0.3400000000000001,-2.5,804,male,1,1056.0246858330029
2538,-9999.0,-9999.0,-9999.0,-9999.0,-9999.0,-9999.0,-9999.0,-9999.0,-9999.0,color,orientation,size,0.3400000000000001,-2.5,804,male,1,1056.0246858330029
2539,-9999.0,-9999.0,-9999.0,-9999.0,-9999.0,-9999.0,-9999.0,-9999.0,-9999.0,color,orientation,size,0.3400000000000001,-2.5,804,male,1,1056.0246858330029
2540,-9999.0,-9999.0,-9999.0,-9999.0,-9999.0,-9999.0,-9999.0,-9999.0,-9999.0,color,orientation,size,0.3400000000000001,-2.5,804,male,1,1056.0246858330029
2541,-9999.0,-9999.0,-9999.0,-9999.0,-9999.0,-9999.0,-9999.0,-9999.0,-9999.0,color,orientation,size,0.3400000000000001,-2.5,804,male,1,1056.0246858330029
2542,-9999.0,-9999.0,-9999.0,-9999.0,-9999.0,-9999.0,-9999.0,-9999.0,-9999.0,color,orientation,size,0.3400000000000001,-2.5,804,male,1,1056.0246858330029
2543,-9999.0,-9999.0,-9999.0,-9999.0,-9999.0,-9999.0,-9999.0,-9999.0,-9999.0,color,orientation,size,0.3400000000000001,-2.5,804,male,1,1056.0246858330029
2544,-9999.0,-9999.0,-9999.0,-9999.0,-9999.0,-9999.0,-9999.0,-9999.0,-9999.0,color,orientation,size,0.3400000000000001,-2.5,804,male,1,1056.0246858330029
2545,-9999.0,-9999.0,-9999.0,-9999.0,-9999.0,-9999.0,-9999.0,-9999.0,-9999.0,color,orientation,size,0.3400000000000001,-2.5,804,male,1,1056.0246858330029
2546,-9999.0,-9999.0,-9999.0,-9999.0,-9999.0,-9999.0,-9999.0,-9999.0,-9999.0,color,orientation,size,0.3400000000000001,-2.5,804,male,1,1056.0246858330029
2547,-9999.0,-9999.0,-9999.0,-9999.0,-9999.0,-9999.0,-9999.0,-9999.0,-9999.0,color,orientation,size,0.3400000000000001,-2.5,804,male,1,1056.0246858330029
2548,-9999.0,-9999.0,-9999.0,-9999.0,-9999.0,-9999.0,-9999.0,-9999.0,-9999.0,color,orientation,size,0.3400000000000001,-2.5,804,male,1,1056.0246858330029
2549,-9999.0,-9999.0,-9999.0,-9999.0,-9999.0,-9999.0,-9999.0,-9999.0,-9999.0,color,orientation,size,0.3400000000000001,-2.5,804,male,1,1056.0246858330029
2550,-9999.0,-9999.0,-9999.0,-9999.0,-9999.0,-9999.0,-9999.0,-9999.0,-9999.0,color,orientation,size,0.3400000000000001,-2.5,804,male,1,1056.0246858330029
2551,-9999.0,-9999.0,-9999.0,-9999.0,-9999.0,-9999.0,-9999.0,-9999.0,-9999.0,color,orientation,size,0.3400000000000001,-2.5,804,male,1,1056.0246858330029
2552,-9999.0,-9999.0,-9999.0,-9999.0,-9999.0,-9999.0,-9999.0,-9999.0,-9999.0,color,orientation,size,0.3400000000000001,-2.5,804,male,1,1056.0246858330029
2553,-9999.0,-9999.0,-9999.0,-9999.0,-9999.0,-9999.0,-9999.0,-9999.0,-9999.0,color,orientation,size,0.3400000000000001,-2.5,804,male,1,1056.0246858330029
2554,-9999.0,-9999.0,-9999.0,-9999.0,-9999.0,-9999.0,-9999.0,-9999.0,-9999.0,color,orientation,size,0.3400000000000001,-2.5,804,male,1,1056.0246858330029
2555,-9999.0,-9999.0,-9999.0,-9999.0,-9999.0,-9999.0,-9999.0,-9999.0,-9999.0,color,orientation,size,0.3400000000000001,-2.5,804,male,1,1056.0246858330029
2556,-9999.0,-9999.0,-9999.0,-9999.0,-9999.0,-9999.0,-9999.0,-9999.0,-9999.0,color,orientation,size,0.3400000000000001,-2.5,804,male,1,1056.0246858330029
2557,-9999.0,-9999.0,-9999.0,-9999.0,-9999.0,-9999.0,-9999.0,-9999.0,-9999.0,color,orientation,size,0.3400000000000001,-2.5,804,male,1,1056.0246858330029
2558,-9999.0,-9999.0,-9999.0,-9999.0,-9999.0,-9999.0,-9999.0,-9999.0,-9999.0,color,orientation,size,0.3400000000000001,-2.5,804,male,1,1056.0246858330029
2559,-9999.0,-9999.0,-9999.0,-9999.0,-9999.0,-9999.0,-9999.0,-9999.0,-9999.0,color,orientation,size,0.3400000000000001,-2.5,804,male,1,1056.0246858330029
2560,-9999.0,-9999.0,-9999.0,-9999.0,-9999.0,-9999.0,-9999.0,-9999.0,-9999.0,color,orientation,size,0.3400000000000001,-2.5,804,male,1,1056.0246858330029
2561,-9999.0,-9999.0,-9999.0,-9999.0,-9999.0,-9999.0,-9999.0,-9999.0,-9999.0,color,orientation,size,0.3400000000000001,-2.5,804,male,1,1056.0246858330029
2562,-9999.0,-9999.0,-9999.0,-9999.0,-9999.0,-9999.0,-9999.0,-9999.0,-9999.0,color,orientation,size,0.3400000000000001,-2.5,804,male,1,1056.0246858330029
2563,-9999.0,-9999.0,-9999.0,-9999.0,-9999.0,-9999.0,-9999.0,-9999.0,-9999.0,color,orientation,size,0.3400000000000001,-2.5,804,male,1,1056.0246858330029
2564,-9999.0,-9999.0,-9999.0,-9999.0,-9999.0,-9999.0,-9999.0,-9999.0,-9999.0,color,orientation,size,0.3400000000000001,-2.5,804,male,1,1056.0246858330029
2565,-9999.0,-9999.0,-9999.0,-9999.0,-9999.0,-9999.0,-9999.0,-9999.0,-9999.0,color,orientation,size,0.3400000000000001,-2.5,804,male,1,1056.0246858330029
2566,-9999.0,-9999.0,-9999.0,-9999.0,-9999.0,-9999.0,-9999.0,-9999.0,-9999.0,color,orientation,size,0.3400000000000001,-2.5,804,male,1,1056.0246858330029
2567,-9999.0,-9999.0,-9999.0,-9999.0,-9999.0,-9999.0,-9999.0,-9999.0,-9999.0,color,orientation,size,0.3400000000000001,-2.5,804,male,1,1056.0246858330029
2568,-9999.0,-9999.0,-9999.0,-9999.0,-9999.0,-9999.0,-9999.0,-9999.0,-9999.0,color,orientation,size,0.3400000000000001,-2.5,804,male,1,1056.0246858330029
2569,-9999.0,-9999.0,-9999.0,-9999.0,-9999.0,-9999.0,-9999.0,-9999.0,-9999.0,color,orientation,size,0.3400000000000001,-2.5,804,male,1,1056.0246858330029
2570,-9999.0,-9999.0,-9999.0,-9999.0,-9999.0,-9999.0,-9999.0,-9999.0,-9999.0,color,orientation,size,0.3400000000000001,-2.5,804,male,1,1056.0246858330029
2571,-9999.0,-9999.0,-9999.0,-9999.0,-9999.0,-9999.0,-9999.0,-9999.0,-9999.0,color,orientation,size,0.3400000000000001,-2.5,804,male,1,1056.0246858330029
2572,-9999.0,-9999.0,-9999.0,-9999.0,-9999.0,-9999.0,-9999.0,-9999.0,-9999.0,color,orientation,size,0.3400000000000001,-2.5,804,male,1,1056.0246858330029
2573,-9999.0,-9999.0,-9999.0,-9999.0,-9999.0,-9999.0,-9999.0,-9999.0,-9999.0,color,orientation,size,0.3400000000000001,-2.5,804,male,1,1056.0246858330029
2574,-9999.0,-9999.0,-9999.0,-9999.0,-9999.0,-9999.0,-9999.0,-9999.0,-9999.0,color,orientation,size,0.3400000000000001,-2.5,804,male,1,1056.0246858330029
2575,-9999.0,-9999.0,-9999.0,-9999.0,-9999.0,-9999.0,-9999.0,-9999.0,-9999.0,color,orientation,size,0.3400000000000001,-2.5,804,male,1,1056.0246858330029
2576,-9999.0,-9999.0,-9999.0,-9999.0,-9999.0,-9999.0,-9999.0,-9999.0,-9999.0,color,orientation,size,0.3400000000000001,-2.5,804,male,1,1056.0246858330029
2577,-9999.0,-9999.0,-9999.0,-9999.0,-9999.0,-9999.0,-9999.0,-9999.0,-9999.0,color,orientation,size,0.3400000000000001,-2.5,804,male,1,1056.0246858330029
2578,-9999.0,-9999.0,-9999.0,-9999.0,-9999.0,-9999.0,-9999.0,-9999.0,-9999.0,color,orientation,size,0.3400000000000001,-2.5,804,male,1,1056.0246858330029
2579,-9999.0,-9999.0,-9999.0,-9999.0,-9999.0,-9999.0,-9999.0,-9999.0,-9999.0,color,orientation,size,0.3400000000000001,-2.5,804,male,1,1056.0246858330029
2580,-9999.0,-9999.0,-9999.0,-9999.0,-9999.0,-9999.0,-9999.0,-9999.0,-9999.0,color,orientation,size,0.3400000000000001,-2.5,804,male,1,1056.0246858330029
2581,-9999.0,-9999.0,-9999.0,-9999.0,-9999.0,-9999.0,-9999.0,-9999.0,-9999.0,color,orientation,size,0.3400000000000001,-2.5,804,male,1,1056.0246858330029
2582,-9999.0,-9999.0,-9999.0,-9999.0,-9999.0,-9999.0,-9999.0,-9999.0,-9999.0,color,orientation,size,0.3400000000000001,-2.5,804,male,1,1056.0246858330029
2583,-9999.0,-9999.0,-9999.0,-9999.0,-9999.0,-9999.0,-9999.0,-9999.0,-9999.0,color,orientation,size,0.3400000000000001,-2.5,804,male,1,1056.0246858330029
2584,-9999.0,-9999.0,-9999.0,-9999.0,-9999.0,-9999.0,-9999.0,-9999.0,-9999.0,color,orientation,size,0.3400000000000001,-2.5,804,male,1,1056.0246858330029
2585,-9999.0,-9999.0,-9999.0,-9999.0,-9999.0,-9999.0,-9999.0,-9999.0,-9999.0,color,orientation,size,0.3400000000000001,-2.5,804,male,1,1056.0246858330029
2586,-9999.0,-9999.0,-9999.0,-9999.0,-9999.0,-9999.0,-9999.0,-9999.0,-9999.0,color,orientation,size,0.3400000000000001,-2.5,804,male,1,1056.0246858330029
2587,-9999.0,-9999.0,-9999.0,-9999.0,-9999.0,-9999.0,-9999.0,-9999.0,-9999.0,color,orientation,size,0.3400000000000001,-2.5,804,male,1,1056.0246858330029
2588,-9999.0,-9999.0,-9999.0,-9999.0,-9999.0,-9999.0,-9999.0,-9999.0,-9999.0,color,orientation,size,0.3400000000000001,-2.5,804,male,1,1056.0246858330029
2589,-9999.0,-9999.0,-9999.0,-9999.0,-9999.0,-9999.0,-9999.0,-9999.0,-9999.0,color,orientation,size,0.3400000000000001,-2.5,804,male,1,1056.0246858330029
2590,-9999.0,-9999.0,-9999.0,-9999.0,-9999.0,-9999.0,-9999.0,-9999.0,-9999.0,color,orientation,size,0.3400000000000001,-2.5,804,male,1,1056.0246858330029
2591,-9999.0,-9999.0,-9999.0,-9999.0,-9999.0,-9999.0,-9999.0,-9999.0,-9999.0,color,orientation,size,0.3400000000000001,-2.5,804,male,1,1056.0246858330029
2592,-9999.0,-9999.0,-9999.0,-9999.0,-9999.0,-9999.0,-9999.0,-9999.0,-9999.0,color,orientation,size,0.3400000000000001,-2.5,804,male,1,1056.0246858330029
2593,-9999.0,-9999.0,-9999.0,-9999.0,-9999.0,-9999.0,-9999.0,-9999.0,-9999.0,color,orientation,size,0.3400000000000001,-2.5,804,male,1,1056.0246858330029
2594,-9999.0,-9999.0,-9999.0,-9999.0,-9999.0,-9999.0,-9999.0,-9999.0,-9999.0,color,orientation,size,0.3400000000000001,-2.5,804,male,1,1056.0246858330029
2595,-9999.0,-9999.0,-9999.0,-9999.0,-9999.0,-9999.0,-9999.0,-9999.0,-9999.0,color,orientation,size,0.3400000000000001,-2.5,804,male,1,1056.0246858330029
2596,-9999.0,-9999.0,-9999.0,-9999.0,-9999.0,-9999.0,-9999.0,-9999.0,-9999.0,color,orientation,size,0.3400000000000001,-2.5,804,male,1,1056.0246858330029
2597,-9999.0,-9999.0,-9999.0,-9999.0,-9999.0,-9999.0,-9999.0,-9999.0,-9999.0,color,orientation,size,0.3400000000000001,-2.5,804,male,1,1056.0246858330029
2598,-9999.0,-9999.0,-9999.0,-9999.0,-9999.0,-9999.0,-9999.0,-9999.0,-9999.0,color,orientation,size,0.3400000000000001,-2.5,804,male,1,1056.0246858330029
2599,-9999.0,-9999.0,-9999.0,-9999.0,-9999.0,-9999.0,-9999.0,-9999.0,-9999.0,color,orientation,size,0.3400000000000001,-2.5,804,male,1,1056.0246858330029
2600,-9999.0,-9999.0,-9999.0,-9999.0,-9999.0,-9999.0,-9999.0,-9999.0,-9999.0,color,orientation,size,0.3400000000000001,-2.5,804,male,1,1056.0246858330029
2601,-9999.0,-9999.0,-9999.0,-9999.0,-9999.0,-9999.0,-9999.0,-9999.0,-9999.0,color,orientation,size,0.3400000000000001,-2.5,804,male,1,1056.0246858330029
2602,-9999.0,-9999.0,-9999.0,-9999.0,-9999.0,-9999.0,-9999.0,-9999.0,-9999.0,color,orientation,size,0.3400000000000001,-2.5,804,male,1,1056.0246858330029
2603,-9999.0,-9999.0,-9999.0,-9999.0,-9999.0,-9999.0,-9999.0,-9999.0,-9999.0,color,orientation,size,0.3400000000000001,-2.5,804,male,1,1056.0246858330029
2604,-9999.0,-9999.0,-9999.0,-9999.0,-9999.0,-9999.0,-9999.0,-9999.0,-9999.0,color,orientation,size,0.3400000000000001,-2.5,804,male,1,1056.0246858330029
2605,-9999.0,-9999.0,-9999.0,-9999.0,-9999.0,-9999.0,-9999.0,-9999.0,-9999.0,color,orientation,size,0.3400000000000001,-2.5,804,male,1,1056.0246858330029
2606,-9999.0,-9999.0,-9999.0,-9999.0,-9999.0,-9999.0,-9999.0,-9999.0,-9999.0,color,orientation,size,0.3400000000000001,-2.5,804,male,1,1056.0246858330029
2607,-9999.0,-9999.0,-9999.0,-9999.0,-9999.0,-9999.0,-9999.0,-9999.0,-9999.0,color,orientation,size,0.3400000000000001,-2.5,804,male,1,1056.0246858330029
2608,-9999.0,-9999.0,-9999.0,-9999.0,-9999.0,-9999.0,-9999.0,-9999.0,-9999.0,color,orientation,size,0.3400000000000001,-2.5,804,male,1,1056.0246858330029
2609,-9999.0,-9999.0,-9999.0,-9999.0,-9999.0,-9999.0,-9999.0,-9999.0,-9999.0,color,orientation,size,0.3400000000000001,-2.5,804,male,1,1056.0246858330029
2610,-9999.0,-9999.0,-9999.0,-9999.0,-9999.0,-9999.0,-9999.0,-9999.0,-9999.0,color,orientation,size,0.3400000000000001,-2.5,804,male,1,1056.0246858330029
2611,-9999.0,-9999.0,-9999.0,-9999.0,-9999.0,-9999.0,-9999.0,-9999.0,-9999.0,color,orientation,size,0.3400000000000001,-2.5,804,male,1,1056.0246858330029
2612,-9999.0,-9999.0,-9999.0,-9999.0,-9999.0,-9999.0,-9999.0,-9999.0,-9999.0,color,orientation,size,0.3400000000000001,-2.5,804,male,1,1056.0246858330029
2613,-9999.0,-9999.0,-9999.0,-9999.0,-9999.0,-9999.0,-9999.0,-9999.0,-9999.0,color,orientation,size,0.3400000000000001,-2.5,804,male,1,1056.0246858330029
2614,-9999.0,-9999.0,-9999.0,-9999.0,-9999.0,-9999.0,-9999.0,-9999.0,-9999.0,color,orientation,size,0.3400000000000001,-2.5,804,male,1,1056.0246858330029
2615,-9999.0,-9999.0,-9999.0,-9999.0,-9999.0,-9999.0,-9999.0,-9999.0,-9999.0,color,orientation,size,0.3400000000000001,-2.5,804,male,1,1056.0246858330029
2616,-9999.0,-9999.0,-9999.0,-9999.0,-9999.0,-9999.0,-9999.0,-9999.0,-9999.0,color,orientation,size,0.3400000000000001,-2.5,804,male,1,1056.0246858330029
2617,-9999.0,-9999.0,-9999.0,-9999.0,-9999.0,-9999.0,-9999.0,-9999.0,-9999.0,color,orientation,size,0.3400000000000001,-2.5,804,male,1,1056.0246858330029
2618,-9999.0,-9999.0,-9999.0,-9999.0,-9999.0,-9999.0,-9999.0,-9999.0,-9999.0,color,orientation,size,0.3400000000000001,-2.5,804,male,1,1056.0246858330029
2619,-9999.0,-9999.0,-9999.0,-9999.0,-9999.0,-9999.0,-9999.0,-9999.0,-9999.0,color,orientation,size,0.3400000000000001,-2.5,804,male,1,1056.0246858330029
2620,-9999.0,-9999.0,-9999.0,-9999.0,-9999.0,-9999.0,-9999.0,-9999.0,-9999.0,color,orientation,size,0.3400000000000001,-2.5,804,male,1,1056.0246858330029
2621,-9999.0,-9999.0,-9999.0,-9999.0,-9999.0,-9999.0,-9999.0,-9999.0,-9999.0,color,orientation,size,0.3400000000000001,-2.5,804,male,1,1056.0246858330029
2622,-9999.0,-9999.0,-9999.0,-9999.0,-9999.0,-9999.0,-9999.0,-9999.0,-9999.0,color,orientation,size,0.3400000000000001,-2.5,804,male,1,1056.0246858330029
2623,-9999.0,-9999.0,-9999.0,-9999.0,-9999.0,-9999.0,-9999.0,-9999.0,-9999.0,color,orientation,size,0.3400000000000001,-2.5,804,male,1,1056.0246858330029
2624,-9999.0,-9999.0,-9999.0,-9999.0,-9999.0,-9999.0,-9999.0,-9999.0,-9999.0,color,orientation,size,0.3400000000000001,-2.5,804,male,1,1056.0246858330029
2625,-9999.0,-9999.0,-9999.0,-9999.0,-9999.0,-9999.0,-9999.0,-9999.0,-9999.0,color,orientation,size,0.3400000000000001,-2.5,804,male,1,1056.0246858330029
2626,-9999.0,-9999.0,-9999.0,-9999.0,-9999.0,-9999.0,-9999.0,-9999.0,-9999.0,color,orientation,size,0.3400000000000001,-2.5,804,male,1,1056.0246858330029
2627,-9999.0,-9999.0,-9999.0,-9999.0,-9999.0,-9999.0,-9999.0,-9999.0,-9999.0,color,orientation,size,0.3400000000000001,-2.5,804,male,1,1056.0246858330029
2628,-9999.0,-9999.0,-9999.0,-9999.0,-9999.0,-9999.0,-9999.0,-9999.0,-9999.0,color,orientation,size,0.3400000000000001,-2.5,804,male,1,1056.0246858330029
2629,-9999.0,-9999.0,-9999.0,-9999.0,-9999.0,-9999.0,-9999.0,-9999.0,-9999.0,color,orientation,size,0.3400000000000001,-2.5,804,male,1,1056.0246858330029
2630,-9999.0,-9999.0,-9999.0,-9999.0,-9999.0,-9999.0,-9999.0,-9999.0,-9999.0,color,orientation,size,0.3400000000000001,-2.5,804,male,1,1056.0246858330029
2631,-9999.0,-9999.0,-9999.0,-9999.0,-9999.0,-9999.0,-9999.0,-9999.0,-9999.0,color,orientation,size,0.3400000000000001,-2.5,804,male,1,1056.0246858330029
2632,-9999.0,-9999.0,-9999.0,-9999.0,-9999.0,-9999.0,-9999.0,-9999.0,-9999.0,color,orientation,size,0.3400000000000001,-2.5,804,male,1,1056.0246858330029
2633,-9999.0,-9999.0,-9999.0,-9999.0,-9999.0,-9999.0,-9999.0,-9999.0,-9999.0,color,orientation,size,0.3400000000000001,-2.5,804,male,1,1056.0246858330029
2634,-9999.0,-9999.0,-9999.0,-9999.0,-9999.0,-9999.0,-9999.0,-9999.0,-9999.0,color,orientation,size,0.3400000000000001,-2.5,804,male,1,1056.0246858330029
2635,-9999.0,-9999.0,-9999.0,-9999.0,-9999.0,-9999.0,-9999.0,-9999.0,-9999.0,color,orientation,size,0.3400000000000001,-2.5,804,male,1,1056.0246858330029
2636,-9999.0,-9999.0,-9999.0,-9999.0,-9999.0,-9999.0,-9999.0,-9999.0,-9999.0,color,orientation,size,0.3400000000000001,-2.5,804,male,1,1056.0246858330029
2637,-9999.0,-9999.0,-9999.0,-9999.0,-9999.0,-9999.0,-9999.0,-9999.0,-9999.0,color,orientation,size,0.3400000000000001,-2.5,804,male,1,1056.0246858330029
2638,-9999.0,-9999.0,-9999.0,-9999.0,-9999.0,-9999.0,-9999.0,-9999.0,-9999.0,color,orientation,size,0.3400000000000001,-2.5,804,male,1,1056.0246858330029
2639,-9999.0,-9999.0,-9999.0,-9999.0,-9999.0,-9999.0,-9999.0,-9999.0,-9999.0,color,orientation,size,0.3400000000000001,-2.5,804,male,1,1056.0246858330029
2640,-9999.0,-9999.0,-9999.0,-9999.0,-9999.0,-9999.0,-9999.0,-9999.0,-9999.0,color,orientation,size,0.3400000000000001,-2.5,804,male,1,1056.0246858330029
2641,-9999.0,-9999.0,-9999.0,-9999.0,-9999.0,-9999.0,-9999.0,-9999.0,-9999.0,color,orientation,size,0.3400000000000001,-2.5,804,male,1,1056.0246858330029
2642,-9999.0,-9999.0,-9999.0,-9999.0,-9999.0,-9999.0,-9999.0,-9999.0,-9999.0,color,orientation,size,0.3400000000000001,-2.5,804,male,1,1056.0246858330029
2643,-9999.0,-9999.0,-9999.0,-9999.0,-9999.0,-9999.0,-9999.0,-9999.0,-9999.0,color,orientation,size,0.3400000000000001,-2.5,804,male,1,1056.0246858330029
2644,-9999.0,-9999.0,-9999.0,-9999.0,-9999.0,-9999.0,-9999.0,-9999.0,-9999.0,color,orientation,size,0.3400000000000001,-2.5,804,male,1,1056.0246858330029
2645,-9999.0,-9999.0,-9999.0,-9999.0,-9999.0,-9999.0,-9999.0,-9999.0,-9999.0,color,orientation,size,0.3400000000000001,-2.5,804,male,1,1056.0246858330029
2646,-9999.0,-9999.0,-9999.0,-9999.0,-9999.0,-9999.0,-9999.0,-9999.0,-9999.0,color,orientation,size,0.3400000000000001,-2.5,804,male,1,1056.0246858330029
2647,-9999.0,-9999.0,-9999.0,-9999.0,-9999.0,-9999.0,-9999.0,-9999.0,-9999.0,color,orientation,size,0.3400000000000001,-2.5,804,male,1,1056.0246858330029
2648,-9999.0,-9999.0,-9999.0,-9999.0,-9999.0,-9999.0,-9999.0,-9999.0,-9999.0,color,orientation,size,0.3400000000000001,-2.5,804,male,1,1056.0246858330029
2649,-9999.0,-9999.0,-9999.0,-9999.0,-9999.0,-9999.0,-9999.0,-9999.0,-9999.0,color,orientation,size,0.3400000000000001,-2.5,804,male,1,1056.0246858330029
2650,-9999.0,-9999.0,-9999.0,-9999.0,-9999.0,-9999.0,-9999.0,-9999.0,-9999.0,color,orientation,size,0.3400000000000001,-2.5,804,male,1,1056.0246858330029
2651,-9999.0,-9999.0,-9999.0,-9999.0,-9999.0,-9999.0,-9999.0,-9999.0,-9999.0,color,orientation,size,0.3400000000000001,-2.5,804,male,1,1056.0246858330029
2652,-9999.0,-9999.0,-9999.0,-9999.0,-9999.0,-9999.0,-9999.0,-9999.0,-9999.0,color,orientation,size,0.3400000000000001,-2.5,804,male,1,1056.0246858330029
2653,-9999.0,-9999.0,-9999.0,-9999.0,-9999.0,-9999.0,-9999.0,-9999.0,-9999.0,color,orientation,size,0.3400000000000001,-2.5,804,male,1,1056.0246858330029
2654,-9999.0,-9999.0,-9999.0,-9999.0,-9999.0,-9999.0,-9999.0,-9999.0,-9999.0,color,orientation,size,0.3400000000000001,-2.5,804,male,1,1056.0246858330029
2655,-9999.0,-9999.0,-9999.0,-9999.0,-9999.0,-9999.0,-9999.0,-9999.0,-9999.0,color,orientation,size,0.3400000000000001,-2.5,804,male,1,1056.0246858330029
2656,-9999.0,-9999.0,-9999.0,-9999.0,-9999.0,-9999.0,-9999.0,-9999.0,-9999.0,color,orientation,size,0.3400000000000001,-2.5,804,male,1,1056.0246858330029
2657,-9999.0,-9999.0,-9999.0,-9999.0,-9999.0,-9999.0,-9999.0,-9999.0,-9999.0,color,orientation,size,0.3400000000000001,-2.5,804,male,1,1056.0246858330029
2658,-9999.0,-9999.0,-9999.0,-9999.0,-9999.0,-9999.0,-9999.0,-9999.0,-9999.0,color,orientation,size,0.3400000000000001,-2.5,804,male,1,1056.0246858330029
2659,-9999.0,-9999.0,-9999.0,-9999.0,-9999.0,-9999.0,-9999.0,-9999.0,-9999.0,color,orientation,size,0.3400000000000001,-2.5,804,male,1,1056.0246858330029
2660,-9999.0,-9999.0,-9999.0,-9999.0,-9999.0,-9999.0,-9999.0,-9999.0,-9999.0,color,orientation,size,0.3400000000000001,-2.5,804,male,1,1056.0246858330029
2661,-9999.0,-9999.0,-9999.0,-9999.0,-9999.0,-9999.0,-9999.0,-9999.0,-9999.0,color,orientation,size,0.3400000000000001,-2.5,804,male,1,1056.0246858330029
2662,-9999.0,-9999.0,-9999.0,-9999.0,-9999.0,-9999.0,-9999.0,-9999.0,-9999.0,color,orientation,size,0.3400000000000001,-2.5,804,male,1,1056.0246858330029
2663,-9999.0,-9999.0,-9999.0,-9999.0,-9999.0,-9999.0,-9999.0,-9999.0,-9999.0,color,orientation,size,0.3400000000000001,-2.5,804,male,1,1056.0246858330029
2664,-9999.0,-9999.0,-9999.0,-9999.0,-9999.0,-9999.0,-9999.0,-9999.0,-9999.0,color,orientation,size,0.3400000000000001,-2.5,804,male,1,1056.0246858330029
2665,-9999.0,-9999.0,-9999.0,-9999.0,-9999.0,-9999.0,-9999.0,-9999.0,-9999.0,color,orientation,size,0.3400000000000001,-2.5,804,male,1,1056.0246858330029
2666,-9999.0,-9999.0,-9999.0,-9999.0,-9999.0,-9999.0,-9999.0,-9999.0,-9999.0,color,orientation,size,0.3400000000000001,-2.5,804,male,1,1056.0246858330029
2667,-9999.0,-9999.0,-9999.0,-9999.0,-9999.0,-9999.0,-9999.0,-9999.0,-9999.0,color,orientation,size,0.3400000000000001,-2.5,804,male,1,1056.0246858330029
2668,-9999.0,-9999.0,-9999.0,-9999.0,-9999.0,-9999.0,-9999.0,-9999.0,-9999.0,color,orientation,size,0.3400000000000001,-2.5,804,male,1,1056.0246858330029
2669,-9999.0,-9999.0,-9999.0,-9999.0,-9999.0,-9999.0,-9999.0,-9999.0,-9999.0,color,orientation,size,0.3400000000000001,-2.5,804,male,1,1056.0246858330029
2670,-9999.0,-9999.0,-9999.0,-9999.0,-9999.0,-9999.0,-9999.0,-9999.0,-9999.0,color,orientation,size,0.3400000000000001,-2.5,804,male,1,1056.0246858330029
2671,-9999.0,-9999.0,-9999.0,-9999.0,-9999.0,-9999.0,-9999.0,-9999.0,-9999.0,color,orientation,size,0.3400000000000001,-2.5,804,male,1,1056.0246858330029
2672,-9999.0,-9999.0,-9999.0,-9999.0,-9999.0,-9999.0,-9999.0,-9999.0,-9999.0,color,orientation,size,0.3400000000000001,-2.5,804,male,1,1056.0246858330029
2673,-9999.0,-9999.0,-9999.0,-9999.0,-9999.0,-9999.0,-9999.0,-9999.0,-9999.0,color,orientation,size,0.3400000000000001,-2.5,804,male,1,1056.0246858330029
2674,-9999.0,-9999.0,-9999.0,-9999.0,-9999.0,-9999.0,-9999.0,-9999.0,-9999.0,color,orientation,size,0.3400000000000001,-2.5,804,male,1,1056.0246858330029
2675,-9999.0,-9999.0,-9999.0,-9999.0,-9999.0,-9999.0,-9999.0,-9999.0,-9999.0,color,orientation,size,0.3400000000000001,-2.5,804,male,1,1056.0246858330029
2676,-9999.0,-9999.0,-9999.0,-9999.0,-9999.0,-9999.0,-9999.0,-9999.0,-9999.0,color,orientation,size,0.3400000000000001,-2.5,804,male,1,1056.0246858330029
2677,-9999.0,-9999.0,-9999.0,-9999.0,-9999.0,-9999.0,-9999.0,-9999.0,-9999.0,color,orientation,size,0.3400000000000001,-2.5,804,male,1,1056.0246858330029
2678,-9999.0,-9999.0,-9999.0,-9999.0,-9999.0,-9999.0,-9999.0,-9999.0,-9999.0,color,orientation,size,0.3400000000000001,-2.5,804,male,1,1056.0246858330029
2679,-9999.0,-9999.0,-9999.0,-9999.0,-9999.0,-9999.0,-9999.0,-9999.0,-9999.0,color,orientation,size,0.3400000000000001,-2.5,804,male,1,1056.0246858330029
2680,-9999.0,-9999.0,-9999.0,-9999.0,-9999.0,-9999.0,-9999.0,-9999.0,-9999.0,color,orientation,size,0.3400000000000001,-2.5,804,male,1,1056.0246858330029
2681,-9999.0,-9999.0,-9999.0,-9999.0,-9999.0,-9999.0,-9999.0,-9999.0,-9999.0,color,orientation,size,0.3400000000000001,-2.5,804,male,1,1056.0246858330029
2682,-9999.0,-9999.0,-9999.0,-9999.0,-9999.0,-9999.0,-9999.0,-9999.0,-9999.0,color,orientation,size,0.3400000000000001,-2.5,804,male,1,1056.0246858330029
2683,-9999.0,-9999.0,-9999.0,-9999.0,-9999.0,-9999.0,-9999.0,-9999.0,-9999.0,color,orientation,size,0.3400000000000001,-2.5,804,male,1,1056.0246858330029
2684,-9999.0,-9999.0,-9999.0,-9999.0,-9999.0,-9999.0,-9999.0,-9999.0,-9999.0,color,orientation,size,0.3400000000000001,-2.5,804,male,1,1056.0246858330029
2685,-9999.0,-9999.0,-9999.0,-9999.0,-9999.0,-9999.0,-9999.0,-9999.0,-9999.0,color,orientation,size,0.3400000000000001,-2.5,804,male,1,1056.0246858330029
2686,-9999.0,-9999.0,-9999.0,-9999.0,-9999.0,-9999.0,-9999.0,-9999.0,-9999.0,color,orientation,size,0.3400000000000001,-2.5,804,male,1,1056.0246858330029
2687,-9999.0,-9999.0,-9999.0,-9999.0,-9999.0,-9999.0,-9999.0,-9999.0,-9999.0,color,orientation,size,0.3400000000000001,-2.5,804,male,1,1056.0246858330029
2688,-9999.0,-9999.0,-9999.0,-9999.0,-9999.0,-9999.0,-9999.0,-9999.0,-9999.0,color,orientation,size,0.3400000000000001,-2.5,804,male,1,1056.0246858330029
2689,-9999.0,-9999.0,-9999.0,-9999.0,-9999.0,-9999.0,-9999.0,-9999.0,-9999.0,color,orientation,size,0.3400000000000001,-2.5,804,male,1,1056.0246858330029
2690,-9999.0,-9999.0,-9999.0,-9999.0,-9999.0,-9999.0,-9999.0,-9999.0,-9999.0,color,orientation,size,0.3400000000000001,-2.5,804,male,1,1056.0246858330029
2691,-9999.0,-9999.0,-9999.0,-9999.0,-9999.0,-9999.0,-9999.0,-9999.0,-9999.0,color,orientation,size,0.3400000000000001,-2.5,804,male,1,1056.0246858330029
2692,-9999.0,-9999.0,-9999.0,-9999.0,-9999.0,-9999.0,-9999.0,-9999.0,-9999.0,color,orientation,size,0.3400000000000001,-2.5,804,male,1,1056.0246858330029
2693,-9999.0,-9999.0,-9999.0,-9999.0,-9999.0,-9999.0,-9999.0,-9999.0,-9999.0,color,orientation,size,0.3400000000000001,-2.5,804,male,1,1056.0246858330029
2694,-9999.0,-9999.0,-9999.0,-9999.0,-9999.0,-9999.0,-9999.0,-9999.0,-9999.0,color,orientation,size,0.3400000000000001,-2.5,804,male,1,1056.0246858330029
2695,-9999.0,-9999.0,-9999.0,-9999.0,-9999.0,-9999.0,-9999.0,-9999.0,-9999.0,color,orientation,size,0.3400000000000001,-2.5,804,male,1,1056.0246858330029
2696,-9999.0,-9999.0,-9999.0,-9999.0,-9999.0,-9999.0,-9999.0,-9999.0,-9999.0,color,orientation,size,0.3400000000000001,-2.5,804,male,1,1056.0246858330029
2697,-9999.0,-9999.0,-9999.0,-9999.0,-9999.0,-9999.0,-9999.0,-9999.0,-9999.0,color,orientation,size,0.3400000000000001,-2.5,804,male,1,1056.0246858330029
2698,-9999.0,-9999.0,-9999.0,-9999.0,-9999.0,-9999.0,-9999.0,-9999.0,-9999.0,color,orientation,size,0.3400000000000001,-2.5,804,male,1,1056.0246858330029
2699,-9999.0,-9999.0,-9999.0,-9999.0,-9999.0,-9999.0,-9999.0,-9999.0,-9999.0,color,orientation,size,0.3400000000000001,-2.5,804,male,1,1056.0246858330029
2700,-9999.0,-9999.0,-9999.0,-9999.0,-9999.0,-9999.0,-9999.0,-9999.0,-9999.0,color,orientation,size,0.3400000000000001,-2.5,804,male,1,1056.0246858330029
2701,-9999.0,-9999.0,-9999.0,-9999.0,-9999.0,-9999.0,-9999.0,-9999.0,-9999.0,color,orientation,size,0.3400000000000001,-2.5,804,male,1,1056.0246858330029
2702,-9999.0,-9999.0,-9999.0,-9999.0,-9999.0,-9999.0,-9999.0,-9999.0,-9999.0,color,orientation,size,0.3400000000000001,-2.5,804,male,1,1056.0246858330029
2703,-9999.0,-9999.0,-9999.0,-9999.0,-9999.0,-9999.0,-9999.0,-9999.0,-9999.0,color,orientation,size,0.3400000000000001,-2.5,804,male,1,1056.0246858330029
2704,-9999.0,-9999.0,-9999.0,-9999.0,-9999.0,-9999.0,-9999.0,-9999.0,-9999.0,color,orientation,size,0.3400000000000001,-2.5,804,male,1,1056.0246858330029
2705,-9999.0,-9999.0,-9999.0,-9999.0,-9999.0,-9999.0,-9999.0,-9999.0,-9999.0,color,orientation,size,0.3400000000000001,-2.5,804,male,1,1056.0246858330029
2706,-9999.0,-9999.0,-9999.0,-9999.0,-9999.0,-9999.0,-9999.0,-9999.0,-9999.0,color,orientation,size,0.3400000000000001,-2.5,804,male,1,1056.0246858330029
2707,-9999.0,-9999.0,-9999.0,-9999.0,-9999.0,-9999.0,-9999.0,-9999.0,-9999.0,color,orientation,size,0.3400000000000001,-2.5,804,male,1,1056.0246858330029
2708,-9999.0,-9999.0,-9999.0,-9999.0,-9999.0,-9999.0,-9999.0,-9999.0,-9999.0,color,orientation,size,0.3400000000000001,-2.5,804,male,1,1056.0246858330029
2709,-9999.0,-9999.0,-9999.0,-9999.0,-9999.0,-9999.0,-9999.0,-9999.0,-9999.0,color,orientation,size,0.3400000000000001,-2.5,804,male,1,1056.0246858330029
2710,-9999.0,-9999.0,-9999.0,-9999.0,-9999.0,-9999.0,-9999.0,-9999.0,-9999.0,color,orientation,size,0.3400000000000001,-2.5,804,male,1,1056.0246858330029
2711,-9999.0,-9999.0,-9999.0,-9999.0,-9999.0,-9999.0,-9999.0,-9999.0,-9999.0,color,orientation,size,0.3400000000000001,-2.5,804,male,1,1056.0246858330029
2712,-9999.0,-9999.0,-9999.0,-9999.0,-9999.0,-9999.0,-9999.0,-9999.0,-9999.0,color,orientation,size,0.3400000000000001,-2.5,804,male,1,1056.0246858330029
2713,-9999.0,-9999.0,-9999.0,-9999.0,-9999.0,-9999.0,-9999.0,-9999.0,-9999.0,color,orientation,size,0.3400000000000001,-2.5,804,male,1,1056.0246858330029
2714,-9999.0,-9999.0,-9999.0,-9999.0,-9999.0,-9999.0,-9999.0,-9999.0,-9999.0,color,orientation,size,0.3400000000000001,-2.5,804,male,1,1056.0246858330029
2715,-9999.0,-9999.0,-9999.0,-9999.0,-9999.0,-9999.0,-9999.0,-9999.0,-9999.0,color,orientation,size,0.3400000000000001,-2.5,804,male,1,1056.0246858330029
2716,-9999.0,-9999.0,-9999.0,-9999.0,-9999.0,-9999.0,-9999.0,-9999.0,-9999.0,color,orientation,size,0.3400000000000001,-2.5,804,male,1,1056.0246858330029
2717,-9999.0,-9999.0,-9999.0,-9999.0,-9999.0,-9999.0,-9999.0,-9999.0,-9999.0,color,orientation,size,0.3400000000000001,-2.5,804,male,1,1056.0246858330029
2718,-9999.0,-9999.0,-9999.0,-9999.0,-9999.0,-9999.0,-9999.0,-9999.0,-9999.0,color,orientation,size,0.3400000000000001,-2.5,804,male,1,1056.0246858330029
2719,-9999.0,-9999.0,-9999.0,-9999.0,-9999.0,-9999.0,-9999.0,-9999.0,-9999.0,color,orientation,size,0.3400000000000001,-2.5,804,male,1,1056.0246858330029
2720,-9999.0,-9999.0,-9999.0,-9999.0,-9999.0,-9999.0,-9999.0,-9999.0,-9999.0,color,orientation,size,0.3400000000000001,-2.5,804,male,1,1056.0246858330029
2721,-9999.0,-9999.0,-9999.0,-9999.0,-9999.0,-9999.0,-9999.0,-9999.0,-9999.0,color,orientation,size,0.3400000000000001,-2.5,804,male,1,1056.0246858330029
2722,-9999.0,-9999.0,-9999.0,-9999.0,-9999.0,-9999.0,-9999.0,-9999.0,-9999.0,color,orientation,size,0.3400000000000001,-2.5,804,male,1,1056.0246858330029
2723,-9999.0,-9999.0,-9999.0,-9999.0,-9999.0,-9999.0,-9999.0,-9999.0,-9999.0,color,orientation,size,0.3400000000000001,-2.5,804,male,1,1056.0246858330029
2724,-9999.0,-9999.0,-9999.0,-9999.0,-9999.0,-9999.0,-9999.0,-9999.0,-9999.0,color,orientation,size,0.3400000000000001,-2.5,804,male,1,1056.0246858330029
2725,-9999.0,-9999.0,-9999.0,-9999.0,-9999.0,-9999.0,-9999.0,-9999.0,-9999.0,color,orientation,size,0.3400000000000001,-2.5,804,male,1,1056.0246858330029
2726,-9999.0,-9999.0,-9999.0,-9999.0,-9999.0,-9999.0,-9999.0,-9999.0,-9999.0,color,orientation,size,0.3400000000000001,-2.5,804,male,1,1056.0246858330029
2727,-9999.0,-9999.0,-9999.0,-9999.0,-9999.0,-9999.0,-9999.0,-9999.0,-9999.0,color,orientation,size,0.3400000000000001,-2.5,804,male,1,1056.0246858330029
2728,-9999.0,-9999.0,-9999.0,-9999.0,-9999.0,-9999.0,-9999.0,-9999.0,-9999.0,color,orientation,size,0.3400000000000001,-2.5,804,male,1,1056.0246858330029
2729,-9999.0,-9999.0,-9999.0,-9999.0,-9999.0,-9999.0,-9999.0,-9999.0,-9999.0,color,orientation,size,0.3400000000000001,-2.5,804,male,1,1056.0246858330029
2730,-9999.0,-9999.0,-9999.0,-9999.0,-9999.0,-9999.0,-9999.0,-9999.0,-9999.0,color,orientation,size,0.3400000000000001,-2.5,804,male,1,1056.0246858330029
2731,-9999.0,-9999.0,-9999.0,-9999.0,-9999.0,-9999.0,-9999.0,-9999.0,-9999.0,color,orientation,size,0.3400000000000001,-2.5,804,male,1,1056.0246858330029
2732,-9999.0,-9999.0,-9999.0,-9999.0,-9999.0,-9999.0,-9999.0,-9999.0,-9999.0,color,orientation,size,0.3400000000000001,-2.5,804,male,1,1056.0246858330029
2733,-9999.0,-9999.0,-9999.0,-9999.0,-9999.0,-9999.0,-9999.0,-9999.0,-9999.0,color,orientation,size,0.3400000000000001,-2.5,804,male,1,1056.0246858330029
2734,-9999.0,-9999.0,-9999.0,-9999.0,-9999.0,-9999.0,-9999.0,-9999.0,-9999.0,color,orientation,size,0.3400000000000001,-2.5,804,male,1,1056.0246858330029
2735,-9999.0,-9999.0,-9999.0,-9999.0,-9999.0,-9999.0,-9999.0,-9999.0,-9999.0,color,orientation,size,0.3400000000000001,-2.5,804,male,1,1056.0246858330029
2736,-9999.0,-9999.0,-9999.0,-9999.0,-9999.0,-9999.0,-9999.0,-9999.0,-9999.0,color,orientation,size,0.3400000000000001,-2.5,804,male,1,1056.0246858330029
2737,-9999.0,-9999.0,-9999.0,-9999.0,-9999.0,-9999.0,-9999.0,-9999.0,-9999.0,color,orientation,size,0.3400000000000001,-2.5,804,male,1,1056.0246858330029
2738,-9999.0,-9999.0,-9999.0,-9999.0,-9999.0,-9999.0,-9999.0,-9999.0,-9999.0,color,orientation,size,0.3400000000000001,-2.5,804,male,1,1056.0246858330029
2739,-9999.0,-9999.0,-9999.0,-9999.0,-9999.0,-9999.0,-9999.0,-9999.0,-9999.0,color,orientation,size,0.3400000000000001,-2.5,804,male,1,1056.0246858330029
2740,-9999.0,-9999.0,-9999.0,-9999.0,-9999.0,-9999.0,-9999.0,-9999.0,-9999.0,color,orientation,size,0.3400000000000001,-2.5,804,male,1,1056.0246858330029
2741,-9999.0,-9999.0,-9999.0,-9999.0,-9999.0,-9999.0,-9999.0,-9999.0,-9999.0,color,orientation,size,0.3400000000000001,-2.5,804,male,1,1056.0246858330029
2742,-9999.0,-9999.0,-9999.0,-9999.0,-9999.0,-9999.0,-9999.0,-9999.0,-9999.0,color,orientation,size,0.3400000000000001,-2.5,804,male,1,1056.0246858330029
2743,-9999.0,-9999.0,-9999.0,-9999.0,-9999.0,-9999.0,-9999.0,-9999.0,-9999.0,color,orientation,size,0.3400000000000001,-2.5,804,male,1,1056.0246858330029
2744,-9999.0,-9999.0,-9999.0,-9999.0,-9999.0,-9999.0,-9999.0,-9999.0,-9999.0,color,orientation,size,0.3400000000000001,-2.5,804,male,1,1056.0246858330029
2745,-9999.0,-9999.0,-9999.0,-9999.0,-9999.0,-9999.0,-9999.0,-9999.0,-9999.0,color,orientation,size,0.3400000000000001,-2.5,804,male,1,1056.0246858330029
2746,-9999.0,-9999.0,-9999.0,-9999.0,-9999.0,-9999.0,-9999.0,-9999.0,-9999.0,color,orientation,size,0.3400000000000001,-2.5,804,male,1,1056.0246858330029
2747,-9999.0,-9999.0,-9999.0,-9999.0,-9999.0,-9999.0,-9999.0,-9999.0,-9999.0,color,orientation,size,0.3400000000000001,-2.5,804,male,1,1056.0246858330029
2748,-9999.0,-9999.0,-9999.0,-9999.0,-9999.0,-9999.0,-9999.0,-9999.0,-9999.0,color,orientation,size,0.3400000000000001,-2.5,804,male,1,1056.0246858330029
2749,-9999.0,-9999.0,-9999.0,-9999.0,-9999.0,-9999.0,-9999.0,-9999.0,-9999.0,color,orientation,size,0.3400000000000001,-2.5,804,male,1,1056.0246858330029
2750,-9999.0,-9999.0,-9999.0,-9999.0,-9999.0,-9999.0,-9999.0,-9999.0,-9999.0,color,orientation,size,0.3400000000000001,-2.5,804,male,1,1056.0246858330029
2751,-9999.0,-9999.0,-9999.0,-9999.0,-9999.0,-9999.0,-9999.0,-9999.0,-9999.0,color,orientation,size,0.3400000000000001,-2.5,804,male,1,1056.0246858330029
2752,-9999.0,-9999.0,-9999.0,-9999.0,-9999.0,-9999.0,-9999.0,-9999.0,-9999.0,color,orientation,size,0.3400000000000001,-2.5,804,male,1,1056.0246858330029
2753,-9999.0,-9999.0,-9999.0,-9999.0,-9999.0,-9999.0,-9999.0,-9999.0,-9999.0,color,orientation,size,0.3400000000000001,-2.5,804,male,1,1056.0246858330029
2754,-9999.0,-9999.0,-9999.0,-9999.0,-9999.0,-9999.0,-9999.0,-9999.0,-9999.0,color,orientation,size,0.3400000000000001,-2.5,804,male,1,1056.0246858330029
2755,-9999.0,-9999.0,-9999.0,-9999.0,-9999.0,-9999.0,-9999.0,-9999.0,-9999.0,color,orientation,size,0.3400000000000001,-2.5,804,male,1,1056.0246858330029
2756,-9999.0,-9999.0,-9999.0,-9999.0,-9999.0,-9999.0,-9999.0,-9999.0,-9999.0,color,orientation,size,0.3400000000000001,-2.5,804,male,1,1056.0246858330029
2757,-9999.0,-9999.0,-9999.0,-9999.0,-9999.0,-9999.0,-9999.0,-9999.0,-9999.0,color,orientation,size,0.3400000000000001,-2.5,804,male,1,1056.0246858330029
2758,-9999.0,-9999.0,-9999.0,-9999.0,-9999.0,-9999.0,-9999.0,-9999.0,-9999.0,color,orientation,size,0.3400000000000001,-2.5,804,male,1,1056.0246858330029
2759,-9999.0,-9999.0,-9999.0,-9999.0,-9999.0,-9999.0,-9999.0,-9999.0,-9999.0,color,orientation,size,0.3400000000000001,-2.5,804,male,1,1056.0246858330029
2760,-9999.0,-9999.0,-9999.0,-9999.0,-9999.0,-9999.0,-9999.0,-9999.0,-9999.0,color,orientation,size,0.3400000000000001,-2.5,804,male,1,1056.0246858330029
2761,-9999.0,-9999.0,-9999.0,-9999.0,-9999.0,-9999.0,-9999.0,-9999.0,-9999.0,color,orientation,size,0.3400000000000001,-2.5,804,male,1,1056.0246858330029
2762,-9999.0,-9999.0,-9999.0,-9999.0,-9999.0,-9999.0,-9999.0,-9999.0,-9999.0,color,orientation,size,0.3400000000000001,-2.5,804,male,1,1056.0246858330029
2763,-9999.0,-9999.0,-9999.0,-9999.0,-9999.0,-9999.0,-9999.0,-9999.0,-9999.0,color,orientation,size,0.3400000000000001,-2.5,804,male,1,1056.0246858330029
2764,-9999.0,-9999.0,-9999.0,-9999.0,-9999.0,-9999.0,-9999.0,-9999.0,-9999.0,color,orientation,size,0.3400000000000001,-2.5,804,male,1,1056.0246858330029
2765,-9999.0,-9999.0,-9999.0,-9999.0,-9999.0,-9999.0,-9999.0,-9999.0,-9999.0,color,orientation,size,0.3400000000000001,-2.5,804,male,1,1056.0246858330029
2766,-9999.0,-9999.0,-9999.0,-9999.0,-9999.0,-9999.0,-9999.0,-9999.0,-9999.0,color,orientation,size,0.3400000000000001,-2.5,804,male,1,1056.0246858330029
2767,-9999.0,-9999.0,-9999.0,-9999.0,-9999.0,-9999.0,-9999.0,-9999.0,-9999.0,color,orientation,size,0.3400000000000001,-2.5,804,male,1,1056.0246858330029
2768,-9999.0,-9999.0,-9999.0,-9999.0,-9999.0,-9999.0,-9999.0,-9999.0,-9999.0,color,orientation,size,0.3400000000000001,-2.5,804,male,1,1056.0246858330029
2769,-9999.0,-9999.0,-9999.0,-9999.0,-9999.0,-9999.0,-9999.0,-9999.0,-9999.0,color,orientation,size,0.3400000000000001,-2.5,804,male,1,1056.0246858330029
2770,-9999.0,-9999.0,-9999.0,-9999.0,-9999.0,-9999.0,-9999.0,-9999.0,-9999.0,color,orientation,size,0.3400000000000001,-2.5,804,male,1,1056.0246858330029
2771,-9999.0,-9999.0,-9999.0,-9999.0,-9999.0,-9999.0,-9999.0,-9999.0,-9999.0,color,orientation,size,0.3400000000000001,-2.5,804,male,1,1056.0246858330029
2772,-9999.0,-9999.0,-9999.0,-9999.0,-9999.0,-9999.0,-9999.0,-9999.0,-9999.0,color,orientation,size,0.3400000000000001,-2.5,804,male,1,1056.0246858330029
2773,-9999.0,-9999.0,-9999.0,-9999.0,-9999.0,-9999.0,-9999.0,-9999.0,-9999.0,color,orientation,size,0.3400000000000001,-2.5,804,male,1,1056.0246858330029
2774,-9999.0,-9999.0,-9999.0,-9999.0,-9999.0,-9999.0,-9999.0,-9999.0,-9999.0,color,orientation,size,0.3400000000000001,-2.5,804,male,1,1056.0246858330029
2775,-9999.0,-9999.0,-9999.0,-9999.0,-9999.0,-9999.0,-9999.0,-9999.0,-9999.0,color,orientation,size,0.3400000000000001,-2.5,804,male,1,1056.0246858330029
2776,-9999.0,-9999.0,-9999.0,-9999.0,-9999.0,-9999.0,-9999.0,-9999.0,-9999.0,color,orientation,size,0.3400000000000001,-2.5,804,male,1,1056.0246858330029
2777,-9999.0,-9999.0,-9999.0,-9999.0,-9999.0,-9999.0,-9999.0,-9999.0,-9999.0,color,orientation,size,0.3400000000000001,-2.5,804,male,1,1056.0246858330029
2778,-9999.0,-9999.0,-9999.0,-9999.0,-9999.0,-9999.0,-9999.0,-9999.0,-9999.0,color,orientation,size,0.3400000000000001,-2.5,804,male,1,1056.0246858330029
2779,-9999.0,-9999.0,-9999.0,-9999.0,-9999.0,-9999.0,-9999.0,-9999.0,-9999.0,color,orientation,size,0.3400000000000001,-2.5,804,male,1,1056.0246858330029
2780,-9999.0,-9999.0,-9999.0,-9999.0,-9999.0,-9999.0,-9999.0,-9999.0,-9999.0,color,orientation,size,0.3400000000000001,-2.5,804,male,1,1056.0246858330029
2781,-9999.0,-9999.0,-9999.0,-9999.0,-9999.0,-9999.0,-9999.0,-9999.0,-9999.0,color,orientation,size,0.3400000000000001,-2.5,804,male,1,1056.0246858330029
2782,-9999.0,-9999.0,-9999.0,-9999.0,-9999.0,-9999.0,-9999.0,-9999.0,-9999.0,color,orientation,size,0.3400000000000001,-2.5,804,male,1,1056.0246858330029
2783,-9999.0,-9999.0,-9999.0,-9999.0,-9999.0,-9999.0,-9999.0,-9999.0,-9999.0,color,orientation,size,0.3400000000000001,-2.5,804,male,1,1056.0246858330029
2784,-9999.0,-9999.0,-9999.0,-9999.0,-9999.0,-9999.0,-9999.0,-9999.0,-9999.0,color,orientation,size,0.3400000000000001,-2.5,804,male,1,1056.0246858330029
2785,-9999.0,-9999.0,-9999.0,-9999.0,-9999.0,-9999.0,-9999.0,-9999.0,-9999.0,color,orientation,size,0.3400000000000001,-2.5,804,male,1,1056.0246858330029
2786,-9999.0,-9999.0,-9999.0,-9999.0,-9999.0,-9999.0,-9999.0,-9999.0,-9999.0,color,orientation,size,0.3400000000000001,-2.5,804,male,1,1056.0246858330029
2787,-9999.0,-9999.0,-9999.0,-9999.0,-9999.0,-9999.0,-9999.0,-9999.0,-9999.0,color,orientation,size,0.3400000000000001,-2.5,804,male,1,1056.0246858330029
2788,-9999.0,-9999.0,-9999.0,-9999.0,-9999.0,-9999.0,-9999.0,-9999.0,-9999.0,color,orientation,size,0.3400000000000001,-2.5,804,male,1,1056.0246858330029
2789,-9999.0,-9999.0,-9999.0,-9999.0,-9999.0,-9999.0,-9999.0,-9999.0,-9999.0,color,orientation,size,0.3400000000000001,-2.5,804,male,1,1056.0246858330029
2790,-9999.0,-9999.0,-9999.0,-9999.0,-9999.0,-9999.0,-9999.0,-9999.0,-9999.0,color,orientation,size,0.3400000000000001,-2.5,804,male,1,1056.0246858330029
2791,-9999.0,-9999.0,-9999.0,-9999.0,-9999.0,-9999.0,-9999.0,-9999.0,-9999.0,color,orientation,size,0.3400000000000001,-2.5,804,male,1,1056.0246858330029
2792,-9999.0,-9999.0,-9999.0,-9999.0,-9999.0,-9999.0,-9999.0,-9999.0,-9999.0,color,orientation,size,0.3400000000000001,-2.5,804,male,1,1056.0246858330029
2793,-9999.0,-9999.0,-9999.0,-9999.0,-9999.0,-9999.0,-9999.0,-9999.0,-9999.0,color,orientation,size,0.3400000000000001,-2.5,804,male,1,1056.0246858330029
2794,-9999.0,-9999.0,-9999.0,-9999.0,-9999.0,-9999.0,-9999.0,-9999.0,-9999.0,color,orientation,size,0.3400000000000001,-2.5,804,male,1,1056.0246858330029
2795,-9999.0,-9999.0,-9999.0,-9999.0,-9999.0,-9999.0,-9999.0,-9999.0,-9999.0,color,orientation,size,0.3400000000000001,-2.5,804,male,1,1056.0246858330029
2796,-9999.0,-9999.0,-9999.0,-9999.0,-9999.0,-9999.0,-9999.0,-9999.0,-9999.0,color,orientation,size,0.3400000000000001,-2.5,804,male,1,1056.0246858330029
2797,-9999.0,-9999.0,-9999.0,-9999.0,-9999.0,-9999.0,-9999.0,-9999.0,-9999.0,color,orientation,size,0.3400000000000001,-2.5,804,male,1,1056.0246858330029
2798,-9999.0,-9999.0,-9999.0,-9999.0,-9999.0,-9999.0,-9999.0,-9999.0,-9999.0,color,orientation,size,0.3400000000000001,-2.5,804,male,1,1056.0246858330029
2799,-9999.0,-9999.0,-9999.0,-9999.0,-9999.0,-9999.0,-9999.0,-9999.0,-9999.0,color,orientation,size,0.3400000000000001,-2.5,804,male,1,1056.0246858330029
2800,-9999.0,-9999.0,-9999.0,-9999.0,-9999.0,-9999.0,-9999.0,-9999.0,-9999.0,color,orientation,size,0.3400000000000001,-2.5,804,male,1,1056.0246858330029
2801,-9999.0,-9999.0,-9999.0,-9999.0,-9999.0,-9999.0,-9999.0,-9999.0,-9999.0,color,orientation,size,0.3400000000000001,-2.5,804,male,1,1056.0246858330029
2802,-9999.0,-9999.0,-9999.0,-9999.0,-9999.0,-9999.0,-9999.0,-9999.0,-9999.0,color,orientation,size,0.3400000000000001,-2.5,804,male,1,1056.0246858330029
2803,-9999.0,-9999.0,-9999.0,-9999.0,-9999.0,-9999.0,-9999.0,-9999.0,-9999.0,color,orientation,size,0.3400000000000001,-2.5,804,male,1,1056.0246858330029
2804,-9999.0,-9999.0,-9999.0,-9999.0,-9999.0,-9999.0,-9999.0,-9999.0,-9999.0,color,orientation,size,0.3400000000000001,-2.5,804,male,1,1056.0246858330029
2805,-9999.0,-9999.0,-9999.0,-9999.0,-9999.0,-9999.0,-9999.0,-9999.0,-9999.0,color,orientation,size,0.3400000000000001,-2.5,804,male,1,1056.0246858330029
2806,-9999.0,-9999.0,-9999.0,-9999.0,-9999.0,-9999.0,-9999.0,-9999.0,-9999.0,color,orientation,size,0.3400000000000001,-2.5,804,male,1,1056.0246858330029
2807,-9999.0,-9999.0,-9999.0,-9999.0,-9999.0,-9999.0,-9999.0,-9999.0,-9999.0,color,orientation,size,0.3400000000000001,-2.5,804,male,1,1056.0246858330029
2808,-9999.0,-9999.0,-9999.0,-9999.0,-9999.0,-9999.0,-9999.0,-9999.0,-9999.0,color,orientation,size,0.3400000000000001,-2.5,804,male,1,1056.0246858330029
2809,-9999.0,-9999.0,-9999.0,-9999.0,-9999.0,-9999.0,-9999.0,-9999.0,-9999.0,color,orientation,size,0.3400000000000001,-2.5,804,male,1,1056.0246858330029
2810,-9999.0,-9999.0,-9999.0,-9999.0,-9999.0,-9999.0,-9999.0,-9999.0,-9999.0,color,orientation,size,0.3400000000000001,-2.5,804,male,1,1056.0246858330029
2811,-9999.0,-9999.0,-9999.0,-9999.0,-9999.0,-9999.0,-9999.0,-9999.0,-9999.0,color,orientation,size,0.3400000000000001,-2.5,804,male,1,1056.0246858330029
2812,-9999.0,-9999.0,-9999.0,-9999.0,-9999.0,-9999.0,-9999.0,-9999.0,-9999.0,color,orientation,size,0.3400000000000001,-2.5,804,male,1,1056.0246858330029
2813,-9999.0,-9999.0,-9999.0,-9999.0,-9999.0,-9999.0,-9999.0,-9999.0,-9999.0,color,orientation,size,0.3400000000000001,-2.5,804,male,1,1056.0246858330029
2814,-9999.0,-9999.0,-9999.0,-9999.0,-9999.0,-9999.0,-9999.0,-9999.0,-9999.0,color,orientation,size,0.3400000000000001,-2.5,804,male,1,1056.0246858330029
2815,-9999.0,-9999.0,-9999.0,-9999.0,-9999.0,-9999.0,-9999.0,-9999.0,-9999.0,color,orientation,size,0.3400000000000001,-2.5,804,male,1,1056.0246858330029
2816,-9999.0,-9999.0,-9999.0,-9999.0,-9999.0,-9999.0,-9999.0,-9999.0,-9999.0,color,orientation,size,0.3400000000000001,-2.5,804,male,1,1056.0246858330029
2817,-9999.0,-9999.0,-9999.0,-9999.0,-9999.0,-9999.0,-9999.0,-9999.0,-9999.0,color,orientation,size,0.3400000000000001,-2.5,804,male,1,1056.0246858330029
2818,-9999.0,-9999.0,-9999.0,-9999.0,-9999.0,-9999.0,-9999.0,-9999.0,-9999.0,color,orientation,size,0.3400000000000001,-2.5,804,male,1,1056.0246858330029
2819,-9999.0,-9999.0,-9999.0,-9999.0,-9999.0,-9999.0,-9999.0,-9999.0,-9999.0,color,orientation,size,0.3400000000000001,-2.5,804,male,1,1056.0246858330029
2820,-9999.0,-9999.0,-9999.0,-9999.0,-9999.0,-9999.0,-9999.0,-9999.0,-9999.0,color,orientation,size,0.3400000000000001,-2.5,804,male,1,1056.0246858330029
2821,-9999.0,-9999.0,-9999.0,-9999.0,-9999.0,-9999.0,-9999.0,-9999.0,-9999.0,color,orientation,size,0.3400000000000001,-2.5,804,male,1,1056.0246858330029
2822,-9999.0,-9999.0,-9999.0,-9999.0,-9999.0,-9999.0,-9999.0,-9999.0,-9999.0,color,orientation,size,0.3400000000000001,-2.5,804,male,1,1056.0246858330029
2823,-9999.0,-9999.0,-9999.0,-9999.0,-9999.0,-9999.0,-9999.0,-9999.0,-9999.0,color,orientation,size,0.3400000000000001,-2.5,804,male,1,1056.0246858330029
2824,-9999.0,-9999.0,-9999.0,-9999.0,-9999.0,-9999.0,-9999.0,-9999.0,-9999.0,color,orientation,size,0.3400000000000001,-2.5,804,male,1,1056.0246858330029
2825,-9999.0,-9999.0,-9999.0,-9999.0,-9999.0,-9999.0,-9999.0,-9999.0,-9999.0,color,orientation,size,0.3400000000000001,-2.5,804,male,1,1056.0246858330029
2826,-9999.0,-9999.0,-9999.0,-9999.0,-9999.0,-9999.0,-9999.0,-9999.0,-9999.0,color,orientation,size,0.3400000000000001,-2.5,804,male,1,1056.0246858330029
2827,-9999.0,-9999.0,-9999.0,-9999.0,-9999.0,-9999.0,-9999.0,-9999.0,-9999.0,color,orientation,size,0.3400000000000001,-2.5,804,male,1,1056.0246858330029
2828,-9999.0,-9999.0,-9999.0,-9999.0,-9999.0,-9999.0,-9999.0,-9999.0,-9999.0,color,orientation,size,0.3400000000000001,-2.5,804,male,1,1056.0246858330029
2829,-9999.0,-9999.0,-9999.0,-9999.0,-9999.0,-9999.0,-9999.0,-9999.0,-9999.0,color,orientation,size,0.3400000000000001,-2.5,804,male,1,1056.0246858330029
2830,-9999.0,-9999.0,-9999.0,-9999.0,-9999.0,-9999.0,-9999.0,-9999.0,-9999.0,color,orientation,size,0.3400000000000001,-2.5,804,male,1,1056.0246858330029
2831,-9999.0,-9999.0,-9999.0,-9999.0,-9999.0,-9999.0,-9999.0,-9999.0,-9999.0,color,orientation,size,0.3400000000000001,-2.5,804,male,1,1056.0246858330029
2832,-9999.0,-9999.0,-9999.0,-9999.0,-9999.0,-9999.0,-9999.0,-9999.0,-9999.0,color,orientation,size,0.3400000000000001,-2.5,804,male,1,1056.0246858330029
2833,-9999.0,-9999.0,-9999.0,-9999.0,-9999.0,-9999.0,-9999.0,-9999.0,-9999.0,color,orientation,size,0.3400000000000001,-2.5,804,male,1,1056.0246858330029
2834,-9999.0,-9999.0,-9999.0,-9999.0,-9999.0,-9999.0,-9999.0,-9999.0,-9999.0,color,orientation,size,0.3400000000000001,-2.5,804,male,1,1056.0246858330029
2835,-9999.0,-9999.0,-9999.0,-9999.0,-9999.0,-9999.0,-9999.0,-9999.0,-9999.0,color,orientation,size,0.3400000000000001,-2.5,804,male,1,1056.0246858330029
2836,-9999.0,-9999.0,-9999.0,-9999.0,-9999.0,-9999.0,-9999.0,-9999.0,-9999.0,color,orientation,size,0.3400000000000001,-2.5,804,male,1,1056.0246858330029
2837,-9999.0,-9999.0,-9999.0,-9999.0,-9999.0,-9999.0,-9999.0,-9999.0,-9999.0,color,orientation,size,0.3400000000000001,-2.5,804,male,1,1056.0246858330029
2838,-9999.0,-9999.0,-9999.0,-9999.0,-9999.0,-9999.0,-9999.0,-9999.0,-9999.0,color,orientation,size,0.3400000000000001,-2.5,804,male,1,1056.0246858330029
2839,-9999.0,-9999.0,-9999.0,-9999.0,-9999.0,-9999.0,-9999.0,-9999.0,-9999.0,color,orientation,size,0.3400000000000001,-2.5,804,male,1,1056.0246858330029
2840,-9999.0,-9999.0,-9999.0,-9999.0,-9999.0,-9999.0,-9999.0,-9999.0,-9999.0,color,orientation,size,0.3400000000000001,-2.5,804,male,1,1056.0246858330029
2841,-9999.0,-9999.0,-9999.0,-9999.0,-9999.0,-9999.0,-9999.0,-9999.0,-9999.0,color,orientation,size,0.3400000000000001,-2.5,804,male,1,1056.0246858330029
2842,-9999.0,-9999.0,-9999.0,-9999.0,-9999.0,-9999.0,-9999.0,-9999.0,-9999.0,color,orientation,size,0.3400000000000001,-2.5,804,male,1,1056.0246858330029
2843,-9999.0,-9999.0,-9999.0,-9999.0,-9999.0,-9999.0,-9999.0,-9999.0,-9999.0,color,orientation,size,0.3400000000000001,-2.5,804,male,1,1056.0246858330029
2844,-9999.0,-9999.0,-9999.0,-9999.0,-9999.0,-9999.0,-9999.0,-9999.0,-9999.0,color,orientation,size,0.3400000000000001,-2.5,804,male,1,1056.0246858330029
2845,-9999.0,-9999.0,-9999.0,-9999.0,-9999.0,-9999.0,-9999.0,-9999.0,-9999.0,color,orientation,size,0.3400000000000001,-2.5,804,male,1,1056.0246858330029
2846,-9999.0,-9999.0,-9999.0,-9999.0,-9999.0,-9999.0,-9999.0,-9999.0,-9999.0,color,orientation,size,0.3400000000000001,-2.5,804,male,1,1056.0246858330029
2847,-9999.0,-9999.0,-9999.0,-9999.0,-9999.0,-9999.0,-9999.0,-9999.0,-9999.0,color,orientation,size,0.3400000000000001,-2.5,804,male,1,1056.0246858330029
2848,-9999.0,-9999.0,-9999.0,-9999.0,-9999.0,-9999.0,-9999.0,-9999.0,-9999.0,color,orientation,size,0.3400000000000001,-2.5,804,male,1,1056.0246858330029
2849,-9999.0,-9999.0,-9999.0,-9999.0,-9999.0,-9999.0,-9999.0,-9999.0,-9999.0,color,orientation,size,0.3400000000000001,-2.5,804,male,1,1056.0246858330029
2850,-9999.0,-9999.0,-9999.0,-9999.0,-9999.0,-9999.0,-9999.0,-9999.0,-9999.0,color,orientation,size,0.3400000000000001,-2.5,804,male,1,1056.0246858330029
2851,-9999.0,-9999.0,-9999.0,-9999.0,-9999.0,-9999.0,-9999.0,-9999.0,-9999.0,color,orientation,size,0.3400000000000001,-2.5,804,male,1,1056.0246858330029
2852,-9999.0,-9999.0,-9999.0,-9999.0,-9999.0,-9999.0,-9999.0,-9999.0,-9999.0,color,orientation,size,0.3400000000000001,-2.5,804,male,1,1056.0246858330029
2853,-9999.0,-9999.0,-9999.0,-9999.0,-9999.0,-9999.0,-9999.0,-9999.0,-9999.0,color,orientation,size,0.3400000000000001,-2.5,804,male,1,1056.0246858330029
2854,-9999.0,-9999.0,-9999.0,-9999.0,-9999.0,-9999.0,-9999.0,-9999.0,-9999.0,color,orientation,size,0.3400000000000001,-2.5,804,male,1,1056.0246858330029
2855,-9999.0,-9999.0,-9999.0,-9999.0,-9999.0,-9999.0,-9999.0,-9999.0,-9999.0,color,orientation,size,0.3400000000000001,-2.5,804,male,1,1056.0246858330029
2856,-9999.0,-9999.0,-9999.0,-9999.0,-9999.0,-9999.0,-9999.0,-9999.0,-9999.0,color,orientation,size,0.3400000000000001,-2.5,804,male,1,1056.0246858330029
2857,-9999.0,-9999.0,-9999.0,-9999.0,-9999.0,-9999.0,-9999.0,-9999.0,-9999.0,color,orientation,size,0.3400000000000001,-2.5,804,male,1,1056.0246858330029
2858,-9999.0,-9999.0,-9999.0,-9999.0,-9999.0,-9999.0,-9999.0,-9999.0,-9999.0,color,orientation,size,0.3400000000000001,-2.5,804,male,1,1056.0246858330029
2859,-9999.0,-9999.0,-9999.0,-9999.0,-9999.0,-9999.0,-9999.0,-9999.0,-9999.0,color,orientation,size,0.3400000000000001,-2.5,804,male,1,1056.0246858330029
2860,-9999.0,-9999.0,-9999.0,-9999.0,-9999.0,-9999.0,-9999.0,-9999.0,-9999.0,color,orientation,size,0.3400000000000001,-2.5,804,male,1,1056.0246858330029
2861,-9999.0,-9999.0,-9999.0,-9999.0,-9999.0,-9999.0,-9999.0,-9999.0,-9999.0,color,orientation,size,0.3400000000000001,-2.5,804,male,1,1056.0246858330029
2862,-9999.0,-9999.0,-9999.0,-9999.0,-9999.0,-9999.0,-9999.0,-9999.0,-9999.0,color,orientation,size,0.3400000000000001,-2.5,804,male,1,1056.0246858330029
2863,-9999.0,-9999.0,-9999.0,-9999.0,-9999.0,-9999.0,-9999.0,-9999.0,-9999.0,color,orientation,size,0.3400000000000001,-2.5,804,male,1,1056.0246858330029
2864,-9999.0,-9999.0,-9999.0,-9999.0,-9999.0,-9999.0,-9999.0,-9999.0,-9999.0,color,orientation,size,0.3400000000000001,-2.5,804,male,1,1056.0246858330029
2865,-9999.0,-9999.0,-9999.0,-9999.0,-9999.0,-9999.0,-9999.0,-9999.0,-9999.0,color,orientation,size,0.3400000000000001,-2.5,804,male,1,1056.0246858330029
2866,-9999.0,-9999.0,-9999.0,-9999.0,-9999.0,-9999.0,-9999.0,-9999.0,-9999.0,color,orientation,size,0.3400000000000001,-2.5,804,male,1,1056.0246858330029
2867,-9999.0,-9999.0,-9999.0,-9999.0,-9999.0,-9999.0,-9999.0,-9999.0,-9999.0,color,orientation,size,0.3400000000000001,-2.5,804,male,1,1056.0246858330029
2868,-9999.0,-9999.0,-9999.0,-9999.0,-9999.0,-9999.0,-9999.0,-9999.0,-9999.0,color,orientation,size,0.3400000000000001,-2.5,804,male,1,1056.0246858330029
2869,-9999.0,-9999.0,-9999.0,-9999.0,-9999.0,-9999.0,-9999.0,-9999.0,-9999.0,color,orientation,size,0.3400000000000001,-2.5,804,male,1,1056.0246858330029
2870,-9999.0,-9999.0,-9999.0,-9999.0,-9999.0,-9999.0,-9999.0,-9999.0,-9999.0,color,orientation,size,0.3400000000000001,-2.5,804,male,1,1056.0246858330029
2871,-9999.0,-9999.0,-9999.0,-9999.0,-9999.0,-9999.0,-9999.0,-9999.0,-9999.0,color,orientation,size,0.3400000000000001,-2.5,804,male,1,1056.0246858330029
2872,-9999.0,-9999.0,-9999.0,-9999.0,-9999.0,-9999.0,-9999.0,-9999.0,-9999.0,color,orientation,size,0.3400000000000001,-2.5,804,male,1,1056.0246858330029
2873,-9999.0,-9999.0,-9999.0,-9999.0,-9999.0,-9999.0,-9999.0,-9999.0,-9999.0,color,orientation,size,0.3400000000000001,-2.5,804,male,1,1056.0246858330029
2874,-9999.0,-9999.0,-9999.0,-9999.0,-9999.0,-9999.0,-9999.0,-9999.0,-9999.0,color,orientation,size,0.3400000000000001,-2.5,804,male,1,1056.0246858330029
2875,-9999.0,-9999.0,-9999.0,-9999.0,-9999.0,-9999.0,-9999.0,-9999.0,-9999.0,color,orientation,size,0.3400000000000001,-2.5,804,male,1,1056.0246858330029
2876,-9999.0,-9999.0,-9999.0,-9999.0,-9999.0,-9999.0,-9999.0,-9999.0,-9999.0,color,orientation,size,0.3400000000000001,-2.5,804,male,1,1056.0246858330029
2877,-9999.0,-9999.0,-9999.0,-9999.0,-9999.0,-9999.0,-9999.0,-9999.0,-9999.0,color,orientation,size,0.3400000000000001,-2.5,804,male,1,1056.0246858330029
2878,-9999.0,-9999.0,-9999.0,-9999.0,-9999.0,-9999.0,-9999.0,-9999.0,-9999.0,color,orientation,size,0.3400000000000001,-2.5,804,male,1,1056.0246858330029
2879,-9999.0,-9999.0,-9999.0,-9999.0,-9999.0,-9999.0,-9999.0,-9999.0,-9999.0,color,orientation,size,0.3400000000000001,-2.5,804,male,1,1056.0246858330029
2880,-9999.0,-9999.0,-9999.0,-9999.0,-9999.0,-9999.0,-9999.0,-9999.0,-9999.0,color,orientation,size,0.3400000000000001,-2.5,804,male,1,1056.0246858330029
2881,-9999.0,-9999.0,-9999.0,-9999.0,-9999.0,-9999.0,-9999.0,-9999.0,-9999.0,color,orientation,size,0.3400000000000001,-2.5,804,male,1,1056.0246858330029
2882,-9999.0,-9999.0,-9999.0,-9999.0,-9999.0,-9999.0,-9999.0,-9999.0,-9999.0,color,orientation,size,0.3400000000000001,-2.5,804,male,1,1056.0246858330029
2883,-9999.0,-9999.0,-9999.0,-9999.0,-9999.0,-9999.0,-9999.0,-9999.0,-9999.0,color,orientation,size,0.3400000000000001,-2.5,804,male,1,1056.0246858330029
2884,-9999.0,-9999.0,-9999.0,-9999.0,-9999.0,-9999.0,-9999.0,-9999.0,-9999.0,color,orientation,size,0.3400000000000001,-2.5,804,male,1,1056.0246858330029
2885,-9999.0,-9999.0,-9999.0,-9999.0,-9999.0,-9999.0,-9999.0,-9999.0,-9999.0,color,orientation,size,0.3400000000000001,-2.5,804,male,1,1056.0246858330029
2886,-9999.0,-9999.0,-9999.0,-9999.0,-9999.0,-9999.0,-9999.0,-9999.0,-9999.0,color,orientation,size,0.3400000000000001,-2.5,804,male,1,1056.0246858330029
2887,-9999.0,-9999.0,-9999.0,-9999.0,-9999.0,-9999.0,-9999.0,-9999.0,-9999.0,color,orientation,size,0.3400000000000001,-2.5,804,male,1,1056.0246858330029
2888,-9999.0,-9999.0,-9999.0,-9999.0,-9999.0,-9999.0,-9999.0,-9999.0,-9999.0,color,orientation,size,0.3400000000000001,-2.5,804,male,1,1056.0246858330029
2889,-9999.0,-9999.0,-9999.0,-9999.0,-9999.0,-9999.0,-9999.0,-9999.0,-9999.0,color,orientation,size,0.3400000000000001,-2.5,804,male,1,1056.0246858330029
2890,-9999.0,-9999.0,-9999.0,-9999.0,-9999.0,-9999.0,-9999.0,-9999.0,-9999.0,color,orientation,size,0.3400000000000001,-2.5,804,male,1,1056.0246858330029
2891,-9999.0,-9999.0,-9999.0,-9999.0,-9999.0,-9999.0,-9999.0,-9999.0,-9999.0,color,orientation,size,0.3400000000000001,-2.5,804,male,1,1056.0246858330029
2892,-9999.0,-9999.0,-9999.0,-9999.0,-9999.0,-9999.0,-9999.0,-9999.0,-9999.0,color,orientation,size,0.3400000000000001,-2.5,804,male,1,1056.0246858330029
2893,-9999.0,-9999.0,-9999.0,-9999.0,-9999.0,-9999.0,-9999.0,-9999.0,-9999.0,color,orientation,size,0.3400000000000001,-2.5,804,male,1,1056.0246858330029
2894,-9999.0,-9999.0,-9999.0,-9999.0,-9999.0,-9999.0,-9999.0,-9999.0,-9999.0,color,orientation,size,0.3400000000000001,-2.5,804,male,1,1056.0246858330029
2895,-9999.0,-9999.0,-9999.0,-9999.0,-9999.0,-9999.0,-9999.0,-9999.0,-9999.0,color,orientation,size,0.3400000000000001,-2.5,804,male,1,1056.0246858330029
2896,-9999.0,-9999.0,-9999.0,-9999.0,-9999.0,-9999.0,-9999.0,-9999.0,-9999.0,color,orientation,size,0.3400000000000001,-2.5,804,male,1,1056.0246858330029
2897,-9999.0,-9999.0,-9999.0,-9999.0,-9999.0,-9999.0,-9999.0,-9999.0,-9999.0,color,orientation,size,0.3400000000000001,-2.5,804,male,1,1056.0246858330029
2898,-9999.0,-9999.0,-9999.0,-9999.0,-9999.0,-9999.0,-9999.0,-9999.0,-9999.0,color,orientation,size,0.3400000000000001,-2.5,804,male,1,1056.0246858330029
2899,-9999.0,-9999.0,-9999.0,-9999.0,-9999.0,-9999.0,-9999.0,-9999.0,-9999.0,color,orientation,size,0.3400000000000001,-2.5,804,male,1,1056.0246858330029
2900,-9999.0,-9999.0,-9999.0,-9999.0,-9999.0,-9999.0,-9999.0,-9999.0,-9999.0,color,orientation,size,0.3400000000000001,-2.5,804,male,1,1056.0246858330029
2901,-9999.0,-9999.0,-9999.0,-9999.0,-9999.0,-9999.0,-9999.0,-9999.0,-9999.0,color,orientation,size,0.3400000000000001,-2.5,804,male,1,1056.0246858330029
2902,-9999.0,-9999.0,-9999.0,-9999.0,-9999.0,-9999.0,-9999.0,-9999.0,-9999.0,color,orientation,size,0.3400000000000001,-2.5,804,male,1,1056.0246858330029
2903,-9999.0,-9999.0,-9999.0,-9999.0,-9999.0,-9999.0,-9999.0,-9999.0,-9999.0,color,orientation,size,0.3400000000000001,-2.5,804,male,1,1056.0246858330029
2904,-9999.0,-9999.0,-9999.0,-9999.0,-9999.0,-9999.0,-9999.0,-9999.0,-9999.0,color,orientation,size,0.3400000000000001,-2.5,804,male,1,1056.0246858330029
2905,-9999.0,-9999.0,-9999.0,-9999.0,-9999.0,-9999.0,-9999.0,-9999.0,-9999.0,color,orientation,size,0.3400000000000001,-2.5,804,male,1,1056.0246858330029
2906,-9999.0,-9999.0,-9999.0,-9999.0,-9999.0,-9999.0,-9999.0,-9999.0,-9999.0,color,orientation,size,0.3400000000000001,-2.5,804,male,1,1056.0246858330029
2907,-9999.0,-9999.0,-9999.0,-9999.0,-9999.0,-9999.0,-9999.0,-9999.0,-9999.0,color,orientation,size,0.3400000000000001,-2.5,804,male,1,1056.0246858330029
2908,-9999.0,-9999.0,-9999.0,-9999.0,-9999.0,-9999.0,-9999.0,-9999.0,-9999.0,color,orientation,size,0.3400000000000001,-2.5,804,male,1,1056.0246858330029
2909,-9999.0,-9999.0,-9999.0,-9999.0,-9999.0,-9999.0,-9999.0,-9999.0,-9999.0,color,orientation,size,0.3400000000000001,-2.5,804,male,1,1056.0246858330029
2910,-9999.0,-9999.0,-9999.0,-9999.0,-9999.0,-9999.0,-9999.0,-9999.0,-9999.0,color,orientation,size,0.3400000000000001,-2.5,804,male,1,1056.0246858330029
2911,-9999.0,-9999.0,-9999.0,-9999.0,-9999.0,-9999.0,-9999.0,-9999.0,-9999.0,color,orientation,size,0.3400000000000001,-2.5,804,male,1,1056.0246858330029
2912,-9999.0,-9999.0,-9999.0,-9999.0,-9999.0,-9999.0,-9999.0,-9999.0,-9999.0,color,orientation,size,0.3400000000000001,-2.5,804,male,1,1056.0246858330029
2913,-9999.0,-9999.0,-9999.0,-9999.0,-9999.0,-9999.0,-9999.0,-9999.0,-9999.0,color,orientation,size,0.3400000000000001,-2.5,804,male,1,1056.0246858330029
2914,-9999.0,-9999.0,-9999.0,-9999.0,-9999.0,-9999.0,-9999.0,-9999.0,-9999.0,color,orientation,size,0.3400000000000001,-2.5,804,male,1,1056.0246858330029
2915,-9999.0,-9999.0,-9999.0,-9999.0,-9999.0,-9999.0,-9999.0,-9999.0,-9999.0,color,orientation,size,0.3400000000000001,-2.5,804,male,1,1056.0246858330029
2916,-9999.0,-9999.0,-9999.0,-9999.0,-9999.0,-9999.0,-9999.0,-9999.0,-9999.0,color,orientation,size,0.3400000000000001,-2.5,804,male,1,1056.0246858330029
2917,-9999.0,-9999.0,-9999.0,-9999.0,-9999.0,-9999.0,-9999.0,-9999.0,-9999.0,color,orientation,size,0.3400000000000001,-2.5,804,male,1,1056.0246858330029
2918,-9999.0,-9999.0,-9999.0,-9999.0,-9999.0,-9999.0,-9999.0,-9999.0,-9999.0,color,orientation,size,0.3400000000000001,-2.5,804,male,1,1056.0246858330029
2919,-9999.0,-9999.0,-9999.0,-9999.0,-9999.0,-9999.0,-9999.0,-9999.0,-9999.0,color,orientation,size,0.3400000000000001,-2.5,804,male,1,1056.0246858330029
2920,-9999.0,-9999.0,-9999.0,-9999.0,-9999.0,-9999.0,-9999.0,-9999.0,-9999.0,color,orientation,size,0.3400000000000001,-2.5,804,male,1,1056.0246858330029
2921,-9999.0,-9999.0,-9999.0,-9999.0,-9999.0,-9999.0,-9999.0,-9999.0,-9999.0,color,orientation,size,0.3400000000000001,-2.5,804,male,1,1056.0246858330029
2922,-9999.0,-9999.0,-9999.0,-9999.0,-9999.0,-9999.0,-9999.0,-9999.0,-9999.0,color,orientation,size,0.3400000000000001,-2.5,804,male,1,1056.0246858330029
2923,-9999.0,-9999.0,-9999.0,-9999.0,-9999.0,-9999.0,-9999.0,-9999.0,-9999.0,color,orientation,size,0.3400000000000001,-2.5,804,male,1,1056.0246858330029
2924,-9999.0,-9999.0,-9999.0,-9999.0,-9999.0,-9999.0,-9999.0,-9999.0,-9999.0,color,orientation,size,0.3400000000000001,-2.5,804,male,1,1056.0246858330029
2925,-9999.0,-9999.0,-9999.0,-9999.0,-9999.0,-9999.0,-9999.0,-9999.0,-9999.0,color,orientation,size,0.3400000000000001,-2.5,804,male,1,1056.0246858330029
2926,-9999.0,-9999.0,-9999.0,-9999.0,-9999.0,-9999.0,-9999.0,-9999.0,-9999.0,color,orientation,size,0.3400000000000001,-2.5,804,male,1,1056.0246858330029
2927,-9999.0,-9999.0,-9999.0,-9999.0,-9999.0,-9999.0,-9999.0,-9999.0,-9999.0,color,orientation,size,0.3400000000000001,-2.5,804,male,1,1056.0246858330029
2928,-9999.0,-9999.0,-9999.0,-9999.0,-9999.0,-9999.0,-9999.0,-9999.0,-9999.0,color,orientation,size,0.3400000000000001,-2.5,804,male,1,1056.0246858330029
2929,-9999.0,-9999.0,-9999.0,-9999.0,-9999.0,-9999.0,-9999.0,-9999.0,-9999.0,color,orientation,size,0.3400000000000001,-2.5,804,male,1,1056.0246858330029
2930,-9999.0,-9999.0,-9999.0,-9999.0,-9999.0,-9999.0,-9999.0,-9999.0,-9999.0,color,orientation,size,0.3400000000000001,-2.5,804,male,1,1056.0246858330029
2931,-9999.0,-9999.0,-9999.0,-9999.0,-9999.0,-9999.0,-9999.0,-9999.0,-9999.0,color,orientation,size,0.3400000000000001,-2.5,804,male,1,1056.0246858330029
2932,-9999.0,-9999.0,-9999.0,-9999.0,-9999.0,-9999.0,-9999.0,-9999.0,-9999.0,color,orientation,size,0.3400000000000001,-2.5,804,male,1,1056.0246858330029
2933,-9999.0,-9999.0,-9999.0,-9999.0,-9999.0,-9999.0,-9999.0,-9999.0,-9999.0,color,orientation,size,0.3400000000000001,-2.5,804,male,1,1056.0246858330029
2934,-9999.0,-9999.0,-9999.0,-9999.0,-9999.0,-9999.0,-9999.0,-9999.0,-9999.0,color,orientation,size,0.3400000000000001,-2.5,804,male,1,1056.0246858330029
2935,-9999.0,-9999.0,-9999.0,-9999.0,-9999.0,-9999.0,-9999.0,-9999.0,-9999.0,color,orientation,size,0.3400000000000001,-2.5,804,male,1,1056.0246858330029
2936,-9999.0,-9999.0,-9999.0,-9999.0,-9999.0,-9999.0,-9999.0,-9999.0,-9999.0,color,orientation,size,0.3400000000000001,-2.5,804,male,1,1056.0246858330029
2937,-9999.0,-9999.0,-9999.0,-9999.0,-9999.0,-9999.0,-9999.0,-9999.0,-9999.0,color,orientation,size,0.3400000000000001,-2.5,804,male,1,1056.0246858330029
2938,-9999.0,-9999.0,-9999.0,-9999.0,-9999.0,-9999.0,-9999.0,-9999.0,-9999.0,color,orientation,size,0.3400000000000001,-2.5,804,male,1,1056.0246858330029
2939,-9999.0,-9999.0,-9999.0,-9999.0,-9999.0,-9999.0,-9999.0,-9999.0,-9999.0,color,orientation,size,0.3400000000000001,-2.5,804,male,1,1056.0246858330029
2940,-9999.0,-9999.0,-9999.0,-9999.0,-9999.0,-9999.0,-9999.0,-9999.0,-9999.0,color,orientation,size,0.3400000000000001,-2.5,804,male,1,1056.0246858330029
2941,-9999.0,-9999.0,-9999.0,-9999.0,-9999.0,-9999.0,-9999.0,-9999.0,-9999.0,color,orientation,size,0.3400000000000001,-2.5,804,male,1,1056.0246858330029
2942,-9999.0,-9999.0,-9999.0,-9999.0,-9999.0,-9999.0,-9999.0,-9999.0,-9999.0,color,orientation,size,0.3400000000000001,-2.5,804,male,1,1056.0246858330029
2943,-9999.0,-9999.0,-9999.0,-9999.0,-9999.0,-9999.0,-9999.0,-9999.0,-9999.0,color,orientation,size,0.3400000000000001,-2.5,804,male,1,1056.0246858330029
2944,-9999.0,-9999.0,-9999.0,-9999.0,-9999.0,-9999.0,-9999.0,-9999.0,-9999.0,color,orientation,size,0.3400000000000001,-2.5,804,male,1,1056.0246858330029
2945,-9999.0,-9999.0,-9999.0,-9999.0,-9999.0,-9999.0,-9999.0,-9999.0,-9999.0,color,orientation,size,0.3400000000000001,-2.5,804,male,1,1056.0246858330029
2946,-9999.0,-9999.0,-9999.0,-9999.0,-9999.0,-9999.0,-9999.0,-9999.0,-9999.0,color,orientation,size,0.3400000000000001,-2.5,804,male,1,1056.0246858330029
2947,-9999.0,-9999.0,-9999.0,-9999.0,-9999.0,-9999.0,-9999.0,-9999.0,-9999.0,color,orientation,size,0.3400000000000001,-2.5,804,male,1,1056.0246858330029
2948,-9999.0,-9999.0,-9999.0,-9999.0,-9999.0,-9999.0,-9999.0,-9999.0,-9999.0,color,orientation,size,0.3400000000000001,-2.5,804,male,1,1056.0246858330029
2949,-9999.0,-9999.0,-9999.0,-9999.0,-9999.0,-9999.0,-9999.0,-9999.0,-9999.0,color,orientation,size,0.3400000000000001,-2.5,804,male,1,1056.0246858330029
2950,-9999.0,-9999.0,-9999.0,-9999.0,-9999.0,-9999.0,-9999.0,-9999.0,-9999.0,color,orientation,size,0.3400000000000001,-2.5,804,male,1,1056.0246858330029
2951,-9999.0,-9999.0,-9999.0,-9999.0,-9999.0,-9999.0,-9999.0,-9999.0,-9999.0,color,orientation,size,0.3400000000000001,-2.5,804,male,1,1056.0246858330029
2952,-9999.0,-9999.0,-9999.0,-9999.0,-9999.0,-9999.0,-9999.0,-9999.0,-9999.0,color,orientation,size,0.3400000000000001,-2.5,804,male,1,1056.0246858330029
2953,-9999.0,-9999.0,-9999.0,-9999.0,-9999.0,-9999.0,-9999.0,-9999.0,-9999.0,color,orientation,size,0.3400000000000001,-2.5,804,male,1,1056.0246858330029
2954,-9999.0,-9999.0,-9999.0,-9999.0,-9999.0,-9999.0,-9999.0,-9999.0,-9999.0,color,orientation,size,0.3400000000000001,-2.5,804,male,1,1056.0246858330029
2955,-9999.0,-9999.0,-9999.0,-9999.0,-9999.0,-9999.0,-9999.0,-9999.0,-9999.0,color,orientation,size,0.3400000000000001,-2.5,804,male,1,1056.0246858330029
2956,-9999.0,-9999.0,-9999.0,-9999.0,-9999.0,-9999.0,-9999.0,-9999.0,-9999.0,color,orientation,size,0.3400000000000001,-2.5,804,male,1,1056.0246858330029
2957,-9999.0,-9999.0,-9999.0,-9999.0,-9999.0,-9999.0,-9999.0,-9999.0,-9999.0,color,orientation,size,0.3400000000000001,-2.5,804,male,1,1056.0246858330029
2958,-9999.0,-9999.0,-9999.0,-9999.0,-9999.0,-9999.0,-9999.0,-9999.0,-9999.0,color,orientation,size,0.3400000000000001,-2.5,804,male,1,1056.0246858330029
2959,-9999.0,-9999.0,-9999.0,-9999.0,-9999.0,-9999.0,-9999.0,-9999.0,-9999.0,color,orientation,size,0.3400000000000001,-2.5,804,male,1,1056.0246858330029
2960,-9999.0,-9999.0,-9999.0,-9999.0,-9999.0,-9999.0,-9999.0,-9999.0,-9999.0,color,orientation,size,0.3400000000000001,-2.5,804,male,1,1056.0246858330029
2961,-9999.0,-9999.0,-9999.0,-9999.0,-9999.0,-9999.0,-9999.0,-9999.0,-9999.0,color,orientation,size,0.3400000000000001,-2.5,804,male,1,1056.0246858330029
2962,-9999.0,-9999.0,-9999.0,-9999.0,-9999.0,-9999.0,-9999.0,-9999.0,-9999.0,color,orientation,size,0.3400000000000001,-2.5,804,male,1,1056.0246858330029
2963,-9999.0,-9999.0,-9999.0,-9999.0,-9999.0,-9999.0,-9999.0,-9999.0,-9999.0,color,orientation,size,0.3400000000000001,-2.5,804,male,1,1056.0246858330029
2964,-9999.0,-9999.0,-9999.0,-9999.0,-9999.0,-9999.0,-9999.0,-9999.0,-9999.0,color,orientation,size,0.3400000000000001,-2.5,804,male,1,1056.0246858330029
2965,-9999.0,-9999.0,-9999.0,-9999.0,-9999.0,-9999.0,-9999.0,-9999.0,-9999.0,color,orientation,size,0.3400000000000001,-2.5,804,male,1,1056.0246858330029
2966,-9999.0,-9999.0,-9999.0,-9999.0,-9999.0,-9999.0,-9999.0,-9999.0,-9999.0,color,orientation,size,0.3400000000000001,-2.5,804,male,1,1056.0246858330029
2967,-9999.0,-9999.0,-9999.0,-9999.0,-9999.0,-9999.0,-9999.0,-9999.0,-9999.0,color,orientation,size,0.3400000000000001,-2.5,804,male,1,1056.0246858330029
2968,-9999.0,-9999.0,-9999.0,-9999.0,-9999.0,-9999.0,-9999.0,-9999.0,-9999.0,color,orientation,size,0.3400000000000001,-2.5,804,male,1,1056.0246858330029
2969,-9999.0,-9999.0,-9999.0,-9999.0,-9999.0,-9999.0,-9999.0,-9999.0,-9999.0,color,orientation,size,0.3400000000000001,-2.5,804,male,1,1056.0246858330029
2970,-9999.0,-9999.0,-9999.0,-9999.0,-9999.0,-9999.0,-9999.0,-9999.0,-9999.0,color,orientation,size,0.3400000000000001,-2.5,804,male,1,1056.0246858330029
2971,-9999.0,-9999.0,-9999.0,-9999.0,-9999.0,-9999.0,-9999.0,-9999.0,-9999.0,color,orientation,size,0.3400000000000001,-2.5,804,male,1,1056.0246858330029
2972,-9999.0,-9999.0,-9999.0,-9999.0,-9999.0,-9999.0,-9999.0,-9999.0,-9999.0,color,orientation,size,0.3400000000000001,-2.5,804,male,1,1056.0246858330029
2973,-9999.0,-9999.0,-9999.0,-9999.0,-9999.0,-9999.0,-9999.0,-9999.0,-9999.0,color,orientation,size,0.3400000000000001,-2.5,804,male,1,1056.0246858330029
2974,-9999.0,-9999.0,-9999.0,-9999.0,-9999.0,-9999.0,-9999.0,-9999.0,-9999.0,color,orientation,size,0.3400000000000001,-2.5,804,male,1,1056.0246858330029
2975,-9999.0,-9999.0,-9999.0,-9999.0,-9999.0,-9999.0,-9999.0,-9999.0,-9999.0,color,orientation,size,0.3400000000000001,-2.5,804,male,1,1056.0246858330029
2976,-9999.0,-9999.0,-9999.0,-9999.0,-9999.0,-9999.0,-9999.0,-9999.0,-9999.0,color,orientation,size,0.3400000000000001,-2.5,804,male,1,1056.0246858330029
2977,-9999.0,-9999.0,-9999.0,-9999.0,-9999.0,-9999.0,-9999.0,-9999.0,-9999.0,color,orientation,size,0.3400000000000001,-2.5,804,male,1,1056.0246858330029
2978,-9999.0,-9999.0,-9999.0,-9999.0,-9999.0,-9999.0,-9999.0,-9999.0,-9999.0,color,orientation,size,0.3400000000000001,-2.5,804,male,1,1056.0246858330029
2979,-9999.0,-9999.0,-9999.0,-9999.0,-9999.0,-9999.0,-9999.0,-9999.0,-9999.0,color,orientation,size,0.3400000000000001,-2.5,804,male,1,1056.0246858330029
2980,-9999.0,-9999.0,-9999.0,-9999.0,-9999.0,-9999.0,-9999.0,-9999.0,-9999.0,color,orientation,size,0.3400000000000001,-2.5,804,male,1,1056.0246858330029
2981,-9999.0,-9999.0,-9999.0,-9999.0,-9999.0,-9999.0,-9999.0,-9999.0,-9999.0,color,orientation,size,0.3400000000000001,-2.5,804,male,1,1056.0246858330029
2982,-9999.0,-9999.0,-9999.0,-9999.0,-9999.0,-9999.0,-9999.0,-9999.0,-9999.0,color,orientation,size,0.3400000000000001,-2.5,804,male,1,1056.0246858330029
2983,-9999.0,-9999.0,-9999.0,-9999.0,-9999.0,-9999.0,-9999.0,-9999.0,-9999.0,color,orientation,size,0.3400000000000001,-2.5,804,male,1,1056.0246858330029
2984,-9999.0,-9999.0,-9999.0,-9999.0,-9999.0,-9999.0,-9999.0,-9999.0,-9999.0,color,orientation,size,0.3400000000000001,-2.5,804,male,1,1056.0246858330029
2985,-9999.0,-9999.0,-9999.0,-9999.0,-9999.0,-9999.0,-9999.0,-9999.0,-9999.0,color,orientation,size,0.3400000000000001,-2.5,804,male,1,1056.0246858330029
2986,-9999.0,-9999.0,-9999.0,-9999.0,-9999.0,-9999.0,-9999.0,-9999.0,-9999.0,color,orientation,size,0.3400000000000001,-2.5,804,male,1,1056.0246858330029
2987,-9999.0,-9999.0,-9999.0,-9999.0,-9999.0,-9999.0,-9999.0,-9999.0,-9999.0,color,orientation,size,0.3400000000000001,-2.5,804,male,1,1056.0246858330029
2988,-9999.0,-9999.0,-9999.0,-9999.0,-9999.0,-9999.0,-9999.0,-9999.0,-9999.0,color,orientation,size,0.3400000000000001,-2.5,804,male,1,1056.0246858330029
2989,-9999.0,-9999.0,-9999.0,-9999.0,-9999.0,-9999.0,-9999.0,-9999.0,-9999.0,color,orientation,size,0.3400000000000001,-2.5,804,male,1,1056.0246858330029
2990,-9999.0,-9999.0,-9999.0,-9999.0,-9999.0,-9999.0,-9999.0,-9999.0,-9999.0,color,orientation,size,0.3400000000000001,-2.5,804,male,1,1056.0246858330029
2991,-9999.0,-9999.0,-9999.0,-9999.0,-9999.0,-9999.0,-9999.0,-9999.0,-9999.0,color,orientation,size,0.3400000000000001,-2.5,804,male,1,1056.0246858330029
2992,-9999.0,-9999.0,-9999.0,-9999.0,-9999.0,-9999.0,-9999.0,-9999.0,-9999.0,color,orientation,size,0.3400000000000001,-2.5,804,male,1,1056.0246858330029
2993,-9999.0,-9999.0,-9999.0,-9999.0,-9999.0,-9999.0,-9999.0,-9999.0,-9999.0,color,orientation,size,0.3400000000000001,-2.5,804,male,1,1056.0246858330029
2994,-9999.0,-9999.0,-9999.0,-9999.0,-9999.0,-9999.0,-9999.0,-9999.0,-9999.0,color,orientation,size,0.3400000000000001,-2.5,804,male,1,1056.0246858330029
2995,-9999.0,-9999.0,-9999.0,-9999.0,-9999.0,-9999.0,-9999.0,-9999.0,-9999.0,color,orientation,size,0.3400000000000001,-2.5,804,male,1,1056.0246858330029
2996,-9999.0,-9999.0,-9999.0,-9999.0,-9999.0,-9999.0,-9999.0,-9999.0,-9999.0,color,orientation,size,0.3400000000000001,-2.5,804,male,1,1056.0246858330029
2997,-9999.0,-9999.0,-9999.0,-9999.0,-9999.0,-9999.0,-9999.0,-9999.0,-9999.0,color,orientation,size,0.3400000000000001,-2.5,804,male,1,1056.0246858330029
2998,-9999.0,-9999.0,-9999.0,-9999.0,-9999.0,-9999.0,-9999.0,-9999.0,-9999.0,color,orientation,size,0.3400000000000001,-2.5,804,male,1,1056.0246858330029
2999,-9999.0,-9999.0,-9999.0,-9999.0,-9999.0,-9999.0,-9999.0,-9999.0,-9999.0,color,orientation,size,0.3400000000000001,-2.5,804,male,1,1056.0246858330029
3000,-9999.0,-9999.0,-9999.0,-9999.0,-9999.0,-9999.0,-9999.0,-9999.0,-9999.0,color,orientation,size,0.3400000000000001,-2.5,804,male,1,1056.0246858330029
3001,-9999.0,-9999.0,-9999.0,-9999.0,-9999.0,-9999.0,-9999.0,-9999.0,-9999.0,color,orientation,size,0.3400000000000001,-2.5,804,male,1,1056.0246858330029
3002,-9999.0,-9999.0,-9999.0,-9999.0,-9999.0,-9999.0,-9999.0,-9999.0,-9999.0,color,orientation,size,0.3400000000000001,-2.5,804,male,1,1056.0246858330029
3003,-9999.0,-9999.0,-9999.0,-9999.0,-9999.0,-9999.0,-9999.0,-9999.0,-9999.0,color,orientation,size,0.3400000000000001,-2.5,804,male,1,1056.0246858330029
3004,-9999.0,-9999.0,-9999.0,-9999.0,-9999.0,-9999.0,-9999.0,-9999.0,-9999.0,color,orientation,size,0.3400000000000001,-2.5,804,male,1,1056.0246858330029
3005,-9999.0,-9999.0,-9999.0,-9999.0,-9999.0,-9999.0,-9999.0,-9999.0,-9999.0,color,orientation,size,0.3400000000000001,-2.5,804,male,1,1056.0246858330029
3006,-9999.0,-9999.0,-9999.0,-9999.0,-9999.0,-9999.0,-9999.0,-9999.0,-9999.0,color,orientation,size,0.3400000000000001,-2.5,804,male,1,1056.0246858330029
3007,-9999.0,-9999.0,-9999.0,-9999.0,-9999.0,-9999.0,-9999.0,-9999.0,-9999.0,color,orientation,size,0.3400000000000001,-2.5,804,male,1,1056.0246858330029
3008,-9999.0,-9999.0,-9999.0,-9999.0,-9999.0,-9999.0,-9999.0,-9999.0,-9999.0,color,orientation,size,0.3400000000000001,-2.5,804,male,1,1056.0246858330029
3009,-9999.0,-9999.0,-9999.0,-9999.0,-9999.0,-9999.0,-9999.0,-9999.0,-9999.0,color,orientation,size,0.3400000000000001,-2.5,804,male,1,1056.0246858330029
3010,-9999.0,-9999.0,-9999.0,-9999.0,-9999.0,-9999.0,-9999.0,-9999.0,-9999.0,color,orientation,size,0.3400000000000001,-2.5,804,male,1,1056.0246858330029
3011,-9999.0,-9999.0,-9999.0,-9999.0,-9999.0,-9999.0,-9999.0,-9999.0,-9999.0,color,orientation,size,0.3400000000000001,-2.5,804,male,1,1056.0246858330029
3012,-9999.0,-9999.0,-9999.0,-9999.0,-9999.0,-9999.0,-9999.0,-9999.0,-9999.0,color,orientation,size,0.3400000000000001,-2.5,804,male,1,1056.0246858330029
3013,-9999.0,-9999.0,-9999.0,-9999.0,-9999.0,-9999.0,-9999.0,-9999.0,-9999.0,color,orientation,size,0.3400000000000001,-2.5,804,male,1,1056.0246858330029
3014,-9999.0,-9999.0,-9999.0,-9999.0,-9999.0,-9999.0,-9999.0,-9999.0,-9999.0,color,orientation,size,0.3400000000000001,-2.5,804,male,1,1056.0246858330029
3015,-9999.0,-9999.0,-9999.0,-9999.0,-9999.0,-9999.0,-9999.0,-9999.0,-9999.0,color,orientation,size,0.3400000000000001,-2.5,804,male,1,1056.0246858330029
3016,-9999.0,-9999.0,-9999.0,-9999.0,-9999.0,-9999.0,-9999.0,-9999.0,-9999.0,color,orientation,size,0.3400000000000001,-2.5,804,male,1,1056.0246858330029
3017,-9999.0,-9999.0,-9999.0,-9999.0,-9999.0,-9999.0,-9999.0,-9999.0,-9999.0,color,orientation,size,0.3400000000000001,-2.5,804,male,1,1056.0246858330029
3018,-9999.0,-9999.0,-9999.0,-9999.0,-9999.0,-9999.0,-9999.0,-9999.0,-9999.0,color,orientation,size,0.3400000000000001,-2.5,804,male,1,1056.0246858330029
3019,-9999.0,-9999.0,-9999.0,-9999.0,-9999.0,-9999.0,-9999.0,-9999.0,-9999.0,color,orientation,size,0.3400000000000001,-2.5,804,male,1,1056.0246858330029
3020,-9999.0,-9999.0,-9999.0,-9999.0,-9999.0,-9999.0,-9999.0,-9999.0,-9999.0,color,orientation,size,0.3400000000000001,-2.5,804,male,1,1056.0246858330029
3021,-9999.0,-9999.0,-9999.0,-9999.0,-9999.0,-9999.0,-9999.0,-9999.0,-9999.0,color,orientation,size,0.3400000000000001,-2.5,804,male,1,1056.0246858330029
3022,-9999.0,-9999.0,-9999.0,-9999.0,-9999.0,-9999.0,-9999.0,-9999.0,-9999.0,color,orientation,size,0.3400000000000001,-2.5,804,male,1,1056.0246858330029
3023,-9999.0,-9999.0,-9999.0,-9999.0,-9999.0,-9999.0,-9999.0,-9999.0,-9999.0,color,orientation,size,0.3400000000000001,-2.5,804,male,1,1056.0246858330029
3024,-9999.0,-9999.0,-9999.0,-9999.0,-9999.0,-9999.0,-9999.0,-9999.0,-9999.0,color,orientation,size,0.3400000000000001,-2.5,804,male,1,1056.0246858330029
3025,-9999.0,-9999.0,-9999.0,-9999.0,-9999.0,-9999.0,-9999.0,-9999.0,-9999.0,color,orientation,size,0.3400000000000001,-2.5,804,male,1,1056.0246858330029
3026,-9999.0,-9999.0,-9999.0,-9999.0,-9999.0,-9999.0,-9999.0,-9999.0,-9999.0,color,orientation,size,0.3400000000000001,-2.5,804,male,1,1056.0246858330029
3027,-9999.0,-9999.0,-9999.0,-9999.0,-9999.0,-9999.0,-9999.0,-9999.0,-9999.0,color,orientation,size,0.3400000000000001,-2.5,804,male,1,1056.0246858330029
3028,-9999.0,-9999.0,-9999.0,-9999.0,-9999.0,-9999.0,-9999.0,-9999.0,-9999.0,color,orientation,size,0.3400000000000001,-2.5,804,male,1,1056.0246858330029
3029,-9999.0,-9999.0,-9999.0,-9999.0,-9999.0,-9999.0,-9999.0,-9999.0,-9999.0,color,orientation,size,0.3400000000000001,-2.5,804,male,1,1056.0246858330029
3030,-9999.0,-9999.0,-9999.0,-9999.0,-9999.0,-9999.0,-9999.0,-9999.0,-9999.0,color,orientation,size,0.3400000000000001,-2.5,804,male,1,1056.0246858330029
3031,-9999.0,-9999.0,-9999.0,-9999.0,-9999.0,-9999.0,-9999.0,-9999.0,-9999.0,color,orientation,size,0.3400000000000001,-2.5,804,male,1,1056.0246858330029
3032,-9999.0,-9999.0,-9999.0,-9999.0,-9999.0,-9999.0,-9999.0,-9999.0,-9999.0,color,orientation,size,0.3400000000000001,-2.5,804,male,1,1056.0246858330029
3033,-9999.0,-9999.0,-9999.0,-9999.0,-9999.0,-9999.0,-9999.0,-9999.0,-9999.0,color,orientation,size,0.3400000000000001,-2.5,804,male,1,1056.0246858330029
3034,-9999.0,-9999.0,-9999.0,-9999.0,-9999.0,-9999.0,-9999.0,-9999.0,-9999.0,color,orientation,size,0.3400000000000001,-2.5,804,male,1,1056.0246858330029
3035,-9999.0,-9999.0,-9999.0,-9999.0,-9999.0,-9999.0,-9999.0,-9999.0,-9999.0,color,orientation,size,0.3400000000000001,-2.5,804,male,1,1056.0246858330029
3036,-9999.0,-9999.0,-9999.0,-9999.0,-9999.0,-9999.0,-9999.0,-9999.0,-9999.0,color,orientation,size,0.3400000000000001,-2.5,804,male,1,1056.0246858330029
3037,-9999.0,-9999.0,-9999.0,-9999.0,-9999.0,-9999.0,-9999.0,-9999.0,-9999.0,color,orientation,size,0.3400000000000001,-2.5,804,male,1,1056.0246858330029
3038,-9999.0,-9999.0,-9999.0,-9999.0,-9999.0,-9999.0,-9999.0,-9999.0,-9999.0,color,orientation,size,0.3400000000000001,-2.5,804,male,1,1056.0246858330029
3039,-9999.0,-9999.0,-9999.0,-9999.0,-9999.0,-9999.0,-9999.0,-9999.0,-9999.0,color,orientation,size,0.3400000000000001,-2.5,804,male,1,1056.0246858330029
3040,-9999.0,-9999.0,-9999.0,-9999.0,-9999.0,-9999.0,-9999.0,-9999.0,-9999.0,color,orientation,size,0.3400000000000001,-2.5,804,male,1,1056.0246858330029
3041,-9999.0,-9999.0,-9999.0,-9999.0,-9999.0,-9999.0,-9999.0,-9999.0,-9999.0,color,orientation,size,0.3400000000000001,-2.5,804,male,1,1056.0246858330029
3042,-9999.0,-9999.0,-9999.0,-9999.0,-9999.0,-9999.0,-9999.0,-9999.0,-9999.0,color,orientation,size,0.3400000000000001,-2.5,804,male,1,1056.0246858330029
3043,-9999.0,-9999.0,-9999.0,-9999.0,-9999.0,-9999.0,-9999.0,-9999.0,-9999.0,color,orientation,size,0.3400000000000001,-2.5,804,male,1,1056.0246858330029
3044,-9999.0,-9999.0,-9999.0,-9999.0,-9999.0,-9999.0,-9999.0,-9999.0,-9999.0,color,orientation,size,0.3400000000000001,-2.5,804,male,1,1056.0246858330029
3045,-9999.0,-9999.0,-9999.0,-9999.0,-9999.0,-9999.0,-9999.0,-9999.0,-9999.0,color,orientation,size,0.3400000000000001,-2.5,804,male,1,1056.0246858330029
3046,-9999.0,-9999.0,-9999.0,-9999.0,-9999.0,-9999.0,-9999.0,-9999.0,-9999.0,color,orientation,size,0.3400000000000001,-2.5,804,male,1,1056.0246858330029
3047,-9999.0,-9999.0,-9999.0,-9999.0,-9999.0,-9999.0,-9999.0,-9999.0,-9999.0,color,orientation,size,0.3400000000000001,-2.5,804,male,1,1056.0246858330029
3048,-9999.0,-9999.0,-9999.0,-9999.0,-9999.0,-9999.0,-9999.0,-9999.0,-9999.0,color,orientation,size,0.3400000000000001,-2.5,804,male,1,1056.0246858330029
3049,-9999.0,-9999.0,-9999.0,-9999.0,-9999.0,-9999.0,-9999.0,-9999.0,-9999.0,color,orientation,size,0.3400000000000001,-2.5,804,male,1,1056.0246858330029
3050,-9999.0,-9999.0,-9999.0,-9999.0,-9999.0,-9999.0,-9999.0,-9999.0,-9999.0,color,orientation,size,0.3400000000000001,-2.5,804,male,1,1056.0246858330029
3051,-9999.0,-9999.0,-9999.0,-9999.0,-9999.0,-9999.0,-9999.0,-9999.0,-9999.0,color,orientation,size,0.3400000000000001,-2.5,804,male,1,1056.0246858330029
3052,-9999.0,-9999.0,-9999.0,-9999.0,-9999.0,-9999.0,-9999.0,-9999.0,-9999.0,color,orientation,size,0.3400000000000001,-2.5,804,male,1,1056.0246858330029
3053,-9999.0,-9999.0,-9999.0,-9999.0,-9999.0,-9999.0,-9999.0,-9999.0,-9999.0,color,orientation,size,0.3400000000000001,-2.5,804,male,1,1056.0246858330029
3054,-9999.0,-9999.0,-9999.0,-9999.0,-9999.0,-9999.0,-9999.0,-9999.0,-9999.0,color,orientation,size,0.3400000000000001,-2.5,804,male,1,1056.0246858330029
3055,-9999.0,-9999.0,-9999.0,-9999.0,-9999.0,-9999.0,-9999.0,-9999.0,-9999.0,color,orientation,size,0.3400000000000001,-2.5,804,male,1,1056.0246858330029
3056,-9999.0,-9999.0,-9999.0,-9999.0,-9999.0,-9999.0,-9999.0,-9999.0,-9999.0,color,orientation,size,0.3400000000000001,-2.5,804,male,1,1056.0246858330029
3057,-9999.0,-9999.0,-9999.0,-9999.0,-9999.0,-9999.0,-9999.0,-9999.0,-9999.0,color,orientation,size,0.3400000000000001,-2.5,804,male,1,1056.0246858330029
3058,-9999.0,-9999.0,-9999.0,-9999.0,-9999.0,-9999.0,-9999.0,-9999.0,-9999.0,color,orientation,size,0.3400000000000001,-2.5,804,male,1,1056.0246858330029
3059,-9999.0,-9999.0,-9999.0,-9999.0,-9999.0,-9999.0,-9999.0,-9999.0,-9999.0,color,orientation,size,0.3400000000000001,-2.5,804,male,1,1056.0246858330029
3060,-9999.0,-9999.0,-9999.0,-9999.0,-9999.0,-9999.0,-9999.0,-9999.0,-9999.0,color,orientation,size,0.3400000000000001,-2.5,804,male,1,1056.0246858330029
3061,-9999.0,-9999.0,-9999.0,-9999.0,-9999.0,-9999.0,-9999.0,-9999.0,-9999.0,color,orientation,size,0.3400000000000001,-2.5,804,male,1,1056.0246858330029
3062,-9999.0,-9999.0,-9999.0,-9999.0,-9999.0,-9999.0,-9999.0,-9999.0,-9999.0,color,orientation,size,0.3400000000000001,-2.5,804,male,1,1056.0246858330029
3063,-9999.0,-9999.0,-9999.0,-9999.0,-9999.0,-9999.0,-9999.0,-9999.0,-9999.0,color,orientation,size,0.3400000000000001,-2.5,804,male,1,1056.0246858330029
3064,-9999.0,-9999.0,-9999.0,-9999.0,-9999.0,-9999.0,-9999.0,-9999.0,-9999.0,color,orientation,size,0.3400000000000001,-2.5,804,male,1,1056.0246858330029
3065,-9999.0,-9999.0,-9999.0,-9999.0,-9999.0,-9999.0,-9999.0,-9999.0,-9999.0,color,orientation,size,0.3400000000000001,-2.5,804,male,1,1056.0246858330029
3066,-9999.0,-9999.0,-9999.0,-9999.0,-9999.0,-9999.0,-9999.0,-9999.0,-9999.0,color,orientation,size,0.3400000000000001,-2.5,804,male,1,1056.0246858330029
3067,-9999.0,-9999.0,-9999.0,-9999.0,-9999.0,-9999.0,-9999.0,-9999.0,-9999.0,color,orientation,size,0.3400000000000001,-2.5,804,male,1,1056.0246858330029
3068,-9999.0,-9999.0,-9999.0,-9999.0,-9999.0,-9999.0,-9999.0,-9999.0,-9999.0,color,orientation,size,0.3400000000000001,-2.5,804,male,1,1056.0246858330029
3069,-9999.0,-9999.0,-9999.0,-9999.0,-9999.0,-9999.0,-9999.0,-9999.0,-9999.0,color,orientation,size,0.3400000000000001,-2.5,804,male,1,1056.0246858330029
3070,-9999.0,-9999.0,-9999.0,-9999.0,-9999.0,-9999.0,-9999.0,-9999.0,-9999.0,color,orientation,size,0.3400000000000001,-2.5,804,male,1,1056.0246858330029
3071,-9999.0,-9999.0,-9999.0,-9999.0,-9999.0,-9999.0,-9999.0,-9999.0,-9999.0,color,orientation,size,0.3400000000000001,-2.5,804,male,1,1056.0246858330029
3072,-9999.0,-9999.0,-9999.0,-9999.0,-9999.0,-9999.0,-9999.0,-9999.0,-9999.0,color,orientation,size,0.3400000000000001,-2.5,804,male,1,1056.0246858330029
3073,-9999.0,-9999.0,-9999.0,-9999.0,-9999.0,-9999.0,-9999.0,-9999.0,-9999.0,color,orientation,size,0.3400000000000001,-2.5,804,male,1,1056.0246858330029
3074,-9999.0,-9999.0,-9999.0,-9999.0,-9999.0,-9999.0,-9999.0,-9999.0,-9999.0,color,orientation,size,0.3400000000000001,-2.5,804,male,1,1056.0246858330029
3075,-9999.0,-9999.0,-9999.0,-9999.0,-9999.0,-9999.0,-9999.0,-9999.0,-9999.0,color,orientation,size,0.3400000000000001,-2.5,804,male,1,1056.0246858330029
3076,-9999.0,-9999.0,-9999.0,-9999.0,-9999.0,-9999.0,-9999.0,-9999.0,-9999.0,color,orientation,size,0.3400000000000001,-2.5,804,male,1,1056.0246858330029
3077,-9999.0,-9999.0,-9999.0,-9999.0,-9999.0,-9999.0,-9999.0,-9999.0,-9999.0,color,orientation,size,0.3400000000000001,-2.5,804,male,1,1056.0246858330029
3078,-9999.0,-9999.0,-9999.0,-9999.0,-9999.0,-9999.0,-9999.0,-9999.0,-9999.0,color,orientation,size,0.3400000000000001,-2.5,804,male,1,1056.0246858330029
3079,-9999.0,-9999.0,-9999.0,-9999.0,-9999.0,-9999.0,-9999.0,-9999.0,-9999.0,color,orientation,size,0.3400000000000001,-2.5,804,male,1,1056.0246858330029
3080,-9999.0,-9999.0,-9999.0,-9999.0,-9999.0,-9999.0,-9999.0,-9999.0,-9999.0,color,orientation,size,0.3400000000000001,-2.5,804,male,1,1056.0246858330029
3081,-9999.0,-9999.0,-9999.0,-9999.0,-9999.0,-9999.0,-9999.0,-9999.0,-9999.0,color,orientation,size,0.3400000000000001,-2.5,804,male,1,1056.0246858330029
3082,-9999.0,-9999.0,-9999.0,-9999.0,-9999.0,-9999.0,-9999.0,-9999.0,-9999.0,color,orientation,size,0.3400000000000001,-2.5,804,male,1,1056.0246858330029
3083,-9999.0,-9999.0,-9999.0,-9999.0,-9999.0,-9999.0,-9999.0,-9999.0,-9999.0,color,orientation,size,0.3400000000000001,-2.5,804,male,1,1056.0246858330029
3084,-9999.0,-9999.0,-9999.0,-9999.0,-9999.0,-9999.0,-9999.0,-9999.0,-9999.0,color,orientation,size,0.3400000000000001,-2.5,804,male,1,1056.0246858330029
3085,-9999.0,-9999.0,-9999.0,-9999.0,-9999.0,-9999.0,-9999.0,-9999.0,-9999.0,color,orientation,size,0.3400000000000001,-2.5,804,male,1,1056.0246858330029
3086,-9999.0,-9999.0,-9999.0,-9999.0,-9999.0,-9999.0,-9999.0,-9999.0,-9999.0,color,orientation,size,0.3400000000000001,-2.5,804,male,1,1056.0246858330029
3087,-9999.0,-9999.0,-9999.0,-9999.0,-9999.0,-9999.0,-9999.0,-9999.0,-9999.0,color,orientation,size,0.3400000000000001,-2.5,804,male,1,1056.0246858330029
3088,-9999.0,-9999.0,-9999.0,-9999.0,-9999.0,-9999.0,-9999.0,-9999.0,-9999.0,color,orientation,size,0.3400000000000001,-2.5,804,male,1,1056.0246858330029
3089,-9999.0,-9999.0,-9999.0,-9999.0,-9999.0,-9999.0,-9999.0,-9999.0,-9999.0,color,orientation,size,0.3400000000000001,-2.5,804,male,1,1056.0246858330029
3090,-9999.0,-9999.0,-9999.0,-9999.0,-9999.0,-9999.0,-9999.0,-9999.0,-9999.0,color,orientation,size,0.3400000000000001,-2.5,804,male,1,1056.0246858330029
3091,-9999.0,-9999.0,-9999.0,-9999.0,-9999.0,-9999.0,-9999.0,-9999.0,-9999.0,color,orientation,size,0.3400000000000001,-2.5,804,male,1,1056.0246858330029
3092,-9999.0,-9999.0,-9999.0,-9999.0,-9999.0,-9999.0,-9999.0,-9999.0,-9999.0,color,orientation,size,0.3400000000000001,-2.5,804,male,1,1056.0246858330029
3093,-9999.0,-9999.0,-9999.0,-9999.0,-9999.0,-9999.0,-9999.0,-9999.0,-9999.0,color,orientation,size,0.3400000000000001,-2.5,804,male,1,1056.0246858330029
3094,-9999.0,-9999.0,-9999.0,-9999.0,-9999.0,-9999.0,-9999.0,-9999.0,-9999.0,color,orientation,size,0.3400000000000001,-2.5,804,male,1,1056.0246858330029
3095,-9999.0,-9999.0,-9999.0,-9999.0,-9999.0,-9999.0,-9999.0,-9999.0,-9999.0,color,orientation,size,0.3400000000000001,-2.5,804,male,1,1056.0246858330029
3096,-9999.0,-9999.0,-9999.0,-9999.0,-9999.0,-9999.0,-9999.0,-9999.0,-9999.0,color,orientation,size,0.3400000000000001,-2.5,804,male,1,1056.0246858330029
3097,-9999.0,-9999.0,-9999.0,-9999.0,-9999.0,-9999.0,-9999.0,-9999.0,-9999.0,color,orientation,size,0.3400000000000001,-2.5,804,male,1,1056.0246858330029
3098,-9999.0,-9999.0,-9999.0,-9999.0,-9999.0,-9999.0,-9999.0,-9999.0,-9999.0,color,orientation,size,0.3400000000000001,-2.5,804,male,1,1056.0246858330029
3099,-9999.0,-9999.0,-9999.0,-9999.0,-9999.0,-9999.0,-9999.0,-9999.0,-9999.0,color,orientation,size,0.3400000000000001,-2.5,804,male,1,1056.0246858330029
3100,-9999.0,-9999.0,-9999.0,-9999.0,-9999.0,-9999.0,-9999.0,-9999.0,-9999.0,color,orientation,size,0.3400000000000001,-2.5,804,male,1,1056.0246858330029
3101,-9999.0,-9999.0,-9999.0,-9999.0,-9999.0,-9999.0,-9999.0,-9999.0,-9999.0,color,orientation,size,0.3400000000000001,-2.5,804,male,1,1056.0246858330029
3102,-9999.0,-9999.0,-9999.0,-9999.0,-9999.0,-9999.0,-9999.0,-9999.0,-9999.0,color,orientation,size,0.3400000000000001,-2.5,804,male,1,1056.0246858330029
3103,-9999.0,-9999.0,-9999.0,-9999.0,-9999.0,-9999.0,-9999.0,-9999.0,-9999.0,color,orientation,size,0.3400000000000001,-2.5,804,male,1,1056.0246858330029
3104,-9999.0,-9999.0,-9999.0,-9999.0,-9999.0,-9999.0,-9999.0,-9999.0,-9999.0,color,orientation,size,0.3400000000000001,-2.5,804,male,1,1056.0246858330029
3105,-9999.0,-9999.0,-9999.0,-9999.0,-9999.0,-9999.0,-9999.0,-9999.0,-9999.0,color,orientation,size,0.3400000000000001,-2.5,804,male,1,1056.0246858330029
3106,-9999.0,-9999.0,-9999.0,-9999.0,-9999.0,-9999.0,-9999.0,-9999.0,-9999.0,color,orientation,size,0.3400000000000001,-2.5,804,male,1,1056.0246858330029
3107,-9999.0,-9999.0,-9999.0,-9999.0,-9999.0,-9999.0,-9999.0,-9999.0,-9999.0,color,orientation,size,0.3400000000000001,-2.5,804,male,1,1056.0246858330029
3108,-9999.0,-9999.0,-9999.0,-9999.0,-9999.0,-9999.0,-9999.0,-9999.0,-9999.0,color,orientation,size,0.3400000000000001,-2.5,804,male,1,1056.0246858330029
3109,-9999.0,-9999.0,-9999.0,-9999.0,-9999.0,-9999.0,-9999.0,-9999.0,-9999.0,color,orientation,size,0.3400000000000001,-2.5,804,male,1,1056.0246858330029
3110,-9999.0,-9999.0,-9999.0,-9999.0,-9999.0,-9999.0,-9999.0,-9999.0,-9999.0,color,orientation,size,0.3400000000000001,-2.5,804,male,1,1056.0246858330029
3111,-9999.0,-9999.0,-9999.0,-9999.0,-9999.0,-9999.0,-9999.0,-9999.0,-9999.0,color,orientation,size,0.3400000000000001,-2.5,804,male,1,1056.0246858330029
3112,-9999.0,-9999.0,-9999.0,-9999.0,-9999.0,-9999.0,-9999.0,-9999.0,-9999.0,color,orientation,size,0.3400000000000001,-2.5,804,male,1,1056.0246858330029
3113,-9999.0,-9999.0,-9999.0,-9999.0,-9999.0,-9999.0,-9999.0,-9999.0,-9999.0,color,orientation,size,0.3400000000000001,-2.5,804,male,1,1056.0246858330029
3114,-9999.0,-9999.0,-9999.0,-9999.0,-9999.0,-9999.0,-9999.0,-9999.0,-9999.0,color,orientation,size,0.3400000000000001,-2.5,804,male,1,1056.0246858330029
3115,-9999.0,-9999.0,-9999.0,-9999.0,-9999.0,-9999.0,-9999.0,-9999.0,-9999.0,color,orientation,size,0.3400000000000001,-2.5,804,male,1,1056.0246858330029
3116,-9999.0,-9999.0,-9999.0,-9999.0,-9999.0,-9999.0,-9999.0,-9999.0,-9999.0,color,orientation,size,0.3400000000000001,-2.5,804,male,1,1056.0246858330029
3117,-9999.0,-9999.0,-9999.0,-9999.0,-9999.0,-9999.0,-9999.0,-9999.0,-9999.0,color,orientation,size,0.3400000000000001,-2.5,804,male,1,1056.0246858330029
3118,-9999.0,-9999.0,-9999.0,-9999.0,-9999.0,-9999.0,-9999.0,-9999.0,-9999.0,color,orientation,size,0.3400000000000001,-2.5,804,male,1,1056.0246858330029
3119,-9999.0,-9999.0,-9999.0,-9999.0,-9999.0,-9999.0,-9999.0,-9999.0,-9999.0,color,orientation,size,0.3400000000000001,-2.5,804,male,1,1056.0246858330029
3120,-9999.0,-9999.0,-9999.0,-9999.0,-9999.0,-9999.0,-9999.0,-9999.0,-9999.0,color,orientation,size,0.3400000000000001,-2.5,804,male,1,1056.0246858330029
3121,-9999.0,-9999.0,-9999.0,-9999.0,-9999.0,-9999.0,-9999.0,-9999.0,-9999.0,color,orientation,size,0.3400000000000001,-2.5,804,male,1,1056.0246858330029
3122,-9999.0,-9999.0,-9999.0,-9999.0,-9999.0,-9999.0,-9999.0,-9999.0,-9999.0,color,orientation,size,0.3400000000000001,-2.5,804,male,1,1056.0246858330029
3123,-9999.0,-9999.0,-9999.0,-9999.0,-9999.0,-9999.0,-9999.0,-9999.0,-9999.0,color,orientation,size,0.3400000000000001,-2.5,804,male,1,1056.0246858330029
3124,-9999.0,-9999.0,-9999.0,-9999.0,-9999.0,-9999.0,-9999.0,-9999.0,-9999.0,color,orientation,size,0.3400000000000001,-2.5,804,male,1,1056.0246858330029
3125,-9999.0,-9999.0,-9999.0,-9999.0,-9999.0,-9999.0,-9999.0,-9999.0,-9999.0,color,orientation,size,0.3400000000000001,-2.5,804,male,1,1056.0246858330029
3126,-9999.0,-9999.0,-9999.0,-9999.0,-9999.0,-9999.0,-9999.0,-9999.0,-9999.0,color,orientation,size,0.3400000000000001,-2.5,804,male,1,1056.0246858330029
3127,-9999.0,-9999.0,-9999.0,-9999.0,-9999.0,-9999.0,-9999.0,-9999.0,-9999.0,color,orientation,size,0.3400000000000001,-2.5,804,male,1,1056.0246858330029
3128,-9999.0,-9999.0,-9999.0,-9999.0,-9999.0,-9999.0,-9999.0,-9999.0,-9999.0,color,orientation,size,0.3400000000000001,-2.5,804,male,1,1056.0246858330029
3129,-9999.0,-9999.0,-9999.0,-9999.0,-9999.0,-9999.0,-9999.0,-9999.0,-9999.0,color,orientation,size,0.3400000000000001,-2.5,804,male,1,1056.0246858330029
3130,-9999.0,-9999.0,-9999.0,-9999.0,-9999.0,-9999.0,-9999.0,-9999.0,-9999.0,color,orientation,size,0.3400000000000001,-2.5,804,male,1,1056.0246858330029
3131,-9999.0,-9999.0,-9999.0,-9999.0,-9999.0,-9999.0,-9999.0,-9999.0,-9999.0,color,orientation,size,0.3400000000000001,-2.5,804,male,1,1056.0246858330029
3132,-9999.0,-9999.0,-9999.0,-9999.0,-9999.0,-9999.0,-9999.0,-9999.0,-9999.0,color,orientation,size,0.3400000000000001,-2.5,804,male,1,1056.0246858330029
3133,-9999.0,-9999.0,-9999.0,-9999.0,-9999.0,-9999.0,-9999.0,-9999.0,-9999.0,color,orientation,size,0.3400000000000001,-2.5,804,male,1,1056.0246858330029
3134,-9999.0,-9999.0,-9999.0,-9999.0,-9999.0,-9999.0,-9999.0,-9999.0,-9999.0,color,orientation,size,0.3400000000000001,-2.5,804,male,1,1056.0246858330029
3135,-9999.0,-9999.0,-9999.0,-9999.0,-9999.0,-9999.0,-9999.0,-9999.0,-9999.0,color,orientation,size,0.3400000000000001,-2.5,804,male,1,1056.0246858330029
3136,-9999.0,-9999.0,-9999.0,-9999.0,-9999.0,-9999.0,-9999.0,-9999.0,-9999.0,color,orientation,size,0.3400000000000001,-2.5,804,male,1,1056.0246858330029
3137,-9999.0,-9999.0,-9999.0,-9999.0,-9999.0,-9999.0,-9999.0,-9999.0,-9999.0,color,orientation,size,0.3400000000000001,-2.5,804,male,1,1056.0246858330029
3138,-9999.0,-9999.0,-9999.0,-9999.0,-9999.0,-9999.0,-9999.0,-9999.0,-9999.0,color,orientation,size,0.3400000000000001,-2.5,804,male,1,1056.0246858330029
3139,-9999.0,-9999.0,-9999.0,-9999.0,-9999.0,-9999.0,-9999.0,-9999.0,-9999.0,color,orientation,size,0.3400000000000001,-2.5,804,male,1,1056.0246858330029
3140,-9999.0,-9999.0,-9999.0,-9999.0,-9999.0,-9999.0,-9999.0,-9999.0,-9999.0,color,orientation,size,0.3400000000000001,-2.5,804,male,1,1056.0246858330029
3141,-9999.0,-9999.0,-9999.0,-9999.0,-9999.0,-9999.0,-9999.0,-9999.0,-9999.0,color,orientation,size,0.3400000000000001,-2.5,804,male,1,1056.0246858330029
3142,-9999.0,-9999.0,-9999.0,-9999.0,-9999.0,-9999.0,-9999.0,-9999.0,-9999.0,color,orientation,size,0.3400000000000001,-2.5,804,male,1,1056.0246858330029
3143,-9999.0,-9999.0,-9999.0,-9999.0,-9999.0,-9999.0,-9999.0,-9999.0,-9999.0,color,orientation,size,0.3400000000000001,-2.5,804,male,1,1056.0246858330029
3144,-9999.0,-9999.0,-9999.0,-9999.0,-9999.0,-9999.0,-9999.0,-9999.0,-9999.0,color,orientation,size,0.3400000000000001,-2.5,804,male,1,1056.0246858330029
3145,-9999.0,-9999.0,-9999.0,-9999.0,-9999.0,-9999.0,-9999.0,-9999.0,-9999.0,color,orientation,size,0.3400000000000001,-2.5,804,male,1,1056.0246858330029
3146,-9999.0,-9999.0,-9999.0,-9999.0,-9999.0,-9999.0,-9999.0,-9999.0,-9999.0,color,orientation,size,0.3400000000000001,-2.5,804,male,1,1056.0246858330029
3147,-9999.0,-9999.0,-9999.0,-9999.0,-9999.0,-9999.0,-9999.0,-9999.0,-9999.0,color,orientation,size,0.3400000000000001,-2.5,804,male,1,1056.0246858330029
3148,-9999.0,-9999.0,-9999.0,-9999.0,-9999.0,-9999.0,-9999.0,-9999.0,-9999.0,color,orientation,size,0.3400000000000001,-2.5,804,male,1,1056.0246858330029
3149,-9999.0,-9999.0,-9999.0,-9999.0,-9999.0,-9999.0,-9999.0,-9999.0,-9999.0,color,orientation,size,0.3400000000000001,-2.5,804,male,1,1056.0246858330029
3150,-9999.0,-9999.0,-9999.0,-9999.0,-9999.0,-9999.0,-9999.0,-9999.0,-9999.0,color,orientation,size,0.3400000000000001,-2.5,804,male,1,1056.0246858330029
3151,-9999.0,-9999.0,-9999.0,-9999.0,-9999.0,-9999.0,-9999.0,-9999.0,-9999.0,color,orientation,size,0.3400000000000001,-2.5,804,male,1,1056.0246858330029
3152,-9999.0,-9999.0,-9999.0,-9999.0,-9999.0,-9999.0,-9999.0,-9999.0,-9999.0,color,orientation,size,0.3400000000000001,-2.5,804,male,1,1056.0246858330029
3153,-9999.0,-9999.0,-9999.0,-9999.0,-9999.0,-9999.0,-9999.0,-9999.0,-9999.0,color,orientation,size,0.3400000000000001,-2.5,804,male,1,1056.0246858330029
3154,-9999.0,-9999.0,-9999.0,-9999.0,-9999.0,-9999.0,-9999.0,-9999.0,-9999.0,color,orientation,size,0.3400000000000001,-2.5,804,male,1,1056.0246858330029
3155,-9999.0,-9999.0,-9999.0,-9999.0,-9999.0,-9999.0,-9999.0,-9999.0,-9999.0,color,orientation,size,0.3400000000000001,-2.5,804,male,1,1056.0246858330029
3156,-9999.0,-9999.0,-9999.0,-9999.0,-9999.0,-9999.0,-9999.0,-9999.0,-9999.0,color,orientation,size,0.3400000000000001,-2.5,804,male,1,1056.0246858330029
3157,-9999.0,-9999.0,-9999.0,-9999.0,-9999.0,-9999.0,-9999.0,-9999.0,-9999.0,color,orientation,size,0.3400000000000001,-2.5,804,male,1,1056.0246858330029
3158,-9999.0,-9999.0,-9999.0,-9999.0,-9999.0,-9999.0,-9999.0,-9999.0,-9999.0,color,orientation,size,0.3400000000000001,-2.5,804,male,1,1056.0246858330029
3159,-9999.0,-9999.0,-9999.0,-9999.0,-9999.0,-9999.0,-9999.0,-9999.0,-9999.0,color,orientation,size,0.3400000000000001,-2.5,804,male,1,1056.0246858330029
3160,-9999.0,-9999.0,-9999.0,-9999.0,-9999.0,-9999.0,-9999.0,-9999.0,-9999.0,color,orientation,size,0.3400000000000001,-2.5,804,male,1,1056.0246858330029
3161,-9999.0,-9999.0,-9999.0,-9999.0,-9999.0,-9999.0,-9999.0,-9999.0,-9999.0,color,orientation,size,0.3400000000000001,-2.5,804,male,1,1056.0246858330029
3162,-9999.0,-9999.0,-9999.0,-9999.0,-9999.0,-9999.0,-9999.0,-9999.0,-9999.0,color,orientation,size,0.3400000000000001,-2.5,804,male,1,1056.0246858330029
3163,-9999.0,-9999.0,-9999.0,-9999.0,-9999.0,-9999.0,-9999.0,-9999.0,-9999.0,color,orientation,size,0.3400000000000001,-2.5,804,male,1,1056.0246858330029
3164,-9999.0,-9999.0,-9999.0,-9999.0,-9999.0,-9999.0,-9999.0,-9999.0,-9999.0,color,orientation,size,0.3400000000000001,-2.5,804,male,1,1056.0246858330029
3165,-9999.0,-9999.0,-9999.0,-9999.0,-9999.0,-9999.0,-9999.0,-9999.0,-9999.0,color,orientation,size,0.3400000000000001,-2.5,804,male,1,1056.0246858330029
3166,-9999.0,-9999.0,-9999.0,-9999.0,-9999.0,-9999.0,-9999.0,-9999.0,-9999.0,color,orientation,size,0.3400000000000001,-2.5,804,male,1,1056.0246858330029
3167,-9999.0,-9999.0,-9999.0,-9999.0,-9999.0,-9999.0,-9999.0,-9999.0,-9999.0,color,orientation,size,0.3400000000000001,-2.5,804,male,1,1056.0246858330029
3168,-9999.0,-9999.0,-9999.0,-9999.0,-9999.0,-9999.0,-9999.0,-9999.0,-9999.0,color,orientation,size,0.3400000000000001,-2.5,804,male,1,1056.0246858330029
3169,-9999.0,-9999.0,-9999.0,-9999.0,-9999.0,-9999.0,-9999.0,-9999.0,-9999.0,color,orientation,size,0.3400000000000001,-2.5,804,male,1,1056.0246858330029
3170,-9999.0,-9999.0,-9999.0,-9999.0,-9999.0,-9999.0,-9999.0,-9999.0,-9999.0,color,orientation,size,0.3400000000000001,-2.5,804,male,1,1056.0246858330029
3171,-9999.0,-9999.0,-9999.0,-9999.0,-9999.0,-9999.0,-9999.0,-9999.0,-9999.0,color,orientation,size,0.3400000000000001,-2.5,804,male,1,1056.0246858330029
3172,-9999.0,-9999.0,-9999.0,-9999.0,-9999.0,-9999.0,-9999.0,-9999.0,-9999.0,color,orientation,size,0.3400000000000001,-2.5,804,male,1,1056.0246858330029
3173,-9999.0,-9999.0,-9999.0,-9999.0,-9999.0,-9999.0,-9999.0,-9999.0,-9999.0,color,orientation,size,0.3400000000000001,-2.5,804,male,1,1056.0246858330029
3174,-9999.0,-9999.0,-9999.0,-9999.0,-9999.0,-9999.0,-9999.0,-9999.0,-9999.0,color,orientation,size,0.3400000000000001,-2.5,804,male,1,1056.0246858330029
3175,-9999.0,-9999.0,-9999.0,-9999.0,-9999.0,-9999.0,-9999.0,-9999.0,-9999.0,color,orientation,size,0.3400000000000001,-2.5,804,male,1,1056.0246858330029
3176,-9999.0,-9999.0,-9999.0,-9999.0,-9999.0,-9999.0,-9999.0,-9999.0,-9999.0,color,orientation,size,0.3400000000000001,-2.5,804,male,1,1056.0246858330029
3177,-9999.0,-9999.0,-9999.0,-9999.0,-9999.0,-9999.0,-9999.0,-9999.0,-9999.0,color,orientation,size,0.3400000000000001,-2.5,804,male,1,1056.0246858330029
3178,-9999.0,-9999.0,-9999.0,-9999.0,-9999.0,-9999.0,-9999.0,-9999.0,-9999.0,color,orientation,size,0.3400000000000001,-2.5,804,male,1,1056.0246858330029
3179,-9999.0,-9999.0,-9999.0,-9999.0,-9999.0,-9999.0,-9999.0,-9999.0,-9999.0,color,orientation,size,0.3400000000000001,-2.5,804,male,1,1056.0246858330029
3180,-9999.0,-9999.0,-9999.0,-9999.0,-9999.0,-9999.0,-9999.0,-9999.0,-9999.0,color,orientation,size,0.3400000000000001,-2.5,804,male,1,1056.0246858330029
3181,-9999.0,-9999.0,-9999.0,-9999.0,-9999.0,-9999.0,-9999.0,-9999.0,-9999.0,color,orientation,size,0.3400000000000001,-2.5,804,male,1,1056.0246858330029
3182,-9999.0,-9999.0,-9999.0,-9999.0,-9999.0,-9999.0,-9999.0,-9999.0,-9999.0,color,orientation,size,0.3400000000000001,-2.5,804,male,1,1056.0246858330029
3183,-9999.0,-9999.0,-9999.0,-9999.0,-9999.0,-9999.0,-9999.0,-9999.0,-9999.0,color,orientation,size,0.3400000000000001,-2.5,804,male,1,1056.0246858330029
3184,-9999.0,-9999.0,-9999.0,-9999.0,-9999.0,-9999.0,-9999.0,-9999.0,-9999.0,color,orientation,size,0.3400000000000001,-2.5,804,male,1,1056.0246858330029
3185,-9999.0,-9999.0,-9999.0,-9999.0,-9999.0,-9999.0,-9999.0,-9999.0,-9999.0,color,orientation,size,0.3400000000000001,-2.5,804,male,1,1056.0246858330029
3186,-9999.0,-9999.0,-9999.0,-9999.0,-9999.0,-9999.0,-9999.0,-9999.0,-9999.0,color,orientation,size,0.3400000000000001,-2.5,804,male,1,1056.0246858330029
3187,-9999.0,-9999.0,-9999.0,-9999.0,-9999.0,-9999.0,-9999.0,-9999.0,-9999.0,color,orientation,size,0.3400000000000001,-2.5,804,male,1,1056.0246858330029
3188,-9999.0,-9999.0,-9999.0,-9999.0,-9999.0,-9999.0,-9999.0,-9999.0,-9999.0,color,orientation,size,0.3400000000000001,-2.5,804,male,1,1056.0246858330029
3189,-9999.0,-9999.0,-9999.0,-9999.0,-9999.0,-9999.0,-9999.0,-9999.0,-9999.0,color,orientation,size,0.3400000000000001,-2.5,804,male,1,1056.0246858330029
3190,-9999.0,-9999.0,-9999.0,-9999.0,-9999.0,-9999.0,-9999.0,-9999.0,-9999.0,color,orientation,size,0.3400000000000001,-2.5,804,male,1,1056.0246858330029
3191,-9999.0,-9999.0,-9999.0,-9999.0,-9999.0,-9999.0,-9999.0,-9999.0,-9999.0,color,orientation,size,0.3400000000000001,-2.5,804,male,1,1056.0246858330029
3192,-9999.0,-9999.0,-9999.0,-9999.0,-9999.0,-9999.0,-9999.0,-9999.0,-9999.0,color,orientation,size,0.3400000000000001,-2.5,804,male,1,1056.0246858330029
3193,-9999.0,-9999.0,-9999.0,-9999.0,-9999.0,-9999.0,-9999.0,-9999.0,-9999.0,color,orientation,size,0.3400000000000001,-2.5,804,male,1,1056.0246858330029
3194,-9999.0,-9999.0,-9999.0,-9999.0,-9999.0,-9999.0,-9999.0,-9999.0,-9999.0,color,orientation,size,0.3400000000000001,-2.5,804,male,1,1056.0246858330029
3195,-9999.0,-9999.0,-9999.0,-9999.0,-9999.0,-9999.0,-9999.0,-9999.0,-9999.0,color,orientation,size,0.3400000000000001,-2.5,804,male,1,1056.0246858330029
3196,-9999.0,-9999.0,-9999.0,-9999.0,-9999.0,-9999.0,-9999.0,-9999.0,-9999.0,color,orientation,size,0.3400000000000001,-2.5,804,male,1,1056.0246858330029
3197,-9999.0,-9999.0,-9999.0,-9999.0,-9999.0,-9999.0,-9999.0,-9999.0,-9999.0,color,orientation,size,0.3400000000000001,-2.5,804,male,1,1056.0246858330029
3198,-9999.0,-9999.0,-9999.0,-9999.0,-9999.0,-9999.0,-9999.0,-9999.0,-9999.0,color,orientation,size,0.3400000000000001,-2.5,804,male,1,1056.0246858330029
3199,-9999.0,-9999.0,-9999.0,-9999.0,-9999.0,-9999.0,-9999.0,-9999.0,-9999.0,color,orientation,size,0.3400000000000001,-2.5,804,male,1,1056.0246858330029
3200,-9999.0,-9999.0,-9999.0,-9999.0,-9999.0,-9999.0,-9999.0,-9999.0,-9999.0,color,orientation,size,0.3400000000000001,-2.5,804,male,1,1056.0246858330029
3201,-9999.0,-9999.0,-9999.0,-9999.0,-9999.0,-9999.0,-9999.0,-9999.0,-9999.0,color,orientation,size,0.3400000000000001,-2.5,804,male,1,1056.0246858330029
3202,-9999.0,-9999.0,-9999.0,-9999.0,-9999.0,-9999.0,-9999.0,-9999.0,-9999.0,color,orientation,size,0.3400000000000001,-2.5,804,male,1,1056.0246858330029
3203,-9999.0,-9999.0,-9999.0,-9999.0,-9999.0,-9999.0,-9999.0,-9999.0,-9999.0,color,orientation,size,0.3400000000000001,-2.5,804,male,1,1056.0246858330029
3204,-9999.0,-9999.0,-9999.0,-9999.0,-9999.0,-9999.0,-9999.0,-9999.0,-9999.0,color,orientation,size,0.3400000000000001,-2.5,804,male,1,1056.0246858330029
3205,-9999.0,-9999.0,-9999.0,-9999.0,-9999.0,-9999.0,-9999.0,-9999.0,-9999.0,color,orientation,size,0.3400000000000001,-2.5,804,male,1,1056.0246858330029
3206,-9999.0,-9999.0,-9999.0,-9999.0,-9999.0,-9999.0,-9999.0,-9999.0,-9999.0,color,orientation,size,0.3400000000000001,-2.5,804,male,1,1056.0246858330029
3207,-9999.0,-9999.0,-9999.0,-9999.0,-9999.0,-9999.0,-9999.0,-9999.0,-9999.0,color,orientation,size,0.3400000000000001,-2.5,804,male,1,1056.0246858330029
3208,-9999.0,-9999.0,-9999.0,-9999.0,-9999.0,-9999.0,-9999.0,-9999.0,-9999.0,color,orientation,size,0.3400000000000001,-2.5,804,male,1,1056.0246858330029
3209,-9999.0,-9999.0,-9999.0,-9999.0,-9999.0,-9999.0,-9999.0,-9999.0,-9999.0,color,orientation,size,0.3400000000000001,-2.5,804,male,1,1056.0246858330029
3210,-9999.0,-9999.0,-9999.0,-9999.0,-9999.0,-9999.0,-9999.0,-9999.0,-9999.0,color,orientation,size,0.3400000000000001,-2.5,804,male,1,1056.0246858330029
3211,-9999.0,-9999.0,-9999.0,-9999.0,-9999.0,-9999.0,-9999.0,-9999.0,-9999.0,color,orientation,size,0.3400000000000001,-2.5,804,male,1,1056.0246858330029
3212,-9999.0,-9999.0,-9999.0,-9999.0,-9999.0,-9999.0,-9999.0,-9999.0,-9999.0,color,orientation,size,0.3400000000000001,-2.5,804,male,1,1056.0246858330029
3213,-9999.0,-9999.0,-9999.0,-9999.0,-9999.0,-9999.0,-9999.0,-9999.0,-9999.0,color,orientation,size,0.3400000000000001,-2.5,804,male,1,1056.0246858330029
3214,-9999.0,-9999.0,-9999.0,-9999.0,-9999.0,-9999.0,-9999.0,-9999.0,-9999.0,color,orientation,size,0.3400000000000001,-2.5,804,male,1,1056.0246858330029
3215,-9999.0,-9999.0,-9999.0,-9999.0,-9999.0,-9999.0,-9999.0,-9999.0,-9999.0,color,orientation,size,0.3400000000000001,-2.5,804,male,1,1056.0246858330029
3216,-9999.0,-9999.0,-9999.0,-9999.0,-9999.0,-9999.0,-9999.0,-9999.0,-9999.0,color,orientation,size,0.3400000000000001,-2.5,804,male,1,1056.0246858330029
3217,-9999.0,-9999.0,-9999.0,-9999.0,-9999.0,-9999.0,-9999.0,-9999.0,-9999.0,color,orientation,size,0.3400000000000001,-2.5,804,male,1,1056.0246858330029
3218,-9999.0,-9999.0,-9999.0,-9999.0,-9999.0,-9999.0,-9999.0,-9999.0,-9999.0,color,orientation,size,0.3400000000000001,-2.5,804,male,1,1056.0246858330029
3219,-9999.0,-9999.0,-9999.0,-9999.0,-9999.0,-9999.0,-9999.0,-9999.0,-9999.0,color,orientation,size,0.3400000000000001,-2.5,804,male,1,1056.0246858330029
3220,-9999.0,-9999.0,-9999.0,-9999.0,-9999.0,-9999.0,-9999.0,-9999.0,-9999.0,color,orientation,size,0.3400000000000001,-2.5,804,male,1,1056.0246858330029
3221,-9999.0,-9999.0,-9999.0,-9999.0,-9999.0,-9999.0,-9999.0,-9999.0,-9999.0,color,orientation,size,0.3400000000000001,-2.5,804,male,1,1056.0246858330029
3222,-9999.0,-9999.0,-9999.0,-9999.0,-9999.0,-9999.0,-9999.0,-9999.0,-9999.0,color,orientation,size,0.3400000000000001,-2.5,804,male,1,1056.0246858330029
3223,-9999.0,-9999.0,-9999.0,-9999.0,-9999.0,-9999.0,-9999.0,-9999.0,-9999.0,color,orientation,size,0.3400000000000001,-2.5,804,male,1,1056.0246858330029
3224,-9999.0,-9999.0,-9999.0,-9999.0,-9999.0,-9999.0,-9999.0,-9999.0,-9999.0,color,orientation,size,0.3400000000000001,-2.5,804,male,1,1056.0246858330029
3225,-9999.0,-9999.0,-9999.0,-9999.0,-9999.0,-9999.0,-9999.0,-9999.0,-9999.0,color,orientation,size,0.3400000000000001,-2.5,804,male,1,1056.0246858330029
3226,-9999.0,-9999.0,-9999.0,-9999.0,-9999.0,-9999.0,-9999.0,-9999.0,-9999.0,color,orientation,size,0.3400000000000001,-2.5,804,male,1,1056.0246858330029
3227,-9999.0,-9999.0,-9999.0,-9999.0,-9999.0,-9999.0,-9999.0,-9999.0,-9999.0,color,orientation,size,0.3400000000000001,-2.5,804,male,1,1056.0246858330029
3228,-9999.0,-9999.0,-9999.0,-9999.0,-9999.0,-9999.0,-9999.0,-9999.0,-9999.0,color,orientation,size,0.3400000000000001,-2.5,804,male,1,1056.0246858330029
3229,-9999.0,-9999.0,-9999.0,-9999.0,-9999.0,-9999.0,-9999.0,-9999.0,-9999.0,color,orientation,size,0.3400000000000001,-2.5,804,male,1,1056.0246858330029
3230,-9999.0,-9999.0,-9999.0,-9999.0,-9999.0,-9999.0,-9999.0,-9999.0,-9999.0,color,orientation,size,0.3400000000000001,-2.5,804,male,1,1056.0246858330029
3231,-9999.0,-9999.0,-9999.0,-9999.0,-9999.0,-9999.0,-9999.0,-9999.0,-9999.0,color,orientation,size,0.3400000000000001,-2.5,804,male,1,1056.0246858330029
3232,-9999.0,-9999.0,-9999.0,-9999.0,-9999.0,-9999.0,-9999.0,-9999.0,-9999.0,color,orientation,size,0.3400000000000001,-2.5,804,male,1,1056.0246858330029
3233,-9999.0,-9999.0,-9999.0,-9999.0,-9999.0,-9999.0,-9999.0,-9999.0,-9999.0,color,orientation,size,0.3400000000000001,-2.5,804,male,1,1056.0246858330029
3234,-9999.0,-9999.0,-9999.0,-9999.0,-9999.0,-9999.0,-9999.0,-9999.0,-9999.0,color,orientation,size,0.3400000000000001,-2.5,804,male,1,1056.0246858330029
3235,-9999.0,-9999.0,-9999.0,-9999.0,-9999.0,-9999.0,-9999.0,-9999.0,-9999.0,color,orientation,size,0.3400000000000001,-2.5,804,male,1,1056.0246858330029
3236,-9999.0,-9999.0,-9999.0,-9999.0,-9999.0,-9999.0,-9999.0,-9999.0,-9999.0,color,orientation,size,0.3400000000000001,-2.5,804,male,1,1056.0246858330029
3237,-9999.0,-9999.0,-9999.0,-9999.0,-9999.0,-9999.0,-9999.0,-9999.0,-9999.0,color,orientation,size,0.3400000000000001,-2.5,804,male,1,1056.0246858330029
3238,-9999.0,-9999.0,-9999.0,-9999.0,-9999.0,-9999.0,-9999.0,-9999.0,-9999.0,color,orientation,size,0.3400000000000001,-2.5,804,male,1,1056.0246858330029
3239,-9999.0,-9999.0,-9999.0,-9999.0,-9999.0,-9999.0,-9999.0,-9999.0,-9999.0,color,orientation,size,0.3400000000000001,-2.5,804,male,1,1056.0246858330029
3240,-9999.0,-9999.0,-9999.0,-9999.0,-9999.0,-9999.0,-9999.0,-9999.0,-9999.0,color,orientation,size,0.3400000000000001,-2.5,804,male,1,1056.0246858330029
3241,-9999.0,-9999.0,-9999.0,-9999.0,-9999.0,-9999.0,-9999.0,-9999.0,-9999.0,color,orientation,size,0.3400000000000001,-2.5,804,male,1,1056.0246858330029
3242,-9999.0,-9999.0,-9999.0,-9999.0,-9999.0,-9999.0,-9999.0,-9999.0,-9999.0,color,orientation,size,0.3400000000000001,-2.5,804,male,1,1056.0246858330029
3243,-9999.0,-9999.0,-9999.0,-9999.0,-9999.0,-9999.0,-9999.0,-9999.0,-9999.0,color,orientation,size,0.3400000000000001,-2.5,804,male,1,1056.0246858330029
3244,-9999.0,-9999.0,-9999.0,-9999.0,-9999.0,-9999.0,-9999.0,-9999.0,-9999.0,color,orientation,size,0.3400000000000001,-2.5,804,male,1,1056.0246858330029
3245,-9999.0,-9999.0,-9999.0,-9999.0,-9999.0,-9999.0,-9999.0,-9999.0,-9999.0,color,orientation,size,0.3400000000000001,-2.5,804,male,1,1056.0246858330029
3246,-9999.0,-9999.0,-9999.0,-9999.0,-9999.0,-9999.0,-9999.0,-9999.0,-9999.0,color,orientation,size,0.3400000000000001,-2.5,804,male,1,1056.0246858330029
3247,-9999.0,-9999.0,-9999.0,-9999.0,-9999.0,-9999.0,-9999.0,-9999.0,-9999.0,color,orientation,size,0.3400000000000001,-2.5,804,male,1,1056.0246858330029
3248,-9999.0,-9999.0,-9999.0,-9999.0,-9999.0,-9999.0,-9999.0,-9999.0,-9999.0,color,orientation,size,0.3400000000000001,-2.5,804,male,1,1056.0246858330029
3249,-9999.0,-9999.0,-9999.0,-9999.0,-9999.0,-9999.0,-9999.0,-9999.0,-9999.0,color,orientation,size,0.3400000000000001,-2.5,804,male,1,1056.0246858330029
3250,-9999.0,-9999.0,-9999.0,-9999.0,-9999.0,-9999.0,-9999.0,-9999.0,-9999.0,color,orientation,size,0.3400000000000001,-2.5,804,male,1,1056.0246858330029
3251,-9999.0,-9999.0,-9999.0,-9999.0,-9999.0,-9999.0,-9999.0,-9999.0,-9999.0,color,orientation,size,0.3400000000000001,-2.5,804,male,1,1056.0246858330029
3252,-9999.0,-9999.0,-9999.0,-9999.0,-9999.0,-9999.0,-9999.0,-9999.0,-9999.0,color,orientation,size,0.3400000000000001,-2.5,804,male,1,1056.0246858330029
3253,-9999.0,-9999.0,-9999.0,-9999.0,-9999.0,-9999.0,-9999.0,-9999.0,-9999.0,color,orientation,size,0.3400000000000001,-2.5,804,male,1,1056.0246858330029
3254,-9999.0,-9999.0,-9999.0,-9999.0,-9999.0,-9999.0,-9999.0,-9999.0,-9999.0,color,orientation,size,0.3400000000000001,-2.5,804,male,1,1056.0246858330029
3255,-9999.0,-9999.0,-9999.0,-9999.0,-9999.0,-9999.0,-9999.0,-9999.0,-9999.0,color,orientation,size,0.3400000000000001,-2.5,804,male,1,1056.0246858330029
3256,-9999.0,-9999.0,-9999.0,-9999.0,-9999.0,-9999.0,-9999.0,-9999.0,-9999.0,color,orientation,size,0.3400000000000001,-2.5,804,male,1,1056.0246858330029
3257,-9999.0,-9999.0,-9999.0,-9999.0,-9999.0,-9999.0,-9999.0,-9999.0,-9999.0,color,orientation,size,0.3400000000000001,-2.5,804,male,1,1056.0246858330029
3258,-9999.0,-9999.0,-9999.0,-9999.0,-9999.0,-9999.0,-9999.0,-9999.0,-9999.0,color,orientation,size,0.3400000000000001,-2.5,804,male,1,1056.0246858330029
3259,-9999.0,-9999.0,-9999.0,-9999.0,-9999.0,-9999.0,-9999.0,-9999.0,-9999.0,color,orientation,size,0.3400000000000001,-2.5,804,male,1,1056.0246858330029
3260,-9999.0,-9999.0,-9999.0,-9999.0,-9999.0,-9999.0,-9999.0,-9999.0,-9999.0,color,orientation,size,0.3400000000000001,-2.5,804,male,1,1056.0246858330029
3261,-9999.0,-9999.0,-9999.0,-9999.0,-9999.0,-9999.0,-9999.0,-9999.0,-9999.0,color,orientation,size,0.3400000000000001,-2.5,804,male,1,1056.0246858330029
3262,-9999.0,-9999.0,-9999.0,-9999.0,-9999.0,-9999.0,-9999.0,-9999.0,-9999.0,color,orientation,size,0.3400000000000001,-2.5,804,male,1,1056.0246858330029
3263,-9999.0,-9999.0,-9999.0,-9999.0,-9999.0,-9999.0,-9999.0,-9999.0,-9999.0,color,orientation,size,0.3400000000000001,-2.5,804,male,1,1056.0246858330029
3264,-9999.0,-9999.0,-9999.0,-9999.0,-9999.0,-9999.0,-9999.0,-9999.0,-9999.0,color,orientation,size,0.3400000000000001,-2.5,804,male,1,1056.0246858330029
3265,-9999.0,-9999.0,-9999.0,-9999.0,-9999.0,-9999.0,-9999.0,-9999.0,-9999.0,color,orientation,size,0.3400000000000001,-2.5,804,male,1,1056.0246858330029
3266,-9999.0,-9999.0,-9999.0,-9999.0,-9999.0,-9999.0,-9999.0,-9999.0,-9999.0,color,orientation,size,0.3400000000000001,-2.5,804,male,1,1056.0246858330029
3267,-9999.0,-9999.0,-9999.0,-9999.0,-9999.0,-9999.0,-9999.0,-9999.0,-9999.0,color,orientation,size,0.3400000000000001,-2.5,804,male,1,1056.0246858330029
3268,-9999.0,-9999.0,-9999.0,-9999.0,-9999.0,-9999.0,-9999.0,-9999.0,-9999.0,color,orientation,size,0.3400000000000001,-2.5,804,male,1,1056.0246858330029
3269,-9999.0,-9999.0,-9999.0,-9999.0,-9999.0,-9999.0,-9999.0,-9999.0,-9999.0,color,orientation,size,0.3400000000000001,-2.5,804,male,1,1056.0246858330029
3270,-9999.0,-9999.0,-9999.0,-9999.0,-9999.0,-9999.0,-9999.0,-9999.0,-9999.0,color,orientation,size,0.3400000000000001,-2.5,804,male,1,1056.0246858330029
3271,-9999.0,-9999.0,-9999.0,-9999.0,-9999.0,-9999.0,-9999.0,-9999.0,-9999.0,color,orientation,size,0.3400000000000001,-2.5,804,male,1,1056.0246858330029
3272,-9999.0,-9999.0,-9999.0,-9999.0,-9999.0,-9999.0,-9999.0,-9999.0,-9999.0,color,orientation,size,0.3400000000000001,-2.5,804,male,1,1056.0246858330029
3273,-9999.0,-9999.0,-9999.0,-9999.0,-9999.0,-9999.0,-9999.0,-9999.0,-9999.0,color,orientation,size,0.3400000000000001,-2.5,804,male,1,1056.0246858330029
3274,-9999.0,-9999.0,-9999.0,-9999.0,-9999.0,-9999.0,-9999.0,-9999.0,-9999.0,color,orientation,size,0.3400000000000001,-2.5,804,male,1,1056.0246858330029
3275,-9999.0,-9999.0,-9999.0,-9999.0,-9999.0,-9999.0,-9999.0,-9999.0,-9999.0,color,orientation,size,0.3400000000000001,-2.5,804,male,1,1056.0246858330029
3276,-9999.0,-9999.0,-9999.0,-9999.0,-9999.0,-9999.0,-9999.0,-9999.0,-9999.0,color,orientation,size,0.3400000000000001,-2.5,804,male,1,1056.0246858330029
3277,-9999.0,-9999.0,-9999.0,-9999.0,-9999.0,-9999.0,-9999.0,-9999.0,-9999.0,color,orientation,size,0.3400000000000001,-2.5,804,male,1,1056.0246858330029
3278,-9999.0,-9999.0,-9999.0,-9999.0,-9999.0,-9999.0,-9999.0,-9999.0,-9999.0,color,orientation,size,0.3400000000000001,-2.5,804,male,1,1056.0246858330029
3279,-9999.0,-9999.0,-9999.0,-9999.0,-9999.0,-9999.0,-9999.0,-9999.0,-9999.0,color,orientation,size,0.3400000000000001,-2.5,804,male,1,1056.0246858330029
3280,-9999.0,-9999.0,-9999.0,-9999.0,-9999.0,-9999.0,-9999.0,-9999.0,-9999.0,color,orientation,size,0.3400000000000001,-2.5,804,male,1,1056.0246858330029
3281,-9999.0,-9999.0,-9999.0,-9999.0,-9999.0,-9999.0,-9999.0,-9999.0,-9999.0,color,orientation,size,0.3400000000000001,-2.5,804,male,1,1056.0246858330029
3282,-9999.0,-9999.0,-9999.0,-9999.0,-9999.0,-9999.0,-9999.0,-9999.0,-9999.0,color,orientation,size,0.3400000000000001,-2.5,804,male,1,1056.0246858330029
3283,-9999.0,-9999.0,-9999.0,-9999.0,-9999.0,-9999.0,-9999.0,-9999.0,-9999.0,color,orientation,size,0.3400000000000001,-2.5,804,male,1,1056.0246858330029
3284,-9999.0,-9999.0,-9999.0,-9999.0,-9999.0,-9999.0,-9999.0,-9999.0,-9999.0,color,orientation,size,0.3400000000000001,-2.5,804,male,1,1056.0246858330029
3285,-9999.0,-9999.0,-9999.0,-9999.0,-9999.0,-9999.0,-9999.0,-9999.0,-9999.0,color,orientation,size,0.3400000000000001,-2.5,804,male,1,1056.0246858330029
3286,-9999.0,-9999.0,-9999.0,-9999.0,-9999.0,-9999.0,-9999.0,-9999.0,-9999.0,color,orientation,size,0.3400000000000001,-2.5,804,male,1,1056.0246858330029
3287,-9999.0,-9999.0,-9999.0,-9999.0,-9999.0,-9999.0,-9999.0,-9999.0,-9999.0,color,orientation,size,0.3400000000000001,-2.5,804,male,1,1056.0246858330029
3288,-9999.0,-9999.0,-9999.0,-9999.0,-9999.0,-9999.0,-9999.0,-9999.0,-9999.0,color,orientation,size,0.3400000000000001,-2.5,804,male,1,1056.0246858330029
3289,-9999.0,-9999.0,-9999.0,-9999.0,-9999.0,-9999.0,-9999.0,-9999.0,-9999.0,color,orientation,size,0.3400000000000001,-2.5,804,male,1,1056.0246858330029
3290,-9999.0,-9999.0,-9999.0,-9999.0,-9999.0,-9999.0,-9999.0,-9999.0,-9999.0,color,orientation,size,0.3400000000000001,-2.5,804,male,1,1056.0246858330029
3291,-9999.0,-9999.0,-9999.0,-9999.0,-9999.0,-9999.0,-9999.0,-9999.0,-9999.0,color,orientation,size,0.3400000000000001,-2.5,804,male,1,1056.0246858330029
3292,-9999.0,-9999.0,-9999.0,-9999.0,-9999.0,-9999.0,-9999.0,-9999.0,-9999.0,color,orientation,size,0.3400000000000001,-2.5,804,male,1,1056.0246858330029
3293,-9999.0,-9999.0,-9999.0,-9999.0,-9999.0,-9999.0,-9999.0,-9999.0,-9999.0,color,orientation,size,0.3400000000000001,-2.5,804,male,1,1056.0246858330029
3294,-9999.0,-9999.0,-9999.0,-9999.0,-9999.0,-9999.0,-9999.0,-9999.0,-9999.0,color,orientation,size,0.3400000000000001,-2.5,804,male,1,1056.0246858330029
3295,-9999.0,-9999.0,-9999.0,-9999.0,-9999.0,-9999.0,-9999.0,-9999.0,-9999.0,color,orientation,size,0.3400000000000001,-2.5,804,male,1,1056.0246858330029
3296,-9999.0,-9999.0,-9999.0,-9999.0,-9999.0,-9999.0,-9999.0,-9999.0,-9999.0,color,orientation,size,0.3400000000000001,-2.5,804,male,1,1056.0246858330029
3297,-9999.0,-9999.0,-9999.0,-9999.0,-9999.0,-9999.0,-9999.0,-9999.0,-9999.0,color,orientation,size,0.3400000000000001,-2.5,804,male,1,1056.0246858330029
3298,-9999.0,-9999.0,-9999.0,-9999.0,-9999.0,-9999.0,-9999.0,-9999.0,-9999.0,color,orientation,size,0.3400000000000001,-2.5,804,male,1,1056.0246858330029
3299,-9999.0,-9999.0,-9999.0,-9999.0,-9999.0,-9999.0,-9999.0,-9999.0,-9999.0,color,orientation,size,0.3400000000000001,-2.5,804,male,1,1056.0246858330029
3300,-9999.0,-9999.0,-9999.0,-9999.0,-9999.0,-9999.0,-9999.0,-9999.0,-9999.0,color,orientation,size,0.3400000000000001,-2.5,804,male,1,1056.0246858330029
3301,-9999.0,-9999.0,-9999.0,-9999.0,-9999.0,-9999.0,-9999.0,-9999.0,-9999.0,color,orientation,size,0.3400000000000001,-2.5,804,male,1,1056.0246858330029
3302,-9999.0,-9999.0,-9999.0,-9999.0,-9999.0,-9999.0,-9999.0,-9999.0,-9999.0,color,orientation,size,0.3400000000000001,-2.5,804,male,1,1056.0246858330029
3303,-9999.0,-9999.0,-9999.0,-9999.0,-9999.0,-9999.0,-9999.0,-9999.0,-9999.0,color,orientation,size,0.3400000000000001,-2.5,804,male,1,1056.0246858330029
3304,-9999.0,-9999.0,-9999.0,-9999.0,-9999.0,-9999.0,-9999.0,-9999.0,-9999.0,color,orientation,size,0.3400000000000001,-2.5,804,male,1,1056.0246858330029
3305,-9999.0,-9999.0,-9999.0,-9999.0,-9999.0,-9999.0,-9999.0,-9999.0,-9999.0,color,orientation,size,0.3400000000000001,-2.5,804,male,1,1056.0246858330029
3306,-9999.0,-9999.0,-9999.0,-9999.0,-9999.0,-9999.0,-9999.0,-9999.0,-9999.0,color,orientation,size,0.3400000000000001,-2.5,804,male,1,1056.0246858330029
3307,-9999.0,-9999.0,-9999.0,-9999.0,-9999.0,-9999.0,-9999.0,-9999.0,-9999.0,color,orientation,size,0.3400000000000001,-2.5,804,male,1,1056.0246858330029
3308,-9999.0,-9999.0,-9999.0,-9999.0,-9999.0,-9999.0,-9999.0,-9999.0,-9999.0,color,orientation,size,0.3400000000000001,-2.5,804,male,1,1056.0246858330029
3309,-9999.0,-9999.0,-9999.0,-9999.0,-9999.0,-9999.0,-9999.0,-9999.0,-9999.0,color,orientation,size,0.3400000000000001,-2.5,804,male,1,1056.0246858330029
3310,-9999.0,-9999.0,-9999.0,-9999.0,-9999.0,-9999.0,-9999.0,-9999.0,-9999.0,color,orientation,size,0.3400000000000001,-2.5,804,male,1,1056.0246858330029
3311,-9999.0,-9999.0,-9999.0,-9999.0,-9999.0,-9999.0,-9999.0,-9999.0,-9999.0,color,orientation,size,0.3400000000000001,-2.5,804,male,1,1056.0246858330029
3312,-9999.0,-9999.0,-9999.0,-9999.0,-9999.0,-9999.0,-9999.0,-9999.0,-9999.0,color,orientation,size,0.3400000000000001,-2.5,804,male,1,1056.0246858330029
3313,-9999.0,-9999.0,-9999.0,-9999.0,-9999.0,-9999.0,-9999.0,-9999.0,-9999.0,color,orientation,size,0.3400000000000001,-2.5,804,male,1,1056.0246858330029
3314,-9999.0,-9999.0,-9999.0,-9999.0,-9999.0,-9999.0,-9999.0,-9999.0,-9999.0,color,orientation,size,0.3400000000000001,-2.5,804,male,1,1056.0246858330029
3315,-9999.0,-9999.0,-9999.0,-9999.0,-9999.0,-9999.0,-9999.0,-9999.0,-9999.0,color,orientation,size,0.3400000000000001,-2.5,804,male,1,1056.0246858330029
3316,-9999.0,-9999.0,-9999.0,-9999.0,-9999.0,-9999.0,-9999.0,-9999.0,-9999.0,color,orientation,size,0.3400000000000001,-2.5,804,male,1,1056.0246858330029
3317,-9999.0,-9999.0,-9999.0,-9999.0,-9999.0,-9999.0,-9999.0,-9999.0,-9999.0,color,orientation,size,0.3400000000000001,-2.5,804,male,1,1056.0246858330029
3318,-9999.0,-9999.0,-9999.0,-9999.0,-9999.0,-9999.0,-9999.0,-9999.0,-9999.0,color,orientation,size,0.3400000000000001,-2.5,804,male,1,1056.0246858330029
3319,-9999.0,-9999.0,-9999.0,-9999.0,-9999.0,-9999.0,-9999.0,-9999.0,-9999.0,color,orientation,size,0.3400000000000001,-2.5,804,male,1,1056.0246858330029
3320,-9999.0,-9999.0,-9999.0,-9999.0,-9999.0,-9999.0,-9999.0,-9999.0,-9999.0,color,orientation,size,0.3400000000000001,-2.5,804,male,1,1056.0246858330029
3321,-9999.0,-9999.0,-9999.0,-9999.0,-9999.0,-9999.0,-9999.0,-9999.0,-9999.0,color,orientation,size,0.3400000000000001,-2.5,804,male,1,1056.0246858330029
3322,-9999.0,-9999.0,-9999.0,-9999.0,-9999.0,-9999.0,-9999.0,-9999.0,-9999.0,color,orientation,size,0.3400000000000001,-2.5,804,male,1,1056.0246858330029
3323,-9999.0,-9999.0,-9999.0,-9999.0,-9999.0,-9999.0,-9999.0,-9999.0,-9999.0,color,orientation,size,0.3400000000000001,-2.5,804,male,1,1056.0246858330029
3324,-9999.0,-9999.0,-9999.0,-9999.0,-9999.0,-9999.0,-9999.0,-9999.0,-9999.0,color,orientation,size,0.3400000000000001,-2.5,804,male,1,1056.0246858330029
3325,-9999.0,-9999.0,-9999.0,-9999.0,-9999.0,-9999.0,-9999.0,-9999.0,-9999.0,color,orientation,size,0.3400000000000001,-2.5,804,male,1,1056.0246858330029
3326,-9999.0,-9999.0,-9999.0,-9999.0,-9999.0,-9999.0,-9999.0,-9999.0,-9999.0,color,orientation,size,0.3400000000000001,-2.5,804,male,1,1056.0246858330029
3327,-9999.0,-9999.0,-9999.0,-9999.0,-9999.0,-9999.0,-9999.0,-9999.0,-9999.0,color,orientation,size,0.3400000000000001,-2.5,804,male,1,1056.0246858330029
3328,-9999.0,-9999.0,-9999.0,-9999.0,-9999.0,-9999.0,-9999.0,-9999.0,-9999.0,color,orientation,size,0.3400000000000001,-2.5,804,male,1,1056.0246858330029
3329,-9999.0,-9999.0,-9999.0,-9999.0,-9999.0,-9999.0,-9999.0,-9999.0,-9999.0,color,orientation,size,0.3400000000000001,-2.5,804,male,1,1056.0246858330029
3330,-9999.0,-9999.0,-9999.0,-9999.0,-9999.0,-9999.0,-9999.0,-9999.0,-9999.0,color,orientation,size,0.3400000000000001,-2.5,804,male,1,1056.0246858330029
3331,-9999.0,-9999.0,-9999.0,-9999.0,-9999.0,-9999.0,-9999.0,-9999.0,-9999.0,color,orientation,size,0.3400000000000001,-2.5,804,male,1,1056.0246858330029
3332,-9999.0,-9999.0,-9999.0,-9999.0,-9999.0,-9999.0,-9999.0,-9999.0,-9999.0,color,orientation,size,0.3400000000000001,-2.5,804,male,1,1056.0246858330029
3333,-9999.0,-9999.0,-9999.0,-9999.0,-9999.0,-9999.0,-9999.0,-9999.0,-9999.0,color,orientation,size,0.3400000000000001,-2.5,804,male,1,1056.0246858330029
3334,-9999.0,-9999.0,-9999.0,-9999.0,-9999.0,-9999.0,-9999.0,-9999.0,-9999.0,color,orientation,size,0.3400000000000001,-2.5,804,male,1,1056.0246858330029
3335,-9999.0,-9999.0,-9999.0,-9999.0,-9999.0,-9999.0,-9999.0,-9999.0,-9999.0,color,orientation,size,0.3400000000000001,-2.5,804,male,1,1056.0246858330029
3336,-9999.0,-9999.0,-9999.0,-9999.0,-9999.0,-9999.0,-9999.0,-9999.0,-9999.0,color,orientation,size,0.3400000000000001,-2.5,804,male,1,1056.0246858330029
3337,-9999.0,-9999.0,-9999.0,-9999.0,-9999.0,-9999.0,-9999.0,-9999.0,-9999.0,color,orientation,size,0.3400000000000001,-2.5,804,male,1,1056.0246858330029
3338,-9999.0,-9999.0,-9999.0,-9999.0,-9999.0,-9999.0,-9999.0,-9999.0,-9999.0,color,orientation,size,0.3400000000000001,-2.5,804,male,1,1056.0246858330029
3339,-9999.0,-9999.0,-9999.0,-9999.0,-9999.0,-9999.0,-9999.0,-9999.0,-9999.0,color,orientation,size,0.3400000000000001,-2.5,804,male,1,1056.0246858330029
3340,-9999.0,-9999.0,-9999.0,-9999.0,-9999.0,-9999.0,-9999.0,-9999.0,-9999.0,color,orientation,size,0.3400000000000001,-2.5,804,male,1,1056.0246858330029
3341,-9999.0,-9999.0,-9999.0,-9999.0,-9999.0,-9999.0,-9999.0,-9999.0,-9999.0,color,orientation,size,0.3400000000000001,-2.5,804,male,1,1056.0246858330029
3342,-9999.0,-9999.0,-9999.0,-9999.0,-9999.0,-9999.0,-9999.0,-9999.0,-9999.0,color,orientation,size,0.3400000000000001,-2.5,804,male,1,1056.0246858330029
3343,-9999.0,-9999.0,-9999.0,-9999.0,-9999.0,-9999.0,-9999.0,-9999.0,-9999.0,color,orientation,size,0.3400000000000001,-2.5,804,male,1,1056.0246858330029
3344,-9999.0,-9999.0,-9999.0,-9999.0,-9999.0,-9999.0,-9999.0,-9999.0,-9999.0,color,orientation,size,0.3400000000000001,-2.5,804,male,1,1056.0246858330029
3345,-9999.0,-9999.0,-9999.0,-9999.0,-9999.0,-9999.0,-9999.0,-9999.0,-9999.0,color,orientation,size,0.3400000000000001,-2.5,804,male,1,1056.0246858330029
3346,-9999.0,-9999.0,-9999.0,-9999.0,-9999.0,-9999.0,-9999.0,-9999.0,-9999.0,color,orientation,size,0.3400000000000001,-2.5,804,male,1,1056.0246858330029
3347,-9999.0,-9999.0,-9999.0,-9999.0,-9999.0,-9999.0,-9999.0,-9999.0,-9999.0,color,orientation,size,0.3400000000000001,-2.5,804,male,1,1056.0246858330029
3348,-9999.0,-9999.0,-9999.0,-9999.0,-9999.0,-9999.0,-9999.0,-9999.0,-9999.0,color,orientation,size,0.3400000000000001,-2.5,804,male,1,1056.0246858330029
3349,-9999.0,-9999.0,-9999.0,-9999.0,-9999.0,-9999.0,-9999.0,-9999.0,-9999.0,color,orientation,size,0.3400000000000001,-2.5,804,male,1,1056.0246858330029
3350,-9999.0,-9999.0,-9999.0,-9999.0,-9999.0,-9999.0,-9999.0,-9999.0,-9999.0,color,orientation,size,0.3400000000000001,-2.5,804,male,1,1056.0246858330029
3351,-9999.0,-9999.0,-9999.0,-9999.0,-9999.0,-9999.0,-9999.0,-9999.0,-9999.0,color,orientation,size,0.3400000000000001,-2.5,804,male,1,1056.0246858330029
3352,-9999.0,-9999.0,-9999.0,-9999.0,-9999.0,-9999.0,-9999.0,-9999.0,-9999.0,color,orientation,size,0.3400000000000001,-2.5,804,male,1,1056.0246858330029
3353,-9999.0,-9999.0,-9999.0,-9999.0,-9999.0,-9999.0,-9999.0,-9999.0,-9999.0,color,orientation,size,0.3400000000000001,-2.5,804,male,1,1056.0246858330029
3354,-9999.0,-9999.0,-9999.0,-9999.0,-9999.0,-9999.0,-9999.0,-9999.0,-9999.0,color,orientation,size,0.3400000000000001,-2.5,804,male,1,1056.0246858330029
3355,-9999.0,-9999.0,-9999.0,-9999.0,-9999.0,-9999.0,-9999.0,-9999.0,-9999.0,color,orientation,size,0.3400000000000001,-2.5,804,male,1,1056.0246858330029
3356,-9999.0,-9999.0,-9999.0,-9999.0,-9999.0,-9999.0,-9999.0,-9999.0,-9999.0,color,orientation,size,0.3400000000000001,-2.5,804,male,1,1056.0246858330029
3357,-9999.0,-9999.0,-9999.0,-9999.0,-9999.0,-9999.0,-9999.0,-9999.0,-9999.0,color,orientation,size,0.3400000000000001,-2.5,804,male,1,1056.0246858330029
3358,-9999.0,-9999.0,-9999.0,-9999.0,-9999.0,-9999.0,-9999.0,-9999.0,-9999.0,color,orientation,size,0.3400000000000001,-2.5,804,male,1,1056.0246858330029
3359,-9999.0,-9999.0,-9999.0,-9999.0,-9999.0,-9999.0,-9999.0,-9999.0,-9999.0,color,orientation,size,0.3400000000000001,-2.5,804,male,1,1056.0246858330029
3360,-9999.0,-9999.0,-9999.0,-9999.0,-9999.0,-9999.0,-9999.0,-9999.0,-9999.0,color,orientation,size,0.3400000000000001,-2.5,804,male,1,1056.0246858330029
3361,-9999.0,-9999.0,-9999.0,-9999.0,-9999.0,-9999.0,-9999.0,-9999.0,-9999.0,color,orientation,size,0.3400000000000001,-2.5,804,male,1,1056.0246858330029
3362,-9999.0,-9999.0,-9999.0,-9999.0,-9999.0,-9999.0,-9999.0,-9999.0,-9999.0,color,orientation,size,0.3400000000000001,-2.5,804,male,1,1056.0246858330029
3363,-9999.0,-9999.0,-9999.0,-9999.0,-9999.0,-9999.0,-9999.0,-9999.0,-9999.0,color,orientation,size,0.3400000000000001,-2.5,804,male,1,1056.0246858330029
3364,-9999.0,-9999.0,-9999.0,-9999.0,-9999.0,-9999.0,-9999.0,-9999.0,-9999.0,color,orientation,size,0.3400000000000001,-2.5,804,male,1,1056.0246858330029
3365,-9999.0,-9999.0,-9999.0,-9999.0,-9999.0,-9999.0,-9999.0,-9999.0,-9999.0,color,orientation,size,0.3400000000000001,-2.5,804,male,1,1056.0246858330029
3366,-9999.0,-9999.0,-9999.0,-9999.0,-9999.0,-9999.0,-9999.0,-9999.0,-9999.0,color,orientation,size,0.3400000000000001,-2.5,804,male,1,1056.0246858330029
3367,-9999.0,-9999.0,-9999.0,-9999.0,-9999.0,-9999.0,-9999.0,-9999.0,-9999.0,color,orientation,size,0.3400000000000001,-2.5,804,male,1,1056.0246858330029
3368,-9999.0,-9999.0,-9999.0,-9999.0,-9999.0,-9999.0,-9999.0,-9999.0,-9999.0,color,orientation,size,0.3400000000000001,-2.5,804,male,1,1056.0246858330029
3369,-9999.0,-9999.0,-9999.0,-9999.0,-9999.0,-9999.0,-9999.0,-9999.0,-9999.0,color,orientation,size,0.3400000000000001,-2.5,804,male,1,1056.0246858330029
3370,-9999.0,-9999.0,-9999.0,-9999.0,-9999.0,-9999.0,-9999.0,-9999.0,-9999.0,color,orientation,size,0.3400000000000001,-2.5,804,male,1,1056.0246858330029
3371,-9999.0,-9999.0,-9999.0,-9999.0,-9999.0,-9999.0,-9999.0,-9999.0,-9999.0,color,orientation,size,0.3400000000000001,-2.5,804,male,1,1056.0246858330029
3372,-9999.0,-9999.0,-9999.0,-9999.0,-9999.0,-9999.0,-9999.0,-9999.0,-9999.0,color,orientation,size,0.3400000000000001,-2.5,804,male,1,1056.0246858330029
3373,-9999.0,-9999.0,-9999.0,-9999.0,-9999.0,-9999.0,-9999.0,-9999.0,-9999.0,color,orientation,size,0.3400000000000001,-2.5,804,male,1,1056.0246858330029
3374,-9999.0,-9999.0,-9999.0,-9999.0,-9999.0,-9999.0,-9999.0,-9999.0,-9999.0,color,orientation,size,0.3400000000000001,-2.5,804,male,1,1056.0246858330029
3375,-9999.0,-9999.0,-9999.0,-9999.0,-9999.0,-9999.0,-9999.0,-9999.0,-9999.0,color,orientation,size,0.3400000000000001,-2.5,804,male,1,1056.0246858330029
3376,-9999.0,-9999.0,-9999.0,-9999.0,-9999.0,-9999.0,-9999.0,-9999.0,-9999.0,color,orientation,size,0.3400000000000001,-2.5,804,male,1,1056.0246858330029
3377,-9999.0,-9999.0,-9999.0,-9999.0,-9999.0,-9999.0,-9999.0,-9999.0,-9999.0,color,orientation,size,0.3400000000000001,-2.5,804,male,1,1056.0246858330029
3378,-9999.0,-9999.0,-9999.0,-9999.0,-9999.0,-9999.0,-9999.0,-9999.0,-9999.0,color,orientation,size,0.3400000000000001,-2.5,804,male,1,1056.0246858330029
3379,-9999.0,-9999.0,-9999.0,-9999.0,-9999.0,-9999.0,-9999.0,-9999.0,-9999.0,color,orientation,size,0.3400000000000001,-2.5,804,male,1,1056.0246858330029
3380,-9999.0,-9999.0,-9999.0,-9999.0,-9999.0,-9999.0,-9999.0,-9999.0,-9999.0,color,orientation,size,0.3400000000000001,-2.5,804,male,1,1056.0246858330029
3381,-9999.0,-9999.0,-9999.0,-9999.0,-9999.0,-9999.0,-9999.0,-9999.0,-9999.0,color,orientation,size,0.3400000000000001,-2.5,804,male,1,1056.0246858330029
3382,-9999.0,-9999.0,-9999.0,-9999.0,-9999.0,-9999.0,-9999.0,-9999.0,-9999.0,color,orientation,size,0.3400000000000001,-2.5,804,male,1,1056.0246858330029
3383,-9999.0,-9999.0,-9999.0,-9999.0,-9999.0,-9999.0,-9999.0,-9999.0,-9999.0,color,orientation,size,0.3400000000000001,-2.5,804,male,1,1056.0246858330029
3384,-9999.0,-9999.0,-9999.0,-9999.0,-9999.0,-9999.0,-9999.0,-9999.0,-9999.0,color,orientation,size,0.3400000000000001,-2.5,804,male,1,1056.0246858330029
3385,-9999.0,-9999.0,-9999.0,-9999.0,-9999.0,-9999.0,-9999.0,-9999.0,-9999.0,color,orientation,size,0.3400000000000001,-2.5,804,male,1,1056.0246858330029
3386,-9999.0,-9999.0,-9999.0,-9999.0,-9999.0,-9999.0,-9999.0,-9999.0,-9999.0,color,orientation,size,0.3400000000000001,-2.5,804,male,1,1056.0246858330029
3387,-9999.0,-9999.0,-9999.0,-9999.0,-9999.0,-9999.0,-9999.0,-9999.0,-9999.0,color,orientation,size,0.3400000000000001,-2.5,804,male,1,1056.0246858330029
3388,-9999.0,-9999.0,-9999.0,-9999.0,-9999.0,-9999.0,-9999.0,-9999.0,-9999.0,color,orientation,size,0.3400000000000001,-2.5,804,male,1,1056.0246858330029
3389,-9999.0,-9999.0,-9999.0,-9999.0,-9999.0,-9999.0,-9999.0,-9999.0,-9999.0,color,orientation,size,0.3400000000000001,-2.5,804,male,1,1056.0246858330029
3390,-9999.0,-9999.0,-9999.0,-9999.0,-9999.0,-9999.0,-9999.0,-9999.0,-9999.0,color,orientation,size,0.3400000000000001,-2.5,804,male,1,1056.0246858330029
3391,-9999.0,-9999.0,-9999.0,-9999.0,-9999.0,-9999.0,-9999.0,-9999.0,-9999.0,color,orientation,size,0.3400000000000001,-2.5,804,male,1,1056.0246858330029
3392,-9999.0,-9999.0,-9999.0,-9999.0,-9999.0,-9999.0,-9999.0,-9999.0,-9999.0,color,orientation,size,0.3400000000000001,-2.5,804,male,1,1056.0246858330029
3393,-9999.0,-9999.0,-9999.0,-9999.0,-9999.0,-9999.0,-9999.0,-9999.0,-9999.0,color,orientation,size,0.3400000000000001,-2.5,804,male,1,1056.0246858330029
3394,-9999.0,-9999.0,-9999.0,-9999.0,-9999.0,-9999.0,-9999.0,-9999.0,-9999.0,color,orientation,size,0.3400000000000001,-2.5,804,male,1,1056.0246858330029
3395,-9999.0,-9999.0,-9999.0,-9999.0,-9999.0,-9999.0,-9999.0,-9999.0,-9999.0,color,orientation,size,0.3400000000000001,-2.5,804,male,1,1056.0246858330029
3396,-9999.0,-9999.0,-9999.0,-9999.0,-9999.0,-9999.0,-9999.0,-9999.0,-9999.0,color,orientation,size,0.3400000000000001,-2.5,804,male,1,1056.0246858330029
3397,-9999.0,-9999.0,-9999.0,-9999.0,-9999.0,-9999.0,-9999.0,-9999.0,-9999.0,color,orientation,size,0.3400000000000001,-2.5,804,male,1,1056.0246858330029
3398,-9999.0,-9999.0,-9999.0,-9999.0,-9999.0,-9999.0,-9999.0,-9999.0,-9999.0,color,orientation,size,0.3400000000000001,-2.5,804,male,1,1056.0246858330029
3399,-9999.0,-9999.0,-9999.0,-9999.0,-9999.0,-9999.0,-9999.0,-9999.0,-9999.0,color,orientation,size,0.3400000000000001,-2.5,804,male,1,1056.0246858330029
3400,-9999.0,-9999.0,-9999.0,-9999.0,-9999.0,-9999.0,-9999.0,-9999.0,-9999.0,color,orientation,size,0.3400000000000001,-2.5,804,male,1,1056.0246858330029
3401,-9999.0,-9999.0,-9999.0,-9999.0,-9999.0,-9999.0,-9999.0,-9999.0,-9999.0,color,orientation,size,0.3400000000000001,-2.5,804,male,1,1056.0246858330029
3402,-9999.0,-9999.0,-9999.0,-9999.0,-9999.0,-9999.0,-9999.0,-9999.0,-9999.0,color,orientation,size,0.3400000000000001,-2.5,804,male,1,1056.0246858330029
3403,-9999.0,-9999.0,-9999.0,-9999.0,-9999.0,-9999.0,-9999.0,-9999.0,-9999.0,color,orientation,size,0.3400000000000001,-2.5,804,male,1,1056.0246858330029
3404,-9999.0,-9999.0,-9999.0,-9999.0,-9999.0,-9999.0,-9999.0,-9999.0,-9999.0,color,orientation,size,0.3400000000000001,-2.5,804,male,1,1056.0246858330029
3405,-9999.0,-9999.0,-9999.0,-9999.0,-9999.0,-9999.0,-9999.0,-9999.0,-9999.0,color,orientation,size,0.3400000000000001,-2.5,804,male,1,1056.0246858330029
3406,-9999.0,-9999.0,-9999.0,-9999.0,-9999.0,-9999.0,-9999.0,-9999.0,-9999.0,color,orientation,size,0.3400000000000001,-2.5,804,male,1,1056.0246858330029
3407,-9999.0,-9999.0,-9999.0,-9999.0,-9999.0,-9999.0,-9999.0,-9999.0,-9999.0,color,orientation,size,0.3400000000000001,-2.5,804,male,1,1056.0246858330029
3408,-9999.0,-9999.0,-9999.0,-9999.0,-9999.0,-9999.0,-9999.0,-9999.0,-9999.0,color,orientation,size,0.3400000000000001,-2.5,804,male,1,1056.0246858330029
3409,-9999.0,-9999.0,-9999.0,-9999.0,-9999.0,-9999.0,-9999.0,-9999.0,-9999.0,color,orientation,size,0.3400000000000001,-2.5,804,male,1,1056.0246858330029
3410,-9999.0,-9999.0,-9999.0,-9999.0,-9999.0,-9999.0,-9999.0,-9999.0,-9999.0,color,orientation,size,0.3400000000000001,-2.5,804,male,1,1056.0246858330029
3411,-9999.0,-9999.0,-9999.0,-9999.0,-9999.0,-9999.0,-9999.0,-9999.0,-9999.0,color,orientation,size,0.3400000000000001,-2.5,804,male,1,1056.0246858330029
3412,-9999.0,-9999.0,-9999.0,-9999.0,-9999.0,-9999.0,-9999.0,-9999.0,-9999.0,color,orientation,size,0.3400000000000001,-2.5,804,male,1,1056.0246858330029
3413,-9999.0,-9999.0,-9999.0,-9999.0,-9999.0,-9999.0,-9999.0,-9999.0,-9999.0,color,orientation,size,0.3400000000000001,-2.5,804,male,1,1056.0246858330029
3414,-9999.0,-9999.0,-9999.0,-9999.0,-9999.0,-9999.0,-9999.0,-9999.0,-9999.0,color,orientation,size,0.3400000000000001,-2.5,804,male,1,1056.0246858330029
3415,-9999.0,-9999.0,-9999.0,-9999.0,-9999.0,-9999.0,-9999.0,-9999.0,-9999.0,color,orientation,size,0.3400000000000001,-2.5,804,male,1,1056.0246858330029
3416,-9999.0,-9999.0,-9999.0,-9999.0,-9999.0,-9999.0,-9999.0,-9999.0,-9999.0,color,orientation,size,0.3400000000000001,-2.5,804,male,1,1056.0246858330029
3417,-9999.0,-9999.0,-9999.0,-9999.0,-9999.0,-9999.0,-9999.0,-9999.0,-9999.0,color,orientation,size,0.3400000000000001,-2.5,804,male,1,1056.0246858330029
3418,-9999.0,-9999.0,-9999.0,-9999.0,-9999.0,-9999.0,-9999.0,-9999.0,-9999.0,color,orientation,size,0.3400000000000001,-2.5,804,male,1,1056.0246858330029
3419,-9999.0,-9999.0,-9999.0,-9999.0,-9999.0,-9999.0,-9999.0,-9999.0,-9999.0,color,orientation,size,0.3400000000000001,-2.5,804,male,1,1056.0246858330029
3420,-9999.0,-9999.0,-9999.0,-9999.0,-9999.0,-9999.0,-9999.0,-9999.0,-9999.0,color,orientation,size,0.3400000000000001,-2.5,804,male,1,1056.0246858330029
3421,-9999.0,-9999.0,-9999.0,-9999.0,-9999.0,-9999.0,-9999.0,-9999.0,-9999.0,color,orientation,size,0.3400000000000001,-2.5,804,male,1,1056.0246858330029
3422,-9999.0,-9999.0,-9999.0,-9999.0,-9999.0,-9999.0,-9999.0,-9999.0,-9999.0,color,orientation,size,0.3400000000000001,-2.5,804,male,1,1056.0246858330029
3423,-9999.0,-9999.0,-9999.0,-9999.0,-9999.0,-9999.0,-9999.0,-9999.0,-9999.0,color,orientation,size,0.3400000000000001,-2.5,804,male,1,1056.0246858330029
3424,-9999.0,-9999.0,-9999.0,-9999.0,-9999.0,-9999.0,-9999.0,-9999.0,-9999.0,color,orientation,size,0.3400000000000001,-2.5,804,male,1,1056.0246858330029
3425,-9999.0,-9999.0,-9999.0,-9999.0,-9999.0,-9999.0,-9999.0,-9999.0,-9999.0,color,orientation,size,0.3400000000000001,-2.5,804,male,1,1056.0246858330029
3426,-9999.0,-9999.0,-9999.0,-9999.0,-9999.0,-9999.0,-9999.0,-9999.0,-9999.0,color,orientation,size,0.3400000000000001,-2.5,804,male,1,1056.0246858330029
3427,-9999.0,-9999.0,-9999.0,-9999.0,-9999.0,-9999.0,-9999.0,-9999.0,-9999.0,color,orientation,size,0.3400000000000001,-2.5,804,male,1,1056.0246858330029
3428,-9999.0,-9999.0,-9999.0,-9999.0,-9999.0,-9999.0,-9999.0,-9999.0,-9999.0,color,orientation,size,0.3400000000000001,-2.5,804,male,1,1056.0246858330029
3429,-9999.0,-9999.0,-9999.0,-9999.0,-9999.0,-9999.0,-9999.0,-9999.0,-9999.0,color,orientation,size,0.3400000000000001,-2.5,804,male,1,1056.0246858330029
3430,-9999.0,-9999.0,-9999.0,-9999.0,-9999.0,-9999.0,-9999.0,-9999.0,-9999.0,color,orientation,size,0.3400000000000001,-2.5,804,male,1,1056.0246858330029
3431,-9999.0,-9999.0,-9999.0,-9999.0,-9999.0,-9999.0,-9999.0,-9999.0,-9999.0,color,orientation,size,0.3400000000000001,-2.5,804,male,1,1056.0246858330029
3432,-9999.0,-9999.0,-9999.0,-9999.0,-9999.0,-9999.0,-9999.0,-9999.0,-9999.0,color,orientation,size,0.3400000000000001,-2.5,804,male,1,1056.0246858330029
3433,-9999.0,-9999.0,-9999.0,-9999.0,-9999.0,-9999.0,-9999.0,-9999.0,-9999.0,color,orientation,size,0.3400000000000001,-2.5,804,male,1,1056.0246858330029
3434,-9999.0,-9999.0,-9999.0,-9999.0,-9999.0,-9999.0,-9999.0,-9999.0,-9999.0,color,orientation,size,0.3400000000000001,-2.5,804,male,1,1056.0246858330029
3435,-9999.0,-9999.0,-9999.0,-9999.0,-9999.0,-9999.0,-9999.0,-9999.0,-9999.0,color,orientation,size,0.3400000000000001,-2.5,804,male,1,1056.0246858330029
3436,-9999.0,-9999.0,-9999.0,-9999.0,-9999.0,-9999.0,-9999.0,-9999.0,-9999.0,color,orientation,size,0.3400000000000001,-2.5,804,male,1,1056.0246858330029
3437,-9999.0,-9999.0,-9999.0,-9999.0,-9999.0,-9999.0,-9999.0,-9999.0,-9999.0,color,orientation,size,0.3400000000000001,-2.5,804,male,1,1056.0246858330029
3438,-9999.0,-9999.0,-9999.0,-9999.0,-9999.0,-9999.0,-9999.0,-9999.0,-9999.0,color,orientation,size,0.3400000000000001,-2.5,804,male,1,1056.0246858330029
3439,-9999.0,-9999.0,-9999.0,-9999.0,-9999.0,-9999.0,-9999.0,-9999.0,-9999.0,color,orientation,size,0.3400000000000001,-2.5,804,male,1,1056.0246858330029
3440,-9999.0,-9999.0,-9999.0,-9999.0,-9999.0,-9999.0,-9999.0,-9999.0,-9999.0,color,orientation,size,0.3400000000000001,-2.5,804,male,1,1056.0246858330029
3441,-9999.0,-9999.0,-9999.0,-9999.0,-9999.0,-9999.0,-9999.0,-9999.0,-9999.0,color,orientation,size,0.3400000000000001,-2.5,804,male,1,1056.0246858330029
3442,-9999.0,-9999.0,-9999.0,-9999.0,-9999.0,-9999.0,-9999.0,-9999.0,-9999.0,color,orientation,size,0.3400000000000001,-2.5,804,male,1,1056.0246858330029
3443,-9999.0,-9999.0,-9999.0,-9999.0,-9999.0,-9999.0,-9999.0,-9999.0,-9999.0,color,orientation,size,0.3400000000000001,-2.5,804,male,1,1056.0246858330029
3444,-9999.0,-9999.0,-9999.0,-9999.0,-9999.0,-9999.0,-9999.0,-9999.0,-9999.0,color,orientation,size,0.3400000000000001,-2.5,804,male,1,1056.0246858330029
3445,-9999.0,-9999.0,-9999.0,-9999.0,-9999.0,-9999.0,-9999.0,-9999.0,-9999.0,color,orientation,size,0.3400000000000001,-2.5,804,male,1,1056.0246858330029
3446,-9999.0,-9999.0,-9999.0,-9999.0,-9999.0,-9999.0,-9999.0,-9999.0,-9999.0,color,orientation,size,0.3400000000000001,-2.5,804,male,1,1056.0246858330029
3447,-9999.0,-9999.0,-9999.0,-9999.0,-9999.0,-9999.0,-9999.0,-9999.0,-9999.0,color,orientation,size,0.3400000000000001,-2.5,804,male,1,1056.0246858330029
3448,-9999.0,-9999.0,-9999.0,-9999.0,-9999.0,-9999.0,-9999.0,-9999.0,-9999.0,color,orientation,size,0.3400000000000001,-2.5,804,male,1,1056.0246858330029
3449,-9999.0,-9999.0,-9999.0,-9999.0,-9999.0,-9999.0,-9999.0,-9999.0,-9999.0,color,orientation,size,0.3400000000000001,-2.5,804,male,1,1056.0246858330029
3450,-9999.0,-9999.0,-9999.0,-9999.0,-9999.0,-9999.0,-9999.0,-9999.0,-9999.0,color,orientation,size,0.3400000000000001,-2.5,804,male,1,1056.0246858330029
3451,-9999.0,-9999.0,-9999.0,-9999.0,-9999.0,-9999.0,-9999.0,-9999.0,-9999.0,color,orientation,size,0.3400000000000001,-2.5,804,male,1,1056.0246858330029
3452,-9999.0,-9999.0,-9999.0,-9999.0,-9999.0,-9999.0,-9999.0,-9999.0,-9999.0,color,orientation,size,0.3400000000000001,-2.5,804,male,1,1056.0246858330029
3453,-9999.0,-9999.0,-9999.0,-9999.0,-9999.0,-9999.0,-9999.0,-9999.0,-9999.0,color,orientation,size,0.3400000000000001,-2.5,804,male,1,1056.0246858330029
3454,-9999.0,-9999.0,-9999.0,-9999.0,-9999.0,-9999.0,-9999.0,-9999.0,-9999.0,color,orientation,size,0.3400000000000001,-2.5,804,male,1,1056.0246858330029
3455,-9999.0,-9999.0,-9999.0,-9999.0,-9999.0,-9999.0,-9999.0,-9999.0,-9999.0,color,orientation,size,0.3400000000000001,-2.5,804,male,1,1056.0246858330029
3456,-9999.0,-9999.0,-9999.0,-9999.0,-9999.0,-9999.0,-9999.0,-9999.0,-9999.0,color,orientation,size,0.3400000000000001,-2.5,804,male,1,1056.0246858330029
3457,-9999.0,-9999.0,-9999.0,-9999.0,-9999.0,-9999.0,-9999.0,-9999.0,-9999.0,color,orientation,size,0.3400000000000001,-2.5,804,male,1,1056.0246858330029
3458,-9999.0,-9999.0,-9999.0,-9999.0,-9999.0,-9999.0,-9999.0,-9999.0,-9999.0,color,orientation,size,0.3400000000000001,-2.5,804,male,1,1056.0246858330029
3459,-9999.0,-9999.0,-9999.0,-9999.0,-9999.0,-9999.0,-9999.0,-9999.0,-9999.0,color,orientation,size,0.3400000000000001,-2.5,804,male,1,1056.0246858330029
3460,-9999.0,-9999.0,-9999.0,-9999.0,-9999.0,-9999.0,-9999.0,-9999.0,-9999.0,color,orientation,size,0.3400000000000001,-2.5,804,male,1,1056.0246858330029
3461,-9999.0,-9999.0,-9999.0,-9999.0,-9999.0,-9999.0,-9999.0,-9999.0,-9999.0,color,orientation,size,0.3400000000000001,-2.5,804,male,1,1056.0246858330029
3462,-9999.0,-9999.0,-9999.0,-9999.0,-9999.0,-9999.0,-9999.0,-9999.0,-9999.0,color,orientation,size,0.3400000000000001,-2.5,804,male,1,1056.0246858330029
3463,-9999.0,-9999.0,-9999.0,-9999.0,-9999.0,-9999.0,-9999.0,-9999.0,-9999.0,color,orientation,size,0.3400000000000001,-2.5,804,male,1,1056.0246858330029
3464,-9999.0,-9999.0,-9999.0,-9999.0,-9999.0,-9999.0,-9999.0,-9999.0,-9999.0,color,orientation,size,0.3400000000000001,-2.5,804,male,1,1056.0246858330029
3465,-9999.0,-9999.0,-9999.0,-9999.0,-9999.0,-9999.0,-9999.0,-9999.0,-9999.0,color,orientation,size,0.3400000000000001,-2.5,804,male,1,1056.0246858330029
3466,-9999.0,-9999.0,-9999.0,-9999.0,-9999.0,-9999.0,-9999.0,-9999.0,-9999.0,color,orientation,size,0.3400000000000001,-2.5,804,male,1,1056.0246858330029
3467,-9999.0,-9999.0,-9999.0,-9999.0,-9999.0,-9999.0,-9999.0,-9999.0,-9999.0,color,orientation,size,0.3400000000000001,-2.5,804,male,1,1056.0246858330029
3468,-9999.0,-9999.0,-9999.0,-9999.0,-9999.0,-9999.0,-9999.0,-9999.0,-9999.0,color,orientation,size,0.3400000000000001,-2.5,804,male,1,1056.0246858330029
3469,-9999.0,-9999.0,-9999.0,-9999.0,-9999.0,-9999.0,-9999.0,-9999.0,-9999.0,color,orientation,size,0.3400000000000001,-2.5,804,male,1,1056.0246858330029
3470,-9999.0,-9999.0,-9999.0,-9999.0,-9999.0,-9999.0,-9999.0,-9999.0,-9999.0,color,orientation,size,0.3400000000000001,-2.5,804,male,1,1056.0246858330029
3471,-9999.0,-9999.0,-9999.0,-9999.0,-9999.0,-9999.0,-9999.0,-9999.0,-9999.0,color,orientation,size,0.3400000000000001,-2.5,804,male,1,1056.0246858330029
3472,-9999.0,-9999.0,-9999.0,-9999.0,-9999.0,-9999.0,-9999.0,-9999.0,-9999.0,color,orientation,size,0.3400000000000001,-2.5,804,male,1,1056.0246858330029
3473,-9999.0,-9999.0,-9999.0,-9999.0,-9999.0,-9999.0,-9999.0,-9999.0,-9999.0,color,orientation,size,0.3400000000000001,-2.5,804,male,1,1056.0246858330029
3474,-9999.0,-9999.0,-9999.0,-9999.0,-9999.0,-9999.0,-9999.0,-9999.0,-9999.0,color,orientation,size,0.3400000000000001,-2.5,804,male,1,1056.0246858330029
3475,-9999.0,-9999.0,-9999.0,-9999.0,-9999.0,-9999.0,-9999.0,-9999.0,-9999.0,color,orientation,size,0.3400000000000001,-2.5,804,male,1,1056.0246858330029
3476,-9999.0,-9999.0,-9999.0,-9999.0,-9999.0,-9999.0,-9999.0,-9999.0,-9999.0,color,orientation,size,0.3400000000000001,-2.5,804,male,1,1056.0246858330029
3477,-9999.0,-9999.0,-9999.0,-9999.0,-9999.0,-9999.0,-9999.0,-9999.0,-9999.0,color,orientation,size,0.3400000000000001,-2.5,804,male,1,1056.0246858330029
3478,-9999.0,-9999.0,-9999.0,-9999.0,-9999.0,-9999.0,-9999.0,-9999.0,-9999.0,color,orientation,size,0.3400000000000001,-2.5,804,male,1,1056.0246858330029
3479,-9999.0,-9999.0,-9999.0,-9999.0,-9999.0,-9999.0,-9999.0,-9999.0,-9999.0,color,orientation,size,0.3400000000000001,-2.5,804,male,1,1056.0246858330029
3480,-9999.0,-9999.0,-9999.0,-9999.0,-9999.0,-9999.0,-9999.0,-9999.0,-9999.0,color,orientation,size,0.3400000000000001,-2.5,804,male,1,1056.0246858330029
3481,-9999.0,-9999.0,-9999.0,-9999.0,-9999.0,-9999.0,-9999.0,-9999.0,-9999.0,color,orientation,size,0.3400000000000001,-2.5,804,male,1,1056.0246858330029
3482,-9999.0,-9999.0,-9999.0,-9999.0,-9999.0,-9999.0,-9999.0,-9999.0,-9999.0,color,orientation,size,0.3400000000000001,-2.5,804,male,1,1056.0246858330029
3483,-9999.0,-9999.0,-9999.0,-9999.0,-9999.0,-9999.0,-9999.0,-9999.0,-9999.0,color,orientation,size,0.3400000000000001,-2.5,804,male,1,1056.0246858330029
3484,-9999.0,-9999.0,-9999.0,-9999.0,-9999.0,-9999.0,-9999.0,-9999.0,-9999.0,color,orientation,size,0.3400000000000001,-2.5,804,male,1,1056.0246858330029
3485,-9999.0,-9999.0,-9999.0,-9999.0,-9999.0,-9999.0,-9999.0,-9999.0,-9999.0,color,orientation,size,0.3400000000000001,-2.5,804,male,1,1056.0246858330029
3486,-9999.0,-9999.0,-9999.0,-9999.0,-9999.0,-9999.0,-9999.0,-9999.0,-9999.0,color,orientation,size,0.3400000000000001,-2.5,804,male,1,1056.0246858330029
3487,-9999.0,-9999.0,-9999.0,-9999.0,-9999.0,-9999.0,-9999.0,-9999.0,-9999.0,color,orientation,size,0.3400000000000001,-2.5,804,male,1,1056.0246858330029
3488,-9999.0,-9999.0,-9999.0,-9999.0,-9999.0,-9999.0,-9999.0,-9999.0,-9999.0,color,orientation,size,0.3400000000000001,-2.5,804,male,1,1056.0246858330029
3489,-9999.0,-9999.0,-9999.0,-9999.0,-9999.0,-9999.0,-9999.0,-9999.0,-9999.0,color,orientation,size,0.3400000000000001,-2.5,804,male,1,1056.0246858330029
3490,-9999.0,-9999.0,-9999.0,-9999.0,-9999.0,-9999.0,-9999.0,-9999.0,-9999.0,color,orientation,size,0.3400000000000001,-2.5,804,male,1,1056.0246858330029
3491,-9999.0,-9999.0,-9999.0,-9999.0,-9999.0,-9999.0,-9999.0,-9999.0,-9999.0,color,orientation,size,0.3400000000000001,-2.5,804,male,1,1056.0246858330029
3492,-9999.0,-9999.0,-9999.0,-9999.0,-9999.0,-9999.0,-9999.0,-9999.0,-9999.0,color,orientation,size,0.3400000000000001,-2.5,804,male,1,1056.0246858330029
3493,-9999.0,-9999.0,-9999.0,-9999.0,-9999.0,-9999.0,-9999.0,-9999.0,-9999.0,color,orientation,size,0.3400000000000001,-2.5,804,male,1,1056.0246858330029
3494,-9999.0,-9999.0,-9999.0,-9999.0,-9999.0,-9999.0,-9999.0,-9999.0,-9999.0,color,orientation,size,0.3400000000000001,-2.5,804,male,1,1056.0246858330029
3495,-9999.0,-9999.0,-9999.0,-9999.0,-9999.0,-9999.0,-9999.0,-9999.0,-9999.0,color,orientation,size,0.3400000000000001,-2.5,804,male,1,1056.0246858330029
3496,-9999.0,-9999.0,-9999.0,-9999.0,-9999.0,-9999.0,-9999.0,-9999.0,-9999.0,color,orientation,size,0.3400000000000001,-2.5,804,male,1,1056.0246858330029
3497,-9999.0,-9999.0,-9999.0,-9999.0,-9999.0,-9999.0,-9999.0,-9999.0,-9999.0,color,orientation,size,0.3400000000000001,-2.5,804,male,1,1056.0246858330029
3498,-9999.0,-9999.0,-9999.0,-9999.0,-9999.0,-9999.0,-9999.0,-9999.0,-9999.0,color,orientation,size,0.3400000000000001,-2.5,804,male,1,1056.0246858330029
3499,-9999.0,-9999.0,-9999.0,-9999.0,-9999.0,-9999.0,-9999.0,-9999.0,-9999.0,color,orientation,size,0.3400000000000001,-2.5,804,male,1,1056.0246858330029
3500,-9999.0,-9999.0,-9999.0,-9999.0,-9999.0,-9999.0,-9999.0,-9999.0,-9999.0,color,orientation,size,0.3400000000000001,-2.5,804,male,1,1056.0246858330029
3501,-9999.0,-9999.0,-9999.0,-9999.0,-9999.0,-9999.0,-9999.0,-9999.0,-9999.0,color,orientation,size,0.3400000000000001,-2.5,804,male,1,1056.0246858330029
3502,-9999.0,-9999.0,-9999.0,-9999.0,-9999.0,-9999.0,-9999.0,-9999.0,-9999.0,color,orientation,size,0.3400000000000001,-2.5,804,male,1,1056.0246858330029
3503,-9999.0,-9999.0,-9999.0,-9999.0,-9999.0,-9999.0,-9999.0,-9999.0,-9999.0,color,orientation,size,0.3400000000000001,-2.5,804,male,1,1056.0246858330029
3504,-9999.0,-9999.0,-9999.0,-9999.0,-9999.0,-9999.0,-9999.0,-9999.0,-9999.0,color,orientation,size,0.3400000000000001,-2.5,804,male,1,1056.0246858330029
3505,-9999.0,-9999.0,-9999.0,-9999.0,-9999.0,-9999.0,-9999.0,-9999.0,-9999.0,color,orientation,size,0.3400000000000001,-2.5,804,male,1,1056.0246858330029
3506,-9999.0,-9999.0,-9999.0,-9999.0,-9999.0,-9999.0,-9999.0,-9999.0,-9999.0,color,orientation,size,0.3400000000000001,-2.5,804,male,1,1056.0246858330029
3507,-9999.0,-9999.0,-9999.0,-9999.0,-9999.0,-9999.0,-9999.0,-9999.0,-9999.0,color,orientation,size,0.3400000000000001,-2.5,804,male,1,1056.0246858330029
3508,-9999.0,-9999.0,-9999.0,-9999.0,-9999.0,-9999.0,-9999.0,-9999.0,-9999.0,color,orientation,size,0.3400000000000001,-2.5,804,male,1,1056.0246858330029
3509,-9999.0,-9999.0,-9999.0,-9999.0,-9999.0,-9999.0,-9999.0,-9999.0,-9999.0,color,orientation,size,0.3400000000000001,-2.5,804,male,1,1056.0246858330029
3510,-9999.0,-9999.0,-9999.0,-9999.0,-9999.0,-9999.0,-9999.0,-9999.0,-9999.0,color,orientation,size,0.3400000000000001,-2.5,804,male,1,1056.0246858330029
3511,-9999.0,-9999.0,-9999.0,-9999.0,-9999.0,-9999.0,-9999.0,-9999.0,-9999.0,color,orientation,size,0.3400000000000001,-2.5,804,male,1,1056.0246858330029
3512,-9999.0,-9999.0,-9999.0,-9999.0,-9999.0,-9999.0,-9999.0,-9999.0,-9999.0,color,orientation,size,0.3400000000000001,-2.5,804,male,1,1056.0246858330029
3513,-9999.0,-9999.0,-9999.0,-9999.0,-9999.0,-9999.0,-9999.0,-9999.0,-9999.0,color,orientation,size,0.3400000000000001,-2.5,804,male,1,1056.0246858330029
3514,-9999.0,-9999.0,-9999.0,-9999.0,-9999.0,-9999.0,-9999.0,-9999.0,-9999.0,color,orientation,size,0.3400000000000001,-2.5,804,male,1,1056.0246858330029
3515,-9999.0,-9999.0,-9999.0,-9999.0,-9999.0,-9999.0,-9999.0,-9999.0,-9999.0,color,orientation,size,0.3400000000000001,-2.5,804,male,1,1056.0246858330029
3516,-9999.0,-9999.0,-9999.0,-9999.0,-9999.0,-9999.0,-9999.0,-9999.0,-9999.0,color,orientation,size,0.3400000000000001,-2.5,804,male,1,1056.0246858330029
3517,-9999.0,-9999.0,-9999.0,-9999.0,-9999.0,-9999.0,-9999.0,-9999.0,-9999.0,color,orientation,size,0.3400000000000001,-2.5,804,male,1,1056.0246858330029
3518,-9999.0,-9999.0,-9999.0,-9999.0,-9999.0,-9999.0,-9999.0,-9999.0,-9999.0,color,orientation,size,0.3400000000000001,-2.5,804,male,1,1056.0246858330029
3519,-9999.0,-9999.0,-9999.0,-9999.0,-9999.0,-9999.0,-9999.0,-9999.0,-9999.0,color,orientation,size,0.3400000000000001,-2.5,804,male,1,1056.0246858330029
3520,-9999.0,-9999.0,-9999.0,-9999.0,-9999.0,-9999.0,-9999.0,-9999.0,-9999.0,color,orientation,size,0.3400000000000001,-2.5,804,male,1,1056.0246858330029
3521,-9999.0,-9999.0,-9999.0,-9999.0,-9999.0,-9999.0,-9999.0,-9999.0,-9999.0,color,orientation,size,0.3400000000000001,-2.5,804,male,1,1056.0246858330029
3522,-9999.0,-9999.0,-9999.0,-9999.0,-9999.0,-9999.0,-9999.0,-9999.0,-9999.0,color,orientation,size,0.3400000000000001,-2.5,804,male,1,1056.0246858330029
3523,-9999.0,-9999.0,-9999.0,-9999.0,-9999.0,-9999.0,-9999.0,-9999.0,-9999.0,color,orientation,size,0.3400000000000001,-2.5,804,male,1,1056.0246858330029
3524,-9999.0,-9999.0,-9999.0,-9999.0,-9999.0,-9999.0,-9999.0,-9999.0,-9999.0,color,orientation,size,0.3400000000000001,-2.5,804,male,1,1056.0246858330029
3525,-9999.0,-9999.0,-9999.0,-9999.0,-9999.0,-9999.0,-9999.0,-9999.0,-9999.0,color,orientation,size,0.3400000000000001,-2.5,804,male,1,1056.0246858330029
3526,-9999.0,-9999.0,-9999.0,-9999.0,-9999.0,-9999.0,-9999.0,-9999.0,-9999.0,color,orientation,size,0.3400000000000001,-2.5,804,male,1,1056.0246858330029
3527,-9999.0,-9999.0,-9999.0,-9999.0,-9999.0,-9999.0,-9999.0,-9999.0,-9999.0,color,orientation,size,0.3400000000000001,-2.5,804,male,1,1056.0246858330029
3528,-9999.0,-9999.0,-9999.0,-9999.0,-9999.0,-9999.0,-9999.0,-9999.0,-9999.0,color,orientation,size,0.3400000000000001,-2.5,804,male,1,1056.0246858330029
3529,-9999.0,-9999.0,-9999.0,-9999.0,-9999.0,-9999.0,-9999.0,-9999.0,-9999.0,color,orientation,size,0.3400000000000001,-2.5,804,male,1,1056.0246858330029
3530,-9999.0,-9999.0,-9999.0,-9999.0,-9999.0,-9999.0,-9999.0,-9999.0,-9999.0,color,orientation,size,0.3400000000000001,-2.5,804,male,1,1056.0246858330029
3531,-9999.0,-9999.0,-9999.0,-9999.0,-9999.0,-9999.0,-9999.0,-9999.0,-9999.0,color,orientation,size,0.3400000000000001,-2.5,804,male,1,1056.0246858330029
3532,-9999.0,-9999.0,-9999.0,-9999.0,-9999.0,-9999.0,-9999.0,-9999.0,-9999.0,color,orientation,size,0.3400000000000001,-2.5,804,male,1,1056.0246858330029
3533,-9999.0,-9999.0,-9999.0,-9999.0,-9999.0,-9999.0,-9999.0,-9999.0,-9999.0,color,orientation,size,0.3400000000000001,-2.5,804,male,1,1056.0246858330029
3534,-9999.0,-9999.0,-9999.0,-9999.0,-9999.0,-9999.0,-9999.0,-9999.0,-9999.0,color,orientation,size,0.3400000000000001,-2.5,804,male,1,1056.0246858330029
3535,-9999.0,-9999.0,-9999.0,-9999.0,-9999.0,-9999.0,-9999.0,-9999.0,-9999.0,color,orientation,size,0.3400000000000001,-2.5,804,male,1,1056.0246858330029
3536,-9999.0,-9999.0,-9999.0,-9999.0,-9999.0,-9999.0,-9999.0,-9999.0,-9999.0,color,orientation,size,0.3400000000000001,-2.5,804,male,1,1056.0246858330029
3537,-9999.0,-9999.0,-9999.0,-9999.0,-9999.0,-9999.0,-9999.0,-9999.0,-9999.0,color,orientation,size,0.3400000000000001,-2.5,804,male,1,1056.0246858330029
3538,-9999.0,-9999.0,-9999.0,-9999.0,-9999.0,-9999.0,-9999.0,-9999.0,-9999.0,color,orientation,size,0.3400000000000001,-2.5,804,male,1,1056.0246858330029
3539,-9999.0,-9999.0,-9999.0,-9999.0,-9999.0,-9999.0,-9999.0,-9999.0,-9999.0,color,orientation,size,0.3400000000000001,-2.5,804,male,1,1056.0246858330029
3540,-9999.0,-9999.0,-9999.0,-9999.0,-9999.0,-9999.0,-9999.0,-9999.0,-9999.0,color,orientation,size,0.3400000000000001,-2.5,804,male,1,1056.0246858330029
3541,-9999.0,-9999.0,-9999.0,-9999.0,-9999.0,-9999.0,-9999.0,-9999.0,-9999.0,color,orientation,size,0.3400000000000001,-2.5,804,male,1,1056.0246858330029
3542,-9999.0,-9999.0,-9999.0,-9999.0,-9999.0,-9999.0,-9999.0,-9999.0,-9999.0,color,orientation,size,0.3400000000000001,-2.5,804,male,1,1056.0246858330029
3543,-9999.0,-9999.0,-9999.0,-9999.0,-9999.0,-9999.0,-9999.0,-9999.0,-9999.0,color,orientation,size,0.3400000000000001,-2.5,804,male,1,1056.0246858330029
3544,-9999.0,-9999.0,-9999.0,-9999.0,-9999.0,-9999.0,-9999.0,-9999.0,-9999.0,color,orientation,size,0.3400000000000001,-2.5,804,male,1,1056.0246858330029
3545,-9999.0,-9999.0,-9999.0,-9999.0,-9999.0,-9999.0,-9999.0,-9999.0,-9999.0,color,orientation,size,0.3400000000000001,-2.5,804,male,1,1056.0246858330029
3546,-9999.0,-9999.0,-9999.0,-9999.0,-9999.0,-9999.0,-9999.0,-9999.0,-9999.0,color,orientation,size,0.3400000000000001,-2.5,804,male,1,1056.0246858330029
3547,-9999.0,-9999.0,-9999.0,-9999.0,-9999.0,-9999.0,-9999.0,-9999.0,-9999.0,color,orientation,size,0.3400000000000001,-2.5,804,male,1,1056.0246858330029
3548,-9999.0,-9999.0,-9999.0,-9999.0,-9999.0,-9999.0,-9999.0,-9999.0,-9999.0,color,orientation,size,0.3400000000000001,-2.5,804,male,1,1056.0246858330029
3549,-9999.0,-9999.0,-9999.0,-9999.0,-9999.0,-9999.0,-9999.0,-9999.0,-9999.0,color,orientation,size,0.3400000000000001,-2.5,804,male,1,1056.0246858330029
3550,-9999.0,-9999.0,-9999.0,-9999.0,-9999.0,-9999.0,-9999.0,-9999.0,-9999.0,color,orientation,size,0.3400000000000001,-2.5,804,male,1,1056.0246858330029
3551,-9999.0,-9999.0,-9999.0,-9999.0,-9999.0,-9999.0,-9999.0,-9999.0,-9999.0,color,orientation,size,0.3400000000000001,-2.5,804,male,1,1056.0246858330029
3552,-9999.0,-9999.0,-9999.0,-9999.0,-9999.0,-9999.0,-9999.0,-9999.0,-9999.0,color,orientation,size,0.3400000000000001,-2.5,804,male,1,1056.0246858330029
3553,-9999.0,-9999.0,-9999.0,-9999.0,-9999.0,-9999.0,-9999.0,-9999.0,-9999.0,color,orientation,size,0.3400000000000001,-2.5,804,male,1,1056.0246858330029
3554,-9999.0,-9999.0,-9999.0,-9999.0,-9999.0,-9999.0,-9999.0,-9999.0,-9999.0,color,orientation,size,0.3400000000000001,-2.5,804,male,1,1056.0246858330029
3555,-9999.0,-9999.0,-9999.0,-9999.0,-9999.0,-9999.0,-9999.0,-9999.0,-9999.0,color,orientation,size,0.3400000000000001,-2.5,804,male,1,1056.0246858330029
3556,-9999.0,-9999.0,-9999.0,-9999.0,-9999.0,-9999.0,-9999.0,-9999.0,-9999.0,color,orientation,size,0.3400000000000001,-2.5,804,male,1,1056.0246858330029
3557,-9999.0,-9999.0,-9999.0,-9999.0,-9999.0,-9999.0,-9999.0,-9999.0,-9999.0,color,orientation,size,0.3400000000000001,-2.5,804,male,1,1056.0246858330029
3558,-9999.0,-9999.0,-9999.0,-9999.0,-9999.0,-9999.0,-9999.0,-9999.0,-9999.0,color,orientation,size,0.3400000000000001,-2.5,804,male,1,1056.0246858330029
3559,-9999.0,-9999.0,-9999.0,-9999.0,-9999.0,-9999.0,-9999.0,-9999.0,-9999.0,color,orientation,size,0.3400000000000001,-2.5,804,male,1,1056.0246858330029
3560,-9999.0,-9999.0,-9999.0,-9999.0,-9999.0,-9999.0,-9999.0,-9999.0,-9999.0,color,orientation,size,0.3400000000000001,-2.5,804,male,1,1056.0246858330029
3561,-9999.0,-9999.0,-9999.0,-9999.0,-9999.0,-9999.0,-9999.0,-9999.0,-9999.0,color,orientation,size,0.3400000000000001,-2.5,804,male,1,1056.0246858330029
3562,-9999.0,-9999.0,-9999.0,-9999.0,-9999.0,-9999.0,-9999.0,-9999.0,-9999.0,color,orientation,size,0.3400000000000001,-2.5,804,male,1,1056.0246858330029
3563,-9999.0,-9999.0,-9999.0,-9999.0,-9999.0,-9999.0,-9999.0,-9999.0,-9999.0,color,orientation,size,0.3400000000000001,-2.5,804,male,1,1056.0246858330029
3564,-9999.0,-9999.0,-9999.0,-9999.0,-9999.0,-9999.0,-9999.0,-9999.0,-9999.0,color,orientation,size,0.3400000000000001,-2.5,804,male,1,1056.0246858330029
3565,-9999.0,-9999.0,-9999.0,-9999.0,-9999.0,-9999.0,-9999.0,-9999.0,-9999.0,color,orientation,size,0.3400000000000001,-2.5,804,male,1,1056.0246858330029
3566,-9999.0,-9999.0,-9999.0,-9999.0,-9999.0,-9999.0,-9999.0,-9999.0,-9999.0,color,orientation,size,0.3400000000000001,-2.5,804,male,1,1056.0246858330029
3567,-9999.0,-9999.0,-9999.0,-9999.0,-9999.0,-9999.0,-9999.0,-9999.0,-9999.0,color,orientation,size,0.3400000000000001,-2.5,804,male,1,1056.0246858330029
3568,-9999.0,-9999.0,-9999.0,-9999.0,-9999.0,-9999.0,-9999.0,-9999.0,-9999.0,color,orientation,size,0.3400000000000001,-2.5,804,male,1,1056.0246858330029
3569,-9999.0,-9999.0,-9999.0,-9999.0,-9999.0,-9999.0,-9999.0,-9999.0,-9999.0,color,orientation,size,0.3400000000000001,-2.5,804,male,1,1056.0246858330029
3570,-9999.0,-9999.0,-9999.0,-9999.0,-9999.0,-9999.0,-9999.0,-9999.0,-9999.0,color,orientation,size,0.3400000000000001,-2.5,804,male,1,1056.0246858330029
3571,-9999.0,-9999.0,-9999.0,-9999.0,-9999.0,-9999.0,-9999.0,-9999.0,-9999.0,color,orientation,size,0.3400000000000001,-2.5,804,male,1,1056.0246858330029
3572,-9999.0,-9999.0,-9999.0,-9999.0,-9999.0,-9999.0,-9999.0,-9999.0,-9999.0,color,orientation,size,0.3400000000000001,-2.5,804,male,1,1056.0246858330029
3573,-9999.0,-9999.0,-9999.0,-9999.0,-9999.0,-9999.0,-9999.0,-9999.0,-9999.0,color,orientation,size,0.3400000000000001,-2.5,804,male,1,1056.0246858330029
3574,-9999.0,-9999.0,-9999.0,-9999.0,-9999.0,-9999.0,-9999.0,-9999.0,-9999.0,color,orientation,size,0.3400000000000001,-2.5,804,male,1,1056.0246858330029
3575,-9999.0,-9999.0,-9999.0,-9999.0,-9999.0,-9999.0,-9999.0,-9999.0,-9999.0,color,orientation,size,0.3400000000000001,-2.5,804,male,1,1056.0246858330029
3576,-9999.0,-9999.0,-9999.0,-9999.0,-9999.0,-9999.0,-9999.0,-9999.0,-9999.0,color,orientation,size,0.3400000000000001,-2.5,804,male,1,1056.0246858330029
3577,-9999.0,-9999.0,-9999.0,-9999.0,-9999.0,-9999.0,-9999.0,-9999.0,-9999.0,color,orientation,size,0.3400000000000001,-2.5,804,male,1,1056.0246858330029
3578,-9999.0,-9999.0,-9999.0,-9999.0,-9999.0,-9999.0,-9999.0,-9999.0,-9999.0,color,orientation,size,0.3400000000000001,-2.5,804,male,1,1056.0246858330029
3579,-9999.0,-9999.0,-9999.0,-9999.0,-9999.0,-9999.0,-9999.0,-9999.0,-9999.0,color,orientation,size,0.3400000000000001,-2.5,804,male,1,1056.0246858330029
3580,-9999.0,-9999.0,-9999.0,-9999.0,-9999.0,-9999.0,-9999.0,-9999.0,-9999.0,color,orientation,size,0.3400000000000001,-2.5,804,male,1,1056.0246858330029
3581,-9999.0,-9999.0,-9999.0,-9999.0,-9999.0,-9999.0,-9999.0,-9999.0,-9999.0,color,orientation,size,0.3400000000000001,-2.5,804,male,1,1056.0246858330029
3582,-9999.0,-9999.0,-9999.0,-9999.0,-9999.0,-9999.0,-9999.0,-9999.0,-9999.0,color,orientation,size,0.3400000000000001,-2.5,804,male,1,1056.0246858330029
3583,-9999.0,-9999.0,-9999.0,-9999.0,-9999.0,-9999.0,-9999.0,-9999.0,-9999.0,color,orientation,size,0.3400000000000001,-2.5,804,male,1,1056.0246858330029
3584,-9999.0,-9999.0,-9999.0,-9999.0,-9999.0,-9999.0,-9999.0,-9999.0,-9999.0,color,orientation,size,0.3400000000000001,-2.5,804,male,1,1056.0246858330029
3585,-9999.0,-9999.0,-9999.0,-9999.0,-9999.0,-9999.0,-9999.0,-9999.0,-9999.0,color,orientation,size,0.3400000000000001,-2.5,804,male,1,1056.0246858330029
3586,-9999.0,-9999.0,-9999.0,-9999.0,-9999.0,-9999.0,-9999.0,-9999.0,-9999.0,color,orientation,size,0.3400000000000001,-2.5,804,male,1,1056.0246858330029
3587,-9999.0,-9999.0,-9999.0,-9999.0,-9999.0,-9999.0,-9999.0,-9999.0,-9999.0,color,orientation,size,0.3400000000000001,-2.5,804,male,1,1056.0246858330029
3588,-9999.0,-9999.0,-9999.0,-9999.0,-9999.0,-9999.0,-9999.0,-9999.0,-9999.0,color,orientation,size,0.3400000000000001,-2.5,804,male,1,1056.0246858330029
3589,-9999.0,-9999.0,-9999.0,-9999.0,-9999.0,-9999.0,-9999.0,-9999.0,-9999.0,color,orientation,size,0.3400000000000001,-2.5,804,male,1,1056.0246858330029
3590,-9999.0,-9999.0,-9999.0,-9999.0,-9999.0,-9999.0,-9999.0,-9999.0,-9999.0,color,orientation,size,0.3400000000000001,-2.5,804,male,1,1056.0246858330029
3591,-9999.0,-9999.0,-9999.0,-9999.0,-9999.0,-9999.0,-9999.0,-9999.0,-9999.0,color,orientation,size,0.3400000000000001,-2.5,804,male,1,1056.0246858330029
3592,-9999.0,-9999.0,-9999.0,-9999.0,-9999.0,-9999.0,-9999.0,-9999.0,-9999.0,color,orientation,size,0.3400000000000001,-2.5,804,male,1,1056.0246858330029
3593,-9999.0,-9999.0,-9999.0,-9999.0,-9999.0,-9999.0,-9999.0,-9999.0,-9999.0,color,orientation,size,0.3400000000000001,-2.5,804,male,1,1056.0246858330029
3594,-9999.0,-9999.0,-9999.0,-9999.0,-9999.0,-9999.0,-9999.0,-9999.0,-9999.0,color,orientation,size,0.3400000000000001,-2.5,804,male,1,1056.0246858330029
3595,-9999.0,-9999.0,-9999.0,-9999.0,-9999.0,-9999.0,-9999.0,-9999.0,-9999.0,color,orientation,size,0.3400000000000001,-2.5,804,male,1,1056.0246858330029
3596,-9999.0,-9999.0,-9999.0,-9999.0,-9999.0,-9999.0,-9999.0,-9999.0,-9999.0,color,orientation,size,0.3400000000000001,-2.5,804,male,1,1056.0246858330029
3597,-9999.0,-9999.0,-9999.0,-9999.0,-9999.0,-9999.0,-9999.0,-9999.0,-9999.0,color,orientation,size,0.3400000000000001,-2.5,804,male,1,1056.0246858330029
3598,-9999.0,-9999.0,-9999.0,-9999.0,-9999.0,-9999.0,-9999.0,-9999.0,-9999.0,color,orientation,size,0.3400000000000001,-2.5,804,male,1,1056.0246858330029
3599,-9999.0,-9999.0,-9999.0,-9999.0,-9999.0,-9999.0,-9999.0,-9999.0,-9999.0,color,orientation,size,0.3400000000000001,-2.5,804,male,1,1056.0246858330029
3600,-9999.0,-9999.0,-9999.0,-9999.0,-9999.0,-9999.0,-9999.0,-9999.0,-9999.0,color,orientation,size,0.3400000000000001,-2.5,804,male,1,1056.0246858330029
3601,-9999.0,-9999.0,-9999.0,-9999.0,-9999.0,-9999.0,-9999.0,-9999.0,-9999.0,color,orientation,size,0.3400000000000001,-2.5,804,male,1,1056.0246858330029
3602,-9999.0,-9999.0,-9999.0,-9999.0,-9999.0,-9999.0,-9999.0,-9999.0,-9999.0,color,orientation,size,0.3400000000000001,-2.5,804,male,1,1056.0246858330029
3603,-9999.0,-9999.0,-9999.0,-9999.0,-9999.0,-9999.0,-9999.0,-9999.0,-9999.0,color,orientation,size,0.3400000000000001,-2.5,804,male,1,1056.0246858330029
3604,-9999.0,-9999.0,-9999.0,-9999.0,-9999.0,-9999.0,-9999.0,-9999.0,-9999.0,color,orientation,size,0.3400000000000001,-2.5,804,male,1,1056.0246858330029
3605,-9999.0,-9999.0,-9999.0,-9999.0,-9999.0,-9999.0,-9999.0,-9999.0,-9999.0,color,orientation,size,0.3400000000000001,-2.5,804,male,1,1056.0246858330029
3606,-9999.0,-9999.0,-9999.0,-9999.0,-9999.0,-9999.0,-9999.0,-9999.0,-9999.0,color,orientation,size,0.3400000000000001,-2.5,804,male,1,1056.0246858330029
3607,-9999.0,-9999.0,-9999.0,-9999.0,-9999.0,-9999.0,-9999.0,-9999.0,-9999.0,color,orientation,size,0.3400000000000001,-2.5,804,male,1,1056.0246858330029
3608,-9999.0,-9999.0,-9999.0,-9999.0,-9999.0,-9999.0,-9999.0,-9999.0,-9999.0,color,orientation,size,0.3400000000000001,-2.5,804,male,1,1056.0246858330029
3609,-9999.0,-9999.0,-9999.0,-9999.0,-9999.0,-9999.0,-9999.0,-9999.0,-9999.0,color,orientation,size,0.3400000000000001,-2.5,804,male,1,1056.0246858330029
3610,-9999.0,-9999.0,-9999.0,-9999.0,-9999.0,-9999.0,-9999.0,-9999.0,-9999.0,color,orientation,size,0.3400000000000001,-2.5,804,male,1,1056.0246858330029
3611,-9999.0,-9999.0,-9999.0,-9999.0,-9999.0,-9999.0,-9999.0,-9999.0,-9999.0,color,orientation,size,0.3400000000000001,-2.5,804,male,1,1056.0246858330029
3612,-9999.0,-9999.0,-9999.0,-9999.0,-9999.0,-9999.0,-9999.0,-9999.0,-9999.0,color,orientation,size,0.3400000000000001,-2.5,804,male,1,1056.0246858330029
3613,-9999.0,-9999.0,-9999.0,-9999.0,-9999.0,-9999.0,-9999.0,-9999.0,-9999.0,color,orientation,size,0.3400000000000001,-2.5,804,male,1,1056.0246858330029
3614,-9999.0,-9999.0,-9999.0,-9999.0,-9999.0,-9999.0,-9999.0,-9999.0,-9999.0,color,orientation,size,0.3400000000000001,-2.5,804,male,1,1056.0246858330029
3615,-9999.0,-9999.0,-9999.0,-9999.0,-9999.0,-9999.0,-9999.0,-9999.0,-9999.0,color,orientation,size,0.3400000000000001,-2.5,804,male,1,1056.0246858330029
3616,-9999.0,-9999.0,-9999.0,-9999.0,-9999.0,-9999.0,-9999.0,-9999.0,-9999.0,color,orientation,size,0.3400000000000001,-2.5,804,male,1,1056.0246858330029
3617,-9999.0,-9999.0,-9999.0,-9999.0,-9999.0,-9999.0,-9999.0,-9999.0,-9999.0,color,orientation,size,0.3400000000000001,-2.5,804,male,1,1056.0246858330029
3618,-9999.0,-9999.0,-9999.0,-9999.0,-9999.0,-9999.0,-9999.0,-9999.0,-9999.0,color,orientation,size,0.3400000000000001,-2.5,804,male,1,1056.0246858330029
3619,-9999.0,-9999.0,-9999.0,-9999.0,-9999.0,-9999.0,-9999.0,-9999.0,-9999.0,color,orientation,size,0.3400000000000001,-2.5,804,male,1,1056.0246858330029
3620,-9999.0,-9999.0,-9999.0,-9999.0,-9999.0,-9999.0,-9999.0,-9999.0,-9999.0,color,orientation,size,0.3400000000000001,-2.5,804,male,1,1056.0246858330029
3621,-9999.0,-9999.0,-9999.0,-9999.0,-9999.0,-9999.0,-9999.0,-9999.0,-9999.0,color,orientation,size,0.3400000000000001,-2.5,804,male,1,1056.0246858330029
3622,-9999.0,-9999.0,-9999.0,-9999.0,-9999.0,-9999.0,-9999.0,-9999.0,-9999.0,color,orientation,size,0.3400000000000001,-2.5,804,male,1,1056.0246858330029
3623,-9999.0,-9999.0,-9999.0,-9999.0,-9999.0,-9999.0,-9999.0,-9999.0,-9999.0,color,orientation,size,0.3400000000000001,-2.5,804,male,1,1056.0246858330029
3624,-9999.0,-9999.0,-9999.0,-9999.0,-9999.0,-9999.0,-9999.0,-9999.0,-9999.0,color,orientation,size,0.3400000000000001,-2.5,804,male,1,1056.0246858330029
3625,-9999.0,-9999.0,-9999.0,-9999.0,-9999.0,-9999.0,-9999.0,-9999.0,-9999.0,color,orientation,size,0.3400000000000001,-2.5,804,male,1,1056.0246858330029
3626,-9999.0,-9999.0,-9999.0,-9999.0,-9999.0,-9999.0,-9999.0,-9999.0,-9999.0,color,orientation,size,0.3400000000000001,-2.5,804,male,1,1056.0246858330029
3627,-9999.0,-9999.0,-9999.0,-9999.0,-9999.0,-9999.0,-9999.0,-9999.0,-9999.0,color,orientation,size,0.3400000000000001,-2.5,804,male,1,1056.0246858330029
3628,-9999.0,-9999.0,-9999.0,-9999.0,-9999.0,-9999.0,-9999.0,-9999.0,-9999.0,color,orientation,size,0.3400000000000001,-2.5,804,male,1,1056.0246858330029
3629,-9999.0,-9999.0,-9999.0,-9999.0,-9999.0,-9999.0,-9999.0,-9999.0,-9999.0,color,orientation,size,0.3400000000000001,-2.5,804,male,1,1056.0246858330029
3630,-9999.0,-9999.0,-9999.0,-9999.0,-9999.0,-9999.0,-9999.0,-9999.0,-9999.0,color,orientation,size,0.3400000000000001,-2.5,804,male,1,1056.0246858330029
3631,-9999.0,-9999.0,-9999.0,-9999.0,-9999.0,-9999.0,-9999.0,-9999.0,-9999.0,color,orientation,size,0.3400000000000001,-2.5,804,male,1,1056.0246858330029
3632,-9999.0,-9999.0,-9999.0,-9999.0,-9999.0,-9999.0,-9999.0,-9999.0,-9999.0,color,orientation,size,0.3400000000000001,-2.5,804,male,1,1056.0246858330029
3633,-9999.0,-9999.0,-9999.0,-9999.0,-9999.0,-9999.0,-9999.0,-9999.0,-9999.0,color,orientation,size,0.3400000000000001,-2.5,804,male,1,1056.0246858330029
3634,-9999.0,-9999.0,-9999.0,-9999.0,-9999.0,-9999.0,-9999.0,-9999.0,-9999.0,color,orientation,size,0.3400000000000001,-2.5,804,male,1,1056.0246858330029
3635,-9999.0,-9999.0,-9999.0,-9999.0,-9999.0,-9999.0,-9999.0,-9999.0,-9999.0,color,orientation,size,0.3400000000000001,-2.5,804,male,1,1056.0246858330029
3636,-9999.0,-9999.0,-9999.0,-9999.0,-9999.0,-9999.0,-9999.0,-9999.0,-9999.0,color,orientation,size,0.3400000000000001,-2.5,804,male,1,1056.0246858330029
3637,-9999.0,-9999.0,-9999.0,-9999.0,-9999.0,-9999.0,-9999.0,-9999.0,-9999.0,color,orientation,size,0.3400000000000001,-2.5,804,male,1,1056.0246858330029
3638,-9999.0,-9999.0,-9999.0,-9999.0,-9999.0,-9999.0,-9999.0,-9999.0,-9999.0,color,orientation,size,0.3400000000000001,-2.5,804,male,1,1056.0246858330029
3639,-9999.0,-9999.0,-9999.0,-9999.0,-9999.0,-9999.0,-9999.0,-9999.0,-9999.0,color,orientation,size,0.3400000000000001,-2.5,804,male,1,1056.0246858330029
3640,-9999.0,-9999.0,-9999.0,-9999.0,-9999.0,-9999.0,-9999.0,-9999.0,-9999.0,color,orientation,size,0.3400000000000001,-2.5,804,male,1,1056.0246858330029
3641,-9999.0,-9999.0,-9999.0,-9999.0,-9999.0,-9999.0,-9999.0,-9999.0,-9999.0,color,orientation,size,0.3400000000000001,-2.5,804,male,1,1056.0246858330029
3642,-9999.0,-9999.0,-9999.0,-9999.0,-9999.0,-9999.0,-9999.0,-9999.0,-9999.0,color,orientation,size,0.3400000000000001,-2.5,804,male,1,1056.0246858330029
3643,-9999.0,-9999.0,-9999.0,-9999.0,-9999.0,-9999.0,-9999.0,-9999.0,-9999.0,color,orientation,size,0.3400000000000001,-2.5,804,male,1,1056.0246858330029
3644,-9999.0,-9999.0,-9999.0,-9999.0,-9999.0,-9999.0,-9999.0,-9999.0,-9999.0,color,orientation,size,0.3400000000000001,-2.5,804,male,1,1056.0246858330029
3645,-9999.0,-9999.0,-9999.0,-9999.0,-9999.0,-9999.0,-9999.0,-9999.0,-9999.0,color,orientation,size,0.3400000000000001,-2.5,804,male,1,1056.0246858330029
3646,-9999.0,-9999.0,-9999.0,-9999.0,-9999.0,-9999.0,-9999.0,-9999.0,-9999.0,color,orientation,size,0.3400000000000001,-2.5,804,male,1,1056.0246858330029
3647,-9999.0,-9999.0,-9999.0,-9999.0,-9999.0,-9999.0,-9999.0,-9999.0,-9999.0,color,orientation,size,0.3400000000000001,-2.5,804,male,1,1056.0246858330029
3648,-9999.0,-9999.0,-9999.0,-9999.0,-9999.0,-9999.0,-9999.0,-9999.0,-9999.0,color,orientation,size,0.3400000000000001,-2.5,804,male,1,1056.0246858330029
3649,-9999.0,-9999.0,-9999.0,-9999.0,-9999.0,-9999.0,-9999.0,-9999.0,-9999.0,color,orientation,size,0.3400000000000001,-2.5,804,male,1,1056.0246858330029
3650,-9999.0,-9999.0,-9999.0,-9999.0,-9999.0,-9999.0,-9999.0,-9999.0,-9999.0,color,orientation,size,0.3400000000000001,-2.5,804,male,1,1056.0246858330029
3651,-9999.0,-9999.0,-9999.0,-9999.0,-9999.0,-9999.0,-9999.0,-9999.0,-9999.0,color,orientation,size,0.3400000000000001,-2.5,804,male,1,1056.0246858330029
3652,-9999.0,-9999.0,-9999.0,-9999.0,-9999.0,-9999.0,-9999.0,-9999.0,-9999.0,color,orientation,size,0.3400000000000001,-2.5,804,male,1,1056.0246858330029
3653,-9999.0,-9999.0,-9999.0,-9999.0,-9999.0,-9999.0,-9999.0,-9999.0,-9999.0,color,orientation,size,0.3400000000000001,-2.5,804,male,1,1056.0246858330029
3654,-9999.0,-9999.0,-9999.0,-9999.0,-9999.0,-9999.0,-9999.0,-9999.0,-9999.0,color,orientation,size,0.3400000000000001,-2.5,804,male,1,1056.0246858330029
3655,-9999.0,-9999.0,-9999.0,-9999.0,-9999.0,-9999.0,-9999.0,-9999.0,-9999.0,color,orientation,size,0.3400000000000001,-2.5,804,male,1,1056.0246858330029
3656,-9999.0,-9999.0,-9999.0,-9999.0,-9999.0,-9999.0,-9999.0,-9999.0,-9999.0,color,orientation,size,0.3400000000000001,-2.5,804,male,1,1056.0246858330029
3657,-9999.0,-9999.0,-9999.0,-9999.0,-9999.0,-9999.0,-9999.0,-9999.0,-9999.0,color,orientation,size,0.3400000000000001,-2.5,804,male,1,1056.0246858330029
3658,-9999.0,-9999.0,-9999.0,-9999.0,-9999.0,-9999.0,-9999.0,-9999.0,-9999.0,color,orientation,size,0.3400000000000001,-2.5,804,male,1,1056.0246858330029
3659,-9999.0,-9999.0,-9999.0,-9999.0,-9999.0,-9999.0,-9999.0,-9999.0,-9999.0,color,orientation,size,0.3400000000000001,-2.5,804,male,1,1056.0246858330029
3660,-9999.0,-9999.0,-9999.0,-9999.0,-9999.0,-9999.0,-9999.0,-9999.0,-9999.0,color,orientation,size,0.3400000000000001,-2.5,804,male,1,1056.0246858330029
3661,-9999.0,-9999.0,-9999.0,-9999.0,-9999.0,-9999.0,-9999.0,-9999.0,-9999.0,color,orientation,size,0.3400000000000001,-2.5,804,male,1,1056.0246858330029
3662,-9999.0,-9999.0,-9999.0,-9999.0,-9999.0,-9999.0,-9999.0,-9999.0,-9999.0,color,orientation,size,0.3400000000000001,-2.5,804,male,1,1056.0246858330029
3663,-9999.0,-9999.0,-9999.0,-9999.0,-9999.0,-9999.0,-9999.0,-9999.0,-9999.0,color,orientation,size,0.3400000000000001,-2.5,804,male,1,1056.0246858330029
3664,-9999.0,-9999.0,-9999.0,-9999.0,-9999.0,-9999.0,-9999.0,-9999.0,-9999.0,color,orientation,size,0.3400000000000001,-2.5,804,male,1,1056.0246858330029
3665,-9999.0,-9999.0,-9999.0,-9999.0,-9999.0,-9999.0,-9999.0,-9999.0,-9999.0,color,orientation,size,0.3400000000000001,-2.5,804,male,1,1056.0246858330029
3666,-9999.0,-9999.0,-9999.0,-9999.0,-9999.0,-9999.0,-9999.0,-9999.0,-9999.0,color,orientation,size,0.3400000000000001,-2.5,804,male,1,1056.0246858330029
3667,-9999.0,-9999.0,-9999.0,-9999.0,-9999.0,-9999.0,-9999.0,-9999.0,-9999.0,color,orientation,size,0.3400000000000001,-2.5,804,male,1,1056.0246858330029
3668,-9999.0,-9999.0,-9999.0,-9999.0,-9999.0,-9999.0,-9999.0,-9999.0,-9999.0,color,orientation,size,0.3400000000000001,-2.5,804,male,1,1056.0246858330029
3669,-9999.0,-9999.0,-9999.0,-9999.0,-9999.0,-9999.0,-9999.0,-9999.0,-9999.0,color,orientation,size,0.3400000000000001,-2.5,804,male,1,1056.0246858330029
3670,-9999.0,-9999.0,-9999.0,-9999.0,-9999.0,-9999.0,-9999.0,-9999.0,-9999.0,color,orientation,size,0.3400000000000001,-2.5,804,male,1,1056.0246858330029
3671,-9999.0,-9999.0,-9999.0,-9999.0,-9999.0,-9999.0,-9999.0,-9999.0,-9999.0,color,orientation,size,0.3400000000000001,-2.5,804,male,1,1056.0246858330029
3672,-9999.0,-9999.0,-9999.0,-9999.0,-9999.0,-9999.0,-9999.0,-9999.0,-9999.0,color,orientation,size,0.3400000000000001,-2.5,804,male,1,1056.0246858330029
3673,-9999.0,-9999.0,-9999.0,-9999.0,-9999.0,-9999.0,-9999.0,-9999.0,-9999.0,color,orientation,size,0.3400000000000001,-2.5,804,male,1,1056.0246858330029
3674,-9999.0,-9999.0,-9999.0,-9999.0,-9999.0,-9999.0,-9999.0,-9999.0,-9999.0,color,orientation,size,0.3400000000000001,-2.5,804,male,1,1056.0246858330029
3675,-9999.0,-9999.0,-9999.0,-9999.0,-9999.0,-9999.0,-9999.0,-9999.0,-9999.0,color,orientation,size,0.3400000000000001,-2.5,804,male,1,1056.0246858330029
3676,-9999.0,-9999.0,-9999.0,-9999.0,-9999.0,-9999.0,-9999.0,-9999.0,-9999.0,color,orientation,size,0.3400000000000001,-2.5,804,male,1,1056.0246858330029
3677,-9999.0,-9999.0,-9999.0,-9999.0,-9999.0,-9999.0,-9999.0,-9999.0,-9999.0,color,orientation,size,0.3400000000000001,-2.5,804,male,1,1056.0246858330029
3678,-9999.0,-9999.0,-9999.0,-9999.0,-9999.0,-9999.0,-9999.0,-9999.0,-9999.0,color,orientation,size,0.3400000000000001,-2.5,804,male,1,1056.0246858330029
3679,-9999.0,-9999.0,-9999.0,-9999.0,-9999.0,-9999.0,-9999.0,-9999.0,-9999.0,color,orientation,size,0.3400000000000001,-2.5,804,male,1,1056.0246858330029
3680,-9999.0,-9999.0,-9999.0,-9999.0,-9999.0,-9999.0,-9999.0,-9999.0,-9999.0,color,orientation,size,0.3400000000000001,-2.5,804,male,1,1056.0246858330029
3681,-9999.0,-9999.0,-9999.0,-9999.0,-9999.0,-9999.0,-9999.0,-9999.0,-9999.0,color,orientation,size,0.3400000000000001,-2.5,804,male,1,1056.0246858330029
3682,-9999.0,-9999.0,-9999.0,-9999.0,-9999.0,-9999.0,-9999.0,-9999.0,-9999.0,color,orientation,size,0.3400000000000001,-2.5,804,male,1,1056.0246858330029
3683,-9999.0,-9999.0,-9999.0,-9999.0,-9999.0,-9999.0,-9999.0,-9999.0,-9999.0,color,orientation,size,0.3400000000000001,-2.5,804,male,1,1056.0246858330029
3684,-9999.0,-9999.0,-9999.0,-9999.0,-9999.0,-9999.0,-9999.0,-9999.0,-9999.0,color,orientation,size,0.3400000000000001,-2.5,804,male,1,1056.0246858330029
3685,-9999.0,-9999.0,-9999.0,-9999.0,-9999.0,-9999.0,-9999.0,-9999.0,-9999.0,color,orientation,size,0.3400000000000001,-2.5,804,male,1,1056.0246858330029
3686,-9999.0,-9999.0,-9999.0,-9999.0,-9999.0,-9999.0,-9999.0,-9999.0,-9999.0,color,orientation,size,0.3400000000000001,-2.5,804,male,1,1056.0246858330029
3687,-9999.0,-9999.0,-9999.0,-9999.0,-9999.0,-9999.0,-9999.0,-9999.0,-9999.0,color,orientation,size,0.3400000000000001,-2.5,804,male,1,1056.0246858330029
3688,-9999.0,-9999.0,-9999.0,-9999.0,-9999.0,-9999.0,-9999.0,-9999.0,-9999.0,color,orientation,size,0.3400000000000001,-2.5,804,male,1,1056.0246858330029
3689,-9999.0,-9999.0,-9999.0,-9999.0,-9999.0,-9999.0,-9999.0,-9999.0,-9999.0,color,orientation,size,0.3400000000000001,-2.5,804,male,1,1056.0246858330029
3690,-9999.0,-9999.0,-9999.0,-9999.0,-9999.0,-9999.0,-9999.0,-9999.0,-9999.0,color,orientation,size,0.3400000000000001,-2.5,804,male,1,1056.0246858330029
3691,-9999.0,-9999.0,-9999.0,-9999.0,-9999.0,-9999.0,-9999.0,-9999.0,-9999.0,color,orientation,size,0.3400000000000001,-2.5,804,male,1,1056.0246858330029
3692,-9999.0,-9999.0,-9999.0,-9999.0,-9999.0,-9999.0,-9999.0,-9999.0,-9999.0,color,orientation,size,0.3400000000000001,-2.5,804,male,1,1056.0246858330029
3693,-9999.0,-9999.0,-9999.0,-9999.0,-9999.0,-9999.0,-9999.0,-9999.0,-9999.0,color,orientation,size,0.3400000000000001,-2.5,804,male,1,1056.0246858330029
3694,-9999.0,-9999.0,-9999.0,-9999.0,-9999.0,-9999.0,-9999.0,-9999.0,-9999.0,color,orientation,size,0.3400000000000001,-2.5,804,male,1,1056.0246858330029
3695,-9999.0,-9999.0,-9999.0,-9999.0,-9999.0,-9999.0,-9999.0,-9999.0,-9999.0,color,orientation,size,0.3400000000000001,-2.5,804,male,1,1056.0246858330029
3696,-9999.0,-9999.0,-9999.0,-9999.0,-9999.0,-9999.0,-9999.0,-9999.0,-9999.0,color,orientation,size,0.3400000000000001,-2.5,804,male,1,1056.0246858330029
3697,-9999.0,-9999.0,-9999.0,-9999.0,-9999.0,-9999.0,-9999.0,-9999.0,-9999.0,color,orientation,size,0.3400000000000001,-2.5,804,male,1,1056.0246858330029
3698,-9999.0,-9999.0,-9999.0,-9999.0,-9999.0,-9999.0,-9999.0,-9999.0,-9999.0,color,orientation,size,0.3400000000000001,-2.5,804,male,1,1056.0246858330029
3699,-9999.0,-9999.0,-9999.0,-9999.0,-9999.0,-9999.0,-9999.0,-9999.0,-9999.0,color,orientation,size,0.3400000000000001,-2.5,804,male,1,1056.0246858330029
3700,-9999.0,-9999.0,-9999.0,-9999.0,-9999.0,-9999.0,-9999.0,-9999.0,-9999.0,color,orientation,size,0.3400000000000001,-2.5,804,male,1,1056.0246858330029
3701,-9999.0,-9999.0,-9999.0,-9999.0,-9999.0,-9999.0,-9999.0,-9999.0,-9999.0,color,orientation,size,0.3400000000000001,-2.5,804,male,1,1056.0246858330029
3702,-9999.0,-9999.0,-9999.0,-9999.0,-9999.0,-9999.0,-9999.0,-9999.0,-9999.0,color,orientation,size,0.3400000000000001,-2.5,804,male,1,1056.0246858330029
3703,-9999.0,-9999.0,-9999.0,-9999.0,-9999.0,-9999.0,-9999.0,-9999.0,-9999.0,color,orientation,size,0.3400000000000001,-2.5,804,male,1,1056.0246858330029
3704,-9999.0,-9999.0,-9999.0,-9999.0,-9999.0,-9999.0,-9999.0,-9999.0,-9999.0,color,orientation,size,0.3400000000000001,-2.5,804,male,1,1056.0246858330029
3705,-9999.0,-9999.0,-9999.0,-9999.0,-9999.0,-9999.0,-9999.0,-9999.0,-9999.0,color,orientation,size,0.3400000000000001,-2.5,804,male,1,1056.0246858330029
3706,-9999.0,-9999.0,-9999.0,-9999.0,-9999.0,-9999.0,-9999.0,-9999.0,-9999.0,color,orientation,size,0.3400000000000001,-2.5,804,male,1,1056.0246858330029
3707,-9999.0,-9999.0,-9999.0,-9999.0,-9999.0,-9999.0,-9999.0,-9999.0,-9999.0,color,orientation,size,0.3400000000000001,-2.5,804,male,1,1056.0246858330029
3708,-9999.0,-9999.0,-9999.0,-9999.0,-9999.0,-9999.0,-9999.0,-9999.0,-9999.0,color,orientation,size,0.3400000000000001,-2.5,804,male,1,1056.0246858330029
3709,-9999.0,-9999.0,-9999.0,-9999.0,-9999.0,-9999.0,-9999.0,-9999.0,-9999.0,color,orientation,size,0.3400000000000001,-2.5,804,male,1,1056.0246858330029
3710,-9999.0,-9999.0,-9999.0,-9999.0,-9999.0,-9999.0,-9999.0,-9999.0,-9999.0,color,orientation,size,0.3400000000000001,-2.5,804,male,1,1056.0246858330029
3711,-9999.0,-9999.0,-9999.0,-9999.0,-9999.0,-9999.0,-9999.0,-9999.0,-9999.0,color,orientation,size,0.3400000000000001,-2.5,804,male,1,1056.0246858330029
3712,-9999.0,-9999.0,-9999.0,-9999.0,-9999.0,-9999.0,-9999.0,-9999.0,-9999.0,color,orientation,size,0.3400000000000001,-2.5,804,male,1,1056.0246858330029
3713,-9999.0,-9999.0,-9999.0,-9999.0,-9999.0,-9999.0,-9999.0,-9999.0,-9999.0,color,orientation,size,0.3400000000000001,-2.5,804,male,1,1056.0246858330029
3714,-9999.0,-9999.0,-9999.0,-9999.0,-9999.0,-9999.0,-9999.0,-9999.0,-9999.0,color,orientation,size,0.3400000000000001,-2.5,804,male,1,1056.0246858330029
3715,-9999.0,-9999.0,-9999.0,-9999.0,-9999.0,-9999.0,-9999.0,-9999.0,-9999.0,color,orientation,size,0.3400000000000001,-2.5,804,male,1,1056.0246858330029
3716,-9999.0,-9999.0,-9999.0,-9999.0,-9999.0,-9999.0,-9999.0,-9999.0,-9999.0,color,orientation,size,0.3400000000000001,-2.5,804,male,1,1056.0246858330029
3717,-9999.0,-9999.0,-9999.0,-9999.0,-9999.0,-9999.0,-9999.0,-9999.0,-9999.0,color,orientation,size,0.3400000000000001,-2.5,804,male,1,1056.0246858330029
3718,-9999.0,-9999.0,-9999.0,-9999.0,-9999.0,-9999.0,-9999.0,-9999.0,-9999.0,color,orientation,size,0.3400000000000001,-2.5,804,male,1,1056.0246858330029
3719,-9999.0,-9999.0,-9999.0,-9999.0,-9999.0,-9999.0,-9999.0,-9999.0,-9999.0,color,orientation,size,0.3400000000000001,-2.5,804,male,1,1056.0246858330029
3720,-9999.0,-9999.0,-9999.0,-9999.0,-9999.0,-9999.0,-9999.0,-9999.0,-9999.0,color,orientation,size,0.3400000000000001,-2.5,804,male,1,1056.0246858330029
3721,-9999.0,-9999.0,-9999.0,-9999.0,-9999.0,-9999.0,-9999.0,-9999.0,-9999.0,color,orientation,size,0.3400000000000001,-2.5,804,male,1,1056.0246858330029
3722,-9999.0,-9999.0,-9999.0,-9999.0,-9999.0,-9999.0,-9999.0,-9999.0,-9999.0,color,orientation,size,0.3400000000000001,-2.5,804,male,1,1056.0246858330029
3723,-9999.0,-9999.0,-9999.0,-9999.0,-9999.0,-9999.0,-9999.0,-9999.0,-9999.0,color,orientation,size,0.3400000000000001,-2.5,804,male,1,1056.0246858330029
3724,-9999.0,-9999.0,-9999.0,-9999.0,-9999.0,-9999.0,-9999.0,-9999.0,-9999.0,color,orientation,size,0.3400000000000001,-2.5,804,male,1,1056.0246858330029
3725,-9999.0,-9999.0,-9999.0,-9999.0,-9999.0,-9999.0,-9999.0,-9999.0,-9999.0,color,orientation,size,0.3400000000000001,-2.5,804,male,1,1056.0246858330029
3726,-9999.0,-9999.0,-9999.0,-9999.0,-9999.0,-9999.0,-9999.0,-9999.0,-9999.0,color,orientation,size,0.3400000000000001,-2.5,804,male,1,1056.0246858330029
3727,-9999.0,-9999.0,-9999.0,-9999.0,-9999.0,-9999.0,-9999.0,-9999.0,-9999.0,color,orientation,size,0.3400000000000001,-2.5,804,male,1,1056.0246858330029
3728,-9999.0,-9999.0,-9999.0,-9999.0,-9999.0,-9999.0,-9999.0,-9999.0,-9999.0,color,orientation,size,0.3400000000000001,-2.5,804,male,1,1056.0246858330029
3729,-9999.0,-9999.0,-9999.0,-9999.0,-9999.0,-9999.0,-9999.0,-9999.0,-9999.0,color,orientation,size,0.3400000000000001,-2.5,804,male,1,1056.0246858330029
3730,-9999.0,-9999.0,-9999.0,-9999.0,-9999.0,-9999.0,-9999.0,-9999.0,-9999.0,color,orientation,size,0.3400000000000001,-2.5,804,male,1,1056.0246858330029
3731,-9999.0,-9999.0,-9999.0,-9999.0,-9999.0,-9999.0,-9999.0,-9999.0,-9999.0,color,orientation,size,0.3400000000000001,-2.5,804,male,1,1056.0246858330029
3732,-9999.0,-9999.0,-9999.0,-9999.0,-9999.0,-9999.0,-9999.0,-9999.0,-9999.0,color,orientation,size,0.3400000000000001,-2.5,804,male,1,1056.0246858330029
3733,-9999.0,-9999.0,-9999.0,-9999.0,-9999.0,-9999.0,-9999.0,-9999.0,-9999.0,color,orientation,size,0.3400000000000001,-2.5,804,male,1,1056.0246858330029
3734,-9999.0,-9999.0,-9999.0,-9999.0,-9999.0,-9999.0,-9999.0,-9999.0,-9999.0,color,orientation,size,0.3400000000000001,-2.5,804,male,1,1056.0246858330029
3735,-9999.0,-9999.0,-9999.0,-9999.0,-9999.0,-9999.0,-9999.0,-9999.0,-9999.0,color,orientation,size,0.3400000000000001,-2.5,804,male,1,1056.0246858330029
3736,-9999.0,-9999.0,-9999.0,-9999.0,-9999.0,-9999.0,-9999.0,-9999.0,-9999.0,color,orientation,size,0.3400000000000001,-2.5,804,male,1,1056.0246858330029
3737,-9999.0,-9999.0,-9999.0,-9999.0,-9999.0,-9999.0,-9999.0,-9999.0,-9999.0,color,orientation,size,0.3400000000000001,-2.5,804,male,1,1056.0246858330029
3738,-9999.0,-9999.0,-9999.0,-9999.0,-9999.0,-9999.0,-9999.0,-9999.0,-9999.0,color,orientation,size,0.3400000000000001,-2.5,804,male,1,1056.0246858330029
3739,-9999.0,-9999.0,-9999.0,-9999.0,-9999.0,-9999.0,-9999.0,-9999.0,-9999.0,color,orientation,size,0.3400000000000001,-2.5,804,male,1,1056.0246858330029
3740,-9999.0,-9999.0,-9999.0,-9999.0,-9999.0,-9999.0,-9999.0,-9999.0,-9999.0,color,orientation,size,0.3400000000000001,-2.5,804,male,1,1056.0246858330029
3741,-9999.0,-9999.0,-9999.0,-9999.0,-9999.0,-9999.0,-9999.0,-9999.0,-9999.0,color,orientation,size,0.3400000000000001,-2.5,804,male,1,1056.0246858330029
3742,-9999.0,-9999.0,-9999.0,-9999.0,-9999.0,-9999.0,-9999.0,-9999.0,-9999.0,color,orientation,size,0.3400000000000001,-2.5,804,male,1,1056.0246858330029
3743,-9999.0,-9999.0,-9999.0,-9999.0,-9999.0,-9999.0,-9999.0,-9999.0,-9999.0,color,orientation,size,0.3400000000000001,-2.5,804,male,1,1056.0246858330029
3744,-9999.0,-9999.0,-9999.0,-9999.0,-9999.0,-9999.0,-9999.0,-9999.0,-9999.0,color,orientation,size,0.3400000000000001,-2.5,804,male,1,1056.0246858330029
3745,-9999.0,-9999.0,-9999.0,-9999.0,-9999.0,-9999.0,-9999.0,-9999.0,-9999.0,color,orientation,size,0.3400000000000001,-2.5,804,male,1,1056.0246858330029
3746,-9999.0,-9999.0,-9999.0,-9999.0,-9999.0,-9999.0,-9999.0,-9999.0,-9999.0,color,orientation,size,0.3400000000000001,-2.5,804,male,1,1056.0246858330029
3747,-9999.0,-9999.0,-9999.0,-9999.0,-9999.0,-9999.0,-9999.0,-9999.0,-9999.0,color,orientation,size,0.3400000000000001,-2.5,804,male,1,1056.0246858330029
3748,-9999.0,-9999.0,-9999.0,-9999.0,-9999.0,-9999.0,-9999.0,-9999.0,-9999.0,color,orientation,size,0.3400000000000001,-2.5,804,male,1,1056.0246858330029
3749,-9999.0,-9999.0,-9999.0,-9999.0,-9999.0,-9999.0,-9999.0,-9999.0,-9999.0,color,orientation,size,0.3400000000000001,-2.5,804,male,1,1056.0246858330029
3750,-9999.0,-9999.0,-9999.0,-9999.0,-9999.0,-9999.0,-9999.0,-9999.0,-9999.0,color,orientation,size,0.3400000000000001,-2.5,804,male,1,1056.0246858330029
3751,-9999.0,-9999.0,-9999.0,-9999.0,-9999.0,-9999.0,-9999.0,-9999.0,-9999.0,color,orientation,size,0.3400000000000001,-2.5,804,male,1,1056.0246858330029
3752,-9999.0,-9999.0,-9999.0,-9999.0,-9999.0,-9999.0,-9999.0,-9999.0,-9999.0,color,orientation,size,0.3400000000000001,-2.5,804,male,1,1056.0246858330029
3753,-9999.0,-9999.0,-9999.0,-9999.0,-9999.0,-9999.0,-9999.0,-9999.0,-9999.0,color,orientation,size,0.3400000000000001,-2.5,804,male,1,1056.0246858330029
3754,-9999.0,-9999.0,-9999.0,-9999.0,-9999.0,-9999.0,-9999.0,-9999.0,-9999.0,color,orientation,size,0.3400000000000001,-2.5,804,male,1,1056.0246858330029
3755,-9999.0,-9999.0,-9999.0,-9999.0,-9999.0,-9999.0,-9999.0,-9999.0,-9999.0,color,orientation,size,0.3400000000000001,-2.5,804,male,1,1056.0246858330029
3756,-9999.0,-9999.0,-9999.0,-9999.0,-9999.0,-9999.0,-9999.0,-9999.0,-9999.0,color,orientation,size,0.3400000000000001,-2.5,804,male,1,1056.0246858330029
3757,-9999.0,-9999.0,-9999.0,-9999.0,-9999.0,-9999.0,-9999.0,-9999.0,-9999.0,color,orientation,size,0.3400000000000001,-2.5,804,male,1,1056.0246858330029
3758,-9999.0,-9999.0,-9999.0,-9999.0,-9999.0,-9999.0,-9999.0,-9999.0,-9999.0,color,orientation,size,0.3400000000000001,-2.5,804,male,1,1056.0246858330029
3759,-9999.0,-9999.0,-9999.0,-9999.0,-9999.0,-9999.0,-9999.0,-9999.0,-9999.0,color,orientation,size,0.3400000000000001,-2.5,804,male,1,1056.0246858330029
3760,-9999.0,-9999.0,-9999.0,-9999.0,-9999.0,-9999.0,-9999.0,-9999.0,-9999.0,color,orientation,size,0.3400000000000001,-2.5,804,male,1,1056.0246858330029
3761,-9999.0,-9999.0,-9999.0,-9999.0,-9999.0,-9999.0,-9999.0,-9999.0,-9999.0,color,orientation,size,0.3400000000000001,-2.5,804,male,1,1056.0246858330029
3762,-9999.0,-9999.0,-9999.0,-9999.0,-9999.0,-9999.0,-9999.0,-9999.0,-9999.0,color,orientation,size,0.3400000000000001,-2.5,804,male,1,1056.0246858330029
3763,-9999.0,-9999.0,-9999.0,-9999.0,-9999.0,-9999.0,-9999.0,-9999.0,-9999.0,color,orientation,size,0.3400000000000001,-2.5,804,male,1,1056.0246858330029
3764,-9999.0,-9999.0,-9999.0,-9999.0,-9999.0,-9999.0,-9999.0,-9999.0,-9999.0,color,orientation,size,0.3400000000000001,-2.5,804,male,1,1056.0246858330029
3765,-9999.0,-9999.0,-9999.0,-9999.0,-9999.0,-9999.0,-9999.0,-9999.0,-9999.0,color,orientation,size,0.3400000000000001,-2.5,804,male,1,1056.0246858330029
3766,-9999.0,-9999.0,-9999.0,-9999.0,-9999.0,-9999.0,-9999.0,-9999.0,-9999.0,color,orientation,size,0.3400000000000001,-2.5,804,male,1,1056.0246858330029
3767,-9999.0,-9999.0,-9999.0,-9999.0,-9999.0,-9999.0,-9999.0,-9999.0,-9999.0,color,orientation,size,0.3400000000000001,-2.5,804,male,1,1056.0246858330029
3768,-9999.0,-9999.0,-9999.0,-9999.0,-9999.0,-9999.0,-9999.0,-9999.0,-9999.0,color,orientation,size,0.3400000000000001,-2.5,804,male,1,1056.0246858330029
3769,-9999.0,-9999.0,-9999.0,-9999.0,-9999.0,-9999.0,-9999.0,-9999.0,-9999.0,color,orientation,size,0.3400000000000001,-2.5,804,male,1,1056.0246858330029
3770,-9999.0,-9999.0,-9999.0,-9999.0,-9999.0,-9999.0,-9999.0,-9999.0,-9999.0,color,orientation,size,0.3400000000000001,-2.5,804,male,1,1056.0246858330029
3771,-9999.0,-9999.0,-9999.0,-9999.0,-9999.0,-9999.0,-9999.0,-9999.0,-9999.0,color,orientation,size,0.3400000000000001,-2.5,804,male,1,1056.0246858330029
3772,-9999.0,-9999.0,-9999.0,-9999.0,-9999.0,-9999.0,-9999.0,-9999.0,-9999.0,color,orientation,size,0.3400000000000001,-2.5,804,male,1,1056.0246858330029
3773,-9999.0,-9999.0,-9999.0,-9999.0,-9999.0,-9999.0,-9999.0,-9999.0,-9999.0,color,orientation,size,0.3400000000000001,-2.5,804,male,1,1056.0246858330029
3774,-9999.0,-9999.0,-9999.0,-9999.0,-9999.0,-9999.0,-9999.0,-9999.0,-9999.0,color,orientation,size,0.3400000000000001,-2.5,804,male,1,1056.0246858330029
3775,-9999.0,-9999.0,-9999.0,-9999.0,-9999.0,-9999.0,-9999.0,-9999.0,-9999.0,color,orientation,size,0.3400000000000001,-2.5,804,male,1,1056.0246858330029
3776,-9999.0,-9999.0,-9999.0,-9999.0,-9999.0,-9999.0,-9999.0,-9999.0,-9999.0,color,orientation,size,0.3400000000000001,-2.5,804,male,1,1056.0246858330029
3777,-9999.0,-9999.0,-9999.0,-9999.0,-9999.0,-9999.0,-9999.0,-9999.0,-9999.0,color,orientation,size,0.3400000000000001,-2.5,804,male,1,1056.0246858330029
3778,-9999.0,-9999.0,-9999.0,-9999.0,-9999.0,-9999.0,-9999.0,-9999.0,-9999.0,color,orientation,size,0.3400000000000001,-2.5,804,male,1,1056.0246858330029
3779,-9999.0,-9999.0,-9999.0,-9999.0,-9999.0,-9999.0,-9999.0,-9999.0,-9999.0,color,orientation,size,0.3400000000000001,-2.5,804,male,1,1056.0246858330029
3780,-9999.0,-9999.0,-9999.0,-9999.0,-9999.0,-9999.0,-9999.0,-9999.0,-9999.0,color,orientation,size,0.3400000000000001,-2.5,804,male,1,1056.0246858330029
3781,-9999.0,-9999.0,-9999.0,-9999.0,-9999.0,-9999.0,-9999.0,-9999.0,-9999.0,color,orientation,size,0.3400000000000001,-2.5,804,male,1,1056.0246858330029
3782,-9999.0,-9999.0,-9999.0,-9999.0,-9999.0,-9999.0,-9999.0,-9999.0,-9999.0,color,orientation,size,0.3400000000000001,-2.5,804,male,1,1056.0246858330029
3783,-9999.0,-9999.0,-9999.0,-9999.0,-9999.0,-9999.0,-9999.0,-9999.0,-9999.0,color,orientation,size,0.3400000000000001,-2.5,804,male,1,1056.0246858330029
3784,-9999.0,-9999.0,-9999.0,-9999.0,-9999.0,-9999.0,-9999.0,-9999.0,-9999.0,color,orientation,size,0.3400000000000001,-2.5,804,male,1,1056.0246858330029
3785,-9999.0,-9999.0,-9999.0,-9999.0,-9999.0,-9999.0,-9999.0,-9999.0,-9999.0,color,orientation,size,0.3400000000000001,-2.5,804,male,1,1056.0246858330029
3786,-9999.0,-9999.0,-9999.0,-9999.0,-9999.0,-9999.0,-9999.0,-9999.0,-9999.0,color,orientation,size,0.3400000000000001,-2.5,804,male,1,1056.0246858330029
3787,-9999.0,-9999.0,-9999.0,-9999.0,-9999.0,-9999.0,-9999.0,-9999.0,-9999.0,color,orientation,size,0.3400000000000001,-2.5,804,male,1,1056.0246858330029
3788,-9999.0,-9999.0,-9999.0,-9999.0,-9999.0,-9999.0,-9999.0,-9999.0,-9999.0,color,orientation,size,0.3400000000000001,-2.5,804,male,1,1056.0246858330029
3789,-9999.0,-9999.0,-9999.0,-9999.0,-9999.0,-9999.0,-9999.0,-9999.0,-9999.0,color,orientation,size,0.3400000000000001,-2.5,804,male,1,1056.0246858330029
3790,-9999.0,-9999.0,-9999.0,-9999.0,-9999.0,-9999.0,-9999.0,-9999.0,-9999.0,color,orientation,size,0.3400000000000001,-2.5,804,male,1,1056.0246858330029
3791,-9999.0,-9999.0,-9999.0,-9999.0,-9999.0,-9999.0,-9999.0,-9999.0,-9999.0,color,orientation,size,0.3400000000000001,-2.5,804,male,1,1056.0246858330029
3792,-9999.0,-9999.0,-9999.0,-9999.0,-9999.0,-9999.0,-9999.0,-9999.0,-9999.0,color,orientation,size,0.3400000000000001,-2.5,804,male,1,1056.0246858330029
3793,-9999.0,-9999.0,-9999.0,-9999.0,-9999.0,-9999.0,-9999.0,-9999.0,-9999.0,color,orientation,size,0.3400000000000001,-2.5,804,male,1,1056.0246858330029
3794,-9999.0,-9999.0,-9999.0,-9999.0,-9999.0,-9999.0,-9999.0,-9999.0,-9999.0,color,orientation,size,0.3400000000000001,-2.5,804,male,1,1056.0246858330029
3795,-9999.0,-9999.0,-9999.0,-9999.0,-9999.0,-9999.0,-9999.0,-9999.0,-9999.0,color,orientation,size,0.3400000000000001,-2.5,804,male,1,1056.0246858330029
3796,-9999.0,-9999.0,-9999.0,-9999.0,-9999.0,-9999.0,-9999.0,-9999.0,-9999.0,color,orientation,size,0.3400000000000001,-2.5,804,male,1,1056.0246858330029
3797,-9999.0,-9999.0,-9999.0,-9999.0,-9999.0,-9999.0,-9999.0,-9999.0,-9999.0,color,orientation,size,0.3400000000000001,-2.5,804,male,1,1056.0246858330029
3798,-9999.0,-9999.0,-9999.0,-9999.0,-9999.0,-9999.0,-9999.0,-9999.0,-9999.0,color,orientation,size,0.3400000000000001,-2.5,804,male,1,1056.0246858330029
3799,-9999.0,-9999.0,-9999.0,-9999.0,-9999.0,-9999.0,-9999.0,-9999.0,-9999.0,color,orientation,size,0.3400000000000001,-2.5,804,male,1,1056.0246858330029
3800,-9999.0,-9999.0,-9999.0,-9999.0,-9999.0,-9999.0,-9999.0,-9999.0,-9999.0,color,orientation,size,0.3400000000000001,-2.5,804,male,1,1056.0246858330029
3801,-9999.0,-9999.0,-9999.0,-9999.0,-9999.0,-9999.0,-9999.0,-9999.0,-9999.0,color,orientation,size,0.3400000000000001,-2.5,804,male,1,1056.0246858330029
3802,-9999.0,-9999.0,-9999.0,-9999.0,-9999.0,-9999.0,-9999.0,-9999.0,-9999.0,color,orientation,size,0.3400000000000001,-2.5,804,male,1,1056.0246858330029
3803,-9999.0,-9999.0,-9999.0,-9999.0,-9999.0,-9999.0,-9999.0,-9999.0,-9999.0,color,orientation,size,0.3400000000000001,-2.5,804,male,1,1056.0246858330029
3804,-9999.0,-9999.0,-9999.0,-9999.0,-9999.0,-9999.0,-9999.0,-9999.0,-9999.0,color,orientation,size,0.3400000000000001,-2.5,804,male,1,1056.0246858330029
3805,-9999.0,-9999.0,-9999.0,-9999.0,-9999.0,-9999.0,-9999.0,-9999.0,-9999.0,color,orientation,size,0.3400000000000001,-2.5,804,male,1,1056.0246858330029
3806,-9999.0,-9999.0,-9999.0,-9999.0,-9999.0,-9999.0,-9999.0,-9999.0,-9999.0,color,orientation,size,0.3400000000000001,-2.5,804,male,1,1056.0246858330029
3807,-9999.0,-9999.0,-9999.0,-9999.0,-9999.0,-9999.0,-9999.0,-9999.0,-9999.0,color,orientation,size,0.3400000000000001,-2.5,804,male,1,1056.0246858330029
3808,-9999.0,-9999.0,-9999.0,-9999.0,-9999.0,-9999.0,-9999.0,-9999.0,-9999.0,color,orientation,size,0.3400000000000001,-2.5,804,male,1,1056.0246858330029
3809,-9999.0,-9999.0,-9999.0,-9999.0,-9999.0,-9999.0,-9999.0,-9999.0,-9999.0,color,orientation,size,0.3400000000000001,-2.5,804,male,1,1056.0246858330029
3810,-9999.0,-9999.0,-9999.0,-9999.0,-9999.0,-9999.0,-9999.0,-9999.0,-9999.0,color,orientation,size,0.3400000000000001,-2.5,804,male,1,1056.0246858330029
3811,-9999.0,-9999.0,-9999.0,-9999.0,-9999.0,-9999.0,-9999.0,-9999.0,-9999.0,color,orientation,size,0.3400000000000001,-2.5,804,male,1,1056.0246858330029
3812,-9999.0,-9999.0,-9999.0,-9999.0,-9999.0,-9999.0,-9999.0,-9999.0,-9999.0,color,orientation,size,0.3400000000000001,-2.5,804,male,1,1056.0246858330029
3813,-9999.0,-9999.0,-9999.0,-9999.0,-9999.0,-9999.0,-9999.0,-9999.0,-9999.0,color,orientation,size,0.3400000000000001,-2.5,804,male,1,1056.0246858330029
3814,-9999.0,-9999.0,-9999.0,-9999.0,-9999.0,-9999.0,-9999.0,-9999.0,-9999.0,color,orientation,size,0.3400000000000001,-2.5,804,male,1,1056.0246858330029
3815,-9999.0,-9999.0,-9999.0,-9999.0,-9999.0,-9999.0,-9999.0,-9999.0,-9999.0,color,orientation,size,0.3400000000000001,-2.5,804,male,1,1056.0246858330029
3816,-9999.0,-9999.0,-9999.0,-9999.0,-9999.0,-9999.0,-9999.0,-9999.0,-9999.0,color,orientation,size,0.3400000000000001,-2.5,804,male,1,1056.0246858330029
3817,-9999.0,-9999.0,-9999.0,-9999.0,-9999.0,-9999.0,-9999.0,-9999.0,-9999.0,color,orientation,size,0.3400000000000001,-2.5,804,male,1,1056.0246858330029
3818,-9999.0,-9999.0,-9999.0,-9999.0,-9999.0,-9999.0,-9999.0,-9999.0,-9999.0,color,orientation,size,0.3400000000000001,-2.5,804,male,1,1056.0246858330029
3819,-9999.0,-9999.0,-9999.0,-9999.0,-9999.0,-9999.0,-9999.0,-9999.0,-9999.0,color,orientation,size,0.3400000000000001,-2.5,804,male,1,1056.0246858330029
3820,-9999.0,-9999.0,-9999.0,-9999.0,-9999.0,-9999.0,-9999.0,-9999.0,-9999.0,color,orientation,size,0.3400000000000001,-2.5,804,male,1,1056.0246858330029
3821,-9999.0,-9999.0,-9999.0,-9999.0,-9999.0,-9999.0,-9999.0,-9999.0,-9999.0,color,orientation,size,0.3400000000000001,-2.5,804,male,1,1056.0246858330029
3822,-9999.0,-9999.0,-9999.0,-9999.0,-9999.0,-9999.0,-9999.0,-9999.0,-9999.0,color,orientation,size,0.3400000000000001,-2.5,804,male,1,1056.0246858330029
3823,-9999.0,-9999.0,-9999.0,-9999.0,-9999.0,-9999.0,-9999.0,-9999.0,-9999.0,color,orientation,size,0.3400000000000001,-2.5,804,male,1,1056.0246858330029
3824,-9999.0,-9999.0,-9999.0,-9999.0,-9999.0,-9999.0,-9999.0,-9999.0,-9999.0,color,orientation,size,0.3400000000000001,-2.5,804,male,1,1056.0246858330029
3825,-9999.0,-9999.0,-9999.0,-9999.0,-9999.0,-9999.0,-9999.0,-9999.0,-9999.0,color,orientation,size,0.3400000000000001,-2.5,804,male,1,1056.0246858330029
3826,-9999.0,-9999.0,-9999.0,-9999.0,-9999.0,-9999.0,-9999.0,-9999.0,-9999.0,color,orientation,size,0.3400000000000001,-2.5,804,male,1,1056.0246858330029
3827,-9999.0,-9999.0,-9999.0,-9999.0,-9999.0,-9999.0,-9999.0,-9999.0,-9999.0,color,orientation,size,0.3400000000000001,-2.5,804,male,1,1056.0246858330029
3828,-9999.0,-9999.0,-9999.0,-9999.0,-9999.0,-9999.0,-9999.0,-9999.0,-9999.0,color,orientation,size,0.3400000000000001,-2.5,804,male,1,1056.0246858330029
3829,-9999.0,-9999.0,-9999.0,-9999.0,-9999.0,-9999.0,-9999.0,-9999.0,-9999.0,color,orientation,size,0.3400000000000001,-2.5,804,male,1,1056.0246858330029
3830,-9999.0,-9999.0,-9999.0,-9999.0,-9999.0,-9999.0,-9999.0,-9999.0,-9999.0,color,orientation,size,0.3400000000000001,-2.5,804,male,1,1056.0246858330029
3831,-9999.0,-9999.0,-9999.0,-9999.0,-9999.0,-9999.0,-9999.0,-9999.0,-9999.0,color,orientation,size,0.3400000000000001,-2.5,804,male,1,1056.0246858330029
3832,-9999.0,-9999.0,-9999.0,-9999.0,-9999.0,-9999.0,-9999.0,-9999.0,-9999.0,color,orientation,size,0.3400000000000001,-2.5,804,male,1,1056.0246858330029
3833,-9999.0,-9999.0,-9999.0,-9999.0,-9999.0,-9999.0,-9999.0,-9999.0,-9999.0,color,orientation,size,0.3400000000000001,-2.5,804,male,1,1056.0246858330029
3834,-9999.0,-9999.0,-9999.0,-9999.0,-9999.0,-9999.0,-9999.0,-9999.0,-9999.0,color,orientation,size,0.3400000000000001,-2.5,804,male,1,1056.0246858330029
3835,-9999.0,-9999.0,-9999.0,-9999.0,-9999.0,-9999.0,-9999.0,-9999.0,-9999.0,color,orientation,size,0.3400000000000001,-2.5,804,male,1,1056.0246858330029
3836,-9999.0,-9999.0,-9999.0,-9999.0,-9999.0,-9999.0,-9999.0,-9999.0,-9999.0,color,orientation,size,0.3400000000000001,-2.5,804,male,1,1056.0246858330029
3837,-9999.0,-9999.0,-9999.0,-9999.0,-9999.0,-9999.0,-9999.0,-9999.0,-9999.0,color,orientation,size,0.3400000000000001,-2.5,804,male,1,1056.0246858330029
3838,-9999.0,-9999.0,-9999.0,-9999.0,-9999.0,-9999.0,-9999.0,-9999.0,-9999.0,color,orientation,size,0.3400000000000001,-2.5,804,male,1,1056.0246858330029
3839,-9999.0,-9999.0,-9999.0,-9999.0,-9999.0,-9999.0,-9999.0,-9999.0,-9999.0,color,orientation,size,0.3400000000000001,-2.5,804,male,1,1056.0246858330029
3840,-9999.0,-9999.0,-9999.0,-9999.0,-9999.0,-9999.0,-9999.0,-9999.0,-9999.0,color,orientation,size,0.3400000000000001,-2.5,804,male,1,1056.0246858330029
3841,-9999.0,-9999.0,-9999.0,-9999.0,-9999.0,-9999.0,-9999.0,-9999.0,-9999.0,color,orientation,size,0.3400000000000001,-2.5,804,male,1,1056.0246858330029
3842,-9999.0,-9999.0,-9999.0,-9999.0,-9999.0,-9999.0,-9999.0,-9999.0,-9999.0,color,orientation,size,0.3400000000000001,-2.5,804,male,1,1056.0246858330029
3843,-9999.0,-9999.0,-9999.0,-9999.0,-9999.0,-9999.0,-9999.0,-9999.0,-9999.0,color,orientation,size,0.3400000000000001,-2.5,804,male,1,1056.0246858330029
3844,-9999.0,-9999.0,-9999.0,-9999.0,-9999.0,-9999.0,-9999.0,-9999.0,-9999.0,color,orientation,size,0.3400000000000001,-2.5,804,male,1,1056.0246858330029
3845,-9999.0,-9999.0,-9999.0,-9999.0,-9999.0,-9999.0,-9999.0,-9999.0,-9999.0,color,orientation,size,0.3400000000000001,-2.5,804,male,1,1056.0246858330029
3846,-9999.0,-9999.0,-9999.0,-9999.0,-9999.0,-9999.0,-9999.0,-9999.0,-9999.0,color,orientation,size,0.3400000000000001,-2.5,804,male,1,1056.0246858330029
3847,-9999.0,-9999.0,-9999.0,-9999.0,-9999.0,-9999.0,-9999.0,-9999.0,-9999.0,color,orientation,size,0.3400000000000001,-2.5,804,male,1,1056.0246858330029
3848,-9999.0,-9999.0,-9999.0,-9999.0,-9999.0,-9999.0,-9999.0,-9999.0,-9999.0,color,orientation,size,0.3400000000000001,-2.5,804,male,1,1056.0246858330029
3849,-9999.0,-9999.0,-9999.0,-9999.0,-9999.0,-9999.0,-9999.0,-9999.0,-9999.0,color,orientation,size,0.3400000000000001,-2.5,804,male,1,1056.0246858330029
3850,-9999.0,-9999.0,-9999.0,-9999.0,-9999.0,-9999.0,-9999.0,-9999.0,-9999.0,color,orientation,size,0.3400000000000001,-2.5,804,male,1,1056.0246858330029
3851,-9999.0,-9999.0,-9999.0,-9999.0,-9999.0,-9999.0,-9999.0,-9999.0,-9999.0,color,orientation,size,0.3400000000000001,-2.5,804,male,1,1056.0246858330029
3852,-9999.0,-9999.0,-9999.0,-9999.0,-9999.0,-9999.0,-9999.0,-9999.0,-9999.0,color,orientation,size,0.3400000000000001,-2.5,804,male,1,1056.0246858330029
3853,-9999.0,-9999.0,-9999.0,-9999.0,-9999.0,-9999.0,-9999.0,-9999.0,-9999.0,color,orientation,size,0.3400000000000001,-2.5,804,male,1,1056.0246858330029
3854,-9999.0,-9999.0,-9999.0,-9999.0,-9999.0,-9999.0,-9999.0,-9999.0,-9999.0,color,orientation,size,0.3400000000000001,-2.5,804,male,1,1056.0246858330029
3855,-9999.0,-9999.0,-9999.0,-9999.0,-9999.0,-9999.0,-9999.0,-9999.0,-9999.0,color,orientation,size,0.3400000000000001,-2.5,804,male,1,1056.0246858330029
3856,-9999.0,-9999.0,-9999.0,-9999.0,-9999.0,-9999.0,-9999.0,-9999.0,-9999.0,color,orientation,size,0.3400000000000001,-2.5,804,male,1,1056.0246858330029
3857,-9999.0,-9999.0,-9999.0,-9999.0,-9999.0,-9999.0,-9999.0,-9999.0,-9999.0,color,orientation,size,0.3400000000000001,-2.5,804,male,1,1056.0246858330029
3858,-9999.0,-9999.0,-9999.0,-9999.0,-9999.0,-9999.0,-9999.0,-9999.0,-9999.0,color,orientation,size,0.3400000000000001,-2.5,804,male,1,1056.0246858330029
3859,-9999.0,-9999.0,-9999.0,-9999.0,-9999.0,-9999.0,-9999.0,-9999.0,-9999.0,color,orientation,size,0.3400000000000001,-2.5,804,male,1,1056.0246858330029
3860,-9999.0,-9999.0,-9999.0,-9999.0,-9999.0,-9999.0,-9999.0,-9999.0,-9999.0,color,orientation,size,0.3400000000000001,-2.5,804,male,1,1056.0246858330029
3861,-9999.0,-9999.0,-9999.0,-9999.0,-9999.0,-9999.0,-9999.0,-9999.0,-9999.0,color,orientation,size,0.3400000000000001,-2.5,804,male,1,1056.0246858330029
3862,-9999.0,-9999.0,-9999.0,-9999.0,-9999.0,-9999.0,-9999.0,-9999.0,-9999.0,color,orientation,size,0.3400000000000001,-2.5,804,male,1,1056.0246858330029
3863,-9999.0,-9999.0,-9999.0,-9999.0,-9999.0,-9999.0,-9999.0,-9999.0,-9999.0,color,orientation,size,0.3400000000000001,-2.5,804,male,1,1056.0246858330029
3864,-9999.0,-9999.0,-9999.0,-9999.0,-9999.0,-9999.0,-9999.0,-9999.0,-9999.0,color,orientation,size,0.3400000000000001,-2.5,804,male,1,1056.0246858330029
3865,-9999.0,-9999.0,-9999.0,-9999.0,-9999.0,-9999.0,-9999.0,-9999.0,-9999.0,color,orientation,size,0.3400000000000001,-2.5,804,male,1,1056.0246858330029
3866,-9999.0,-9999.0,-9999.0,-9999.0,-9999.0,-9999.0,-9999.0,-9999.0,-9999.0,color,orientation,size,0.3400000000000001,-2.5,804,male,1,1056.0246858330029
3867,-9999.0,-9999.0,-9999.0,-9999.0,-9999.0,-9999.0,-9999.0,-9999.0,-9999.0,color,orientation,size,0.3400000000000001,-2.5,804,male,1,1056.0246858330029
3868,-9999.0,-9999.0,-9999.0,-9999.0,-9999.0,-9999.0,-9999.0,-9999.0,-9999.0,color,orientation,size,0.3400000000000001,-2.5,804,male,1,1056.0246858330029
3869,-9999.0,-9999.0,-9999.0,-9999.0,-9999.0,-9999.0,-9999.0,-9999.0,-9999.0,color,orientation,size,0.3400000000000001,-2.5,804,male,1,1056.0246858330029
3870,-9999.0,-9999.0,-9999.0,-9999.0,-9999.0,-9999.0,-9999.0,-9999.0,-9999.0,color,orientation,size,0.3400000000000001,-2.5,804,male,1,1056.0246858330029
3871,-9999.0,-9999.0,-9999.0,-9999.0,-9999.0,-9999.0,-9999.0,-9999.0,-9999.0,color,orientation,size,0.3400000000000001,-2.5,804,male,1,1056.0246858330029
3872,-9999.0,-9999.0,-9999.0,-9999.0,-9999.0,-9999.0,-9999.0,-9999.0,-9999.0,color,orientation,size,0.3400000000000001,-2.5,804,male,1,1056.0246858330029
3873,-9999.0,-9999.0,-9999.0,-9999.0,-9999.0,-9999.0,-9999.0,-9999.0,-9999.0,color,orientation,size,0.3400000000000001,-2.5,804,male,1,1056.0246858330029
3874,-9999.0,-9999.0,-9999.0,-9999.0,-9999.0,-9999.0,-9999.0,-9999.0,-9999.0,color,orientation,size,0.3400000000000001,-2.5,804,male,1,1056.0246858330029
3875,-9999.0,-9999.0,-9999.0,-9999.0,-9999.0,-9999.0,-9999.0,-9999.0,-9999.0,color,orientation,size,0.3400000000000001,-2.5,804,male,1,1056.0246858330029
3876,-9999.0,-9999.0,-9999.0,-9999.0,-9999.0,-9999.0,-9999.0,-9999.0,-9999.0,color,orientation,size,0.3400000000000001,-2.5,804,male,1,1056.0246858330029
3877,-9999.0,-9999.0,-9999.0,-9999.0,-9999.0,-9999.0,-9999.0,-9999.0,-9999.0,color,orientation,size,0.3400000000000001,-2.5,804,male,1,1056.0246858330029
3878,-9999.0,-9999.0,-9999.0,-9999.0,-9999.0,-9999.0,-9999.0,-9999.0,-9999.0,color,orientation,size,0.3400000000000001,-2.5,804,male,1,1056.0246858330029
3879,-9999.0,-9999.0,-9999.0,-9999.0,-9999.0,-9999.0,-9999.0,-9999.0,-9999.0,color,orientation,size,0.3400000000000001,-2.5,804,male,1,1056.0246858330029
3880,-9999.0,-9999.0,-9999.0,-9999.0,-9999.0,-9999.0,-9999.0,-9999.0,-9999.0,color,orientation,size,0.3400000000000001,-2.5,804,male,1,1056.0246858330029
3881,-9999.0,-9999.0,-9999.0,-9999.0,-9999.0,-9999.0,-9999.0,-9999.0,-9999.0,color,orientation,size,0.3400000000000001,-2.5,804,male,1,1056.0246858330029
3882,-9999.0,-9999.0,-9999.0,-9999.0,-9999.0,-9999.0,-9999.0,-9999.0,-9999.0,color,orientation,size,0.3400000000000001,-2.5,804,male,1,1056.0246858330029
3883,-9999.0,-9999.0,-9999.0,-9999.0,-9999.0,-9999.0,-9999.0,-9999.0,-9999.0,color,orientation,size,0.3400000000000001,-2.5,804,male,1,1056.0246858330029
3884,-9999.0,-9999.0,-9999.0,-9999.0,-9999.0,-9999.0,-9999.0,-9999.0,-9999.0,color,orientation,size,0.3400000000000001,-2.5,804,male,1,1056.0246858330029
3885,-9999.0,-9999.0,-9999.0,-9999.0,-9999.0,-9999.0,-9999.0,-9999.0,-9999.0,color,orientation,size,0.3400000000000001,-2.5,804,male,1,1056.0246858330029
3886,-9999.0,-9999.0,-9999.0,-9999.0,-9999.0,-9999.0,-9999.0,-9999.0,-9999.0,color,orientation,size,0.3400000000000001,-2.5,804,male,1,1056.0246858330029
3887,-9999.0,-9999.0,-9999.0,-9999.0,-9999.0,-9999.0,-9999.0,-9999.0,-9999.0,color,orientation,size,0.3400000000000001,-2.5,804,male,1,1056.0246858330029
3888,-9999.0,-9999.0,-9999.0,-9999.0,-9999.0,-9999.0,-9999.0,-9999.0,-9999.0,color,orientation,size,0.3400000000000001,-2.5,804,male,1,1056.0246858330029
3889,-9999.0,-9999.0,-9999.0,-9999.0,-9999.0,-9999.0,-9999.0,-9999.0,-9999.0,color,orientation,size,0.3400000000000001,-2.5,804,male,1,1056.0246858330029
3890,-9999.0,-9999.0,-9999.0,-9999.0,-9999.0,-9999.0,-9999.0,-9999.0,-9999.0,color,orientation,size,0.3400000000000001,-2.5,804,male,1,1056.0246858330029
3891,-9999.0,-9999.0,-9999.0,-9999.0,-9999.0,-9999.0,-9999.0,-9999.0,-9999.0,color,orientation,size,0.3400000000000001,-2.5,804,male,1,1056.0246858330029
3892,-9999.0,-9999.0,-9999.0,-9999.0,-9999.0,-9999.0,-9999.0,-9999.0,-9999.0,color,orientation,size,0.3400000000000001,-2.5,804,male,1,1056.0246858330029
3893,-9999.0,-9999.0,-9999.0,-9999.0,-9999.0,-9999.0,-9999.0,-9999.0,-9999.0,color,orientation,size,0.3400000000000001,-2.5,804,male,1,1056.0246858330029
3894,-9999.0,-9999.0,-9999.0,-9999.0,-9999.0,-9999.0,-9999.0,-9999.0,-9999.0,color,orientation,size,0.3400000000000001,-2.5,804,male,1,1056.0246858330029
3895,-9999.0,-9999.0,-9999.0,-9999.0,-9999.0,-9999.0,-9999.0,-9999.0,-9999.0,color,orientation,size,0.3400000000000001,-2.5,804,male,1,1056.0246858330029
3896,-9999.0,-9999.0,-9999.0,-9999.0,-9999.0,-9999.0,-9999.0,-9999.0,-9999.0,color,orientation,size,0.3400000000000001,-2.5,804,male,1,1056.0246858330029
3897,-9999.0,-9999.0,-9999.0,-9999.0,-9999.0,-9999.0,-9999.0,-9999.0,-9999.0,color,orientation,size,0.3400000000000001,-2.5,804,male,1,1056.0246858330029
3898,-9999.0,-9999.0,-9999.0,-9999.0,-9999.0,-9999.0,-9999.0,-9999.0,-9999.0,color,orientation,size,0.3400000000000001,-2.5,804,male,1,1056.0246858330029
3899,-9999.0,-9999.0,-9999.0,-9999.0,-9999.0,-9999.0,-9999.0,-9999.0,-9999.0,color,orientation,size,0.3400000000000001,-2.5,804,male,1,1056.0246858330029
3900,-9999.0,-9999.0,-9999.0,-9999.0,-9999.0,-9999.0,-9999.0,-9999.0,-9999.0,color,orientation,size,0.3400000000000001,-2.5,804,male,1,1056.0246858330029
3901,-9999.0,-9999.0,-9999.0,-9999.0,-9999.0,-9999.0,-9999.0,-9999.0,-9999.0,color,orientation,size,0.3400000000000001,-2.5,804,male,1,1056.0246858330029
3902,-9999.0,-9999.0,-9999.0,-9999.0,-9999.0,-9999.0,-9999.0,-9999.0,-9999.0,color,orientation,size,0.3400000000000001,-2.5,804,male,1,1056.0246858330029
3903,-9999.0,-9999.0,-9999.0,-9999.0,-9999.0,-9999.0,-9999.0,-9999.0,-9999.0,color,orientation,size,0.3400000000000001,-2.5,804,male,1,1056.0246858330029
3904,-9999.0,-9999.0,-9999.0,-9999.0,-9999.0,-9999.0,-9999.0,-9999.0,-9999.0,color,orientation,size,0.3400000000000001,-2.5,804,male,1,1056.0246858330029
3905,-9999.0,-9999.0,-9999.0,-9999.0,-9999.0,-9999.0,-9999.0,-9999.0,-9999.0,color,orientation,size,0.3400000000000001,-2.5,804,male,1,1056.0246858330029
3906,-9999.0,-9999.0,-9999.0,-9999.0,-9999.0,-9999.0,-9999.0,-9999.0,-9999.0,color,orientation,size,0.3400000000000001,-2.5,804,male,1,1056.0246858330029
3907,-9999.0,-9999.0,-9999.0,-9999.0,-9999.0,-9999.0,-9999.0,-9999.0,-9999.0,color,orientation,size,0.3400000000000001,-2.5,804,male,1,1056.0246858330029
3908,-9999.0,-9999.0,-9999.0,-9999.0,-9999.0,-9999.0,-9999.0,-9999.0,-9999.0,color,orientation,size,0.3400000000000001,-2.5,804,male,1,1056.0246858330029
3909,-9999.0,-9999.0,-9999.0,-9999.0,-9999.0,-9999.0,-9999.0,-9999.0,-9999.0,color,orientation,size,0.3400000000000001,-2.5,804,male,1,1056.0246858330029
3910,-9999.0,-9999.0,-9999.0,-9999.0,-9999.0,-9999.0,-9999.0,-9999.0,-9999.0,color,orientation,size,0.3400000000000001,-2.5,804,male,1,1056.0246858330029
3911,-9999.0,-9999.0,-9999.0,-9999.0,-9999.0,-9999.0,-9999.0,-9999.0,-9999.0,color,orientation,size,0.3400000000000001,-2.5,804,male,1,1056.0246858330029
3912,-9999.0,-9999.0,-9999.0,-9999.0,-9999.0,-9999.0,-9999.0,-9999.0,-9999.0,color,orientation,size,0.3400000000000001,-2.5,804,male,1,1056.0246858330029
3913,-9999.0,-9999.0,-9999.0,-9999.0,-9999.0,-9999.0,-9999.0,-9999.0,-9999.0,color,orientation,size,0.3400000000000001,-2.5,804,male,1,1056.0246858330029
3914,-9999.0,-9999.0,-9999.0,-9999.0,-9999.0,-9999.0,-9999.0,-9999.0,-9999.0,color,orientation,size,0.3400000000000001,-2.5,804,male,1,1056.0246858330029
3915,-9999.0,-9999.0,-9999.0,-9999.0,-9999.0,-9999.0,-9999.0,-9999.0,-9999.0,color,orientation,size,0.3400000000000001,-2.5,804,male,1,1056.0246858330029
3916,-9999.0,-9999.0,-9999.0,-9999.0,-9999.0,-9999.0,-9999.0,-9999.0,-9999.0,color,orientation,size,0.3400000000000001,-2.5,804,male,1,1056.0246858330029
3917,-9999.0,-9999.0,-9999.0,-9999.0,-9999.0,-9999.0,-9999.0,-9999.0,-9999.0,color,orientation,size,0.3400000000000001,-2.5,804,male,1,1056.0246858330029
3918,-9999.0,-9999.0,-9999.0,-9999.0,-9999.0,-9999.0,-9999.0,-9999.0,-9999.0,color,orientation,size,0.3400000000000001,-2.5,804,male,1,1056.0246858330029
3919,-9999.0,-9999.0,-9999.0,-9999.0,-9999.0,-9999.0,-9999.0,-9999.0,-9999.0,color,orientation,size,0.3400000000000001,-2.5,804,male,1,1056.0246858330029
3920,-9999.0,-9999.0,-9999.0,-9999.0,-9999.0,-9999.0,-9999.0,-9999.0,-9999.0,color,orientation,size,0.3400000000000001,-2.5,804,male,1,1056.0246858330029
3921,-9999.0,-9999.0,-9999.0,-9999.0,-9999.0,-9999.0,-9999.0,-9999.0,-9999.0,color,orientation,size,0.3400000000000001,-2.5,804,male,1,1056.0246858330029
3922,-9999.0,-9999.0,-9999.0,-9999.0,-9999.0,-9999.0,-9999.0,-9999.0,-9999.0,color,orientation,size,0.3400000000000001,-2.5,804,male,1,1056.0246858330029
3923,-9999.0,-9999.0,-9999.0,-9999.0,-9999.0,-9999.0,-9999.0,-9999.0,-9999.0,color,orientation,size,0.3400000000000001,-2.5,804,male,1,1056.0246858330029
3924,-9999.0,-9999.0,-9999.0,-9999.0,-9999.0,-9999.0,-9999.0,-9999.0,-9999.0,color,orientation,size,0.3400000000000001,-2.5,804,male,1,1056.0246858330029
3925,-9999.0,-9999.0,-9999.0,-9999.0,-9999.0,-9999.0,-9999.0,-9999.0,-9999.0,color,orientation,size,0.3400000000000001,-2.5,804,male,1,1056.0246858330029
3926,-9999.0,-9999.0,-9999.0,-9999.0,-9999.0,-9999.0,-9999.0,-9999.0,-9999.0,color,orientation,size,0.3400000000000001,-2.5,804,male,1,1056.0246858330029
3927,-9999.0,-9999.0,-9999.0,-9999.0,-9999.0,-9999.0,-9999.0,-9999.0,-9999.0,color,orientation,size,0.3400000000000001,-2.5,804,male,1,1056.0246858330029
3928,-9999.0,-9999.0,-9999.0,-9999.0,-9999.0,-9999.0,-9999.0,-9999.0,-9999.0,color,orientation,size,0.3400000000000001,-2.5,804,male,1,1056.0246858330029
3929,-9999.0,-9999.0,-9999.0,-9999.0,-9999.0,-9999.0,-9999.0,-9999.0,-9999.0,color,orientation,size,0.3400000000000001,-2.5,804,male,1,1056.0246858330029
3930,-9999.0,-9999.0,-9999.0,-9999.0,-9999.0,-9999.0,-9999.0,-9999.0,-9999.0,color,orientation,size,0.3400000000000001,-2.5,804,male,1,1056.0246858330029
3931,-9999.0,-9999.0,-9999.0,-9999.0,-9999.0,-9999.0,-9999.0,-9999.0,-9999.0,color,orientation,size,0.3400000000000001,-2.5,804,male,1,1056.0246858330029
3932,-9999.0,-9999.0,-9999.0,-9999.0,-9999.0,-9999.0,-9999.0,-9999.0,-9999.0,color,orientation,size,0.3400000000000001,-2.5,804,male,1,1056.0246858330029
3933,-9999.0,-9999.0,-9999.0,-9999.0,-9999.0,-9999.0,-9999.0,-9999.0,-9999.0,color,orientation,size,0.3400000000000001,-2.5,804,male,1,1056.0246858330029
3934,-9999.0,-9999.0,-9999.0,-9999.0,-9999.0,-9999.0,-9999.0,-9999.0,-9999.0,color,orientation,size,0.3400000000000001,-2.5,804,male,1,1056.0246858330029
3935,-9999.0,-9999.0,-9999.0,-9999.0,-9999.0,-9999.0,-9999.0,-9999.0,-9999.0,color,orientation,size,0.3400000000000001,-2.5,804,male,1,1056.0246858330029
3936,-9999.0,-9999.0,-9999.0,-9999.0,-9999.0,-9999.0,-9999.0,-9999.0,-9999.0,color,orientation,size,0.3400000000000001,-2.5,804,male,1,1056.0246858330029
3937,-9999.0,-9999.0,-9999.0,-9999.0,-9999.0,-9999.0,-9999.0,-9999.0,-9999.0,color,orientation,size,0.3400000000000001,-2.5,804,male,1,1056.0246858330029
3938,-9999.0,-9999.0,-9999.0,-9999.0,-9999.0,-9999.0,-9999.0,-9999.0,-9999.0,color,orientation,size,0.3400000000000001,-2.5,804,male,1,1056.0246858330029
3939,-9999.0,-9999.0,-9999.0,-9999.0,-9999.0,-9999.0,-9999.0,-9999.0,-9999.0,color,orientation,size,0.3400000000000001,-2.5,804,male,1,1056.0246858330029
3940,-9999.0,-9999.0,-9999.0,-9999.0,-9999.0,-9999.0,-9999.0,-9999.0,-9999.0,color,orientation,size,0.3400000000000001,-2.5,804,male,1,1056.0246858330029
3941,-9999.0,-9999.0,-9999.0,-9999.0,-9999.0,-9999.0,-9999.0,-9999.0,-9999.0,color,orientation,size,0.3400000000000001,-2.5,804,male,1,1056.0246858330029
3942,-9999.0,-9999.0,-9999.0,-9999.0,-9999.0,-9999.0,-9999.0,-9999.0,-9999.0,color,orientation,size,0.3400000000000001,-2.5,804,male,1,1056.0246858330029
3943,-9999.0,-9999.0,-9999.0,-9999.0,-9999.0,-9999.0,-9999.0,-9999.0,-9999.0,color,orientation,size,0.3400000000000001,-2.5,804,male,1,1056.0246858330029
3944,-9999.0,-9999.0,-9999.0,-9999.0,-9999.0,-9999.0,-9999.0,-9999.0,-9999.0,color,orientation,size,0.3400000000000001,-2.5,804,male,1,1056.0246858330029
3945,-9999.0,-9999.0,-9999.0,-9999.0,-9999.0,-9999.0,-9999.0,-9999.0,-9999.0,color,orientation,size,0.3400000000000001,-2.5,804,male,1,1056.0246858330029
3946,-9999.0,-9999.0,-9999.0,-9999.0,-9999.0,-9999.0,-9999.0,-9999.0,-9999.0,color,orientation,size,0.3400000000000001,-2.5,804,male,1,1056.0246858330029
3947,-9999.0,-9999.0,-9999.0,-9999.0,-9999.0,-9999.0,-9999.0,-9999.0,-9999.0,color,orientation,size,0.3400000000000001,-2.5,804,male,1,1056.0246858330029
3948,-9999.0,-9999.0,-9999.0,-9999.0,-9999.0,-9999.0,-9999.0,-9999.0,-9999.0,color,orientation,size,0.3400000000000001,-2.5,804,male,1,1056.0246858330029
3949,-9999.0,-9999.0,-9999.0,-9999.0,-9999.0,-9999.0,-9999.0,-9999.0,-9999.0,color,orientation,size,0.3400000000000001,-2.5,804,male,1,1056.0246858330029
3950,-9999.0,-9999.0,-9999.0,-9999.0,-9999.0,-9999.0,-9999.0,-9999.0,-9999.0,color,orientation,size,0.3400000000000001,-2.5,804,male,1,1056.0246858330029
3951,-9999.0,-9999.0,-9999.0,-9999.0,-9999.0,-9999.0,-9999.0,-9999.0,-9999.0,color,orientation,size,0.3400000000000001,-2.5,804,male,1,1056.0246858330029
3952,-9999.0,-9999.0,-9999.0,-9999.0,-9999.0,-9999.0,-9999.0,-9999.0,-9999.0,color,orientation,size,0.3400000000000001,-2.5,804,male,1,1056.0246858330029
3953,-9999.0,-9999.0,-9999.0,-9999.0,-9999.0,-9999.0,-9999.0,-9999.0,-9999.0,color,orientation,size,0.3400000000000001,-2.5,804,male,1,1056.0246858330029
3954,-9999.0,-9999.0,-9999.0,-9999.0,-9999.0,-9999.0,-9999.0,-9999.0,-9999.0,color,orientation,size,0.3400000000000001,-2.5,804,male,1,1056.0246858330029
3955,-9999.0,-9999.0,-9999.0,-9999.0,-9999.0,-9999.0,-9999.0,-9999.0,-9999.0,color,orientation,size,0.3400000000000001,-2.5,804,male,1,1056.0246858330029
3956,-9999.0,-9999.0,-9999.0,-9999.0,-9999.0,-9999.0,-9999.0,-9999.0,-9999.0,color,orientation,size,0.3400000000000001,-2.5,804,male,1,1056.0246858330029
3957,-9999.0,-9999.0,-9999.0,-9999.0,-9999.0,-9999.0,-9999.0,-9999.0,-9999.0,color,orientation,size,0.3400000000000001,-2.5,804,male,1,1056.0246858330029
3958,-9999.0,-9999.0,-9999.0,-9999.0,-9999.0,-9999.0,-9999.0,-9999.0,-9999.0,color,orientation,size,0.3400000000000001,-2.5,804,male,1,1056.0246858330029
3959,-9999.0,-9999.0,-9999.0,-9999.0,-9999.0,-9999.0,-9999.0,-9999.0,-9999.0,color,orientation,size,0.3400000000000001,-2.5,804,male,1,1056.0246858330029
3960,-9999.0,-9999.0,-9999.0,-9999.0,-9999.0,-9999.0,-9999.0,-9999.0,-9999.0,color,orientation,size,0.3400000000000001,-2.5,804,male,1,1056.0246858330029
3961,-9999.0,-9999.0,-9999.0,-9999.0,-9999.0,-9999.0,-9999.0,-9999.0,-9999.0,color,orientation,size,0.3400000000000001,-2.5,804,male,1,1056.0246858330029
3962,-9999.0,-9999.0,-9999.0,-9999.0,-9999.0,-9999.0,-9999.0,-9999.0,-9999.0,color,orientation,size,0.3400000000000001,-2.5,804,male,1,1056.0246858330029
3963,-9999.0,-9999.0,-9999.0,-9999.0,-9999.0,-9999.0,-9999.0,-9999.0,-9999.0,color,orientation,size,0.3400000000000001,-2.5,804,male,1,1056.0246858330029
3964,-9999.0,-9999.0,-9999.0,-9999.0,-9999.0,-9999.0,-9999.0,-9999.0,-9999.0,color,orientation,size,0.3400000000000001,-2.5,804,male,1,1056.0246858330029
3965,-9999.0,-9999.0,-9999.0,-9999.0,-9999.0,-9999.0,-9999.0,-9999.0,-9999.0,color,orientation,size,0.3400000000000001,-2.5,804,male,1,1056.0246858330029
3966,-9999.0,-9999.0,-9999.0,-9999.0,-9999.0,-9999.0,-9999.0,-9999.0,-9999.0,color,orientation,size,0.3400000000000001,-2.5,804,male,1,1056.0246858330029
3967,-9999.0,-9999.0,-9999.0,-9999.0,-9999.0,-9999.0,-9999.0,-9999.0,-9999.0,color,orientation,size,0.3400000000000001,-2.5,804,male,1,1056.0246858330029
3968,-9999.0,-9999.0,-9999.0,-9999.0,-9999.0,-9999.0,-9999.0,-9999.0,-9999.0,color,orientation,size,0.3400000000000001,-2.5,804,male,1,1056.0246858330029
3969,-9999.0,-9999.0,-9999.0,-9999.0,-9999.0,-9999.0,-9999.0,-9999.0,-9999.0,color,orientation,size,0.3400000000000001,-2.5,804,male,1,1056.0246858330029
3970,-9999.0,-9999.0,-9999.0,-9999.0,-9999.0,-9999.0,-9999.0,-9999.0,-9999.0,color,orientation,size,0.3400000000000001,-2.5,804,male,1,1056.0246858330029
3971,-9999.0,-9999.0,-9999.0,-9999.0,-9999.0,-9999.0,-9999.0,-9999.0,-9999.0,color,orientation,size,0.3400000000000001,-2.5,804,male,1,1056.0246858330029
3972,-9999.0,-9999.0,-9999.0,-9999.0,-9999.0,-9999.0,-9999.0,-9999.0,-9999.0,color,orientation,size,0.3400000000000001,-2.5,804,male,1,1056.0246858330029
3973,-9999.0,-9999.0,-9999.0,-9999.0,-9999.0,-9999.0,-9999.0,-9999.0,-9999.0,color,orientation,size,0.3400000000000001,-2.5,804,male,1,1056.0246858330029
3974,-9999.0,-9999.0,-9999.0,-9999.0,-9999.0,-9999.0,-9999.0,-9999.0,-9999.0,color,orientation,size,0.3400000000000001,-2.5,804,male,1,1056.0246858330029
3975,-9999.0,-9999.0,-9999.0,-9999.0,-9999.0,-9999.0,-9999.0,-9999.0,-9999.0,color,orientation,size,0.3400000000000001,-2.5,804,male,1,1056.0246858330029
3976,-9999.0,-9999.0,-9999.0,-9999.0,-9999.0,-9999.0,-9999.0,-9999.0,-9999.0,color,orientation,size,0.3400000000000001,-2.5,804,male,1,1056.0246858330029
3977,-9999.0,-9999.0,-9999.0,-9999.0,-9999.0,-9999.0,-9999.0,-9999.0,-9999.0,color,orientation,size,0.3400000000000001,-2.5,804,male,1,1056.0246858330029
3978,-9999.0,-9999.0,-9999.0,-9999.0,-9999.0,-9999.0,-9999.0,-9999.0,-9999.0,color,orientation,size,0.3400000000000001,-2.5,804,male,1,1056.0246858330029
3979,-9999.0,-9999.0,-9999.0,-9999.0,-9999.0,-9999.0,-9999.0,-9999.0,-9999.0,color,orientation,size,0.3400000000000001,-2.5,804,male,1,1056.0246858330029
3980,-9999.0,-9999.0,-9999.0,-9999.0,-9999.0,-9999.0,-9999.0,-9999.0,-9999.0,color,orientation,size,0.3400000000000001,-2.5,804,male,1,1056.0246858330029
3981,-9999.0,-9999.0,-9999.0,-9999.0,-9999.0,-9999.0,-9999.0,-9999.0,-9999.0,color,orientation,size,0.3400000000000001,-2.5,804,male,1,1056.0246858330029
3982,-9999.0,-9999.0,-9999.0,-9999.0,-9999.0,-9999.0,-9999.0,-9999.0,-9999.0,color,orientation,size,0.3400000000000001,-2.5,804,male,1,1056.0246858330029
3983,-9999.0,-9999.0,-9999.0,-9999.0,-9999.0,-9999.0,-9999.0,-9999.0,-9999.0,color,orientation,size,0.3400000000000001,-2.5,804,male,1,1056.0246858330029
3984,-9999.0,-9999.0,-9999.0,-9999.0,-9999.0,-9999.0,-9999.0,-9999.0,-9999.0,color,orientation,size,0.3400000000000001,-2.5,804,male,1,1056.0246858330029
3985,-9999.0,-9999.0,-9999.0,-9999.0,-9999.0,-9999.0,-9999.0,-9999.0,-9999.0,color,orientation,size,0.3400000000000001,-2.5,804,male,1,1056.0246858330029
3986,-9999.0,-9999.0,-9999.0,-9999.0,-9999.0,-9999.0,-9999.0,-9999.0,-9999.0,color,orientation,size,0.3400000000000001,-2.5,804,male,1,1056.0246858330029
3987,-9999.0,-9999.0,-9999.0,-9999.0,-9999.0,-9999.0,-9999.0,-9999.0,-9999.0,color,orientation,size,0.3400000000000001,-2.5,804,male,1,1056.0246858330029
3988,-9999.0,-9999.0,-9999.0,-9999.0,-9999.0,-9999.0,-9999.0,-9999.0,-9999.0,color,orientation,size,0.3400000000000001,-2.5,804,male,1,1056.0246858330029
3989,-9999.0,-9999.0,-9999.0,-9999.0,-9999.0,-9999.0,-9999.0,-9999.0,-9999.0,color,orientation,size,0.3400000000000001,-2.5,804,male,1,1056.0246858330029
3990,-9999.0,-9999.0,-9999.0,-9999.0,-9999.0,-9999.0,-9999.0,-9999.0,-9999.0,color,orientation,size,0.3400000000000001,-2.5,804,male,1,1056.0246858330029
3991,-9999.0,-9999.0,-9999.0,-9999.0,-9999.0,-9999.0,-9999.0,-9999.0,-9999.0,color,orientation,size,0.3400000000000001,-2.5,804,male,1,1056.0246858330029
3992,-9999.0,-9999.0,-9999.0,-9999.0,-9999.0,-9999.0,-9999.0,-9999.0,-9999.0,color,orientation,size,0.3400000000000001,-2.5,804,male,1,1056.0246858330029
3993,-9999.0,-9999.0,-9999.0,-9999.0,-9999.0,-9999.0,-9999.0,-9999.0,-9999.0,color,orientation,size,0.3400000000000001,-2.5,804,male,1,1056.0246858330029
3994,-9999.0,-9999.0,-9999.0,-9999.0,-9999.0,-9999.0,-9999.0,-9999.0,-9999.0,color,orientation,size,0.3400000000000001,-2.5,804,male,1,1056.0246858330029
3995,-9999.0,-9999.0,-9999.0,-9999.0,-9999.0,-9999.0,-9999.0,-9999.0,-9999.0,color,orientation,size,0.3400000000000001,-2.5,804,male,1,1056.0246858330029
3996,-9999.0,-9999.0,-9999.0,-9999.0,-9999.0,-9999.0,-9999.0,-9999.0,-9999.0,color,orientation,size,0.3400000000000001,-2.5,804,male,1,1056.0246858330029
3997,-9999.0,-9999.0,-9999.0,-9999.0,-9999.0,-9999.0,-9999.0,-9999.0,-9999.0,color,orientation,size,0.3400000000000001,-2.5,804,male,1,1056.0246858330029
3998,-9999.0,-9999.0,-9999.0,-9999.0,-9999.0,-9999.0,-9999.0,-9999.0,-9999.0,color,orientation,size,0.3400000000000001,-2.5,804,male,1,1056.0246858330029
3999,-9999.0,-9999.0,-9999.0,-9999.0,-9999.0,-9999.0,-9999.0,-9999.0,-9999.0,color,orientation,size,0.3400000000000001,-2.5,804,male,1,1056.0246858330029
4000,-9999.0,-9999.0,-9999.0,-9999.0,-9999.0,-9999.0,-9999.0,-9999.0,-9999.0,color,orientation,size,0.3400000000000001,-2.5,804,male,1,1056.0246858330029
