,Trial_number,Chosen_castle,Chosen_location,Correct_location,Accuracy,Number_of_doors,RT,Current_orientation,Current_color,Current_size,First_feature,Second_feature,Third_feature,Participant_size,Participant_orientation,Participant_number,Participant_gender,Early_exit,Training_time,Meta_trial,Participant_age,PE_1,PE_2,PE_3,LP_1,LP_2,LP_3,Nov_1,Nov_2,Nov_3
0,1,3.0,5.0,4.0,0.0,8.0,2.865792199999987,60.5,2.0,0.18,orientation,color,size,0.3400000000000001,20.0,3,female,0,2703.6115466,1,20,0.0,0.0,0.0,0.0,0.0,0.0,99.0,99.0,0.0
1,2,3.0,4.0,7.0,0.0,8.0,0.9991538000001584,65.0,14.0,0.42,orientation,color,size,0.3400000000000001,20.0,3,female,0,2703.6115466,1,20,0.0,0.0,2.0,0.0,0.0,0.0,100.0,100.0,0.0
2,3,3.0,3.0,1.0,0.0,8.0,4.731765600000017,-65.5,8.0,0.38,orientation,color,size,0.3400000000000001,20.0,3,female,0,2703.6115466,1,20,0.0,0.0,1.0,0.0,0.0,-2.0,101.0,101.0,0.0
3,4,2.0,1.0,0.0,0.0,4.0,1.333353999999872,-11.5,7.0,0.3,orientation,color,size,0.3400000000000001,20.0,3,female,0,2703.6115466,1,20,0.0,1.0,1.0,0.0,0.0,-2.0,102.0,0.0,1.0
4,5,2.0,2.0,3.0,0.0,4.0,1.1004129000000376,56.0,21.0,0.3400000000000001,orientation,color,size,0.3400000000000001,20.0,3,female,0,2703.6115466,1,20,0.0,1.0,1.0,0.0,-1.0,-2.0,103.0,0.0,2.0
5,6,2.0,3.0,3.0,1.0,4.0,2.180921699999999,42.5,19.0,0.18,orientation,color,size,0.3400000000000001,20.0,3,female,0,2703.6115466,1,20,0.0,0.0,1.0,0.0,0.0,-2.0,104.0,0.0,3.0
6,7,2.0,1.0,1.0,1.0,4.0,1.8167665999999372,-83.5,22.0,0.3,orientation,color,size,0.3400000000000001,20.0,3,female,0,2703.6115466,0,20,0.0,0.0,1.0,0.0,1.0,-2.0,105.0,0.0,4.0
7,8,2.0,2.0,3.0,0.0,4.0,1.7338342000000466,60.5,15.0,0.14,orientation,color,size,0.3400000000000001,20.0,3,female,0,2703.6115466,0,20,0.0,1.0,1.0,0.0,0.0,-2.0,106.0,0.0,5.0
8,9,2.0,3.0,2.0,0.0,4.0,1.4155390999999329,47.0,11.0,0.14,orientation,color,size,0.3400000000000001,20.0,3,female,0,2703.6115466,1,20,0.0,1.0,1.0,0.0,-1.0,-2.0,107.0,0.0,6.0
9,10,2.0,2.0,3.0,0.0,4.0,1.782369000000017,87.5,24.0,0.3400000000000001,orientation,color,size,0.3400000000000001,20.0,3,female,0,2703.6115466,1,20,0.0,1.0,1.0,0.0,0.0,-2.0,108.0,0.0,7.0
10,11,2.0,0.0,1.0,0.0,4.0,1.283681599999909,-20.5,21.0,0.14,orientation,color,size,0.3400000000000001,20.0,3,female,0,2703.6115466,1,20,0.0,1.0,1.0,0.0,0.0,-2.0,109.0,0.0,8.0
11,12,3.0,6.0,2.0,0.0,8.0,2.464484999999968,15.5,23.0,0.18,orientation,color,size,0.3400000000000001,20.0,3,female,0,2703.6115466,1,20,0.0,1.0,1.0,0.0,0.0,0.0,110.0,1.0,0.0
12,13,3.0,2.0,7.0,0.0,8.0,1.8151996999999935,47.0,13.0,0.42,orientation,color,size,0.3400000000000001,20.0,3,female,0,2703.6115466,1,20,0.0,1.0,2.0,0.0,0.0,0.0,111.0,2.0,0.0
13,14,1.0,1.0,1.0,1.0,2.0,0.9928516999998463,33.5,12.0,0.18,orientation,color,size,0.3400000000000001,20.0,3,female,0,2703.6115466,1,20,0.0,1.0,2.0,0.0,0.0,0.0,0.0,3.0,1.0
14,15,1.0,1.0,0.0,0.0,2.0,1.016460000000052,11.0,13.0,0.18,orientation,color,size,0.3400000000000001,20.0,3,female,0,2703.6115466,0,20,1.0,1.0,2.0,0.0,0.0,0.0,0.0,4.0,2.0
15,16,1.0,0.0,0.0,1.0,2.0,0.8259301000000505,-20.5,15.0,0.1,orientation,color,size,0.3400000000000001,20.0,3,female,0,2703.6115466,1,20,0.0,1.0,2.0,-1.0,0.0,0.0,0.0,5.0,3.0
16,17,1.0,0.0,0.0,1.0,2.0,1.000700899999856,-16.0,3.0,0.3,orientation,color,size,0.3400000000000001,20.0,3,female,0,2703.6115466,0,20,0.0,1.0,2.0,1.0,0.0,0.0,0.0,6.0,4.0
17,18,1.0,0.0,0.0,1.0,2.0,1.3838854999999055,-83.5,4.0,0.42,orientation,color,size,0.3400000000000001,20.0,3,female,0,2703.6115466,0,20,0.0,1.0,2.0,0.0,0.0,0.0,0.0,7.0,5.0
18,19,1.0,1.0,0.0,0.0,2.0,1.0339656999999534,11.0,7.0,0.38,orientation,color,size,0.3400000000000001,20.0,3,female,0,2703.6115466,0,20,1.0,1.0,2.0,0.0,0.0,0.0,0.0,8.0,6.0
19,20,1.0,1.0,0.0,0.0,2.0,1.242065700000012,6.5,20.0,0.14,orientation,color,size,0.3400000000000001,20.0,3,female,0,2703.6115466,1,20,1.0,1.0,2.0,-1.0,0.0,0.0,0.0,9.0,7.0
20,21,1.0,0.0,0.0,1.0,2.0,0.7913709000001745,-20.5,20.0,0.22,orientation,color,size,0.3400000000000001,20.0,3,female,0,2703.6115466,1,20,0.0,1.0,2.0,0.0,0.0,0.0,0.0,10.0,8.0
21,22,1.0,1.0,0.0,0.0,2.0,0.7835415000001831,15.5,20.0,0.22,orientation,color,size,0.3400000000000001,20.0,3,female,0,2703.6115466,0,20,1.0,1.0,2.0,1.0,0.0,0.0,0.0,11.0,9.0
22,23,1.0,1.0,0.0,0.0,2.0,1.492388000000119,15.5,16.0,0.3,orientation,color,size,0.3400000000000001,20.0,3,female,0,2703.6115466,1,20,1.0,1.0,2.0,-1.0,0.0,0.0,0.0,12.0,10.0
23,24,1.0,0.0,0.0,1.0,2.0,0.642616599999883,-61.0,19.0,0.38,orientation,color,size,0.3400000000000001,20.0,3,female,0,2703.6115466,1,20,0.0,1.0,2.0,0.0,0.0,0.0,0.0,13.0,11.0
24,25,1.0,0.0,1.0,0.0,2.0,0.6333607999999913,65.0,9.0,0.26,orientation,color,size,0.3400000000000001,20.0,3,female,0,2703.6115466,0,20,1.0,1.0,2.0,1.0,0.0,0.0,0.0,14.0,12.0
25,26,1.0,0.0,0.0,1.0,2.0,0.8236414000000423,-2.5,7.0,0.1,orientation,color,size,0.3400000000000001,20.0,3,female,0,2703.6115466,1,20,0.0,1.0,2.0,-1.0,0.0,0.0,0.0,15.0,13.0
26,27,1.0,0.0,0.0,1.0,2.0,0.6504573999998229,-83.5,15.0,0.3,orientation,color,size,0.3400000000000001,20.0,3,female,0,2703.6115466,0,20,0.0,1.0,2.0,1.0,0.0,0.0,0.0,16.0,14.0
27,28,1.0,0.0,0.0,1.0,2.0,0.8843349000001126,-25.0,15.0,0.4600000000000001,orientation,color,size,0.3400000000000001,20.0,3,female,0,2703.6115466,0,20,0.0,1.0,2.0,0.0,0.0,0.0,0.0,17.0,15.0
28,29,1.0,1.0,0.0,0.0,2.0,0.9834335000000464,-70.0,14.0,0.4600000000000001,orientation,color,size,0.3400000000000001,20.0,3,female,0,2703.6115466,0,20,1.0,1.0,2.0,0.0,0.0,0.0,0.0,18.0,16.0
29,30,1.0,1.0,1.0,1.0,2.0,0.8069840000000568,51.5,19.0,0.42,orientation,color,size,0.3400000000000001,20.0,3,female,0,2703.6115466,1,20,0.0,1.0,2.0,-1.0,0.0,0.0,0.0,19.0,17.0
30,31,1.0,0.0,0.0,1.0,2.0,1.1997108999999,-61.0,11.0,0.26,orientation,color,size,0.3400000000000001,20.0,3,female,0,2703.6115466,0,20,0.0,1.0,2.0,1.0,0.0,0.0,0.0,20.0,18.0
31,32,1.0,0.0,0.0,1.0,2.0,0.9672130000001288,-2.5,2.0,0.4600000000000001,orientation,color,size,0.3400000000000001,20.0,3,female,0,2703.6115466,0,20,0.0,1.0,2.0,0.0,0.0,0.0,0.0,21.0,19.0
32,33,1.0,0.0,0.0,1.0,2.0,1.549854200000027,-34.0,3.0,0.1,orientation,color,size,0.3400000000000001,20.0,3,female,0,2703.6115466,0,20,0.0,1.0,2.0,0.0,0.0,0.0,0.0,22.0,20.0
33,34,1.0,1.0,1.0,1.0,2.0,2.800008800000114,87.5,23.0,0.3400000000000001,orientation,color,size,0.3400000000000001,20.0,3,female,0,2703.6115466,0,20,0.0,1.0,2.0,0.0,0.0,0.0,0.0,23.0,21.0
34,35,1.0,0.0,0.0,1.0,2.0,0.9160937999999988,-34.0,11.0,0.3,orientation,color,size,0.3400000000000001,20.0,3,female,0,2703.6115466,0,20,0.0,1.0,2.0,0.0,0.0,0.0,0.0,24.0,22.0
35,36,1.0,0.0,0.0,1.0,2.0,0.7503687999999329,-29.5,19.0,0.3,orientation,color,size,0.3400000000000001,20.0,3,female,0,2703.6115466,0,20,0.0,1.0,2.0,0.0,0.0,0.0,0.0,25.0,23.0
36,37,1.0,0.0,0.0,1.0,2.0,0.8512080000000424,-7.0,13.0,0.3400000000000001,orientation,color,size,0.3400000000000001,20.0,3,female,0,2703.6115466,0,20,0.0,1.0,2.0,0.0,0.0,0.0,0.0,26.0,24.0
37,38,1.0,0.0,0.0,1.0,2.0,0.9512836000001244,-61.0,0.0,0.3,orientation,color,size,0.3400000000000001,20.0,3,female,0,2703.6115466,0,20,0.0,1.0,2.0,0.0,0.0,0.0,0.0,27.0,25.0
38,39,1.0,0.0,0.0,1.0,2.0,0.8831164999999146,-7.0,7.0,0.26,orientation,color,size,0.3400000000000001,20.0,3,female,0,2703.6115466,0,20,0.0,1.0,2.0,0.0,0.0,0.0,0.0,28.0,26.0
39,40,2.0,2.0,0.0,0.0,4.0,0.8491665999999896,15.5,12.0,0.18,orientation,color,size,0.3400000000000001,20.0,3,female,0,2703.6115466,1,20,0.0,1.0,2.0,0.0,0.0,0.0,1.0,0.0,27.0
40,41,2.0,2.0,0.0,0.0,4.0,1.19968700000004,-7.0,3.0,0.4600000000000001,orientation,color,size,0.3400000000000001,20.0,3,female,0,2703.6115466,1,20,0.0,1.0,2.0,0.0,0.0,0.0,2.0,0.0,28.0
41,42,2.0,0.0,1.0,0.0,4.0,1.1995978000002196,6.5,16.0,0.1,orientation,color,size,0.3400000000000001,20.0,3,female,0,2703.6115466,1,20,0.0,1.0,2.0,0.0,0.0,0.0,3.0,0.0,29.0
42,43,2.0,0.0,1.0,0.0,4.0,2.2657683999998426,-70.0,24.0,0.4600000000000001,orientation,color,size,0.3400000000000001,20.0,3,female,0,2703.6115466,1,20,0.0,1.0,2.0,0.0,0.0,0.0,4.0,0.0,30.0
43,44,2.0,1.0,1.0,1.0,4.0,0.7492096999999376,-34.0,18.0,0.14,orientation,color,size,0.3400000000000001,20.0,3,female,0,2703.6115466,1,20,0.0,0.0,2.0,0.0,0.0,0.0,5.0,0.0,31.0
44,45,2.0,2.0,3.0,0.0,4.0,0.950322500000084,87.5,17.0,0.3400000000000001,orientation,color,size,0.3400000000000001,20.0,3,female,0,2703.6115466,0,20,0.0,1.0,2.0,0.0,1.0,0.0,6.0,0.0,32.0
45,46,2.0,1.0,0.0,0.0,4.0,1.166886199999908,-34.0,7.0,0.18,orientation,color,size,0.3400000000000001,20.0,3,female,0,2703.6115466,1,20,0.0,1.0,2.0,0.0,-1.0,0.0,7.0,0.0,33.0
46,47,2.0,0.0,3.0,0.0,4.0,1.5993095000001176,83.0,23.0,0.26,orientation,color,size,0.3400000000000001,20.0,3,female,0,2703.6115466,1,20,0.0,2.0,2.0,0.0,0.0,0.0,8.0,0.0,34.0
47,48,2.0,3.0,2.0,0.0,4.0,1.082005499999923,87.5,11.0,0.3400000000000001,orientation,color,size,0.3400000000000001,20.0,3,female,0,2703.6115466,1,20,0.0,1.0,2.0,0.0,-1.0,0.0,9.0,0.0,35.0
48,49,2.0,2.0,3.0,0.0,4.0,1.3163167000000158,20.0,14.0,0.26,orientation,color,size,0.3400000000000001,20.0,3,female,0,2703.6115466,1,20,0.0,1.0,2.0,0.0,1.0,0.0,10.0,0.0,36.0
49,50,2.0,3.0,1.0,0.0,4.0,1.0825357999999596,11.0,21.0,0.22,orientation,color,size,0.3400000000000001,20.0,3,female,0,2703.6115466,1,20,0.0,1.0,2.0,0.0,0.0,0.0,11.0,0.0,37.0
50,51,2.0,1.0,0.0,0.0,4.0,1.9658171999999468,-20.5,5.0,0.1,orientation,color,size,0.3400000000000001,20.0,3,female,0,2703.6115466,1,20,0.0,1.0,2.0,0.0,0.0,0.0,12.0,0.0,38.0
51,52,2.0,3.0,2.0,0.0,4.0,2.299289499999986,24.5,6.0,0.26,orientation,color,size,0.3400000000000001,20.0,3,female,0,2703.6115466,1,20,0.0,1.0,2.0,0.0,0.0,0.0,13.0,0.0,39.0
52,53,2.0,1.0,1.0,1.0,4.0,0.8489491000000271,-7.0,24.0,0.4600000000000001,orientation,color,size,0.3400000000000001,20.0,3,female,0,2703.6115466,1,20,0.0,0.0,2.0,0.0,0.0,0.0,14.0,0.0,40.0
53,54,2.0,1.0,1.0,1.0,4.0,0.8332955999999285,-20.5,24.0,0.42,orientation,color,size,0.3400000000000001,20.0,3,female,0,2703.6115466,0,20,0.0,0.0,2.0,0.0,1.0,0.0,15.0,0.0,41.0
54,55,2.0,1.0,0.0,0.0,4.0,1.1823558000000958,-43.0,10.0,0.38,orientation,color,size,0.3400000000000001,20.0,3,female,0,2703.6115466,0,20,0.0,1.0,2.0,0.0,0.0,0.0,16.0,0.0,42.0
55,56,2.0,1.0,1.0,1.0,4.0,1.065287799999851,-74.5,17.0,0.38,orientation,color,size,0.3400000000000001,20.0,3,female,0,2703.6115466,1,20,0.0,0.0,2.0,0.0,-1.0,0.0,17.0,0.0,43.0
56,57,2.0,1.0,2.0,0.0,4.0,0.7169917000001078,87.5,1.0,0.22,orientation,color,size,0.3400000000000001,20.0,3,female,0,2703.6115466,0,20,0.0,2.0,2.0,0.0,1.0,0.0,18.0,0.0,44.0
57,58,2.0,1.0,0.0,0.0,4.0,0.6826720999999907,-52.0,9.0,0.3400000000000001,orientation,color,size,0.3400000000000001,20.0,3,female,0,2703.6115466,1,20,0.0,1.0,2.0,0.0,-2.0,0.0,19.0,0.0,45.0
58,59,2.0,2.0,2.0,1.0,4.0,1.4821289999999865,29.0,8.0,0.26,orientation,color,size,0.3400000000000001,20.0,3,female,0,2703.6115466,1,20,0.0,0.0,2.0,0.0,1.0,0.0,20.0,0.0,46.0
59,60,2.0,1.0,1.0,1.0,4.0,2.933701299999939,-7.0,13.0,0.14,orientation,color,size,0.3400000000000001,20.0,3,female,0,2703.6115466,0,20,0.0,0.0,2.0,0.0,1.0,0.0,21.0,0.0,47.0
60,61,2.0,2.0,1.0,0.0,4.0,1.467326899999989,15.5,17.0,0.42,orientation,color,size,0.3400000000000001,20.0,3,female,0,2703.6115466,0,20,0.0,2.0,2.0,0.0,0.0,0.0,22.0,0.0,48.0
61,62,2.0,1.0,1.0,1.0,4.0,0.8998700000001918,-7.0,15.0,0.4600000000000001,orientation,color,size,0.3400000000000001,20.0,3,female,0,2703.6115466,1,20,0.0,0.0,2.0,0.0,-2.0,0.0,23.0,0.0,49.0
62,63,2.0,2.0,2.0,1.0,4.0,1.85007870000004,78.5,1.0,0.26,orientation,color,size,0.3400000000000001,20.0,3,female,0,2703.6115466,0,20,0.0,0.0,2.0,0.0,2.0,0.0,24.0,0.0,50.0
63,64,2.0,1.0,0.0,0.0,4.0,1.7497931000000335,-52.0,6.0,0.38,orientation,color,size,0.3400000000000001,20.0,3,female,0,2703.6115466,0,20,0.0,1.0,2.0,0.0,0.0,0.0,25.0,0.0,51.0
64,65,2.0,0.0,1.0,0.0,4.0,2.8669957999998132,-38.5,21.0,0.1,orientation,color,size,0.3400000000000001,20.0,3,female,0,2703.6115466,1,20,0.0,1.0,2.0,0.0,-1.0,0.0,26.0,0.0,52.0
65,66,2.0,3.0,3.0,1.0,4.0,3.199738099999877,33.5,18.0,0.1,orientation,color,size,0.3400000000000001,20.0,3,female,0,2703.6115466,1,20,0.0,0.0,2.0,0.0,0.0,0.0,27.0,0.0,53.0
66,67,2.0,3.0,2.0,0.0,4.0,1.2834424000000126,24.5,11.0,0.3400000000000001,orientation,color,size,0.3400000000000001,20.0,3,female,0,2703.6115466,0,20,0.0,1.0,2.0,0.0,1.0,0.0,28.0,0.0,54.0
67,68,2.0,1.0,1.0,1.0,4.0,0.9334630000000744,-52.0,24.0,0.3400000000000001,orientation,color,size,0.3400000000000001,20.0,3,female,0,2703.6115466,1,20,0.0,0.0,2.0,0.0,-1.0,0.0,29.0,0.0,55.0
68,69,2.0,1.0,0.0,0.0,4.0,0.8825321000001622,-20.5,9.0,0.22,orientation,color,size,0.3400000000000001,20.0,3,female,0,2703.6115466,0,20,0.0,1.0,2.0,0.0,1.0,0.0,30.0,0.0,56.0
69,70,2.0,2.0,2.0,1.0,4.0,1.3320071000000553,56.0,6.0,0.1,orientation,color,size,0.3400000000000001,20.0,3,female,0,2703.6115466,1,20,0.0,0.0,2.0,0.0,-1.0,0.0,31.0,0.0,57.0
70,71,2.0,3.0,0.0,0.0,4.0,2.3504467000000204,6.5,6.0,0.3,orientation,color,size,0.3400000000000001,20.0,3,female,0,2703.6115466,0,20,0.0,2.0,2.0,0.0,1.0,0.0,32.0,0.0,58.0
71,72,2.0,2.0,3.0,0.0,4.0,1.0002230999998574,65.0,21.0,0.3400000000000001,orientation,color,size,0.3400000000000001,20.0,3,female,0,2703.6115466,1,20,0.0,1.0,2.0,0.0,-2.0,0.0,33.0,0.0,59.0
72,73,2.0,2.0,2.0,1.0,4.0,1.083828999999923,69.5,12.0,0.1,orientation,color,size,0.3400000000000001,20.0,3,female,0,2703.6115466,1,20,0.0,0.0,2.0,0.0,1.0,0.0,34.0,0.0,60.0
73,74,2.0,0.0,0.0,1.0,4.0,1.6511661999998068,-16.0,7.0,0.3,orientation,color,size,0.3400000000000001,20.0,3,female,0,2703.6115466,0,20,0.0,0.0,2.0,0.0,1.0,0.0,35.0,0.0,61.0
74,75,2.0,2.0,2.0,1.0,4.0,0.8327578999999332,83.0,5.0,0.3400000000000001,orientation,color,size,0.3400000000000001,20.0,3,female,0,2703.6115466,0,20,0.0,0.0,2.0,0.0,0.0,0.0,36.0,0.0,62.0
75,76,2.0,3.0,3.0,1.0,4.0,1.799910299999965,56.0,15.0,0.14,orientation,color,size,0.3400000000000001,20.0,3,female,0,2703.6115466,0,20,0.0,0.0,2.0,0.0,0.0,0.0,37.0,0.0,63.0
76,77,2.0,1.0,0.0,0.0,4.0,1.3678189999998267,-16.0,12.0,0.22,orientation,color,size,0.3400000000000001,20.0,3,female,0,2703.6115466,0,20,0.0,1.0,2.0,0.0,0.0,0.0,38.0,0.0,64.0
77,78,2.0,1.0,1.0,1.0,4.0,0.8657631000000947,-56.5,16.0,0.3400000000000001,orientation,color,size,0.3400000000000001,20.0,3,female,0,2703.6115466,1,20,0.0,0.0,2.0,0.0,-1.0,0.0,39.0,0.0,65.0
78,79,2.0,3.0,1.0,0.0,4.0,1.6836095999999543,11.0,23.0,0.1,orientation,color,size,0.3400000000000001,20.0,3,female,0,2703.6115466,0,20,0.0,1.0,2.0,0.0,1.0,0.0,40.0,0.0,66.0
79,80,2.0,2.0,0.0,0.0,4.0,1.1499473999999736,11.0,2.0,0.22,orientation,color,size,0.3400000000000001,20.0,3,female,0,2703.6115466,1,20,0.0,1.0,2.0,0.0,-1.0,0.0,41.0,0.0,67.0
80,81,2.0,1.0,1.0,1.0,4.0,0.7991020000001754,-65.5,14.0,0.3400000000000001,orientation,color,size,0.3400000000000001,20.0,3,female,0,2703.6115466,1,20,0.0,0.0,2.0,0.0,0.0,0.0,42.0,0.0,68.0
81,82,2.0,1.0,1.0,1.0,4.0,1.6666715000001204,-88.0,22.0,0.4600000000000001,orientation,color,size,0.3400000000000001,20.0,3,female,0,2703.6115466,0,20,0.0,0.0,2.0,0.0,1.0,0.0,43.0,0.0,69.0
82,83,2.0,1.0,0.0,0.0,4.0,0.8503114000000096,-65.5,9.0,0.4600000000000001,orientation,color,size,0.3400000000000001,20.0,3,female,0,2703.6115466,0,20,0.0,1.0,2.0,0.0,0.0,0.0,44.0,0.0,70.0
83,84,2.0,1.0,0.0,0.0,4.0,0.7663760000000366,-56.5,4.0,0.1,orientation,color,size,0.3400000000000001,20.0,3,female,0,2703.6115466,1,20,0.0,1.0,2.0,0.0,-1.0,0.0,45.0,0.0,71.0
84,85,2.0,2.0,2.0,1.0,4.0,0.8999453000001267,42.5,0.0,0.3,orientation,color,size,0.3400000000000001,20.0,3,female,0,2703.6115466,1,20,0.0,0.0,2.0,0.0,0.0,0.0,46.0,0.0,72.0
85,86,2.0,0.0,1.0,0.0,4.0,1.8336795999998683,-56.5,24.0,0.14,orientation,color,size,0.3400000000000001,20.0,3,female,0,2703.6115466,0,20,0.0,1.0,2.0,0.0,1.0,0.0,47.0,0.0,73.0
86,87,2.0,1.0,1.0,1.0,4.0,0.9995080999999572,-38.5,14.0,0.3400000000000001,orientation,color,size,0.3400000000000001,20.0,3,female,0,2703.6115466,1,20,0.0,0.0,2.0,0.0,-1.0,0.0,48.0,0.0,74.0
87,88,2.0,2.0,0.0,0.0,4.0,2.0340839000000415,6.5,10.0,0.14,orientation,color,size,0.3400000000000001,20.0,3,female,0,2703.6115466,0,20,0.0,1.0,2.0,0.0,1.0,0.0,49.0,0.0,75.0
88,89,2.0,1.0,1.0,1.0,4.0,0.8665098999999827,-88.0,23.0,0.42,orientation,color,size,0.3400000000000001,20.0,3,female,0,2703.6115466,1,20,0.0,0.0,2.0,0.0,-1.0,0.0,50.0,0.0,76.0
89,90,2.0,3.0,0.0,0.0,4.0,3.7327202999999822,15.5,5.0,0.14,orientation,color,size,0.3400000000000001,20.0,3,female,0,2703.6115466,0,20,0.0,2.0,2.0,0.0,1.0,0.0,51.0,0.0,77.0
90,91,2.0,1.0,1.0,1.0,4.0,0.4669144000004053,-83.5,21.0,0.42,orientation,color,size,0.3400000000000001,20.0,3,female,0,2703.6115466,1,20,0.0,0.0,2.0,0.0,-2.0,0.0,52.0,0.0,78.0
91,92,2.0,0.0,0.0,1.0,4.0,0.2506905000000188,6.5,3.0,0.26,orientation,color,size,0.3400000000000001,20.0,3,female,0,2703.6115466,0,20,0.0,0.0,2.0,0.0,2.0,0.0,53.0,0.0,79.0
92,93,2.0,2.0,3.0,0.0,4.0,0.8166017000003194,33.5,22.0,0.26,orientation,color,size,0.3400000000000001,20.0,3,female,0,2703.6115466,0,20,0.0,1.0,2.0,0.0,0.0,0.0,54.0,0.0,80.0
93,94,2.0,1.0,2.0,0.0,4.0,0.2986378999999033,69.5,0.0,0.18,orientation,color,size,0.3400000000000001,20.0,3,female,0,2703.6115466,1,20,0.0,2.0,2.0,0.0,-1.0,0.0,55.0,0.0,81.0
94,95,2.0,1.0,1.0,1.0,4.0,1.0322197999998934,-7.0,22.0,0.38,orientation,color,size,0.3400000000000001,20.0,3,female,0,2703.6115466,1,20,0.0,0.0,2.0,0.0,-1.0,0.0,56.0,0.0,82.0
95,96,2.0,2.0,2.0,1.0,4.0,1.3668394999999691,60.5,0.0,0.42,orientation,color,size,0.3400000000000001,20.0,3,female,0,2703.6115466,0,20,0.0,0.0,2.0,0.0,2.0,0.0,57.0,0.0,83.0
96,97,2.0,2.0,2.0,1.0,4.0,1.0169649999998,38.0,6.0,0.42,orientation,color,size,0.3400000000000001,20.0,3,female,0,2703.6115466,0,20,0.0,0.0,2.0,0.0,0.0,0.0,58.0,0.0,84.0
97,98,2.0,0.0,1.0,0.0,4.0,1.8505009999998947,11.0,24.0,0.18,orientation,color,size,0.3400000000000001,20.0,3,female,0,2703.6115466,0,20,0.0,1.0,2.0,0.0,0.0,0.0,59.0,0.0,85.0
98,99,2.0,2.0,2.0,1.0,4.0,0.9495811000001596,38.0,2.0,0.18,orientation,color,size,0.3400000000000001,20.0,3,female,0,2703.6115466,1,20,0.0,0.0,2.0,0.0,-1.0,0.0,60.0,0.0,86.0
99,100,2.0,2.0,0.0,0.0,4.0,1.200416299999688,6.5,12.0,0.3,orientation,color,size,0.3400000000000001,20.0,3,female,0,2703.6115466,0,20,0.0,1.0,2.0,0.0,1.0,0.0,61.0,0.0,87.0
100,101,2.0,1.0,0.0,0.0,4.0,0.6998533000000862,-61.0,1.0,0.26,orientation,color,size,0.3400000000000001,20.0,3,female,0,2703.6115466,1,20,0.0,1.0,2.0,0.0,-1.0,0.0,62.0,0.0,88.0
101,102,1.0,0.0,0.0,1.0,2.0,0.8073420000000624,-11.5,6.0,0.38,orientation,color,size,0.3400000000000001,20.0,3,female,0,2703.6115466,1,20,0.0,1.0,2.0,0.0,-1.0,0.0,0.0,1.0,89.0
102,103,1.0,1.0,1.0,1.0,2.0,0.6175011999998787,56.0,3.0,0.38,orientation,color,size,0.3400000000000001,20.0,3,female,0,2703.6115466,0,20,0.0,1.0,2.0,0.0,-1.0,0.0,0.0,2.0,90.0
103,104,1.0,0.0,0.0,1.0,2.0,0.6504151000003731,-65.5,2.0,0.3,orientation,color,size,0.3400000000000001,20.0,3,female,0,2703.6115466,0,20,0.0,1.0,2.0,0.0,-1.0,0.0,0.0,3.0,91.0
104,105,1.0,0.0,0.0,1.0,2.0,1.0345746000002691,-70.0,8.0,0.3400000000000001,orientation,color,size,0.3400000000000001,20.0,3,female,0,2703.6115466,0,20,0.0,1.0,2.0,0.0,-1.0,0.0,0.0,4.0,92.0
105,106,1.0,1.0,0.0,0.0,2.0,0.8340625999999247,6.5,20.0,0.3,orientation,color,size,0.3400000000000001,20.0,3,female,0,2703.6115466,0,20,1.0,1.0,2.0,0.0,-1.0,0.0,0.0,5.0,93.0
106,107,1.0,0.0,0.0,1.0,2.0,0.7908668000000034,-70.0,4.0,0.3,orientation,color,size,0.3400000000000001,20.0,3,female,0,2703.6115466,1,20,0.0,1.0,2.0,-1.0,-1.0,0.0,0.0,6.0,94.0
107,108,1.0,1.0,1.0,1.0,2.0,0.4998353999999381,78.5,20.0,0.38,orientation,color,size,0.3400000000000001,20.0,3,female,0,2703.6115466,0,20,0.0,1.0,2.0,1.0,-1.0,0.0,0.0,7.0,95.0
108,109,1.0,1.0,1.0,1.0,2.0,1.2502704000003175,83.0,21.0,0.4600000000000001,orientation,color,size,0.3400000000000001,20.0,3,female,0,2703.6115466,0,20,0.0,1.0,2.0,0.0,-1.0,0.0,0.0,8.0,96.0
109,110,1.0,0.0,0.0,1.0,2.0,2.2839257999999063,-16.0,15.0,0.18,orientation,color,size,0.3400000000000001,20.0,3,female,0,2703.6115466,0,20,0.0,1.0,2.0,0.0,-1.0,0.0,0.0,9.0,97.0
110,111,1.0,0.0,0.0,1.0,2.0,1.550170900000012,-88.0,16.0,0.22,orientation,color,size,0.3400000000000001,20.0,3,female,0,2703.6115466,0,20,0.0,1.0,2.0,0.0,-1.0,0.0,0.0,10.0,98.0
111,112,1.0,0.0,0.0,1.0,2.0,0.8338860000003478,-56.5,10.0,0.38,orientation,color,size,0.3400000000000001,20.0,3,female,0,2703.6115466,0,20,0.0,1.0,2.0,0.0,-1.0,0.0,0.0,11.0,99.0
112,113,1.0,1.0,1.0,1.0,2.0,0.7834742000000006,56.0,20.0,0.42,orientation,color,size,0.3400000000000001,20.0,3,female,0,2703.6115466,0,20,0.0,1.0,2.0,0.0,-1.0,0.0,0.0,12.0,100.0
113,114,1.0,0.0,0.0,1.0,2.0,0.8342139999999745,-7.0,15.0,0.3,orientation,color,size,0.3400000000000001,20.0,3,female,0,2703.6115466,0,20,0.0,1.0,2.0,0.0,-1.0,0.0,0.0,13.0,101.0
114,115,1.0,0.0,0.0,1.0,2.0,1.1004414999997607,-2.5,0.0,0.26,orientation,color,size,0.3400000000000001,20.0,3,female,0,2703.6115466,0,20,0.0,1.0,2.0,0.0,-1.0,0.0,0.0,14.0,102.0
115,116,1.0,0.0,0.0,1.0,2.0,1.0675725000000966,-38.5,5.0,0.1,orientation,color,size,0.3400000000000001,20.0,3,female,0,2703.6115466,0,20,0.0,1.0,2.0,0.0,-1.0,0.0,0.0,15.0,103.0
116,117,2.0,1.0,0.0,0.0,4.0,0.8307442000000265,-43.0,12.0,0.3400000000000001,orientation,color,size,0.3400000000000001,20.0,3,female,0,2703.6115466,1,20,0.0,1.0,2.0,0.0,0.0,0.0,1.0,0.0,104.0
117,118,2.0,0.0,1.0,0.0,4.0,1.4813704999996844,-7.0,22.0,0.42,orientation,color,size,0.3400000000000001,20.0,3,female,0,2703.6115466,1,20,0.0,1.0,2.0,0.0,0.0,0.0,2.0,0.0,105.0
118,119,2.0,2.0,3.0,0.0,4.0,2.582826099999693,24.5,19.0,0.26,orientation,color,size,0.3400000000000001,20.0,3,female,0,2703.6115466,1,20,0.0,1.0,2.0,0.0,0.0,0.0,3.0,0.0,106.0
119,120,2.0,0.0,1.0,0.0,4.0,3.216722600000139,-56.5,13.0,0.18,orientation,color,size,0.3400000000000001,20.0,3,female,0,2703.6115466,1,20,0.0,1.0,2.0,0.0,0.0,0.0,4.0,0.0,107.0
120,121,2.0,2.0,2.0,1.0,4.0,2.199108199999955,65.0,8.0,0.42,orientation,color,size,0.3400000000000001,20.0,3,female,0,2703.6115466,1,20,0.0,0.0,2.0,0.0,0.0,0.0,5.0,0.0,108.0
121,122,2.0,1.0,0.0,0.0,4.0,1.2159004999998615,-61.0,3.0,0.1,orientation,color,size,0.3400000000000001,20.0,3,female,0,2703.6115466,0,20,0.0,1.0,2.0,0.0,1.0,0.0,6.0,0.0,109.0
122,123,2.0,2.0,3.0,0.0,4.0,2.6664095000001,74.0,21.0,0.1,orientation,color,size,0.3400000000000001,20.0,3,female,0,2703.6115466,1,20,0.0,1.0,2.0,0.0,-1.0,0.0,7.0,0.0,110.0
123,124,2.0,1.0,1.0,1.0,4.0,0.8157069999997475,-61.0,22.0,0.26,orientation,color,size,0.3400000000000001,20.0,3,female,0,2703.6115466,1,20,0.0,0.0,2.0,0.0,0.0,0.0,8.0,0.0,111.0
124,125,2.0,1.0,0.0,0.0,4.0,0.7505965000000288,-61.0,8.0,0.42,orientation,color,size,0.3400000000000001,20.0,3,female,0,2703.6115466,0,20,0.0,1.0,2.0,0.0,1.0,0.0,9.0,0.0,112.0
125,126,2.0,1.0,1.0,1.0,4.0,1.0827300000000832,-20.5,20.0,0.26,orientation,color,size,0.3400000000000001,20.0,3,female,0,2703.6115466,1,20,0.0,0.0,2.0,0.0,-1.0,0.0,10.0,0.0,113.0
126,127,2.0,0.0,1.0,0.0,4.0,0.8335581000001184,-38.5,14.0,0.38,orientation,color,size,0.3400000000000001,20.0,3,female,0,2703.6115466,0,20,0.0,1.0,2.0,0.0,1.0,0.0,11.0,0.0,114.0
127,128,2.0,1.0,0.0,0.0,4.0,1.1674537999997483,-88.0,12.0,0.22,orientation,color,size,0.3400000000000001,20.0,3,female,0,2703.6115466,1,20,0.0,1.0,2.0,0.0,-1.0,0.0,12.0,0.0,115.0
128,129,2.0,2.0,2.0,1.0,4.0,0.9164073000001736,29.0,11.0,0.42,orientation,color,size,0.3400000000000001,20.0,3,female,0,2703.6115466,1,20,0.0,0.0,2.0,0.0,0.0,0.0,13.0,0.0,116.0
129,130,2.0,2.0,2.0,1.0,4.0,1.3667476000000534,20.0,0.0,0.18,orientation,color,size,0.3400000000000001,20.0,3,female,0,2703.6115466,0,20,0.0,0.0,2.0,0.0,1.0,0.0,14.0,0.0,117.0
130,131,2.0,1.0,0.0,0.0,4.0,2.801195299999563,-7.0,12.0,0.26,orientation,color,size,0.3400000000000001,20.0,3,female,0,2703.6115466,0,20,0.0,1.0,2.0,0.0,0.0,0.0,15.0,0.0,118.0
131,132,2.0,1.0,0.0,0.0,4.0,0.7978376000000935,-83.5,2.0,0.26,orientation,color,size,0.3400000000000001,20.0,3,female,0,2703.6115466,1,20,0.0,1.0,2.0,0.0,-1.0,0.0,16.0,0.0,119.0
132,133,2.0,1.0,1.0,1.0,4.0,0.9990066999998816,-52.0,16.0,0.18,orientation,color,size,0.3400000000000001,20.0,3,female,0,2703.6115466,1,20,0.0,0.0,2.0,0.0,0.0,0.0,17.0,0.0,120.0
133,134,2.0,1.0,1.0,1.0,4.0,0.6846623999999792,-43.0,20.0,0.26,orientation,color,size,0.3400000000000001,20.0,3,female,0,2703.6115466,0,20,0.0,0.0,2.0,0.0,1.0,0.0,18.0,0.0,121.0
134,135,2.0,1.0,0.0,0.0,4.0,0.9164967000001524,-29.5,3.0,0.26,orientation,color,size,0.3400000000000001,20.0,3,female,0,2703.6115466,0,20,0.0,1.0,2.0,0.0,0.0,0.0,19.0,0.0,122.0
135,136,2.0,2.0,1.0,0.0,4.0,2.91590079999969,-56.5,17.0,0.1,orientation,color,size,0.3400000000000001,20.0,3,female,0,2703.6115466,1,20,0.0,2.0,2.0,0.0,-1.0,0.0,20.0,0.0,123.0
136,137,2.0,1.0,0.0,0.0,4.0,0.7505562999999711,-52.0,9.0,0.42,orientation,color,size,0.3400000000000001,20.0,3,female,0,2703.6115466,1,20,0.0,1.0,2.0,0.0,-1.0,0.0,21.0,0.0,124.0
137,138,2.0,3.0,3.0,1.0,4.0,1.7985788999999386,24.5,20.0,0.14,orientation,color,size,0.3400000000000001,20.0,3,female,0,2703.6115466,1,20,0.0,0.0,2.0,0.0,1.0,0.0,22.0,0.0,125.0
138,139,2.0,1.0,1.0,1.0,4.0,1.050343999999768,-74.5,18.0,0.22,orientation,color,size,0.3400000000000001,20.0,3,female,0,2703.6115466,0,20,0.0,0.0,2.0,0.0,1.0,0.0,23.0,0.0,126.0
139,140,2.0,2.0,3.0,0.0,4.0,1.9002935000003165,87.5,21.0,0.26,orientation,color,size,0.3400000000000001,20.0,3,female,0,2703.6115466,0,20,0.0,1.0,2.0,0.0,0.0,0.0,24.0,0.0,127.0
140,141,2.0,1.0,0.0,0.0,4.0,0.8664742000000842,-61.0,6.0,0.14,orientation,color,size,0.3400000000000001,20.0,3,female,0,2703.6115466,1,20,0.0,1.0,2.0,0.0,-1.0,0.0,25.0,0.0,128.0
141,142,2.0,2.0,2.0,1.0,4.0,1.183213099999648,38.0,7.0,0.3400000000000001,orientation,color,size,0.3400000000000001,20.0,3,female,0,2703.6115466,1,20,0.0,0.0,2.0,0.0,0.0,0.0,26.0,0.0,129.0
142,143,2.0,2.0,3.0,0.0,4.0,0.6999935000003461,56.0,16.0,0.3400000000000001,orientation,color,size,0.3400000000000001,20.0,3,female,0,2703.6115466,0,20,0.0,1.0,2.0,0.0,1.0,0.0,27.0,0.0,130.0
143,144,2.0,3.0,0.0,0.0,4.0,1.166783099999975,6.5,11.0,0.38,orientation,color,size,0.3400000000000001,20.0,3,female,0,2703.6115466,1,20,0.0,2.0,2.0,0.0,-1.0,0.0,28.0,0.0,131.0
144,145,2.0,1.0,1.0,1.0,4.0,0.7491473000000042,-25.0,20.0,0.22,orientation,color,size,0.3400000000000001,20.0,3,female,0,2703.6115466,1,20,0.0,0.0,2.0,0.0,-1.0,0.0,29.0,0.0,132.0
145,146,2.0,2.0,3.0,0.0,4.0,1.8835447000001295,42.5,15.0,0.14,orientation,color,size,0.3400000000000001,20.0,3,female,0,2703.6115466,0,20,0.0,1.0,2.0,0.0,2.0,0.0,30.0,0.0,133.0
146,147,2.0,3.0,1.0,0.0,4.0,1.233578000000307,2.0,23.0,0.14,orientation,color,size,0.3400000000000001,20.0,3,female,0,2703.6115466,1,20,0.0,1.0,2.0,0.0,-1.0,0.0,31.0,0.0,134.0
147,148,2.0,1.0,1.0,1.0,4.0,0.7827341000001979,-47.5,19.0,0.22,orientation,color,size,0.3400000000000001,20.0,3,female,0,2703.6115466,1,20,0.0,0.0,2.0,0.0,0.0,0.0,32.0,0.0,135.0
148,149,2.0,0.0,0.0,1.0,4.0,3.249938700000257,-16.0,4.0,0.4600000000000001,orientation,color,size,0.3400000000000001,20.0,3,female,0,2703.6115466,0,20,0.0,0.0,2.0,0.0,1.0,0.0,33.0,0.0,136.0
149,150,2.0,1.0,1.0,1.0,4.0,2.034358500000053,-38.5,17.0,0.18,orientation,color,size,0.3400000000000001,20.0,3,female,0,2703.6115466,0,20,0.0,0.0,2.0,0.0,0.0,0.0,34.0,0.0,137.0
150,151,2.0,3.0,0.0,0.0,4.0,3.299895699999979,2.0,5.0,0.4600000000000001,orientation,color,size,0.3400000000000001,20.0,3,female,0,2703.6115466,0,20,0.0,2.0,2.0,0.0,0.0,0.0,35.0,0.0,138.0
151,152,2.0,1.0,1.0,1.0,4.0,1.9005835999996632,-43.0,18.0,0.38,orientation,color,size,0.3400000000000001,20.0,3,female,0,2703.6115466,1,20,0.0,0.0,2.0,0.0,-2.0,0.0,36.0,0.0,139.0
152,153,2.0,2.0,3.0,0.0,4.0,2.033211200000096,42.5,15.0,0.18,orientation,color,size,0.3400000000000001,20.0,3,female,0,2703.6115466,0,20,0.0,1.0,2.0,0.0,2.0,0.0,37.0,0.0,140.0
153,154,2.0,0.0,0.0,1.0,4.0,2.349139599999944,-88.0,12.0,0.42,orientation,color,size,0.3400000000000001,20.0,3,female,0,2703.6115466,1,20,0.0,0.0,2.0,0.0,-1.0,0.0,38.0,0.0,141.0
154,155,2.0,0.0,1.0,0.0,4.0,1.5170530000000326,-79.0,21.0,0.38,orientation,color,size,0.3400000000000001,20.0,3,female,0,2703.6115466,0,20,0.0,1.0,2.0,0.0,1.0,0.0,39.0,0.0,142.0
155,156,2.0,1.0,1.0,1.0,4.0,0.8830309999998462,-47.5,19.0,0.26,orientation,color,size,0.3400000000000001,20.0,3,female,0,2703.6115466,1,20,0.0,0.0,2.0,0.0,-1.0,0.0,40.0,0.0,143.0
156,157,2.0,3.0,2.0,0.0,4.0,4.167258500000116,56.0,4.0,0.1,orientation,color,size,0.3400000000000001,20.0,3,female,0,2703.6115466,0,20,0.0,1.0,2.0,0.0,1.0,0.0,41.0,0.0,144.0
157,158,2.0,2.0,3.0,0.0,4.0,1.3496268999997485,83.0,14.0,0.3,orientation,color,size,0.3400000000000001,20.0,3,female,0,2703.6115466,1,20,0.0,1.0,2.0,0.0,-1.0,0.0,42.0,0.0,145.0
158,159,2.0,1.0,0.0,0.0,4.0,1.2159316000002036,-52.0,1.0,0.14,orientation,color,size,0.3400000000000001,20.0,3,female,0,2703.6115466,1,20,0.0,1.0,2.0,0.0,0.0,0.0,43.0,0.0,146.0
159,160,2.0,1.0,1.0,1.0,4.0,1.150286899999628,-2.5,21.0,0.42,orientation,color,size,0.3400000000000001,20.0,3,female,0,2703.6115466,1,20,0.0,0.0,2.0,0.0,0.0,0.0,44.0,0.0,147.0
160,161,2.0,2.0,2.0,1.0,4.0,1.150898899999902,74.0,5.0,0.26,orientation,color,size,0.3400000000000001,20.0,3,female,0,2703.6115466,0,20,0.0,0.0,2.0,0.0,1.0,0.0,45.0,0.0,148.0
161,162,2.0,2.0,3.0,0.0,4.0,0.7499579000000267,83.0,23.0,0.38,orientation,color,size,0.3400000000000001,20.0,3,female,0,2703.6115466,0,20,0.0,1.0,2.0,0.0,0.0,0.0,46.0,0.0,149.0
162,163,2.0,1.0,0.0,0.0,4.0,0.7823480000001837,-70.0,10.0,0.4600000000000001,orientation,color,size,0.3400000000000001,20.0,3,female,0,2703.6115466,1,20,0.0,1.0,2.0,0.0,-1.0,0.0,47.0,0.0,150.0
163,164,2.0,2.0,2.0,1.0,4.0,0.8991588999997475,83.0,9.0,0.42,orientation,color,size,0.3400000000000001,20.0,3,female,0,2703.6115466,1,20,0.0,0.0,2.0,0.0,0.0,0.0,48.0,0.0,151.0
164,165,2.0,1.0,0.0,0.0,4.0,1.6668648999998368,-61.0,1.0,0.14,orientation,color,size,0.3400000000000001,20.0,3,female,0,2703.6115466,0,20,0.0,1.0,2.0,0.0,1.0,0.0,49.0,0.0,152.0
165,166,2.0,1.0,0.0,0.0,4.0,0.6827745000000505,-83.5,1.0,0.3400000000000001,orientation,color,size,0.3400000000000001,20.0,3,female,0,2703.6115466,1,20,0.0,1.0,2.0,0.0,-1.0,0.0,50.0,0.0,153.0
166,167,2.0,2.0,2.0,1.0,4.0,1.0831054999998742,51.5,3.0,0.3,orientation,color,size,0.3400000000000001,20.0,3,female,0,2703.6115466,1,20,0.0,0.0,2.0,0.0,0.0,0.0,51.0,0.0,154.0
167,168,2.0,1.0,1.0,1.0,4.0,1.0173190999998951,-65.5,14.0,0.26,orientation,color,size,0.3400000000000001,20.0,3,female,0,2703.6115466,0,20,0.0,0.0,2.0,0.0,1.0,0.0,52.0,0.0,155.0
168,169,2.0,3.0,2.0,0.0,4.0,3.4165619000000333,87.5,10.0,0.3400000000000001,orientation,color,size,0.3400000000000001,20.0,3,female,0,2703.6115466,0,20,0.0,1.0,2.0,0.0,0.0,0.0,53.0,0.0,156.0
169,170,2.0,2.0,2.0,1.0,4.0,2.866845299999568,38.0,9.0,0.3,orientation,color,size,0.3400000000000001,20.0,3,female,0,2703.6115466,1,20,0.0,0.0,2.0,0.0,-1.0,0.0,54.0,0.0,157.0
170,171,2.0,0.0,0.0,1.0,4.0,1.9338737999996736,-29.5,11.0,0.18,orientation,color,size,0.3400000000000001,20.0,3,female,0,2703.6115466,0,20,0.0,0.0,2.0,0.0,1.0,0.0,55.0,0.0,158.0
171,172,2.0,0.0,0.0,1.0,4.0,1.4171713999999156,-25.0,5.0,0.3400000000000001,orientation,color,size,0.3400000000000001,20.0,3,female,0,2703.6115466,0,20,0.0,0.0,2.0,0.0,0.0,0.0,56.0,0.0,159.0
172,173,2.0,1.0,1.0,1.0,4.0,1.6172842999999375,-52.0,15.0,0.38,orientation,color,size,0.3400000000000001,20.0,3,female,0,2703.6115466,0,20,0.0,0.0,2.0,0.0,0.0,0.0,57.0,0.0,160.0
173,174,2.0,1.0,1.0,1.0,4.0,1.400664399999641,-70.0,21.0,0.14,orientation,color,size,0.3400000000000001,20.0,3,female,0,2703.6115466,0,20,0.0,0.0,2.0,0.0,0.0,0.0,58.0,0.0,161.0
174,175,2.0,2.0,2.0,1.0,4.0,1.6002622999999403,83.0,5.0,0.26,orientation,color,size,0.3400000000000001,20.0,3,female,0,2703.6115466,0,20,0.0,0.0,2.0,0.0,0.0,0.0,59.0,0.0,162.0
175,176,2.0,1.0,0.0,0.0,4.0,3.568291600000066,-2.5,6.0,0.3,orientation,color,size,0.3400000000000001,20.0,3,female,0,2703.6115466,0,20,0.0,1.0,2.0,0.0,0.0,0.0,60.0,0.0,163.0
176,177,2.0,1.0,0.0,0.0,4.0,1.2335871000000225,-43.0,6.0,0.42,orientation,color,size,0.3400000000000001,20.0,3,female,0,2703.6115466,1,20,0.0,1.0,2.0,0.0,-1.0,0.0,61.0,0.0,164.0
177,178,2.0,3.0,2.0,0.0,4.0,1.2164773999998033,29.0,2.0,0.18,orientation,color,size,0.3400000000000001,20.0,3,female,0,2703.6115466,1,20,0.0,1.0,2.0,0.0,0.0,0.0,62.0,0.0,165.0
178,179,2.0,0.0,1.0,0.0,4.0,2.9837539999998626,2.0,21.0,0.4600000000000001,orientation,color,size,0.3400000000000001,20.0,3,female,0,2703.6115466,1,20,0.0,1.0,2.0,0.0,0.0,0.0,63.0,0.0,166.0
179,180,2.0,1.0,1.0,1.0,4.0,1.065985300000193,-65.5,14.0,0.26,orientation,color,size,0.3400000000000001,20.0,3,female,0,2703.6115466,1,20,0.0,0.0,2.0,0.0,0.0,0.0,64.0,0.0,167.0
180,181,2.0,0.0,0.0,1.0,4.0,1.0338021999996272,-25.0,10.0,0.38,orientation,color,size,0.3400000000000001,20.0,3,female,0,2703.6115466,0,20,0.0,0.0,2.0,0.0,1.0,0.0,65.0,0.0,168.0
181,182,2.0,2.0,2.0,1.0,4.0,1.1505518000003576,60.5,11.0,0.3,orientation,color,size,0.3400000000000001,20.0,3,female,0,2703.6115466,0,20,0.0,0.0,2.0,0.0,0.0,0.0,66.0,0.0,169.0
182,183,2.0,3.0,1.0,0.0,4.0,2.699995299999955,11.0,21.0,0.18,orientation,color,size,0.3400000000000001,20.0,3,female,0,2703.6115466,0,20,0.0,1.0,2.0,0.0,0.0,0.0,67.0,0.0,170.0
183,184,2.0,3.0,2.0,0.0,4.0,1.398739100000057,33.5,2.0,0.18,orientation,color,size,0.3400000000000001,20.0,3,female,0,2703.6115466,1,20,0.0,1.0,2.0,0.0,-1.0,0.0,68.0,0.0,171.0
184,185,2.0,1.0,1.0,1.0,4.0,0.8664711000001262,-70.0,15.0,0.3,orientation,color,size,0.3400000000000001,20.0,3,female,0,2703.6115466,1,20,0.0,0.0,2.0,0.0,0.0,0.0,69.0,0.0,172.0
185,186,2.0,3.0,0.0,0.0,4.0,2.0502285000002303,15.5,1.0,0.1,orientation,color,size,0.3400000000000001,20.0,3,female,0,2703.6115466,0,20,0.0,2.0,2.0,0.0,1.0,0.0,70.0,0.0,173.0
186,187,2.0,2.0,2.0,1.0,4.0,1.1834201000001483,60.5,9.0,0.4600000000000001,orientation,color,size,0.3400000000000001,20.0,3,female,0,2703.6115466,1,20,0.0,0.0,2.0,0.0,-2.0,0.0,71.0,0.0,174.0
187,188,2.0,2.0,3.0,0.0,4.0,1.2002806999998938,83.0,18.0,0.22,orientation,color,size,0.3400000000000001,20.0,3,female,0,2703.6115466,0,20,0.0,1.0,2.0,0.0,2.0,0.0,72.0,0.0,175.0
188,189,2.0,2.0,2.0,1.0,4.0,0.8496578999997837,47.0,8.0,0.18,orientation,color,size,0.3400000000000001,20.0,3,female,0,2703.6115466,1,20,0.0,0.0,2.0,0.0,-1.0,0.0,73.0,0.0,176.0
189,190,2.0,0.0,0.0,1.0,4.0,1.500419299999976,-20.5,10.0,0.38,orientation,color,size,0.3400000000000001,20.0,3,female,0,2703.6115466,0,20,0.0,0.0,2.0,0.0,1.0,0.0,74.0,0.0,177.0
190,191,2.0,1.0,0.0,0.0,4.0,0.7497986000003038,-56.5,12.0,0.38,orientation,color,size,0.3400000000000001,20.0,3,female,0,2703.6115466,0,20,0.0,1.0,2.0,0.0,0.0,0.0,75.0,0.0,178.0
191,192,2.0,1.0,0.0,0.0,4.0,2.8489400999997088,-11.5,5.0,0.22,orientation,color,size,0.3400000000000001,20.0,3,female,0,2703.6115466,1,20,0.0,1.0,2.0,0.0,-1.0,0.0,76.0,0.0,179.0
192,193,2.0,1.0,0.0,0.0,4.0,1.2496830000000043,-83.5,2.0,0.4600000000000001,orientation,color,size,0.3400000000000001,20.0,3,female,0,2703.6115466,1,20,0.0,1.0,2.0,0.0,0.0,0.0,77.0,0.0,180.0
193,194,2.0,2.0,3.0,0.0,4.0,1.0989842000003591,47.0,15.0,0.42,orientation,color,size,0.3400000000000001,20.0,3,female,0,2703.6115466,1,20,0.0,1.0,2.0,0.0,0.0,0.0,78.0,0.0,181.0
194,195,2.0,1.0,1.0,1.0,4.0,0.8319363999999041,-83.5,13.0,0.38,orientation,color,size,0.3400000000000001,20.0,3,female,0,2703.6115466,1,20,0.0,0.0,2.0,0.0,0.0,0.0,79.0,0.0,182.0
195,196,2.0,1.0,1.0,1.0,4.0,1.1503339999999298,-52.0,13.0,0.14,orientation,color,size,0.3400000000000001,20.0,3,female,0,2703.6115466,0,20,0.0,0.0,2.0,0.0,1.0,0.0,80.0,0.0,183.0
196,197,2.0,0.0,1.0,0.0,4.0,1.333227099999931,-16.0,22.0,0.1,orientation,color,size,0.3400000000000001,20.0,3,female,0,2703.6115466,0,20,0.0,1.0,2.0,0.0,0.0,0.0,81.0,0.0,184.0
197,198,2.0,2.0,1.0,0.0,4.0,1.4840546999998878,11.0,20.0,0.22,orientation,color,size,0.3400000000000001,20.0,3,female,0,2703.6115466,1,20,0.0,2.0,2.0,0.0,-1.0,0.0,82.0,0.0,185.0
198,199,2.0,2.0,2.0,1.0,4.0,1.100574399999914,56.0,11.0,0.42,orientation,color,size,0.3400000000000001,20.0,3,female,0,2703.6115466,1,20,0.0,0.0,2.0,0.0,-1.0,0.0,83.0,0.0,186.0
199,200,2.0,1.0,1.0,1.0,4.0,0.8495272999998633,-79.0,15.0,0.3400000000000001,orientation,color,size,0.3400000000000001,20.0,3,female,0,2703.6115466,0,20,0.0,0.0,2.0,0.0,2.0,0.0,84.0,0.0,187.0
200,201,2.0,3.0,3.0,1.0,4.0,1.9325678999998672,29.0,14.0,0.38,orientation,color,size,0.3400000000000001,20.0,3,female,0,2703.6115466,0,20,0.0,0.0,2.0,0.0,0.0,0.0,85.0,0.0,188.0
201,202,2.0,2.0,3.0,0.0,4.0,1.7008078999997451,78.5,18.0,0.3400000000000001,orientation,color,size,0.3400000000000001,20.0,3,female,0,2703.6115466,0,20,0.0,1.0,2.0,0.0,0.0,0.0,86.0,0.0,189.0
202,203,2.0,0.0,1.0,0.0,4.0,5.032072999999855,-34.0,14.0,0.3400000000000001,orientation,color,size,0.3400000000000001,20.0,3,female,0,2703.6115466,1,20,0.0,1.0,2.0,0.0,-1.0,0.0,87.0,0.0,190.0
203,204,2.0,1.0,1.0,1.0,4.0,1.3154047999996692,-34.0,15.0,0.26,orientation,color,size,0.3400000000000001,20.0,3,female,0,2703.6115466,1,20,0.0,0.0,2.0,0.0,0.0,0.0,88.0,0.0,191.0
204,205,2.0,2.0,3.0,0.0,4.0,1.1502403000004051,74.0,18.0,0.14,orientation,color,size,0.3400000000000001,20.0,3,female,0,2703.6115466,0,20,0.0,1.0,2.0,0.0,1.0,0.0,89.0,0.0,192.0
205,206,2.0,1.0,1.0,1.0,4.0,0.8826587000003201,-70.0,24.0,0.42,orientation,color,size,0.3400000000000001,20.0,3,female,0,2703.6115466,1,20,0.0,0.0,2.0,0.0,-1.0,0.0,90.0,0.0,193.0
206,207,2.0,1.0,0.0,0.0,4.0,2.3507340000001022,-52.0,8.0,0.1,orientation,color,size,0.3400000000000001,20.0,3,female,0,2703.6115466,0,20,0.0,1.0,2.0,0.0,1.0,0.0,91.0,0.0,194.0
207,208,2.0,1.0,0.0,0.0,4.0,1.0993126999997005,-34.0,4.0,0.14,orientation,color,size,0.3400000000000001,20.0,3,female,0,2703.6115466,1,20,0.0,1.0,2.0,0.0,-1.0,0.0,92.0,0.0,195.0
208,209,2.0,0.0,1.0,0.0,4.0,1.9655056999999945,-16.0,14.0,0.14,orientation,color,size,0.3400000000000001,20.0,3,female,0,2703.6115466,1,20,0.0,1.0,2.0,0.0,0.0,0.0,93.0,0.0,196.0
209,210,2.0,2.0,3.0,0.0,4.0,1.632524900000135,33.5,22.0,0.26,orientation,color,size,0.3400000000000001,20.0,3,female,0,2703.6115466,1,20,0.0,1.0,2.0,0.0,0.0,0.0,94.0,0.0,197.0
210,211,2.0,2.0,2.0,1.0,4.0,0.8662530999999944,65.0,9.0,0.14,orientation,color,size,0.3400000000000001,20.0,3,female,0,2703.6115466,1,20,0.0,0.0,2.0,0.0,0.0,0.0,95.0,0.0,198.0
211,212,2.0,2.0,3.0,0.0,4.0,1.4341034999997646,78.5,18.0,0.4600000000000001,orientation,color,size,0.3400000000000001,20.0,3,female,0,2703.6115466,0,20,0.0,1.0,2.0,0.0,1.0,0.0,96.0,0.0,199.0
212,213,3.0,4.0,6.0,0.0,8.0,1.7164737000002788,74.0,14.0,0.14,orientation,color,size,0.3400000000000001,20.0,3,female,0,2703.6115466,1,20,0.0,1.0,1.0,0.0,1.0,0.0,97.0,1.0,0.0
213,214,3.0,0.0,6.0,0.0,8.0,1.9817001999999777,29.0,21.0,0.3,orientation,color,size,0.3400000000000001,20.0,3,female,0,2703.6115466,1,20,0.0,1.0,2.0,0.0,1.0,1.0,98.0,2.0,0.0
214,215,3.0,4.0,4.0,1.0,8.0,1.648517699999957,87.5,0.0,0.22,orientation,color,size,0.3400000000000001,20.0,3,female,0,2703.6115466,1,20,0.0,1.0,0.0,0.0,1.0,-1.0,99.0,3.0,0.0
215,216,3.0,3.0,3.0,1.0,8.0,1.1667904000000815,-83.5,21.0,0.42,orientation,color,size,0.3400000000000001,20.0,3,female,0,2703.6115466,0,20,0.0,1.0,0.0,0.0,1.0,2.0,100.0,4.0,0.0
216,217,3.0,6.0,2.0,0.0,8.0,3.0173675000000912,-7.0,24.0,0.14,orientation,color,size,0.3400000000000001,20.0,3,female,0,2703.6115466,0,20,0.0,1.0,1.0,0.0,1.0,0.0,101.0,5.0,0.0
217,218,2.0,3.0,3.0,1.0,4.0,2.1332056000001103,33.5,17.0,0.1,orientation,color,size,0.3400000000000001,20.0,3,female,0,2703.6115466,1,20,0.0,0.0,1.0,0.0,0.0,0.0,102.0,0.0,1.0
218,219,2.0,2.0,2.0,1.0,4.0,0.6347051000002466,51.5,9.0,0.4600000000000001,orientation,color,size,0.3400000000000001,20.0,3,female,0,2703.6115466,0,20,0.0,0.0,1.0,0.0,1.0,0.0,103.0,0.0,2.0
219,220,2.0,3.0,2.0,0.0,4.0,1.2169984000001932,24.5,6.0,0.3400000000000001,orientation,color,size,0.3400000000000001,20.0,3,female,0,2703.6115466,0,20,0.0,1.0,1.0,0.0,0.0,0.0,104.0,0.0,3.0
220,221,3.0,1.0,2.0,0.0,8.0,2.6986989000001813,-38.5,16.0,0.1,orientation,color,size,0.3400000000000001,20.0,3,female,0,2703.6115466,1,20,0.0,1.0,2.0,0.0,0.0,0.0,105.0,1.0,0.0
221,222,3.0,7.0,0.0,0.0,8.0,3.7659811999997146,6.5,8.0,0.14,orientation,color,size,0.3400000000000001,20.0,3,female,0,2703.6115466,1,20,0.0,1.0,3.0,0.0,0.0,-1.0,106.0,2.0,0.0
222,223,3.0,6.0,5.0,0.0,8.0,1.098472000000129,20.0,3.0,0.4600000000000001,orientation,color,size,0.3400000000000001,20.0,3,female,0,2703.6115466,1,20,0.0,1.0,2.0,0.0,0.0,-1.0,107.0,3.0,0.0
223,224,3.0,4.0,6.0,0.0,8.0,1.39893260000008,78.5,14.0,0.3,orientation,color,size,0.3400000000000001,20.0,3,female,0,2703.6115466,1,20,0.0,1.0,1.0,0.0,0.0,1.0,108.0,4.0,0.0
224,225,3.0,4.0,7.0,0.0,8.0,0.91609840000001,87.5,24.0,0.3400000000000001,orientation,color,size,0.3400000000000001,20.0,3,female,0,2703.6115466,1,20,0.0,1.0,2.0,0.0,0.0,1.0,109.0,5.0,0.0
225,226,3.0,3.0,2.0,0.0,8.0,2.782358899999963,-83.5,13.0,0.18,orientation,color,size,0.3400000000000001,20.0,3,female,0,2703.6115466,1,20,0.0,1.0,1.0,0.0,0.0,-1.0,110.0,6.0,0.0
226,227,3.0,2.0,1.0,0.0,8.0,5.065834099999847,-65.5,7.0,0.3400000000000001,orientation,color,size,0.3400000000000001,20.0,3,female,0,2703.6115466,1,20,0.0,1.0,2.0,0.0,0.0,1.0,111.0,7.0,0.0
227,228,3.0,0.0,1.0,0.0,8.0,4.232827100000122,-16.0,11.0,0.42,orientation,color,size,0.3400000000000001,20.0,3,female,0,2703.6115466,1,20,0.0,1.0,1.0,0.0,0.0,-1.0,112.0,8.0,0.0
228,229,3.0,1.0,1.0,1.0,8.0,1.5666111999998975,-43.0,3.0,0.42,orientation,color,size,0.3400000000000001,20.0,3,female,0,2703.6115466,1,20,0.0,1.0,0.0,0.0,0.0,1.0,113.0,9.0,0.0
229,230,3.0,7.0,4.0,0.0,8.0,3.8325801999999385,38.0,3.0,0.14,orientation,color,size,0.3400000000000001,20.0,3,female,0,2703.6115466,0,20,0.0,1.0,2.0,0.0,0.0,1.0,114.0,10.0,0.0
230,231,3.0,4.0,6.0,0.0,8.0,1.3819533000000774,87.5,23.0,0.3,orientation,color,size,0.3400000000000001,20.0,3,female,0,2703.6115466,1,20,0.0,1.0,1.0,0.0,0.0,-2.0,115.0,11.0,0.0
231,232,3.0,7.0,2.0,0.0,8.0,3.5984667000002446,-2.5,21.0,0.14,orientation,color,size,0.3400000000000001,20.0,3,female,0,2703.6115466,1,20,0.0,1.0,2.0,0.0,0.0,1.0,116.0,12.0,0.0
232,233,2.0,2.0,3.0,0.0,4.0,1.3500620999998318,42.5,15.0,0.3,orientation,color,size,0.3400000000000001,20.0,3,female,0,2703.6115466,1,20,0.0,1.0,2.0,0.0,0.0,1.0,117.0,0.0,1.0
233,234,2.0,1.0,1.0,1.0,4.0,0.9651479000003746,-52.0,24.0,0.4600000000000001,orientation,color,size,0.3400000000000001,20.0,3,female,0,2703.6115466,1,20,0.0,0.0,2.0,0.0,0.0,1.0,118.0,0.0,2.0
234,235,2.0,0.0,0.0,1.0,4.0,2.5998097000001508,-38.5,3.0,0.14,orientation,color,size,0.3400000000000001,20.0,3,female,0,2703.6115466,0,20,0.0,0.0,2.0,0.0,1.0,1.0,119.0,0.0,3.0
235,236,2.0,2.0,3.0,0.0,4.0,1.9175598000001628,78.5,14.0,0.18,orientation,color,size,0.3400000000000001,20.0,3,female,0,2703.6115466,0,20,0.0,1.0,2.0,0.0,0.0,1.0,120.0,0.0,4.0
236,237,3.0,2.0,3.0,0.0,8.0,3.99892329999966,-2.5,17.0,0.4600000000000001,orientation,color,size,0.3400000000000001,20.0,3,female,0,2703.6115466,1,20,0.0,1.0,1.0,0.0,0.0,0.0,121.0,1.0,0.0
237,238,2.0,0.0,0.0,1.0,4.0,1.8340681999998196,-20.5,6.0,0.3,orientation,color,size,0.3400000000000001,20.0,3,female,0,2703.6115466,1,20,0.0,0.0,1.0,0.0,0.0,0.0,122.0,0.0,1.0
238,239,2.0,0.0,1.0,0.0,4.0,1.4844747000001917,-20.5,14.0,0.4600000000000001,orientation,color,size,0.3400000000000001,20.0,3,female,0,2703.6115466,0,20,0.0,1.0,1.0,0.0,1.0,0.0,123.0,0.0,2.0
239,240,2.0,3.0,0.0,0.0,4.0,1.0155781999997089,15.5,5.0,0.42,orientation,color,size,0.3400000000000001,20.0,3,female,0,2703.6115466,1,20,0.0,2.0,1.0,0.0,-1.0,0.0,124.0,0.0,3.0
240,241,2.0,0.0,2.0,0.0,4.0,0.6158923000002687,78.5,0.0,0.26,orientation,color,size,0.3400000000000001,20.0,3,female,0,2703.6115466,1,20,0.0,1.0,1.0,0.0,-1.0,0.0,125.0,0.0,4.0
241,242,2.0,1.0,1.0,1.0,4.0,1.216234699999859,-65.5,16.0,0.1,orientation,color,size,0.3400000000000001,20.0,3,female,0,2703.6115466,1,20,0.0,0.0,1.0,0.0,1.0,0.0,126.0,0.0,5.0
242,243,2.0,1.0,1.0,1.0,4.0,1.417576199999985,-79.0,14.0,0.42,orientation,color,size,0.3400000000000001,20.0,3,female,0,2703.6115466,0,20,0.0,0.0,1.0,0.0,1.0,0.0,127.0,0.0,6.0
243,244,2.0,2.0,2.0,1.0,4.0,1.4005204999998568,78.5,3.0,0.26,orientation,color,size,0.3400000000000001,20.0,3,female,0,2703.6115466,0,20,0.0,0.0,1.0,0.0,0.0,0.0,128.0,0.0,7.0
244,245,2.0,1.0,0.0,0.0,4.0,2.4669925000002877,-65.5,6.0,0.1,orientation,color,size,0.3400000000000001,20.0,3,female,0,2703.6115466,0,20,0.0,1.0,1.0,0.0,0.0,0.0,129.0,0.0,8.0
245,246,2.0,2.0,2.0,1.0,4.0,1.1151309000001677,65.0,8.0,0.4600000000000001,orientation,color,size,0.3400000000000001,20.0,3,female,0,2703.6115466,1,20,0.0,0.0,1.0,0.0,-1.0,0.0,130.0,0.0,9.0
246,247,2.0,0.0,0.0,1.0,4.0,1.267001799999889,-25.0,12.0,0.18,orientation,color,size,0.3400000000000001,20.0,3,female,0,2703.6115466,0,20,0.0,0.0,1.0,0.0,1.0,0.0,131.0,0.0,10.0
247,248,2.0,1.0,0.0,0.0,4.0,1.0841378999998597,-52.0,0.0,0.42,orientation,color,size,0.3400000000000001,20.0,3,female,0,2703.6115466,0,20,0.0,1.0,1.0,0.0,0.0,0.0,132.0,0.0,11.0
248,249,2.0,1.0,1.0,1.0,4.0,0.7658424000001105,-88.0,15.0,0.3,orientation,color,size,0.3400000000000001,20.0,3,female,0,2703.6115466,1,20,0.0,0.0,1.0,0.0,-1.0,0.0,133.0,0.0,12.0
249,250,2.0,3.0,3.0,1.0,4.0,1.565739399999984,33.5,14.0,0.1,orientation,color,size,0.3400000000000001,20.0,3,female,0,2703.6115466,0,20,0.0,0.0,1.0,0.0,1.0,0.0,134.0,0.0,13.0
250,251,2.0,3.0,0.0,0.0,4.0,2.916909300000043,6.5,4.0,0.1,orientation,color,size,0.3400000000000001,20.0,3,female,0,2703.6115466,0,20,0.0,2.0,1.0,0.0,0.0,0.0,135.0,0.0,14.0
251,252,2.0,2.0,1.0,0.0,4.0,2.7654176999999436,-16.0,21.0,0.1,orientation,color,size,0.3400000000000001,20.0,3,female,0,2703.6115466,1,20,0.0,2.0,1.0,0.0,-2.0,0.0,136.0,0.0,15.0
252,253,2.0,1.0,1.0,1.0,4.0,1.366247899999962,-43.0,24.0,0.3,orientation,color,size,0.3400000000000001,20.0,3,female,0,2703.6115466,1,20,0.0,0.0,1.0,0.0,0.0,0.0,137.0,0.0,16.0
253,254,2.0,2.0,2.0,1.0,4.0,1.0490875000000417,60.5,9.0,0.18,orientation,color,size,0.3400000000000001,20.0,3,female,0,2703.6115466,0,20,0.0,0.0,1.0,0.0,2.0,0.0,138.0,0.0,17.0
254,255,2.0,3.0,1.0,0.0,4.0,4.150221899999906,2.0,16.0,0.4600000000000001,orientation,color,size,0.3400000000000001,20.0,3,female,0,2703.6115466,0,20,0.0,1.0,1.0,0.0,0.0,0.0,139.0,0.0,18.0
255,256,2.0,1.0,0.0,0.0,4.0,0.7995286999998825,-65.5,5.0,0.26,orientation,color,size,0.3400000000000001,20.0,3,female,0,2703.6115466,1,20,0.0,1.0,1.0,0.0,-1.0,0.0,140.0,0.0,19.0
256,257,2.0,1.0,0.0,0.0,4.0,1.415433799999846,-38.5,6.0,0.4600000000000001,orientation,color,size,0.3400000000000001,20.0,3,female,0,2703.6115466,1,20,0.0,1.0,1.0,0.0,0.0,0.0,141.0,0.0,20.0
257,258,2.0,3.0,2.0,0.0,4.0,1.381842499999948,29.0,9.0,0.14,orientation,color,size,0.3400000000000001,20.0,3,female,0,2703.6115466,1,20,0.0,1.0,1.0,0.0,0.0,0.0,142.0,0.0,21.0
258,259,2.0,2.0,3.0,0.0,4.0,1.2651545999997325,38.0,18.0,0.3400000000000001,orientation,color,size,0.3400000000000001,20.0,3,female,0,2703.6115466,1,20,0.0,1.0,1.0,0.0,0.0,0.0,143.0,0.0,22.0
259,260,2.0,2.0,3.0,0.0,4.0,1.068057199999657,51.5,13.0,0.4600000000000001,orientation,color,size,0.3400000000000001,20.0,3,female,0,2703.6115466,1,20,0.0,1.0,1.0,0.0,0.0,0.0,144.0,0.0,23.0
260,261,2.0,2.0,2.0,1.0,4.0,1.1481001000001925,87.5,7.0,0.18,orientation,color,size,0.3400000000000001,20.0,3,female,0,2703.6115466,1,20,0.0,0.0,1.0,0.0,0.0,0.0,145.0,0.0,24.0
261,262,2.0,3.0,0.0,0.0,4.0,1.8674637999997683,6.5,5.0,0.26,orientation,color,size,0.3400000000000001,20.0,3,female,0,2703.6115466,0,20,0.0,2.0,1.0,0.0,1.0,0.0,146.0,0.0,25.0
262,263,2.0,1.0,1.0,1.0,4.0,1.1832094999999754,-38.5,13.0,0.42,orientation,color,size,0.3400000000000001,20.0,3,female,0,2703.6115466,1,20,0.0,0.0,1.0,0.0,-2.0,0.0,147.0,0.0,26.0
263,264,2.0,2.0,3.0,0.0,4.0,0.9323712000000342,56.0,17.0,0.3,orientation,color,size,0.3400000000000001,20.0,3,female,0,2703.6115466,0,20,0.0,1.0,1.0,0.0,2.0,0.0,148.0,0.0,27.0
264,265,2.0,0.0,1.0,0.0,4.0,3.1661871999999676,-16.0,18.0,0.4600000000000001,orientation,color,size,0.3400000000000001,20.0,3,female,0,2703.6115466,1,20,0.0,1.0,1.0,0.0,-1.0,0.0,149.0,0.0,28.0
265,266,2.0,3.0,2.0,0.0,4.0,1.6504144000000451,38.0,4.0,0.38,orientation,color,size,0.3400000000000001,20.0,3,female,0,2703.6115466,1,20,0.0,1.0,1.0,0.0,0.0,0.0,150.0,0.0,29.0
266,267,2.0,1.0,1.0,1.0,4.0,0.7160468000001856,-47.5,23.0,0.38,orientation,color,size,0.3400000000000001,20.0,3,female,0,2703.6115466,1,20,0.0,0.0,1.0,0.0,0.0,0.0,151.0,0.0,30.0
267,268,2.0,1.0,1.0,1.0,4.0,0.6168483000001288,-47.5,19.0,0.3400000000000001,orientation,color,size,0.3400000000000001,20.0,3,female,0,2703.6115466,0,20,0.0,0.0,1.0,0.0,1.0,0.0,152.0,0.0,31.0
268,269,2.0,2.0,3.0,0.0,4.0,1.418137299999671,69.5,15.0,0.18,orientation,color,size,0.3400000000000001,20.0,3,female,0,2703.6115466,0,20,0.0,1.0,1.0,0.0,0.0,0.0,153.0,0.0,32.0
269,270,2.0,1.0,1.0,1.0,4.0,1.5166823999998087,-70.0,19.0,0.42,orientation,color,size,0.3400000000000001,20.0,3,female,0,2703.6115466,1,20,0.0,0.0,1.0,0.0,-1.0,0.0,154.0,0.0,33.0
270,271,2.0,0.0,0.0,1.0,4.0,2.2169829999998,-7.0,4.0,0.1,orientation,color,size,0.3400000000000001,20.0,3,female,0,2703.6115466,0,20,0.0,0.0,1.0,0.0,1.0,0.0,155.0,0.0,34.0
271,272,2.0,1.0,1.0,1.0,4.0,1.0011954000001424,-70.0,23.0,0.42,orientation,color,size,0.3400000000000001,20.0,3,female,0,2703.6115466,0,20,0.0,0.0,1.0,0.0,0.0,0.0,156.0,0.0,35.0
272,273,2.0,0.0,0.0,1.0,4.0,1.8837839999996504,-20.5,10.0,0.42,orientation,color,size,0.3400000000000001,20.0,3,female,0,2703.6115466,0,20,0.0,0.0,1.0,0.0,0.0,0.0,157.0,0.0,36.0
273,274,2.0,0.0,1.0,0.0,4.0,2.550087699999949,-34.0,14.0,0.22,orientation,color,size,0.3400000000000001,20.0,3,female,0,2703.6115466,0,20,0.0,1.0,1.0,0.0,0.0,0.0,158.0,0.0,37.0
274,275,2.0,3.0,2.0,0.0,4.0,1.4328700999999455,38.0,7.0,0.14,orientation,color,size,0.3400000000000001,20.0,3,female,0,2703.6115466,1,20,0.0,1.0,1.0,0.0,-1.0,0.0,159.0,0.0,38.0
275,276,2.0,2.0,3.0,0.0,4.0,0.7497760999999628,69.5,18.0,0.3400000000000001,orientation,color,size,0.3400000000000001,20.0,3,female,0,2703.6115466,1,20,0.0,1.0,1.0,0.0,0.0,0.0,160.0,0.0,39.0
276,277,2.0,1.0,0.0,0.0,4.0,0.7494378000001234,-70.0,12.0,0.3,orientation,color,size,0.3400000000000001,20.0,3,female,0,2703.6115466,1,20,0.0,1.0,1.0,0.0,0.0,0.0,161.0,0.0,40.0
277,278,2.0,1.0,0.0,0.0,4.0,1.1161843999998382,-43.0,4.0,0.18,orientation,color,size,0.3400000000000001,20.0,3,female,0,2703.6115466,1,20,0.0,1.0,1.0,0.0,0.0,0.0,162.0,0.0,41.0
278,279,2.0,0.0,0.0,1.0,4.0,1.1003969999997023,-20.5,10.0,0.1,orientation,color,size,0.3400000000000001,20.0,3,female,0,2703.6115466,1,20,0.0,0.0,1.0,0.0,0.0,0.0,163.0,0.0,42.0
279,280,2.0,3.0,3.0,1.0,4.0,1.1997614000001704,20.0,17.0,0.26,orientation,color,size,0.3400000000000001,20.0,3,female,0,2703.6115466,0,20,0.0,0.0,1.0,0.0,1.0,0.0,164.0,0.0,43.0
280,281,2.0,1.0,1.0,1.0,4.0,0.7660018000001401,-56.5,16.0,0.38,orientation,color,size,0.3400000000000001,20.0,3,female,0,2703.6115466,0,20,0.0,0.0,1.0,0.0,0.0,0.0,165.0,0.0,44.0
281,282,2.0,1.0,1.0,1.0,4.0,1.3836515999996664,-74.5,24.0,0.1,orientation,color,size,0.3400000000000001,20.0,3,female,0,2703.6115466,0,20,0.0,0.0,1.0,0.0,0.0,0.0,166.0,0.0,45.0
282,283,2.0,3.0,3.0,1.0,4.0,1.5340422999997827,29.0,23.0,0.42,orientation,color,size,0.3400000000000001,20.0,3,female,0,2703.6115466,0,20,0.0,0.0,1.0,0.0,0.0,0.0,167.0,0.0,46.0
283,284,2.0,2.0,2.0,1.0,4.0,1.4668329999999514,47.0,10.0,0.38,orientation,color,size,0.3400000000000001,20.0,3,female,0,2703.6115466,0,20,0.0,0.0,1.0,0.0,0.0,0.0,168.0,0.0,47.0
284,285,2.0,1.0,1.0,1.0,4.0,1.183722299999772,-61.0,21.0,0.14,orientation,color,size,0.3400000000000001,20.0,3,female,0,2703.6115466,0,20,0.0,0.0,1.0,0.0,0.0,0.0,169.0,0.0,48.0
285,286,2.0,3.0,1.0,0.0,4.0,2.667020599999887,2.0,19.0,0.18,orientation,color,size,0.3400000000000001,20.0,3,female,0,2703.6115466,0,20,0.0,1.0,1.0,0.0,0.0,0.0,170.0,0.0,49.0
286,287,2.0,0.0,0.0,1.0,4.0,1.1488706000000093,-25.0,7.0,0.14,orientation,color,size,0.3400000000000001,20.0,3,female,0,2703.6115466,1,20,0.0,0.0,1.0,0.0,-1.0,0.0,171.0,0.0,50.0
287,288,2.0,1.0,1.0,1.0,4.0,0.733526399999846,-38.5,20.0,0.42,orientation,color,size,0.3400000000000001,20.0,3,female,0,2703.6115466,0,20,0.0,0.0,1.0,0.0,1.0,0.0,172.0,0.0,51.0
288,289,2.0,2.0,3.0,0.0,4.0,0.8502021999997851,42.5,13.0,0.38,orientation,color,size,0.3400000000000001,20.0,3,female,0,2703.6115466,0,20,0.0,1.0,1.0,0.0,0.0,0.0,173.0,0.0,52.0
289,290,2.0,1.0,0.0,0.0,4.0,0.799465500000224,-79.0,12.0,0.22,orientation,color,size,0.3400000000000001,20.0,3,female,0,2703.6115466,1,20,0.0,1.0,1.0,0.0,-1.0,0.0,174.0,0.0,53.0
290,291,2.0,0.0,1.0,0.0,4.0,2.182186500000171,-43.0,20.0,0.26,orientation,color,size,0.3400000000000001,20.0,3,female,0,2703.6115466,1,20,0.0,1.0,1.0,0.0,0.0,0.0,175.0,0.0,54.0
291,292,2.0,0.0,0.0,1.0,4.0,1.2671547999998438,-34.0,1.0,0.1,orientation,color,size,0.3400000000000001,20.0,3,female,0,2703.6115466,1,20,0.0,0.0,1.0,0.0,0.0,0.0,176.0,0.0,55.0
292,293,2.0,3.0,3.0,1.0,4.0,3.4509069000000636,38.0,14.0,0.1,orientation,color,size,0.3400000000000001,20.0,3,female,0,2703.6115466,0,20,0.0,0.0,1.0,0.0,1.0,0.0,177.0,0.0,56.0
293,294,2.0,0.0,1.0,0.0,4.0,2.583698700000241,-47.5,19.0,0.1,orientation,color,size,0.3400000000000001,20.0,3,female,0,2703.6115466,0,20,0.0,1.0,1.0,0.0,0.0,0.0,178.0,0.0,57.0
294,295,2.0,2.0,2.0,1.0,4.0,1.215754299999844,51.5,11.0,0.3400000000000001,orientation,color,size,0.3400000000000001,20.0,3,female,0,2703.6115466,1,20,0.0,0.0,1.0,0.0,-1.0,0.0,179.0,0.0,58.0
295,296,2.0,3.0,3.0,1.0,4.0,1.067144399999961,29.0,23.0,0.18,orientation,color,size,0.3400000000000001,20.0,3,female,0,2703.6115466,0,20,0.0,0.0,1.0,0.0,1.0,0.0,180.0,0.0,59.0
296,297,2.0,0.0,1.0,0.0,4.0,1.1673546000001809,-29.5,16.0,0.42,orientation,color,size,0.3400000000000001,20.0,3,female,0,2703.6115466,0,20,0.0,1.0,1.0,0.0,0.0,0.0,181.0,0.0,60.0
297,298,2.0,2.0,2.0,1.0,4.0,1.6995123000001513,42.5,8.0,0.3400000000000001,orientation,color,size,0.3400000000000001,20.0,3,female,0,2703.6115466,1,20,0.0,0.0,1.0,0.0,-1.0,0.0,182.0,0.0,61.0
298,299,2.0,1.0,0.0,0.0,4.0,2.217714000000342,-47.5,5.0,0.1,orientation,color,size,0.3400000000000001,20.0,3,female,0,2703.6115466,0,20,0.0,1.0,1.0,0.0,1.0,0.0,183.0,0.0,62.0
299,300,2.0,3.0,3.0,1.0,4.0,1.3834441000003608,24.5,19.0,0.26,orientation,color,size,0.3400000000000001,20.0,3,female,0,2703.6115466,1,20,0.0,0.0,1.0,0.0,-1.0,0.0,184.0,0.0,63.0
300,301,2.0,2.0,2.0,1.0,4.0,1.450775700000122,47.0,7.0,0.3,orientation,color,size,0.3400000000000001,20.0,3,female,0,2703.6115466,0,20,0.0,0.0,1.0,0.0,1.0,0.0,185.0,0.0,64.0
301,302,2.0,2.0,3.0,0.0,4.0,0.9835832999997364,56.0,18.0,0.42,orientation,color,size,0.3400000000000001,20.0,3,female,0,2703.6115466,0,20,0.0,1.0,1.0,0.0,0.0,0.0,186.0,0.0,65.0
302,303,2.0,1.0,0.0,0.0,4.0,1.1155801999998405,-83.5,7.0,0.38,orientation,color,size,0.3400000000000001,20.0,3,female,0,2703.6115466,1,20,0.0,1.0,1.0,0.0,-1.0,0.0,187.0,0.0,66.0
303,304,2.0,1.0,1.0,1.0,4.0,2.849545600000056,-16.0,23.0,0.3,orientation,color,size,0.3400000000000001,20.0,3,female,0,2703.6115466,1,20,0.0,0.0,1.0,0.0,0.0,0.0,188.0,0.0,67.0
304,305,2.0,2.0,2.0,1.0,4.0,0.8829117999998743,74.0,9.0,0.3,orientation,color,size,0.3400000000000001,20.0,3,female,0,2703.6115466,0,20,0.0,0.0,1.0,0.0,1.0,0.0,189.0,0.0,68.0
305,306,2.0,1.0,0.0,0.0,4.0,0.6504955999998856,-65.5,12.0,0.38,orientation,color,size,0.3400000000000001,20.0,3,female,0,2703.6115466,0,20,0.0,1.0,1.0,0.0,0.0,0.0,190.0,0.0,69.0
306,307,2.0,1.0,0.0,0.0,4.0,1.4660589000000073,-11.5,7.0,0.3,orientation,color,size,0.3400000000000001,20.0,3,female,0,2703.6115466,1,20,0.0,1.0,1.0,0.0,-1.0,0.0,191.0,0.0,70.0
307,308,2.0,0.0,0.0,1.0,4.0,0.9990984000000936,-16.0,4.0,0.38,orientation,color,size,0.3400000000000001,20.0,3,female,0,2703.6115466,1,20,0.0,0.0,1.0,0.0,0.0,0.0,192.0,0.0,71.0
308,309,2.0,0.0,0.0,1.0,4.0,1.617757999999867,-38.5,8.0,0.1,orientation,color,size,0.3400000000000001,20.0,3,female,0,2703.6115466,0,20,0.0,0.0,1.0,0.0,1.0,0.0,193.0,0.0,72.0
309,310,2.0,1.0,0.0,0.0,4.0,1.3508194000000913,-52.0,1.0,0.38,orientation,color,size,0.3400000000000001,20.0,3,female,0,2703.6115466,0,20,0.0,1.0,1.0,0.0,0.0,0.0,194.0,0.0,73.0
310,311,2.0,2.0,3.0,0.0,4.0,0.9828809000000548,74.0,13.0,0.14,orientation,color,size,0.3400000000000001,20.0,3,female,0,2703.6115466,1,20,0.0,1.0,1.0,0.0,-1.0,0.0,195.0,0.0,74.0
311,312,2.0,1.0,1.0,1.0,4.0,1.0832169999998769,-61.0,22.0,0.4600000000000001,orientation,color,size,0.3400000000000001,20.0,3,female,0,2703.6115466,1,20,0.0,0.0,1.0,0.0,0.0,0.0,196.0,0.0,75.0
312,313,2.0,1.0,0.0,0.0,4.0,0.917469600000004,-56.5,6.0,0.14,orientation,color,size,0.3400000000000001,20.0,3,female,0,2703.6115466,0,20,0.0,1.0,1.0,0.0,1.0,0.0,197.0,0.0,76.0
313,314,2.0,0.0,0.0,1.0,4.0,1.132340799999838,-11.5,9.0,0.3,orientation,color,size,0.3400000000000001,20.0,3,female,0,2703.6115466,1,20,0.0,0.0,1.0,0.0,-1.0,0.0,198.0,0.0,77.0
314,315,2.0,2.0,2.0,1.0,4.0,1.0167483999998694,56.0,2.0,0.18,orientation,color,size,0.3400000000000001,20.0,3,female,0,2703.6115466,0,20,0.0,0.0,1.0,0.0,1.0,0.0,199.0,0.0,78.0
315,316,2.0,2.0,2.0,1.0,4.0,0.6842044999998507,78.5,4.0,0.42,orientation,color,size,0.3400000000000001,20.0,3,female,0,2703.6115466,0,20,0.0,0.0,1.0,0.0,0.0,0.0,200.0,0.0,79.0
316,317,2.0,0.0,1.0,0.0,4.0,3.866870299999846,-29.5,21.0,0.26,orientation,color,size,0.3400000000000001,20.0,3,female,0,2703.6115466,0,20,0.0,1.0,1.0,0.0,0.0,0.0,201.0,0.0,80.0
317,318,2.0,0.0,0.0,1.0,4.0,1.815385200000037,2.0,3.0,0.38,orientation,color,size,0.3400000000000001,20.0,3,female,0,2703.6115466,1,20,0.0,0.0,1.0,0.0,-1.0,0.0,202.0,0.0,81.0
318,319,2.0,1.0,1.0,1.0,4.0,1.2007066000001032,-43.0,18.0,0.14,orientation,color,size,0.3400000000000001,20.0,3,female,0,2703.6115466,0,20,0.0,0.0,1.0,0.0,1.0,0.0,203.0,0.0,82.0
319,320,2.0,1.0,0.0,0.0,4.0,1.2831292000000758,-43.0,7.0,0.4600000000000001,orientation,color,size,0.3400000000000001,20.0,3,female,0,2703.6115466,0,20,0.0,1.0,1.0,0.0,0.0,0.0,204.0,0.0,83.0
320,321,2.0,1.0,1.0,1.0,4.0,1.266031600000133,-43.0,17.0,0.26,orientation,color,size,0.3400000000000001,20.0,3,female,0,2703.6115466,1,20,0.0,0.0,1.0,0.0,-1.0,0.0,205.0,0.0,84.0
321,322,2.0,2.0,2.0,1.0,4.0,2.017236199999843,38.0,7.0,0.18,orientation,color,size,0.3400000000000001,20.0,3,female,0,2703.6115466,0,20,0.0,0.0,1.0,0.0,1.0,0.0,206.0,0.0,85.0
322,323,2.0,0.0,0.0,1.0,4.0,1.3497574000002714,-20.5,8.0,0.3,orientation,color,size,0.3400000000000001,20.0,3,female,0,2703.6115466,0,20,0.0,0.0,1.0,0.0,0.0,0.0,207.0,0.0,86.0
323,324,2.0,3.0,2.0,0.0,4.0,2.0335558000001583,20.0,8.0,0.38,orientation,color,size,0.3400000000000001,20.0,3,female,0,2703.6115466,0,20,0.0,1.0,1.0,0.0,0.0,0.0,208.0,0.0,87.0
324,325,2.0,3.0,3.0,1.0,4.0,1.0820238999999674,24.5,14.0,0.3,orientation,color,size,0.3400000000000001,20.0,3,female,0,2703.6115466,1,20,0.0,0.0,1.0,0.0,-1.0,0.0,209.0,0.0,88.0
325,326,2.0,1.0,1.0,1.0,4.0,1.1506991000001108,-88.0,21.0,0.38,orientation,color,size,0.3400000000000001,20.0,3,female,0,2703.6115466,0,20,0.0,0.0,1.0,0.0,1.0,0.0,210.0,0.0,89.0
326,327,2.0,1.0,1.0,1.0,4.0,1.7007783999997628,-47.5,15.0,0.14,orientation,color,size,0.3400000000000001,20.0,3,female,0,2703.6115466,0,20,0.0,0.0,1.0,0.0,0.0,0.0,211.0,0.0,90.0
327,328,2.0,2.0,3.0,0.0,4.0,1.2157959999999548,56.0,24.0,0.4600000000000001,orientation,color,size,0.3400000000000001,20.0,3,female,0,2703.6115466,0,20,0.0,1.0,1.0,0.0,0.0,0.0,212.0,0.0,91.0
328,329,2.0,2.0,2.0,1.0,4.0,0.8838301000000683,56.0,11.0,0.38,orientation,color,size,0.3400000000000001,20.0,3,female,0,2703.6115466,1,20,0.0,0.0,1.0,0.0,-1.0,0.0,213.0,0.0,92.0
329,330,2.0,2.0,2.0,1.0,4.0,1.133752100000038,47.0,11.0,0.38,orientation,color,size,0.3400000000000001,20.0,3,female,0,2703.6115466,0,20,0.0,0.0,1.0,0.0,1.0,0.0,214.0,0.0,93.0
330,331,2.0,3.0,1.0,0.0,4.0,2.2001200000004246,-7.0,13.0,0.3400000000000001,orientation,color,size,0.3400000000000001,20.0,3,female,0,2703.6115466,0,20,0.0,1.0,1.0,0.0,0.0,0.0,215.0,0.0,94.0
331,332,2.0,1.0,1.0,1.0,4.0,1.133111899999676,-79.0,22.0,0.1,orientation,color,size,0.3400000000000001,20.0,3,female,0,2703.6115466,1,20,0.0,0.0,1.0,0.0,-1.0,0.0,216.0,0.0,95.0
332,333,2.0,1.0,0.0,0.0,4.0,2.434213699999873,-88.0,4.0,0.38,orientation,color,size,0.3400000000000001,20.0,3,female,0,2703.6115466,0,20,0.0,1.0,1.0,0.0,1.0,0.0,217.0,0.0,96.0
333,334,2.0,1.0,0.0,0.0,4.0,0.7327000000000226,-74.5,1.0,0.4600000000000001,orientation,color,size,0.3400000000000001,20.0,3,female,0,2703.6115466,1,20,0.0,1.0,1.0,0.0,-1.0,0.0,218.0,0.0,97.0
334,335,2.0,0.0,0.0,1.0,4.0,2.799316799999815,2.0,12.0,0.22,orientation,color,size,0.3400000000000001,20.0,3,female,0,2703.6115466,1,20,0.0,0.0,1.0,0.0,0.0,0.0,219.0,0.0,98.0
335,336,2.0,2.0,2.0,1.0,4.0,1.666553600000043,33.5,7.0,0.3400000000000001,orientation,color,size,0.3400000000000001,20.0,3,female,0,2703.6115466,0,20,0.0,0.0,1.0,0.0,1.0,0.0,220.0,0.0,99.0
336,337,2.0,2.0,3.0,0.0,4.0,0.8168072000003122,83.0,20.0,0.38,orientation,color,size,0.3400000000000001,20.0,3,female,0,2703.6115466,0,20,0.0,1.0,1.0,0.0,0.0,0.0,221.0,0.0,100.0
337,338,2.0,3.0,3.0,1.0,4.0,1.2325671999997212,83.0,15.0,0.18,orientation,color,size,0.3400000000000001,20.0,3,female,0,2703.6115466,1,20,0.0,0.0,1.0,0.0,-1.0,0.0,222.0,0.0,101.0
338,339,2.0,1.0,0.0,0.0,4.0,1.5338046000001668,-65.5,12.0,0.42,orientation,color,size,0.3400000000000001,20.0,3,female,0,2703.6115466,0,20,0.0,1.0,1.0,0.0,1.0,0.0,223.0,0.0,102.0
339,340,2.0,0.0,0.0,1.0,4.0,1.317398200000298,-29.5,9.0,0.4600000000000001,orientation,color,size,0.3400000000000001,20.0,3,female,0,2703.6115466,1,20,0.0,0.0,1.0,0.0,-1.0,0.0,224.0,0.0,103.0
340,341,2.0,2.0,3.0,0.0,4.0,2.117446700000073,69.5,24.0,0.3,orientation,color,size,0.3400000000000001,20.0,3,female,0,2703.6115466,0,20,0.0,1.0,1.0,0.0,1.0,0.0,225.0,0.0,104.0
341,342,2.0,1.0,0.0,0.0,4.0,1.934015100000124,-34.0,12.0,0.14,orientation,color,size,0.3400000000000001,20.0,3,female,0,2703.6115466,1,20,0.0,1.0,1.0,0.0,-1.0,0.0,226.0,0.0,105.0
342,343,2.0,2.0,3.0,0.0,4.0,2.4998335000000225,33.5,22.0,0.26,orientation,color,size,0.3400000000000001,20.0,3,female,0,2703.6115466,1,20,0.0,1.0,1.0,0.0,0.0,0.0,227.0,0.0,106.0
343,344,2.0,1.0,0.0,0.0,4.0,1.7340547999997398,-16.0,10.0,0.18,orientation,color,size,0.3400000000000001,20.0,3,female,0,2703.6115466,1,20,0.0,1.0,1.0,0.0,0.0,0.0,228.0,0.0,107.0
344,345,2.0,2.0,3.0,0.0,4.0,0.8996832999996514,78.5,16.0,0.22,orientation,color,size,0.3400000000000001,20.0,3,female,0,2703.6115466,1,20,0.0,1.0,1.0,0.0,0.0,0.0,229.0,0.0,108.0
345,346,2.0,3.0,2.0,0.0,4.0,0.9829217000001336,78.5,9.0,0.4600000000000001,orientation,color,size,0.3400000000000001,20.0,3,female,0,2703.6115466,1,20,0.0,1.0,1.0,0.0,0.0,0.0,230.0,0.0,109.0
346,347,2.0,0.0,0.0,1.0,4.0,2.066350600000078,-16.0,12.0,0.42,orientation,color,size,0.3400000000000001,20.0,3,female,0,2703.6115466,1,20,0.0,0.0,1.0,0.0,0.0,0.0,231.0,0.0,110.0
347,348,2.0,2.0,3.0,0.0,4.0,1.333404999999857,69.5,19.0,0.26,orientation,color,size,0.3400000000000001,20.0,3,female,0,2703.6115466,0,20,0.0,1.0,1.0,0.0,1.0,0.0,232.0,0.0,111.0
348,349,2.0,1.0,0.0,0.0,4.0,2.0170475999998416,-16.0,4.0,0.26,orientation,color,size,0.3400000000000001,20.0,3,female,0,2703.6115466,1,20,0.0,1.0,1.0,0.0,-1.0,0.0,233.0,0.0,112.0
349,350,2.0,2.0,2.0,1.0,4.0,1.1996941999996125,74.0,11.0,0.14,orientation,color,size,0.3400000000000001,20.0,3,female,0,2703.6115466,1,20,0.0,0.0,1.0,0.0,0.0,0.0,234.0,0.0,113.0
350,351,2.0,3.0,2.0,0.0,4.0,1.417404699999679,33.5,11.0,0.3400000000000001,orientation,color,size,0.3400000000000001,20.0,3,female,0,2703.6115466,0,20,0.0,1.0,1.0,0.0,1.0,0.0,235.0,0.0,114.0
351,352,2.0,2.0,3.0,0.0,4.0,1.8160507999996296,33.5,21.0,0.14,orientation,color,size,0.3400000000000001,20.0,3,female,0,2703.6115466,1,20,0.0,1.0,1.0,0.0,-1.0,0.0,236.0,0.0,115.0
352,353,2.0,2.0,3.0,0.0,4.0,0.6998088999998799,83.0,21.0,0.38,orientation,color,size,0.3400000000000001,20.0,3,female,0,2703.6115466,1,20,0.0,1.0,1.0,0.0,0.0,0.0,237.0,0.0,116.0
353,354,2.0,3.0,2.0,0.0,4.0,0.9669230000004064,24.5,4.0,0.26,orientation,color,size,0.3400000000000001,20.0,3,female,0,2703.6115466,1,20,0.0,1.0,1.0,0.0,0.0,0.0,238.0,0.0,117.0
354,355,2.0,3.0,0.0,0.0,4.0,1.984647799999948,-7.0,2.0,0.38,orientation,color,size,0.3400000000000001,20.0,3,female,0,2703.6115466,1,20,0.0,2.0,1.0,0.0,0.0,0.0,239.0,0.0,118.0
355,356,2.0,2.0,2.0,1.0,4.0,1.765426700000262,51.5,10.0,0.14,orientation,color,size,0.3400000000000001,20.0,3,female,0,2703.6115466,1,20,0.0,0.0,1.0,0.0,-1.0,0.0,240.0,0.0,119.0
356,357,2.0,2.0,2.0,1.0,4.0,0.8490010000000439,56.0,8.0,0.3,orientation,color,size,0.3400000000000001,20.0,3,female,0,2703.6115466,0,20,0.0,0.0,1.0,0.0,2.0,0.0,241.0,0.0,120.0
357,358,2.0,2.0,2.0,1.0,4.0,0.7999715999999353,51.5,0.0,0.22,orientation,color,size,0.3400000000000001,20.0,3,female,0,2703.6115466,0,20,0.0,0.0,1.0,0.0,0.0,0.0,242.0,0.0,121.0
358,359,2.0,2.0,3.0,0.0,4.0,1.4505992999997943,69.5,21.0,0.4600000000000001,orientation,color,size,0.3400000000000001,20.0,3,female,0,2703.6115466,0,20,0.0,1.0,1.0,0.0,0.0,0.0,243.0,0.0,122.0
359,360,2.0,2.0,2.0,1.0,4.0,0.932491200000186,83.0,2.0,0.4600000000000001,orientation,color,size,0.3400000000000001,20.0,3,female,0,2703.6115466,1,20,0.0,0.0,1.0,0.0,-1.0,0.0,244.0,0.0,123.0
360,361,2.0,2.0,2.0,1.0,4.0,2.400365199999669,33.5,8.0,0.18,orientation,color,size,0.3400000000000001,20.0,3,female,0,2703.6115466,0,20,0.0,0.0,1.0,0.0,1.0,0.0,245.0,0.0,124.0
361,362,2.0,0.0,0.0,1.0,4.0,2.700220199999876,2.0,7.0,0.3,orientation,color,size,0.3400000000000001,20.0,3,female,0,2703.6115466,0,20,0.0,0.0,1.0,0.0,0.0,0.0,246.0,0.0,125.0
362,363,2.0,1.0,0.0,0.0,4.0,1.4507904000001872,-65.5,6.0,0.14,orientation,color,size,0.3400000000000001,20.0,3,female,0,2703.6115466,0,20,0.0,1.0,1.0,0.0,0.0,0.0,247.0,0.0,126.0
363,364,2.0,3.0,3.0,1.0,4.0,4.282064700000319,78.5,17.0,0.3400000000000001,orientation,color,size,0.3400000000000001,20.0,3,female,0,2703.6115466,1,20,0.0,0.0,1.0,0.0,-1.0,0.0,248.0,0.0,127.0
364,365,2.0,1.0,0.0,0.0,4.0,4.400240699999813,-34.0,0.0,0.22,orientation,color,size,0.3400000000000001,20.0,3,female,0,2703.6115466,0,20,0.0,1.0,1.0,0.0,1.0,0.0,249.0,0.0,128.0
365,366,2.0,3.0,2.0,0.0,4.0,0.8160592000003817,83.0,2.0,0.3,orientation,color,size,0.3400000000000001,20.0,3,female,0,2703.6115466,1,20,0.0,1.0,1.0,0.0,-1.0,0.0,250.0,0.0,129.0
366,367,2.0,0.0,1.0,0.0,4.0,1.6664610999996512,-34.0,14.0,0.1,orientation,color,size,0.3400000000000001,20.0,3,female,0,2703.6115466,1,20,0.0,1.0,1.0,0.0,0.0,0.0,251.0,0.0,130.0
367,368,2.0,1.0,0.0,0.0,4.0,0.6827668000000813,-47.5,6.0,0.4600000000000001,orientation,color,size,0.3400000000000001,20.0,3,female,0,2703.6115466,1,20,0.0,1.0,1.0,0.0,0.0,0.0,252.0,0.0,131.0
368,369,2.0,0.0,0.0,1.0,4.0,1.1494698000001335,-65.5,8.0,0.42,orientation,color,size,0.3400000000000001,20.0,3,female,0,2703.6115466,1,20,0.0,0.0,1.0,0.0,0.0,0.0,253.0,0.0,132.0
369,370,2.0,0.0,0.0,1.0,4.0,3.03351769999972,11.0,10.0,0.3,orientation,color,size,0.3400000000000001,20.0,3,female,0,2703.6115466,0,20,0.0,0.0,1.0,0.0,1.0,0.0,254.0,0.0,133.0
370,371,2.0,2.0,0.0,0.0,4.0,2.0338345999998637,-43.0,11.0,0.18,orientation,color,size,0.3400000000000001,20.0,3,female,0,2703.6115466,0,20,0.0,1.0,1.0,0.0,0.0,0.0,255.0,0.0,134.0
371,372,2.0,0.0,0.0,1.0,4.0,2.549334700000145,11.0,12.0,0.26,orientation,color,size,0.3400000000000001,20.0,3,female,0,2703.6115466,1,20,0.0,0.0,1.0,0.0,-1.0,0.0,256.0,0.0,135.0
372,373,2.0,0.0,1.0,0.0,4.0,0.849728199999845,-34.0,18.0,0.14,orientation,color,size,0.3400000000000001,20.0,3,female,0,2703.6115466,0,20,0.0,1.0,1.0,0.0,1.0,0.0,257.0,0.0,136.0
373,374,2.0,1.0,3.0,0.0,4.0,1.1994967999999062,33.5,23.0,0.3400000000000001,orientation,color,size,0.3400000000000001,20.0,3,female,0,2703.6115466,1,20,0.0,1.0,1.0,0.0,-1.0,0.0,258.0,0.0,137.0
374,375,2.0,1.0,0.0,0.0,4.0,3.632636999999704,-65.5,11.0,0.38,orientation,color,size,0.3400000000000001,20.0,3,female,0,2703.6115466,1,20,0.0,1.0,1.0,0.0,0.0,0.0,259.0,0.0,138.0
375,376,2.0,2.0,3.0,0.0,4.0,1.7492764000003262,29.0,19.0,0.14,orientation,color,size,0.3400000000000001,20.0,3,female,0,2703.6115466,1,20,0.0,1.0,1.0,0.0,0.0,0.0,260.0,0.0,139.0
376,377,2.0,2.0,3.0,0.0,4.0,1.1493586999999934,87.5,14.0,0.3400000000000001,orientation,color,size,0.3400000000000001,20.0,3,female,0,2703.6115466,1,20,0.0,1.0,1.0,0.0,0.0,0.0,261.0,0.0,140.0
377,378,2.0,0.0,0.0,1.0,4.0,2.1656124000001,2.0,0.0,0.4600000000000001,orientation,color,size,0.3400000000000001,20.0,3,female,0,2703.6115466,1,20,0.0,0.0,1.0,0.0,0.0,0.0,262.0,0.0,141.0
378,379,2.0,1.0,1.0,1.0,4.0,3.750153500000124,-70.0,21.0,0.3,orientation,color,size,0.3400000000000001,20.0,3,female,0,2703.6115466,0,20,0.0,0.0,1.0,0.0,1.0,0.0,263.0,0.0,142.0
379,380,2.0,0.0,1.0,0.0,4.0,2.4165531999997256,-38.5,14.0,0.3400000000000001,orientation,color,size,0.3400000000000001,20.0,3,female,0,2703.6115466,0,20,0.0,1.0,1.0,0.0,0.0,0.0,264.0,0.0,143.0
380,381,2.0,2.0,2.0,1.0,4.0,1.133796699999948,69.5,2.0,0.3400000000000001,orientation,color,size,0.3400000000000001,20.0,3,female,0,2703.6115466,1,20,0.0,0.0,1.0,0.0,-1.0,0.0,265.0,0.0,144.0
381,382,2.0,0.0,0.0,1.0,4.0,1.499804399999903,2.0,3.0,0.14,orientation,color,size,0.3400000000000001,20.0,3,female,0,2703.6115466,0,20,0.0,0.0,1.0,0.0,1.0,0.0,266.0,0.0,145.0
382,383,2.0,1.0,1.0,1.0,4.0,1.1011720999999852,-47.5,24.0,0.42,orientation,color,size,0.3400000000000001,20.0,3,female,0,2703.6115466,0,20,0.0,0.0,1.0,0.0,0.0,0.0,267.0,0.0,146.0
383,384,2.0,2.0,3.0,0.0,4.0,1.1835442000001422,38.0,24.0,0.38,orientation,color,size,0.3400000000000001,20.0,3,female,0,2703.6115466,0,20,0.0,1.0,1.0,0.0,0.0,0.0,268.0,0.0,147.0
384,385,2.0,0.0,1.0,0.0,4.0,1.382303200000024,-25.0,21.0,0.1,orientation,color,size,0.3400000000000001,20.0,3,female,0,2703.6115466,1,20,0.0,1.0,1.0,0.0,-1.0,0.0,269.0,0.0,148.0
385,386,2.0,2.0,2.0,1.0,4.0,2.3162467000001925,29.0,0.0,0.4600000000000001,orientation,color,size,0.3400000000000001,20.0,3,female,0,2703.6115466,1,20,0.0,0.0,1.0,0.0,0.0,0.0,270.0,0.0,149.0
386,387,2.0,1.0,0.0,0.0,4.0,0.8507635999999366,-56.5,6.0,0.14,orientation,color,size,0.3400000000000001,20.0,3,female,0,2703.6115466,0,20,0.0,1.0,1.0,0.0,1.0,0.0,271.0,0.0,150.0
387,388,2.0,1.0,1.0,1.0,4.0,0.7499442000003,-70.0,23.0,0.3,orientation,color,size,0.3400000000000001,20.0,3,female,0,2703.6115466,1,20,0.0,0.0,1.0,0.0,-1.0,0.0,272.0,0.0,151.0
388,389,2.0,0.0,1.0,0.0,4.0,1.80048829999987,-16.0,17.0,0.22,orientation,color,size,0.3400000000000001,20.0,3,female,0,2703.6115466,0,20,0.0,1.0,1.0,0.0,1.0,0.0,273.0,0.0,152.0
389,390,2.0,2.0,3.0,0.0,4.0,0.7328559999996287,51.5,16.0,0.26,orientation,color,size,0.3400000000000001,20.0,3,female,0,2703.6115466,1,20,0.0,1.0,1.0,0.0,-1.0,0.0,274.0,0.0,153.0
390,391,2.0,0.0,0.0,1.0,4.0,1.2495610999999371,2.0,6.0,0.3,orientation,color,size,0.3400000000000001,20.0,3,female,0,2703.6115466,1,20,0.0,0.0,1.0,0.0,0.0,0.0,275.0,0.0,154.0
391,392,2.0,2.0,3.0,0.0,4.0,0.9000495999998748,60.5,14.0,0.42,orientation,color,size,0.3400000000000001,20.0,3,female,0,2703.6115466,0,20,0.0,1.0,1.0,0.0,1.0,0.0,276.0,0.0,155.0
392,393,2.0,2.0,3.0,0.0,4.0,3.5486989000000904,47.0,21.0,0.1,orientation,color,size,0.3400000000000001,20.0,3,female,0,2703.6115466,1,20,0.0,1.0,1.0,0.0,-1.0,0.0,277.0,0.0,156.0
393,394,2.0,0.0,0.0,1.0,4.0,1.5509837999998126,-29.5,9.0,0.1,orientation,color,size,0.3400000000000001,20.0,3,female,0,2703.6115466,1,20,0.0,0.0,1.0,0.0,0.0,0.0,278.0,0.0,157.0
394,395,2.0,3.0,3.0,1.0,4.0,2.8499880999997913,20.0,19.0,0.3,orientation,color,size,0.3400000000000001,20.0,3,female,0,2703.6115466,0,20,0.0,0.0,1.0,0.0,1.0,0.0,279.0,0.0,158.0
395,396,2.0,2.0,3.0,0.0,4.0,1.9343838999998295,65.0,17.0,0.3400000000000001,orientation,color,size,0.3400000000000001,20.0,3,female,0,2703.6115466,0,20,0.0,1.0,1.0,0.0,0.0,0.0,280.0,0.0,159.0
396,397,2.0,0.0,0.0,1.0,4.0,2.4336663999997654,-38.5,10.0,0.18,orientation,color,size,0.3400000000000001,20.0,3,female,0,2703.6115466,1,20,0.0,0.0,1.0,0.0,-1.0,0.0,281.0,0.0,160.0
397,398,2.0,0.0,0.0,1.0,4.0,1.0327853999997387,-2.5,0.0,0.1,orientation,color,size,0.3400000000000001,20.0,3,female,0,2703.6115466,0,20,0.0,0.0,1.0,0.0,1.0,0.0,282.0,0.0,161.0
398,399,2.0,3.0,2.0,0.0,4.0,1.484237199999825,29.0,3.0,0.14,orientation,color,size,0.3400000000000001,20.0,3,female,0,2703.6115466,0,20,0.0,1.0,1.0,0.0,0.0,0.0,283.0,0.0,162.0
399,400,2.0,3.0,0.0,0.0,4.0,2.6997678999996424,15.5,2.0,0.3400000000000001,orientation,color,size,0.3400000000000001,20.0,3,female,0,2703.6115466,1,20,0.0,2.0,1.0,0.0,-1.0,0.0,284.0,0.0,163.0
400,401,2.0,1.0,1.0,1.0,4.0,0.8328376999998,-43.0,18.0,0.42,orientation,color,size,0.3400000000000001,20.0,3,female,0,2703.6115466,1,20,0.0,0.0,1.0,0.0,-1.0,0.0,285.0,0.0,164.0
401,402,2.0,1.0,0.0,0.0,4.0,2.2343181999999615,-74.5,0.0,0.3,orientation,color,size,0.3400000000000001,20.0,3,female,0,2703.6115466,0,20,0.0,1.0,1.0,0.0,2.0,0.0,286.0,0.0,165.0
402,403,2.0,2.0,2.0,1.0,4.0,1.932690999999977,20.0,4.0,0.1,orientation,color,size,0.3400000000000001,20.0,3,female,0,2703.6115466,1,20,0.0,0.0,1.0,0.0,-1.0,0.0,287.0,0.0,166.0
403,404,2.0,3.0,0.0,0.0,4.0,1.9003600999999437,-88.0,0.0,0.14,orientation,color,size,0.3400000000000001,20.0,3,female,0,2703.6115466,0,20,0.0,2.0,1.0,0.0,1.0,0.0,288.0,0.0,167.0
404,405,2.0,3.0,3.0,1.0,4.0,1.598626299999978,38.0,20.0,0.22,orientation,color,size,0.3400000000000001,20.0,3,female,0,2703.6115466,1,20,0.0,0.0,1.0,0.0,-2.0,0.0,289.0,0.0,168.0
405,406,2.0,0.0,0.0,1.0,4.0,1.8838550000000396,-34.0,12.0,0.4600000000000001,orientation,color,size,0.3400000000000001,20.0,3,female,0,2703.6115466,0,20,0.0,0.0,1.0,0.0,2.0,0.0,290.0,0.0,169.0
406,407,2.0,0.0,0.0,1.0,4.0,1.2676328999996258,15.5,7.0,0.3,orientation,color,size,0.3400000000000001,20.0,3,female,0,2703.6115466,0,20,0.0,0.0,1.0,0.0,0.0,0.0,291.0,0.0,170.0
407,408,2.0,0.0,3.0,0.0,4.0,1.899925599999733,78.5,18.0,0.18,orientation,color,size,0.3400000000000001,20.0,3,female,0,2703.6115466,0,20,0.0,2.0,1.0,0.0,0.0,0.0,292.0,0.0,171.0
408,409,2.0,1.0,0.0,0.0,4.0,1.6166174999998475,-52.0,7.0,0.3400000000000001,orientation,color,size,0.3400000000000001,20.0,3,female,0,2703.6115466,1,20,0.0,1.0,1.0,0.0,-2.0,0.0,293.0,0.0,172.0
409,410,2.0,0.0,0.0,1.0,4.0,1.3167742999999064,-20.5,10.0,0.14,orientation,color,size,0.3400000000000001,20.0,3,female,0,2703.6115466,1,20,0.0,0.0,1.0,0.0,1.0,0.0,294.0,0.0,173.0
410,411,2.0,3.0,2.0,0.0,4.0,2.250575200000185,56.0,10.0,0.1,orientation,color,size,0.3400000000000001,20.0,3,female,0,2703.6115466,0,20,0.0,1.0,1.0,0.0,1.0,0.0,295.0,0.0,174.0
411,412,2.0,0.0,0.0,1.0,4.0,1.3333646999999471,15.5,7.0,0.22,orientation,color,size,0.3400000000000001,20.0,3,female,0,2703.6115466,1,20,0.0,0.0,1.0,0.0,-1.0,0.0,296.0,0.0,175.0
412,413,2.0,2.0,3.0,0.0,4.0,3.08390959999997,29.0,17.0,0.38,orientation,color,size,0.3400000000000001,20.0,3,female,0,2703.6115466,0,20,0.0,1.0,1.0,0.0,1.0,0.0,297.0,0.0,176.0
413,414,2.0,2.0,3.0,0.0,4.0,1.1162512999999308,47.0,21.0,0.18,orientation,color,size,0.3400000000000001,20.0,3,female,0,2703.6115466,1,20,0.0,1.0,1.0,0.0,-1.0,0.0,298.0,0.0,177.0
414,415,2.0,3.0,1.0,0.0,4.0,2.799383900000066,-70.0,22.0,0.38,orientation,color,size,0.3400000000000001,20.0,3,female,0,2703.6115466,1,20,0.0,1.0,1.0,0.0,0.0,0.0,299.0,0.0,178.0
415,416,2.0,1.0,1.0,1.0,4.0,0.9169377999996868,-70.0,18.0,0.26,orientation,color,size,0.3400000000000001,20.0,3,female,0,2703.6115466,1,20,0.0,0.0,1.0,0.0,0.0,0.0,300.0,0.0,179.0
416,417,2.0,3.0,2.0,0.0,4.0,2.7170092000001205,29.0,0.0,0.4600000000000001,orientation,color,size,0.3400000000000001,20.0,3,female,0,2703.6115466,0,20,0.0,1.0,1.0,0.0,1.0,0.0,301.0,0.0,180.0
417,418,2.0,1.0,0.0,0.0,4.0,2.299615899999935,-38.5,4.0,0.3400000000000001,orientation,color,size,0.3400000000000001,20.0,3,female,0,2703.6115466,1,20,0.0,1.0,1.0,0.0,-1.0,0.0,302.0,0.0,181.0
418,419,2.0,0.0,0.0,1.0,4.0,1.0997519999996257,2.0,2.0,0.18,orientation,color,size,0.3400000000000001,20.0,3,female,0,2703.6115466,1,20,0.0,0.0,1.0,0.0,0.0,0.0,303.0,0.0,182.0
419,420,2.0,0.0,0.0,1.0,4.0,1.2504049999997733,-65.5,6.0,0.38,orientation,color,size,0.3400000000000001,20.0,3,female,0,2703.6115466,0,20,0.0,0.0,1.0,0.0,1.0,0.0,304.0,0.0,183.0
420,421,2.0,0.0,1.0,0.0,4.0,2.3501295999999456,-16.0,16.0,0.3,orientation,color,size,0.3400000000000001,20.0,3,female,0,2703.6115466,0,20,0.0,1.0,1.0,0.0,0.0,0.0,305.0,0.0,184.0
421,422,2.0,3.0,0.0,0.0,4.0,2.1821976000001087,-88.0,8.0,0.4600000000000001,orientation,color,size,0.3400000000000001,20.0,3,female,0,2703.6115466,1,20,0.0,2.0,1.0,0.0,-1.0,0.0,306.0,0.0,185.0
422,423,2.0,0.0,2.0,0.0,4.0,1.3162459000000126,83.0,5.0,0.3,orientation,color,size,0.3400000000000001,20.0,3,female,0,2703.6115466,1,20,0.0,1.0,1.0,0.0,-1.0,0.0,307.0,0.0,186.0
423,424,2.0,1.0,0.0,0.0,4.0,1.116572999999789,-65.5,2.0,0.38,orientation,color,size,0.3400000000000001,20.0,3,female,0,2703.6115466,1,20,0.0,1.0,1.0,0.0,1.0,0.0,308.0,0.0,187.0
424,425,2.0,1.0,0.0,0.0,4.0,1.131883900000048,-74.5,4.0,0.3,orientation,color,size,0.3400000000000001,20.0,3,female,0,2703.6115466,1,20,0.0,1.0,1.0,0.0,0.0,0.0,309.0,0.0,188.0
425,426,2.0,0.0,1.0,0.0,4.0,1.0985728999999085,-52.0,24.0,0.42,orientation,color,size,0.3400000000000001,20.0,3,female,0,2703.6115466,1,20,0.0,1.0,1.0,0.0,0.0,0.0,310.0,0.0,189.0
426,427,2.0,2.0,3.0,0.0,4.0,1.1327919000000293,65.0,15.0,0.14,orientation,color,size,0.3400000000000001,20.0,3,female,0,2703.6115466,1,20,0.0,1.0,1.0,0.0,0.0,0.0,311.0,0.0,190.0
427,428,2.0,0.0,1.0,0.0,4.0,2.1838463999997657,-2.5,19.0,0.38,orientation,color,size,0.3400000000000001,20.0,3,female,0,2703.6115466,1,20,0.0,1.0,1.0,0.0,0.0,0.0,312.0,0.0,191.0
428,429,2.0,0.0,0.0,1.0,4.0,1.2492225000000872,2.0,7.0,0.22,orientation,color,size,0.3400000000000001,20.0,3,female,0,2703.6115466,1,20,0.0,0.0,1.0,0.0,0.0,0.0,313.0,0.0,192.0
429,430,2.0,0.0,0.0,1.0,4.0,1.2844592000001285,-29.5,6.0,0.26,orientation,color,size,0.3400000000000001,20.0,3,female,0,2703.6115466,0,20,0.0,0.0,1.0,0.0,1.0,0.0,314.0,0.0,193.0
430,431,2.0,3.0,2.0,0.0,4.0,2.134206500000346,20.0,7.0,0.3,orientation,color,size,0.3400000000000001,20.0,3,female,0,2703.6115466,0,20,0.0,1.0,1.0,0.0,0.0,0.0,315.0,0.0,194.0
431,432,2.0,0.0,1.0,0.0,4.0,1.699274600000081,-43.0,21.0,0.38,orientation,color,size,0.3400000000000001,20.0,3,female,0,2703.6115466,1,20,0.0,1.0,1.0,0.0,-1.0,0.0,316.0,0.0,195.0
432,433,2.0,3.0,3.0,1.0,4.0,1.3153901000000587,29.0,19.0,0.1,orientation,color,size,0.3400000000000001,20.0,3,female,0,2703.6115466,1,20,0.0,0.0,1.0,0.0,0.0,0.0,317.0,0.0,196.0
433,434,2.0,1.0,0.0,0.0,4.0,2.016985199999908,-38.5,6.0,0.14,orientation,color,size,0.3400000000000001,20.0,3,female,0,2703.6115466,0,20,0.0,1.0,1.0,0.0,1.0,0.0,318.0,0.0,197.0
434,435,2.0,0.0,1.0,0.0,4.0,2.0830748999997013,-16.0,24.0,0.14,orientation,color,size,0.3400000000000001,20.0,3,female,0,2703.6115466,1,20,0.0,1.0,1.0,0.0,-1.0,0.0,319.0,0.0,198.0
435,436,2.0,0.0,0.0,1.0,4.0,1.1496099999999387,-7.0,5.0,0.22,orientation,color,size,0.3400000000000001,20.0,3,female,0,2703.6115466,1,20,0.0,0.0,1.0,0.0,0.0,0.0,320.0,0.0,199.0
436,437,2.0,0.0,0.0,1.0,4.0,0.9001630000002478,-11.5,8.0,0.18,orientation,color,size,0.3400000000000001,20.0,3,female,0,2703.6115466,0,20,0.0,0.0,1.0,0.0,1.0,0.0,321.0,0.0,200.0
437,438,2.0,2.0,3.0,0.0,4.0,1.1499785999999403,42.5,22.0,0.42,orientation,color,size,0.3400000000000001,20.0,3,female,0,2703.6115466,0,20,0.0,1.0,1.0,0.0,0.0,0.0,322.0,0.0,201.0
438,439,2.0,2.0,3.0,0.0,4.0,0.949011199999859,60.5,16.0,0.1,orientation,color,size,0.3400000000000001,20.0,3,female,0,2703.6115466,1,20,0.0,1.0,1.0,0.0,-1.0,0.0,323.0,0.0,202.0
439,440,3.0,4.0,5.0,0.0,8.0,1.0153960999996343,83.0,0.0,0.38,orientation,color,size,0.3400000000000001,20.0,3,female,0,2703.6115466,1,20,0.0,1.0,1.0,0.0,-1.0,0.0,324.0,1.0,0.0
440,441,3.0,2.0,3.0,0.0,8.0,1.149669299999914,-79.0,18.0,0.42,orientation,color,size,0.3400000000000001,20.0,3,female,0,2703.6115466,1,20,0.0,1.0,1.0,0.0,-1.0,0.0,325.0,2.0,0.0
441,442,3.0,6.0,5.0,0.0,8.0,1.0485395999999128,20.0,3.0,0.3400000000000001,orientation,color,size,0.3400000000000001,20.0,3,female,0,2703.6115466,1,20,0.0,1.0,2.0,0.0,-1.0,0.0,326.0,3.0,0.0
442,443,3.0,5.0,5.0,1.0,8.0,1.7830896999998913,42.5,1.0,0.38,orientation,color,size,0.3400000000000001,20.0,3,female,0,2703.6115466,1,20,0.0,1.0,0.0,0.0,-1.0,-1.0,327.0,4.0,0.0
443,444,3.0,2.0,3.0,0.0,8.0,1.8495483000001511,-38.5,16.0,0.4600000000000001,orientation,color,size,0.3400000000000001,20.0,3,female,0,2703.6115466,0,20,0.0,1.0,1.0,0.0,-1.0,2.0,328.0,5.0,0.0
444,445,3.0,1.0,2.0,0.0,8.0,1.7490923999998813,-7.0,22.0,0.1,orientation,color,size,0.3400000000000001,20.0,3,female,0,2703.6115466,1,20,0.0,1.0,2.0,0.0,-1.0,-1.0,329.0,6.0,0.0
445,446,3.0,0.0,0.0,1.0,8.0,1.649470199999996,-2.5,7.0,0.3,orientation,color,size,0.3400000000000001,20.0,3,female,0,2703.6115466,1,20,0.0,1.0,0.0,0.0,-1.0,-1.0,330.0,7.0,0.0
446,447,3.0,3.0,0.0,0.0,8.0,1.6003028999998603,-83.5,4.0,0.18,orientation,color,size,0.3400000000000001,20.0,3,female,0,2703.6115466,0,20,0.0,1.0,2.0,0.0,-1.0,2.0,331.0,8.0,0.0
447,448,3.0,0.0,3.0,0.0,8.0,1.116129400000318,-88.0,21.0,0.38,orientation,color,size,0.3400000000000001,20.0,3,female,0,2703.6115466,1,20,0.0,1.0,2.0,0.0,-1.0,-2.0,332.0,9.0,0.0
448,449,3.0,6.0,7.0,0.0,8.0,1.033310999999685,56.0,18.0,0.42,orientation,color,size,0.3400000000000001,20.0,3,female,0,2703.6115466,1,20,0.0,1.0,1.0,0.0,-1.0,0.0,333.0,10.0,0.0
449,450,3.0,4.0,4.0,1.0,8.0,2.5002795000000333,83.0,7.0,0.3,orientation,color,size,0.3400000000000001,20.0,3,female,0,2703.6115466,1,20,0.0,1.0,0.0,0.0,-1.0,1.0,334.0,11.0,0.0
450,451,3.0,6.0,0.0,0.0,8.0,1.849677100000008,11.0,3.0,0.22,orientation,color,size,0.3400000000000001,20.0,3,female,0,2703.6115466,0,20,0.0,1.0,2.0,0.0,-1.0,1.0,335.0,12.0,0.0
451,452,3.0,2.0,0.0,0.0,8.0,2.2836332000001676,-43.0,4.0,0.14,orientation,color,size,0.3400000000000001,20.0,3,female,0,2703.6115466,1,20,0.0,1.0,1.0,0.0,-1.0,-2.0,336.0,13.0,0.0
452,453,3.0,5.0,4.0,0.0,8.0,1.3330619999996998,51.5,5.0,0.22,orientation,color,size,0.3400000000000001,20.0,3,female,0,2703.6115466,1,20,0.0,1.0,1.0,0.0,-1.0,1.0,337.0,14.0,0.0
453,454,3.0,6.0,0.0,0.0,8.0,1.0321461999997157,11.0,7.0,0.1,orientation,color,size,0.3400000000000001,20.0,3,female,0,2703.6115466,1,20,0.0,1.0,2.0,0.0,-1.0,0.0,338.0,15.0,0.0
454,455,3.0,6.0,7.0,0.0,8.0,1.4494033000000854,33.5,19.0,0.3400000000000001,orientation,color,size,0.3400000000000001,20.0,3,female,0,2703.6115466,1,20,0.0,1.0,1.0,0.0,-1.0,-1.0,339.0,16.0,0.0
455,456,3.0,3.0,2.0,0.0,8.0,1.4327331999998023,-88.0,24.0,0.26,orientation,color,size,0.3400000000000001,20.0,3,female,0,2703.6115466,1,20,0.0,1.0,1.0,0.0,-1.0,1.0,340.0,17.0,0.0
456,457,3.0,6.0,5.0,0.0,8.0,1.499025199999778,24.5,9.0,0.38,orientation,color,size,0.3400000000000001,20.0,3,female,0,2703.6115466,1,20,0.0,1.0,2.0,0.0,-1.0,0.0,341.0,18.0,0.0
457,458,3.0,4.0,7.0,0.0,8.0,1.1001086000001123,78.5,20.0,0.38,orientation,color,size,0.3400000000000001,20.0,3,female,0,2703.6115466,1,20,0.0,1.0,2.0,0.0,-1.0,-1.0,342.0,19.0,0.0
458,459,3.0,7.0,7.0,1.0,8.0,1.3823179000000891,78.5,15.0,0.38,orientation,color,size,0.3400000000000001,20.0,3,female,0,2703.6115466,1,20,0.0,1.0,0.0,0.0,-1.0,0.0,343.0,20.0,0.0
459,460,3.0,6.0,0.0,0.0,8.0,2.716683799999828,11.0,7.0,0.26,orientation,color,size,0.3400000000000001,20.0,3,female,0,2703.6115466,0,20,0.0,1.0,2.0,0.0,-1.0,2.0,344.0,21.0,0.0
460,461,3.0,5.0,4.0,0.0,8.0,1.299717800000053,47.0,11.0,0.3,orientation,color,size,0.3400000000000001,20.0,3,female,0,2703.6115466,1,20,0.0,1.0,1.0,0.0,-1.0,-2.0,345.0,22.0,0.0
461,462,3.0,4.0,5.0,0.0,8.0,4.065708200000245,83.0,2.0,0.42,orientation,color,size,0.3400000000000001,20.0,3,female,0,2703.6115466,1,20,0.0,1.0,1.0,0.0,-1.0,1.0,346.0,23.0,0.0
462,463,3.0,2.0,0.0,0.0,8.0,1.81563849999975,-34.0,5.0,0.26,orientation,color,size,0.3400000000000001,20.0,3,female,0,2703.6115466,1,20,0.0,1.0,1.0,0.0,-1.0,0.0,347.0,24.0,0.0
463,464,3.0,4.0,7.0,0.0,8.0,3.74875750000001,83.0,20.0,0.42,orientation,color,size,0.3400000000000001,20.0,3,female,0,2703.6115466,1,20,0.0,1.0,2.0,0.0,-1.0,0.0,348.0,25.0,0.0
464,465,3.0,5.0,4.0,0.0,8.0,1.499352700000145,42.5,1.0,0.22,orientation,color,size,0.3400000000000001,20.0,3,female,0,2703.6115466,1,20,0.0,1.0,1.0,0.0,-1.0,-1.0,349.0,26.0,0.0
465,466,3.0,2.0,0.0,0.0,8.0,1.9981259999999563,-61.0,0.0,0.14,orientation,color,size,0.3400000000000001,20.0,3,female,0,2703.6115466,1,20,0.0,1.0,1.0,0.0,-1.0,1.0,350.0,27.0,0.0
466,467,3.0,5.0,6.0,0.0,8.0,2.148389799999677,69.5,13.0,0.26,orientation,color,size,0.3400000000000001,20.0,3,female,0,2703.6115466,1,20,0.0,1.0,2.0,0.0,-1.0,0.0,351.0,28.0,0.0
467,468,3.0,6.0,6.0,1.0,8.0,0.9990680000000792,33.5,13.0,0.3,orientation,color,size,0.3400000000000001,20.0,3,female,0,2703.6115466,1,20,0.0,1.0,0.0,0.0,-1.0,-1.0,352.0,29.0,0.0
468,469,3.0,1.0,3.0,0.0,8.0,1.2157422999998744,-29.5,13.0,0.3400000000000001,orientation,color,size,0.3400000000000001,20.0,3,female,0,2703.6115466,0,20,0.0,1.0,1.0,0.0,-1.0,2.0,353.0,30.0,0.0
469,470,3.0,2.0,1.0,0.0,8.0,1.5328173000002607,-43.0,8.0,0.38,orientation,color,size,0.3400000000000001,20.0,3,female,0,2703.6115466,1,20,0.0,1.0,2.0,0.0,-1.0,-1.0,354.0,31.0,0.0
470,471,3.0,6.0,4.0,0.0,8.0,1.0493381999999656,42.5,1.0,0.3,orientation,color,size,0.3400000000000001,20.0,3,female,0,2703.6115466,1,20,0.0,1.0,1.0,0.0,-1.0,-1.0,355.0,32.0,0.0
471,472,3.0,5.0,7.0,0.0,8.0,1.300684799999999,65.0,20.0,0.42,orientation,color,size,0.3400000000000001,20.0,3,female,0,2703.6115466,1,20,0.0,1.0,1.0,0.0,-1.0,1.0,356.0,33.0,0.0
472,473,3.0,2.0,0.0,0.0,8.0,1.1153447000001506,-52.0,12.0,0.1,orientation,color,size,0.3400000000000001,20.0,3,female,0,2703.6115466,1,20,0.0,1.0,1.0,0.0,-1.0,0.0,357.0,34.0,0.0
473,474,3.0,0.0,1.0,0.0,8.0,1.3481072999998105,-43.0,12.0,0.38,orientation,color,size,0.3400000000000001,20.0,3,female,0,2703.6115466,1,20,0.0,1.0,1.0,0.0,-1.0,0.0,358.0,35.0,0.0
474,475,3.0,6.0,0.0,0.0,8.0,1.6327768999999537,15.5,10.0,0.1,orientation,color,size,0.3400000000000001,20.0,3,female,0,2703.6115466,1,20,0.0,1.0,2.0,0.0,-1.0,0.0,359.0,36.0,0.0
475,476,3.0,5.0,7.0,0.0,8.0,1.666411799999878,74.0,20.0,0.38,orientation,color,size,0.3400000000000001,20.0,3,female,0,2703.6115466,1,20,0.0,1.0,1.0,0.0,-1.0,-1.0,360.0,37.0,0.0
476,477,3.0,5.0,5.0,1.0,8.0,1.015276399999948,65.0,8.0,0.38,orientation,color,size,0.3400000000000001,20.0,3,female,0,2703.6115466,1,20,0.0,1.0,0.0,0.0,-1.0,1.0,361.0,38.0,0.0
477,478,3.0,5.0,5.0,1.0,8.0,0.5496993000001567,65.0,2.0,0.38,orientation,color,size,0.3400000000000001,20.0,3,female,0,2703.6115466,0,20,0.0,1.0,0.0,0.0,-1.0,1.0,362.0,39.0,0.0
478,479,3.0,2.0,3.0,0.0,8.0,2.3666926000000785,-74.5,19.0,0.3400000000000001,orientation,color,size,0.3400000000000001,20.0,3,female,0,2703.6115466,0,20,0.0,1.0,1.0,0.0,-1.0,0.0,363.0,40.0,0.0
479,480,3.0,6.0,6.0,1.0,8.0,2.931798699999945,42.5,18.0,0.18,orientation,color,size,0.3400000000000001,20.0,3,female,0,2703.6115466,1,20,0.0,1.0,0.0,0.0,-1.0,-1.0,364.0,41.0,0.0
480,481,3.0,3.0,0.0,0.0,8.0,2.3334374999999454,-88.0,1.0,0.1,orientation,color,size,0.3400000000000001,20.0,3,female,0,2703.6115466,0,20,0.0,1.0,2.0,0.0,-1.0,1.0,365.0,42.0,0.0
481,482,3.0,7.0,4.0,0.0,8.0,2.081836100000146,24.5,0.0,0.1,orientation,color,size,0.3400000000000001,20.0,3,female,0,2703.6115466,1,20,0.0,1.0,2.0,0.0,-1.0,-2.0,366.0,43.0,0.0
482,483,3.0,2.0,0.0,0.0,8.0,1.4656788000002052,-70.0,0.0,0.26,orientation,color,size,0.3400000000000001,20.0,3,female,0,2703.6115466,1,20,0.0,1.0,1.0,0.0,-1.0,0.0,367.0,44.0,0.0
483,484,3.0,5.0,6.0,0.0,8.0,1.0158959000000325,51.5,15.0,0.22,orientation,color,size,0.3400000000000001,20.0,3,female,0,2703.6115466,1,20,0.0,1.0,2.0,0.0,-1.0,1.0,368.0,45.0,0.0
484,485,3.0,1.0,2.0,0.0,8.0,1.2830443999996533,-16.0,18.0,0.3,orientation,color,size,0.3400000000000001,20.0,3,female,0,2703.6115466,1,20,0.0,1.0,2.0,0.0,-1.0,-1.0,369.0,46.0,0.0
485,486,3.0,3.0,0.0,0.0,8.0,0.849892500000351,-74.5,7.0,0.3,orientation,color,size,0.3400000000000001,20.0,3,female,0,2703.6115466,1,20,0.0,1.0,2.0,0.0,-1.0,0.0,370.0,47.0,0.0
486,487,3.0,6.0,1.0,0.0,8.0,0.9323891999997612,11.0,0.0,0.38,orientation,color,size,0.3400000000000001,20.0,3,female,0,2703.6115466,1,20,0.0,1.0,3.0,0.0,-1.0,0.0,371.0,48.0,0.0
487,488,3.0,5.0,5.0,1.0,8.0,1.1486196000000746,47.0,0.0,0.4600000000000001,orientation,color,size,0.3400000000000001,20.0,3,female,0,2703.6115466,1,20,0.0,1.0,0.0,0.0,-1.0,-1.0,372.0,49.0,0.0
488,489,3.0,2.0,3.0,0.0,8.0,1.0003832000002149,-79.0,18.0,0.4600000000000001,orientation,color,size,0.3400000000000001,20.0,3,female,0,2703.6115466,0,20,0.0,1.0,1.0,0.0,-1.0,3.0,373.0,50.0,0.0
489,490,3.0,2.0,3.0,0.0,8.0,1.148418700000093,-52.0,17.0,0.38,orientation,color,size,0.3400000000000001,20.0,3,female,0,2703.6115466,1,20,0.0,1.0,1.0,0.0,-1.0,-1.0,374.0,51.0,0.0
490,491,3.0,5.0,7.0,0.0,8.0,0.9168422999996436,78.5,20.0,0.42,orientation,color,size,0.3400000000000001,20.0,3,female,0,2703.6115466,1,20,0.0,1.0,1.0,0.0,-1.0,0.0,375.0,52.0,0.0
491,492,3.0,2.0,0.0,0.0,8.0,1.2990770999999768,-65.5,11.0,0.22,orientation,color,size,0.3400000000000001,20.0,3,female,0,2703.6115466,1,20,0.0,1.0,1.0,0.0,-1.0,0.0,376.0,53.0,0.0
492,493,3.0,2.0,0.0,0.0,8.0,1.2494784000000436,-61.0,4.0,0.18,orientation,color,size,0.3400000000000001,20.0,3,female,0,2703.6115466,1,20,0.0,1.0,1.0,0.0,-1.0,0.0,377.0,54.0,0.0
493,494,3.0,0.0,0.0,1.0,8.0,2.715555100000074,-7.0,7.0,0.22,orientation,color,size,0.3400000000000001,20.0,3,female,0,2703.6115466,1,20,0.0,1.0,0.0,0.0,-1.0,0.0,378.0,55.0,0.0
494,495,3.0,5.0,7.0,0.0,8.0,1.4664029999999002,51.5,16.0,0.42,orientation,color,size,0.3400000000000001,20.0,3,female,0,2703.6115466,0,20,0.0,1.0,1.0,0.0,-1.0,1.0,379.0,56.0,0.0
495,496,3.0,2.0,1.0,0.0,8.0,0.9491781000001538,-47.5,7.0,0.38,orientation,color,size,0.3400000000000001,20.0,3,female,0,2703.6115466,1,20,0.0,1.0,2.0,0.0,-1.0,-1.0,380.0,57.0,0.0
496,497,3.0,2.0,1.0,0.0,8.0,0.999800199999754,-65.5,8.0,0.38,orientation,color,size,0.3400000000000001,20.0,3,female,0,2703.6115466,1,20,0.0,1.0,2.0,0.0,-1.0,-1.0,381.0,58.0,0.0
497,498,3.0,5.0,4.0,0.0,8.0,1.3821923999998944,60.5,3.0,0.1,orientation,color,size,0.3400000000000001,20.0,3,female,0,2703.6115466,1,20,0.0,1.0,1.0,0.0,-1.0,0.0,382.0,59.0,0.0
498,499,3.0,6.0,6.0,1.0,8.0,1.099483799999689,29.0,23.0,0.1,orientation,color,size,0.3400000000000001,20.0,3,female,0,2703.6115466,1,20,0.0,1.0,0.0,0.0,-1.0,1.0,383.0,60.0,0.0
499,500,3.0,5.0,4.0,0.0,8.0,1.0003853000002891,42.5,3.0,0.1,orientation,color,size,0.3400000000000001,20.0,3,female,0,2703.6115466,0,20,0.0,1.0,1.0,0.0,-1.0,1.0,384.0,61.0,0.0
500,501,3.0,7.0,0.0,0.0,8.0,1.565737600000375,6.5,5.0,0.22,orientation,color,size,0.3400000000000001,20.0,3,female,0,2703.6115466,1,20,0.0,1.0,3.0,0.0,-1.0,-1.0,385.0,62.0,0.0
501,502,3.0,5.0,7.0,0.0,8.0,1.4330340000001345,69.5,21.0,0.4600000000000001,orientation,color,size,0.3400000000000001,20.0,3,female,0,2703.6115466,1,20,0.0,1.0,1.0,0.0,-1.0,-2.0,386.0,63.0,0.0
502,503,3.0,2.0,0.0,0.0,8.0,1.2652640000001156,-65.5,9.0,0.14,orientation,color,size,0.3400000000000001,20.0,3,female,0,2703.6115466,1,20,0.0,1.0,1.0,0.0,-1.0,2.0,387.0,64.0,0.0
503,504,3.0,6.0,2.0,0.0,8.0,1.0988666000002922,11.0,13.0,0.14,orientation,color,size,0.3400000000000001,20.0,3,female,0,2703.6115466,1,20,0.0,1.0,1.0,0.0,-1.0,0.0,388.0,65.0,0.0
504,505,2.0,1.0,0.0,0.0,4.0,1.23241919999964,-65.5,4.0,0.1,orientation,color,size,0.3400000000000001,20.0,3,female,0,2703.6115466,1,20,0.0,1.0,1.0,0.0,0.0,0.0,389.0,0.0,1.0
505,506,2.0,1.0,0.0,0.0,4.0,1.982644900000196,-88.0,7.0,0.14,orientation,color,size,0.3400000000000001,20.0,3,female,0,2703.6115466,1,20,0.0,1.0,1.0,0.0,0.0,0.0,390.0,0.0,2.0
506,507,2.0,2.0,3.0,0.0,4.0,1.6492208999998184,69.5,16.0,0.14,orientation,color,size,0.3400000000000001,20.0,3,female,0,2703.6115466,1,20,0.0,1.0,1.0,0.0,0.0,0.0,391.0,0.0,3.0
507,508,2.0,1.0,0.0,0.0,4.0,1.6490394000002198,-65.5,5.0,0.38,orientation,color,size,0.3400000000000001,20.0,3,female,0,2703.6115466,1,20,0.0,1.0,1.0,0.0,0.0,0.0,392.0,0.0,4.0
508,509,2.0,0.0,0.0,1.0,4.0,1.6006089000002248,15.5,11.0,0.18,orientation,color,size,0.3400000000000001,20.0,3,female,0,2703.6115466,1,20,0.0,0.0,1.0,0.0,0.0,0.0,393.0,0.0,5.0
509,510,2.0,0.0,0.0,1.0,4.0,0.6499313999997867,15.5,3.0,0.22,orientation,color,size,0.3400000000000001,20.0,3,female,0,2703.6115466,0,20,0.0,0.0,1.0,0.0,1.0,0.0,394.0,0.0,6.0
510,511,2.0,0.0,3.0,0.0,4.0,1.5158744999998817,69.5,21.0,0.4600000000000001,orientation,color,size,0.3400000000000001,20.0,3,female,0,2703.6115466,0,20,0.0,2.0,1.0,0.0,0.0,0.0,395.0,0.0,7.0
511,512,2.0,0.0,0.0,1.0,4.0,0.8668004999999539,15.5,9.0,0.3,orientation,color,size,0.3400000000000001,20.0,3,female,0,2703.6115466,1,20,0.0,0.0,1.0,0.0,-2.0,0.0,396.0,0.0,8.0
512,513,2.0,3.0,3.0,1.0,4.0,1.5673602000001663,69.5,21.0,0.3,orientation,color,size,0.3400000000000001,20.0,3,female,0,2703.6115466,0,20,0.0,0.0,1.0,0.0,2.0,0.0,397.0,0.0,9.0
513,514,2.0,1.0,1.0,1.0,4.0,3.8509170000002086,-52.0,13.0,0.3,orientation,color,size,0.3400000000000001,20.0,3,female,0,2703.6115466,0,20,0.0,0.0,1.0,0.0,0.0,0.0,398.0,0.0,10.0
514,515,2.0,2.0,3.0,0.0,4.0,1.399557900000218,38.0,18.0,0.38,orientation,color,size,0.3400000000000001,20.0,3,female,0,2703.6115466,0,20,0.0,1.0,1.0,0.0,0.0,0.0,399.0,0.0,11.0
515,516,2.0,0.0,0.0,1.0,4.0,2.199563699999999,11.0,0.0,0.42,orientation,color,size,0.3400000000000001,20.0,3,female,0,2703.6115466,1,20,0.0,0.0,1.0,0.0,-1.0,0.0,400.0,0.0,12.0
516,517,2.0,3.0,0.0,0.0,4.0,1.78323569999975,-70.0,11.0,0.26,orientation,color,size,0.3400000000000001,20.0,3,female,0,2703.6115466,0,20,0.0,2.0,1.0,0.0,1.0,0.0,401.0,0.0,13.0
517,518,2.0,3.0,2.0,0.0,4.0,1.5495889999997416,83.0,2.0,0.3400000000000001,orientation,color,size,0.3400000000000001,20.0,3,female,0,2703.6115466,1,20,0.0,1.0,1.0,0.0,-2.0,0.0,402.0,0.0,14.0
518,519,2.0,1.0,0.0,0.0,4.0,1.5655486000000565,-65.5,9.0,0.3400000000000001,orientation,color,size,0.3400000000000001,20.0,3,female,0,2703.6115466,1,20,0.0,1.0,1.0,0.0,1.0,0.0,403.0,0.0,15.0
519,520,2.0,1.0,0.0,0.0,4.0,1.132644699999673,-61.0,0.0,0.42,orientation,color,size,0.3400000000000001,20.0,3,female,0,2703.6115466,1,20,0.0,1.0,1.0,0.0,0.0,0.0,404.0,0.0,16.0
520,521,2.0,3.0,2.0,0.0,4.0,1.5158966999997574,38.0,0.0,0.38,orientation,color,size,0.3400000000000001,20.0,3,female,0,2703.6115466,1,20,0.0,1.0,1.0,0.0,0.0,0.0,405.0,0.0,17.0
521,522,2.0,1.0,0.0,0.0,4.0,1.3315953999999692,-56.5,6.0,0.4600000000000001,orientation,color,size,0.3400000000000001,20.0,3,female,0,2703.6115466,1,20,0.0,1.0,1.0,0.0,0.0,0.0,406.0,0.0,18.0
522,523,2.0,0.0,1.0,0.0,4.0,1.3993729999997413,-61.0,23.0,0.4600000000000001,orientation,color,size,0.3400000000000001,20.0,3,female,0,2703.6115466,1,20,0.0,1.0,1.0,0.0,0.0,0.0,407.0,0.0,19.0
523,524,2.0,0.0,1.0,0.0,4.0,1.132959200000187,-65.5,15.0,0.3400000000000001,orientation,color,size,0.3400000000000001,20.0,3,female,0,2703.6115466,1,20,0.0,1.0,1.0,0.0,0.0,0.0,408.0,0.0,20.0
524,525,2.0,0.0,0.0,1.0,4.0,2.383030100000269,-16.0,12.0,0.3400000000000001,orientation,color,size,0.3400000000000001,20.0,3,female,0,2703.6115466,1,20,0.0,0.0,1.0,0.0,0.0,0.0,409.0,0.0,21.0
525,526,2.0,1.0,0.0,0.0,4.0,2.633931699999721,-56.5,3.0,0.26,orientation,color,size,0.3400000000000001,20.0,3,female,0,2703.6115466,0,20,0.0,1.0,1.0,0.0,1.0,0.0,410.0,0.0,22.0
526,527,2.0,0.0,1.0,0.0,4.0,1.232404200000019,6.5,21.0,0.3,orientation,color,size,0.3400000000000001,20.0,3,female,0,2703.6115466,1,20,0.0,1.0,1.0,0.0,-1.0,0.0,411.0,0.0,23.0
527,528,2.0,2.0,2.0,1.0,4.0,1.249315099999876,38.0,9.0,0.3,orientation,color,size,0.3400000000000001,20.0,3,female,0,2703.6115466,1,20,0.0,0.0,1.0,0.0,0.0,0.0,412.0,0.0,24.0
528,529,2.0,2.0,3.0,0.0,4.0,1.7004391000000396,78.5,22.0,0.3,orientation,color,size,0.3400000000000001,20.0,3,female,0,2703.6115466,0,20,0.0,1.0,1.0,0.0,1.0,0.0,413.0,0.0,25.0
529,530,2.0,3.0,3.0,1.0,4.0,1.665519900000163,33.5,14.0,0.42,orientation,color,size,0.3400000000000001,20.0,3,female,0,2703.6115466,1,20,0.0,0.0,1.0,0.0,-1.0,0.0,414.0,0.0,26.0
530,531,2.0,1.0,0.0,0.0,4.0,1.1510788999999022,-52.0,1.0,0.42,orientation,color,size,0.3400000000000001,20.0,3,female,0,2703.6115466,0,20,0.0,1.0,1.0,0.0,1.0,0.0,415.0,0.0,27.0
531,532,2.0,1.0,1.0,1.0,4.0,1.3660168999999769,-61.0,15.0,0.38,orientation,color,size,0.3400000000000001,20.0,3,female,0,2703.6115466,1,20,0.0,0.0,1.0,0.0,-1.0,0.0,416.0,0.0,28.0
532,533,2.0,2.0,3.0,0.0,4.0,2.000514899999871,69.5,19.0,0.26,orientation,color,size,0.3400000000000001,20.0,3,female,0,2703.6115466,0,20,0.0,1.0,1.0,0.0,1.0,0.0,417.0,0.0,29.0
533,534,2.0,3.0,2.0,0.0,4.0,1.0152694999997038,29.0,1.0,0.3,orientation,color,size,0.3400000000000001,20.0,3,female,0,2703.6115466,1,20,0.0,1.0,1.0,0.0,-1.0,0.0,418.0,0.0,30.0
534,535,2.0,0.0,0.0,1.0,4.0,0.9821388999998816,-2.5,9.0,0.3,orientation,color,size,0.3400000000000001,20.0,3,female,0,2703.6115466,1,20,0.0,0.0,1.0,0.0,0.0,0.0,419.0,0.0,31.0
535,536,2.0,2.0,3.0,0.0,4.0,1.1162670000003343,60.5,22.0,0.3400000000000001,orientation,color,size,0.3400000000000001,20.0,3,female,0,2703.6115466,0,20,0.0,1.0,1.0,0.0,1.0,0.0,420.0,0.0,32.0
536,537,2.0,1.0,1.0,1.0,4.0,0.983045200000106,-34.0,19.0,0.18,orientation,color,size,0.3400000000000001,20.0,3,female,0,2703.6115466,1,20,0.0,0.0,1.0,0.0,-1.0,0.0,421.0,0.0,33.0
537,538,2.0,3.0,0.0,0.0,4.0,2.3500592000000324,-74.5,7.0,0.22,orientation,color,size,0.3400000000000001,20.0,3,female,0,2703.6115466,0,20,0.0,2.0,1.0,0.0,1.0,0.0,422.0,0.0,34.0
538,539,2.0,3.0,3.0,1.0,4.0,1.2498246000000108,33.5,15.0,0.22,orientation,color,size,0.3400000000000001,20.0,3,female,0,2703.6115466,1,20,0.0,0.0,1.0,0.0,-2.0,0.0,423.0,0.0,35.0
539,540,2.0,2.0,2.0,1.0,4.0,1.082812499999818,42.5,4.0,0.22,orientation,color,size,0.3400000000000001,20.0,3,female,0,2703.6115466,0,20,0.0,0.0,1.0,0.0,2.0,0.0,424.0,0.0,36.0
540,541,2.0,0.0,0.0,1.0,4.0,1.8003758999998354,11.0,12.0,0.1,orientation,color,size,0.3400000000000001,20.0,3,female,0,2703.6115466,0,20,0.0,0.0,1.0,0.0,0.0,0.0,425.0,0.0,37.0
541,542,2.0,0.0,0.0,1.0,4.0,2.3501498999999058,-34.0,11.0,0.18,orientation,color,size,0.3400000000000001,20.0,3,female,0,2703.6115466,0,20,0.0,0.0,1.0,0.0,0.0,0.0,426.0,0.0,38.0
542,543,2.0,2.0,3.0,0.0,4.0,2.600250599999981,47.0,16.0,0.1,orientation,color,size,0.3400000000000001,20.0,3,female,0,2703.6115466,0,20,0.0,1.0,1.0,0.0,0.0,0.0,427.0,0.0,39.0
543,544,2.0,2.0,2.0,1.0,4.0,1.132517000000007,65.0,11.0,0.18,orientation,color,size,0.3400000000000001,20.0,3,female,0,2703.6115466,1,20,0.0,0.0,1.0,0.0,-1.0,0.0,428.0,0.0,40.0
544,545,2.0,0.0,1.0,0.0,4.0,1.1994387999998253,-2.5,23.0,0.22,orientation,color,size,0.3400000000000001,20.0,3,female,0,2703.6115466,0,20,0.0,1.0,1.0,0.0,1.0,0.0,429.0,0.0,41.0
545,546,3.0,1.0,2.0,0.0,8.0,1.399069000000054,-7.0,15.0,0.18,orientation,color,size,0.3400000000000001,20.0,3,female,0,2703.6115466,1,20,0.0,1.0,2.0,0.0,1.0,0.0,430.0,1.0,0.0
546,547,3.0,5.0,6.0,0.0,8.0,1.2994912999993176,69.5,22.0,0.1,orientation,color,size,0.3400000000000001,20.0,3,female,0,2703.6115466,1,20,0.0,1.0,2.0,0.0,1.0,-1.0,431.0,2.0,0.0
547,548,3.0,4.0,4.0,1.0,8.0,1.1506966999995711,87.5,1.0,0.26,orientation,color,size,0.3400000000000001,20.0,3,female,0,2703.6115466,1,20,0.0,1.0,0.0,0.0,1.0,0.0,432.0,3.0,0.0
548,549,3.0,5.0,6.0,0.0,8.0,4.616320600000108,60.5,24.0,0.22,orientation,color,size,0.3400000000000001,20.0,3,female,0,2703.6115466,0,20,0.0,1.0,2.0,0.0,1.0,2.0,433.0,4.0,0.0
549,550,3.0,2.0,3.0,0.0,8.0,1.0994853000001967,-34.0,17.0,0.3400000000000001,orientation,color,size,0.3400000000000001,20.0,3,female,0,2703.6115466,1,20,0.0,1.0,1.0,0.0,1.0,-2.0,434.0,5.0,0.0
550,551,3.0,3.0,2.0,0.0,8.0,1.199478800000179,-88.0,20.0,0.22,orientation,color,size,0.3400000000000001,20.0,3,female,0,2703.6115466,1,20,0.0,1.0,1.0,0.0,1.0,1.0,435.0,6.0,0.0
551,552,3.0,5.0,4.0,0.0,8.0,2.4661089999999604,24.5,0.0,0.3,orientation,color,size,0.3400000000000001,20.0,3,female,0,2703.6115466,1,20,0.0,1.0,1.0,0.0,1.0,0.0,436.0,7.0,0.0
552,553,3.0,2.0,0.0,0.0,8.0,1.4992222000000766,-56.5,10.0,0.26,orientation,color,size,0.3400000000000001,20.0,3,female,0,2703.6115466,1,20,0.0,1.0,1.0,0.0,1.0,0.0,437.0,8.0,0.0
553,554,3.0,4.0,5.0,0.0,8.0,0.8155070000002524,87.5,11.0,0.38,orientation,color,size,0.3400000000000001,20.0,3,female,0,2703.6115466,1,20,0.0,1.0,1.0,0.0,1.0,0.0,438.0,9.0,0.0
554,555,3.0,6.0,4.0,0.0,8.0,1.2152155000003404,29.0,2.0,0.26,orientation,color,size,0.3400000000000001,20.0,3,female,0,2703.6115466,1,20,0.0,1.0,1.0,0.0,1.0,0.0,439.0,10.0,0.0
555,556,3.0,1.0,0.0,0.0,8.0,1.2321665999998004,-29.5,11.0,0.18,orientation,color,size,0.3400000000000001,20.0,3,female,0,2703.6115466,1,20,0.0,1.0,1.0,0.0,1.0,0.0,440.0,11.0,0.0
556,557,3.0,6.0,5.0,0.0,8.0,1.7166618000001108,20.0,0.0,0.3400000000000001,orientation,color,size,0.3400000000000001,20.0,3,female,0,2703.6115466,1,20,0.0,1.0,2.0,0.0,1.0,0.0,441.0,12.0,0.0
557,558,3.0,5.0,5.0,1.0,8.0,1.6327264000001378,42.5,9.0,0.3400000000000001,orientation,color,size,0.3400000000000001,20.0,3,female,0,2703.6115466,1,20,0.0,1.0,0.0,0.0,1.0,-1.0,442.0,13.0,0.0
558,559,3.0,1.0,0.0,0.0,8.0,4.383562899999561,-34.0,1.0,0.18,orientation,color,size,0.3400000000000001,20.0,3,female,0,2703.6115466,0,20,0.0,1.0,1.0,0.0,1.0,2.0,443.0,14.0,0.0
559,560,3.0,6.0,7.0,0.0,8.0,1.3827203999999256,33.5,16.0,0.38,orientation,color,size,0.3400000000000001,20.0,3,female,0,2703.6115466,1,20,0.0,1.0,1.0,0.0,1.0,-1.0,444.0,15.0,0.0
560,561,3.0,5.0,7.0,0.0,8.0,1.2656913000000714,56.0,17.0,0.42,orientation,color,size,0.3400000000000001,20.0,3,female,0,2703.6115466,1,20,0.0,1.0,1.0,0.0,1.0,0.0,445.0,16.0,0.0
561,562,3.0,4.0,0.0,0.0,8.0,1.4489855000001626,-43.0,11.0,0.14,orientation,color,size,0.3400000000000001,20.0,3,female,0,2703.6115466,1,20,0.0,1.0,1.0,0.0,1.0,0.0,446.0,17.0,0.0
562,563,3.0,4.0,6.0,0.0,8.0,2.7820574999996097,65.0,14.0,0.1,orientation,color,size,0.3400000000000001,20.0,3,female,0,2703.6115466,1,20,0.0,1.0,1.0,0.0,1.0,0.0,447.0,18.0,0.0
563,564,3.0,5.0,6.0,0.0,8.0,2.016273799999908,51.5,21.0,0.18,orientation,color,size,0.3400000000000001,20.0,3,female,0,2703.6115466,1,20,0.0,1.0,2.0,0.0,1.0,0.0,448.0,19.0,0.0
564,565,3.0,3.0,0.0,0.0,8.0,1.9481101000001215,-34.0,10.0,0.1,orientation,color,size,0.3400000000000001,20.0,3,female,0,2703.6115466,1,20,0.0,1.0,2.0,0.0,1.0,-1.0,449.0,20.0,0.0
565,566,3.0,0.0,0.0,1.0,8.0,1.7656692000000476,-79.0,8.0,0.1,orientation,color,size,0.3400000000000001,20.0,3,female,0,2703.6115466,1,20,0.0,1.0,0.0,0.0,1.0,0.0,450.0,21.0,0.0
566,567,3.0,1.0,0.0,0.0,8.0,2.0330871000005573,-47.5,10.0,0.18,orientation,color,size,0.3400000000000001,20.0,3,female,0,2703.6115466,0,20,0.0,1.0,1.0,0.0,1.0,2.0,451.0,22.0,0.0
567,568,3.0,4.0,4.0,1.0,8.0,3.032057200000054,83.0,11.0,0.3,orientation,color,size,0.3400000000000001,20.0,3,female,0,2703.6115466,1,20,0.0,1.0,0.0,0.0,1.0,-1.0,452.0,23.0,0.0
568,569,3.0,4.0,4.0,1.0,8.0,1.466605000000527,69.5,4.0,0.22,orientation,color,size,0.3400000000000001,20.0,3,female,0,2703.6115466,0,20,0.0,1.0,0.0,0.0,1.0,1.0,453.0,24.0,0.0
569,570,3.0,4.0,4.0,1.0,8.0,1.267065499999262,47.0,0.0,0.22,orientation,color,size,0.3400000000000001,20.0,3,female,0,2703.6115466,0,20,0.0,1.0,0.0,0.0,1.0,0.0,454.0,25.0,0.0
570,571,3.0,0.0,2.0,0.0,8.0,3.800703099999737,-88.0,16.0,0.18,orientation,color,size,0.3400000000000001,20.0,3,female,0,2703.6115466,0,20,0.0,1.0,1.0,0.0,1.0,0.0,455.0,26.0,0.0
571,572,3.0,5.0,5.0,1.0,8.0,4.3824177000005875,42.5,6.0,0.42,orientation,color,size,0.3400000000000001,20.0,3,female,0,2703.6115466,1,20,0.0,1.0,0.0,0.0,1.0,-1.0,456.0,27.0,0.0
572,573,3.0,4.0,6.0,0.0,8.0,2.8009391000005053,56.0,21.0,0.18,orientation,color,size,0.3400000000000001,20.0,3,female,0,2703.6115466,0,20,0.0,1.0,1.0,0.0,1.0,1.0,457.0,28.0,0.0
573,574,3.0,2.0,0.0,0.0,8.0,2.5164732000002914,-34.0,4.0,0.26,orientation,color,size,0.3400000000000001,20.0,3,female,0,2703.6115466,1,20,0.0,1.0,1.0,0.0,1.0,-1.0,458.0,29.0,0.0
574,575,3.0,0.0,1.0,0.0,8.0,1.3992828999998892,-43.0,11.0,0.42,orientation,color,size,0.3400000000000001,20.0,3,female,0,2703.6115466,1,20,0.0,1.0,1.0,0.0,1.0,0.0,459.0,30.0,0.0
575,576,3.0,5.0,6.0,0.0,8.0,1.982875800000329,65.0,19.0,0.18,orientation,color,size,0.3400000000000001,20.0,3,female,0,2703.6115466,1,20,0.0,1.0,2.0,0.0,1.0,0.0,460.0,31.0,0.0
576,577,3.0,2.0,3.0,0.0,8.0,2.116057600000204,-38.5,20.0,0.42,orientation,color,size,0.3400000000000001,20.0,3,female,0,2703.6115466,1,20,0.0,1.0,1.0,0.0,1.0,-1.0,461.0,32.0,0.0
577,578,3.0,0.0,2.0,0.0,8.0,1.3821997000004558,-34.0,19.0,0.1,orientation,color,size,0.3400000000000001,20.0,3,female,0,2703.6115466,1,20,0.0,1.0,1.0,0.0,1.0,1.0,462.0,33.0,0.0
578,579,3.0,3.0,1.0,0.0,8.0,2.115616900000532,-52.0,9.0,0.42,orientation,color,size,0.3400000000000001,20.0,3,female,0,2703.6115466,1,20,0.0,1.0,1.0,0.0,1.0,0.0,463.0,34.0,0.0
579,580,3.0,1.0,2.0,0.0,8.0,3.1658127000000604,-38.5,14.0,0.3,orientation,color,size,0.3400000000000001,20.0,3,female,0,2703.6115466,1,20,0.0,1.0,2.0,0.0,1.0,0.0,464.0,35.0,0.0
580,581,3.0,1.0,3.0,0.0,8.0,1.3992343999998411,-34.0,20.0,0.38,orientation,color,size,0.3400000000000001,20.0,3,female,0,2703.6115466,1,20,0.0,1.0,1.0,0.0,1.0,-1.0,465.0,36.0,0.0
581,582,3.0,5.0,4.0,0.0,8.0,1.0498202999997377,65.0,4.0,0.14,orientation,color,size,0.3400000000000001,20.0,3,female,0,2703.6115466,1,20,0.0,1.0,1.0,0.0,1.0,1.0,466.0,37.0,0.0
582,583,3.0,7.0,4.0,0.0,8.0,1.948517300000276,51.5,5.0,0.1,orientation,color,size,0.3400000000000001,20.0,3,female,0,2703.6115466,1,20,0.0,1.0,2.0,0.0,1.0,0.0,467.0,38.0,0.0
583,584,3.0,0.0,3.0,0.0,8.0,2.3983729000001404,-88.0,15.0,0.4600000000000001,orientation,color,size,0.3400000000000001,20.0,3,female,0,2703.6115466,1,20,0.0,1.0,2.0,0.0,1.0,-1.0,468.0,39.0,0.0
584,585,3.0,6.0,5.0,0.0,8.0,1.916110199999821,33.5,11.0,0.42,orientation,color,size,0.3400000000000001,20.0,3,female,0,2703.6115466,1,20,0.0,1.0,2.0,0.0,1.0,0.0,469.0,40.0,0.0
585,586,3.0,5.0,4.0,0.0,8.0,2.916380499999832,51.5,11.0,0.1,orientation,color,size,0.3400000000000001,20.0,3,female,0,2703.6115466,1,20,0.0,1.0,1.0,0.0,1.0,0.0,470.0,41.0,0.0
586,587,3.0,0.0,3.0,0.0,8.0,1.0832619000002524,-25.0,17.0,0.3400000000000001,orientation,color,size,0.3400000000000001,20.0,3,female,0,2703.6115466,1,20,0.0,1.0,2.0,0.0,1.0,1.0,471.0,42.0,0.0
587,588,3.0,3.0,1.0,0.0,8.0,3.449725700000272,-88.0,6.0,0.4600000000000001,orientation,color,size,0.3400000000000001,20.0,3,female,0,2703.6115466,1,20,0.0,1.0,1.0,0.0,1.0,-1.0,472.0,43.0,0.0
588,589,3.0,0.0,2.0,0.0,8.0,2.4162694000006013,2.0,17.0,0.22,orientation,color,size,0.3400000000000001,20.0,3,female,0,2703.6115466,1,20,0.0,1.0,1.0,0.0,1.0,1.0,473.0,44.0,0.0
589,590,2.0,3.0,3.0,1.0,4.0,2.1006797000000006,29.0,16.0,0.3400000000000001,orientation,color,size,0.3400000000000001,20.0,3,female,0,2703.6115466,1,20,0.0,0.0,1.0,0.0,0.0,1.0,474.0,0.0,1.0
590,591,2.0,3.0,3.0,1.0,4.0,0.8172456000002057,20.0,19.0,0.38,orientation,color,size,0.3400000000000001,20.0,3,female,0,2703.6115466,0,20,0.0,0.0,1.0,0.0,1.0,1.0,475.0,0.0,2.0
591,592,2.0,2.0,3.0,0.0,4.0,1.1673793999998452,47.0,15.0,0.38,orientation,color,size,0.3400000000000001,20.0,3,female,0,2703.6115466,0,20,0.0,1.0,1.0,0.0,0.0,1.0,476.0,0.0,3.0
592,593,2.0,2.0,2.0,1.0,4.0,1.2338079999999536,42.5,7.0,0.18,orientation,color,size,0.3400000000000001,20.0,3,female,0,2703.6115466,1,20,0.0,0.0,1.0,0.0,-1.0,1.0,477.0,0.0,4.0
593,594,2.0,2.0,1.0,0.0,4.0,2.251123500000176,11.0,15.0,0.26,orientation,color,size,0.3400000000000001,20.0,3,female,0,2703.6115466,0,20,0.0,2.0,1.0,0.0,1.0,1.0,478.0,0.0,5.0
594,595,2.0,1.0,0.0,0.0,4.0,1.1491504999994504,-61.0,12.0,0.4600000000000001,orientation,color,size,0.3400000000000001,20.0,3,female,0,2703.6115466,1,20,0.0,1.0,1.0,0.0,-2.0,1.0,479.0,0.0,6.0
595,596,2.0,1.0,1.0,1.0,4.0,1.1004351999999926,-43.0,23.0,0.3400000000000001,orientation,color,size,0.3400000000000001,20.0,3,female,0,2703.6115466,1,20,0.0,0.0,1.0,0.0,1.0,1.0,480.0,0.0,7.0
596,597,2.0,3.0,0.0,0.0,4.0,2.450063400000545,-88.0,2.0,0.1,orientation,color,size,0.3400000000000001,20.0,3,female,0,2703.6115466,0,20,0.0,2.0,1.0,0.0,1.0,1.0,481.0,0.0,8.0
