Trial_number,Chosen_castle,Chosen_location,Correct_location,Accuracy,Number_of_doors,RT,Current_orientation,Current_color,Current_size,First_feature,Second_feature,Third_feature,Participant_size,Participant_orientation,Participant_number,Participant_gender,Early_exit,Training_time,Meta_trial,Participant_age
1,3,5,0,0,8,5.765960100000484,-65.5,6,0.1,color,orientation,size,0.22000000000000003,15.5,10,female,0,2707.0406706000003,1,23
2,3,3,3,1,8,3.297941599999831,78.5,0,0.22000000000000003,color,orientation,size,0.22000000000000003,15.5,10,female,0,2707.0406706000003,1,23
3,3,3,7,0,8,2.2001682000000073,78.5,14,0.30000000000000004,color,orientation,size,0.22000000000000003,15.5,10,female,0,2707.0406706000003,0,23
4,3,0,4,0,8,1.0993521000000328,-38.5,17,0.14,color,orientation,size,0.22000000000000003,15.5,10,female,0,2707.0406706000003,1,23
5,3,3,7,0,8,3.133198900000025,74.0,13,0.22000000000000003,color,orientation,size,0.22000000000000003,15.5,10,female,0,2707.0406706000003,1,23
6,2,1,2,0,4,4.5320222999998805,-38.5,20,0.14,color,orientation,size,0.22000000000000003,15.5,10,female,0,2707.0406706000003,1,23
7,1,0,0,1,2,1.5750457000003735,-20.5,8,0.38,color,orientation,size,0.22000000000000003,15.5,10,female,0,2707.0406706000003,1,23
8,1,1,1,1,2,1.4343625999999858,11.0,15,0.22000000000000003,color,orientation,size,0.22000000000000003,15.5,10,female,0,2707.0406706000003,0,23
9,1,0,0,1,2,2.7175790000001143,83.0,0,0.22000000000000003,color,orientation,size,0.22000000000000003,15.5,10,female,0,2707.0406706000003,0,23
10,1,0,1,0,2,3.2000608999996984,6.5,16,0.42000000000000004,color,orientation,size,0.22000000000000003,15.5,10,female,0,2707.0406706000003,0,23
11,1,0,1,0,2,2.1418314000002283,24.5,23,0.38,color,orientation,size,0.22000000000000003,15.5,10,female,0,2707.0406706000003,1,23
12,1,0,1,0,2,1.7595254999996541,60.5,15,0.30000000000000004,color,orientation,size,0.22000000000000003,15.5,10,female,0,2707.0406706000003,1,23
13,1,0,1,0,2,3.5592086999995445,-7.0,13,0.18000000000000002,color,orientation,size,0.22000000000000003,15.5,10,female,0,2707.0406706000003,1,23
14,1,0,0,1,2,1.207357199999933,38.0,8,0.22000000000000003,color,orientation,size,0.22000000000000003,15.5,10,female,0,2707.0406706000003,1,23
15,1,1,1,1,2,1.1173231999991913,-38.5,15,0.4600000000000001,color,orientation,size,0.22000000000000003,15.5,10,female,0,2707.0406706000003,0,23
16,1,1,1,1,2,2.4503905999999915,74.0,17,0.3400000000000001,color,orientation,size,0.22000000000000003,15.5,10,female,0,2707.0406706000003,0,23
17,1,1,1,1,2,1.06659369999943,-52.0,14,0.38,color,orientation,size,0.22000000000000003,15.5,10,female,0,2707.0406706000003,0,23
18,1,0,0,1,2,1.4339959999997518,87.5,8,0.1,color,orientation,size,0.22000000000000003,15.5,10,female,0,2707.0406706000003,0,23
19,1,0,0,1,2,0.850401900000179,78.5,8,0.22000000000000003,color,orientation,size,0.22000000000000003,15.5,10,female,0,2707.0406706000003,0,23
20,1,0,0,1,2,1.1508217000000514,33.5,1,0.3400000000000001,color,orientation,size,0.22000000000000003,15.5,10,female,0,2707.0406706000003,0,23
21,1,0,0,1,2,1.4995060000001104,24.5,1,0.18000000000000002,color,orientation,size,0.22000000000000003,15.5,10,female,0,2707.0406706000003,0,23
22,1,1,1,1,2,0.9172568000003594,-20.5,16,0.4600000000000001,color,orientation,size,0.22000000000000003,15.5,10,female,0,2707.0406706000003,0,23
23,1,0,0,1,2,1.334237399999438,20.0,6,0.14,color,orientation,size,0.22000000000000003,15.5,10,female,0,2707.0406706000003,0,23
24,2,1,0,0,4,6.499037700000372,-43.0,7,0.3400000000000001,color,orientation,size,0.22000000000000003,15.5,10,female,0,2707.0406706000003,1,23
25,2,0,0,1,4,1.5482143999997788,-38.5,3,0.3400000000000001,color,orientation,size,0.22000000000000003,15.5,10,female,0,2707.0406706000003,1,23
26,2,0,0,1,4,1.533885900000314,-52.0,6,0.42000000000000004,color,orientation,size,0.22000000000000003,15.5,10,female,0,2707.0406706000003,0,23
27,2,1,1,1,4,2.7500608000000284,51.5,9,0.1,color,orientation,size,0.22000000000000003,15.5,10,female,0,2707.0406706000003,0,23
28,2,0,0,1,4,2.8170287000002645,-11.5,11,0.3400000000000001,color,orientation,size,0.22000000000000003,15.5,10,female,0,2707.0406706000003,0,23
29,2,0,0,1,4,1.3171826999996483,11.0,11,0.30000000000000004,color,orientation,size,0.22000000000000003,15.5,10,female,0,2707.0406706000003,0,23
30,2,3,2,0,4,2.650242000000617,-38.5,15,0.30000000000000004,color,orientation,size,0.22000000000000003,15.5,10,female,0,2707.0406706000003,0,23
31,2,1,0,0,4,2.8322908000000098,-16.0,1,0.18000000000000002,color,orientation,size,0.22000000000000003,15.5,10,female,0,2707.0406706000003,1,23
32,2,0,0,1,4,2.2671986000004836,-79.0,7,0.3400000000000001,color,orientation,size,0.22000000000000003,15.5,10,female,0,2707.0406706000003,1,23
33,2,3,2,0,4,2.5008559000007153,11.0,24,0.3400000000000001,color,orientation,size,0.22000000000000003,15.5,10,female,0,2707.0406706000003,0,23
34,2,0,0,1,4,2.5826844000002893,-34.0,8,0.42000000000000004,color,orientation,size,0.22000000000000003,15.5,10,female,0,2707.0406706000003,1,23
35,2,0,0,1,4,1.4833208000000013,-70.0,2,0.38,color,orientation,size,0.22000000000000003,15.5,10,female,0,2707.0406706000003,0,23
36,2,2,2,1,4,1.2998515999997835,-47.5,16,0.42000000000000004,color,orientation,size,0.22000000000000003,15.5,10,female,0,2707.0406706000003,0,23
37,2,0,0,1,4,1.6006880999993882,-88.0,4,0.38,color,orientation,size,0.22000000000000003,15.5,10,female,0,2707.0406706000003,0,23
38,2,0,0,1,4,1.5833634999999049,-7.0,2,0.30000000000000004,color,orientation,size,0.22000000000000003,15.5,10,female,0,2707.0406706000003,0,23
39,2,1,1,1,4,1.082666500000414,78.5,4,0.18000000000000002,color,orientation,size,0.22000000000000003,15.5,10,female,0,2707.0406706000003,0,23
40,2,3,2,0,4,1.5506420000001526,-74.5,17,0.18000000000000002,color,orientation,size,0.22000000000000003,15.5,10,female,0,2707.0406706000003,0,23
41,2,2,3,0,4,1.183148799999799,65.0,22,0.4600000000000001,color,orientation,size,0.22000000000000003,15.5,10,female,0,2707.0406706000003,1,23
42,2,1,1,1,4,1.1670070999998643,33.5,7,0.18000000000000002,color,orientation,size,0.22000000000000003,15.5,10,female,0,2707.0406706000003,1,23
43,2,1,1,1,4,0.533232599999792,74.0,5,0.14,color,orientation,size,0.22000000000000003,15.5,10,female,0,2707.0406706000003,0,23
44,2,2,3,0,4,3.1678334999996878,24.5,19,0.22000000000000003,color,orientation,size,0.22000000000000003,15.5,10,female,0,2707.0406706000003,0,23
45,2,3,2,0,4,1.8998289000001023,-38.5,23,0.38,color,orientation,size,0.22000000000000003,15.5,10,female,0,2707.0406706000003,1,23
46,2,0,1,0,4,1.6323521000003893,42.5,5,0.26,color,orientation,size,0.22000000000000003,15.5,10,female,0,2707.0406706000003,1,23
47,2,3,2,0,4,2.7666206999992937,-43.0,14,0.42000000000000004,color,orientation,size,0.22000000000000003,15.5,10,female,0,2707.0406706000003,1,23
48,2,0,1,0,4,3.0162342000003264,60.5,11,0.3400000000000001,color,orientation,size,0.22000000000000003,15.5,10,female,0,2707.0406706000003,1,23
49,2,1,1,1,4,0.9653078000001187,47.0,12,0.38,color,orientation,size,0.22000000000000003,15.5,10,female,0,2707.0406706000003,1,23
50,2,2,2,1,4,1.1995626999996603,-56.5,24,0.38,color,orientation,size,0.22000000000000003,15.5,10,female,0,2707.0406706000003,0,23
51,2,2,2,1,4,3.4665314999992916,-11.5,17,0.42000000000000004,color,orientation,size,0.22000000000000003,15.5,10,female,0,2707.0406706000003,0,23
52,2,1,1,1,4,1.6324835000004896,65.0,11,0.18000000000000002,color,orientation,size,0.22000000000000003,15.5,10,female,0,2707.0406706000003,0,23
53,2,3,3,1,4,2.0826702000003934,74.0,17,0.38,color,orientation,size,0.22000000000000003,15.5,10,female,0,2707.0406706000003,0,23
54,2,0,0,1,4,3.467478399999891,-16.0,2,0.22000000000000003,color,orientation,size,0.22000000000000003,15.5,10,female,0,2707.0406706000003,0,23
55,2,2,2,1,4,4.267042800000127,-20.5,18,0.3400000000000001,color,orientation,size,0.22000000000000003,15.5,10,female,0,2707.0406706000003,0,23
56,2,1,1,1,4,1.9665134999995644,56.0,5,0.1,color,orientation,size,0.22000000000000003,15.5,10,female,0,2707.0406706000003,0,23
57,2,0,0,1,4,1.5502618000000439,-70.0,1,0.3400000000000001,color,orientation,size,0.22000000000000003,15.5,10,female,0,2707.0406706000003,0,23
58,2,0,0,1,4,4.649734900000112,-61.0,6,0.30000000000000004,color,orientation,size,0.22000000000000003,15.5,10,female,0,2707.0406706000003,0,23
59,3,4,5,0,8,3.331966500000817,-43.0,19,0.38,color,orientation,size,0.22000000000000003,15.5,10,female,0,2707.0406706000003,1,23
60,3,3,0,0,8,2.4984942000000956,2.0,0,0.14,color,orientation,size,0.22000000000000003,15.5,10,female,0,2707.0406706000003,1,23
61,3,6,7,0,8,4.032302100000379,47.0,21,0.22000000000000003,color,orientation,size,0.22000000000000003,15.5,10,female,0,2707.0406706000003,1,23
62,3,0,0,1,8,3.532689599999685,-34.0,6,0.14,color,orientation,size,0.22000000000000003,15.5,10,female,0,2707.0406706000003,1,23
63,3,2,1,0,8,6.6335857999993095,-29.5,11,0.30000000000000004,color,orientation,size,0.22000000000000003,15.5,10,female,0,2707.0406706000003,0,23
64,3,4,7,0,8,3.764973899999859,47.0,15,0.3400000000000001,color,orientation,size,0.22000000000000003,15.5,10,female,0,2707.0406706000003,1,23
65,3,0,1,0,8,3.832388499999979,-56.5,10,0.38,color,orientation,size,0.22000000000000003,15.5,10,female,0,2707.0406706000003,1,23
66,3,3,1,0,8,3.532493599999725,-2.5,4,0.3400000000000001,color,orientation,size,0.22000000000000003,15.5,10,female,0,2707.0406706000003,1,23
67,3,1,1,1,8,6.679051300000538,-2.5,11,0.42000000000000004,color,orientation,size,0.22000000000000003,15.5,10,female,0,2707.0406706000003,1,23
68,3,3,3,1,8,5.017263800000364,87.5,0,0.3400000000000001,color,orientation,size,0.22000000000000003,15.5,10,female,0,2707.0406706000003,0,23
69,3,5,6,0,8,3.616396200000054,74.0,18,0.18000000000000002,color,orientation,size,0.22000000000000003,15.5,10,female,0,2707.0406706000003,0,23
70,3,5,5,1,8,5.698868299999958,-16.0,20,0.3400000000000001,color,orientation,size,0.22000000000000003,15.5,10,female,0,2707.0406706000003,1,23
71,3,0,0,1,8,7.032830400000421,-70.0,0,0.18000000000000002,color,orientation,size,0.22000000000000003,15.5,10,female,0,2707.0406706000003,0,23
72,3,4,6,0,8,5.850100799999382,47.0,19,0.1,color,orientation,size,0.22000000000000003,15.5,10,female,0,2707.0406706000003,0,23
73,3,3,1,0,8,2.698469799999657,-79.0,5,0.22000000000000003,color,orientation,size,0.22000000000000003,15.5,10,female,0,2707.0406706000003,1,23
74,3,3,1,0,8,2.715741199999684,-56.5,0,0.38,color,orientation,size,0.22000000000000003,15.5,10,female,0,2707.0406706000003,1,23
75,3,4,4,1,8,8.182793599999968,-61.0,19,0.1,color,orientation,size,0.22000000000000003,15.5,10,female,0,2707.0406706000003,1,23
76,3,7,4,0,8,3.900627999999415,-7.0,14,0.1,color,orientation,size,0.22000000000000003,15.5,10,female,0,2707.0406706000003,0,23
77,3,7,5,0,8,5.882118700000319,-70.0,20,0.4600000000000001,color,orientation,size,0.22000000000000003,15.5,10,female,0,2707.0406706000003,1,23
78,3,7,7,1,8,7.4491165999997975,42.5,16,0.42000000000000004,color,orientation,size,0.22000000000000003,15.5,10,female,0,2707.0406706000003,1,23
79,3,7,7,1,8,1.4999452000001838,60.5,21,0.42000000000000004,color,orientation,size,0.22000000000000003,15.5,10,female,0,2707.0406706000003,0,23
80,3,0,1,0,8,5.351000300000123,-16.0,10,0.4600000000000001,color,orientation,size,0.22000000000000003,15.5,10,female,0,2707.0406706000003,0,23
81,3,3,0,0,8,7.281901999999718,-65.5,0,0.1,color,orientation,size,0.22000000000000003,15.5,10,female,0,2707.0406706000003,1,23
82,3,4,7,0,8,2.665074700000332,29.0,19,0.26,color,orientation,size,0.22000000000000003,15.5,10,female,0,2707.0406706000003,1,23
83,3,3,1,0,8,1.6324125000001004,-11.5,5,0.3400000000000001,color,orientation,size,0.22000000000000003,15.5,10,female,0,2707.0406706000003,1,23
84,3,6,5,0,8,2.232043899999553,2.0,20,0.26,color,orientation,size,0.22000000000000003,15.5,10,female,0,2707.0406706000003,1,23
85,3,0,3,0,8,3.8995030999994924,38.0,2,0.4600000000000001,color,orientation,size,0.22000000000000003,15.5,10,female,0,2707.0406706000003,1,23
86,3,5,4,0,8,2.314905899999758,-70.0,18,0.14,color,orientation,size,0.22000000000000003,15.5,10,female,0,2707.0406706000003,1,23
87,3,4,5,0,8,2.083356399999502,-70.0,14,0.38,color,orientation,size,0.22000000000000003,15.5,10,female,0,2707.0406706000003,1,23
88,3,6,7,0,8,1.7988357000003816,33.5,21,0.30000000000000004,color,orientation,size,0.22000000000000003,15.5,10,female,0,2707.0406706000003,1,23
89,3,3,3,1,8,2.498566600000231,74.0,2,0.38,color,orientation,size,0.22000000000000003,15.5,10,female,0,2707.0406706000003,1,23
90,3,5,5,1,8,2.7174858999997014,-65.5,23,0.38,color,orientation,size,0.22000000000000003,15.5,10,female,0,2707.0406706000003,0,23
91,3,2,3,0,8,3.8840430000000197,65.0,8,0.4600000000000001,color,orientation,size,0.22000000000000003,15.5,10,female,0,2707.0406706000003,0,23
92,3,4,5,0,8,2.648725999999442,2.0,17,0.42000000000000004,color,orientation,size,0.22000000000000003,15.5,10,female,0,2707.0406706000003,1,23
93,3,3,3,1,8,1.1492309000004752,83.0,11,0.3400000000000001,color,orientation,size,0.22000000000000003,15.5,10,female,0,2707.0406706000003,1,23
94,3,4,7,0,8,3.9002190000001065,69.5,19,0.26,color,orientation,size,0.22000000000000003,15.5,10,female,0,2707.0406706000003,0,23
95,3,2,3,0,8,1.51617350000015,60.5,12,0.42000000000000004,color,orientation,size,0.22000000000000003,15.5,10,female,0,2707.0406706000003,1,23
96,3,7,4,0,8,3.3158432000000175,11.0,24,0.14,color,orientation,size,0.22000000000000003,15.5,10,female,0,2707.0406706000003,1,23
97,3,7,4,0,8,3.2655985999999757,-83.5,19,0.1,color,orientation,size,0.22000000000000003,15.5,10,female,0,2707.0406706000003,1,23
98,3,4,5,0,8,2.1320312000007107,-61.0,13,0.38,color,orientation,size,0.22000000000000003,15.5,10,female,0,2707.0406706000003,1,23
99,3,0,2,0,8,5.649046300000009,56.0,9,0.18000000000000002,color,orientation,size,0.22000000000000003,15.5,10,female,0,2707.0406706000003,1,23
100,3,1,2,0,8,1.7169376000001648,29.0,8,0.1,color,orientation,size,0.22000000000000003,15.5,10,female,0,2707.0406706000003,1,23
101,3,7,4,0,8,2.3662866000004215,11.0,16,0.18000000000000002,color,orientation,size,0.22000000000000003,15.5,10,female,0,2707.0406706000003,1,23
102,3,5,6,0,8,1.4318960999999035,29.0,20,0.14,color,orientation,size,0.22000000000000003,15.5,10,female,0,2707.0406706000003,1,23
103,3,7,7,1,8,2.1812434000003122,60.5,23,0.30000000000000004,color,orientation,size,0.22000000000000003,15.5,10,female,0,2707.0406706000003,1,23
104,3,5,5,1,8,3.483913800000664,-52.0,21,0.3400000000000001,color,orientation,size,0.22000000000000003,15.5,10,female,0,2707.0406706000003,0,23
105,3,6,7,0,8,4.38405000000057,47.0,21,0.4600000000000001,color,orientation,size,0.22000000000000003,15.5,10,female,0,2707.0406706000003,0,23
106,3,3,3,1,8,1.8332692999993014,83.0,6,0.4600000000000001,color,orientation,size,0.22000000000000003,15.5,10,female,0,2707.0406706000003,1,23
107,3,4,5,0,8,3.8665923999997176,-34.0,17,0.42000000000000004,color,orientation,size,0.22000000000000003,15.5,10,female,0,2707.0406706000003,0,23
108,3,6,7,0,8,3.565693700000338,33.5,14,0.3400000000000001,color,orientation,size,0.22000000000000003,15.5,10,female,0,2707.0406706000003,1,23
109,3,7,7,1,8,1.8498515999999654,56.0,24,0.30000000000000004,color,orientation,size,0.22000000000000003,15.5,10,female,0,2707.0406706000003,1,23
110,3,3,0,0,8,1.5496964999992997,-88.0,2,0.18000000000000002,color,orientation,size,0.22000000000000003,15.5,10,female,0,2707.0406706000003,0,23
111,3,5,7,0,8,6.082184799999595,33.5,23,0.22000000000000003,color,orientation,size,0.22000000000000003,15.5,10,female,0,2707.0406706000003,1,23
112,3,3,0,0,8,2.5324264999999286,-56.5,3,0.14,color,orientation,size,0.22000000000000003,15.5,10,female,0,2707.0406706000003,1,23
113,3,0,7,0,8,1.3989710000005289,47.0,15,0.22000000000000003,color,orientation,size,0.22000000000000003,15.5,10,female,0,2707.0406706000003,1,23
114,3,7,7,1,8,1.1322087999997166,33.5,24,0.42000000000000004,color,orientation,size,0.22000000000000003,15.5,10,female,0,2707.0406706000003,1,23
115,3,7,7,1,8,1.1162723000006736,60.5,24,0.22000000000000003,color,orientation,size,0.22000000000000003,15.5,10,female,0,2707.0406706000003,0,23
116,3,0,3,0,8,4.3669128000001365,42.5,10,0.3400000000000001,color,orientation,size,0.22000000000000003,15.5,10,female,0,2707.0406706000003,0,23
117,3,3,3,1,8,1.0485662999999477,51.5,5,0.3400000000000001,color,orientation,size,0.22000000000000003,15.5,10,female,0,2707.0406706000003,1,23
118,3,3,1,0,8,1.7661591999994926,-83.5,11,0.30000000000000004,color,orientation,size,0.22000000000000003,15.5,10,female,0,2707.0406706000003,0,23
119,3,3,1,0,8,1.315816399999676,-79.0,6,0.30000000000000004,color,orientation,size,0.22000000000000003,15.5,10,female,0,2707.0406706000003,1,23
120,3,4,6,0,8,7.449123000000327,15.5,13,0.18000000000000002,color,orientation,size,0.22000000000000003,15.5,10,female,0,2707.0406706000003,1,23
121,3,7,7,1,8,3.8653687000005448,74.0,16,0.42000000000000004,color,orientation,size,0.22000000000000003,15.5,10,female,0,2707.0406706000003,1,23
122,3,7,7,1,8,1.5169079000006604,65.0,22,0.38,color,orientation,size,0.22000000000000003,15.5,10,female,0,2707.0406706000003,0,23
123,3,7,7,1,8,1.3500324000006003,69.5,17,0.38,color,orientation,size,0.22000000000000003,15.5,10,female,0,2707.0406706000003,0,23
124,3,3,1,0,8,6.616803800000525,-83.5,4,0.30000000000000004,color,orientation,size,0.22000000000000003,15.5,10,female,0,2707.0406706000003,0,23
125,3,2,1,0,8,6.282166799999686,-38.5,6,0.4600000000000001,color,orientation,size,0.22000000000000003,15.5,10,female,0,2707.0406706000003,1,23
126,3,4,6,0,8,5.616091399999277,56.0,21,0.18000000000000002,color,orientation,size,0.22000000000000003,15.5,10,female,0,2707.0406706000003,1,23
127,3,6,3,0,8,0.9828342000000703,69.5,3,0.38,color,orientation,size,0.22000000000000003,15.5,10,female,0,2707.0406706000003,1,23
128,3,3,3,1,8,0.9989413000002969,65.0,12,0.4600000000000001,color,orientation,size,0.22000000000000003,15.5,10,female,0,2707.0406706000003,1,23
129,3,5,7,0,8,2.7833087999997588,42.5,18,0.38,color,orientation,size,0.22000000000000003,15.5,10,female,0,2707.0406706000003,0,23
130,3,3,1,0,8,2.815896999999495,2.0,8,0.22000000000000003,color,orientation,size,0.22000000000000003,15.5,10,female,0,2707.0406706000003,1,23
131,3,7,5,0,8,5.265849200000048,-11.5,24,0.4600000000000001,color,orientation,size,0.22000000000000003,15.5,10,female,0,2707.0406706000003,1,23
132,3,4,5,0,8,1.648176699999567,-65.5,21,0.22000000000000003,color,orientation,size,0.22000000000000003,15.5,10,female,0,2707.0406706000003,1,23
133,3,3,1,0,8,8.382321500000216,-11.5,5,0.38,color,orientation,size,0.22000000000000003,15.5,10,female,0,2707.0406706000003,1,23
134,3,3,0,0,8,1.9821180999997523,-70.0,1,0.18000000000000002,color,orientation,size,0.22000000000000003,15.5,10,female,0,2707.0406706000003,1,23
135,3,4,4,1,8,1.515240000000631,-43.0,19,0.1,color,orientation,size,0.22000000000000003,15.5,10,female,0,2707.0406706000003,1,23
136,3,2,2,1,8,3.5163370000000214,33.5,0,0.1,color,orientation,size,0.22000000000000003,15.5,10,female,0,2707.0406706000003,0,23
137,3,1,2,0,8,5.533568800000467,83.0,5,0.1,color,orientation,size,0.22000000000000003,15.5,10,female,0,2707.0406706000003,0,23
138,3,0,1,0,8,5.948808400000416,-20.5,4,0.30000000000000004,color,orientation,size,0.22000000000000003,15.5,10,female,0,2707.0406706000003,1,23
139,3,4,6,0,8,1.598570799999834,74.0,24,0.14,color,orientation,size,0.22000000000000003,15.5,10,female,0,2707.0406706000003,1,23
140,3,1,2,0,8,3.6322505999996793,42.5,10,0.1,color,orientation,size,0.22000000000000003,15.5,10,female,0,2707.0406706000003,1,23
141,3,3,1,0,8,3.7166024999996807,-29.5,10,0.42000000000000004,color,orientation,size,0.22000000000000003,15.5,10,female,0,2707.0406706000003,1,23
142,3,4,4,1,8,1.18247700000029,-79.0,23,0.1,color,orientation,size,0.22000000000000003,15.5,10,female,0,2707.0406706000003,1,23
143,3,3,0,0,8,2.8167598999998518,-7.0,2,0.14,color,orientation,size,0.22000000000000003,15.5,10,female,0,2707.0406706000003,0,23
144,3,7,7,1,8,3.049547400000847,69.5,23,0.42000000000000004,color,orientation,size,0.22000000000000003,15.5,10,female,0,2707.0406706000003,1,23
145,3,6,5,0,8,3.667074799999682,-83.5,17,0.3400000000000001,color,orientation,size,0.22000000000000003,15.5,10,female,0,2707.0406706000003,0,23
146,3,4,5,0,8,3.182420699999966,11.0,17,0.3400000000000001,color,orientation,size,0.22000000000000003,15.5,10,female,0,2707.0406706000003,1,23
147,3,7,7,1,8,2.6658158000000185,69.5,20,0.4600000000000001,color,orientation,size,0.22000000000000003,15.5,10,female,0,2707.0406706000003,1,23
148,3,3,2,0,8,7.6167460999995455,87.5,12,0.14,color,orientation,size,0.22000000000000003,15.5,10,female,0,2707.0406706000003,0,23
149,3,6,7,0,8,3.015858799999478,65.0,20,0.26,color,orientation,size,0.22000000000000003,15.5,10,female,0,2707.0406706000003,1,23
150,3,4,4,1,8,3.4318614000003436,-52.0,23,0.1,color,orientation,size,0.22000000000000003,15.5,10,female,0,2707.0406706000003,1,23
151,3,6,5,0,8,8.733975900000587,-61.0,23,0.38,color,orientation,size,0.22000000000000003,15.5,10,female,0,2707.0406706000003,0,23
152,3,1,3,0,8,3.5818574000004446,78.5,5,0.38,color,orientation,size,0.22000000000000003,15.5,10,female,0,2707.0406706000003,1,23
153,3,7,5,0,8,2.5642816999998104,6.5,16,0.4600000000000001,color,orientation,size,0.22000000000000003,15.5,10,female,0,2707.0406706000003,1,23
154,3,0,1,0,8,7.59818930000074,-47.5,6,0.42000000000000004,color,orientation,size,0.22000000000000003,15.5,10,female,0,2707.0406706000003,1,23
155,3,1,1,1,8,1.8327274000002944,-20.5,10,0.26,color,orientation,size,0.22000000000000003,15.5,10,female,0,2707.0406706000003,1,23
156,3,5,7,0,8,4.599386600000798,78.5,24,0.30000000000000004,color,orientation,size,0.22000000000000003,15.5,10,female,0,2707.0406706000003,0,23
157,3,4,6,0,8,1.7994669999998223,20.0,20,0.1,color,orientation,size,0.22000000000000003,15.5,10,female,0,2707.0406706000003,1,23
158,3,6,6,1,8,0.9985661999999138,42.5,14,0.14,color,orientation,size,0.22000000000000003,15.5,10,female,0,2707.0406706000003,1,23
159,3,1,3,0,8,2.98252119999961,20.0,11,0.4600000000000001,color,orientation,size,0.22000000000000003,15.5,10,female,0,2707.0406706000003,0,23
160,3,6,5,0,8,9.317654200000106,6.5,20,0.38,color,orientation,size,0.22000000000000003,15.5,10,female,0,2707.0406706000003,1,23
161,3,1,1,1,8,7.966577299999699,-70.0,4,0.3400000000000001,color,orientation,size,0.22000000000000003,15.5,10,female,0,2707.0406706000003,1,23
162,3,4,4,1,8,7.78366510000069,-79.0,24,0.14,color,orientation,size,0.22000000000000003,15.5,10,female,0,2707.0406706000003,0,23
163,3,5,5,1,8,2.083229900000333,-20.5,19,0.3400000000000001,color,orientation,size,0.22000000000000003,15.5,10,female,0,2707.0406706000003,0,23
164,3,2,1,0,8,7.749329700000089,-43.0,12,0.30000000000000004,color,orientation,size,0.22000000000000003,15.5,10,female,0,2707.0406706000003,0,23
165,3,7,5,0,8,5.399723599999561,-61.0,24,0.42000000000000004,color,orientation,size,0.22000000000000003,15.5,10,female,0,2707.0406706000003,1,23
166,3,0,3,0,8,3.7323507999999492,51.5,2,0.42000000000000004,color,orientation,size,0.22000000000000003,15.5,10,female,0,2707.0406706000003,1,23
167,3,5,5,1,8,3.381788499999857,-74.5,21,0.38,color,orientation,size,0.22000000000000003,15.5,10,female,0,2707.0406706000003,1,23
168,3,0,0,1,8,12.567184300000008,-52.0,0,0.18000000000000002,color,orientation,size,0.22000000000000003,15.5,10,female,0,2707.0406706000003,0,23
169,3,1,3,0,8,4.749432199999319,24.5,5,0.4600000000000001,color,orientation,size,0.22000000000000003,15.5,10,female,0,2707.0406706000003,0,23
170,3,4,7,0,8,2.84916770000018,69.5,23,0.26,color,orientation,size,0.22000000000000003,15.5,10,female,0,2707.0406706000003,1,23
171,3,5,7,0,8,2.7656483000000662,20.0,17,0.38,color,orientation,size,0.22000000000000003,15.5,10,female,0,2707.0406706000003,1,23
172,3,7,7,1,8,1.4986133000002155,29.0,22,0.30000000000000004,color,orientation,size,0.22000000000000003,15.5,10,female,0,2707.0406706000003,1,23
173,3,0,3,0,8,3.916732700000466,20.0,3,0.42000000000000004,color,orientation,size,0.22000000000000003,15.5,10,female,0,2707.0406706000003,0,23
174,3,0,1,0,8,3.8316423999995095,-34.0,7,0.26,color,orientation,size,0.22000000000000003,15.5,10,female,0,2707.0406706000003,1,23
175,3,1,1,1,8,2.065636799999993,-25.0,8,0.38,color,orientation,size,0.22000000000000003,15.5,10,female,0,2707.0406706000003,1,23
176,3,4,5,0,8,3.5001055000002452,-7.0,21,0.38,color,orientation,size,0.22000000000000003,15.5,10,female,0,2707.0406706000003,0,23
177,3,3,1,0,8,5.516070300000138,-79.0,2,0.26,color,orientation,size,0.22000000000000003,15.5,10,female,0,2707.0406706000003,1,23
178,3,1,0,0,8,2.299153500000102,-83.5,1,0.1,color,orientation,size,0.22000000000000003,15.5,10,female,0,2707.0406706000003,1,23
179,3,2,3,0,8,5.131628400000409,78.5,8,0.26,color,orientation,size,0.22000000000000003,15.5,10,female,0,2707.0406706000003,1,23
180,3,3,0,0,8,1.8325602999993862,-56.5,7,0.1,color,orientation,size,0.22000000000000003,15.5,10,female,0,2707.0406706000003,1,23
181,3,5,7,0,8,3.0657486000000063,56.0,16,0.4600000000000001,color,orientation,size,0.22000000000000003,15.5,10,female,0,2707.0406706000003,1,23
182,3,3,1,0,8,1.2484925000007934,-79.0,5,0.22000000000000003,color,orientation,size,0.22000000000000003,15.5,10,female,0,2707.0406706000003,1,23
183,3,1,0,0,8,1.3329162999998516,-61.0,2,0.1,color,orientation,size,0.22000000000000003,15.5,10,female,0,2707.0406706000003,1,23
184,3,4,5,0,8,1.9321570000001884,-16.0,13,0.42000000000000004,color,orientation,size,0.22000000000000003,15.5,10,female,0,2707.0406706000003,1,23
185,3,4,5,0,8,3.032188099999985,-7.0,15,0.38,color,orientation,size,0.22000000000000003,15.5,10,female,0,2707.0406706000003,1,23
186,3,3,3,1,8,1.6823139999996783,83.0,9,0.42000000000000004,color,orientation,size,0.22000000000000003,15.5,10,female,0,2707.0406706000003,1,23
187,3,1,1,1,8,4.399996300000566,-16.0,12,0.22000000000000003,color,orientation,size,0.22000000000000003,15.5,10,female,0,2707.0406706000003,0,23
188,3,5,5,1,8,4.799734600000193,-88.0,21,0.42000000000000004,color,orientation,size,0.22000000000000003,15.5,10,female,0,2707.0406706000003,0,23
189,3,0,3,0,8,4.1671980000000985,51.5,2,0.22000000000000003,color,orientation,size,0.22000000000000003,15.5,10,female,0,2707.0406706000003,0,23
190,3,0,2,0,8,2.782868100000087,78.5,2,0.1,color,orientation,size,0.22000000000000003,15.5,10,female,0,2707.0406706000003,1,23
191,3,4,5,0,8,2.765661600000385,-29.5,21,0.3400000000000001,color,orientation,size,0.22000000000000003,15.5,10,female,0,2707.0406706000003,1,23
192,3,7,6,0,8,1.7491712999999436,83.0,22,0.18000000000000002,color,orientation,size,0.22000000000000003,15.5,10,female,0,2707.0406706000003,1,23
193,3,0,0,1,8,3.8488244000000122,-11.5,10,0.1,color,orientation,size,0.22000000000000003,15.5,10,female,0,2707.0406706000003,1,23
194,3,1,0,0,8,2.066799099999116,-20.5,9,0.18000000000000002,color,orientation,size,0.22000000000000003,15.5,10,female,0,2707.0406706000003,0,23
195,3,3,1,0,8,5.382219500000247,-56.5,11,0.42000000000000004,color,orientation,size,0.22000000000000003,15.5,10,female,0,2707.0406706000003,1,23
196,3,5,5,1,8,2.2153863000003184,-70.0,22,0.26,color,orientation,size,0.22000000000000003,15.5,10,female,0,2707.0406706000003,1,23
197,3,2,1,0,8,7.932932300000175,-52.0,10,0.22000000000000003,color,orientation,size,0.22000000000000003,15.5,10,female,0,2707.0406706000003,0,23
198,3,2,3,0,8,5.132243199999721,15.5,1,0.30000000000000004,color,orientation,size,0.22000000000000003,15.5,10,female,0,2707.0406706000003,1,23
199,3,3,1,0,8,1.4332121999996161,11.0,10,0.38,color,orientation,size,0.22000000000000003,15.5,10,female,0,2707.0406706000003,1,23
200,3,7,5,0,8,2.930694399999993,-88.0,16,0.3400000000000001,color,orientation,size,0.22000000000000003,15.5,10,female,0,2707.0406706000003,1,23
201,3,4,4,1,8,3.782766399999673,-43.0,17,0.14,color,orientation,size,0.22000000000000003,15.5,10,female,0,2707.0406706000003,1,23
202,3,2,3,0,8,3.433865899999546,60.5,4,0.30000000000000004,color,orientation,size,0.22000000000000003,15.5,10,female,0,2707.0406706000003,0,23
203,3,3,1,0,8,4.565234800000326,-47.5,11,0.26,color,orientation,size,0.22000000000000003,15.5,10,female,0,2707.0406706000003,1,23
204,3,0,0,1,8,1.8828939000004539,-11.5,3,0.1,color,orientation,size,0.22000000000000003,15.5,10,female,0,2707.0406706000003,1,23
205,3,7,7,1,8,2.4830363999999463,74.0,23,0.38,color,orientation,size,0.22000000000000003,15.5,10,female,0,2707.0406706000003,0,23
206,3,5,7,0,8,3.3503614999999627,47.0,16,0.3400000000000001,color,orientation,size,0.22000000000000003,15.5,10,female,0,2707.0406706000003,0,23
207,3,3,1,0,8,1.7484408999998777,-83.5,0,0.30000000000000004,color,orientation,size,0.22000000000000003,15.5,10,female,0,2707.0406706000003,1,23
208,3,5,5,1,8,4.715983699999924,11.0,20,0.38,color,orientation,size,0.22000000000000003,15.5,10,female,0,2707.0406706000003,1,23
209,3,6,7,0,8,3.349790600000233,56.0,23,0.30000000000000004,color,orientation,size,0.22000000000000003,15.5,10,female,0,2707.0406706000003,0,23
210,3,6,5,0,8,1.917387499999677,-56.5,20,0.22000000000000003,color,orientation,size,0.22000000000000003,15.5,10,female,0,2707.0406706000003,1,23
211,3,3,1,0,8,5.833362399999714,6.5,4,0.42000000000000004,color,orientation,size,0.22000000000000003,15.5,10,female,0,2707.0406706000003,1,23
212,3,5,5,1,8,11.915647000000718,11.0,16,0.30000000000000004,color,orientation,size,0.22000000000000003,15.5,10,female,0,2707.0406706000003,1,23
213,3,7,5,0,8,4.400167200000396,-52.0,18,0.30000000000000004,color,orientation,size,0.22000000000000003,15.5,10,female,0,2707.0406706000003,0,23
214,3,2,1,0,8,4.0660132000002704,-70.0,7,0.30000000000000004,color,orientation,size,0.22000000000000003,15.5,10,female,0,2707.0406706000003,1,23
215,3,2,3,0,8,1.632376600000498,83.0,5,0.26,color,orientation,size,0.22000000000000003,15.5,10,female,0,2707.0406706000003,1,23
216,3,2,1,0,8,1.7156975999996575,-43.0,9,0.26,color,orientation,size,0.22000000000000003,15.5,10,female,0,2707.0406706000003,1,23
217,3,5,5,1,8,2.3655699000000823,-34.0,17,0.42000000000000004,color,orientation,size,0.22000000000000003,15.5,10,female,0,2707.0406706000003,1,23
218,3,2,3,0,8,5.216821099999834,20.0,11,0.38,color,orientation,size,0.22000000000000003,15.5,10,female,0,2707.0406706000003,0,23
219,3,2,1,0,8,3.1325953999994454,-25.0,10,0.3400000000000001,color,orientation,size,0.22000000000000003,15.5,10,female,0,2707.0406706000003,1,23
220,3,4,4,1,8,3.9470229999997173,-56.5,20,0.1,color,orientation,size,0.22000000000000003,15.5,10,female,0,2707.0406706000003,1,23
221,3,2,0,0,8,2.6503701999999976,-61.0,4,0.18000000000000002,color,orientation,size,0.22000000000000003,15.5,10,female,0,2707.0406706000003,0,23
222,3,0,2,0,8,2.3483876000000237,78.5,2,0.1,color,orientation,size,0.22000000000000003,15.5,10,female,0,2707.0406706000003,1,23
223,3,2,3,0,8,4.284030199999506,15.5,1,0.26,color,orientation,size,0.22000000000000003,15.5,10,female,0,2707.0406706000003,1,23
224,3,4,7,0,8,1.2653962000003958,56.0,20,0.30000000000000004,color,orientation,size,0.22000000000000003,15.5,10,female,0,2707.0406706000003,1,23
225,3,5,6,0,8,1.9487103000001298,51.5,13,0.1,color,orientation,size,0.22000000000000003,15.5,10,female,0,2707.0406706000003,1,23
226,3,5,5,1,8,1.364974699999948,-70.0,21,0.30000000000000004,color,orientation,size,0.22000000000000003,15.5,10,female,0,2707.0406706000003,1,23
227,3,0,1,0,8,7.032750699999269,-2.5,7,0.42000000000000004,color,orientation,size,0.22000000000000003,15.5,10,female,0,2707.0406706000003,0,23
228,3,4,5,0,8,0.9320858000000953,2.0,14,0.3400000000000001,color,orientation,size,0.22000000000000003,15.5,10,female,0,2707.0406706000003,1,23
229,3,5,5,1,8,2.3322347999992417,-11.5,16,0.22000000000000003,color,orientation,size,0.22000000000000003,15.5,10,female,0,2707.0406706000003,1,23
230,3,5,7,0,8,1.2506084000006013,20.0,15,0.26,color,orientation,size,0.22000000000000003,15.5,10,female,0,2707.0406706000003,0,23
231,3,2,1,0,8,1.7656674999998359,-70.0,4,0.26,color,orientation,size,0.22000000000000003,15.5,10,female,0,2707.0406706000003,1,23
232,3,3,1,0,8,5.164819999999963,2.0,10,0.4600000000000001,color,orientation,size,0.22000000000000003,15.5,10,female,0,2707.0406706000003,1,23
233,3,3,2,0,8,3.2156458999997994,65.0,5,0.18000000000000002,color,orientation,size,0.22000000000000003,15.5,10,female,0,2707.0406706000003,1,23
234,3,4,5,0,8,1.1334123000006002,6.5,15,0.3400000000000001,color,orientation,size,0.22000000000000003,15.5,10,female,0,2707.0406706000003,1,23
235,3,7,5,0,8,2.181724199999735,-43.0,13,0.30000000000000004,color,orientation,size,0.22000000000000003,15.5,10,female,0,2707.0406706000003,1,23
236,3,4,3,0,8,2.749928700000055,38.0,2,0.26,color,orientation,size,0.22000000000000003,15.5,10,female,0,2707.0406706000003,1,23
237,3,3,2,0,8,1.7984447999997428,51.5,8,0.1,color,orientation,size,0.22000000000000003,15.5,10,female,0,2707.0406706000003,1,23
238,3,3,0,0,8,1.4653361000000587,-74.5,1,0.1,color,orientation,size,0.22000000000000003,15.5,10,female,0,2707.0406706000003,1,23
239,3,3,1,0,8,2.6986268000000564,-56.5,7,0.30000000000000004,color,orientation,size,0.22000000000000003,15.5,10,female,0,2707.0406706000003,1,23
240,3,7,4,0,8,1.9154055999997581,2.0,15,0.1,color,orientation,size,0.22000000000000003,15.5,10,female,0,2707.0406706000003,1,23
241,3,4,5,0,8,0.9487190999998347,-16.0,24,0.4600000000000001,color,orientation,size,0.22000000000000003,15.5,10,female,0,2707.0406706000003,1,23
242,3,2,2,1,8,1.7150295999999798,20.0,0,0.18000000000000002,color,orientation,size,0.22000000000000003,15.5,10,female,0,2707.0406706000003,1,23
243,3,1,1,1,8,3.8340668000000733,-7.0,9,0.22000000000000003,color,orientation,size,0.22000000000000003,15.5,10,female,0,2707.0406706000003,0,23
244,3,7,4,0,8,5.383877000000211,-52.0,24,0.18000000000000002,color,orientation,size,0.22000000000000003,15.5,10,female,0,2707.0406706000003,0,23
245,3,2,0,0,8,4.864752200000112,-29.5,7,0.1,color,orientation,size,0.22000000000000003,15.5,10,female,0,2707.0406706000003,1,23
246,3,1,0,0,8,1.731976900000518,2.0,12,0.14,color,orientation,size,0.22000000000000003,15.5,10,female,0,2707.0406706000003,1,23
247,3,7,5,0,8,2.6992591999996876,-20.5,13,0.3400000000000001,color,orientation,size,0.22000000000000003,15.5,10,female,0,2707.0406706000003,1,23
248,3,2,0,0,8,3.0159591000001456,-34.0,9,0.18000000000000002,color,orientation,size,0.22000000000000003,15.5,10,female,0,2707.0406706000003,1,23
249,3,3,0,0,8,1.2151424000003317,-65.5,2,0.1,color,orientation,size,0.22000000000000003,15.5,10,female,0,2707.0406706000003,1,23
250,3,6,5,0,8,1.750202100000024,-47.5,15,0.42000000000000004,color,orientation,size,0.22000000000000003,15.5,10,female,0,2707.0406706000003,1,23
251,3,5,5,1,8,1.3163474999992104,-25.0,22,0.30000000000000004,color,orientation,size,0.22000000000000003,15.5,10,female,0,2707.0406706000003,1,23
252,3,3,3,1,8,6.134159999999611,83.0,9,0.3400000000000001,color,orientation,size,0.22000000000000003,15.5,10,female,0,2707.0406706000003,0,23
253,3,3,1,0,8,0.9495770000003176,-83.5,11,0.26,color,orientation,size,0.22000000000000003,15.5,10,female,0,2707.0406706000003,0,23
254,3,3,3,1,8,0.8490524999997433,83.0,10,0.38,color,orientation,size,0.22000000000000003,15.5,10,female,0,2707.0406706000003,1,23
255,3,1,1,1,8,1.2998152000000118,-34.0,6,0.3400000000000001,color,orientation,size,0.22000000000000003,15.5,10,female,0,2707.0406706000003,0,23
256,3,1,1,1,8,1.1833440999998857,-56.5,5,0.4600000000000001,color,orientation,size,0.22000000000000003,15.5,10,female,0,2707.0406706000003,0,23
257,3,0,0,1,8,3.0668705999996746,-79.0,0,0.14,color,orientation,size,0.22000000000000003,15.5,10,female,0,2707.0406706000003,0,23
258,3,2,3,0,8,4.050602099999196,42.5,12,0.38,color,orientation,size,0.22000000000000003,15.5,10,female,0,2707.0406706000003,0,23
259,3,3,2,0,8,4.5490403000003425,24.5,8,0.18000000000000002,color,orientation,size,0.22000000000000003,15.5,10,female,0,2707.0406706000003,1,23
260,3,7,5,0,8,1.8986519999998563,-88.0,20,0.3400000000000001,color,orientation,size,0.22000000000000003,15.5,10,female,0,2707.0406706000003,1,23
261,3,5,1,0,8,2.182841200000439,-83.5,1,0.22000000000000003,color,orientation,size,0.22000000000000003,15.5,10,female,0,2707.0406706000003,1,23
262,3,4,1,0,8,13.100072700000055,-83.5,7,0.3400000000000001,color,orientation,size,0.22000000000000003,15.5,10,female,0,2707.0406706000003,1,23
263,3,1,2,0,8,1.2820618000005197,83.0,6,0.18000000000000002,color,orientation,size,0.22000000000000003,15.5,10,female,0,2707.0406706000003,1,23
264,3,2,3,0,8,2.8329719000003024,20.0,2,0.26,color,orientation,size,0.22000000000000003,15.5,10,female,0,2707.0406706000003,1,23
265,3,1,1,1,8,2.382721500000116,-38.5,1,0.22000000000000003,color,orientation,size,0.22000000000000003,15.5,10,female,0,2707.0406706000003,1,23
266,3,2,1,0,8,3.716555700000754,-16.0,0,0.3400000000000001,color,orientation,size,0.22000000000000003,15.5,10,female,0,2707.0406706000003,0,23
267,3,1,0,0,8,1.3995261000000028,-38.5,0,0.18000000000000002,color,orientation,size,0.22000000000000003,15.5,10,female,0,2707.0406706000003,1,23
268,3,2,3,0,8,3.098999700000604,65.0,8,0.30000000000000004,color,orientation,size,0.22000000000000003,15.5,10,female,0,2707.0406706000003,1,23
269,3,7,5,0,8,2.2826021999999284,-38.5,13,0.38,color,orientation,size,0.22000000000000003,15.5,10,female,0,2707.0406706000003,1,23
270,3,4,6,0,8,5.499535700000706,15.5,21,0.1,color,orientation,size,0.22000000000000003,15.5,10,female,0,2707.0406706000003,1,23
271,3,3,1,0,8,4.0167845999994825,-70.0,4,0.22000000000000003,color,orientation,size,0.22000000000000003,15.5,10,female,0,2707.0406706000003,1,23
272,3,2,3,0,8,1.9648499999993874,15.5,7,0.22000000000000003,color,orientation,size,0.22000000000000003,15.5,10,female,0,2707.0406706000003,1,23
273,3,1,0,0,8,1.8328420999996524,-2.5,5,0.14,color,orientation,size,0.22000000000000003,15.5,10,female,0,2707.0406706000003,1,23
274,3,3,1,0,8,1.416624899999988,-83.5,10,0.30000000000000004,color,orientation,size,0.22000000000000003,15.5,10,female,0,2707.0406706000003,1,23
275,3,3,0,0,8,0.9492938999992475,-34.0,7,0.1,color,orientation,size,0.22000000000000003,15.5,10,female,0,2707.0406706000003,1,23
276,3,4,6,0,8,3.316252500000701,47.0,17,0.18000000000000002,color,orientation,size,0.22000000000000003,15.5,10,female,0,2707.0406706000003,1,23
277,3,4,5,0,8,3.615569200000209,-29.5,14,0.38,color,orientation,size,0.22000000000000003,15.5,10,female,0,2707.0406706000003,1,23
278,3,5,1,0,8,0.9821283000001131,-47.5,6,0.4600000000000001,color,orientation,size,0.22000000000000003,15.5,10,female,0,2707.0406706000003,1,23
279,3,6,7,0,8,3.2813600999998016,29.0,17,0.42000000000000004,color,orientation,size,0.22000000000000003,15.5,10,female,0,2707.0406706000003,1,23
280,3,5,5,1,8,4.532930700000179,-34.0,21,0.26,color,orientation,size,0.22000000000000003,15.5,10,female,0,2707.0406706000003,1,23
281,3,3,3,1,8,7.550017100000332,74.0,9,0.30000000000000004,color,orientation,size,0.22000000000000003,15.5,10,female,0,2707.0406706000003,0,23
282,3,4,5,0,8,3.299525000000358,-7.0,16,0.42000000000000004,color,orientation,size,0.22000000000000003,15.5,10,female,0,2707.0406706000003,0,23
283,3,2,3,0,8,4.847640500000125,56.0,9,0.22000000000000003,color,orientation,size,0.22000000000000003,15.5,10,female,0,2707.0406706000003,1,23
284,3,6,4,0,8,3.7984514999998282,6.5,19,0.14,color,orientation,size,0.22000000000000003,15.5,10,female,0,2707.0406706000003,1,23
285,3,4,7,0,8,3.966346600000179,56.0,19,0.4600000000000001,color,orientation,size,0.22000000000000003,15.5,10,female,0,2707.0406706000003,1,23
286,3,5,5,1,8,5.7168603000000076,-25.0,17,0.22000000000000003,color,orientation,size,0.22000000000000003,15.5,10,female,0,2707.0406706000003,1,23
287,3,5,5,1,8,2.3507309999995414,-74.5,19,0.4600000000000001,color,orientation,size,0.22000000000000003,15.5,10,female,0,2707.0406706000003,0,23
288,3,3,3,1,8,8.916985200000454,15.5,0,0.42000000000000004,color,orientation,size,0.22000000000000003,15.5,10,female,0,2707.0406706000003,0,23
289,3,3,3,1,8,2.9675787000005585,33.5,4,0.22000000000000003,color,orientation,size,0.22000000000000003,15.5,10,female,0,2707.0406706000003,0,23
290,3,0,2,0,8,2.7339382000000114,51.5,0,0.14,color,orientation,size,0.22000000000000003,15.5,10,female,0,2707.0406706000003,0,23
291,3,5,5,1,8,9.798437899999954,-70.0,18,0.3400000000000001,color,orientation,size,0.22000000000000003,15.5,10,female,0,2707.0406706000003,1,23
292,3,2,0,0,8,3.8004603999997926,-34.0,12,0.1,color,orientation,size,0.22000000000000003,15.5,10,female,0,2707.0406706000003,0,23
293,3,5,5,1,8,1.4157273999999234,-79.0,22,0.4600000000000001,color,orientation,size,0.22000000000000003,15.5,10,female,0,2707.0406706000003,1,23
294,3,7,7,1,8,4.100417599999673,47.0,14,0.42000000000000004,color,orientation,size,0.22000000000000003,15.5,10,female,0,2707.0406706000003,0,23
295,3,7,7,1,8,2.100097900000037,20.0,17,0.26,color,orientation,size,0.22000000000000003,15.5,10,female,0,2707.0406706000003,0,23
296,3,5,6,0,8,5.099292500000047,74.0,20,0.18000000000000002,color,orientation,size,0.22000000000000003,15.5,10,female,0,2707.0406706000003,0,23
297,3,5,7,0,8,3.3155901999998605,42.5,20,0.38,color,orientation,size,0.22000000000000003,15.5,10,female,0,2707.0406706000003,1,23
298,3,3,0,0,8,5.132989699999598,-43.0,4,0.18000000000000002,color,orientation,size,0.22000000000000003,15.5,10,female,0,2707.0406706000003,1,23
299,3,6,6,1,8,7.049488399999973,24.5,13,0.14,color,orientation,size,0.22000000000000003,15.5,10,female,0,2707.0406706000003,1,23
300,3,4,5,0,8,5.9832578000005014,-11.5,15,0.4600000000000001,color,orientation,size,0.22000000000000003,15.5,10,female,0,2707.0406706000003,0,23
301,3,5,7,0,8,1.5998878000000332,15.5,18,0.22000000000000003,color,orientation,size,0.22000000000000003,15.5,10,female,0,2707.0406706000003,1,23
302,3,6,5,0,8,5.114540699999452,-34.0,22,0.22000000000000003,color,orientation,size,0.22000000000000003,15.5,10,female,0,2707.0406706000003,1,23
303,3,1,1,1,8,3.6660177000003387,-52.0,12,0.30000000000000004,color,orientation,size,0.22000000000000003,15.5,10,female,0,2707.0406706000003,1,23
304,3,7,7,1,8,4.483933600000455,47.0,21,0.3400000000000001,color,orientation,size,0.22000000000000003,15.5,10,female,0,2707.0406706000003,0,23
305,3,1,3,0,8,7.616141700000298,15.5,12,0.22000000000000003,color,orientation,size,0.22000000000000003,15.5,10,female,0,2707.0406706000003,0,23
306,3,3,3,1,8,0.8998366000005262,20.0,0,0.30000000000000004,color,orientation,size,0.22000000000000003,15.5,10,female,0,2707.0406706000003,1,23
307,3,6,5,0,8,6.016682099999343,-65.5,13,0.30000000000000004,color,orientation,size,0.22000000000000003,15.5,10,female,0,2707.0406706000003,0,23
308,3,2,3,0,8,6.3830072000000655,24.5,11,0.30000000000000004,color,orientation,size,0.22000000000000003,15.5,10,female,0,2707.0406706000003,1,23
309,3,5,7,0,8,2.497649299999466,20.0,16,0.3400000000000001,color,orientation,size,0.22000000000000003,15.5,10,female,0,2707.0406706000003,1,23
310,3,5,5,1,8,3.9315668999997797,-11.5,17,0.3400000000000001,color,orientation,size,0.22000000000000003,15.5,10,female,0,2707.0406706000003,1,23
311,3,1,1,1,8,2.4329473000007056,-38.5,7,0.30000000000000004,color,orientation,size,0.22000000000000003,15.5,10,female,0,2707.0406706000003,0,23
312,3,7,7,1,8,3.3662802000008014,56.0,15,0.42000000000000004,color,orientation,size,0.22000000000000003,15.5,10,female,0,2707.0406706000003,0,23
313,3,6,5,0,8,6.584022099999856,-16.0,13,0.30000000000000004,color,orientation,size,0.22000000000000003,15.5,10,female,0,2707.0406706000003,0,23
314,3,3,1,0,8,1.5660509999997885,6.5,12,0.42000000000000004,color,orientation,size,0.22000000000000003,15.5,10,female,0,2707.0406706000003,1,23
315,3,6,5,0,8,5.315341200000148,-83.5,23,0.30000000000000004,color,orientation,size,0.22000000000000003,15.5,10,female,0,2707.0406706000003,1,23
316,3,0,2,0,8,4.849024699999973,20.0,3,0.18000000000000002,color,orientation,size,0.22000000000000003,15.5,10,female,0,2707.0406706000003,1,23
317,3,2,3,0,8,1.9490969999997105,24.5,5,0.42000000000000004,color,orientation,size,0.22000000000000003,15.5,10,female,0,2707.0406706000003,1,23
318,3,5,5,1,8,2.948765799999819,-43.0,20,0.22000000000000003,color,orientation,size,0.22000000000000003,15.5,10,female,0,2707.0406706000003,1,23
319,3,1,1,1,8,4.916439800000262,6.5,5,0.38,color,orientation,size,0.22000000000000003,15.5,10,female,0,2707.0406706000003,0,23
320,3,3,0,0,8,1.5989597999996477,2.0,7,0.1,color,orientation,size,0.22000000000000003,15.5,10,female,0,2707.0406706000003,0,23
321,3,1,3,0,8,3.446926700000404,20.0,8,0.22000000000000003,color,orientation,size,0.22000000000000003,15.5,10,female,0,2707.0406706000003,1,23
322,3,4,5,0,8,2.8486746999997195,-2.5,21,0.3400000000000001,color,orientation,size,0.22000000000000003,15.5,10,female,0,2707.0406706000003,1,23
323,3,7,7,1,8,5.7651513000000705,60.5,22,0.42000000000000004,color,orientation,size,0.22000000000000003,15.5,10,female,0,2707.0406706000003,1,23
324,3,0,0,1,8,2.6499291000000085,-38.5,8,0.1,color,orientation,size,0.22000000000000003,15.5,10,female,0,2707.0406706000003,0,23
325,3,2,3,0,8,8.133795499999906,69.5,5,0.30000000000000004,color,orientation,size,0.22000000000000003,15.5,10,female,0,2707.0406706000003,0,23
326,3,2,1,0,8,3.782551600000261,-16.0,12,0.30000000000000004,color,orientation,size,0.22000000000000003,15.5,10,female,0,2707.0406706000003,1,23
327,3,3,3,1,8,1.2667234999998982,56.0,5,0.3400000000000001,color,orientation,size,0.22000000000000003,15.5,10,female,0,2707.0406706000003,1,23
328,3,2,0,0,8,3.649591500000497,-88.0,6,0.14,color,orientation,size,0.22000000000000003,15.5,10,female,0,2707.0406706000003,0,23
329,3,5,4,0,8,8.415039700000307,-43.0,17,0.18000000000000002,color,orientation,size,0.22000000000000003,15.5,10,female,0,2707.0406706000003,1,23
330,3,6,6,1,8,3.648789500000021,15.5,19,0.18000000000000002,color,orientation,size,0.22000000000000003,15.5,10,female,0,2707.0406706000003,1,23
331,3,5,5,1,8,3.400914599999851,-70.0,23,0.42000000000000004,color,orientation,size,0.22000000000000003,15.5,10,female,0,2707.0406706000003,0,23
332,3,0,0,1,8,1.949748300000465,2.0,9,0.1,color,orientation,size,0.22000000000000003,15.5,10,female,0,2707.0406706000003,0,23
333,3,7,7,1,8,6.966750200000206,20.0,24,0.30000000000000004,color,orientation,size,0.22000000000000003,15.5,10,female,0,2707.0406706000003,0,23
334,3,6,6,1,8,6.6503584000001865,20.0,14,0.1,color,orientation,size,0.22000000000000003,15.5,10,female,0,2707.0406706000003,0,23
335,3,3,3,1,8,5.484104699999989,29.0,11,0.3400000000000001,color,orientation,size,0.22000000000000003,15.5,10,female,0,2707.0406706000003,0,23
336,3,4,6,0,8,18.15060740000081,29.0,19,0.1,color,orientation,size,0.22000000000000003,15.5,10,female,0,2707.0406706000003,0,23
337,3,3,3,1,8,3.4822143000001233,29.0,7,0.26,color,orientation,size,0.22000000000000003,15.5,10,female,0,2707.0406706000003,1,23
338,3,6,6,1,8,4.0506648999999015,47.0,22,0.14,color,orientation,size,0.22000000000000003,15.5,10,female,0,2707.0406706000003,0,23
339,3,6,6,1,8,1.2999233000000459,42.5,14,0.1,color,orientation,size,0.22000000000000003,15.5,10,female,0,2707.0406706000003,0,23
340,3,1,1,1,8,6.833366699999715,-7.0,4,0.3400000000000001,color,orientation,size,0.22000000000000003,15.5,10,female,0,2707.0406706000003,0,23
341,3,0,0,1,8,7.049638999999843,-79.0,0,0.1,color,orientation,size,0.22000000000000003,15.5,10,female,0,2707.0406706000003,0,23
342,3,0,2,0,8,5.000193199999558,20.0,3,0.18000000000000002,color,orientation,size,0.22000000000000003,15.5,10,female,0,2707.0406706000003,0,23
343,3,5,5,1,8,5.081587600000603,-16.0,22,0.26,color,orientation,size,0.22000000000000003,15.5,10,female,0,2707.0406706000003,1,23
344,3,5,5,1,8,0.9658962000003157,-43.0,24,0.22000000000000003,color,orientation,size,0.22000000000000003,15.5,10,female,0,2707.0406706000003,0,23
345,3,2,3,0,8,5.833069799999976,24.5,9,0.30000000000000004,color,orientation,size,0.22000000000000003,15.5,10,female,0,2707.0406706000003,0,23
346,3,7,7,1,8,4.832527999999911,56.0,13,0.3400000000000001,color,orientation,size,0.22000000000000003,15.5,10,female,0,2707.0406706000003,1,23
347,3,3,3,1,8,8.184023300000263,38.0,9,0.42000000000000004,color,orientation,size,0.22000000000000003,15.5,10,female,0,2707.0406706000003,0,23
348,3,5,5,1,8,8.350447300000269,-43.0,22,0.26,color,orientation,size,0.22000000000000003,15.5,10,female,0,2707.0406706000003,0,23
349,3,1,1,1,8,10.06687409999995,-34.0,4,0.26,color,orientation,size,0.22000000000000003,15.5,10,female,0,2707.0406706000003,0,23
350,3,1,1,1,8,4.199177200000122,-79.0,7,0.42000000000000004,color,orientation,size,0.22000000000000003,15.5,10,female,0,2707.0406706000003,0,23
351,3,5,5,1,8,9.118286500000067,-34.0,15,0.30000000000000004,color,orientation,size,0.22000000000000003,15.5,10,female,0,2707.0406706000003,0,23
352,3,6,5,0,8,10.482053599999745,6.5,15,0.30000000000000004,color,orientation,size,0.22000000000000003,15.5,10,female,0,2707.0406706000003,0,23
353,3,3,3,1,8,4.701160599999639,33.5,5,0.30000000000000004,color,orientation,size,0.22000000000000003,15.5,10,female,0,2707.0406706000003,1,23
354,3,0,2,0,8,2.1339844000003723,15.5,0,0.14,color,orientation,size,0.22000000000000003,15.5,10,female,0,2707.0406706000003,0,23
355,3,5,5,1,8,2.9664230999997017,-79.0,16,0.26,color,orientation,size,0.22000000000000003,15.5,10,female,0,2707.0406706000003,1,23
356,3,5,5,1,8,1.1010885000005146,-88.0,23,0.42000000000000004,color,orientation,size,0.22000000000000003,15.5,10,female,0,2707.0406706000003,0,23
357,3,2,2,1,8,1.4661385999997947,24.5,4,0.14,color,orientation,size,0.22000000000000003,15.5,10,female,0,2707.0406706000003,0,23
358,3,3,3,1,8,3.148548699999992,60.5,10,0.26,color,orientation,size,0.22000000000000003,15.5,10,female,0,2707.0406706000003,0,23
359,3,3,1,0,8,4.750640199999907,2.0,8,0.4600000000000001,color,orientation,size,0.22000000000000003,15.5,10,female,0,2707.0406706000003,0,23
360,3,0,0,1,8,1.7157686000000467,-65.5,2,0.1,color,orientation,size,0.22000000000000003,15.5,10,female,0,2707.0406706000003,1,23
361,3,1,1,1,8,2.350071400000161,-65.5,1,0.38,color,orientation,size,0.22000000000000003,15.5,10,female,0,2707.0406706000003,0,23
362,3,2,2,1,8,3.949565399999301,24.5,10,0.14,color,orientation,size,0.22000000000000003,15.5,10,female,0,2707.0406706000003,0,23
363,3,3,0,0,8,2.4822206999997434,-2.5,11,0.14,color,orientation,size,0.22000000000000003,15.5,10,female,0,2707.0406706000003,0,23
364,3,4,4,1,8,4.2323578999994425,-34.0,19,0.18000000000000002,color,orientation,size,0.22000000000000003,15.5,10,female,0,2707.0406706000003,1,23
365,3,1,3,0,8,6.001498700000411,74.0,1,0.30000000000000004,color,orientation,size,0.22000000000000003,15.5,10,female,0,2707.0406706000003,0,23
366,3,6,5,0,8,5.582313799999611,-2.5,16,0.42000000000000004,color,orientation,size,0.22000000000000003,15.5,10,female,0,2707.0406706000003,1,23
367,3,0,0,1,8,4.365981300000385,-43.0,1,0.14,color,orientation,size,0.22000000000000003,15.5,10,female,0,2707.0406706000003,1,23
368,3,3,3,1,8,1.3168981000007989,87.5,11,0.30000000000000004,color,orientation,size,0.22000000000000003,15.5,10,female,0,2707.0406706000003,0,23
369,3,4,6,0,8,4.16643429999931,78.5,19,0.14,color,orientation,size,0.22000000000000003,15.5,10,female,0,2707.0406706000003,0,23
370,3,5,7,0,8,2.1159879000006185,69.5,21,0.4600000000000001,color,orientation,size,0.22000000000000003,15.5,10,female,0,2707.0406706000003,1,23
371,3,1,1,1,8,2.966316099999858,-20.5,4,0.38,color,orientation,size,0.22000000000000003,15.5,10,female,0,2707.0406706000003,1,23
372,3,1,1,1,8,1.6333002999999735,-43.0,4,0.42000000000000004,color,orientation,size,0.22000000000000003,15.5,10,female,0,2707.0406706000003,0,23
373,3,6,7,0,8,5.199192700000822,56.0,21,0.22000000000000003,color,orientation,size,0.22000000000000003,15.5,10,female,0,2707.0406706000003,0,23
374,3,7,5,0,8,1.6993523999999525,-70.0,20,0.30000000000000004,color,orientation,size,0.22000000000000003,15.5,10,female,0,2707.0406706000003,1,23
375,3,7,7,1,8,1.6989454000004116,60.5,20,0.42000000000000004,color,orientation,size,0.22000000000000003,15.5,10,female,0,2707.0406706000003,1,23
376,3,6,4,0,8,3.6836435000004712,6.5,19,0.14,color,orientation,size,0.22000000000000003,15.5,10,female,0,2707.0406706000003,0,23
377,3,3,3,1,8,3.832330700000057,51.5,9,0.30000000000000004,color,orientation,size,0.22000000000000003,15.5,10,female,0,2707.0406706000003,1,23
378,3,3,1,0,8,2.966647700000067,11.0,12,0.38,color,orientation,size,0.22000000000000003,15.5,10,female,0,2707.0406706000003,0,23
379,3,6,7,0,8,4.36549980000018,38.0,17,0.26,color,orientation,size,0.22000000000000003,15.5,10,female,0,2707.0406706000003,1,23
380,3,4,1,0,8,4.116876800000682,-47.5,7,0.4600000000000001,color,orientation,size,0.22000000000000003,15.5,10,female,0,2707.0406706000003,1,23
381,3,6,6,1,8,3.465476000000308,60.5,23,0.14,color,orientation,size,0.22000000000000003,15.5,10,female,0,2707.0406706000003,1,23
382,3,1,1,1,8,10.666583100000025,-70.0,7,0.4600000000000001,color,orientation,size,0.22000000000000003,15.5,10,female,0,2707.0406706000003,0,23
383,3,0,2,0,8,3.0331590000005235,74.0,6,0.18000000000000002,color,orientation,size,0.22000000000000003,15.5,10,female,0,2707.0406706000003,0,23
384,3,3,3,1,8,3.247887399999854,51.5,3,0.42000000000000004,color,orientation,size,0.22000000000000003,15.5,10,female,0,2707.0406706000003,1,23
385,3,5,7,0,8,4.667321099999754,51.5,19,0.42000000000000004,color,orientation,size,0.22000000000000003,15.5,10,female,0,2707.0406706000003,0,23
386,3,3,0,0,8,1.8821168000004036,2.0,11,0.18000000000000002,color,orientation,size,0.22000000000000003,15.5,10,female,0,2707.0406706000003,1,23
387,3,6,4,0,8,2.632590000000164,-56.5,16,0.14,color,orientation,size,0.22000000000000003,15.5,10,female,0,2707.0406706000003,1,23
388,3,3,2,0,8,2.2150684999996884,65.0,10,0.1,color,orientation,size,0.22000000000000003,15.5,10,female,0,2707.0406706000003,1,23
389,3,4,5,0,8,7.248772999999346,-16.0,23,0.3400000000000001,color,orientation,size,0.22000000000000003,15.5,10,female,0,2707.0406706000003,1,23
390,3,0,0,1,8,2.0484356999995725,-83.5,6,0.1,color,orientation,size,0.22000000000000003,15.5,10,female,0,2707.0406706000003,1,23
391,3,5,5,1,8,2.7501594999994268,-20.5,18,0.30000000000000004,color,orientation,size,0.22000000000000003,15.5,10,female,0,2707.0406706000003,0,23
392,3,7,7,1,8,2.5669042999998055,15.5,20,0.22000000000000003,color,orientation,size,0.22000000000000003,15.5,10,female,0,2707.0406706000003,0,23
393,3,3,2,0,8,6.116613600000164,87.5,9,0.18000000000000002,color,orientation,size,0.22000000000000003,15.5,10,female,0,2707.0406706000003,0,23
394,3,4,7,0,8,3.1823519999998098,87.5,14,0.3400000000000001,color,orientation,size,0.22000000000000003,15.5,10,female,0,2707.0406706000003,1,23
395,3,5,5,1,8,2.916324999999233,-7.0,18,0.38,color,orientation,size,0.22000000000000003,15.5,10,female,0,2707.0406706000003,1,23
396,3,7,7,1,8,2.6837494000001243,20.0,21,0.4600000000000001,color,orientation,size,0.22000000000000003,15.5,10,female,0,2707.0406706000003,0,23
397,3,7,7,1,8,1.29907060000005,33.5,14,0.42000000000000004,color,orientation,size,0.22000000000000003,15.5,10,female,0,2707.0406706000003,0,23
398,3,0,2,0,8,2.5829960000000938,78.5,0,0.1,color,orientation,size,0.22000000000000003,15.5,10,female,0,2707.0406706000003,0,23
399,3,5,4,0,8,2.7992398999995203,-34.0,15,0.1,color,orientation,size,0.22000000000000003,15.5,10,female,0,2707.0406706000003,1,23
400,3,2,1,0,8,3.4819985000003726,-11.5,11,0.38,color,orientation,size,0.22000000000000003,15.5,10,female,0,2707.0406706000003,1,23
401,3,3,6,0,8,2.015878199999861,33.5,24,0.14,color,orientation,size,0.22000000000000003,15.5,10,female,0,2707.0406706000003,1,23
402,3,0,2,0,8,2.147777000000133,38.0,5,0.1,color,orientation,size,0.22000000000000003,15.5,10,female,0,2707.0406706000003,1,23
403,3,4,6,0,8,1.1823965000003227,29.0,19,0.1,color,orientation,size,0.22000000000000003,15.5,10,female,0,2707.0406706000003,1,23
404,3,1,1,1,8,2.2986142999998265,-29.5,4,0.30000000000000004,color,orientation,size,0.22000000000000003,15.5,10,female,0,2707.0406706000003,1,23
405,3,2,0,0,8,1.96693200000027,-79.0,4,0.1,color,orientation,size,0.22000000000000003,15.5,10,female,0,2707.0406706000003,0,23
406,3,4,5,0,8,3.1325676999995267,-43.0,13,0.4600000000000001,color,orientation,size,0.22000000000000003,15.5,10,female,0,2707.0406706000003,1,23
407,3,1,1,1,8,2.0326138999998875,-52.0,7,0.30000000000000004,color,orientation,size,0.22000000000000003,15.5,10,female,0,2707.0406706000003,1,23
408,3,2,3,0,8,2.299190599999747,29.0,9,0.4600000000000001,color,orientation,size,0.22000000000000003,15.5,10,female,0,2707.0406706000003,0,23
409,3,3,3,1,8,1.9991776999995636,51.5,9,0.42000000000000004,color,orientation,size,0.22000000000000003,15.5,10,female,0,2707.0406706000003,1,23
410,3,3,3,1,8,1.0667468999999983,83.0,2,0.26,color,orientation,size,0.22000000000000003,15.5,10,female,0,2707.0406706000003,0,23
411,3,4,4,1,8,3.2332897000005687,-43.0,18,0.18000000000000002,color,orientation,size,0.22000000000000003,15.5,10,female,0,2707.0406706000003,0,23
412,3,3,1,0,8,3.4996943999994983,-88.0,1,0.42000000000000004,color,orientation,size,0.22000000000000003,15.5,10,female,0,2707.0406706000003,0,23
413,4,0,1,0,4,7.372320100000252,69.5,4,0.22000000000000003,color,orientation,size,0.22000000000000003,15.5,10,female,0,2707.0406706000003,0,23
414,4,1,1,1,8,12.033787700000175,-29.5,6,0.30000000000000004,color,orientation,size,0.22000000000000003,15.5,10,female,0,2707.0406706000003,0,23
415,4,4,5,0,8,9.432852700000694,-2.5,18,0.4600000000000001,color,orientation,size,0.22000000000000003,15.5,10,female,0,2707.0406706000003,0,23
416,4,0,0,1,2,3.0313654999999926,15.5,9,0.4600000000000001,color,orientation,size,0.22000000000000003,15.5,10,female,0,2707.0406706000003,0,23
417,4,1,1,1,2,2.218363599999975,6.5,24,0.1,color,orientation,size,0.22000000000000003,15.5,10,female,0,2707.0406706000003,0,23
418,4,3,3,1,8,6.198827299999721,15.5,7,0.42000000000000004,color,orientation,size,0.22000000000000003,15.5,10,female,0,2707.0406706000003,0,23
419,4,3,2,0,4,2.5656386999999086,11.0,24,0.3400000000000001,color,orientation,size,0.22000000000000003,15.5,10,female,0,2707.0406706000003,0,23
420,4,2,2,1,4,2.9341020000001663,-70.0,19,0.4600000000000001,color,orientation,size,0.22000000000000003,15.5,10,female,0,2707.0406706000003,0,23
421,4,0,2,0,8,2.499911599999905,87.5,0,0.1,color,orientation,size,0.22000000000000003,15.5,10,female,0,2707.0406706000003,0,23
422,4,1,1,1,4,3.483211499999925,15.5,0,0.22000000000000003,color,orientation,size,0.22000000000000003,15.5,10,female,0,2707.0406706000003,0,23
423,4,2,2,1,4,9.150452300000325,-20.5,16,0.18000000000000002,color,orientation,size,0.22000000000000003,15.5,10,female,0,2707.0406706000003,0,23
424,4,1,1,1,8,5.549831299999823,-65.5,6,0.22000000000000003,color,orientation,size,0.22000000000000003,15.5,10,female,0,2707.0406706000003,0,23
425,4,1,0,0,8,3.416392099999939,-34.0,7,0.18000000000000002,color,orientation,size,0.22000000000000003,15.5,10,female,0,2707.0406706000003,0,23
426,4,6,7,0,8,12.015975799999978,20.0,23,0.22000000000000003,color,orientation,size,0.22000000000000003,15.5,10,female,0,2707.0406706000003,0,23
427,4,1,1,1,8,7.766418000000158,-70.0,10,0.22000000000000003,color,orientation,size,0.22000000000000003,15.5,10,female,0,2707.0406706000003,0,23
428,4,4,4,1,8,9.099454899999728,-29.5,14,0.1,color,orientation,size,0.22000000000000003,15.5,10,female,0,2707.0406706000003,0,23
429,4,0,0,1,4,3.8175446999994165,-25.0,12,0.18000000000000002,color,orientation,size,0.22000000000000003,15.5,10,female,0,2707.0406706000003,0,23
430,4,6,6,1,8,7.131677899999886,87.5,18,0.18000000000000002,color,orientation,size,0.22000000000000003,15.5,10,female,0,2707.0406706000003,0,23
431,4,0,0,1,2,1.4675537000002805,-38.5,4,0.14,color,orientation,size,0.22000000000000003,15.5,10,female,0,2707.0406706000003,0,23
432,4,0,0,1,4,2.9499745000002804,-79.0,10,0.18000000000000002,color,orientation,size,0.22000000000000003,15.5,10,female,0,2707.0406706000003,0,23
433,4,1,1,1,2,3.1510340999993787,60.5,16,0.22000000000000003,color,orientation,size,0.22000000000000003,15.5,10,female,0,2707.0406706000003,0,23
434,4,1,1,1,2,0.7502415999997538,33.5,14,0.22000000000000003,color,orientation,size,0.22000000000000003,15.5,10,female,0,2707.0406706000003,0,23
435,4,0,0,1,4,2.5837076999996498,-7.0,10,0.1,color,orientation,size,0.22000000000000003,15.5,10,female,0,2707.0406706000003,0,23
436,4,1,1,1,4,4.549930900000618,29.0,6,0.30000000000000004,color,orientation,size,0.22000000000000003,15.5,10,female,0,2707.0406706000003,0,23
437,4,3,2,0,4,2.8333989000002475,-83.5,19,0.3400000000000001,color,orientation,size,0.22000000000000003,15.5,10,female,0,2707.0406706000003,0,23
438,4,7,7,1,8,2.8666959000001953,60.5,23,0.38,color,orientation,size,0.22000000000000003,15.5,10,female,0,2707.0406706000003,0,23
439,4,1,1,1,2,0.9005288999996992,-20.5,22,0.1,color,orientation,size,0.22000000000000003,15.5,10,female,0,2707.0406706000003,0,23
440,4,1,1,1,2,0.7334392000002481,-61.0,14,0.1,color,orientation,size,0.22000000000000003,15.5,10,female,0,2707.0406706000003,0,23
441,4,1,1,1,4,1.3837086999992607,47.0,3,0.22000000000000003,color,orientation,size,0.22000000000000003,15.5,10,female,0,2707.0406706000003,0,23
442,4,4,5,0,8,9.599663700000747,-20.5,20,0.42000000000000004,color,orientation,size,0.22000000000000003,15.5,10,female,0,2707.0406706000003,0,23
443,4,1,1,1,4,1.6492370000005394,38.0,4,0.42000000000000004,color,orientation,size,0.22000000000000003,15.5,10,female,0,2707.0406706000003,0,23
444,4,1,1,1,2,1.0670938999992359,-56.5,22,0.26,color,orientation,size,0.22000000000000003,15.5,10,female,0,2707.0406706000003,0,23
445,4,1,1,1,2,0.7498546999995597,-70.0,14,0.18000000000000002,color,orientation,size,0.22000000000000003,15.5,10,female,0,2707.0406706000003,0,23
446,4,3,2,0,4,1.7000949999992372,-34.0,16,0.1,color,orientation,size,0.22000000000000003,15.5,10,female,0,2707.0406706000003,0,23
447,4,5,5,1,8,3.150547600000209,-11.5,18,0.3400000000000001,color,orientation,size,0.22000000000000003,15.5,10,female,0,2707.0406706000003,0,23
448,4,4,6,0,8,4.233269000000291,15.5,14,0.14,color,orientation,size,0.22000000000000003,15.5,10,female,0,2707.0406706000003,0,23
449,4,0,0,1,2,1.2997746999999436,-38.5,8,0.22000000000000003,color,orientation,size,0.22000000000000003,15.5,10,female,0,2707.0406706000003,0,23
450,4,7,7,1,8,9.283837799999674,74.0,19,0.38,color,orientation,size,0.22000000000000003,15.5,10,female,0,2707.0406706000003,0,23
451,4,2,2,1,4,2.5496691999996983,-25.0,20,0.26,color,orientation,size,0.22000000000000003,15.5,10,female,0,2707.0406706000003,0,23
452,4,0,0,1,2,1.2684001999996326,-29.5,6,0.30000000000000004,color,orientation,size,0.22000000000000003,15.5,10,female,0,2707.0406706000003,0,23
453,4,1,1,1,2,1.2176055999998425,-29.5,22,0.42000000000000004,color,orientation,size,0.22000000000000003,15.5,10,female,0,2707.0406706000003,0,23
454,4,5,5,1,8,3.0665908000000854,-25.0,14,0.26,color,orientation,size,0.22000000000000003,15.5,10,female,0,2707.0406706000003,0,23
455,4,3,3,1,4,3.533755999999812,78.5,23,0.38,color,orientation,size,0.22000000000000003,15.5,10,female,0,2707.0406706000003,0,23
456,4,4,5,0,8,3.7667020999997476,-74.5,21,0.26,color,orientation,size,0.22000000000000003,15.5,10,female,0,2707.0406706000003,0,23
457,4,0,0,1,2,1.6003190999999788,69.5,1,0.14,color,orientation,size,0.22000000000000003,15.5,10,female,0,2707.0406706000003,0,23
458,4,0,0,1,2,1.017214000000422,51.5,0,0.22000000000000003,color,orientation,size,0.22000000000000003,15.5,10,female,0,2707.0406706000003,0,23
459,4,3,2,0,4,3.100414099999398,-47.5,23,0.3400000000000001,color,orientation,size,0.22000000000000003,15.5,10,female,0,2707.0406706000003,0,23
460,4,2,2,1,4,3.216578899999149,-83.5,14,0.42000000000000004,color,orientation,size,0.22000000000000003,15.5,10,female,0,2707.0406706000003,0,23
461,4,1,1,1,2,1.083039000000099,47.0,22,0.26,color,orientation,size,0.22000000000000003,15.5,10,female,0,2707.0406706000003,0,23
462,4,1,1,1,2,0.7495702000005622,74.0,21,0.38,color,orientation,size,0.22000000000000003,15.5,10,female,0,2707.0406706000003,0,23
463,4,1,0,0,4,3.184549700000389,-7.0,5,0.22000000000000003,color,orientation,size,0.22000000000000003,15.5,10,female,0,2707.0406706000003,0,23
464,4,7,7,1,8,3.449565199999597,47.0,21,0.42000000000000004,color,orientation,size,0.22000000000000003,15.5,10,female,0,2707.0406706000003,0,23
465,4,0,0,1,2,1.2335954000000129,69.5,10,0.4600000000000001,color,orientation,size,0.22000000000000003,15.5,10,female,0,2707.0406706000003,0,23
466,4,3,2,0,4,2.61572359999991,-56.5,20,0.22000000000000003,color,orientation,size,0.22000000000000003,15.5,10,female,0,2707.0406706000003,0,23
467,4,1,1,1,2,0.9501349000001937,11.0,16,0.14,color,orientation,size,0.22000000000000003,15.5,10,female,0,2707.0406706000003,0,23
468,4,6,4,0,8,2.966129600000386,-47.5,15,0.14,color,orientation,size,0.22000000000000003,15.5,10,female,0,2707.0406706000003,0,23
469,4,0,0,1,2,1.050475500000175,29.0,11,0.42000000000000004,color,orientation,size,0.22000000000000003,15.5,10,female,0,2707.0406706000003,0,23
470,4,1,3,0,8,5.249562400000286,78.5,7,0.26,color,orientation,size,0.22000000000000003,15.5,10,female,0,2707.0406706000003,0,23
471,4,0,0,1,2,0.867378899999494,-20.5,9,0.42000000000000004,color,orientation,size,0.22000000000000003,15.5,10,female,0,2707.0406706000003,0,23
472,4,1,1,1,4,3.249710099999902,24.5,9,0.22000000000000003,color,orientation,size,0.22000000000000003,15.5,10,female,0,2707.0406706000003,0,23
473,-9999.0,-9999.0,-9999.0,-9999.0,-9999.0,-9999.0,-9999.0,-9999.0,-9999.0,color,orientation,size,0.22000000000000003,15.5,10,female,0,2707.0406706000003,0,23
474,-9999.0,-9999.0,-9999.0,-9999.0,-9999.0,-9999.0,-9999.0,-9999.0,-9999.0,color,orientation,size,0.22000000000000003,15.5,10,female,0,2707.0406706000003,0,23
475,-9999.0,-9999.0,-9999.0,-9999.0,-9999.0,-9999.0,-9999.0,-9999.0,-9999.0,color,orientation,size,0.22000000000000003,15.5,10,female,0,2707.0406706000003,0,23
476,-9999.0,-9999.0,-9999.0,-9999.0,-9999.0,-9999.0,-9999.0,-9999.0,-9999.0,color,orientation,size,0.22000000000000003,15.5,10,female,0,2707.0406706000003,0,23
477,-9999.0,-9999.0,-9999.0,-9999.0,-9999.0,-9999.0,-9999.0,-9999.0,-9999.0,color,orientation,size,0.22000000000000003,15.5,10,female,0,2707.0406706000003,0,23
478,-9999.0,-9999.0,-9999.0,-9999.0,-9999.0,-9999.0,-9999.0,-9999.0,-9999.0,color,orientation,size,0.22000000000000003,15.5,10,female,0,2707.0406706000003,0,23
479,-9999.0,-9999.0,-9999.0,-9999.0,-9999.0,-9999.0,-9999.0,-9999.0,-9999.0,color,orientation,size,0.22000000000000003,15.5,10,female,0,2707.0406706000003,0,23
480,-9999.0,-9999.0,-9999.0,-9999.0,-9999.0,-9999.0,-9999.0,-9999.0,-9999.0,color,orientation,size,0.22000000000000003,15.5,10,female,0,2707.0406706000003,0,23
481,-9999.0,-9999.0,-9999.0,-9999.0,-9999.0,-9999.0,-9999.0,-9999.0,-9999.0,color,orientation,size,0.22000000000000003,15.5,10,female,0,2707.0406706000003,0,23
482,-9999.0,-9999.0,-9999.0,-9999.0,-9999.0,-9999.0,-9999.0,-9999.0,-9999.0,color,orientation,size,0.22000000000000003,15.5,10,female,0,2707.0406706000003,0,23
483,-9999.0,-9999.0,-9999.0,-9999.0,-9999.0,-9999.0,-9999.0,-9999.0,-9999.0,color,orientation,size,0.22000000000000003,15.5,10,female,0,2707.0406706000003,0,23
484,-9999.0,-9999.0,-9999.0,-9999.0,-9999.0,-9999.0,-9999.0,-9999.0,-9999.0,color,orientation,size,0.22000000000000003,15.5,10,female,0,2707.0406706000003,0,23
485,-9999.0,-9999.0,-9999.0,-9999.0,-9999.0,-9999.0,-9999.0,-9999.0,-9999.0,color,orientation,size,0.22000000000000003,15.5,10,female,0,2707.0406706000003,0,23
486,-9999.0,-9999.0,-9999.0,-9999.0,-9999.0,-9999.0,-9999.0,-9999.0,-9999.0,color,orientation,size,0.22000000000000003,15.5,10,female,0,2707.0406706000003,0,23
487,-9999.0,-9999.0,-9999.0,-9999.0,-9999.0,-9999.0,-9999.0,-9999.0,-9999.0,color,orientation,size,0.22000000000000003,15.5,10,female,0,2707.0406706000003,0,23
488,-9999.0,-9999.0,-9999.0,-9999.0,-9999.0,-9999.0,-9999.0,-9999.0,-9999.0,color,orientation,size,0.22000000000000003,15.5,10,female,0,2707.0406706000003,0,23
489,-9999.0,-9999.0,-9999.0,-9999.0,-9999.0,-9999.0,-9999.0,-9999.0,-9999.0,color,orientation,size,0.22000000000000003,15.5,10,female,0,2707.0406706000003,0,23
490,-9999.0,-9999.0,-9999.0,-9999.0,-9999.0,-9999.0,-9999.0,-9999.0,-9999.0,color,orientation,size,0.22000000000000003,15.5,10,female,0,2707.0406706000003,0,23
491,-9999.0,-9999.0,-9999.0,-9999.0,-9999.0,-9999.0,-9999.0,-9999.0,-9999.0,color,orientation,size,0.22000000000000003,15.5,10,female,0,2707.0406706000003,0,23
492,-9999.0,-9999.0,-9999.0,-9999.0,-9999.0,-9999.0,-9999.0,-9999.0,-9999.0,color,orientation,size,0.22000000000000003,15.5,10,female,0,2707.0406706000003,0,23
493,-9999.0,-9999.0,-9999.0,-9999.0,-9999.0,-9999.0,-9999.0,-9999.0,-9999.0,color,orientation,size,0.22000000000000003,15.5,10,female,0,2707.0406706000003,0,23
494,-9999.0,-9999.0,-9999.0,-9999.0,-9999.0,-9999.0,-9999.0,-9999.0,-9999.0,color,orientation,size,0.22000000000000003,15.5,10,female,0,2707.0406706000003,0,23
495,-9999.0,-9999.0,-9999.0,-9999.0,-9999.0,-9999.0,-9999.0,-9999.0,-9999.0,color,orientation,size,0.22000000000000003,15.5,10,female,0,2707.0406706000003,0,23
496,-9999.0,-9999.0,-9999.0,-9999.0,-9999.0,-9999.0,-9999.0,-9999.0,-9999.0,color,orientation,size,0.22000000000000003,15.5,10,female,0,2707.0406706000003,0,23
497,-9999.0,-9999.0,-9999.0,-9999.0,-9999.0,-9999.0,-9999.0,-9999.0,-9999.0,color,orientation,size,0.22000000000000003,15.5,10,female,0,2707.0406706000003,0,23
498,-9999.0,-9999.0,-9999.0,-9999.0,-9999.0,-9999.0,-9999.0,-9999.0,-9999.0,color,orientation,size,0.22000000000000003,15.5,10,female,0,2707.0406706000003,0,23
499,-9999.0,-9999.0,-9999.0,-9999.0,-9999.0,-9999.0,-9999.0,-9999.0,-9999.0,color,orientation,size,0.22000000000000003,15.5,10,female,0,2707.0406706000003,0,23
500,-9999.0,-9999.0,-9999.0,-9999.0,-9999.0,-9999.0,-9999.0,-9999.0,-9999.0,color,orientation,size,0.22000000000000003,15.5,10,female,0,2707.0406706000003,0,23
501,-9999.0,-9999.0,-9999.0,-9999.0,-9999.0,-9999.0,-9999.0,-9999.0,-9999.0,color,orientation,size,0.22000000000000003,15.5,10,female,0,2707.0406706000003,0,23
502,-9999.0,-9999.0,-9999.0,-9999.0,-9999.0,-9999.0,-9999.0,-9999.0,-9999.0,color,orientation,size,0.22000000000000003,15.5,10,female,0,2707.0406706000003,0,23
503,-9999.0,-9999.0,-9999.0,-9999.0,-9999.0,-9999.0,-9999.0,-9999.0,-9999.0,color,orientation,size,0.22000000000000003,15.5,10,female,0,2707.0406706000003,0,23
504,-9999.0,-9999.0,-9999.0,-9999.0,-9999.0,-9999.0,-9999.0,-9999.0,-9999.0,color,orientation,size,0.22000000000000003,15.5,10,female,0,2707.0406706000003,0,23
505,-9999.0,-9999.0,-9999.0,-9999.0,-9999.0,-9999.0,-9999.0,-9999.0,-9999.0,color,orientation,size,0.22000000000000003,15.5,10,female,0,2707.0406706000003,0,23
506,-9999.0,-9999.0,-9999.0,-9999.0,-9999.0,-9999.0,-9999.0,-9999.0,-9999.0,color,orientation,size,0.22000000000000003,15.5,10,female,0,2707.0406706000003,0,23
507,-9999.0,-9999.0,-9999.0,-9999.0,-9999.0,-9999.0,-9999.0,-9999.0,-9999.0,color,orientation,size,0.22000000000000003,15.5,10,female,0,2707.0406706000003,0,23
508,-9999.0,-9999.0,-9999.0,-9999.0,-9999.0,-9999.0,-9999.0,-9999.0,-9999.0,color,orientation,size,0.22000000000000003,15.5,10,female,0,2707.0406706000003,0,23
509,-9999.0,-9999.0,-9999.0,-9999.0,-9999.0,-9999.0,-9999.0,-9999.0,-9999.0,color,orientation,size,0.22000000000000003,15.5,10,female,0,2707.0406706000003,0,23
510,-9999.0,-9999.0,-9999.0,-9999.0,-9999.0,-9999.0,-9999.0,-9999.0,-9999.0,color,orientation,size,0.22000000000000003,15.5,10,female,0,2707.0406706000003,0,23
511,-9999.0,-9999.0,-9999.0,-9999.0,-9999.0,-9999.0,-9999.0,-9999.0,-9999.0,color,orientation,size,0.22000000000000003,15.5,10,female,0,2707.0406706000003,0,23
512,-9999.0,-9999.0,-9999.0,-9999.0,-9999.0,-9999.0,-9999.0,-9999.0,-9999.0,color,orientation,size,0.22000000000000003,15.5,10,female,0,2707.0406706000003,0,23
513,-9999.0,-9999.0,-9999.0,-9999.0,-9999.0,-9999.0,-9999.0,-9999.0,-9999.0,color,orientation,size,0.22000000000000003,15.5,10,female,0,2707.0406706000003,0,23
514,-9999.0,-9999.0,-9999.0,-9999.0,-9999.0,-9999.0,-9999.0,-9999.0,-9999.0,color,orientation,size,0.22000000000000003,15.5,10,female,0,2707.0406706000003,0,23
515,-9999.0,-9999.0,-9999.0,-9999.0,-9999.0,-9999.0,-9999.0,-9999.0,-9999.0,color,orientation,size,0.22000000000000003,15.5,10,female,0,2707.0406706000003,0,23
516,-9999.0,-9999.0,-9999.0,-9999.0,-9999.0,-9999.0,-9999.0,-9999.0,-9999.0,color,orientation,size,0.22000000000000003,15.5,10,female,0,2707.0406706000003,0,23
517,-9999.0,-9999.0,-9999.0,-9999.0,-9999.0,-9999.0,-9999.0,-9999.0,-9999.0,color,orientation,size,0.22000000000000003,15.5,10,female,0,2707.0406706000003,0,23
518,-9999.0,-9999.0,-9999.0,-9999.0,-9999.0,-9999.0,-9999.0,-9999.0,-9999.0,color,orientation,size,0.22000000000000003,15.5,10,female,0,2707.0406706000003,0,23
519,-9999.0,-9999.0,-9999.0,-9999.0,-9999.0,-9999.0,-9999.0,-9999.0,-9999.0,color,orientation,size,0.22000000000000003,15.5,10,female,0,2707.0406706000003,0,23
520,-9999.0,-9999.0,-9999.0,-9999.0,-9999.0,-9999.0,-9999.0,-9999.0,-9999.0,color,orientation,size,0.22000000000000003,15.5,10,female,0,2707.0406706000003,0,23
521,-9999.0,-9999.0,-9999.0,-9999.0,-9999.0,-9999.0,-9999.0,-9999.0,-9999.0,color,orientation,size,0.22000000000000003,15.5,10,female,0,2707.0406706000003,0,23
522,-9999.0,-9999.0,-9999.0,-9999.0,-9999.0,-9999.0,-9999.0,-9999.0,-9999.0,color,orientation,size,0.22000000000000003,15.5,10,female,0,2707.0406706000003,0,23
523,-9999.0,-9999.0,-9999.0,-9999.0,-9999.0,-9999.0,-9999.0,-9999.0,-9999.0,color,orientation,size,0.22000000000000003,15.5,10,female,0,2707.0406706000003,0,23
524,-9999.0,-9999.0,-9999.0,-9999.0,-9999.0,-9999.0,-9999.0,-9999.0,-9999.0,color,orientation,size,0.22000000000000003,15.5,10,female,0,2707.0406706000003,0,23
525,-9999.0,-9999.0,-9999.0,-9999.0,-9999.0,-9999.0,-9999.0,-9999.0,-9999.0,color,orientation,size,0.22000000000000003,15.5,10,female,0,2707.0406706000003,0,23
526,-9999.0,-9999.0,-9999.0,-9999.0,-9999.0,-9999.0,-9999.0,-9999.0,-9999.0,color,orientation,size,0.22000000000000003,15.5,10,female,0,2707.0406706000003,0,23
527,-9999.0,-9999.0,-9999.0,-9999.0,-9999.0,-9999.0,-9999.0,-9999.0,-9999.0,color,orientation,size,0.22000000000000003,15.5,10,female,0,2707.0406706000003,0,23
528,-9999.0,-9999.0,-9999.0,-9999.0,-9999.0,-9999.0,-9999.0,-9999.0,-9999.0,color,orientation,size,0.22000000000000003,15.5,10,female,0,2707.0406706000003,0,23
529,-9999.0,-9999.0,-9999.0,-9999.0,-9999.0,-9999.0,-9999.0,-9999.0,-9999.0,color,orientation,size,0.22000000000000003,15.5,10,female,0,2707.0406706000003,0,23
530,-9999.0,-9999.0,-9999.0,-9999.0,-9999.0,-9999.0,-9999.0,-9999.0,-9999.0,color,orientation,size,0.22000000000000003,15.5,10,female,0,2707.0406706000003,0,23
531,-9999.0,-9999.0,-9999.0,-9999.0,-9999.0,-9999.0,-9999.0,-9999.0,-9999.0,color,orientation,size,0.22000000000000003,15.5,10,female,0,2707.0406706000003,0,23
532,-9999.0,-9999.0,-9999.0,-9999.0,-9999.0,-9999.0,-9999.0,-9999.0,-9999.0,color,orientation,size,0.22000000000000003,15.5,10,female,0,2707.0406706000003,0,23
533,-9999.0,-9999.0,-9999.0,-9999.0,-9999.0,-9999.0,-9999.0,-9999.0,-9999.0,color,orientation,size,0.22000000000000003,15.5,10,female,0,2707.0406706000003,0,23
534,-9999.0,-9999.0,-9999.0,-9999.0,-9999.0,-9999.0,-9999.0,-9999.0,-9999.0,color,orientation,size,0.22000000000000003,15.5,10,female,0,2707.0406706000003,0,23
535,-9999.0,-9999.0,-9999.0,-9999.0,-9999.0,-9999.0,-9999.0,-9999.0,-9999.0,color,orientation,size,0.22000000000000003,15.5,10,female,0,2707.0406706000003,0,23
536,-9999.0,-9999.0,-9999.0,-9999.0,-9999.0,-9999.0,-9999.0,-9999.0,-9999.0,color,orientation,size,0.22000000000000003,15.5,10,female,0,2707.0406706000003,0,23
537,-9999.0,-9999.0,-9999.0,-9999.0,-9999.0,-9999.0,-9999.0,-9999.0,-9999.0,color,orientation,size,0.22000000000000003,15.5,10,female,0,2707.0406706000003,0,23
538,-9999.0,-9999.0,-9999.0,-9999.0,-9999.0,-9999.0,-9999.0,-9999.0,-9999.0,color,orientation,size,0.22000000000000003,15.5,10,female,0,2707.0406706000003,0,23
539,-9999.0,-9999.0,-9999.0,-9999.0,-9999.0,-9999.0,-9999.0,-9999.0,-9999.0,color,orientation,size,0.22000000000000003,15.5,10,female,0,2707.0406706000003,0,23
540,-9999.0,-9999.0,-9999.0,-9999.0,-9999.0,-9999.0,-9999.0,-9999.0,-9999.0,color,orientation,size,0.22000000000000003,15.5,10,female,0,2707.0406706000003,0,23
541,-9999.0,-9999.0,-9999.0,-9999.0,-9999.0,-9999.0,-9999.0,-9999.0,-9999.0,color,orientation,size,0.22000000000000003,15.5,10,female,0,2707.0406706000003,0,23
542,-9999.0,-9999.0,-9999.0,-9999.0,-9999.0,-9999.0,-9999.0,-9999.0,-9999.0,color,orientation,size,0.22000000000000003,15.5,10,female,0,2707.0406706000003,0,23
543,-9999.0,-9999.0,-9999.0,-9999.0,-9999.0,-9999.0,-9999.0,-9999.0,-9999.0,color,orientation,size,0.22000000000000003,15.5,10,female,0,2707.0406706000003,0,23
544,-9999.0,-9999.0,-9999.0,-9999.0,-9999.0,-9999.0,-9999.0,-9999.0,-9999.0,color,orientation,size,0.22000000000000003,15.5,10,female,0,2707.0406706000003,0,23
545,-9999.0,-9999.0,-9999.0,-9999.0,-9999.0,-9999.0,-9999.0,-9999.0,-9999.0,color,orientation,size,0.22000000000000003,15.5,10,female,0,2707.0406706000003,0,23
546,-9999.0,-9999.0,-9999.0,-9999.0,-9999.0,-9999.0,-9999.0,-9999.0,-9999.0,color,orientation,size,0.22000000000000003,15.5,10,female,0,2707.0406706000003,0,23
547,-9999.0,-9999.0,-9999.0,-9999.0,-9999.0,-9999.0,-9999.0,-9999.0,-9999.0,color,orientation,size,0.22000000000000003,15.5,10,female,0,2707.0406706000003,0,23
548,-9999.0,-9999.0,-9999.0,-9999.0,-9999.0,-9999.0,-9999.0,-9999.0,-9999.0,color,orientation,size,0.22000000000000003,15.5,10,female,0,2707.0406706000003,0,23
549,-9999.0,-9999.0,-9999.0,-9999.0,-9999.0,-9999.0,-9999.0,-9999.0,-9999.0,color,orientation,size,0.22000000000000003,15.5,10,female,0,2707.0406706000003,0,23
550,-9999.0,-9999.0,-9999.0,-9999.0,-9999.0,-9999.0,-9999.0,-9999.0,-9999.0,color,orientation,size,0.22000000000000003,15.5,10,female,0,2707.0406706000003,0,23
551,-9999.0,-9999.0,-9999.0,-9999.0,-9999.0,-9999.0,-9999.0,-9999.0,-9999.0,color,orientation,size,0.22000000000000003,15.5,10,female,0,2707.0406706000003,0,23
552,-9999.0,-9999.0,-9999.0,-9999.0,-9999.0,-9999.0,-9999.0,-9999.0,-9999.0,color,orientation,size,0.22000000000000003,15.5,10,female,0,2707.0406706000003,0,23
553,-9999.0,-9999.0,-9999.0,-9999.0,-9999.0,-9999.0,-9999.0,-9999.0,-9999.0,color,orientation,size,0.22000000000000003,15.5,10,female,0,2707.0406706000003,0,23
554,-9999.0,-9999.0,-9999.0,-9999.0,-9999.0,-9999.0,-9999.0,-9999.0,-9999.0,color,orientation,size,0.22000000000000003,15.5,10,female,0,2707.0406706000003,0,23
555,-9999.0,-9999.0,-9999.0,-9999.0,-9999.0,-9999.0,-9999.0,-9999.0,-9999.0,color,orientation,size,0.22000000000000003,15.5,10,female,0,2707.0406706000003,0,23
556,-9999.0,-9999.0,-9999.0,-9999.0,-9999.0,-9999.0,-9999.0,-9999.0,-9999.0,color,orientation,size,0.22000000000000003,15.5,10,female,0,2707.0406706000003,0,23
557,-9999.0,-9999.0,-9999.0,-9999.0,-9999.0,-9999.0,-9999.0,-9999.0,-9999.0,color,orientation,size,0.22000000000000003,15.5,10,female,0,2707.0406706000003,0,23
558,-9999.0,-9999.0,-9999.0,-9999.0,-9999.0,-9999.0,-9999.0,-9999.0,-9999.0,color,orientation,size,0.22000000000000003,15.5,10,female,0,2707.0406706000003,0,23
559,-9999.0,-9999.0,-9999.0,-9999.0,-9999.0,-9999.0,-9999.0,-9999.0,-9999.0,color,orientation,size,0.22000000000000003,15.5,10,female,0,2707.0406706000003,0,23
560,-9999.0,-9999.0,-9999.0,-9999.0,-9999.0,-9999.0,-9999.0,-9999.0,-9999.0,color,orientation,size,0.22000000000000003,15.5,10,female,0,2707.0406706000003,0,23
561,-9999.0,-9999.0,-9999.0,-9999.0,-9999.0,-9999.0,-9999.0,-9999.0,-9999.0,color,orientation,size,0.22000000000000003,15.5,10,female,0,2707.0406706000003,0,23
562,-9999.0,-9999.0,-9999.0,-9999.0,-9999.0,-9999.0,-9999.0,-9999.0,-9999.0,color,orientation,size,0.22000000000000003,15.5,10,female,0,2707.0406706000003,0,23
563,-9999.0,-9999.0,-9999.0,-9999.0,-9999.0,-9999.0,-9999.0,-9999.0,-9999.0,color,orientation,size,0.22000000000000003,15.5,10,female,0,2707.0406706000003,0,23
564,-9999.0,-9999.0,-9999.0,-9999.0,-9999.0,-9999.0,-9999.0,-9999.0,-9999.0,color,orientation,size,0.22000000000000003,15.5,10,female,0,2707.0406706000003,0,23
565,-9999.0,-9999.0,-9999.0,-9999.0,-9999.0,-9999.0,-9999.0,-9999.0,-9999.0,color,orientation,size,0.22000000000000003,15.5,10,female,0,2707.0406706000003,0,23
566,-9999.0,-9999.0,-9999.0,-9999.0,-9999.0,-9999.0,-9999.0,-9999.0,-9999.0,color,orientation,size,0.22000000000000003,15.5,10,female,0,2707.0406706000003,0,23
567,-9999.0,-9999.0,-9999.0,-9999.0,-9999.0,-9999.0,-9999.0,-9999.0,-9999.0,color,orientation,size,0.22000000000000003,15.5,10,female,0,2707.0406706000003,0,23
568,-9999.0,-9999.0,-9999.0,-9999.0,-9999.0,-9999.0,-9999.0,-9999.0,-9999.0,color,orientation,size,0.22000000000000003,15.5,10,female,0,2707.0406706000003,0,23
569,-9999.0,-9999.0,-9999.0,-9999.0,-9999.0,-9999.0,-9999.0,-9999.0,-9999.0,color,orientation,size,0.22000000000000003,15.5,10,female,0,2707.0406706000003,0,23
570,-9999.0,-9999.0,-9999.0,-9999.0,-9999.0,-9999.0,-9999.0,-9999.0,-9999.0,color,orientation,size,0.22000000000000003,15.5,10,female,0,2707.0406706000003,0,23
571,-9999.0,-9999.0,-9999.0,-9999.0,-9999.0,-9999.0,-9999.0,-9999.0,-9999.0,color,orientation,size,0.22000000000000003,15.5,10,female,0,2707.0406706000003,0,23
572,-9999.0,-9999.0,-9999.0,-9999.0,-9999.0,-9999.0,-9999.0,-9999.0,-9999.0,color,orientation,size,0.22000000000000003,15.5,10,female,0,2707.0406706000003,0,23
573,-9999.0,-9999.0,-9999.0,-9999.0,-9999.0,-9999.0,-9999.0,-9999.0,-9999.0,color,orientation,size,0.22000000000000003,15.5,10,female,0,2707.0406706000003,0,23
574,-9999.0,-9999.0,-9999.0,-9999.0,-9999.0,-9999.0,-9999.0,-9999.0,-9999.0,color,orientation,size,0.22000000000000003,15.5,10,female,0,2707.0406706000003,0,23
575,-9999.0,-9999.0,-9999.0,-9999.0,-9999.0,-9999.0,-9999.0,-9999.0,-9999.0,color,orientation,size,0.22000000000000003,15.5,10,female,0,2707.0406706000003,0,23
576,-9999.0,-9999.0,-9999.0,-9999.0,-9999.0,-9999.0,-9999.0,-9999.0,-9999.0,color,orientation,size,0.22000000000000003,15.5,10,female,0,2707.0406706000003,0,23
577,-9999.0,-9999.0,-9999.0,-9999.0,-9999.0,-9999.0,-9999.0,-9999.0,-9999.0,color,orientation,size,0.22000000000000003,15.5,10,female,0,2707.0406706000003,0,23
578,-9999.0,-9999.0,-9999.0,-9999.0,-9999.0,-9999.0,-9999.0,-9999.0,-9999.0,color,orientation,size,0.22000000000000003,15.5,10,female,0,2707.0406706000003,0,23
579,-9999.0,-9999.0,-9999.0,-9999.0,-9999.0,-9999.0,-9999.0,-9999.0,-9999.0,color,orientation,size,0.22000000000000003,15.5,10,female,0,2707.0406706000003,0,23
580,-9999.0,-9999.0,-9999.0,-9999.0,-9999.0,-9999.0,-9999.0,-9999.0,-9999.0,color,orientation,size,0.22000000000000003,15.5,10,female,0,2707.0406706000003,0,23
581,-9999.0,-9999.0,-9999.0,-9999.0,-9999.0,-9999.0,-9999.0,-9999.0,-9999.0,color,orientation,size,0.22000000000000003,15.5,10,female,0,2707.0406706000003,0,23
582,-9999.0,-9999.0,-9999.0,-9999.0,-9999.0,-9999.0,-9999.0,-9999.0,-9999.0,color,orientation,size,0.22000000000000003,15.5,10,female,0,2707.0406706000003,0,23
583,-9999.0,-9999.0,-9999.0,-9999.0,-9999.0,-9999.0,-9999.0,-9999.0,-9999.0,color,orientation,size,0.22000000000000003,15.5,10,female,0,2707.0406706000003,0,23
584,-9999.0,-9999.0,-9999.0,-9999.0,-9999.0,-9999.0,-9999.0,-9999.0,-9999.0,color,orientation,size,0.22000000000000003,15.5,10,female,0,2707.0406706000003,0,23
585,-9999.0,-9999.0,-9999.0,-9999.0,-9999.0,-9999.0,-9999.0,-9999.0,-9999.0,color,orientation,size,0.22000000000000003,15.5,10,female,0,2707.0406706000003,0,23
586,-9999.0,-9999.0,-9999.0,-9999.0,-9999.0,-9999.0,-9999.0,-9999.0,-9999.0,color,orientation,size,0.22000000000000003,15.5,10,female,0,2707.0406706000003,0,23
587,-9999.0,-9999.0,-9999.0,-9999.0,-9999.0,-9999.0,-9999.0,-9999.0,-9999.0,color,orientation,size,0.22000000000000003,15.5,10,female,0,2707.0406706000003,0,23
588,-9999.0,-9999.0,-9999.0,-9999.0,-9999.0,-9999.0,-9999.0,-9999.0,-9999.0,color,orientation,size,0.22000000000000003,15.5,10,female,0,2707.0406706000003,0,23
589,-9999.0,-9999.0,-9999.0,-9999.0,-9999.0,-9999.0,-9999.0,-9999.0,-9999.0,color,orientation,size,0.22000000000000003,15.5,10,female,0,2707.0406706000003,0,23
590,-9999.0,-9999.0,-9999.0,-9999.0,-9999.0,-9999.0,-9999.0,-9999.0,-9999.0,color,orientation,size,0.22000000000000003,15.5,10,female,0,2707.0406706000003,0,23
591,-9999.0,-9999.0,-9999.0,-9999.0,-9999.0,-9999.0,-9999.0,-9999.0,-9999.0,color,orientation,size,0.22000000000000003,15.5,10,female,0,2707.0406706000003,0,23
592,-9999.0,-9999.0,-9999.0,-9999.0,-9999.0,-9999.0,-9999.0,-9999.0,-9999.0,color,orientation,size,0.22000000000000003,15.5,10,female,0,2707.0406706000003,0,23
593,-9999.0,-9999.0,-9999.0,-9999.0,-9999.0,-9999.0,-9999.0,-9999.0,-9999.0,color,orientation,size,0.22000000000000003,15.5,10,female,0,2707.0406706000003,0,23
594,-9999.0,-9999.0,-9999.0,-9999.0,-9999.0,-9999.0,-9999.0,-9999.0,-9999.0,color,orientation,size,0.22000000000000003,15.5,10,female,0,2707.0406706000003,0,23
595,-9999.0,-9999.0,-9999.0,-9999.0,-9999.0,-9999.0,-9999.0,-9999.0,-9999.0,color,orientation,size,0.22000000000000003,15.5,10,female,0,2707.0406706000003,0,23
596,-9999.0,-9999.0,-9999.0,-9999.0,-9999.0,-9999.0,-9999.0,-9999.0,-9999.0,color,orientation,size,0.22000000000000003,15.5,10,female,0,2707.0406706000003,0,23
597,-9999.0,-9999.0,-9999.0,-9999.0,-9999.0,-9999.0,-9999.0,-9999.0,-9999.0,color,orientation,size,0.22000000000000003,15.5,10,female,0,2707.0406706000003,0,23
598,-9999.0,-9999.0,-9999.0,-9999.0,-9999.0,-9999.0,-9999.0,-9999.0,-9999.0,color,orientation,size,0.22000000000000003,15.5,10,female,0,2707.0406706000003,0,23
599,-9999.0,-9999.0,-9999.0,-9999.0,-9999.0,-9999.0,-9999.0,-9999.0,-9999.0,color,orientation,size,0.22000000000000003,15.5,10,female,0,2707.0406706000003,0,23
600,-9999.0,-9999.0,-9999.0,-9999.0,-9999.0,-9999.0,-9999.0,-9999.0,-9999.0,color,orientation,size,0.22000000000000003,15.5,10,female,0,2707.0406706000003,0,23
601,-9999.0,-9999.0,-9999.0,-9999.0,-9999.0,-9999.0,-9999.0,-9999.0,-9999.0,color,orientation,size,0.22000000000000003,15.5,10,female,0,2707.0406706000003,0,23
602,-9999.0,-9999.0,-9999.0,-9999.0,-9999.0,-9999.0,-9999.0,-9999.0,-9999.0,color,orientation,size,0.22000000000000003,15.5,10,female,0,2707.0406706000003,0,23
603,-9999.0,-9999.0,-9999.0,-9999.0,-9999.0,-9999.0,-9999.0,-9999.0,-9999.0,color,orientation,size,0.22000000000000003,15.5,10,female,0,2707.0406706000003,0,23
604,-9999.0,-9999.0,-9999.0,-9999.0,-9999.0,-9999.0,-9999.0,-9999.0,-9999.0,color,orientation,size,0.22000000000000003,15.5,10,female,0,2707.0406706000003,0,23
605,-9999.0,-9999.0,-9999.0,-9999.0,-9999.0,-9999.0,-9999.0,-9999.0,-9999.0,color,orientation,size,0.22000000000000003,15.5,10,female,0,2707.0406706000003,0,23
606,-9999.0,-9999.0,-9999.0,-9999.0,-9999.0,-9999.0,-9999.0,-9999.0,-9999.0,color,orientation,size,0.22000000000000003,15.5,10,female,0,2707.0406706000003,0,23
607,-9999.0,-9999.0,-9999.0,-9999.0,-9999.0,-9999.0,-9999.0,-9999.0,-9999.0,color,orientation,size,0.22000000000000003,15.5,10,female,0,2707.0406706000003,0,23
608,-9999.0,-9999.0,-9999.0,-9999.0,-9999.0,-9999.0,-9999.0,-9999.0,-9999.0,color,orientation,size,0.22000000000000003,15.5,10,female,0,2707.0406706000003,0,23
609,-9999.0,-9999.0,-9999.0,-9999.0,-9999.0,-9999.0,-9999.0,-9999.0,-9999.0,color,orientation,size,0.22000000000000003,15.5,10,female,0,2707.0406706000003,0,23
610,-9999.0,-9999.0,-9999.0,-9999.0,-9999.0,-9999.0,-9999.0,-9999.0,-9999.0,color,orientation,size,0.22000000000000003,15.5,10,female,0,2707.0406706000003,0,23
611,-9999.0,-9999.0,-9999.0,-9999.0,-9999.0,-9999.0,-9999.0,-9999.0,-9999.0,color,orientation,size,0.22000000000000003,15.5,10,female,0,2707.0406706000003,0,23
612,-9999.0,-9999.0,-9999.0,-9999.0,-9999.0,-9999.0,-9999.0,-9999.0,-9999.0,color,orientation,size,0.22000000000000003,15.5,10,female,0,2707.0406706000003,0,23
613,-9999.0,-9999.0,-9999.0,-9999.0,-9999.0,-9999.0,-9999.0,-9999.0,-9999.0,color,orientation,size,0.22000000000000003,15.5,10,female,0,2707.0406706000003,0,23
614,-9999.0,-9999.0,-9999.0,-9999.0,-9999.0,-9999.0,-9999.0,-9999.0,-9999.0,color,orientation,size,0.22000000000000003,15.5,10,female,0,2707.0406706000003,0,23
615,-9999.0,-9999.0,-9999.0,-9999.0,-9999.0,-9999.0,-9999.0,-9999.0,-9999.0,color,orientation,size,0.22000000000000003,15.5,10,female,0,2707.0406706000003,0,23
616,-9999.0,-9999.0,-9999.0,-9999.0,-9999.0,-9999.0,-9999.0,-9999.0,-9999.0,color,orientation,size,0.22000000000000003,15.5,10,female,0,2707.0406706000003,0,23
617,-9999.0,-9999.0,-9999.0,-9999.0,-9999.0,-9999.0,-9999.0,-9999.0,-9999.0,color,orientation,size,0.22000000000000003,15.5,10,female,0,2707.0406706000003,0,23
618,-9999.0,-9999.0,-9999.0,-9999.0,-9999.0,-9999.0,-9999.0,-9999.0,-9999.0,color,orientation,size,0.22000000000000003,15.5,10,female,0,2707.0406706000003,0,23
619,-9999.0,-9999.0,-9999.0,-9999.0,-9999.0,-9999.0,-9999.0,-9999.0,-9999.0,color,orientation,size,0.22000000000000003,15.5,10,female,0,2707.0406706000003,0,23
620,-9999.0,-9999.0,-9999.0,-9999.0,-9999.0,-9999.0,-9999.0,-9999.0,-9999.0,color,orientation,size,0.22000000000000003,15.5,10,female,0,2707.0406706000003,0,23
621,-9999.0,-9999.0,-9999.0,-9999.0,-9999.0,-9999.0,-9999.0,-9999.0,-9999.0,color,orientation,size,0.22000000000000003,15.5,10,female,0,2707.0406706000003,0,23
622,-9999.0,-9999.0,-9999.0,-9999.0,-9999.0,-9999.0,-9999.0,-9999.0,-9999.0,color,orientation,size,0.22000000000000003,15.5,10,female,0,2707.0406706000003,0,23
623,-9999.0,-9999.0,-9999.0,-9999.0,-9999.0,-9999.0,-9999.0,-9999.0,-9999.0,color,orientation,size,0.22000000000000003,15.5,10,female,0,2707.0406706000003,0,23
624,-9999.0,-9999.0,-9999.0,-9999.0,-9999.0,-9999.0,-9999.0,-9999.0,-9999.0,color,orientation,size,0.22000000000000003,15.5,10,female,0,2707.0406706000003,0,23
625,-9999.0,-9999.0,-9999.0,-9999.0,-9999.0,-9999.0,-9999.0,-9999.0,-9999.0,color,orientation,size,0.22000000000000003,15.5,10,female,0,2707.0406706000003,0,23
626,-9999.0,-9999.0,-9999.0,-9999.0,-9999.0,-9999.0,-9999.0,-9999.0,-9999.0,color,orientation,size,0.22000000000000003,15.5,10,female,0,2707.0406706000003,0,23
627,-9999.0,-9999.0,-9999.0,-9999.0,-9999.0,-9999.0,-9999.0,-9999.0,-9999.0,color,orientation,size,0.22000000000000003,15.5,10,female,0,2707.0406706000003,0,23
628,-9999.0,-9999.0,-9999.0,-9999.0,-9999.0,-9999.0,-9999.0,-9999.0,-9999.0,color,orientation,size,0.22000000000000003,15.5,10,female,0,2707.0406706000003,0,23
629,-9999.0,-9999.0,-9999.0,-9999.0,-9999.0,-9999.0,-9999.0,-9999.0,-9999.0,color,orientation,size,0.22000000000000003,15.5,10,female,0,2707.0406706000003,0,23
630,-9999.0,-9999.0,-9999.0,-9999.0,-9999.0,-9999.0,-9999.0,-9999.0,-9999.0,color,orientation,size,0.22000000000000003,15.5,10,female,0,2707.0406706000003,0,23
631,-9999.0,-9999.0,-9999.0,-9999.0,-9999.0,-9999.0,-9999.0,-9999.0,-9999.0,color,orientation,size,0.22000000000000003,15.5,10,female,0,2707.0406706000003,0,23
632,-9999.0,-9999.0,-9999.0,-9999.0,-9999.0,-9999.0,-9999.0,-9999.0,-9999.0,color,orientation,size,0.22000000000000003,15.5,10,female,0,2707.0406706000003,0,23
633,-9999.0,-9999.0,-9999.0,-9999.0,-9999.0,-9999.0,-9999.0,-9999.0,-9999.0,color,orientation,size,0.22000000000000003,15.5,10,female,0,2707.0406706000003,0,23
634,-9999.0,-9999.0,-9999.0,-9999.0,-9999.0,-9999.0,-9999.0,-9999.0,-9999.0,color,orientation,size,0.22000000000000003,15.5,10,female,0,2707.0406706000003,0,23
635,-9999.0,-9999.0,-9999.0,-9999.0,-9999.0,-9999.0,-9999.0,-9999.0,-9999.0,color,orientation,size,0.22000000000000003,15.5,10,female,0,2707.0406706000003,0,23
636,-9999.0,-9999.0,-9999.0,-9999.0,-9999.0,-9999.0,-9999.0,-9999.0,-9999.0,color,orientation,size,0.22000000000000003,15.5,10,female,0,2707.0406706000003,0,23
637,-9999.0,-9999.0,-9999.0,-9999.0,-9999.0,-9999.0,-9999.0,-9999.0,-9999.0,color,orientation,size,0.22000000000000003,15.5,10,female,0,2707.0406706000003,0,23
638,-9999.0,-9999.0,-9999.0,-9999.0,-9999.0,-9999.0,-9999.0,-9999.0,-9999.0,color,orientation,size,0.22000000000000003,15.5,10,female,0,2707.0406706000003,0,23
639,-9999.0,-9999.0,-9999.0,-9999.0,-9999.0,-9999.0,-9999.0,-9999.0,-9999.0,color,orientation,size,0.22000000000000003,15.5,10,female,0,2707.0406706000003,0,23
640,-9999.0,-9999.0,-9999.0,-9999.0,-9999.0,-9999.0,-9999.0,-9999.0,-9999.0,color,orientation,size,0.22000000000000003,15.5,10,female,0,2707.0406706000003,0,23
641,-9999.0,-9999.0,-9999.0,-9999.0,-9999.0,-9999.0,-9999.0,-9999.0,-9999.0,color,orientation,size,0.22000000000000003,15.5,10,female,0,2707.0406706000003,0,23
642,-9999.0,-9999.0,-9999.0,-9999.0,-9999.0,-9999.0,-9999.0,-9999.0,-9999.0,color,orientation,size,0.22000000000000003,15.5,10,female,0,2707.0406706000003,0,23
643,-9999.0,-9999.0,-9999.0,-9999.0,-9999.0,-9999.0,-9999.0,-9999.0,-9999.0,color,orientation,size,0.22000000000000003,15.5,10,female,0,2707.0406706000003,0,23
644,-9999.0,-9999.0,-9999.0,-9999.0,-9999.0,-9999.0,-9999.0,-9999.0,-9999.0,color,orientation,size,0.22000000000000003,15.5,10,female,0,2707.0406706000003,0,23
645,-9999.0,-9999.0,-9999.0,-9999.0,-9999.0,-9999.0,-9999.0,-9999.0,-9999.0,color,orientation,size,0.22000000000000003,15.5,10,female,0,2707.0406706000003,0,23
646,-9999.0,-9999.0,-9999.0,-9999.0,-9999.0,-9999.0,-9999.0,-9999.0,-9999.0,color,orientation,size,0.22000000000000003,15.5,10,female,0,2707.0406706000003,0,23
647,-9999.0,-9999.0,-9999.0,-9999.0,-9999.0,-9999.0,-9999.0,-9999.0,-9999.0,color,orientation,size,0.22000000000000003,15.5,10,female,0,2707.0406706000003,0,23
648,-9999.0,-9999.0,-9999.0,-9999.0,-9999.0,-9999.0,-9999.0,-9999.0,-9999.0,color,orientation,size,0.22000000000000003,15.5,10,female,0,2707.0406706000003,0,23
649,-9999.0,-9999.0,-9999.0,-9999.0,-9999.0,-9999.0,-9999.0,-9999.0,-9999.0,color,orientation,size,0.22000000000000003,15.5,10,female,0,2707.0406706000003,0,23
650,-9999.0,-9999.0,-9999.0,-9999.0,-9999.0,-9999.0,-9999.0,-9999.0,-9999.0,color,orientation,size,0.22000000000000003,15.5,10,female,0,2707.0406706000003,0,23
651,-9999.0,-9999.0,-9999.0,-9999.0,-9999.0,-9999.0,-9999.0,-9999.0,-9999.0,color,orientation,size,0.22000000000000003,15.5,10,female,0,2707.0406706000003,0,23
652,-9999.0,-9999.0,-9999.0,-9999.0,-9999.0,-9999.0,-9999.0,-9999.0,-9999.0,color,orientation,size,0.22000000000000003,15.5,10,female,0,2707.0406706000003,0,23
653,-9999.0,-9999.0,-9999.0,-9999.0,-9999.0,-9999.0,-9999.0,-9999.0,-9999.0,color,orientation,size,0.22000000000000003,15.5,10,female,0,2707.0406706000003,0,23
654,-9999.0,-9999.0,-9999.0,-9999.0,-9999.0,-9999.0,-9999.0,-9999.0,-9999.0,color,orientation,size,0.22000000000000003,15.5,10,female,0,2707.0406706000003,0,23
655,-9999.0,-9999.0,-9999.0,-9999.0,-9999.0,-9999.0,-9999.0,-9999.0,-9999.0,color,orientation,size,0.22000000000000003,15.5,10,female,0,2707.0406706000003,0,23
656,-9999.0,-9999.0,-9999.0,-9999.0,-9999.0,-9999.0,-9999.0,-9999.0,-9999.0,color,orientation,size,0.22000000000000003,15.5,10,female,0,2707.0406706000003,0,23
657,-9999.0,-9999.0,-9999.0,-9999.0,-9999.0,-9999.0,-9999.0,-9999.0,-9999.0,color,orientation,size,0.22000000000000003,15.5,10,female,0,2707.0406706000003,0,23
658,-9999.0,-9999.0,-9999.0,-9999.0,-9999.0,-9999.0,-9999.0,-9999.0,-9999.0,color,orientation,size,0.22000000000000003,15.5,10,female,0,2707.0406706000003,0,23
659,-9999.0,-9999.0,-9999.0,-9999.0,-9999.0,-9999.0,-9999.0,-9999.0,-9999.0,color,orientation,size,0.22000000000000003,15.5,10,female,0,2707.0406706000003,0,23
660,-9999.0,-9999.0,-9999.0,-9999.0,-9999.0,-9999.0,-9999.0,-9999.0,-9999.0,color,orientation,size,0.22000000000000003,15.5,10,female,0,2707.0406706000003,0,23
661,-9999.0,-9999.0,-9999.0,-9999.0,-9999.0,-9999.0,-9999.0,-9999.0,-9999.0,color,orientation,size,0.22000000000000003,15.5,10,female,0,2707.0406706000003,0,23
662,-9999.0,-9999.0,-9999.0,-9999.0,-9999.0,-9999.0,-9999.0,-9999.0,-9999.0,color,orientation,size,0.22000000000000003,15.5,10,female,0,2707.0406706000003,0,23
663,-9999.0,-9999.0,-9999.0,-9999.0,-9999.0,-9999.0,-9999.0,-9999.0,-9999.0,color,orientation,size,0.22000000000000003,15.5,10,female,0,2707.0406706000003,0,23
664,-9999.0,-9999.0,-9999.0,-9999.0,-9999.0,-9999.0,-9999.0,-9999.0,-9999.0,color,orientation,size,0.22000000000000003,15.5,10,female,0,2707.0406706000003,0,23
665,-9999.0,-9999.0,-9999.0,-9999.0,-9999.0,-9999.0,-9999.0,-9999.0,-9999.0,color,orientation,size,0.22000000000000003,15.5,10,female,0,2707.0406706000003,0,23
666,-9999.0,-9999.0,-9999.0,-9999.0,-9999.0,-9999.0,-9999.0,-9999.0,-9999.0,color,orientation,size,0.22000000000000003,15.5,10,female,0,2707.0406706000003,0,23
667,-9999.0,-9999.0,-9999.0,-9999.0,-9999.0,-9999.0,-9999.0,-9999.0,-9999.0,color,orientation,size,0.22000000000000003,15.5,10,female,0,2707.0406706000003,0,23
668,-9999.0,-9999.0,-9999.0,-9999.0,-9999.0,-9999.0,-9999.0,-9999.0,-9999.0,color,orientation,size,0.22000000000000003,15.5,10,female,0,2707.0406706000003,0,23
669,-9999.0,-9999.0,-9999.0,-9999.0,-9999.0,-9999.0,-9999.0,-9999.0,-9999.0,color,orientation,size,0.22000000000000003,15.5,10,female,0,2707.0406706000003,0,23
670,-9999.0,-9999.0,-9999.0,-9999.0,-9999.0,-9999.0,-9999.0,-9999.0,-9999.0,color,orientation,size,0.22000000000000003,15.5,10,female,0,2707.0406706000003,0,23
671,-9999.0,-9999.0,-9999.0,-9999.0,-9999.0,-9999.0,-9999.0,-9999.0,-9999.0,color,orientation,size,0.22000000000000003,15.5,10,female,0,2707.0406706000003,0,23
672,-9999.0,-9999.0,-9999.0,-9999.0,-9999.0,-9999.0,-9999.0,-9999.0,-9999.0,color,orientation,size,0.22000000000000003,15.5,10,female,0,2707.0406706000003,0,23
673,-9999.0,-9999.0,-9999.0,-9999.0,-9999.0,-9999.0,-9999.0,-9999.0,-9999.0,color,orientation,size,0.22000000000000003,15.5,10,female,0,2707.0406706000003,0,23
674,-9999.0,-9999.0,-9999.0,-9999.0,-9999.0,-9999.0,-9999.0,-9999.0,-9999.0,color,orientation,size,0.22000000000000003,15.5,10,female,0,2707.0406706000003,0,23
675,-9999.0,-9999.0,-9999.0,-9999.0,-9999.0,-9999.0,-9999.0,-9999.0,-9999.0,color,orientation,size,0.22000000000000003,15.5,10,female,0,2707.0406706000003,0,23
676,-9999.0,-9999.0,-9999.0,-9999.0,-9999.0,-9999.0,-9999.0,-9999.0,-9999.0,color,orientation,size,0.22000000000000003,15.5,10,female,0,2707.0406706000003,0,23
677,-9999.0,-9999.0,-9999.0,-9999.0,-9999.0,-9999.0,-9999.0,-9999.0,-9999.0,color,orientation,size,0.22000000000000003,15.5,10,female,0,2707.0406706000003,0,23
678,-9999.0,-9999.0,-9999.0,-9999.0,-9999.0,-9999.0,-9999.0,-9999.0,-9999.0,color,orientation,size,0.22000000000000003,15.5,10,female,0,2707.0406706000003,0,23
679,-9999.0,-9999.0,-9999.0,-9999.0,-9999.0,-9999.0,-9999.0,-9999.0,-9999.0,color,orientation,size,0.22000000000000003,15.5,10,female,0,2707.0406706000003,0,23
680,-9999.0,-9999.0,-9999.0,-9999.0,-9999.0,-9999.0,-9999.0,-9999.0,-9999.0,color,orientation,size,0.22000000000000003,15.5,10,female,0,2707.0406706000003,0,23
681,-9999.0,-9999.0,-9999.0,-9999.0,-9999.0,-9999.0,-9999.0,-9999.0,-9999.0,color,orientation,size,0.22000000000000003,15.5,10,female,0,2707.0406706000003,0,23
682,-9999.0,-9999.0,-9999.0,-9999.0,-9999.0,-9999.0,-9999.0,-9999.0,-9999.0,color,orientation,size,0.22000000000000003,15.5,10,female,0,2707.0406706000003,0,23
683,-9999.0,-9999.0,-9999.0,-9999.0,-9999.0,-9999.0,-9999.0,-9999.0,-9999.0,color,orientation,size,0.22000000000000003,15.5,10,female,0,2707.0406706000003,0,23
684,-9999.0,-9999.0,-9999.0,-9999.0,-9999.0,-9999.0,-9999.0,-9999.0,-9999.0,color,orientation,size,0.22000000000000003,15.5,10,female,0,2707.0406706000003,0,23
685,-9999.0,-9999.0,-9999.0,-9999.0,-9999.0,-9999.0,-9999.0,-9999.0,-9999.0,color,orientation,size,0.22000000000000003,15.5,10,female,0,2707.0406706000003,0,23
686,-9999.0,-9999.0,-9999.0,-9999.0,-9999.0,-9999.0,-9999.0,-9999.0,-9999.0,color,orientation,size,0.22000000000000003,15.5,10,female,0,2707.0406706000003,0,23
687,-9999.0,-9999.0,-9999.0,-9999.0,-9999.0,-9999.0,-9999.0,-9999.0,-9999.0,color,orientation,size,0.22000000000000003,15.5,10,female,0,2707.0406706000003,0,23
688,-9999.0,-9999.0,-9999.0,-9999.0,-9999.0,-9999.0,-9999.0,-9999.0,-9999.0,color,orientation,size,0.22000000000000003,15.5,10,female,0,2707.0406706000003,0,23
689,-9999.0,-9999.0,-9999.0,-9999.0,-9999.0,-9999.0,-9999.0,-9999.0,-9999.0,color,orientation,size,0.22000000000000003,15.5,10,female,0,2707.0406706000003,0,23
690,-9999.0,-9999.0,-9999.0,-9999.0,-9999.0,-9999.0,-9999.0,-9999.0,-9999.0,color,orientation,size,0.22000000000000003,15.5,10,female,0,2707.0406706000003,0,23
691,-9999.0,-9999.0,-9999.0,-9999.0,-9999.0,-9999.0,-9999.0,-9999.0,-9999.0,color,orientation,size,0.22000000000000003,15.5,10,female,0,2707.0406706000003,0,23
692,-9999.0,-9999.0,-9999.0,-9999.0,-9999.0,-9999.0,-9999.0,-9999.0,-9999.0,color,orientation,size,0.22000000000000003,15.5,10,female,0,2707.0406706000003,0,23
693,-9999.0,-9999.0,-9999.0,-9999.0,-9999.0,-9999.0,-9999.0,-9999.0,-9999.0,color,orientation,size,0.22000000000000003,15.5,10,female,0,2707.0406706000003,0,23
694,-9999.0,-9999.0,-9999.0,-9999.0,-9999.0,-9999.0,-9999.0,-9999.0,-9999.0,color,orientation,size,0.22000000000000003,15.5,10,female,0,2707.0406706000003,0,23
695,-9999.0,-9999.0,-9999.0,-9999.0,-9999.0,-9999.0,-9999.0,-9999.0,-9999.0,color,orientation,size,0.22000000000000003,15.5,10,female,0,2707.0406706000003,0,23
696,-9999.0,-9999.0,-9999.0,-9999.0,-9999.0,-9999.0,-9999.0,-9999.0,-9999.0,color,orientation,size,0.22000000000000003,15.5,10,female,0,2707.0406706000003,0,23
697,-9999.0,-9999.0,-9999.0,-9999.0,-9999.0,-9999.0,-9999.0,-9999.0,-9999.0,color,orientation,size,0.22000000000000003,15.5,10,female,0,2707.0406706000003,0,23
698,-9999.0,-9999.0,-9999.0,-9999.0,-9999.0,-9999.0,-9999.0,-9999.0,-9999.0,color,orientation,size,0.22000000000000003,15.5,10,female,0,2707.0406706000003,0,23
699,-9999.0,-9999.0,-9999.0,-9999.0,-9999.0,-9999.0,-9999.0,-9999.0,-9999.0,color,orientation,size,0.22000000000000003,15.5,10,female,0,2707.0406706000003,0,23
700,-9999.0,-9999.0,-9999.0,-9999.0,-9999.0,-9999.0,-9999.0,-9999.0,-9999.0,color,orientation,size,0.22000000000000003,15.5,10,female,0,2707.0406706000003,0,23
701,-9999.0,-9999.0,-9999.0,-9999.0,-9999.0,-9999.0,-9999.0,-9999.0,-9999.0,color,orientation,size,0.22000000000000003,15.5,10,female,0,2707.0406706000003,0,23
702,-9999.0,-9999.0,-9999.0,-9999.0,-9999.0,-9999.0,-9999.0,-9999.0,-9999.0,color,orientation,size,0.22000000000000003,15.5,10,female,0,2707.0406706000003,0,23
703,-9999.0,-9999.0,-9999.0,-9999.0,-9999.0,-9999.0,-9999.0,-9999.0,-9999.0,color,orientation,size,0.22000000000000003,15.5,10,female,0,2707.0406706000003,0,23
704,-9999.0,-9999.0,-9999.0,-9999.0,-9999.0,-9999.0,-9999.0,-9999.0,-9999.0,color,orientation,size,0.22000000000000003,15.5,10,female,0,2707.0406706000003,0,23
705,-9999.0,-9999.0,-9999.0,-9999.0,-9999.0,-9999.0,-9999.0,-9999.0,-9999.0,color,orientation,size,0.22000000000000003,15.5,10,female,0,2707.0406706000003,0,23
706,-9999.0,-9999.0,-9999.0,-9999.0,-9999.0,-9999.0,-9999.0,-9999.0,-9999.0,color,orientation,size,0.22000000000000003,15.5,10,female,0,2707.0406706000003,0,23
707,-9999.0,-9999.0,-9999.0,-9999.0,-9999.0,-9999.0,-9999.0,-9999.0,-9999.0,color,orientation,size,0.22000000000000003,15.5,10,female,0,2707.0406706000003,0,23
708,-9999.0,-9999.0,-9999.0,-9999.0,-9999.0,-9999.0,-9999.0,-9999.0,-9999.0,color,orientation,size,0.22000000000000003,15.5,10,female,0,2707.0406706000003,0,23
709,-9999.0,-9999.0,-9999.0,-9999.0,-9999.0,-9999.0,-9999.0,-9999.0,-9999.0,color,orientation,size,0.22000000000000003,15.5,10,female,0,2707.0406706000003,0,23
710,-9999.0,-9999.0,-9999.0,-9999.0,-9999.0,-9999.0,-9999.0,-9999.0,-9999.0,color,orientation,size,0.22000000000000003,15.5,10,female,0,2707.0406706000003,0,23
711,-9999.0,-9999.0,-9999.0,-9999.0,-9999.0,-9999.0,-9999.0,-9999.0,-9999.0,color,orientation,size,0.22000000000000003,15.5,10,female,0,2707.0406706000003,0,23
712,-9999.0,-9999.0,-9999.0,-9999.0,-9999.0,-9999.0,-9999.0,-9999.0,-9999.0,color,orientation,size,0.22000000000000003,15.5,10,female,0,2707.0406706000003,0,23
713,-9999.0,-9999.0,-9999.0,-9999.0,-9999.0,-9999.0,-9999.0,-9999.0,-9999.0,color,orientation,size,0.22000000000000003,15.5,10,female,0,2707.0406706000003,0,23
714,-9999.0,-9999.0,-9999.0,-9999.0,-9999.0,-9999.0,-9999.0,-9999.0,-9999.0,color,orientation,size,0.22000000000000003,15.5,10,female,0,2707.0406706000003,0,23
715,-9999.0,-9999.0,-9999.0,-9999.0,-9999.0,-9999.0,-9999.0,-9999.0,-9999.0,color,orientation,size,0.22000000000000003,15.5,10,female,0,2707.0406706000003,0,23
716,-9999.0,-9999.0,-9999.0,-9999.0,-9999.0,-9999.0,-9999.0,-9999.0,-9999.0,color,orientation,size,0.22000000000000003,15.5,10,female,0,2707.0406706000003,0,23
717,-9999.0,-9999.0,-9999.0,-9999.0,-9999.0,-9999.0,-9999.0,-9999.0,-9999.0,color,orientation,size,0.22000000000000003,15.5,10,female,0,2707.0406706000003,0,23
718,-9999.0,-9999.0,-9999.0,-9999.0,-9999.0,-9999.0,-9999.0,-9999.0,-9999.0,color,orientation,size,0.22000000000000003,15.5,10,female,0,2707.0406706000003,0,23
719,-9999.0,-9999.0,-9999.0,-9999.0,-9999.0,-9999.0,-9999.0,-9999.0,-9999.0,color,orientation,size,0.22000000000000003,15.5,10,female,0,2707.0406706000003,0,23
720,-9999.0,-9999.0,-9999.0,-9999.0,-9999.0,-9999.0,-9999.0,-9999.0,-9999.0,color,orientation,size,0.22000000000000003,15.5,10,female,0,2707.0406706000003,0,23
721,-9999.0,-9999.0,-9999.0,-9999.0,-9999.0,-9999.0,-9999.0,-9999.0,-9999.0,color,orientation,size,0.22000000000000003,15.5,10,female,0,2707.0406706000003,0,23
722,-9999.0,-9999.0,-9999.0,-9999.0,-9999.0,-9999.0,-9999.0,-9999.0,-9999.0,color,orientation,size,0.22000000000000003,15.5,10,female,0,2707.0406706000003,0,23
723,-9999.0,-9999.0,-9999.0,-9999.0,-9999.0,-9999.0,-9999.0,-9999.0,-9999.0,color,orientation,size,0.22000000000000003,15.5,10,female,0,2707.0406706000003,0,23
724,-9999.0,-9999.0,-9999.0,-9999.0,-9999.0,-9999.0,-9999.0,-9999.0,-9999.0,color,orientation,size,0.22000000000000003,15.5,10,female,0,2707.0406706000003,0,23
725,-9999.0,-9999.0,-9999.0,-9999.0,-9999.0,-9999.0,-9999.0,-9999.0,-9999.0,color,orientation,size,0.22000000000000003,15.5,10,female,0,2707.0406706000003,0,23
726,-9999.0,-9999.0,-9999.0,-9999.0,-9999.0,-9999.0,-9999.0,-9999.0,-9999.0,color,orientation,size,0.22000000000000003,15.5,10,female,0,2707.0406706000003,0,23
727,-9999.0,-9999.0,-9999.0,-9999.0,-9999.0,-9999.0,-9999.0,-9999.0,-9999.0,color,orientation,size,0.22000000000000003,15.5,10,female,0,2707.0406706000003,0,23
728,-9999.0,-9999.0,-9999.0,-9999.0,-9999.0,-9999.0,-9999.0,-9999.0,-9999.0,color,orientation,size,0.22000000000000003,15.5,10,female,0,2707.0406706000003,0,23
729,-9999.0,-9999.0,-9999.0,-9999.0,-9999.0,-9999.0,-9999.0,-9999.0,-9999.0,color,orientation,size,0.22000000000000003,15.5,10,female,0,2707.0406706000003,0,23
730,-9999.0,-9999.0,-9999.0,-9999.0,-9999.0,-9999.0,-9999.0,-9999.0,-9999.0,color,orientation,size,0.22000000000000003,15.5,10,female,0,2707.0406706000003,0,23
731,-9999.0,-9999.0,-9999.0,-9999.0,-9999.0,-9999.0,-9999.0,-9999.0,-9999.0,color,orientation,size,0.22000000000000003,15.5,10,female,0,2707.0406706000003,0,23
732,-9999.0,-9999.0,-9999.0,-9999.0,-9999.0,-9999.0,-9999.0,-9999.0,-9999.0,color,orientation,size,0.22000000000000003,15.5,10,female,0,2707.0406706000003,0,23
733,-9999.0,-9999.0,-9999.0,-9999.0,-9999.0,-9999.0,-9999.0,-9999.0,-9999.0,color,orientation,size,0.22000000000000003,15.5,10,female,0,2707.0406706000003,0,23
734,-9999.0,-9999.0,-9999.0,-9999.0,-9999.0,-9999.0,-9999.0,-9999.0,-9999.0,color,orientation,size,0.22000000000000003,15.5,10,female,0,2707.0406706000003,0,23
735,-9999.0,-9999.0,-9999.0,-9999.0,-9999.0,-9999.0,-9999.0,-9999.0,-9999.0,color,orientation,size,0.22000000000000003,15.5,10,female,0,2707.0406706000003,0,23
736,-9999.0,-9999.0,-9999.0,-9999.0,-9999.0,-9999.0,-9999.0,-9999.0,-9999.0,color,orientation,size,0.22000000000000003,15.5,10,female,0,2707.0406706000003,0,23
737,-9999.0,-9999.0,-9999.0,-9999.0,-9999.0,-9999.0,-9999.0,-9999.0,-9999.0,color,orientation,size,0.22000000000000003,15.5,10,female,0,2707.0406706000003,0,23
738,-9999.0,-9999.0,-9999.0,-9999.0,-9999.0,-9999.0,-9999.0,-9999.0,-9999.0,color,orientation,size,0.22000000000000003,15.5,10,female,0,2707.0406706000003,0,23
739,-9999.0,-9999.0,-9999.0,-9999.0,-9999.0,-9999.0,-9999.0,-9999.0,-9999.0,color,orientation,size,0.22000000000000003,15.5,10,female,0,2707.0406706000003,0,23
740,-9999.0,-9999.0,-9999.0,-9999.0,-9999.0,-9999.0,-9999.0,-9999.0,-9999.0,color,orientation,size,0.22000000000000003,15.5,10,female,0,2707.0406706000003,0,23
741,-9999.0,-9999.0,-9999.0,-9999.0,-9999.0,-9999.0,-9999.0,-9999.0,-9999.0,color,orientation,size,0.22000000000000003,15.5,10,female,0,2707.0406706000003,0,23
742,-9999.0,-9999.0,-9999.0,-9999.0,-9999.0,-9999.0,-9999.0,-9999.0,-9999.0,color,orientation,size,0.22000000000000003,15.5,10,female,0,2707.0406706000003,0,23
743,-9999.0,-9999.0,-9999.0,-9999.0,-9999.0,-9999.0,-9999.0,-9999.0,-9999.0,color,orientation,size,0.22000000000000003,15.5,10,female,0,2707.0406706000003,0,23
744,-9999.0,-9999.0,-9999.0,-9999.0,-9999.0,-9999.0,-9999.0,-9999.0,-9999.0,color,orientation,size,0.22000000000000003,15.5,10,female,0,2707.0406706000003,0,23
745,-9999.0,-9999.0,-9999.0,-9999.0,-9999.0,-9999.0,-9999.0,-9999.0,-9999.0,color,orientation,size,0.22000000000000003,15.5,10,female,0,2707.0406706000003,0,23
746,-9999.0,-9999.0,-9999.0,-9999.0,-9999.0,-9999.0,-9999.0,-9999.0,-9999.0,color,orientation,size,0.22000000000000003,15.5,10,female,0,2707.0406706000003,0,23
747,-9999.0,-9999.0,-9999.0,-9999.0,-9999.0,-9999.0,-9999.0,-9999.0,-9999.0,color,orientation,size,0.22000000000000003,15.5,10,female,0,2707.0406706000003,0,23
748,-9999.0,-9999.0,-9999.0,-9999.0,-9999.0,-9999.0,-9999.0,-9999.0,-9999.0,color,orientation,size,0.22000000000000003,15.5,10,female,0,2707.0406706000003,0,23
749,-9999.0,-9999.0,-9999.0,-9999.0,-9999.0,-9999.0,-9999.0,-9999.0,-9999.0,color,orientation,size,0.22000000000000003,15.5,10,female,0,2707.0406706000003,0,23
750,-9999.0,-9999.0,-9999.0,-9999.0,-9999.0,-9999.0,-9999.0,-9999.0,-9999.0,color,orientation,size,0.22000000000000003,15.5,10,female,0,2707.0406706000003,0,23
751,-9999.0,-9999.0,-9999.0,-9999.0,-9999.0,-9999.0,-9999.0,-9999.0,-9999.0,color,orientation,size,0.22000000000000003,15.5,10,female,0,2707.0406706000003,0,23
752,-9999.0,-9999.0,-9999.0,-9999.0,-9999.0,-9999.0,-9999.0,-9999.0,-9999.0,color,orientation,size,0.22000000000000003,15.5,10,female,0,2707.0406706000003,0,23
753,-9999.0,-9999.0,-9999.0,-9999.0,-9999.0,-9999.0,-9999.0,-9999.0,-9999.0,color,orientation,size,0.22000000000000003,15.5,10,female,0,2707.0406706000003,0,23
754,-9999.0,-9999.0,-9999.0,-9999.0,-9999.0,-9999.0,-9999.0,-9999.0,-9999.0,color,orientation,size,0.22000000000000003,15.5,10,female,0,2707.0406706000003,0,23
755,-9999.0,-9999.0,-9999.0,-9999.0,-9999.0,-9999.0,-9999.0,-9999.0,-9999.0,color,orientation,size,0.22000000000000003,15.5,10,female,0,2707.0406706000003,0,23
756,-9999.0,-9999.0,-9999.0,-9999.0,-9999.0,-9999.0,-9999.0,-9999.0,-9999.0,color,orientation,size,0.22000000000000003,15.5,10,female,0,2707.0406706000003,0,23
757,-9999.0,-9999.0,-9999.0,-9999.0,-9999.0,-9999.0,-9999.0,-9999.0,-9999.0,color,orientation,size,0.22000000000000003,15.5,10,female,0,2707.0406706000003,0,23
758,-9999.0,-9999.0,-9999.0,-9999.0,-9999.0,-9999.0,-9999.0,-9999.0,-9999.0,color,orientation,size,0.22000000000000003,15.5,10,female,0,2707.0406706000003,0,23
759,-9999.0,-9999.0,-9999.0,-9999.0,-9999.0,-9999.0,-9999.0,-9999.0,-9999.0,color,orientation,size,0.22000000000000003,15.5,10,female,0,2707.0406706000003,0,23
760,-9999.0,-9999.0,-9999.0,-9999.0,-9999.0,-9999.0,-9999.0,-9999.0,-9999.0,color,orientation,size,0.22000000000000003,15.5,10,female,0,2707.0406706000003,0,23
761,-9999.0,-9999.0,-9999.0,-9999.0,-9999.0,-9999.0,-9999.0,-9999.0,-9999.0,color,orientation,size,0.22000000000000003,15.5,10,female,0,2707.0406706000003,0,23
762,-9999.0,-9999.0,-9999.0,-9999.0,-9999.0,-9999.0,-9999.0,-9999.0,-9999.0,color,orientation,size,0.22000000000000003,15.5,10,female,0,2707.0406706000003,0,23
763,-9999.0,-9999.0,-9999.0,-9999.0,-9999.0,-9999.0,-9999.0,-9999.0,-9999.0,color,orientation,size,0.22000000000000003,15.5,10,female,0,2707.0406706000003,0,23
764,-9999.0,-9999.0,-9999.0,-9999.0,-9999.0,-9999.0,-9999.0,-9999.0,-9999.0,color,orientation,size,0.22000000000000003,15.5,10,female,0,2707.0406706000003,0,23
765,-9999.0,-9999.0,-9999.0,-9999.0,-9999.0,-9999.0,-9999.0,-9999.0,-9999.0,color,orientation,size,0.22000000000000003,15.5,10,female,0,2707.0406706000003,0,23
766,-9999.0,-9999.0,-9999.0,-9999.0,-9999.0,-9999.0,-9999.0,-9999.0,-9999.0,color,orientation,size,0.22000000000000003,15.5,10,female,0,2707.0406706000003,0,23
767,-9999.0,-9999.0,-9999.0,-9999.0,-9999.0,-9999.0,-9999.0,-9999.0,-9999.0,color,orientation,size,0.22000000000000003,15.5,10,female,0,2707.0406706000003,0,23
768,-9999.0,-9999.0,-9999.0,-9999.0,-9999.0,-9999.0,-9999.0,-9999.0,-9999.0,color,orientation,size,0.22000000000000003,15.5,10,female,0,2707.0406706000003,0,23
769,-9999.0,-9999.0,-9999.0,-9999.0,-9999.0,-9999.0,-9999.0,-9999.0,-9999.0,color,orientation,size,0.22000000000000003,15.5,10,female,0,2707.0406706000003,0,23
770,-9999.0,-9999.0,-9999.0,-9999.0,-9999.0,-9999.0,-9999.0,-9999.0,-9999.0,color,orientation,size,0.22000000000000003,15.5,10,female,0,2707.0406706000003,0,23
771,-9999.0,-9999.0,-9999.0,-9999.0,-9999.0,-9999.0,-9999.0,-9999.0,-9999.0,color,orientation,size,0.22000000000000003,15.5,10,female,0,2707.0406706000003,0,23
772,-9999.0,-9999.0,-9999.0,-9999.0,-9999.0,-9999.0,-9999.0,-9999.0,-9999.0,color,orientation,size,0.22000000000000003,15.5,10,female,0,2707.0406706000003,0,23
773,-9999.0,-9999.0,-9999.0,-9999.0,-9999.0,-9999.0,-9999.0,-9999.0,-9999.0,color,orientation,size,0.22000000000000003,15.5,10,female,0,2707.0406706000003,0,23
774,-9999.0,-9999.0,-9999.0,-9999.0,-9999.0,-9999.0,-9999.0,-9999.0,-9999.0,color,orientation,size,0.22000000000000003,15.5,10,female,0,2707.0406706000003,0,23
775,-9999.0,-9999.0,-9999.0,-9999.0,-9999.0,-9999.0,-9999.0,-9999.0,-9999.0,color,orientation,size,0.22000000000000003,15.5,10,female,0,2707.0406706000003,0,23
776,-9999.0,-9999.0,-9999.0,-9999.0,-9999.0,-9999.0,-9999.0,-9999.0,-9999.0,color,orientation,size,0.22000000000000003,15.5,10,female,0,2707.0406706000003,0,23
777,-9999.0,-9999.0,-9999.0,-9999.0,-9999.0,-9999.0,-9999.0,-9999.0,-9999.0,color,orientation,size,0.22000000000000003,15.5,10,female,0,2707.0406706000003,0,23
778,-9999.0,-9999.0,-9999.0,-9999.0,-9999.0,-9999.0,-9999.0,-9999.0,-9999.0,color,orientation,size,0.22000000000000003,15.5,10,female,0,2707.0406706000003,0,23
779,-9999.0,-9999.0,-9999.0,-9999.0,-9999.0,-9999.0,-9999.0,-9999.0,-9999.0,color,orientation,size,0.22000000000000003,15.5,10,female,0,2707.0406706000003,0,23
780,-9999.0,-9999.0,-9999.0,-9999.0,-9999.0,-9999.0,-9999.0,-9999.0,-9999.0,color,orientation,size,0.22000000000000003,15.5,10,female,0,2707.0406706000003,0,23
781,-9999.0,-9999.0,-9999.0,-9999.0,-9999.0,-9999.0,-9999.0,-9999.0,-9999.0,color,orientation,size,0.22000000000000003,15.5,10,female,0,2707.0406706000003,0,23
782,-9999.0,-9999.0,-9999.0,-9999.0,-9999.0,-9999.0,-9999.0,-9999.0,-9999.0,color,orientation,size,0.22000000000000003,15.5,10,female,0,2707.0406706000003,0,23
783,-9999.0,-9999.0,-9999.0,-9999.0,-9999.0,-9999.0,-9999.0,-9999.0,-9999.0,color,orientation,size,0.22000000000000003,15.5,10,female,0,2707.0406706000003,0,23
784,-9999.0,-9999.0,-9999.0,-9999.0,-9999.0,-9999.0,-9999.0,-9999.0,-9999.0,color,orientation,size,0.22000000000000003,15.5,10,female,0,2707.0406706000003,0,23
785,-9999.0,-9999.0,-9999.0,-9999.0,-9999.0,-9999.0,-9999.0,-9999.0,-9999.0,color,orientation,size,0.22000000000000003,15.5,10,female,0,2707.0406706000003,0,23
786,-9999.0,-9999.0,-9999.0,-9999.0,-9999.0,-9999.0,-9999.0,-9999.0,-9999.0,color,orientation,size,0.22000000000000003,15.5,10,female,0,2707.0406706000003,0,23
787,-9999.0,-9999.0,-9999.0,-9999.0,-9999.0,-9999.0,-9999.0,-9999.0,-9999.0,color,orientation,size,0.22000000000000003,15.5,10,female,0,2707.0406706000003,0,23
788,-9999.0,-9999.0,-9999.0,-9999.0,-9999.0,-9999.0,-9999.0,-9999.0,-9999.0,color,orientation,size,0.22000000000000003,15.5,10,female,0,2707.0406706000003,0,23
789,-9999.0,-9999.0,-9999.0,-9999.0,-9999.0,-9999.0,-9999.0,-9999.0,-9999.0,color,orientation,size,0.22000000000000003,15.5,10,female,0,2707.0406706000003,0,23
790,-9999.0,-9999.0,-9999.0,-9999.0,-9999.0,-9999.0,-9999.0,-9999.0,-9999.0,color,orientation,size,0.22000000000000003,15.5,10,female,0,2707.0406706000003,0,23
791,-9999.0,-9999.0,-9999.0,-9999.0,-9999.0,-9999.0,-9999.0,-9999.0,-9999.0,color,orientation,size,0.22000000000000003,15.5,10,female,0,2707.0406706000003,0,23
792,-9999.0,-9999.0,-9999.0,-9999.0,-9999.0,-9999.0,-9999.0,-9999.0,-9999.0,color,orientation,size,0.22000000000000003,15.5,10,female,0,2707.0406706000003,0,23
793,-9999.0,-9999.0,-9999.0,-9999.0,-9999.0,-9999.0,-9999.0,-9999.0,-9999.0,color,orientation,size,0.22000000000000003,15.5,10,female,0,2707.0406706000003,0,23
794,-9999.0,-9999.0,-9999.0,-9999.0,-9999.0,-9999.0,-9999.0,-9999.0,-9999.0,color,orientation,size,0.22000000000000003,15.5,10,female,0,2707.0406706000003,0,23
795,-9999.0,-9999.0,-9999.0,-9999.0,-9999.0,-9999.0,-9999.0,-9999.0,-9999.0,color,orientation,size,0.22000000000000003,15.5,10,female,0,2707.0406706000003,0,23
796,-9999.0,-9999.0,-9999.0,-9999.0,-9999.0,-9999.0,-9999.0,-9999.0,-9999.0,color,orientation,size,0.22000000000000003,15.5,10,female,0,2707.0406706000003,0,23
797,-9999.0,-9999.0,-9999.0,-9999.0,-9999.0,-9999.0,-9999.0,-9999.0,-9999.0,color,orientation,size,0.22000000000000003,15.5,10,female,0,2707.0406706000003,0,23
798,-9999.0,-9999.0,-9999.0,-9999.0,-9999.0,-9999.0,-9999.0,-9999.0,-9999.0,color,orientation,size,0.22000000000000003,15.5,10,female,0,2707.0406706000003,0,23
799,-9999.0,-9999.0,-9999.0,-9999.0,-9999.0,-9999.0,-9999.0,-9999.0,-9999.0,color,orientation,size,0.22000000000000003,15.5,10,female,0,2707.0406706000003,0,23
800,-9999.0,-9999.0,-9999.0,-9999.0,-9999.0,-9999.0,-9999.0,-9999.0,-9999.0,color,orientation,size,0.22000000000000003,15.5,10,female,0,2707.0406706000003,0,23
801,-9999.0,-9999.0,-9999.0,-9999.0,-9999.0,-9999.0,-9999.0,-9999.0,-9999.0,color,orientation,size,0.22000000000000003,15.5,10,female,0,2707.0406706000003,0,23
802,-9999.0,-9999.0,-9999.0,-9999.0,-9999.0,-9999.0,-9999.0,-9999.0,-9999.0,color,orientation,size,0.22000000000000003,15.5,10,female,0,2707.0406706000003,0,23
803,-9999.0,-9999.0,-9999.0,-9999.0,-9999.0,-9999.0,-9999.0,-9999.0,-9999.0,color,orientation,size,0.22000000000000003,15.5,10,female,0,2707.0406706000003,0,23
804,-9999.0,-9999.0,-9999.0,-9999.0,-9999.0,-9999.0,-9999.0,-9999.0,-9999.0,color,orientation,size,0.22000000000000003,15.5,10,female,0,2707.0406706000003,0,23
805,-9999.0,-9999.0,-9999.0,-9999.0,-9999.0,-9999.0,-9999.0,-9999.0,-9999.0,color,orientation,size,0.22000000000000003,15.5,10,female,0,2707.0406706000003,0,23
806,-9999.0,-9999.0,-9999.0,-9999.0,-9999.0,-9999.0,-9999.0,-9999.0,-9999.0,color,orientation,size,0.22000000000000003,15.5,10,female,0,2707.0406706000003,0,23
807,-9999.0,-9999.0,-9999.0,-9999.0,-9999.0,-9999.0,-9999.0,-9999.0,-9999.0,color,orientation,size,0.22000000000000003,15.5,10,female,0,2707.0406706000003,0,23
808,-9999.0,-9999.0,-9999.0,-9999.0,-9999.0,-9999.0,-9999.0,-9999.0,-9999.0,color,orientation,size,0.22000000000000003,15.5,10,female,0,2707.0406706000003,0,23
809,-9999.0,-9999.0,-9999.0,-9999.0,-9999.0,-9999.0,-9999.0,-9999.0,-9999.0,color,orientation,size,0.22000000000000003,15.5,10,female,0,2707.0406706000003,0,23
810,-9999.0,-9999.0,-9999.0,-9999.0,-9999.0,-9999.0,-9999.0,-9999.0,-9999.0,color,orientation,size,0.22000000000000003,15.5,10,female,0,2707.0406706000003,0,23
811,-9999.0,-9999.0,-9999.0,-9999.0,-9999.0,-9999.0,-9999.0,-9999.0,-9999.0,color,orientation,size,0.22000000000000003,15.5,10,female,0,2707.0406706000003,0,23
812,-9999.0,-9999.0,-9999.0,-9999.0,-9999.0,-9999.0,-9999.0,-9999.0,-9999.0,color,orientation,size,0.22000000000000003,15.5,10,female,0,2707.0406706000003,0,23
813,-9999.0,-9999.0,-9999.0,-9999.0,-9999.0,-9999.0,-9999.0,-9999.0,-9999.0,color,orientation,size,0.22000000000000003,15.5,10,female,0,2707.0406706000003,0,23
814,-9999.0,-9999.0,-9999.0,-9999.0,-9999.0,-9999.0,-9999.0,-9999.0,-9999.0,color,orientation,size,0.22000000000000003,15.5,10,female,0,2707.0406706000003,0,23
815,-9999.0,-9999.0,-9999.0,-9999.0,-9999.0,-9999.0,-9999.0,-9999.0,-9999.0,color,orientation,size,0.22000000000000003,15.5,10,female,0,2707.0406706000003,0,23
816,-9999.0,-9999.0,-9999.0,-9999.0,-9999.0,-9999.0,-9999.0,-9999.0,-9999.0,color,orientation,size,0.22000000000000003,15.5,10,female,0,2707.0406706000003,0,23
817,-9999.0,-9999.0,-9999.0,-9999.0,-9999.0,-9999.0,-9999.0,-9999.0,-9999.0,color,orientation,size,0.22000000000000003,15.5,10,female,0,2707.0406706000003,0,23
818,-9999.0,-9999.0,-9999.0,-9999.0,-9999.0,-9999.0,-9999.0,-9999.0,-9999.0,color,orientation,size,0.22000000000000003,15.5,10,female,0,2707.0406706000003,0,23
819,-9999.0,-9999.0,-9999.0,-9999.0,-9999.0,-9999.0,-9999.0,-9999.0,-9999.0,color,orientation,size,0.22000000000000003,15.5,10,female,0,2707.0406706000003,0,23
820,-9999.0,-9999.0,-9999.0,-9999.0,-9999.0,-9999.0,-9999.0,-9999.0,-9999.0,color,orientation,size,0.22000000000000003,15.5,10,female,0,2707.0406706000003,0,23
821,-9999.0,-9999.0,-9999.0,-9999.0,-9999.0,-9999.0,-9999.0,-9999.0,-9999.0,color,orientation,size,0.22000000000000003,15.5,10,female,0,2707.0406706000003,0,23
822,-9999.0,-9999.0,-9999.0,-9999.0,-9999.0,-9999.0,-9999.0,-9999.0,-9999.0,color,orientation,size,0.22000000000000003,15.5,10,female,0,2707.0406706000003,0,23
823,-9999.0,-9999.0,-9999.0,-9999.0,-9999.0,-9999.0,-9999.0,-9999.0,-9999.0,color,orientation,size,0.22000000000000003,15.5,10,female,0,2707.0406706000003,0,23
824,-9999.0,-9999.0,-9999.0,-9999.0,-9999.0,-9999.0,-9999.0,-9999.0,-9999.0,color,orientation,size,0.22000000000000003,15.5,10,female,0,2707.0406706000003,0,23
825,-9999.0,-9999.0,-9999.0,-9999.0,-9999.0,-9999.0,-9999.0,-9999.0,-9999.0,color,orientation,size,0.22000000000000003,15.5,10,female,0,2707.0406706000003,0,23
826,-9999.0,-9999.0,-9999.0,-9999.0,-9999.0,-9999.0,-9999.0,-9999.0,-9999.0,color,orientation,size,0.22000000000000003,15.5,10,female,0,2707.0406706000003,0,23
827,-9999.0,-9999.0,-9999.0,-9999.0,-9999.0,-9999.0,-9999.0,-9999.0,-9999.0,color,orientation,size,0.22000000000000003,15.5,10,female,0,2707.0406706000003,0,23
828,-9999.0,-9999.0,-9999.0,-9999.0,-9999.0,-9999.0,-9999.0,-9999.0,-9999.0,color,orientation,size,0.22000000000000003,15.5,10,female,0,2707.0406706000003,0,23
829,-9999.0,-9999.0,-9999.0,-9999.0,-9999.0,-9999.0,-9999.0,-9999.0,-9999.0,color,orientation,size,0.22000000000000003,15.5,10,female,0,2707.0406706000003,0,23
830,-9999.0,-9999.0,-9999.0,-9999.0,-9999.0,-9999.0,-9999.0,-9999.0,-9999.0,color,orientation,size,0.22000000000000003,15.5,10,female,0,2707.0406706000003,0,23
831,-9999.0,-9999.0,-9999.0,-9999.0,-9999.0,-9999.0,-9999.0,-9999.0,-9999.0,color,orientation,size,0.22000000000000003,15.5,10,female,0,2707.0406706000003,0,23
832,-9999.0,-9999.0,-9999.0,-9999.0,-9999.0,-9999.0,-9999.0,-9999.0,-9999.0,color,orientation,size,0.22000000000000003,15.5,10,female,0,2707.0406706000003,0,23
833,-9999.0,-9999.0,-9999.0,-9999.0,-9999.0,-9999.0,-9999.0,-9999.0,-9999.0,color,orientation,size,0.22000000000000003,15.5,10,female,0,2707.0406706000003,0,23
834,-9999.0,-9999.0,-9999.0,-9999.0,-9999.0,-9999.0,-9999.0,-9999.0,-9999.0,color,orientation,size,0.22000000000000003,15.5,10,female,0,2707.0406706000003,0,23
835,-9999.0,-9999.0,-9999.0,-9999.0,-9999.0,-9999.0,-9999.0,-9999.0,-9999.0,color,orientation,size,0.22000000000000003,15.5,10,female,0,2707.0406706000003,0,23
836,-9999.0,-9999.0,-9999.0,-9999.0,-9999.0,-9999.0,-9999.0,-9999.0,-9999.0,color,orientation,size,0.22000000000000003,15.5,10,female,0,2707.0406706000003,0,23
837,-9999.0,-9999.0,-9999.0,-9999.0,-9999.0,-9999.0,-9999.0,-9999.0,-9999.0,color,orientation,size,0.22000000000000003,15.5,10,female,0,2707.0406706000003,0,23
838,-9999.0,-9999.0,-9999.0,-9999.0,-9999.0,-9999.0,-9999.0,-9999.0,-9999.0,color,orientation,size,0.22000000000000003,15.5,10,female,0,2707.0406706000003,0,23
839,-9999.0,-9999.0,-9999.0,-9999.0,-9999.0,-9999.0,-9999.0,-9999.0,-9999.0,color,orientation,size,0.22000000000000003,15.5,10,female,0,2707.0406706000003,0,23
840,-9999.0,-9999.0,-9999.0,-9999.0,-9999.0,-9999.0,-9999.0,-9999.0,-9999.0,color,orientation,size,0.22000000000000003,15.5,10,female,0,2707.0406706000003,0,23
841,-9999.0,-9999.0,-9999.0,-9999.0,-9999.0,-9999.0,-9999.0,-9999.0,-9999.0,color,orientation,size,0.22000000000000003,15.5,10,female,0,2707.0406706000003,0,23
842,-9999.0,-9999.0,-9999.0,-9999.0,-9999.0,-9999.0,-9999.0,-9999.0,-9999.0,color,orientation,size,0.22000000000000003,15.5,10,female,0,2707.0406706000003,0,23
843,-9999.0,-9999.0,-9999.0,-9999.0,-9999.0,-9999.0,-9999.0,-9999.0,-9999.0,color,orientation,size,0.22000000000000003,15.5,10,female,0,2707.0406706000003,0,23
844,-9999.0,-9999.0,-9999.0,-9999.0,-9999.0,-9999.0,-9999.0,-9999.0,-9999.0,color,orientation,size,0.22000000000000003,15.5,10,female,0,2707.0406706000003,0,23
845,-9999.0,-9999.0,-9999.0,-9999.0,-9999.0,-9999.0,-9999.0,-9999.0,-9999.0,color,orientation,size,0.22000000000000003,15.5,10,female,0,2707.0406706000003,0,23
846,-9999.0,-9999.0,-9999.0,-9999.0,-9999.0,-9999.0,-9999.0,-9999.0,-9999.0,color,orientation,size,0.22000000000000003,15.5,10,female,0,2707.0406706000003,0,23
847,-9999.0,-9999.0,-9999.0,-9999.0,-9999.0,-9999.0,-9999.0,-9999.0,-9999.0,color,orientation,size,0.22000000000000003,15.5,10,female,0,2707.0406706000003,0,23
848,-9999.0,-9999.0,-9999.0,-9999.0,-9999.0,-9999.0,-9999.0,-9999.0,-9999.0,color,orientation,size,0.22000000000000003,15.5,10,female,0,2707.0406706000003,0,23
849,-9999.0,-9999.0,-9999.0,-9999.0,-9999.0,-9999.0,-9999.0,-9999.0,-9999.0,color,orientation,size,0.22000000000000003,15.5,10,female,0,2707.0406706000003,0,23
850,-9999.0,-9999.0,-9999.0,-9999.0,-9999.0,-9999.0,-9999.0,-9999.0,-9999.0,color,orientation,size,0.22000000000000003,15.5,10,female,0,2707.0406706000003,0,23
851,-9999.0,-9999.0,-9999.0,-9999.0,-9999.0,-9999.0,-9999.0,-9999.0,-9999.0,color,orientation,size,0.22000000000000003,15.5,10,female,0,2707.0406706000003,0,23
852,-9999.0,-9999.0,-9999.0,-9999.0,-9999.0,-9999.0,-9999.0,-9999.0,-9999.0,color,orientation,size,0.22000000000000003,15.5,10,female,0,2707.0406706000003,0,23
853,-9999.0,-9999.0,-9999.0,-9999.0,-9999.0,-9999.0,-9999.0,-9999.0,-9999.0,color,orientation,size,0.22000000000000003,15.5,10,female,0,2707.0406706000003,0,23
854,-9999.0,-9999.0,-9999.0,-9999.0,-9999.0,-9999.0,-9999.0,-9999.0,-9999.0,color,orientation,size,0.22000000000000003,15.5,10,female,0,2707.0406706000003,0,23
855,-9999.0,-9999.0,-9999.0,-9999.0,-9999.0,-9999.0,-9999.0,-9999.0,-9999.0,color,orientation,size,0.22000000000000003,15.5,10,female,0,2707.0406706000003,0,23
856,-9999.0,-9999.0,-9999.0,-9999.0,-9999.0,-9999.0,-9999.0,-9999.0,-9999.0,color,orientation,size,0.22000000000000003,15.5,10,female,0,2707.0406706000003,0,23
857,-9999.0,-9999.0,-9999.0,-9999.0,-9999.0,-9999.0,-9999.0,-9999.0,-9999.0,color,orientation,size,0.22000000000000003,15.5,10,female,0,2707.0406706000003,0,23
858,-9999.0,-9999.0,-9999.0,-9999.0,-9999.0,-9999.0,-9999.0,-9999.0,-9999.0,color,orientation,size,0.22000000000000003,15.5,10,female,0,2707.0406706000003,0,23
859,-9999.0,-9999.0,-9999.0,-9999.0,-9999.0,-9999.0,-9999.0,-9999.0,-9999.0,color,orientation,size,0.22000000000000003,15.5,10,female,0,2707.0406706000003,0,23
860,-9999.0,-9999.0,-9999.0,-9999.0,-9999.0,-9999.0,-9999.0,-9999.0,-9999.0,color,orientation,size,0.22000000000000003,15.5,10,female,0,2707.0406706000003,0,23
861,-9999.0,-9999.0,-9999.0,-9999.0,-9999.0,-9999.0,-9999.0,-9999.0,-9999.0,color,orientation,size,0.22000000000000003,15.5,10,female,0,2707.0406706000003,0,23
862,-9999.0,-9999.0,-9999.0,-9999.0,-9999.0,-9999.0,-9999.0,-9999.0,-9999.0,color,orientation,size,0.22000000000000003,15.5,10,female,0,2707.0406706000003,0,23
863,-9999.0,-9999.0,-9999.0,-9999.0,-9999.0,-9999.0,-9999.0,-9999.0,-9999.0,color,orientation,size,0.22000000000000003,15.5,10,female,0,2707.0406706000003,0,23
864,-9999.0,-9999.0,-9999.0,-9999.0,-9999.0,-9999.0,-9999.0,-9999.0,-9999.0,color,orientation,size,0.22000000000000003,15.5,10,female,0,2707.0406706000003,0,23
865,-9999.0,-9999.0,-9999.0,-9999.0,-9999.0,-9999.0,-9999.0,-9999.0,-9999.0,color,orientation,size,0.22000000000000003,15.5,10,female,0,2707.0406706000003,0,23
866,-9999.0,-9999.0,-9999.0,-9999.0,-9999.0,-9999.0,-9999.0,-9999.0,-9999.0,color,orientation,size,0.22000000000000003,15.5,10,female,0,2707.0406706000003,0,23
867,-9999.0,-9999.0,-9999.0,-9999.0,-9999.0,-9999.0,-9999.0,-9999.0,-9999.0,color,orientation,size,0.22000000000000003,15.5,10,female,0,2707.0406706000003,0,23
868,-9999.0,-9999.0,-9999.0,-9999.0,-9999.0,-9999.0,-9999.0,-9999.0,-9999.0,color,orientation,size,0.22000000000000003,15.5,10,female,0,2707.0406706000003,0,23
869,-9999.0,-9999.0,-9999.0,-9999.0,-9999.0,-9999.0,-9999.0,-9999.0,-9999.0,color,orientation,size,0.22000000000000003,15.5,10,female,0,2707.0406706000003,0,23
870,-9999.0,-9999.0,-9999.0,-9999.0,-9999.0,-9999.0,-9999.0,-9999.0,-9999.0,color,orientation,size,0.22000000000000003,15.5,10,female,0,2707.0406706000003,0,23
871,-9999.0,-9999.0,-9999.0,-9999.0,-9999.0,-9999.0,-9999.0,-9999.0,-9999.0,color,orientation,size,0.22000000000000003,15.5,10,female,0,2707.0406706000003,0,23
872,-9999.0,-9999.0,-9999.0,-9999.0,-9999.0,-9999.0,-9999.0,-9999.0,-9999.0,color,orientation,size,0.22000000000000003,15.5,10,female,0,2707.0406706000003,0,23
873,-9999.0,-9999.0,-9999.0,-9999.0,-9999.0,-9999.0,-9999.0,-9999.0,-9999.0,color,orientation,size,0.22000000000000003,15.5,10,female,0,2707.0406706000003,0,23
874,-9999.0,-9999.0,-9999.0,-9999.0,-9999.0,-9999.0,-9999.0,-9999.0,-9999.0,color,orientation,size,0.22000000000000003,15.5,10,female,0,2707.0406706000003,0,23
875,-9999.0,-9999.0,-9999.0,-9999.0,-9999.0,-9999.0,-9999.0,-9999.0,-9999.0,color,orientation,size,0.22000000000000003,15.5,10,female,0,2707.0406706000003,0,23
876,-9999.0,-9999.0,-9999.0,-9999.0,-9999.0,-9999.0,-9999.0,-9999.0,-9999.0,color,orientation,size,0.22000000000000003,15.5,10,female,0,2707.0406706000003,0,23
877,-9999.0,-9999.0,-9999.0,-9999.0,-9999.0,-9999.0,-9999.0,-9999.0,-9999.0,color,orientation,size,0.22000000000000003,15.5,10,female,0,2707.0406706000003,0,23
878,-9999.0,-9999.0,-9999.0,-9999.0,-9999.0,-9999.0,-9999.0,-9999.0,-9999.0,color,orientation,size,0.22000000000000003,15.5,10,female,0,2707.0406706000003,0,23
879,-9999.0,-9999.0,-9999.0,-9999.0,-9999.0,-9999.0,-9999.0,-9999.0,-9999.0,color,orientation,size,0.22000000000000003,15.5,10,female,0,2707.0406706000003,0,23
880,-9999.0,-9999.0,-9999.0,-9999.0,-9999.0,-9999.0,-9999.0,-9999.0,-9999.0,color,orientation,size,0.22000000000000003,15.5,10,female,0,2707.0406706000003,0,23
881,-9999.0,-9999.0,-9999.0,-9999.0,-9999.0,-9999.0,-9999.0,-9999.0,-9999.0,color,orientation,size,0.22000000000000003,15.5,10,female,0,2707.0406706000003,0,23
882,-9999.0,-9999.0,-9999.0,-9999.0,-9999.0,-9999.0,-9999.0,-9999.0,-9999.0,color,orientation,size,0.22000000000000003,15.5,10,female,0,2707.0406706000003,0,23
883,-9999.0,-9999.0,-9999.0,-9999.0,-9999.0,-9999.0,-9999.0,-9999.0,-9999.0,color,orientation,size,0.22000000000000003,15.5,10,female,0,2707.0406706000003,0,23
884,-9999.0,-9999.0,-9999.0,-9999.0,-9999.0,-9999.0,-9999.0,-9999.0,-9999.0,color,orientation,size,0.22000000000000003,15.5,10,female,0,2707.0406706000003,0,23
885,-9999.0,-9999.0,-9999.0,-9999.0,-9999.0,-9999.0,-9999.0,-9999.0,-9999.0,color,orientation,size,0.22000000000000003,15.5,10,female,0,2707.0406706000003,0,23
886,-9999.0,-9999.0,-9999.0,-9999.0,-9999.0,-9999.0,-9999.0,-9999.0,-9999.0,color,orientation,size,0.22000000000000003,15.5,10,female,0,2707.0406706000003,0,23
887,-9999.0,-9999.0,-9999.0,-9999.0,-9999.0,-9999.0,-9999.0,-9999.0,-9999.0,color,orientation,size,0.22000000000000003,15.5,10,female,0,2707.0406706000003,0,23
888,-9999.0,-9999.0,-9999.0,-9999.0,-9999.0,-9999.0,-9999.0,-9999.0,-9999.0,color,orientation,size,0.22000000000000003,15.5,10,female,0,2707.0406706000003,0,23
889,-9999.0,-9999.0,-9999.0,-9999.0,-9999.0,-9999.0,-9999.0,-9999.0,-9999.0,color,orientation,size,0.22000000000000003,15.5,10,female,0,2707.0406706000003,0,23
890,-9999.0,-9999.0,-9999.0,-9999.0,-9999.0,-9999.0,-9999.0,-9999.0,-9999.0,color,orientation,size,0.22000000000000003,15.5,10,female,0,2707.0406706000003,0,23
891,-9999.0,-9999.0,-9999.0,-9999.0,-9999.0,-9999.0,-9999.0,-9999.0,-9999.0,color,orientation,size,0.22000000000000003,15.5,10,female,0,2707.0406706000003,0,23
892,-9999.0,-9999.0,-9999.0,-9999.0,-9999.0,-9999.0,-9999.0,-9999.0,-9999.0,color,orientation,size,0.22000000000000003,15.5,10,female,0,2707.0406706000003,0,23
893,-9999.0,-9999.0,-9999.0,-9999.0,-9999.0,-9999.0,-9999.0,-9999.0,-9999.0,color,orientation,size,0.22000000000000003,15.5,10,female,0,2707.0406706000003,0,23
894,-9999.0,-9999.0,-9999.0,-9999.0,-9999.0,-9999.0,-9999.0,-9999.0,-9999.0,color,orientation,size,0.22000000000000003,15.5,10,female,0,2707.0406706000003,0,23
895,-9999.0,-9999.0,-9999.0,-9999.0,-9999.0,-9999.0,-9999.0,-9999.0,-9999.0,color,orientation,size,0.22000000000000003,15.5,10,female,0,2707.0406706000003,0,23
896,-9999.0,-9999.0,-9999.0,-9999.0,-9999.0,-9999.0,-9999.0,-9999.0,-9999.0,color,orientation,size,0.22000000000000003,15.5,10,female,0,2707.0406706000003,0,23
897,-9999.0,-9999.0,-9999.0,-9999.0,-9999.0,-9999.0,-9999.0,-9999.0,-9999.0,color,orientation,size,0.22000000000000003,15.5,10,female,0,2707.0406706000003,0,23
898,-9999.0,-9999.0,-9999.0,-9999.0,-9999.0,-9999.0,-9999.0,-9999.0,-9999.0,color,orientation,size,0.22000000000000003,15.5,10,female,0,2707.0406706000003,0,23
899,-9999.0,-9999.0,-9999.0,-9999.0,-9999.0,-9999.0,-9999.0,-9999.0,-9999.0,color,orientation,size,0.22000000000000003,15.5,10,female,0,2707.0406706000003,0,23
900,-9999.0,-9999.0,-9999.0,-9999.0,-9999.0,-9999.0,-9999.0,-9999.0,-9999.0,color,orientation,size,0.22000000000000003,15.5,10,female,0,2707.0406706000003,0,23
901,-9999.0,-9999.0,-9999.0,-9999.0,-9999.0,-9999.0,-9999.0,-9999.0,-9999.0,color,orientation,size,0.22000000000000003,15.5,10,female,0,2707.0406706000003,0,23
902,-9999.0,-9999.0,-9999.0,-9999.0,-9999.0,-9999.0,-9999.0,-9999.0,-9999.0,color,orientation,size,0.22000000000000003,15.5,10,female,0,2707.0406706000003,0,23
903,-9999.0,-9999.0,-9999.0,-9999.0,-9999.0,-9999.0,-9999.0,-9999.0,-9999.0,color,orientation,size,0.22000000000000003,15.5,10,female,0,2707.0406706000003,0,23
904,-9999.0,-9999.0,-9999.0,-9999.0,-9999.0,-9999.0,-9999.0,-9999.0,-9999.0,color,orientation,size,0.22000000000000003,15.5,10,female,0,2707.0406706000003,0,23
905,-9999.0,-9999.0,-9999.0,-9999.0,-9999.0,-9999.0,-9999.0,-9999.0,-9999.0,color,orientation,size,0.22000000000000003,15.5,10,female,0,2707.0406706000003,0,23
906,-9999.0,-9999.0,-9999.0,-9999.0,-9999.0,-9999.0,-9999.0,-9999.0,-9999.0,color,orientation,size,0.22000000000000003,15.5,10,female,0,2707.0406706000003,0,23
907,-9999.0,-9999.0,-9999.0,-9999.0,-9999.0,-9999.0,-9999.0,-9999.0,-9999.0,color,orientation,size,0.22000000000000003,15.5,10,female,0,2707.0406706000003,0,23
908,-9999.0,-9999.0,-9999.0,-9999.0,-9999.0,-9999.0,-9999.0,-9999.0,-9999.0,color,orientation,size,0.22000000000000003,15.5,10,female,0,2707.0406706000003,0,23
909,-9999.0,-9999.0,-9999.0,-9999.0,-9999.0,-9999.0,-9999.0,-9999.0,-9999.0,color,orientation,size,0.22000000000000003,15.5,10,female,0,2707.0406706000003,0,23
910,-9999.0,-9999.0,-9999.0,-9999.0,-9999.0,-9999.0,-9999.0,-9999.0,-9999.0,color,orientation,size,0.22000000000000003,15.5,10,female,0,2707.0406706000003,0,23
911,-9999.0,-9999.0,-9999.0,-9999.0,-9999.0,-9999.0,-9999.0,-9999.0,-9999.0,color,orientation,size,0.22000000000000003,15.5,10,female,0,2707.0406706000003,0,23
912,-9999.0,-9999.0,-9999.0,-9999.0,-9999.0,-9999.0,-9999.0,-9999.0,-9999.0,color,orientation,size,0.22000000000000003,15.5,10,female,0,2707.0406706000003,0,23
913,-9999.0,-9999.0,-9999.0,-9999.0,-9999.0,-9999.0,-9999.0,-9999.0,-9999.0,color,orientation,size,0.22000000000000003,15.5,10,female,0,2707.0406706000003,0,23
914,-9999.0,-9999.0,-9999.0,-9999.0,-9999.0,-9999.0,-9999.0,-9999.0,-9999.0,color,orientation,size,0.22000000000000003,15.5,10,female,0,2707.0406706000003,0,23
915,-9999.0,-9999.0,-9999.0,-9999.0,-9999.0,-9999.0,-9999.0,-9999.0,-9999.0,color,orientation,size,0.22000000000000003,15.5,10,female,0,2707.0406706000003,0,23
916,-9999.0,-9999.0,-9999.0,-9999.0,-9999.0,-9999.0,-9999.0,-9999.0,-9999.0,color,orientation,size,0.22000000000000003,15.5,10,female,0,2707.0406706000003,0,23
917,-9999.0,-9999.0,-9999.0,-9999.0,-9999.0,-9999.0,-9999.0,-9999.0,-9999.0,color,orientation,size,0.22000000000000003,15.5,10,female,0,2707.0406706000003,0,23
918,-9999.0,-9999.0,-9999.0,-9999.0,-9999.0,-9999.0,-9999.0,-9999.0,-9999.0,color,orientation,size,0.22000000000000003,15.5,10,female,0,2707.0406706000003,0,23
919,-9999.0,-9999.0,-9999.0,-9999.0,-9999.0,-9999.0,-9999.0,-9999.0,-9999.0,color,orientation,size,0.22000000000000003,15.5,10,female,0,2707.0406706000003,0,23
920,-9999.0,-9999.0,-9999.0,-9999.0,-9999.0,-9999.0,-9999.0,-9999.0,-9999.0,color,orientation,size,0.22000000000000003,15.5,10,female,0,2707.0406706000003,0,23
921,-9999.0,-9999.0,-9999.0,-9999.0,-9999.0,-9999.0,-9999.0,-9999.0,-9999.0,color,orientation,size,0.22000000000000003,15.5,10,female,0,2707.0406706000003,0,23
922,-9999.0,-9999.0,-9999.0,-9999.0,-9999.0,-9999.0,-9999.0,-9999.0,-9999.0,color,orientation,size,0.22000000000000003,15.5,10,female,0,2707.0406706000003,0,23
923,-9999.0,-9999.0,-9999.0,-9999.0,-9999.0,-9999.0,-9999.0,-9999.0,-9999.0,color,orientation,size,0.22000000000000003,15.5,10,female,0,2707.0406706000003,0,23
924,-9999.0,-9999.0,-9999.0,-9999.0,-9999.0,-9999.0,-9999.0,-9999.0,-9999.0,color,orientation,size,0.22000000000000003,15.5,10,female,0,2707.0406706000003,0,23
925,-9999.0,-9999.0,-9999.0,-9999.0,-9999.0,-9999.0,-9999.0,-9999.0,-9999.0,color,orientation,size,0.22000000000000003,15.5,10,female,0,2707.0406706000003,0,23
926,-9999.0,-9999.0,-9999.0,-9999.0,-9999.0,-9999.0,-9999.0,-9999.0,-9999.0,color,orientation,size,0.22000000000000003,15.5,10,female,0,2707.0406706000003,0,23
927,-9999.0,-9999.0,-9999.0,-9999.0,-9999.0,-9999.0,-9999.0,-9999.0,-9999.0,color,orientation,size,0.22000000000000003,15.5,10,female,0,2707.0406706000003,0,23
928,-9999.0,-9999.0,-9999.0,-9999.0,-9999.0,-9999.0,-9999.0,-9999.0,-9999.0,color,orientation,size,0.22000000000000003,15.5,10,female,0,2707.0406706000003,0,23
929,-9999.0,-9999.0,-9999.0,-9999.0,-9999.0,-9999.0,-9999.0,-9999.0,-9999.0,color,orientation,size,0.22000000000000003,15.5,10,female,0,2707.0406706000003,0,23
930,-9999.0,-9999.0,-9999.0,-9999.0,-9999.0,-9999.0,-9999.0,-9999.0,-9999.0,color,orientation,size,0.22000000000000003,15.5,10,female,0,2707.0406706000003,0,23
931,-9999.0,-9999.0,-9999.0,-9999.0,-9999.0,-9999.0,-9999.0,-9999.0,-9999.0,color,orientation,size,0.22000000000000003,15.5,10,female,0,2707.0406706000003,0,23
932,-9999.0,-9999.0,-9999.0,-9999.0,-9999.0,-9999.0,-9999.0,-9999.0,-9999.0,color,orientation,size,0.22000000000000003,15.5,10,female,0,2707.0406706000003,0,23
933,-9999.0,-9999.0,-9999.0,-9999.0,-9999.0,-9999.0,-9999.0,-9999.0,-9999.0,color,orientation,size,0.22000000000000003,15.5,10,female,0,2707.0406706000003,0,23
934,-9999.0,-9999.0,-9999.0,-9999.0,-9999.0,-9999.0,-9999.0,-9999.0,-9999.0,color,orientation,size,0.22000000000000003,15.5,10,female,0,2707.0406706000003,0,23
935,-9999.0,-9999.0,-9999.0,-9999.0,-9999.0,-9999.0,-9999.0,-9999.0,-9999.0,color,orientation,size,0.22000000000000003,15.5,10,female,0,2707.0406706000003,0,23
936,-9999.0,-9999.0,-9999.0,-9999.0,-9999.0,-9999.0,-9999.0,-9999.0,-9999.0,color,orientation,size,0.22000000000000003,15.5,10,female,0,2707.0406706000003,0,23
937,-9999.0,-9999.0,-9999.0,-9999.0,-9999.0,-9999.0,-9999.0,-9999.0,-9999.0,color,orientation,size,0.22000000000000003,15.5,10,female,0,2707.0406706000003,0,23
938,-9999.0,-9999.0,-9999.0,-9999.0,-9999.0,-9999.0,-9999.0,-9999.0,-9999.0,color,orientation,size,0.22000000000000003,15.5,10,female,0,2707.0406706000003,0,23
939,-9999.0,-9999.0,-9999.0,-9999.0,-9999.0,-9999.0,-9999.0,-9999.0,-9999.0,color,orientation,size,0.22000000000000003,15.5,10,female,0,2707.0406706000003,0,23
940,-9999.0,-9999.0,-9999.0,-9999.0,-9999.0,-9999.0,-9999.0,-9999.0,-9999.0,color,orientation,size,0.22000000000000003,15.5,10,female,0,2707.0406706000003,0,23
941,-9999.0,-9999.0,-9999.0,-9999.0,-9999.0,-9999.0,-9999.0,-9999.0,-9999.0,color,orientation,size,0.22000000000000003,15.5,10,female,0,2707.0406706000003,0,23
942,-9999.0,-9999.0,-9999.0,-9999.0,-9999.0,-9999.0,-9999.0,-9999.0,-9999.0,color,orientation,size,0.22000000000000003,15.5,10,female,0,2707.0406706000003,0,23
943,-9999.0,-9999.0,-9999.0,-9999.0,-9999.0,-9999.0,-9999.0,-9999.0,-9999.0,color,orientation,size,0.22000000000000003,15.5,10,female,0,2707.0406706000003,0,23
944,-9999.0,-9999.0,-9999.0,-9999.0,-9999.0,-9999.0,-9999.0,-9999.0,-9999.0,color,orientation,size,0.22000000000000003,15.5,10,female,0,2707.0406706000003,0,23
945,-9999.0,-9999.0,-9999.0,-9999.0,-9999.0,-9999.0,-9999.0,-9999.0,-9999.0,color,orientation,size,0.22000000000000003,15.5,10,female,0,2707.0406706000003,0,23
946,-9999.0,-9999.0,-9999.0,-9999.0,-9999.0,-9999.0,-9999.0,-9999.0,-9999.0,color,orientation,size,0.22000000000000003,15.5,10,female,0,2707.0406706000003,0,23
947,-9999.0,-9999.0,-9999.0,-9999.0,-9999.0,-9999.0,-9999.0,-9999.0,-9999.0,color,orientation,size,0.22000000000000003,15.5,10,female,0,2707.0406706000003,0,23
948,-9999.0,-9999.0,-9999.0,-9999.0,-9999.0,-9999.0,-9999.0,-9999.0,-9999.0,color,orientation,size,0.22000000000000003,15.5,10,female,0,2707.0406706000003,0,23
949,-9999.0,-9999.0,-9999.0,-9999.0,-9999.0,-9999.0,-9999.0,-9999.0,-9999.0,color,orientation,size,0.22000000000000003,15.5,10,female,0,2707.0406706000003,0,23
950,-9999.0,-9999.0,-9999.0,-9999.0,-9999.0,-9999.0,-9999.0,-9999.0,-9999.0,color,orientation,size,0.22000000000000003,15.5,10,female,0,2707.0406706000003,0,23
951,-9999.0,-9999.0,-9999.0,-9999.0,-9999.0,-9999.0,-9999.0,-9999.0,-9999.0,color,orientation,size,0.22000000000000003,15.5,10,female,0,2707.0406706000003,0,23
952,-9999.0,-9999.0,-9999.0,-9999.0,-9999.0,-9999.0,-9999.0,-9999.0,-9999.0,color,orientation,size,0.22000000000000003,15.5,10,female,0,2707.0406706000003,0,23
953,-9999.0,-9999.0,-9999.0,-9999.0,-9999.0,-9999.0,-9999.0,-9999.0,-9999.0,color,orientation,size,0.22000000000000003,15.5,10,female,0,2707.0406706000003,0,23
954,-9999.0,-9999.0,-9999.0,-9999.0,-9999.0,-9999.0,-9999.0,-9999.0,-9999.0,color,orientation,size,0.22000000000000003,15.5,10,female,0,2707.0406706000003,0,23
955,-9999.0,-9999.0,-9999.0,-9999.0,-9999.0,-9999.0,-9999.0,-9999.0,-9999.0,color,orientation,size,0.22000000000000003,15.5,10,female,0,2707.0406706000003,0,23
956,-9999.0,-9999.0,-9999.0,-9999.0,-9999.0,-9999.0,-9999.0,-9999.0,-9999.0,color,orientation,size,0.22000000000000003,15.5,10,female,0,2707.0406706000003,0,23
957,-9999.0,-9999.0,-9999.0,-9999.0,-9999.0,-9999.0,-9999.0,-9999.0,-9999.0,color,orientation,size,0.22000000000000003,15.5,10,female,0,2707.0406706000003,0,23
958,-9999.0,-9999.0,-9999.0,-9999.0,-9999.0,-9999.0,-9999.0,-9999.0,-9999.0,color,orientation,size,0.22000000000000003,15.5,10,female,0,2707.0406706000003,0,23
959,-9999.0,-9999.0,-9999.0,-9999.0,-9999.0,-9999.0,-9999.0,-9999.0,-9999.0,color,orientation,size,0.22000000000000003,15.5,10,female,0,2707.0406706000003,0,23
960,-9999.0,-9999.0,-9999.0,-9999.0,-9999.0,-9999.0,-9999.0,-9999.0,-9999.0,color,orientation,size,0.22000000000000003,15.5,10,female,0,2707.0406706000003,0,23
961,-9999.0,-9999.0,-9999.0,-9999.0,-9999.0,-9999.0,-9999.0,-9999.0,-9999.0,color,orientation,size,0.22000000000000003,15.5,10,female,0,2707.0406706000003,0,23
962,-9999.0,-9999.0,-9999.0,-9999.0,-9999.0,-9999.0,-9999.0,-9999.0,-9999.0,color,orientation,size,0.22000000000000003,15.5,10,female,0,2707.0406706000003,0,23
963,-9999.0,-9999.0,-9999.0,-9999.0,-9999.0,-9999.0,-9999.0,-9999.0,-9999.0,color,orientation,size,0.22000000000000003,15.5,10,female,0,2707.0406706000003,0,23
964,-9999.0,-9999.0,-9999.0,-9999.0,-9999.0,-9999.0,-9999.0,-9999.0,-9999.0,color,orientation,size,0.22000000000000003,15.5,10,female,0,2707.0406706000003,0,23
965,-9999.0,-9999.0,-9999.0,-9999.0,-9999.0,-9999.0,-9999.0,-9999.0,-9999.0,color,orientation,size,0.22000000000000003,15.5,10,female,0,2707.0406706000003,0,23
966,-9999.0,-9999.0,-9999.0,-9999.0,-9999.0,-9999.0,-9999.0,-9999.0,-9999.0,color,orientation,size,0.22000000000000003,15.5,10,female,0,2707.0406706000003,0,23
967,-9999.0,-9999.0,-9999.0,-9999.0,-9999.0,-9999.0,-9999.0,-9999.0,-9999.0,color,orientation,size,0.22000000000000003,15.5,10,female,0,2707.0406706000003,0,23
968,-9999.0,-9999.0,-9999.0,-9999.0,-9999.0,-9999.0,-9999.0,-9999.0,-9999.0,color,orientation,size,0.22000000000000003,15.5,10,female,0,2707.0406706000003,0,23
969,-9999.0,-9999.0,-9999.0,-9999.0,-9999.0,-9999.0,-9999.0,-9999.0,-9999.0,color,orientation,size,0.22000000000000003,15.5,10,female,0,2707.0406706000003,0,23
970,-9999.0,-9999.0,-9999.0,-9999.0,-9999.0,-9999.0,-9999.0,-9999.0,-9999.0,color,orientation,size,0.22000000000000003,15.5,10,female,0,2707.0406706000003,0,23
971,-9999.0,-9999.0,-9999.0,-9999.0,-9999.0,-9999.0,-9999.0,-9999.0,-9999.0,color,orientation,size,0.22000000000000003,15.5,10,female,0,2707.0406706000003,0,23
972,-9999.0,-9999.0,-9999.0,-9999.0,-9999.0,-9999.0,-9999.0,-9999.0,-9999.0,color,orientation,size,0.22000000000000003,15.5,10,female,0,2707.0406706000003,0,23
973,-9999.0,-9999.0,-9999.0,-9999.0,-9999.0,-9999.0,-9999.0,-9999.0,-9999.0,color,orientation,size,0.22000000000000003,15.5,10,female,0,2707.0406706000003,0,23
974,-9999.0,-9999.0,-9999.0,-9999.0,-9999.0,-9999.0,-9999.0,-9999.0,-9999.0,color,orientation,size,0.22000000000000003,15.5,10,female,0,2707.0406706000003,0,23
975,-9999.0,-9999.0,-9999.0,-9999.0,-9999.0,-9999.0,-9999.0,-9999.0,-9999.0,color,orientation,size,0.22000000000000003,15.5,10,female,0,2707.0406706000003,0,23
976,-9999.0,-9999.0,-9999.0,-9999.0,-9999.0,-9999.0,-9999.0,-9999.0,-9999.0,color,orientation,size,0.22000000000000003,15.5,10,female,0,2707.0406706000003,0,23
977,-9999.0,-9999.0,-9999.0,-9999.0,-9999.0,-9999.0,-9999.0,-9999.0,-9999.0,color,orientation,size,0.22000000000000003,15.5,10,female,0,2707.0406706000003,0,23
978,-9999.0,-9999.0,-9999.0,-9999.0,-9999.0,-9999.0,-9999.0,-9999.0,-9999.0,color,orientation,size,0.22000000000000003,15.5,10,female,0,2707.0406706000003,0,23
979,-9999.0,-9999.0,-9999.0,-9999.0,-9999.0,-9999.0,-9999.0,-9999.0,-9999.0,color,orientation,size,0.22000000000000003,15.5,10,female,0,2707.0406706000003,0,23
980,-9999.0,-9999.0,-9999.0,-9999.0,-9999.0,-9999.0,-9999.0,-9999.0,-9999.0,color,orientation,size,0.22000000000000003,15.5,10,female,0,2707.0406706000003,0,23
981,-9999.0,-9999.0,-9999.0,-9999.0,-9999.0,-9999.0,-9999.0,-9999.0,-9999.0,color,orientation,size,0.22000000000000003,15.5,10,female,0,2707.0406706000003,0,23
982,-9999.0,-9999.0,-9999.0,-9999.0,-9999.0,-9999.0,-9999.0,-9999.0,-9999.0,color,orientation,size,0.22000000000000003,15.5,10,female,0,2707.0406706000003,0,23
983,-9999.0,-9999.0,-9999.0,-9999.0,-9999.0,-9999.0,-9999.0,-9999.0,-9999.0,color,orientation,size,0.22000000000000003,15.5,10,female,0,2707.0406706000003,0,23
984,-9999.0,-9999.0,-9999.0,-9999.0,-9999.0,-9999.0,-9999.0,-9999.0,-9999.0,color,orientation,size,0.22000000000000003,15.5,10,female,0,2707.0406706000003,0,23
985,-9999.0,-9999.0,-9999.0,-9999.0,-9999.0,-9999.0,-9999.0,-9999.0,-9999.0,color,orientation,size,0.22000000000000003,15.5,10,female,0,2707.0406706000003,0,23
986,-9999.0,-9999.0,-9999.0,-9999.0,-9999.0,-9999.0,-9999.0,-9999.0,-9999.0,color,orientation,size,0.22000000000000003,15.5,10,female,0,2707.0406706000003,0,23
987,-9999.0,-9999.0,-9999.0,-9999.0,-9999.0,-9999.0,-9999.0,-9999.0,-9999.0,color,orientation,size,0.22000000000000003,15.5,10,female,0,2707.0406706000003,0,23
988,-9999.0,-9999.0,-9999.0,-9999.0,-9999.0,-9999.0,-9999.0,-9999.0,-9999.0,color,orientation,size,0.22000000000000003,15.5,10,female,0,2707.0406706000003,0,23
989,-9999.0,-9999.0,-9999.0,-9999.0,-9999.0,-9999.0,-9999.0,-9999.0,-9999.0,color,orientation,size,0.22000000000000003,15.5,10,female,0,2707.0406706000003,0,23
990,-9999.0,-9999.0,-9999.0,-9999.0,-9999.0,-9999.0,-9999.0,-9999.0,-9999.0,color,orientation,size,0.22000000000000003,15.5,10,female,0,2707.0406706000003,0,23
991,-9999.0,-9999.0,-9999.0,-9999.0,-9999.0,-9999.0,-9999.0,-9999.0,-9999.0,color,orientation,size,0.22000000000000003,15.5,10,female,0,2707.0406706000003,0,23
992,-9999.0,-9999.0,-9999.0,-9999.0,-9999.0,-9999.0,-9999.0,-9999.0,-9999.0,color,orientation,size,0.22000000000000003,15.5,10,female,0,2707.0406706000003,0,23
993,-9999.0,-9999.0,-9999.0,-9999.0,-9999.0,-9999.0,-9999.0,-9999.0,-9999.0,color,orientation,size,0.22000000000000003,15.5,10,female,0,2707.0406706000003,0,23
994,-9999.0,-9999.0,-9999.0,-9999.0,-9999.0,-9999.0,-9999.0,-9999.0,-9999.0,color,orientation,size,0.22000000000000003,15.5,10,female,0,2707.0406706000003,0,23
995,-9999.0,-9999.0,-9999.0,-9999.0,-9999.0,-9999.0,-9999.0,-9999.0,-9999.0,color,orientation,size,0.22000000000000003,15.5,10,female,0,2707.0406706000003,0,23
996,-9999.0,-9999.0,-9999.0,-9999.0,-9999.0,-9999.0,-9999.0,-9999.0,-9999.0,color,orientation,size,0.22000000000000003,15.5,10,female,0,2707.0406706000003,0,23
997,-9999.0,-9999.0,-9999.0,-9999.0,-9999.0,-9999.0,-9999.0,-9999.0,-9999.0,color,orientation,size,0.22000000000000003,15.5,10,female,0,2707.0406706000003,0,23
998,-9999.0,-9999.0,-9999.0,-9999.0,-9999.0,-9999.0,-9999.0,-9999.0,-9999.0,color,orientation,size,0.22000000000000003,15.5,10,female,0,2707.0406706000003,0,23
999,-9999.0,-9999.0,-9999.0,-9999.0,-9999.0,-9999.0,-9999.0,-9999.0,-9999.0,color,orientation,size,0.22000000000000003,15.5,10,female,0,2707.0406706000003,0,23
1000,-9999.0,-9999.0,-9999.0,-9999.0,-9999.0,-9999.0,-9999.0,-9999.0,-9999.0,color,orientation,size,0.22000000000000003,15.5,10,female,0,2707.0406706000003,0,23
1001,-9999.0,-9999.0,-9999.0,-9999.0,-9999.0,-9999.0,-9999.0,-9999.0,-9999.0,color,orientation,size,0.22000000000000003,15.5,10,female,0,2707.0406706000003,0,23
1002,-9999.0,-9999.0,-9999.0,-9999.0,-9999.0,-9999.0,-9999.0,-9999.0,-9999.0,color,orientation,size,0.22000000000000003,15.5,10,female,0,2707.0406706000003,0,23
1003,-9999.0,-9999.0,-9999.0,-9999.0,-9999.0,-9999.0,-9999.0,-9999.0,-9999.0,color,orientation,size,0.22000000000000003,15.5,10,female,0,2707.0406706000003,0,23
1004,-9999.0,-9999.0,-9999.0,-9999.0,-9999.0,-9999.0,-9999.0,-9999.0,-9999.0,color,orientation,size,0.22000000000000003,15.5,10,female,0,2707.0406706000003,0,23
1005,-9999.0,-9999.0,-9999.0,-9999.0,-9999.0,-9999.0,-9999.0,-9999.0,-9999.0,color,orientation,size,0.22000000000000003,15.5,10,female,0,2707.0406706000003,0,23
1006,-9999.0,-9999.0,-9999.0,-9999.0,-9999.0,-9999.0,-9999.0,-9999.0,-9999.0,color,orientation,size,0.22000000000000003,15.5,10,female,0,2707.0406706000003,0,23
1007,-9999.0,-9999.0,-9999.0,-9999.0,-9999.0,-9999.0,-9999.0,-9999.0,-9999.0,color,orientation,size,0.22000000000000003,15.5,10,female,0,2707.0406706000003,0,23
1008,-9999.0,-9999.0,-9999.0,-9999.0,-9999.0,-9999.0,-9999.0,-9999.0,-9999.0,color,orientation,size,0.22000000000000003,15.5,10,female,0,2707.0406706000003,0,23
1009,-9999.0,-9999.0,-9999.0,-9999.0,-9999.0,-9999.0,-9999.0,-9999.0,-9999.0,color,orientation,size,0.22000000000000003,15.5,10,female,0,2707.0406706000003,0,23
1010,-9999.0,-9999.0,-9999.0,-9999.0,-9999.0,-9999.0,-9999.0,-9999.0,-9999.0,color,orientation,size,0.22000000000000003,15.5,10,female,0,2707.0406706000003,0,23
1011,-9999.0,-9999.0,-9999.0,-9999.0,-9999.0,-9999.0,-9999.0,-9999.0,-9999.0,color,orientation,size,0.22000000000000003,15.5,10,female,0,2707.0406706000003,0,23
1012,-9999.0,-9999.0,-9999.0,-9999.0,-9999.0,-9999.0,-9999.0,-9999.0,-9999.0,color,orientation,size,0.22000000000000003,15.5,10,female,0,2707.0406706000003,0,23
1013,-9999.0,-9999.0,-9999.0,-9999.0,-9999.0,-9999.0,-9999.0,-9999.0,-9999.0,color,orientation,size,0.22000000000000003,15.5,10,female,0,2707.0406706000003,0,23
1014,-9999.0,-9999.0,-9999.0,-9999.0,-9999.0,-9999.0,-9999.0,-9999.0,-9999.0,color,orientation,size,0.22000000000000003,15.5,10,female,0,2707.0406706000003,0,23
1015,-9999.0,-9999.0,-9999.0,-9999.0,-9999.0,-9999.0,-9999.0,-9999.0,-9999.0,color,orientation,size,0.22000000000000003,15.5,10,female,0,2707.0406706000003,0,23
1016,-9999.0,-9999.0,-9999.0,-9999.0,-9999.0,-9999.0,-9999.0,-9999.0,-9999.0,color,orientation,size,0.22000000000000003,15.5,10,female,0,2707.0406706000003,0,23
1017,-9999.0,-9999.0,-9999.0,-9999.0,-9999.0,-9999.0,-9999.0,-9999.0,-9999.0,color,orientation,size,0.22000000000000003,15.5,10,female,0,2707.0406706000003,0,23
1018,-9999.0,-9999.0,-9999.0,-9999.0,-9999.0,-9999.0,-9999.0,-9999.0,-9999.0,color,orientation,size,0.22000000000000003,15.5,10,female,0,2707.0406706000003,0,23
1019,-9999.0,-9999.0,-9999.0,-9999.0,-9999.0,-9999.0,-9999.0,-9999.0,-9999.0,color,orientation,size,0.22000000000000003,15.5,10,female,0,2707.0406706000003,0,23
1020,-9999.0,-9999.0,-9999.0,-9999.0,-9999.0,-9999.0,-9999.0,-9999.0,-9999.0,color,orientation,size,0.22000000000000003,15.5,10,female,0,2707.0406706000003,0,23
1021,-9999.0,-9999.0,-9999.0,-9999.0,-9999.0,-9999.0,-9999.0,-9999.0,-9999.0,color,orientation,size,0.22000000000000003,15.5,10,female,0,2707.0406706000003,0,23
1022,-9999.0,-9999.0,-9999.0,-9999.0,-9999.0,-9999.0,-9999.0,-9999.0,-9999.0,color,orientation,size,0.22000000000000003,15.5,10,female,0,2707.0406706000003,0,23
1023,-9999.0,-9999.0,-9999.0,-9999.0,-9999.0,-9999.0,-9999.0,-9999.0,-9999.0,color,orientation,size,0.22000000000000003,15.5,10,female,0,2707.0406706000003,0,23
1024,-9999.0,-9999.0,-9999.0,-9999.0,-9999.0,-9999.0,-9999.0,-9999.0,-9999.0,color,orientation,size,0.22000000000000003,15.5,10,female,0,2707.0406706000003,0,23
1025,-9999.0,-9999.0,-9999.0,-9999.0,-9999.0,-9999.0,-9999.0,-9999.0,-9999.0,color,orientation,size,0.22000000000000003,15.5,10,female,0,2707.0406706000003,0,23
1026,-9999.0,-9999.0,-9999.0,-9999.0,-9999.0,-9999.0,-9999.0,-9999.0,-9999.0,color,orientation,size,0.22000000000000003,15.5,10,female,0,2707.0406706000003,0,23
1027,-9999.0,-9999.0,-9999.0,-9999.0,-9999.0,-9999.0,-9999.0,-9999.0,-9999.0,color,orientation,size,0.22000000000000003,15.5,10,female,0,2707.0406706000003,0,23
1028,-9999.0,-9999.0,-9999.0,-9999.0,-9999.0,-9999.0,-9999.0,-9999.0,-9999.0,color,orientation,size,0.22000000000000003,15.5,10,female,0,2707.0406706000003,0,23
1029,-9999.0,-9999.0,-9999.0,-9999.0,-9999.0,-9999.0,-9999.0,-9999.0,-9999.0,color,orientation,size,0.22000000000000003,15.5,10,female,0,2707.0406706000003,0,23
1030,-9999.0,-9999.0,-9999.0,-9999.0,-9999.0,-9999.0,-9999.0,-9999.0,-9999.0,color,orientation,size,0.22000000000000003,15.5,10,female,0,2707.0406706000003,0,23
1031,-9999.0,-9999.0,-9999.0,-9999.0,-9999.0,-9999.0,-9999.0,-9999.0,-9999.0,color,orientation,size,0.22000000000000003,15.5,10,female,0,2707.0406706000003,0,23
1032,-9999.0,-9999.0,-9999.0,-9999.0,-9999.0,-9999.0,-9999.0,-9999.0,-9999.0,color,orientation,size,0.22000000000000003,15.5,10,female,0,2707.0406706000003,0,23
1033,-9999.0,-9999.0,-9999.0,-9999.0,-9999.0,-9999.0,-9999.0,-9999.0,-9999.0,color,orientation,size,0.22000000000000003,15.5,10,female,0,2707.0406706000003,0,23
1034,-9999.0,-9999.0,-9999.0,-9999.0,-9999.0,-9999.0,-9999.0,-9999.0,-9999.0,color,orientation,size,0.22000000000000003,15.5,10,female,0,2707.0406706000003,0,23
1035,-9999.0,-9999.0,-9999.0,-9999.0,-9999.0,-9999.0,-9999.0,-9999.0,-9999.0,color,orientation,size,0.22000000000000003,15.5,10,female,0,2707.0406706000003,0,23
1036,-9999.0,-9999.0,-9999.0,-9999.0,-9999.0,-9999.0,-9999.0,-9999.0,-9999.0,color,orientation,size,0.22000000000000003,15.5,10,female,0,2707.0406706000003,0,23
1037,-9999.0,-9999.0,-9999.0,-9999.0,-9999.0,-9999.0,-9999.0,-9999.0,-9999.0,color,orientation,size,0.22000000000000003,15.5,10,female,0,2707.0406706000003,0,23
1038,-9999.0,-9999.0,-9999.0,-9999.0,-9999.0,-9999.0,-9999.0,-9999.0,-9999.0,color,orientation,size,0.22000000000000003,15.5,10,female,0,2707.0406706000003,0,23
1039,-9999.0,-9999.0,-9999.0,-9999.0,-9999.0,-9999.0,-9999.0,-9999.0,-9999.0,color,orientation,size,0.22000000000000003,15.5,10,female,0,2707.0406706000003,0,23
1040,-9999.0,-9999.0,-9999.0,-9999.0,-9999.0,-9999.0,-9999.0,-9999.0,-9999.0,color,orientation,size,0.22000000000000003,15.5,10,female,0,2707.0406706000003,0,23
1041,-9999.0,-9999.0,-9999.0,-9999.0,-9999.0,-9999.0,-9999.0,-9999.0,-9999.0,color,orientation,size,0.22000000000000003,15.5,10,female,0,2707.0406706000003,0,23
1042,-9999.0,-9999.0,-9999.0,-9999.0,-9999.0,-9999.0,-9999.0,-9999.0,-9999.0,color,orientation,size,0.22000000000000003,15.5,10,female,0,2707.0406706000003,0,23
1043,-9999.0,-9999.0,-9999.0,-9999.0,-9999.0,-9999.0,-9999.0,-9999.0,-9999.0,color,orientation,size,0.22000000000000003,15.5,10,female,0,2707.0406706000003,0,23
1044,-9999.0,-9999.0,-9999.0,-9999.0,-9999.0,-9999.0,-9999.0,-9999.0,-9999.0,color,orientation,size,0.22000000000000003,15.5,10,female,0,2707.0406706000003,0,23
1045,-9999.0,-9999.0,-9999.0,-9999.0,-9999.0,-9999.0,-9999.0,-9999.0,-9999.0,color,orientation,size,0.22000000000000003,15.5,10,female,0,2707.0406706000003,0,23
1046,-9999.0,-9999.0,-9999.0,-9999.0,-9999.0,-9999.0,-9999.0,-9999.0,-9999.0,color,orientation,size,0.22000000000000003,15.5,10,female,0,2707.0406706000003,0,23
1047,-9999.0,-9999.0,-9999.0,-9999.0,-9999.0,-9999.0,-9999.0,-9999.0,-9999.0,color,orientation,size,0.22000000000000003,15.5,10,female,0,2707.0406706000003,0,23
1048,-9999.0,-9999.0,-9999.0,-9999.0,-9999.0,-9999.0,-9999.0,-9999.0,-9999.0,color,orientation,size,0.22000000000000003,15.5,10,female,0,2707.0406706000003,0,23
1049,-9999.0,-9999.0,-9999.0,-9999.0,-9999.0,-9999.0,-9999.0,-9999.0,-9999.0,color,orientation,size,0.22000000000000003,15.5,10,female,0,2707.0406706000003,0,23
1050,-9999.0,-9999.0,-9999.0,-9999.0,-9999.0,-9999.0,-9999.0,-9999.0,-9999.0,color,orientation,size,0.22000000000000003,15.5,10,female,0,2707.0406706000003,0,23
1051,-9999.0,-9999.0,-9999.0,-9999.0,-9999.0,-9999.0,-9999.0,-9999.0,-9999.0,color,orientation,size,0.22000000000000003,15.5,10,female,0,2707.0406706000003,0,23
1052,-9999.0,-9999.0,-9999.0,-9999.0,-9999.0,-9999.0,-9999.0,-9999.0,-9999.0,color,orientation,size,0.22000000000000003,15.5,10,female,0,2707.0406706000003,0,23
1053,-9999.0,-9999.0,-9999.0,-9999.0,-9999.0,-9999.0,-9999.0,-9999.0,-9999.0,color,orientation,size,0.22000000000000003,15.5,10,female,0,2707.0406706000003,0,23
1054,-9999.0,-9999.0,-9999.0,-9999.0,-9999.0,-9999.0,-9999.0,-9999.0,-9999.0,color,orientation,size,0.22000000000000003,15.5,10,female,0,2707.0406706000003,0,23
1055,-9999.0,-9999.0,-9999.0,-9999.0,-9999.0,-9999.0,-9999.0,-9999.0,-9999.0,color,orientation,size,0.22000000000000003,15.5,10,female,0,2707.0406706000003,0,23
1056,-9999.0,-9999.0,-9999.0,-9999.0,-9999.0,-9999.0,-9999.0,-9999.0,-9999.0,color,orientation,size,0.22000000000000003,15.5,10,female,0,2707.0406706000003,0,23
1057,-9999.0,-9999.0,-9999.0,-9999.0,-9999.0,-9999.0,-9999.0,-9999.0,-9999.0,color,orientation,size,0.22000000000000003,15.5,10,female,0,2707.0406706000003,0,23
1058,-9999.0,-9999.0,-9999.0,-9999.0,-9999.0,-9999.0,-9999.0,-9999.0,-9999.0,color,orientation,size,0.22000000000000003,15.5,10,female,0,2707.0406706000003,0,23
1059,-9999.0,-9999.0,-9999.0,-9999.0,-9999.0,-9999.0,-9999.0,-9999.0,-9999.0,color,orientation,size,0.22000000000000003,15.5,10,female,0,2707.0406706000003,0,23
1060,-9999.0,-9999.0,-9999.0,-9999.0,-9999.0,-9999.0,-9999.0,-9999.0,-9999.0,color,orientation,size,0.22000000000000003,15.5,10,female,0,2707.0406706000003,0,23
1061,-9999.0,-9999.0,-9999.0,-9999.0,-9999.0,-9999.0,-9999.0,-9999.0,-9999.0,color,orientation,size,0.22000000000000003,15.5,10,female,0,2707.0406706000003,0,23
1062,-9999.0,-9999.0,-9999.0,-9999.0,-9999.0,-9999.0,-9999.0,-9999.0,-9999.0,color,orientation,size,0.22000000000000003,15.5,10,female,0,2707.0406706000003,0,23
1063,-9999.0,-9999.0,-9999.0,-9999.0,-9999.0,-9999.0,-9999.0,-9999.0,-9999.0,color,orientation,size,0.22000000000000003,15.5,10,female,0,2707.0406706000003,0,23
1064,-9999.0,-9999.0,-9999.0,-9999.0,-9999.0,-9999.0,-9999.0,-9999.0,-9999.0,color,orientation,size,0.22000000000000003,15.5,10,female,0,2707.0406706000003,0,23
1065,-9999.0,-9999.0,-9999.0,-9999.0,-9999.0,-9999.0,-9999.0,-9999.0,-9999.0,color,orientation,size,0.22000000000000003,15.5,10,female,0,2707.0406706000003,0,23
1066,-9999.0,-9999.0,-9999.0,-9999.0,-9999.0,-9999.0,-9999.0,-9999.0,-9999.0,color,orientation,size,0.22000000000000003,15.5,10,female,0,2707.0406706000003,0,23
1067,-9999.0,-9999.0,-9999.0,-9999.0,-9999.0,-9999.0,-9999.0,-9999.0,-9999.0,color,orientation,size,0.22000000000000003,15.5,10,female,0,2707.0406706000003,0,23
1068,-9999.0,-9999.0,-9999.0,-9999.0,-9999.0,-9999.0,-9999.0,-9999.0,-9999.0,color,orientation,size,0.22000000000000003,15.5,10,female,0,2707.0406706000003,0,23
1069,-9999.0,-9999.0,-9999.0,-9999.0,-9999.0,-9999.0,-9999.0,-9999.0,-9999.0,color,orientation,size,0.22000000000000003,15.5,10,female,0,2707.0406706000003,0,23
1070,-9999.0,-9999.0,-9999.0,-9999.0,-9999.0,-9999.0,-9999.0,-9999.0,-9999.0,color,orientation,size,0.22000000000000003,15.5,10,female,0,2707.0406706000003,0,23
1071,-9999.0,-9999.0,-9999.0,-9999.0,-9999.0,-9999.0,-9999.0,-9999.0,-9999.0,color,orientation,size,0.22000000000000003,15.5,10,female,0,2707.0406706000003,0,23
1072,-9999.0,-9999.0,-9999.0,-9999.0,-9999.0,-9999.0,-9999.0,-9999.0,-9999.0,color,orientation,size,0.22000000000000003,15.5,10,female,0,2707.0406706000003,0,23
1073,-9999.0,-9999.0,-9999.0,-9999.0,-9999.0,-9999.0,-9999.0,-9999.0,-9999.0,color,orientation,size,0.22000000000000003,15.5,10,female,0,2707.0406706000003,0,23
1074,-9999.0,-9999.0,-9999.0,-9999.0,-9999.0,-9999.0,-9999.0,-9999.0,-9999.0,color,orientation,size,0.22000000000000003,15.5,10,female,0,2707.0406706000003,0,23
1075,-9999.0,-9999.0,-9999.0,-9999.0,-9999.0,-9999.0,-9999.0,-9999.0,-9999.0,color,orientation,size,0.22000000000000003,15.5,10,female,0,2707.0406706000003,0,23
1076,-9999.0,-9999.0,-9999.0,-9999.0,-9999.0,-9999.0,-9999.0,-9999.0,-9999.0,color,orientation,size,0.22000000000000003,15.5,10,female,0,2707.0406706000003,0,23
1077,-9999.0,-9999.0,-9999.0,-9999.0,-9999.0,-9999.0,-9999.0,-9999.0,-9999.0,color,orientation,size,0.22000000000000003,15.5,10,female,0,2707.0406706000003,0,23
1078,-9999.0,-9999.0,-9999.0,-9999.0,-9999.0,-9999.0,-9999.0,-9999.0,-9999.0,color,orientation,size,0.22000000000000003,15.5,10,female,0,2707.0406706000003,0,23
1079,-9999.0,-9999.0,-9999.0,-9999.0,-9999.0,-9999.0,-9999.0,-9999.0,-9999.0,color,orientation,size,0.22000000000000003,15.5,10,female,0,2707.0406706000003,0,23
1080,-9999.0,-9999.0,-9999.0,-9999.0,-9999.0,-9999.0,-9999.0,-9999.0,-9999.0,color,orientation,size,0.22000000000000003,15.5,10,female,0,2707.0406706000003,0,23
1081,-9999.0,-9999.0,-9999.0,-9999.0,-9999.0,-9999.0,-9999.0,-9999.0,-9999.0,color,orientation,size,0.22000000000000003,15.5,10,female,0,2707.0406706000003,0,23
1082,-9999.0,-9999.0,-9999.0,-9999.0,-9999.0,-9999.0,-9999.0,-9999.0,-9999.0,color,orientation,size,0.22000000000000003,15.5,10,female,0,2707.0406706000003,0,23
1083,-9999.0,-9999.0,-9999.0,-9999.0,-9999.0,-9999.0,-9999.0,-9999.0,-9999.0,color,orientation,size,0.22000000000000003,15.5,10,female,0,2707.0406706000003,0,23
1084,-9999.0,-9999.0,-9999.0,-9999.0,-9999.0,-9999.0,-9999.0,-9999.0,-9999.0,color,orientation,size,0.22000000000000003,15.5,10,female,0,2707.0406706000003,0,23
1085,-9999.0,-9999.0,-9999.0,-9999.0,-9999.0,-9999.0,-9999.0,-9999.0,-9999.0,color,orientation,size,0.22000000000000003,15.5,10,female,0,2707.0406706000003,0,23
1086,-9999.0,-9999.0,-9999.0,-9999.0,-9999.0,-9999.0,-9999.0,-9999.0,-9999.0,color,orientation,size,0.22000000000000003,15.5,10,female,0,2707.0406706000003,0,23
1087,-9999.0,-9999.0,-9999.0,-9999.0,-9999.0,-9999.0,-9999.0,-9999.0,-9999.0,color,orientation,size,0.22000000000000003,15.5,10,female,0,2707.0406706000003,0,23
1088,-9999.0,-9999.0,-9999.0,-9999.0,-9999.0,-9999.0,-9999.0,-9999.0,-9999.0,color,orientation,size,0.22000000000000003,15.5,10,female,0,2707.0406706000003,0,23
1089,-9999.0,-9999.0,-9999.0,-9999.0,-9999.0,-9999.0,-9999.0,-9999.0,-9999.0,color,orientation,size,0.22000000000000003,15.5,10,female,0,2707.0406706000003,0,23
1090,-9999.0,-9999.0,-9999.0,-9999.0,-9999.0,-9999.0,-9999.0,-9999.0,-9999.0,color,orientation,size,0.22000000000000003,15.5,10,female,0,2707.0406706000003,0,23
1091,-9999.0,-9999.0,-9999.0,-9999.0,-9999.0,-9999.0,-9999.0,-9999.0,-9999.0,color,orientation,size,0.22000000000000003,15.5,10,female,0,2707.0406706000003,0,23
1092,-9999.0,-9999.0,-9999.0,-9999.0,-9999.0,-9999.0,-9999.0,-9999.0,-9999.0,color,orientation,size,0.22000000000000003,15.5,10,female,0,2707.0406706000003,0,23
1093,-9999.0,-9999.0,-9999.0,-9999.0,-9999.0,-9999.0,-9999.0,-9999.0,-9999.0,color,orientation,size,0.22000000000000003,15.5,10,female,0,2707.0406706000003,0,23
1094,-9999.0,-9999.0,-9999.0,-9999.0,-9999.0,-9999.0,-9999.0,-9999.0,-9999.0,color,orientation,size,0.22000000000000003,15.5,10,female,0,2707.0406706000003,0,23
1095,-9999.0,-9999.0,-9999.0,-9999.0,-9999.0,-9999.0,-9999.0,-9999.0,-9999.0,color,orientation,size,0.22000000000000003,15.5,10,female,0,2707.0406706000003,0,23
1096,-9999.0,-9999.0,-9999.0,-9999.0,-9999.0,-9999.0,-9999.0,-9999.0,-9999.0,color,orientation,size,0.22000000000000003,15.5,10,female,0,2707.0406706000003,0,23
1097,-9999.0,-9999.0,-9999.0,-9999.0,-9999.0,-9999.0,-9999.0,-9999.0,-9999.0,color,orientation,size,0.22000000000000003,15.5,10,female,0,2707.0406706000003,0,23
1098,-9999.0,-9999.0,-9999.0,-9999.0,-9999.0,-9999.0,-9999.0,-9999.0,-9999.0,color,orientation,size,0.22000000000000003,15.5,10,female,0,2707.0406706000003,0,23
1099,-9999.0,-9999.0,-9999.0,-9999.0,-9999.0,-9999.0,-9999.0,-9999.0,-9999.0,color,orientation,size,0.22000000000000003,15.5,10,female,0,2707.0406706000003,0,23
1100,-9999.0,-9999.0,-9999.0,-9999.0,-9999.0,-9999.0,-9999.0,-9999.0,-9999.0,color,orientation,size,0.22000000000000003,15.5,10,female,0,2707.0406706000003,0,23
1101,-9999.0,-9999.0,-9999.0,-9999.0,-9999.0,-9999.0,-9999.0,-9999.0,-9999.0,color,orientation,size,0.22000000000000003,15.5,10,female,0,2707.0406706000003,0,23
1102,-9999.0,-9999.0,-9999.0,-9999.0,-9999.0,-9999.0,-9999.0,-9999.0,-9999.0,color,orientation,size,0.22000000000000003,15.5,10,female,0,2707.0406706000003,0,23
1103,-9999.0,-9999.0,-9999.0,-9999.0,-9999.0,-9999.0,-9999.0,-9999.0,-9999.0,color,orientation,size,0.22000000000000003,15.5,10,female,0,2707.0406706000003,0,23
1104,-9999.0,-9999.0,-9999.0,-9999.0,-9999.0,-9999.0,-9999.0,-9999.0,-9999.0,color,orientation,size,0.22000000000000003,15.5,10,female,0,2707.0406706000003,0,23
1105,-9999.0,-9999.0,-9999.0,-9999.0,-9999.0,-9999.0,-9999.0,-9999.0,-9999.0,color,orientation,size,0.22000000000000003,15.5,10,female,0,2707.0406706000003,0,23
1106,-9999.0,-9999.0,-9999.0,-9999.0,-9999.0,-9999.0,-9999.0,-9999.0,-9999.0,color,orientation,size,0.22000000000000003,15.5,10,female,0,2707.0406706000003,0,23
1107,-9999.0,-9999.0,-9999.0,-9999.0,-9999.0,-9999.0,-9999.0,-9999.0,-9999.0,color,orientation,size,0.22000000000000003,15.5,10,female,0,2707.0406706000003,0,23
1108,-9999.0,-9999.0,-9999.0,-9999.0,-9999.0,-9999.0,-9999.0,-9999.0,-9999.0,color,orientation,size,0.22000000000000003,15.5,10,female,0,2707.0406706000003,0,23
1109,-9999.0,-9999.0,-9999.0,-9999.0,-9999.0,-9999.0,-9999.0,-9999.0,-9999.0,color,orientation,size,0.22000000000000003,15.5,10,female,0,2707.0406706000003,0,23
1110,-9999.0,-9999.0,-9999.0,-9999.0,-9999.0,-9999.0,-9999.0,-9999.0,-9999.0,color,orientation,size,0.22000000000000003,15.5,10,female,0,2707.0406706000003,0,23
1111,-9999.0,-9999.0,-9999.0,-9999.0,-9999.0,-9999.0,-9999.0,-9999.0,-9999.0,color,orientation,size,0.22000000000000003,15.5,10,female,0,2707.0406706000003,0,23
1112,-9999.0,-9999.0,-9999.0,-9999.0,-9999.0,-9999.0,-9999.0,-9999.0,-9999.0,color,orientation,size,0.22000000000000003,15.5,10,female,0,2707.0406706000003,0,23
1113,-9999.0,-9999.0,-9999.0,-9999.0,-9999.0,-9999.0,-9999.0,-9999.0,-9999.0,color,orientation,size,0.22000000000000003,15.5,10,female,0,2707.0406706000003,0,23
1114,-9999.0,-9999.0,-9999.0,-9999.0,-9999.0,-9999.0,-9999.0,-9999.0,-9999.0,color,orientation,size,0.22000000000000003,15.5,10,female,0,2707.0406706000003,0,23
1115,-9999.0,-9999.0,-9999.0,-9999.0,-9999.0,-9999.0,-9999.0,-9999.0,-9999.0,color,orientation,size,0.22000000000000003,15.5,10,female,0,2707.0406706000003,0,23
1116,-9999.0,-9999.0,-9999.0,-9999.0,-9999.0,-9999.0,-9999.0,-9999.0,-9999.0,color,orientation,size,0.22000000000000003,15.5,10,female,0,2707.0406706000003,0,23
1117,-9999.0,-9999.0,-9999.0,-9999.0,-9999.0,-9999.0,-9999.0,-9999.0,-9999.0,color,orientation,size,0.22000000000000003,15.5,10,female,0,2707.0406706000003,0,23
1118,-9999.0,-9999.0,-9999.0,-9999.0,-9999.0,-9999.0,-9999.0,-9999.0,-9999.0,color,orientation,size,0.22000000000000003,15.5,10,female,0,2707.0406706000003,0,23
1119,-9999.0,-9999.0,-9999.0,-9999.0,-9999.0,-9999.0,-9999.0,-9999.0,-9999.0,color,orientation,size,0.22000000000000003,15.5,10,female,0,2707.0406706000003,0,23
1120,-9999.0,-9999.0,-9999.0,-9999.0,-9999.0,-9999.0,-9999.0,-9999.0,-9999.0,color,orientation,size,0.22000000000000003,15.5,10,female,0,2707.0406706000003,0,23
1121,-9999.0,-9999.0,-9999.0,-9999.0,-9999.0,-9999.0,-9999.0,-9999.0,-9999.0,color,orientation,size,0.22000000000000003,15.5,10,female,0,2707.0406706000003,0,23
1122,-9999.0,-9999.0,-9999.0,-9999.0,-9999.0,-9999.0,-9999.0,-9999.0,-9999.0,color,orientation,size,0.22000000000000003,15.5,10,female,0,2707.0406706000003,0,23
1123,-9999.0,-9999.0,-9999.0,-9999.0,-9999.0,-9999.0,-9999.0,-9999.0,-9999.0,color,orientation,size,0.22000000000000003,15.5,10,female,0,2707.0406706000003,0,23
1124,-9999.0,-9999.0,-9999.0,-9999.0,-9999.0,-9999.0,-9999.0,-9999.0,-9999.0,color,orientation,size,0.22000000000000003,15.5,10,female,0,2707.0406706000003,0,23
1125,-9999.0,-9999.0,-9999.0,-9999.0,-9999.0,-9999.0,-9999.0,-9999.0,-9999.0,color,orientation,size,0.22000000000000003,15.5,10,female,0,2707.0406706000003,0,23
1126,-9999.0,-9999.0,-9999.0,-9999.0,-9999.0,-9999.0,-9999.0,-9999.0,-9999.0,color,orientation,size,0.22000000000000003,15.5,10,female,0,2707.0406706000003,0,23
1127,-9999.0,-9999.0,-9999.0,-9999.0,-9999.0,-9999.0,-9999.0,-9999.0,-9999.0,color,orientation,size,0.22000000000000003,15.5,10,female,0,2707.0406706000003,0,23
1128,-9999.0,-9999.0,-9999.0,-9999.0,-9999.0,-9999.0,-9999.0,-9999.0,-9999.0,color,orientation,size,0.22000000000000003,15.5,10,female,0,2707.0406706000003,0,23
1129,-9999.0,-9999.0,-9999.0,-9999.0,-9999.0,-9999.0,-9999.0,-9999.0,-9999.0,color,orientation,size,0.22000000000000003,15.5,10,female,0,2707.0406706000003,0,23
1130,-9999.0,-9999.0,-9999.0,-9999.0,-9999.0,-9999.0,-9999.0,-9999.0,-9999.0,color,orientation,size,0.22000000000000003,15.5,10,female,0,2707.0406706000003,0,23
1131,-9999.0,-9999.0,-9999.0,-9999.0,-9999.0,-9999.0,-9999.0,-9999.0,-9999.0,color,orientation,size,0.22000000000000003,15.5,10,female,0,2707.0406706000003,0,23
1132,-9999.0,-9999.0,-9999.0,-9999.0,-9999.0,-9999.0,-9999.0,-9999.0,-9999.0,color,orientation,size,0.22000000000000003,15.5,10,female,0,2707.0406706000003,0,23
1133,-9999.0,-9999.0,-9999.0,-9999.0,-9999.0,-9999.0,-9999.0,-9999.0,-9999.0,color,orientation,size,0.22000000000000003,15.5,10,female,0,2707.0406706000003,0,23
1134,-9999.0,-9999.0,-9999.0,-9999.0,-9999.0,-9999.0,-9999.0,-9999.0,-9999.0,color,orientation,size,0.22000000000000003,15.5,10,female,0,2707.0406706000003,0,23
1135,-9999.0,-9999.0,-9999.0,-9999.0,-9999.0,-9999.0,-9999.0,-9999.0,-9999.0,color,orientation,size,0.22000000000000003,15.5,10,female,0,2707.0406706000003,0,23
1136,-9999.0,-9999.0,-9999.0,-9999.0,-9999.0,-9999.0,-9999.0,-9999.0,-9999.0,color,orientation,size,0.22000000000000003,15.5,10,female,0,2707.0406706000003,0,23
1137,-9999.0,-9999.0,-9999.0,-9999.0,-9999.0,-9999.0,-9999.0,-9999.0,-9999.0,color,orientation,size,0.22000000000000003,15.5,10,female,0,2707.0406706000003,0,23
1138,-9999.0,-9999.0,-9999.0,-9999.0,-9999.0,-9999.0,-9999.0,-9999.0,-9999.0,color,orientation,size,0.22000000000000003,15.5,10,female,0,2707.0406706000003,0,23
1139,-9999.0,-9999.0,-9999.0,-9999.0,-9999.0,-9999.0,-9999.0,-9999.0,-9999.0,color,orientation,size,0.22000000000000003,15.5,10,female,0,2707.0406706000003,0,23
1140,-9999.0,-9999.0,-9999.0,-9999.0,-9999.0,-9999.0,-9999.0,-9999.0,-9999.0,color,orientation,size,0.22000000000000003,15.5,10,female,0,2707.0406706000003,0,23
1141,-9999.0,-9999.0,-9999.0,-9999.0,-9999.0,-9999.0,-9999.0,-9999.0,-9999.0,color,orientation,size,0.22000000000000003,15.5,10,female,0,2707.0406706000003,0,23
1142,-9999.0,-9999.0,-9999.0,-9999.0,-9999.0,-9999.0,-9999.0,-9999.0,-9999.0,color,orientation,size,0.22000000000000003,15.5,10,female,0,2707.0406706000003,0,23
1143,-9999.0,-9999.0,-9999.0,-9999.0,-9999.0,-9999.0,-9999.0,-9999.0,-9999.0,color,orientation,size,0.22000000000000003,15.5,10,female,0,2707.0406706000003,0,23
1144,-9999.0,-9999.0,-9999.0,-9999.0,-9999.0,-9999.0,-9999.0,-9999.0,-9999.0,color,orientation,size,0.22000000000000003,15.5,10,female,0,2707.0406706000003,0,23
1145,-9999.0,-9999.0,-9999.0,-9999.0,-9999.0,-9999.0,-9999.0,-9999.0,-9999.0,color,orientation,size,0.22000000000000003,15.5,10,female,0,2707.0406706000003,0,23
1146,-9999.0,-9999.0,-9999.0,-9999.0,-9999.0,-9999.0,-9999.0,-9999.0,-9999.0,color,orientation,size,0.22000000000000003,15.5,10,female,0,2707.0406706000003,0,23
1147,-9999.0,-9999.0,-9999.0,-9999.0,-9999.0,-9999.0,-9999.0,-9999.0,-9999.0,color,orientation,size,0.22000000000000003,15.5,10,female,0,2707.0406706000003,0,23
1148,-9999.0,-9999.0,-9999.0,-9999.0,-9999.0,-9999.0,-9999.0,-9999.0,-9999.0,color,orientation,size,0.22000000000000003,15.5,10,female,0,2707.0406706000003,0,23
1149,-9999.0,-9999.0,-9999.0,-9999.0,-9999.0,-9999.0,-9999.0,-9999.0,-9999.0,color,orientation,size,0.22000000000000003,15.5,10,female,0,2707.0406706000003,0,23
1150,-9999.0,-9999.0,-9999.0,-9999.0,-9999.0,-9999.0,-9999.0,-9999.0,-9999.0,color,orientation,size,0.22000000000000003,15.5,10,female,0,2707.0406706000003,0,23
1151,-9999.0,-9999.0,-9999.0,-9999.0,-9999.0,-9999.0,-9999.0,-9999.0,-9999.0,color,orientation,size,0.22000000000000003,15.5,10,female,0,2707.0406706000003,0,23
1152,-9999.0,-9999.0,-9999.0,-9999.0,-9999.0,-9999.0,-9999.0,-9999.0,-9999.0,color,orientation,size,0.22000000000000003,15.5,10,female,0,2707.0406706000003,0,23
1153,-9999.0,-9999.0,-9999.0,-9999.0,-9999.0,-9999.0,-9999.0,-9999.0,-9999.0,color,orientation,size,0.22000000000000003,15.5,10,female,0,2707.0406706000003,0,23
1154,-9999.0,-9999.0,-9999.0,-9999.0,-9999.0,-9999.0,-9999.0,-9999.0,-9999.0,color,orientation,size,0.22000000000000003,15.5,10,female,0,2707.0406706000003,0,23
1155,-9999.0,-9999.0,-9999.0,-9999.0,-9999.0,-9999.0,-9999.0,-9999.0,-9999.0,color,orientation,size,0.22000000000000003,15.5,10,female,0,2707.0406706000003,0,23
1156,-9999.0,-9999.0,-9999.0,-9999.0,-9999.0,-9999.0,-9999.0,-9999.0,-9999.0,color,orientation,size,0.22000000000000003,15.5,10,female,0,2707.0406706000003,0,23
1157,-9999.0,-9999.0,-9999.0,-9999.0,-9999.0,-9999.0,-9999.0,-9999.0,-9999.0,color,orientation,size,0.22000000000000003,15.5,10,female,0,2707.0406706000003,0,23
1158,-9999.0,-9999.0,-9999.0,-9999.0,-9999.0,-9999.0,-9999.0,-9999.0,-9999.0,color,orientation,size,0.22000000000000003,15.5,10,female,0,2707.0406706000003,0,23
1159,-9999.0,-9999.0,-9999.0,-9999.0,-9999.0,-9999.0,-9999.0,-9999.0,-9999.0,color,orientation,size,0.22000000000000003,15.5,10,female,0,2707.0406706000003,0,23
1160,-9999.0,-9999.0,-9999.0,-9999.0,-9999.0,-9999.0,-9999.0,-9999.0,-9999.0,color,orientation,size,0.22000000000000003,15.5,10,female,0,2707.0406706000003,0,23
1161,-9999.0,-9999.0,-9999.0,-9999.0,-9999.0,-9999.0,-9999.0,-9999.0,-9999.0,color,orientation,size,0.22000000000000003,15.5,10,female,0,2707.0406706000003,0,23
1162,-9999.0,-9999.0,-9999.0,-9999.0,-9999.0,-9999.0,-9999.0,-9999.0,-9999.0,color,orientation,size,0.22000000000000003,15.5,10,female,0,2707.0406706000003,0,23
1163,-9999.0,-9999.0,-9999.0,-9999.0,-9999.0,-9999.0,-9999.0,-9999.0,-9999.0,color,orientation,size,0.22000000000000003,15.5,10,female,0,2707.0406706000003,0,23
1164,-9999.0,-9999.0,-9999.0,-9999.0,-9999.0,-9999.0,-9999.0,-9999.0,-9999.0,color,orientation,size,0.22000000000000003,15.5,10,female,0,2707.0406706000003,0,23
1165,-9999.0,-9999.0,-9999.0,-9999.0,-9999.0,-9999.0,-9999.0,-9999.0,-9999.0,color,orientation,size,0.22000000000000003,15.5,10,female,0,2707.0406706000003,0,23
1166,-9999.0,-9999.0,-9999.0,-9999.0,-9999.0,-9999.0,-9999.0,-9999.0,-9999.0,color,orientation,size,0.22000000000000003,15.5,10,female,0,2707.0406706000003,0,23
1167,-9999.0,-9999.0,-9999.0,-9999.0,-9999.0,-9999.0,-9999.0,-9999.0,-9999.0,color,orientation,size,0.22000000000000003,15.5,10,female,0,2707.0406706000003,0,23
1168,-9999.0,-9999.0,-9999.0,-9999.0,-9999.0,-9999.0,-9999.0,-9999.0,-9999.0,color,orientation,size,0.22000000000000003,15.5,10,female,0,2707.0406706000003,0,23
1169,-9999.0,-9999.0,-9999.0,-9999.0,-9999.0,-9999.0,-9999.0,-9999.0,-9999.0,color,orientation,size,0.22000000000000003,15.5,10,female,0,2707.0406706000003,0,23
1170,-9999.0,-9999.0,-9999.0,-9999.0,-9999.0,-9999.0,-9999.0,-9999.0,-9999.0,color,orientation,size,0.22000000000000003,15.5,10,female,0,2707.0406706000003,0,23
1171,-9999.0,-9999.0,-9999.0,-9999.0,-9999.0,-9999.0,-9999.0,-9999.0,-9999.0,color,orientation,size,0.22000000000000003,15.5,10,female,0,2707.0406706000003,0,23
1172,-9999.0,-9999.0,-9999.0,-9999.0,-9999.0,-9999.0,-9999.0,-9999.0,-9999.0,color,orientation,size,0.22000000000000003,15.5,10,female,0,2707.0406706000003,0,23
1173,-9999.0,-9999.0,-9999.0,-9999.0,-9999.0,-9999.0,-9999.0,-9999.0,-9999.0,color,orientation,size,0.22000000000000003,15.5,10,female,0,2707.0406706000003,0,23
1174,-9999.0,-9999.0,-9999.0,-9999.0,-9999.0,-9999.0,-9999.0,-9999.0,-9999.0,color,orientation,size,0.22000000000000003,15.5,10,female,0,2707.0406706000003,0,23
1175,-9999.0,-9999.0,-9999.0,-9999.0,-9999.0,-9999.0,-9999.0,-9999.0,-9999.0,color,orientation,size,0.22000000000000003,15.5,10,female,0,2707.0406706000003,0,23
1176,-9999.0,-9999.0,-9999.0,-9999.0,-9999.0,-9999.0,-9999.0,-9999.0,-9999.0,color,orientation,size,0.22000000000000003,15.5,10,female,0,2707.0406706000003,0,23
1177,-9999.0,-9999.0,-9999.0,-9999.0,-9999.0,-9999.0,-9999.0,-9999.0,-9999.0,color,orientation,size,0.22000000000000003,15.5,10,female,0,2707.0406706000003,0,23
1178,-9999.0,-9999.0,-9999.0,-9999.0,-9999.0,-9999.0,-9999.0,-9999.0,-9999.0,color,orientation,size,0.22000000000000003,15.5,10,female,0,2707.0406706000003,0,23
1179,-9999.0,-9999.0,-9999.0,-9999.0,-9999.0,-9999.0,-9999.0,-9999.0,-9999.0,color,orientation,size,0.22000000000000003,15.5,10,female,0,2707.0406706000003,0,23
1180,-9999.0,-9999.0,-9999.0,-9999.0,-9999.0,-9999.0,-9999.0,-9999.0,-9999.0,color,orientation,size,0.22000000000000003,15.5,10,female,0,2707.0406706000003,0,23
1181,-9999.0,-9999.0,-9999.0,-9999.0,-9999.0,-9999.0,-9999.0,-9999.0,-9999.0,color,orientation,size,0.22000000000000003,15.5,10,female,0,2707.0406706000003,0,23
1182,-9999.0,-9999.0,-9999.0,-9999.0,-9999.0,-9999.0,-9999.0,-9999.0,-9999.0,color,orientation,size,0.22000000000000003,15.5,10,female,0,2707.0406706000003,0,23
1183,-9999.0,-9999.0,-9999.0,-9999.0,-9999.0,-9999.0,-9999.0,-9999.0,-9999.0,color,orientation,size,0.22000000000000003,15.5,10,female,0,2707.0406706000003,0,23
1184,-9999.0,-9999.0,-9999.0,-9999.0,-9999.0,-9999.0,-9999.0,-9999.0,-9999.0,color,orientation,size,0.22000000000000003,15.5,10,female,0,2707.0406706000003,0,23
1185,-9999.0,-9999.0,-9999.0,-9999.0,-9999.0,-9999.0,-9999.0,-9999.0,-9999.0,color,orientation,size,0.22000000000000003,15.5,10,female,0,2707.0406706000003,0,23
1186,-9999.0,-9999.0,-9999.0,-9999.0,-9999.0,-9999.0,-9999.0,-9999.0,-9999.0,color,orientation,size,0.22000000000000003,15.5,10,female,0,2707.0406706000003,0,23
1187,-9999.0,-9999.0,-9999.0,-9999.0,-9999.0,-9999.0,-9999.0,-9999.0,-9999.0,color,orientation,size,0.22000000000000003,15.5,10,female,0,2707.0406706000003,0,23
1188,-9999.0,-9999.0,-9999.0,-9999.0,-9999.0,-9999.0,-9999.0,-9999.0,-9999.0,color,orientation,size,0.22000000000000003,15.5,10,female,0,2707.0406706000003,0,23
1189,-9999.0,-9999.0,-9999.0,-9999.0,-9999.0,-9999.0,-9999.0,-9999.0,-9999.0,color,orientation,size,0.22000000000000003,15.5,10,female,0,2707.0406706000003,0,23
1190,-9999.0,-9999.0,-9999.0,-9999.0,-9999.0,-9999.0,-9999.0,-9999.0,-9999.0,color,orientation,size,0.22000000000000003,15.5,10,female,0,2707.0406706000003,0,23
1191,-9999.0,-9999.0,-9999.0,-9999.0,-9999.0,-9999.0,-9999.0,-9999.0,-9999.0,color,orientation,size,0.22000000000000003,15.5,10,female,0,2707.0406706000003,0,23
1192,-9999.0,-9999.0,-9999.0,-9999.0,-9999.0,-9999.0,-9999.0,-9999.0,-9999.0,color,orientation,size,0.22000000000000003,15.5,10,female,0,2707.0406706000003,0,23
1193,-9999.0,-9999.0,-9999.0,-9999.0,-9999.0,-9999.0,-9999.0,-9999.0,-9999.0,color,orientation,size,0.22000000000000003,15.5,10,female,0,2707.0406706000003,0,23
1194,-9999.0,-9999.0,-9999.0,-9999.0,-9999.0,-9999.0,-9999.0,-9999.0,-9999.0,color,orientation,size,0.22000000000000003,15.5,10,female,0,2707.0406706000003,0,23
1195,-9999.0,-9999.0,-9999.0,-9999.0,-9999.0,-9999.0,-9999.0,-9999.0,-9999.0,color,orientation,size,0.22000000000000003,15.5,10,female,0,2707.0406706000003,0,23
1196,-9999.0,-9999.0,-9999.0,-9999.0,-9999.0,-9999.0,-9999.0,-9999.0,-9999.0,color,orientation,size,0.22000000000000003,15.5,10,female,0,2707.0406706000003,0,23
1197,-9999.0,-9999.0,-9999.0,-9999.0,-9999.0,-9999.0,-9999.0,-9999.0,-9999.0,color,orientation,size,0.22000000000000003,15.5,10,female,0,2707.0406706000003,0,23
1198,-9999.0,-9999.0,-9999.0,-9999.0,-9999.0,-9999.0,-9999.0,-9999.0,-9999.0,color,orientation,size,0.22000000000000003,15.5,10,female,0,2707.0406706000003,0,23
1199,-9999.0,-9999.0,-9999.0,-9999.0,-9999.0,-9999.0,-9999.0,-9999.0,-9999.0,color,orientation,size,0.22000000000000003,15.5,10,female,0,2707.0406706000003,0,23
1200,-9999.0,-9999.0,-9999.0,-9999.0,-9999.0,-9999.0,-9999.0,-9999.0,-9999.0,color,orientation,size,0.22000000000000003,15.5,10,female,0,2707.0406706000003,0,23
1201,-9999.0,-9999.0,-9999.0,-9999.0,-9999.0,-9999.0,-9999.0,-9999.0,-9999.0,color,orientation,size,0.22000000000000003,15.5,10,female,0,2707.0406706000003,0,23
1202,-9999.0,-9999.0,-9999.0,-9999.0,-9999.0,-9999.0,-9999.0,-9999.0,-9999.0,color,orientation,size,0.22000000000000003,15.5,10,female,0,2707.0406706000003,0,23
1203,-9999.0,-9999.0,-9999.0,-9999.0,-9999.0,-9999.0,-9999.0,-9999.0,-9999.0,color,orientation,size,0.22000000000000003,15.5,10,female,0,2707.0406706000003,0,23
1204,-9999.0,-9999.0,-9999.0,-9999.0,-9999.0,-9999.0,-9999.0,-9999.0,-9999.0,color,orientation,size,0.22000000000000003,15.5,10,female,0,2707.0406706000003,0,23
1205,-9999.0,-9999.0,-9999.0,-9999.0,-9999.0,-9999.0,-9999.0,-9999.0,-9999.0,color,orientation,size,0.22000000000000003,15.5,10,female,0,2707.0406706000003,0,23
1206,-9999.0,-9999.0,-9999.0,-9999.0,-9999.0,-9999.0,-9999.0,-9999.0,-9999.0,color,orientation,size,0.22000000000000003,15.5,10,female,0,2707.0406706000003,0,23
1207,-9999.0,-9999.0,-9999.0,-9999.0,-9999.0,-9999.0,-9999.0,-9999.0,-9999.0,color,orientation,size,0.22000000000000003,15.5,10,female,0,2707.0406706000003,0,23
1208,-9999.0,-9999.0,-9999.0,-9999.0,-9999.0,-9999.0,-9999.0,-9999.0,-9999.0,color,orientation,size,0.22000000000000003,15.5,10,female,0,2707.0406706000003,0,23
1209,-9999.0,-9999.0,-9999.0,-9999.0,-9999.0,-9999.0,-9999.0,-9999.0,-9999.0,color,orientation,size,0.22000000000000003,15.5,10,female,0,2707.0406706000003,0,23
1210,-9999.0,-9999.0,-9999.0,-9999.0,-9999.0,-9999.0,-9999.0,-9999.0,-9999.0,color,orientation,size,0.22000000000000003,15.5,10,female,0,2707.0406706000003,0,23
1211,-9999.0,-9999.0,-9999.0,-9999.0,-9999.0,-9999.0,-9999.0,-9999.0,-9999.0,color,orientation,size,0.22000000000000003,15.5,10,female,0,2707.0406706000003,0,23
1212,-9999.0,-9999.0,-9999.0,-9999.0,-9999.0,-9999.0,-9999.0,-9999.0,-9999.0,color,orientation,size,0.22000000000000003,15.5,10,female,0,2707.0406706000003,0,23
1213,-9999.0,-9999.0,-9999.0,-9999.0,-9999.0,-9999.0,-9999.0,-9999.0,-9999.0,color,orientation,size,0.22000000000000003,15.5,10,female,0,2707.0406706000003,0,23
1214,-9999.0,-9999.0,-9999.0,-9999.0,-9999.0,-9999.0,-9999.0,-9999.0,-9999.0,color,orientation,size,0.22000000000000003,15.5,10,female,0,2707.0406706000003,0,23
1215,-9999.0,-9999.0,-9999.0,-9999.0,-9999.0,-9999.0,-9999.0,-9999.0,-9999.0,color,orientation,size,0.22000000000000003,15.5,10,female,0,2707.0406706000003,0,23
1216,-9999.0,-9999.0,-9999.0,-9999.0,-9999.0,-9999.0,-9999.0,-9999.0,-9999.0,color,orientation,size,0.22000000000000003,15.5,10,female,0,2707.0406706000003,0,23
1217,-9999.0,-9999.0,-9999.0,-9999.0,-9999.0,-9999.0,-9999.0,-9999.0,-9999.0,color,orientation,size,0.22000000000000003,15.5,10,female,0,2707.0406706000003,0,23
1218,-9999.0,-9999.0,-9999.0,-9999.0,-9999.0,-9999.0,-9999.0,-9999.0,-9999.0,color,orientation,size,0.22000000000000003,15.5,10,female,0,2707.0406706000003,0,23
1219,-9999.0,-9999.0,-9999.0,-9999.0,-9999.0,-9999.0,-9999.0,-9999.0,-9999.0,color,orientation,size,0.22000000000000003,15.5,10,female,0,2707.0406706000003,0,23
1220,-9999.0,-9999.0,-9999.0,-9999.0,-9999.0,-9999.0,-9999.0,-9999.0,-9999.0,color,orientation,size,0.22000000000000003,15.5,10,female,0,2707.0406706000003,0,23
1221,-9999.0,-9999.0,-9999.0,-9999.0,-9999.0,-9999.0,-9999.0,-9999.0,-9999.0,color,orientation,size,0.22000000000000003,15.5,10,female,0,2707.0406706000003,0,23
1222,-9999.0,-9999.0,-9999.0,-9999.0,-9999.0,-9999.0,-9999.0,-9999.0,-9999.0,color,orientation,size,0.22000000000000003,15.5,10,female,0,2707.0406706000003,0,23
1223,-9999.0,-9999.0,-9999.0,-9999.0,-9999.0,-9999.0,-9999.0,-9999.0,-9999.0,color,orientation,size,0.22000000000000003,15.5,10,female,0,2707.0406706000003,0,23
1224,-9999.0,-9999.0,-9999.0,-9999.0,-9999.0,-9999.0,-9999.0,-9999.0,-9999.0,color,orientation,size,0.22000000000000003,15.5,10,female,0,2707.0406706000003,0,23
1225,-9999.0,-9999.0,-9999.0,-9999.0,-9999.0,-9999.0,-9999.0,-9999.0,-9999.0,color,orientation,size,0.22000000000000003,15.5,10,female,0,2707.0406706000003,0,23
1226,-9999.0,-9999.0,-9999.0,-9999.0,-9999.0,-9999.0,-9999.0,-9999.0,-9999.0,color,orientation,size,0.22000000000000003,15.5,10,female,0,2707.0406706000003,0,23
1227,-9999.0,-9999.0,-9999.0,-9999.0,-9999.0,-9999.0,-9999.0,-9999.0,-9999.0,color,orientation,size,0.22000000000000003,15.5,10,female,0,2707.0406706000003,0,23
1228,-9999.0,-9999.0,-9999.0,-9999.0,-9999.0,-9999.0,-9999.0,-9999.0,-9999.0,color,orientation,size,0.22000000000000003,15.5,10,female,0,2707.0406706000003,0,23
1229,-9999.0,-9999.0,-9999.0,-9999.0,-9999.0,-9999.0,-9999.0,-9999.0,-9999.0,color,orientation,size,0.22000000000000003,15.5,10,female,0,2707.0406706000003,0,23
1230,-9999.0,-9999.0,-9999.0,-9999.0,-9999.0,-9999.0,-9999.0,-9999.0,-9999.0,color,orientation,size,0.22000000000000003,15.5,10,female,0,2707.0406706000003,0,23
1231,-9999.0,-9999.0,-9999.0,-9999.0,-9999.0,-9999.0,-9999.0,-9999.0,-9999.0,color,orientation,size,0.22000000000000003,15.5,10,female,0,2707.0406706000003,0,23
1232,-9999.0,-9999.0,-9999.0,-9999.0,-9999.0,-9999.0,-9999.0,-9999.0,-9999.0,color,orientation,size,0.22000000000000003,15.5,10,female,0,2707.0406706000003,0,23
1233,-9999.0,-9999.0,-9999.0,-9999.0,-9999.0,-9999.0,-9999.0,-9999.0,-9999.0,color,orientation,size,0.22000000000000003,15.5,10,female,0,2707.0406706000003,0,23
1234,-9999.0,-9999.0,-9999.0,-9999.0,-9999.0,-9999.0,-9999.0,-9999.0,-9999.0,color,orientation,size,0.22000000000000003,15.5,10,female,0,2707.0406706000003,0,23
1235,-9999.0,-9999.0,-9999.0,-9999.0,-9999.0,-9999.0,-9999.0,-9999.0,-9999.0,color,orientation,size,0.22000000000000003,15.5,10,female,0,2707.0406706000003,0,23
1236,-9999.0,-9999.0,-9999.0,-9999.0,-9999.0,-9999.0,-9999.0,-9999.0,-9999.0,color,orientation,size,0.22000000000000003,15.5,10,female,0,2707.0406706000003,0,23
1237,-9999.0,-9999.0,-9999.0,-9999.0,-9999.0,-9999.0,-9999.0,-9999.0,-9999.0,color,orientation,size,0.22000000000000003,15.5,10,female,0,2707.0406706000003,0,23
1238,-9999.0,-9999.0,-9999.0,-9999.0,-9999.0,-9999.0,-9999.0,-9999.0,-9999.0,color,orientation,size,0.22000000000000003,15.5,10,female,0,2707.0406706000003,0,23
1239,-9999.0,-9999.0,-9999.0,-9999.0,-9999.0,-9999.0,-9999.0,-9999.0,-9999.0,color,orientation,size,0.22000000000000003,15.5,10,female,0,2707.0406706000003,0,23
1240,-9999.0,-9999.0,-9999.0,-9999.0,-9999.0,-9999.0,-9999.0,-9999.0,-9999.0,color,orientation,size,0.22000000000000003,15.5,10,female,0,2707.0406706000003,0,23
1241,-9999.0,-9999.0,-9999.0,-9999.0,-9999.0,-9999.0,-9999.0,-9999.0,-9999.0,color,orientation,size,0.22000000000000003,15.5,10,female,0,2707.0406706000003,0,23
1242,-9999.0,-9999.0,-9999.0,-9999.0,-9999.0,-9999.0,-9999.0,-9999.0,-9999.0,color,orientation,size,0.22000000000000003,15.5,10,female,0,2707.0406706000003,0,23
1243,-9999.0,-9999.0,-9999.0,-9999.0,-9999.0,-9999.0,-9999.0,-9999.0,-9999.0,color,orientation,size,0.22000000000000003,15.5,10,female,0,2707.0406706000003,0,23
1244,-9999.0,-9999.0,-9999.0,-9999.0,-9999.0,-9999.0,-9999.0,-9999.0,-9999.0,color,orientation,size,0.22000000000000003,15.5,10,female,0,2707.0406706000003,0,23
1245,-9999.0,-9999.0,-9999.0,-9999.0,-9999.0,-9999.0,-9999.0,-9999.0,-9999.0,color,orientation,size,0.22000000000000003,15.5,10,female,0,2707.0406706000003,0,23
1246,-9999.0,-9999.0,-9999.0,-9999.0,-9999.0,-9999.0,-9999.0,-9999.0,-9999.0,color,orientation,size,0.22000000000000003,15.5,10,female,0,2707.0406706000003,0,23
1247,-9999.0,-9999.0,-9999.0,-9999.0,-9999.0,-9999.0,-9999.0,-9999.0,-9999.0,color,orientation,size,0.22000000000000003,15.5,10,female,0,2707.0406706000003,0,23
1248,-9999.0,-9999.0,-9999.0,-9999.0,-9999.0,-9999.0,-9999.0,-9999.0,-9999.0,color,orientation,size,0.22000000000000003,15.5,10,female,0,2707.0406706000003,0,23
1249,-9999.0,-9999.0,-9999.0,-9999.0,-9999.0,-9999.0,-9999.0,-9999.0,-9999.0,color,orientation,size,0.22000000000000003,15.5,10,female,0,2707.0406706000003,0,23
1250,-9999.0,-9999.0,-9999.0,-9999.0,-9999.0,-9999.0,-9999.0,-9999.0,-9999.0,color,orientation,size,0.22000000000000003,15.5,10,female,0,2707.0406706000003,0,23
1251,-9999.0,-9999.0,-9999.0,-9999.0,-9999.0,-9999.0,-9999.0,-9999.0,-9999.0,color,orientation,size,0.22000000000000003,15.5,10,female,0,2707.0406706000003,0,23
1252,-9999.0,-9999.0,-9999.0,-9999.0,-9999.0,-9999.0,-9999.0,-9999.0,-9999.0,color,orientation,size,0.22000000000000003,15.5,10,female,0,2707.0406706000003,0,23
1253,-9999.0,-9999.0,-9999.0,-9999.0,-9999.0,-9999.0,-9999.0,-9999.0,-9999.0,color,orientation,size,0.22000000000000003,15.5,10,female,0,2707.0406706000003,0,23
1254,-9999.0,-9999.0,-9999.0,-9999.0,-9999.0,-9999.0,-9999.0,-9999.0,-9999.0,color,orientation,size,0.22000000000000003,15.5,10,female,0,2707.0406706000003,0,23
1255,-9999.0,-9999.0,-9999.0,-9999.0,-9999.0,-9999.0,-9999.0,-9999.0,-9999.0,color,orientation,size,0.22000000000000003,15.5,10,female,0,2707.0406706000003,0,23
1256,-9999.0,-9999.0,-9999.0,-9999.0,-9999.0,-9999.0,-9999.0,-9999.0,-9999.0,color,orientation,size,0.22000000000000003,15.5,10,female,0,2707.0406706000003,0,23
1257,-9999.0,-9999.0,-9999.0,-9999.0,-9999.0,-9999.0,-9999.0,-9999.0,-9999.0,color,orientation,size,0.22000000000000003,15.5,10,female,0,2707.0406706000003,0,23
1258,-9999.0,-9999.0,-9999.0,-9999.0,-9999.0,-9999.0,-9999.0,-9999.0,-9999.0,color,orientation,size,0.22000000000000003,15.5,10,female,0,2707.0406706000003,0,23
1259,-9999.0,-9999.0,-9999.0,-9999.0,-9999.0,-9999.0,-9999.0,-9999.0,-9999.0,color,orientation,size,0.22000000000000003,15.5,10,female,0,2707.0406706000003,0,23
1260,-9999.0,-9999.0,-9999.0,-9999.0,-9999.0,-9999.0,-9999.0,-9999.0,-9999.0,color,orientation,size,0.22000000000000003,15.5,10,female,0,2707.0406706000003,0,23
1261,-9999.0,-9999.0,-9999.0,-9999.0,-9999.0,-9999.0,-9999.0,-9999.0,-9999.0,color,orientation,size,0.22000000000000003,15.5,10,female,0,2707.0406706000003,0,23
1262,-9999.0,-9999.0,-9999.0,-9999.0,-9999.0,-9999.0,-9999.0,-9999.0,-9999.0,color,orientation,size,0.22000000000000003,15.5,10,female,0,2707.0406706000003,0,23
1263,-9999.0,-9999.0,-9999.0,-9999.0,-9999.0,-9999.0,-9999.0,-9999.0,-9999.0,color,orientation,size,0.22000000000000003,15.5,10,female,0,2707.0406706000003,0,23
1264,-9999.0,-9999.0,-9999.0,-9999.0,-9999.0,-9999.0,-9999.0,-9999.0,-9999.0,color,orientation,size,0.22000000000000003,15.5,10,female,0,2707.0406706000003,0,23
1265,-9999.0,-9999.0,-9999.0,-9999.0,-9999.0,-9999.0,-9999.0,-9999.0,-9999.0,color,orientation,size,0.22000000000000003,15.5,10,female,0,2707.0406706000003,0,23
1266,-9999.0,-9999.0,-9999.0,-9999.0,-9999.0,-9999.0,-9999.0,-9999.0,-9999.0,color,orientation,size,0.22000000000000003,15.5,10,female,0,2707.0406706000003,0,23
1267,-9999.0,-9999.0,-9999.0,-9999.0,-9999.0,-9999.0,-9999.0,-9999.0,-9999.0,color,orientation,size,0.22000000000000003,15.5,10,female,0,2707.0406706000003,0,23
1268,-9999.0,-9999.0,-9999.0,-9999.0,-9999.0,-9999.0,-9999.0,-9999.0,-9999.0,color,orientation,size,0.22000000000000003,15.5,10,female,0,2707.0406706000003,0,23
1269,-9999.0,-9999.0,-9999.0,-9999.0,-9999.0,-9999.0,-9999.0,-9999.0,-9999.0,color,orientation,size,0.22000000000000003,15.5,10,female,0,2707.0406706000003,0,23
1270,-9999.0,-9999.0,-9999.0,-9999.0,-9999.0,-9999.0,-9999.0,-9999.0,-9999.0,color,orientation,size,0.22000000000000003,15.5,10,female,0,2707.0406706000003,0,23
1271,-9999.0,-9999.0,-9999.0,-9999.0,-9999.0,-9999.0,-9999.0,-9999.0,-9999.0,color,orientation,size,0.22000000000000003,15.5,10,female,0,2707.0406706000003,0,23
1272,-9999.0,-9999.0,-9999.0,-9999.0,-9999.0,-9999.0,-9999.0,-9999.0,-9999.0,color,orientation,size,0.22000000000000003,15.5,10,female,0,2707.0406706000003,0,23
1273,-9999.0,-9999.0,-9999.0,-9999.0,-9999.0,-9999.0,-9999.0,-9999.0,-9999.0,color,orientation,size,0.22000000000000003,15.5,10,female,0,2707.0406706000003,0,23
1274,-9999.0,-9999.0,-9999.0,-9999.0,-9999.0,-9999.0,-9999.0,-9999.0,-9999.0,color,orientation,size,0.22000000000000003,15.5,10,female,0,2707.0406706000003,0,23
1275,-9999.0,-9999.0,-9999.0,-9999.0,-9999.0,-9999.0,-9999.0,-9999.0,-9999.0,color,orientation,size,0.22000000000000003,15.5,10,female,0,2707.0406706000003,0,23
1276,-9999.0,-9999.0,-9999.0,-9999.0,-9999.0,-9999.0,-9999.0,-9999.0,-9999.0,color,orientation,size,0.22000000000000003,15.5,10,female,0,2707.0406706000003,0,23
1277,-9999.0,-9999.0,-9999.0,-9999.0,-9999.0,-9999.0,-9999.0,-9999.0,-9999.0,color,orientation,size,0.22000000000000003,15.5,10,female,0,2707.0406706000003,0,23
1278,-9999.0,-9999.0,-9999.0,-9999.0,-9999.0,-9999.0,-9999.0,-9999.0,-9999.0,color,orientation,size,0.22000000000000003,15.5,10,female,0,2707.0406706000003,0,23
1279,-9999.0,-9999.0,-9999.0,-9999.0,-9999.0,-9999.0,-9999.0,-9999.0,-9999.0,color,orientation,size,0.22000000000000003,15.5,10,female,0,2707.0406706000003,0,23
1280,-9999.0,-9999.0,-9999.0,-9999.0,-9999.0,-9999.0,-9999.0,-9999.0,-9999.0,color,orientation,size,0.22000000000000003,15.5,10,female,0,2707.0406706000003,0,23
1281,-9999.0,-9999.0,-9999.0,-9999.0,-9999.0,-9999.0,-9999.0,-9999.0,-9999.0,color,orientation,size,0.22000000000000003,15.5,10,female,0,2707.0406706000003,0,23
1282,-9999.0,-9999.0,-9999.0,-9999.0,-9999.0,-9999.0,-9999.0,-9999.0,-9999.0,color,orientation,size,0.22000000000000003,15.5,10,female,0,2707.0406706000003,0,23
1283,-9999.0,-9999.0,-9999.0,-9999.0,-9999.0,-9999.0,-9999.0,-9999.0,-9999.0,color,orientation,size,0.22000000000000003,15.5,10,female,0,2707.0406706000003,0,23
1284,-9999.0,-9999.0,-9999.0,-9999.0,-9999.0,-9999.0,-9999.0,-9999.0,-9999.0,color,orientation,size,0.22000000000000003,15.5,10,female,0,2707.0406706000003,0,23
1285,-9999.0,-9999.0,-9999.0,-9999.0,-9999.0,-9999.0,-9999.0,-9999.0,-9999.0,color,orientation,size,0.22000000000000003,15.5,10,female,0,2707.0406706000003,0,23
1286,-9999.0,-9999.0,-9999.0,-9999.0,-9999.0,-9999.0,-9999.0,-9999.0,-9999.0,color,orientation,size,0.22000000000000003,15.5,10,female,0,2707.0406706000003,0,23
1287,-9999.0,-9999.0,-9999.0,-9999.0,-9999.0,-9999.0,-9999.0,-9999.0,-9999.0,color,orientation,size,0.22000000000000003,15.5,10,female,0,2707.0406706000003,0,23
1288,-9999.0,-9999.0,-9999.0,-9999.0,-9999.0,-9999.0,-9999.0,-9999.0,-9999.0,color,orientation,size,0.22000000000000003,15.5,10,female,0,2707.0406706000003,0,23
1289,-9999.0,-9999.0,-9999.0,-9999.0,-9999.0,-9999.0,-9999.0,-9999.0,-9999.0,color,orientation,size,0.22000000000000003,15.5,10,female,0,2707.0406706000003,0,23
1290,-9999.0,-9999.0,-9999.0,-9999.0,-9999.0,-9999.0,-9999.0,-9999.0,-9999.0,color,orientation,size,0.22000000000000003,15.5,10,female,0,2707.0406706000003,0,23
1291,-9999.0,-9999.0,-9999.0,-9999.0,-9999.0,-9999.0,-9999.0,-9999.0,-9999.0,color,orientation,size,0.22000000000000003,15.5,10,female,0,2707.0406706000003,0,23
1292,-9999.0,-9999.0,-9999.0,-9999.0,-9999.0,-9999.0,-9999.0,-9999.0,-9999.0,color,orientation,size,0.22000000000000003,15.5,10,female,0,2707.0406706000003,0,23
1293,-9999.0,-9999.0,-9999.0,-9999.0,-9999.0,-9999.0,-9999.0,-9999.0,-9999.0,color,orientation,size,0.22000000000000003,15.5,10,female,0,2707.0406706000003,0,23
1294,-9999.0,-9999.0,-9999.0,-9999.0,-9999.0,-9999.0,-9999.0,-9999.0,-9999.0,color,orientation,size,0.22000000000000003,15.5,10,female,0,2707.0406706000003,0,23
1295,-9999.0,-9999.0,-9999.0,-9999.0,-9999.0,-9999.0,-9999.0,-9999.0,-9999.0,color,orientation,size,0.22000000000000003,15.5,10,female,0,2707.0406706000003,0,23
1296,-9999.0,-9999.0,-9999.0,-9999.0,-9999.0,-9999.0,-9999.0,-9999.0,-9999.0,color,orientation,size,0.22000000000000003,15.5,10,female,0,2707.0406706000003,0,23
1297,-9999.0,-9999.0,-9999.0,-9999.0,-9999.0,-9999.0,-9999.0,-9999.0,-9999.0,color,orientation,size,0.22000000000000003,15.5,10,female,0,2707.0406706000003,0,23
1298,-9999.0,-9999.0,-9999.0,-9999.0,-9999.0,-9999.0,-9999.0,-9999.0,-9999.0,color,orientation,size,0.22000000000000003,15.5,10,female,0,2707.0406706000003,0,23
1299,-9999.0,-9999.0,-9999.0,-9999.0,-9999.0,-9999.0,-9999.0,-9999.0,-9999.0,color,orientation,size,0.22000000000000003,15.5,10,female,0,2707.0406706000003,0,23
1300,-9999.0,-9999.0,-9999.0,-9999.0,-9999.0,-9999.0,-9999.0,-9999.0,-9999.0,color,orientation,size,0.22000000000000003,15.5,10,female,0,2707.0406706000003,0,23
1301,-9999.0,-9999.0,-9999.0,-9999.0,-9999.0,-9999.0,-9999.0,-9999.0,-9999.0,color,orientation,size,0.22000000000000003,15.5,10,female,0,2707.0406706000003,0,23
1302,-9999.0,-9999.0,-9999.0,-9999.0,-9999.0,-9999.0,-9999.0,-9999.0,-9999.0,color,orientation,size,0.22000000000000003,15.5,10,female,0,2707.0406706000003,0,23
1303,-9999.0,-9999.0,-9999.0,-9999.0,-9999.0,-9999.0,-9999.0,-9999.0,-9999.0,color,orientation,size,0.22000000000000003,15.5,10,female,0,2707.0406706000003,0,23
1304,-9999.0,-9999.0,-9999.0,-9999.0,-9999.0,-9999.0,-9999.0,-9999.0,-9999.0,color,orientation,size,0.22000000000000003,15.5,10,female,0,2707.0406706000003,0,23
1305,-9999.0,-9999.0,-9999.0,-9999.0,-9999.0,-9999.0,-9999.0,-9999.0,-9999.0,color,orientation,size,0.22000000000000003,15.5,10,female,0,2707.0406706000003,0,23
1306,-9999.0,-9999.0,-9999.0,-9999.0,-9999.0,-9999.0,-9999.0,-9999.0,-9999.0,color,orientation,size,0.22000000000000003,15.5,10,female,0,2707.0406706000003,0,23
1307,-9999.0,-9999.0,-9999.0,-9999.0,-9999.0,-9999.0,-9999.0,-9999.0,-9999.0,color,orientation,size,0.22000000000000003,15.5,10,female,0,2707.0406706000003,0,23
1308,-9999.0,-9999.0,-9999.0,-9999.0,-9999.0,-9999.0,-9999.0,-9999.0,-9999.0,color,orientation,size,0.22000000000000003,15.5,10,female,0,2707.0406706000003,0,23
1309,-9999.0,-9999.0,-9999.0,-9999.0,-9999.0,-9999.0,-9999.0,-9999.0,-9999.0,color,orientation,size,0.22000000000000003,15.5,10,female,0,2707.0406706000003,0,23
1310,-9999.0,-9999.0,-9999.0,-9999.0,-9999.0,-9999.0,-9999.0,-9999.0,-9999.0,color,orientation,size,0.22000000000000003,15.5,10,female,0,2707.0406706000003,0,23
1311,-9999.0,-9999.0,-9999.0,-9999.0,-9999.0,-9999.0,-9999.0,-9999.0,-9999.0,color,orientation,size,0.22000000000000003,15.5,10,female,0,2707.0406706000003,0,23
1312,-9999.0,-9999.0,-9999.0,-9999.0,-9999.0,-9999.0,-9999.0,-9999.0,-9999.0,color,orientation,size,0.22000000000000003,15.5,10,female,0,2707.0406706000003,0,23
1313,-9999.0,-9999.0,-9999.0,-9999.0,-9999.0,-9999.0,-9999.0,-9999.0,-9999.0,color,orientation,size,0.22000000000000003,15.5,10,female,0,2707.0406706000003,0,23
1314,-9999.0,-9999.0,-9999.0,-9999.0,-9999.0,-9999.0,-9999.0,-9999.0,-9999.0,color,orientation,size,0.22000000000000003,15.5,10,female,0,2707.0406706000003,0,23
1315,-9999.0,-9999.0,-9999.0,-9999.0,-9999.0,-9999.0,-9999.0,-9999.0,-9999.0,color,orientation,size,0.22000000000000003,15.5,10,female,0,2707.0406706000003,0,23
1316,-9999.0,-9999.0,-9999.0,-9999.0,-9999.0,-9999.0,-9999.0,-9999.0,-9999.0,color,orientation,size,0.22000000000000003,15.5,10,female,0,2707.0406706000003,0,23
1317,-9999.0,-9999.0,-9999.0,-9999.0,-9999.0,-9999.0,-9999.0,-9999.0,-9999.0,color,orientation,size,0.22000000000000003,15.5,10,female,0,2707.0406706000003,0,23
1318,-9999.0,-9999.0,-9999.0,-9999.0,-9999.0,-9999.0,-9999.0,-9999.0,-9999.0,color,orientation,size,0.22000000000000003,15.5,10,female,0,2707.0406706000003,0,23
1319,-9999.0,-9999.0,-9999.0,-9999.0,-9999.0,-9999.0,-9999.0,-9999.0,-9999.0,color,orientation,size,0.22000000000000003,15.5,10,female,0,2707.0406706000003,0,23
1320,-9999.0,-9999.0,-9999.0,-9999.0,-9999.0,-9999.0,-9999.0,-9999.0,-9999.0,color,orientation,size,0.22000000000000003,15.5,10,female,0,2707.0406706000003,0,23
1321,-9999.0,-9999.0,-9999.0,-9999.0,-9999.0,-9999.0,-9999.0,-9999.0,-9999.0,color,orientation,size,0.22000000000000003,15.5,10,female,0,2707.0406706000003,0,23
1322,-9999.0,-9999.0,-9999.0,-9999.0,-9999.0,-9999.0,-9999.0,-9999.0,-9999.0,color,orientation,size,0.22000000000000003,15.5,10,female,0,2707.0406706000003,0,23
1323,-9999.0,-9999.0,-9999.0,-9999.0,-9999.0,-9999.0,-9999.0,-9999.0,-9999.0,color,orientation,size,0.22000000000000003,15.5,10,female,0,2707.0406706000003,0,23
1324,-9999.0,-9999.0,-9999.0,-9999.0,-9999.0,-9999.0,-9999.0,-9999.0,-9999.0,color,orientation,size,0.22000000000000003,15.5,10,female,0,2707.0406706000003,0,23
1325,-9999.0,-9999.0,-9999.0,-9999.0,-9999.0,-9999.0,-9999.0,-9999.0,-9999.0,color,orientation,size,0.22000000000000003,15.5,10,female,0,2707.0406706000003,0,23
1326,-9999.0,-9999.0,-9999.0,-9999.0,-9999.0,-9999.0,-9999.0,-9999.0,-9999.0,color,orientation,size,0.22000000000000003,15.5,10,female,0,2707.0406706000003,0,23
1327,-9999.0,-9999.0,-9999.0,-9999.0,-9999.0,-9999.0,-9999.0,-9999.0,-9999.0,color,orientation,size,0.22000000000000003,15.5,10,female,0,2707.0406706000003,0,23
1328,-9999.0,-9999.0,-9999.0,-9999.0,-9999.0,-9999.0,-9999.0,-9999.0,-9999.0,color,orientation,size,0.22000000000000003,15.5,10,female,0,2707.0406706000003,0,23
1329,-9999.0,-9999.0,-9999.0,-9999.0,-9999.0,-9999.0,-9999.0,-9999.0,-9999.0,color,orientation,size,0.22000000000000003,15.5,10,female,0,2707.0406706000003,0,23
1330,-9999.0,-9999.0,-9999.0,-9999.0,-9999.0,-9999.0,-9999.0,-9999.0,-9999.0,color,orientation,size,0.22000000000000003,15.5,10,female,0,2707.0406706000003,0,23
1331,-9999.0,-9999.0,-9999.0,-9999.0,-9999.0,-9999.0,-9999.0,-9999.0,-9999.0,color,orientation,size,0.22000000000000003,15.5,10,female,0,2707.0406706000003,0,23
1332,-9999.0,-9999.0,-9999.0,-9999.0,-9999.0,-9999.0,-9999.0,-9999.0,-9999.0,color,orientation,size,0.22000000000000003,15.5,10,female,0,2707.0406706000003,0,23
1333,-9999.0,-9999.0,-9999.0,-9999.0,-9999.0,-9999.0,-9999.0,-9999.0,-9999.0,color,orientation,size,0.22000000000000003,15.5,10,female,0,2707.0406706000003,0,23
1334,-9999.0,-9999.0,-9999.0,-9999.0,-9999.0,-9999.0,-9999.0,-9999.0,-9999.0,color,orientation,size,0.22000000000000003,15.5,10,female,0,2707.0406706000003,0,23
1335,-9999.0,-9999.0,-9999.0,-9999.0,-9999.0,-9999.0,-9999.0,-9999.0,-9999.0,color,orientation,size,0.22000000000000003,15.5,10,female,0,2707.0406706000003,0,23
1336,-9999.0,-9999.0,-9999.0,-9999.0,-9999.0,-9999.0,-9999.0,-9999.0,-9999.0,color,orientation,size,0.22000000000000003,15.5,10,female,0,2707.0406706000003,0,23
1337,-9999.0,-9999.0,-9999.0,-9999.0,-9999.0,-9999.0,-9999.0,-9999.0,-9999.0,color,orientation,size,0.22000000000000003,15.5,10,female,0,2707.0406706000003,0,23
1338,-9999.0,-9999.0,-9999.0,-9999.0,-9999.0,-9999.0,-9999.0,-9999.0,-9999.0,color,orientation,size,0.22000000000000003,15.5,10,female,0,2707.0406706000003,0,23
1339,-9999.0,-9999.0,-9999.0,-9999.0,-9999.0,-9999.0,-9999.0,-9999.0,-9999.0,color,orientation,size,0.22000000000000003,15.5,10,female,0,2707.0406706000003,0,23
1340,-9999.0,-9999.0,-9999.0,-9999.0,-9999.0,-9999.0,-9999.0,-9999.0,-9999.0,color,orientation,size,0.22000000000000003,15.5,10,female,0,2707.0406706000003,0,23
1341,-9999.0,-9999.0,-9999.0,-9999.0,-9999.0,-9999.0,-9999.0,-9999.0,-9999.0,color,orientation,size,0.22000000000000003,15.5,10,female,0,2707.0406706000003,0,23
1342,-9999.0,-9999.0,-9999.0,-9999.0,-9999.0,-9999.0,-9999.0,-9999.0,-9999.0,color,orientation,size,0.22000000000000003,15.5,10,female,0,2707.0406706000003,0,23
1343,-9999.0,-9999.0,-9999.0,-9999.0,-9999.0,-9999.0,-9999.0,-9999.0,-9999.0,color,orientation,size,0.22000000000000003,15.5,10,female,0,2707.0406706000003,0,23
1344,-9999.0,-9999.0,-9999.0,-9999.0,-9999.0,-9999.0,-9999.0,-9999.0,-9999.0,color,orientation,size,0.22000000000000003,15.5,10,female,0,2707.0406706000003,0,23
1345,-9999.0,-9999.0,-9999.0,-9999.0,-9999.0,-9999.0,-9999.0,-9999.0,-9999.0,color,orientation,size,0.22000000000000003,15.5,10,female,0,2707.0406706000003,0,23
1346,-9999.0,-9999.0,-9999.0,-9999.0,-9999.0,-9999.0,-9999.0,-9999.0,-9999.0,color,orientation,size,0.22000000000000003,15.5,10,female,0,2707.0406706000003,0,23
1347,-9999.0,-9999.0,-9999.0,-9999.0,-9999.0,-9999.0,-9999.0,-9999.0,-9999.0,color,orientation,size,0.22000000000000003,15.5,10,female,0,2707.0406706000003,0,23
1348,-9999.0,-9999.0,-9999.0,-9999.0,-9999.0,-9999.0,-9999.0,-9999.0,-9999.0,color,orientation,size,0.22000000000000003,15.5,10,female,0,2707.0406706000003,0,23
1349,-9999.0,-9999.0,-9999.0,-9999.0,-9999.0,-9999.0,-9999.0,-9999.0,-9999.0,color,orientation,size,0.22000000000000003,15.5,10,female,0,2707.0406706000003,0,23
1350,-9999.0,-9999.0,-9999.0,-9999.0,-9999.0,-9999.0,-9999.0,-9999.0,-9999.0,color,orientation,size,0.22000000000000003,15.5,10,female,0,2707.0406706000003,0,23
1351,-9999.0,-9999.0,-9999.0,-9999.0,-9999.0,-9999.0,-9999.0,-9999.0,-9999.0,color,orientation,size,0.22000000000000003,15.5,10,female,0,2707.0406706000003,0,23
1352,-9999.0,-9999.0,-9999.0,-9999.0,-9999.0,-9999.0,-9999.0,-9999.0,-9999.0,color,orientation,size,0.22000000000000003,15.5,10,female,0,2707.0406706000003,0,23
1353,-9999.0,-9999.0,-9999.0,-9999.0,-9999.0,-9999.0,-9999.0,-9999.0,-9999.0,color,orientation,size,0.22000000000000003,15.5,10,female,0,2707.0406706000003,0,23
1354,-9999.0,-9999.0,-9999.0,-9999.0,-9999.0,-9999.0,-9999.0,-9999.0,-9999.0,color,orientation,size,0.22000000000000003,15.5,10,female,0,2707.0406706000003,0,23
1355,-9999.0,-9999.0,-9999.0,-9999.0,-9999.0,-9999.0,-9999.0,-9999.0,-9999.0,color,orientation,size,0.22000000000000003,15.5,10,female,0,2707.0406706000003,0,23
1356,-9999.0,-9999.0,-9999.0,-9999.0,-9999.0,-9999.0,-9999.0,-9999.0,-9999.0,color,orientation,size,0.22000000000000003,15.5,10,female,0,2707.0406706000003,0,23
1357,-9999.0,-9999.0,-9999.0,-9999.0,-9999.0,-9999.0,-9999.0,-9999.0,-9999.0,color,orientation,size,0.22000000000000003,15.5,10,female,0,2707.0406706000003,0,23
1358,-9999.0,-9999.0,-9999.0,-9999.0,-9999.0,-9999.0,-9999.0,-9999.0,-9999.0,color,orientation,size,0.22000000000000003,15.5,10,female,0,2707.0406706000003,0,23
1359,-9999.0,-9999.0,-9999.0,-9999.0,-9999.0,-9999.0,-9999.0,-9999.0,-9999.0,color,orientation,size,0.22000000000000003,15.5,10,female,0,2707.0406706000003,0,23
1360,-9999.0,-9999.0,-9999.0,-9999.0,-9999.0,-9999.0,-9999.0,-9999.0,-9999.0,color,orientation,size,0.22000000000000003,15.5,10,female,0,2707.0406706000003,0,23
1361,-9999.0,-9999.0,-9999.0,-9999.0,-9999.0,-9999.0,-9999.0,-9999.0,-9999.0,color,orientation,size,0.22000000000000003,15.5,10,female,0,2707.0406706000003,0,23
1362,-9999.0,-9999.0,-9999.0,-9999.0,-9999.0,-9999.0,-9999.0,-9999.0,-9999.0,color,orientation,size,0.22000000000000003,15.5,10,female,0,2707.0406706000003,0,23
1363,-9999.0,-9999.0,-9999.0,-9999.0,-9999.0,-9999.0,-9999.0,-9999.0,-9999.0,color,orientation,size,0.22000000000000003,15.5,10,female,0,2707.0406706000003,0,23
1364,-9999.0,-9999.0,-9999.0,-9999.0,-9999.0,-9999.0,-9999.0,-9999.0,-9999.0,color,orientation,size,0.22000000000000003,15.5,10,female,0,2707.0406706000003,0,23
1365,-9999.0,-9999.0,-9999.0,-9999.0,-9999.0,-9999.0,-9999.0,-9999.0,-9999.0,color,orientation,size,0.22000000000000003,15.5,10,female,0,2707.0406706000003,0,23
1366,-9999.0,-9999.0,-9999.0,-9999.0,-9999.0,-9999.0,-9999.0,-9999.0,-9999.0,color,orientation,size,0.22000000000000003,15.5,10,female,0,2707.0406706000003,0,23
1367,-9999.0,-9999.0,-9999.0,-9999.0,-9999.0,-9999.0,-9999.0,-9999.0,-9999.0,color,orientation,size,0.22000000000000003,15.5,10,female,0,2707.0406706000003,0,23
1368,-9999.0,-9999.0,-9999.0,-9999.0,-9999.0,-9999.0,-9999.0,-9999.0,-9999.0,color,orientation,size,0.22000000000000003,15.5,10,female,0,2707.0406706000003,0,23
1369,-9999.0,-9999.0,-9999.0,-9999.0,-9999.0,-9999.0,-9999.0,-9999.0,-9999.0,color,orientation,size,0.22000000000000003,15.5,10,female,0,2707.0406706000003,0,23
1370,-9999.0,-9999.0,-9999.0,-9999.0,-9999.0,-9999.0,-9999.0,-9999.0,-9999.0,color,orientation,size,0.22000000000000003,15.5,10,female,0,2707.0406706000003,0,23
1371,-9999.0,-9999.0,-9999.0,-9999.0,-9999.0,-9999.0,-9999.0,-9999.0,-9999.0,color,orientation,size,0.22000000000000003,15.5,10,female,0,2707.0406706000003,0,23
1372,-9999.0,-9999.0,-9999.0,-9999.0,-9999.0,-9999.0,-9999.0,-9999.0,-9999.0,color,orientation,size,0.22000000000000003,15.5,10,female,0,2707.0406706000003,0,23
1373,-9999.0,-9999.0,-9999.0,-9999.0,-9999.0,-9999.0,-9999.0,-9999.0,-9999.0,color,orientation,size,0.22000000000000003,15.5,10,female,0,2707.0406706000003,0,23
1374,-9999.0,-9999.0,-9999.0,-9999.0,-9999.0,-9999.0,-9999.0,-9999.0,-9999.0,color,orientation,size,0.22000000000000003,15.5,10,female,0,2707.0406706000003,0,23
1375,-9999.0,-9999.0,-9999.0,-9999.0,-9999.0,-9999.0,-9999.0,-9999.0,-9999.0,color,orientation,size,0.22000000000000003,15.5,10,female,0,2707.0406706000003,0,23
1376,-9999.0,-9999.0,-9999.0,-9999.0,-9999.0,-9999.0,-9999.0,-9999.0,-9999.0,color,orientation,size,0.22000000000000003,15.5,10,female,0,2707.0406706000003,0,23
1377,-9999.0,-9999.0,-9999.0,-9999.0,-9999.0,-9999.0,-9999.0,-9999.0,-9999.0,color,orientation,size,0.22000000000000003,15.5,10,female,0,2707.0406706000003,0,23
1378,-9999.0,-9999.0,-9999.0,-9999.0,-9999.0,-9999.0,-9999.0,-9999.0,-9999.0,color,orientation,size,0.22000000000000003,15.5,10,female,0,2707.0406706000003,0,23
1379,-9999.0,-9999.0,-9999.0,-9999.0,-9999.0,-9999.0,-9999.0,-9999.0,-9999.0,color,orientation,size,0.22000000000000003,15.5,10,female,0,2707.0406706000003,0,23
1380,-9999.0,-9999.0,-9999.0,-9999.0,-9999.0,-9999.0,-9999.0,-9999.0,-9999.0,color,orientation,size,0.22000000000000003,15.5,10,female,0,2707.0406706000003,0,23
1381,-9999.0,-9999.0,-9999.0,-9999.0,-9999.0,-9999.0,-9999.0,-9999.0,-9999.0,color,orientation,size,0.22000000000000003,15.5,10,female,0,2707.0406706000003,0,23
1382,-9999.0,-9999.0,-9999.0,-9999.0,-9999.0,-9999.0,-9999.0,-9999.0,-9999.0,color,orientation,size,0.22000000000000003,15.5,10,female,0,2707.0406706000003,0,23
1383,-9999.0,-9999.0,-9999.0,-9999.0,-9999.0,-9999.0,-9999.0,-9999.0,-9999.0,color,orientation,size,0.22000000000000003,15.5,10,female,0,2707.0406706000003,0,23
1384,-9999.0,-9999.0,-9999.0,-9999.0,-9999.0,-9999.0,-9999.0,-9999.0,-9999.0,color,orientation,size,0.22000000000000003,15.5,10,female,0,2707.0406706000003,0,23
1385,-9999.0,-9999.0,-9999.0,-9999.0,-9999.0,-9999.0,-9999.0,-9999.0,-9999.0,color,orientation,size,0.22000000000000003,15.5,10,female,0,2707.0406706000003,0,23
1386,-9999.0,-9999.0,-9999.0,-9999.0,-9999.0,-9999.0,-9999.0,-9999.0,-9999.0,color,orientation,size,0.22000000000000003,15.5,10,female,0,2707.0406706000003,0,23
1387,-9999.0,-9999.0,-9999.0,-9999.0,-9999.0,-9999.0,-9999.0,-9999.0,-9999.0,color,orientation,size,0.22000000000000003,15.5,10,female,0,2707.0406706000003,0,23
1388,-9999.0,-9999.0,-9999.0,-9999.0,-9999.0,-9999.0,-9999.0,-9999.0,-9999.0,color,orientation,size,0.22000000000000003,15.5,10,female,0,2707.0406706000003,0,23
1389,-9999.0,-9999.0,-9999.0,-9999.0,-9999.0,-9999.0,-9999.0,-9999.0,-9999.0,color,orientation,size,0.22000000000000003,15.5,10,female,0,2707.0406706000003,0,23
1390,-9999.0,-9999.0,-9999.0,-9999.0,-9999.0,-9999.0,-9999.0,-9999.0,-9999.0,color,orientation,size,0.22000000000000003,15.5,10,female,0,2707.0406706000003,0,23
1391,-9999.0,-9999.0,-9999.0,-9999.0,-9999.0,-9999.0,-9999.0,-9999.0,-9999.0,color,orientation,size,0.22000000000000003,15.5,10,female,0,2707.0406706000003,0,23
1392,-9999.0,-9999.0,-9999.0,-9999.0,-9999.0,-9999.0,-9999.0,-9999.0,-9999.0,color,orientation,size,0.22000000000000003,15.5,10,female,0,2707.0406706000003,0,23
1393,-9999.0,-9999.0,-9999.0,-9999.0,-9999.0,-9999.0,-9999.0,-9999.0,-9999.0,color,orientation,size,0.22000000000000003,15.5,10,female,0,2707.0406706000003,0,23
1394,-9999.0,-9999.0,-9999.0,-9999.0,-9999.0,-9999.0,-9999.0,-9999.0,-9999.0,color,orientation,size,0.22000000000000003,15.5,10,female,0,2707.0406706000003,0,23
1395,-9999.0,-9999.0,-9999.0,-9999.0,-9999.0,-9999.0,-9999.0,-9999.0,-9999.0,color,orientation,size,0.22000000000000003,15.5,10,female,0,2707.0406706000003,0,23
1396,-9999.0,-9999.0,-9999.0,-9999.0,-9999.0,-9999.0,-9999.0,-9999.0,-9999.0,color,orientation,size,0.22000000000000003,15.5,10,female,0,2707.0406706000003,0,23
1397,-9999.0,-9999.0,-9999.0,-9999.0,-9999.0,-9999.0,-9999.0,-9999.0,-9999.0,color,orientation,size,0.22000000000000003,15.5,10,female,0,2707.0406706000003,0,23
1398,-9999.0,-9999.0,-9999.0,-9999.0,-9999.0,-9999.0,-9999.0,-9999.0,-9999.0,color,orientation,size,0.22000000000000003,15.5,10,female,0,2707.0406706000003,0,23
1399,-9999.0,-9999.0,-9999.0,-9999.0,-9999.0,-9999.0,-9999.0,-9999.0,-9999.0,color,orientation,size,0.22000000000000003,15.5,10,female,0,2707.0406706000003,0,23
1400,-9999.0,-9999.0,-9999.0,-9999.0,-9999.0,-9999.0,-9999.0,-9999.0,-9999.0,color,orientation,size,0.22000000000000003,15.5,10,female,0,2707.0406706000003,0,23
1401,-9999.0,-9999.0,-9999.0,-9999.0,-9999.0,-9999.0,-9999.0,-9999.0,-9999.0,color,orientation,size,0.22000000000000003,15.5,10,female,0,2707.0406706000003,0,23
1402,-9999.0,-9999.0,-9999.0,-9999.0,-9999.0,-9999.0,-9999.0,-9999.0,-9999.0,color,orientation,size,0.22000000000000003,15.5,10,female,0,2707.0406706000003,0,23
1403,-9999.0,-9999.0,-9999.0,-9999.0,-9999.0,-9999.0,-9999.0,-9999.0,-9999.0,color,orientation,size,0.22000000000000003,15.5,10,female,0,2707.0406706000003,0,23
1404,-9999.0,-9999.0,-9999.0,-9999.0,-9999.0,-9999.0,-9999.0,-9999.0,-9999.0,color,orientation,size,0.22000000000000003,15.5,10,female,0,2707.0406706000003,0,23
1405,-9999.0,-9999.0,-9999.0,-9999.0,-9999.0,-9999.0,-9999.0,-9999.0,-9999.0,color,orientation,size,0.22000000000000003,15.5,10,female,0,2707.0406706000003,0,23
1406,-9999.0,-9999.0,-9999.0,-9999.0,-9999.0,-9999.0,-9999.0,-9999.0,-9999.0,color,orientation,size,0.22000000000000003,15.5,10,female,0,2707.0406706000003,0,23
1407,-9999.0,-9999.0,-9999.0,-9999.0,-9999.0,-9999.0,-9999.0,-9999.0,-9999.0,color,orientation,size,0.22000000000000003,15.5,10,female,0,2707.0406706000003,0,23
1408,-9999.0,-9999.0,-9999.0,-9999.0,-9999.0,-9999.0,-9999.0,-9999.0,-9999.0,color,orientation,size,0.22000000000000003,15.5,10,female,0,2707.0406706000003,0,23
1409,-9999.0,-9999.0,-9999.0,-9999.0,-9999.0,-9999.0,-9999.0,-9999.0,-9999.0,color,orientation,size,0.22000000000000003,15.5,10,female,0,2707.0406706000003,0,23
1410,-9999.0,-9999.0,-9999.0,-9999.0,-9999.0,-9999.0,-9999.0,-9999.0,-9999.0,color,orientation,size,0.22000000000000003,15.5,10,female,0,2707.0406706000003,0,23
1411,-9999.0,-9999.0,-9999.0,-9999.0,-9999.0,-9999.0,-9999.0,-9999.0,-9999.0,color,orientation,size,0.22000000000000003,15.5,10,female,0,2707.0406706000003,0,23
1412,-9999.0,-9999.0,-9999.0,-9999.0,-9999.0,-9999.0,-9999.0,-9999.0,-9999.0,color,orientation,size,0.22000000000000003,15.5,10,female,0,2707.0406706000003,0,23
1413,-9999.0,-9999.0,-9999.0,-9999.0,-9999.0,-9999.0,-9999.0,-9999.0,-9999.0,color,orientation,size,0.22000000000000003,15.5,10,female,0,2707.0406706000003,0,23
1414,-9999.0,-9999.0,-9999.0,-9999.0,-9999.0,-9999.0,-9999.0,-9999.0,-9999.0,color,orientation,size,0.22000000000000003,15.5,10,female,0,2707.0406706000003,0,23
1415,-9999.0,-9999.0,-9999.0,-9999.0,-9999.0,-9999.0,-9999.0,-9999.0,-9999.0,color,orientation,size,0.22000000000000003,15.5,10,female,0,2707.0406706000003,0,23
1416,-9999.0,-9999.0,-9999.0,-9999.0,-9999.0,-9999.0,-9999.0,-9999.0,-9999.0,color,orientation,size,0.22000000000000003,15.5,10,female,0,2707.0406706000003,0,23
1417,-9999.0,-9999.0,-9999.0,-9999.0,-9999.0,-9999.0,-9999.0,-9999.0,-9999.0,color,orientation,size,0.22000000000000003,15.5,10,female,0,2707.0406706000003,0,23
1418,-9999.0,-9999.0,-9999.0,-9999.0,-9999.0,-9999.0,-9999.0,-9999.0,-9999.0,color,orientation,size,0.22000000000000003,15.5,10,female,0,2707.0406706000003,0,23
1419,-9999.0,-9999.0,-9999.0,-9999.0,-9999.0,-9999.0,-9999.0,-9999.0,-9999.0,color,orientation,size,0.22000000000000003,15.5,10,female,0,2707.0406706000003,0,23
1420,-9999.0,-9999.0,-9999.0,-9999.0,-9999.0,-9999.0,-9999.0,-9999.0,-9999.0,color,orientation,size,0.22000000000000003,15.5,10,female,0,2707.0406706000003,0,23
1421,-9999.0,-9999.0,-9999.0,-9999.0,-9999.0,-9999.0,-9999.0,-9999.0,-9999.0,color,orientation,size,0.22000000000000003,15.5,10,female,0,2707.0406706000003,0,23
1422,-9999.0,-9999.0,-9999.0,-9999.0,-9999.0,-9999.0,-9999.0,-9999.0,-9999.0,color,orientation,size,0.22000000000000003,15.5,10,female,0,2707.0406706000003,0,23
1423,-9999.0,-9999.0,-9999.0,-9999.0,-9999.0,-9999.0,-9999.0,-9999.0,-9999.0,color,orientation,size,0.22000000000000003,15.5,10,female,0,2707.0406706000003,0,23
1424,-9999.0,-9999.0,-9999.0,-9999.0,-9999.0,-9999.0,-9999.0,-9999.0,-9999.0,color,orientation,size,0.22000000000000003,15.5,10,female,0,2707.0406706000003,0,23
1425,-9999.0,-9999.0,-9999.0,-9999.0,-9999.0,-9999.0,-9999.0,-9999.0,-9999.0,color,orientation,size,0.22000000000000003,15.5,10,female,0,2707.0406706000003,0,23
1426,-9999.0,-9999.0,-9999.0,-9999.0,-9999.0,-9999.0,-9999.0,-9999.0,-9999.0,color,orientation,size,0.22000000000000003,15.5,10,female,0,2707.0406706000003,0,23
1427,-9999.0,-9999.0,-9999.0,-9999.0,-9999.0,-9999.0,-9999.0,-9999.0,-9999.0,color,orientation,size,0.22000000000000003,15.5,10,female,0,2707.0406706000003,0,23
1428,-9999.0,-9999.0,-9999.0,-9999.0,-9999.0,-9999.0,-9999.0,-9999.0,-9999.0,color,orientation,size,0.22000000000000003,15.5,10,female,0,2707.0406706000003,0,23
1429,-9999.0,-9999.0,-9999.0,-9999.0,-9999.0,-9999.0,-9999.0,-9999.0,-9999.0,color,orientation,size,0.22000000000000003,15.5,10,female,0,2707.0406706000003,0,23
1430,-9999.0,-9999.0,-9999.0,-9999.0,-9999.0,-9999.0,-9999.0,-9999.0,-9999.0,color,orientation,size,0.22000000000000003,15.5,10,female,0,2707.0406706000003,0,23
1431,-9999.0,-9999.0,-9999.0,-9999.0,-9999.0,-9999.0,-9999.0,-9999.0,-9999.0,color,orientation,size,0.22000000000000003,15.5,10,female,0,2707.0406706000003,0,23
1432,-9999.0,-9999.0,-9999.0,-9999.0,-9999.0,-9999.0,-9999.0,-9999.0,-9999.0,color,orientation,size,0.22000000000000003,15.5,10,female,0,2707.0406706000003,0,23
1433,-9999.0,-9999.0,-9999.0,-9999.0,-9999.0,-9999.0,-9999.0,-9999.0,-9999.0,color,orientation,size,0.22000000000000003,15.5,10,female,0,2707.0406706000003,0,23
1434,-9999.0,-9999.0,-9999.0,-9999.0,-9999.0,-9999.0,-9999.0,-9999.0,-9999.0,color,orientation,size,0.22000000000000003,15.5,10,female,0,2707.0406706000003,0,23
1435,-9999.0,-9999.0,-9999.0,-9999.0,-9999.0,-9999.0,-9999.0,-9999.0,-9999.0,color,orientation,size,0.22000000000000003,15.5,10,female,0,2707.0406706000003,0,23
1436,-9999.0,-9999.0,-9999.0,-9999.0,-9999.0,-9999.0,-9999.0,-9999.0,-9999.0,color,orientation,size,0.22000000000000003,15.5,10,female,0,2707.0406706000003,0,23
1437,-9999.0,-9999.0,-9999.0,-9999.0,-9999.0,-9999.0,-9999.0,-9999.0,-9999.0,color,orientation,size,0.22000000000000003,15.5,10,female,0,2707.0406706000003,0,23
1438,-9999.0,-9999.0,-9999.0,-9999.0,-9999.0,-9999.0,-9999.0,-9999.0,-9999.0,color,orientation,size,0.22000000000000003,15.5,10,female,0,2707.0406706000003,0,23
1439,-9999.0,-9999.0,-9999.0,-9999.0,-9999.0,-9999.0,-9999.0,-9999.0,-9999.0,color,orientation,size,0.22000000000000003,15.5,10,female,0,2707.0406706000003,0,23
1440,-9999.0,-9999.0,-9999.0,-9999.0,-9999.0,-9999.0,-9999.0,-9999.0,-9999.0,color,orientation,size,0.22000000000000003,15.5,10,female,0,2707.0406706000003,0,23
1441,-9999.0,-9999.0,-9999.0,-9999.0,-9999.0,-9999.0,-9999.0,-9999.0,-9999.0,color,orientation,size,0.22000000000000003,15.5,10,female,0,2707.0406706000003,0,23
1442,-9999.0,-9999.0,-9999.0,-9999.0,-9999.0,-9999.0,-9999.0,-9999.0,-9999.0,color,orientation,size,0.22000000000000003,15.5,10,female,0,2707.0406706000003,0,23
1443,-9999.0,-9999.0,-9999.0,-9999.0,-9999.0,-9999.0,-9999.0,-9999.0,-9999.0,color,orientation,size,0.22000000000000003,15.5,10,female,0,2707.0406706000003,0,23
1444,-9999.0,-9999.0,-9999.0,-9999.0,-9999.0,-9999.0,-9999.0,-9999.0,-9999.0,color,orientation,size,0.22000000000000003,15.5,10,female,0,2707.0406706000003,0,23
1445,-9999.0,-9999.0,-9999.0,-9999.0,-9999.0,-9999.0,-9999.0,-9999.0,-9999.0,color,orientation,size,0.22000000000000003,15.5,10,female,0,2707.0406706000003,0,23
1446,-9999.0,-9999.0,-9999.0,-9999.0,-9999.0,-9999.0,-9999.0,-9999.0,-9999.0,color,orientation,size,0.22000000000000003,15.5,10,female,0,2707.0406706000003,0,23
1447,-9999.0,-9999.0,-9999.0,-9999.0,-9999.0,-9999.0,-9999.0,-9999.0,-9999.0,color,orientation,size,0.22000000000000003,15.5,10,female,0,2707.0406706000003,0,23
1448,-9999.0,-9999.0,-9999.0,-9999.0,-9999.0,-9999.0,-9999.0,-9999.0,-9999.0,color,orientation,size,0.22000000000000003,15.5,10,female,0,2707.0406706000003,0,23
1449,-9999.0,-9999.0,-9999.0,-9999.0,-9999.0,-9999.0,-9999.0,-9999.0,-9999.0,color,orientation,size,0.22000000000000003,15.5,10,female,0,2707.0406706000003,0,23
1450,-9999.0,-9999.0,-9999.0,-9999.0,-9999.0,-9999.0,-9999.0,-9999.0,-9999.0,color,orientation,size,0.22000000000000003,15.5,10,female,0,2707.0406706000003,0,23
1451,-9999.0,-9999.0,-9999.0,-9999.0,-9999.0,-9999.0,-9999.0,-9999.0,-9999.0,color,orientation,size,0.22000000000000003,15.5,10,female,0,2707.0406706000003,0,23
1452,-9999.0,-9999.0,-9999.0,-9999.0,-9999.0,-9999.0,-9999.0,-9999.0,-9999.0,color,orientation,size,0.22000000000000003,15.5,10,female,0,2707.0406706000003,0,23
1453,-9999.0,-9999.0,-9999.0,-9999.0,-9999.0,-9999.0,-9999.0,-9999.0,-9999.0,color,orientation,size,0.22000000000000003,15.5,10,female,0,2707.0406706000003,0,23
1454,-9999.0,-9999.0,-9999.0,-9999.0,-9999.0,-9999.0,-9999.0,-9999.0,-9999.0,color,orientation,size,0.22000000000000003,15.5,10,female,0,2707.0406706000003,0,23
1455,-9999.0,-9999.0,-9999.0,-9999.0,-9999.0,-9999.0,-9999.0,-9999.0,-9999.0,color,orientation,size,0.22000000000000003,15.5,10,female,0,2707.0406706000003,0,23
1456,-9999.0,-9999.0,-9999.0,-9999.0,-9999.0,-9999.0,-9999.0,-9999.0,-9999.0,color,orientation,size,0.22000000000000003,15.5,10,female,0,2707.0406706000003,0,23
1457,-9999.0,-9999.0,-9999.0,-9999.0,-9999.0,-9999.0,-9999.0,-9999.0,-9999.0,color,orientation,size,0.22000000000000003,15.5,10,female,0,2707.0406706000003,0,23
1458,-9999.0,-9999.0,-9999.0,-9999.0,-9999.0,-9999.0,-9999.0,-9999.0,-9999.0,color,orientation,size,0.22000000000000003,15.5,10,female,0,2707.0406706000003,0,23
1459,-9999.0,-9999.0,-9999.0,-9999.0,-9999.0,-9999.0,-9999.0,-9999.0,-9999.0,color,orientation,size,0.22000000000000003,15.5,10,female,0,2707.0406706000003,0,23
1460,-9999.0,-9999.0,-9999.0,-9999.0,-9999.0,-9999.0,-9999.0,-9999.0,-9999.0,color,orientation,size,0.22000000000000003,15.5,10,female,0,2707.0406706000003,0,23
1461,-9999.0,-9999.0,-9999.0,-9999.0,-9999.0,-9999.0,-9999.0,-9999.0,-9999.0,color,orientation,size,0.22000000000000003,15.5,10,female,0,2707.0406706000003,0,23
1462,-9999.0,-9999.0,-9999.0,-9999.0,-9999.0,-9999.0,-9999.0,-9999.0,-9999.0,color,orientation,size,0.22000000000000003,15.5,10,female,0,2707.0406706000003,0,23
1463,-9999.0,-9999.0,-9999.0,-9999.0,-9999.0,-9999.0,-9999.0,-9999.0,-9999.0,color,orientation,size,0.22000000000000003,15.5,10,female,0,2707.0406706000003,0,23
1464,-9999.0,-9999.0,-9999.0,-9999.0,-9999.0,-9999.0,-9999.0,-9999.0,-9999.0,color,orientation,size,0.22000000000000003,15.5,10,female,0,2707.0406706000003,0,23
1465,-9999.0,-9999.0,-9999.0,-9999.0,-9999.0,-9999.0,-9999.0,-9999.0,-9999.0,color,orientation,size,0.22000000000000003,15.5,10,female,0,2707.0406706000003,0,23
1466,-9999.0,-9999.0,-9999.0,-9999.0,-9999.0,-9999.0,-9999.0,-9999.0,-9999.0,color,orientation,size,0.22000000000000003,15.5,10,female,0,2707.0406706000003,0,23
1467,-9999.0,-9999.0,-9999.0,-9999.0,-9999.0,-9999.0,-9999.0,-9999.0,-9999.0,color,orientation,size,0.22000000000000003,15.5,10,female,0,2707.0406706000003,0,23
1468,-9999.0,-9999.0,-9999.0,-9999.0,-9999.0,-9999.0,-9999.0,-9999.0,-9999.0,color,orientation,size,0.22000000000000003,15.5,10,female,0,2707.0406706000003,0,23
1469,-9999.0,-9999.0,-9999.0,-9999.0,-9999.0,-9999.0,-9999.0,-9999.0,-9999.0,color,orientation,size,0.22000000000000003,15.5,10,female,0,2707.0406706000003,0,23
1470,-9999.0,-9999.0,-9999.0,-9999.0,-9999.0,-9999.0,-9999.0,-9999.0,-9999.0,color,orientation,size,0.22000000000000003,15.5,10,female,0,2707.0406706000003,0,23
1471,-9999.0,-9999.0,-9999.0,-9999.0,-9999.0,-9999.0,-9999.0,-9999.0,-9999.0,color,orientation,size,0.22000000000000003,15.5,10,female,0,2707.0406706000003,0,23
1472,-9999.0,-9999.0,-9999.0,-9999.0,-9999.0,-9999.0,-9999.0,-9999.0,-9999.0,color,orientation,size,0.22000000000000003,15.5,10,female,0,2707.0406706000003,0,23
1473,-9999.0,-9999.0,-9999.0,-9999.0,-9999.0,-9999.0,-9999.0,-9999.0,-9999.0,color,orientation,size,0.22000000000000003,15.5,10,female,0,2707.0406706000003,0,23
1474,-9999.0,-9999.0,-9999.0,-9999.0,-9999.0,-9999.0,-9999.0,-9999.0,-9999.0,color,orientation,size,0.22000000000000003,15.5,10,female,0,2707.0406706000003,0,23
1475,-9999.0,-9999.0,-9999.0,-9999.0,-9999.0,-9999.0,-9999.0,-9999.0,-9999.0,color,orientation,size,0.22000000000000003,15.5,10,female,0,2707.0406706000003,0,23
1476,-9999.0,-9999.0,-9999.0,-9999.0,-9999.0,-9999.0,-9999.0,-9999.0,-9999.0,color,orientation,size,0.22000000000000003,15.5,10,female,0,2707.0406706000003,0,23
1477,-9999.0,-9999.0,-9999.0,-9999.0,-9999.0,-9999.0,-9999.0,-9999.0,-9999.0,color,orientation,size,0.22000000000000003,15.5,10,female,0,2707.0406706000003,0,23
1478,-9999.0,-9999.0,-9999.0,-9999.0,-9999.0,-9999.0,-9999.0,-9999.0,-9999.0,color,orientation,size,0.22000000000000003,15.5,10,female,0,2707.0406706000003,0,23
1479,-9999.0,-9999.0,-9999.0,-9999.0,-9999.0,-9999.0,-9999.0,-9999.0,-9999.0,color,orientation,size,0.22000000000000003,15.5,10,female,0,2707.0406706000003,0,23
1480,-9999.0,-9999.0,-9999.0,-9999.0,-9999.0,-9999.0,-9999.0,-9999.0,-9999.0,color,orientation,size,0.22000000000000003,15.5,10,female,0,2707.0406706000003,0,23
1481,-9999.0,-9999.0,-9999.0,-9999.0,-9999.0,-9999.0,-9999.0,-9999.0,-9999.0,color,orientation,size,0.22000000000000003,15.5,10,female,0,2707.0406706000003,0,23
1482,-9999.0,-9999.0,-9999.0,-9999.0,-9999.0,-9999.0,-9999.0,-9999.0,-9999.0,color,orientation,size,0.22000000000000003,15.5,10,female,0,2707.0406706000003,0,23
1483,-9999.0,-9999.0,-9999.0,-9999.0,-9999.0,-9999.0,-9999.0,-9999.0,-9999.0,color,orientation,size,0.22000000000000003,15.5,10,female,0,2707.0406706000003,0,23
1484,-9999.0,-9999.0,-9999.0,-9999.0,-9999.0,-9999.0,-9999.0,-9999.0,-9999.0,color,orientation,size,0.22000000000000003,15.5,10,female,0,2707.0406706000003,0,23
1485,-9999.0,-9999.0,-9999.0,-9999.0,-9999.0,-9999.0,-9999.0,-9999.0,-9999.0,color,orientation,size,0.22000000000000003,15.5,10,female,0,2707.0406706000003,0,23
1486,-9999.0,-9999.0,-9999.0,-9999.0,-9999.0,-9999.0,-9999.0,-9999.0,-9999.0,color,orientation,size,0.22000000000000003,15.5,10,female,0,2707.0406706000003,0,23
1487,-9999.0,-9999.0,-9999.0,-9999.0,-9999.0,-9999.0,-9999.0,-9999.0,-9999.0,color,orientation,size,0.22000000000000003,15.5,10,female,0,2707.0406706000003,0,23
1488,-9999.0,-9999.0,-9999.0,-9999.0,-9999.0,-9999.0,-9999.0,-9999.0,-9999.0,color,orientation,size,0.22000000000000003,15.5,10,female,0,2707.0406706000003,0,23
1489,-9999.0,-9999.0,-9999.0,-9999.0,-9999.0,-9999.0,-9999.0,-9999.0,-9999.0,color,orientation,size,0.22000000000000003,15.5,10,female,0,2707.0406706000003,0,23
1490,-9999.0,-9999.0,-9999.0,-9999.0,-9999.0,-9999.0,-9999.0,-9999.0,-9999.0,color,orientation,size,0.22000000000000003,15.5,10,female,0,2707.0406706000003,0,23
1491,-9999.0,-9999.0,-9999.0,-9999.0,-9999.0,-9999.0,-9999.0,-9999.0,-9999.0,color,orientation,size,0.22000000000000003,15.5,10,female,0,2707.0406706000003,0,23
1492,-9999.0,-9999.0,-9999.0,-9999.0,-9999.0,-9999.0,-9999.0,-9999.0,-9999.0,color,orientation,size,0.22000000000000003,15.5,10,female,0,2707.0406706000003,0,23
1493,-9999.0,-9999.0,-9999.0,-9999.0,-9999.0,-9999.0,-9999.0,-9999.0,-9999.0,color,orientation,size,0.22000000000000003,15.5,10,female,0,2707.0406706000003,0,23
1494,-9999.0,-9999.0,-9999.0,-9999.0,-9999.0,-9999.0,-9999.0,-9999.0,-9999.0,color,orientation,size,0.22000000000000003,15.5,10,female,0,2707.0406706000003,0,23
1495,-9999.0,-9999.0,-9999.0,-9999.0,-9999.0,-9999.0,-9999.0,-9999.0,-9999.0,color,orientation,size,0.22000000000000003,15.5,10,female,0,2707.0406706000003,0,23
1496,-9999.0,-9999.0,-9999.0,-9999.0,-9999.0,-9999.0,-9999.0,-9999.0,-9999.0,color,orientation,size,0.22000000000000003,15.5,10,female,0,2707.0406706000003,0,23
1497,-9999.0,-9999.0,-9999.0,-9999.0,-9999.0,-9999.0,-9999.0,-9999.0,-9999.0,color,orientation,size,0.22000000000000003,15.5,10,female,0,2707.0406706000003,0,23
1498,-9999.0,-9999.0,-9999.0,-9999.0,-9999.0,-9999.0,-9999.0,-9999.0,-9999.0,color,orientation,size,0.22000000000000003,15.5,10,female,0,2707.0406706000003,0,23
1499,-9999.0,-9999.0,-9999.0,-9999.0,-9999.0,-9999.0,-9999.0,-9999.0,-9999.0,color,orientation,size,0.22000000000000003,15.5,10,female,0,2707.0406706000003,0,23
1500,-9999.0,-9999.0,-9999.0,-9999.0,-9999.0,-9999.0,-9999.0,-9999.0,-9999.0,color,orientation,size,0.22000000000000003,15.5,10,female,0,2707.0406706000003,0,23
1501,-9999.0,-9999.0,-9999.0,-9999.0,-9999.0,-9999.0,-9999.0,-9999.0,-9999.0,color,orientation,size,0.22000000000000003,15.5,10,female,0,2707.0406706000003,0,23
1502,-9999.0,-9999.0,-9999.0,-9999.0,-9999.0,-9999.0,-9999.0,-9999.0,-9999.0,color,orientation,size,0.22000000000000003,15.5,10,female,0,2707.0406706000003,0,23
1503,-9999.0,-9999.0,-9999.0,-9999.0,-9999.0,-9999.0,-9999.0,-9999.0,-9999.0,color,orientation,size,0.22000000000000003,15.5,10,female,0,2707.0406706000003,0,23
1504,-9999.0,-9999.0,-9999.0,-9999.0,-9999.0,-9999.0,-9999.0,-9999.0,-9999.0,color,orientation,size,0.22000000000000003,15.5,10,female,0,2707.0406706000003,0,23
1505,-9999.0,-9999.0,-9999.0,-9999.0,-9999.0,-9999.0,-9999.0,-9999.0,-9999.0,color,orientation,size,0.22000000000000003,15.5,10,female,0,2707.0406706000003,0,23
1506,-9999.0,-9999.0,-9999.0,-9999.0,-9999.0,-9999.0,-9999.0,-9999.0,-9999.0,color,orientation,size,0.22000000000000003,15.5,10,female,0,2707.0406706000003,0,23
1507,-9999.0,-9999.0,-9999.0,-9999.0,-9999.0,-9999.0,-9999.0,-9999.0,-9999.0,color,orientation,size,0.22000000000000003,15.5,10,female,0,2707.0406706000003,0,23
1508,-9999.0,-9999.0,-9999.0,-9999.0,-9999.0,-9999.0,-9999.0,-9999.0,-9999.0,color,orientation,size,0.22000000000000003,15.5,10,female,0,2707.0406706000003,0,23
1509,-9999.0,-9999.0,-9999.0,-9999.0,-9999.0,-9999.0,-9999.0,-9999.0,-9999.0,color,orientation,size,0.22000000000000003,15.5,10,female,0,2707.0406706000003,0,23
1510,-9999.0,-9999.0,-9999.0,-9999.0,-9999.0,-9999.0,-9999.0,-9999.0,-9999.0,color,orientation,size,0.22000000000000003,15.5,10,female,0,2707.0406706000003,0,23
1511,-9999.0,-9999.0,-9999.0,-9999.0,-9999.0,-9999.0,-9999.0,-9999.0,-9999.0,color,orientation,size,0.22000000000000003,15.5,10,female,0,2707.0406706000003,0,23
1512,-9999.0,-9999.0,-9999.0,-9999.0,-9999.0,-9999.0,-9999.0,-9999.0,-9999.0,color,orientation,size,0.22000000000000003,15.5,10,female,0,2707.0406706000003,0,23
1513,-9999.0,-9999.0,-9999.0,-9999.0,-9999.0,-9999.0,-9999.0,-9999.0,-9999.0,color,orientation,size,0.22000000000000003,15.5,10,female,0,2707.0406706000003,0,23
1514,-9999.0,-9999.0,-9999.0,-9999.0,-9999.0,-9999.0,-9999.0,-9999.0,-9999.0,color,orientation,size,0.22000000000000003,15.5,10,female,0,2707.0406706000003,0,23
1515,-9999.0,-9999.0,-9999.0,-9999.0,-9999.0,-9999.0,-9999.0,-9999.0,-9999.0,color,orientation,size,0.22000000000000003,15.5,10,female,0,2707.0406706000003,0,23
1516,-9999.0,-9999.0,-9999.0,-9999.0,-9999.0,-9999.0,-9999.0,-9999.0,-9999.0,color,orientation,size,0.22000000000000003,15.5,10,female,0,2707.0406706000003,0,23
1517,-9999.0,-9999.0,-9999.0,-9999.0,-9999.0,-9999.0,-9999.0,-9999.0,-9999.0,color,orientation,size,0.22000000000000003,15.5,10,female,0,2707.0406706000003,0,23
1518,-9999.0,-9999.0,-9999.0,-9999.0,-9999.0,-9999.0,-9999.0,-9999.0,-9999.0,color,orientation,size,0.22000000000000003,15.5,10,female,0,2707.0406706000003,0,23
1519,-9999.0,-9999.0,-9999.0,-9999.0,-9999.0,-9999.0,-9999.0,-9999.0,-9999.0,color,orientation,size,0.22000000000000003,15.5,10,female,0,2707.0406706000003,0,23
1520,-9999.0,-9999.0,-9999.0,-9999.0,-9999.0,-9999.0,-9999.0,-9999.0,-9999.0,color,orientation,size,0.22000000000000003,15.5,10,female,0,2707.0406706000003,0,23
1521,-9999.0,-9999.0,-9999.0,-9999.0,-9999.0,-9999.0,-9999.0,-9999.0,-9999.0,color,orientation,size,0.22000000000000003,15.5,10,female,0,2707.0406706000003,0,23
1522,-9999.0,-9999.0,-9999.0,-9999.0,-9999.0,-9999.0,-9999.0,-9999.0,-9999.0,color,orientation,size,0.22000000000000003,15.5,10,female,0,2707.0406706000003,0,23
1523,-9999.0,-9999.0,-9999.0,-9999.0,-9999.0,-9999.0,-9999.0,-9999.0,-9999.0,color,orientation,size,0.22000000000000003,15.5,10,female,0,2707.0406706000003,0,23
1524,-9999.0,-9999.0,-9999.0,-9999.0,-9999.0,-9999.0,-9999.0,-9999.0,-9999.0,color,orientation,size,0.22000000000000003,15.5,10,female,0,2707.0406706000003,0,23
1525,-9999.0,-9999.0,-9999.0,-9999.0,-9999.0,-9999.0,-9999.0,-9999.0,-9999.0,color,orientation,size,0.22000000000000003,15.5,10,female,0,2707.0406706000003,0,23
1526,-9999.0,-9999.0,-9999.0,-9999.0,-9999.0,-9999.0,-9999.0,-9999.0,-9999.0,color,orientation,size,0.22000000000000003,15.5,10,female,0,2707.0406706000003,0,23
1527,-9999.0,-9999.0,-9999.0,-9999.0,-9999.0,-9999.0,-9999.0,-9999.0,-9999.0,color,orientation,size,0.22000000000000003,15.5,10,female,0,2707.0406706000003,0,23
1528,-9999.0,-9999.0,-9999.0,-9999.0,-9999.0,-9999.0,-9999.0,-9999.0,-9999.0,color,orientation,size,0.22000000000000003,15.5,10,female,0,2707.0406706000003,0,23
1529,-9999.0,-9999.0,-9999.0,-9999.0,-9999.0,-9999.0,-9999.0,-9999.0,-9999.0,color,orientation,size,0.22000000000000003,15.5,10,female,0,2707.0406706000003,0,23
1530,-9999.0,-9999.0,-9999.0,-9999.0,-9999.0,-9999.0,-9999.0,-9999.0,-9999.0,color,orientation,size,0.22000000000000003,15.5,10,female,0,2707.0406706000003,0,23
1531,-9999.0,-9999.0,-9999.0,-9999.0,-9999.0,-9999.0,-9999.0,-9999.0,-9999.0,color,orientation,size,0.22000000000000003,15.5,10,female,0,2707.0406706000003,0,23
1532,-9999.0,-9999.0,-9999.0,-9999.0,-9999.0,-9999.0,-9999.0,-9999.0,-9999.0,color,orientation,size,0.22000000000000003,15.5,10,female,0,2707.0406706000003,0,23
1533,-9999.0,-9999.0,-9999.0,-9999.0,-9999.0,-9999.0,-9999.0,-9999.0,-9999.0,color,orientation,size,0.22000000000000003,15.5,10,female,0,2707.0406706000003,0,23
1534,-9999.0,-9999.0,-9999.0,-9999.0,-9999.0,-9999.0,-9999.0,-9999.0,-9999.0,color,orientation,size,0.22000000000000003,15.5,10,female,0,2707.0406706000003,0,23
1535,-9999.0,-9999.0,-9999.0,-9999.0,-9999.0,-9999.0,-9999.0,-9999.0,-9999.0,color,orientation,size,0.22000000000000003,15.5,10,female,0,2707.0406706000003,0,23
1536,-9999.0,-9999.0,-9999.0,-9999.0,-9999.0,-9999.0,-9999.0,-9999.0,-9999.0,color,orientation,size,0.22000000000000003,15.5,10,female,0,2707.0406706000003,0,23
1537,-9999.0,-9999.0,-9999.0,-9999.0,-9999.0,-9999.0,-9999.0,-9999.0,-9999.0,color,orientation,size,0.22000000000000003,15.5,10,female,0,2707.0406706000003,0,23
1538,-9999.0,-9999.0,-9999.0,-9999.0,-9999.0,-9999.0,-9999.0,-9999.0,-9999.0,color,orientation,size,0.22000000000000003,15.5,10,female,0,2707.0406706000003,0,23
1539,-9999.0,-9999.0,-9999.0,-9999.0,-9999.0,-9999.0,-9999.0,-9999.0,-9999.0,color,orientation,size,0.22000000000000003,15.5,10,female,0,2707.0406706000003,0,23
1540,-9999.0,-9999.0,-9999.0,-9999.0,-9999.0,-9999.0,-9999.0,-9999.0,-9999.0,color,orientation,size,0.22000000000000003,15.5,10,female,0,2707.0406706000003,0,23
1541,-9999.0,-9999.0,-9999.0,-9999.0,-9999.0,-9999.0,-9999.0,-9999.0,-9999.0,color,orientation,size,0.22000000000000003,15.5,10,female,0,2707.0406706000003,0,23
1542,-9999.0,-9999.0,-9999.0,-9999.0,-9999.0,-9999.0,-9999.0,-9999.0,-9999.0,color,orientation,size,0.22000000000000003,15.5,10,female,0,2707.0406706000003,0,23
1543,-9999.0,-9999.0,-9999.0,-9999.0,-9999.0,-9999.0,-9999.0,-9999.0,-9999.0,color,orientation,size,0.22000000000000003,15.5,10,female,0,2707.0406706000003,0,23
1544,-9999.0,-9999.0,-9999.0,-9999.0,-9999.0,-9999.0,-9999.0,-9999.0,-9999.0,color,orientation,size,0.22000000000000003,15.5,10,female,0,2707.0406706000003,0,23
1545,-9999.0,-9999.0,-9999.0,-9999.0,-9999.0,-9999.0,-9999.0,-9999.0,-9999.0,color,orientation,size,0.22000000000000003,15.5,10,female,0,2707.0406706000003,0,23
1546,-9999.0,-9999.0,-9999.0,-9999.0,-9999.0,-9999.0,-9999.0,-9999.0,-9999.0,color,orientation,size,0.22000000000000003,15.5,10,female,0,2707.0406706000003,0,23
1547,-9999.0,-9999.0,-9999.0,-9999.0,-9999.0,-9999.0,-9999.0,-9999.0,-9999.0,color,orientation,size,0.22000000000000003,15.5,10,female,0,2707.0406706000003,0,23
1548,-9999.0,-9999.0,-9999.0,-9999.0,-9999.0,-9999.0,-9999.0,-9999.0,-9999.0,color,orientation,size,0.22000000000000003,15.5,10,female,0,2707.0406706000003,0,23
1549,-9999.0,-9999.0,-9999.0,-9999.0,-9999.0,-9999.0,-9999.0,-9999.0,-9999.0,color,orientation,size,0.22000000000000003,15.5,10,female,0,2707.0406706000003,0,23
1550,-9999.0,-9999.0,-9999.0,-9999.0,-9999.0,-9999.0,-9999.0,-9999.0,-9999.0,color,orientation,size,0.22000000000000003,15.5,10,female,0,2707.0406706000003,0,23
1551,-9999.0,-9999.0,-9999.0,-9999.0,-9999.0,-9999.0,-9999.0,-9999.0,-9999.0,color,orientation,size,0.22000000000000003,15.5,10,female,0,2707.0406706000003,0,23
1552,-9999.0,-9999.0,-9999.0,-9999.0,-9999.0,-9999.0,-9999.0,-9999.0,-9999.0,color,orientation,size,0.22000000000000003,15.5,10,female,0,2707.0406706000003,0,23
1553,-9999.0,-9999.0,-9999.0,-9999.0,-9999.0,-9999.0,-9999.0,-9999.0,-9999.0,color,orientation,size,0.22000000000000003,15.5,10,female,0,2707.0406706000003,0,23
1554,-9999.0,-9999.0,-9999.0,-9999.0,-9999.0,-9999.0,-9999.0,-9999.0,-9999.0,color,orientation,size,0.22000000000000003,15.5,10,female,0,2707.0406706000003,0,23
1555,-9999.0,-9999.0,-9999.0,-9999.0,-9999.0,-9999.0,-9999.0,-9999.0,-9999.0,color,orientation,size,0.22000000000000003,15.5,10,female,0,2707.0406706000003,0,23
1556,-9999.0,-9999.0,-9999.0,-9999.0,-9999.0,-9999.0,-9999.0,-9999.0,-9999.0,color,orientation,size,0.22000000000000003,15.5,10,female,0,2707.0406706000003,0,23
1557,-9999.0,-9999.0,-9999.0,-9999.0,-9999.0,-9999.0,-9999.0,-9999.0,-9999.0,color,orientation,size,0.22000000000000003,15.5,10,female,0,2707.0406706000003,0,23
1558,-9999.0,-9999.0,-9999.0,-9999.0,-9999.0,-9999.0,-9999.0,-9999.0,-9999.0,color,orientation,size,0.22000000000000003,15.5,10,female,0,2707.0406706000003,0,23
1559,-9999.0,-9999.0,-9999.0,-9999.0,-9999.0,-9999.0,-9999.0,-9999.0,-9999.0,color,orientation,size,0.22000000000000003,15.5,10,female,0,2707.0406706000003,0,23
1560,-9999.0,-9999.0,-9999.0,-9999.0,-9999.0,-9999.0,-9999.0,-9999.0,-9999.0,color,orientation,size,0.22000000000000003,15.5,10,female,0,2707.0406706000003,0,23
1561,-9999.0,-9999.0,-9999.0,-9999.0,-9999.0,-9999.0,-9999.0,-9999.0,-9999.0,color,orientation,size,0.22000000000000003,15.5,10,female,0,2707.0406706000003,0,23
1562,-9999.0,-9999.0,-9999.0,-9999.0,-9999.0,-9999.0,-9999.0,-9999.0,-9999.0,color,orientation,size,0.22000000000000003,15.5,10,female,0,2707.0406706000003,0,23
1563,-9999.0,-9999.0,-9999.0,-9999.0,-9999.0,-9999.0,-9999.0,-9999.0,-9999.0,color,orientation,size,0.22000000000000003,15.5,10,female,0,2707.0406706000003,0,23
1564,-9999.0,-9999.0,-9999.0,-9999.0,-9999.0,-9999.0,-9999.0,-9999.0,-9999.0,color,orientation,size,0.22000000000000003,15.5,10,female,0,2707.0406706000003,0,23
1565,-9999.0,-9999.0,-9999.0,-9999.0,-9999.0,-9999.0,-9999.0,-9999.0,-9999.0,color,orientation,size,0.22000000000000003,15.5,10,female,0,2707.0406706000003,0,23
1566,-9999.0,-9999.0,-9999.0,-9999.0,-9999.0,-9999.0,-9999.0,-9999.0,-9999.0,color,orientation,size,0.22000000000000003,15.5,10,female,0,2707.0406706000003,0,23
1567,-9999.0,-9999.0,-9999.0,-9999.0,-9999.0,-9999.0,-9999.0,-9999.0,-9999.0,color,orientation,size,0.22000000000000003,15.5,10,female,0,2707.0406706000003,0,23
1568,-9999.0,-9999.0,-9999.0,-9999.0,-9999.0,-9999.0,-9999.0,-9999.0,-9999.0,color,orientation,size,0.22000000000000003,15.5,10,female,0,2707.0406706000003,0,23
1569,-9999.0,-9999.0,-9999.0,-9999.0,-9999.0,-9999.0,-9999.0,-9999.0,-9999.0,color,orientation,size,0.22000000000000003,15.5,10,female,0,2707.0406706000003,0,23
1570,-9999.0,-9999.0,-9999.0,-9999.0,-9999.0,-9999.0,-9999.0,-9999.0,-9999.0,color,orientation,size,0.22000000000000003,15.5,10,female,0,2707.0406706000003,0,23
1571,-9999.0,-9999.0,-9999.0,-9999.0,-9999.0,-9999.0,-9999.0,-9999.0,-9999.0,color,orientation,size,0.22000000000000003,15.5,10,female,0,2707.0406706000003,0,23
1572,-9999.0,-9999.0,-9999.0,-9999.0,-9999.0,-9999.0,-9999.0,-9999.0,-9999.0,color,orientation,size,0.22000000000000003,15.5,10,female,0,2707.0406706000003,0,23
1573,-9999.0,-9999.0,-9999.0,-9999.0,-9999.0,-9999.0,-9999.0,-9999.0,-9999.0,color,orientation,size,0.22000000000000003,15.5,10,female,0,2707.0406706000003,0,23
1574,-9999.0,-9999.0,-9999.0,-9999.0,-9999.0,-9999.0,-9999.0,-9999.0,-9999.0,color,orientation,size,0.22000000000000003,15.5,10,female,0,2707.0406706000003,0,23
1575,-9999.0,-9999.0,-9999.0,-9999.0,-9999.0,-9999.0,-9999.0,-9999.0,-9999.0,color,orientation,size,0.22000000000000003,15.5,10,female,0,2707.0406706000003,0,23
1576,-9999.0,-9999.0,-9999.0,-9999.0,-9999.0,-9999.0,-9999.0,-9999.0,-9999.0,color,orientation,size,0.22000000000000003,15.5,10,female,0,2707.0406706000003,0,23
1577,-9999.0,-9999.0,-9999.0,-9999.0,-9999.0,-9999.0,-9999.0,-9999.0,-9999.0,color,orientation,size,0.22000000000000003,15.5,10,female,0,2707.0406706000003,0,23
1578,-9999.0,-9999.0,-9999.0,-9999.0,-9999.0,-9999.0,-9999.0,-9999.0,-9999.0,color,orientation,size,0.22000000000000003,15.5,10,female,0,2707.0406706000003,0,23
1579,-9999.0,-9999.0,-9999.0,-9999.0,-9999.0,-9999.0,-9999.0,-9999.0,-9999.0,color,orientation,size,0.22000000000000003,15.5,10,female,0,2707.0406706000003,0,23
1580,-9999.0,-9999.0,-9999.0,-9999.0,-9999.0,-9999.0,-9999.0,-9999.0,-9999.0,color,orientation,size,0.22000000000000003,15.5,10,female,0,2707.0406706000003,0,23
1581,-9999.0,-9999.0,-9999.0,-9999.0,-9999.0,-9999.0,-9999.0,-9999.0,-9999.0,color,orientation,size,0.22000000000000003,15.5,10,female,0,2707.0406706000003,0,23
1582,-9999.0,-9999.0,-9999.0,-9999.0,-9999.0,-9999.0,-9999.0,-9999.0,-9999.0,color,orientation,size,0.22000000000000003,15.5,10,female,0,2707.0406706000003,0,23
1583,-9999.0,-9999.0,-9999.0,-9999.0,-9999.0,-9999.0,-9999.0,-9999.0,-9999.0,color,orientation,size,0.22000000000000003,15.5,10,female,0,2707.0406706000003,0,23
1584,-9999.0,-9999.0,-9999.0,-9999.0,-9999.0,-9999.0,-9999.0,-9999.0,-9999.0,color,orientation,size,0.22000000000000003,15.5,10,female,0,2707.0406706000003,0,23
1585,-9999.0,-9999.0,-9999.0,-9999.0,-9999.0,-9999.0,-9999.0,-9999.0,-9999.0,color,orientation,size,0.22000000000000003,15.5,10,female,0,2707.0406706000003,0,23
1586,-9999.0,-9999.0,-9999.0,-9999.0,-9999.0,-9999.0,-9999.0,-9999.0,-9999.0,color,orientation,size,0.22000000000000003,15.5,10,female,0,2707.0406706000003,0,23
1587,-9999.0,-9999.0,-9999.0,-9999.0,-9999.0,-9999.0,-9999.0,-9999.0,-9999.0,color,orientation,size,0.22000000000000003,15.5,10,female,0,2707.0406706000003,0,23
1588,-9999.0,-9999.0,-9999.0,-9999.0,-9999.0,-9999.0,-9999.0,-9999.0,-9999.0,color,orientation,size,0.22000000000000003,15.5,10,female,0,2707.0406706000003,0,23
1589,-9999.0,-9999.0,-9999.0,-9999.0,-9999.0,-9999.0,-9999.0,-9999.0,-9999.0,color,orientation,size,0.22000000000000003,15.5,10,female,0,2707.0406706000003,0,23
1590,-9999.0,-9999.0,-9999.0,-9999.0,-9999.0,-9999.0,-9999.0,-9999.0,-9999.0,color,orientation,size,0.22000000000000003,15.5,10,female,0,2707.0406706000003,0,23
1591,-9999.0,-9999.0,-9999.0,-9999.0,-9999.0,-9999.0,-9999.0,-9999.0,-9999.0,color,orientation,size,0.22000000000000003,15.5,10,female,0,2707.0406706000003,0,23
1592,-9999.0,-9999.0,-9999.0,-9999.0,-9999.0,-9999.0,-9999.0,-9999.0,-9999.0,color,orientation,size,0.22000000000000003,15.5,10,female,0,2707.0406706000003,0,23
1593,-9999.0,-9999.0,-9999.0,-9999.0,-9999.0,-9999.0,-9999.0,-9999.0,-9999.0,color,orientation,size,0.22000000000000003,15.5,10,female,0,2707.0406706000003,0,23
1594,-9999.0,-9999.0,-9999.0,-9999.0,-9999.0,-9999.0,-9999.0,-9999.0,-9999.0,color,orientation,size,0.22000000000000003,15.5,10,female,0,2707.0406706000003,0,23
1595,-9999.0,-9999.0,-9999.0,-9999.0,-9999.0,-9999.0,-9999.0,-9999.0,-9999.0,color,orientation,size,0.22000000000000003,15.5,10,female,0,2707.0406706000003,0,23
1596,-9999.0,-9999.0,-9999.0,-9999.0,-9999.0,-9999.0,-9999.0,-9999.0,-9999.0,color,orientation,size,0.22000000000000003,15.5,10,female,0,2707.0406706000003,0,23
1597,-9999.0,-9999.0,-9999.0,-9999.0,-9999.0,-9999.0,-9999.0,-9999.0,-9999.0,color,orientation,size,0.22000000000000003,15.5,10,female,0,2707.0406706000003,0,23
1598,-9999.0,-9999.0,-9999.0,-9999.0,-9999.0,-9999.0,-9999.0,-9999.0,-9999.0,color,orientation,size,0.22000000000000003,15.5,10,female,0,2707.0406706000003,0,23
1599,-9999.0,-9999.0,-9999.0,-9999.0,-9999.0,-9999.0,-9999.0,-9999.0,-9999.0,color,orientation,size,0.22000000000000003,15.5,10,female,0,2707.0406706000003,0,23
1600,-9999.0,-9999.0,-9999.0,-9999.0,-9999.0,-9999.0,-9999.0,-9999.0,-9999.0,color,orientation,size,0.22000000000000003,15.5,10,female,0,2707.0406706000003,0,23
1601,-9999.0,-9999.0,-9999.0,-9999.0,-9999.0,-9999.0,-9999.0,-9999.0,-9999.0,color,orientation,size,0.22000000000000003,15.5,10,female,0,2707.0406706000003,0,23
1602,-9999.0,-9999.0,-9999.0,-9999.0,-9999.0,-9999.0,-9999.0,-9999.0,-9999.0,color,orientation,size,0.22000000000000003,15.5,10,female,0,2707.0406706000003,0,23
1603,-9999.0,-9999.0,-9999.0,-9999.0,-9999.0,-9999.0,-9999.0,-9999.0,-9999.0,color,orientation,size,0.22000000000000003,15.5,10,female,0,2707.0406706000003,0,23
1604,-9999.0,-9999.0,-9999.0,-9999.0,-9999.0,-9999.0,-9999.0,-9999.0,-9999.0,color,orientation,size,0.22000000000000003,15.5,10,female,0,2707.0406706000003,0,23
1605,-9999.0,-9999.0,-9999.0,-9999.0,-9999.0,-9999.0,-9999.0,-9999.0,-9999.0,color,orientation,size,0.22000000000000003,15.5,10,female,0,2707.0406706000003,0,23
1606,-9999.0,-9999.0,-9999.0,-9999.0,-9999.0,-9999.0,-9999.0,-9999.0,-9999.0,color,orientation,size,0.22000000000000003,15.5,10,female,0,2707.0406706000003,0,23
1607,-9999.0,-9999.0,-9999.0,-9999.0,-9999.0,-9999.0,-9999.0,-9999.0,-9999.0,color,orientation,size,0.22000000000000003,15.5,10,female,0,2707.0406706000003,0,23
1608,-9999.0,-9999.0,-9999.0,-9999.0,-9999.0,-9999.0,-9999.0,-9999.0,-9999.0,color,orientation,size,0.22000000000000003,15.5,10,female,0,2707.0406706000003,0,23
1609,-9999.0,-9999.0,-9999.0,-9999.0,-9999.0,-9999.0,-9999.0,-9999.0,-9999.0,color,orientation,size,0.22000000000000003,15.5,10,female,0,2707.0406706000003,0,23
1610,-9999.0,-9999.0,-9999.0,-9999.0,-9999.0,-9999.0,-9999.0,-9999.0,-9999.0,color,orientation,size,0.22000000000000003,15.5,10,female,0,2707.0406706000003,0,23
1611,-9999.0,-9999.0,-9999.0,-9999.0,-9999.0,-9999.0,-9999.0,-9999.0,-9999.0,color,orientation,size,0.22000000000000003,15.5,10,female,0,2707.0406706000003,0,23
1612,-9999.0,-9999.0,-9999.0,-9999.0,-9999.0,-9999.0,-9999.0,-9999.0,-9999.0,color,orientation,size,0.22000000000000003,15.5,10,female,0,2707.0406706000003,0,23
1613,-9999.0,-9999.0,-9999.0,-9999.0,-9999.0,-9999.0,-9999.0,-9999.0,-9999.0,color,orientation,size,0.22000000000000003,15.5,10,female,0,2707.0406706000003,0,23
1614,-9999.0,-9999.0,-9999.0,-9999.0,-9999.0,-9999.0,-9999.0,-9999.0,-9999.0,color,orientation,size,0.22000000000000003,15.5,10,female,0,2707.0406706000003,0,23
1615,-9999.0,-9999.0,-9999.0,-9999.0,-9999.0,-9999.0,-9999.0,-9999.0,-9999.0,color,orientation,size,0.22000000000000003,15.5,10,female,0,2707.0406706000003,0,23
1616,-9999.0,-9999.0,-9999.0,-9999.0,-9999.0,-9999.0,-9999.0,-9999.0,-9999.0,color,orientation,size,0.22000000000000003,15.5,10,female,0,2707.0406706000003,0,23
1617,-9999.0,-9999.0,-9999.0,-9999.0,-9999.0,-9999.0,-9999.0,-9999.0,-9999.0,color,orientation,size,0.22000000000000003,15.5,10,female,0,2707.0406706000003,0,23
1618,-9999.0,-9999.0,-9999.0,-9999.0,-9999.0,-9999.0,-9999.0,-9999.0,-9999.0,color,orientation,size,0.22000000000000003,15.5,10,female,0,2707.0406706000003,0,23
1619,-9999.0,-9999.0,-9999.0,-9999.0,-9999.0,-9999.0,-9999.0,-9999.0,-9999.0,color,orientation,size,0.22000000000000003,15.5,10,female,0,2707.0406706000003,0,23
1620,-9999.0,-9999.0,-9999.0,-9999.0,-9999.0,-9999.0,-9999.0,-9999.0,-9999.0,color,orientation,size,0.22000000000000003,15.5,10,female,0,2707.0406706000003,0,23
1621,-9999.0,-9999.0,-9999.0,-9999.0,-9999.0,-9999.0,-9999.0,-9999.0,-9999.0,color,orientation,size,0.22000000000000003,15.5,10,female,0,2707.0406706000003,0,23
1622,-9999.0,-9999.0,-9999.0,-9999.0,-9999.0,-9999.0,-9999.0,-9999.0,-9999.0,color,orientation,size,0.22000000000000003,15.5,10,female,0,2707.0406706000003,0,23
1623,-9999.0,-9999.0,-9999.0,-9999.0,-9999.0,-9999.0,-9999.0,-9999.0,-9999.0,color,orientation,size,0.22000000000000003,15.5,10,female,0,2707.0406706000003,0,23
1624,-9999.0,-9999.0,-9999.0,-9999.0,-9999.0,-9999.0,-9999.0,-9999.0,-9999.0,color,orientation,size,0.22000000000000003,15.5,10,female,0,2707.0406706000003,0,23
1625,-9999.0,-9999.0,-9999.0,-9999.0,-9999.0,-9999.0,-9999.0,-9999.0,-9999.0,color,orientation,size,0.22000000000000003,15.5,10,female,0,2707.0406706000003,0,23
1626,-9999.0,-9999.0,-9999.0,-9999.0,-9999.0,-9999.0,-9999.0,-9999.0,-9999.0,color,orientation,size,0.22000000000000003,15.5,10,female,0,2707.0406706000003,0,23
1627,-9999.0,-9999.0,-9999.0,-9999.0,-9999.0,-9999.0,-9999.0,-9999.0,-9999.0,color,orientation,size,0.22000000000000003,15.5,10,female,0,2707.0406706000003,0,23
1628,-9999.0,-9999.0,-9999.0,-9999.0,-9999.0,-9999.0,-9999.0,-9999.0,-9999.0,color,orientation,size,0.22000000000000003,15.5,10,female,0,2707.0406706000003,0,23
1629,-9999.0,-9999.0,-9999.0,-9999.0,-9999.0,-9999.0,-9999.0,-9999.0,-9999.0,color,orientation,size,0.22000000000000003,15.5,10,female,0,2707.0406706000003,0,23
1630,-9999.0,-9999.0,-9999.0,-9999.0,-9999.0,-9999.0,-9999.0,-9999.0,-9999.0,color,orientation,size,0.22000000000000003,15.5,10,female,0,2707.0406706000003,0,23
1631,-9999.0,-9999.0,-9999.0,-9999.0,-9999.0,-9999.0,-9999.0,-9999.0,-9999.0,color,orientation,size,0.22000000000000003,15.5,10,female,0,2707.0406706000003,0,23
1632,-9999.0,-9999.0,-9999.0,-9999.0,-9999.0,-9999.0,-9999.0,-9999.0,-9999.0,color,orientation,size,0.22000000000000003,15.5,10,female,0,2707.0406706000003,0,23
1633,-9999.0,-9999.0,-9999.0,-9999.0,-9999.0,-9999.0,-9999.0,-9999.0,-9999.0,color,orientation,size,0.22000000000000003,15.5,10,female,0,2707.0406706000003,0,23
1634,-9999.0,-9999.0,-9999.0,-9999.0,-9999.0,-9999.0,-9999.0,-9999.0,-9999.0,color,orientation,size,0.22000000000000003,15.5,10,female,0,2707.0406706000003,0,23
1635,-9999.0,-9999.0,-9999.0,-9999.0,-9999.0,-9999.0,-9999.0,-9999.0,-9999.0,color,orientation,size,0.22000000000000003,15.5,10,female,0,2707.0406706000003,0,23
1636,-9999.0,-9999.0,-9999.0,-9999.0,-9999.0,-9999.0,-9999.0,-9999.0,-9999.0,color,orientation,size,0.22000000000000003,15.5,10,female,0,2707.0406706000003,0,23
1637,-9999.0,-9999.0,-9999.0,-9999.0,-9999.0,-9999.0,-9999.0,-9999.0,-9999.0,color,orientation,size,0.22000000000000003,15.5,10,female,0,2707.0406706000003,0,23
1638,-9999.0,-9999.0,-9999.0,-9999.0,-9999.0,-9999.0,-9999.0,-9999.0,-9999.0,color,orientation,size,0.22000000000000003,15.5,10,female,0,2707.0406706000003,0,23
1639,-9999.0,-9999.0,-9999.0,-9999.0,-9999.0,-9999.0,-9999.0,-9999.0,-9999.0,color,orientation,size,0.22000000000000003,15.5,10,female,0,2707.0406706000003,0,23
1640,-9999.0,-9999.0,-9999.0,-9999.0,-9999.0,-9999.0,-9999.0,-9999.0,-9999.0,color,orientation,size,0.22000000000000003,15.5,10,female,0,2707.0406706000003,0,23
1641,-9999.0,-9999.0,-9999.0,-9999.0,-9999.0,-9999.0,-9999.0,-9999.0,-9999.0,color,orientation,size,0.22000000000000003,15.5,10,female,0,2707.0406706000003,0,23
1642,-9999.0,-9999.0,-9999.0,-9999.0,-9999.0,-9999.0,-9999.0,-9999.0,-9999.0,color,orientation,size,0.22000000000000003,15.5,10,female,0,2707.0406706000003,0,23
1643,-9999.0,-9999.0,-9999.0,-9999.0,-9999.0,-9999.0,-9999.0,-9999.0,-9999.0,color,orientation,size,0.22000000000000003,15.5,10,female,0,2707.0406706000003,0,23
1644,-9999.0,-9999.0,-9999.0,-9999.0,-9999.0,-9999.0,-9999.0,-9999.0,-9999.0,color,orientation,size,0.22000000000000003,15.5,10,female,0,2707.0406706000003,0,23
1645,-9999.0,-9999.0,-9999.0,-9999.0,-9999.0,-9999.0,-9999.0,-9999.0,-9999.0,color,orientation,size,0.22000000000000003,15.5,10,female,0,2707.0406706000003,0,23
1646,-9999.0,-9999.0,-9999.0,-9999.0,-9999.0,-9999.0,-9999.0,-9999.0,-9999.0,color,orientation,size,0.22000000000000003,15.5,10,female,0,2707.0406706000003,0,23
1647,-9999.0,-9999.0,-9999.0,-9999.0,-9999.0,-9999.0,-9999.0,-9999.0,-9999.0,color,orientation,size,0.22000000000000003,15.5,10,female,0,2707.0406706000003,0,23
1648,-9999.0,-9999.0,-9999.0,-9999.0,-9999.0,-9999.0,-9999.0,-9999.0,-9999.0,color,orientation,size,0.22000000000000003,15.5,10,female,0,2707.0406706000003,0,23
1649,-9999.0,-9999.0,-9999.0,-9999.0,-9999.0,-9999.0,-9999.0,-9999.0,-9999.0,color,orientation,size,0.22000000000000003,15.5,10,female,0,2707.0406706000003,0,23
1650,-9999.0,-9999.0,-9999.0,-9999.0,-9999.0,-9999.0,-9999.0,-9999.0,-9999.0,color,orientation,size,0.22000000000000003,15.5,10,female,0,2707.0406706000003,0,23
1651,-9999.0,-9999.0,-9999.0,-9999.0,-9999.0,-9999.0,-9999.0,-9999.0,-9999.0,color,orientation,size,0.22000000000000003,15.5,10,female,0,2707.0406706000003,0,23
1652,-9999.0,-9999.0,-9999.0,-9999.0,-9999.0,-9999.0,-9999.0,-9999.0,-9999.0,color,orientation,size,0.22000000000000003,15.5,10,female,0,2707.0406706000003,0,23
1653,-9999.0,-9999.0,-9999.0,-9999.0,-9999.0,-9999.0,-9999.0,-9999.0,-9999.0,color,orientation,size,0.22000000000000003,15.5,10,female,0,2707.0406706000003,0,23
1654,-9999.0,-9999.0,-9999.0,-9999.0,-9999.0,-9999.0,-9999.0,-9999.0,-9999.0,color,orientation,size,0.22000000000000003,15.5,10,female,0,2707.0406706000003,0,23
1655,-9999.0,-9999.0,-9999.0,-9999.0,-9999.0,-9999.0,-9999.0,-9999.0,-9999.0,color,orientation,size,0.22000000000000003,15.5,10,female,0,2707.0406706000003,0,23
1656,-9999.0,-9999.0,-9999.0,-9999.0,-9999.0,-9999.0,-9999.0,-9999.0,-9999.0,color,orientation,size,0.22000000000000003,15.5,10,female,0,2707.0406706000003,0,23
1657,-9999.0,-9999.0,-9999.0,-9999.0,-9999.0,-9999.0,-9999.0,-9999.0,-9999.0,color,orientation,size,0.22000000000000003,15.5,10,female,0,2707.0406706000003,0,23
1658,-9999.0,-9999.0,-9999.0,-9999.0,-9999.0,-9999.0,-9999.0,-9999.0,-9999.0,color,orientation,size,0.22000000000000003,15.5,10,female,0,2707.0406706000003,0,23
1659,-9999.0,-9999.0,-9999.0,-9999.0,-9999.0,-9999.0,-9999.0,-9999.0,-9999.0,color,orientation,size,0.22000000000000003,15.5,10,female,0,2707.0406706000003,0,23
1660,-9999.0,-9999.0,-9999.0,-9999.0,-9999.0,-9999.0,-9999.0,-9999.0,-9999.0,color,orientation,size,0.22000000000000003,15.5,10,female,0,2707.0406706000003,0,23
1661,-9999.0,-9999.0,-9999.0,-9999.0,-9999.0,-9999.0,-9999.0,-9999.0,-9999.0,color,orientation,size,0.22000000000000003,15.5,10,female,0,2707.0406706000003,0,23
1662,-9999.0,-9999.0,-9999.0,-9999.0,-9999.0,-9999.0,-9999.0,-9999.0,-9999.0,color,orientation,size,0.22000000000000003,15.5,10,female,0,2707.0406706000003,0,23
1663,-9999.0,-9999.0,-9999.0,-9999.0,-9999.0,-9999.0,-9999.0,-9999.0,-9999.0,color,orientation,size,0.22000000000000003,15.5,10,female,0,2707.0406706000003,0,23
1664,-9999.0,-9999.0,-9999.0,-9999.0,-9999.0,-9999.0,-9999.0,-9999.0,-9999.0,color,orientation,size,0.22000000000000003,15.5,10,female,0,2707.0406706000003,0,23
1665,-9999.0,-9999.0,-9999.0,-9999.0,-9999.0,-9999.0,-9999.0,-9999.0,-9999.0,color,orientation,size,0.22000000000000003,15.5,10,female,0,2707.0406706000003,0,23
1666,-9999.0,-9999.0,-9999.0,-9999.0,-9999.0,-9999.0,-9999.0,-9999.0,-9999.0,color,orientation,size,0.22000000000000003,15.5,10,female,0,2707.0406706000003,0,23
1667,-9999.0,-9999.0,-9999.0,-9999.0,-9999.0,-9999.0,-9999.0,-9999.0,-9999.0,color,orientation,size,0.22000000000000003,15.5,10,female,0,2707.0406706000003,0,23
1668,-9999.0,-9999.0,-9999.0,-9999.0,-9999.0,-9999.0,-9999.0,-9999.0,-9999.0,color,orientation,size,0.22000000000000003,15.5,10,female,0,2707.0406706000003,0,23
1669,-9999.0,-9999.0,-9999.0,-9999.0,-9999.0,-9999.0,-9999.0,-9999.0,-9999.0,color,orientation,size,0.22000000000000003,15.5,10,female,0,2707.0406706000003,0,23
1670,-9999.0,-9999.0,-9999.0,-9999.0,-9999.0,-9999.0,-9999.0,-9999.0,-9999.0,color,orientation,size,0.22000000000000003,15.5,10,female,0,2707.0406706000003,0,23
1671,-9999.0,-9999.0,-9999.0,-9999.0,-9999.0,-9999.0,-9999.0,-9999.0,-9999.0,color,orientation,size,0.22000000000000003,15.5,10,female,0,2707.0406706000003,0,23
1672,-9999.0,-9999.0,-9999.0,-9999.0,-9999.0,-9999.0,-9999.0,-9999.0,-9999.0,color,orientation,size,0.22000000000000003,15.5,10,female,0,2707.0406706000003,0,23
1673,-9999.0,-9999.0,-9999.0,-9999.0,-9999.0,-9999.0,-9999.0,-9999.0,-9999.0,color,orientation,size,0.22000000000000003,15.5,10,female,0,2707.0406706000003,0,23
1674,-9999.0,-9999.0,-9999.0,-9999.0,-9999.0,-9999.0,-9999.0,-9999.0,-9999.0,color,orientation,size,0.22000000000000003,15.5,10,female,0,2707.0406706000003,0,23
1675,-9999.0,-9999.0,-9999.0,-9999.0,-9999.0,-9999.0,-9999.0,-9999.0,-9999.0,color,orientation,size,0.22000000000000003,15.5,10,female,0,2707.0406706000003,0,23
1676,-9999.0,-9999.0,-9999.0,-9999.0,-9999.0,-9999.0,-9999.0,-9999.0,-9999.0,color,orientation,size,0.22000000000000003,15.5,10,female,0,2707.0406706000003,0,23
1677,-9999.0,-9999.0,-9999.0,-9999.0,-9999.0,-9999.0,-9999.0,-9999.0,-9999.0,color,orientation,size,0.22000000000000003,15.5,10,female,0,2707.0406706000003,0,23
1678,-9999.0,-9999.0,-9999.0,-9999.0,-9999.0,-9999.0,-9999.0,-9999.0,-9999.0,color,orientation,size,0.22000000000000003,15.5,10,female,0,2707.0406706000003,0,23
1679,-9999.0,-9999.0,-9999.0,-9999.0,-9999.0,-9999.0,-9999.0,-9999.0,-9999.0,color,orientation,size,0.22000000000000003,15.5,10,female,0,2707.0406706000003,0,23
1680,-9999.0,-9999.0,-9999.0,-9999.0,-9999.0,-9999.0,-9999.0,-9999.0,-9999.0,color,orientation,size,0.22000000000000003,15.5,10,female,0,2707.0406706000003,0,23
1681,-9999.0,-9999.0,-9999.0,-9999.0,-9999.0,-9999.0,-9999.0,-9999.0,-9999.0,color,orientation,size,0.22000000000000003,15.5,10,female,0,2707.0406706000003,0,23
1682,-9999.0,-9999.0,-9999.0,-9999.0,-9999.0,-9999.0,-9999.0,-9999.0,-9999.0,color,orientation,size,0.22000000000000003,15.5,10,female,0,2707.0406706000003,0,23
1683,-9999.0,-9999.0,-9999.0,-9999.0,-9999.0,-9999.0,-9999.0,-9999.0,-9999.0,color,orientation,size,0.22000000000000003,15.5,10,female,0,2707.0406706000003,0,23
1684,-9999.0,-9999.0,-9999.0,-9999.0,-9999.0,-9999.0,-9999.0,-9999.0,-9999.0,color,orientation,size,0.22000000000000003,15.5,10,female,0,2707.0406706000003,0,23
1685,-9999.0,-9999.0,-9999.0,-9999.0,-9999.0,-9999.0,-9999.0,-9999.0,-9999.0,color,orientation,size,0.22000000000000003,15.5,10,female,0,2707.0406706000003,0,23
1686,-9999.0,-9999.0,-9999.0,-9999.0,-9999.0,-9999.0,-9999.0,-9999.0,-9999.0,color,orientation,size,0.22000000000000003,15.5,10,female,0,2707.0406706000003,0,23
1687,-9999.0,-9999.0,-9999.0,-9999.0,-9999.0,-9999.0,-9999.0,-9999.0,-9999.0,color,orientation,size,0.22000000000000003,15.5,10,female,0,2707.0406706000003,0,23
1688,-9999.0,-9999.0,-9999.0,-9999.0,-9999.0,-9999.0,-9999.0,-9999.0,-9999.0,color,orientation,size,0.22000000000000003,15.5,10,female,0,2707.0406706000003,0,23
1689,-9999.0,-9999.0,-9999.0,-9999.0,-9999.0,-9999.0,-9999.0,-9999.0,-9999.0,color,orientation,size,0.22000000000000003,15.5,10,female,0,2707.0406706000003,0,23
1690,-9999.0,-9999.0,-9999.0,-9999.0,-9999.0,-9999.0,-9999.0,-9999.0,-9999.0,color,orientation,size,0.22000000000000003,15.5,10,female,0,2707.0406706000003,0,23
1691,-9999.0,-9999.0,-9999.0,-9999.0,-9999.0,-9999.0,-9999.0,-9999.0,-9999.0,color,orientation,size,0.22000000000000003,15.5,10,female,0,2707.0406706000003,0,23
1692,-9999.0,-9999.0,-9999.0,-9999.0,-9999.0,-9999.0,-9999.0,-9999.0,-9999.0,color,orientation,size,0.22000000000000003,15.5,10,female,0,2707.0406706000003,0,23
1693,-9999.0,-9999.0,-9999.0,-9999.0,-9999.0,-9999.0,-9999.0,-9999.0,-9999.0,color,orientation,size,0.22000000000000003,15.5,10,female,0,2707.0406706000003,0,23
1694,-9999.0,-9999.0,-9999.0,-9999.0,-9999.0,-9999.0,-9999.0,-9999.0,-9999.0,color,orientation,size,0.22000000000000003,15.5,10,female,0,2707.0406706000003,0,23
1695,-9999.0,-9999.0,-9999.0,-9999.0,-9999.0,-9999.0,-9999.0,-9999.0,-9999.0,color,orientation,size,0.22000000000000003,15.5,10,female,0,2707.0406706000003,0,23
1696,-9999.0,-9999.0,-9999.0,-9999.0,-9999.0,-9999.0,-9999.0,-9999.0,-9999.0,color,orientation,size,0.22000000000000003,15.5,10,female,0,2707.0406706000003,0,23
1697,-9999.0,-9999.0,-9999.0,-9999.0,-9999.0,-9999.0,-9999.0,-9999.0,-9999.0,color,orientation,size,0.22000000000000003,15.5,10,female,0,2707.0406706000003,0,23
1698,-9999.0,-9999.0,-9999.0,-9999.0,-9999.0,-9999.0,-9999.0,-9999.0,-9999.0,color,orientation,size,0.22000000000000003,15.5,10,female,0,2707.0406706000003,0,23
1699,-9999.0,-9999.0,-9999.0,-9999.0,-9999.0,-9999.0,-9999.0,-9999.0,-9999.0,color,orientation,size,0.22000000000000003,15.5,10,female,0,2707.0406706000003,0,23
1700,-9999.0,-9999.0,-9999.0,-9999.0,-9999.0,-9999.0,-9999.0,-9999.0,-9999.0,color,orientation,size,0.22000000000000003,15.5,10,female,0,2707.0406706000003,0,23
1701,-9999.0,-9999.0,-9999.0,-9999.0,-9999.0,-9999.0,-9999.0,-9999.0,-9999.0,color,orientation,size,0.22000000000000003,15.5,10,female,0,2707.0406706000003,0,23
1702,-9999.0,-9999.0,-9999.0,-9999.0,-9999.0,-9999.0,-9999.0,-9999.0,-9999.0,color,orientation,size,0.22000000000000003,15.5,10,female,0,2707.0406706000003,0,23
1703,-9999.0,-9999.0,-9999.0,-9999.0,-9999.0,-9999.0,-9999.0,-9999.0,-9999.0,color,orientation,size,0.22000000000000003,15.5,10,female,0,2707.0406706000003,0,23
1704,-9999.0,-9999.0,-9999.0,-9999.0,-9999.0,-9999.0,-9999.0,-9999.0,-9999.0,color,orientation,size,0.22000000000000003,15.5,10,female,0,2707.0406706000003,0,23
1705,-9999.0,-9999.0,-9999.0,-9999.0,-9999.0,-9999.0,-9999.0,-9999.0,-9999.0,color,orientation,size,0.22000000000000003,15.5,10,female,0,2707.0406706000003,0,23
1706,-9999.0,-9999.0,-9999.0,-9999.0,-9999.0,-9999.0,-9999.0,-9999.0,-9999.0,color,orientation,size,0.22000000000000003,15.5,10,female,0,2707.0406706000003,0,23
1707,-9999.0,-9999.0,-9999.0,-9999.0,-9999.0,-9999.0,-9999.0,-9999.0,-9999.0,color,orientation,size,0.22000000000000003,15.5,10,female,0,2707.0406706000003,0,23
1708,-9999.0,-9999.0,-9999.0,-9999.0,-9999.0,-9999.0,-9999.0,-9999.0,-9999.0,color,orientation,size,0.22000000000000003,15.5,10,female,0,2707.0406706000003,0,23
1709,-9999.0,-9999.0,-9999.0,-9999.0,-9999.0,-9999.0,-9999.0,-9999.0,-9999.0,color,orientation,size,0.22000000000000003,15.5,10,female,0,2707.0406706000003,0,23
1710,-9999.0,-9999.0,-9999.0,-9999.0,-9999.0,-9999.0,-9999.0,-9999.0,-9999.0,color,orientation,size,0.22000000000000003,15.5,10,female,0,2707.0406706000003,0,23
1711,-9999.0,-9999.0,-9999.0,-9999.0,-9999.0,-9999.0,-9999.0,-9999.0,-9999.0,color,orientation,size,0.22000000000000003,15.5,10,female,0,2707.0406706000003,0,23
1712,-9999.0,-9999.0,-9999.0,-9999.0,-9999.0,-9999.0,-9999.0,-9999.0,-9999.0,color,orientation,size,0.22000000000000003,15.5,10,female,0,2707.0406706000003,0,23
1713,-9999.0,-9999.0,-9999.0,-9999.0,-9999.0,-9999.0,-9999.0,-9999.0,-9999.0,color,orientation,size,0.22000000000000003,15.5,10,female,0,2707.0406706000003,0,23
1714,-9999.0,-9999.0,-9999.0,-9999.0,-9999.0,-9999.0,-9999.0,-9999.0,-9999.0,color,orientation,size,0.22000000000000003,15.5,10,female,0,2707.0406706000003,0,23
1715,-9999.0,-9999.0,-9999.0,-9999.0,-9999.0,-9999.0,-9999.0,-9999.0,-9999.0,color,orientation,size,0.22000000000000003,15.5,10,female,0,2707.0406706000003,0,23
1716,-9999.0,-9999.0,-9999.0,-9999.0,-9999.0,-9999.0,-9999.0,-9999.0,-9999.0,color,orientation,size,0.22000000000000003,15.5,10,female,0,2707.0406706000003,0,23
1717,-9999.0,-9999.0,-9999.0,-9999.0,-9999.0,-9999.0,-9999.0,-9999.0,-9999.0,color,orientation,size,0.22000000000000003,15.5,10,female,0,2707.0406706000003,0,23
1718,-9999.0,-9999.0,-9999.0,-9999.0,-9999.0,-9999.0,-9999.0,-9999.0,-9999.0,color,orientation,size,0.22000000000000003,15.5,10,female,0,2707.0406706000003,0,23
1719,-9999.0,-9999.0,-9999.0,-9999.0,-9999.0,-9999.0,-9999.0,-9999.0,-9999.0,color,orientation,size,0.22000000000000003,15.5,10,female,0,2707.0406706000003,0,23
1720,-9999.0,-9999.0,-9999.0,-9999.0,-9999.0,-9999.0,-9999.0,-9999.0,-9999.0,color,orientation,size,0.22000000000000003,15.5,10,female,0,2707.0406706000003,0,23
1721,-9999.0,-9999.0,-9999.0,-9999.0,-9999.0,-9999.0,-9999.0,-9999.0,-9999.0,color,orientation,size,0.22000000000000003,15.5,10,female,0,2707.0406706000003,0,23
1722,-9999.0,-9999.0,-9999.0,-9999.0,-9999.0,-9999.0,-9999.0,-9999.0,-9999.0,color,orientation,size,0.22000000000000003,15.5,10,female,0,2707.0406706000003,0,23
1723,-9999.0,-9999.0,-9999.0,-9999.0,-9999.0,-9999.0,-9999.0,-9999.0,-9999.0,color,orientation,size,0.22000000000000003,15.5,10,female,0,2707.0406706000003,0,23
1724,-9999.0,-9999.0,-9999.0,-9999.0,-9999.0,-9999.0,-9999.0,-9999.0,-9999.0,color,orientation,size,0.22000000000000003,15.5,10,female,0,2707.0406706000003,0,23
1725,-9999.0,-9999.0,-9999.0,-9999.0,-9999.0,-9999.0,-9999.0,-9999.0,-9999.0,color,orientation,size,0.22000000000000003,15.5,10,female,0,2707.0406706000003,0,23
1726,-9999.0,-9999.0,-9999.0,-9999.0,-9999.0,-9999.0,-9999.0,-9999.0,-9999.0,color,orientation,size,0.22000000000000003,15.5,10,female,0,2707.0406706000003,0,23
1727,-9999.0,-9999.0,-9999.0,-9999.0,-9999.0,-9999.0,-9999.0,-9999.0,-9999.0,color,orientation,size,0.22000000000000003,15.5,10,female,0,2707.0406706000003,0,23
1728,-9999.0,-9999.0,-9999.0,-9999.0,-9999.0,-9999.0,-9999.0,-9999.0,-9999.0,color,orientation,size,0.22000000000000003,15.5,10,female,0,2707.0406706000003,0,23
1729,-9999.0,-9999.0,-9999.0,-9999.0,-9999.0,-9999.0,-9999.0,-9999.0,-9999.0,color,orientation,size,0.22000000000000003,15.5,10,female,0,2707.0406706000003,0,23
1730,-9999.0,-9999.0,-9999.0,-9999.0,-9999.0,-9999.0,-9999.0,-9999.0,-9999.0,color,orientation,size,0.22000000000000003,15.5,10,female,0,2707.0406706000003,0,23
1731,-9999.0,-9999.0,-9999.0,-9999.0,-9999.0,-9999.0,-9999.0,-9999.0,-9999.0,color,orientation,size,0.22000000000000003,15.5,10,female,0,2707.0406706000003,0,23
1732,-9999.0,-9999.0,-9999.0,-9999.0,-9999.0,-9999.0,-9999.0,-9999.0,-9999.0,color,orientation,size,0.22000000000000003,15.5,10,female,0,2707.0406706000003,0,23
1733,-9999.0,-9999.0,-9999.0,-9999.0,-9999.0,-9999.0,-9999.0,-9999.0,-9999.0,color,orientation,size,0.22000000000000003,15.5,10,female,0,2707.0406706000003,0,23
1734,-9999.0,-9999.0,-9999.0,-9999.0,-9999.0,-9999.0,-9999.0,-9999.0,-9999.0,color,orientation,size,0.22000000000000003,15.5,10,female,0,2707.0406706000003,0,23
1735,-9999.0,-9999.0,-9999.0,-9999.0,-9999.0,-9999.0,-9999.0,-9999.0,-9999.0,color,orientation,size,0.22000000000000003,15.5,10,female,0,2707.0406706000003,0,23
1736,-9999.0,-9999.0,-9999.0,-9999.0,-9999.0,-9999.0,-9999.0,-9999.0,-9999.0,color,orientation,size,0.22000000000000003,15.5,10,female,0,2707.0406706000003,0,23
1737,-9999.0,-9999.0,-9999.0,-9999.0,-9999.0,-9999.0,-9999.0,-9999.0,-9999.0,color,orientation,size,0.22000000000000003,15.5,10,female,0,2707.0406706000003,0,23
1738,-9999.0,-9999.0,-9999.0,-9999.0,-9999.0,-9999.0,-9999.0,-9999.0,-9999.0,color,orientation,size,0.22000000000000003,15.5,10,female,0,2707.0406706000003,0,23
1739,-9999.0,-9999.0,-9999.0,-9999.0,-9999.0,-9999.0,-9999.0,-9999.0,-9999.0,color,orientation,size,0.22000000000000003,15.5,10,female,0,2707.0406706000003,0,23
1740,-9999.0,-9999.0,-9999.0,-9999.0,-9999.0,-9999.0,-9999.0,-9999.0,-9999.0,color,orientation,size,0.22000000000000003,15.5,10,female,0,2707.0406706000003,0,23
1741,-9999.0,-9999.0,-9999.0,-9999.0,-9999.0,-9999.0,-9999.0,-9999.0,-9999.0,color,orientation,size,0.22000000000000003,15.5,10,female,0,2707.0406706000003,0,23
1742,-9999.0,-9999.0,-9999.0,-9999.0,-9999.0,-9999.0,-9999.0,-9999.0,-9999.0,color,orientation,size,0.22000000000000003,15.5,10,female,0,2707.0406706000003,0,23
1743,-9999.0,-9999.0,-9999.0,-9999.0,-9999.0,-9999.0,-9999.0,-9999.0,-9999.0,color,orientation,size,0.22000000000000003,15.5,10,female,0,2707.0406706000003,0,23
1744,-9999.0,-9999.0,-9999.0,-9999.0,-9999.0,-9999.0,-9999.0,-9999.0,-9999.0,color,orientation,size,0.22000000000000003,15.5,10,female,0,2707.0406706000003,0,23
1745,-9999.0,-9999.0,-9999.0,-9999.0,-9999.0,-9999.0,-9999.0,-9999.0,-9999.0,color,orientation,size,0.22000000000000003,15.5,10,female,0,2707.0406706000003,0,23
1746,-9999.0,-9999.0,-9999.0,-9999.0,-9999.0,-9999.0,-9999.0,-9999.0,-9999.0,color,orientation,size,0.22000000000000003,15.5,10,female,0,2707.0406706000003,0,23
1747,-9999.0,-9999.0,-9999.0,-9999.0,-9999.0,-9999.0,-9999.0,-9999.0,-9999.0,color,orientation,size,0.22000000000000003,15.5,10,female,0,2707.0406706000003,0,23
1748,-9999.0,-9999.0,-9999.0,-9999.0,-9999.0,-9999.0,-9999.0,-9999.0,-9999.0,color,orientation,size,0.22000000000000003,15.5,10,female,0,2707.0406706000003,0,23
1749,-9999.0,-9999.0,-9999.0,-9999.0,-9999.0,-9999.0,-9999.0,-9999.0,-9999.0,color,orientation,size,0.22000000000000003,15.5,10,female,0,2707.0406706000003,0,23
1750,-9999.0,-9999.0,-9999.0,-9999.0,-9999.0,-9999.0,-9999.0,-9999.0,-9999.0,color,orientation,size,0.22000000000000003,15.5,10,female,0,2707.0406706000003,0,23
1751,-9999.0,-9999.0,-9999.0,-9999.0,-9999.0,-9999.0,-9999.0,-9999.0,-9999.0,color,orientation,size,0.22000000000000003,15.5,10,female,0,2707.0406706000003,0,23
1752,-9999.0,-9999.0,-9999.0,-9999.0,-9999.0,-9999.0,-9999.0,-9999.0,-9999.0,color,orientation,size,0.22000000000000003,15.5,10,female,0,2707.0406706000003,0,23
1753,-9999.0,-9999.0,-9999.0,-9999.0,-9999.0,-9999.0,-9999.0,-9999.0,-9999.0,color,orientation,size,0.22000000000000003,15.5,10,female,0,2707.0406706000003,0,23
1754,-9999.0,-9999.0,-9999.0,-9999.0,-9999.0,-9999.0,-9999.0,-9999.0,-9999.0,color,orientation,size,0.22000000000000003,15.5,10,female,0,2707.0406706000003,0,23
1755,-9999.0,-9999.0,-9999.0,-9999.0,-9999.0,-9999.0,-9999.0,-9999.0,-9999.0,color,orientation,size,0.22000000000000003,15.5,10,female,0,2707.0406706000003,0,23
1756,-9999.0,-9999.0,-9999.0,-9999.0,-9999.0,-9999.0,-9999.0,-9999.0,-9999.0,color,orientation,size,0.22000000000000003,15.5,10,female,0,2707.0406706000003,0,23
1757,-9999.0,-9999.0,-9999.0,-9999.0,-9999.0,-9999.0,-9999.0,-9999.0,-9999.0,color,orientation,size,0.22000000000000003,15.5,10,female,0,2707.0406706000003,0,23
1758,-9999.0,-9999.0,-9999.0,-9999.0,-9999.0,-9999.0,-9999.0,-9999.0,-9999.0,color,orientation,size,0.22000000000000003,15.5,10,female,0,2707.0406706000003,0,23
1759,-9999.0,-9999.0,-9999.0,-9999.0,-9999.0,-9999.0,-9999.0,-9999.0,-9999.0,color,orientation,size,0.22000000000000003,15.5,10,female,0,2707.0406706000003,0,23
1760,-9999.0,-9999.0,-9999.0,-9999.0,-9999.0,-9999.0,-9999.0,-9999.0,-9999.0,color,orientation,size,0.22000000000000003,15.5,10,female,0,2707.0406706000003,0,23
1761,-9999.0,-9999.0,-9999.0,-9999.0,-9999.0,-9999.0,-9999.0,-9999.0,-9999.0,color,orientation,size,0.22000000000000003,15.5,10,female,0,2707.0406706000003,0,23
1762,-9999.0,-9999.0,-9999.0,-9999.0,-9999.0,-9999.0,-9999.0,-9999.0,-9999.0,color,orientation,size,0.22000000000000003,15.5,10,female,0,2707.0406706000003,0,23
1763,-9999.0,-9999.0,-9999.0,-9999.0,-9999.0,-9999.0,-9999.0,-9999.0,-9999.0,color,orientation,size,0.22000000000000003,15.5,10,female,0,2707.0406706000003,0,23
1764,-9999.0,-9999.0,-9999.0,-9999.0,-9999.0,-9999.0,-9999.0,-9999.0,-9999.0,color,orientation,size,0.22000000000000003,15.5,10,female,0,2707.0406706000003,0,23
1765,-9999.0,-9999.0,-9999.0,-9999.0,-9999.0,-9999.0,-9999.0,-9999.0,-9999.0,color,orientation,size,0.22000000000000003,15.5,10,female,0,2707.0406706000003,0,23
1766,-9999.0,-9999.0,-9999.0,-9999.0,-9999.0,-9999.0,-9999.0,-9999.0,-9999.0,color,orientation,size,0.22000000000000003,15.5,10,female,0,2707.0406706000003,0,23
1767,-9999.0,-9999.0,-9999.0,-9999.0,-9999.0,-9999.0,-9999.0,-9999.0,-9999.0,color,orientation,size,0.22000000000000003,15.5,10,female,0,2707.0406706000003,0,23
1768,-9999.0,-9999.0,-9999.0,-9999.0,-9999.0,-9999.0,-9999.0,-9999.0,-9999.0,color,orientation,size,0.22000000000000003,15.5,10,female,0,2707.0406706000003,0,23
1769,-9999.0,-9999.0,-9999.0,-9999.0,-9999.0,-9999.0,-9999.0,-9999.0,-9999.0,color,orientation,size,0.22000000000000003,15.5,10,female,0,2707.0406706000003,0,23
1770,-9999.0,-9999.0,-9999.0,-9999.0,-9999.0,-9999.0,-9999.0,-9999.0,-9999.0,color,orientation,size,0.22000000000000003,15.5,10,female,0,2707.0406706000003,0,23
1771,-9999.0,-9999.0,-9999.0,-9999.0,-9999.0,-9999.0,-9999.0,-9999.0,-9999.0,color,orientation,size,0.22000000000000003,15.5,10,female,0,2707.0406706000003,0,23
1772,-9999.0,-9999.0,-9999.0,-9999.0,-9999.0,-9999.0,-9999.0,-9999.0,-9999.0,color,orientation,size,0.22000000000000003,15.5,10,female,0,2707.0406706000003,0,23
1773,-9999.0,-9999.0,-9999.0,-9999.0,-9999.0,-9999.0,-9999.0,-9999.0,-9999.0,color,orientation,size,0.22000000000000003,15.5,10,female,0,2707.0406706000003,0,23
1774,-9999.0,-9999.0,-9999.0,-9999.0,-9999.0,-9999.0,-9999.0,-9999.0,-9999.0,color,orientation,size,0.22000000000000003,15.5,10,female,0,2707.0406706000003,0,23
1775,-9999.0,-9999.0,-9999.0,-9999.0,-9999.0,-9999.0,-9999.0,-9999.0,-9999.0,color,orientation,size,0.22000000000000003,15.5,10,female,0,2707.0406706000003,0,23
1776,-9999.0,-9999.0,-9999.0,-9999.0,-9999.0,-9999.0,-9999.0,-9999.0,-9999.0,color,orientation,size,0.22000000000000003,15.5,10,female,0,2707.0406706000003,0,23
1777,-9999.0,-9999.0,-9999.0,-9999.0,-9999.0,-9999.0,-9999.0,-9999.0,-9999.0,color,orientation,size,0.22000000000000003,15.5,10,female,0,2707.0406706000003,0,23
1778,-9999.0,-9999.0,-9999.0,-9999.0,-9999.0,-9999.0,-9999.0,-9999.0,-9999.0,color,orientation,size,0.22000000000000003,15.5,10,female,0,2707.0406706000003,0,23
1779,-9999.0,-9999.0,-9999.0,-9999.0,-9999.0,-9999.0,-9999.0,-9999.0,-9999.0,color,orientation,size,0.22000000000000003,15.5,10,female,0,2707.0406706000003,0,23
1780,-9999.0,-9999.0,-9999.0,-9999.0,-9999.0,-9999.0,-9999.0,-9999.0,-9999.0,color,orientation,size,0.22000000000000003,15.5,10,female,0,2707.0406706000003,0,23
1781,-9999.0,-9999.0,-9999.0,-9999.0,-9999.0,-9999.0,-9999.0,-9999.0,-9999.0,color,orientation,size,0.22000000000000003,15.5,10,female,0,2707.0406706000003,0,23
1782,-9999.0,-9999.0,-9999.0,-9999.0,-9999.0,-9999.0,-9999.0,-9999.0,-9999.0,color,orientation,size,0.22000000000000003,15.5,10,female,0,2707.0406706000003,0,23
1783,-9999.0,-9999.0,-9999.0,-9999.0,-9999.0,-9999.0,-9999.0,-9999.0,-9999.0,color,orientation,size,0.22000000000000003,15.5,10,female,0,2707.0406706000003,0,23
1784,-9999.0,-9999.0,-9999.0,-9999.0,-9999.0,-9999.0,-9999.0,-9999.0,-9999.0,color,orientation,size,0.22000000000000003,15.5,10,female,0,2707.0406706000003,0,23
1785,-9999.0,-9999.0,-9999.0,-9999.0,-9999.0,-9999.0,-9999.0,-9999.0,-9999.0,color,orientation,size,0.22000000000000003,15.5,10,female,0,2707.0406706000003,0,23
1786,-9999.0,-9999.0,-9999.0,-9999.0,-9999.0,-9999.0,-9999.0,-9999.0,-9999.0,color,orientation,size,0.22000000000000003,15.5,10,female,0,2707.0406706000003,0,23
1787,-9999.0,-9999.0,-9999.0,-9999.0,-9999.0,-9999.0,-9999.0,-9999.0,-9999.0,color,orientation,size,0.22000000000000003,15.5,10,female,0,2707.0406706000003,0,23
1788,-9999.0,-9999.0,-9999.0,-9999.0,-9999.0,-9999.0,-9999.0,-9999.0,-9999.0,color,orientation,size,0.22000000000000003,15.5,10,female,0,2707.0406706000003,0,23
1789,-9999.0,-9999.0,-9999.0,-9999.0,-9999.0,-9999.0,-9999.0,-9999.0,-9999.0,color,orientation,size,0.22000000000000003,15.5,10,female,0,2707.0406706000003,0,23
1790,-9999.0,-9999.0,-9999.0,-9999.0,-9999.0,-9999.0,-9999.0,-9999.0,-9999.0,color,orientation,size,0.22000000000000003,15.5,10,female,0,2707.0406706000003,0,23
1791,-9999.0,-9999.0,-9999.0,-9999.0,-9999.0,-9999.0,-9999.0,-9999.0,-9999.0,color,orientation,size,0.22000000000000003,15.5,10,female,0,2707.0406706000003,0,23
1792,-9999.0,-9999.0,-9999.0,-9999.0,-9999.0,-9999.0,-9999.0,-9999.0,-9999.0,color,orientation,size,0.22000000000000003,15.5,10,female,0,2707.0406706000003,0,23
1793,-9999.0,-9999.0,-9999.0,-9999.0,-9999.0,-9999.0,-9999.0,-9999.0,-9999.0,color,orientation,size,0.22000000000000003,15.5,10,female,0,2707.0406706000003,0,23
1794,-9999.0,-9999.0,-9999.0,-9999.0,-9999.0,-9999.0,-9999.0,-9999.0,-9999.0,color,orientation,size,0.22000000000000003,15.5,10,female,0,2707.0406706000003,0,23
1795,-9999.0,-9999.0,-9999.0,-9999.0,-9999.0,-9999.0,-9999.0,-9999.0,-9999.0,color,orientation,size,0.22000000000000003,15.5,10,female,0,2707.0406706000003,0,23
1796,-9999.0,-9999.0,-9999.0,-9999.0,-9999.0,-9999.0,-9999.0,-9999.0,-9999.0,color,orientation,size,0.22000000000000003,15.5,10,female,0,2707.0406706000003,0,23
1797,-9999.0,-9999.0,-9999.0,-9999.0,-9999.0,-9999.0,-9999.0,-9999.0,-9999.0,color,orientation,size,0.22000000000000003,15.5,10,female,0,2707.0406706000003,0,23
1798,-9999.0,-9999.0,-9999.0,-9999.0,-9999.0,-9999.0,-9999.0,-9999.0,-9999.0,color,orientation,size,0.22000000000000003,15.5,10,female,0,2707.0406706000003,0,23
1799,-9999.0,-9999.0,-9999.0,-9999.0,-9999.0,-9999.0,-9999.0,-9999.0,-9999.0,color,orientation,size,0.22000000000000003,15.5,10,female,0,2707.0406706000003,0,23
1800,-9999.0,-9999.0,-9999.0,-9999.0,-9999.0,-9999.0,-9999.0,-9999.0,-9999.0,color,orientation,size,0.22000000000000003,15.5,10,female,0,2707.0406706000003,0,23
1801,-9999.0,-9999.0,-9999.0,-9999.0,-9999.0,-9999.0,-9999.0,-9999.0,-9999.0,color,orientation,size,0.22000000000000003,15.5,10,female,0,2707.0406706000003,0,23
1802,-9999.0,-9999.0,-9999.0,-9999.0,-9999.0,-9999.0,-9999.0,-9999.0,-9999.0,color,orientation,size,0.22000000000000003,15.5,10,female,0,2707.0406706000003,0,23
1803,-9999.0,-9999.0,-9999.0,-9999.0,-9999.0,-9999.0,-9999.0,-9999.0,-9999.0,color,orientation,size,0.22000000000000003,15.5,10,female,0,2707.0406706000003,0,23
1804,-9999.0,-9999.0,-9999.0,-9999.0,-9999.0,-9999.0,-9999.0,-9999.0,-9999.0,color,orientation,size,0.22000000000000003,15.5,10,female,0,2707.0406706000003,0,23
1805,-9999.0,-9999.0,-9999.0,-9999.0,-9999.0,-9999.0,-9999.0,-9999.0,-9999.0,color,orientation,size,0.22000000000000003,15.5,10,female,0,2707.0406706000003,0,23
1806,-9999.0,-9999.0,-9999.0,-9999.0,-9999.0,-9999.0,-9999.0,-9999.0,-9999.0,color,orientation,size,0.22000000000000003,15.5,10,female,0,2707.0406706000003,0,23
1807,-9999.0,-9999.0,-9999.0,-9999.0,-9999.0,-9999.0,-9999.0,-9999.0,-9999.0,color,orientation,size,0.22000000000000003,15.5,10,female,0,2707.0406706000003,0,23
1808,-9999.0,-9999.0,-9999.0,-9999.0,-9999.0,-9999.0,-9999.0,-9999.0,-9999.0,color,orientation,size,0.22000000000000003,15.5,10,female,0,2707.0406706000003,0,23
1809,-9999.0,-9999.0,-9999.0,-9999.0,-9999.0,-9999.0,-9999.0,-9999.0,-9999.0,color,orientation,size,0.22000000000000003,15.5,10,female,0,2707.0406706000003,0,23
1810,-9999.0,-9999.0,-9999.0,-9999.0,-9999.0,-9999.0,-9999.0,-9999.0,-9999.0,color,orientation,size,0.22000000000000003,15.5,10,female,0,2707.0406706000003,0,23
1811,-9999.0,-9999.0,-9999.0,-9999.0,-9999.0,-9999.0,-9999.0,-9999.0,-9999.0,color,orientation,size,0.22000000000000003,15.5,10,female,0,2707.0406706000003,0,23
1812,-9999.0,-9999.0,-9999.0,-9999.0,-9999.0,-9999.0,-9999.0,-9999.0,-9999.0,color,orientation,size,0.22000000000000003,15.5,10,female,0,2707.0406706000003,0,23
1813,-9999.0,-9999.0,-9999.0,-9999.0,-9999.0,-9999.0,-9999.0,-9999.0,-9999.0,color,orientation,size,0.22000000000000003,15.5,10,female,0,2707.0406706000003,0,23
1814,-9999.0,-9999.0,-9999.0,-9999.0,-9999.0,-9999.0,-9999.0,-9999.0,-9999.0,color,orientation,size,0.22000000000000003,15.5,10,female,0,2707.0406706000003,0,23
1815,-9999.0,-9999.0,-9999.0,-9999.0,-9999.0,-9999.0,-9999.0,-9999.0,-9999.0,color,orientation,size,0.22000000000000003,15.5,10,female,0,2707.0406706000003,0,23
1816,-9999.0,-9999.0,-9999.0,-9999.0,-9999.0,-9999.0,-9999.0,-9999.0,-9999.0,color,orientation,size,0.22000000000000003,15.5,10,female,0,2707.0406706000003,0,23
1817,-9999.0,-9999.0,-9999.0,-9999.0,-9999.0,-9999.0,-9999.0,-9999.0,-9999.0,color,orientation,size,0.22000000000000003,15.5,10,female,0,2707.0406706000003,0,23
1818,-9999.0,-9999.0,-9999.0,-9999.0,-9999.0,-9999.0,-9999.0,-9999.0,-9999.0,color,orientation,size,0.22000000000000003,15.5,10,female,0,2707.0406706000003,0,23
1819,-9999.0,-9999.0,-9999.0,-9999.0,-9999.0,-9999.0,-9999.0,-9999.0,-9999.0,color,orientation,size,0.22000000000000003,15.5,10,female,0,2707.0406706000003,0,23
1820,-9999.0,-9999.0,-9999.0,-9999.0,-9999.0,-9999.0,-9999.0,-9999.0,-9999.0,color,orientation,size,0.22000000000000003,15.5,10,female,0,2707.0406706000003,0,23
1821,-9999.0,-9999.0,-9999.0,-9999.0,-9999.0,-9999.0,-9999.0,-9999.0,-9999.0,color,orientation,size,0.22000000000000003,15.5,10,female,0,2707.0406706000003,0,23
1822,-9999.0,-9999.0,-9999.0,-9999.0,-9999.0,-9999.0,-9999.0,-9999.0,-9999.0,color,orientation,size,0.22000000000000003,15.5,10,female,0,2707.0406706000003,0,23
1823,-9999.0,-9999.0,-9999.0,-9999.0,-9999.0,-9999.0,-9999.0,-9999.0,-9999.0,color,orientation,size,0.22000000000000003,15.5,10,female,0,2707.0406706000003,0,23
1824,-9999.0,-9999.0,-9999.0,-9999.0,-9999.0,-9999.0,-9999.0,-9999.0,-9999.0,color,orientation,size,0.22000000000000003,15.5,10,female,0,2707.0406706000003,0,23
1825,-9999.0,-9999.0,-9999.0,-9999.0,-9999.0,-9999.0,-9999.0,-9999.0,-9999.0,color,orientation,size,0.22000000000000003,15.5,10,female,0,2707.0406706000003,0,23
1826,-9999.0,-9999.0,-9999.0,-9999.0,-9999.0,-9999.0,-9999.0,-9999.0,-9999.0,color,orientation,size,0.22000000000000003,15.5,10,female,0,2707.0406706000003,0,23
1827,-9999.0,-9999.0,-9999.0,-9999.0,-9999.0,-9999.0,-9999.0,-9999.0,-9999.0,color,orientation,size,0.22000000000000003,15.5,10,female,0,2707.0406706000003,0,23
1828,-9999.0,-9999.0,-9999.0,-9999.0,-9999.0,-9999.0,-9999.0,-9999.0,-9999.0,color,orientation,size,0.22000000000000003,15.5,10,female,0,2707.0406706000003,0,23
1829,-9999.0,-9999.0,-9999.0,-9999.0,-9999.0,-9999.0,-9999.0,-9999.0,-9999.0,color,orientation,size,0.22000000000000003,15.5,10,female,0,2707.0406706000003,0,23
1830,-9999.0,-9999.0,-9999.0,-9999.0,-9999.0,-9999.0,-9999.0,-9999.0,-9999.0,color,orientation,size,0.22000000000000003,15.5,10,female,0,2707.0406706000003,0,23
1831,-9999.0,-9999.0,-9999.0,-9999.0,-9999.0,-9999.0,-9999.0,-9999.0,-9999.0,color,orientation,size,0.22000000000000003,15.5,10,female,0,2707.0406706000003,0,23
1832,-9999.0,-9999.0,-9999.0,-9999.0,-9999.0,-9999.0,-9999.0,-9999.0,-9999.0,color,orientation,size,0.22000000000000003,15.5,10,female,0,2707.0406706000003,0,23
1833,-9999.0,-9999.0,-9999.0,-9999.0,-9999.0,-9999.0,-9999.0,-9999.0,-9999.0,color,orientation,size,0.22000000000000003,15.5,10,female,0,2707.0406706000003,0,23
1834,-9999.0,-9999.0,-9999.0,-9999.0,-9999.0,-9999.0,-9999.0,-9999.0,-9999.0,color,orientation,size,0.22000000000000003,15.5,10,female,0,2707.0406706000003,0,23
1835,-9999.0,-9999.0,-9999.0,-9999.0,-9999.0,-9999.0,-9999.0,-9999.0,-9999.0,color,orientation,size,0.22000000000000003,15.5,10,female,0,2707.0406706000003,0,23
1836,-9999.0,-9999.0,-9999.0,-9999.0,-9999.0,-9999.0,-9999.0,-9999.0,-9999.0,color,orientation,size,0.22000000000000003,15.5,10,female,0,2707.0406706000003,0,23
1837,-9999.0,-9999.0,-9999.0,-9999.0,-9999.0,-9999.0,-9999.0,-9999.0,-9999.0,color,orientation,size,0.22000000000000003,15.5,10,female,0,2707.0406706000003,0,23
1838,-9999.0,-9999.0,-9999.0,-9999.0,-9999.0,-9999.0,-9999.0,-9999.0,-9999.0,color,orientation,size,0.22000000000000003,15.5,10,female,0,2707.0406706000003,0,23
1839,-9999.0,-9999.0,-9999.0,-9999.0,-9999.0,-9999.0,-9999.0,-9999.0,-9999.0,color,orientation,size,0.22000000000000003,15.5,10,female,0,2707.0406706000003,0,23
1840,-9999.0,-9999.0,-9999.0,-9999.0,-9999.0,-9999.0,-9999.0,-9999.0,-9999.0,color,orientation,size,0.22000000000000003,15.5,10,female,0,2707.0406706000003,0,23
1841,-9999.0,-9999.0,-9999.0,-9999.0,-9999.0,-9999.0,-9999.0,-9999.0,-9999.0,color,orientation,size,0.22000000000000003,15.5,10,female,0,2707.0406706000003,0,23
1842,-9999.0,-9999.0,-9999.0,-9999.0,-9999.0,-9999.0,-9999.0,-9999.0,-9999.0,color,orientation,size,0.22000000000000003,15.5,10,female,0,2707.0406706000003,0,23
1843,-9999.0,-9999.0,-9999.0,-9999.0,-9999.0,-9999.0,-9999.0,-9999.0,-9999.0,color,orientation,size,0.22000000000000003,15.5,10,female,0,2707.0406706000003,0,23
1844,-9999.0,-9999.0,-9999.0,-9999.0,-9999.0,-9999.0,-9999.0,-9999.0,-9999.0,color,orientation,size,0.22000000000000003,15.5,10,female,0,2707.0406706000003,0,23
1845,-9999.0,-9999.0,-9999.0,-9999.0,-9999.0,-9999.0,-9999.0,-9999.0,-9999.0,color,orientation,size,0.22000000000000003,15.5,10,female,0,2707.0406706000003,0,23
1846,-9999.0,-9999.0,-9999.0,-9999.0,-9999.0,-9999.0,-9999.0,-9999.0,-9999.0,color,orientation,size,0.22000000000000003,15.5,10,female,0,2707.0406706000003,0,23
1847,-9999.0,-9999.0,-9999.0,-9999.0,-9999.0,-9999.0,-9999.0,-9999.0,-9999.0,color,orientation,size,0.22000000000000003,15.5,10,female,0,2707.0406706000003,0,23
1848,-9999.0,-9999.0,-9999.0,-9999.0,-9999.0,-9999.0,-9999.0,-9999.0,-9999.0,color,orientation,size,0.22000000000000003,15.5,10,female,0,2707.0406706000003,0,23
1849,-9999.0,-9999.0,-9999.0,-9999.0,-9999.0,-9999.0,-9999.0,-9999.0,-9999.0,color,orientation,size,0.22000000000000003,15.5,10,female,0,2707.0406706000003,0,23
1850,-9999.0,-9999.0,-9999.0,-9999.0,-9999.0,-9999.0,-9999.0,-9999.0,-9999.0,color,orientation,size,0.22000000000000003,15.5,10,female,0,2707.0406706000003,0,23
1851,-9999.0,-9999.0,-9999.0,-9999.0,-9999.0,-9999.0,-9999.0,-9999.0,-9999.0,color,orientation,size,0.22000000000000003,15.5,10,female,0,2707.0406706000003,0,23
1852,-9999.0,-9999.0,-9999.0,-9999.0,-9999.0,-9999.0,-9999.0,-9999.0,-9999.0,color,orientation,size,0.22000000000000003,15.5,10,female,0,2707.0406706000003,0,23
1853,-9999.0,-9999.0,-9999.0,-9999.0,-9999.0,-9999.0,-9999.0,-9999.0,-9999.0,color,orientation,size,0.22000000000000003,15.5,10,female,0,2707.0406706000003,0,23
1854,-9999.0,-9999.0,-9999.0,-9999.0,-9999.0,-9999.0,-9999.0,-9999.0,-9999.0,color,orientation,size,0.22000000000000003,15.5,10,female,0,2707.0406706000003,0,23
1855,-9999.0,-9999.0,-9999.0,-9999.0,-9999.0,-9999.0,-9999.0,-9999.0,-9999.0,color,orientation,size,0.22000000000000003,15.5,10,female,0,2707.0406706000003,0,23
1856,-9999.0,-9999.0,-9999.0,-9999.0,-9999.0,-9999.0,-9999.0,-9999.0,-9999.0,color,orientation,size,0.22000000000000003,15.5,10,female,0,2707.0406706000003,0,23
1857,-9999.0,-9999.0,-9999.0,-9999.0,-9999.0,-9999.0,-9999.0,-9999.0,-9999.0,color,orientation,size,0.22000000000000003,15.5,10,female,0,2707.0406706000003,0,23
1858,-9999.0,-9999.0,-9999.0,-9999.0,-9999.0,-9999.0,-9999.0,-9999.0,-9999.0,color,orientation,size,0.22000000000000003,15.5,10,female,0,2707.0406706000003,0,23
1859,-9999.0,-9999.0,-9999.0,-9999.0,-9999.0,-9999.0,-9999.0,-9999.0,-9999.0,color,orientation,size,0.22000000000000003,15.5,10,female,0,2707.0406706000003,0,23
1860,-9999.0,-9999.0,-9999.0,-9999.0,-9999.0,-9999.0,-9999.0,-9999.0,-9999.0,color,orientation,size,0.22000000000000003,15.5,10,female,0,2707.0406706000003,0,23
1861,-9999.0,-9999.0,-9999.0,-9999.0,-9999.0,-9999.0,-9999.0,-9999.0,-9999.0,color,orientation,size,0.22000000000000003,15.5,10,female,0,2707.0406706000003,0,23
1862,-9999.0,-9999.0,-9999.0,-9999.0,-9999.0,-9999.0,-9999.0,-9999.0,-9999.0,color,orientation,size,0.22000000000000003,15.5,10,female,0,2707.0406706000003,0,23
1863,-9999.0,-9999.0,-9999.0,-9999.0,-9999.0,-9999.0,-9999.0,-9999.0,-9999.0,color,orientation,size,0.22000000000000003,15.5,10,female,0,2707.0406706000003,0,23
1864,-9999.0,-9999.0,-9999.0,-9999.0,-9999.0,-9999.0,-9999.0,-9999.0,-9999.0,color,orientation,size,0.22000000000000003,15.5,10,female,0,2707.0406706000003,0,23
1865,-9999.0,-9999.0,-9999.0,-9999.0,-9999.0,-9999.0,-9999.0,-9999.0,-9999.0,color,orientation,size,0.22000000000000003,15.5,10,female,0,2707.0406706000003,0,23
1866,-9999.0,-9999.0,-9999.0,-9999.0,-9999.0,-9999.0,-9999.0,-9999.0,-9999.0,color,orientation,size,0.22000000000000003,15.5,10,female,0,2707.0406706000003,0,23
1867,-9999.0,-9999.0,-9999.0,-9999.0,-9999.0,-9999.0,-9999.0,-9999.0,-9999.0,color,orientation,size,0.22000000000000003,15.5,10,female,0,2707.0406706000003,0,23
1868,-9999.0,-9999.0,-9999.0,-9999.0,-9999.0,-9999.0,-9999.0,-9999.0,-9999.0,color,orientation,size,0.22000000000000003,15.5,10,female,0,2707.0406706000003,0,23
1869,-9999.0,-9999.0,-9999.0,-9999.0,-9999.0,-9999.0,-9999.0,-9999.0,-9999.0,color,orientation,size,0.22000000000000003,15.5,10,female,0,2707.0406706000003,0,23
1870,-9999.0,-9999.0,-9999.0,-9999.0,-9999.0,-9999.0,-9999.0,-9999.0,-9999.0,color,orientation,size,0.22000000000000003,15.5,10,female,0,2707.0406706000003,0,23
1871,-9999.0,-9999.0,-9999.0,-9999.0,-9999.0,-9999.0,-9999.0,-9999.0,-9999.0,color,orientation,size,0.22000000000000003,15.5,10,female,0,2707.0406706000003,0,23
1872,-9999.0,-9999.0,-9999.0,-9999.0,-9999.0,-9999.0,-9999.0,-9999.0,-9999.0,color,orientation,size,0.22000000000000003,15.5,10,female,0,2707.0406706000003,0,23
1873,-9999.0,-9999.0,-9999.0,-9999.0,-9999.0,-9999.0,-9999.0,-9999.0,-9999.0,color,orientation,size,0.22000000000000003,15.5,10,female,0,2707.0406706000003,0,23
1874,-9999.0,-9999.0,-9999.0,-9999.0,-9999.0,-9999.0,-9999.0,-9999.0,-9999.0,color,orientation,size,0.22000000000000003,15.5,10,female,0,2707.0406706000003,0,23
1875,-9999.0,-9999.0,-9999.0,-9999.0,-9999.0,-9999.0,-9999.0,-9999.0,-9999.0,color,orientation,size,0.22000000000000003,15.5,10,female,0,2707.0406706000003,0,23
1876,-9999.0,-9999.0,-9999.0,-9999.0,-9999.0,-9999.0,-9999.0,-9999.0,-9999.0,color,orientation,size,0.22000000000000003,15.5,10,female,0,2707.0406706000003,0,23
1877,-9999.0,-9999.0,-9999.0,-9999.0,-9999.0,-9999.0,-9999.0,-9999.0,-9999.0,color,orientation,size,0.22000000000000003,15.5,10,female,0,2707.0406706000003,0,23
1878,-9999.0,-9999.0,-9999.0,-9999.0,-9999.0,-9999.0,-9999.0,-9999.0,-9999.0,color,orientation,size,0.22000000000000003,15.5,10,female,0,2707.0406706000003,0,23
1879,-9999.0,-9999.0,-9999.0,-9999.0,-9999.0,-9999.0,-9999.0,-9999.0,-9999.0,color,orientation,size,0.22000000000000003,15.5,10,female,0,2707.0406706000003,0,23
1880,-9999.0,-9999.0,-9999.0,-9999.0,-9999.0,-9999.0,-9999.0,-9999.0,-9999.0,color,orientation,size,0.22000000000000003,15.5,10,female,0,2707.0406706000003,0,23
1881,-9999.0,-9999.0,-9999.0,-9999.0,-9999.0,-9999.0,-9999.0,-9999.0,-9999.0,color,orientation,size,0.22000000000000003,15.5,10,female,0,2707.0406706000003,0,23
1882,-9999.0,-9999.0,-9999.0,-9999.0,-9999.0,-9999.0,-9999.0,-9999.0,-9999.0,color,orientation,size,0.22000000000000003,15.5,10,female,0,2707.0406706000003,0,23
1883,-9999.0,-9999.0,-9999.0,-9999.0,-9999.0,-9999.0,-9999.0,-9999.0,-9999.0,color,orientation,size,0.22000000000000003,15.5,10,female,0,2707.0406706000003,0,23
1884,-9999.0,-9999.0,-9999.0,-9999.0,-9999.0,-9999.0,-9999.0,-9999.0,-9999.0,color,orientation,size,0.22000000000000003,15.5,10,female,0,2707.0406706000003,0,23
1885,-9999.0,-9999.0,-9999.0,-9999.0,-9999.0,-9999.0,-9999.0,-9999.0,-9999.0,color,orientation,size,0.22000000000000003,15.5,10,female,0,2707.0406706000003,0,23
1886,-9999.0,-9999.0,-9999.0,-9999.0,-9999.0,-9999.0,-9999.0,-9999.0,-9999.0,color,orientation,size,0.22000000000000003,15.5,10,female,0,2707.0406706000003,0,23
1887,-9999.0,-9999.0,-9999.0,-9999.0,-9999.0,-9999.0,-9999.0,-9999.0,-9999.0,color,orientation,size,0.22000000000000003,15.5,10,female,0,2707.0406706000003,0,23
1888,-9999.0,-9999.0,-9999.0,-9999.0,-9999.0,-9999.0,-9999.0,-9999.0,-9999.0,color,orientation,size,0.22000000000000003,15.5,10,female,0,2707.0406706000003,0,23
1889,-9999.0,-9999.0,-9999.0,-9999.0,-9999.0,-9999.0,-9999.0,-9999.0,-9999.0,color,orientation,size,0.22000000000000003,15.5,10,female,0,2707.0406706000003,0,23
1890,-9999.0,-9999.0,-9999.0,-9999.0,-9999.0,-9999.0,-9999.0,-9999.0,-9999.0,color,orientation,size,0.22000000000000003,15.5,10,female,0,2707.0406706000003,0,23
1891,-9999.0,-9999.0,-9999.0,-9999.0,-9999.0,-9999.0,-9999.0,-9999.0,-9999.0,color,orientation,size,0.22000000000000003,15.5,10,female,0,2707.0406706000003,0,23
1892,-9999.0,-9999.0,-9999.0,-9999.0,-9999.0,-9999.0,-9999.0,-9999.0,-9999.0,color,orientation,size,0.22000000000000003,15.5,10,female,0,2707.0406706000003,0,23
1893,-9999.0,-9999.0,-9999.0,-9999.0,-9999.0,-9999.0,-9999.0,-9999.0,-9999.0,color,orientation,size,0.22000000000000003,15.5,10,female,0,2707.0406706000003,0,23
1894,-9999.0,-9999.0,-9999.0,-9999.0,-9999.0,-9999.0,-9999.0,-9999.0,-9999.0,color,orientation,size,0.22000000000000003,15.5,10,female,0,2707.0406706000003,0,23
1895,-9999.0,-9999.0,-9999.0,-9999.0,-9999.0,-9999.0,-9999.0,-9999.0,-9999.0,color,orientation,size,0.22000000000000003,15.5,10,female,0,2707.0406706000003,0,23
1896,-9999.0,-9999.0,-9999.0,-9999.0,-9999.0,-9999.0,-9999.0,-9999.0,-9999.0,color,orientation,size,0.22000000000000003,15.5,10,female,0,2707.0406706000003,0,23
1897,-9999.0,-9999.0,-9999.0,-9999.0,-9999.0,-9999.0,-9999.0,-9999.0,-9999.0,color,orientation,size,0.22000000000000003,15.5,10,female,0,2707.0406706000003,0,23
1898,-9999.0,-9999.0,-9999.0,-9999.0,-9999.0,-9999.0,-9999.0,-9999.0,-9999.0,color,orientation,size,0.22000000000000003,15.5,10,female,0,2707.0406706000003,0,23
1899,-9999.0,-9999.0,-9999.0,-9999.0,-9999.0,-9999.0,-9999.0,-9999.0,-9999.0,color,orientation,size,0.22000000000000003,15.5,10,female,0,2707.0406706000003,0,23
1900,-9999.0,-9999.0,-9999.0,-9999.0,-9999.0,-9999.0,-9999.0,-9999.0,-9999.0,color,orientation,size,0.22000000000000003,15.5,10,female,0,2707.0406706000003,0,23
1901,-9999.0,-9999.0,-9999.0,-9999.0,-9999.0,-9999.0,-9999.0,-9999.0,-9999.0,color,orientation,size,0.22000000000000003,15.5,10,female,0,2707.0406706000003,0,23
1902,-9999.0,-9999.0,-9999.0,-9999.0,-9999.0,-9999.0,-9999.0,-9999.0,-9999.0,color,orientation,size,0.22000000000000003,15.5,10,female,0,2707.0406706000003,0,23
1903,-9999.0,-9999.0,-9999.0,-9999.0,-9999.0,-9999.0,-9999.0,-9999.0,-9999.0,color,orientation,size,0.22000000000000003,15.5,10,female,0,2707.0406706000003,0,23
1904,-9999.0,-9999.0,-9999.0,-9999.0,-9999.0,-9999.0,-9999.0,-9999.0,-9999.0,color,orientation,size,0.22000000000000003,15.5,10,female,0,2707.0406706000003,0,23
1905,-9999.0,-9999.0,-9999.0,-9999.0,-9999.0,-9999.0,-9999.0,-9999.0,-9999.0,color,orientation,size,0.22000000000000003,15.5,10,female,0,2707.0406706000003,0,23
1906,-9999.0,-9999.0,-9999.0,-9999.0,-9999.0,-9999.0,-9999.0,-9999.0,-9999.0,color,orientation,size,0.22000000000000003,15.5,10,female,0,2707.0406706000003,0,23
1907,-9999.0,-9999.0,-9999.0,-9999.0,-9999.0,-9999.0,-9999.0,-9999.0,-9999.0,color,orientation,size,0.22000000000000003,15.5,10,female,0,2707.0406706000003,0,23
1908,-9999.0,-9999.0,-9999.0,-9999.0,-9999.0,-9999.0,-9999.0,-9999.0,-9999.0,color,orientation,size,0.22000000000000003,15.5,10,female,0,2707.0406706000003,0,23
1909,-9999.0,-9999.0,-9999.0,-9999.0,-9999.0,-9999.0,-9999.0,-9999.0,-9999.0,color,orientation,size,0.22000000000000003,15.5,10,female,0,2707.0406706000003,0,23
1910,-9999.0,-9999.0,-9999.0,-9999.0,-9999.0,-9999.0,-9999.0,-9999.0,-9999.0,color,orientation,size,0.22000000000000003,15.5,10,female,0,2707.0406706000003,0,23
1911,-9999.0,-9999.0,-9999.0,-9999.0,-9999.0,-9999.0,-9999.0,-9999.0,-9999.0,color,orientation,size,0.22000000000000003,15.5,10,female,0,2707.0406706000003,0,23
1912,-9999.0,-9999.0,-9999.0,-9999.0,-9999.0,-9999.0,-9999.0,-9999.0,-9999.0,color,orientation,size,0.22000000000000003,15.5,10,female,0,2707.0406706000003,0,23
1913,-9999.0,-9999.0,-9999.0,-9999.0,-9999.0,-9999.0,-9999.0,-9999.0,-9999.0,color,orientation,size,0.22000000000000003,15.5,10,female,0,2707.0406706000003,0,23
1914,-9999.0,-9999.0,-9999.0,-9999.0,-9999.0,-9999.0,-9999.0,-9999.0,-9999.0,color,orientation,size,0.22000000000000003,15.5,10,female,0,2707.0406706000003,0,23
1915,-9999.0,-9999.0,-9999.0,-9999.0,-9999.0,-9999.0,-9999.0,-9999.0,-9999.0,color,orientation,size,0.22000000000000003,15.5,10,female,0,2707.0406706000003,0,23
1916,-9999.0,-9999.0,-9999.0,-9999.0,-9999.0,-9999.0,-9999.0,-9999.0,-9999.0,color,orientation,size,0.22000000000000003,15.5,10,female,0,2707.0406706000003,0,23
1917,-9999.0,-9999.0,-9999.0,-9999.0,-9999.0,-9999.0,-9999.0,-9999.0,-9999.0,color,orientation,size,0.22000000000000003,15.5,10,female,0,2707.0406706000003,0,23
1918,-9999.0,-9999.0,-9999.0,-9999.0,-9999.0,-9999.0,-9999.0,-9999.0,-9999.0,color,orientation,size,0.22000000000000003,15.5,10,female,0,2707.0406706000003,0,23
1919,-9999.0,-9999.0,-9999.0,-9999.0,-9999.0,-9999.0,-9999.0,-9999.0,-9999.0,color,orientation,size,0.22000000000000003,15.5,10,female,0,2707.0406706000003,0,23
1920,-9999.0,-9999.0,-9999.0,-9999.0,-9999.0,-9999.0,-9999.0,-9999.0,-9999.0,color,orientation,size,0.22000000000000003,15.5,10,female,0,2707.0406706000003,0,23
1921,-9999.0,-9999.0,-9999.0,-9999.0,-9999.0,-9999.0,-9999.0,-9999.0,-9999.0,color,orientation,size,0.22000000000000003,15.5,10,female,0,2707.0406706000003,0,23
1922,-9999.0,-9999.0,-9999.0,-9999.0,-9999.0,-9999.0,-9999.0,-9999.0,-9999.0,color,orientation,size,0.22000000000000003,15.5,10,female,0,2707.0406706000003,0,23
1923,-9999.0,-9999.0,-9999.0,-9999.0,-9999.0,-9999.0,-9999.0,-9999.0,-9999.0,color,orientation,size,0.22000000000000003,15.5,10,female,0,2707.0406706000003,0,23
1924,-9999.0,-9999.0,-9999.0,-9999.0,-9999.0,-9999.0,-9999.0,-9999.0,-9999.0,color,orientation,size,0.22000000000000003,15.5,10,female,0,2707.0406706000003,0,23
1925,-9999.0,-9999.0,-9999.0,-9999.0,-9999.0,-9999.0,-9999.0,-9999.0,-9999.0,color,orientation,size,0.22000000000000003,15.5,10,female,0,2707.0406706000003,0,23
1926,-9999.0,-9999.0,-9999.0,-9999.0,-9999.0,-9999.0,-9999.0,-9999.0,-9999.0,color,orientation,size,0.22000000000000003,15.5,10,female,0,2707.0406706000003,0,23
1927,-9999.0,-9999.0,-9999.0,-9999.0,-9999.0,-9999.0,-9999.0,-9999.0,-9999.0,color,orientation,size,0.22000000000000003,15.5,10,female,0,2707.0406706000003,0,23
1928,-9999.0,-9999.0,-9999.0,-9999.0,-9999.0,-9999.0,-9999.0,-9999.0,-9999.0,color,orientation,size,0.22000000000000003,15.5,10,female,0,2707.0406706000003,0,23
1929,-9999.0,-9999.0,-9999.0,-9999.0,-9999.0,-9999.0,-9999.0,-9999.0,-9999.0,color,orientation,size,0.22000000000000003,15.5,10,female,0,2707.0406706000003,0,23
1930,-9999.0,-9999.0,-9999.0,-9999.0,-9999.0,-9999.0,-9999.0,-9999.0,-9999.0,color,orientation,size,0.22000000000000003,15.5,10,female,0,2707.0406706000003,0,23
1931,-9999.0,-9999.0,-9999.0,-9999.0,-9999.0,-9999.0,-9999.0,-9999.0,-9999.0,color,orientation,size,0.22000000000000003,15.5,10,female,0,2707.0406706000003,0,23
1932,-9999.0,-9999.0,-9999.0,-9999.0,-9999.0,-9999.0,-9999.0,-9999.0,-9999.0,color,orientation,size,0.22000000000000003,15.5,10,female,0,2707.0406706000003,0,23
1933,-9999.0,-9999.0,-9999.0,-9999.0,-9999.0,-9999.0,-9999.0,-9999.0,-9999.0,color,orientation,size,0.22000000000000003,15.5,10,female,0,2707.0406706000003,0,23
1934,-9999.0,-9999.0,-9999.0,-9999.0,-9999.0,-9999.0,-9999.0,-9999.0,-9999.0,color,orientation,size,0.22000000000000003,15.5,10,female,0,2707.0406706000003,0,23
1935,-9999.0,-9999.0,-9999.0,-9999.0,-9999.0,-9999.0,-9999.0,-9999.0,-9999.0,color,orientation,size,0.22000000000000003,15.5,10,female,0,2707.0406706000003,0,23
1936,-9999.0,-9999.0,-9999.0,-9999.0,-9999.0,-9999.0,-9999.0,-9999.0,-9999.0,color,orientation,size,0.22000000000000003,15.5,10,female,0,2707.0406706000003,0,23
1937,-9999.0,-9999.0,-9999.0,-9999.0,-9999.0,-9999.0,-9999.0,-9999.0,-9999.0,color,orientation,size,0.22000000000000003,15.5,10,female,0,2707.0406706000003,0,23
1938,-9999.0,-9999.0,-9999.0,-9999.0,-9999.0,-9999.0,-9999.0,-9999.0,-9999.0,color,orientation,size,0.22000000000000003,15.5,10,female,0,2707.0406706000003,0,23
1939,-9999.0,-9999.0,-9999.0,-9999.0,-9999.0,-9999.0,-9999.0,-9999.0,-9999.0,color,orientation,size,0.22000000000000003,15.5,10,female,0,2707.0406706000003,0,23
1940,-9999.0,-9999.0,-9999.0,-9999.0,-9999.0,-9999.0,-9999.0,-9999.0,-9999.0,color,orientation,size,0.22000000000000003,15.5,10,female,0,2707.0406706000003,0,23
1941,-9999.0,-9999.0,-9999.0,-9999.0,-9999.0,-9999.0,-9999.0,-9999.0,-9999.0,color,orientation,size,0.22000000000000003,15.5,10,female,0,2707.0406706000003,0,23
1942,-9999.0,-9999.0,-9999.0,-9999.0,-9999.0,-9999.0,-9999.0,-9999.0,-9999.0,color,orientation,size,0.22000000000000003,15.5,10,female,0,2707.0406706000003,0,23
1943,-9999.0,-9999.0,-9999.0,-9999.0,-9999.0,-9999.0,-9999.0,-9999.0,-9999.0,color,orientation,size,0.22000000000000003,15.5,10,female,0,2707.0406706000003,0,23
1944,-9999.0,-9999.0,-9999.0,-9999.0,-9999.0,-9999.0,-9999.0,-9999.0,-9999.0,color,orientation,size,0.22000000000000003,15.5,10,female,0,2707.0406706000003,0,23
1945,-9999.0,-9999.0,-9999.0,-9999.0,-9999.0,-9999.0,-9999.0,-9999.0,-9999.0,color,orientation,size,0.22000000000000003,15.5,10,female,0,2707.0406706000003,0,23
1946,-9999.0,-9999.0,-9999.0,-9999.0,-9999.0,-9999.0,-9999.0,-9999.0,-9999.0,color,orientation,size,0.22000000000000003,15.5,10,female,0,2707.0406706000003,0,23
1947,-9999.0,-9999.0,-9999.0,-9999.0,-9999.0,-9999.0,-9999.0,-9999.0,-9999.0,color,orientation,size,0.22000000000000003,15.5,10,female,0,2707.0406706000003,0,23
1948,-9999.0,-9999.0,-9999.0,-9999.0,-9999.0,-9999.0,-9999.0,-9999.0,-9999.0,color,orientation,size,0.22000000000000003,15.5,10,female,0,2707.0406706000003,0,23
1949,-9999.0,-9999.0,-9999.0,-9999.0,-9999.0,-9999.0,-9999.0,-9999.0,-9999.0,color,orientation,size,0.22000000000000003,15.5,10,female,0,2707.0406706000003,0,23
1950,-9999.0,-9999.0,-9999.0,-9999.0,-9999.0,-9999.0,-9999.0,-9999.0,-9999.0,color,orientation,size,0.22000000000000003,15.5,10,female,0,2707.0406706000003,0,23
1951,-9999.0,-9999.0,-9999.0,-9999.0,-9999.0,-9999.0,-9999.0,-9999.0,-9999.0,color,orientation,size,0.22000000000000003,15.5,10,female,0,2707.0406706000003,0,23
1952,-9999.0,-9999.0,-9999.0,-9999.0,-9999.0,-9999.0,-9999.0,-9999.0,-9999.0,color,orientation,size,0.22000000000000003,15.5,10,female,0,2707.0406706000003,0,23
1953,-9999.0,-9999.0,-9999.0,-9999.0,-9999.0,-9999.0,-9999.0,-9999.0,-9999.0,color,orientation,size,0.22000000000000003,15.5,10,female,0,2707.0406706000003,0,23
1954,-9999.0,-9999.0,-9999.0,-9999.0,-9999.0,-9999.0,-9999.0,-9999.0,-9999.0,color,orientation,size,0.22000000000000003,15.5,10,female,0,2707.0406706000003,0,23
1955,-9999.0,-9999.0,-9999.0,-9999.0,-9999.0,-9999.0,-9999.0,-9999.0,-9999.0,color,orientation,size,0.22000000000000003,15.5,10,female,0,2707.0406706000003,0,23
1956,-9999.0,-9999.0,-9999.0,-9999.0,-9999.0,-9999.0,-9999.0,-9999.0,-9999.0,color,orientation,size,0.22000000000000003,15.5,10,female,0,2707.0406706000003,0,23
1957,-9999.0,-9999.0,-9999.0,-9999.0,-9999.0,-9999.0,-9999.0,-9999.0,-9999.0,color,orientation,size,0.22000000000000003,15.5,10,female,0,2707.0406706000003,0,23
1958,-9999.0,-9999.0,-9999.0,-9999.0,-9999.0,-9999.0,-9999.0,-9999.0,-9999.0,color,orientation,size,0.22000000000000003,15.5,10,female,0,2707.0406706000003,0,23
1959,-9999.0,-9999.0,-9999.0,-9999.0,-9999.0,-9999.0,-9999.0,-9999.0,-9999.0,color,orientation,size,0.22000000000000003,15.5,10,female,0,2707.0406706000003,0,23
1960,-9999.0,-9999.0,-9999.0,-9999.0,-9999.0,-9999.0,-9999.0,-9999.0,-9999.0,color,orientation,size,0.22000000000000003,15.5,10,female,0,2707.0406706000003,0,23
1961,-9999.0,-9999.0,-9999.0,-9999.0,-9999.0,-9999.0,-9999.0,-9999.0,-9999.0,color,orientation,size,0.22000000000000003,15.5,10,female,0,2707.0406706000003,0,23
1962,-9999.0,-9999.0,-9999.0,-9999.0,-9999.0,-9999.0,-9999.0,-9999.0,-9999.0,color,orientation,size,0.22000000000000003,15.5,10,female,0,2707.0406706000003,0,23
1963,-9999.0,-9999.0,-9999.0,-9999.0,-9999.0,-9999.0,-9999.0,-9999.0,-9999.0,color,orientation,size,0.22000000000000003,15.5,10,female,0,2707.0406706000003,0,23
1964,-9999.0,-9999.0,-9999.0,-9999.0,-9999.0,-9999.0,-9999.0,-9999.0,-9999.0,color,orientation,size,0.22000000000000003,15.5,10,female,0,2707.0406706000003,0,23
1965,-9999.0,-9999.0,-9999.0,-9999.0,-9999.0,-9999.0,-9999.0,-9999.0,-9999.0,color,orientation,size,0.22000000000000003,15.5,10,female,0,2707.0406706000003,0,23
1966,-9999.0,-9999.0,-9999.0,-9999.0,-9999.0,-9999.0,-9999.0,-9999.0,-9999.0,color,orientation,size,0.22000000000000003,15.5,10,female,0,2707.0406706000003,0,23
1967,-9999.0,-9999.0,-9999.0,-9999.0,-9999.0,-9999.0,-9999.0,-9999.0,-9999.0,color,orientation,size,0.22000000000000003,15.5,10,female,0,2707.0406706000003,0,23
1968,-9999.0,-9999.0,-9999.0,-9999.0,-9999.0,-9999.0,-9999.0,-9999.0,-9999.0,color,orientation,size,0.22000000000000003,15.5,10,female,0,2707.0406706000003,0,23
1969,-9999.0,-9999.0,-9999.0,-9999.0,-9999.0,-9999.0,-9999.0,-9999.0,-9999.0,color,orientation,size,0.22000000000000003,15.5,10,female,0,2707.0406706000003,0,23
1970,-9999.0,-9999.0,-9999.0,-9999.0,-9999.0,-9999.0,-9999.0,-9999.0,-9999.0,color,orientation,size,0.22000000000000003,15.5,10,female,0,2707.0406706000003,0,23
1971,-9999.0,-9999.0,-9999.0,-9999.0,-9999.0,-9999.0,-9999.0,-9999.0,-9999.0,color,orientation,size,0.22000000000000003,15.5,10,female,0,2707.0406706000003,0,23
1972,-9999.0,-9999.0,-9999.0,-9999.0,-9999.0,-9999.0,-9999.0,-9999.0,-9999.0,color,orientation,size,0.22000000000000003,15.5,10,female,0,2707.0406706000003,0,23
1973,-9999.0,-9999.0,-9999.0,-9999.0,-9999.0,-9999.0,-9999.0,-9999.0,-9999.0,color,orientation,size,0.22000000000000003,15.5,10,female,0,2707.0406706000003,0,23
1974,-9999.0,-9999.0,-9999.0,-9999.0,-9999.0,-9999.0,-9999.0,-9999.0,-9999.0,color,orientation,size,0.22000000000000003,15.5,10,female,0,2707.0406706000003,0,23
1975,-9999.0,-9999.0,-9999.0,-9999.0,-9999.0,-9999.0,-9999.0,-9999.0,-9999.0,color,orientation,size,0.22000000000000003,15.5,10,female,0,2707.0406706000003,0,23
1976,-9999.0,-9999.0,-9999.0,-9999.0,-9999.0,-9999.0,-9999.0,-9999.0,-9999.0,color,orientation,size,0.22000000000000003,15.5,10,female,0,2707.0406706000003,0,23
1977,-9999.0,-9999.0,-9999.0,-9999.0,-9999.0,-9999.0,-9999.0,-9999.0,-9999.0,color,orientation,size,0.22000000000000003,15.5,10,female,0,2707.0406706000003,0,23
1978,-9999.0,-9999.0,-9999.0,-9999.0,-9999.0,-9999.0,-9999.0,-9999.0,-9999.0,color,orientation,size,0.22000000000000003,15.5,10,female,0,2707.0406706000003,0,23
1979,-9999.0,-9999.0,-9999.0,-9999.0,-9999.0,-9999.0,-9999.0,-9999.0,-9999.0,color,orientation,size,0.22000000000000003,15.5,10,female,0,2707.0406706000003,0,23
1980,-9999.0,-9999.0,-9999.0,-9999.0,-9999.0,-9999.0,-9999.0,-9999.0,-9999.0,color,orientation,size,0.22000000000000003,15.5,10,female,0,2707.0406706000003,0,23
1981,-9999.0,-9999.0,-9999.0,-9999.0,-9999.0,-9999.0,-9999.0,-9999.0,-9999.0,color,orientation,size,0.22000000000000003,15.5,10,female,0,2707.0406706000003,0,23
1982,-9999.0,-9999.0,-9999.0,-9999.0,-9999.0,-9999.0,-9999.0,-9999.0,-9999.0,color,orientation,size,0.22000000000000003,15.5,10,female,0,2707.0406706000003,0,23
1983,-9999.0,-9999.0,-9999.0,-9999.0,-9999.0,-9999.0,-9999.0,-9999.0,-9999.0,color,orientation,size,0.22000000000000003,15.5,10,female,0,2707.0406706000003,0,23
1984,-9999.0,-9999.0,-9999.0,-9999.0,-9999.0,-9999.0,-9999.0,-9999.0,-9999.0,color,orientation,size,0.22000000000000003,15.5,10,female,0,2707.0406706000003,0,23
1985,-9999.0,-9999.0,-9999.0,-9999.0,-9999.0,-9999.0,-9999.0,-9999.0,-9999.0,color,orientation,size,0.22000000000000003,15.5,10,female,0,2707.0406706000003,0,23
1986,-9999.0,-9999.0,-9999.0,-9999.0,-9999.0,-9999.0,-9999.0,-9999.0,-9999.0,color,orientation,size,0.22000000000000003,15.5,10,female,0,2707.0406706000003,0,23
1987,-9999.0,-9999.0,-9999.0,-9999.0,-9999.0,-9999.0,-9999.0,-9999.0,-9999.0,color,orientation,size,0.22000000000000003,15.5,10,female,0,2707.0406706000003,0,23
1988,-9999.0,-9999.0,-9999.0,-9999.0,-9999.0,-9999.0,-9999.0,-9999.0,-9999.0,color,orientation,size,0.22000000000000003,15.5,10,female,0,2707.0406706000003,0,23
1989,-9999.0,-9999.0,-9999.0,-9999.0,-9999.0,-9999.0,-9999.0,-9999.0,-9999.0,color,orientation,size,0.22000000000000003,15.5,10,female,0,2707.0406706000003,0,23
1990,-9999.0,-9999.0,-9999.0,-9999.0,-9999.0,-9999.0,-9999.0,-9999.0,-9999.0,color,orientation,size,0.22000000000000003,15.5,10,female,0,2707.0406706000003,0,23
1991,-9999.0,-9999.0,-9999.0,-9999.0,-9999.0,-9999.0,-9999.0,-9999.0,-9999.0,color,orientation,size,0.22000000000000003,15.5,10,female,0,2707.0406706000003,0,23
1992,-9999.0,-9999.0,-9999.0,-9999.0,-9999.0,-9999.0,-9999.0,-9999.0,-9999.0,color,orientation,size,0.22000000000000003,15.5,10,female,0,2707.0406706000003,0,23
1993,-9999.0,-9999.0,-9999.0,-9999.0,-9999.0,-9999.0,-9999.0,-9999.0,-9999.0,color,orientation,size,0.22000000000000003,15.5,10,female,0,2707.0406706000003,0,23
1994,-9999.0,-9999.0,-9999.0,-9999.0,-9999.0,-9999.0,-9999.0,-9999.0,-9999.0,color,orientation,size,0.22000000000000003,15.5,10,female,0,2707.0406706000003,0,23
1995,-9999.0,-9999.0,-9999.0,-9999.0,-9999.0,-9999.0,-9999.0,-9999.0,-9999.0,color,orientation,size,0.22000000000000003,15.5,10,female,0,2707.0406706000003,0,23
1996,-9999.0,-9999.0,-9999.0,-9999.0,-9999.0,-9999.0,-9999.0,-9999.0,-9999.0,color,orientation,size,0.22000000000000003,15.5,10,female,0,2707.0406706000003,0,23
1997,-9999.0,-9999.0,-9999.0,-9999.0,-9999.0,-9999.0,-9999.0,-9999.0,-9999.0,color,orientation,size,0.22000000000000003,15.5,10,female,0,2707.0406706000003,0,23
1998,-9999.0,-9999.0,-9999.0,-9999.0,-9999.0,-9999.0,-9999.0,-9999.0,-9999.0,color,orientation,size,0.22000000000000003,15.5,10,female,0,2707.0406706000003,0,23
1999,-9999.0,-9999.0,-9999.0,-9999.0,-9999.0,-9999.0,-9999.0,-9999.0,-9999.0,color,orientation,size,0.22000000000000003,15.5,10,female,0,2707.0406706000003,0,23
2000,-9999.0,-9999.0,-9999.0,-9999.0,-9999.0,-9999.0,-9999.0,-9999.0,-9999.0,color,orientation,size,0.22000000000000003,15.5,10,female,0,2707.0406706000003,0,23
2001,-9999.0,-9999.0,-9999.0,-9999.0,-9999.0,-9999.0,-9999.0,-9999.0,-9999.0,color,orientation,size,0.22000000000000003,15.5,10,female,0,2707.0406706000003,0,23
2002,-9999.0,-9999.0,-9999.0,-9999.0,-9999.0,-9999.0,-9999.0,-9999.0,-9999.0,color,orientation,size,0.22000000000000003,15.5,10,female,0,2707.0406706000003,0,23
2003,-9999.0,-9999.0,-9999.0,-9999.0,-9999.0,-9999.0,-9999.0,-9999.0,-9999.0,color,orientation,size,0.22000000000000003,15.5,10,female,0,2707.0406706000003,0,23
2004,-9999.0,-9999.0,-9999.0,-9999.0,-9999.0,-9999.0,-9999.0,-9999.0,-9999.0,color,orientation,size,0.22000000000000003,15.5,10,female,0,2707.0406706000003,0,23
2005,-9999.0,-9999.0,-9999.0,-9999.0,-9999.0,-9999.0,-9999.0,-9999.0,-9999.0,color,orientation,size,0.22000000000000003,15.5,10,female,0,2707.0406706000003,0,23
2006,-9999.0,-9999.0,-9999.0,-9999.0,-9999.0,-9999.0,-9999.0,-9999.0,-9999.0,color,orientation,size,0.22000000000000003,15.5,10,female,0,2707.0406706000003,0,23
2007,-9999.0,-9999.0,-9999.0,-9999.0,-9999.0,-9999.0,-9999.0,-9999.0,-9999.0,color,orientation,size,0.22000000000000003,15.5,10,female,0,2707.0406706000003,0,23
2008,-9999.0,-9999.0,-9999.0,-9999.0,-9999.0,-9999.0,-9999.0,-9999.0,-9999.0,color,orientation,size,0.22000000000000003,15.5,10,female,0,2707.0406706000003,0,23
2009,-9999.0,-9999.0,-9999.0,-9999.0,-9999.0,-9999.0,-9999.0,-9999.0,-9999.0,color,orientation,size,0.22000000000000003,15.5,10,female,0,2707.0406706000003,0,23
2010,-9999.0,-9999.0,-9999.0,-9999.0,-9999.0,-9999.0,-9999.0,-9999.0,-9999.0,color,orientation,size,0.22000000000000003,15.5,10,female,0,2707.0406706000003,0,23
2011,-9999.0,-9999.0,-9999.0,-9999.0,-9999.0,-9999.0,-9999.0,-9999.0,-9999.0,color,orientation,size,0.22000000000000003,15.5,10,female,0,2707.0406706000003,0,23
2012,-9999.0,-9999.0,-9999.0,-9999.0,-9999.0,-9999.0,-9999.0,-9999.0,-9999.0,color,orientation,size,0.22000000000000003,15.5,10,female,0,2707.0406706000003,0,23
2013,-9999.0,-9999.0,-9999.0,-9999.0,-9999.0,-9999.0,-9999.0,-9999.0,-9999.0,color,orientation,size,0.22000000000000003,15.5,10,female,0,2707.0406706000003,0,23
2014,-9999.0,-9999.0,-9999.0,-9999.0,-9999.0,-9999.0,-9999.0,-9999.0,-9999.0,color,orientation,size,0.22000000000000003,15.5,10,female,0,2707.0406706000003,0,23
2015,-9999.0,-9999.0,-9999.0,-9999.0,-9999.0,-9999.0,-9999.0,-9999.0,-9999.0,color,orientation,size,0.22000000000000003,15.5,10,female,0,2707.0406706000003,0,23
2016,-9999.0,-9999.0,-9999.0,-9999.0,-9999.0,-9999.0,-9999.0,-9999.0,-9999.0,color,orientation,size,0.22000000000000003,15.5,10,female,0,2707.0406706000003,0,23
2017,-9999.0,-9999.0,-9999.0,-9999.0,-9999.0,-9999.0,-9999.0,-9999.0,-9999.0,color,orientation,size,0.22000000000000003,15.5,10,female,0,2707.0406706000003,0,23
2018,-9999.0,-9999.0,-9999.0,-9999.0,-9999.0,-9999.0,-9999.0,-9999.0,-9999.0,color,orientation,size,0.22000000000000003,15.5,10,female,0,2707.0406706000003,0,23
2019,-9999.0,-9999.0,-9999.0,-9999.0,-9999.0,-9999.0,-9999.0,-9999.0,-9999.0,color,orientation,size,0.22000000000000003,15.5,10,female,0,2707.0406706000003,0,23
2020,-9999.0,-9999.0,-9999.0,-9999.0,-9999.0,-9999.0,-9999.0,-9999.0,-9999.0,color,orientation,size,0.22000000000000003,15.5,10,female,0,2707.0406706000003,0,23
2021,-9999.0,-9999.0,-9999.0,-9999.0,-9999.0,-9999.0,-9999.0,-9999.0,-9999.0,color,orientation,size,0.22000000000000003,15.5,10,female,0,2707.0406706000003,0,23
2022,-9999.0,-9999.0,-9999.0,-9999.0,-9999.0,-9999.0,-9999.0,-9999.0,-9999.0,color,orientation,size,0.22000000000000003,15.5,10,female,0,2707.0406706000003,0,23
2023,-9999.0,-9999.0,-9999.0,-9999.0,-9999.0,-9999.0,-9999.0,-9999.0,-9999.0,color,orientation,size,0.22000000000000003,15.5,10,female,0,2707.0406706000003,0,23
2024,-9999.0,-9999.0,-9999.0,-9999.0,-9999.0,-9999.0,-9999.0,-9999.0,-9999.0,color,orientation,size,0.22000000000000003,15.5,10,female,0,2707.0406706000003,0,23
2025,-9999.0,-9999.0,-9999.0,-9999.0,-9999.0,-9999.0,-9999.0,-9999.0,-9999.0,color,orientation,size,0.22000000000000003,15.5,10,female,0,2707.0406706000003,0,23
2026,-9999.0,-9999.0,-9999.0,-9999.0,-9999.0,-9999.0,-9999.0,-9999.0,-9999.0,color,orientation,size,0.22000000000000003,15.5,10,female,0,2707.0406706000003,0,23
2027,-9999.0,-9999.0,-9999.0,-9999.0,-9999.0,-9999.0,-9999.0,-9999.0,-9999.0,color,orientation,size,0.22000000000000003,15.5,10,female,0,2707.0406706000003,0,23
2028,-9999.0,-9999.0,-9999.0,-9999.0,-9999.0,-9999.0,-9999.0,-9999.0,-9999.0,color,orientation,size,0.22000000000000003,15.5,10,female,0,2707.0406706000003,0,23
2029,-9999.0,-9999.0,-9999.0,-9999.0,-9999.0,-9999.0,-9999.0,-9999.0,-9999.0,color,orientation,size,0.22000000000000003,15.5,10,female,0,2707.0406706000003,0,23
2030,-9999.0,-9999.0,-9999.0,-9999.0,-9999.0,-9999.0,-9999.0,-9999.0,-9999.0,color,orientation,size,0.22000000000000003,15.5,10,female,0,2707.0406706000003,0,23
2031,-9999.0,-9999.0,-9999.0,-9999.0,-9999.0,-9999.0,-9999.0,-9999.0,-9999.0,color,orientation,size,0.22000000000000003,15.5,10,female,0,2707.0406706000003,0,23
2032,-9999.0,-9999.0,-9999.0,-9999.0,-9999.0,-9999.0,-9999.0,-9999.0,-9999.0,color,orientation,size,0.22000000000000003,15.5,10,female,0,2707.0406706000003,0,23
2033,-9999.0,-9999.0,-9999.0,-9999.0,-9999.0,-9999.0,-9999.0,-9999.0,-9999.0,color,orientation,size,0.22000000000000003,15.5,10,female,0,2707.0406706000003,0,23
2034,-9999.0,-9999.0,-9999.0,-9999.0,-9999.0,-9999.0,-9999.0,-9999.0,-9999.0,color,orientation,size,0.22000000000000003,15.5,10,female,0,2707.0406706000003,0,23
2035,-9999.0,-9999.0,-9999.0,-9999.0,-9999.0,-9999.0,-9999.0,-9999.0,-9999.0,color,orientation,size,0.22000000000000003,15.5,10,female,0,2707.0406706000003,0,23
2036,-9999.0,-9999.0,-9999.0,-9999.0,-9999.0,-9999.0,-9999.0,-9999.0,-9999.0,color,orientation,size,0.22000000000000003,15.5,10,female,0,2707.0406706000003,0,23
2037,-9999.0,-9999.0,-9999.0,-9999.0,-9999.0,-9999.0,-9999.0,-9999.0,-9999.0,color,orientation,size,0.22000000000000003,15.5,10,female,0,2707.0406706000003,0,23
2038,-9999.0,-9999.0,-9999.0,-9999.0,-9999.0,-9999.0,-9999.0,-9999.0,-9999.0,color,orientation,size,0.22000000000000003,15.5,10,female,0,2707.0406706000003,0,23
2039,-9999.0,-9999.0,-9999.0,-9999.0,-9999.0,-9999.0,-9999.0,-9999.0,-9999.0,color,orientation,size,0.22000000000000003,15.5,10,female,0,2707.0406706000003,0,23
2040,-9999.0,-9999.0,-9999.0,-9999.0,-9999.0,-9999.0,-9999.0,-9999.0,-9999.0,color,orientation,size,0.22000000000000003,15.5,10,female,0,2707.0406706000003,0,23
2041,-9999.0,-9999.0,-9999.0,-9999.0,-9999.0,-9999.0,-9999.0,-9999.0,-9999.0,color,orientation,size,0.22000000000000003,15.5,10,female,0,2707.0406706000003,0,23
2042,-9999.0,-9999.0,-9999.0,-9999.0,-9999.0,-9999.0,-9999.0,-9999.0,-9999.0,color,orientation,size,0.22000000000000003,15.5,10,female,0,2707.0406706000003,0,23
2043,-9999.0,-9999.0,-9999.0,-9999.0,-9999.0,-9999.0,-9999.0,-9999.0,-9999.0,color,orientation,size,0.22000000000000003,15.5,10,female,0,2707.0406706000003,0,23
2044,-9999.0,-9999.0,-9999.0,-9999.0,-9999.0,-9999.0,-9999.0,-9999.0,-9999.0,color,orientation,size,0.22000000000000003,15.5,10,female,0,2707.0406706000003,0,23
2045,-9999.0,-9999.0,-9999.0,-9999.0,-9999.0,-9999.0,-9999.0,-9999.0,-9999.0,color,orientation,size,0.22000000000000003,15.5,10,female,0,2707.0406706000003,0,23
2046,-9999.0,-9999.0,-9999.0,-9999.0,-9999.0,-9999.0,-9999.0,-9999.0,-9999.0,color,orientation,size,0.22000000000000003,15.5,10,female,0,2707.0406706000003,0,23
2047,-9999.0,-9999.0,-9999.0,-9999.0,-9999.0,-9999.0,-9999.0,-9999.0,-9999.0,color,orientation,size,0.22000000000000003,15.5,10,female,0,2707.0406706000003,0,23
2048,-9999.0,-9999.0,-9999.0,-9999.0,-9999.0,-9999.0,-9999.0,-9999.0,-9999.0,color,orientation,size,0.22000000000000003,15.5,10,female,0,2707.0406706000003,0,23
2049,-9999.0,-9999.0,-9999.0,-9999.0,-9999.0,-9999.0,-9999.0,-9999.0,-9999.0,color,orientation,size,0.22000000000000003,15.5,10,female,0,2707.0406706000003,0,23
2050,-9999.0,-9999.0,-9999.0,-9999.0,-9999.0,-9999.0,-9999.0,-9999.0,-9999.0,color,orientation,size,0.22000000000000003,15.5,10,female,0,2707.0406706000003,0,23
2051,-9999.0,-9999.0,-9999.0,-9999.0,-9999.0,-9999.0,-9999.0,-9999.0,-9999.0,color,orientation,size,0.22000000000000003,15.5,10,female,0,2707.0406706000003,0,23
2052,-9999.0,-9999.0,-9999.0,-9999.0,-9999.0,-9999.0,-9999.0,-9999.0,-9999.0,color,orientation,size,0.22000000000000003,15.5,10,female,0,2707.0406706000003,0,23
2053,-9999.0,-9999.0,-9999.0,-9999.0,-9999.0,-9999.0,-9999.0,-9999.0,-9999.0,color,orientation,size,0.22000000000000003,15.5,10,female,0,2707.0406706000003,0,23
2054,-9999.0,-9999.0,-9999.0,-9999.0,-9999.0,-9999.0,-9999.0,-9999.0,-9999.0,color,orientation,size,0.22000000000000003,15.5,10,female,0,2707.0406706000003,0,23
2055,-9999.0,-9999.0,-9999.0,-9999.0,-9999.0,-9999.0,-9999.0,-9999.0,-9999.0,color,orientation,size,0.22000000000000003,15.5,10,female,0,2707.0406706000003,0,23
2056,-9999.0,-9999.0,-9999.0,-9999.0,-9999.0,-9999.0,-9999.0,-9999.0,-9999.0,color,orientation,size,0.22000000000000003,15.5,10,female,0,2707.0406706000003,0,23
2057,-9999.0,-9999.0,-9999.0,-9999.0,-9999.0,-9999.0,-9999.0,-9999.0,-9999.0,color,orientation,size,0.22000000000000003,15.5,10,female,0,2707.0406706000003,0,23
2058,-9999.0,-9999.0,-9999.0,-9999.0,-9999.0,-9999.0,-9999.0,-9999.0,-9999.0,color,orientation,size,0.22000000000000003,15.5,10,female,0,2707.0406706000003,0,23
2059,-9999.0,-9999.0,-9999.0,-9999.0,-9999.0,-9999.0,-9999.0,-9999.0,-9999.0,color,orientation,size,0.22000000000000003,15.5,10,female,0,2707.0406706000003,0,23
2060,-9999.0,-9999.0,-9999.0,-9999.0,-9999.0,-9999.0,-9999.0,-9999.0,-9999.0,color,orientation,size,0.22000000000000003,15.5,10,female,0,2707.0406706000003,0,23
2061,-9999.0,-9999.0,-9999.0,-9999.0,-9999.0,-9999.0,-9999.0,-9999.0,-9999.0,color,orientation,size,0.22000000000000003,15.5,10,female,0,2707.0406706000003,0,23
2062,-9999.0,-9999.0,-9999.0,-9999.0,-9999.0,-9999.0,-9999.0,-9999.0,-9999.0,color,orientation,size,0.22000000000000003,15.5,10,female,0,2707.0406706000003,0,23
2063,-9999.0,-9999.0,-9999.0,-9999.0,-9999.0,-9999.0,-9999.0,-9999.0,-9999.0,color,orientation,size,0.22000000000000003,15.5,10,female,0,2707.0406706000003,0,23
2064,-9999.0,-9999.0,-9999.0,-9999.0,-9999.0,-9999.0,-9999.0,-9999.0,-9999.0,color,orientation,size,0.22000000000000003,15.5,10,female,0,2707.0406706000003,0,23
2065,-9999.0,-9999.0,-9999.0,-9999.0,-9999.0,-9999.0,-9999.0,-9999.0,-9999.0,color,orientation,size,0.22000000000000003,15.5,10,female,0,2707.0406706000003,0,23
2066,-9999.0,-9999.0,-9999.0,-9999.0,-9999.0,-9999.0,-9999.0,-9999.0,-9999.0,color,orientation,size,0.22000000000000003,15.5,10,female,0,2707.0406706000003,0,23
2067,-9999.0,-9999.0,-9999.0,-9999.0,-9999.0,-9999.0,-9999.0,-9999.0,-9999.0,color,orientation,size,0.22000000000000003,15.5,10,female,0,2707.0406706000003,0,23
2068,-9999.0,-9999.0,-9999.0,-9999.0,-9999.0,-9999.0,-9999.0,-9999.0,-9999.0,color,orientation,size,0.22000000000000003,15.5,10,female,0,2707.0406706000003,0,23
2069,-9999.0,-9999.0,-9999.0,-9999.0,-9999.0,-9999.0,-9999.0,-9999.0,-9999.0,color,orientation,size,0.22000000000000003,15.5,10,female,0,2707.0406706000003,0,23
2070,-9999.0,-9999.0,-9999.0,-9999.0,-9999.0,-9999.0,-9999.0,-9999.0,-9999.0,color,orientation,size,0.22000000000000003,15.5,10,female,0,2707.0406706000003,0,23
2071,-9999.0,-9999.0,-9999.0,-9999.0,-9999.0,-9999.0,-9999.0,-9999.0,-9999.0,color,orientation,size,0.22000000000000003,15.5,10,female,0,2707.0406706000003,0,23
2072,-9999.0,-9999.0,-9999.0,-9999.0,-9999.0,-9999.0,-9999.0,-9999.0,-9999.0,color,orientation,size,0.22000000000000003,15.5,10,female,0,2707.0406706000003,0,23
2073,-9999.0,-9999.0,-9999.0,-9999.0,-9999.0,-9999.0,-9999.0,-9999.0,-9999.0,color,orientation,size,0.22000000000000003,15.5,10,female,0,2707.0406706000003,0,23
2074,-9999.0,-9999.0,-9999.0,-9999.0,-9999.0,-9999.0,-9999.0,-9999.0,-9999.0,color,orientation,size,0.22000000000000003,15.5,10,female,0,2707.0406706000003,0,23
2075,-9999.0,-9999.0,-9999.0,-9999.0,-9999.0,-9999.0,-9999.0,-9999.0,-9999.0,color,orientation,size,0.22000000000000003,15.5,10,female,0,2707.0406706000003,0,23
2076,-9999.0,-9999.0,-9999.0,-9999.0,-9999.0,-9999.0,-9999.0,-9999.0,-9999.0,color,orientation,size,0.22000000000000003,15.5,10,female,0,2707.0406706000003,0,23
2077,-9999.0,-9999.0,-9999.0,-9999.0,-9999.0,-9999.0,-9999.0,-9999.0,-9999.0,color,orientation,size,0.22000000000000003,15.5,10,female,0,2707.0406706000003,0,23
2078,-9999.0,-9999.0,-9999.0,-9999.0,-9999.0,-9999.0,-9999.0,-9999.0,-9999.0,color,orientation,size,0.22000000000000003,15.5,10,female,0,2707.0406706000003,0,23
2079,-9999.0,-9999.0,-9999.0,-9999.0,-9999.0,-9999.0,-9999.0,-9999.0,-9999.0,color,orientation,size,0.22000000000000003,15.5,10,female,0,2707.0406706000003,0,23
2080,-9999.0,-9999.0,-9999.0,-9999.0,-9999.0,-9999.0,-9999.0,-9999.0,-9999.0,color,orientation,size,0.22000000000000003,15.5,10,female,0,2707.0406706000003,0,23
2081,-9999.0,-9999.0,-9999.0,-9999.0,-9999.0,-9999.0,-9999.0,-9999.0,-9999.0,color,orientation,size,0.22000000000000003,15.5,10,female,0,2707.0406706000003,0,23
2082,-9999.0,-9999.0,-9999.0,-9999.0,-9999.0,-9999.0,-9999.0,-9999.0,-9999.0,color,orientation,size,0.22000000000000003,15.5,10,female,0,2707.0406706000003,0,23
2083,-9999.0,-9999.0,-9999.0,-9999.0,-9999.0,-9999.0,-9999.0,-9999.0,-9999.0,color,orientation,size,0.22000000000000003,15.5,10,female,0,2707.0406706000003,0,23
2084,-9999.0,-9999.0,-9999.0,-9999.0,-9999.0,-9999.0,-9999.0,-9999.0,-9999.0,color,orientation,size,0.22000000000000003,15.5,10,female,0,2707.0406706000003,0,23
2085,-9999.0,-9999.0,-9999.0,-9999.0,-9999.0,-9999.0,-9999.0,-9999.0,-9999.0,color,orientation,size,0.22000000000000003,15.5,10,female,0,2707.0406706000003,0,23
2086,-9999.0,-9999.0,-9999.0,-9999.0,-9999.0,-9999.0,-9999.0,-9999.0,-9999.0,color,orientation,size,0.22000000000000003,15.5,10,female,0,2707.0406706000003,0,23
2087,-9999.0,-9999.0,-9999.0,-9999.0,-9999.0,-9999.0,-9999.0,-9999.0,-9999.0,color,orientation,size,0.22000000000000003,15.5,10,female,0,2707.0406706000003,0,23
2088,-9999.0,-9999.0,-9999.0,-9999.0,-9999.0,-9999.0,-9999.0,-9999.0,-9999.0,color,orientation,size,0.22000000000000003,15.5,10,female,0,2707.0406706000003,0,23
2089,-9999.0,-9999.0,-9999.0,-9999.0,-9999.0,-9999.0,-9999.0,-9999.0,-9999.0,color,orientation,size,0.22000000000000003,15.5,10,female,0,2707.0406706000003,0,23
2090,-9999.0,-9999.0,-9999.0,-9999.0,-9999.0,-9999.0,-9999.0,-9999.0,-9999.0,color,orientation,size,0.22000000000000003,15.5,10,female,0,2707.0406706000003,0,23
2091,-9999.0,-9999.0,-9999.0,-9999.0,-9999.0,-9999.0,-9999.0,-9999.0,-9999.0,color,orientation,size,0.22000000000000003,15.5,10,female,0,2707.0406706000003,0,23
2092,-9999.0,-9999.0,-9999.0,-9999.0,-9999.0,-9999.0,-9999.0,-9999.0,-9999.0,color,orientation,size,0.22000000000000003,15.5,10,female,0,2707.0406706000003,0,23
2093,-9999.0,-9999.0,-9999.0,-9999.0,-9999.0,-9999.0,-9999.0,-9999.0,-9999.0,color,orientation,size,0.22000000000000003,15.5,10,female,0,2707.0406706000003,0,23
2094,-9999.0,-9999.0,-9999.0,-9999.0,-9999.0,-9999.0,-9999.0,-9999.0,-9999.0,color,orientation,size,0.22000000000000003,15.5,10,female,0,2707.0406706000003,0,23
2095,-9999.0,-9999.0,-9999.0,-9999.0,-9999.0,-9999.0,-9999.0,-9999.0,-9999.0,color,orientation,size,0.22000000000000003,15.5,10,female,0,2707.0406706000003,0,23
2096,-9999.0,-9999.0,-9999.0,-9999.0,-9999.0,-9999.0,-9999.0,-9999.0,-9999.0,color,orientation,size,0.22000000000000003,15.5,10,female,0,2707.0406706000003,0,23
2097,-9999.0,-9999.0,-9999.0,-9999.0,-9999.0,-9999.0,-9999.0,-9999.0,-9999.0,color,orientation,size,0.22000000000000003,15.5,10,female,0,2707.0406706000003,0,23
2098,-9999.0,-9999.0,-9999.0,-9999.0,-9999.0,-9999.0,-9999.0,-9999.0,-9999.0,color,orientation,size,0.22000000000000003,15.5,10,female,0,2707.0406706000003,0,23
2099,-9999.0,-9999.0,-9999.0,-9999.0,-9999.0,-9999.0,-9999.0,-9999.0,-9999.0,color,orientation,size,0.22000000000000003,15.5,10,female,0,2707.0406706000003,0,23
2100,-9999.0,-9999.0,-9999.0,-9999.0,-9999.0,-9999.0,-9999.0,-9999.0,-9999.0,color,orientation,size,0.22000000000000003,15.5,10,female,0,2707.0406706000003,0,23
2101,-9999.0,-9999.0,-9999.0,-9999.0,-9999.0,-9999.0,-9999.0,-9999.0,-9999.0,color,orientation,size,0.22000000000000003,15.5,10,female,0,2707.0406706000003,0,23
2102,-9999.0,-9999.0,-9999.0,-9999.0,-9999.0,-9999.0,-9999.0,-9999.0,-9999.0,color,orientation,size,0.22000000000000003,15.5,10,female,0,2707.0406706000003,0,23
2103,-9999.0,-9999.0,-9999.0,-9999.0,-9999.0,-9999.0,-9999.0,-9999.0,-9999.0,color,orientation,size,0.22000000000000003,15.5,10,female,0,2707.0406706000003,0,23
2104,-9999.0,-9999.0,-9999.0,-9999.0,-9999.0,-9999.0,-9999.0,-9999.0,-9999.0,color,orientation,size,0.22000000000000003,15.5,10,female,0,2707.0406706000003,0,23
2105,-9999.0,-9999.0,-9999.0,-9999.0,-9999.0,-9999.0,-9999.0,-9999.0,-9999.0,color,orientation,size,0.22000000000000003,15.5,10,female,0,2707.0406706000003,0,23
2106,-9999.0,-9999.0,-9999.0,-9999.0,-9999.0,-9999.0,-9999.0,-9999.0,-9999.0,color,orientation,size,0.22000000000000003,15.5,10,female,0,2707.0406706000003,0,23
2107,-9999.0,-9999.0,-9999.0,-9999.0,-9999.0,-9999.0,-9999.0,-9999.0,-9999.0,color,orientation,size,0.22000000000000003,15.5,10,female,0,2707.0406706000003,0,23
2108,-9999.0,-9999.0,-9999.0,-9999.0,-9999.0,-9999.0,-9999.0,-9999.0,-9999.0,color,orientation,size,0.22000000000000003,15.5,10,female,0,2707.0406706000003,0,23
2109,-9999.0,-9999.0,-9999.0,-9999.0,-9999.0,-9999.0,-9999.0,-9999.0,-9999.0,color,orientation,size,0.22000000000000003,15.5,10,female,0,2707.0406706000003,0,23
2110,-9999.0,-9999.0,-9999.0,-9999.0,-9999.0,-9999.0,-9999.0,-9999.0,-9999.0,color,orientation,size,0.22000000000000003,15.5,10,female,0,2707.0406706000003,0,23
2111,-9999.0,-9999.0,-9999.0,-9999.0,-9999.0,-9999.0,-9999.0,-9999.0,-9999.0,color,orientation,size,0.22000000000000003,15.5,10,female,0,2707.0406706000003,0,23
2112,-9999.0,-9999.0,-9999.0,-9999.0,-9999.0,-9999.0,-9999.0,-9999.0,-9999.0,color,orientation,size,0.22000000000000003,15.5,10,female,0,2707.0406706000003,0,23
2113,-9999.0,-9999.0,-9999.0,-9999.0,-9999.0,-9999.0,-9999.0,-9999.0,-9999.0,color,orientation,size,0.22000000000000003,15.5,10,female,0,2707.0406706000003,0,23
2114,-9999.0,-9999.0,-9999.0,-9999.0,-9999.0,-9999.0,-9999.0,-9999.0,-9999.0,color,orientation,size,0.22000000000000003,15.5,10,female,0,2707.0406706000003,0,23
2115,-9999.0,-9999.0,-9999.0,-9999.0,-9999.0,-9999.0,-9999.0,-9999.0,-9999.0,color,orientation,size,0.22000000000000003,15.5,10,female,0,2707.0406706000003,0,23
2116,-9999.0,-9999.0,-9999.0,-9999.0,-9999.0,-9999.0,-9999.0,-9999.0,-9999.0,color,orientation,size,0.22000000000000003,15.5,10,female,0,2707.0406706000003,0,23
2117,-9999.0,-9999.0,-9999.0,-9999.0,-9999.0,-9999.0,-9999.0,-9999.0,-9999.0,color,orientation,size,0.22000000000000003,15.5,10,female,0,2707.0406706000003,0,23
2118,-9999.0,-9999.0,-9999.0,-9999.0,-9999.0,-9999.0,-9999.0,-9999.0,-9999.0,color,orientation,size,0.22000000000000003,15.5,10,female,0,2707.0406706000003,0,23
2119,-9999.0,-9999.0,-9999.0,-9999.0,-9999.0,-9999.0,-9999.0,-9999.0,-9999.0,color,orientation,size,0.22000000000000003,15.5,10,female,0,2707.0406706000003,0,23
2120,-9999.0,-9999.0,-9999.0,-9999.0,-9999.0,-9999.0,-9999.0,-9999.0,-9999.0,color,orientation,size,0.22000000000000003,15.5,10,female,0,2707.0406706000003,0,23
2121,-9999.0,-9999.0,-9999.0,-9999.0,-9999.0,-9999.0,-9999.0,-9999.0,-9999.0,color,orientation,size,0.22000000000000003,15.5,10,female,0,2707.0406706000003,0,23
2122,-9999.0,-9999.0,-9999.0,-9999.0,-9999.0,-9999.0,-9999.0,-9999.0,-9999.0,color,orientation,size,0.22000000000000003,15.5,10,female,0,2707.0406706000003,0,23
2123,-9999.0,-9999.0,-9999.0,-9999.0,-9999.0,-9999.0,-9999.0,-9999.0,-9999.0,color,orientation,size,0.22000000000000003,15.5,10,female,0,2707.0406706000003,0,23
2124,-9999.0,-9999.0,-9999.0,-9999.0,-9999.0,-9999.0,-9999.0,-9999.0,-9999.0,color,orientation,size,0.22000000000000003,15.5,10,female,0,2707.0406706000003,0,23
2125,-9999.0,-9999.0,-9999.0,-9999.0,-9999.0,-9999.0,-9999.0,-9999.0,-9999.0,color,orientation,size,0.22000000000000003,15.5,10,female,0,2707.0406706000003,0,23
2126,-9999.0,-9999.0,-9999.0,-9999.0,-9999.0,-9999.0,-9999.0,-9999.0,-9999.0,color,orientation,size,0.22000000000000003,15.5,10,female,0,2707.0406706000003,0,23
2127,-9999.0,-9999.0,-9999.0,-9999.0,-9999.0,-9999.0,-9999.0,-9999.0,-9999.0,color,orientation,size,0.22000000000000003,15.5,10,female,0,2707.0406706000003,0,23
2128,-9999.0,-9999.0,-9999.0,-9999.0,-9999.0,-9999.0,-9999.0,-9999.0,-9999.0,color,orientation,size,0.22000000000000003,15.5,10,female,0,2707.0406706000003,0,23
2129,-9999.0,-9999.0,-9999.0,-9999.0,-9999.0,-9999.0,-9999.0,-9999.0,-9999.0,color,orientation,size,0.22000000000000003,15.5,10,female,0,2707.0406706000003,0,23
2130,-9999.0,-9999.0,-9999.0,-9999.0,-9999.0,-9999.0,-9999.0,-9999.0,-9999.0,color,orientation,size,0.22000000000000003,15.5,10,female,0,2707.0406706000003,0,23
2131,-9999.0,-9999.0,-9999.0,-9999.0,-9999.0,-9999.0,-9999.0,-9999.0,-9999.0,color,orientation,size,0.22000000000000003,15.5,10,female,0,2707.0406706000003,0,23
2132,-9999.0,-9999.0,-9999.0,-9999.0,-9999.0,-9999.0,-9999.0,-9999.0,-9999.0,color,orientation,size,0.22000000000000003,15.5,10,female,0,2707.0406706000003,0,23
2133,-9999.0,-9999.0,-9999.0,-9999.0,-9999.0,-9999.0,-9999.0,-9999.0,-9999.0,color,orientation,size,0.22000000000000003,15.5,10,female,0,2707.0406706000003,0,23
2134,-9999.0,-9999.0,-9999.0,-9999.0,-9999.0,-9999.0,-9999.0,-9999.0,-9999.0,color,orientation,size,0.22000000000000003,15.5,10,female,0,2707.0406706000003,0,23
2135,-9999.0,-9999.0,-9999.0,-9999.0,-9999.0,-9999.0,-9999.0,-9999.0,-9999.0,color,orientation,size,0.22000000000000003,15.5,10,female,0,2707.0406706000003,0,23
2136,-9999.0,-9999.0,-9999.0,-9999.0,-9999.0,-9999.0,-9999.0,-9999.0,-9999.0,color,orientation,size,0.22000000000000003,15.5,10,female,0,2707.0406706000003,0,23
2137,-9999.0,-9999.0,-9999.0,-9999.0,-9999.0,-9999.0,-9999.0,-9999.0,-9999.0,color,orientation,size,0.22000000000000003,15.5,10,female,0,2707.0406706000003,0,23
2138,-9999.0,-9999.0,-9999.0,-9999.0,-9999.0,-9999.0,-9999.0,-9999.0,-9999.0,color,orientation,size,0.22000000000000003,15.5,10,female,0,2707.0406706000003,0,23
2139,-9999.0,-9999.0,-9999.0,-9999.0,-9999.0,-9999.0,-9999.0,-9999.0,-9999.0,color,orientation,size,0.22000000000000003,15.5,10,female,0,2707.0406706000003,0,23
2140,-9999.0,-9999.0,-9999.0,-9999.0,-9999.0,-9999.0,-9999.0,-9999.0,-9999.0,color,orientation,size,0.22000000000000003,15.5,10,female,0,2707.0406706000003,0,23
2141,-9999.0,-9999.0,-9999.0,-9999.0,-9999.0,-9999.0,-9999.0,-9999.0,-9999.0,color,orientation,size,0.22000000000000003,15.5,10,female,0,2707.0406706000003,0,23
2142,-9999.0,-9999.0,-9999.0,-9999.0,-9999.0,-9999.0,-9999.0,-9999.0,-9999.0,color,orientation,size,0.22000000000000003,15.5,10,female,0,2707.0406706000003,0,23
2143,-9999.0,-9999.0,-9999.0,-9999.0,-9999.0,-9999.0,-9999.0,-9999.0,-9999.0,color,orientation,size,0.22000000000000003,15.5,10,female,0,2707.0406706000003,0,23
2144,-9999.0,-9999.0,-9999.0,-9999.0,-9999.0,-9999.0,-9999.0,-9999.0,-9999.0,color,orientation,size,0.22000000000000003,15.5,10,female,0,2707.0406706000003,0,23
2145,-9999.0,-9999.0,-9999.0,-9999.0,-9999.0,-9999.0,-9999.0,-9999.0,-9999.0,color,orientation,size,0.22000000000000003,15.5,10,female,0,2707.0406706000003,0,23
2146,-9999.0,-9999.0,-9999.0,-9999.0,-9999.0,-9999.0,-9999.0,-9999.0,-9999.0,color,orientation,size,0.22000000000000003,15.5,10,female,0,2707.0406706000003,0,23
2147,-9999.0,-9999.0,-9999.0,-9999.0,-9999.0,-9999.0,-9999.0,-9999.0,-9999.0,color,orientation,size,0.22000000000000003,15.5,10,female,0,2707.0406706000003,0,23
2148,-9999.0,-9999.0,-9999.0,-9999.0,-9999.0,-9999.0,-9999.0,-9999.0,-9999.0,color,orientation,size,0.22000000000000003,15.5,10,female,0,2707.0406706000003,0,23
2149,-9999.0,-9999.0,-9999.0,-9999.0,-9999.0,-9999.0,-9999.0,-9999.0,-9999.0,color,orientation,size,0.22000000000000003,15.5,10,female,0,2707.0406706000003,0,23
2150,-9999.0,-9999.0,-9999.0,-9999.0,-9999.0,-9999.0,-9999.0,-9999.0,-9999.0,color,orientation,size,0.22000000000000003,15.5,10,female,0,2707.0406706000003,0,23
2151,-9999.0,-9999.0,-9999.0,-9999.0,-9999.0,-9999.0,-9999.0,-9999.0,-9999.0,color,orientation,size,0.22000000000000003,15.5,10,female,0,2707.0406706000003,0,23
2152,-9999.0,-9999.0,-9999.0,-9999.0,-9999.0,-9999.0,-9999.0,-9999.0,-9999.0,color,orientation,size,0.22000000000000003,15.5,10,female,0,2707.0406706000003,0,23
2153,-9999.0,-9999.0,-9999.0,-9999.0,-9999.0,-9999.0,-9999.0,-9999.0,-9999.0,color,orientation,size,0.22000000000000003,15.5,10,female,0,2707.0406706000003,0,23
2154,-9999.0,-9999.0,-9999.0,-9999.0,-9999.0,-9999.0,-9999.0,-9999.0,-9999.0,color,orientation,size,0.22000000000000003,15.5,10,female,0,2707.0406706000003,0,23
2155,-9999.0,-9999.0,-9999.0,-9999.0,-9999.0,-9999.0,-9999.0,-9999.0,-9999.0,color,orientation,size,0.22000000000000003,15.5,10,female,0,2707.0406706000003,0,23
2156,-9999.0,-9999.0,-9999.0,-9999.0,-9999.0,-9999.0,-9999.0,-9999.0,-9999.0,color,orientation,size,0.22000000000000003,15.5,10,female,0,2707.0406706000003,0,23
2157,-9999.0,-9999.0,-9999.0,-9999.0,-9999.0,-9999.0,-9999.0,-9999.0,-9999.0,color,orientation,size,0.22000000000000003,15.5,10,female,0,2707.0406706000003,0,23
2158,-9999.0,-9999.0,-9999.0,-9999.0,-9999.0,-9999.0,-9999.0,-9999.0,-9999.0,color,orientation,size,0.22000000000000003,15.5,10,female,0,2707.0406706000003,0,23
2159,-9999.0,-9999.0,-9999.0,-9999.0,-9999.0,-9999.0,-9999.0,-9999.0,-9999.0,color,orientation,size,0.22000000000000003,15.5,10,female,0,2707.0406706000003,0,23
2160,-9999.0,-9999.0,-9999.0,-9999.0,-9999.0,-9999.0,-9999.0,-9999.0,-9999.0,color,orientation,size,0.22000000000000003,15.5,10,female,0,2707.0406706000003,0,23
2161,-9999.0,-9999.0,-9999.0,-9999.0,-9999.0,-9999.0,-9999.0,-9999.0,-9999.0,color,orientation,size,0.22000000000000003,15.5,10,female,0,2707.0406706000003,0,23
2162,-9999.0,-9999.0,-9999.0,-9999.0,-9999.0,-9999.0,-9999.0,-9999.0,-9999.0,color,orientation,size,0.22000000000000003,15.5,10,female,0,2707.0406706000003,0,23
2163,-9999.0,-9999.0,-9999.0,-9999.0,-9999.0,-9999.0,-9999.0,-9999.0,-9999.0,color,orientation,size,0.22000000000000003,15.5,10,female,0,2707.0406706000003,0,23
2164,-9999.0,-9999.0,-9999.0,-9999.0,-9999.0,-9999.0,-9999.0,-9999.0,-9999.0,color,orientation,size,0.22000000000000003,15.5,10,female,0,2707.0406706000003,0,23
2165,-9999.0,-9999.0,-9999.0,-9999.0,-9999.0,-9999.0,-9999.0,-9999.0,-9999.0,color,orientation,size,0.22000000000000003,15.5,10,female,0,2707.0406706000003,0,23
2166,-9999.0,-9999.0,-9999.0,-9999.0,-9999.0,-9999.0,-9999.0,-9999.0,-9999.0,color,orientation,size,0.22000000000000003,15.5,10,female,0,2707.0406706000003,0,23
2167,-9999.0,-9999.0,-9999.0,-9999.0,-9999.0,-9999.0,-9999.0,-9999.0,-9999.0,color,orientation,size,0.22000000000000003,15.5,10,female,0,2707.0406706000003,0,23
2168,-9999.0,-9999.0,-9999.0,-9999.0,-9999.0,-9999.0,-9999.0,-9999.0,-9999.0,color,orientation,size,0.22000000000000003,15.5,10,female,0,2707.0406706000003,0,23
2169,-9999.0,-9999.0,-9999.0,-9999.0,-9999.0,-9999.0,-9999.0,-9999.0,-9999.0,color,orientation,size,0.22000000000000003,15.5,10,female,0,2707.0406706000003,0,23
2170,-9999.0,-9999.0,-9999.0,-9999.0,-9999.0,-9999.0,-9999.0,-9999.0,-9999.0,color,orientation,size,0.22000000000000003,15.5,10,female,0,2707.0406706000003,0,23
2171,-9999.0,-9999.0,-9999.0,-9999.0,-9999.0,-9999.0,-9999.0,-9999.0,-9999.0,color,orientation,size,0.22000000000000003,15.5,10,female,0,2707.0406706000003,0,23
2172,-9999.0,-9999.0,-9999.0,-9999.0,-9999.0,-9999.0,-9999.0,-9999.0,-9999.0,color,orientation,size,0.22000000000000003,15.5,10,female,0,2707.0406706000003,0,23
2173,-9999.0,-9999.0,-9999.0,-9999.0,-9999.0,-9999.0,-9999.0,-9999.0,-9999.0,color,orientation,size,0.22000000000000003,15.5,10,female,0,2707.0406706000003,0,23
2174,-9999.0,-9999.0,-9999.0,-9999.0,-9999.0,-9999.0,-9999.0,-9999.0,-9999.0,color,orientation,size,0.22000000000000003,15.5,10,female,0,2707.0406706000003,0,23
2175,-9999.0,-9999.0,-9999.0,-9999.0,-9999.0,-9999.0,-9999.0,-9999.0,-9999.0,color,orientation,size,0.22000000000000003,15.5,10,female,0,2707.0406706000003,0,23
2176,-9999.0,-9999.0,-9999.0,-9999.0,-9999.0,-9999.0,-9999.0,-9999.0,-9999.0,color,orientation,size,0.22000000000000003,15.5,10,female,0,2707.0406706000003,0,23
2177,-9999.0,-9999.0,-9999.0,-9999.0,-9999.0,-9999.0,-9999.0,-9999.0,-9999.0,color,orientation,size,0.22000000000000003,15.5,10,female,0,2707.0406706000003,0,23
2178,-9999.0,-9999.0,-9999.0,-9999.0,-9999.0,-9999.0,-9999.0,-9999.0,-9999.0,color,orientation,size,0.22000000000000003,15.5,10,female,0,2707.0406706000003,0,23
2179,-9999.0,-9999.0,-9999.0,-9999.0,-9999.0,-9999.0,-9999.0,-9999.0,-9999.0,color,orientation,size,0.22000000000000003,15.5,10,female,0,2707.0406706000003,0,23
2180,-9999.0,-9999.0,-9999.0,-9999.0,-9999.0,-9999.0,-9999.0,-9999.0,-9999.0,color,orientation,size,0.22000000000000003,15.5,10,female,0,2707.0406706000003,0,23
2181,-9999.0,-9999.0,-9999.0,-9999.0,-9999.0,-9999.0,-9999.0,-9999.0,-9999.0,color,orientation,size,0.22000000000000003,15.5,10,female,0,2707.0406706000003,0,23
2182,-9999.0,-9999.0,-9999.0,-9999.0,-9999.0,-9999.0,-9999.0,-9999.0,-9999.0,color,orientation,size,0.22000000000000003,15.5,10,female,0,2707.0406706000003,0,23
2183,-9999.0,-9999.0,-9999.0,-9999.0,-9999.0,-9999.0,-9999.0,-9999.0,-9999.0,color,orientation,size,0.22000000000000003,15.5,10,female,0,2707.0406706000003,0,23
2184,-9999.0,-9999.0,-9999.0,-9999.0,-9999.0,-9999.0,-9999.0,-9999.0,-9999.0,color,orientation,size,0.22000000000000003,15.5,10,female,0,2707.0406706000003,0,23
2185,-9999.0,-9999.0,-9999.0,-9999.0,-9999.0,-9999.0,-9999.0,-9999.0,-9999.0,color,orientation,size,0.22000000000000003,15.5,10,female,0,2707.0406706000003,0,23
2186,-9999.0,-9999.0,-9999.0,-9999.0,-9999.0,-9999.0,-9999.0,-9999.0,-9999.0,color,orientation,size,0.22000000000000003,15.5,10,female,0,2707.0406706000003,0,23
2187,-9999.0,-9999.0,-9999.0,-9999.0,-9999.0,-9999.0,-9999.0,-9999.0,-9999.0,color,orientation,size,0.22000000000000003,15.5,10,female,0,2707.0406706000003,0,23
2188,-9999.0,-9999.0,-9999.0,-9999.0,-9999.0,-9999.0,-9999.0,-9999.0,-9999.0,color,orientation,size,0.22000000000000003,15.5,10,female,0,2707.0406706000003,0,23
2189,-9999.0,-9999.0,-9999.0,-9999.0,-9999.0,-9999.0,-9999.0,-9999.0,-9999.0,color,orientation,size,0.22000000000000003,15.5,10,female,0,2707.0406706000003,0,23
2190,-9999.0,-9999.0,-9999.0,-9999.0,-9999.0,-9999.0,-9999.0,-9999.0,-9999.0,color,orientation,size,0.22000000000000003,15.5,10,female,0,2707.0406706000003,0,23
2191,-9999.0,-9999.0,-9999.0,-9999.0,-9999.0,-9999.0,-9999.0,-9999.0,-9999.0,color,orientation,size,0.22000000000000003,15.5,10,female,0,2707.0406706000003,0,23
2192,-9999.0,-9999.0,-9999.0,-9999.0,-9999.0,-9999.0,-9999.0,-9999.0,-9999.0,color,orientation,size,0.22000000000000003,15.5,10,female,0,2707.0406706000003,0,23
2193,-9999.0,-9999.0,-9999.0,-9999.0,-9999.0,-9999.0,-9999.0,-9999.0,-9999.0,color,orientation,size,0.22000000000000003,15.5,10,female,0,2707.0406706000003,0,23
2194,-9999.0,-9999.0,-9999.0,-9999.0,-9999.0,-9999.0,-9999.0,-9999.0,-9999.0,color,orientation,size,0.22000000000000003,15.5,10,female,0,2707.0406706000003,0,23
2195,-9999.0,-9999.0,-9999.0,-9999.0,-9999.0,-9999.0,-9999.0,-9999.0,-9999.0,color,orientation,size,0.22000000000000003,15.5,10,female,0,2707.0406706000003,0,23
2196,-9999.0,-9999.0,-9999.0,-9999.0,-9999.0,-9999.0,-9999.0,-9999.0,-9999.0,color,orientation,size,0.22000000000000003,15.5,10,female,0,2707.0406706000003,0,23
2197,-9999.0,-9999.0,-9999.0,-9999.0,-9999.0,-9999.0,-9999.0,-9999.0,-9999.0,color,orientation,size,0.22000000000000003,15.5,10,female,0,2707.0406706000003,0,23
2198,-9999.0,-9999.0,-9999.0,-9999.0,-9999.0,-9999.0,-9999.0,-9999.0,-9999.0,color,orientation,size,0.22000000000000003,15.5,10,female,0,2707.0406706000003,0,23
2199,-9999.0,-9999.0,-9999.0,-9999.0,-9999.0,-9999.0,-9999.0,-9999.0,-9999.0,color,orientation,size,0.22000000000000003,15.5,10,female,0,2707.0406706000003,0,23
2200,-9999.0,-9999.0,-9999.0,-9999.0,-9999.0,-9999.0,-9999.0,-9999.0,-9999.0,color,orientation,size,0.22000000000000003,15.5,10,female,0,2707.0406706000003,0,23
2201,-9999.0,-9999.0,-9999.0,-9999.0,-9999.0,-9999.0,-9999.0,-9999.0,-9999.0,color,orientation,size,0.22000000000000003,15.5,10,female,0,2707.0406706000003,0,23
2202,-9999.0,-9999.0,-9999.0,-9999.0,-9999.0,-9999.0,-9999.0,-9999.0,-9999.0,color,orientation,size,0.22000000000000003,15.5,10,female,0,2707.0406706000003,0,23
2203,-9999.0,-9999.0,-9999.0,-9999.0,-9999.0,-9999.0,-9999.0,-9999.0,-9999.0,color,orientation,size,0.22000000000000003,15.5,10,female,0,2707.0406706000003,0,23
2204,-9999.0,-9999.0,-9999.0,-9999.0,-9999.0,-9999.0,-9999.0,-9999.0,-9999.0,color,orientation,size,0.22000000000000003,15.5,10,female,0,2707.0406706000003,0,23
2205,-9999.0,-9999.0,-9999.0,-9999.0,-9999.0,-9999.0,-9999.0,-9999.0,-9999.0,color,orientation,size,0.22000000000000003,15.5,10,female,0,2707.0406706000003,0,23
2206,-9999.0,-9999.0,-9999.0,-9999.0,-9999.0,-9999.0,-9999.0,-9999.0,-9999.0,color,orientation,size,0.22000000000000003,15.5,10,female,0,2707.0406706000003,0,23
2207,-9999.0,-9999.0,-9999.0,-9999.0,-9999.0,-9999.0,-9999.0,-9999.0,-9999.0,color,orientation,size,0.22000000000000003,15.5,10,female,0,2707.0406706000003,0,23
2208,-9999.0,-9999.0,-9999.0,-9999.0,-9999.0,-9999.0,-9999.0,-9999.0,-9999.0,color,orientation,size,0.22000000000000003,15.5,10,female,0,2707.0406706000003,0,23
2209,-9999.0,-9999.0,-9999.0,-9999.0,-9999.0,-9999.0,-9999.0,-9999.0,-9999.0,color,orientation,size,0.22000000000000003,15.5,10,female,0,2707.0406706000003,0,23
2210,-9999.0,-9999.0,-9999.0,-9999.0,-9999.0,-9999.0,-9999.0,-9999.0,-9999.0,color,orientation,size,0.22000000000000003,15.5,10,female,0,2707.0406706000003,0,23
2211,-9999.0,-9999.0,-9999.0,-9999.0,-9999.0,-9999.0,-9999.0,-9999.0,-9999.0,color,orientation,size,0.22000000000000003,15.5,10,female,0,2707.0406706000003,0,23
2212,-9999.0,-9999.0,-9999.0,-9999.0,-9999.0,-9999.0,-9999.0,-9999.0,-9999.0,color,orientation,size,0.22000000000000003,15.5,10,female,0,2707.0406706000003,0,23
2213,-9999.0,-9999.0,-9999.0,-9999.0,-9999.0,-9999.0,-9999.0,-9999.0,-9999.0,color,orientation,size,0.22000000000000003,15.5,10,female,0,2707.0406706000003,0,23
2214,-9999.0,-9999.0,-9999.0,-9999.0,-9999.0,-9999.0,-9999.0,-9999.0,-9999.0,color,orientation,size,0.22000000000000003,15.5,10,female,0,2707.0406706000003,0,23
2215,-9999.0,-9999.0,-9999.0,-9999.0,-9999.0,-9999.0,-9999.0,-9999.0,-9999.0,color,orientation,size,0.22000000000000003,15.5,10,female,0,2707.0406706000003,0,23
2216,-9999.0,-9999.0,-9999.0,-9999.0,-9999.0,-9999.0,-9999.0,-9999.0,-9999.0,color,orientation,size,0.22000000000000003,15.5,10,female,0,2707.0406706000003,0,23
2217,-9999.0,-9999.0,-9999.0,-9999.0,-9999.0,-9999.0,-9999.0,-9999.0,-9999.0,color,orientation,size,0.22000000000000003,15.5,10,female,0,2707.0406706000003,0,23
2218,-9999.0,-9999.0,-9999.0,-9999.0,-9999.0,-9999.0,-9999.0,-9999.0,-9999.0,color,orientation,size,0.22000000000000003,15.5,10,female,0,2707.0406706000003,0,23
2219,-9999.0,-9999.0,-9999.0,-9999.0,-9999.0,-9999.0,-9999.0,-9999.0,-9999.0,color,orientation,size,0.22000000000000003,15.5,10,female,0,2707.0406706000003,0,23
2220,-9999.0,-9999.0,-9999.0,-9999.0,-9999.0,-9999.0,-9999.0,-9999.0,-9999.0,color,orientation,size,0.22000000000000003,15.5,10,female,0,2707.0406706000003,0,23
2221,-9999.0,-9999.0,-9999.0,-9999.0,-9999.0,-9999.0,-9999.0,-9999.0,-9999.0,color,orientation,size,0.22000000000000003,15.5,10,female,0,2707.0406706000003,0,23
2222,-9999.0,-9999.0,-9999.0,-9999.0,-9999.0,-9999.0,-9999.0,-9999.0,-9999.0,color,orientation,size,0.22000000000000003,15.5,10,female,0,2707.0406706000003,0,23
2223,-9999.0,-9999.0,-9999.0,-9999.0,-9999.0,-9999.0,-9999.0,-9999.0,-9999.0,color,orientation,size,0.22000000000000003,15.5,10,female,0,2707.0406706000003,0,23
2224,-9999.0,-9999.0,-9999.0,-9999.0,-9999.0,-9999.0,-9999.0,-9999.0,-9999.0,color,orientation,size,0.22000000000000003,15.5,10,female,0,2707.0406706000003,0,23
2225,-9999.0,-9999.0,-9999.0,-9999.0,-9999.0,-9999.0,-9999.0,-9999.0,-9999.0,color,orientation,size,0.22000000000000003,15.5,10,female,0,2707.0406706000003,0,23
2226,-9999.0,-9999.0,-9999.0,-9999.0,-9999.0,-9999.0,-9999.0,-9999.0,-9999.0,color,orientation,size,0.22000000000000003,15.5,10,female,0,2707.0406706000003,0,23
2227,-9999.0,-9999.0,-9999.0,-9999.0,-9999.0,-9999.0,-9999.0,-9999.0,-9999.0,color,orientation,size,0.22000000000000003,15.5,10,female,0,2707.0406706000003,0,23
2228,-9999.0,-9999.0,-9999.0,-9999.0,-9999.0,-9999.0,-9999.0,-9999.0,-9999.0,color,orientation,size,0.22000000000000003,15.5,10,female,0,2707.0406706000003,0,23
2229,-9999.0,-9999.0,-9999.0,-9999.0,-9999.0,-9999.0,-9999.0,-9999.0,-9999.0,color,orientation,size,0.22000000000000003,15.5,10,female,0,2707.0406706000003,0,23
2230,-9999.0,-9999.0,-9999.0,-9999.0,-9999.0,-9999.0,-9999.0,-9999.0,-9999.0,color,orientation,size,0.22000000000000003,15.5,10,female,0,2707.0406706000003,0,23
2231,-9999.0,-9999.0,-9999.0,-9999.0,-9999.0,-9999.0,-9999.0,-9999.0,-9999.0,color,orientation,size,0.22000000000000003,15.5,10,female,0,2707.0406706000003,0,23
2232,-9999.0,-9999.0,-9999.0,-9999.0,-9999.0,-9999.0,-9999.0,-9999.0,-9999.0,color,orientation,size,0.22000000000000003,15.5,10,female,0,2707.0406706000003,0,23
2233,-9999.0,-9999.0,-9999.0,-9999.0,-9999.0,-9999.0,-9999.0,-9999.0,-9999.0,color,orientation,size,0.22000000000000003,15.5,10,female,0,2707.0406706000003,0,23
2234,-9999.0,-9999.0,-9999.0,-9999.0,-9999.0,-9999.0,-9999.0,-9999.0,-9999.0,color,orientation,size,0.22000000000000003,15.5,10,female,0,2707.0406706000003,0,23
2235,-9999.0,-9999.0,-9999.0,-9999.0,-9999.0,-9999.0,-9999.0,-9999.0,-9999.0,color,orientation,size,0.22000000000000003,15.5,10,female,0,2707.0406706000003,0,23
2236,-9999.0,-9999.0,-9999.0,-9999.0,-9999.0,-9999.0,-9999.0,-9999.0,-9999.0,color,orientation,size,0.22000000000000003,15.5,10,female,0,2707.0406706000003,0,23
2237,-9999.0,-9999.0,-9999.0,-9999.0,-9999.0,-9999.0,-9999.0,-9999.0,-9999.0,color,orientation,size,0.22000000000000003,15.5,10,female,0,2707.0406706000003,0,23
2238,-9999.0,-9999.0,-9999.0,-9999.0,-9999.0,-9999.0,-9999.0,-9999.0,-9999.0,color,orientation,size,0.22000000000000003,15.5,10,female,0,2707.0406706000003,0,23
2239,-9999.0,-9999.0,-9999.0,-9999.0,-9999.0,-9999.0,-9999.0,-9999.0,-9999.0,color,orientation,size,0.22000000000000003,15.5,10,female,0,2707.0406706000003,0,23
2240,-9999.0,-9999.0,-9999.0,-9999.0,-9999.0,-9999.0,-9999.0,-9999.0,-9999.0,color,orientation,size,0.22000000000000003,15.5,10,female,0,2707.0406706000003,0,23
2241,-9999.0,-9999.0,-9999.0,-9999.0,-9999.0,-9999.0,-9999.0,-9999.0,-9999.0,color,orientation,size,0.22000000000000003,15.5,10,female,0,2707.0406706000003,0,23
2242,-9999.0,-9999.0,-9999.0,-9999.0,-9999.0,-9999.0,-9999.0,-9999.0,-9999.0,color,orientation,size,0.22000000000000003,15.5,10,female,0,2707.0406706000003,0,23
2243,-9999.0,-9999.0,-9999.0,-9999.0,-9999.0,-9999.0,-9999.0,-9999.0,-9999.0,color,orientation,size,0.22000000000000003,15.5,10,female,0,2707.0406706000003,0,23
2244,-9999.0,-9999.0,-9999.0,-9999.0,-9999.0,-9999.0,-9999.0,-9999.0,-9999.0,color,orientation,size,0.22000000000000003,15.5,10,female,0,2707.0406706000003,0,23
2245,-9999.0,-9999.0,-9999.0,-9999.0,-9999.0,-9999.0,-9999.0,-9999.0,-9999.0,color,orientation,size,0.22000000000000003,15.5,10,female,0,2707.0406706000003,0,23
2246,-9999.0,-9999.0,-9999.0,-9999.0,-9999.0,-9999.0,-9999.0,-9999.0,-9999.0,color,orientation,size,0.22000000000000003,15.5,10,female,0,2707.0406706000003,0,23
2247,-9999.0,-9999.0,-9999.0,-9999.0,-9999.0,-9999.0,-9999.0,-9999.0,-9999.0,color,orientation,size,0.22000000000000003,15.5,10,female,0,2707.0406706000003,0,23
2248,-9999.0,-9999.0,-9999.0,-9999.0,-9999.0,-9999.0,-9999.0,-9999.0,-9999.0,color,orientation,size,0.22000000000000003,15.5,10,female,0,2707.0406706000003,0,23
2249,-9999.0,-9999.0,-9999.0,-9999.0,-9999.0,-9999.0,-9999.0,-9999.0,-9999.0,color,orientation,size,0.22000000000000003,15.5,10,female,0,2707.0406706000003,0,23
2250,-9999.0,-9999.0,-9999.0,-9999.0,-9999.0,-9999.0,-9999.0,-9999.0,-9999.0,color,orientation,size,0.22000000000000003,15.5,10,female,0,2707.0406706000003,0,23
2251,-9999.0,-9999.0,-9999.0,-9999.0,-9999.0,-9999.0,-9999.0,-9999.0,-9999.0,color,orientation,size,0.22000000000000003,15.5,10,female,0,2707.0406706000003,0,23
2252,-9999.0,-9999.0,-9999.0,-9999.0,-9999.0,-9999.0,-9999.0,-9999.0,-9999.0,color,orientation,size,0.22000000000000003,15.5,10,female,0,2707.0406706000003,0,23
2253,-9999.0,-9999.0,-9999.0,-9999.0,-9999.0,-9999.0,-9999.0,-9999.0,-9999.0,color,orientation,size,0.22000000000000003,15.5,10,female,0,2707.0406706000003,0,23
2254,-9999.0,-9999.0,-9999.0,-9999.0,-9999.0,-9999.0,-9999.0,-9999.0,-9999.0,color,orientation,size,0.22000000000000003,15.5,10,female,0,2707.0406706000003,0,23
2255,-9999.0,-9999.0,-9999.0,-9999.0,-9999.0,-9999.0,-9999.0,-9999.0,-9999.0,color,orientation,size,0.22000000000000003,15.5,10,female,0,2707.0406706000003,0,23
2256,-9999.0,-9999.0,-9999.0,-9999.0,-9999.0,-9999.0,-9999.0,-9999.0,-9999.0,color,orientation,size,0.22000000000000003,15.5,10,female,0,2707.0406706000003,0,23
2257,-9999.0,-9999.0,-9999.0,-9999.0,-9999.0,-9999.0,-9999.0,-9999.0,-9999.0,color,orientation,size,0.22000000000000003,15.5,10,female,0,2707.0406706000003,0,23
2258,-9999.0,-9999.0,-9999.0,-9999.0,-9999.0,-9999.0,-9999.0,-9999.0,-9999.0,color,orientation,size,0.22000000000000003,15.5,10,female,0,2707.0406706000003,0,23
2259,-9999.0,-9999.0,-9999.0,-9999.0,-9999.0,-9999.0,-9999.0,-9999.0,-9999.0,color,orientation,size,0.22000000000000003,15.5,10,female,0,2707.0406706000003,0,23
2260,-9999.0,-9999.0,-9999.0,-9999.0,-9999.0,-9999.0,-9999.0,-9999.0,-9999.0,color,orientation,size,0.22000000000000003,15.5,10,female,0,2707.0406706000003,0,23
2261,-9999.0,-9999.0,-9999.0,-9999.0,-9999.0,-9999.0,-9999.0,-9999.0,-9999.0,color,orientation,size,0.22000000000000003,15.5,10,female,0,2707.0406706000003,0,23
2262,-9999.0,-9999.0,-9999.0,-9999.0,-9999.0,-9999.0,-9999.0,-9999.0,-9999.0,color,orientation,size,0.22000000000000003,15.5,10,female,0,2707.0406706000003,0,23
2263,-9999.0,-9999.0,-9999.0,-9999.0,-9999.0,-9999.0,-9999.0,-9999.0,-9999.0,color,orientation,size,0.22000000000000003,15.5,10,female,0,2707.0406706000003,0,23
2264,-9999.0,-9999.0,-9999.0,-9999.0,-9999.0,-9999.0,-9999.0,-9999.0,-9999.0,color,orientation,size,0.22000000000000003,15.5,10,female,0,2707.0406706000003,0,23
2265,-9999.0,-9999.0,-9999.0,-9999.0,-9999.0,-9999.0,-9999.0,-9999.0,-9999.0,color,orientation,size,0.22000000000000003,15.5,10,female,0,2707.0406706000003,0,23
2266,-9999.0,-9999.0,-9999.0,-9999.0,-9999.0,-9999.0,-9999.0,-9999.0,-9999.0,color,orientation,size,0.22000000000000003,15.5,10,female,0,2707.0406706000003,0,23
2267,-9999.0,-9999.0,-9999.0,-9999.0,-9999.0,-9999.0,-9999.0,-9999.0,-9999.0,color,orientation,size,0.22000000000000003,15.5,10,female,0,2707.0406706000003,0,23
2268,-9999.0,-9999.0,-9999.0,-9999.0,-9999.0,-9999.0,-9999.0,-9999.0,-9999.0,color,orientation,size,0.22000000000000003,15.5,10,female,0,2707.0406706000003,0,23
2269,-9999.0,-9999.0,-9999.0,-9999.0,-9999.0,-9999.0,-9999.0,-9999.0,-9999.0,color,orientation,size,0.22000000000000003,15.5,10,female,0,2707.0406706000003,0,23
2270,-9999.0,-9999.0,-9999.0,-9999.0,-9999.0,-9999.0,-9999.0,-9999.0,-9999.0,color,orientation,size,0.22000000000000003,15.5,10,female,0,2707.0406706000003,0,23
2271,-9999.0,-9999.0,-9999.0,-9999.0,-9999.0,-9999.0,-9999.0,-9999.0,-9999.0,color,orientation,size,0.22000000000000003,15.5,10,female,0,2707.0406706000003,0,23
2272,-9999.0,-9999.0,-9999.0,-9999.0,-9999.0,-9999.0,-9999.0,-9999.0,-9999.0,color,orientation,size,0.22000000000000003,15.5,10,female,0,2707.0406706000003,0,23
2273,-9999.0,-9999.0,-9999.0,-9999.0,-9999.0,-9999.0,-9999.0,-9999.0,-9999.0,color,orientation,size,0.22000000000000003,15.5,10,female,0,2707.0406706000003,0,23
2274,-9999.0,-9999.0,-9999.0,-9999.0,-9999.0,-9999.0,-9999.0,-9999.0,-9999.0,color,orientation,size,0.22000000000000003,15.5,10,female,0,2707.0406706000003,0,23
2275,-9999.0,-9999.0,-9999.0,-9999.0,-9999.0,-9999.0,-9999.0,-9999.0,-9999.0,color,orientation,size,0.22000000000000003,15.5,10,female,0,2707.0406706000003,0,23
2276,-9999.0,-9999.0,-9999.0,-9999.0,-9999.0,-9999.0,-9999.0,-9999.0,-9999.0,color,orientation,size,0.22000000000000003,15.5,10,female,0,2707.0406706000003,0,23
2277,-9999.0,-9999.0,-9999.0,-9999.0,-9999.0,-9999.0,-9999.0,-9999.0,-9999.0,color,orientation,size,0.22000000000000003,15.5,10,female,0,2707.0406706000003,0,23
2278,-9999.0,-9999.0,-9999.0,-9999.0,-9999.0,-9999.0,-9999.0,-9999.0,-9999.0,color,orientation,size,0.22000000000000003,15.5,10,female,0,2707.0406706000003,0,23
2279,-9999.0,-9999.0,-9999.0,-9999.0,-9999.0,-9999.0,-9999.0,-9999.0,-9999.0,color,orientation,size,0.22000000000000003,15.5,10,female,0,2707.0406706000003,0,23
2280,-9999.0,-9999.0,-9999.0,-9999.0,-9999.0,-9999.0,-9999.0,-9999.0,-9999.0,color,orientation,size,0.22000000000000003,15.5,10,female,0,2707.0406706000003,0,23
2281,-9999.0,-9999.0,-9999.0,-9999.0,-9999.0,-9999.0,-9999.0,-9999.0,-9999.0,color,orientation,size,0.22000000000000003,15.5,10,female,0,2707.0406706000003,0,23
2282,-9999.0,-9999.0,-9999.0,-9999.0,-9999.0,-9999.0,-9999.0,-9999.0,-9999.0,color,orientation,size,0.22000000000000003,15.5,10,female,0,2707.0406706000003,0,23
2283,-9999.0,-9999.0,-9999.0,-9999.0,-9999.0,-9999.0,-9999.0,-9999.0,-9999.0,color,orientation,size,0.22000000000000003,15.5,10,female,0,2707.0406706000003,0,23
2284,-9999.0,-9999.0,-9999.0,-9999.0,-9999.0,-9999.0,-9999.0,-9999.0,-9999.0,color,orientation,size,0.22000000000000003,15.5,10,female,0,2707.0406706000003,0,23
2285,-9999.0,-9999.0,-9999.0,-9999.0,-9999.0,-9999.0,-9999.0,-9999.0,-9999.0,color,orientation,size,0.22000000000000003,15.5,10,female,0,2707.0406706000003,0,23
2286,-9999.0,-9999.0,-9999.0,-9999.0,-9999.0,-9999.0,-9999.0,-9999.0,-9999.0,color,orientation,size,0.22000000000000003,15.5,10,female,0,2707.0406706000003,0,23
2287,-9999.0,-9999.0,-9999.0,-9999.0,-9999.0,-9999.0,-9999.0,-9999.0,-9999.0,color,orientation,size,0.22000000000000003,15.5,10,female,0,2707.0406706000003,0,23
2288,-9999.0,-9999.0,-9999.0,-9999.0,-9999.0,-9999.0,-9999.0,-9999.0,-9999.0,color,orientation,size,0.22000000000000003,15.5,10,female,0,2707.0406706000003,0,23
2289,-9999.0,-9999.0,-9999.0,-9999.0,-9999.0,-9999.0,-9999.0,-9999.0,-9999.0,color,orientation,size,0.22000000000000003,15.5,10,female,0,2707.0406706000003,0,23
2290,-9999.0,-9999.0,-9999.0,-9999.0,-9999.0,-9999.0,-9999.0,-9999.0,-9999.0,color,orientation,size,0.22000000000000003,15.5,10,female,0,2707.0406706000003,0,23
2291,-9999.0,-9999.0,-9999.0,-9999.0,-9999.0,-9999.0,-9999.0,-9999.0,-9999.0,color,orientation,size,0.22000000000000003,15.5,10,female,0,2707.0406706000003,0,23
2292,-9999.0,-9999.0,-9999.0,-9999.0,-9999.0,-9999.0,-9999.0,-9999.0,-9999.0,color,orientation,size,0.22000000000000003,15.5,10,female,0,2707.0406706000003,0,23
2293,-9999.0,-9999.0,-9999.0,-9999.0,-9999.0,-9999.0,-9999.0,-9999.0,-9999.0,color,orientation,size,0.22000000000000003,15.5,10,female,0,2707.0406706000003,0,23
2294,-9999.0,-9999.0,-9999.0,-9999.0,-9999.0,-9999.0,-9999.0,-9999.0,-9999.0,color,orientation,size,0.22000000000000003,15.5,10,female,0,2707.0406706000003,0,23
2295,-9999.0,-9999.0,-9999.0,-9999.0,-9999.0,-9999.0,-9999.0,-9999.0,-9999.0,color,orientation,size,0.22000000000000003,15.5,10,female,0,2707.0406706000003,0,23
2296,-9999.0,-9999.0,-9999.0,-9999.0,-9999.0,-9999.0,-9999.0,-9999.0,-9999.0,color,orientation,size,0.22000000000000003,15.5,10,female,0,2707.0406706000003,0,23
2297,-9999.0,-9999.0,-9999.0,-9999.0,-9999.0,-9999.0,-9999.0,-9999.0,-9999.0,color,orientation,size,0.22000000000000003,15.5,10,female,0,2707.0406706000003,0,23
2298,-9999.0,-9999.0,-9999.0,-9999.0,-9999.0,-9999.0,-9999.0,-9999.0,-9999.0,color,orientation,size,0.22000000000000003,15.5,10,female,0,2707.0406706000003,0,23
2299,-9999.0,-9999.0,-9999.0,-9999.0,-9999.0,-9999.0,-9999.0,-9999.0,-9999.0,color,orientation,size,0.22000000000000003,15.5,10,female,0,2707.0406706000003,0,23
2300,-9999.0,-9999.0,-9999.0,-9999.0,-9999.0,-9999.0,-9999.0,-9999.0,-9999.0,color,orientation,size,0.22000000000000003,15.5,10,female,0,2707.0406706000003,0,23
2301,-9999.0,-9999.0,-9999.0,-9999.0,-9999.0,-9999.0,-9999.0,-9999.0,-9999.0,color,orientation,size,0.22000000000000003,15.5,10,female,0,2707.0406706000003,0,23
2302,-9999.0,-9999.0,-9999.0,-9999.0,-9999.0,-9999.0,-9999.0,-9999.0,-9999.0,color,orientation,size,0.22000000000000003,15.5,10,female,0,2707.0406706000003,0,23
2303,-9999.0,-9999.0,-9999.0,-9999.0,-9999.0,-9999.0,-9999.0,-9999.0,-9999.0,color,orientation,size,0.22000000000000003,15.5,10,female,0,2707.0406706000003,0,23
2304,-9999.0,-9999.0,-9999.0,-9999.0,-9999.0,-9999.0,-9999.0,-9999.0,-9999.0,color,orientation,size,0.22000000000000003,15.5,10,female,0,2707.0406706000003,0,23
2305,-9999.0,-9999.0,-9999.0,-9999.0,-9999.0,-9999.0,-9999.0,-9999.0,-9999.0,color,orientation,size,0.22000000000000003,15.5,10,female,0,2707.0406706000003,0,23
2306,-9999.0,-9999.0,-9999.0,-9999.0,-9999.0,-9999.0,-9999.0,-9999.0,-9999.0,color,orientation,size,0.22000000000000003,15.5,10,female,0,2707.0406706000003,0,23
2307,-9999.0,-9999.0,-9999.0,-9999.0,-9999.0,-9999.0,-9999.0,-9999.0,-9999.0,color,orientation,size,0.22000000000000003,15.5,10,female,0,2707.0406706000003,0,23
2308,-9999.0,-9999.0,-9999.0,-9999.0,-9999.0,-9999.0,-9999.0,-9999.0,-9999.0,color,orientation,size,0.22000000000000003,15.5,10,female,0,2707.0406706000003,0,23
2309,-9999.0,-9999.0,-9999.0,-9999.0,-9999.0,-9999.0,-9999.0,-9999.0,-9999.0,color,orientation,size,0.22000000000000003,15.5,10,female,0,2707.0406706000003,0,23
2310,-9999.0,-9999.0,-9999.0,-9999.0,-9999.0,-9999.0,-9999.0,-9999.0,-9999.0,color,orientation,size,0.22000000000000003,15.5,10,female,0,2707.0406706000003,0,23
2311,-9999.0,-9999.0,-9999.0,-9999.0,-9999.0,-9999.0,-9999.0,-9999.0,-9999.0,color,orientation,size,0.22000000000000003,15.5,10,female,0,2707.0406706000003,0,23
2312,-9999.0,-9999.0,-9999.0,-9999.0,-9999.0,-9999.0,-9999.0,-9999.0,-9999.0,color,orientation,size,0.22000000000000003,15.5,10,female,0,2707.0406706000003,0,23
2313,-9999.0,-9999.0,-9999.0,-9999.0,-9999.0,-9999.0,-9999.0,-9999.0,-9999.0,color,orientation,size,0.22000000000000003,15.5,10,female,0,2707.0406706000003,0,23
2314,-9999.0,-9999.0,-9999.0,-9999.0,-9999.0,-9999.0,-9999.0,-9999.0,-9999.0,color,orientation,size,0.22000000000000003,15.5,10,female,0,2707.0406706000003,0,23
2315,-9999.0,-9999.0,-9999.0,-9999.0,-9999.0,-9999.0,-9999.0,-9999.0,-9999.0,color,orientation,size,0.22000000000000003,15.5,10,female,0,2707.0406706000003,0,23
2316,-9999.0,-9999.0,-9999.0,-9999.0,-9999.0,-9999.0,-9999.0,-9999.0,-9999.0,color,orientation,size,0.22000000000000003,15.5,10,female,0,2707.0406706000003,0,23
2317,-9999.0,-9999.0,-9999.0,-9999.0,-9999.0,-9999.0,-9999.0,-9999.0,-9999.0,color,orientation,size,0.22000000000000003,15.5,10,female,0,2707.0406706000003,0,23
2318,-9999.0,-9999.0,-9999.0,-9999.0,-9999.0,-9999.0,-9999.0,-9999.0,-9999.0,color,orientation,size,0.22000000000000003,15.5,10,female,0,2707.0406706000003,0,23
2319,-9999.0,-9999.0,-9999.0,-9999.0,-9999.0,-9999.0,-9999.0,-9999.0,-9999.0,color,orientation,size,0.22000000000000003,15.5,10,female,0,2707.0406706000003,0,23
2320,-9999.0,-9999.0,-9999.0,-9999.0,-9999.0,-9999.0,-9999.0,-9999.0,-9999.0,color,orientation,size,0.22000000000000003,15.5,10,female,0,2707.0406706000003,0,23
2321,-9999.0,-9999.0,-9999.0,-9999.0,-9999.0,-9999.0,-9999.0,-9999.0,-9999.0,color,orientation,size,0.22000000000000003,15.5,10,female,0,2707.0406706000003,0,23
2322,-9999.0,-9999.0,-9999.0,-9999.0,-9999.0,-9999.0,-9999.0,-9999.0,-9999.0,color,orientation,size,0.22000000000000003,15.5,10,female,0,2707.0406706000003,0,23
2323,-9999.0,-9999.0,-9999.0,-9999.0,-9999.0,-9999.0,-9999.0,-9999.0,-9999.0,color,orientation,size,0.22000000000000003,15.5,10,female,0,2707.0406706000003,0,23
2324,-9999.0,-9999.0,-9999.0,-9999.0,-9999.0,-9999.0,-9999.0,-9999.0,-9999.0,color,orientation,size,0.22000000000000003,15.5,10,female,0,2707.0406706000003,0,23
2325,-9999.0,-9999.0,-9999.0,-9999.0,-9999.0,-9999.0,-9999.0,-9999.0,-9999.0,color,orientation,size,0.22000000000000003,15.5,10,female,0,2707.0406706000003,0,23
2326,-9999.0,-9999.0,-9999.0,-9999.0,-9999.0,-9999.0,-9999.0,-9999.0,-9999.0,color,orientation,size,0.22000000000000003,15.5,10,female,0,2707.0406706000003,0,23
2327,-9999.0,-9999.0,-9999.0,-9999.0,-9999.0,-9999.0,-9999.0,-9999.0,-9999.0,color,orientation,size,0.22000000000000003,15.5,10,female,0,2707.0406706000003,0,23
2328,-9999.0,-9999.0,-9999.0,-9999.0,-9999.0,-9999.0,-9999.0,-9999.0,-9999.0,color,orientation,size,0.22000000000000003,15.5,10,female,0,2707.0406706000003,0,23
2329,-9999.0,-9999.0,-9999.0,-9999.0,-9999.0,-9999.0,-9999.0,-9999.0,-9999.0,color,orientation,size,0.22000000000000003,15.5,10,female,0,2707.0406706000003,0,23
2330,-9999.0,-9999.0,-9999.0,-9999.0,-9999.0,-9999.0,-9999.0,-9999.0,-9999.0,color,orientation,size,0.22000000000000003,15.5,10,female,0,2707.0406706000003,0,23
2331,-9999.0,-9999.0,-9999.0,-9999.0,-9999.0,-9999.0,-9999.0,-9999.0,-9999.0,color,orientation,size,0.22000000000000003,15.5,10,female,0,2707.0406706000003,0,23
2332,-9999.0,-9999.0,-9999.0,-9999.0,-9999.0,-9999.0,-9999.0,-9999.0,-9999.0,color,orientation,size,0.22000000000000003,15.5,10,female,0,2707.0406706000003,0,23
2333,-9999.0,-9999.0,-9999.0,-9999.0,-9999.0,-9999.0,-9999.0,-9999.0,-9999.0,color,orientation,size,0.22000000000000003,15.5,10,female,0,2707.0406706000003,0,23
2334,-9999.0,-9999.0,-9999.0,-9999.0,-9999.0,-9999.0,-9999.0,-9999.0,-9999.0,color,orientation,size,0.22000000000000003,15.5,10,female,0,2707.0406706000003,0,23
2335,-9999.0,-9999.0,-9999.0,-9999.0,-9999.0,-9999.0,-9999.0,-9999.0,-9999.0,color,orientation,size,0.22000000000000003,15.5,10,female,0,2707.0406706000003,0,23
2336,-9999.0,-9999.0,-9999.0,-9999.0,-9999.0,-9999.0,-9999.0,-9999.0,-9999.0,color,orientation,size,0.22000000000000003,15.5,10,female,0,2707.0406706000003,0,23
2337,-9999.0,-9999.0,-9999.0,-9999.0,-9999.0,-9999.0,-9999.0,-9999.0,-9999.0,color,orientation,size,0.22000000000000003,15.5,10,female,0,2707.0406706000003,0,23
2338,-9999.0,-9999.0,-9999.0,-9999.0,-9999.0,-9999.0,-9999.0,-9999.0,-9999.0,color,orientation,size,0.22000000000000003,15.5,10,female,0,2707.0406706000003,0,23
2339,-9999.0,-9999.0,-9999.0,-9999.0,-9999.0,-9999.0,-9999.0,-9999.0,-9999.0,color,orientation,size,0.22000000000000003,15.5,10,female,0,2707.0406706000003,0,23
2340,-9999.0,-9999.0,-9999.0,-9999.0,-9999.0,-9999.0,-9999.0,-9999.0,-9999.0,color,orientation,size,0.22000000000000003,15.5,10,female,0,2707.0406706000003,0,23
2341,-9999.0,-9999.0,-9999.0,-9999.0,-9999.0,-9999.0,-9999.0,-9999.0,-9999.0,color,orientation,size,0.22000000000000003,15.5,10,female,0,2707.0406706000003,0,23
2342,-9999.0,-9999.0,-9999.0,-9999.0,-9999.0,-9999.0,-9999.0,-9999.0,-9999.0,color,orientation,size,0.22000000000000003,15.5,10,female,0,2707.0406706000003,0,23
2343,-9999.0,-9999.0,-9999.0,-9999.0,-9999.0,-9999.0,-9999.0,-9999.0,-9999.0,color,orientation,size,0.22000000000000003,15.5,10,female,0,2707.0406706000003,0,23
2344,-9999.0,-9999.0,-9999.0,-9999.0,-9999.0,-9999.0,-9999.0,-9999.0,-9999.0,color,orientation,size,0.22000000000000003,15.5,10,female,0,2707.0406706000003,0,23
2345,-9999.0,-9999.0,-9999.0,-9999.0,-9999.0,-9999.0,-9999.0,-9999.0,-9999.0,color,orientation,size,0.22000000000000003,15.5,10,female,0,2707.0406706000003,0,23
2346,-9999.0,-9999.0,-9999.0,-9999.0,-9999.0,-9999.0,-9999.0,-9999.0,-9999.0,color,orientation,size,0.22000000000000003,15.5,10,female,0,2707.0406706000003,0,23
2347,-9999.0,-9999.0,-9999.0,-9999.0,-9999.0,-9999.0,-9999.0,-9999.0,-9999.0,color,orientation,size,0.22000000000000003,15.5,10,female,0,2707.0406706000003,0,23
2348,-9999.0,-9999.0,-9999.0,-9999.0,-9999.0,-9999.0,-9999.0,-9999.0,-9999.0,color,orientation,size,0.22000000000000003,15.5,10,female,0,2707.0406706000003,0,23
2349,-9999.0,-9999.0,-9999.0,-9999.0,-9999.0,-9999.0,-9999.0,-9999.0,-9999.0,color,orientation,size,0.22000000000000003,15.5,10,female,0,2707.0406706000003,0,23
2350,-9999.0,-9999.0,-9999.0,-9999.0,-9999.0,-9999.0,-9999.0,-9999.0,-9999.0,color,orientation,size,0.22000000000000003,15.5,10,female,0,2707.0406706000003,0,23
2351,-9999.0,-9999.0,-9999.0,-9999.0,-9999.0,-9999.0,-9999.0,-9999.0,-9999.0,color,orientation,size,0.22000000000000003,15.5,10,female,0,2707.0406706000003,0,23
2352,-9999.0,-9999.0,-9999.0,-9999.0,-9999.0,-9999.0,-9999.0,-9999.0,-9999.0,color,orientation,size,0.22000000000000003,15.5,10,female,0,2707.0406706000003,0,23
2353,-9999.0,-9999.0,-9999.0,-9999.0,-9999.0,-9999.0,-9999.0,-9999.0,-9999.0,color,orientation,size,0.22000000000000003,15.5,10,female,0,2707.0406706000003,0,23
2354,-9999.0,-9999.0,-9999.0,-9999.0,-9999.0,-9999.0,-9999.0,-9999.0,-9999.0,color,orientation,size,0.22000000000000003,15.5,10,female,0,2707.0406706000003,0,23
2355,-9999.0,-9999.0,-9999.0,-9999.0,-9999.0,-9999.0,-9999.0,-9999.0,-9999.0,color,orientation,size,0.22000000000000003,15.5,10,female,0,2707.0406706000003,0,23
2356,-9999.0,-9999.0,-9999.0,-9999.0,-9999.0,-9999.0,-9999.0,-9999.0,-9999.0,color,orientation,size,0.22000000000000003,15.5,10,female,0,2707.0406706000003,0,23
2357,-9999.0,-9999.0,-9999.0,-9999.0,-9999.0,-9999.0,-9999.0,-9999.0,-9999.0,color,orientation,size,0.22000000000000003,15.5,10,female,0,2707.0406706000003,0,23
2358,-9999.0,-9999.0,-9999.0,-9999.0,-9999.0,-9999.0,-9999.0,-9999.0,-9999.0,color,orientation,size,0.22000000000000003,15.5,10,female,0,2707.0406706000003,0,23
2359,-9999.0,-9999.0,-9999.0,-9999.0,-9999.0,-9999.0,-9999.0,-9999.0,-9999.0,color,orientation,size,0.22000000000000003,15.5,10,female,0,2707.0406706000003,0,23
2360,-9999.0,-9999.0,-9999.0,-9999.0,-9999.0,-9999.0,-9999.0,-9999.0,-9999.0,color,orientation,size,0.22000000000000003,15.5,10,female,0,2707.0406706000003,0,23
2361,-9999.0,-9999.0,-9999.0,-9999.0,-9999.0,-9999.0,-9999.0,-9999.0,-9999.0,color,orientation,size,0.22000000000000003,15.5,10,female,0,2707.0406706000003,0,23
2362,-9999.0,-9999.0,-9999.0,-9999.0,-9999.0,-9999.0,-9999.0,-9999.0,-9999.0,color,orientation,size,0.22000000000000003,15.5,10,female,0,2707.0406706000003,0,23
2363,-9999.0,-9999.0,-9999.0,-9999.0,-9999.0,-9999.0,-9999.0,-9999.0,-9999.0,color,orientation,size,0.22000000000000003,15.5,10,female,0,2707.0406706000003,0,23
2364,-9999.0,-9999.0,-9999.0,-9999.0,-9999.0,-9999.0,-9999.0,-9999.0,-9999.0,color,orientation,size,0.22000000000000003,15.5,10,female,0,2707.0406706000003,0,23
2365,-9999.0,-9999.0,-9999.0,-9999.0,-9999.0,-9999.0,-9999.0,-9999.0,-9999.0,color,orientation,size,0.22000000000000003,15.5,10,female,0,2707.0406706000003,0,23
2366,-9999.0,-9999.0,-9999.0,-9999.0,-9999.0,-9999.0,-9999.0,-9999.0,-9999.0,color,orientation,size,0.22000000000000003,15.5,10,female,0,2707.0406706000003,0,23
2367,-9999.0,-9999.0,-9999.0,-9999.0,-9999.0,-9999.0,-9999.0,-9999.0,-9999.0,color,orientation,size,0.22000000000000003,15.5,10,female,0,2707.0406706000003,0,23
2368,-9999.0,-9999.0,-9999.0,-9999.0,-9999.0,-9999.0,-9999.0,-9999.0,-9999.0,color,orientation,size,0.22000000000000003,15.5,10,female,0,2707.0406706000003,0,23
2369,-9999.0,-9999.0,-9999.0,-9999.0,-9999.0,-9999.0,-9999.0,-9999.0,-9999.0,color,orientation,size,0.22000000000000003,15.5,10,female,0,2707.0406706000003,0,23
2370,-9999.0,-9999.0,-9999.0,-9999.0,-9999.0,-9999.0,-9999.0,-9999.0,-9999.0,color,orientation,size,0.22000000000000003,15.5,10,female,0,2707.0406706000003,0,23
2371,-9999.0,-9999.0,-9999.0,-9999.0,-9999.0,-9999.0,-9999.0,-9999.0,-9999.0,color,orientation,size,0.22000000000000003,15.5,10,female,0,2707.0406706000003,0,23
2372,-9999.0,-9999.0,-9999.0,-9999.0,-9999.0,-9999.0,-9999.0,-9999.0,-9999.0,color,orientation,size,0.22000000000000003,15.5,10,female,0,2707.0406706000003,0,23
2373,-9999.0,-9999.0,-9999.0,-9999.0,-9999.0,-9999.0,-9999.0,-9999.0,-9999.0,color,orientation,size,0.22000000000000003,15.5,10,female,0,2707.0406706000003,0,23
2374,-9999.0,-9999.0,-9999.0,-9999.0,-9999.0,-9999.0,-9999.0,-9999.0,-9999.0,color,orientation,size,0.22000000000000003,15.5,10,female,0,2707.0406706000003,0,23
2375,-9999.0,-9999.0,-9999.0,-9999.0,-9999.0,-9999.0,-9999.0,-9999.0,-9999.0,color,orientation,size,0.22000000000000003,15.5,10,female,0,2707.0406706000003,0,23
2376,-9999.0,-9999.0,-9999.0,-9999.0,-9999.0,-9999.0,-9999.0,-9999.0,-9999.0,color,orientation,size,0.22000000000000003,15.5,10,female,0,2707.0406706000003,0,23
2377,-9999.0,-9999.0,-9999.0,-9999.0,-9999.0,-9999.0,-9999.0,-9999.0,-9999.0,color,orientation,size,0.22000000000000003,15.5,10,female,0,2707.0406706000003,0,23
2378,-9999.0,-9999.0,-9999.0,-9999.0,-9999.0,-9999.0,-9999.0,-9999.0,-9999.0,color,orientation,size,0.22000000000000003,15.5,10,female,0,2707.0406706000003,0,23
2379,-9999.0,-9999.0,-9999.0,-9999.0,-9999.0,-9999.0,-9999.0,-9999.0,-9999.0,color,orientation,size,0.22000000000000003,15.5,10,female,0,2707.0406706000003,0,23
2380,-9999.0,-9999.0,-9999.0,-9999.0,-9999.0,-9999.0,-9999.0,-9999.0,-9999.0,color,orientation,size,0.22000000000000003,15.5,10,female,0,2707.0406706000003,0,23
2381,-9999.0,-9999.0,-9999.0,-9999.0,-9999.0,-9999.0,-9999.0,-9999.0,-9999.0,color,orientation,size,0.22000000000000003,15.5,10,female,0,2707.0406706000003,0,23
2382,-9999.0,-9999.0,-9999.0,-9999.0,-9999.0,-9999.0,-9999.0,-9999.0,-9999.0,color,orientation,size,0.22000000000000003,15.5,10,female,0,2707.0406706000003,0,23
2383,-9999.0,-9999.0,-9999.0,-9999.0,-9999.0,-9999.0,-9999.0,-9999.0,-9999.0,color,orientation,size,0.22000000000000003,15.5,10,female,0,2707.0406706000003,0,23
2384,-9999.0,-9999.0,-9999.0,-9999.0,-9999.0,-9999.0,-9999.0,-9999.0,-9999.0,color,orientation,size,0.22000000000000003,15.5,10,female,0,2707.0406706000003,0,23
2385,-9999.0,-9999.0,-9999.0,-9999.0,-9999.0,-9999.0,-9999.0,-9999.0,-9999.0,color,orientation,size,0.22000000000000003,15.5,10,female,0,2707.0406706000003,0,23
2386,-9999.0,-9999.0,-9999.0,-9999.0,-9999.0,-9999.0,-9999.0,-9999.0,-9999.0,color,orientation,size,0.22000000000000003,15.5,10,female,0,2707.0406706000003,0,23
2387,-9999.0,-9999.0,-9999.0,-9999.0,-9999.0,-9999.0,-9999.0,-9999.0,-9999.0,color,orientation,size,0.22000000000000003,15.5,10,female,0,2707.0406706000003,0,23
2388,-9999.0,-9999.0,-9999.0,-9999.0,-9999.0,-9999.0,-9999.0,-9999.0,-9999.0,color,orientation,size,0.22000000000000003,15.5,10,female,0,2707.0406706000003,0,23
2389,-9999.0,-9999.0,-9999.0,-9999.0,-9999.0,-9999.0,-9999.0,-9999.0,-9999.0,color,orientation,size,0.22000000000000003,15.5,10,female,0,2707.0406706000003,0,23
2390,-9999.0,-9999.0,-9999.0,-9999.0,-9999.0,-9999.0,-9999.0,-9999.0,-9999.0,color,orientation,size,0.22000000000000003,15.5,10,female,0,2707.0406706000003,0,23
2391,-9999.0,-9999.0,-9999.0,-9999.0,-9999.0,-9999.0,-9999.0,-9999.0,-9999.0,color,orientation,size,0.22000000000000003,15.5,10,female,0,2707.0406706000003,0,23
2392,-9999.0,-9999.0,-9999.0,-9999.0,-9999.0,-9999.0,-9999.0,-9999.0,-9999.0,color,orientation,size,0.22000000000000003,15.5,10,female,0,2707.0406706000003,0,23
2393,-9999.0,-9999.0,-9999.0,-9999.0,-9999.0,-9999.0,-9999.0,-9999.0,-9999.0,color,orientation,size,0.22000000000000003,15.5,10,female,0,2707.0406706000003,0,23
2394,-9999.0,-9999.0,-9999.0,-9999.0,-9999.0,-9999.0,-9999.0,-9999.0,-9999.0,color,orientation,size,0.22000000000000003,15.5,10,female,0,2707.0406706000003,0,23
2395,-9999.0,-9999.0,-9999.0,-9999.0,-9999.0,-9999.0,-9999.0,-9999.0,-9999.0,color,orientation,size,0.22000000000000003,15.5,10,female,0,2707.0406706000003,0,23
2396,-9999.0,-9999.0,-9999.0,-9999.0,-9999.0,-9999.0,-9999.0,-9999.0,-9999.0,color,orientation,size,0.22000000000000003,15.5,10,female,0,2707.0406706000003,0,23
2397,-9999.0,-9999.0,-9999.0,-9999.0,-9999.0,-9999.0,-9999.0,-9999.0,-9999.0,color,orientation,size,0.22000000000000003,15.5,10,female,0,2707.0406706000003,0,23
2398,-9999.0,-9999.0,-9999.0,-9999.0,-9999.0,-9999.0,-9999.0,-9999.0,-9999.0,color,orientation,size,0.22000000000000003,15.5,10,female,0,2707.0406706000003,0,23
2399,-9999.0,-9999.0,-9999.0,-9999.0,-9999.0,-9999.0,-9999.0,-9999.0,-9999.0,color,orientation,size,0.22000000000000003,15.5,10,female,0,2707.0406706000003,0,23
2400,-9999.0,-9999.0,-9999.0,-9999.0,-9999.0,-9999.0,-9999.0,-9999.0,-9999.0,color,orientation,size,0.22000000000000003,15.5,10,female,0,2707.0406706000003,0,23
2401,-9999.0,-9999.0,-9999.0,-9999.0,-9999.0,-9999.0,-9999.0,-9999.0,-9999.0,color,orientation,size,0.22000000000000003,15.5,10,female,0,2707.0406706000003,0,23
2402,-9999.0,-9999.0,-9999.0,-9999.0,-9999.0,-9999.0,-9999.0,-9999.0,-9999.0,color,orientation,size,0.22000000000000003,15.5,10,female,0,2707.0406706000003,0,23
2403,-9999.0,-9999.0,-9999.0,-9999.0,-9999.0,-9999.0,-9999.0,-9999.0,-9999.0,color,orientation,size,0.22000000000000003,15.5,10,female,0,2707.0406706000003,0,23
2404,-9999.0,-9999.0,-9999.0,-9999.0,-9999.0,-9999.0,-9999.0,-9999.0,-9999.0,color,orientation,size,0.22000000000000003,15.5,10,female,0,2707.0406706000003,0,23
2405,-9999.0,-9999.0,-9999.0,-9999.0,-9999.0,-9999.0,-9999.0,-9999.0,-9999.0,color,orientation,size,0.22000000000000003,15.5,10,female,0,2707.0406706000003,0,23
2406,-9999.0,-9999.0,-9999.0,-9999.0,-9999.0,-9999.0,-9999.0,-9999.0,-9999.0,color,orientation,size,0.22000000000000003,15.5,10,female,0,2707.0406706000003,0,23
2407,-9999.0,-9999.0,-9999.0,-9999.0,-9999.0,-9999.0,-9999.0,-9999.0,-9999.0,color,orientation,size,0.22000000000000003,15.5,10,female,0,2707.0406706000003,0,23
2408,-9999.0,-9999.0,-9999.0,-9999.0,-9999.0,-9999.0,-9999.0,-9999.0,-9999.0,color,orientation,size,0.22000000000000003,15.5,10,female,0,2707.0406706000003,0,23
2409,-9999.0,-9999.0,-9999.0,-9999.0,-9999.0,-9999.0,-9999.0,-9999.0,-9999.0,color,orientation,size,0.22000000000000003,15.5,10,female,0,2707.0406706000003,0,23
2410,-9999.0,-9999.0,-9999.0,-9999.0,-9999.0,-9999.0,-9999.0,-9999.0,-9999.0,color,orientation,size,0.22000000000000003,15.5,10,female,0,2707.0406706000003,0,23
2411,-9999.0,-9999.0,-9999.0,-9999.0,-9999.0,-9999.0,-9999.0,-9999.0,-9999.0,color,orientation,size,0.22000000000000003,15.5,10,female,0,2707.0406706000003,0,23
2412,-9999.0,-9999.0,-9999.0,-9999.0,-9999.0,-9999.0,-9999.0,-9999.0,-9999.0,color,orientation,size,0.22000000000000003,15.5,10,female,0,2707.0406706000003,0,23
2413,-9999.0,-9999.0,-9999.0,-9999.0,-9999.0,-9999.0,-9999.0,-9999.0,-9999.0,color,orientation,size,0.22000000000000003,15.5,10,female,0,2707.0406706000003,0,23
2414,-9999.0,-9999.0,-9999.0,-9999.0,-9999.0,-9999.0,-9999.0,-9999.0,-9999.0,color,orientation,size,0.22000000000000003,15.5,10,female,0,2707.0406706000003,0,23
2415,-9999.0,-9999.0,-9999.0,-9999.0,-9999.0,-9999.0,-9999.0,-9999.0,-9999.0,color,orientation,size,0.22000000000000003,15.5,10,female,0,2707.0406706000003,0,23
2416,-9999.0,-9999.0,-9999.0,-9999.0,-9999.0,-9999.0,-9999.0,-9999.0,-9999.0,color,orientation,size,0.22000000000000003,15.5,10,female,0,2707.0406706000003,0,23
2417,-9999.0,-9999.0,-9999.0,-9999.0,-9999.0,-9999.0,-9999.0,-9999.0,-9999.0,color,orientation,size,0.22000000000000003,15.5,10,female,0,2707.0406706000003,0,23
2418,-9999.0,-9999.0,-9999.0,-9999.0,-9999.0,-9999.0,-9999.0,-9999.0,-9999.0,color,orientation,size,0.22000000000000003,15.5,10,female,0,2707.0406706000003,0,23
2419,-9999.0,-9999.0,-9999.0,-9999.0,-9999.0,-9999.0,-9999.0,-9999.0,-9999.0,color,orientation,size,0.22000000000000003,15.5,10,female,0,2707.0406706000003,0,23
2420,-9999.0,-9999.0,-9999.0,-9999.0,-9999.0,-9999.0,-9999.0,-9999.0,-9999.0,color,orientation,size,0.22000000000000003,15.5,10,female,0,2707.0406706000003,0,23
2421,-9999.0,-9999.0,-9999.0,-9999.0,-9999.0,-9999.0,-9999.0,-9999.0,-9999.0,color,orientation,size,0.22000000000000003,15.5,10,female,0,2707.0406706000003,0,23
2422,-9999.0,-9999.0,-9999.0,-9999.0,-9999.0,-9999.0,-9999.0,-9999.0,-9999.0,color,orientation,size,0.22000000000000003,15.5,10,female,0,2707.0406706000003,0,23
2423,-9999.0,-9999.0,-9999.0,-9999.0,-9999.0,-9999.0,-9999.0,-9999.0,-9999.0,color,orientation,size,0.22000000000000003,15.5,10,female,0,2707.0406706000003,0,23
2424,-9999.0,-9999.0,-9999.0,-9999.0,-9999.0,-9999.0,-9999.0,-9999.0,-9999.0,color,orientation,size,0.22000000000000003,15.5,10,female,0,2707.0406706000003,0,23
2425,-9999.0,-9999.0,-9999.0,-9999.0,-9999.0,-9999.0,-9999.0,-9999.0,-9999.0,color,orientation,size,0.22000000000000003,15.5,10,female,0,2707.0406706000003,0,23
2426,-9999.0,-9999.0,-9999.0,-9999.0,-9999.0,-9999.0,-9999.0,-9999.0,-9999.0,color,orientation,size,0.22000000000000003,15.5,10,female,0,2707.0406706000003,0,23
2427,-9999.0,-9999.0,-9999.0,-9999.0,-9999.0,-9999.0,-9999.0,-9999.0,-9999.0,color,orientation,size,0.22000000000000003,15.5,10,female,0,2707.0406706000003,0,23
2428,-9999.0,-9999.0,-9999.0,-9999.0,-9999.0,-9999.0,-9999.0,-9999.0,-9999.0,color,orientation,size,0.22000000000000003,15.5,10,female,0,2707.0406706000003,0,23
2429,-9999.0,-9999.0,-9999.0,-9999.0,-9999.0,-9999.0,-9999.0,-9999.0,-9999.0,color,orientation,size,0.22000000000000003,15.5,10,female,0,2707.0406706000003,0,23
2430,-9999.0,-9999.0,-9999.0,-9999.0,-9999.0,-9999.0,-9999.0,-9999.0,-9999.0,color,orientation,size,0.22000000000000003,15.5,10,female,0,2707.0406706000003,0,23
2431,-9999.0,-9999.0,-9999.0,-9999.0,-9999.0,-9999.0,-9999.0,-9999.0,-9999.0,color,orientation,size,0.22000000000000003,15.5,10,female,0,2707.0406706000003,0,23
2432,-9999.0,-9999.0,-9999.0,-9999.0,-9999.0,-9999.0,-9999.0,-9999.0,-9999.0,color,orientation,size,0.22000000000000003,15.5,10,female,0,2707.0406706000003,0,23
2433,-9999.0,-9999.0,-9999.0,-9999.0,-9999.0,-9999.0,-9999.0,-9999.0,-9999.0,color,orientation,size,0.22000000000000003,15.5,10,female,0,2707.0406706000003,0,23
2434,-9999.0,-9999.0,-9999.0,-9999.0,-9999.0,-9999.0,-9999.0,-9999.0,-9999.0,color,orientation,size,0.22000000000000003,15.5,10,female,0,2707.0406706000003,0,23
2435,-9999.0,-9999.0,-9999.0,-9999.0,-9999.0,-9999.0,-9999.0,-9999.0,-9999.0,color,orientation,size,0.22000000000000003,15.5,10,female,0,2707.0406706000003,0,23
2436,-9999.0,-9999.0,-9999.0,-9999.0,-9999.0,-9999.0,-9999.0,-9999.0,-9999.0,color,orientation,size,0.22000000000000003,15.5,10,female,0,2707.0406706000003,0,23
2437,-9999.0,-9999.0,-9999.0,-9999.0,-9999.0,-9999.0,-9999.0,-9999.0,-9999.0,color,orientation,size,0.22000000000000003,15.5,10,female,0,2707.0406706000003,0,23
2438,-9999.0,-9999.0,-9999.0,-9999.0,-9999.0,-9999.0,-9999.0,-9999.0,-9999.0,color,orientation,size,0.22000000000000003,15.5,10,female,0,2707.0406706000003,0,23
2439,-9999.0,-9999.0,-9999.0,-9999.0,-9999.0,-9999.0,-9999.0,-9999.0,-9999.0,color,orientation,size,0.22000000000000003,15.5,10,female,0,2707.0406706000003,0,23
2440,-9999.0,-9999.0,-9999.0,-9999.0,-9999.0,-9999.0,-9999.0,-9999.0,-9999.0,color,orientation,size,0.22000000000000003,15.5,10,female,0,2707.0406706000003,0,23
2441,-9999.0,-9999.0,-9999.0,-9999.0,-9999.0,-9999.0,-9999.0,-9999.0,-9999.0,color,orientation,size,0.22000000000000003,15.5,10,female,0,2707.0406706000003,0,23
2442,-9999.0,-9999.0,-9999.0,-9999.0,-9999.0,-9999.0,-9999.0,-9999.0,-9999.0,color,orientation,size,0.22000000000000003,15.5,10,female,0,2707.0406706000003,0,23
2443,-9999.0,-9999.0,-9999.0,-9999.0,-9999.0,-9999.0,-9999.0,-9999.0,-9999.0,color,orientation,size,0.22000000000000003,15.5,10,female,0,2707.0406706000003,0,23
2444,-9999.0,-9999.0,-9999.0,-9999.0,-9999.0,-9999.0,-9999.0,-9999.0,-9999.0,color,orientation,size,0.22000000000000003,15.5,10,female,0,2707.0406706000003,0,23
2445,-9999.0,-9999.0,-9999.0,-9999.0,-9999.0,-9999.0,-9999.0,-9999.0,-9999.0,color,orientation,size,0.22000000000000003,15.5,10,female,0,2707.0406706000003,0,23
2446,-9999.0,-9999.0,-9999.0,-9999.0,-9999.0,-9999.0,-9999.0,-9999.0,-9999.0,color,orientation,size,0.22000000000000003,15.5,10,female,0,2707.0406706000003,0,23
2447,-9999.0,-9999.0,-9999.0,-9999.0,-9999.0,-9999.0,-9999.0,-9999.0,-9999.0,color,orientation,size,0.22000000000000003,15.5,10,female,0,2707.0406706000003,0,23
2448,-9999.0,-9999.0,-9999.0,-9999.0,-9999.0,-9999.0,-9999.0,-9999.0,-9999.0,color,orientation,size,0.22000000000000003,15.5,10,female,0,2707.0406706000003,0,23
2449,-9999.0,-9999.0,-9999.0,-9999.0,-9999.0,-9999.0,-9999.0,-9999.0,-9999.0,color,orientation,size,0.22000000000000003,15.5,10,female,0,2707.0406706000003,0,23
2450,-9999.0,-9999.0,-9999.0,-9999.0,-9999.0,-9999.0,-9999.0,-9999.0,-9999.0,color,orientation,size,0.22000000000000003,15.5,10,female,0,2707.0406706000003,0,23
2451,-9999.0,-9999.0,-9999.0,-9999.0,-9999.0,-9999.0,-9999.0,-9999.0,-9999.0,color,orientation,size,0.22000000000000003,15.5,10,female,0,2707.0406706000003,0,23
2452,-9999.0,-9999.0,-9999.0,-9999.0,-9999.0,-9999.0,-9999.0,-9999.0,-9999.0,color,orientation,size,0.22000000000000003,15.5,10,female,0,2707.0406706000003,0,23
2453,-9999.0,-9999.0,-9999.0,-9999.0,-9999.0,-9999.0,-9999.0,-9999.0,-9999.0,color,orientation,size,0.22000000000000003,15.5,10,female,0,2707.0406706000003,0,23
2454,-9999.0,-9999.0,-9999.0,-9999.0,-9999.0,-9999.0,-9999.0,-9999.0,-9999.0,color,orientation,size,0.22000000000000003,15.5,10,female,0,2707.0406706000003,0,23
2455,-9999.0,-9999.0,-9999.0,-9999.0,-9999.0,-9999.0,-9999.0,-9999.0,-9999.0,color,orientation,size,0.22000000000000003,15.5,10,female,0,2707.0406706000003,0,23
2456,-9999.0,-9999.0,-9999.0,-9999.0,-9999.0,-9999.0,-9999.0,-9999.0,-9999.0,color,orientation,size,0.22000000000000003,15.5,10,female,0,2707.0406706000003,0,23
2457,-9999.0,-9999.0,-9999.0,-9999.0,-9999.0,-9999.0,-9999.0,-9999.0,-9999.0,color,orientation,size,0.22000000000000003,15.5,10,female,0,2707.0406706000003,0,23
2458,-9999.0,-9999.0,-9999.0,-9999.0,-9999.0,-9999.0,-9999.0,-9999.0,-9999.0,color,orientation,size,0.22000000000000003,15.5,10,female,0,2707.0406706000003,0,23
2459,-9999.0,-9999.0,-9999.0,-9999.0,-9999.0,-9999.0,-9999.0,-9999.0,-9999.0,color,orientation,size,0.22000000000000003,15.5,10,female,0,2707.0406706000003,0,23
2460,-9999.0,-9999.0,-9999.0,-9999.0,-9999.0,-9999.0,-9999.0,-9999.0,-9999.0,color,orientation,size,0.22000000000000003,15.5,10,female,0,2707.0406706000003,0,23
2461,-9999.0,-9999.0,-9999.0,-9999.0,-9999.0,-9999.0,-9999.0,-9999.0,-9999.0,color,orientation,size,0.22000000000000003,15.5,10,female,0,2707.0406706000003,0,23
2462,-9999.0,-9999.0,-9999.0,-9999.0,-9999.0,-9999.0,-9999.0,-9999.0,-9999.0,color,orientation,size,0.22000000000000003,15.5,10,female,0,2707.0406706000003,0,23
2463,-9999.0,-9999.0,-9999.0,-9999.0,-9999.0,-9999.0,-9999.0,-9999.0,-9999.0,color,orientation,size,0.22000000000000003,15.5,10,female,0,2707.0406706000003,0,23
2464,-9999.0,-9999.0,-9999.0,-9999.0,-9999.0,-9999.0,-9999.0,-9999.0,-9999.0,color,orientation,size,0.22000000000000003,15.5,10,female,0,2707.0406706000003,0,23
2465,-9999.0,-9999.0,-9999.0,-9999.0,-9999.0,-9999.0,-9999.0,-9999.0,-9999.0,color,orientation,size,0.22000000000000003,15.5,10,female,0,2707.0406706000003,0,23
2466,-9999.0,-9999.0,-9999.0,-9999.0,-9999.0,-9999.0,-9999.0,-9999.0,-9999.0,color,orientation,size,0.22000000000000003,15.5,10,female,0,2707.0406706000003,0,23
2467,-9999.0,-9999.0,-9999.0,-9999.0,-9999.0,-9999.0,-9999.0,-9999.0,-9999.0,color,orientation,size,0.22000000000000003,15.5,10,female,0,2707.0406706000003,0,23
2468,-9999.0,-9999.0,-9999.0,-9999.0,-9999.0,-9999.0,-9999.0,-9999.0,-9999.0,color,orientation,size,0.22000000000000003,15.5,10,female,0,2707.0406706000003,0,23
2469,-9999.0,-9999.0,-9999.0,-9999.0,-9999.0,-9999.0,-9999.0,-9999.0,-9999.0,color,orientation,size,0.22000000000000003,15.5,10,female,0,2707.0406706000003,0,23
2470,-9999.0,-9999.0,-9999.0,-9999.0,-9999.0,-9999.0,-9999.0,-9999.0,-9999.0,color,orientation,size,0.22000000000000003,15.5,10,female,0,2707.0406706000003,0,23
2471,-9999.0,-9999.0,-9999.0,-9999.0,-9999.0,-9999.0,-9999.0,-9999.0,-9999.0,color,orientation,size,0.22000000000000003,15.5,10,female,0,2707.0406706000003,0,23
2472,-9999.0,-9999.0,-9999.0,-9999.0,-9999.0,-9999.0,-9999.0,-9999.0,-9999.0,color,orientation,size,0.22000000000000003,15.5,10,female,0,2707.0406706000003,0,23
2473,-9999.0,-9999.0,-9999.0,-9999.0,-9999.0,-9999.0,-9999.0,-9999.0,-9999.0,color,orientation,size,0.22000000000000003,15.5,10,female,0,2707.0406706000003,0,23
2474,-9999.0,-9999.0,-9999.0,-9999.0,-9999.0,-9999.0,-9999.0,-9999.0,-9999.0,color,orientation,size,0.22000000000000003,15.5,10,female,0,2707.0406706000003,0,23
2475,-9999.0,-9999.0,-9999.0,-9999.0,-9999.0,-9999.0,-9999.0,-9999.0,-9999.0,color,orientation,size,0.22000000000000003,15.5,10,female,0,2707.0406706000003,0,23
2476,-9999.0,-9999.0,-9999.0,-9999.0,-9999.0,-9999.0,-9999.0,-9999.0,-9999.0,color,orientation,size,0.22000000000000003,15.5,10,female,0,2707.0406706000003,0,23
2477,-9999.0,-9999.0,-9999.0,-9999.0,-9999.0,-9999.0,-9999.0,-9999.0,-9999.0,color,orientation,size,0.22000000000000003,15.5,10,female,0,2707.0406706000003,0,23
2478,-9999.0,-9999.0,-9999.0,-9999.0,-9999.0,-9999.0,-9999.0,-9999.0,-9999.0,color,orientation,size,0.22000000000000003,15.5,10,female,0,2707.0406706000003,0,23
2479,-9999.0,-9999.0,-9999.0,-9999.0,-9999.0,-9999.0,-9999.0,-9999.0,-9999.0,color,orientation,size,0.22000000000000003,15.5,10,female,0,2707.0406706000003,0,23
2480,-9999.0,-9999.0,-9999.0,-9999.0,-9999.0,-9999.0,-9999.0,-9999.0,-9999.0,color,orientation,size,0.22000000000000003,15.5,10,female,0,2707.0406706000003,0,23
2481,-9999.0,-9999.0,-9999.0,-9999.0,-9999.0,-9999.0,-9999.0,-9999.0,-9999.0,color,orientation,size,0.22000000000000003,15.5,10,female,0,2707.0406706000003,0,23
2482,-9999.0,-9999.0,-9999.0,-9999.0,-9999.0,-9999.0,-9999.0,-9999.0,-9999.0,color,orientation,size,0.22000000000000003,15.5,10,female,0,2707.0406706000003,0,23
2483,-9999.0,-9999.0,-9999.0,-9999.0,-9999.0,-9999.0,-9999.0,-9999.0,-9999.0,color,orientation,size,0.22000000000000003,15.5,10,female,0,2707.0406706000003,0,23
2484,-9999.0,-9999.0,-9999.0,-9999.0,-9999.0,-9999.0,-9999.0,-9999.0,-9999.0,color,orientation,size,0.22000000000000003,15.5,10,female,0,2707.0406706000003,0,23
2485,-9999.0,-9999.0,-9999.0,-9999.0,-9999.0,-9999.0,-9999.0,-9999.0,-9999.0,color,orientation,size,0.22000000000000003,15.5,10,female,0,2707.0406706000003,0,23
2486,-9999.0,-9999.0,-9999.0,-9999.0,-9999.0,-9999.0,-9999.0,-9999.0,-9999.0,color,orientation,size,0.22000000000000003,15.5,10,female,0,2707.0406706000003,0,23
2487,-9999.0,-9999.0,-9999.0,-9999.0,-9999.0,-9999.0,-9999.0,-9999.0,-9999.0,color,orientation,size,0.22000000000000003,15.5,10,female,0,2707.0406706000003,0,23
2488,-9999.0,-9999.0,-9999.0,-9999.0,-9999.0,-9999.0,-9999.0,-9999.0,-9999.0,color,orientation,size,0.22000000000000003,15.5,10,female,0,2707.0406706000003,0,23
2489,-9999.0,-9999.0,-9999.0,-9999.0,-9999.0,-9999.0,-9999.0,-9999.0,-9999.0,color,orientation,size,0.22000000000000003,15.5,10,female,0,2707.0406706000003,0,23
2490,-9999.0,-9999.0,-9999.0,-9999.0,-9999.0,-9999.0,-9999.0,-9999.0,-9999.0,color,orientation,size,0.22000000000000003,15.5,10,female,0,2707.0406706000003,0,23
2491,-9999.0,-9999.0,-9999.0,-9999.0,-9999.0,-9999.0,-9999.0,-9999.0,-9999.0,color,orientation,size,0.22000000000000003,15.5,10,female,0,2707.0406706000003,0,23
2492,-9999.0,-9999.0,-9999.0,-9999.0,-9999.0,-9999.0,-9999.0,-9999.0,-9999.0,color,orientation,size,0.22000000000000003,15.5,10,female,0,2707.0406706000003,0,23
2493,-9999.0,-9999.0,-9999.0,-9999.0,-9999.0,-9999.0,-9999.0,-9999.0,-9999.0,color,orientation,size,0.22000000000000003,15.5,10,female,0,2707.0406706000003,0,23
2494,-9999.0,-9999.0,-9999.0,-9999.0,-9999.0,-9999.0,-9999.0,-9999.0,-9999.0,color,orientation,size,0.22000000000000003,15.5,10,female,0,2707.0406706000003,0,23
2495,-9999.0,-9999.0,-9999.0,-9999.0,-9999.0,-9999.0,-9999.0,-9999.0,-9999.0,color,orientation,size,0.22000000000000003,15.5,10,female,0,2707.0406706000003,0,23
2496,-9999.0,-9999.0,-9999.0,-9999.0,-9999.0,-9999.0,-9999.0,-9999.0,-9999.0,color,orientation,size,0.22000000000000003,15.5,10,female,0,2707.0406706000003,0,23
2497,-9999.0,-9999.0,-9999.0,-9999.0,-9999.0,-9999.0,-9999.0,-9999.0,-9999.0,color,orientation,size,0.22000000000000003,15.5,10,female,0,2707.0406706000003,0,23
2498,-9999.0,-9999.0,-9999.0,-9999.0,-9999.0,-9999.0,-9999.0,-9999.0,-9999.0,color,orientation,size,0.22000000000000003,15.5,10,female,0,2707.0406706000003,0,23
2499,-9999.0,-9999.0,-9999.0,-9999.0,-9999.0,-9999.0,-9999.0,-9999.0,-9999.0,color,orientation,size,0.22000000000000003,15.5,10,female,0,2707.0406706000003,0,23
2500,-9999.0,-9999.0,-9999.0,-9999.0,-9999.0,-9999.0,-9999.0,-9999.0,-9999.0,color,orientation,size,0.22000000000000003,15.5,10,female,0,2707.0406706000003,0,23
2501,-9999.0,-9999.0,-9999.0,-9999.0,-9999.0,-9999.0,-9999.0,-9999.0,-9999.0,color,orientation,size,0.22000000000000003,15.5,10,female,0,2707.0406706000003,0,23
2502,-9999.0,-9999.0,-9999.0,-9999.0,-9999.0,-9999.0,-9999.0,-9999.0,-9999.0,color,orientation,size,0.22000000000000003,15.5,10,female,0,2707.0406706000003,0,23
2503,-9999.0,-9999.0,-9999.0,-9999.0,-9999.0,-9999.0,-9999.0,-9999.0,-9999.0,color,orientation,size,0.22000000000000003,15.5,10,female,0,2707.0406706000003,0,23
2504,-9999.0,-9999.0,-9999.0,-9999.0,-9999.0,-9999.0,-9999.0,-9999.0,-9999.0,color,orientation,size,0.22000000000000003,15.5,10,female,0,2707.0406706000003,0,23
2505,-9999.0,-9999.0,-9999.0,-9999.0,-9999.0,-9999.0,-9999.0,-9999.0,-9999.0,color,orientation,size,0.22000000000000003,15.5,10,female,0,2707.0406706000003,0,23
2506,-9999.0,-9999.0,-9999.0,-9999.0,-9999.0,-9999.0,-9999.0,-9999.0,-9999.0,color,orientation,size,0.22000000000000003,15.5,10,female,0,2707.0406706000003,0,23
2507,-9999.0,-9999.0,-9999.0,-9999.0,-9999.0,-9999.0,-9999.0,-9999.0,-9999.0,color,orientation,size,0.22000000000000003,15.5,10,female,0,2707.0406706000003,0,23
2508,-9999.0,-9999.0,-9999.0,-9999.0,-9999.0,-9999.0,-9999.0,-9999.0,-9999.0,color,orientation,size,0.22000000000000003,15.5,10,female,0,2707.0406706000003,0,23
2509,-9999.0,-9999.0,-9999.0,-9999.0,-9999.0,-9999.0,-9999.0,-9999.0,-9999.0,color,orientation,size,0.22000000000000003,15.5,10,female,0,2707.0406706000003,0,23
2510,-9999.0,-9999.0,-9999.0,-9999.0,-9999.0,-9999.0,-9999.0,-9999.0,-9999.0,color,orientation,size,0.22000000000000003,15.5,10,female,0,2707.0406706000003,0,23
2511,-9999.0,-9999.0,-9999.0,-9999.0,-9999.0,-9999.0,-9999.0,-9999.0,-9999.0,color,orientation,size,0.22000000000000003,15.5,10,female,0,2707.0406706000003,0,23
2512,-9999.0,-9999.0,-9999.0,-9999.0,-9999.0,-9999.0,-9999.0,-9999.0,-9999.0,color,orientation,size,0.22000000000000003,15.5,10,female,0,2707.0406706000003,0,23
2513,-9999.0,-9999.0,-9999.0,-9999.0,-9999.0,-9999.0,-9999.0,-9999.0,-9999.0,color,orientation,size,0.22000000000000003,15.5,10,female,0,2707.0406706000003,0,23
2514,-9999.0,-9999.0,-9999.0,-9999.0,-9999.0,-9999.0,-9999.0,-9999.0,-9999.0,color,orientation,size,0.22000000000000003,15.5,10,female,0,2707.0406706000003,0,23
2515,-9999.0,-9999.0,-9999.0,-9999.0,-9999.0,-9999.0,-9999.0,-9999.0,-9999.0,color,orientation,size,0.22000000000000003,15.5,10,female,0,2707.0406706000003,0,23
2516,-9999.0,-9999.0,-9999.0,-9999.0,-9999.0,-9999.0,-9999.0,-9999.0,-9999.0,color,orientation,size,0.22000000000000003,15.5,10,female,0,2707.0406706000003,0,23
2517,-9999.0,-9999.0,-9999.0,-9999.0,-9999.0,-9999.0,-9999.0,-9999.0,-9999.0,color,orientation,size,0.22000000000000003,15.5,10,female,0,2707.0406706000003,0,23
2518,-9999.0,-9999.0,-9999.0,-9999.0,-9999.0,-9999.0,-9999.0,-9999.0,-9999.0,color,orientation,size,0.22000000000000003,15.5,10,female,0,2707.0406706000003,0,23
2519,-9999.0,-9999.0,-9999.0,-9999.0,-9999.0,-9999.0,-9999.0,-9999.0,-9999.0,color,orientation,size,0.22000000000000003,15.5,10,female,0,2707.0406706000003,0,23
2520,-9999.0,-9999.0,-9999.0,-9999.0,-9999.0,-9999.0,-9999.0,-9999.0,-9999.0,color,orientation,size,0.22000000000000003,15.5,10,female,0,2707.0406706000003,0,23
2521,-9999.0,-9999.0,-9999.0,-9999.0,-9999.0,-9999.0,-9999.0,-9999.0,-9999.0,color,orientation,size,0.22000000000000003,15.5,10,female,0,2707.0406706000003,0,23
2522,-9999.0,-9999.0,-9999.0,-9999.0,-9999.0,-9999.0,-9999.0,-9999.0,-9999.0,color,orientation,size,0.22000000000000003,15.5,10,female,0,2707.0406706000003,0,23
2523,-9999.0,-9999.0,-9999.0,-9999.0,-9999.0,-9999.0,-9999.0,-9999.0,-9999.0,color,orientation,size,0.22000000000000003,15.5,10,female,0,2707.0406706000003,0,23
2524,-9999.0,-9999.0,-9999.0,-9999.0,-9999.0,-9999.0,-9999.0,-9999.0,-9999.0,color,orientation,size,0.22000000000000003,15.5,10,female,0,2707.0406706000003,0,23
2525,-9999.0,-9999.0,-9999.0,-9999.0,-9999.0,-9999.0,-9999.0,-9999.0,-9999.0,color,orientation,size,0.22000000000000003,15.5,10,female,0,2707.0406706000003,0,23
2526,-9999.0,-9999.0,-9999.0,-9999.0,-9999.0,-9999.0,-9999.0,-9999.0,-9999.0,color,orientation,size,0.22000000000000003,15.5,10,female,0,2707.0406706000003,0,23
2527,-9999.0,-9999.0,-9999.0,-9999.0,-9999.0,-9999.0,-9999.0,-9999.0,-9999.0,color,orientation,size,0.22000000000000003,15.5,10,female,0,2707.0406706000003,0,23
2528,-9999.0,-9999.0,-9999.0,-9999.0,-9999.0,-9999.0,-9999.0,-9999.0,-9999.0,color,orientation,size,0.22000000000000003,15.5,10,female,0,2707.0406706000003,0,23
2529,-9999.0,-9999.0,-9999.0,-9999.0,-9999.0,-9999.0,-9999.0,-9999.0,-9999.0,color,orientation,size,0.22000000000000003,15.5,10,female,0,2707.0406706000003,0,23
2530,-9999.0,-9999.0,-9999.0,-9999.0,-9999.0,-9999.0,-9999.0,-9999.0,-9999.0,color,orientation,size,0.22000000000000003,15.5,10,female,0,2707.0406706000003,0,23
2531,-9999.0,-9999.0,-9999.0,-9999.0,-9999.0,-9999.0,-9999.0,-9999.0,-9999.0,color,orientation,size,0.22000000000000003,15.5,10,female,0,2707.0406706000003,0,23
2532,-9999.0,-9999.0,-9999.0,-9999.0,-9999.0,-9999.0,-9999.0,-9999.0,-9999.0,color,orientation,size,0.22000000000000003,15.5,10,female,0,2707.0406706000003,0,23
2533,-9999.0,-9999.0,-9999.0,-9999.0,-9999.0,-9999.0,-9999.0,-9999.0,-9999.0,color,orientation,size,0.22000000000000003,15.5,10,female,0,2707.0406706000003,0,23
2534,-9999.0,-9999.0,-9999.0,-9999.0,-9999.0,-9999.0,-9999.0,-9999.0,-9999.0,color,orientation,size,0.22000000000000003,15.5,10,female,0,2707.0406706000003,0,23
2535,-9999.0,-9999.0,-9999.0,-9999.0,-9999.0,-9999.0,-9999.0,-9999.0,-9999.0,color,orientation,size,0.22000000000000003,15.5,10,female,0,2707.0406706000003,0,23
2536,-9999.0,-9999.0,-9999.0,-9999.0,-9999.0,-9999.0,-9999.0,-9999.0,-9999.0,color,orientation,size,0.22000000000000003,15.5,10,female,0,2707.0406706000003,0,23
2537,-9999.0,-9999.0,-9999.0,-9999.0,-9999.0,-9999.0,-9999.0,-9999.0,-9999.0,color,orientation,size,0.22000000000000003,15.5,10,female,0,2707.0406706000003,0,23
2538,-9999.0,-9999.0,-9999.0,-9999.0,-9999.0,-9999.0,-9999.0,-9999.0,-9999.0,color,orientation,size,0.22000000000000003,15.5,10,female,0,2707.0406706000003,0,23
2539,-9999.0,-9999.0,-9999.0,-9999.0,-9999.0,-9999.0,-9999.0,-9999.0,-9999.0,color,orientation,size,0.22000000000000003,15.5,10,female,0,2707.0406706000003,0,23
2540,-9999.0,-9999.0,-9999.0,-9999.0,-9999.0,-9999.0,-9999.0,-9999.0,-9999.0,color,orientation,size,0.22000000000000003,15.5,10,female,0,2707.0406706000003,0,23
2541,-9999.0,-9999.0,-9999.0,-9999.0,-9999.0,-9999.0,-9999.0,-9999.0,-9999.0,color,orientation,size,0.22000000000000003,15.5,10,female,0,2707.0406706000003,0,23
2542,-9999.0,-9999.0,-9999.0,-9999.0,-9999.0,-9999.0,-9999.0,-9999.0,-9999.0,color,orientation,size,0.22000000000000003,15.5,10,female,0,2707.0406706000003,0,23
2543,-9999.0,-9999.0,-9999.0,-9999.0,-9999.0,-9999.0,-9999.0,-9999.0,-9999.0,color,orientation,size,0.22000000000000003,15.5,10,female,0,2707.0406706000003,0,23
2544,-9999.0,-9999.0,-9999.0,-9999.0,-9999.0,-9999.0,-9999.0,-9999.0,-9999.0,color,orientation,size,0.22000000000000003,15.5,10,female,0,2707.0406706000003,0,23
2545,-9999.0,-9999.0,-9999.0,-9999.0,-9999.0,-9999.0,-9999.0,-9999.0,-9999.0,color,orientation,size,0.22000000000000003,15.5,10,female,0,2707.0406706000003,0,23
2546,-9999.0,-9999.0,-9999.0,-9999.0,-9999.0,-9999.0,-9999.0,-9999.0,-9999.0,color,orientation,size,0.22000000000000003,15.5,10,female,0,2707.0406706000003,0,23
2547,-9999.0,-9999.0,-9999.0,-9999.0,-9999.0,-9999.0,-9999.0,-9999.0,-9999.0,color,orientation,size,0.22000000000000003,15.5,10,female,0,2707.0406706000003,0,23
2548,-9999.0,-9999.0,-9999.0,-9999.0,-9999.0,-9999.0,-9999.0,-9999.0,-9999.0,color,orientation,size,0.22000000000000003,15.5,10,female,0,2707.0406706000003,0,23
2549,-9999.0,-9999.0,-9999.0,-9999.0,-9999.0,-9999.0,-9999.0,-9999.0,-9999.0,color,orientation,size,0.22000000000000003,15.5,10,female,0,2707.0406706000003,0,23
2550,-9999.0,-9999.0,-9999.0,-9999.0,-9999.0,-9999.0,-9999.0,-9999.0,-9999.0,color,orientation,size,0.22000000000000003,15.5,10,female,0,2707.0406706000003,0,23
2551,-9999.0,-9999.0,-9999.0,-9999.0,-9999.0,-9999.0,-9999.0,-9999.0,-9999.0,color,orientation,size,0.22000000000000003,15.5,10,female,0,2707.0406706000003,0,23
2552,-9999.0,-9999.0,-9999.0,-9999.0,-9999.0,-9999.0,-9999.0,-9999.0,-9999.0,color,orientation,size,0.22000000000000003,15.5,10,female,0,2707.0406706000003,0,23
2553,-9999.0,-9999.0,-9999.0,-9999.0,-9999.0,-9999.0,-9999.0,-9999.0,-9999.0,color,orientation,size,0.22000000000000003,15.5,10,female,0,2707.0406706000003,0,23
2554,-9999.0,-9999.0,-9999.0,-9999.0,-9999.0,-9999.0,-9999.0,-9999.0,-9999.0,color,orientation,size,0.22000000000000003,15.5,10,female,0,2707.0406706000003,0,23
2555,-9999.0,-9999.0,-9999.0,-9999.0,-9999.0,-9999.0,-9999.0,-9999.0,-9999.0,color,orientation,size,0.22000000000000003,15.5,10,female,0,2707.0406706000003,0,23
2556,-9999.0,-9999.0,-9999.0,-9999.0,-9999.0,-9999.0,-9999.0,-9999.0,-9999.0,color,orientation,size,0.22000000000000003,15.5,10,female,0,2707.0406706000003,0,23
2557,-9999.0,-9999.0,-9999.0,-9999.0,-9999.0,-9999.0,-9999.0,-9999.0,-9999.0,color,orientation,size,0.22000000000000003,15.5,10,female,0,2707.0406706000003,0,23
2558,-9999.0,-9999.0,-9999.0,-9999.0,-9999.0,-9999.0,-9999.0,-9999.0,-9999.0,color,orientation,size,0.22000000000000003,15.5,10,female,0,2707.0406706000003,0,23
2559,-9999.0,-9999.0,-9999.0,-9999.0,-9999.0,-9999.0,-9999.0,-9999.0,-9999.0,color,orientation,size,0.22000000000000003,15.5,10,female,0,2707.0406706000003,0,23
2560,-9999.0,-9999.0,-9999.0,-9999.0,-9999.0,-9999.0,-9999.0,-9999.0,-9999.0,color,orientation,size,0.22000000000000003,15.5,10,female,0,2707.0406706000003,0,23
2561,-9999.0,-9999.0,-9999.0,-9999.0,-9999.0,-9999.0,-9999.0,-9999.0,-9999.0,color,orientation,size,0.22000000000000003,15.5,10,female,0,2707.0406706000003,0,23
2562,-9999.0,-9999.0,-9999.0,-9999.0,-9999.0,-9999.0,-9999.0,-9999.0,-9999.0,color,orientation,size,0.22000000000000003,15.5,10,female,0,2707.0406706000003,0,23
2563,-9999.0,-9999.0,-9999.0,-9999.0,-9999.0,-9999.0,-9999.0,-9999.0,-9999.0,color,orientation,size,0.22000000000000003,15.5,10,female,0,2707.0406706000003,0,23
2564,-9999.0,-9999.0,-9999.0,-9999.0,-9999.0,-9999.0,-9999.0,-9999.0,-9999.0,color,orientation,size,0.22000000000000003,15.5,10,female,0,2707.0406706000003,0,23
2565,-9999.0,-9999.0,-9999.0,-9999.0,-9999.0,-9999.0,-9999.0,-9999.0,-9999.0,color,orientation,size,0.22000000000000003,15.5,10,female,0,2707.0406706000003,0,23
2566,-9999.0,-9999.0,-9999.0,-9999.0,-9999.0,-9999.0,-9999.0,-9999.0,-9999.0,color,orientation,size,0.22000000000000003,15.5,10,female,0,2707.0406706000003,0,23
2567,-9999.0,-9999.0,-9999.0,-9999.0,-9999.0,-9999.0,-9999.0,-9999.0,-9999.0,color,orientation,size,0.22000000000000003,15.5,10,female,0,2707.0406706000003,0,23
2568,-9999.0,-9999.0,-9999.0,-9999.0,-9999.0,-9999.0,-9999.0,-9999.0,-9999.0,color,orientation,size,0.22000000000000003,15.5,10,female,0,2707.0406706000003,0,23
2569,-9999.0,-9999.0,-9999.0,-9999.0,-9999.0,-9999.0,-9999.0,-9999.0,-9999.0,color,orientation,size,0.22000000000000003,15.5,10,female,0,2707.0406706000003,0,23
2570,-9999.0,-9999.0,-9999.0,-9999.0,-9999.0,-9999.0,-9999.0,-9999.0,-9999.0,color,orientation,size,0.22000000000000003,15.5,10,female,0,2707.0406706000003,0,23
2571,-9999.0,-9999.0,-9999.0,-9999.0,-9999.0,-9999.0,-9999.0,-9999.0,-9999.0,color,orientation,size,0.22000000000000003,15.5,10,female,0,2707.0406706000003,0,23
2572,-9999.0,-9999.0,-9999.0,-9999.0,-9999.0,-9999.0,-9999.0,-9999.0,-9999.0,color,orientation,size,0.22000000000000003,15.5,10,female,0,2707.0406706000003,0,23
2573,-9999.0,-9999.0,-9999.0,-9999.0,-9999.0,-9999.0,-9999.0,-9999.0,-9999.0,color,orientation,size,0.22000000000000003,15.5,10,female,0,2707.0406706000003,0,23
2574,-9999.0,-9999.0,-9999.0,-9999.0,-9999.0,-9999.0,-9999.0,-9999.0,-9999.0,color,orientation,size,0.22000000000000003,15.5,10,female,0,2707.0406706000003,0,23
2575,-9999.0,-9999.0,-9999.0,-9999.0,-9999.0,-9999.0,-9999.0,-9999.0,-9999.0,color,orientation,size,0.22000000000000003,15.5,10,female,0,2707.0406706000003,0,23
2576,-9999.0,-9999.0,-9999.0,-9999.0,-9999.0,-9999.0,-9999.0,-9999.0,-9999.0,color,orientation,size,0.22000000000000003,15.5,10,female,0,2707.0406706000003,0,23
2577,-9999.0,-9999.0,-9999.0,-9999.0,-9999.0,-9999.0,-9999.0,-9999.0,-9999.0,color,orientation,size,0.22000000000000003,15.5,10,female,0,2707.0406706000003,0,23
2578,-9999.0,-9999.0,-9999.0,-9999.0,-9999.0,-9999.0,-9999.0,-9999.0,-9999.0,color,orientation,size,0.22000000000000003,15.5,10,female,0,2707.0406706000003,0,23
2579,-9999.0,-9999.0,-9999.0,-9999.0,-9999.0,-9999.0,-9999.0,-9999.0,-9999.0,color,orientation,size,0.22000000000000003,15.5,10,female,0,2707.0406706000003,0,23
2580,-9999.0,-9999.0,-9999.0,-9999.0,-9999.0,-9999.0,-9999.0,-9999.0,-9999.0,color,orientation,size,0.22000000000000003,15.5,10,female,0,2707.0406706000003,0,23
2581,-9999.0,-9999.0,-9999.0,-9999.0,-9999.0,-9999.0,-9999.0,-9999.0,-9999.0,color,orientation,size,0.22000000000000003,15.5,10,female,0,2707.0406706000003,0,23
2582,-9999.0,-9999.0,-9999.0,-9999.0,-9999.0,-9999.0,-9999.0,-9999.0,-9999.0,color,orientation,size,0.22000000000000003,15.5,10,female,0,2707.0406706000003,0,23
2583,-9999.0,-9999.0,-9999.0,-9999.0,-9999.0,-9999.0,-9999.0,-9999.0,-9999.0,color,orientation,size,0.22000000000000003,15.5,10,female,0,2707.0406706000003,0,23
2584,-9999.0,-9999.0,-9999.0,-9999.0,-9999.0,-9999.0,-9999.0,-9999.0,-9999.0,color,orientation,size,0.22000000000000003,15.5,10,female,0,2707.0406706000003,0,23
2585,-9999.0,-9999.0,-9999.0,-9999.0,-9999.0,-9999.0,-9999.0,-9999.0,-9999.0,color,orientation,size,0.22000000000000003,15.5,10,female,0,2707.0406706000003,0,23
2586,-9999.0,-9999.0,-9999.0,-9999.0,-9999.0,-9999.0,-9999.0,-9999.0,-9999.0,color,orientation,size,0.22000000000000003,15.5,10,female,0,2707.0406706000003,0,23
2587,-9999.0,-9999.0,-9999.0,-9999.0,-9999.0,-9999.0,-9999.0,-9999.0,-9999.0,color,orientation,size,0.22000000000000003,15.5,10,female,0,2707.0406706000003,0,23
2588,-9999.0,-9999.0,-9999.0,-9999.0,-9999.0,-9999.0,-9999.0,-9999.0,-9999.0,color,orientation,size,0.22000000000000003,15.5,10,female,0,2707.0406706000003,0,23
2589,-9999.0,-9999.0,-9999.0,-9999.0,-9999.0,-9999.0,-9999.0,-9999.0,-9999.0,color,orientation,size,0.22000000000000003,15.5,10,female,0,2707.0406706000003,0,23
2590,-9999.0,-9999.0,-9999.0,-9999.0,-9999.0,-9999.0,-9999.0,-9999.0,-9999.0,color,orientation,size,0.22000000000000003,15.5,10,female,0,2707.0406706000003,0,23
2591,-9999.0,-9999.0,-9999.0,-9999.0,-9999.0,-9999.0,-9999.0,-9999.0,-9999.0,color,orientation,size,0.22000000000000003,15.5,10,female,0,2707.0406706000003,0,23
2592,-9999.0,-9999.0,-9999.0,-9999.0,-9999.0,-9999.0,-9999.0,-9999.0,-9999.0,color,orientation,size,0.22000000000000003,15.5,10,female,0,2707.0406706000003,0,23
2593,-9999.0,-9999.0,-9999.0,-9999.0,-9999.0,-9999.0,-9999.0,-9999.0,-9999.0,color,orientation,size,0.22000000000000003,15.5,10,female,0,2707.0406706000003,0,23
2594,-9999.0,-9999.0,-9999.0,-9999.0,-9999.0,-9999.0,-9999.0,-9999.0,-9999.0,color,orientation,size,0.22000000000000003,15.5,10,female,0,2707.0406706000003,0,23
2595,-9999.0,-9999.0,-9999.0,-9999.0,-9999.0,-9999.0,-9999.0,-9999.0,-9999.0,color,orientation,size,0.22000000000000003,15.5,10,female,0,2707.0406706000003,0,23
2596,-9999.0,-9999.0,-9999.0,-9999.0,-9999.0,-9999.0,-9999.0,-9999.0,-9999.0,color,orientation,size,0.22000000000000003,15.5,10,female,0,2707.0406706000003,0,23
2597,-9999.0,-9999.0,-9999.0,-9999.0,-9999.0,-9999.0,-9999.0,-9999.0,-9999.0,color,orientation,size,0.22000000000000003,15.5,10,female,0,2707.0406706000003,0,23
2598,-9999.0,-9999.0,-9999.0,-9999.0,-9999.0,-9999.0,-9999.0,-9999.0,-9999.0,color,orientation,size,0.22000000000000003,15.5,10,female,0,2707.0406706000003,0,23
2599,-9999.0,-9999.0,-9999.0,-9999.0,-9999.0,-9999.0,-9999.0,-9999.0,-9999.0,color,orientation,size,0.22000000000000003,15.5,10,female,0,2707.0406706000003,0,23
2600,-9999.0,-9999.0,-9999.0,-9999.0,-9999.0,-9999.0,-9999.0,-9999.0,-9999.0,color,orientation,size,0.22000000000000003,15.5,10,female,0,2707.0406706000003,0,23
2601,-9999.0,-9999.0,-9999.0,-9999.0,-9999.0,-9999.0,-9999.0,-9999.0,-9999.0,color,orientation,size,0.22000000000000003,15.5,10,female,0,2707.0406706000003,0,23
2602,-9999.0,-9999.0,-9999.0,-9999.0,-9999.0,-9999.0,-9999.0,-9999.0,-9999.0,color,orientation,size,0.22000000000000003,15.5,10,female,0,2707.0406706000003,0,23
2603,-9999.0,-9999.0,-9999.0,-9999.0,-9999.0,-9999.0,-9999.0,-9999.0,-9999.0,color,orientation,size,0.22000000000000003,15.5,10,female,0,2707.0406706000003,0,23
2604,-9999.0,-9999.0,-9999.0,-9999.0,-9999.0,-9999.0,-9999.0,-9999.0,-9999.0,color,orientation,size,0.22000000000000003,15.5,10,female,0,2707.0406706000003,0,23
2605,-9999.0,-9999.0,-9999.0,-9999.0,-9999.0,-9999.0,-9999.0,-9999.0,-9999.0,color,orientation,size,0.22000000000000003,15.5,10,female,0,2707.0406706000003,0,23
2606,-9999.0,-9999.0,-9999.0,-9999.0,-9999.0,-9999.0,-9999.0,-9999.0,-9999.0,color,orientation,size,0.22000000000000003,15.5,10,female,0,2707.0406706000003,0,23
2607,-9999.0,-9999.0,-9999.0,-9999.0,-9999.0,-9999.0,-9999.0,-9999.0,-9999.0,color,orientation,size,0.22000000000000003,15.5,10,female,0,2707.0406706000003,0,23
2608,-9999.0,-9999.0,-9999.0,-9999.0,-9999.0,-9999.0,-9999.0,-9999.0,-9999.0,color,orientation,size,0.22000000000000003,15.5,10,female,0,2707.0406706000003,0,23
2609,-9999.0,-9999.0,-9999.0,-9999.0,-9999.0,-9999.0,-9999.0,-9999.0,-9999.0,color,orientation,size,0.22000000000000003,15.5,10,female,0,2707.0406706000003,0,23
2610,-9999.0,-9999.0,-9999.0,-9999.0,-9999.0,-9999.0,-9999.0,-9999.0,-9999.0,color,orientation,size,0.22000000000000003,15.5,10,female,0,2707.0406706000003,0,23
2611,-9999.0,-9999.0,-9999.0,-9999.0,-9999.0,-9999.0,-9999.0,-9999.0,-9999.0,color,orientation,size,0.22000000000000003,15.5,10,female,0,2707.0406706000003,0,23
2612,-9999.0,-9999.0,-9999.0,-9999.0,-9999.0,-9999.0,-9999.0,-9999.0,-9999.0,color,orientation,size,0.22000000000000003,15.5,10,female,0,2707.0406706000003,0,23
2613,-9999.0,-9999.0,-9999.0,-9999.0,-9999.0,-9999.0,-9999.0,-9999.0,-9999.0,color,orientation,size,0.22000000000000003,15.5,10,female,0,2707.0406706000003,0,23
2614,-9999.0,-9999.0,-9999.0,-9999.0,-9999.0,-9999.0,-9999.0,-9999.0,-9999.0,color,orientation,size,0.22000000000000003,15.5,10,female,0,2707.0406706000003,0,23
2615,-9999.0,-9999.0,-9999.0,-9999.0,-9999.0,-9999.0,-9999.0,-9999.0,-9999.0,color,orientation,size,0.22000000000000003,15.5,10,female,0,2707.0406706000003,0,23
2616,-9999.0,-9999.0,-9999.0,-9999.0,-9999.0,-9999.0,-9999.0,-9999.0,-9999.0,color,orientation,size,0.22000000000000003,15.5,10,female,0,2707.0406706000003,0,23
2617,-9999.0,-9999.0,-9999.0,-9999.0,-9999.0,-9999.0,-9999.0,-9999.0,-9999.0,color,orientation,size,0.22000000000000003,15.5,10,female,0,2707.0406706000003,0,23
2618,-9999.0,-9999.0,-9999.0,-9999.0,-9999.0,-9999.0,-9999.0,-9999.0,-9999.0,color,orientation,size,0.22000000000000003,15.5,10,female,0,2707.0406706000003,0,23
2619,-9999.0,-9999.0,-9999.0,-9999.0,-9999.0,-9999.0,-9999.0,-9999.0,-9999.0,color,orientation,size,0.22000000000000003,15.5,10,female,0,2707.0406706000003,0,23
2620,-9999.0,-9999.0,-9999.0,-9999.0,-9999.0,-9999.0,-9999.0,-9999.0,-9999.0,color,orientation,size,0.22000000000000003,15.5,10,female,0,2707.0406706000003,0,23
2621,-9999.0,-9999.0,-9999.0,-9999.0,-9999.0,-9999.0,-9999.0,-9999.0,-9999.0,color,orientation,size,0.22000000000000003,15.5,10,female,0,2707.0406706000003,0,23
2622,-9999.0,-9999.0,-9999.0,-9999.0,-9999.0,-9999.0,-9999.0,-9999.0,-9999.0,color,orientation,size,0.22000000000000003,15.5,10,female,0,2707.0406706000003,0,23
2623,-9999.0,-9999.0,-9999.0,-9999.0,-9999.0,-9999.0,-9999.0,-9999.0,-9999.0,color,orientation,size,0.22000000000000003,15.5,10,female,0,2707.0406706000003,0,23
2624,-9999.0,-9999.0,-9999.0,-9999.0,-9999.0,-9999.0,-9999.0,-9999.0,-9999.0,color,orientation,size,0.22000000000000003,15.5,10,female,0,2707.0406706000003,0,23
2625,-9999.0,-9999.0,-9999.0,-9999.0,-9999.0,-9999.0,-9999.0,-9999.0,-9999.0,color,orientation,size,0.22000000000000003,15.5,10,female,0,2707.0406706000003,0,23
2626,-9999.0,-9999.0,-9999.0,-9999.0,-9999.0,-9999.0,-9999.0,-9999.0,-9999.0,color,orientation,size,0.22000000000000003,15.5,10,female,0,2707.0406706000003,0,23
2627,-9999.0,-9999.0,-9999.0,-9999.0,-9999.0,-9999.0,-9999.0,-9999.0,-9999.0,color,orientation,size,0.22000000000000003,15.5,10,female,0,2707.0406706000003,0,23
2628,-9999.0,-9999.0,-9999.0,-9999.0,-9999.0,-9999.0,-9999.0,-9999.0,-9999.0,color,orientation,size,0.22000000000000003,15.5,10,female,0,2707.0406706000003,0,23
2629,-9999.0,-9999.0,-9999.0,-9999.0,-9999.0,-9999.0,-9999.0,-9999.0,-9999.0,color,orientation,size,0.22000000000000003,15.5,10,female,0,2707.0406706000003,0,23
2630,-9999.0,-9999.0,-9999.0,-9999.0,-9999.0,-9999.0,-9999.0,-9999.0,-9999.0,color,orientation,size,0.22000000000000003,15.5,10,female,0,2707.0406706000003,0,23
2631,-9999.0,-9999.0,-9999.0,-9999.0,-9999.0,-9999.0,-9999.0,-9999.0,-9999.0,color,orientation,size,0.22000000000000003,15.5,10,female,0,2707.0406706000003,0,23
2632,-9999.0,-9999.0,-9999.0,-9999.0,-9999.0,-9999.0,-9999.0,-9999.0,-9999.0,color,orientation,size,0.22000000000000003,15.5,10,female,0,2707.0406706000003,0,23
2633,-9999.0,-9999.0,-9999.0,-9999.0,-9999.0,-9999.0,-9999.0,-9999.0,-9999.0,color,orientation,size,0.22000000000000003,15.5,10,female,0,2707.0406706000003,0,23
2634,-9999.0,-9999.0,-9999.0,-9999.0,-9999.0,-9999.0,-9999.0,-9999.0,-9999.0,color,orientation,size,0.22000000000000003,15.5,10,female,0,2707.0406706000003,0,23
2635,-9999.0,-9999.0,-9999.0,-9999.0,-9999.0,-9999.0,-9999.0,-9999.0,-9999.0,color,orientation,size,0.22000000000000003,15.5,10,female,0,2707.0406706000003,0,23
2636,-9999.0,-9999.0,-9999.0,-9999.0,-9999.0,-9999.0,-9999.0,-9999.0,-9999.0,color,orientation,size,0.22000000000000003,15.5,10,female,0,2707.0406706000003,0,23
2637,-9999.0,-9999.0,-9999.0,-9999.0,-9999.0,-9999.0,-9999.0,-9999.0,-9999.0,color,orientation,size,0.22000000000000003,15.5,10,female,0,2707.0406706000003,0,23
2638,-9999.0,-9999.0,-9999.0,-9999.0,-9999.0,-9999.0,-9999.0,-9999.0,-9999.0,color,orientation,size,0.22000000000000003,15.5,10,female,0,2707.0406706000003,0,23
2639,-9999.0,-9999.0,-9999.0,-9999.0,-9999.0,-9999.0,-9999.0,-9999.0,-9999.0,color,orientation,size,0.22000000000000003,15.5,10,female,0,2707.0406706000003,0,23
2640,-9999.0,-9999.0,-9999.0,-9999.0,-9999.0,-9999.0,-9999.0,-9999.0,-9999.0,color,orientation,size,0.22000000000000003,15.5,10,female,0,2707.0406706000003,0,23
2641,-9999.0,-9999.0,-9999.0,-9999.0,-9999.0,-9999.0,-9999.0,-9999.0,-9999.0,color,orientation,size,0.22000000000000003,15.5,10,female,0,2707.0406706000003,0,23
2642,-9999.0,-9999.0,-9999.0,-9999.0,-9999.0,-9999.0,-9999.0,-9999.0,-9999.0,color,orientation,size,0.22000000000000003,15.5,10,female,0,2707.0406706000003,0,23
2643,-9999.0,-9999.0,-9999.0,-9999.0,-9999.0,-9999.0,-9999.0,-9999.0,-9999.0,color,orientation,size,0.22000000000000003,15.5,10,female,0,2707.0406706000003,0,23
2644,-9999.0,-9999.0,-9999.0,-9999.0,-9999.0,-9999.0,-9999.0,-9999.0,-9999.0,color,orientation,size,0.22000000000000003,15.5,10,female,0,2707.0406706000003,0,23
2645,-9999.0,-9999.0,-9999.0,-9999.0,-9999.0,-9999.0,-9999.0,-9999.0,-9999.0,color,orientation,size,0.22000000000000003,15.5,10,female,0,2707.0406706000003,0,23
2646,-9999.0,-9999.0,-9999.0,-9999.0,-9999.0,-9999.0,-9999.0,-9999.0,-9999.0,color,orientation,size,0.22000000000000003,15.5,10,female,0,2707.0406706000003,0,23
2647,-9999.0,-9999.0,-9999.0,-9999.0,-9999.0,-9999.0,-9999.0,-9999.0,-9999.0,color,orientation,size,0.22000000000000003,15.5,10,female,0,2707.0406706000003,0,23
2648,-9999.0,-9999.0,-9999.0,-9999.0,-9999.0,-9999.0,-9999.0,-9999.0,-9999.0,color,orientation,size,0.22000000000000003,15.5,10,female,0,2707.0406706000003,0,23
2649,-9999.0,-9999.0,-9999.0,-9999.0,-9999.0,-9999.0,-9999.0,-9999.0,-9999.0,color,orientation,size,0.22000000000000003,15.5,10,female,0,2707.0406706000003,0,23
2650,-9999.0,-9999.0,-9999.0,-9999.0,-9999.0,-9999.0,-9999.0,-9999.0,-9999.0,color,orientation,size,0.22000000000000003,15.5,10,female,0,2707.0406706000003,0,23
2651,-9999.0,-9999.0,-9999.0,-9999.0,-9999.0,-9999.0,-9999.0,-9999.0,-9999.0,color,orientation,size,0.22000000000000003,15.5,10,female,0,2707.0406706000003,0,23
2652,-9999.0,-9999.0,-9999.0,-9999.0,-9999.0,-9999.0,-9999.0,-9999.0,-9999.0,color,orientation,size,0.22000000000000003,15.5,10,female,0,2707.0406706000003,0,23
2653,-9999.0,-9999.0,-9999.0,-9999.0,-9999.0,-9999.0,-9999.0,-9999.0,-9999.0,color,orientation,size,0.22000000000000003,15.5,10,female,0,2707.0406706000003,0,23
2654,-9999.0,-9999.0,-9999.0,-9999.0,-9999.0,-9999.0,-9999.0,-9999.0,-9999.0,color,orientation,size,0.22000000000000003,15.5,10,female,0,2707.0406706000003,0,23
2655,-9999.0,-9999.0,-9999.0,-9999.0,-9999.0,-9999.0,-9999.0,-9999.0,-9999.0,color,orientation,size,0.22000000000000003,15.5,10,female,0,2707.0406706000003,0,23
2656,-9999.0,-9999.0,-9999.0,-9999.0,-9999.0,-9999.0,-9999.0,-9999.0,-9999.0,color,orientation,size,0.22000000000000003,15.5,10,female,0,2707.0406706000003,0,23
2657,-9999.0,-9999.0,-9999.0,-9999.0,-9999.0,-9999.0,-9999.0,-9999.0,-9999.0,color,orientation,size,0.22000000000000003,15.5,10,female,0,2707.0406706000003,0,23
2658,-9999.0,-9999.0,-9999.0,-9999.0,-9999.0,-9999.0,-9999.0,-9999.0,-9999.0,color,orientation,size,0.22000000000000003,15.5,10,female,0,2707.0406706000003,0,23
2659,-9999.0,-9999.0,-9999.0,-9999.0,-9999.0,-9999.0,-9999.0,-9999.0,-9999.0,color,orientation,size,0.22000000000000003,15.5,10,female,0,2707.0406706000003,0,23
2660,-9999.0,-9999.0,-9999.0,-9999.0,-9999.0,-9999.0,-9999.0,-9999.0,-9999.0,color,orientation,size,0.22000000000000003,15.5,10,female,0,2707.0406706000003,0,23
2661,-9999.0,-9999.0,-9999.0,-9999.0,-9999.0,-9999.0,-9999.0,-9999.0,-9999.0,color,orientation,size,0.22000000000000003,15.5,10,female,0,2707.0406706000003,0,23
2662,-9999.0,-9999.0,-9999.0,-9999.0,-9999.0,-9999.0,-9999.0,-9999.0,-9999.0,color,orientation,size,0.22000000000000003,15.5,10,female,0,2707.0406706000003,0,23
2663,-9999.0,-9999.0,-9999.0,-9999.0,-9999.0,-9999.0,-9999.0,-9999.0,-9999.0,color,orientation,size,0.22000000000000003,15.5,10,female,0,2707.0406706000003,0,23
2664,-9999.0,-9999.0,-9999.0,-9999.0,-9999.0,-9999.0,-9999.0,-9999.0,-9999.0,color,orientation,size,0.22000000000000003,15.5,10,female,0,2707.0406706000003,0,23
2665,-9999.0,-9999.0,-9999.0,-9999.0,-9999.0,-9999.0,-9999.0,-9999.0,-9999.0,color,orientation,size,0.22000000000000003,15.5,10,female,0,2707.0406706000003,0,23
2666,-9999.0,-9999.0,-9999.0,-9999.0,-9999.0,-9999.0,-9999.0,-9999.0,-9999.0,color,orientation,size,0.22000000000000003,15.5,10,female,0,2707.0406706000003,0,23
2667,-9999.0,-9999.0,-9999.0,-9999.0,-9999.0,-9999.0,-9999.0,-9999.0,-9999.0,color,orientation,size,0.22000000000000003,15.5,10,female,0,2707.0406706000003,0,23
2668,-9999.0,-9999.0,-9999.0,-9999.0,-9999.0,-9999.0,-9999.0,-9999.0,-9999.0,color,orientation,size,0.22000000000000003,15.5,10,female,0,2707.0406706000003,0,23
2669,-9999.0,-9999.0,-9999.0,-9999.0,-9999.0,-9999.0,-9999.0,-9999.0,-9999.0,color,orientation,size,0.22000000000000003,15.5,10,female,0,2707.0406706000003,0,23
2670,-9999.0,-9999.0,-9999.0,-9999.0,-9999.0,-9999.0,-9999.0,-9999.0,-9999.0,color,orientation,size,0.22000000000000003,15.5,10,female,0,2707.0406706000003,0,23
2671,-9999.0,-9999.0,-9999.0,-9999.0,-9999.0,-9999.0,-9999.0,-9999.0,-9999.0,color,orientation,size,0.22000000000000003,15.5,10,female,0,2707.0406706000003,0,23
2672,-9999.0,-9999.0,-9999.0,-9999.0,-9999.0,-9999.0,-9999.0,-9999.0,-9999.0,color,orientation,size,0.22000000000000003,15.5,10,female,0,2707.0406706000003,0,23
2673,-9999.0,-9999.0,-9999.0,-9999.0,-9999.0,-9999.0,-9999.0,-9999.0,-9999.0,color,orientation,size,0.22000000000000003,15.5,10,female,0,2707.0406706000003,0,23
2674,-9999.0,-9999.0,-9999.0,-9999.0,-9999.0,-9999.0,-9999.0,-9999.0,-9999.0,color,orientation,size,0.22000000000000003,15.5,10,female,0,2707.0406706000003,0,23
2675,-9999.0,-9999.0,-9999.0,-9999.0,-9999.0,-9999.0,-9999.0,-9999.0,-9999.0,color,orientation,size,0.22000000000000003,15.5,10,female,0,2707.0406706000003,0,23
2676,-9999.0,-9999.0,-9999.0,-9999.0,-9999.0,-9999.0,-9999.0,-9999.0,-9999.0,color,orientation,size,0.22000000000000003,15.5,10,female,0,2707.0406706000003,0,23
2677,-9999.0,-9999.0,-9999.0,-9999.0,-9999.0,-9999.0,-9999.0,-9999.0,-9999.0,color,orientation,size,0.22000000000000003,15.5,10,female,0,2707.0406706000003,0,23
2678,-9999.0,-9999.0,-9999.0,-9999.0,-9999.0,-9999.0,-9999.0,-9999.0,-9999.0,color,orientation,size,0.22000000000000003,15.5,10,female,0,2707.0406706000003,0,23
2679,-9999.0,-9999.0,-9999.0,-9999.0,-9999.0,-9999.0,-9999.0,-9999.0,-9999.0,color,orientation,size,0.22000000000000003,15.5,10,female,0,2707.0406706000003,0,23
2680,-9999.0,-9999.0,-9999.0,-9999.0,-9999.0,-9999.0,-9999.0,-9999.0,-9999.0,color,orientation,size,0.22000000000000003,15.5,10,female,0,2707.0406706000003,0,23
2681,-9999.0,-9999.0,-9999.0,-9999.0,-9999.0,-9999.0,-9999.0,-9999.0,-9999.0,color,orientation,size,0.22000000000000003,15.5,10,female,0,2707.0406706000003,0,23
2682,-9999.0,-9999.0,-9999.0,-9999.0,-9999.0,-9999.0,-9999.0,-9999.0,-9999.0,color,orientation,size,0.22000000000000003,15.5,10,female,0,2707.0406706000003,0,23
2683,-9999.0,-9999.0,-9999.0,-9999.0,-9999.0,-9999.0,-9999.0,-9999.0,-9999.0,color,orientation,size,0.22000000000000003,15.5,10,female,0,2707.0406706000003,0,23
2684,-9999.0,-9999.0,-9999.0,-9999.0,-9999.0,-9999.0,-9999.0,-9999.0,-9999.0,color,orientation,size,0.22000000000000003,15.5,10,female,0,2707.0406706000003,0,23
2685,-9999.0,-9999.0,-9999.0,-9999.0,-9999.0,-9999.0,-9999.0,-9999.0,-9999.0,color,orientation,size,0.22000000000000003,15.5,10,female,0,2707.0406706000003,0,23
2686,-9999.0,-9999.0,-9999.0,-9999.0,-9999.0,-9999.0,-9999.0,-9999.0,-9999.0,color,orientation,size,0.22000000000000003,15.5,10,female,0,2707.0406706000003,0,23
2687,-9999.0,-9999.0,-9999.0,-9999.0,-9999.0,-9999.0,-9999.0,-9999.0,-9999.0,color,orientation,size,0.22000000000000003,15.5,10,female,0,2707.0406706000003,0,23
2688,-9999.0,-9999.0,-9999.0,-9999.0,-9999.0,-9999.0,-9999.0,-9999.0,-9999.0,color,orientation,size,0.22000000000000003,15.5,10,female,0,2707.0406706000003,0,23
2689,-9999.0,-9999.0,-9999.0,-9999.0,-9999.0,-9999.0,-9999.0,-9999.0,-9999.0,color,orientation,size,0.22000000000000003,15.5,10,female,0,2707.0406706000003,0,23
2690,-9999.0,-9999.0,-9999.0,-9999.0,-9999.0,-9999.0,-9999.0,-9999.0,-9999.0,color,orientation,size,0.22000000000000003,15.5,10,female,0,2707.0406706000003,0,23
2691,-9999.0,-9999.0,-9999.0,-9999.0,-9999.0,-9999.0,-9999.0,-9999.0,-9999.0,color,orientation,size,0.22000000000000003,15.5,10,female,0,2707.0406706000003,0,23
2692,-9999.0,-9999.0,-9999.0,-9999.0,-9999.0,-9999.0,-9999.0,-9999.0,-9999.0,color,orientation,size,0.22000000000000003,15.5,10,female,0,2707.0406706000003,0,23
2693,-9999.0,-9999.0,-9999.0,-9999.0,-9999.0,-9999.0,-9999.0,-9999.0,-9999.0,color,orientation,size,0.22000000000000003,15.5,10,female,0,2707.0406706000003,0,23
2694,-9999.0,-9999.0,-9999.0,-9999.0,-9999.0,-9999.0,-9999.0,-9999.0,-9999.0,color,orientation,size,0.22000000000000003,15.5,10,female,0,2707.0406706000003,0,23
2695,-9999.0,-9999.0,-9999.0,-9999.0,-9999.0,-9999.0,-9999.0,-9999.0,-9999.0,color,orientation,size,0.22000000000000003,15.5,10,female,0,2707.0406706000003,0,23
2696,-9999.0,-9999.0,-9999.0,-9999.0,-9999.0,-9999.0,-9999.0,-9999.0,-9999.0,color,orientation,size,0.22000000000000003,15.5,10,female,0,2707.0406706000003,0,23
2697,-9999.0,-9999.0,-9999.0,-9999.0,-9999.0,-9999.0,-9999.0,-9999.0,-9999.0,color,orientation,size,0.22000000000000003,15.5,10,female,0,2707.0406706000003,0,23
2698,-9999.0,-9999.0,-9999.0,-9999.0,-9999.0,-9999.0,-9999.0,-9999.0,-9999.0,color,orientation,size,0.22000000000000003,15.5,10,female,0,2707.0406706000003,0,23
2699,-9999.0,-9999.0,-9999.0,-9999.0,-9999.0,-9999.0,-9999.0,-9999.0,-9999.0,color,orientation,size,0.22000000000000003,15.5,10,female,0,2707.0406706000003,0,23
2700,-9999.0,-9999.0,-9999.0,-9999.0,-9999.0,-9999.0,-9999.0,-9999.0,-9999.0,color,orientation,size,0.22000000000000003,15.5,10,female,0,2707.0406706000003,0,23
2701,-9999.0,-9999.0,-9999.0,-9999.0,-9999.0,-9999.0,-9999.0,-9999.0,-9999.0,color,orientation,size,0.22000000000000003,15.5,10,female,0,2707.0406706000003,0,23
2702,-9999.0,-9999.0,-9999.0,-9999.0,-9999.0,-9999.0,-9999.0,-9999.0,-9999.0,color,orientation,size,0.22000000000000003,15.5,10,female,0,2707.0406706000003,0,23
2703,-9999.0,-9999.0,-9999.0,-9999.0,-9999.0,-9999.0,-9999.0,-9999.0,-9999.0,color,orientation,size,0.22000000000000003,15.5,10,female,0,2707.0406706000003,0,23
2704,-9999.0,-9999.0,-9999.0,-9999.0,-9999.0,-9999.0,-9999.0,-9999.0,-9999.0,color,orientation,size,0.22000000000000003,15.5,10,female,0,2707.0406706000003,0,23
2705,-9999.0,-9999.0,-9999.0,-9999.0,-9999.0,-9999.0,-9999.0,-9999.0,-9999.0,color,orientation,size,0.22000000000000003,15.5,10,female,0,2707.0406706000003,0,23
2706,-9999.0,-9999.0,-9999.0,-9999.0,-9999.0,-9999.0,-9999.0,-9999.0,-9999.0,color,orientation,size,0.22000000000000003,15.5,10,female,0,2707.0406706000003,0,23
2707,-9999.0,-9999.0,-9999.0,-9999.0,-9999.0,-9999.0,-9999.0,-9999.0,-9999.0,color,orientation,size,0.22000000000000003,15.5,10,female,0,2707.0406706000003,0,23
2708,-9999.0,-9999.0,-9999.0,-9999.0,-9999.0,-9999.0,-9999.0,-9999.0,-9999.0,color,orientation,size,0.22000000000000003,15.5,10,female,0,2707.0406706000003,0,23
2709,-9999.0,-9999.0,-9999.0,-9999.0,-9999.0,-9999.0,-9999.0,-9999.0,-9999.0,color,orientation,size,0.22000000000000003,15.5,10,female,0,2707.0406706000003,0,23
2710,-9999.0,-9999.0,-9999.0,-9999.0,-9999.0,-9999.0,-9999.0,-9999.0,-9999.0,color,orientation,size,0.22000000000000003,15.5,10,female,0,2707.0406706000003,0,23
2711,-9999.0,-9999.0,-9999.0,-9999.0,-9999.0,-9999.0,-9999.0,-9999.0,-9999.0,color,orientation,size,0.22000000000000003,15.5,10,female,0,2707.0406706000003,0,23
2712,-9999.0,-9999.0,-9999.0,-9999.0,-9999.0,-9999.0,-9999.0,-9999.0,-9999.0,color,orientation,size,0.22000000000000003,15.5,10,female,0,2707.0406706000003,0,23
2713,-9999.0,-9999.0,-9999.0,-9999.0,-9999.0,-9999.0,-9999.0,-9999.0,-9999.0,color,orientation,size,0.22000000000000003,15.5,10,female,0,2707.0406706000003,0,23
2714,-9999.0,-9999.0,-9999.0,-9999.0,-9999.0,-9999.0,-9999.0,-9999.0,-9999.0,color,orientation,size,0.22000000000000003,15.5,10,female,0,2707.0406706000003,0,23
2715,-9999.0,-9999.0,-9999.0,-9999.0,-9999.0,-9999.0,-9999.0,-9999.0,-9999.0,color,orientation,size,0.22000000000000003,15.5,10,female,0,2707.0406706000003,0,23
2716,-9999.0,-9999.0,-9999.0,-9999.0,-9999.0,-9999.0,-9999.0,-9999.0,-9999.0,color,orientation,size,0.22000000000000003,15.5,10,female,0,2707.0406706000003,0,23
2717,-9999.0,-9999.0,-9999.0,-9999.0,-9999.0,-9999.0,-9999.0,-9999.0,-9999.0,color,orientation,size,0.22000000000000003,15.5,10,female,0,2707.0406706000003,0,23
2718,-9999.0,-9999.0,-9999.0,-9999.0,-9999.0,-9999.0,-9999.0,-9999.0,-9999.0,color,orientation,size,0.22000000000000003,15.5,10,female,0,2707.0406706000003,0,23
2719,-9999.0,-9999.0,-9999.0,-9999.0,-9999.0,-9999.0,-9999.0,-9999.0,-9999.0,color,orientation,size,0.22000000000000003,15.5,10,female,0,2707.0406706000003,0,23
2720,-9999.0,-9999.0,-9999.0,-9999.0,-9999.0,-9999.0,-9999.0,-9999.0,-9999.0,color,orientation,size,0.22000000000000003,15.5,10,female,0,2707.0406706000003,0,23
2721,-9999.0,-9999.0,-9999.0,-9999.0,-9999.0,-9999.0,-9999.0,-9999.0,-9999.0,color,orientation,size,0.22000000000000003,15.5,10,female,0,2707.0406706000003,0,23
2722,-9999.0,-9999.0,-9999.0,-9999.0,-9999.0,-9999.0,-9999.0,-9999.0,-9999.0,color,orientation,size,0.22000000000000003,15.5,10,female,0,2707.0406706000003,0,23
2723,-9999.0,-9999.0,-9999.0,-9999.0,-9999.0,-9999.0,-9999.0,-9999.0,-9999.0,color,orientation,size,0.22000000000000003,15.5,10,female,0,2707.0406706000003,0,23
2724,-9999.0,-9999.0,-9999.0,-9999.0,-9999.0,-9999.0,-9999.0,-9999.0,-9999.0,color,orientation,size,0.22000000000000003,15.5,10,female,0,2707.0406706000003,0,23
2725,-9999.0,-9999.0,-9999.0,-9999.0,-9999.0,-9999.0,-9999.0,-9999.0,-9999.0,color,orientation,size,0.22000000000000003,15.5,10,female,0,2707.0406706000003,0,23
2726,-9999.0,-9999.0,-9999.0,-9999.0,-9999.0,-9999.0,-9999.0,-9999.0,-9999.0,color,orientation,size,0.22000000000000003,15.5,10,female,0,2707.0406706000003,0,23
2727,-9999.0,-9999.0,-9999.0,-9999.0,-9999.0,-9999.0,-9999.0,-9999.0,-9999.0,color,orientation,size,0.22000000000000003,15.5,10,female,0,2707.0406706000003,0,23
2728,-9999.0,-9999.0,-9999.0,-9999.0,-9999.0,-9999.0,-9999.0,-9999.0,-9999.0,color,orientation,size,0.22000000000000003,15.5,10,female,0,2707.0406706000003,0,23
2729,-9999.0,-9999.0,-9999.0,-9999.0,-9999.0,-9999.0,-9999.0,-9999.0,-9999.0,color,orientation,size,0.22000000000000003,15.5,10,female,0,2707.0406706000003,0,23
2730,-9999.0,-9999.0,-9999.0,-9999.0,-9999.0,-9999.0,-9999.0,-9999.0,-9999.0,color,orientation,size,0.22000000000000003,15.5,10,female,0,2707.0406706000003,0,23
2731,-9999.0,-9999.0,-9999.0,-9999.0,-9999.0,-9999.0,-9999.0,-9999.0,-9999.0,color,orientation,size,0.22000000000000003,15.5,10,female,0,2707.0406706000003,0,23
2732,-9999.0,-9999.0,-9999.0,-9999.0,-9999.0,-9999.0,-9999.0,-9999.0,-9999.0,color,orientation,size,0.22000000000000003,15.5,10,female,0,2707.0406706000003,0,23
2733,-9999.0,-9999.0,-9999.0,-9999.0,-9999.0,-9999.0,-9999.0,-9999.0,-9999.0,color,orientation,size,0.22000000000000003,15.5,10,female,0,2707.0406706000003,0,23
2734,-9999.0,-9999.0,-9999.0,-9999.0,-9999.0,-9999.0,-9999.0,-9999.0,-9999.0,color,orientation,size,0.22000000000000003,15.5,10,female,0,2707.0406706000003,0,23
2735,-9999.0,-9999.0,-9999.0,-9999.0,-9999.0,-9999.0,-9999.0,-9999.0,-9999.0,color,orientation,size,0.22000000000000003,15.5,10,female,0,2707.0406706000003,0,23
2736,-9999.0,-9999.0,-9999.0,-9999.0,-9999.0,-9999.0,-9999.0,-9999.0,-9999.0,color,orientation,size,0.22000000000000003,15.5,10,female,0,2707.0406706000003,0,23
2737,-9999.0,-9999.0,-9999.0,-9999.0,-9999.0,-9999.0,-9999.0,-9999.0,-9999.0,color,orientation,size,0.22000000000000003,15.5,10,female,0,2707.0406706000003,0,23
2738,-9999.0,-9999.0,-9999.0,-9999.0,-9999.0,-9999.0,-9999.0,-9999.0,-9999.0,color,orientation,size,0.22000000000000003,15.5,10,female,0,2707.0406706000003,0,23
2739,-9999.0,-9999.0,-9999.0,-9999.0,-9999.0,-9999.0,-9999.0,-9999.0,-9999.0,color,orientation,size,0.22000000000000003,15.5,10,female,0,2707.0406706000003,0,23
2740,-9999.0,-9999.0,-9999.0,-9999.0,-9999.0,-9999.0,-9999.0,-9999.0,-9999.0,color,orientation,size,0.22000000000000003,15.5,10,female,0,2707.0406706000003,0,23
2741,-9999.0,-9999.0,-9999.0,-9999.0,-9999.0,-9999.0,-9999.0,-9999.0,-9999.0,color,orientation,size,0.22000000000000003,15.5,10,female,0,2707.0406706000003,0,23
2742,-9999.0,-9999.0,-9999.0,-9999.0,-9999.0,-9999.0,-9999.0,-9999.0,-9999.0,color,orientation,size,0.22000000000000003,15.5,10,female,0,2707.0406706000003,0,23
2743,-9999.0,-9999.0,-9999.0,-9999.0,-9999.0,-9999.0,-9999.0,-9999.0,-9999.0,color,orientation,size,0.22000000000000003,15.5,10,female,0,2707.0406706000003,0,23
2744,-9999.0,-9999.0,-9999.0,-9999.0,-9999.0,-9999.0,-9999.0,-9999.0,-9999.0,color,orientation,size,0.22000000000000003,15.5,10,female,0,2707.0406706000003,0,23
2745,-9999.0,-9999.0,-9999.0,-9999.0,-9999.0,-9999.0,-9999.0,-9999.0,-9999.0,color,orientation,size,0.22000000000000003,15.5,10,female,0,2707.0406706000003,0,23
2746,-9999.0,-9999.0,-9999.0,-9999.0,-9999.0,-9999.0,-9999.0,-9999.0,-9999.0,color,orientation,size,0.22000000000000003,15.5,10,female,0,2707.0406706000003,0,23
2747,-9999.0,-9999.0,-9999.0,-9999.0,-9999.0,-9999.0,-9999.0,-9999.0,-9999.0,color,orientation,size,0.22000000000000003,15.5,10,female,0,2707.0406706000003,0,23
2748,-9999.0,-9999.0,-9999.0,-9999.0,-9999.0,-9999.0,-9999.0,-9999.0,-9999.0,color,orientation,size,0.22000000000000003,15.5,10,female,0,2707.0406706000003,0,23
2749,-9999.0,-9999.0,-9999.0,-9999.0,-9999.0,-9999.0,-9999.0,-9999.0,-9999.0,color,orientation,size,0.22000000000000003,15.5,10,female,0,2707.0406706000003,0,23
2750,-9999.0,-9999.0,-9999.0,-9999.0,-9999.0,-9999.0,-9999.0,-9999.0,-9999.0,color,orientation,size,0.22000000000000003,15.5,10,female,0,2707.0406706000003,0,23
2751,-9999.0,-9999.0,-9999.0,-9999.0,-9999.0,-9999.0,-9999.0,-9999.0,-9999.0,color,orientation,size,0.22000000000000003,15.5,10,female,0,2707.0406706000003,0,23
2752,-9999.0,-9999.0,-9999.0,-9999.0,-9999.0,-9999.0,-9999.0,-9999.0,-9999.0,color,orientation,size,0.22000000000000003,15.5,10,female,0,2707.0406706000003,0,23
2753,-9999.0,-9999.0,-9999.0,-9999.0,-9999.0,-9999.0,-9999.0,-9999.0,-9999.0,color,orientation,size,0.22000000000000003,15.5,10,female,0,2707.0406706000003,0,23
2754,-9999.0,-9999.0,-9999.0,-9999.0,-9999.0,-9999.0,-9999.0,-9999.0,-9999.0,color,orientation,size,0.22000000000000003,15.5,10,female,0,2707.0406706000003,0,23
2755,-9999.0,-9999.0,-9999.0,-9999.0,-9999.0,-9999.0,-9999.0,-9999.0,-9999.0,color,orientation,size,0.22000000000000003,15.5,10,female,0,2707.0406706000003,0,23
2756,-9999.0,-9999.0,-9999.0,-9999.0,-9999.0,-9999.0,-9999.0,-9999.0,-9999.0,color,orientation,size,0.22000000000000003,15.5,10,female,0,2707.0406706000003,0,23
2757,-9999.0,-9999.0,-9999.0,-9999.0,-9999.0,-9999.0,-9999.0,-9999.0,-9999.0,color,orientation,size,0.22000000000000003,15.5,10,female,0,2707.0406706000003,0,23
2758,-9999.0,-9999.0,-9999.0,-9999.0,-9999.0,-9999.0,-9999.0,-9999.0,-9999.0,color,orientation,size,0.22000000000000003,15.5,10,female,0,2707.0406706000003,0,23
2759,-9999.0,-9999.0,-9999.0,-9999.0,-9999.0,-9999.0,-9999.0,-9999.0,-9999.0,color,orientation,size,0.22000000000000003,15.5,10,female,0,2707.0406706000003,0,23
2760,-9999.0,-9999.0,-9999.0,-9999.0,-9999.0,-9999.0,-9999.0,-9999.0,-9999.0,color,orientation,size,0.22000000000000003,15.5,10,female,0,2707.0406706000003,0,23
2761,-9999.0,-9999.0,-9999.0,-9999.0,-9999.0,-9999.0,-9999.0,-9999.0,-9999.0,color,orientation,size,0.22000000000000003,15.5,10,female,0,2707.0406706000003,0,23
2762,-9999.0,-9999.0,-9999.0,-9999.0,-9999.0,-9999.0,-9999.0,-9999.0,-9999.0,color,orientation,size,0.22000000000000003,15.5,10,female,0,2707.0406706000003,0,23
2763,-9999.0,-9999.0,-9999.0,-9999.0,-9999.0,-9999.0,-9999.0,-9999.0,-9999.0,color,orientation,size,0.22000000000000003,15.5,10,female,0,2707.0406706000003,0,23
2764,-9999.0,-9999.0,-9999.0,-9999.0,-9999.0,-9999.0,-9999.0,-9999.0,-9999.0,color,orientation,size,0.22000000000000003,15.5,10,female,0,2707.0406706000003,0,23
2765,-9999.0,-9999.0,-9999.0,-9999.0,-9999.0,-9999.0,-9999.0,-9999.0,-9999.0,color,orientation,size,0.22000000000000003,15.5,10,female,0,2707.0406706000003,0,23
2766,-9999.0,-9999.0,-9999.0,-9999.0,-9999.0,-9999.0,-9999.0,-9999.0,-9999.0,color,orientation,size,0.22000000000000003,15.5,10,female,0,2707.0406706000003,0,23
2767,-9999.0,-9999.0,-9999.0,-9999.0,-9999.0,-9999.0,-9999.0,-9999.0,-9999.0,color,orientation,size,0.22000000000000003,15.5,10,female,0,2707.0406706000003,0,23
2768,-9999.0,-9999.0,-9999.0,-9999.0,-9999.0,-9999.0,-9999.0,-9999.0,-9999.0,color,orientation,size,0.22000000000000003,15.5,10,female,0,2707.0406706000003,0,23
2769,-9999.0,-9999.0,-9999.0,-9999.0,-9999.0,-9999.0,-9999.0,-9999.0,-9999.0,color,orientation,size,0.22000000000000003,15.5,10,female,0,2707.0406706000003,0,23
2770,-9999.0,-9999.0,-9999.0,-9999.0,-9999.0,-9999.0,-9999.0,-9999.0,-9999.0,color,orientation,size,0.22000000000000003,15.5,10,female,0,2707.0406706000003,0,23
2771,-9999.0,-9999.0,-9999.0,-9999.0,-9999.0,-9999.0,-9999.0,-9999.0,-9999.0,color,orientation,size,0.22000000000000003,15.5,10,female,0,2707.0406706000003,0,23
2772,-9999.0,-9999.0,-9999.0,-9999.0,-9999.0,-9999.0,-9999.0,-9999.0,-9999.0,color,orientation,size,0.22000000000000003,15.5,10,female,0,2707.0406706000003,0,23
2773,-9999.0,-9999.0,-9999.0,-9999.0,-9999.0,-9999.0,-9999.0,-9999.0,-9999.0,color,orientation,size,0.22000000000000003,15.5,10,female,0,2707.0406706000003,0,23
2774,-9999.0,-9999.0,-9999.0,-9999.0,-9999.0,-9999.0,-9999.0,-9999.0,-9999.0,color,orientation,size,0.22000000000000003,15.5,10,female,0,2707.0406706000003,0,23
2775,-9999.0,-9999.0,-9999.0,-9999.0,-9999.0,-9999.0,-9999.0,-9999.0,-9999.0,color,orientation,size,0.22000000000000003,15.5,10,female,0,2707.0406706000003,0,23
2776,-9999.0,-9999.0,-9999.0,-9999.0,-9999.0,-9999.0,-9999.0,-9999.0,-9999.0,color,orientation,size,0.22000000000000003,15.5,10,female,0,2707.0406706000003,0,23
2777,-9999.0,-9999.0,-9999.0,-9999.0,-9999.0,-9999.0,-9999.0,-9999.0,-9999.0,color,orientation,size,0.22000000000000003,15.5,10,female,0,2707.0406706000003,0,23
2778,-9999.0,-9999.0,-9999.0,-9999.0,-9999.0,-9999.0,-9999.0,-9999.0,-9999.0,color,orientation,size,0.22000000000000003,15.5,10,female,0,2707.0406706000003,0,23
2779,-9999.0,-9999.0,-9999.0,-9999.0,-9999.0,-9999.0,-9999.0,-9999.0,-9999.0,color,orientation,size,0.22000000000000003,15.5,10,female,0,2707.0406706000003,0,23
2780,-9999.0,-9999.0,-9999.0,-9999.0,-9999.0,-9999.0,-9999.0,-9999.0,-9999.0,color,orientation,size,0.22000000000000003,15.5,10,female,0,2707.0406706000003,0,23
2781,-9999.0,-9999.0,-9999.0,-9999.0,-9999.0,-9999.0,-9999.0,-9999.0,-9999.0,color,orientation,size,0.22000000000000003,15.5,10,female,0,2707.0406706000003,0,23
2782,-9999.0,-9999.0,-9999.0,-9999.0,-9999.0,-9999.0,-9999.0,-9999.0,-9999.0,color,orientation,size,0.22000000000000003,15.5,10,female,0,2707.0406706000003,0,23
2783,-9999.0,-9999.0,-9999.0,-9999.0,-9999.0,-9999.0,-9999.0,-9999.0,-9999.0,color,orientation,size,0.22000000000000003,15.5,10,female,0,2707.0406706000003,0,23
2784,-9999.0,-9999.0,-9999.0,-9999.0,-9999.0,-9999.0,-9999.0,-9999.0,-9999.0,color,orientation,size,0.22000000000000003,15.5,10,female,0,2707.0406706000003,0,23
2785,-9999.0,-9999.0,-9999.0,-9999.0,-9999.0,-9999.0,-9999.0,-9999.0,-9999.0,color,orientation,size,0.22000000000000003,15.5,10,female,0,2707.0406706000003,0,23
2786,-9999.0,-9999.0,-9999.0,-9999.0,-9999.0,-9999.0,-9999.0,-9999.0,-9999.0,color,orientation,size,0.22000000000000003,15.5,10,female,0,2707.0406706000003,0,23
2787,-9999.0,-9999.0,-9999.0,-9999.0,-9999.0,-9999.0,-9999.0,-9999.0,-9999.0,color,orientation,size,0.22000000000000003,15.5,10,female,0,2707.0406706000003,0,23
2788,-9999.0,-9999.0,-9999.0,-9999.0,-9999.0,-9999.0,-9999.0,-9999.0,-9999.0,color,orientation,size,0.22000000000000003,15.5,10,female,0,2707.0406706000003,0,23
2789,-9999.0,-9999.0,-9999.0,-9999.0,-9999.0,-9999.0,-9999.0,-9999.0,-9999.0,color,orientation,size,0.22000000000000003,15.5,10,female,0,2707.0406706000003,0,23
2790,-9999.0,-9999.0,-9999.0,-9999.0,-9999.0,-9999.0,-9999.0,-9999.0,-9999.0,color,orientation,size,0.22000000000000003,15.5,10,female,0,2707.0406706000003,0,23
2791,-9999.0,-9999.0,-9999.0,-9999.0,-9999.0,-9999.0,-9999.0,-9999.0,-9999.0,color,orientation,size,0.22000000000000003,15.5,10,female,0,2707.0406706000003,0,23
2792,-9999.0,-9999.0,-9999.0,-9999.0,-9999.0,-9999.0,-9999.0,-9999.0,-9999.0,color,orientation,size,0.22000000000000003,15.5,10,female,0,2707.0406706000003,0,23
2793,-9999.0,-9999.0,-9999.0,-9999.0,-9999.0,-9999.0,-9999.0,-9999.0,-9999.0,color,orientation,size,0.22000000000000003,15.5,10,female,0,2707.0406706000003,0,23
2794,-9999.0,-9999.0,-9999.0,-9999.0,-9999.0,-9999.0,-9999.0,-9999.0,-9999.0,color,orientation,size,0.22000000000000003,15.5,10,female,0,2707.0406706000003,0,23
2795,-9999.0,-9999.0,-9999.0,-9999.0,-9999.0,-9999.0,-9999.0,-9999.0,-9999.0,color,orientation,size,0.22000000000000003,15.5,10,female,0,2707.0406706000003,0,23
2796,-9999.0,-9999.0,-9999.0,-9999.0,-9999.0,-9999.0,-9999.0,-9999.0,-9999.0,color,orientation,size,0.22000000000000003,15.5,10,female,0,2707.0406706000003,0,23
2797,-9999.0,-9999.0,-9999.0,-9999.0,-9999.0,-9999.0,-9999.0,-9999.0,-9999.0,color,orientation,size,0.22000000000000003,15.5,10,female,0,2707.0406706000003,0,23
2798,-9999.0,-9999.0,-9999.0,-9999.0,-9999.0,-9999.0,-9999.0,-9999.0,-9999.0,color,orientation,size,0.22000000000000003,15.5,10,female,0,2707.0406706000003,0,23
2799,-9999.0,-9999.0,-9999.0,-9999.0,-9999.0,-9999.0,-9999.0,-9999.0,-9999.0,color,orientation,size,0.22000000000000003,15.5,10,female,0,2707.0406706000003,0,23
2800,-9999.0,-9999.0,-9999.0,-9999.0,-9999.0,-9999.0,-9999.0,-9999.0,-9999.0,color,orientation,size,0.22000000000000003,15.5,10,female,0,2707.0406706000003,0,23
2801,-9999.0,-9999.0,-9999.0,-9999.0,-9999.0,-9999.0,-9999.0,-9999.0,-9999.0,color,orientation,size,0.22000000000000003,15.5,10,female,0,2707.0406706000003,0,23
2802,-9999.0,-9999.0,-9999.0,-9999.0,-9999.0,-9999.0,-9999.0,-9999.0,-9999.0,color,orientation,size,0.22000000000000003,15.5,10,female,0,2707.0406706000003,0,23
2803,-9999.0,-9999.0,-9999.0,-9999.0,-9999.0,-9999.0,-9999.0,-9999.0,-9999.0,color,orientation,size,0.22000000000000003,15.5,10,female,0,2707.0406706000003,0,23
2804,-9999.0,-9999.0,-9999.0,-9999.0,-9999.0,-9999.0,-9999.0,-9999.0,-9999.0,color,orientation,size,0.22000000000000003,15.5,10,female,0,2707.0406706000003,0,23
2805,-9999.0,-9999.0,-9999.0,-9999.0,-9999.0,-9999.0,-9999.0,-9999.0,-9999.0,color,orientation,size,0.22000000000000003,15.5,10,female,0,2707.0406706000003,0,23
2806,-9999.0,-9999.0,-9999.0,-9999.0,-9999.0,-9999.0,-9999.0,-9999.0,-9999.0,color,orientation,size,0.22000000000000003,15.5,10,female,0,2707.0406706000003,0,23
2807,-9999.0,-9999.0,-9999.0,-9999.0,-9999.0,-9999.0,-9999.0,-9999.0,-9999.0,color,orientation,size,0.22000000000000003,15.5,10,female,0,2707.0406706000003,0,23
2808,-9999.0,-9999.0,-9999.0,-9999.0,-9999.0,-9999.0,-9999.0,-9999.0,-9999.0,color,orientation,size,0.22000000000000003,15.5,10,female,0,2707.0406706000003,0,23
2809,-9999.0,-9999.0,-9999.0,-9999.0,-9999.0,-9999.0,-9999.0,-9999.0,-9999.0,color,orientation,size,0.22000000000000003,15.5,10,female,0,2707.0406706000003,0,23
2810,-9999.0,-9999.0,-9999.0,-9999.0,-9999.0,-9999.0,-9999.0,-9999.0,-9999.0,color,orientation,size,0.22000000000000003,15.5,10,female,0,2707.0406706000003,0,23
2811,-9999.0,-9999.0,-9999.0,-9999.0,-9999.0,-9999.0,-9999.0,-9999.0,-9999.0,color,orientation,size,0.22000000000000003,15.5,10,female,0,2707.0406706000003,0,23
2812,-9999.0,-9999.0,-9999.0,-9999.0,-9999.0,-9999.0,-9999.0,-9999.0,-9999.0,color,orientation,size,0.22000000000000003,15.5,10,female,0,2707.0406706000003,0,23
2813,-9999.0,-9999.0,-9999.0,-9999.0,-9999.0,-9999.0,-9999.0,-9999.0,-9999.0,color,orientation,size,0.22000000000000003,15.5,10,female,0,2707.0406706000003,0,23
2814,-9999.0,-9999.0,-9999.0,-9999.0,-9999.0,-9999.0,-9999.0,-9999.0,-9999.0,color,orientation,size,0.22000000000000003,15.5,10,female,0,2707.0406706000003,0,23
2815,-9999.0,-9999.0,-9999.0,-9999.0,-9999.0,-9999.0,-9999.0,-9999.0,-9999.0,color,orientation,size,0.22000000000000003,15.5,10,female,0,2707.0406706000003,0,23
2816,-9999.0,-9999.0,-9999.0,-9999.0,-9999.0,-9999.0,-9999.0,-9999.0,-9999.0,color,orientation,size,0.22000000000000003,15.5,10,female,0,2707.0406706000003,0,23
2817,-9999.0,-9999.0,-9999.0,-9999.0,-9999.0,-9999.0,-9999.0,-9999.0,-9999.0,color,orientation,size,0.22000000000000003,15.5,10,female,0,2707.0406706000003,0,23
2818,-9999.0,-9999.0,-9999.0,-9999.0,-9999.0,-9999.0,-9999.0,-9999.0,-9999.0,color,orientation,size,0.22000000000000003,15.5,10,female,0,2707.0406706000003,0,23
2819,-9999.0,-9999.0,-9999.0,-9999.0,-9999.0,-9999.0,-9999.0,-9999.0,-9999.0,color,orientation,size,0.22000000000000003,15.5,10,female,0,2707.0406706000003,0,23
2820,-9999.0,-9999.0,-9999.0,-9999.0,-9999.0,-9999.0,-9999.0,-9999.0,-9999.0,color,orientation,size,0.22000000000000003,15.5,10,female,0,2707.0406706000003,0,23
2821,-9999.0,-9999.0,-9999.0,-9999.0,-9999.0,-9999.0,-9999.0,-9999.0,-9999.0,color,orientation,size,0.22000000000000003,15.5,10,female,0,2707.0406706000003,0,23
2822,-9999.0,-9999.0,-9999.0,-9999.0,-9999.0,-9999.0,-9999.0,-9999.0,-9999.0,color,orientation,size,0.22000000000000003,15.5,10,female,0,2707.0406706000003,0,23
2823,-9999.0,-9999.0,-9999.0,-9999.0,-9999.0,-9999.0,-9999.0,-9999.0,-9999.0,color,orientation,size,0.22000000000000003,15.5,10,female,0,2707.0406706000003,0,23
2824,-9999.0,-9999.0,-9999.0,-9999.0,-9999.0,-9999.0,-9999.0,-9999.0,-9999.0,color,orientation,size,0.22000000000000003,15.5,10,female,0,2707.0406706000003,0,23
2825,-9999.0,-9999.0,-9999.0,-9999.0,-9999.0,-9999.0,-9999.0,-9999.0,-9999.0,color,orientation,size,0.22000000000000003,15.5,10,female,0,2707.0406706000003,0,23
2826,-9999.0,-9999.0,-9999.0,-9999.0,-9999.0,-9999.0,-9999.0,-9999.0,-9999.0,color,orientation,size,0.22000000000000003,15.5,10,female,0,2707.0406706000003,0,23
2827,-9999.0,-9999.0,-9999.0,-9999.0,-9999.0,-9999.0,-9999.0,-9999.0,-9999.0,color,orientation,size,0.22000000000000003,15.5,10,female,0,2707.0406706000003,0,23
2828,-9999.0,-9999.0,-9999.0,-9999.0,-9999.0,-9999.0,-9999.0,-9999.0,-9999.0,color,orientation,size,0.22000000000000003,15.5,10,female,0,2707.0406706000003,0,23
2829,-9999.0,-9999.0,-9999.0,-9999.0,-9999.0,-9999.0,-9999.0,-9999.0,-9999.0,color,orientation,size,0.22000000000000003,15.5,10,female,0,2707.0406706000003,0,23
2830,-9999.0,-9999.0,-9999.0,-9999.0,-9999.0,-9999.0,-9999.0,-9999.0,-9999.0,color,orientation,size,0.22000000000000003,15.5,10,female,0,2707.0406706000003,0,23
2831,-9999.0,-9999.0,-9999.0,-9999.0,-9999.0,-9999.0,-9999.0,-9999.0,-9999.0,color,orientation,size,0.22000000000000003,15.5,10,female,0,2707.0406706000003,0,23
2832,-9999.0,-9999.0,-9999.0,-9999.0,-9999.0,-9999.0,-9999.0,-9999.0,-9999.0,color,orientation,size,0.22000000000000003,15.5,10,female,0,2707.0406706000003,0,23
2833,-9999.0,-9999.0,-9999.0,-9999.0,-9999.0,-9999.0,-9999.0,-9999.0,-9999.0,color,orientation,size,0.22000000000000003,15.5,10,female,0,2707.0406706000003,0,23
2834,-9999.0,-9999.0,-9999.0,-9999.0,-9999.0,-9999.0,-9999.0,-9999.0,-9999.0,color,orientation,size,0.22000000000000003,15.5,10,female,0,2707.0406706000003,0,23
2835,-9999.0,-9999.0,-9999.0,-9999.0,-9999.0,-9999.0,-9999.0,-9999.0,-9999.0,color,orientation,size,0.22000000000000003,15.5,10,female,0,2707.0406706000003,0,23
2836,-9999.0,-9999.0,-9999.0,-9999.0,-9999.0,-9999.0,-9999.0,-9999.0,-9999.0,color,orientation,size,0.22000000000000003,15.5,10,female,0,2707.0406706000003,0,23
2837,-9999.0,-9999.0,-9999.0,-9999.0,-9999.0,-9999.0,-9999.0,-9999.0,-9999.0,color,orientation,size,0.22000000000000003,15.5,10,female,0,2707.0406706000003,0,23
2838,-9999.0,-9999.0,-9999.0,-9999.0,-9999.0,-9999.0,-9999.0,-9999.0,-9999.0,color,orientation,size,0.22000000000000003,15.5,10,female,0,2707.0406706000003,0,23
2839,-9999.0,-9999.0,-9999.0,-9999.0,-9999.0,-9999.0,-9999.0,-9999.0,-9999.0,color,orientation,size,0.22000000000000003,15.5,10,female,0,2707.0406706000003,0,23
2840,-9999.0,-9999.0,-9999.0,-9999.0,-9999.0,-9999.0,-9999.0,-9999.0,-9999.0,color,orientation,size,0.22000000000000003,15.5,10,female,0,2707.0406706000003,0,23
2841,-9999.0,-9999.0,-9999.0,-9999.0,-9999.0,-9999.0,-9999.0,-9999.0,-9999.0,color,orientation,size,0.22000000000000003,15.5,10,female,0,2707.0406706000003,0,23
2842,-9999.0,-9999.0,-9999.0,-9999.0,-9999.0,-9999.0,-9999.0,-9999.0,-9999.0,color,orientation,size,0.22000000000000003,15.5,10,female,0,2707.0406706000003,0,23
2843,-9999.0,-9999.0,-9999.0,-9999.0,-9999.0,-9999.0,-9999.0,-9999.0,-9999.0,color,orientation,size,0.22000000000000003,15.5,10,female,0,2707.0406706000003,0,23
2844,-9999.0,-9999.0,-9999.0,-9999.0,-9999.0,-9999.0,-9999.0,-9999.0,-9999.0,color,orientation,size,0.22000000000000003,15.5,10,female,0,2707.0406706000003,0,23
2845,-9999.0,-9999.0,-9999.0,-9999.0,-9999.0,-9999.0,-9999.0,-9999.0,-9999.0,color,orientation,size,0.22000000000000003,15.5,10,female,0,2707.0406706000003,0,23
2846,-9999.0,-9999.0,-9999.0,-9999.0,-9999.0,-9999.0,-9999.0,-9999.0,-9999.0,color,orientation,size,0.22000000000000003,15.5,10,female,0,2707.0406706000003,0,23
2847,-9999.0,-9999.0,-9999.0,-9999.0,-9999.0,-9999.0,-9999.0,-9999.0,-9999.0,color,orientation,size,0.22000000000000003,15.5,10,female,0,2707.0406706000003,0,23
2848,-9999.0,-9999.0,-9999.0,-9999.0,-9999.0,-9999.0,-9999.0,-9999.0,-9999.0,color,orientation,size,0.22000000000000003,15.5,10,female,0,2707.0406706000003,0,23
2849,-9999.0,-9999.0,-9999.0,-9999.0,-9999.0,-9999.0,-9999.0,-9999.0,-9999.0,color,orientation,size,0.22000000000000003,15.5,10,female,0,2707.0406706000003,0,23
2850,-9999.0,-9999.0,-9999.0,-9999.0,-9999.0,-9999.0,-9999.0,-9999.0,-9999.0,color,orientation,size,0.22000000000000003,15.5,10,female,0,2707.0406706000003,0,23
2851,-9999.0,-9999.0,-9999.0,-9999.0,-9999.0,-9999.0,-9999.0,-9999.0,-9999.0,color,orientation,size,0.22000000000000003,15.5,10,female,0,2707.0406706000003,0,23
2852,-9999.0,-9999.0,-9999.0,-9999.0,-9999.0,-9999.0,-9999.0,-9999.0,-9999.0,color,orientation,size,0.22000000000000003,15.5,10,female,0,2707.0406706000003,0,23
2853,-9999.0,-9999.0,-9999.0,-9999.0,-9999.0,-9999.0,-9999.0,-9999.0,-9999.0,color,orientation,size,0.22000000000000003,15.5,10,female,0,2707.0406706000003,0,23
2854,-9999.0,-9999.0,-9999.0,-9999.0,-9999.0,-9999.0,-9999.0,-9999.0,-9999.0,color,orientation,size,0.22000000000000003,15.5,10,female,0,2707.0406706000003,0,23
2855,-9999.0,-9999.0,-9999.0,-9999.0,-9999.0,-9999.0,-9999.0,-9999.0,-9999.0,color,orientation,size,0.22000000000000003,15.5,10,female,0,2707.0406706000003,0,23
2856,-9999.0,-9999.0,-9999.0,-9999.0,-9999.0,-9999.0,-9999.0,-9999.0,-9999.0,color,orientation,size,0.22000000000000003,15.5,10,female,0,2707.0406706000003,0,23
2857,-9999.0,-9999.0,-9999.0,-9999.0,-9999.0,-9999.0,-9999.0,-9999.0,-9999.0,color,orientation,size,0.22000000000000003,15.5,10,female,0,2707.0406706000003,0,23
2858,-9999.0,-9999.0,-9999.0,-9999.0,-9999.0,-9999.0,-9999.0,-9999.0,-9999.0,color,orientation,size,0.22000000000000003,15.5,10,female,0,2707.0406706000003,0,23
2859,-9999.0,-9999.0,-9999.0,-9999.0,-9999.0,-9999.0,-9999.0,-9999.0,-9999.0,color,orientation,size,0.22000000000000003,15.5,10,female,0,2707.0406706000003,0,23
2860,-9999.0,-9999.0,-9999.0,-9999.0,-9999.0,-9999.0,-9999.0,-9999.0,-9999.0,color,orientation,size,0.22000000000000003,15.5,10,female,0,2707.0406706000003,0,23
2861,-9999.0,-9999.0,-9999.0,-9999.0,-9999.0,-9999.0,-9999.0,-9999.0,-9999.0,color,orientation,size,0.22000000000000003,15.5,10,female,0,2707.0406706000003,0,23
2862,-9999.0,-9999.0,-9999.0,-9999.0,-9999.0,-9999.0,-9999.0,-9999.0,-9999.0,color,orientation,size,0.22000000000000003,15.5,10,female,0,2707.0406706000003,0,23
2863,-9999.0,-9999.0,-9999.0,-9999.0,-9999.0,-9999.0,-9999.0,-9999.0,-9999.0,color,orientation,size,0.22000000000000003,15.5,10,female,0,2707.0406706000003,0,23
2864,-9999.0,-9999.0,-9999.0,-9999.0,-9999.0,-9999.0,-9999.0,-9999.0,-9999.0,color,orientation,size,0.22000000000000003,15.5,10,female,0,2707.0406706000003,0,23
2865,-9999.0,-9999.0,-9999.0,-9999.0,-9999.0,-9999.0,-9999.0,-9999.0,-9999.0,color,orientation,size,0.22000000000000003,15.5,10,female,0,2707.0406706000003,0,23
2866,-9999.0,-9999.0,-9999.0,-9999.0,-9999.0,-9999.0,-9999.0,-9999.0,-9999.0,color,orientation,size,0.22000000000000003,15.5,10,female,0,2707.0406706000003,0,23
2867,-9999.0,-9999.0,-9999.0,-9999.0,-9999.0,-9999.0,-9999.0,-9999.0,-9999.0,color,orientation,size,0.22000000000000003,15.5,10,female,0,2707.0406706000003,0,23
2868,-9999.0,-9999.0,-9999.0,-9999.0,-9999.0,-9999.0,-9999.0,-9999.0,-9999.0,color,orientation,size,0.22000000000000003,15.5,10,female,0,2707.0406706000003,0,23
2869,-9999.0,-9999.0,-9999.0,-9999.0,-9999.0,-9999.0,-9999.0,-9999.0,-9999.0,color,orientation,size,0.22000000000000003,15.5,10,female,0,2707.0406706000003,0,23
2870,-9999.0,-9999.0,-9999.0,-9999.0,-9999.0,-9999.0,-9999.0,-9999.0,-9999.0,color,orientation,size,0.22000000000000003,15.5,10,female,0,2707.0406706000003,0,23
2871,-9999.0,-9999.0,-9999.0,-9999.0,-9999.0,-9999.0,-9999.0,-9999.0,-9999.0,color,orientation,size,0.22000000000000003,15.5,10,female,0,2707.0406706000003,0,23
2872,-9999.0,-9999.0,-9999.0,-9999.0,-9999.0,-9999.0,-9999.0,-9999.0,-9999.0,color,orientation,size,0.22000000000000003,15.5,10,female,0,2707.0406706000003,0,23
2873,-9999.0,-9999.0,-9999.0,-9999.0,-9999.0,-9999.0,-9999.0,-9999.0,-9999.0,color,orientation,size,0.22000000000000003,15.5,10,female,0,2707.0406706000003,0,23
2874,-9999.0,-9999.0,-9999.0,-9999.0,-9999.0,-9999.0,-9999.0,-9999.0,-9999.0,color,orientation,size,0.22000000000000003,15.5,10,female,0,2707.0406706000003,0,23
2875,-9999.0,-9999.0,-9999.0,-9999.0,-9999.0,-9999.0,-9999.0,-9999.0,-9999.0,color,orientation,size,0.22000000000000003,15.5,10,female,0,2707.0406706000003,0,23
2876,-9999.0,-9999.0,-9999.0,-9999.0,-9999.0,-9999.0,-9999.0,-9999.0,-9999.0,color,orientation,size,0.22000000000000003,15.5,10,female,0,2707.0406706000003,0,23
2877,-9999.0,-9999.0,-9999.0,-9999.0,-9999.0,-9999.0,-9999.0,-9999.0,-9999.0,color,orientation,size,0.22000000000000003,15.5,10,female,0,2707.0406706000003,0,23
2878,-9999.0,-9999.0,-9999.0,-9999.0,-9999.0,-9999.0,-9999.0,-9999.0,-9999.0,color,orientation,size,0.22000000000000003,15.5,10,female,0,2707.0406706000003,0,23
2879,-9999.0,-9999.0,-9999.0,-9999.0,-9999.0,-9999.0,-9999.0,-9999.0,-9999.0,color,orientation,size,0.22000000000000003,15.5,10,female,0,2707.0406706000003,0,23
2880,-9999.0,-9999.0,-9999.0,-9999.0,-9999.0,-9999.0,-9999.0,-9999.0,-9999.0,color,orientation,size,0.22000000000000003,15.5,10,female,0,2707.0406706000003,0,23
2881,-9999.0,-9999.0,-9999.0,-9999.0,-9999.0,-9999.0,-9999.0,-9999.0,-9999.0,color,orientation,size,0.22000000000000003,15.5,10,female,0,2707.0406706000003,0,23
2882,-9999.0,-9999.0,-9999.0,-9999.0,-9999.0,-9999.0,-9999.0,-9999.0,-9999.0,color,orientation,size,0.22000000000000003,15.5,10,female,0,2707.0406706000003,0,23
2883,-9999.0,-9999.0,-9999.0,-9999.0,-9999.0,-9999.0,-9999.0,-9999.0,-9999.0,color,orientation,size,0.22000000000000003,15.5,10,female,0,2707.0406706000003,0,23
2884,-9999.0,-9999.0,-9999.0,-9999.0,-9999.0,-9999.0,-9999.0,-9999.0,-9999.0,color,orientation,size,0.22000000000000003,15.5,10,female,0,2707.0406706000003,0,23
2885,-9999.0,-9999.0,-9999.0,-9999.0,-9999.0,-9999.0,-9999.0,-9999.0,-9999.0,color,orientation,size,0.22000000000000003,15.5,10,female,0,2707.0406706000003,0,23
2886,-9999.0,-9999.0,-9999.0,-9999.0,-9999.0,-9999.0,-9999.0,-9999.0,-9999.0,color,orientation,size,0.22000000000000003,15.5,10,female,0,2707.0406706000003,0,23
2887,-9999.0,-9999.0,-9999.0,-9999.0,-9999.0,-9999.0,-9999.0,-9999.0,-9999.0,color,orientation,size,0.22000000000000003,15.5,10,female,0,2707.0406706000003,0,23
2888,-9999.0,-9999.0,-9999.0,-9999.0,-9999.0,-9999.0,-9999.0,-9999.0,-9999.0,color,orientation,size,0.22000000000000003,15.5,10,female,0,2707.0406706000003,0,23
2889,-9999.0,-9999.0,-9999.0,-9999.0,-9999.0,-9999.0,-9999.0,-9999.0,-9999.0,color,orientation,size,0.22000000000000003,15.5,10,female,0,2707.0406706000003,0,23
2890,-9999.0,-9999.0,-9999.0,-9999.0,-9999.0,-9999.0,-9999.0,-9999.0,-9999.0,color,orientation,size,0.22000000000000003,15.5,10,female,0,2707.0406706000003,0,23
2891,-9999.0,-9999.0,-9999.0,-9999.0,-9999.0,-9999.0,-9999.0,-9999.0,-9999.0,color,orientation,size,0.22000000000000003,15.5,10,female,0,2707.0406706000003,0,23
2892,-9999.0,-9999.0,-9999.0,-9999.0,-9999.0,-9999.0,-9999.0,-9999.0,-9999.0,color,orientation,size,0.22000000000000003,15.5,10,female,0,2707.0406706000003,0,23
2893,-9999.0,-9999.0,-9999.0,-9999.0,-9999.0,-9999.0,-9999.0,-9999.0,-9999.0,color,orientation,size,0.22000000000000003,15.5,10,female,0,2707.0406706000003,0,23
2894,-9999.0,-9999.0,-9999.0,-9999.0,-9999.0,-9999.0,-9999.0,-9999.0,-9999.0,color,orientation,size,0.22000000000000003,15.5,10,female,0,2707.0406706000003,0,23
2895,-9999.0,-9999.0,-9999.0,-9999.0,-9999.0,-9999.0,-9999.0,-9999.0,-9999.0,color,orientation,size,0.22000000000000003,15.5,10,female,0,2707.0406706000003,0,23
2896,-9999.0,-9999.0,-9999.0,-9999.0,-9999.0,-9999.0,-9999.0,-9999.0,-9999.0,color,orientation,size,0.22000000000000003,15.5,10,female,0,2707.0406706000003,0,23
2897,-9999.0,-9999.0,-9999.0,-9999.0,-9999.0,-9999.0,-9999.0,-9999.0,-9999.0,color,orientation,size,0.22000000000000003,15.5,10,female,0,2707.0406706000003,0,23
2898,-9999.0,-9999.0,-9999.0,-9999.0,-9999.0,-9999.0,-9999.0,-9999.0,-9999.0,color,orientation,size,0.22000000000000003,15.5,10,female,0,2707.0406706000003,0,23
2899,-9999.0,-9999.0,-9999.0,-9999.0,-9999.0,-9999.0,-9999.0,-9999.0,-9999.0,color,orientation,size,0.22000000000000003,15.5,10,female,0,2707.0406706000003,0,23
2900,-9999.0,-9999.0,-9999.0,-9999.0,-9999.0,-9999.0,-9999.0,-9999.0,-9999.0,color,orientation,size,0.22000000000000003,15.5,10,female,0,2707.0406706000003,0,23
2901,-9999.0,-9999.0,-9999.0,-9999.0,-9999.0,-9999.0,-9999.0,-9999.0,-9999.0,color,orientation,size,0.22000000000000003,15.5,10,female,0,2707.0406706000003,0,23
2902,-9999.0,-9999.0,-9999.0,-9999.0,-9999.0,-9999.0,-9999.0,-9999.0,-9999.0,color,orientation,size,0.22000000000000003,15.5,10,female,0,2707.0406706000003,0,23
2903,-9999.0,-9999.0,-9999.0,-9999.0,-9999.0,-9999.0,-9999.0,-9999.0,-9999.0,color,orientation,size,0.22000000000000003,15.5,10,female,0,2707.0406706000003,0,23
2904,-9999.0,-9999.0,-9999.0,-9999.0,-9999.0,-9999.0,-9999.0,-9999.0,-9999.0,color,orientation,size,0.22000000000000003,15.5,10,female,0,2707.0406706000003,0,23
2905,-9999.0,-9999.0,-9999.0,-9999.0,-9999.0,-9999.0,-9999.0,-9999.0,-9999.0,color,orientation,size,0.22000000000000003,15.5,10,female,0,2707.0406706000003,0,23
2906,-9999.0,-9999.0,-9999.0,-9999.0,-9999.0,-9999.0,-9999.0,-9999.0,-9999.0,color,orientation,size,0.22000000000000003,15.5,10,female,0,2707.0406706000003,0,23
2907,-9999.0,-9999.0,-9999.0,-9999.0,-9999.0,-9999.0,-9999.0,-9999.0,-9999.0,color,orientation,size,0.22000000000000003,15.5,10,female,0,2707.0406706000003,0,23
2908,-9999.0,-9999.0,-9999.0,-9999.0,-9999.0,-9999.0,-9999.0,-9999.0,-9999.0,color,orientation,size,0.22000000000000003,15.5,10,female,0,2707.0406706000003,0,23
2909,-9999.0,-9999.0,-9999.0,-9999.0,-9999.0,-9999.0,-9999.0,-9999.0,-9999.0,color,orientation,size,0.22000000000000003,15.5,10,female,0,2707.0406706000003,0,23
2910,-9999.0,-9999.0,-9999.0,-9999.0,-9999.0,-9999.0,-9999.0,-9999.0,-9999.0,color,orientation,size,0.22000000000000003,15.5,10,female,0,2707.0406706000003,0,23
2911,-9999.0,-9999.0,-9999.0,-9999.0,-9999.0,-9999.0,-9999.0,-9999.0,-9999.0,color,orientation,size,0.22000000000000003,15.5,10,female,0,2707.0406706000003,0,23
2912,-9999.0,-9999.0,-9999.0,-9999.0,-9999.0,-9999.0,-9999.0,-9999.0,-9999.0,color,orientation,size,0.22000000000000003,15.5,10,female,0,2707.0406706000003,0,23
2913,-9999.0,-9999.0,-9999.0,-9999.0,-9999.0,-9999.0,-9999.0,-9999.0,-9999.0,color,orientation,size,0.22000000000000003,15.5,10,female,0,2707.0406706000003,0,23
2914,-9999.0,-9999.0,-9999.0,-9999.0,-9999.0,-9999.0,-9999.0,-9999.0,-9999.0,color,orientation,size,0.22000000000000003,15.5,10,female,0,2707.0406706000003,0,23
2915,-9999.0,-9999.0,-9999.0,-9999.0,-9999.0,-9999.0,-9999.0,-9999.0,-9999.0,color,orientation,size,0.22000000000000003,15.5,10,female,0,2707.0406706000003,0,23
2916,-9999.0,-9999.0,-9999.0,-9999.0,-9999.0,-9999.0,-9999.0,-9999.0,-9999.0,color,orientation,size,0.22000000000000003,15.5,10,female,0,2707.0406706000003,0,23
2917,-9999.0,-9999.0,-9999.0,-9999.0,-9999.0,-9999.0,-9999.0,-9999.0,-9999.0,color,orientation,size,0.22000000000000003,15.5,10,female,0,2707.0406706000003,0,23
2918,-9999.0,-9999.0,-9999.0,-9999.0,-9999.0,-9999.0,-9999.0,-9999.0,-9999.0,color,orientation,size,0.22000000000000003,15.5,10,female,0,2707.0406706000003,0,23
2919,-9999.0,-9999.0,-9999.0,-9999.0,-9999.0,-9999.0,-9999.0,-9999.0,-9999.0,color,orientation,size,0.22000000000000003,15.5,10,female,0,2707.0406706000003,0,23
2920,-9999.0,-9999.0,-9999.0,-9999.0,-9999.0,-9999.0,-9999.0,-9999.0,-9999.0,color,orientation,size,0.22000000000000003,15.5,10,female,0,2707.0406706000003,0,23
2921,-9999.0,-9999.0,-9999.0,-9999.0,-9999.0,-9999.0,-9999.0,-9999.0,-9999.0,color,orientation,size,0.22000000000000003,15.5,10,female,0,2707.0406706000003,0,23
2922,-9999.0,-9999.0,-9999.0,-9999.0,-9999.0,-9999.0,-9999.0,-9999.0,-9999.0,color,orientation,size,0.22000000000000003,15.5,10,female,0,2707.0406706000003,0,23
2923,-9999.0,-9999.0,-9999.0,-9999.0,-9999.0,-9999.0,-9999.0,-9999.0,-9999.0,color,orientation,size,0.22000000000000003,15.5,10,female,0,2707.0406706000003,0,23
2924,-9999.0,-9999.0,-9999.0,-9999.0,-9999.0,-9999.0,-9999.0,-9999.0,-9999.0,color,orientation,size,0.22000000000000003,15.5,10,female,0,2707.0406706000003,0,23
2925,-9999.0,-9999.0,-9999.0,-9999.0,-9999.0,-9999.0,-9999.0,-9999.0,-9999.0,color,orientation,size,0.22000000000000003,15.5,10,female,0,2707.0406706000003,0,23
2926,-9999.0,-9999.0,-9999.0,-9999.0,-9999.0,-9999.0,-9999.0,-9999.0,-9999.0,color,orientation,size,0.22000000000000003,15.5,10,female,0,2707.0406706000003,0,23
2927,-9999.0,-9999.0,-9999.0,-9999.0,-9999.0,-9999.0,-9999.0,-9999.0,-9999.0,color,orientation,size,0.22000000000000003,15.5,10,female,0,2707.0406706000003,0,23
2928,-9999.0,-9999.0,-9999.0,-9999.0,-9999.0,-9999.0,-9999.0,-9999.0,-9999.0,color,orientation,size,0.22000000000000003,15.5,10,female,0,2707.0406706000003,0,23
2929,-9999.0,-9999.0,-9999.0,-9999.0,-9999.0,-9999.0,-9999.0,-9999.0,-9999.0,color,orientation,size,0.22000000000000003,15.5,10,female,0,2707.0406706000003,0,23
2930,-9999.0,-9999.0,-9999.0,-9999.0,-9999.0,-9999.0,-9999.0,-9999.0,-9999.0,color,orientation,size,0.22000000000000003,15.5,10,female,0,2707.0406706000003,0,23
2931,-9999.0,-9999.0,-9999.0,-9999.0,-9999.0,-9999.0,-9999.0,-9999.0,-9999.0,color,orientation,size,0.22000000000000003,15.5,10,female,0,2707.0406706000003,0,23
2932,-9999.0,-9999.0,-9999.0,-9999.0,-9999.0,-9999.0,-9999.0,-9999.0,-9999.0,color,orientation,size,0.22000000000000003,15.5,10,female,0,2707.0406706000003,0,23
2933,-9999.0,-9999.0,-9999.0,-9999.0,-9999.0,-9999.0,-9999.0,-9999.0,-9999.0,color,orientation,size,0.22000000000000003,15.5,10,female,0,2707.0406706000003,0,23
2934,-9999.0,-9999.0,-9999.0,-9999.0,-9999.0,-9999.0,-9999.0,-9999.0,-9999.0,color,orientation,size,0.22000000000000003,15.5,10,female,0,2707.0406706000003,0,23
2935,-9999.0,-9999.0,-9999.0,-9999.0,-9999.0,-9999.0,-9999.0,-9999.0,-9999.0,color,orientation,size,0.22000000000000003,15.5,10,female,0,2707.0406706000003,0,23
2936,-9999.0,-9999.0,-9999.0,-9999.0,-9999.0,-9999.0,-9999.0,-9999.0,-9999.0,color,orientation,size,0.22000000000000003,15.5,10,female,0,2707.0406706000003,0,23
2937,-9999.0,-9999.0,-9999.0,-9999.0,-9999.0,-9999.0,-9999.0,-9999.0,-9999.0,color,orientation,size,0.22000000000000003,15.5,10,female,0,2707.0406706000003,0,23
2938,-9999.0,-9999.0,-9999.0,-9999.0,-9999.0,-9999.0,-9999.0,-9999.0,-9999.0,color,orientation,size,0.22000000000000003,15.5,10,female,0,2707.0406706000003,0,23
2939,-9999.0,-9999.0,-9999.0,-9999.0,-9999.0,-9999.0,-9999.0,-9999.0,-9999.0,color,orientation,size,0.22000000000000003,15.5,10,female,0,2707.0406706000003,0,23
2940,-9999.0,-9999.0,-9999.0,-9999.0,-9999.0,-9999.0,-9999.0,-9999.0,-9999.0,color,orientation,size,0.22000000000000003,15.5,10,female,0,2707.0406706000003,0,23
2941,-9999.0,-9999.0,-9999.0,-9999.0,-9999.0,-9999.0,-9999.0,-9999.0,-9999.0,color,orientation,size,0.22000000000000003,15.5,10,female,0,2707.0406706000003,0,23
2942,-9999.0,-9999.0,-9999.0,-9999.0,-9999.0,-9999.0,-9999.0,-9999.0,-9999.0,color,orientation,size,0.22000000000000003,15.5,10,female,0,2707.0406706000003,0,23
2943,-9999.0,-9999.0,-9999.0,-9999.0,-9999.0,-9999.0,-9999.0,-9999.0,-9999.0,color,orientation,size,0.22000000000000003,15.5,10,female,0,2707.0406706000003,0,23
2944,-9999.0,-9999.0,-9999.0,-9999.0,-9999.0,-9999.0,-9999.0,-9999.0,-9999.0,color,orientation,size,0.22000000000000003,15.5,10,female,0,2707.0406706000003,0,23
2945,-9999.0,-9999.0,-9999.0,-9999.0,-9999.0,-9999.0,-9999.0,-9999.0,-9999.0,color,orientation,size,0.22000000000000003,15.5,10,female,0,2707.0406706000003,0,23
2946,-9999.0,-9999.0,-9999.0,-9999.0,-9999.0,-9999.0,-9999.0,-9999.0,-9999.0,color,orientation,size,0.22000000000000003,15.5,10,female,0,2707.0406706000003,0,23
2947,-9999.0,-9999.0,-9999.0,-9999.0,-9999.0,-9999.0,-9999.0,-9999.0,-9999.0,color,orientation,size,0.22000000000000003,15.5,10,female,0,2707.0406706000003,0,23
2948,-9999.0,-9999.0,-9999.0,-9999.0,-9999.0,-9999.0,-9999.0,-9999.0,-9999.0,color,orientation,size,0.22000000000000003,15.5,10,female,0,2707.0406706000003,0,23
2949,-9999.0,-9999.0,-9999.0,-9999.0,-9999.0,-9999.0,-9999.0,-9999.0,-9999.0,color,orientation,size,0.22000000000000003,15.5,10,female,0,2707.0406706000003,0,23
2950,-9999.0,-9999.0,-9999.0,-9999.0,-9999.0,-9999.0,-9999.0,-9999.0,-9999.0,color,orientation,size,0.22000000000000003,15.5,10,female,0,2707.0406706000003,0,23
2951,-9999.0,-9999.0,-9999.0,-9999.0,-9999.0,-9999.0,-9999.0,-9999.0,-9999.0,color,orientation,size,0.22000000000000003,15.5,10,female,0,2707.0406706000003,0,23
2952,-9999.0,-9999.0,-9999.0,-9999.0,-9999.0,-9999.0,-9999.0,-9999.0,-9999.0,color,orientation,size,0.22000000000000003,15.5,10,female,0,2707.0406706000003,0,23
2953,-9999.0,-9999.0,-9999.0,-9999.0,-9999.0,-9999.0,-9999.0,-9999.0,-9999.0,color,orientation,size,0.22000000000000003,15.5,10,female,0,2707.0406706000003,0,23
2954,-9999.0,-9999.0,-9999.0,-9999.0,-9999.0,-9999.0,-9999.0,-9999.0,-9999.0,color,orientation,size,0.22000000000000003,15.5,10,female,0,2707.0406706000003,0,23
2955,-9999.0,-9999.0,-9999.0,-9999.0,-9999.0,-9999.0,-9999.0,-9999.0,-9999.0,color,orientation,size,0.22000000000000003,15.5,10,female,0,2707.0406706000003,0,23
2956,-9999.0,-9999.0,-9999.0,-9999.0,-9999.0,-9999.0,-9999.0,-9999.0,-9999.0,color,orientation,size,0.22000000000000003,15.5,10,female,0,2707.0406706000003,0,23
2957,-9999.0,-9999.0,-9999.0,-9999.0,-9999.0,-9999.0,-9999.0,-9999.0,-9999.0,color,orientation,size,0.22000000000000003,15.5,10,female,0,2707.0406706000003,0,23
2958,-9999.0,-9999.0,-9999.0,-9999.0,-9999.0,-9999.0,-9999.0,-9999.0,-9999.0,color,orientation,size,0.22000000000000003,15.5,10,female,0,2707.0406706000003,0,23
2959,-9999.0,-9999.0,-9999.0,-9999.0,-9999.0,-9999.0,-9999.0,-9999.0,-9999.0,color,orientation,size,0.22000000000000003,15.5,10,female,0,2707.0406706000003,0,23
2960,-9999.0,-9999.0,-9999.0,-9999.0,-9999.0,-9999.0,-9999.0,-9999.0,-9999.0,color,orientation,size,0.22000000000000003,15.5,10,female,0,2707.0406706000003,0,23
2961,-9999.0,-9999.0,-9999.0,-9999.0,-9999.0,-9999.0,-9999.0,-9999.0,-9999.0,color,orientation,size,0.22000000000000003,15.5,10,female,0,2707.0406706000003,0,23
2962,-9999.0,-9999.0,-9999.0,-9999.0,-9999.0,-9999.0,-9999.0,-9999.0,-9999.0,color,orientation,size,0.22000000000000003,15.5,10,female,0,2707.0406706000003,0,23
2963,-9999.0,-9999.0,-9999.0,-9999.0,-9999.0,-9999.0,-9999.0,-9999.0,-9999.0,color,orientation,size,0.22000000000000003,15.5,10,female,0,2707.0406706000003,0,23
2964,-9999.0,-9999.0,-9999.0,-9999.0,-9999.0,-9999.0,-9999.0,-9999.0,-9999.0,color,orientation,size,0.22000000000000003,15.5,10,female,0,2707.0406706000003,0,23
2965,-9999.0,-9999.0,-9999.0,-9999.0,-9999.0,-9999.0,-9999.0,-9999.0,-9999.0,color,orientation,size,0.22000000000000003,15.5,10,female,0,2707.0406706000003,0,23
2966,-9999.0,-9999.0,-9999.0,-9999.0,-9999.0,-9999.0,-9999.0,-9999.0,-9999.0,color,orientation,size,0.22000000000000003,15.5,10,female,0,2707.0406706000003,0,23
2967,-9999.0,-9999.0,-9999.0,-9999.0,-9999.0,-9999.0,-9999.0,-9999.0,-9999.0,color,orientation,size,0.22000000000000003,15.5,10,female,0,2707.0406706000003,0,23
2968,-9999.0,-9999.0,-9999.0,-9999.0,-9999.0,-9999.0,-9999.0,-9999.0,-9999.0,color,orientation,size,0.22000000000000003,15.5,10,female,0,2707.0406706000003,0,23
2969,-9999.0,-9999.0,-9999.0,-9999.0,-9999.0,-9999.0,-9999.0,-9999.0,-9999.0,color,orientation,size,0.22000000000000003,15.5,10,female,0,2707.0406706000003,0,23
2970,-9999.0,-9999.0,-9999.0,-9999.0,-9999.0,-9999.0,-9999.0,-9999.0,-9999.0,color,orientation,size,0.22000000000000003,15.5,10,female,0,2707.0406706000003,0,23
2971,-9999.0,-9999.0,-9999.0,-9999.0,-9999.0,-9999.0,-9999.0,-9999.0,-9999.0,color,orientation,size,0.22000000000000003,15.5,10,female,0,2707.0406706000003,0,23
2972,-9999.0,-9999.0,-9999.0,-9999.0,-9999.0,-9999.0,-9999.0,-9999.0,-9999.0,color,orientation,size,0.22000000000000003,15.5,10,female,0,2707.0406706000003,0,23
2973,-9999.0,-9999.0,-9999.0,-9999.0,-9999.0,-9999.0,-9999.0,-9999.0,-9999.0,color,orientation,size,0.22000000000000003,15.5,10,female,0,2707.0406706000003,0,23
2974,-9999.0,-9999.0,-9999.0,-9999.0,-9999.0,-9999.0,-9999.0,-9999.0,-9999.0,color,orientation,size,0.22000000000000003,15.5,10,female,0,2707.0406706000003,0,23
2975,-9999.0,-9999.0,-9999.0,-9999.0,-9999.0,-9999.0,-9999.0,-9999.0,-9999.0,color,orientation,size,0.22000000000000003,15.5,10,female,0,2707.0406706000003,0,23
2976,-9999.0,-9999.0,-9999.0,-9999.0,-9999.0,-9999.0,-9999.0,-9999.0,-9999.0,color,orientation,size,0.22000000000000003,15.5,10,female,0,2707.0406706000003,0,23
2977,-9999.0,-9999.0,-9999.0,-9999.0,-9999.0,-9999.0,-9999.0,-9999.0,-9999.0,color,orientation,size,0.22000000000000003,15.5,10,female,0,2707.0406706000003,0,23
2978,-9999.0,-9999.0,-9999.0,-9999.0,-9999.0,-9999.0,-9999.0,-9999.0,-9999.0,color,orientation,size,0.22000000000000003,15.5,10,female,0,2707.0406706000003,0,23
2979,-9999.0,-9999.0,-9999.0,-9999.0,-9999.0,-9999.0,-9999.0,-9999.0,-9999.0,color,orientation,size,0.22000000000000003,15.5,10,female,0,2707.0406706000003,0,23
2980,-9999.0,-9999.0,-9999.0,-9999.0,-9999.0,-9999.0,-9999.0,-9999.0,-9999.0,color,orientation,size,0.22000000000000003,15.5,10,female,0,2707.0406706000003,0,23
2981,-9999.0,-9999.0,-9999.0,-9999.0,-9999.0,-9999.0,-9999.0,-9999.0,-9999.0,color,orientation,size,0.22000000000000003,15.5,10,female,0,2707.0406706000003,0,23
2982,-9999.0,-9999.0,-9999.0,-9999.0,-9999.0,-9999.0,-9999.0,-9999.0,-9999.0,color,orientation,size,0.22000000000000003,15.5,10,female,0,2707.0406706000003,0,23
2983,-9999.0,-9999.0,-9999.0,-9999.0,-9999.0,-9999.0,-9999.0,-9999.0,-9999.0,color,orientation,size,0.22000000000000003,15.5,10,female,0,2707.0406706000003,0,23
2984,-9999.0,-9999.0,-9999.0,-9999.0,-9999.0,-9999.0,-9999.0,-9999.0,-9999.0,color,orientation,size,0.22000000000000003,15.5,10,female,0,2707.0406706000003,0,23
2985,-9999.0,-9999.0,-9999.0,-9999.0,-9999.0,-9999.0,-9999.0,-9999.0,-9999.0,color,orientation,size,0.22000000000000003,15.5,10,female,0,2707.0406706000003,0,23
2986,-9999.0,-9999.0,-9999.0,-9999.0,-9999.0,-9999.0,-9999.0,-9999.0,-9999.0,color,orientation,size,0.22000000000000003,15.5,10,female,0,2707.0406706000003,0,23
2987,-9999.0,-9999.0,-9999.0,-9999.0,-9999.0,-9999.0,-9999.0,-9999.0,-9999.0,color,orientation,size,0.22000000000000003,15.5,10,female,0,2707.0406706000003,0,23
2988,-9999.0,-9999.0,-9999.0,-9999.0,-9999.0,-9999.0,-9999.0,-9999.0,-9999.0,color,orientation,size,0.22000000000000003,15.5,10,female,0,2707.0406706000003,0,23
2989,-9999.0,-9999.0,-9999.0,-9999.0,-9999.0,-9999.0,-9999.0,-9999.0,-9999.0,color,orientation,size,0.22000000000000003,15.5,10,female,0,2707.0406706000003,0,23
2990,-9999.0,-9999.0,-9999.0,-9999.0,-9999.0,-9999.0,-9999.0,-9999.0,-9999.0,color,orientation,size,0.22000000000000003,15.5,10,female,0,2707.0406706000003,0,23
2991,-9999.0,-9999.0,-9999.0,-9999.0,-9999.0,-9999.0,-9999.0,-9999.0,-9999.0,color,orientation,size,0.22000000000000003,15.5,10,female,0,2707.0406706000003,0,23
2992,-9999.0,-9999.0,-9999.0,-9999.0,-9999.0,-9999.0,-9999.0,-9999.0,-9999.0,color,orientation,size,0.22000000000000003,15.5,10,female,0,2707.0406706000003,0,23
2993,-9999.0,-9999.0,-9999.0,-9999.0,-9999.0,-9999.0,-9999.0,-9999.0,-9999.0,color,orientation,size,0.22000000000000003,15.5,10,female,0,2707.0406706000003,0,23
2994,-9999.0,-9999.0,-9999.0,-9999.0,-9999.0,-9999.0,-9999.0,-9999.0,-9999.0,color,orientation,size,0.22000000000000003,15.5,10,female,0,2707.0406706000003,0,23
2995,-9999.0,-9999.0,-9999.0,-9999.0,-9999.0,-9999.0,-9999.0,-9999.0,-9999.0,color,orientation,size,0.22000000000000003,15.5,10,female,0,2707.0406706000003,0,23
2996,-9999.0,-9999.0,-9999.0,-9999.0,-9999.0,-9999.0,-9999.0,-9999.0,-9999.0,color,orientation,size,0.22000000000000003,15.5,10,female,0,2707.0406706000003,0,23
2997,-9999.0,-9999.0,-9999.0,-9999.0,-9999.0,-9999.0,-9999.0,-9999.0,-9999.0,color,orientation,size,0.22000000000000003,15.5,10,female,0,2707.0406706000003,0,23
2998,-9999.0,-9999.0,-9999.0,-9999.0,-9999.0,-9999.0,-9999.0,-9999.0,-9999.0,color,orientation,size,0.22000000000000003,15.5,10,female,0,2707.0406706000003,0,23
2999,-9999.0,-9999.0,-9999.0,-9999.0,-9999.0,-9999.0,-9999.0,-9999.0,-9999.0,color,orientation,size,0.22000000000000003,15.5,10,female,0,2707.0406706000003,0,23
3000,-9999.0,-9999.0,-9999.0,-9999.0,-9999.0,-9999.0,-9999.0,-9999.0,-9999.0,color,orientation,size,0.22000000000000003,15.5,10,female,0,2707.0406706000003,0,23
3001,-9999.0,-9999.0,-9999.0,-9999.0,-9999.0,-9999.0,-9999.0,-9999.0,-9999.0,color,orientation,size,0.22000000000000003,15.5,10,female,0,2707.0406706000003,0,23
3002,-9999.0,-9999.0,-9999.0,-9999.0,-9999.0,-9999.0,-9999.0,-9999.0,-9999.0,color,orientation,size,0.22000000000000003,15.5,10,female,0,2707.0406706000003,0,23
3003,-9999.0,-9999.0,-9999.0,-9999.0,-9999.0,-9999.0,-9999.0,-9999.0,-9999.0,color,orientation,size,0.22000000000000003,15.5,10,female,0,2707.0406706000003,0,23
3004,-9999.0,-9999.0,-9999.0,-9999.0,-9999.0,-9999.0,-9999.0,-9999.0,-9999.0,color,orientation,size,0.22000000000000003,15.5,10,female,0,2707.0406706000003,0,23
3005,-9999.0,-9999.0,-9999.0,-9999.0,-9999.0,-9999.0,-9999.0,-9999.0,-9999.0,color,orientation,size,0.22000000000000003,15.5,10,female,0,2707.0406706000003,0,23
3006,-9999.0,-9999.0,-9999.0,-9999.0,-9999.0,-9999.0,-9999.0,-9999.0,-9999.0,color,orientation,size,0.22000000000000003,15.5,10,female,0,2707.0406706000003,0,23
3007,-9999.0,-9999.0,-9999.0,-9999.0,-9999.0,-9999.0,-9999.0,-9999.0,-9999.0,color,orientation,size,0.22000000000000003,15.5,10,female,0,2707.0406706000003,0,23
3008,-9999.0,-9999.0,-9999.0,-9999.0,-9999.0,-9999.0,-9999.0,-9999.0,-9999.0,color,orientation,size,0.22000000000000003,15.5,10,female,0,2707.0406706000003,0,23
3009,-9999.0,-9999.0,-9999.0,-9999.0,-9999.0,-9999.0,-9999.0,-9999.0,-9999.0,color,orientation,size,0.22000000000000003,15.5,10,female,0,2707.0406706000003,0,23
3010,-9999.0,-9999.0,-9999.0,-9999.0,-9999.0,-9999.0,-9999.0,-9999.0,-9999.0,color,orientation,size,0.22000000000000003,15.5,10,female,0,2707.0406706000003,0,23
3011,-9999.0,-9999.0,-9999.0,-9999.0,-9999.0,-9999.0,-9999.0,-9999.0,-9999.0,color,orientation,size,0.22000000000000003,15.5,10,female,0,2707.0406706000003,0,23
3012,-9999.0,-9999.0,-9999.0,-9999.0,-9999.0,-9999.0,-9999.0,-9999.0,-9999.0,color,orientation,size,0.22000000000000003,15.5,10,female,0,2707.0406706000003,0,23
3013,-9999.0,-9999.0,-9999.0,-9999.0,-9999.0,-9999.0,-9999.0,-9999.0,-9999.0,color,orientation,size,0.22000000000000003,15.5,10,female,0,2707.0406706000003,0,23
3014,-9999.0,-9999.0,-9999.0,-9999.0,-9999.0,-9999.0,-9999.0,-9999.0,-9999.0,color,orientation,size,0.22000000000000003,15.5,10,female,0,2707.0406706000003,0,23
3015,-9999.0,-9999.0,-9999.0,-9999.0,-9999.0,-9999.0,-9999.0,-9999.0,-9999.0,color,orientation,size,0.22000000000000003,15.5,10,female,0,2707.0406706000003,0,23
3016,-9999.0,-9999.0,-9999.0,-9999.0,-9999.0,-9999.0,-9999.0,-9999.0,-9999.0,color,orientation,size,0.22000000000000003,15.5,10,female,0,2707.0406706000003,0,23
3017,-9999.0,-9999.0,-9999.0,-9999.0,-9999.0,-9999.0,-9999.0,-9999.0,-9999.0,color,orientation,size,0.22000000000000003,15.5,10,female,0,2707.0406706000003,0,23
3018,-9999.0,-9999.0,-9999.0,-9999.0,-9999.0,-9999.0,-9999.0,-9999.0,-9999.0,color,orientation,size,0.22000000000000003,15.5,10,female,0,2707.0406706000003,0,23
3019,-9999.0,-9999.0,-9999.0,-9999.0,-9999.0,-9999.0,-9999.0,-9999.0,-9999.0,color,orientation,size,0.22000000000000003,15.5,10,female,0,2707.0406706000003,0,23
3020,-9999.0,-9999.0,-9999.0,-9999.0,-9999.0,-9999.0,-9999.0,-9999.0,-9999.0,color,orientation,size,0.22000000000000003,15.5,10,female,0,2707.0406706000003,0,23
3021,-9999.0,-9999.0,-9999.0,-9999.0,-9999.0,-9999.0,-9999.0,-9999.0,-9999.0,color,orientation,size,0.22000000000000003,15.5,10,female,0,2707.0406706000003,0,23
3022,-9999.0,-9999.0,-9999.0,-9999.0,-9999.0,-9999.0,-9999.0,-9999.0,-9999.0,color,orientation,size,0.22000000000000003,15.5,10,female,0,2707.0406706000003,0,23
3023,-9999.0,-9999.0,-9999.0,-9999.0,-9999.0,-9999.0,-9999.0,-9999.0,-9999.0,color,orientation,size,0.22000000000000003,15.5,10,female,0,2707.0406706000003,0,23
3024,-9999.0,-9999.0,-9999.0,-9999.0,-9999.0,-9999.0,-9999.0,-9999.0,-9999.0,color,orientation,size,0.22000000000000003,15.5,10,female,0,2707.0406706000003,0,23
3025,-9999.0,-9999.0,-9999.0,-9999.0,-9999.0,-9999.0,-9999.0,-9999.0,-9999.0,color,orientation,size,0.22000000000000003,15.5,10,female,0,2707.0406706000003,0,23
3026,-9999.0,-9999.0,-9999.0,-9999.0,-9999.0,-9999.0,-9999.0,-9999.0,-9999.0,color,orientation,size,0.22000000000000003,15.5,10,female,0,2707.0406706000003,0,23
3027,-9999.0,-9999.0,-9999.0,-9999.0,-9999.0,-9999.0,-9999.0,-9999.0,-9999.0,color,orientation,size,0.22000000000000003,15.5,10,female,0,2707.0406706000003,0,23
3028,-9999.0,-9999.0,-9999.0,-9999.0,-9999.0,-9999.0,-9999.0,-9999.0,-9999.0,color,orientation,size,0.22000000000000003,15.5,10,female,0,2707.0406706000003,0,23
3029,-9999.0,-9999.0,-9999.0,-9999.0,-9999.0,-9999.0,-9999.0,-9999.0,-9999.0,color,orientation,size,0.22000000000000003,15.5,10,female,0,2707.0406706000003,0,23
3030,-9999.0,-9999.0,-9999.0,-9999.0,-9999.0,-9999.0,-9999.0,-9999.0,-9999.0,color,orientation,size,0.22000000000000003,15.5,10,female,0,2707.0406706000003,0,23
3031,-9999.0,-9999.0,-9999.0,-9999.0,-9999.0,-9999.0,-9999.0,-9999.0,-9999.0,color,orientation,size,0.22000000000000003,15.5,10,female,0,2707.0406706000003,0,23
3032,-9999.0,-9999.0,-9999.0,-9999.0,-9999.0,-9999.0,-9999.0,-9999.0,-9999.0,color,orientation,size,0.22000000000000003,15.5,10,female,0,2707.0406706000003,0,23
3033,-9999.0,-9999.0,-9999.0,-9999.0,-9999.0,-9999.0,-9999.0,-9999.0,-9999.0,color,orientation,size,0.22000000000000003,15.5,10,female,0,2707.0406706000003,0,23
3034,-9999.0,-9999.0,-9999.0,-9999.0,-9999.0,-9999.0,-9999.0,-9999.0,-9999.0,color,orientation,size,0.22000000000000003,15.5,10,female,0,2707.0406706000003,0,23
3035,-9999.0,-9999.0,-9999.0,-9999.0,-9999.0,-9999.0,-9999.0,-9999.0,-9999.0,color,orientation,size,0.22000000000000003,15.5,10,female,0,2707.0406706000003,0,23
3036,-9999.0,-9999.0,-9999.0,-9999.0,-9999.0,-9999.0,-9999.0,-9999.0,-9999.0,color,orientation,size,0.22000000000000003,15.5,10,female,0,2707.0406706000003,0,23
3037,-9999.0,-9999.0,-9999.0,-9999.0,-9999.0,-9999.0,-9999.0,-9999.0,-9999.0,color,orientation,size,0.22000000000000003,15.5,10,female,0,2707.0406706000003,0,23
3038,-9999.0,-9999.0,-9999.0,-9999.0,-9999.0,-9999.0,-9999.0,-9999.0,-9999.0,color,orientation,size,0.22000000000000003,15.5,10,female,0,2707.0406706000003,0,23
3039,-9999.0,-9999.0,-9999.0,-9999.0,-9999.0,-9999.0,-9999.0,-9999.0,-9999.0,color,orientation,size,0.22000000000000003,15.5,10,female,0,2707.0406706000003,0,23
3040,-9999.0,-9999.0,-9999.0,-9999.0,-9999.0,-9999.0,-9999.0,-9999.0,-9999.0,color,orientation,size,0.22000000000000003,15.5,10,female,0,2707.0406706000003,0,23
3041,-9999.0,-9999.0,-9999.0,-9999.0,-9999.0,-9999.0,-9999.0,-9999.0,-9999.0,color,orientation,size,0.22000000000000003,15.5,10,female,0,2707.0406706000003,0,23
3042,-9999.0,-9999.0,-9999.0,-9999.0,-9999.0,-9999.0,-9999.0,-9999.0,-9999.0,color,orientation,size,0.22000000000000003,15.5,10,female,0,2707.0406706000003,0,23
3043,-9999.0,-9999.0,-9999.0,-9999.0,-9999.0,-9999.0,-9999.0,-9999.0,-9999.0,color,orientation,size,0.22000000000000003,15.5,10,female,0,2707.0406706000003,0,23
3044,-9999.0,-9999.0,-9999.0,-9999.0,-9999.0,-9999.0,-9999.0,-9999.0,-9999.0,color,orientation,size,0.22000000000000003,15.5,10,female,0,2707.0406706000003,0,23
3045,-9999.0,-9999.0,-9999.0,-9999.0,-9999.0,-9999.0,-9999.0,-9999.0,-9999.0,color,orientation,size,0.22000000000000003,15.5,10,female,0,2707.0406706000003,0,23
3046,-9999.0,-9999.0,-9999.0,-9999.0,-9999.0,-9999.0,-9999.0,-9999.0,-9999.0,color,orientation,size,0.22000000000000003,15.5,10,female,0,2707.0406706000003,0,23
3047,-9999.0,-9999.0,-9999.0,-9999.0,-9999.0,-9999.0,-9999.0,-9999.0,-9999.0,color,orientation,size,0.22000000000000003,15.5,10,female,0,2707.0406706000003,0,23
3048,-9999.0,-9999.0,-9999.0,-9999.0,-9999.0,-9999.0,-9999.0,-9999.0,-9999.0,color,orientation,size,0.22000000000000003,15.5,10,female,0,2707.0406706000003,0,23
3049,-9999.0,-9999.0,-9999.0,-9999.0,-9999.0,-9999.0,-9999.0,-9999.0,-9999.0,color,orientation,size,0.22000000000000003,15.5,10,female,0,2707.0406706000003,0,23
3050,-9999.0,-9999.0,-9999.0,-9999.0,-9999.0,-9999.0,-9999.0,-9999.0,-9999.0,color,orientation,size,0.22000000000000003,15.5,10,female,0,2707.0406706000003,0,23
3051,-9999.0,-9999.0,-9999.0,-9999.0,-9999.0,-9999.0,-9999.0,-9999.0,-9999.0,color,orientation,size,0.22000000000000003,15.5,10,female,0,2707.0406706000003,0,23
3052,-9999.0,-9999.0,-9999.0,-9999.0,-9999.0,-9999.0,-9999.0,-9999.0,-9999.0,color,orientation,size,0.22000000000000003,15.5,10,female,0,2707.0406706000003,0,23
3053,-9999.0,-9999.0,-9999.0,-9999.0,-9999.0,-9999.0,-9999.0,-9999.0,-9999.0,color,orientation,size,0.22000000000000003,15.5,10,female,0,2707.0406706000003,0,23
3054,-9999.0,-9999.0,-9999.0,-9999.0,-9999.0,-9999.0,-9999.0,-9999.0,-9999.0,color,orientation,size,0.22000000000000003,15.5,10,female,0,2707.0406706000003,0,23
3055,-9999.0,-9999.0,-9999.0,-9999.0,-9999.0,-9999.0,-9999.0,-9999.0,-9999.0,color,orientation,size,0.22000000000000003,15.5,10,female,0,2707.0406706000003,0,23
3056,-9999.0,-9999.0,-9999.0,-9999.0,-9999.0,-9999.0,-9999.0,-9999.0,-9999.0,color,orientation,size,0.22000000000000003,15.5,10,female,0,2707.0406706000003,0,23
3057,-9999.0,-9999.0,-9999.0,-9999.0,-9999.0,-9999.0,-9999.0,-9999.0,-9999.0,color,orientation,size,0.22000000000000003,15.5,10,female,0,2707.0406706000003,0,23
3058,-9999.0,-9999.0,-9999.0,-9999.0,-9999.0,-9999.0,-9999.0,-9999.0,-9999.0,color,orientation,size,0.22000000000000003,15.5,10,female,0,2707.0406706000003,0,23
3059,-9999.0,-9999.0,-9999.0,-9999.0,-9999.0,-9999.0,-9999.0,-9999.0,-9999.0,color,orientation,size,0.22000000000000003,15.5,10,female,0,2707.0406706000003,0,23
3060,-9999.0,-9999.0,-9999.0,-9999.0,-9999.0,-9999.0,-9999.0,-9999.0,-9999.0,color,orientation,size,0.22000000000000003,15.5,10,female,0,2707.0406706000003,0,23
3061,-9999.0,-9999.0,-9999.0,-9999.0,-9999.0,-9999.0,-9999.0,-9999.0,-9999.0,color,orientation,size,0.22000000000000003,15.5,10,female,0,2707.0406706000003,0,23
3062,-9999.0,-9999.0,-9999.0,-9999.0,-9999.0,-9999.0,-9999.0,-9999.0,-9999.0,color,orientation,size,0.22000000000000003,15.5,10,female,0,2707.0406706000003,0,23
3063,-9999.0,-9999.0,-9999.0,-9999.0,-9999.0,-9999.0,-9999.0,-9999.0,-9999.0,color,orientation,size,0.22000000000000003,15.5,10,female,0,2707.0406706000003,0,23
3064,-9999.0,-9999.0,-9999.0,-9999.0,-9999.0,-9999.0,-9999.0,-9999.0,-9999.0,color,orientation,size,0.22000000000000003,15.5,10,female,0,2707.0406706000003,0,23
3065,-9999.0,-9999.0,-9999.0,-9999.0,-9999.0,-9999.0,-9999.0,-9999.0,-9999.0,color,orientation,size,0.22000000000000003,15.5,10,female,0,2707.0406706000003,0,23
3066,-9999.0,-9999.0,-9999.0,-9999.0,-9999.0,-9999.0,-9999.0,-9999.0,-9999.0,color,orientation,size,0.22000000000000003,15.5,10,female,0,2707.0406706000003,0,23
3067,-9999.0,-9999.0,-9999.0,-9999.0,-9999.0,-9999.0,-9999.0,-9999.0,-9999.0,color,orientation,size,0.22000000000000003,15.5,10,female,0,2707.0406706000003,0,23
3068,-9999.0,-9999.0,-9999.0,-9999.0,-9999.0,-9999.0,-9999.0,-9999.0,-9999.0,color,orientation,size,0.22000000000000003,15.5,10,female,0,2707.0406706000003,0,23
3069,-9999.0,-9999.0,-9999.0,-9999.0,-9999.0,-9999.0,-9999.0,-9999.0,-9999.0,color,orientation,size,0.22000000000000003,15.5,10,female,0,2707.0406706000003,0,23
3070,-9999.0,-9999.0,-9999.0,-9999.0,-9999.0,-9999.0,-9999.0,-9999.0,-9999.0,color,orientation,size,0.22000000000000003,15.5,10,female,0,2707.0406706000003,0,23
3071,-9999.0,-9999.0,-9999.0,-9999.0,-9999.0,-9999.0,-9999.0,-9999.0,-9999.0,color,orientation,size,0.22000000000000003,15.5,10,female,0,2707.0406706000003,0,23
3072,-9999.0,-9999.0,-9999.0,-9999.0,-9999.0,-9999.0,-9999.0,-9999.0,-9999.0,color,orientation,size,0.22000000000000003,15.5,10,female,0,2707.0406706000003,0,23
3073,-9999.0,-9999.0,-9999.0,-9999.0,-9999.0,-9999.0,-9999.0,-9999.0,-9999.0,color,orientation,size,0.22000000000000003,15.5,10,female,0,2707.0406706000003,0,23
3074,-9999.0,-9999.0,-9999.0,-9999.0,-9999.0,-9999.0,-9999.0,-9999.0,-9999.0,color,orientation,size,0.22000000000000003,15.5,10,female,0,2707.0406706000003,0,23
3075,-9999.0,-9999.0,-9999.0,-9999.0,-9999.0,-9999.0,-9999.0,-9999.0,-9999.0,color,orientation,size,0.22000000000000003,15.5,10,female,0,2707.0406706000003,0,23
3076,-9999.0,-9999.0,-9999.0,-9999.0,-9999.0,-9999.0,-9999.0,-9999.0,-9999.0,color,orientation,size,0.22000000000000003,15.5,10,female,0,2707.0406706000003,0,23
3077,-9999.0,-9999.0,-9999.0,-9999.0,-9999.0,-9999.0,-9999.0,-9999.0,-9999.0,color,orientation,size,0.22000000000000003,15.5,10,female,0,2707.0406706000003,0,23
3078,-9999.0,-9999.0,-9999.0,-9999.0,-9999.0,-9999.0,-9999.0,-9999.0,-9999.0,color,orientation,size,0.22000000000000003,15.5,10,female,0,2707.0406706000003,0,23
3079,-9999.0,-9999.0,-9999.0,-9999.0,-9999.0,-9999.0,-9999.0,-9999.0,-9999.0,color,orientation,size,0.22000000000000003,15.5,10,female,0,2707.0406706000003,0,23
3080,-9999.0,-9999.0,-9999.0,-9999.0,-9999.0,-9999.0,-9999.0,-9999.0,-9999.0,color,orientation,size,0.22000000000000003,15.5,10,female,0,2707.0406706000003,0,23
3081,-9999.0,-9999.0,-9999.0,-9999.0,-9999.0,-9999.0,-9999.0,-9999.0,-9999.0,color,orientation,size,0.22000000000000003,15.5,10,female,0,2707.0406706000003,0,23
3082,-9999.0,-9999.0,-9999.0,-9999.0,-9999.0,-9999.0,-9999.0,-9999.0,-9999.0,color,orientation,size,0.22000000000000003,15.5,10,female,0,2707.0406706000003,0,23
3083,-9999.0,-9999.0,-9999.0,-9999.0,-9999.0,-9999.0,-9999.0,-9999.0,-9999.0,color,orientation,size,0.22000000000000003,15.5,10,female,0,2707.0406706000003,0,23
3084,-9999.0,-9999.0,-9999.0,-9999.0,-9999.0,-9999.0,-9999.0,-9999.0,-9999.0,color,orientation,size,0.22000000000000003,15.5,10,female,0,2707.0406706000003,0,23
3085,-9999.0,-9999.0,-9999.0,-9999.0,-9999.0,-9999.0,-9999.0,-9999.0,-9999.0,color,orientation,size,0.22000000000000003,15.5,10,female,0,2707.0406706000003,0,23
3086,-9999.0,-9999.0,-9999.0,-9999.0,-9999.0,-9999.0,-9999.0,-9999.0,-9999.0,color,orientation,size,0.22000000000000003,15.5,10,female,0,2707.0406706000003,0,23
3087,-9999.0,-9999.0,-9999.0,-9999.0,-9999.0,-9999.0,-9999.0,-9999.0,-9999.0,color,orientation,size,0.22000000000000003,15.5,10,female,0,2707.0406706000003,0,23
3088,-9999.0,-9999.0,-9999.0,-9999.0,-9999.0,-9999.0,-9999.0,-9999.0,-9999.0,color,orientation,size,0.22000000000000003,15.5,10,female,0,2707.0406706000003,0,23
3089,-9999.0,-9999.0,-9999.0,-9999.0,-9999.0,-9999.0,-9999.0,-9999.0,-9999.0,color,orientation,size,0.22000000000000003,15.5,10,female,0,2707.0406706000003,0,23
3090,-9999.0,-9999.0,-9999.0,-9999.0,-9999.0,-9999.0,-9999.0,-9999.0,-9999.0,color,orientation,size,0.22000000000000003,15.5,10,female,0,2707.0406706000003,0,23
3091,-9999.0,-9999.0,-9999.0,-9999.0,-9999.0,-9999.0,-9999.0,-9999.0,-9999.0,color,orientation,size,0.22000000000000003,15.5,10,female,0,2707.0406706000003,0,23
3092,-9999.0,-9999.0,-9999.0,-9999.0,-9999.0,-9999.0,-9999.0,-9999.0,-9999.0,color,orientation,size,0.22000000000000003,15.5,10,female,0,2707.0406706000003,0,23
3093,-9999.0,-9999.0,-9999.0,-9999.0,-9999.0,-9999.0,-9999.0,-9999.0,-9999.0,color,orientation,size,0.22000000000000003,15.5,10,female,0,2707.0406706000003,0,23
3094,-9999.0,-9999.0,-9999.0,-9999.0,-9999.0,-9999.0,-9999.0,-9999.0,-9999.0,color,orientation,size,0.22000000000000003,15.5,10,female,0,2707.0406706000003,0,23
3095,-9999.0,-9999.0,-9999.0,-9999.0,-9999.0,-9999.0,-9999.0,-9999.0,-9999.0,color,orientation,size,0.22000000000000003,15.5,10,female,0,2707.0406706000003,0,23
3096,-9999.0,-9999.0,-9999.0,-9999.0,-9999.0,-9999.0,-9999.0,-9999.0,-9999.0,color,orientation,size,0.22000000000000003,15.5,10,female,0,2707.0406706000003,0,23
3097,-9999.0,-9999.0,-9999.0,-9999.0,-9999.0,-9999.0,-9999.0,-9999.0,-9999.0,color,orientation,size,0.22000000000000003,15.5,10,female,0,2707.0406706000003,0,23
3098,-9999.0,-9999.0,-9999.0,-9999.0,-9999.0,-9999.0,-9999.0,-9999.0,-9999.0,color,orientation,size,0.22000000000000003,15.5,10,female,0,2707.0406706000003,0,23
3099,-9999.0,-9999.0,-9999.0,-9999.0,-9999.0,-9999.0,-9999.0,-9999.0,-9999.0,color,orientation,size,0.22000000000000003,15.5,10,female,0,2707.0406706000003,0,23
3100,-9999.0,-9999.0,-9999.0,-9999.0,-9999.0,-9999.0,-9999.0,-9999.0,-9999.0,color,orientation,size,0.22000000000000003,15.5,10,female,0,2707.0406706000003,0,23
3101,-9999.0,-9999.0,-9999.0,-9999.0,-9999.0,-9999.0,-9999.0,-9999.0,-9999.0,color,orientation,size,0.22000000000000003,15.5,10,female,0,2707.0406706000003,0,23
3102,-9999.0,-9999.0,-9999.0,-9999.0,-9999.0,-9999.0,-9999.0,-9999.0,-9999.0,color,orientation,size,0.22000000000000003,15.5,10,female,0,2707.0406706000003,0,23
3103,-9999.0,-9999.0,-9999.0,-9999.0,-9999.0,-9999.0,-9999.0,-9999.0,-9999.0,color,orientation,size,0.22000000000000003,15.5,10,female,0,2707.0406706000003,0,23
3104,-9999.0,-9999.0,-9999.0,-9999.0,-9999.0,-9999.0,-9999.0,-9999.0,-9999.0,color,orientation,size,0.22000000000000003,15.5,10,female,0,2707.0406706000003,0,23
3105,-9999.0,-9999.0,-9999.0,-9999.0,-9999.0,-9999.0,-9999.0,-9999.0,-9999.0,color,orientation,size,0.22000000000000003,15.5,10,female,0,2707.0406706000003,0,23
3106,-9999.0,-9999.0,-9999.0,-9999.0,-9999.0,-9999.0,-9999.0,-9999.0,-9999.0,color,orientation,size,0.22000000000000003,15.5,10,female,0,2707.0406706000003,0,23
3107,-9999.0,-9999.0,-9999.0,-9999.0,-9999.0,-9999.0,-9999.0,-9999.0,-9999.0,color,orientation,size,0.22000000000000003,15.5,10,female,0,2707.0406706000003,0,23
3108,-9999.0,-9999.0,-9999.0,-9999.0,-9999.0,-9999.0,-9999.0,-9999.0,-9999.0,color,orientation,size,0.22000000000000003,15.5,10,female,0,2707.0406706000003,0,23
3109,-9999.0,-9999.0,-9999.0,-9999.0,-9999.0,-9999.0,-9999.0,-9999.0,-9999.0,color,orientation,size,0.22000000000000003,15.5,10,female,0,2707.0406706000003,0,23
3110,-9999.0,-9999.0,-9999.0,-9999.0,-9999.0,-9999.0,-9999.0,-9999.0,-9999.0,color,orientation,size,0.22000000000000003,15.5,10,female,0,2707.0406706000003,0,23
3111,-9999.0,-9999.0,-9999.0,-9999.0,-9999.0,-9999.0,-9999.0,-9999.0,-9999.0,color,orientation,size,0.22000000000000003,15.5,10,female,0,2707.0406706000003,0,23
3112,-9999.0,-9999.0,-9999.0,-9999.0,-9999.0,-9999.0,-9999.0,-9999.0,-9999.0,color,orientation,size,0.22000000000000003,15.5,10,female,0,2707.0406706000003,0,23
3113,-9999.0,-9999.0,-9999.0,-9999.0,-9999.0,-9999.0,-9999.0,-9999.0,-9999.0,color,orientation,size,0.22000000000000003,15.5,10,female,0,2707.0406706000003,0,23
3114,-9999.0,-9999.0,-9999.0,-9999.0,-9999.0,-9999.0,-9999.0,-9999.0,-9999.0,color,orientation,size,0.22000000000000003,15.5,10,female,0,2707.0406706000003,0,23
3115,-9999.0,-9999.0,-9999.0,-9999.0,-9999.0,-9999.0,-9999.0,-9999.0,-9999.0,color,orientation,size,0.22000000000000003,15.5,10,female,0,2707.0406706000003,0,23
3116,-9999.0,-9999.0,-9999.0,-9999.0,-9999.0,-9999.0,-9999.0,-9999.0,-9999.0,color,orientation,size,0.22000000000000003,15.5,10,female,0,2707.0406706000003,0,23
3117,-9999.0,-9999.0,-9999.0,-9999.0,-9999.0,-9999.0,-9999.0,-9999.0,-9999.0,color,orientation,size,0.22000000000000003,15.5,10,female,0,2707.0406706000003,0,23
3118,-9999.0,-9999.0,-9999.0,-9999.0,-9999.0,-9999.0,-9999.0,-9999.0,-9999.0,color,orientation,size,0.22000000000000003,15.5,10,female,0,2707.0406706000003,0,23
3119,-9999.0,-9999.0,-9999.0,-9999.0,-9999.0,-9999.0,-9999.0,-9999.0,-9999.0,color,orientation,size,0.22000000000000003,15.5,10,female,0,2707.0406706000003,0,23
3120,-9999.0,-9999.0,-9999.0,-9999.0,-9999.0,-9999.0,-9999.0,-9999.0,-9999.0,color,orientation,size,0.22000000000000003,15.5,10,female,0,2707.0406706000003,0,23
3121,-9999.0,-9999.0,-9999.0,-9999.0,-9999.0,-9999.0,-9999.0,-9999.0,-9999.0,color,orientation,size,0.22000000000000003,15.5,10,female,0,2707.0406706000003,0,23
3122,-9999.0,-9999.0,-9999.0,-9999.0,-9999.0,-9999.0,-9999.0,-9999.0,-9999.0,color,orientation,size,0.22000000000000003,15.5,10,female,0,2707.0406706000003,0,23
3123,-9999.0,-9999.0,-9999.0,-9999.0,-9999.0,-9999.0,-9999.0,-9999.0,-9999.0,color,orientation,size,0.22000000000000003,15.5,10,female,0,2707.0406706000003,0,23
3124,-9999.0,-9999.0,-9999.0,-9999.0,-9999.0,-9999.0,-9999.0,-9999.0,-9999.0,color,orientation,size,0.22000000000000003,15.5,10,female,0,2707.0406706000003,0,23
3125,-9999.0,-9999.0,-9999.0,-9999.0,-9999.0,-9999.0,-9999.0,-9999.0,-9999.0,color,orientation,size,0.22000000000000003,15.5,10,female,0,2707.0406706000003,0,23
3126,-9999.0,-9999.0,-9999.0,-9999.0,-9999.0,-9999.0,-9999.0,-9999.0,-9999.0,color,orientation,size,0.22000000000000003,15.5,10,female,0,2707.0406706000003,0,23
3127,-9999.0,-9999.0,-9999.0,-9999.0,-9999.0,-9999.0,-9999.0,-9999.0,-9999.0,color,orientation,size,0.22000000000000003,15.5,10,female,0,2707.0406706000003,0,23
3128,-9999.0,-9999.0,-9999.0,-9999.0,-9999.0,-9999.0,-9999.0,-9999.0,-9999.0,color,orientation,size,0.22000000000000003,15.5,10,female,0,2707.0406706000003,0,23
3129,-9999.0,-9999.0,-9999.0,-9999.0,-9999.0,-9999.0,-9999.0,-9999.0,-9999.0,color,orientation,size,0.22000000000000003,15.5,10,female,0,2707.0406706000003,0,23
3130,-9999.0,-9999.0,-9999.0,-9999.0,-9999.0,-9999.0,-9999.0,-9999.0,-9999.0,color,orientation,size,0.22000000000000003,15.5,10,female,0,2707.0406706000003,0,23
3131,-9999.0,-9999.0,-9999.0,-9999.0,-9999.0,-9999.0,-9999.0,-9999.0,-9999.0,color,orientation,size,0.22000000000000003,15.5,10,female,0,2707.0406706000003,0,23
3132,-9999.0,-9999.0,-9999.0,-9999.0,-9999.0,-9999.0,-9999.0,-9999.0,-9999.0,color,orientation,size,0.22000000000000003,15.5,10,female,0,2707.0406706000003,0,23
3133,-9999.0,-9999.0,-9999.0,-9999.0,-9999.0,-9999.0,-9999.0,-9999.0,-9999.0,color,orientation,size,0.22000000000000003,15.5,10,female,0,2707.0406706000003,0,23
3134,-9999.0,-9999.0,-9999.0,-9999.0,-9999.0,-9999.0,-9999.0,-9999.0,-9999.0,color,orientation,size,0.22000000000000003,15.5,10,female,0,2707.0406706000003,0,23
3135,-9999.0,-9999.0,-9999.0,-9999.0,-9999.0,-9999.0,-9999.0,-9999.0,-9999.0,color,orientation,size,0.22000000000000003,15.5,10,female,0,2707.0406706000003,0,23
3136,-9999.0,-9999.0,-9999.0,-9999.0,-9999.0,-9999.0,-9999.0,-9999.0,-9999.0,color,orientation,size,0.22000000000000003,15.5,10,female,0,2707.0406706000003,0,23
3137,-9999.0,-9999.0,-9999.0,-9999.0,-9999.0,-9999.0,-9999.0,-9999.0,-9999.0,color,orientation,size,0.22000000000000003,15.5,10,female,0,2707.0406706000003,0,23
3138,-9999.0,-9999.0,-9999.0,-9999.0,-9999.0,-9999.0,-9999.0,-9999.0,-9999.0,color,orientation,size,0.22000000000000003,15.5,10,female,0,2707.0406706000003,0,23
3139,-9999.0,-9999.0,-9999.0,-9999.0,-9999.0,-9999.0,-9999.0,-9999.0,-9999.0,color,orientation,size,0.22000000000000003,15.5,10,female,0,2707.0406706000003,0,23
3140,-9999.0,-9999.0,-9999.0,-9999.0,-9999.0,-9999.0,-9999.0,-9999.0,-9999.0,color,orientation,size,0.22000000000000003,15.5,10,female,0,2707.0406706000003,0,23
3141,-9999.0,-9999.0,-9999.0,-9999.0,-9999.0,-9999.0,-9999.0,-9999.0,-9999.0,color,orientation,size,0.22000000000000003,15.5,10,female,0,2707.0406706000003,0,23
3142,-9999.0,-9999.0,-9999.0,-9999.0,-9999.0,-9999.0,-9999.0,-9999.0,-9999.0,color,orientation,size,0.22000000000000003,15.5,10,female,0,2707.0406706000003,0,23
3143,-9999.0,-9999.0,-9999.0,-9999.0,-9999.0,-9999.0,-9999.0,-9999.0,-9999.0,color,orientation,size,0.22000000000000003,15.5,10,female,0,2707.0406706000003,0,23
3144,-9999.0,-9999.0,-9999.0,-9999.0,-9999.0,-9999.0,-9999.0,-9999.0,-9999.0,color,orientation,size,0.22000000000000003,15.5,10,female,0,2707.0406706000003,0,23
3145,-9999.0,-9999.0,-9999.0,-9999.0,-9999.0,-9999.0,-9999.0,-9999.0,-9999.0,color,orientation,size,0.22000000000000003,15.5,10,female,0,2707.0406706000003,0,23
3146,-9999.0,-9999.0,-9999.0,-9999.0,-9999.0,-9999.0,-9999.0,-9999.0,-9999.0,color,orientation,size,0.22000000000000003,15.5,10,female,0,2707.0406706000003,0,23
3147,-9999.0,-9999.0,-9999.0,-9999.0,-9999.0,-9999.0,-9999.0,-9999.0,-9999.0,color,orientation,size,0.22000000000000003,15.5,10,female,0,2707.0406706000003,0,23
3148,-9999.0,-9999.0,-9999.0,-9999.0,-9999.0,-9999.0,-9999.0,-9999.0,-9999.0,color,orientation,size,0.22000000000000003,15.5,10,female,0,2707.0406706000003,0,23
3149,-9999.0,-9999.0,-9999.0,-9999.0,-9999.0,-9999.0,-9999.0,-9999.0,-9999.0,color,orientation,size,0.22000000000000003,15.5,10,female,0,2707.0406706000003,0,23
3150,-9999.0,-9999.0,-9999.0,-9999.0,-9999.0,-9999.0,-9999.0,-9999.0,-9999.0,color,orientation,size,0.22000000000000003,15.5,10,female,0,2707.0406706000003,0,23
3151,-9999.0,-9999.0,-9999.0,-9999.0,-9999.0,-9999.0,-9999.0,-9999.0,-9999.0,color,orientation,size,0.22000000000000003,15.5,10,female,0,2707.0406706000003,0,23
3152,-9999.0,-9999.0,-9999.0,-9999.0,-9999.0,-9999.0,-9999.0,-9999.0,-9999.0,color,orientation,size,0.22000000000000003,15.5,10,female,0,2707.0406706000003,0,23
3153,-9999.0,-9999.0,-9999.0,-9999.0,-9999.0,-9999.0,-9999.0,-9999.0,-9999.0,color,orientation,size,0.22000000000000003,15.5,10,female,0,2707.0406706000003,0,23
3154,-9999.0,-9999.0,-9999.0,-9999.0,-9999.0,-9999.0,-9999.0,-9999.0,-9999.0,color,orientation,size,0.22000000000000003,15.5,10,female,0,2707.0406706000003,0,23
3155,-9999.0,-9999.0,-9999.0,-9999.0,-9999.0,-9999.0,-9999.0,-9999.0,-9999.0,color,orientation,size,0.22000000000000003,15.5,10,female,0,2707.0406706000003,0,23
3156,-9999.0,-9999.0,-9999.0,-9999.0,-9999.0,-9999.0,-9999.0,-9999.0,-9999.0,color,orientation,size,0.22000000000000003,15.5,10,female,0,2707.0406706000003,0,23
3157,-9999.0,-9999.0,-9999.0,-9999.0,-9999.0,-9999.0,-9999.0,-9999.0,-9999.0,color,orientation,size,0.22000000000000003,15.5,10,female,0,2707.0406706000003,0,23
3158,-9999.0,-9999.0,-9999.0,-9999.0,-9999.0,-9999.0,-9999.0,-9999.0,-9999.0,color,orientation,size,0.22000000000000003,15.5,10,female,0,2707.0406706000003,0,23
3159,-9999.0,-9999.0,-9999.0,-9999.0,-9999.0,-9999.0,-9999.0,-9999.0,-9999.0,color,orientation,size,0.22000000000000003,15.5,10,female,0,2707.0406706000003,0,23
3160,-9999.0,-9999.0,-9999.0,-9999.0,-9999.0,-9999.0,-9999.0,-9999.0,-9999.0,color,orientation,size,0.22000000000000003,15.5,10,female,0,2707.0406706000003,0,23
3161,-9999.0,-9999.0,-9999.0,-9999.0,-9999.0,-9999.0,-9999.0,-9999.0,-9999.0,color,orientation,size,0.22000000000000003,15.5,10,female,0,2707.0406706000003,0,23
3162,-9999.0,-9999.0,-9999.0,-9999.0,-9999.0,-9999.0,-9999.0,-9999.0,-9999.0,color,orientation,size,0.22000000000000003,15.5,10,female,0,2707.0406706000003,0,23
3163,-9999.0,-9999.0,-9999.0,-9999.0,-9999.0,-9999.0,-9999.0,-9999.0,-9999.0,color,orientation,size,0.22000000000000003,15.5,10,female,0,2707.0406706000003,0,23
3164,-9999.0,-9999.0,-9999.0,-9999.0,-9999.0,-9999.0,-9999.0,-9999.0,-9999.0,color,orientation,size,0.22000000000000003,15.5,10,female,0,2707.0406706000003,0,23
3165,-9999.0,-9999.0,-9999.0,-9999.0,-9999.0,-9999.0,-9999.0,-9999.0,-9999.0,color,orientation,size,0.22000000000000003,15.5,10,female,0,2707.0406706000003,0,23
3166,-9999.0,-9999.0,-9999.0,-9999.0,-9999.0,-9999.0,-9999.0,-9999.0,-9999.0,color,orientation,size,0.22000000000000003,15.5,10,female,0,2707.0406706000003,0,23
3167,-9999.0,-9999.0,-9999.0,-9999.0,-9999.0,-9999.0,-9999.0,-9999.0,-9999.0,color,orientation,size,0.22000000000000003,15.5,10,female,0,2707.0406706000003,0,23
3168,-9999.0,-9999.0,-9999.0,-9999.0,-9999.0,-9999.0,-9999.0,-9999.0,-9999.0,color,orientation,size,0.22000000000000003,15.5,10,female,0,2707.0406706000003,0,23
3169,-9999.0,-9999.0,-9999.0,-9999.0,-9999.0,-9999.0,-9999.0,-9999.0,-9999.0,color,orientation,size,0.22000000000000003,15.5,10,female,0,2707.0406706000003,0,23
3170,-9999.0,-9999.0,-9999.0,-9999.0,-9999.0,-9999.0,-9999.0,-9999.0,-9999.0,color,orientation,size,0.22000000000000003,15.5,10,female,0,2707.0406706000003,0,23
3171,-9999.0,-9999.0,-9999.0,-9999.0,-9999.0,-9999.0,-9999.0,-9999.0,-9999.0,color,orientation,size,0.22000000000000003,15.5,10,female,0,2707.0406706000003,0,23
3172,-9999.0,-9999.0,-9999.0,-9999.0,-9999.0,-9999.0,-9999.0,-9999.0,-9999.0,color,orientation,size,0.22000000000000003,15.5,10,female,0,2707.0406706000003,0,23
3173,-9999.0,-9999.0,-9999.0,-9999.0,-9999.0,-9999.0,-9999.0,-9999.0,-9999.0,color,orientation,size,0.22000000000000003,15.5,10,female,0,2707.0406706000003,0,23
3174,-9999.0,-9999.0,-9999.0,-9999.0,-9999.0,-9999.0,-9999.0,-9999.0,-9999.0,color,orientation,size,0.22000000000000003,15.5,10,female,0,2707.0406706000003,0,23
3175,-9999.0,-9999.0,-9999.0,-9999.0,-9999.0,-9999.0,-9999.0,-9999.0,-9999.0,color,orientation,size,0.22000000000000003,15.5,10,female,0,2707.0406706000003,0,23
3176,-9999.0,-9999.0,-9999.0,-9999.0,-9999.0,-9999.0,-9999.0,-9999.0,-9999.0,color,orientation,size,0.22000000000000003,15.5,10,female,0,2707.0406706000003,0,23
3177,-9999.0,-9999.0,-9999.0,-9999.0,-9999.0,-9999.0,-9999.0,-9999.0,-9999.0,color,orientation,size,0.22000000000000003,15.5,10,female,0,2707.0406706000003,0,23
3178,-9999.0,-9999.0,-9999.0,-9999.0,-9999.0,-9999.0,-9999.0,-9999.0,-9999.0,color,orientation,size,0.22000000000000003,15.5,10,female,0,2707.0406706000003,0,23
3179,-9999.0,-9999.0,-9999.0,-9999.0,-9999.0,-9999.0,-9999.0,-9999.0,-9999.0,color,orientation,size,0.22000000000000003,15.5,10,female,0,2707.0406706000003,0,23
3180,-9999.0,-9999.0,-9999.0,-9999.0,-9999.0,-9999.0,-9999.0,-9999.0,-9999.0,color,orientation,size,0.22000000000000003,15.5,10,female,0,2707.0406706000003,0,23
3181,-9999.0,-9999.0,-9999.0,-9999.0,-9999.0,-9999.0,-9999.0,-9999.0,-9999.0,color,orientation,size,0.22000000000000003,15.5,10,female,0,2707.0406706000003,0,23
3182,-9999.0,-9999.0,-9999.0,-9999.0,-9999.0,-9999.0,-9999.0,-9999.0,-9999.0,color,orientation,size,0.22000000000000003,15.5,10,female,0,2707.0406706000003,0,23
3183,-9999.0,-9999.0,-9999.0,-9999.0,-9999.0,-9999.0,-9999.0,-9999.0,-9999.0,color,orientation,size,0.22000000000000003,15.5,10,female,0,2707.0406706000003,0,23
3184,-9999.0,-9999.0,-9999.0,-9999.0,-9999.0,-9999.0,-9999.0,-9999.0,-9999.0,color,orientation,size,0.22000000000000003,15.5,10,female,0,2707.0406706000003,0,23
3185,-9999.0,-9999.0,-9999.0,-9999.0,-9999.0,-9999.0,-9999.0,-9999.0,-9999.0,color,orientation,size,0.22000000000000003,15.5,10,female,0,2707.0406706000003,0,23
3186,-9999.0,-9999.0,-9999.0,-9999.0,-9999.0,-9999.0,-9999.0,-9999.0,-9999.0,color,orientation,size,0.22000000000000003,15.5,10,female,0,2707.0406706000003,0,23
3187,-9999.0,-9999.0,-9999.0,-9999.0,-9999.0,-9999.0,-9999.0,-9999.0,-9999.0,color,orientation,size,0.22000000000000003,15.5,10,female,0,2707.0406706000003,0,23
3188,-9999.0,-9999.0,-9999.0,-9999.0,-9999.0,-9999.0,-9999.0,-9999.0,-9999.0,color,orientation,size,0.22000000000000003,15.5,10,female,0,2707.0406706000003,0,23
3189,-9999.0,-9999.0,-9999.0,-9999.0,-9999.0,-9999.0,-9999.0,-9999.0,-9999.0,color,orientation,size,0.22000000000000003,15.5,10,female,0,2707.0406706000003,0,23
3190,-9999.0,-9999.0,-9999.0,-9999.0,-9999.0,-9999.0,-9999.0,-9999.0,-9999.0,color,orientation,size,0.22000000000000003,15.5,10,female,0,2707.0406706000003,0,23
3191,-9999.0,-9999.0,-9999.0,-9999.0,-9999.0,-9999.0,-9999.0,-9999.0,-9999.0,color,orientation,size,0.22000000000000003,15.5,10,female,0,2707.0406706000003,0,23
3192,-9999.0,-9999.0,-9999.0,-9999.0,-9999.0,-9999.0,-9999.0,-9999.0,-9999.0,color,orientation,size,0.22000000000000003,15.5,10,female,0,2707.0406706000003,0,23
3193,-9999.0,-9999.0,-9999.0,-9999.0,-9999.0,-9999.0,-9999.0,-9999.0,-9999.0,color,orientation,size,0.22000000000000003,15.5,10,female,0,2707.0406706000003,0,23
3194,-9999.0,-9999.0,-9999.0,-9999.0,-9999.0,-9999.0,-9999.0,-9999.0,-9999.0,color,orientation,size,0.22000000000000003,15.5,10,female,0,2707.0406706000003,0,23
3195,-9999.0,-9999.0,-9999.0,-9999.0,-9999.0,-9999.0,-9999.0,-9999.0,-9999.0,color,orientation,size,0.22000000000000003,15.5,10,female,0,2707.0406706000003,0,23
3196,-9999.0,-9999.0,-9999.0,-9999.0,-9999.0,-9999.0,-9999.0,-9999.0,-9999.0,color,orientation,size,0.22000000000000003,15.5,10,female,0,2707.0406706000003,0,23
3197,-9999.0,-9999.0,-9999.0,-9999.0,-9999.0,-9999.0,-9999.0,-9999.0,-9999.0,color,orientation,size,0.22000000000000003,15.5,10,female,0,2707.0406706000003,0,23
3198,-9999.0,-9999.0,-9999.0,-9999.0,-9999.0,-9999.0,-9999.0,-9999.0,-9999.0,color,orientation,size,0.22000000000000003,15.5,10,female,0,2707.0406706000003,0,23
3199,-9999.0,-9999.0,-9999.0,-9999.0,-9999.0,-9999.0,-9999.0,-9999.0,-9999.0,color,orientation,size,0.22000000000000003,15.5,10,female,0,2707.0406706000003,0,23
3200,-9999.0,-9999.0,-9999.0,-9999.0,-9999.0,-9999.0,-9999.0,-9999.0,-9999.0,color,orientation,size,0.22000000000000003,15.5,10,female,0,2707.0406706000003,0,23
3201,-9999.0,-9999.0,-9999.0,-9999.0,-9999.0,-9999.0,-9999.0,-9999.0,-9999.0,color,orientation,size,0.22000000000000003,15.5,10,female,0,2707.0406706000003,0,23
3202,-9999.0,-9999.0,-9999.0,-9999.0,-9999.0,-9999.0,-9999.0,-9999.0,-9999.0,color,orientation,size,0.22000000000000003,15.5,10,female,0,2707.0406706000003,0,23
3203,-9999.0,-9999.0,-9999.0,-9999.0,-9999.0,-9999.0,-9999.0,-9999.0,-9999.0,color,orientation,size,0.22000000000000003,15.5,10,female,0,2707.0406706000003,0,23
3204,-9999.0,-9999.0,-9999.0,-9999.0,-9999.0,-9999.0,-9999.0,-9999.0,-9999.0,color,orientation,size,0.22000000000000003,15.5,10,female,0,2707.0406706000003,0,23
3205,-9999.0,-9999.0,-9999.0,-9999.0,-9999.0,-9999.0,-9999.0,-9999.0,-9999.0,color,orientation,size,0.22000000000000003,15.5,10,female,0,2707.0406706000003,0,23
3206,-9999.0,-9999.0,-9999.0,-9999.0,-9999.0,-9999.0,-9999.0,-9999.0,-9999.0,color,orientation,size,0.22000000000000003,15.5,10,female,0,2707.0406706000003,0,23
3207,-9999.0,-9999.0,-9999.0,-9999.0,-9999.0,-9999.0,-9999.0,-9999.0,-9999.0,color,orientation,size,0.22000000000000003,15.5,10,female,0,2707.0406706000003,0,23
3208,-9999.0,-9999.0,-9999.0,-9999.0,-9999.0,-9999.0,-9999.0,-9999.0,-9999.0,color,orientation,size,0.22000000000000003,15.5,10,female,0,2707.0406706000003,0,23
3209,-9999.0,-9999.0,-9999.0,-9999.0,-9999.0,-9999.0,-9999.0,-9999.0,-9999.0,color,orientation,size,0.22000000000000003,15.5,10,female,0,2707.0406706000003,0,23
3210,-9999.0,-9999.0,-9999.0,-9999.0,-9999.0,-9999.0,-9999.0,-9999.0,-9999.0,color,orientation,size,0.22000000000000003,15.5,10,female,0,2707.0406706000003,0,23
3211,-9999.0,-9999.0,-9999.0,-9999.0,-9999.0,-9999.0,-9999.0,-9999.0,-9999.0,color,orientation,size,0.22000000000000003,15.5,10,female,0,2707.0406706000003,0,23
3212,-9999.0,-9999.0,-9999.0,-9999.0,-9999.0,-9999.0,-9999.0,-9999.0,-9999.0,color,orientation,size,0.22000000000000003,15.5,10,female,0,2707.0406706000003,0,23
3213,-9999.0,-9999.0,-9999.0,-9999.0,-9999.0,-9999.0,-9999.0,-9999.0,-9999.0,color,orientation,size,0.22000000000000003,15.5,10,female,0,2707.0406706000003,0,23
3214,-9999.0,-9999.0,-9999.0,-9999.0,-9999.0,-9999.0,-9999.0,-9999.0,-9999.0,color,orientation,size,0.22000000000000003,15.5,10,female,0,2707.0406706000003,0,23
3215,-9999.0,-9999.0,-9999.0,-9999.0,-9999.0,-9999.0,-9999.0,-9999.0,-9999.0,color,orientation,size,0.22000000000000003,15.5,10,female,0,2707.0406706000003,0,23
3216,-9999.0,-9999.0,-9999.0,-9999.0,-9999.0,-9999.0,-9999.0,-9999.0,-9999.0,color,orientation,size,0.22000000000000003,15.5,10,female,0,2707.0406706000003,0,23
3217,-9999.0,-9999.0,-9999.0,-9999.0,-9999.0,-9999.0,-9999.0,-9999.0,-9999.0,color,orientation,size,0.22000000000000003,15.5,10,female,0,2707.0406706000003,0,23
3218,-9999.0,-9999.0,-9999.0,-9999.0,-9999.0,-9999.0,-9999.0,-9999.0,-9999.0,color,orientation,size,0.22000000000000003,15.5,10,female,0,2707.0406706000003,0,23
3219,-9999.0,-9999.0,-9999.0,-9999.0,-9999.0,-9999.0,-9999.0,-9999.0,-9999.0,color,orientation,size,0.22000000000000003,15.5,10,female,0,2707.0406706000003,0,23
3220,-9999.0,-9999.0,-9999.0,-9999.0,-9999.0,-9999.0,-9999.0,-9999.0,-9999.0,color,orientation,size,0.22000000000000003,15.5,10,female,0,2707.0406706000003,0,23
3221,-9999.0,-9999.0,-9999.0,-9999.0,-9999.0,-9999.0,-9999.0,-9999.0,-9999.0,color,orientation,size,0.22000000000000003,15.5,10,female,0,2707.0406706000003,0,23
3222,-9999.0,-9999.0,-9999.0,-9999.0,-9999.0,-9999.0,-9999.0,-9999.0,-9999.0,color,orientation,size,0.22000000000000003,15.5,10,female,0,2707.0406706000003,0,23
3223,-9999.0,-9999.0,-9999.0,-9999.0,-9999.0,-9999.0,-9999.0,-9999.0,-9999.0,color,orientation,size,0.22000000000000003,15.5,10,female,0,2707.0406706000003,0,23
3224,-9999.0,-9999.0,-9999.0,-9999.0,-9999.0,-9999.0,-9999.0,-9999.0,-9999.0,color,orientation,size,0.22000000000000003,15.5,10,female,0,2707.0406706000003,0,23
3225,-9999.0,-9999.0,-9999.0,-9999.0,-9999.0,-9999.0,-9999.0,-9999.0,-9999.0,color,orientation,size,0.22000000000000003,15.5,10,female,0,2707.0406706000003,0,23
3226,-9999.0,-9999.0,-9999.0,-9999.0,-9999.0,-9999.0,-9999.0,-9999.0,-9999.0,color,orientation,size,0.22000000000000003,15.5,10,female,0,2707.0406706000003,0,23
3227,-9999.0,-9999.0,-9999.0,-9999.0,-9999.0,-9999.0,-9999.0,-9999.0,-9999.0,color,orientation,size,0.22000000000000003,15.5,10,female,0,2707.0406706000003,0,23
3228,-9999.0,-9999.0,-9999.0,-9999.0,-9999.0,-9999.0,-9999.0,-9999.0,-9999.0,color,orientation,size,0.22000000000000003,15.5,10,female,0,2707.0406706000003,0,23
3229,-9999.0,-9999.0,-9999.0,-9999.0,-9999.0,-9999.0,-9999.0,-9999.0,-9999.0,color,orientation,size,0.22000000000000003,15.5,10,female,0,2707.0406706000003,0,23
3230,-9999.0,-9999.0,-9999.0,-9999.0,-9999.0,-9999.0,-9999.0,-9999.0,-9999.0,color,orientation,size,0.22000000000000003,15.5,10,female,0,2707.0406706000003,0,23
3231,-9999.0,-9999.0,-9999.0,-9999.0,-9999.0,-9999.0,-9999.0,-9999.0,-9999.0,color,orientation,size,0.22000000000000003,15.5,10,female,0,2707.0406706000003,0,23
3232,-9999.0,-9999.0,-9999.0,-9999.0,-9999.0,-9999.0,-9999.0,-9999.0,-9999.0,color,orientation,size,0.22000000000000003,15.5,10,female,0,2707.0406706000003,0,23
3233,-9999.0,-9999.0,-9999.0,-9999.0,-9999.0,-9999.0,-9999.0,-9999.0,-9999.0,color,orientation,size,0.22000000000000003,15.5,10,female,0,2707.0406706000003,0,23
3234,-9999.0,-9999.0,-9999.0,-9999.0,-9999.0,-9999.0,-9999.0,-9999.0,-9999.0,color,orientation,size,0.22000000000000003,15.5,10,female,0,2707.0406706000003,0,23
3235,-9999.0,-9999.0,-9999.0,-9999.0,-9999.0,-9999.0,-9999.0,-9999.0,-9999.0,color,orientation,size,0.22000000000000003,15.5,10,female,0,2707.0406706000003,0,23
3236,-9999.0,-9999.0,-9999.0,-9999.0,-9999.0,-9999.0,-9999.0,-9999.0,-9999.0,color,orientation,size,0.22000000000000003,15.5,10,female,0,2707.0406706000003,0,23
3237,-9999.0,-9999.0,-9999.0,-9999.0,-9999.0,-9999.0,-9999.0,-9999.0,-9999.0,color,orientation,size,0.22000000000000003,15.5,10,female,0,2707.0406706000003,0,23
3238,-9999.0,-9999.0,-9999.0,-9999.0,-9999.0,-9999.0,-9999.0,-9999.0,-9999.0,color,orientation,size,0.22000000000000003,15.5,10,female,0,2707.0406706000003,0,23
3239,-9999.0,-9999.0,-9999.0,-9999.0,-9999.0,-9999.0,-9999.0,-9999.0,-9999.0,color,orientation,size,0.22000000000000003,15.5,10,female,0,2707.0406706000003,0,23
3240,-9999.0,-9999.0,-9999.0,-9999.0,-9999.0,-9999.0,-9999.0,-9999.0,-9999.0,color,orientation,size,0.22000000000000003,15.5,10,female,0,2707.0406706000003,0,23
3241,-9999.0,-9999.0,-9999.0,-9999.0,-9999.0,-9999.0,-9999.0,-9999.0,-9999.0,color,orientation,size,0.22000000000000003,15.5,10,female,0,2707.0406706000003,0,23
3242,-9999.0,-9999.0,-9999.0,-9999.0,-9999.0,-9999.0,-9999.0,-9999.0,-9999.0,color,orientation,size,0.22000000000000003,15.5,10,female,0,2707.0406706000003,0,23
3243,-9999.0,-9999.0,-9999.0,-9999.0,-9999.0,-9999.0,-9999.0,-9999.0,-9999.0,color,orientation,size,0.22000000000000003,15.5,10,female,0,2707.0406706000003,0,23
3244,-9999.0,-9999.0,-9999.0,-9999.0,-9999.0,-9999.0,-9999.0,-9999.0,-9999.0,color,orientation,size,0.22000000000000003,15.5,10,female,0,2707.0406706000003,0,23
3245,-9999.0,-9999.0,-9999.0,-9999.0,-9999.0,-9999.0,-9999.0,-9999.0,-9999.0,color,orientation,size,0.22000000000000003,15.5,10,female,0,2707.0406706000003,0,23
3246,-9999.0,-9999.0,-9999.0,-9999.0,-9999.0,-9999.0,-9999.0,-9999.0,-9999.0,color,orientation,size,0.22000000000000003,15.5,10,female,0,2707.0406706000003,0,23
3247,-9999.0,-9999.0,-9999.0,-9999.0,-9999.0,-9999.0,-9999.0,-9999.0,-9999.0,color,orientation,size,0.22000000000000003,15.5,10,female,0,2707.0406706000003,0,23
3248,-9999.0,-9999.0,-9999.0,-9999.0,-9999.0,-9999.0,-9999.0,-9999.0,-9999.0,color,orientation,size,0.22000000000000003,15.5,10,female,0,2707.0406706000003,0,23
3249,-9999.0,-9999.0,-9999.0,-9999.0,-9999.0,-9999.0,-9999.0,-9999.0,-9999.0,color,orientation,size,0.22000000000000003,15.5,10,female,0,2707.0406706000003,0,23
3250,-9999.0,-9999.0,-9999.0,-9999.0,-9999.0,-9999.0,-9999.0,-9999.0,-9999.0,color,orientation,size,0.22000000000000003,15.5,10,female,0,2707.0406706000003,0,23
3251,-9999.0,-9999.0,-9999.0,-9999.0,-9999.0,-9999.0,-9999.0,-9999.0,-9999.0,color,orientation,size,0.22000000000000003,15.5,10,female,0,2707.0406706000003,0,23
3252,-9999.0,-9999.0,-9999.0,-9999.0,-9999.0,-9999.0,-9999.0,-9999.0,-9999.0,color,orientation,size,0.22000000000000003,15.5,10,female,0,2707.0406706000003,0,23
3253,-9999.0,-9999.0,-9999.0,-9999.0,-9999.0,-9999.0,-9999.0,-9999.0,-9999.0,color,orientation,size,0.22000000000000003,15.5,10,female,0,2707.0406706000003,0,23
3254,-9999.0,-9999.0,-9999.0,-9999.0,-9999.0,-9999.0,-9999.0,-9999.0,-9999.0,color,orientation,size,0.22000000000000003,15.5,10,female,0,2707.0406706000003,0,23
3255,-9999.0,-9999.0,-9999.0,-9999.0,-9999.0,-9999.0,-9999.0,-9999.0,-9999.0,color,orientation,size,0.22000000000000003,15.5,10,female,0,2707.0406706000003,0,23
3256,-9999.0,-9999.0,-9999.0,-9999.0,-9999.0,-9999.0,-9999.0,-9999.0,-9999.0,color,orientation,size,0.22000000000000003,15.5,10,female,0,2707.0406706000003,0,23
3257,-9999.0,-9999.0,-9999.0,-9999.0,-9999.0,-9999.0,-9999.0,-9999.0,-9999.0,color,orientation,size,0.22000000000000003,15.5,10,female,0,2707.0406706000003,0,23
3258,-9999.0,-9999.0,-9999.0,-9999.0,-9999.0,-9999.0,-9999.0,-9999.0,-9999.0,color,orientation,size,0.22000000000000003,15.5,10,female,0,2707.0406706000003,0,23
3259,-9999.0,-9999.0,-9999.0,-9999.0,-9999.0,-9999.0,-9999.0,-9999.0,-9999.0,color,orientation,size,0.22000000000000003,15.5,10,female,0,2707.0406706000003,0,23
3260,-9999.0,-9999.0,-9999.0,-9999.0,-9999.0,-9999.0,-9999.0,-9999.0,-9999.0,color,orientation,size,0.22000000000000003,15.5,10,female,0,2707.0406706000003,0,23
3261,-9999.0,-9999.0,-9999.0,-9999.0,-9999.0,-9999.0,-9999.0,-9999.0,-9999.0,color,orientation,size,0.22000000000000003,15.5,10,female,0,2707.0406706000003,0,23
3262,-9999.0,-9999.0,-9999.0,-9999.0,-9999.0,-9999.0,-9999.0,-9999.0,-9999.0,color,orientation,size,0.22000000000000003,15.5,10,female,0,2707.0406706000003,0,23
3263,-9999.0,-9999.0,-9999.0,-9999.0,-9999.0,-9999.0,-9999.0,-9999.0,-9999.0,color,orientation,size,0.22000000000000003,15.5,10,female,0,2707.0406706000003,0,23
3264,-9999.0,-9999.0,-9999.0,-9999.0,-9999.0,-9999.0,-9999.0,-9999.0,-9999.0,color,orientation,size,0.22000000000000003,15.5,10,female,0,2707.0406706000003,0,23
3265,-9999.0,-9999.0,-9999.0,-9999.0,-9999.0,-9999.0,-9999.0,-9999.0,-9999.0,color,orientation,size,0.22000000000000003,15.5,10,female,0,2707.0406706000003,0,23
3266,-9999.0,-9999.0,-9999.0,-9999.0,-9999.0,-9999.0,-9999.0,-9999.0,-9999.0,color,orientation,size,0.22000000000000003,15.5,10,female,0,2707.0406706000003,0,23
3267,-9999.0,-9999.0,-9999.0,-9999.0,-9999.0,-9999.0,-9999.0,-9999.0,-9999.0,color,orientation,size,0.22000000000000003,15.5,10,female,0,2707.0406706000003,0,23
3268,-9999.0,-9999.0,-9999.0,-9999.0,-9999.0,-9999.0,-9999.0,-9999.0,-9999.0,color,orientation,size,0.22000000000000003,15.5,10,female,0,2707.0406706000003,0,23
3269,-9999.0,-9999.0,-9999.0,-9999.0,-9999.0,-9999.0,-9999.0,-9999.0,-9999.0,color,orientation,size,0.22000000000000003,15.5,10,female,0,2707.0406706000003,0,23
3270,-9999.0,-9999.0,-9999.0,-9999.0,-9999.0,-9999.0,-9999.0,-9999.0,-9999.0,color,orientation,size,0.22000000000000003,15.5,10,female,0,2707.0406706000003,0,23
3271,-9999.0,-9999.0,-9999.0,-9999.0,-9999.0,-9999.0,-9999.0,-9999.0,-9999.0,color,orientation,size,0.22000000000000003,15.5,10,female,0,2707.0406706000003,0,23
3272,-9999.0,-9999.0,-9999.0,-9999.0,-9999.0,-9999.0,-9999.0,-9999.0,-9999.0,color,orientation,size,0.22000000000000003,15.5,10,female,0,2707.0406706000003,0,23
3273,-9999.0,-9999.0,-9999.0,-9999.0,-9999.0,-9999.0,-9999.0,-9999.0,-9999.0,color,orientation,size,0.22000000000000003,15.5,10,female,0,2707.0406706000003,0,23
3274,-9999.0,-9999.0,-9999.0,-9999.0,-9999.0,-9999.0,-9999.0,-9999.0,-9999.0,color,orientation,size,0.22000000000000003,15.5,10,female,0,2707.0406706000003,0,23
3275,-9999.0,-9999.0,-9999.0,-9999.0,-9999.0,-9999.0,-9999.0,-9999.0,-9999.0,color,orientation,size,0.22000000000000003,15.5,10,female,0,2707.0406706000003,0,23
3276,-9999.0,-9999.0,-9999.0,-9999.0,-9999.0,-9999.0,-9999.0,-9999.0,-9999.0,color,orientation,size,0.22000000000000003,15.5,10,female,0,2707.0406706000003,0,23
3277,-9999.0,-9999.0,-9999.0,-9999.0,-9999.0,-9999.0,-9999.0,-9999.0,-9999.0,color,orientation,size,0.22000000000000003,15.5,10,female,0,2707.0406706000003,0,23
3278,-9999.0,-9999.0,-9999.0,-9999.0,-9999.0,-9999.0,-9999.0,-9999.0,-9999.0,color,orientation,size,0.22000000000000003,15.5,10,female,0,2707.0406706000003,0,23
3279,-9999.0,-9999.0,-9999.0,-9999.0,-9999.0,-9999.0,-9999.0,-9999.0,-9999.0,color,orientation,size,0.22000000000000003,15.5,10,female,0,2707.0406706000003,0,23
3280,-9999.0,-9999.0,-9999.0,-9999.0,-9999.0,-9999.0,-9999.0,-9999.0,-9999.0,color,orientation,size,0.22000000000000003,15.5,10,female,0,2707.0406706000003,0,23
3281,-9999.0,-9999.0,-9999.0,-9999.0,-9999.0,-9999.0,-9999.0,-9999.0,-9999.0,color,orientation,size,0.22000000000000003,15.5,10,female,0,2707.0406706000003,0,23
3282,-9999.0,-9999.0,-9999.0,-9999.0,-9999.0,-9999.0,-9999.0,-9999.0,-9999.0,color,orientation,size,0.22000000000000003,15.5,10,female,0,2707.0406706000003,0,23
3283,-9999.0,-9999.0,-9999.0,-9999.0,-9999.0,-9999.0,-9999.0,-9999.0,-9999.0,color,orientation,size,0.22000000000000003,15.5,10,female,0,2707.0406706000003,0,23
3284,-9999.0,-9999.0,-9999.0,-9999.0,-9999.0,-9999.0,-9999.0,-9999.0,-9999.0,color,orientation,size,0.22000000000000003,15.5,10,female,0,2707.0406706000003,0,23
3285,-9999.0,-9999.0,-9999.0,-9999.0,-9999.0,-9999.0,-9999.0,-9999.0,-9999.0,color,orientation,size,0.22000000000000003,15.5,10,female,0,2707.0406706000003,0,23
3286,-9999.0,-9999.0,-9999.0,-9999.0,-9999.0,-9999.0,-9999.0,-9999.0,-9999.0,color,orientation,size,0.22000000000000003,15.5,10,female,0,2707.0406706000003,0,23
3287,-9999.0,-9999.0,-9999.0,-9999.0,-9999.0,-9999.0,-9999.0,-9999.0,-9999.0,color,orientation,size,0.22000000000000003,15.5,10,female,0,2707.0406706000003,0,23
3288,-9999.0,-9999.0,-9999.0,-9999.0,-9999.0,-9999.0,-9999.0,-9999.0,-9999.0,color,orientation,size,0.22000000000000003,15.5,10,female,0,2707.0406706000003,0,23
3289,-9999.0,-9999.0,-9999.0,-9999.0,-9999.0,-9999.0,-9999.0,-9999.0,-9999.0,color,orientation,size,0.22000000000000003,15.5,10,female,0,2707.0406706000003,0,23
3290,-9999.0,-9999.0,-9999.0,-9999.0,-9999.0,-9999.0,-9999.0,-9999.0,-9999.0,color,orientation,size,0.22000000000000003,15.5,10,female,0,2707.0406706000003,0,23
3291,-9999.0,-9999.0,-9999.0,-9999.0,-9999.0,-9999.0,-9999.0,-9999.0,-9999.0,color,orientation,size,0.22000000000000003,15.5,10,female,0,2707.0406706000003,0,23
3292,-9999.0,-9999.0,-9999.0,-9999.0,-9999.0,-9999.0,-9999.0,-9999.0,-9999.0,color,orientation,size,0.22000000000000003,15.5,10,female,0,2707.0406706000003,0,23
3293,-9999.0,-9999.0,-9999.0,-9999.0,-9999.0,-9999.0,-9999.0,-9999.0,-9999.0,color,orientation,size,0.22000000000000003,15.5,10,female,0,2707.0406706000003,0,23
3294,-9999.0,-9999.0,-9999.0,-9999.0,-9999.0,-9999.0,-9999.0,-9999.0,-9999.0,color,orientation,size,0.22000000000000003,15.5,10,female,0,2707.0406706000003,0,23
3295,-9999.0,-9999.0,-9999.0,-9999.0,-9999.0,-9999.0,-9999.0,-9999.0,-9999.0,color,orientation,size,0.22000000000000003,15.5,10,female,0,2707.0406706000003,0,23
3296,-9999.0,-9999.0,-9999.0,-9999.0,-9999.0,-9999.0,-9999.0,-9999.0,-9999.0,color,orientation,size,0.22000000000000003,15.5,10,female,0,2707.0406706000003,0,23
3297,-9999.0,-9999.0,-9999.0,-9999.0,-9999.0,-9999.0,-9999.0,-9999.0,-9999.0,color,orientation,size,0.22000000000000003,15.5,10,female,0,2707.0406706000003,0,23
3298,-9999.0,-9999.0,-9999.0,-9999.0,-9999.0,-9999.0,-9999.0,-9999.0,-9999.0,color,orientation,size,0.22000000000000003,15.5,10,female,0,2707.0406706000003,0,23
3299,-9999.0,-9999.0,-9999.0,-9999.0,-9999.0,-9999.0,-9999.0,-9999.0,-9999.0,color,orientation,size,0.22000000000000003,15.5,10,female,0,2707.0406706000003,0,23
3300,-9999.0,-9999.0,-9999.0,-9999.0,-9999.0,-9999.0,-9999.0,-9999.0,-9999.0,color,orientation,size,0.22000000000000003,15.5,10,female,0,2707.0406706000003,0,23
3301,-9999.0,-9999.0,-9999.0,-9999.0,-9999.0,-9999.0,-9999.0,-9999.0,-9999.0,color,orientation,size,0.22000000000000003,15.5,10,female,0,2707.0406706000003,0,23
3302,-9999.0,-9999.0,-9999.0,-9999.0,-9999.0,-9999.0,-9999.0,-9999.0,-9999.0,color,orientation,size,0.22000000000000003,15.5,10,female,0,2707.0406706000003,0,23
3303,-9999.0,-9999.0,-9999.0,-9999.0,-9999.0,-9999.0,-9999.0,-9999.0,-9999.0,color,orientation,size,0.22000000000000003,15.5,10,female,0,2707.0406706000003,0,23
3304,-9999.0,-9999.0,-9999.0,-9999.0,-9999.0,-9999.0,-9999.0,-9999.0,-9999.0,color,orientation,size,0.22000000000000003,15.5,10,female,0,2707.0406706000003,0,23
3305,-9999.0,-9999.0,-9999.0,-9999.0,-9999.0,-9999.0,-9999.0,-9999.0,-9999.0,color,orientation,size,0.22000000000000003,15.5,10,female,0,2707.0406706000003,0,23
3306,-9999.0,-9999.0,-9999.0,-9999.0,-9999.0,-9999.0,-9999.0,-9999.0,-9999.0,color,orientation,size,0.22000000000000003,15.5,10,female,0,2707.0406706000003,0,23
3307,-9999.0,-9999.0,-9999.0,-9999.0,-9999.0,-9999.0,-9999.0,-9999.0,-9999.0,color,orientation,size,0.22000000000000003,15.5,10,female,0,2707.0406706000003,0,23
3308,-9999.0,-9999.0,-9999.0,-9999.0,-9999.0,-9999.0,-9999.0,-9999.0,-9999.0,color,orientation,size,0.22000000000000003,15.5,10,female,0,2707.0406706000003,0,23
3309,-9999.0,-9999.0,-9999.0,-9999.0,-9999.0,-9999.0,-9999.0,-9999.0,-9999.0,color,orientation,size,0.22000000000000003,15.5,10,female,0,2707.0406706000003,0,23
3310,-9999.0,-9999.0,-9999.0,-9999.0,-9999.0,-9999.0,-9999.0,-9999.0,-9999.0,color,orientation,size,0.22000000000000003,15.5,10,female,0,2707.0406706000003,0,23
3311,-9999.0,-9999.0,-9999.0,-9999.0,-9999.0,-9999.0,-9999.0,-9999.0,-9999.0,color,orientation,size,0.22000000000000003,15.5,10,female,0,2707.0406706000003,0,23
3312,-9999.0,-9999.0,-9999.0,-9999.0,-9999.0,-9999.0,-9999.0,-9999.0,-9999.0,color,orientation,size,0.22000000000000003,15.5,10,female,0,2707.0406706000003,0,23
3313,-9999.0,-9999.0,-9999.0,-9999.0,-9999.0,-9999.0,-9999.0,-9999.0,-9999.0,color,orientation,size,0.22000000000000003,15.5,10,female,0,2707.0406706000003,0,23
3314,-9999.0,-9999.0,-9999.0,-9999.0,-9999.0,-9999.0,-9999.0,-9999.0,-9999.0,color,orientation,size,0.22000000000000003,15.5,10,female,0,2707.0406706000003,0,23
3315,-9999.0,-9999.0,-9999.0,-9999.0,-9999.0,-9999.0,-9999.0,-9999.0,-9999.0,color,orientation,size,0.22000000000000003,15.5,10,female,0,2707.0406706000003,0,23
3316,-9999.0,-9999.0,-9999.0,-9999.0,-9999.0,-9999.0,-9999.0,-9999.0,-9999.0,color,orientation,size,0.22000000000000003,15.5,10,female,0,2707.0406706000003,0,23
3317,-9999.0,-9999.0,-9999.0,-9999.0,-9999.0,-9999.0,-9999.0,-9999.0,-9999.0,color,orientation,size,0.22000000000000003,15.5,10,female,0,2707.0406706000003,0,23
3318,-9999.0,-9999.0,-9999.0,-9999.0,-9999.0,-9999.0,-9999.0,-9999.0,-9999.0,color,orientation,size,0.22000000000000003,15.5,10,female,0,2707.0406706000003,0,23
3319,-9999.0,-9999.0,-9999.0,-9999.0,-9999.0,-9999.0,-9999.0,-9999.0,-9999.0,color,orientation,size,0.22000000000000003,15.5,10,female,0,2707.0406706000003,0,23
3320,-9999.0,-9999.0,-9999.0,-9999.0,-9999.0,-9999.0,-9999.0,-9999.0,-9999.0,color,orientation,size,0.22000000000000003,15.5,10,female,0,2707.0406706000003,0,23
3321,-9999.0,-9999.0,-9999.0,-9999.0,-9999.0,-9999.0,-9999.0,-9999.0,-9999.0,color,orientation,size,0.22000000000000003,15.5,10,female,0,2707.0406706000003,0,23
3322,-9999.0,-9999.0,-9999.0,-9999.0,-9999.0,-9999.0,-9999.0,-9999.0,-9999.0,color,orientation,size,0.22000000000000003,15.5,10,female,0,2707.0406706000003,0,23
3323,-9999.0,-9999.0,-9999.0,-9999.0,-9999.0,-9999.0,-9999.0,-9999.0,-9999.0,color,orientation,size,0.22000000000000003,15.5,10,female,0,2707.0406706000003,0,23
3324,-9999.0,-9999.0,-9999.0,-9999.0,-9999.0,-9999.0,-9999.0,-9999.0,-9999.0,color,orientation,size,0.22000000000000003,15.5,10,female,0,2707.0406706000003,0,23
3325,-9999.0,-9999.0,-9999.0,-9999.0,-9999.0,-9999.0,-9999.0,-9999.0,-9999.0,color,orientation,size,0.22000000000000003,15.5,10,female,0,2707.0406706000003,0,23
3326,-9999.0,-9999.0,-9999.0,-9999.0,-9999.0,-9999.0,-9999.0,-9999.0,-9999.0,color,orientation,size,0.22000000000000003,15.5,10,female,0,2707.0406706000003,0,23
3327,-9999.0,-9999.0,-9999.0,-9999.0,-9999.0,-9999.0,-9999.0,-9999.0,-9999.0,color,orientation,size,0.22000000000000003,15.5,10,female,0,2707.0406706000003,0,23
3328,-9999.0,-9999.0,-9999.0,-9999.0,-9999.0,-9999.0,-9999.0,-9999.0,-9999.0,color,orientation,size,0.22000000000000003,15.5,10,female,0,2707.0406706000003,0,23
3329,-9999.0,-9999.0,-9999.0,-9999.0,-9999.0,-9999.0,-9999.0,-9999.0,-9999.0,color,orientation,size,0.22000000000000003,15.5,10,female,0,2707.0406706000003,0,23
3330,-9999.0,-9999.0,-9999.0,-9999.0,-9999.0,-9999.0,-9999.0,-9999.0,-9999.0,color,orientation,size,0.22000000000000003,15.5,10,female,0,2707.0406706000003,0,23
3331,-9999.0,-9999.0,-9999.0,-9999.0,-9999.0,-9999.0,-9999.0,-9999.0,-9999.0,color,orientation,size,0.22000000000000003,15.5,10,female,0,2707.0406706000003,0,23
3332,-9999.0,-9999.0,-9999.0,-9999.0,-9999.0,-9999.0,-9999.0,-9999.0,-9999.0,color,orientation,size,0.22000000000000003,15.5,10,female,0,2707.0406706000003,0,23
3333,-9999.0,-9999.0,-9999.0,-9999.0,-9999.0,-9999.0,-9999.0,-9999.0,-9999.0,color,orientation,size,0.22000000000000003,15.5,10,female,0,2707.0406706000003,0,23
3334,-9999.0,-9999.0,-9999.0,-9999.0,-9999.0,-9999.0,-9999.0,-9999.0,-9999.0,color,orientation,size,0.22000000000000003,15.5,10,female,0,2707.0406706000003,0,23
3335,-9999.0,-9999.0,-9999.0,-9999.0,-9999.0,-9999.0,-9999.0,-9999.0,-9999.0,color,orientation,size,0.22000000000000003,15.5,10,female,0,2707.0406706000003,0,23
3336,-9999.0,-9999.0,-9999.0,-9999.0,-9999.0,-9999.0,-9999.0,-9999.0,-9999.0,color,orientation,size,0.22000000000000003,15.5,10,female,0,2707.0406706000003,0,23
3337,-9999.0,-9999.0,-9999.0,-9999.0,-9999.0,-9999.0,-9999.0,-9999.0,-9999.0,color,orientation,size,0.22000000000000003,15.5,10,female,0,2707.0406706000003,0,23
3338,-9999.0,-9999.0,-9999.0,-9999.0,-9999.0,-9999.0,-9999.0,-9999.0,-9999.0,color,orientation,size,0.22000000000000003,15.5,10,female,0,2707.0406706000003,0,23
3339,-9999.0,-9999.0,-9999.0,-9999.0,-9999.0,-9999.0,-9999.0,-9999.0,-9999.0,color,orientation,size,0.22000000000000003,15.5,10,female,0,2707.0406706000003,0,23
3340,-9999.0,-9999.0,-9999.0,-9999.0,-9999.0,-9999.0,-9999.0,-9999.0,-9999.0,color,orientation,size,0.22000000000000003,15.5,10,female,0,2707.0406706000003,0,23
3341,-9999.0,-9999.0,-9999.0,-9999.0,-9999.0,-9999.0,-9999.0,-9999.0,-9999.0,color,orientation,size,0.22000000000000003,15.5,10,female,0,2707.0406706000003,0,23
3342,-9999.0,-9999.0,-9999.0,-9999.0,-9999.0,-9999.0,-9999.0,-9999.0,-9999.0,color,orientation,size,0.22000000000000003,15.5,10,female,0,2707.0406706000003,0,23
3343,-9999.0,-9999.0,-9999.0,-9999.0,-9999.0,-9999.0,-9999.0,-9999.0,-9999.0,color,orientation,size,0.22000000000000003,15.5,10,female,0,2707.0406706000003,0,23
3344,-9999.0,-9999.0,-9999.0,-9999.0,-9999.0,-9999.0,-9999.0,-9999.0,-9999.0,color,orientation,size,0.22000000000000003,15.5,10,female,0,2707.0406706000003,0,23
3345,-9999.0,-9999.0,-9999.0,-9999.0,-9999.0,-9999.0,-9999.0,-9999.0,-9999.0,color,orientation,size,0.22000000000000003,15.5,10,female,0,2707.0406706000003,0,23
3346,-9999.0,-9999.0,-9999.0,-9999.0,-9999.0,-9999.0,-9999.0,-9999.0,-9999.0,color,orientation,size,0.22000000000000003,15.5,10,female,0,2707.0406706000003,0,23
3347,-9999.0,-9999.0,-9999.0,-9999.0,-9999.0,-9999.0,-9999.0,-9999.0,-9999.0,color,orientation,size,0.22000000000000003,15.5,10,female,0,2707.0406706000003,0,23
3348,-9999.0,-9999.0,-9999.0,-9999.0,-9999.0,-9999.0,-9999.0,-9999.0,-9999.0,color,orientation,size,0.22000000000000003,15.5,10,female,0,2707.0406706000003,0,23
3349,-9999.0,-9999.0,-9999.0,-9999.0,-9999.0,-9999.0,-9999.0,-9999.0,-9999.0,color,orientation,size,0.22000000000000003,15.5,10,female,0,2707.0406706000003,0,23
3350,-9999.0,-9999.0,-9999.0,-9999.0,-9999.0,-9999.0,-9999.0,-9999.0,-9999.0,color,orientation,size,0.22000000000000003,15.5,10,female,0,2707.0406706000003,0,23
3351,-9999.0,-9999.0,-9999.0,-9999.0,-9999.0,-9999.0,-9999.0,-9999.0,-9999.0,color,orientation,size,0.22000000000000003,15.5,10,female,0,2707.0406706000003,0,23
3352,-9999.0,-9999.0,-9999.0,-9999.0,-9999.0,-9999.0,-9999.0,-9999.0,-9999.0,color,orientation,size,0.22000000000000003,15.5,10,female,0,2707.0406706000003,0,23
3353,-9999.0,-9999.0,-9999.0,-9999.0,-9999.0,-9999.0,-9999.0,-9999.0,-9999.0,color,orientation,size,0.22000000000000003,15.5,10,female,0,2707.0406706000003,0,23
3354,-9999.0,-9999.0,-9999.0,-9999.0,-9999.0,-9999.0,-9999.0,-9999.0,-9999.0,color,orientation,size,0.22000000000000003,15.5,10,female,0,2707.0406706000003,0,23
3355,-9999.0,-9999.0,-9999.0,-9999.0,-9999.0,-9999.0,-9999.0,-9999.0,-9999.0,color,orientation,size,0.22000000000000003,15.5,10,female,0,2707.0406706000003,0,23
3356,-9999.0,-9999.0,-9999.0,-9999.0,-9999.0,-9999.0,-9999.0,-9999.0,-9999.0,color,orientation,size,0.22000000000000003,15.5,10,female,0,2707.0406706000003,0,23
3357,-9999.0,-9999.0,-9999.0,-9999.0,-9999.0,-9999.0,-9999.0,-9999.0,-9999.0,color,orientation,size,0.22000000000000003,15.5,10,female,0,2707.0406706000003,0,23
3358,-9999.0,-9999.0,-9999.0,-9999.0,-9999.0,-9999.0,-9999.0,-9999.0,-9999.0,color,orientation,size,0.22000000000000003,15.5,10,female,0,2707.0406706000003,0,23
3359,-9999.0,-9999.0,-9999.0,-9999.0,-9999.0,-9999.0,-9999.0,-9999.0,-9999.0,color,orientation,size,0.22000000000000003,15.5,10,female,0,2707.0406706000003,0,23
3360,-9999.0,-9999.0,-9999.0,-9999.0,-9999.0,-9999.0,-9999.0,-9999.0,-9999.0,color,orientation,size,0.22000000000000003,15.5,10,female,0,2707.0406706000003,0,23
3361,-9999.0,-9999.0,-9999.0,-9999.0,-9999.0,-9999.0,-9999.0,-9999.0,-9999.0,color,orientation,size,0.22000000000000003,15.5,10,female,0,2707.0406706000003,0,23
3362,-9999.0,-9999.0,-9999.0,-9999.0,-9999.0,-9999.0,-9999.0,-9999.0,-9999.0,color,orientation,size,0.22000000000000003,15.5,10,female,0,2707.0406706000003,0,23
3363,-9999.0,-9999.0,-9999.0,-9999.0,-9999.0,-9999.0,-9999.0,-9999.0,-9999.0,color,orientation,size,0.22000000000000003,15.5,10,female,0,2707.0406706000003,0,23
3364,-9999.0,-9999.0,-9999.0,-9999.0,-9999.0,-9999.0,-9999.0,-9999.0,-9999.0,color,orientation,size,0.22000000000000003,15.5,10,female,0,2707.0406706000003,0,23
3365,-9999.0,-9999.0,-9999.0,-9999.0,-9999.0,-9999.0,-9999.0,-9999.0,-9999.0,color,orientation,size,0.22000000000000003,15.5,10,female,0,2707.0406706000003,0,23
3366,-9999.0,-9999.0,-9999.0,-9999.0,-9999.0,-9999.0,-9999.0,-9999.0,-9999.0,color,orientation,size,0.22000000000000003,15.5,10,female,0,2707.0406706000003,0,23
3367,-9999.0,-9999.0,-9999.0,-9999.0,-9999.0,-9999.0,-9999.0,-9999.0,-9999.0,color,orientation,size,0.22000000000000003,15.5,10,female,0,2707.0406706000003,0,23
3368,-9999.0,-9999.0,-9999.0,-9999.0,-9999.0,-9999.0,-9999.0,-9999.0,-9999.0,color,orientation,size,0.22000000000000003,15.5,10,female,0,2707.0406706000003,0,23
3369,-9999.0,-9999.0,-9999.0,-9999.0,-9999.0,-9999.0,-9999.0,-9999.0,-9999.0,color,orientation,size,0.22000000000000003,15.5,10,female,0,2707.0406706000003,0,23
3370,-9999.0,-9999.0,-9999.0,-9999.0,-9999.0,-9999.0,-9999.0,-9999.0,-9999.0,color,orientation,size,0.22000000000000003,15.5,10,female,0,2707.0406706000003,0,23
3371,-9999.0,-9999.0,-9999.0,-9999.0,-9999.0,-9999.0,-9999.0,-9999.0,-9999.0,color,orientation,size,0.22000000000000003,15.5,10,female,0,2707.0406706000003,0,23
3372,-9999.0,-9999.0,-9999.0,-9999.0,-9999.0,-9999.0,-9999.0,-9999.0,-9999.0,color,orientation,size,0.22000000000000003,15.5,10,female,0,2707.0406706000003,0,23
3373,-9999.0,-9999.0,-9999.0,-9999.0,-9999.0,-9999.0,-9999.0,-9999.0,-9999.0,color,orientation,size,0.22000000000000003,15.5,10,female,0,2707.0406706000003,0,23
3374,-9999.0,-9999.0,-9999.0,-9999.0,-9999.0,-9999.0,-9999.0,-9999.0,-9999.0,color,orientation,size,0.22000000000000003,15.5,10,female,0,2707.0406706000003,0,23
3375,-9999.0,-9999.0,-9999.0,-9999.0,-9999.0,-9999.0,-9999.0,-9999.0,-9999.0,color,orientation,size,0.22000000000000003,15.5,10,female,0,2707.0406706000003,0,23
3376,-9999.0,-9999.0,-9999.0,-9999.0,-9999.0,-9999.0,-9999.0,-9999.0,-9999.0,color,orientation,size,0.22000000000000003,15.5,10,female,0,2707.0406706000003,0,23
3377,-9999.0,-9999.0,-9999.0,-9999.0,-9999.0,-9999.0,-9999.0,-9999.0,-9999.0,color,orientation,size,0.22000000000000003,15.5,10,female,0,2707.0406706000003,0,23
3378,-9999.0,-9999.0,-9999.0,-9999.0,-9999.0,-9999.0,-9999.0,-9999.0,-9999.0,color,orientation,size,0.22000000000000003,15.5,10,female,0,2707.0406706000003,0,23
3379,-9999.0,-9999.0,-9999.0,-9999.0,-9999.0,-9999.0,-9999.0,-9999.0,-9999.0,color,orientation,size,0.22000000000000003,15.5,10,female,0,2707.0406706000003,0,23
3380,-9999.0,-9999.0,-9999.0,-9999.0,-9999.0,-9999.0,-9999.0,-9999.0,-9999.0,color,orientation,size,0.22000000000000003,15.5,10,female,0,2707.0406706000003,0,23
3381,-9999.0,-9999.0,-9999.0,-9999.0,-9999.0,-9999.0,-9999.0,-9999.0,-9999.0,color,orientation,size,0.22000000000000003,15.5,10,female,0,2707.0406706000003,0,23
3382,-9999.0,-9999.0,-9999.0,-9999.0,-9999.0,-9999.0,-9999.0,-9999.0,-9999.0,color,orientation,size,0.22000000000000003,15.5,10,female,0,2707.0406706000003,0,23
3383,-9999.0,-9999.0,-9999.0,-9999.0,-9999.0,-9999.0,-9999.0,-9999.0,-9999.0,color,orientation,size,0.22000000000000003,15.5,10,female,0,2707.0406706000003,0,23
3384,-9999.0,-9999.0,-9999.0,-9999.0,-9999.0,-9999.0,-9999.0,-9999.0,-9999.0,color,orientation,size,0.22000000000000003,15.5,10,female,0,2707.0406706000003,0,23
3385,-9999.0,-9999.0,-9999.0,-9999.0,-9999.0,-9999.0,-9999.0,-9999.0,-9999.0,color,orientation,size,0.22000000000000003,15.5,10,female,0,2707.0406706000003,0,23
3386,-9999.0,-9999.0,-9999.0,-9999.0,-9999.0,-9999.0,-9999.0,-9999.0,-9999.0,color,orientation,size,0.22000000000000003,15.5,10,female,0,2707.0406706000003,0,23
3387,-9999.0,-9999.0,-9999.0,-9999.0,-9999.0,-9999.0,-9999.0,-9999.0,-9999.0,color,orientation,size,0.22000000000000003,15.5,10,female,0,2707.0406706000003,0,23
3388,-9999.0,-9999.0,-9999.0,-9999.0,-9999.0,-9999.0,-9999.0,-9999.0,-9999.0,color,orientation,size,0.22000000000000003,15.5,10,female,0,2707.0406706000003,0,23
3389,-9999.0,-9999.0,-9999.0,-9999.0,-9999.0,-9999.0,-9999.0,-9999.0,-9999.0,color,orientation,size,0.22000000000000003,15.5,10,female,0,2707.0406706000003,0,23
3390,-9999.0,-9999.0,-9999.0,-9999.0,-9999.0,-9999.0,-9999.0,-9999.0,-9999.0,color,orientation,size,0.22000000000000003,15.5,10,female,0,2707.0406706000003,0,23
3391,-9999.0,-9999.0,-9999.0,-9999.0,-9999.0,-9999.0,-9999.0,-9999.0,-9999.0,color,orientation,size,0.22000000000000003,15.5,10,female,0,2707.0406706000003,0,23
3392,-9999.0,-9999.0,-9999.0,-9999.0,-9999.0,-9999.0,-9999.0,-9999.0,-9999.0,color,orientation,size,0.22000000000000003,15.5,10,female,0,2707.0406706000003,0,23
3393,-9999.0,-9999.0,-9999.0,-9999.0,-9999.0,-9999.0,-9999.0,-9999.0,-9999.0,color,orientation,size,0.22000000000000003,15.5,10,female,0,2707.0406706000003,0,23
3394,-9999.0,-9999.0,-9999.0,-9999.0,-9999.0,-9999.0,-9999.0,-9999.0,-9999.0,color,orientation,size,0.22000000000000003,15.5,10,female,0,2707.0406706000003,0,23
3395,-9999.0,-9999.0,-9999.0,-9999.0,-9999.0,-9999.0,-9999.0,-9999.0,-9999.0,color,orientation,size,0.22000000000000003,15.5,10,female,0,2707.0406706000003,0,23
3396,-9999.0,-9999.0,-9999.0,-9999.0,-9999.0,-9999.0,-9999.0,-9999.0,-9999.0,color,orientation,size,0.22000000000000003,15.5,10,female,0,2707.0406706000003,0,23
3397,-9999.0,-9999.0,-9999.0,-9999.0,-9999.0,-9999.0,-9999.0,-9999.0,-9999.0,color,orientation,size,0.22000000000000003,15.5,10,female,0,2707.0406706000003,0,23
3398,-9999.0,-9999.0,-9999.0,-9999.0,-9999.0,-9999.0,-9999.0,-9999.0,-9999.0,color,orientation,size,0.22000000000000003,15.5,10,female,0,2707.0406706000003,0,23
3399,-9999.0,-9999.0,-9999.0,-9999.0,-9999.0,-9999.0,-9999.0,-9999.0,-9999.0,color,orientation,size,0.22000000000000003,15.5,10,female,0,2707.0406706000003,0,23
3400,-9999.0,-9999.0,-9999.0,-9999.0,-9999.0,-9999.0,-9999.0,-9999.0,-9999.0,color,orientation,size,0.22000000000000003,15.5,10,female,0,2707.0406706000003,0,23
3401,-9999.0,-9999.0,-9999.0,-9999.0,-9999.0,-9999.0,-9999.0,-9999.0,-9999.0,color,orientation,size,0.22000000000000003,15.5,10,female,0,2707.0406706000003,0,23
3402,-9999.0,-9999.0,-9999.0,-9999.0,-9999.0,-9999.0,-9999.0,-9999.0,-9999.0,color,orientation,size,0.22000000000000003,15.5,10,female,0,2707.0406706000003,0,23
3403,-9999.0,-9999.0,-9999.0,-9999.0,-9999.0,-9999.0,-9999.0,-9999.0,-9999.0,color,orientation,size,0.22000000000000003,15.5,10,female,0,2707.0406706000003,0,23
3404,-9999.0,-9999.0,-9999.0,-9999.0,-9999.0,-9999.0,-9999.0,-9999.0,-9999.0,color,orientation,size,0.22000000000000003,15.5,10,female,0,2707.0406706000003,0,23
3405,-9999.0,-9999.0,-9999.0,-9999.0,-9999.0,-9999.0,-9999.0,-9999.0,-9999.0,color,orientation,size,0.22000000000000003,15.5,10,female,0,2707.0406706000003,0,23
3406,-9999.0,-9999.0,-9999.0,-9999.0,-9999.0,-9999.0,-9999.0,-9999.0,-9999.0,color,orientation,size,0.22000000000000003,15.5,10,female,0,2707.0406706000003,0,23
3407,-9999.0,-9999.0,-9999.0,-9999.0,-9999.0,-9999.0,-9999.0,-9999.0,-9999.0,color,orientation,size,0.22000000000000003,15.5,10,female,0,2707.0406706000003,0,23
3408,-9999.0,-9999.0,-9999.0,-9999.0,-9999.0,-9999.0,-9999.0,-9999.0,-9999.0,color,orientation,size,0.22000000000000003,15.5,10,female,0,2707.0406706000003,0,23
3409,-9999.0,-9999.0,-9999.0,-9999.0,-9999.0,-9999.0,-9999.0,-9999.0,-9999.0,color,orientation,size,0.22000000000000003,15.5,10,female,0,2707.0406706000003,0,23
3410,-9999.0,-9999.0,-9999.0,-9999.0,-9999.0,-9999.0,-9999.0,-9999.0,-9999.0,color,orientation,size,0.22000000000000003,15.5,10,female,0,2707.0406706000003,0,23
3411,-9999.0,-9999.0,-9999.0,-9999.0,-9999.0,-9999.0,-9999.0,-9999.0,-9999.0,color,orientation,size,0.22000000000000003,15.5,10,female,0,2707.0406706000003,0,23
3412,-9999.0,-9999.0,-9999.0,-9999.0,-9999.0,-9999.0,-9999.0,-9999.0,-9999.0,color,orientation,size,0.22000000000000003,15.5,10,female,0,2707.0406706000003,0,23
3413,-9999.0,-9999.0,-9999.0,-9999.0,-9999.0,-9999.0,-9999.0,-9999.0,-9999.0,color,orientation,size,0.22000000000000003,15.5,10,female,0,2707.0406706000003,0,23
3414,-9999.0,-9999.0,-9999.0,-9999.0,-9999.0,-9999.0,-9999.0,-9999.0,-9999.0,color,orientation,size,0.22000000000000003,15.5,10,female,0,2707.0406706000003,0,23
3415,-9999.0,-9999.0,-9999.0,-9999.0,-9999.0,-9999.0,-9999.0,-9999.0,-9999.0,color,orientation,size,0.22000000000000003,15.5,10,female,0,2707.0406706000003,0,23
3416,-9999.0,-9999.0,-9999.0,-9999.0,-9999.0,-9999.0,-9999.0,-9999.0,-9999.0,color,orientation,size,0.22000000000000003,15.5,10,female,0,2707.0406706000003,0,23
3417,-9999.0,-9999.0,-9999.0,-9999.0,-9999.0,-9999.0,-9999.0,-9999.0,-9999.0,color,orientation,size,0.22000000000000003,15.5,10,female,0,2707.0406706000003,0,23
3418,-9999.0,-9999.0,-9999.0,-9999.0,-9999.0,-9999.0,-9999.0,-9999.0,-9999.0,color,orientation,size,0.22000000000000003,15.5,10,female,0,2707.0406706000003,0,23
3419,-9999.0,-9999.0,-9999.0,-9999.0,-9999.0,-9999.0,-9999.0,-9999.0,-9999.0,color,orientation,size,0.22000000000000003,15.5,10,female,0,2707.0406706000003,0,23
3420,-9999.0,-9999.0,-9999.0,-9999.0,-9999.0,-9999.0,-9999.0,-9999.0,-9999.0,color,orientation,size,0.22000000000000003,15.5,10,female,0,2707.0406706000003,0,23
3421,-9999.0,-9999.0,-9999.0,-9999.0,-9999.0,-9999.0,-9999.0,-9999.0,-9999.0,color,orientation,size,0.22000000000000003,15.5,10,female,0,2707.0406706000003,0,23
3422,-9999.0,-9999.0,-9999.0,-9999.0,-9999.0,-9999.0,-9999.0,-9999.0,-9999.0,color,orientation,size,0.22000000000000003,15.5,10,female,0,2707.0406706000003,0,23
3423,-9999.0,-9999.0,-9999.0,-9999.0,-9999.0,-9999.0,-9999.0,-9999.0,-9999.0,color,orientation,size,0.22000000000000003,15.5,10,female,0,2707.0406706000003,0,23
3424,-9999.0,-9999.0,-9999.0,-9999.0,-9999.0,-9999.0,-9999.0,-9999.0,-9999.0,color,orientation,size,0.22000000000000003,15.5,10,female,0,2707.0406706000003,0,23
3425,-9999.0,-9999.0,-9999.0,-9999.0,-9999.0,-9999.0,-9999.0,-9999.0,-9999.0,color,orientation,size,0.22000000000000003,15.5,10,female,0,2707.0406706000003,0,23
3426,-9999.0,-9999.0,-9999.0,-9999.0,-9999.0,-9999.0,-9999.0,-9999.0,-9999.0,color,orientation,size,0.22000000000000003,15.5,10,female,0,2707.0406706000003,0,23
3427,-9999.0,-9999.0,-9999.0,-9999.0,-9999.0,-9999.0,-9999.0,-9999.0,-9999.0,color,orientation,size,0.22000000000000003,15.5,10,female,0,2707.0406706000003,0,23
3428,-9999.0,-9999.0,-9999.0,-9999.0,-9999.0,-9999.0,-9999.0,-9999.0,-9999.0,color,orientation,size,0.22000000000000003,15.5,10,female,0,2707.0406706000003,0,23
3429,-9999.0,-9999.0,-9999.0,-9999.0,-9999.0,-9999.0,-9999.0,-9999.0,-9999.0,color,orientation,size,0.22000000000000003,15.5,10,female,0,2707.0406706000003,0,23
3430,-9999.0,-9999.0,-9999.0,-9999.0,-9999.0,-9999.0,-9999.0,-9999.0,-9999.0,color,orientation,size,0.22000000000000003,15.5,10,female,0,2707.0406706000003,0,23
3431,-9999.0,-9999.0,-9999.0,-9999.0,-9999.0,-9999.0,-9999.0,-9999.0,-9999.0,color,orientation,size,0.22000000000000003,15.5,10,female,0,2707.0406706000003,0,23
3432,-9999.0,-9999.0,-9999.0,-9999.0,-9999.0,-9999.0,-9999.0,-9999.0,-9999.0,color,orientation,size,0.22000000000000003,15.5,10,female,0,2707.0406706000003,0,23
3433,-9999.0,-9999.0,-9999.0,-9999.0,-9999.0,-9999.0,-9999.0,-9999.0,-9999.0,color,orientation,size,0.22000000000000003,15.5,10,female,0,2707.0406706000003,0,23
3434,-9999.0,-9999.0,-9999.0,-9999.0,-9999.0,-9999.0,-9999.0,-9999.0,-9999.0,color,orientation,size,0.22000000000000003,15.5,10,female,0,2707.0406706000003,0,23
3435,-9999.0,-9999.0,-9999.0,-9999.0,-9999.0,-9999.0,-9999.0,-9999.0,-9999.0,color,orientation,size,0.22000000000000003,15.5,10,female,0,2707.0406706000003,0,23
3436,-9999.0,-9999.0,-9999.0,-9999.0,-9999.0,-9999.0,-9999.0,-9999.0,-9999.0,color,orientation,size,0.22000000000000003,15.5,10,female,0,2707.0406706000003,0,23
3437,-9999.0,-9999.0,-9999.0,-9999.0,-9999.0,-9999.0,-9999.0,-9999.0,-9999.0,color,orientation,size,0.22000000000000003,15.5,10,female,0,2707.0406706000003,0,23
3438,-9999.0,-9999.0,-9999.0,-9999.0,-9999.0,-9999.0,-9999.0,-9999.0,-9999.0,color,orientation,size,0.22000000000000003,15.5,10,female,0,2707.0406706000003,0,23
3439,-9999.0,-9999.0,-9999.0,-9999.0,-9999.0,-9999.0,-9999.0,-9999.0,-9999.0,color,orientation,size,0.22000000000000003,15.5,10,female,0,2707.0406706000003,0,23
3440,-9999.0,-9999.0,-9999.0,-9999.0,-9999.0,-9999.0,-9999.0,-9999.0,-9999.0,color,orientation,size,0.22000000000000003,15.5,10,female,0,2707.0406706000003,0,23
3441,-9999.0,-9999.0,-9999.0,-9999.0,-9999.0,-9999.0,-9999.0,-9999.0,-9999.0,color,orientation,size,0.22000000000000003,15.5,10,female,0,2707.0406706000003,0,23
3442,-9999.0,-9999.0,-9999.0,-9999.0,-9999.0,-9999.0,-9999.0,-9999.0,-9999.0,color,orientation,size,0.22000000000000003,15.5,10,female,0,2707.0406706000003,0,23
3443,-9999.0,-9999.0,-9999.0,-9999.0,-9999.0,-9999.0,-9999.0,-9999.0,-9999.0,color,orientation,size,0.22000000000000003,15.5,10,female,0,2707.0406706000003,0,23
3444,-9999.0,-9999.0,-9999.0,-9999.0,-9999.0,-9999.0,-9999.0,-9999.0,-9999.0,color,orientation,size,0.22000000000000003,15.5,10,female,0,2707.0406706000003,0,23
3445,-9999.0,-9999.0,-9999.0,-9999.0,-9999.0,-9999.0,-9999.0,-9999.0,-9999.0,color,orientation,size,0.22000000000000003,15.5,10,female,0,2707.0406706000003,0,23
3446,-9999.0,-9999.0,-9999.0,-9999.0,-9999.0,-9999.0,-9999.0,-9999.0,-9999.0,color,orientation,size,0.22000000000000003,15.5,10,female,0,2707.0406706000003,0,23
3447,-9999.0,-9999.0,-9999.0,-9999.0,-9999.0,-9999.0,-9999.0,-9999.0,-9999.0,color,orientation,size,0.22000000000000003,15.5,10,female,0,2707.0406706000003,0,23
3448,-9999.0,-9999.0,-9999.0,-9999.0,-9999.0,-9999.0,-9999.0,-9999.0,-9999.0,color,orientation,size,0.22000000000000003,15.5,10,female,0,2707.0406706000003,0,23
3449,-9999.0,-9999.0,-9999.0,-9999.0,-9999.0,-9999.0,-9999.0,-9999.0,-9999.0,color,orientation,size,0.22000000000000003,15.5,10,female,0,2707.0406706000003,0,23
3450,-9999.0,-9999.0,-9999.0,-9999.0,-9999.0,-9999.0,-9999.0,-9999.0,-9999.0,color,orientation,size,0.22000000000000003,15.5,10,female,0,2707.0406706000003,0,23
3451,-9999.0,-9999.0,-9999.0,-9999.0,-9999.0,-9999.0,-9999.0,-9999.0,-9999.0,color,orientation,size,0.22000000000000003,15.5,10,female,0,2707.0406706000003,0,23
3452,-9999.0,-9999.0,-9999.0,-9999.0,-9999.0,-9999.0,-9999.0,-9999.0,-9999.0,color,orientation,size,0.22000000000000003,15.5,10,female,0,2707.0406706000003,0,23
3453,-9999.0,-9999.0,-9999.0,-9999.0,-9999.0,-9999.0,-9999.0,-9999.0,-9999.0,color,orientation,size,0.22000000000000003,15.5,10,female,0,2707.0406706000003,0,23
3454,-9999.0,-9999.0,-9999.0,-9999.0,-9999.0,-9999.0,-9999.0,-9999.0,-9999.0,color,orientation,size,0.22000000000000003,15.5,10,female,0,2707.0406706000003,0,23
3455,-9999.0,-9999.0,-9999.0,-9999.0,-9999.0,-9999.0,-9999.0,-9999.0,-9999.0,color,orientation,size,0.22000000000000003,15.5,10,female,0,2707.0406706000003,0,23
3456,-9999.0,-9999.0,-9999.0,-9999.0,-9999.0,-9999.0,-9999.0,-9999.0,-9999.0,color,orientation,size,0.22000000000000003,15.5,10,female,0,2707.0406706000003,0,23
3457,-9999.0,-9999.0,-9999.0,-9999.0,-9999.0,-9999.0,-9999.0,-9999.0,-9999.0,color,orientation,size,0.22000000000000003,15.5,10,female,0,2707.0406706000003,0,23
3458,-9999.0,-9999.0,-9999.0,-9999.0,-9999.0,-9999.0,-9999.0,-9999.0,-9999.0,color,orientation,size,0.22000000000000003,15.5,10,female,0,2707.0406706000003,0,23
3459,-9999.0,-9999.0,-9999.0,-9999.0,-9999.0,-9999.0,-9999.0,-9999.0,-9999.0,color,orientation,size,0.22000000000000003,15.5,10,female,0,2707.0406706000003,0,23
3460,-9999.0,-9999.0,-9999.0,-9999.0,-9999.0,-9999.0,-9999.0,-9999.0,-9999.0,color,orientation,size,0.22000000000000003,15.5,10,female,0,2707.0406706000003,0,23
3461,-9999.0,-9999.0,-9999.0,-9999.0,-9999.0,-9999.0,-9999.0,-9999.0,-9999.0,color,orientation,size,0.22000000000000003,15.5,10,female,0,2707.0406706000003,0,23
3462,-9999.0,-9999.0,-9999.0,-9999.0,-9999.0,-9999.0,-9999.0,-9999.0,-9999.0,color,orientation,size,0.22000000000000003,15.5,10,female,0,2707.0406706000003,0,23
3463,-9999.0,-9999.0,-9999.0,-9999.0,-9999.0,-9999.0,-9999.0,-9999.0,-9999.0,color,orientation,size,0.22000000000000003,15.5,10,female,0,2707.0406706000003,0,23
3464,-9999.0,-9999.0,-9999.0,-9999.0,-9999.0,-9999.0,-9999.0,-9999.0,-9999.0,color,orientation,size,0.22000000000000003,15.5,10,female,0,2707.0406706000003,0,23
3465,-9999.0,-9999.0,-9999.0,-9999.0,-9999.0,-9999.0,-9999.0,-9999.0,-9999.0,color,orientation,size,0.22000000000000003,15.5,10,female,0,2707.0406706000003,0,23
3466,-9999.0,-9999.0,-9999.0,-9999.0,-9999.0,-9999.0,-9999.0,-9999.0,-9999.0,color,orientation,size,0.22000000000000003,15.5,10,female,0,2707.0406706000003,0,23
3467,-9999.0,-9999.0,-9999.0,-9999.0,-9999.0,-9999.0,-9999.0,-9999.0,-9999.0,color,orientation,size,0.22000000000000003,15.5,10,female,0,2707.0406706000003,0,23
3468,-9999.0,-9999.0,-9999.0,-9999.0,-9999.0,-9999.0,-9999.0,-9999.0,-9999.0,color,orientation,size,0.22000000000000003,15.5,10,female,0,2707.0406706000003,0,23
3469,-9999.0,-9999.0,-9999.0,-9999.0,-9999.0,-9999.0,-9999.0,-9999.0,-9999.0,color,orientation,size,0.22000000000000003,15.5,10,female,0,2707.0406706000003,0,23
3470,-9999.0,-9999.0,-9999.0,-9999.0,-9999.0,-9999.0,-9999.0,-9999.0,-9999.0,color,orientation,size,0.22000000000000003,15.5,10,female,0,2707.0406706000003,0,23
3471,-9999.0,-9999.0,-9999.0,-9999.0,-9999.0,-9999.0,-9999.0,-9999.0,-9999.0,color,orientation,size,0.22000000000000003,15.5,10,female,0,2707.0406706000003,0,23
3472,-9999.0,-9999.0,-9999.0,-9999.0,-9999.0,-9999.0,-9999.0,-9999.0,-9999.0,color,orientation,size,0.22000000000000003,15.5,10,female,0,2707.0406706000003,0,23
3473,-9999.0,-9999.0,-9999.0,-9999.0,-9999.0,-9999.0,-9999.0,-9999.0,-9999.0,color,orientation,size,0.22000000000000003,15.5,10,female,0,2707.0406706000003,0,23
3474,-9999.0,-9999.0,-9999.0,-9999.0,-9999.0,-9999.0,-9999.0,-9999.0,-9999.0,color,orientation,size,0.22000000000000003,15.5,10,female,0,2707.0406706000003,0,23
3475,-9999.0,-9999.0,-9999.0,-9999.0,-9999.0,-9999.0,-9999.0,-9999.0,-9999.0,color,orientation,size,0.22000000000000003,15.5,10,female,0,2707.0406706000003,0,23
3476,-9999.0,-9999.0,-9999.0,-9999.0,-9999.0,-9999.0,-9999.0,-9999.0,-9999.0,color,orientation,size,0.22000000000000003,15.5,10,female,0,2707.0406706000003,0,23
3477,-9999.0,-9999.0,-9999.0,-9999.0,-9999.0,-9999.0,-9999.0,-9999.0,-9999.0,color,orientation,size,0.22000000000000003,15.5,10,female,0,2707.0406706000003,0,23
3478,-9999.0,-9999.0,-9999.0,-9999.0,-9999.0,-9999.0,-9999.0,-9999.0,-9999.0,color,orientation,size,0.22000000000000003,15.5,10,female,0,2707.0406706000003,0,23
3479,-9999.0,-9999.0,-9999.0,-9999.0,-9999.0,-9999.0,-9999.0,-9999.0,-9999.0,color,orientation,size,0.22000000000000003,15.5,10,female,0,2707.0406706000003,0,23
3480,-9999.0,-9999.0,-9999.0,-9999.0,-9999.0,-9999.0,-9999.0,-9999.0,-9999.0,color,orientation,size,0.22000000000000003,15.5,10,female,0,2707.0406706000003,0,23
3481,-9999.0,-9999.0,-9999.0,-9999.0,-9999.0,-9999.0,-9999.0,-9999.0,-9999.0,color,orientation,size,0.22000000000000003,15.5,10,female,0,2707.0406706000003,0,23
3482,-9999.0,-9999.0,-9999.0,-9999.0,-9999.0,-9999.0,-9999.0,-9999.0,-9999.0,color,orientation,size,0.22000000000000003,15.5,10,female,0,2707.0406706000003,0,23
3483,-9999.0,-9999.0,-9999.0,-9999.0,-9999.0,-9999.0,-9999.0,-9999.0,-9999.0,color,orientation,size,0.22000000000000003,15.5,10,female,0,2707.0406706000003,0,23
3484,-9999.0,-9999.0,-9999.0,-9999.0,-9999.0,-9999.0,-9999.0,-9999.0,-9999.0,color,orientation,size,0.22000000000000003,15.5,10,female,0,2707.0406706000003,0,23
3485,-9999.0,-9999.0,-9999.0,-9999.0,-9999.0,-9999.0,-9999.0,-9999.0,-9999.0,color,orientation,size,0.22000000000000003,15.5,10,female,0,2707.0406706000003,0,23
3486,-9999.0,-9999.0,-9999.0,-9999.0,-9999.0,-9999.0,-9999.0,-9999.0,-9999.0,color,orientation,size,0.22000000000000003,15.5,10,female,0,2707.0406706000003,0,23
3487,-9999.0,-9999.0,-9999.0,-9999.0,-9999.0,-9999.0,-9999.0,-9999.0,-9999.0,color,orientation,size,0.22000000000000003,15.5,10,female,0,2707.0406706000003,0,23
3488,-9999.0,-9999.0,-9999.0,-9999.0,-9999.0,-9999.0,-9999.0,-9999.0,-9999.0,color,orientation,size,0.22000000000000003,15.5,10,female,0,2707.0406706000003,0,23
3489,-9999.0,-9999.0,-9999.0,-9999.0,-9999.0,-9999.0,-9999.0,-9999.0,-9999.0,color,orientation,size,0.22000000000000003,15.5,10,female,0,2707.0406706000003,0,23
3490,-9999.0,-9999.0,-9999.0,-9999.0,-9999.0,-9999.0,-9999.0,-9999.0,-9999.0,color,orientation,size,0.22000000000000003,15.5,10,female,0,2707.0406706000003,0,23
3491,-9999.0,-9999.0,-9999.0,-9999.0,-9999.0,-9999.0,-9999.0,-9999.0,-9999.0,color,orientation,size,0.22000000000000003,15.5,10,female,0,2707.0406706000003,0,23
3492,-9999.0,-9999.0,-9999.0,-9999.0,-9999.0,-9999.0,-9999.0,-9999.0,-9999.0,color,orientation,size,0.22000000000000003,15.5,10,female,0,2707.0406706000003,0,23
3493,-9999.0,-9999.0,-9999.0,-9999.0,-9999.0,-9999.0,-9999.0,-9999.0,-9999.0,color,orientation,size,0.22000000000000003,15.5,10,female,0,2707.0406706000003,0,23
3494,-9999.0,-9999.0,-9999.0,-9999.0,-9999.0,-9999.0,-9999.0,-9999.0,-9999.0,color,orientation,size,0.22000000000000003,15.5,10,female,0,2707.0406706000003,0,23
3495,-9999.0,-9999.0,-9999.0,-9999.0,-9999.0,-9999.0,-9999.0,-9999.0,-9999.0,color,orientation,size,0.22000000000000003,15.5,10,female,0,2707.0406706000003,0,23
3496,-9999.0,-9999.0,-9999.0,-9999.0,-9999.0,-9999.0,-9999.0,-9999.0,-9999.0,color,orientation,size,0.22000000000000003,15.5,10,female,0,2707.0406706000003,0,23
3497,-9999.0,-9999.0,-9999.0,-9999.0,-9999.0,-9999.0,-9999.0,-9999.0,-9999.0,color,orientation,size,0.22000000000000003,15.5,10,female,0,2707.0406706000003,0,23
3498,-9999.0,-9999.0,-9999.0,-9999.0,-9999.0,-9999.0,-9999.0,-9999.0,-9999.0,color,orientation,size,0.22000000000000003,15.5,10,female,0,2707.0406706000003,0,23
3499,-9999.0,-9999.0,-9999.0,-9999.0,-9999.0,-9999.0,-9999.0,-9999.0,-9999.0,color,orientation,size,0.22000000000000003,15.5,10,female,0,2707.0406706000003,0,23
3500,-9999.0,-9999.0,-9999.0,-9999.0,-9999.0,-9999.0,-9999.0,-9999.0,-9999.0,color,orientation,size,0.22000000000000003,15.5,10,female,0,2707.0406706000003,0,23
3501,-9999.0,-9999.0,-9999.0,-9999.0,-9999.0,-9999.0,-9999.0,-9999.0,-9999.0,color,orientation,size,0.22000000000000003,15.5,10,female,0,2707.0406706000003,0,23
3502,-9999.0,-9999.0,-9999.0,-9999.0,-9999.0,-9999.0,-9999.0,-9999.0,-9999.0,color,orientation,size,0.22000000000000003,15.5,10,female,0,2707.0406706000003,0,23
3503,-9999.0,-9999.0,-9999.0,-9999.0,-9999.0,-9999.0,-9999.0,-9999.0,-9999.0,color,orientation,size,0.22000000000000003,15.5,10,female,0,2707.0406706000003,0,23
3504,-9999.0,-9999.0,-9999.0,-9999.0,-9999.0,-9999.0,-9999.0,-9999.0,-9999.0,color,orientation,size,0.22000000000000003,15.5,10,female,0,2707.0406706000003,0,23
3505,-9999.0,-9999.0,-9999.0,-9999.0,-9999.0,-9999.0,-9999.0,-9999.0,-9999.0,color,orientation,size,0.22000000000000003,15.5,10,female,0,2707.0406706000003,0,23
3506,-9999.0,-9999.0,-9999.0,-9999.0,-9999.0,-9999.0,-9999.0,-9999.0,-9999.0,color,orientation,size,0.22000000000000003,15.5,10,female,0,2707.0406706000003,0,23
3507,-9999.0,-9999.0,-9999.0,-9999.0,-9999.0,-9999.0,-9999.0,-9999.0,-9999.0,color,orientation,size,0.22000000000000003,15.5,10,female,0,2707.0406706000003,0,23
3508,-9999.0,-9999.0,-9999.0,-9999.0,-9999.0,-9999.0,-9999.0,-9999.0,-9999.0,color,orientation,size,0.22000000000000003,15.5,10,female,0,2707.0406706000003,0,23
3509,-9999.0,-9999.0,-9999.0,-9999.0,-9999.0,-9999.0,-9999.0,-9999.0,-9999.0,color,orientation,size,0.22000000000000003,15.5,10,female,0,2707.0406706000003,0,23
3510,-9999.0,-9999.0,-9999.0,-9999.0,-9999.0,-9999.0,-9999.0,-9999.0,-9999.0,color,orientation,size,0.22000000000000003,15.5,10,female,0,2707.0406706000003,0,23
3511,-9999.0,-9999.0,-9999.0,-9999.0,-9999.0,-9999.0,-9999.0,-9999.0,-9999.0,color,orientation,size,0.22000000000000003,15.5,10,female,0,2707.0406706000003,0,23
3512,-9999.0,-9999.0,-9999.0,-9999.0,-9999.0,-9999.0,-9999.0,-9999.0,-9999.0,color,orientation,size,0.22000000000000003,15.5,10,female,0,2707.0406706000003,0,23
3513,-9999.0,-9999.0,-9999.0,-9999.0,-9999.0,-9999.0,-9999.0,-9999.0,-9999.0,color,orientation,size,0.22000000000000003,15.5,10,female,0,2707.0406706000003,0,23
3514,-9999.0,-9999.0,-9999.0,-9999.0,-9999.0,-9999.0,-9999.0,-9999.0,-9999.0,color,orientation,size,0.22000000000000003,15.5,10,female,0,2707.0406706000003,0,23
3515,-9999.0,-9999.0,-9999.0,-9999.0,-9999.0,-9999.0,-9999.0,-9999.0,-9999.0,color,orientation,size,0.22000000000000003,15.5,10,female,0,2707.0406706000003,0,23
3516,-9999.0,-9999.0,-9999.0,-9999.0,-9999.0,-9999.0,-9999.0,-9999.0,-9999.0,color,orientation,size,0.22000000000000003,15.5,10,female,0,2707.0406706000003,0,23
3517,-9999.0,-9999.0,-9999.0,-9999.0,-9999.0,-9999.0,-9999.0,-9999.0,-9999.0,color,orientation,size,0.22000000000000003,15.5,10,female,0,2707.0406706000003,0,23
3518,-9999.0,-9999.0,-9999.0,-9999.0,-9999.0,-9999.0,-9999.0,-9999.0,-9999.0,color,orientation,size,0.22000000000000003,15.5,10,female,0,2707.0406706000003,0,23
3519,-9999.0,-9999.0,-9999.0,-9999.0,-9999.0,-9999.0,-9999.0,-9999.0,-9999.0,color,orientation,size,0.22000000000000003,15.5,10,female,0,2707.0406706000003,0,23
3520,-9999.0,-9999.0,-9999.0,-9999.0,-9999.0,-9999.0,-9999.0,-9999.0,-9999.0,color,orientation,size,0.22000000000000003,15.5,10,female,0,2707.0406706000003,0,23
3521,-9999.0,-9999.0,-9999.0,-9999.0,-9999.0,-9999.0,-9999.0,-9999.0,-9999.0,color,orientation,size,0.22000000000000003,15.5,10,female,0,2707.0406706000003,0,23
3522,-9999.0,-9999.0,-9999.0,-9999.0,-9999.0,-9999.0,-9999.0,-9999.0,-9999.0,color,orientation,size,0.22000000000000003,15.5,10,female,0,2707.0406706000003,0,23
3523,-9999.0,-9999.0,-9999.0,-9999.0,-9999.0,-9999.0,-9999.0,-9999.0,-9999.0,color,orientation,size,0.22000000000000003,15.5,10,female,0,2707.0406706000003,0,23
3524,-9999.0,-9999.0,-9999.0,-9999.0,-9999.0,-9999.0,-9999.0,-9999.0,-9999.0,color,orientation,size,0.22000000000000003,15.5,10,female,0,2707.0406706000003,0,23
3525,-9999.0,-9999.0,-9999.0,-9999.0,-9999.0,-9999.0,-9999.0,-9999.0,-9999.0,color,orientation,size,0.22000000000000003,15.5,10,female,0,2707.0406706000003,0,23
3526,-9999.0,-9999.0,-9999.0,-9999.0,-9999.0,-9999.0,-9999.0,-9999.0,-9999.0,color,orientation,size,0.22000000000000003,15.5,10,female,0,2707.0406706000003,0,23
3527,-9999.0,-9999.0,-9999.0,-9999.0,-9999.0,-9999.0,-9999.0,-9999.0,-9999.0,color,orientation,size,0.22000000000000003,15.5,10,female,0,2707.0406706000003,0,23
3528,-9999.0,-9999.0,-9999.0,-9999.0,-9999.0,-9999.0,-9999.0,-9999.0,-9999.0,color,orientation,size,0.22000000000000003,15.5,10,female,0,2707.0406706000003,0,23
3529,-9999.0,-9999.0,-9999.0,-9999.0,-9999.0,-9999.0,-9999.0,-9999.0,-9999.0,color,orientation,size,0.22000000000000003,15.5,10,female,0,2707.0406706000003,0,23
3530,-9999.0,-9999.0,-9999.0,-9999.0,-9999.0,-9999.0,-9999.0,-9999.0,-9999.0,color,orientation,size,0.22000000000000003,15.5,10,female,0,2707.0406706000003,0,23
3531,-9999.0,-9999.0,-9999.0,-9999.0,-9999.0,-9999.0,-9999.0,-9999.0,-9999.0,color,orientation,size,0.22000000000000003,15.5,10,female,0,2707.0406706000003,0,23
3532,-9999.0,-9999.0,-9999.0,-9999.0,-9999.0,-9999.0,-9999.0,-9999.0,-9999.0,color,orientation,size,0.22000000000000003,15.5,10,female,0,2707.0406706000003,0,23
3533,-9999.0,-9999.0,-9999.0,-9999.0,-9999.0,-9999.0,-9999.0,-9999.0,-9999.0,color,orientation,size,0.22000000000000003,15.5,10,female,0,2707.0406706000003,0,23
3534,-9999.0,-9999.0,-9999.0,-9999.0,-9999.0,-9999.0,-9999.0,-9999.0,-9999.0,color,orientation,size,0.22000000000000003,15.5,10,female,0,2707.0406706000003,0,23
3535,-9999.0,-9999.0,-9999.0,-9999.0,-9999.0,-9999.0,-9999.0,-9999.0,-9999.0,color,orientation,size,0.22000000000000003,15.5,10,female,0,2707.0406706000003,0,23
3536,-9999.0,-9999.0,-9999.0,-9999.0,-9999.0,-9999.0,-9999.0,-9999.0,-9999.0,color,orientation,size,0.22000000000000003,15.5,10,female,0,2707.0406706000003,0,23
3537,-9999.0,-9999.0,-9999.0,-9999.0,-9999.0,-9999.0,-9999.0,-9999.0,-9999.0,color,orientation,size,0.22000000000000003,15.5,10,female,0,2707.0406706000003,0,23
3538,-9999.0,-9999.0,-9999.0,-9999.0,-9999.0,-9999.0,-9999.0,-9999.0,-9999.0,color,orientation,size,0.22000000000000003,15.5,10,female,0,2707.0406706000003,0,23
3539,-9999.0,-9999.0,-9999.0,-9999.0,-9999.0,-9999.0,-9999.0,-9999.0,-9999.0,color,orientation,size,0.22000000000000003,15.5,10,female,0,2707.0406706000003,0,23
3540,-9999.0,-9999.0,-9999.0,-9999.0,-9999.0,-9999.0,-9999.0,-9999.0,-9999.0,color,orientation,size,0.22000000000000003,15.5,10,female,0,2707.0406706000003,0,23
3541,-9999.0,-9999.0,-9999.0,-9999.0,-9999.0,-9999.0,-9999.0,-9999.0,-9999.0,color,orientation,size,0.22000000000000003,15.5,10,female,0,2707.0406706000003,0,23
3542,-9999.0,-9999.0,-9999.0,-9999.0,-9999.0,-9999.0,-9999.0,-9999.0,-9999.0,color,orientation,size,0.22000000000000003,15.5,10,female,0,2707.0406706000003,0,23
3543,-9999.0,-9999.0,-9999.0,-9999.0,-9999.0,-9999.0,-9999.0,-9999.0,-9999.0,color,orientation,size,0.22000000000000003,15.5,10,female,0,2707.0406706000003,0,23
3544,-9999.0,-9999.0,-9999.0,-9999.0,-9999.0,-9999.0,-9999.0,-9999.0,-9999.0,color,orientation,size,0.22000000000000003,15.5,10,female,0,2707.0406706000003,0,23
3545,-9999.0,-9999.0,-9999.0,-9999.0,-9999.0,-9999.0,-9999.0,-9999.0,-9999.0,color,orientation,size,0.22000000000000003,15.5,10,female,0,2707.0406706000003,0,23
3546,-9999.0,-9999.0,-9999.0,-9999.0,-9999.0,-9999.0,-9999.0,-9999.0,-9999.0,color,orientation,size,0.22000000000000003,15.5,10,female,0,2707.0406706000003,0,23
3547,-9999.0,-9999.0,-9999.0,-9999.0,-9999.0,-9999.0,-9999.0,-9999.0,-9999.0,color,orientation,size,0.22000000000000003,15.5,10,female,0,2707.0406706000003,0,23
3548,-9999.0,-9999.0,-9999.0,-9999.0,-9999.0,-9999.0,-9999.0,-9999.0,-9999.0,color,orientation,size,0.22000000000000003,15.5,10,female,0,2707.0406706000003,0,23
3549,-9999.0,-9999.0,-9999.0,-9999.0,-9999.0,-9999.0,-9999.0,-9999.0,-9999.0,color,orientation,size,0.22000000000000003,15.5,10,female,0,2707.0406706000003,0,23
3550,-9999.0,-9999.0,-9999.0,-9999.0,-9999.0,-9999.0,-9999.0,-9999.0,-9999.0,color,orientation,size,0.22000000000000003,15.5,10,female,0,2707.0406706000003,0,23
3551,-9999.0,-9999.0,-9999.0,-9999.0,-9999.0,-9999.0,-9999.0,-9999.0,-9999.0,color,orientation,size,0.22000000000000003,15.5,10,female,0,2707.0406706000003,0,23
3552,-9999.0,-9999.0,-9999.0,-9999.0,-9999.0,-9999.0,-9999.0,-9999.0,-9999.0,color,orientation,size,0.22000000000000003,15.5,10,female,0,2707.0406706000003,0,23
3553,-9999.0,-9999.0,-9999.0,-9999.0,-9999.0,-9999.0,-9999.0,-9999.0,-9999.0,color,orientation,size,0.22000000000000003,15.5,10,female,0,2707.0406706000003,0,23
3554,-9999.0,-9999.0,-9999.0,-9999.0,-9999.0,-9999.0,-9999.0,-9999.0,-9999.0,color,orientation,size,0.22000000000000003,15.5,10,female,0,2707.0406706000003,0,23
3555,-9999.0,-9999.0,-9999.0,-9999.0,-9999.0,-9999.0,-9999.0,-9999.0,-9999.0,color,orientation,size,0.22000000000000003,15.5,10,female,0,2707.0406706000003,0,23
3556,-9999.0,-9999.0,-9999.0,-9999.0,-9999.0,-9999.0,-9999.0,-9999.0,-9999.0,color,orientation,size,0.22000000000000003,15.5,10,female,0,2707.0406706000003,0,23
3557,-9999.0,-9999.0,-9999.0,-9999.0,-9999.0,-9999.0,-9999.0,-9999.0,-9999.0,color,orientation,size,0.22000000000000003,15.5,10,female,0,2707.0406706000003,0,23
3558,-9999.0,-9999.0,-9999.0,-9999.0,-9999.0,-9999.0,-9999.0,-9999.0,-9999.0,color,orientation,size,0.22000000000000003,15.5,10,female,0,2707.0406706000003,0,23
3559,-9999.0,-9999.0,-9999.0,-9999.0,-9999.0,-9999.0,-9999.0,-9999.0,-9999.0,color,orientation,size,0.22000000000000003,15.5,10,female,0,2707.0406706000003,0,23
3560,-9999.0,-9999.0,-9999.0,-9999.0,-9999.0,-9999.0,-9999.0,-9999.0,-9999.0,color,orientation,size,0.22000000000000003,15.5,10,female,0,2707.0406706000003,0,23
3561,-9999.0,-9999.0,-9999.0,-9999.0,-9999.0,-9999.0,-9999.0,-9999.0,-9999.0,color,orientation,size,0.22000000000000003,15.5,10,female,0,2707.0406706000003,0,23
3562,-9999.0,-9999.0,-9999.0,-9999.0,-9999.0,-9999.0,-9999.0,-9999.0,-9999.0,color,orientation,size,0.22000000000000003,15.5,10,female,0,2707.0406706000003,0,23
3563,-9999.0,-9999.0,-9999.0,-9999.0,-9999.0,-9999.0,-9999.0,-9999.0,-9999.0,color,orientation,size,0.22000000000000003,15.5,10,female,0,2707.0406706000003,0,23
3564,-9999.0,-9999.0,-9999.0,-9999.0,-9999.0,-9999.0,-9999.0,-9999.0,-9999.0,color,orientation,size,0.22000000000000003,15.5,10,female,0,2707.0406706000003,0,23
3565,-9999.0,-9999.0,-9999.0,-9999.0,-9999.0,-9999.0,-9999.0,-9999.0,-9999.0,color,orientation,size,0.22000000000000003,15.5,10,female,0,2707.0406706000003,0,23
3566,-9999.0,-9999.0,-9999.0,-9999.0,-9999.0,-9999.0,-9999.0,-9999.0,-9999.0,color,orientation,size,0.22000000000000003,15.5,10,female,0,2707.0406706000003,0,23
3567,-9999.0,-9999.0,-9999.0,-9999.0,-9999.0,-9999.0,-9999.0,-9999.0,-9999.0,color,orientation,size,0.22000000000000003,15.5,10,female,0,2707.0406706000003,0,23
3568,-9999.0,-9999.0,-9999.0,-9999.0,-9999.0,-9999.0,-9999.0,-9999.0,-9999.0,color,orientation,size,0.22000000000000003,15.5,10,female,0,2707.0406706000003,0,23
3569,-9999.0,-9999.0,-9999.0,-9999.0,-9999.0,-9999.0,-9999.0,-9999.0,-9999.0,color,orientation,size,0.22000000000000003,15.5,10,female,0,2707.0406706000003,0,23
3570,-9999.0,-9999.0,-9999.0,-9999.0,-9999.0,-9999.0,-9999.0,-9999.0,-9999.0,color,orientation,size,0.22000000000000003,15.5,10,female,0,2707.0406706000003,0,23
3571,-9999.0,-9999.0,-9999.0,-9999.0,-9999.0,-9999.0,-9999.0,-9999.0,-9999.0,color,orientation,size,0.22000000000000003,15.5,10,female,0,2707.0406706000003,0,23
3572,-9999.0,-9999.0,-9999.0,-9999.0,-9999.0,-9999.0,-9999.0,-9999.0,-9999.0,color,orientation,size,0.22000000000000003,15.5,10,female,0,2707.0406706000003,0,23
3573,-9999.0,-9999.0,-9999.0,-9999.0,-9999.0,-9999.0,-9999.0,-9999.0,-9999.0,color,orientation,size,0.22000000000000003,15.5,10,female,0,2707.0406706000003,0,23
3574,-9999.0,-9999.0,-9999.0,-9999.0,-9999.0,-9999.0,-9999.0,-9999.0,-9999.0,color,orientation,size,0.22000000000000003,15.5,10,female,0,2707.0406706000003,0,23
3575,-9999.0,-9999.0,-9999.0,-9999.0,-9999.0,-9999.0,-9999.0,-9999.0,-9999.0,color,orientation,size,0.22000000000000003,15.5,10,female,0,2707.0406706000003,0,23
3576,-9999.0,-9999.0,-9999.0,-9999.0,-9999.0,-9999.0,-9999.0,-9999.0,-9999.0,color,orientation,size,0.22000000000000003,15.5,10,female,0,2707.0406706000003,0,23
3577,-9999.0,-9999.0,-9999.0,-9999.0,-9999.0,-9999.0,-9999.0,-9999.0,-9999.0,color,orientation,size,0.22000000000000003,15.5,10,female,0,2707.0406706000003,0,23
3578,-9999.0,-9999.0,-9999.0,-9999.0,-9999.0,-9999.0,-9999.0,-9999.0,-9999.0,color,orientation,size,0.22000000000000003,15.5,10,female,0,2707.0406706000003,0,23
3579,-9999.0,-9999.0,-9999.0,-9999.0,-9999.0,-9999.0,-9999.0,-9999.0,-9999.0,color,orientation,size,0.22000000000000003,15.5,10,female,0,2707.0406706000003,0,23
3580,-9999.0,-9999.0,-9999.0,-9999.0,-9999.0,-9999.0,-9999.0,-9999.0,-9999.0,color,orientation,size,0.22000000000000003,15.5,10,female,0,2707.0406706000003,0,23
3581,-9999.0,-9999.0,-9999.0,-9999.0,-9999.0,-9999.0,-9999.0,-9999.0,-9999.0,color,orientation,size,0.22000000000000003,15.5,10,female,0,2707.0406706000003,0,23
3582,-9999.0,-9999.0,-9999.0,-9999.0,-9999.0,-9999.0,-9999.0,-9999.0,-9999.0,color,orientation,size,0.22000000000000003,15.5,10,female,0,2707.0406706000003,0,23
3583,-9999.0,-9999.0,-9999.0,-9999.0,-9999.0,-9999.0,-9999.0,-9999.0,-9999.0,color,orientation,size,0.22000000000000003,15.5,10,female,0,2707.0406706000003,0,23
3584,-9999.0,-9999.0,-9999.0,-9999.0,-9999.0,-9999.0,-9999.0,-9999.0,-9999.0,color,orientation,size,0.22000000000000003,15.5,10,female,0,2707.0406706000003,0,23
3585,-9999.0,-9999.0,-9999.0,-9999.0,-9999.0,-9999.0,-9999.0,-9999.0,-9999.0,color,orientation,size,0.22000000000000003,15.5,10,female,0,2707.0406706000003,0,23
3586,-9999.0,-9999.0,-9999.0,-9999.0,-9999.0,-9999.0,-9999.0,-9999.0,-9999.0,color,orientation,size,0.22000000000000003,15.5,10,female,0,2707.0406706000003,0,23
3587,-9999.0,-9999.0,-9999.0,-9999.0,-9999.0,-9999.0,-9999.0,-9999.0,-9999.0,color,orientation,size,0.22000000000000003,15.5,10,female,0,2707.0406706000003,0,23
3588,-9999.0,-9999.0,-9999.0,-9999.0,-9999.0,-9999.0,-9999.0,-9999.0,-9999.0,color,orientation,size,0.22000000000000003,15.5,10,female,0,2707.0406706000003,0,23
3589,-9999.0,-9999.0,-9999.0,-9999.0,-9999.0,-9999.0,-9999.0,-9999.0,-9999.0,color,orientation,size,0.22000000000000003,15.5,10,female,0,2707.0406706000003,0,23
3590,-9999.0,-9999.0,-9999.0,-9999.0,-9999.0,-9999.0,-9999.0,-9999.0,-9999.0,color,orientation,size,0.22000000000000003,15.5,10,female,0,2707.0406706000003,0,23
3591,-9999.0,-9999.0,-9999.0,-9999.0,-9999.0,-9999.0,-9999.0,-9999.0,-9999.0,color,orientation,size,0.22000000000000003,15.5,10,female,0,2707.0406706000003,0,23
3592,-9999.0,-9999.0,-9999.0,-9999.0,-9999.0,-9999.0,-9999.0,-9999.0,-9999.0,color,orientation,size,0.22000000000000003,15.5,10,female,0,2707.0406706000003,0,23
3593,-9999.0,-9999.0,-9999.0,-9999.0,-9999.0,-9999.0,-9999.0,-9999.0,-9999.0,color,orientation,size,0.22000000000000003,15.5,10,female,0,2707.0406706000003,0,23
3594,-9999.0,-9999.0,-9999.0,-9999.0,-9999.0,-9999.0,-9999.0,-9999.0,-9999.0,color,orientation,size,0.22000000000000003,15.5,10,female,0,2707.0406706000003,0,23
3595,-9999.0,-9999.0,-9999.0,-9999.0,-9999.0,-9999.0,-9999.0,-9999.0,-9999.0,color,orientation,size,0.22000000000000003,15.5,10,female,0,2707.0406706000003,0,23
3596,-9999.0,-9999.0,-9999.0,-9999.0,-9999.0,-9999.0,-9999.0,-9999.0,-9999.0,color,orientation,size,0.22000000000000003,15.5,10,female,0,2707.0406706000003,0,23
3597,-9999.0,-9999.0,-9999.0,-9999.0,-9999.0,-9999.0,-9999.0,-9999.0,-9999.0,color,orientation,size,0.22000000000000003,15.5,10,female,0,2707.0406706000003,0,23
3598,-9999.0,-9999.0,-9999.0,-9999.0,-9999.0,-9999.0,-9999.0,-9999.0,-9999.0,color,orientation,size,0.22000000000000003,15.5,10,female,0,2707.0406706000003,0,23
3599,-9999.0,-9999.0,-9999.0,-9999.0,-9999.0,-9999.0,-9999.0,-9999.0,-9999.0,color,orientation,size,0.22000000000000003,15.5,10,female,0,2707.0406706000003,0,23
3600,-9999.0,-9999.0,-9999.0,-9999.0,-9999.0,-9999.0,-9999.0,-9999.0,-9999.0,color,orientation,size,0.22000000000000003,15.5,10,female,0,2707.0406706000003,0,23
3601,-9999.0,-9999.0,-9999.0,-9999.0,-9999.0,-9999.0,-9999.0,-9999.0,-9999.0,color,orientation,size,0.22000000000000003,15.5,10,female,0,2707.0406706000003,0,23
3602,-9999.0,-9999.0,-9999.0,-9999.0,-9999.0,-9999.0,-9999.0,-9999.0,-9999.0,color,orientation,size,0.22000000000000003,15.5,10,female,0,2707.0406706000003,0,23
3603,-9999.0,-9999.0,-9999.0,-9999.0,-9999.0,-9999.0,-9999.0,-9999.0,-9999.0,color,orientation,size,0.22000000000000003,15.5,10,female,0,2707.0406706000003,0,23
3604,-9999.0,-9999.0,-9999.0,-9999.0,-9999.0,-9999.0,-9999.0,-9999.0,-9999.0,color,orientation,size,0.22000000000000003,15.5,10,female,0,2707.0406706000003,0,23
3605,-9999.0,-9999.0,-9999.0,-9999.0,-9999.0,-9999.0,-9999.0,-9999.0,-9999.0,color,orientation,size,0.22000000000000003,15.5,10,female,0,2707.0406706000003,0,23
3606,-9999.0,-9999.0,-9999.0,-9999.0,-9999.0,-9999.0,-9999.0,-9999.0,-9999.0,color,orientation,size,0.22000000000000003,15.5,10,female,0,2707.0406706000003,0,23
3607,-9999.0,-9999.0,-9999.0,-9999.0,-9999.0,-9999.0,-9999.0,-9999.0,-9999.0,color,orientation,size,0.22000000000000003,15.5,10,female,0,2707.0406706000003,0,23
3608,-9999.0,-9999.0,-9999.0,-9999.0,-9999.0,-9999.0,-9999.0,-9999.0,-9999.0,color,orientation,size,0.22000000000000003,15.5,10,female,0,2707.0406706000003,0,23
3609,-9999.0,-9999.0,-9999.0,-9999.0,-9999.0,-9999.0,-9999.0,-9999.0,-9999.0,color,orientation,size,0.22000000000000003,15.5,10,female,0,2707.0406706000003,0,23
3610,-9999.0,-9999.0,-9999.0,-9999.0,-9999.0,-9999.0,-9999.0,-9999.0,-9999.0,color,orientation,size,0.22000000000000003,15.5,10,female,0,2707.0406706000003,0,23
3611,-9999.0,-9999.0,-9999.0,-9999.0,-9999.0,-9999.0,-9999.0,-9999.0,-9999.0,color,orientation,size,0.22000000000000003,15.5,10,female,0,2707.0406706000003,0,23
3612,-9999.0,-9999.0,-9999.0,-9999.0,-9999.0,-9999.0,-9999.0,-9999.0,-9999.0,color,orientation,size,0.22000000000000003,15.5,10,female,0,2707.0406706000003,0,23
3613,-9999.0,-9999.0,-9999.0,-9999.0,-9999.0,-9999.0,-9999.0,-9999.0,-9999.0,color,orientation,size,0.22000000000000003,15.5,10,female,0,2707.0406706000003,0,23
3614,-9999.0,-9999.0,-9999.0,-9999.0,-9999.0,-9999.0,-9999.0,-9999.0,-9999.0,color,orientation,size,0.22000000000000003,15.5,10,female,0,2707.0406706000003,0,23
3615,-9999.0,-9999.0,-9999.0,-9999.0,-9999.0,-9999.0,-9999.0,-9999.0,-9999.0,color,orientation,size,0.22000000000000003,15.5,10,female,0,2707.0406706000003,0,23
3616,-9999.0,-9999.0,-9999.0,-9999.0,-9999.0,-9999.0,-9999.0,-9999.0,-9999.0,color,orientation,size,0.22000000000000003,15.5,10,female,0,2707.0406706000003,0,23
3617,-9999.0,-9999.0,-9999.0,-9999.0,-9999.0,-9999.0,-9999.0,-9999.0,-9999.0,color,orientation,size,0.22000000000000003,15.5,10,female,0,2707.0406706000003,0,23
3618,-9999.0,-9999.0,-9999.0,-9999.0,-9999.0,-9999.0,-9999.0,-9999.0,-9999.0,color,orientation,size,0.22000000000000003,15.5,10,female,0,2707.0406706000003,0,23
3619,-9999.0,-9999.0,-9999.0,-9999.0,-9999.0,-9999.0,-9999.0,-9999.0,-9999.0,color,orientation,size,0.22000000000000003,15.5,10,female,0,2707.0406706000003,0,23
3620,-9999.0,-9999.0,-9999.0,-9999.0,-9999.0,-9999.0,-9999.0,-9999.0,-9999.0,color,orientation,size,0.22000000000000003,15.5,10,female,0,2707.0406706000003,0,23
3621,-9999.0,-9999.0,-9999.0,-9999.0,-9999.0,-9999.0,-9999.0,-9999.0,-9999.0,color,orientation,size,0.22000000000000003,15.5,10,female,0,2707.0406706000003,0,23
3622,-9999.0,-9999.0,-9999.0,-9999.0,-9999.0,-9999.0,-9999.0,-9999.0,-9999.0,color,orientation,size,0.22000000000000003,15.5,10,female,0,2707.0406706000003,0,23
3623,-9999.0,-9999.0,-9999.0,-9999.0,-9999.0,-9999.0,-9999.0,-9999.0,-9999.0,color,orientation,size,0.22000000000000003,15.5,10,female,0,2707.0406706000003,0,23
3624,-9999.0,-9999.0,-9999.0,-9999.0,-9999.0,-9999.0,-9999.0,-9999.0,-9999.0,color,orientation,size,0.22000000000000003,15.5,10,female,0,2707.0406706000003,0,23
3625,-9999.0,-9999.0,-9999.0,-9999.0,-9999.0,-9999.0,-9999.0,-9999.0,-9999.0,color,orientation,size,0.22000000000000003,15.5,10,female,0,2707.0406706000003,0,23
3626,-9999.0,-9999.0,-9999.0,-9999.0,-9999.0,-9999.0,-9999.0,-9999.0,-9999.0,color,orientation,size,0.22000000000000003,15.5,10,female,0,2707.0406706000003,0,23
3627,-9999.0,-9999.0,-9999.0,-9999.0,-9999.0,-9999.0,-9999.0,-9999.0,-9999.0,color,orientation,size,0.22000000000000003,15.5,10,female,0,2707.0406706000003,0,23
3628,-9999.0,-9999.0,-9999.0,-9999.0,-9999.0,-9999.0,-9999.0,-9999.0,-9999.0,color,orientation,size,0.22000000000000003,15.5,10,female,0,2707.0406706000003,0,23
3629,-9999.0,-9999.0,-9999.0,-9999.0,-9999.0,-9999.0,-9999.0,-9999.0,-9999.0,color,orientation,size,0.22000000000000003,15.5,10,female,0,2707.0406706000003,0,23
3630,-9999.0,-9999.0,-9999.0,-9999.0,-9999.0,-9999.0,-9999.0,-9999.0,-9999.0,color,orientation,size,0.22000000000000003,15.5,10,female,0,2707.0406706000003,0,23
3631,-9999.0,-9999.0,-9999.0,-9999.0,-9999.0,-9999.0,-9999.0,-9999.0,-9999.0,color,orientation,size,0.22000000000000003,15.5,10,female,0,2707.0406706000003,0,23
3632,-9999.0,-9999.0,-9999.0,-9999.0,-9999.0,-9999.0,-9999.0,-9999.0,-9999.0,color,orientation,size,0.22000000000000003,15.5,10,female,0,2707.0406706000003,0,23
3633,-9999.0,-9999.0,-9999.0,-9999.0,-9999.0,-9999.0,-9999.0,-9999.0,-9999.0,color,orientation,size,0.22000000000000003,15.5,10,female,0,2707.0406706000003,0,23
3634,-9999.0,-9999.0,-9999.0,-9999.0,-9999.0,-9999.0,-9999.0,-9999.0,-9999.0,color,orientation,size,0.22000000000000003,15.5,10,female,0,2707.0406706000003,0,23
3635,-9999.0,-9999.0,-9999.0,-9999.0,-9999.0,-9999.0,-9999.0,-9999.0,-9999.0,color,orientation,size,0.22000000000000003,15.5,10,female,0,2707.0406706000003,0,23
3636,-9999.0,-9999.0,-9999.0,-9999.0,-9999.0,-9999.0,-9999.0,-9999.0,-9999.0,color,orientation,size,0.22000000000000003,15.5,10,female,0,2707.0406706000003,0,23
3637,-9999.0,-9999.0,-9999.0,-9999.0,-9999.0,-9999.0,-9999.0,-9999.0,-9999.0,color,orientation,size,0.22000000000000003,15.5,10,female,0,2707.0406706000003,0,23
3638,-9999.0,-9999.0,-9999.0,-9999.0,-9999.0,-9999.0,-9999.0,-9999.0,-9999.0,color,orientation,size,0.22000000000000003,15.5,10,female,0,2707.0406706000003,0,23
3639,-9999.0,-9999.0,-9999.0,-9999.0,-9999.0,-9999.0,-9999.0,-9999.0,-9999.0,color,orientation,size,0.22000000000000003,15.5,10,female,0,2707.0406706000003,0,23
3640,-9999.0,-9999.0,-9999.0,-9999.0,-9999.0,-9999.0,-9999.0,-9999.0,-9999.0,color,orientation,size,0.22000000000000003,15.5,10,female,0,2707.0406706000003,0,23
3641,-9999.0,-9999.0,-9999.0,-9999.0,-9999.0,-9999.0,-9999.0,-9999.0,-9999.0,color,orientation,size,0.22000000000000003,15.5,10,female,0,2707.0406706000003,0,23
3642,-9999.0,-9999.0,-9999.0,-9999.0,-9999.0,-9999.0,-9999.0,-9999.0,-9999.0,color,orientation,size,0.22000000000000003,15.5,10,female,0,2707.0406706000003,0,23
3643,-9999.0,-9999.0,-9999.0,-9999.0,-9999.0,-9999.0,-9999.0,-9999.0,-9999.0,color,orientation,size,0.22000000000000003,15.5,10,female,0,2707.0406706000003,0,23
3644,-9999.0,-9999.0,-9999.0,-9999.0,-9999.0,-9999.0,-9999.0,-9999.0,-9999.0,color,orientation,size,0.22000000000000003,15.5,10,female,0,2707.0406706000003,0,23
3645,-9999.0,-9999.0,-9999.0,-9999.0,-9999.0,-9999.0,-9999.0,-9999.0,-9999.0,color,orientation,size,0.22000000000000003,15.5,10,female,0,2707.0406706000003,0,23
3646,-9999.0,-9999.0,-9999.0,-9999.0,-9999.0,-9999.0,-9999.0,-9999.0,-9999.0,color,orientation,size,0.22000000000000003,15.5,10,female,0,2707.0406706000003,0,23
3647,-9999.0,-9999.0,-9999.0,-9999.0,-9999.0,-9999.0,-9999.0,-9999.0,-9999.0,color,orientation,size,0.22000000000000003,15.5,10,female,0,2707.0406706000003,0,23
3648,-9999.0,-9999.0,-9999.0,-9999.0,-9999.0,-9999.0,-9999.0,-9999.0,-9999.0,color,orientation,size,0.22000000000000003,15.5,10,female,0,2707.0406706000003,0,23
3649,-9999.0,-9999.0,-9999.0,-9999.0,-9999.0,-9999.0,-9999.0,-9999.0,-9999.0,color,orientation,size,0.22000000000000003,15.5,10,female,0,2707.0406706000003,0,23
3650,-9999.0,-9999.0,-9999.0,-9999.0,-9999.0,-9999.0,-9999.0,-9999.0,-9999.0,color,orientation,size,0.22000000000000003,15.5,10,female,0,2707.0406706000003,0,23
3651,-9999.0,-9999.0,-9999.0,-9999.0,-9999.0,-9999.0,-9999.0,-9999.0,-9999.0,color,orientation,size,0.22000000000000003,15.5,10,female,0,2707.0406706000003,0,23
3652,-9999.0,-9999.0,-9999.0,-9999.0,-9999.0,-9999.0,-9999.0,-9999.0,-9999.0,color,orientation,size,0.22000000000000003,15.5,10,female,0,2707.0406706000003,0,23
3653,-9999.0,-9999.0,-9999.0,-9999.0,-9999.0,-9999.0,-9999.0,-9999.0,-9999.0,color,orientation,size,0.22000000000000003,15.5,10,female,0,2707.0406706000003,0,23
3654,-9999.0,-9999.0,-9999.0,-9999.0,-9999.0,-9999.0,-9999.0,-9999.0,-9999.0,color,orientation,size,0.22000000000000003,15.5,10,female,0,2707.0406706000003,0,23
3655,-9999.0,-9999.0,-9999.0,-9999.0,-9999.0,-9999.0,-9999.0,-9999.0,-9999.0,color,orientation,size,0.22000000000000003,15.5,10,female,0,2707.0406706000003,0,23
3656,-9999.0,-9999.0,-9999.0,-9999.0,-9999.0,-9999.0,-9999.0,-9999.0,-9999.0,color,orientation,size,0.22000000000000003,15.5,10,female,0,2707.0406706000003,0,23
3657,-9999.0,-9999.0,-9999.0,-9999.0,-9999.0,-9999.0,-9999.0,-9999.0,-9999.0,color,orientation,size,0.22000000000000003,15.5,10,female,0,2707.0406706000003,0,23
3658,-9999.0,-9999.0,-9999.0,-9999.0,-9999.0,-9999.0,-9999.0,-9999.0,-9999.0,color,orientation,size,0.22000000000000003,15.5,10,female,0,2707.0406706000003,0,23
3659,-9999.0,-9999.0,-9999.0,-9999.0,-9999.0,-9999.0,-9999.0,-9999.0,-9999.0,color,orientation,size,0.22000000000000003,15.5,10,female,0,2707.0406706000003,0,23
3660,-9999.0,-9999.0,-9999.0,-9999.0,-9999.0,-9999.0,-9999.0,-9999.0,-9999.0,color,orientation,size,0.22000000000000003,15.5,10,female,0,2707.0406706000003,0,23
3661,-9999.0,-9999.0,-9999.0,-9999.0,-9999.0,-9999.0,-9999.0,-9999.0,-9999.0,color,orientation,size,0.22000000000000003,15.5,10,female,0,2707.0406706000003,0,23
3662,-9999.0,-9999.0,-9999.0,-9999.0,-9999.0,-9999.0,-9999.0,-9999.0,-9999.0,color,orientation,size,0.22000000000000003,15.5,10,female,0,2707.0406706000003,0,23
3663,-9999.0,-9999.0,-9999.0,-9999.0,-9999.0,-9999.0,-9999.0,-9999.0,-9999.0,color,orientation,size,0.22000000000000003,15.5,10,female,0,2707.0406706000003,0,23
3664,-9999.0,-9999.0,-9999.0,-9999.0,-9999.0,-9999.0,-9999.0,-9999.0,-9999.0,color,orientation,size,0.22000000000000003,15.5,10,female,0,2707.0406706000003,0,23
3665,-9999.0,-9999.0,-9999.0,-9999.0,-9999.0,-9999.0,-9999.0,-9999.0,-9999.0,color,orientation,size,0.22000000000000003,15.5,10,female,0,2707.0406706000003,0,23
3666,-9999.0,-9999.0,-9999.0,-9999.0,-9999.0,-9999.0,-9999.0,-9999.0,-9999.0,color,orientation,size,0.22000000000000003,15.5,10,female,0,2707.0406706000003,0,23
3667,-9999.0,-9999.0,-9999.0,-9999.0,-9999.0,-9999.0,-9999.0,-9999.0,-9999.0,color,orientation,size,0.22000000000000003,15.5,10,female,0,2707.0406706000003,0,23
3668,-9999.0,-9999.0,-9999.0,-9999.0,-9999.0,-9999.0,-9999.0,-9999.0,-9999.0,color,orientation,size,0.22000000000000003,15.5,10,female,0,2707.0406706000003,0,23
3669,-9999.0,-9999.0,-9999.0,-9999.0,-9999.0,-9999.0,-9999.0,-9999.0,-9999.0,color,orientation,size,0.22000000000000003,15.5,10,female,0,2707.0406706000003,0,23
3670,-9999.0,-9999.0,-9999.0,-9999.0,-9999.0,-9999.0,-9999.0,-9999.0,-9999.0,color,orientation,size,0.22000000000000003,15.5,10,female,0,2707.0406706000003,0,23
3671,-9999.0,-9999.0,-9999.0,-9999.0,-9999.0,-9999.0,-9999.0,-9999.0,-9999.0,color,orientation,size,0.22000000000000003,15.5,10,female,0,2707.0406706000003,0,23
3672,-9999.0,-9999.0,-9999.0,-9999.0,-9999.0,-9999.0,-9999.0,-9999.0,-9999.0,color,orientation,size,0.22000000000000003,15.5,10,female,0,2707.0406706000003,0,23
3673,-9999.0,-9999.0,-9999.0,-9999.0,-9999.0,-9999.0,-9999.0,-9999.0,-9999.0,color,orientation,size,0.22000000000000003,15.5,10,female,0,2707.0406706000003,0,23
3674,-9999.0,-9999.0,-9999.0,-9999.0,-9999.0,-9999.0,-9999.0,-9999.0,-9999.0,color,orientation,size,0.22000000000000003,15.5,10,female,0,2707.0406706000003,0,23
3675,-9999.0,-9999.0,-9999.0,-9999.0,-9999.0,-9999.0,-9999.0,-9999.0,-9999.0,color,orientation,size,0.22000000000000003,15.5,10,female,0,2707.0406706000003,0,23
3676,-9999.0,-9999.0,-9999.0,-9999.0,-9999.0,-9999.0,-9999.0,-9999.0,-9999.0,color,orientation,size,0.22000000000000003,15.5,10,female,0,2707.0406706000003,0,23
3677,-9999.0,-9999.0,-9999.0,-9999.0,-9999.0,-9999.0,-9999.0,-9999.0,-9999.0,color,orientation,size,0.22000000000000003,15.5,10,female,0,2707.0406706000003,0,23
3678,-9999.0,-9999.0,-9999.0,-9999.0,-9999.0,-9999.0,-9999.0,-9999.0,-9999.0,color,orientation,size,0.22000000000000003,15.5,10,female,0,2707.0406706000003,0,23
3679,-9999.0,-9999.0,-9999.0,-9999.0,-9999.0,-9999.0,-9999.0,-9999.0,-9999.0,color,orientation,size,0.22000000000000003,15.5,10,female,0,2707.0406706000003,0,23
3680,-9999.0,-9999.0,-9999.0,-9999.0,-9999.0,-9999.0,-9999.0,-9999.0,-9999.0,color,orientation,size,0.22000000000000003,15.5,10,female,0,2707.0406706000003,0,23
3681,-9999.0,-9999.0,-9999.0,-9999.0,-9999.0,-9999.0,-9999.0,-9999.0,-9999.0,color,orientation,size,0.22000000000000003,15.5,10,female,0,2707.0406706000003,0,23
3682,-9999.0,-9999.0,-9999.0,-9999.0,-9999.0,-9999.0,-9999.0,-9999.0,-9999.0,color,orientation,size,0.22000000000000003,15.5,10,female,0,2707.0406706000003,0,23
3683,-9999.0,-9999.0,-9999.0,-9999.0,-9999.0,-9999.0,-9999.0,-9999.0,-9999.0,color,orientation,size,0.22000000000000003,15.5,10,female,0,2707.0406706000003,0,23
3684,-9999.0,-9999.0,-9999.0,-9999.0,-9999.0,-9999.0,-9999.0,-9999.0,-9999.0,color,orientation,size,0.22000000000000003,15.5,10,female,0,2707.0406706000003,0,23
3685,-9999.0,-9999.0,-9999.0,-9999.0,-9999.0,-9999.0,-9999.0,-9999.0,-9999.0,color,orientation,size,0.22000000000000003,15.5,10,female,0,2707.0406706000003,0,23
3686,-9999.0,-9999.0,-9999.0,-9999.0,-9999.0,-9999.0,-9999.0,-9999.0,-9999.0,color,orientation,size,0.22000000000000003,15.5,10,female,0,2707.0406706000003,0,23
3687,-9999.0,-9999.0,-9999.0,-9999.0,-9999.0,-9999.0,-9999.0,-9999.0,-9999.0,color,orientation,size,0.22000000000000003,15.5,10,female,0,2707.0406706000003,0,23
3688,-9999.0,-9999.0,-9999.0,-9999.0,-9999.0,-9999.0,-9999.0,-9999.0,-9999.0,color,orientation,size,0.22000000000000003,15.5,10,female,0,2707.0406706000003,0,23
3689,-9999.0,-9999.0,-9999.0,-9999.0,-9999.0,-9999.0,-9999.0,-9999.0,-9999.0,color,orientation,size,0.22000000000000003,15.5,10,female,0,2707.0406706000003,0,23
3690,-9999.0,-9999.0,-9999.0,-9999.0,-9999.0,-9999.0,-9999.0,-9999.0,-9999.0,color,orientation,size,0.22000000000000003,15.5,10,female,0,2707.0406706000003,0,23
3691,-9999.0,-9999.0,-9999.0,-9999.0,-9999.0,-9999.0,-9999.0,-9999.0,-9999.0,color,orientation,size,0.22000000000000003,15.5,10,female,0,2707.0406706000003,0,23
3692,-9999.0,-9999.0,-9999.0,-9999.0,-9999.0,-9999.0,-9999.0,-9999.0,-9999.0,color,orientation,size,0.22000000000000003,15.5,10,female,0,2707.0406706000003,0,23
3693,-9999.0,-9999.0,-9999.0,-9999.0,-9999.0,-9999.0,-9999.0,-9999.0,-9999.0,color,orientation,size,0.22000000000000003,15.5,10,female,0,2707.0406706000003,0,23
3694,-9999.0,-9999.0,-9999.0,-9999.0,-9999.0,-9999.0,-9999.0,-9999.0,-9999.0,color,orientation,size,0.22000000000000003,15.5,10,female,0,2707.0406706000003,0,23
3695,-9999.0,-9999.0,-9999.0,-9999.0,-9999.0,-9999.0,-9999.0,-9999.0,-9999.0,color,orientation,size,0.22000000000000003,15.5,10,female,0,2707.0406706000003,0,23
3696,-9999.0,-9999.0,-9999.0,-9999.0,-9999.0,-9999.0,-9999.0,-9999.0,-9999.0,color,orientation,size,0.22000000000000003,15.5,10,female,0,2707.0406706000003,0,23
3697,-9999.0,-9999.0,-9999.0,-9999.0,-9999.0,-9999.0,-9999.0,-9999.0,-9999.0,color,orientation,size,0.22000000000000003,15.5,10,female,0,2707.0406706000003,0,23
3698,-9999.0,-9999.0,-9999.0,-9999.0,-9999.0,-9999.0,-9999.0,-9999.0,-9999.0,color,orientation,size,0.22000000000000003,15.5,10,female,0,2707.0406706000003,0,23
3699,-9999.0,-9999.0,-9999.0,-9999.0,-9999.0,-9999.0,-9999.0,-9999.0,-9999.0,color,orientation,size,0.22000000000000003,15.5,10,female,0,2707.0406706000003,0,23
3700,-9999.0,-9999.0,-9999.0,-9999.0,-9999.0,-9999.0,-9999.0,-9999.0,-9999.0,color,orientation,size,0.22000000000000003,15.5,10,female,0,2707.0406706000003,0,23
3701,-9999.0,-9999.0,-9999.0,-9999.0,-9999.0,-9999.0,-9999.0,-9999.0,-9999.0,color,orientation,size,0.22000000000000003,15.5,10,female,0,2707.0406706000003,0,23
3702,-9999.0,-9999.0,-9999.0,-9999.0,-9999.0,-9999.0,-9999.0,-9999.0,-9999.0,color,orientation,size,0.22000000000000003,15.5,10,female,0,2707.0406706000003,0,23
3703,-9999.0,-9999.0,-9999.0,-9999.0,-9999.0,-9999.0,-9999.0,-9999.0,-9999.0,color,orientation,size,0.22000000000000003,15.5,10,female,0,2707.0406706000003,0,23
3704,-9999.0,-9999.0,-9999.0,-9999.0,-9999.0,-9999.0,-9999.0,-9999.0,-9999.0,color,orientation,size,0.22000000000000003,15.5,10,female,0,2707.0406706000003,0,23
3705,-9999.0,-9999.0,-9999.0,-9999.0,-9999.0,-9999.0,-9999.0,-9999.0,-9999.0,color,orientation,size,0.22000000000000003,15.5,10,female,0,2707.0406706000003,0,23
3706,-9999.0,-9999.0,-9999.0,-9999.0,-9999.0,-9999.0,-9999.0,-9999.0,-9999.0,color,orientation,size,0.22000000000000003,15.5,10,female,0,2707.0406706000003,0,23
3707,-9999.0,-9999.0,-9999.0,-9999.0,-9999.0,-9999.0,-9999.0,-9999.0,-9999.0,color,orientation,size,0.22000000000000003,15.5,10,female,0,2707.0406706000003,0,23
3708,-9999.0,-9999.0,-9999.0,-9999.0,-9999.0,-9999.0,-9999.0,-9999.0,-9999.0,color,orientation,size,0.22000000000000003,15.5,10,female,0,2707.0406706000003,0,23
3709,-9999.0,-9999.0,-9999.0,-9999.0,-9999.0,-9999.0,-9999.0,-9999.0,-9999.0,color,orientation,size,0.22000000000000003,15.5,10,female,0,2707.0406706000003,0,23
3710,-9999.0,-9999.0,-9999.0,-9999.0,-9999.0,-9999.0,-9999.0,-9999.0,-9999.0,color,orientation,size,0.22000000000000003,15.5,10,female,0,2707.0406706000003,0,23
3711,-9999.0,-9999.0,-9999.0,-9999.0,-9999.0,-9999.0,-9999.0,-9999.0,-9999.0,color,orientation,size,0.22000000000000003,15.5,10,female,0,2707.0406706000003,0,23
3712,-9999.0,-9999.0,-9999.0,-9999.0,-9999.0,-9999.0,-9999.0,-9999.0,-9999.0,color,orientation,size,0.22000000000000003,15.5,10,female,0,2707.0406706000003,0,23
3713,-9999.0,-9999.0,-9999.0,-9999.0,-9999.0,-9999.0,-9999.0,-9999.0,-9999.0,color,orientation,size,0.22000000000000003,15.5,10,female,0,2707.0406706000003,0,23
3714,-9999.0,-9999.0,-9999.0,-9999.0,-9999.0,-9999.0,-9999.0,-9999.0,-9999.0,color,orientation,size,0.22000000000000003,15.5,10,female,0,2707.0406706000003,0,23
3715,-9999.0,-9999.0,-9999.0,-9999.0,-9999.0,-9999.0,-9999.0,-9999.0,-9999.0,color,orientation,size,0.22000000000000003,15.5,10,female,0,2707.0406706000003,0,23
3716,-9999.0,-9999.0,-9999.0,-9999.0,-9999.0,-9999.0,-9999.0,-9999.0,-9999.0,color,orientation,size,0.22000000000000003,15.5,10,female,0,2707.0406706000003,0,23
3717,-9999.0,-9999.0,-9999.0,-9999.0,-9999.0,-9999.0,-9999.0,-9999.0,-9999.0,color,orientation,size,0.22000000000000003,15.5,10,female,0,2707.0406706000003,0,23
3718,-9999.0,-9999.0,-9999.0,-9999.0,-9999.0,-9999.0,-9999.0,-9999.0,-9999.0,color,orientation,size,0.22000000000000003,15.5,10,female,0,2707.0406706000003,0,23
3719,-9999.0,-9999.0,-9999.0,-9999.0,-9999.0,-9999.0,-9999.0,-9999.0,-9999.0,color,orientation,size,0.22000000000000003,15.5,10,female,0,2707.0406706000003,0,23
3720,-9999.0,-9999.0,-9999.0,-9999.0,-9999.0,-9999.0,-9999.0,-9999.0,-9999.0,color,orientation,size,0.22000000000000003,15.5,10,female,0,2707.0406706000003,0,23
3721,-9999.0,-9999.0,-9999.0,-9999.0,-9999.0,-9999.0,-9999.0,-9999.0,-9999.0,color,orientation,size,0.22000000000000003,15.5,10,female,0,2707.0406706000003,0,23
3722,-9999.0,-9999.0,-9999.0,-9999.0,-9999.0,-9999.0,-9999.0,-9999.0,-9999.0,color,orientation,size,0.22000000000000003,15.5,10,female,0,2707.0406706000003,0,23
3723,-9999.0,-9999.0,-9999.0,-9999.0,-9999.0,-9999.0,-9999.0,-9999.0,-9999.0,color,orientation,size,0.22000000000000003,15.5,10,female,0,2707.0406706000003,0,23
3724,-9999.0,-9999.0,-9999.0,-9999.0,-9999.0,-9999.0,-9999.0,-9999.0,-9999.0,color,orientation,size,0.22000000000000003,15.5,10,female,0,2707.0406706000003,0,23
3725,-9999.0,-9999.0,-9999.0,-9999.0,-9999.0,-9999.0,-9999.0,-9999.0,-9999.0,color,orientation,size,0.22000000000000003,15.5,10,female,0,2707.0406706000003,0,23
3726,-9999.0,-9999.0,-9999.0,-9999.0,-9999.0,-9999.0,-9999.0,-9999.0,-9999.0,color,orientation,size,0.22000000000000003,15.5,10,female,0,2707.0406706000003,0,23
3727,-9999.0,-9999.0,-9999.0,-9999.0,-9999.0,-9999.0,-9999.0,-9999.0,-9999.0,color,orientation,size,0.22000000000000003,15.5,10,female,0,2707.0406706000003,0,23
3728,-9999.0,-9999.0,-9999.0,-9999.0,-9999.0,-9999.0,-9999.0,-9999.0,-9999.0,color,orientation,size,0.22000000000000003,15.5,10,female,0,2707.0406706000003,0,23
3729,-9999.0,-9999.0,-9999.0,-9999.0,-9999.0,-9999.0,-9999.0,-9999.0,-9999.0,color,orientation,size,0.22000000000000003,15.5,10,female,0,2707.0406706000003,0,23
3730,-9999.0,-9999.0,-9999.0,-9999.0,-9999.0,-9999.0,-9999.0,-9999.0,-9999.0,color,orientation,size,0.22000000000000003,15.5,10,female,0,2707.0406706000003,0,23
3731,-9999.0,-9999.0,-9999.0,-9999.0,-9999.0,-9999.0,-9999.0,-9999.0,-9999.0,color,orientation,size,0.22000000000000003,15.5,10,female,0,2707.0406706000003,0,23
3732,-9999.0,-9999.0,-9999.0,-9999.0,-9999.0,-9999.0,-9999.0,-9999.0,-9999.0,color,orientation,size,0.22000000000000003,15.5,10,female,0,2707.0406706000003,0,23
3733,-9999.0,-9999.0,-9999.0,-9999.0,-9999.0,-9999.0,-9999.0,-9999.0,-9999.0,color,orientation,size,0.22000000000000003,15.5,10,female,0,2707.0406706000003,0,23
3734,-9999.0,-9999.0,-9999.0,-9999.0,-9999.0,-9999.0,-9999.0,-9999.0,-9999.0,color,orientation,size,0.22000000000000003,15.5,10,female,0,2707.0406706000003,0,23
3735,-9999.0,-9999.0,-9999.0,-9999.0,-9999.0,-9999.0,-9999.0,-9999.0,-9999.0,color,orientation,size,0.22000000000000003,15.5,10,female,0,2707.0406706000003,0,23
3736,-9999.0,-9999.0,-9999.0,-9999.0,-9999.0,-9999.0,-9999.0,-9999.0,-9999.0,color,orientation,size,0.22000000000000003,15.5,10,female,0,2707.0406706000003,0,23
3737,-9999.0,-9999.0,-9999.0,-9999.0,-9999.0,-9999.0,-9999.0,-9999.0,-9999.0,color,orientation,size,0.22000000000000003,15.5,10,female,0,2707.0406706000003,0,23
3738,-9999.0,-9999.0,-9999.0,-9999.0,-9999.0,-9999.0,-9999.0,-9999.0,-9999.0,color,orientation,size,0.22000000000000003,15.5,10,female,0,2707.0406706000003,0,23
3739,-9999.0,-9999.0,-9999.0,-9999.0,-9999.0,-9999.0,-9999.0,-9999.0,-9999.0,color,orientation,size,0.22000000000000003,15.5,10,female,0,2707.0406706000003,0,23
3740,-9999.0,-9999.0,-9999.0,-9999.0,-9999.0,-9999.0,-9999.0,-9999.0,-9999.0,color,orientation,size,0.22000000000000003,15.5,10,female,0,2707.0406706000003,0,23
3741,-9999.0,-9999.0,-9999.0,-9999.0,-9999.0,-9999.0,-9999.0,-9999.0,-9999.0,color,orientation,size,0.22000000000000003,15.5,10,female,0,2707.0406706000003,0,23
3742,-9999.0,-9999.0,-9999.0,-9999.0,-9999.0,-9999.0,-9999.0,-9999.0,-9999.0,color,orientation,size,0.22000000000000003,15.5,10,female,0,2707.0406706000003,0,23
3743,-9999.0,-9999.0,-9999.0,-9999.0,-9999.0,-9999.0,-9999.0,-9999.0,-9999.0,color,orientation,size,0.22000000000000003,15.5,10,female,0,2707.0406706000003,0,23
3744,-9999.0,-9999.0,-9999.0,-9999.0,-9999.0,-9999.0,-9999.0,-9999.0,-9999.0,color,orientation,size,0.22000000000000003,15.5,10,female,0,2707.0406706000003,0,23
3745,-9999.0,-9999.0,-9999.0,-9999.0,-9999.0,-9999.0,-9999.0,-9999.0,-9999.0,color,orientation,size,0.22000000000000003,15.5,10,female,0,2707.0406706000003,0,23
3746,-9999.0,-9999.0,-9999.0,-9999.0,-9999.0,-9999.0,-9999.0,-9999.0,-9999.0,color,orientation,size,0.22000000000000003,15.5,10,female,0,2707.0406706000003,0,23
3747,-9999.0,-9999.0,-9999.0,-9999.0,-9999.0,-9999.0,-9999.0,-9999.0,-9999.0,color,orientation,size,0.22000000000000003,15.5,10,female,0,2707.0406706000003,0,23
3748,-9999.0,-9999.0,-9999.0,-9999.0,-9999.0,-9999.0,-9999.0,-9999.0,-9999.0,color,orientation,size,0.22000000000000003,15.5,10,female,0,2707.0406706000003,0,23
3749,-9999.0,-9999.0,-9999.0,-9999.0,-9999.0,-9999.0,-9999.0,-9999.0,-9999.0,color,orientation,size,0.22000000000000003,15.5,10,female,0,2707.0406706000003,0,23
3750,-9999.0,-9999.0,-9999.0,-9999.0,-9999.0,-9999.0,-9999.0,-9999.0,-9999.0,color,orientation,size,0.22000000000000003,15.5,10,female,0,2707.0406706000003,0,23
3751,-9999.0,-9999.0,-9999.0,-9999.0,-9999.0,-9999.0,-9999.0,-9999.0,-9999.0,color,orientation,size,0.22000000000000003,15.5,10,female,0,2707.0406706000003,0,23
3752,-9999.0,-9999.0,-9999.0,-9999.0,-9999.0,-9999.0,-9999.0,-9999.0,-9999.0,color,orientation,size,0.22000000000000003,15.5,10,female,0,2707.0406706000003,0,23
3753,-9999.0,-9999.0,-9999.0,-9999.0,-9999.0,-9999.0,-9999.0,-9999.0,-9999.0,color,orientation,size,0.22000000000000003,15.5,10,female,0,2707.0406706000003,0,23
3754,-9999.0,-9999.0,-9999.0,-9999.0,-9999.0,-9999.0,-9999.0,-9999.0,-9999.0,color,orientation,size,0.22000000000000003,15.5,10,female,0,2707.0406706000003,0,23
3755,-9999.0,-9999.0,-9999.0,-9999.0,-9999.0,-9999.0,-9999.0,-9999.0,-9999.0,color,orientation,size,0.22000000000000003,15.5,10,female,0,2707.0406706000003,0,23
3756,-9999.0,-9999.0,-9999.0,-9999.0,-9999.0,-9999.0,-9999.0,-9999.0,-9999.0,color,orientation,size,0.22000000000000003,15.5,10,female,0,2707.0406706000003,0,23
3757,-9999.0,-9999.0,-9999.0,-9999.0,-9999.0,-9999.0,-9999.0,-9999.0,-9999.0,color,orientation,size,0.22000000000000003,15.5,10,female,0,2707.0406706000003,0,23
3758,-9999.0,-9999.0,-9999.0,-9999.0,-9999.0,-9999.0,-9999.0,-9999.0,-9999.0,color,orientation,size,0.22000000000000003,15.5,10,female,0,2707.0406706000003,0,23
3759,-9999.0,-9999.0,-9999.0,-9999.0,-9999.0,-9999.0,-9999.0,-9999.0,-9999.0,color,orientation,size,0.22000000000000003,15.5,10,female,0,2707.0406706000003,0,23
3760,-9999.0,-9999.0,-9999.0,-9999.0,-9999.0,-9999.0,-9999.0,-9999.0,-9999.0,color,orientation,size,0.22000000000000003,15.5,10,female,0,2707.0406706000003,0,23
3761,-9999.0,-9999.0,-9999.0,-9999.0,-9999.0,-9999.0,-9999.0,-9999.0,-9999.0,color,orientation,size,0.22000000000000003,15.5,10,female,0,2707.0406706000003,0,23
3762,-9999.0,-9999.0,-9999.0,-9999.0,-9999.0,-9999.0,-9999.0,-9999.0,-9999.0,color,orientation,size,0.22000000000000003,15.5,10,female,0,2707.0406706000003,0,23
3763,-9999.0,-9999.0,-9999.0,-9999.0,-9999.0,-9999.0,-9999.0,-9999.0,-9999.0,color,orientation,size,0.22000000000000003,15.5,10,female,0,2707.0406706000003,0,23
3764,-9999.0,-9999.0,-9999.0,-9999.0,-9999.0,-9999.0,-9999.0,-9999.0,-9999.0,color,orientation,size,0.22000000000000003,15.5,10,female,0,2707.0406706000003,0,23
3765,-9999.0,-9999.0,-9999.0,-9999.0,-9999.0,-9999.0,-9999.0,-9999.0,-9999.0,color,orientation,size,0.22000000000000003,15.5,10,female,0,2707.0406706000003,0,23
3766,-9999.0,-9999.0,-9999.0,-9999.0,-9999.0,-9999.0,-9999.0,-9999.0,-9999.0,color,orientation,size,0.22000000000000003,15.5,10,female,0,2707.0406706000003,0,23
3767,-9999.0,-9999.0,-9999.0,-9999.0,-9999.0,-9999.0,-9999.0,-9999.0,-9999.0,color,orientation,size,0.22000000000000003,15.5,10,female,0,2707.0406706000003,0,23
3768,-9999.0,-9999.0,-9999.0,-9999.0,-9999.0,-9999.0,-9999.0,-9999.0,-9999.0,color,orientation,size,0.22000000000000003,15.5,10,female,0,2707.0406706000003,0,23
3769,-9999.0,-9999.0,-9999.0,-9999.0,-9999.0,-9999.0,-9999.0,-9999.0,-9999.0,color,orientation,size,0.22000000000000003,15.5,10,female,0,2707.0406706000003,0,23
3770,-9999.0,-9999.0,-9999.0,-9999.0,-9999.0,-9999.0,-9999.0,-9999.0,-9999.0,color,orientation,size,0.22000000000000003,15.5,10,female,0,2707.0406706000003,0,23
3771,-9999.0,-9999.0,-9999.0,-9999.0,-9999.0,-9999.0,-9999.0,-9999.0,-9999.0,color,orientation,size,0.22000000000000003,15.5,10,female,0,2707.0406706000003,0,23
3772,-9999.0,-9999.0,-9999.0,-9999.0,-9999.0,-9999.0,-9999.0,-9999.0,-9999.0,color,orientation,size,0.22000000000000003,15.5,10,female,0,2707.0406706000003,0,23
3773,-9999.0,-9999.0,-9999.0,-9999.0,-9999.0,-9999.0,-9999.0,-9999.0,-9999.0,color,orientation,size,0.22000000000000003,15.5,10,female,0,2707.0406706000003,0,23
3774,-9999.0,-9999.0,-9999.0,-9999.0,-9999.0,-9999.0,-9999.0,-9999.0,-9999.0,color,orientation,size,0.22000000000000003,15.5,10,female,0,2707.0406706000003,0,23
3775,-9999.0,-9999.0,-9999.0,-9999.0,-9999.0,-9999.0,-9999.0,-9999.0,-9999.0,color,orientation,size,0.22000000000000003,15.5,10,female,0,2707.0406706000003,0,23
3776,-9999.0,-9999.0,-9999.0,-9999.0,-9999.0,-9999.0,-9999.0,-9999.0,-9999.0,color,orientation,size,0.22000000000000003,15.5,10,female,0,2707.0406706000003,0,23
3777,-9999.0,-9999.0,-9999.0,-9999.0,-9999.0,-9999.0,-9999.0,-9999.0,-9999.0,color,orientation,size,0.22000000000000003,15.5,10,female,0,2707.0406706000003,0,23
3778,-9999.0,-9999.0,-9999.0,-9999.0,-9999.0,-9999.0,-9999.0,-9999.0,-9999.0,color,orientation,size,0.22000000000000003,15.5,10,female,0,2707.0406706000003,0,23
3779,-9999.0,-9999.0,-9999.0,-9999.0,-9999.0,-9999.0,-9999.0,-9999.0,-9999.0,color,orientation,size,0.22000000000000003,15.5,10,female,0,2707.0406706000003,0,23
3780,-9999.0,-9999.0,-9999.0,-9999.0,-9999.0,-9999.0,-9999.0,-9999.0,-9999.0,color,orientation,size,0.22000000000000003,15.5,10,female,0,2707.0406706000003,0,23
3781,-9999.0,-9999.0,-9999.0,-9999.0,-9999.0,-9999.0,-9999.0,-9999.0,-9999.0,color,orientation,size,0.22000000000000003,15.5,10,female,0,2707.0406706000003,0,23
3782,-9999.0,-9999.0,-9999.0,-9999.0,-9999.0,-9999.0,-9999.0,-9999.0,-9999.0,color,orientation,size,0.22000000000000003,15.5,10,female,0,2707.0406706000003,0,23
3783,-9999.0,-9999.0,-9999.0,-9999.0,-9999.0,-9999.0,-9999.0,-9999.0,-9999.0,color,orientation,size,0.22000000000000003,15.5,10,female,0,2707.0406706000003,0,23
3784,-9999.0,-9999.0,-9999.0,-9999.0,-9999.0,-9999.0,-9999.0,-9999.0,-9999.0,color,orientation,size,0.22000000000000003,15.5,10,female,0,2707.0406706000003,0,23
3785,-9999.0,-9999.0,-9999.0,-9999.0,-9999.0,-9999.0,-9999.0,-9999.0,-9999.0,color,orientation,size,0.22000000000000003,15.5,10,female,0,2707.0406706000003,0,23
3786,-9999.0,-9999.0,-9999.0,-9999.0,-9999.0,-9999.0,-9999.0,-9999.0,-9999.0,color,orientation,size,0.22000000000000003,15.5,10,female,0,2707.0406706000003,0,23
3787,-9999.0,-9999.0,-9999.0,-9999.0,-9999.0,-9999.0,-9999.0,-9999.0,-9999.0,color,orientation,size,0.22000000000000003,15.5,10,female,0,2707.0406706000003,0,23
3788,-9999.0,-9999.0,-9999.0,-9999.0,-9999.0,-9999.0,-9999.0,-9999.0,-9999.0,color,orientation,size,0.22000000000000003,15.5,10,female,0,2707.0406706000003,0,23
3789,-9999.0,-9999.0,-9999.0,-9999.0,-9999.0,-9999.0,-9999.0,-9999.0,-9999.0,color,orientation,size,0.22000000000000003,15.5,10,female,0,2707.0406706000003,0,23
3790,-9999.0,-9999.0,-9999.0,-9999.0,-9999.0,-9999.0,-9999.0,-9999.0,-9999.0,color,orientation,size,0.22000000000000003,15.5,10,female,0,2707.0406706000003,0,23
3791,-9999.0,-9999.0,-9999.0,-9999.0,-9999.0,-9999.0,-9999.0,-9999.0,-9999.0,color,orientation,size,0.22000000000000003,15.5,10,female,0,2707.0406706000003,0,23
3792,-9999.0,-9999.0,-9999.0,-9999.0,-9999.0,-9999.0,-9999.0,-9999.0,-9999.0,color,orientation,size,0.22000000000000003,15.5,10,female,0,2707.0406706000003,0,23
3793,-9999.0,-9999.0,-9999.0,-9999.0,-9999.0,-9999.0,-9999.0,-9999.0,-9999.0,color,orientation,size,0.22000000000000003,15.5,10,female,0,2707.0406706000003,0,23
3794,-9999.0,-9999.0,-9999.0,-9999.0,-9999.0,-9999.0,-9999.0,-9999.0,-9999.0,color,orientation,size,0.22000000000000003,15.5,10,female,0,2707.0406706000003,0,23
3795,-9999.0,-9999.0,-9999.0,-9999.0,-9999.0,-9999.0,-9999.0,-9999.0,-9999.0,color,orientation,size,0.22000000000000003,15.5,10,female,0,2707.0406706000003,0,23
3796,-9999.0,-9999.0,-9999.0,-9999.0,-9999.0,-9999.0,-9999.0,-9999.0,-9999.0,color,orientation,size,0.22000000000000003,15.5,10,female,0,2707.0406706000003,0,23
3797,-9999.0,-9999.0,-9999.0,-9999.0,-9999.0,-9999.0,-9999.0,-9999.0,-9999.0,color,orientation,size,0.22000000000000003,15.5,10,female,0,2707.0406706000003,0,23
3798,-9999.0,-9999.0,-9999.0,-9999.0,-9999.0,-9999.0,-9999.0,-9999.0,-9999.0,color,orientation,size,0.22000000000000003,15.5,10,female,0,2707.0406706000003,0,23
3799,-9999.0,-9999.0,-9999.0,-9999.0,-9999.0,-9999.0,-9999.0,-9999.0,-9999.0,color,orientation,size,0.22000000000000003,15.5,10,female,0,2707.0406706000003,0,23
3800,-9999.0,-9999.0,-9999.0,-9999.0,-9999.0,-9999.0,-9999.0,-9999.0,-9999.0,color,orientation,size,0.22000000000000003,15.5,10,female,0,2707.0406706000003,0,23
3801,-9999.0,-9999.0,-9999.0,-9999.0,-9999.0,-9999.0,-9999.0,-9999.0,-9999.0,color,orientation,size,0.22000000000000003,15.5,10,female,0,2707.0406706000003,0,23
3802,-9999.0,-9999.0,-9999.0,-9999.0,-9999.0,-9999.0,-9999.0,-9999.0,-9999.0,color,orientation,size,0.22000000000000003,15.5,10,female,0,2707.0406706000003,0,23
3803,-9999.0,-9999.0,-9999.0,-9999.0,-9999.0,-9999.0,-9999.0,-9999.0,-9999.0,color,orientation,size,0.22000000000000003,15.5,10,female,0,2707.0406706000003,0,23
3804,-9999.0,-9999.0,-9999.0,-9999.0,-9999.0,-9999.0,-9999.0,-9999.0,-9999.0,color,orientation,size,0.22000000000000003,15.5,10,female,0,2707.0406706000003,0,23
3805,-9999.0,-9999.0,-9999.0,-9999.0,-9999.0,-9999.0,-9999.0,-9999.0,-9999.0,color,orientation,size,0.22000000000000003,15.5,10,female,0,2707.0406706000003,0,23
3806,-9999.0,-9999.0,-9999.0,-9999.0,-9999.0,-9999.0,-9999.0,-9999.0,-9999.0,color,orientation,size,0.22000000000000003,15.5,10,female,0,2707.0406706000003,0,23
3807,-9999.0,-9999.0,-9999.0,-9999.0,-9999.0,-9999.0,-9999.0,-9999.0,-9999.0,color,orientation,size,0.22000000000000003,15.5,10,female,0,2707.0406706000003,0,23
3808,-9999.0,-9999.0,-9999.0,-9999.0,-9999.0,-9999.0,-9999.0,-9999.0,-9999.0,color,orientation,size,0.22000000000000003,15.5,10,female,0,2707.0406706000003,0,23
3809,-9999.0,-9999.0,-9999.0,-9999.0,-9999.0,-9999.0,-9999.0,-9999.0,-9999.0,color,orientation,size,0.22000000000000003,15.5,10,female,0,2707.0406706000003,0,23
3810,-9999.0,-9999.0,-9999.0,-9999.0,-9999.0,-9999.0,-9999.0,-9999.0,-9999.0,color,orientation,size,0.22000000000000003,15.5,10,female,0,2707.0406706000003,0,23
3811,-9999.0,-9999.0,-9999.0,-9999.0,-9999.0,-9999.0,-9999.0,-9999.0,-9999.0,color,orientation,size,0.22000000000000003,15.5,10,female,0,2707.0406706000003,0,23
3812,-9999.0,-9999.0,-9999.0,-9999.0,-9999.0,-9999.0,-9999.0,-9999.0,-9999.0,color,orientation,size,0.22000000000000003,15.5,10,female,0,2707.0406706000003,0,23
3813,-9999.0,-9999.0,-9999.0,-9999.0,-9999.0,-9999.0,-9999.0,-9999.0,-9999.0,color,orientation,size,0.22000000000000003,15.5,10,female,0,2707.0406706000003,0,23
3814,-9999.0,-9999.0,-9999.0,-9999.0,-9999.0,-9999.0,-9999.0,-9999.0,-9999.0,color,orientation,size,0.22000000000000003,15.5,10,female,0,2707.0406706000003,0,23
3815,-9999.0,-9999.0,-9999.0,-9999.0,-9999.0,-9999.0,-9999.0,-9999.0,-9999.0,color,orientation,size,0.22000000000000003,15.5,10,female,0,2707.0406706000003,0,23
3816,-9999.0,-9999.0,-9999.0,-9999.0,-9999.0,-9999.0,-9999.0,-9999.0,-9999.0,color,orientation,size,0.22000000000000003,15.5,10,female,0,2707.0406706000003,0,23
3817,-9999.0,-9999.0,-9999.0,-9999.0,-9999.0,-9999.0,-9999.0,-9999.0,-9999.0,color,orientation,size,0.22000000000000003,15.5,10,female,0,2707.0406706000003,0,23
3818,-9999.0,-9999.0,-9999.0,-9999.0,-9999.0,-9999.0,-9999.0,-9999.0,-9999.0,color,orientation,size,0.22000000000000003,15.5,10,female,0,2707.0406706000003,0,23
3819,-9999.0,-9999.0,-9999.0,-9999.0,-9999.0,-9999.0,-9999.0,-9999.0,-9999.0,color,orientation,size,0.22000000000000003,15.5,10,female,0,2707.0406706000003,0,23
3820,-9999.0,-9999.0,-9999.0,-9999.0,-9999.0,-9999.0,-9999.0,-9999.0,-9999.0,color,orientation,size,0.22000000000000003,15.5,10,female,0,2707.0406706000003,0,23
3821,-9999.0,-9999.0,-9999.0,-9999.0,-9999.0,-9999.0,-9999.0,-9999.0,-9999.0,color,orientation,size,0.22000000000000003,15.5,10,female,0,2707.0406706000003,0,23
3822,-9999.0,-9999.0,-9999.0,-9999.0,-9999.0,-9999.0,-9999.0,-9999.0,-9999.0,color,orientation,size,0.22000000000000003,15.5,10,female,0,2707.0406706000003,0,23
3823,-9999.0,-9999.0,-9999.0,-9999.0,-9999.0,-9999.0,-9999.0,-9999.0,-9999.0,color,orientation,size,0.22000000000000003,15.5,10,female,0,2707.0406706000003,0,23
3824,-9999.0,-9999.0,-9999.0,-9999.0,-9999.0,-9999.0,-9999.0,-9999.0,-9999.0,color,orientation,size,0.22000000000000003,15.5,10,female,0,2707.0406706000003,0,23
3825,-9999.0,-9999.0,-9999.0,-9999.0,-9999.0,-9999.0,-9999.0,-9999.0,-9999.0,color,orientation,size,0.22000000000000003,15.5,10,female,0,2707.0406706000003,0,23
3826,-9999.0,-9999.0,-9999.0,-9999.0,-9999.0,-9999.0,-9999.0,-9999.0,-9999.0,color,orientation,size,0.22000000000000003,15.5,10,female,0,2707.0406706000003,0,23
3827,-9999.0,-9999.0,-9999.0,-9999.0,-9999.0,-9999.0,-9999.0,-9999.0,-9999.0,color,orientation,size,0.22000000000000003,15.5,10,female,0,2707.0406706000003,0,23
3828,-9999.0,-9999.0,-9999.0,-9999.0,-9999.0,-9999.0,-9999.0,-9999.0,-9999.0,color,orientation,size,0.22000000000000003,15.5,10,female,0,2707.0406706000003,0,23
3829,-9999.0,-9999.0,-9999.0,-9999.0,-9999.0,-9999.0,-9999.0,-9999.0,-9999.0,color,orientation,size,0.22000000000000003,15.5,10,female,0,2707.0406706000003,0,23
3830,-9999.0,-9999.0,-9999.0,-9999.0,-9999.0,-9999.0,-9999.0,-9999.0,-9999.0,color,orientation,size,0.22000000000000003,15.5,10,female,0,2707.0406706000003,0,23
3831,-9999.0,-9999.0,-9999.0,-9999.0,-9999.0,-9999.0,-9999.0,-9999.0,-9999.0,color,orientation,size,0.22000000000000003,15.5,10,female,0,2707.0406706000003,0,23
3832,-9999.0,-9999.0,-9999.0,-9999.0,-9999.0,-9999.0,-9999.0,-9999.0,-9999.0,color,orientation,size,0.22000000000000003,15.5,10,female,0,2707.0406706000003,0,23
3833,-9999.0,-9999.0,-9999.0,-9999.0,-9999.0,-9999.0,-9999.0,-9999.0,-9999.0,color,orientation,size,0.22000000000000003,15.5,10,female,0,2707.0406706000003,0,23
3834,-9999.0,-9999.0,-9999.0,-9999.0,-9999.0,-9999.0,-9999.0,-9999.0,-9999.0,color,orientation,size,0.22000000000000003,15.5,10,female,0,2707.0406706000003,0,23
3835,-9999.0,-9999.0,-9999.0,-9999.0,-9999.0,-9999.0,-9999.0,-9999.0,-9999.0,color,orientation,size,0.22000000000000003,15.5,10,female,0,2707.0406706000003,0,23
3836,-9999.0,-9999.0,-9999.0,-9999.0,-9999.0,-9999.0,-9999.0,-9999.0,-9999.0,color,orientation,size,0.22000000000000003,15.5,10,female,0,2707.0406706000003,0,23
3837,-9999.0,-9999.0,-9999.0,-9999.0,-9999.0,-9999.0,-9999.0,-9999.0,-9999.0,color,orientation,size,0.22000000000000003,15.5,10,female,0,2707.0406706000003,0,23
3838,-9999.0,-9999.0,-9999.0,-9999.0,-9999.0,-9999.0,-9999.0,-9999.0,-9999.0,color,orientation,size,0.22000000000000003,15.5,10,female,0,2707.0406706000003,0,23
3839,-9999.0,-9999.0,-9999.0,-9999.0,-9999.0,-9999.0,-9999.0,-9999.0,-9999.0,color,orientation,size,0.22000000000000003,15.5,10,female,0,2707.0406706000003,0,23
3840,-9999.0,-9999.0,-9999.0,-9999.0,-9999.0,-9999.0,-9999.0,-9999.0,-9999.0,color,orientation,size,0.22000000000000003,15.5,10,female,0,2707.0406706000003,0,23
3841,-9999.0,-9999.0,-9999.0,-9999.0,-9999.0,-9999.0,-9999.0,-9999.0,-9999.0,color,orientation,size,0.22000000000000003,15.5,10,female,0,2707.0406706000003,0,23
3842,-9999.0,-9999.0,-9999.0,-9999.0,-9999.0,-9999.0,-9999.0,-9999.0,-9999.0,color,orientation,size,0.22000000000000003,15.5,10,female,0,2707.0406706000003,0,23
3843,-9999.0,-9999.0,-9999.0,-9999.0,-9999.0,-9999.0,-9999.0,-9999.0,-9999.0,color,orientation,size,0.22000000000000003,15.5,10,female,0,2707.0406706000003,0,23
3844,-9999.0,-9999.0,-9999.0,-9999.0,-9999.0,-9999.0,-9999.0,-9999.0,-9999.0,color,orientation,size,0.22000000000000003,15.5,10,female,0,2707.0406706000003,0,23
3845,-9999.0,-9999.0,-9999.0,-9999.0,-9999.0,-9999.0,-9999.0,-9999.0,-9999.0,color,orientation,size,0.22000000000000003,15.5,10,female,0,2707.0406706000003,0,23
3846,-9999.0,-9999.0,-9999.0,-9999.0,-9999.0,-9999.0,-9999.0,-9999.0,-9999.0,color,orientation,size,0.22000000000000003,15.5,10,female,0,2707.0406706000003,0,23
3847,-9999.0,-9999.0,-9999.0,-9999.0,-9999.0,-9999.0,-9999.0,-9999.0,-9999.0,color,orientation,size,0.22000000000000003,15.5,10,female,0,2707.0406706000003,0,23
3848,-9999.0,-9999.0,-9999.0,-9999.0,-9999.0,-9999.0,-9999.0,-9999.0,-9999.0,color,orientation,size,0.22000000000000003,15.5,10,female,0,2707.0406706000003,0,23
3849,-9999.0,-9999.0,-9999.0,-9999.0,-9999.0,-9999.0,-9999.0,-9999.0,-9999.0,color,orientation,size,0.22000000000000003,15.5,10,female,0,2707.0406706000003,0,23
3850,-9999.0,-9999.0,-9999.0,-9999.0,-9999.0,-9999.0,-9999.0,-9999.0,-9999.0,color,orientation,size,0.22000000000000003,15.5,10,female,0,2707.0406706000003,0,23
3851,-9999.0,-9999.0,-9999.0,-9999.0,-9999.0,-9999.0,-9999.0,-9999.0,-9999.0,color,orientation,size,0.22000000000000003,15.5,10,female,0,2707.0406706000003,0,23
3852,-9999.0,-9999.0,-9999.0,-9999.0,-9999.0,-9999.0,-9999.0,-9999.0,-9999.0,color,orientation,size,0.22000000000000003,15.5,10,female,0,2707.0406706000003,0,23
3853,-9999.0,-9999.0,-9999.0,-9999.0,-9999.0,-9999.0,-9999.0,-9999.0,-9999.0,color,orientation,size,0.22000000000000003,15.5,10,female,0,2707.0406706000003,0,23
3854,-9999.0,-9999.0,-9999.0,-9999.0,-9999.0,-9999.0,-9999.0,-9999.0,-9999.0,color,orientation,size,0.22000000000000003,15.5,10,female,0,2707.0406706000003,0,23
3855,-9999.0,-9999.0,-9999.0,-9999.0,-9999.0,-9999.0,-9999.0,-9999.0,-9999.0,color,orientation,size,0.22000000000000003,15.5,10,female,0,2707.0406706000003,0,23
3856,-9999.0,-9999.0,-9999.0,-9999.0,-9999.0,-9999.0,-9999.0,-9999.0,-9999.0,color,orientation,size,0.22000000000000003,15.5,10,female,0,2707.0406706000003,0,23
3857,-9999.0,-9999.0,-9999.0,-9999.0,-9999.0,-9999.0,-9999.0,-9999.0,-9999.0,color,orientation,size,0.22000000000000003,15.5,10,female,0,2707.0406706000003,0,23
3858,-9999.0,-9999.0,-9999.0,-9999.0,-9999.0,-9999.0,-9999.0,-9999.0,-9999.0,color,orientation,size,0.22000000000000003,15.5,10,female,0,2707.0406706000003,0,23
3859,-9999.0,-9999.0,-9999.0,-9999.0,-9999.0,-9999.0,-9999.0,-9999.0,-9999.0,color,orientation,size,0.22000000000000003,15.5,10,female,0,2707.0406706000003,0,23
3860,-9999.0,-9999.0,-9999.0,-9999.0,-9999.0,-9999.0,-9999.0,-9999.0,-9999.0,color,orientation,size,0.22000000000000003,15.5,10,female,0,2707.0406706000003,0,23
3861,-9999.0,-9999.0,-9999.0,-9999.0,-9999.0,-9999.0,-9999.0,-9999.0,-9999.0,color,orientation,size,0.22000000000000003,15.5,10,female,0,2707.0406706000003,0,23
3862,-9999.0,-9999.0,-9999.0,-9999.0,-9999.0,-9999.0,-9999.0,-9999.0,-9999.0,color,orientation,size,0.22000000000000003,15.5,10,female,0,2707.0406706000003,0,23
3863,-9999.0,-9999.0,-9999.0,-9999.0,-9999.0,-9999.0,-9999.0,-9999.0,-9999.0,color,orientation,size,0.22000000000000003,15.5,10,female,0,2707.0406706000003,0,23
3864,-9999.0,-9999.0,-9999.0,-9999.0,-9999.0,-9999.0,-9999.0,-9999.0,-9999.0,color,orientation,size,0.22000000000000003,15.5,10,female,0,2707.0406706000003,0,23
3865,-9999.0,-9999.0,-9999.0,-9999.0,-9999.0,-9999.0,-9999.0,-9999.0,-9999.0,color,orientation,size,0.22000000000000003,15.5,10,female,0,2707.0406706000003,0,23
3866,-9999.0,-9999.0,-9999.0,-9999.0,-9999.0,-9999.0,-9999.0,-9999.0,-9999.0,color,orientation,size,0.22000000000000003,15.5,10,female,0,2707.0406706000003,0,23
3867,-9999.0,-9999.0,-9999.0,-9999.0,-9999.0,-9999.0,-9999.0,-9999.0,-9999.0,color,orientation,size,0.22000000000000003,15.5,10,female,0,2707.0406706000003,0,23
3868,-9999.0,-9999.0,-9999.0,-9999.0,-9999.0,-9999.0,-9999.0,-9999.0,-9999.0,color,orientation,size,0.22000000000000003,15.5,10,female,0,2707.0406706000003,0,23
3869,-9999.0,-9999.0,-9999.0,-9999.0,-9999.0,-9999.0,-9999.0,-9999.0,-9999.0,color,orientation,size,0.22000000000000003,15.5,10,female,0,2707.0406706000003,0,23
3870,-9999.0,-9999.0,-9999.0,-9999.0,-9999.0,-9999.0,-9999.0,-9999.0,-9999.0,color,orientation,size,0.22000000000000003,15.5,10,female,0,2707.0406706000003,0,23
3871,-9999.0,-9999.0,-9999.0,-9999.0,-9999.0,-9999.0,-9999.0,-9999.0,-9999.0,color,orientation,size,0.22000000000000003,15.5,10,female,0,2707.0406706000003,0,23
3872,-9999.0,-9999.0,-9999.0,-9999.0,-9999.0,-9999.0,-9999.0,-9999.0,-9999.0,color,orientation,size,0.22000000000000003,15.5,10,female,0,2707.0406706000003,0,23
3873,-9999.0,-9999.0,-9999.0,-9999.0,-9999.0,-9999.0,-9999.0,-9999.0,-9999.0,color,orientation,size,0.22000000000000003,15.5,10,female,0,2707.0406706000003,0,23
3874,-9999.0,-9999.0,-9999.0,-9999.0,-9999.0,-9999.0,-9999.0,-9999.0,-9999.0,color,orientation,size,0.22000000000000003,15.5,10,female,0,2707.0406706000003,0,23
3875,-9999.0,-9999.0,-9999.0,-9999.0,-9999.0,-9999.0,-9999.0,-9999.0,-9999.0,color,orientation,size,0.22000000000000003,15.5,10,female,0,2707.0406706000003,0,23
3876,-9999.0,-9999.0,-9999.0,-9999.0,-9999.0,-9999.0,-9999.0,-9999.0,-9999.0,color,orientation,size,0.22000000000000003,15.5,10,female,0,2707.0406706000003,0,23
3877,-9999.0,-9999.0,-9999.0,-9999.0,-9999.0,-9999.0,-9999.0,-9999.0,-9999.0,color,orientation,size,0.22000000000000003,15.5,10,female,0,2707.0406706000003,0,23
3878,-9999.0,-9999.0,-9999.0,-9999.0,-9999.0,-9999.0,-9999.0,-9999.0,-9999.0,color,orientation,size,0.22000000000000003,15.5,10,female,0,2707.0406706000003,0,23
3879,-9999.0,-9999.0,-9999.0,-9999.0,-9999.0,-9999.0,-9999.0,-9999.0,-9999.0,color,orientation,size,0.22000000000000003,15.5,10,female,0,2707.0406706000003,0,23
3880,-9999.0,-9999.0,-9999.0,-9999.0,-9999.0,-9999.0,-9999.0,-9999.0,-9999.0,color,orientation,size,0.22000000000000003,15.5,10,female,0,2707.0406706000003,0,23
3881,-9999.0,-9999.0,-9999.0,-9999.0,-9999.0,-9999.0,-9999.0,-9999.0,-9999.0,color,orientation,size,0.22000000000000003,15.5,10,female,0,2707.0406706000003,0,23
3882,-9999.0,-9999.0,-9999.0,-9999.0,-9999.0,-9999.0,-9999.0,-9999.0,-9999.0,color,orientation,size,0.22000000000000003,15.5,10,female,0,2707.0406706000003,0,23
3883,-9999.0,-9999.0,-9999.0,-9999.0,-9999.0,-9999.0,-9999.0,-9999.0,-9999.0,color,orientation,size,0.22000000000000003,15.5,10,female,0,2707.0406706000003,0,23
3884,-9999.0,-9999.0,-9999.0,-9999.0,-9999.0,-9999.0,-9999.0,-9999.0,-9999.0,color,orientation,size,0.22000000000000003,15.5,10,female,0,2707.0406706000003,0,23
3885,-9999.0,-9999.0,-9999.0,-9999.0,-9999.0,-9999.0,-9999.0,-9999.0,-9999.0,color,orientation,size,0.22000000000000003,15.5,10,female,0,2707.0406706000003,0,23
3886,-9999.0,-9999.0,-9999.0,-9999.0,-9999.0,-9999.0,-9999.0,-9999.0,-9999.0,color,orientation,size,0.22000000000000003,15.5,10,female,0,2707.0406706000003,0,23
3887,-9999.0,-9999.0,-9999.0,-9999.0,-9999.0,-9999.0,-9999.0,-9999.0,-9999.0,color,orientation,size,0.22000000000000003,15.5,10,female,0,2707.0406706000003,0,23
3888,-9999.0,-9999.0,-9999.0,-9999.0,-9999.0,-9999.0,-9999.0,-9999.0,-9999.0,color,orientation,size,0.22000000000000003,15.5,10,female,0,2707.0406706000003,0,23
3889,-9999.0,-9999.0,-9999.0,-9999.0,-9999.0,-9999.0,-9999.0,-9999.0,-9999.0,color,orientation,size,0.22000000000000003,15.5,10,female,0,2707.0406706000003,0,23
3890,-9999.0,-9999.0,-9999.0,-9999.0,-9999.0,-9999.0,-9999.0,-9999.0,-9999.0,color,orientation,size,0.22000000000000003,15.5,10,female,0,2707.0406706000003,0,23
3891,-9999.0,-9999.0,-9999.0,-9999.0,-9999.0,-9999.0,-9999.0,-9999.0,-9999.0,color,orientation,size,0.22000000000000003,15.5,10,female,0,2707.0406706000003,0,23
3892,-9999.0,-9999.0,-9999.0,-9999.0,-9999.0,-9999.0,-9999.0,-9999.0,-9999.0,color,orientation,size,0.22000000000000003,15.5,10,female,0,2707.0406706000003,0,23
3893,-9999.0,-9999.0,-9999.0,-9999.0,-9999.0,-9999.0,-9999.0,-9999.0,-9999.0,color,orientation,size,0.22000000000000003,15.5,10,female,0,2707.0406706000003,0,23
3894,-9999.0,-9999.0,-9999.0,-9999.0,-9999.0,-9999.0,-9999.0,-9999.0,-9999.0,color,orientation,size,0.22000000000000003,15.5,10,female,0,2707.0406706000003,0,23
3895,-9999.0,-9999.0,-9999.0,-9999.0,-9999.0,-9999.0,-9999.0,-9999.0,-9999.0,color,orientation,size,0.22000000000000003,15.5,10,female,0,2707.0406706000003,0,23
3896,-9999.0,-9999.0,-9999.0,-9999.0,-9999.0,-9999.0,-9999.0,-9999.0,-9999.0,color,orientation,size,0.22000000000000003,15.5,10,female,0,2707.0406706000003,0,23
3897,-9999.0,-9999.0,-9999.0,-9999.0,-9999.0,-9999.0,-9999.0,-9999.0,-9999.0,color,orientation,size,0.22000000000000003,15.5,10,female,0,2707.0406706000003,0,23
3898,-9999.0,-9999.0,-9999.0,-9999.0,-9999.0,-9999.0,-9999.0,-9999.0,-9999.0,color,orientation,size,0.22000000000000003,15.5,10,female,0,2707.0406706000003,0,23
3899,-9999.0,-9999.0,-9999.0,-9999.0,-9999.0,-9999.0,-9999.0,-9999.0,-9999.0,color,orientation,size,0.22000000000000003,15.5,10,female,0,2707.0406706000003,0,23
3900,-9999.0,-9999.0,-9999.0,-9999.0,-9999.0,-9999.0,-9999.0,-9999.0,-9999.0,color,orientation,size,0.22000000000000003,15.5,10,female,0,2707.0406706000003,0,23
3901,-9999.0,-9999.0,-9999.0,-9999.0,-9999.0,-9999.0,-9999.0,-9999.0,-9999.0,color,orientation,size,0.22000000000000003,15.5,10,female,0,2707.0406706000003,0,23
3902,-9999.0,-9999.0,-9999.0,-9999.0,-9999.0,-9999.0,-9999.0,-9999.0,-9999.0,color,orientation,size,0.22000000000000003,15.5,10,female,0,2707.0406706000003,0,23
3903,-9999.0,-9999.0,-9999.0,-9999.0,-9999.0,-9999.0,-9999.0,-9999.0,-9999.0,color,orientation,size,0.22000000000000003,15.5,10,female,0,2707.0406706000003,0,23
3904,-9999.0,-9999.0,-9999.0,-9999.0,-9999.0,-9999.0,-9999.0,-9999.0,-9999.0,color,orientation,size,0.22000000000000003,15.5,10,female,0,2707.0406706000003,0,23
3905,-9999.0,-9999.0,-9999.0,-9999.0,-9999.0,-9999.0,-9999.0,-9999.0,-9999.0,color,orientation,size,0.22000000000000003,15.5,10,female,0,2707.0406706000003,0,23
3906,-9999.0,-9999.0,-9999.0,-9999.0,-9999.0,-9999.0,-9999.0,-9999.0,-9999.0,color,orientation,size,0.22000000000000003,15.5,10,female,0,2707.0406706000003,0,23
3907,-9999.0,-9999.0,-9999.0,-9999.0,-9999.0,-9999.0,-9999.0,-9999.0,-9999.0,color,orientation,size,0.22000000000000003,15.5,10,female,0,2707.0406706000003,0,23
3908,-9999.0,-9999.0,-9999.0,-9999.0,-9999.0,-9999.0,-9999.0,-9999.0,-9999.0,color,orientation,size,0.22000000000000003,15.5,10,female,0,2707.0406706000003,0,23
3909,-9999.0,-9999.0,-9999.0,-9999.0,-9999.0,-9999.0,-9999.0,-9999.0,-9999.0,color,orientation,size,0.22000000000000003,15.5,10,female,0,2707.0406706000003,0,23
3910,-9999.0,-9999.0,-9999.0,-9999.0,-9999.0,-9999.0,-9999.0,-9999.0,-9999.0,color,orientation,size,0.22000000000000003,15.5,10,female,0,2707.0406706000003,0,23
3911,-9999.0,-9999.0,-9999.0,-9999.0,-9999.0,-9999.0,-9999.0,-9999.0,-9999.0,color,orientation,size,0.22000000000000003,15.5,10,female,0,2707.0406706000003,0,23
3912,-9999.0,-9999.0,-9999.0,-9999.0,-9999.0,-9999.0,-9999.0,-9999.0,-9999.0,color,orientation,size,0.22000000000000003,15.5,10,female,0,2707.0406706000003,0,23
3913,-9999.0,-9999.0,-9999.0,-9999.0,-9999.0,-9999.0,-9999.0,-9999.0,-9999.0,color,orientation,size,0.22000000000000003,15.5,10,female,0,2707.0406706000003,0,23
3914,-9999.0,-9999.0,-9999.0,-9999.0,-9999.0,-9999.0,-9999.0,-9999.0,-9999.0,color,orientation,size,0.22000000000000003,15.5,10,female,0,2707.0406706000003,0,23
3915,-9999.0,-9999.0,-9999.0,-9999.0,-9999.0,-9999.0,-9999.0,-9999.0,-9999.0,color,orientation,size,0.22000000000000003,15.5,10,female,0,2707.0406706000003,0,23
3916,-9999.0,-9999.0,-9999.0,-9999.0,-9999.0,-9999.0,-9999.0,-9999.0,-9999.0,color,orientation,size,0.22000000000000003,15.5,10,female,0,2707.0406706000003,0,23
3917,-9999.0,-9999.0,-9999.0,-9999.0,-9999.0,-9999.0,-9999.0,-9999.0,-9999.0,color,orientation,size,0.22000000000000003,15.5,10,female,0,2707.0406706000003,0,23
3918,-9999.0,-9999.0,-9999.0,-9999.0,-9999.0,-9999.0,-9999.0,-9999.0,-9999.0,color,orientation,size,0.22000000000000003,15.5,10,female,0,2707.0406706000003,0,23
3919,-9999.0,-9999.0,-9999.0,-9999.0,-9999.0,-9999.0,-9999.0,-9999.0,-9999.0,color,orientation,size,0.22000000000000003,15.5,10,female,0,2707.0406706000003,0,23
3920,-9999.0,-9999.0,-9999.0,-9999.0,-9999.0,-9999.0,-9999.0,-9999.0,-9999.0,color,orientation,size,0.22000000000000003,15.5,10,female,0,2707.0406706000003,0,23
3921,-9999.0,-9999.0,-9999.0,-9999.0,-9999.0,-9999.0,-9999.0,-9999.0,-9999.0,color,orientation,size,0.22000000000000003,15.5,10,female,0,2707.0406706000003,0,23
3922,-9999.0,-9999.0,-9999.0,-9999.0,-9999.0,-9999.0,-9999.0,-9999.0,-9999.0,color,orientation,size,0.22000000000000003,15.5,10,female,0,2707.0406706000003,0,23
3923,-9999.0,-9999.0,-9999.0,-9999.0,-9999.0,-9999.0,-9999.0,-9999.0,-9999.0,color,orientation,size,0.22000000000000003,15.5,10,female,0,2707.0406706000003,0,23
3924,-9999.0,-9999.0,-9999.0,-9999.0,-9999.0,-9999.0,-9999.0,-9999.0,-9999.0,color,orientation,size,0.22000000000000003,15.5,10,female,0,2707.0406706000003,0,23
3925,-9999.0,-9999.0,-9999.0,-9999.0,-9999.0,-9999.0,-9999.0,-9999.0,-9999.0,color,orientation,size,0.22000000000000003,15.5,10,female,0,2707.0406706000003,0,23
3926,-9999.0,-9999.0,-9999.0,-9999.0,-9999.0,-9999.0,-9999.0,-9999.0,-9999.0,color,orientation,size,0.22000000000000003,15.5,10,female,0,2707.0406706000003,0,23
3927,-9999.0,-9999.0,-9999.0,-9999.0,-9999.0,-9999.0,-9999.0,-9999.0,-9999.0,color,orientation,size,0.22000000000000003,15.5,10,female,0,2707.0406706000003,0,23
3928,-9999.0,-9999.0,-9999.0,-9999.0,-9999.0,-9999.0,-9999.0,-9999.0,-9999.0,color,orientation,size,0.22000000000000003,15.5,10,female,0,2707.0406706000003,0,23
3929,-9999.0,-9999.0,-9999.0,-9999.0,-9999.0,-9999.0,-9999.0,-9999.0,-9999.0,color,orientation,size,0.22000000000000003,15.5,10,female,0,2707.0406706000003,0,23
3930,-9999.0,-9999.0,-9999.0,-9999.0,-9999.0,-9999.0,-9999.0,-9999.0,-9999.0,color,orientation,size,0.22000000000000003,15.5,10,female,0,2707.0406706000003,0,23
3931,-9999.0,-9999.0,-9999.0,-9999.0,-9999.0,-9999.0,-9999.0,-9999.0,-9999.0,color,orientation,size,0.22000000000000003,15.5,10,female,0,2707.0406706000003,0,23
3932,-9999.0,-9999.0,-9999.0,-9999.0,-9999.0,-9999.0,-9999.0,-9999.0,-9999.0,color,orientation,size,0.22000000000000003,15.5,10,female,0,2707.0406706000003,0,23
3933,-9999.0,-9999.0,-9999.0,-9999.0,-9999.0,-9999.0,-9999.0,-9999.0,-9999.0,color,orientation,size,0.22000000000000003,15.5,10,female,0,2707.0406706000003,0,23
3934,-9999.0,-9999.0,-9999.0,-9999.0,-9999.0,-9999.0,-9999.0,-9999.0,-9999.0,color,orientation,size,0.22000000000000003,15.5,10,female,0,2707.0406706000003,0,23
3935,-9999.0,-9999.0,-9999.0,-9999.0,-9999.0,-9999.0,-9999.0,-9999.0,-9999.0,color,orientation,size,0.22000000000000003,15.5,10,female,0,2707.0406706000003,0,23
3936,-9999.0,-9999.0,-9999.0,-9999.0,-9999.0,-9999.0,-9999.0,-9999.0,-9999.0,color,orientation,size,0.22000000000000003,15.5,10,female,0,2707.0406706000003,0,23
3937,-9999.0,-9999.0,-9999.0,-9999.0,-9999.0,-9999.0,-9999.0,-9999.0,-9999.0,color,orientation,size,0.22000000000000003,15.5,10,female,0,2707.0406706000003,0,23
3938,-9999.0,-9999.0,-9999.0,-9999.0,-9999.0,-9999.0,-9999.0,-9999.0,-9999.0,color,orientation,size,0.22000000000000003,15.5,10,female,0,2707.0406706000003,0,23
3939,-9999.0,-9999.0,-9999.0,-9999.0,-9999.0,-9999.0,-9999.0,-9999.0,-9999.0,color,orientation,size,0.22000000000000003,15.5,10,female,0,2707.0406706000003,0,23
3940,-9999.0,-9999.0,-9999.0,-9999.0,-9999.0,-9999.0,-9999.0,-9999.0,-9999.0,color,orientation,size,0.22000000000000003,15.5,10,female,0,2707.0406706000003,0,23
3941,-9999.0,-9999.0,-9999.0,-9999.0,-9999.0,-9999.0,-9999.0,-9999.0,-9999.0,color,orientation,size,0.22000000000000003,15.5,10,female,0,2707.0406706000003,0,23
3942,-9999.0,-9999.0,-9999.0,-9999.0,-9999.0,-9999.0,-9999.0,-9999.0,-9999.0,color,orientation,size,0.22000000000000003,15.5,10,female,0,2707.0406706000003,0,23
3943,-9999.0,-9999.0,-9999.0,-9999.0,-9999.0,-9999.0,-9999.0,-9999.0,-9999.0,color,orientation,size,0.22000000000000003,15.5,10,female,0,2707.0406706000003,0,23
3944,-9999.0,-9999.0,-9999.0,-9999.0,-9999.0,-9999.0,-9999.0,-9999.0,-9999.0,color,orientation,size,0.22000000000000003,15.5,10,female,0,2707.0406706000003,0,23
3945,-9999.0,-9999.0,-9999.0,-9999.0,-9999.0,-9999.0,-9999.0,-9999.0,-9999.0,color,orientation,size,0.22000000000000003,15.5,10,female,0,2707.0406706000003,0,23
3946,-9999.0,-9999.0,-9999.0,-9999.0,-9999.0,-9999.0,-9999.0,-9999.0,-9999.0,color,orientation,size,0.22000000000000003,15.5,10,female,0,2707.0406706000003,0,23
3947,-9999.0,-9999.0,-9999.0,-9999.0,-9999.0,-9999.0,-9999.0,-9999.0,-9999.0,color,orientation,size,0.22000000000000003,15.5,10,female,0,2707.0406706000003,0,23
3948,-9999.0,-9999.0,-9999.0,-9999.0,-9999.0,-9999.0,-9999.0,-9999.0,-9999.0,color,orientation,size,0.22000000000000003,15.5,10,female,0,2707.0406706000003,0,23
3949,-9999.0,-9999.0,-9999.0,-9999.0,-9999.0,-9999.0,-9999.0,-9999.0,-9999.0,color,orientation,size,0.22000000000000003,15.5,10,female,0,2707.0406706000003,0,23
3950,-9999.0,-9999.0,-9999.0,-9999.0,-9999.0,-9999.0,-9999.0,-9999.0,-9999.0,color,orientation,size,0.22000000000000003,15.5,10,female,0,2707.0406706000003,0,23
3951,-9999.0,-9999.0,-9999.0,-9999.0,-9999.0,-9999.0,-9999.0,-9999.0,-9999.0,color,orientation,size,0.22000000000000003,15.5,10,female,0,2707.0406706000003,0,23
3952,-9999.0,-9999.0,-9999.0,-9999.0,-9999.0,-9999.0,-9999.0,-9999.0,-9999.0,color,orientation,size,0.22000000000000003,15.5,10,female,0,2707.0406706000003,0,23
3953,-9999.0,-9999.0,-9999.0,-9999.0,-9999.0,-9999.0,-9999.0,-9999.0,-9999.0,color,orientation,size,0.22000000000000003,15.5,10,female,0,2707.0406706000003,0,23
3954,-9999.0,-9999.0,-9999.0,-9999.0,-9999.0,-9999.0,-9999.0,-9999.0,-9999.0,color,orientation,size,0.22000000000000003,15.5,10,female,0,2707.0406706000003,0,23
3955,-9999.0,-9999.0,-9999.0,-9999.0,-9999.0,-9999.0,-9999.0,-9999.0,-9999.0,color,orientation,size,0.22000000000000003,15.5,10,female,0,2707.0406706000003,0,23
3956,-9999.0,-9999.0,-9999.0,-9999.0,-9999.0,-9999.0,-9999.0,-9999.0,-9999.0,color,orientation,size,0.22000000000000003,15.5,10,female,0,2707.0406706000003,0,23
3957,-9999.0,-9999.0,-9999.0,-9999.0,-9999.0,-9999.0,-9999.0,-9999.0,-9999.0,color,orientation,size,0.22000000000000003,15.5,10,female,0,2707.0406706000003,0,23
3958,-9999.0,-9999.0,-9999.0,-9999.0,-9999.0,-9999.0,-9999.0,-9999.0,-9999.0,color,orientation,size,0.22000000000000003,15.5,10,female,0,2707.0406706000003,0,23
3959,-9999.0,-9999.0,-9999.0,-9999.0,-9999.0,-9999.0,-9999.0,-9999.0,-9999.0,color,orientation,size,0.22000000000000003,15.5,10,female,0,2707.0406706000003,0,23
3960,-9999.0,-9999.0,-9999.0,-9999.0,-9999.0,-9999.0,-9999.0,-9999.0,-9999.0,color,orientation,size,0.22000000000000003,15.5,10,female,0,2707.0406706000003,0,23
3961,-9999.0,-9999.0,-9999.0,-9999.0,-9999.0,-9999.0,-9999.0,-9999.0,-9999.0,color,orientation,size,0.22000000000000003,15.5,10,female,0,2707.0406706000003,0,23
3962,-9999.0,-9999.0,-9999.0,-9999.0,-9999.0,-9999.0,-9999.0,-9999.0,-9999.0,color,orientation,size,0.22000000000000003,15.5,10,female,0,2707.0406706000003,0,23
3963,-9999.0,-9999.0,-9999.0,-9999.0,-9999.0,-9999.0,-9999.0,-9999.0,-9999.0,color,orientation,size,0.22000000000000003,15.5,10,female,0,2707.0406706000003,0,23
3964,-9999.0,-9999.0,-9999.0,-9999.0,-9999.0,-9999.0,-9999.0,-9999.0,-9999.0,color,orientation,size,0.22000000000000003,15.5,10,female,0,2707.0406706000003,0,23
3965,-9999.0,-9999.0,-9999.0,-9999.0,-9999.0,-9999.0,-9999.0,-9999.0,-9999.0,color,orientation,size,0.22000000000000003,15.5,10,female,0,2707.0406706000003,0,23
3966,-9999.0,-9999.0,-9999.0,-9999.0,-9999.0,-9999.0,-9999.0,-9999.0,-9999.0,color,orientation,size,0.22000000000000003,15.5,10,female,0,2707.0406706000003,0,23
3967,-9999.0,-9999.0,-9999.0,-9999.0,-9999.0,-9999.0,-9999.0,-9999.0,-9999.0,color,orientation,size,0.22000000000000003,15.5,10,female,0,2707.0406706000003,0,23
3968,-9999.0,-9999.0,-9999.0,-9999.0,-9999.0,-9999.0,-9999.0,-9999.0,-9999.0,color,orientation,size,0.22000000000000003,15.5,10,female,0,2707.0406706000003,0,23
3969,-9999.0,-9999.0,-9999.0,-9999.0,-9999.0,-9999.0,-9999.0,-9999.0,-9999.0,color,orientation,size,0.22000000000000003,15.5,10,female,0,2707.0406706000003,0,23
3970,-9999.0,-9999.0,-9999.0,-9999.0,-9999.0,-9999.0,-9999.0,-9999.0,-9999.0,color,orientation,size,0.22000000000000003,15.5,10,female,0,2707.0406706000003,0,23
3971,-9999.0,-9999.0,-9999.0,-9999.0,-9999.0,-9999.0,-9999.0,-9999.0,-9999.0,color,orientation,size,0.22000000000000003,15.5,10,female,0,2707.0406706000003,0,23
3972,-9999.0,-9999.0,-9999.0,-9999.0,-9999.0,-9999.0,-9999.0,-9999.0,-9999.0,color,orientation,size,0.22000000000000003,15.5,10,female,0,2707.0406706000003,0,23
3973,-9999.0,-9999.0,-9999.0,-9999.0,-9999.0,-9999.0,-9999.0,-9999.0,-9999.0,color,orientation,size,0.22000000000000003,15.5,10,female,0,2707.0406706000003,0,23
3974,-9999.0,-9999.0,-9999.0,-9999.0,-9999.0,-9999.0,-9999.0,-9999.0,-9999.0,color,orientation,size,0.22000000000000003,15.5,10,female,0,2707.0406706000003,0,23
3975,-9999.0,-9999.0,-9999.0,-9999.0,-9999.0,-9999.0,-9999.0,-9999.0,-9999.0,color,orientation,size,0.22000000000000003,15.5,10,female,0,2707.0406706000003,0,23
3976,-9999.0,-9999.0,-9999.0,-9999.0,-9999.0,-9999.0,-9999.0,-9999.0,-9999.0,color,orientation,size,0.22000000000000003,15.5,10,female,0,2707.0406706000003,0,23
3977,-9999.0,-9999.0,-9999.0,-9999.0,-9999.0,-9999.0,-9999.0,-9999.0,-9999.0,color,orientation,size,0.22000000000000003,15.5,10,female,0,2707.0406706000003,0,23
3978,-9999.0,-9999.0,-9999.0,-9999.0,-9999.0,-9999.0,-9999.0,-9999.0,-9999.0,color,orientation,size,0.22000000000000003,15.5,10,female,0,2707.0406706000003,0,23
3979,-9999.0,-9999.0,-9999.0,-9999.0,-9999.0,-9999.0,-9999.0,-9999.0,-9999.0,color,orientation,size,0.22000000000000003,15.5,10,female,0,2707.0406706000003,0,23
3980,-9999.0,-9999.0,-9999.0,-9999.0,-9999.0,-9999.0,-9999.0,-9999.0,-9999.0,color,orientation,size,0.22000000000000003,15.5,10,female,0,2707.0406706000003,0,23
3981,-9999.0,-9999.0,-9999.0,-9999.0,-9999.0,-9999.0,-9999.0,-9999.0,-9999.0,color,orientation,size,0.22000000000000003,15.5,10,female,0,2707.0406706000003,0,23
3982,-9999.0,-9999.0,-9999.0,-9999.0,-9999.0,-9999.0,-9999.0,-9999.0,-9999.0,color,orientation,size,0.22000000000000003,15.5,10,female,0,2707.0406706000003,0,23
3983,-9999.0,-9999.0,-9999.0,-9999.0,-9999.0,-9999.0,-9999.0,-9999.0,-9999.0,color,orientation,size,0.22000000000000003,15.5,10,female,0,2707.0406706000003,0,23
3984,-9999.0,-9999.0,-9999.0,-9999.0,-9999.0,-9999.0,-9999.0,-9999.0,-9999.0,color,orientation,size,0.22000000000000003,15.5,10,female,0,2707.0406706000003,0,23
3985,-9999.0,-9999.0,-9999.0,-9999.0,-9999.0,-9999.0,-9999.0,-9999.0,-9999.0,color,orientation,size,0.22000000000000003,15.5,10,female,0,2707.0406706000003,0,23
3986,-9999.0,-9999.0,-9999.0,-9999.0,-9999.0,-9999.0,-9999.0,-9999.0,-9999.0,color,orientation,size,0.22000000000000003,15.5,10,female,0,2707.0406706000003,0,23
3987,-9999.0,-9999.0,-9999.0,-9999.0,-9999.0,-9999.0,-9999.0,-9999.0,-9999.0,color,orientation,size,0.22000000000000003,15.5,10,female,0,2707.0406706000003,0,23
3988,-9999.0,-9999.0,-9999.0,-9999.0,-9999.0,-9999.0,-9999.0,-9999.0,-9999.0,color,orientation,size,0.22000000000000003,15.5,10,female,0,2707.0406706000003,0,23
3989,-9999.0,-9999.0,-9999.0,-9999.0,-9999.0,-9999.0,-9999.0,-9999.0,-9999.0,color,orientation,size,0.22000000000000003,15.5,10,female,0,2707.0406706000003,0,23
3990,-9999.0,-9999.0,-9999.0,-9999.0,-9999.0,-9999.0,-9999.0,-9999.0,-9999.0,color,orientation,size,0.22000000000000003,15.5,10,female,0,2707.0406706000003,0,23
3991,-9999.0,-9999.0,-9999.0,-9999.0,-9999.0,-9999.0,-9999.0,-9999.0,-9999.0,color,orientation,size,0.22000000000000003,15.5,10,female,0,2707.0406706000003,0,23
3992,-9999.0,-9999.0,-9999.0,-9999.0,-9999.0,-9999.0,-9999.0,-9999.0,-9999.0,color,orientation,size,0.22000000000000003,15.5,10,female,0,2707.0406706000003,0,23
3993,-9999.0,-9999.0,-9999.0,-9999.0,-9999.0,-9999.0,-9999.0,-9999.0,-9999.0,color,orientation,size,0.22000000000000003,15.5,10,female,0,2707.0406706000003,0,23
3994,-9999.0,-9999.0,-9999.0,-9999.0,-9999.0,-9999.0,-9999.0,-9999.0,-9999.0,color,orientation,size,0.22000000000000003,15.5,10,female,0,2707.0406706000003,0,23
3995,-9999.0,-9999.0,-9999.0,-9999.0,-9999.0,-9999.0,-9999.0,-9999.0,-9999.0,color,orientation,size,0.22000000000000003,15.5,10,female,0,2707.0406706000003,0,23
3996,-9999.0,-9999.0,-9999.0,-9999.0,-9999.0,-9999.0,-9999.0,-9999.0,-9999.0,color,orientation,size,0.22000000000000003,15.5,10,female,0,2707.0406706000003,0,23
3997,-9999.0,-9999.0,-9999.0,-9999.0,-9999.0,-9999.0,-9999.0,-9999.0,-9999.0,color,orientation,size,0.22000000000000003,15.5,10,female,0,2707.0406706000003,0,23
3998,-9999.0,-9999.0,-9999.0,-9999.0,-9999.0,-9999.0,-9999.0,-9999.0,-9999.0,color,orientation,size,0.22000000000000003,15.5,10,female,0,2707.0406706000003,0,23
3999,-9999.0,-9999.0,-9999.0,-9999.0,-9999.0,-9999.0,-9999.0,-9999.0,-9999.0,color,orientation,size,0.22000000000000003,15.5,10,female,0,2707.0406706000003,0,23
4000,-9999.0,-9999.0,-9999.0,-9999.0,-9999.0,-9999.0,-9999.0,-9999.0,-9999.0,color,orientation,size,0.22000000000000003,15.5,10,female,0,2707.0406706000003,0,23
