Trial_number,Chosen_castle,Chosen_location,Correct_location,Accuracy,Number_of_doors,RT,Current_orientation,Current_color,Current_size,First_feature,Second_feature,Third_feature,Participant_size,Participant_orientation,Participant_number,Participant_gender,Early_exit,Training_time,Meta_trial,Participant_age
1,3,0,5,0,8,53.27600219999999,69.5,3,0.42000000000000004,orientation,color,size,0.38,-7.0,13,male,1,2304.7063153,1,19
2,1,1,1,1,2,4.028018099999997,24.5,13,0.42000000000000004,orientation,color,size,0.38,-7.0,13,male,1,2304.7063153,1,19
3,1,1,1,1,2,1.3499294000000077,65.0,23,0.4600000000000001,orientation,color,size,0.38,-7.0,13,male,1,2304.7063153,0,19
4,1,0,1,0,2,1.8837774000000422,-2.5,15,0.42000000000000004,orientation,color,size,0.38,-7.0,13,male,1,2304.7063153,0,19
5,1,1,1,1,2,5.143684800000017,47.0,23,0.38,orientation,color,size,0.38,-7.0,13,male,1,2304.7063153,1,19
6,1,1,1,1,2,9.634172299999989,38.0,9,0.42000000000000004,orientation,color,size,0.38,-7.0,13,male,1,2304.7063153,0,19
7,1,0,0,1,2,17.3164357,-65.5,4,0.18000000000000002,orientation,color,size,0.38,-7.0,13,male,1,2304.7063153,0,19
8,1,1,1,1,2,7.116985999999997,-7.0,0,0.42000000000000004,orientation,color,size,0.38,-7.0,13,male,1,2304.7063153,0,19
9,1,0,1,0,2,3.0831924999999956,-2.5,10,0.14,orientation,color,size,0.38,-7.0,13,male,1,2304.7063153,0,19
10,1,1,1,1,2,0.5282523999999853,11.0,7,0.4600000000000001,orientation,color,size,0.38,-7.0,13,male,1,2304.7063153,1,19
11,1,1,1,1,2,0.26739349999996875,47.0,24,0.22000000000000003,orientation,color,size,0.38,-7.0,13,male,1,2304.7063153,0,19
12,1,0,0,1,2,0.26714680000003455,-43.0,15,0.4600000000000001,orientation,color,size,0.38,-7.0,13,male,1,2304.7063153,0,19
13,1,1,0,0,2,0.266866900000025,-61.0,11,0.22000000000000003,orientation,color,size,0.38,-7.0,13,male,1,2304.7063153,0,19
14,1,1,0,0,2,1.0775006999999732,-11.5,18,0.1,orientation,color,size,0.38,-7.0,13,male,1,2304.7063153,1,19
15,1,1,1,1,2,16.811059,74.0,18,0.22000000000000003,orientation,color,size,0.38,-7.0,13,male,1,2304.7063153,1,19
16,1,0,0,1,2,1.7326458999999659,-29.5,19,0.18000000000000002,orientation,color,size,0.38,-7.0,13,male,1,2304.7063153,0,19
17,1,0,0,1,2,3.3333381999999574,-74.5,18,0.18000000000000002,orientation,color,size,0.38,-7.0,13,male,1,2304.7063153,0,19
18,1,1,1,1,2,1.6163358000000017,69.5,10,0.1,orientation,color,size,0.38,-7.0,13,male,1,2304.7063153,0,19
19,1,0,0,1,2,2.016146400000025,-88.0,24,0.30000000000000004,orientation,color,size,0.38,-7.0,13,male,1,2304.7063153,0,19
20,1,1,1,1,2,1.3005711000000133,2.0,6,0.4600000000000001,orientation,color,size,0.38,-7.0,13,male,1,2304.7063153,0,19
21,1,0,0,1,2,1.1667879999999968,-43.0,15,0.18000000000000002,orientation,color,size,0.38,-7.0,13,male,1,2304.7063153,0,19
22,1,1,1,1,2,0.7658670000000143,33.5,19,0.26,orientation,color,size,0.38,-7.0,13,male,1,2304.7063153,0,19
23,1,1,1,1,2,0.6168084000000249,65.0,20,0.38,orientation,color,size,0.38,-7.0,13,male,1,2304.7063153,0,19
24,1,1,1,1,2,0.40030239999998685,47.0,12,0.26,orientation,color,size,0.38,-7.0,13,male,1,2304.7063153,0,19
25,3,5,4,0,8,2.19860970000002,33.5,7,0.3400000000000001,orientation,color,size,0.38,-7.0,13,male,1,2304.7063153,1,19
26,3,0,0,1,8,1.9485409000000118,-11.5,0,0.22000000000000003,orientation,color,size,0.38,-7.0,13,male,1,2304.7063153,1,19
27,3,4,7,0,8,1.4491143000000193,38.0,24,0.42000000000000004,orientation,color,size,0.38,-7.0,13,male,1,2304.7063153,0,19
28,3,5,7,0,8,2.831437099999903,33.5,23,0.38,orientation,color,size,0.38,-7.0,13,male,1,2304.7063153,1,19
29,3,1,2,0,8,4.531906800000002,-25.0,22,0.26,orientation,color,size,0.38,-7.0,13,male,1,2304.7063153,1,19
30,2,2,2,1,4,0.9825129999999263,51.5,7,0.1,orientation,color,size,0.38,-7.0,13,male,1,2304.7063153,1,19
31,2,3,3,1,4,1.284464699999944,29.0,21,0.42000000000000004,orientation,color,size,0.38,-7.0,13,male,1,2304.7063153,0,19
32,2,2,3,0,4,1.4834104000000252,87.5,15,0.26,orientation,color,size,0.38,-7.0,13,male,1,2304.7063153,0,19
33,2,2,3,0,4,0.7991901999999982,69.5,19,0.26,orientation,color,size,0.38,-7.0,13,male,1,2304.7063153,1,19
34,2,3,2,0,4,1.5987138000000414,78.5,2,0.18000000000000002,orientation,color,size,0.38,-7.0,13,male,1,2304.7063153,1,19
35,2,2,2,1,4,1.3652335000000448,60.5,0,0.18000000000000002,orientation,color,size,0.38,-7.0,13,male,1,2304.7063153,1,19
36,2,1,0,0,4,0.9507494999999153,-52.0,7,0.42000000000000004,orientation,color,size,0.38,-7.0,13,male,1,2304.7063153,0,19
37,2,0,1,0,4,1.2313004000000092,-61.0,22,0.4600000000000001,orientation,color,size,0.38,-7.0,13,male,1,2304.7063153,1,19
38,2,2,3,0,4,2.0165135000000873,15.5,23,0.14,orientation,color,size,0.38,-7.0,13,male,1,2304.7063153,1,19
39,2,0,1,0,4,3.883971900000006,-88.0,14,0.22000000000000003,orientation,color,size,0.38,-7.0,13,male,1,2304.7063153,1,19
40,2,0,1,0,4,1.3497717000000193,-61.0,13,0.38,orientation,color,size,0.38,-7.0,13,male,1,2304.7063153,1,19
41,2,2,3,0,4,2.249817099999973,51.5,15,0.14,orientation,color,size,0.38,-7.0,13,male,1,2304.7063153,1,19
42,2,1,0,0,4,2.665941500000031,-74.5,10,0.3400000000000001,orientation,color,size,0.38,-7.0,13,male,1,2304.7063153,1,19
43,2,1,0,0,4,0.3498691999999437,-88.0,10,0.26,orientation,color,size,0.38,-7.0,13,male,1,2304.7063153,1,19
44,2,3,3,1,4,2.149918400000047,11.0,17,0.26,orientation,color,size,0.38,-7.0,13,male,1,2304.7063153,1,19
45,2,1,0,0,4,1.4334733999999116,-38.5,5,0.38,orientation,color,size,0.38,-7.0,13,male,1,2304.7063153,0,19
46,2,0,0,1,4,1.6498905000000832,-61.0,3,0.42000000000000004,orientation,color,size,0.38,-7.0,13,male,1,2304.7063153,1,19
47,2,0,0,1,4,1.3006317000000536,-74.5,12,0.22000000000000003,orientation,color,size,0.38,-7.0,13,male,1,2304.7063153,0,19
48,2,0,0,1,4,1.1005820000000313,-79.0,12,0.14,orientation,color,size,0.38,-7.0,13,male,1,2304.7063153,0,19
49,2,3,3,1,4,2.8668543,11.0,13,0.3400000000000001,orientation,color,size,0.38,-7.0,13,male,1,2304.7063153,0,19
50,2,0,2,0,4,1.7659916999999723,24.5,1,0.1,orientation,color,size,0.38,-7.0,13,male,1,2304.7063153,0,19
51,2,1,1,1,4,2.316472900000008,-61.0,24,0.1,orientation,color,size,0.38,-7.0,13,male,1,2304.7063153,1,19
52,2,0,0,1,4,1.4504056999999193,-43.0,5,0.18000000000000002,orientation,color,size,0.38,-7.0,13,male,1,2304.7063153,0,19
53,2,2,3,0,4,1.7823660999999902,11.0,19,0.30000000000000004,orientation,color,size,0.38,-7.0,13,male,1,2304.7063153,0,19
54,2,1,1,1,4,2.7166730000000143,-43.0,22,0.22000000000000003,orientation,color,size,0.38,-7.0,13,male,1,2304.7063153,1,19
55,2,0,2,0,4,2.2997415999999475,-2.5,3,0.18000000000000002,orientation,color,size,0.38,-7.0,13,male,1,2304.7063153,0,19
56,2,1,0,0,4,4.683682699999963,-43.0,0,0.4600000000000001,orientation,color,size,0.38,-7.0,13,male,1,2304.7063153,1,19
57,3,4,6,0,8,1.9830476999999291,87.5,14,0.22000000000000003,orientation,color,size,0.38,-7.0,13,male,1,2304.7063153,1,19
58,3,6,6,1,8,1.2321927000000414,6.5,21,0.1,orientation,color,size,0.38,-7.0,13,male,1,2304.7063153,1,19
59,3,0,0,1,8,2.7003131999999823,-52.0,12,0.26,orientation,color,size,0.38,-7.0,13,male,1,2304.7063153,0,19
60,3,7,5,0,8,2.583353699999975,47.0,3,0.38,orientation,color,size,0.38,-7.0,13,male,1,2304.7063153,0,19
61,3,5,4,0,8,2.250101900000004,42.5,4,0.26,orientation,color,size,0.38,-7.0,13,male,1,2304.7063153,1,19
62,3,4,5,0,8,11.28266880000001,33.5,3,0.38,orientation,color,size,0.38,-7.0,13,male,1,2304.7063153,1,19
63,2,2,2,1,4,1.2657455999999456,65.0,11,0.3400000000000001,orientation,color,size,0.38,-7.0,13,male,1,2304.7063153,1,19
64,2,3,3,1,4,0.8503916999999319,47.0,16,0.38,orientation,color,size,0.38,-7.0,13,male,1,2304.7063153,0,19
65,2,1,1,1,4,1.1840162999999393,-70.0,22,0.18000000000000002,orientation,color,size,0.38,-7.0,13,male,1,2304.7063153,0,19
66,2,1,1,1,4,1.4002222000000302,-56.5,17,0.3400000000000001,orientation,color,size,0.38,-7.0,13,male,1,2304.7063153,0,19
67,2,3,3,1,4,1.2004468999999744,2.0,16,0.4600000000000001,orientation,color,size,0.38,-7.0,13,male,1,2304.7063153,0,19
68,2,1,0,0,4,1.316783100000066,-43.0,3,0.30000000000000004,orientation,color,size,0.38,-7.0,13,male,1,2304.7063153,0,19
69,2,0,0,1,4,1.3502546000000848,-29.5,5,0.42000000000000004,orientation,color,size,0.38,-7.0,13,male,1,2304.7063153,1,19
70,2,3,3,1,4,1.1329293000000007,24.5,13,0.14,orientation,color,size,0.38,-7.0,13,male,1,2304.7063153,0,19
71,2,3,2,0,4,1.2832837999999356,24.5,7,0.30000000000000004,orientation,color,size,0.38,-7.0,13,male,1,2304.7063153,0,19
72,2,3,3,1,4,0.9830705000000535,6.5,17,0.18000000000000002,orientation,color,size,0.38,-7.0,13,male,1,2304.7063153,1,19
73,2,2,2,1,4,2.0168856000000233,6.5,5,0.26,orientation,color,size,0.38,-7.0,13,male,1,2304.7063153,0,19
74,2,1,2,0,4,1.2339114999999765,-7.0,6,0.4600000000000001,orientation,color,size,0.38,-7.0,13,male,1,2304.7063153,0,19
75,2,3,3,1,4,1.3492754000000104,15.5,17,0.1,orientation,color,size,0.38,-7.0,13,male,1,2304.7063153,1,19
76,2,0,3,0,4,1.117069299999912,-2.5,22,0.14,orientation,color,size,0.38,-7.0,13,male,1,2304.7063153,0,19
77,2,1,1,1,4,1.016743500000075,-65.5,17,0.22000000000000003,orientation,color,size,0.38,-7.0,13,male,1,2304.7063153,1,19
78,2,2,3,0,4,1.1180484000000206,87.5,24,0.3400000000000001,orientation,color,size,0.38,-7.0,13,male,1,2304.7063153,0,19
79,2,2,3,0,4,19.082017699999938,83.0,21,0.38,orientation,color,size,0.38,-7.0,13,male,1,2304.7063153,1,19
80,3,7,5,0,8,0.9665559999999687,11.0,11,0.42000000000000004,orientation,color,size,0.38,-7.0,13,male,1,2304.7063153,1,19
81,3,4,5,0,8,1.4839310999999498,56.0,1,0.38,orientation,color,size,0.38,-7.0,13,male,1,2304.7063153,1,19
82,3,2,1,0,8,1.4666950999999244,-43.0,10,0.42000000000000004,orientation,color,size,0.38,-7.0,13,male,1,2304.7063153,1,19
83,3,6,6,1,8,4.149718200000052,29.0,22,0.18000000000000002,orientation,color,size,0.38,-7.0,13,male,1,2304.7063153,1,19
84,3,4,4,1,8,4.099863400000004,2.0,8,0.30000000000000004,orientation,color,size,0.38,-7.0,13,male,1,2304.7063153,0,19
85,3,2,0,0,8,4.234194699999989,-52.0,0,0.1,orientation,color,size,0.38,-7.0,13,male,1,2304.7063153,0,19
86,3,0,7,0,8,1.783513599999992,-7.0,19,0.42000000000000004,orientation,color,size,0.38,-7.0,13,male,1,2304.7063153,1,19
87,3,2,0,0,8,3.300201100000095,-47.5,10,0.30000000000000004,orientation,color,size,0.38,-7.0,13,male,1,2304.7063153,1,19
88,2,1,0,0,4,2.233365000000049,-43.0,7,0.4600000000000001,orientation,color,size,0.38,-7.0,13,male,1,2304.7063153,1,19
89,2,2,2,1,4,4.0670748,78.5,5,0.22000000000000003,orientation,color,size,0.38,-7.0,13,male,1,2304.7063153,1,19
90,2,2,2,1,4,0.8673003000000108,74.0,9,0.14,orientation,color,size,0.38,-7.0,13,male,1,2304.7063153,0,19
91,2,0,1,0,4,0.9996095999999852,-20.5,14,0.26,orientation,color,size,0.38,-7.0,13,male,1,2304.7063153,0,19
92,2,2,3,0,4,1.016127200000028,42.5,20,0.14,orientation,color,size,0.38,-7.0,13,male,1,2304.7063153,1,19
93,2,3,3,1,4,1.2328739000000724,6.5,17,0.38,orientation,color,size,0.38,-7.0,13,male,1,2304.7063153,1,19
94,2,1,1,1,4,0.8677178999998887,-70.0,15,0.3400000000000001,orientation,color,size,0.38,-7.0,13,male,1,2304.7063153,0,19
95,2,2,3,0,4,0.7842536000000564,65.0,19,0.30000000000000004,orientation,color,size,0.38,-7.0,13,male,1,2304.7063153,0,19
96,1,1,1,1,2,1.2780778000000055,6.5,21,0.4600000000000001,orientation,color,size,0.38,-7.0,13,male,1,2304.7063153,1,19
97,1,0,0,1,2,1.3170403000000306,-16.0,13,0.4600000000000001,orientation,color,size,0.38,-7.0,13,male,1,2304.7063153,0,19
98,1,1,1,1,2,0.6012649000000465,51.5,18,0.22000000000000003,orientation,color,size,0.38,-7.0,13,male,1,2304.7063153,0,19
99,1,0,0,1,2,0.4672958999999537,-16.0,24,0.30000000000000004,orientation,color,size,0.38,-7.0,13,male,1,2304.7063153,0,19
100,1,0,0,1,2,0.9673142999999982,-56.5,8,0.38,orientation,color,size,0.38,-7.0,13,male,1,2304.7063153,0,19
101,1,0,0,1,2,0.4671617999999853,-43.0,16,0.18000000000000002,orientation,color,size,0.38,-7.0,13,male,1,2304.7063153,0,19
102,1,1,1,1,2,0.9838088000000198,20.0,0,0.26,orientation,color,size,0.38,-7.0,13,male,1,2304.7063153,0,19
103,1,0,0,1,2,0.9674926999999798,-56.5,5,0.4600000000000001,orientation,color,size,0.38,-7.0,13,male,1,2304.7063153,0,19
104,1,1,1,1,2,0.8669959000000063,15.5,1,0.3400000000000001,orientation,color,size,0.38,-7.0,13,male,1,2304.7063153,0,19
105,1,0,0,1,2,1.0498148000000356,-38.5,18,0.1,orientation,color,size,0.38,-7.0,13,male,1,2304.7063153,0,19
106,3,3,2,0,8,1.017401599999971,-88.0,18,0.1,orientation,color,size,0.38,-7.0,13,male,1,2304.7063153,1,19
107,3,0,4,0,8,1.8835781000000225,-7.0,7,0.22000000000000003,orientation,color,size,0.38,-7.0,13,male,1,2304.7063153,1,19
108,3,3,1,0,8,5.383286799999951,-79.0,10,0.42000000000000004,orientation,color,size,0.38,-7.0,13,male,1,2304.7063153,1,19
109,2,2,2,1,4,0.9511642999999594,33.5,6,0.26,orientation,color,size,0.38,-7.0,13,male,1,2304.7063153,1,19
110,2,1,0,0,4,0.8165766000000758,-83.5,6,0.38,orientation,color,size,0.38,-7.0,13,male,1,2304.7063153,0,19
111,2,0,0,1,4,0.8500321000000213,-83.5,2,0.26,orientation,color,size,0.38,-7.0,13,male,1,2304.7063153,1,19
112,2,0,0,1,4,0.6829976999999872,-61.0,4,0.22000000000000003,orientation,color,size,0.38,-7.0,13,male,1,2304.7063153,0,19
113,2,0,0,1,4,0.6171583999999939,-38.5,0,0.14,orientation,color,size,0.38,-7.0,13,male,1,2304.7063153,0,19
114,2,0,0,1,4,0.867121300000008,-25.0,10,0.1,orientation,color,size,0.38,-7.0,13,male,1,2304.7063153,0,19
115,2,2,2,1,4,1.067149699999959,78.5,7,0.22000000000000003,orientation,color,size,0.38,-7.0,13,male,1,2304.7063153,0,19
116,2,1,1,1,4,0.8503251000000773,-79.0,18,0.22000000000000003,orientation,color,size,0.38,-7.0,13,male,1,2304.7063153,0,19
117,2,2,3,0,4,0.7676916000000347,87.5,24,0.26,orientation,color,size,0.38,-7.0,13,male,1,2304.7063153,0,19
118,2,0,0,1,4,0.9000184999999874,-34.0,12,0.38,orientation,color,size,0.38,-7.0,13,male,1,2304.7063153,1,19
119,2,3,3,1,4,1.133238399999982,24.5,23,0.26,orientation,color,size,0.38,-7.0,13,male,1,2304.7063153,0,19
120,2,1,0,0,4,2.0491339000000153,-79.0,1,0.38,orientation,color,size,0.38,-7.0,13,male,1,2304.7063153,0,19
121,2,3,2,0,4,1.849623299999962,47.0,4,0.38,orientation,color,size,0.38,-7.0,13,male,1,2304.7063153,1,19
122,2,3,2,0,4,1.3159534999999778,15.5,3,0.38,orientation,color,size,0.38,-7.0,13,male,1,2304.7063153,1,19
123,2,0,0,1,4,1.0655742000000146,-11.5,0,0.18000000000000002,orientation,color,size,0.38,-7.0,13,male,1,2304.7063153,1,19
124,2,3,2,0,4,1.050035600000001,38.0,7,0.4600000000000001,orientation,color,size,0.38,-7.0,13,male,1,2304.7063153,0,19
125,2,0,1,0,4,0.9330490999999483,-20.5,24,0.38,orientation,color,size,0.38,-7.0,13,male,1,2304.7063153,1,19
126,2,0,2,0,4,0.9161019000000579,-2.5,4,0.1,orientation,color,size,0.38,-7.0,13,male,1,2304.7063153,1,19
127,2,0,3,0,4,1.0826583000000483,-7.0,24,0.18000000000000002,orientation,color,size,0.38,-7.0,13,male,1,2304.7063153,1,19
128,2,1,1,1,4,1.5158318000000008,-34.0,18,0.18000000000000002,orientation,color,size,0.38,-7.0,13,male,1,2304.7063153,1,19
129,2,2,3,0,4,0.7831398000000718,74.0,16,0.26,orientation,color,size,0.38,-7.0,13,male,1,2304.7063153,0,19
130,2,3,2,0,4,1.0154324999999744,6.5,12,0.1,orientation,color,size,0.38,-7.0,13,male,1,2304.7063153,1,19
131,2,1,0,0,4,1.2494894999999815,-16.0,2,0.42000000000000004,orientation,color,size,0.38,-7.0,13,male,1,2304.7063153,1,19
132,2,3,2,0,4,1.1493148000000701,33.5,5,0.18000000000000002,orientation,color,size,0.38,-7.0,13,male,1,2304.7063153,1,19
133,2,0,0,1,4,1.5330022000000554,-11.5,7,0.38,orientation,color,size,0.38,-7.0,13,male,1,2304.7063153,1,19
134,2,1,1,1,4,0.8991230999999971,-79.0,17,0.42000000000000004,orientation,color,size,0.38,-7.0,13,male,1,2304.7063153,0,19
135,2,1,0,0,4,0.7329683000000387,-83.5,9,0.30000000000000004,orientation,color,size,0.38,-7.0,13,male,1,2304.7063153,0,19
136,2,0,0,1,4,0.7316264000000956,-70.0,8,0.42000000000000004,orientation,color,size,0.38,-7.0,13,male,1,2304.7063153,1,19
137,2,2,3,0,4,1.8004969000000983,6.5,20,0.26,orientation,color,size,0.38,-7.0,13,male,1,2304.7063153,0,19
138,2,3,2,0,4,0.865466600000218,2.0,8,0.3400000000000001,orientation,color,size,0.38,-7.0,13,male,1,2304.7063153,1,19
139,2,2,3,0,4,0.7157454999999118,29.0,21,0.4600000000000001,orientation,color,size,0.38,-7.0,13,male,1,2304.7063153,1,19
140,2,3,3,1,4,0.6481269000000793,15.5,19,0.18000000000000002,orientation,color,size,0.38,-7.0,13,male,1,2304.7063153,1,19
141,2,0,0,1,4,1.5173990999999205,-79.0,1,0.18000000000000002,orientation,color,size,0.38,-7.0,13,male,1,2304.7063153,0,19
142,2,0,0,1,4,0.5338638000000628,-79.0,6,0.18000000000000002,orientation,color,size,0.38,-7.0,13,male,1,2304.7063153,0,19
143,2,1,1,1,4,2.4170478000000912,-70.0,22,0.42000000000000004,orientation,color,size,0.38,-7.0,13,male,1,2304.7063153,0,19
144,2,0,0,1,4,2.650950200000125,-70.0,4,0.4600000000000001,orientation,color,size,0.38,-7.0,13,male,1,2304.7063153,0,19
145,2,1,1,1,4,1.5162006000000474,-56.5,13,0.30000000000000004,orientation,color,size,0.38,-7.0,13,male,1,2304.7063153,0,19
146,2,2,3,0,4,1.1501372000000174,83.0,20,0.26,orientation,color,size,0.38,-7.0,13,male,1,2304.7063153,0,19
147,2,0,0,1,4,1.4502156000000923,-52.0,11,0.30000000000000004,orientation,color,size,0.38,-7.0,13,male,1,2304.7063153,1,19
148,2,2,3,0,4,2.8509040999999797,47.0,21,0.1,orientation,color,size,0.38,-7.0,13,male,1,2304.7063153,0,19
149,2,0,0,1,4,1.2644725999998627,-34.0,9,0.30000000000000004,orientation,color,size,0.38,-7.0,13,male,1,2304.7063153,1,19
150,2,2,2,1,4,1.4499064999999973,29.0,10,0.14,orientation,color,size,0.38,-7.0,13,male,1,2304.7063153,0,19
151,2,0,0,1,4,1.5003227999998217,-29.5,7,0.18000000000000002,orientation,color,size,0.38,-7.0,13,male,1,2304.7063153,0,19
152,2,3,3,1,4,1.866792499999974,47.0,13,0.4600000000000001,orientation,color,size,0.38,-7.0,13,male,1,2304.7063153,0,19
153,2,3,3,1,4,0.7170862000000398,29.0,14,0.38,orientation,color,size,0.38,-7.0,13,male,1,2304.7063153,0,19
154,2,0,0,1,4,2.6000687000000653,-34.0,0,0.1,orientation,color,size,0.38,-7.0,13,male,1,2304.7063153,0,19
155,2,0,2,0,4,1.0340610999999171,-7.0,4,0.4600000000000001,orientation,color,size,0.38,-7.0,13,male,1,2304.7063153,0,19
156,2,2,2,1,4,7.44863579999992,87.5,6,0.1,orientation,color,size,0.38,-7.0,13,male,1,2304.7063153,1,19
157,2,2,2,1,4,1.3165307000001576,38.0,9,0.1,orientation,color,size,0.38,-7.0,13,male,1,2304.7063153,0,19
158,2,0,0,1,4,1.5661479000000327,-83.5,5,0.4600000000000001,orientation,color,size,0.38,-7.0,13,male,1,2304.7063153,0,19
159,2,0,2,0,4,1.8836665999999695,78.5,3,0.42000000000000004,orientation,color,size,0.38,-7.0,13,male,1,2304.7063153,0,19
160,2,1,1,1,4,1.1999949999999444,-25.0,20,0.4600000000000001,orientation,color,size,0.38,-7.0,13,male,1,2304.7063153,1,19
161,2,3,3,1,4,4.549427299999934,47.0,17,0.26,orientation,color,size,0.38,-7.0,13,male,1,2304.7063153,0,19
162,2,2,0,0,4,2.2166873999999552,-61.0,7,0.18000000000000002,orientation,color,size,0.38,-7.0,13,male,1,2304.7063153,0,19
163,2,2,0,0,4,1.4494864999999209,-56.5,8,0.1,orientation,color,size,0.38,-7.0,13,male,1,2304.7063153,1,19
164,2,3,3,1,4,1.6495446999999785,56.0,21,0.38,orientation,color,size,0.38,-7.0,13,male,1,2304.7063153,1,19
165,2,2,2,1,4,2.4504876999999397,74.0,11,0.30000000000000004,orientation,color,size,0.38,-7.0,13,male,1,2304.7063153,0,19
166,2,1,3,0,4,2.6668256999998903,20.0,22,0.14,orientation,color,size,0.38,-7.0,13,male,1,2304.7063153,0,19
167,2,1,3,0,4,1.7653694000000542,-7.0,22,0.42000000000000004,orientation,color,size,0.38,-7.0,13,male,1,2304.7063153,1,19
168,2,2,2,1,4,23.29901860000018,29.0,3,0.1,orientation,color,size,0.38,-7.0,13,male,1,2304.7063153,1,19
169,2,3,3,1,4,2.882905400000027,65.0,19,0.42000000000000004,orientation,color,size,0.38,-7.0,13,male,1,2304.7063153,0,19
170,2,0,0,1,4,1.883225100000118,-34.0,0,0.4600000000000001,orientation,color,size,0.38,-7.0,13,male,1,2304.7063153,0,19
171,2,1,1,1,4,1.383097399999997,-29.5,15,0.3400000000000001,orientation,color,size,0.38,-7.0,13,male,1,2304.7063153,0,19
172,2,0,0,1,4,2.7663457999999537,-79.0,7,0.18000000000000002,orientation,color,size,0.38,-7.0,13,male,1,2304.7063153,0,19
173,2,2,3,0,4,2.099930699999959,83.0,17,0.3400000000000001,orientation,color,size,0.38,-7.0,13,male,1,2304.7063153,0,19
174,2,3,3,1,4,2.2325521999998728,60.5,23,0.1,orientation,color,size,0.38,-7.0,13,male,1,2304.7063153,1,19
175,2,2,2,1,4,2.1661251000000448,56.0,4,0.3400000000000001,orientation,color,size,0.38,-7.0,13,male,1,2304.7063153,0,19
176,2,1,0,0,4,1.7000359000001026,-79.0,11,0.42000000000000004,orientation,color,size,0.38,-7.0,13,male,1,2304.7063153,0,19
177,2,3,3,1,4,1.3150107000001299,38.0,24,0.22000000000000003,orientation,color,size,0.38,-7.0,13,male,1,2304.7063153,1,19
178,2,1,1,1,4,1.149798900000178,-56.5,18,0.38,orientation,color,size,0.38,-7.0,13,male,1,2304.7063153,0,19
179,2,3,3,1,4,0.9014578999999685,33.5,17,0.26,orientation,color,size,0.38,-7.0,13,male,1,2304.7063153,0,19
180,2,3,1,0,4,2.6832510999997794,-11.5,23,0.1,orientation,color,size,0.38,-7.0,13,male,1,2304.7063153,0,19
181,2,2,1,0,4,1.5994462999999541,-88.0,13,0.3400000000000001,orientation,color,size,0.38,-7.0,13,male,1,2304.7063153,1,19
182,2,0,0,1,4,2.382605300000023,-29.5,11,0.18000000000000002,orientation,color,size,0.38,-7.0,13,male,1,2304.7063153,1,19
183,2,0,0,1,4,1.0348195999999916,-34.0,10,0.1,orientation,color,size,0.38,-7.0,13,male,1,2304.7063153,0,19
184,2,1,1,1,4,1.1341070000000855,-47.5,20,0.42000000000000004,orientation,color,size,0.38,-7.0,13,male,1,2304.7063153,0,19
185,2,1,1,1,4,1.600707199999988,-83.5,14,0.42000000000000004,orientation,color,size,0.38,-7.0,13,male,1,2304.7063153,0,19
186,2,1,1,1,4,0.7994215999999597,-29.5,24,0.14,orientation,color,size,0.38,-7.0,13,male,1,2304.7063153,0,19
187,2,1,1,1,4,0.866021400000136,-70.0,17,0.18000000000000002,orientation,color,size,0.38,-7.0,13,male,1,2304.7063153,0,19
188,2,1,1,1,4,0.9669185999998717,-38.5,15,0.3400000000000001,orientation,color,size,0.38,-7.0,13,male,1,2304.7063153,0,19
189,2,2,2,1,4,2.3499950000000354,24.5,11,0.14,orientation,color,size,0.38,-7.0,13,male,1,2304.7063153,0,19
190,2,2,2,1,4,0.933731600000101,24.5,8,0.4600000000000001,orientation,color,size,0.38,-7.0,13,male,1,2304.7063153,0,19
191,2,1,1,1,4,1.515511399999923,-56.5,19,0.1,orientation,color,size,0.38,-7.0,13,male,1,2304.7063153,0,19
192,3,3,0,0,8,3.400275400000055,-70.0,7,0.14,orientation,color,size,0.38,-7.0,13,male,1,2304.7063153,1,19
193,3,7,6,0,8,1.1154218000001492,38.0,19,0.1,orientation,color,size,0.38,-7.0,13,male,1,2304.7063153,1,19
194,3,1,2,0,8,4.566091400000005,-20.5,22,0.22000000000000003,orientation,color,size,0.38,-7.0,13,male,1,2304.7063153,1,19
195,3,6,4,0,8,1.6829254000001583,33.5,3,0.1,orientation,color,size,0.38,-7.0,13,male,1,2304.7063153,1,19
196,3,3,0,0,8,1.3495940000000246,-74.5,0,0.26,orientation,color,size,0.38,-7.0,13,male,1,2304.7063153,1,19
197,3,6,6,1,8,2.283561899999995,38.0,23,0.3400000000000001,orientation,color,size,0.38,-7.0,13,male,1,2304.7063153,1,19
198,3,7,1,0,8,2.0328431000000364,-88.0,4,0.38,orientation,color,size,0.38,-7.0,13,male,1,2304.7063153,0,19
199,3,0,0,1,8,1.4822094999999536,-11.5,12,0.26,orientation,color,size,0.38,-7.0,13,male,1,2304.7063153,1,19
200,3,0,0,1,8,0.6823761000000559,-16.0,6,0.22000000000000003,orientation,color,size,0.38,-7.0,13,male,1,2304.7063153,0,19
201,3,3,0,0,8,1.6834434999998393,-88.0,3,0.1,orientation,color,size,0.38,-7.0,13,male,1,2304.7063153,0,19
202,3,7,4,0,8,1.5328174000001127,74.0,6,0.14,orientation,color,size,0.38,-7.0,13,male,1,2304.7063153,1,19
203,3,3,2,0,8,1.5821853999998439,-79.0,21,0.14,orientation,color,size,0.38,-7.0,13,male,1,2304.7063153,1,19
204,3,0,0,1,8,1.2997166999998626,-70.0,6,0.18000000000000002,orientation,color,size,0.38,-7.0,13,male,1,2304.7063153,1,19
205,3,2,2,1,8,1.3999189000001024,-11.5,19,0.1,orientation,color,size,0.38,-7.0,13,male,1,2304.7063153,0,19
206,3,5,7,0,8,1.0331992000001264,24.5,24,0.42000000000000004,orientation,color,size,0.38,-7.0,13,male,1,2304.7063153,0,19
207,3,0,4,0,8,1.2163342999999713,-2.5,7,0.3400000000000001,orientation,color,size,0.38,-7.0,13,male,1,2304.7063153,1,19
208,3,7,7,1,8,1.566372900000033,15.5,21,0.38,orientation,color,size,0.38,-7.0,13,male,1,2304.7063153,1,19
209,3,7,3,0,8,0.9666090000000622,-16.0,14,0.4600000000000001,orientation,color,size,0.38,-7.0,13,male,1,2304.7063153,0,19
210,3,0,0,1,8,1.3663275999999769,-20.5,1,0.26,orientation,color,size,0.38,-7.0,13,male,1,2304.7063153,1,19
211,3,3,3,1,8,1.4495535999999447,-79.0,19,0.4600000000000001,orientation,color,size,0.38,-7.0,13,male,1,2304.7063153,0,19
212,3,0,5,0,8,1.4830145999999331,-2.5,5,0.38,orientation,color,size,0.38,-7.0,13,male,1,2304.7063153,0,19
213,3,4,7,0,8,2.500473800000009,33.5,21,0.42000000000000004,orientation,color,size,0.38,-7.0,13,male,1,2304.7063153,1,19
214,3,0,0,1,8,1.2824001000001317,-25.0,2,0.1,orientation,color,size,0.38,-7.0,13,male,1,2304.7063153,1,19
215,3,4,4,1,8,1.984096000000136,38.0,1,0.18000000000000002,orientation,color,size,0.38,-7.0,13,male,1,2304.7063153,0,19
216,3,4,4,1,8,0.8826834999999846,87.5,2,0.3400000000000001,orientation,color,size,0.38,-7.0,13,male,1,2304.7063153,0,19
217,3,0,1,0,8,1.6988741999998638,-47.5,4,0.4600000000000001,orientation,color,size,0.38,-7.0,13,male,1,2304.7063153,0,19
218,3,3,3,1,8,2.2003078999998706,-25.0,17,0.38,orientation,color,size,0.38,-7.0,13,male,1,2304.7063153,1,19
219,3,4,5,0,8,1.4497948999999153,60.5,9,0.38,orientation,color,size,0.38,-7.0,13,male,1,2304.7063153,0,19
220,3,0,1,0,8,2.13246990000016,-56.5,0,0.42000000000000004,orientation,color,size,0.38,-7.0,13,male,1,2304.7063153,1,19
221,3,3,3,1,8,1.5322634999999991,-11.5,17,0.42000000000000004,orientation,color,size,0.38,-7.0,13,male,1,2304.7063153,1,19
222,3,4,4,1,8,6.80010110000012,42.5,1,0.22000000000000003,orientation,color,size,0.38,-7.0,13,male,1,2304.7063153,0,19
223,3,4,5,0,8,0.7332744999998795,65.0,11,0.38,orientation,color,size,0.38,-7.0,13,male,1,2304.7063153,0,19
224,3,0,0,1,8,1.4489580999997997,-70.0,1,0.1,orientation,color,size,0.38,-7.0,13,male,1,2304.7063153,1,19
225,3,4,7,0,8,1.816436500000009,6.5,16,0.42000000000000004,orientation,color,size,0.38,-7.0,13,male,1,2304.7063153,0,19
226,3,0,0,1,8,3.0489753000001656,-43.0,11,0.26,orientation,color,size,0.38,-7.0,13,male,1,2304.7063153,1,19
227,3,0,5,0,8,0.9337750999998207,-7.0,9,0.38,orientation,color,size,0.38,-7.0,13,male,1,2304.7063153,0,19
228,3,3,2,0,8,1.2155993999999737,-83.5,19,0.1,orientation,color,size,0.38,-7.0,13,male,1,2304.7063153,1,19
229,3,3,2,0,8,1.2989805999998225,-79.0,19,0.26,orientation,color,size,0.38,-7.0,13,male,1,2304.7063153,1,19
230,3,0,4,0,8,1.2819179000000531,2.0,2,0.18000000000000002,orientation,color,size,0.38,-7.0,13,male,1,2304.7063153,1,19
231,3,0,0,1,8,1.0160448000001452,-70.0,5,0.1,orientation,color,size,0.38,-7.0,13,male,1,2304.7063153,1,19
232,3,0,0,1,8,2.900206700000126,-38.5,4,0.18000000000000002,orientation,color,size,0.38,-7.0,13,male,1,2304.7063153,0,19
233,3,3,2,0,8,2.517129999999952,-34.0,19,0.26,orientation,color,size,0.38,-7.0,13,male,1,2304.7063153,0,19
234,3,7,6,0,8,3.3002910999998676,29.0,21,0.1,orientation,color,size,0.38,-7.0,13,male,1,2304.7063153,1,19
235,3,6,4,0,8,17.83352990000003,60.5,0,0.18000000000000002,orientation,color,size,0.38,-7.0,13,male,1,2304.7063153,1,19
236,3,7,7,1,8,7.349168199999895,65.0,17,0.4600000000000001,orientation,color,size,0.38,-7.0,13,male,1,2304.7063153,1,19
237,3,3,3,1,8,2.1001865000000635,-74.5,22,0.38,orientation,color,size,0.38,-7.0,13,male,1,2304.7063153,0,19
238,3,7,7,1,8,2.6167351999999937,47.0,19,0.4600000000000001,orientation,color,size,0.38,-7.0,13,male,1,2304.7063153,0,19
239,3,0,4,0,8,2.9669708000001265,-7.0,4,0.18000000000000002,orientation,color,size,0.38,-7.0,13,male,1,2304.7063153,0,19
240,3,0,4,0,8,3.4836193999999523,15.5,1,0.22000000000000003,orientation,color,size,0.38,-7.0,13,male,1,2304.7063153,1,19
241,3,0,0,1,8,1.8150768000000426,-52.0,0,0.3400000000000001,orientation,color,size,0.38,-7.0,13,male,1,2304.7063153,1,19
242,3,0,0,1,8,0.91585699999996,-56.5,12,0.30000000000000004,orientation,color,size,0.38,-7.0,13,male,1,2304.7063153,0,19
243,3,3,2,0,8,2.0334967999999662,-16.0,23,0.26,orientation,color,size,0.38,-7.0,13,male,1,2304.7063153,0,19
244,3,7,7,1,8,3.1830433000000085,51.5,22,0.38,orientation,color,size,0.38,-7.0,13,male,1,2304.7063153,1,19
245,3,7,7,1,8,0.5996520999999575,69.5,23,0.42000000000000004,orientation,color,size,0.38,-7.0,13,male,1,2304.7063153,0,19
246,3,3,2,0,8,1.533534599999939,-47.5,24,0.30000000000000004,orientation,color,size,0.38,-7.0,13,male,1,2304.7063153,0,19
247,3,3,2,0,8,1.0326705999998467,-79.0,22,0.14,orientation,color,size,0.38,-7.0,13,male,1,2304.7063153,1,19
248,3,2,3,0,8,1.5165121,-29.5,17,0.4600000000000001,orientation,color,size,0.38,-7.0,13,male,1,2304.7063153,1,19
249,3,7,6,0,8,1.2149981000000025,2.0,17,0.22000000000000003,orientation,color,size,0.38,-7.0,13,male,1,2304.7063153,1,19
250,3,0,0,1,8,1.3653090000000248,-52.0,12,0.18000000000000002,orientation,color,size,0.38,-7.0,13,male,1,2304.7063153,1,19
251,3,6,4,0,8,4.350480699999935,56.0,0,0.22000000000000003,orientation,color,size,0.38,-7.0,13,male,1,2304.7063153,0,19
252,3,0,0,1,8,1.5158616999999595,-65.5,4,0.26,orientation,color,size,0.38,-7.0,13,male,1,2304.7063153,1,19
253,3,3,2,0,8,1.4998333000000912,-56.5,23,0.14,orientation,color,size,0.38,-7.0,13,male,1,2304.7063153,0,19
254,3,7,6,0,8,3.3169580999999653,60.5,21,0.1,orientation,color,size,0.38,-7.0,13,male,1,2304.7063153,1,19
255,3,4,4,1,8,2.7650321000000986,87.5,0,0.18000000000000002,orientation,color,size,0.38,-7.0,13,male,1,2304.7063153,1,19
256,3,0,1,0,8,1.5659502999999404,-79.0,12,0.38,orientation,color,size,0.38,-7.0,13,male,1,2304.7063153,0,19
257,3,0,0,1,8,1.382058600000164,-43.0,1,0.30000000000000004,orientation,color,size,0.38,-7.0,13,male,1,2304.7063153,1,19
258,3,7,7,1,8,1.2329824999999346,65.0,19,0.4600000000000001,orientation,color,size,0.38,-7.0,13,male,1,2304.7063153,0,19
259,3,7,6,0,8,0.9500623999999789,6.5,20,0.1,orientation,color,size,0.38,-7.0,13,male,1,2304.7063153,0,19
260,3,1,0,0,8,5.832349100000101,-74.5,4,0.22000000000000003,orientation,color,size,0.38,-7.0,13,male,1,2304.7063153,1,19
261,3,0,0,1,8,1.7001107999999476,-43.0,9,0.18000000000000002,orientation,color,size,0.38,-7.0,13,male,1,2304.7063153,1,19
262,3,6,4,0,8,4.0658158000001094,29.0,7,0.1,orientation,color,size,0.38,-7.0,13,male,1,2304.7063153,0,19
263,3,3,6,0,8,2.8655655000000024,-7.0,19,0.26,orientation,color,size,0.38,-7.0,13,male,1,2304.7063153,1,19
264,3,0,4,0,8,1.3323477999999795,-7.0,7,0.22000000000000003,orientation,color,size,0.38,-7.0,13,male,1,2304.7063153,1,19
265,3,3,2,0,8,1.8662092999998094,-79.0,19,0.26,orientation,color,size,0.38,-7.0,13,male,1,2304.7063153,1,19
266,3,5,7,0,8,8.165964599999825,6.5,17,0.4600000000000001,orientation,color,size,0.38,-7.0,13,male,1,2304.7063153,1,19
267,3,0,4,0,8,2.5160248000001957,-7.0,12,0.30000000000000004,orientation,color,size,0.38,-7.0,13,male,1,2304.7063153,1,19
268,3,3,0,0,8,10.182564899999988,-25.0,3,0.3400000000000001,orientation,color,size,0.38,-7.0,13,male,1,2304.7063153,1,19
269,3,3,2,0,8,1.1321070000001328,-43.0,19,0.3400000000000001,orientation,color,size,0.38,-7.0,13,male,1,2304.7063153,1,19
270,3,2,2,1,8,4.96651810000003,-70.0,15,0.1,orientation,color,size,0.38,-7.0,13,male,1,2304.7063153,1,19
271,3,2,2,1,8,0.5164887999999337,-70.0,24,0.14,orientation,color,size,0.38,-7.0,13,male,1,2304.7063153,0,19
272,3,5,4,0,8,1.449916999999914,56.0,1,0.18000000000000002,orientation,color,size,0.38,-7.0,13,male,1,2304.7063153,0,19
273,3,2,2,1,8,0.9836273999999321,-61.0,19,0.26,orientation,color,size,0.38,-7.0,13,male,1,2304.7063153,1,19
274,3,0,0,1,8,1.0492203000001155,-34.0,1,0.26,orientation,color,size,0.38,-7.0,13,male,1,2304.7063153,0,19
275,3,0,1,0,8,1.9842848000000686,-65.5,9,0.42000000000000004,orientation,color,size,0.38,-7.0,13,male,1,2304.7063153,0,19
276,3,5,4,0,8,1.3823784999999589,74.0,1,0.3400000000000001,orientation,color,size,0.38,-7.0,13,male,1,2304.7063153,1,19
277,3,0,0,1,8,1.3654841000000033,-61.0,6,0.18000000000000002,orientation,color,size,0.38,-7.0,13,male,1,2304.7063153,1,19
278,3,4,4,1,8,2.3005530000000363,56.0,9,0.18000000000000002,orientation,color,size,0.38,-7.0,13,male,1,2304.7063153,0,19
279,3,4,4,1,8,0.5332246000000396,51.5,4,0.14,orientation,color,size,0.38,-7.0,13,male,1,2304.7063153,0,19
280,3,3,2,0,8,1.5836508999998387,-65.5,14,0.30000000000000004,orientation,color,size,0.38,-7.0,13,male,1,2304.7063153,0,19
281,3,2,2,1,8,0.9169862999999623,-88.0,19,0.14,orientation,color,size,0.38,-7.0,13,male,1,2304.7063153,1,19
282,3,0,0,1,8,1.2002439999998842,-74.5,12,0.22000000000000003,orientation,color,size,0.38,-7.0,13,male,1,2304.7063153,0,19
283,3,7,7,1,8,2.2320812000000387,78.5,19,0.4600000000000001,orientation,color,size,0.38,-7.0,13,male,1,2304.7063153,0,19
284,3,4,5,0,8,1.550510999999915,47.0,8,0.42000000000000004,orientation,color,size,0.38,-7.0,13,male,1,2304.7063153,0,19
285,3,0,0,1,8,1.3160803999999189,-70.0,10,0.18000000000000002,orientation,color,size,0.38,-7.0,13,male,1,2304.7063153,1,19
286,3,0,0,1,8,0.833947599999874,-43.0,8,0.14,orientation,color,size,0.38,-7.0,13,male,1,2304.7063153,0,19
287,3,0,1,0,8,0.9667594999998528,-38.5,9,0.4600000000000001,orientation,color,size,0.38,-7.0,13,male,1,2304.7063153,0,19
288,3,2,2,1,8,2.0834591000000273,-83.5,13,0.18000000000000002,orientation,color,size,0.38,-7.0,13,male,1,2304.7063153,1,19
289,3,7,7,1,8,1.316795299999967,60.5,22,0.4600000000000001,orientation,color,size,0.38,-7.0,13,male,1,2304.7063153,0,19
290,3,2,3,0,8,1.867013199999974,-79.0,19,0.38,orientation,color,size,0.38,-7.0,13,male,1,2304.7063153,0,19
291,3,7,6,0,8,1.0486587000000327,15.5,15,0.22000000000000003,orientation,color,size,0.38,-7.0,13,male,1,2304.7063153,1,19
292,3,6,6,1,8,1.0341613000000507,87.5,22,0.1,orientation,color,size,0.38,-7.0,13,male,1,2304.7063153,1,19
293,3,2,3,0,8,1.1493517999999767,-16.0,16,0.38,orientation,color,size,0.38,-7.0,13,male,1,2304.7063153,0,19
294,3,4,4,1,8,1.4833985999998731,69.5,11,0.26,orientation,color,size,0.38,-7.0,13,male,1,2304.7063153,1,19
295,3,0,4,0,8,1.0331200999999055,-2.5,10,0.30000000000000004,orientation,color,size,0.38,-7.0,13,male,1,2304.7063153,0,19
296,1,1,1,1,2,1.1286541999998008,78.5,21,0.3400000000000001,orientation,color,size,0.38,-7.0,13,male,1,2304.7063153,1,19
297,1,0,0,1,2,0.816884600000094,-11.5,8,0.3400000000000001,orientation,color,size,0.38,-7.0,13,male,1,2304.7063153,0,19
298,1,0,0,1,2,0.5998677000000043,-70.0,7,0.30000000000000004,orientation,color,size,0.38,-7.0,13,male,1,2304.7063153,0,19
299,1,0,1,0,2,2.1168577000000823,24.5,7,0.3400000000000001,orientation,color,size,0.38,-7.0,13,male,1,2304.7063153,0,19
300,1,1,1,1,2,1.028211699999929,20.0,12,0.18000000000000002,orientation,color,size,0.38,-7.0,13,male,1,2304.7063153,1,19
301,1,0,0,1,2,0.7665497000000414,-56.5,2,0.14,orientation,color,size,0.38,-7.0,13,male,1,2304.7063153,0,19
302,1,0,0,1,2,0.666150000000016,-16.0,16,0.22000000000000003,orientation,color,size,0.38,-7.0,13,male,1,2304.7063153,0,19
303,1,1,1,1,2,0.9664263999998184,29.0,14,0.30000000000000004,orientation,color,size,0.38,-7.0,13,male,1,2304.7063153,0,19
304,1,0,0,1,2,1.3838751000000684,-74.5,16,0.38,orientation,color,size,0.38,-7.0,13,male,1,2304.7063153,0,19
305,1,1,1,1,2,0.4499442999999701,24.5,23,0.22000000000000003,orientation,color,size,0.38,-7.0,13,male,1,2304.7063153,0,19
306,1,1,1,1,2,0.517716000000064,51.5,7,0.3400000000000001,orientation,color,size,0.38,-7.0,13,male,1,2304.7063153,0,19
307,1,1,0,0,2,0.36657500000001164,-61.0,5,0.3400000000000001,orientation,color,size,0.38,-7.0,13,male,1,2304.7063153,0,19
308,3,0,0,1,8,0.9318307000000914,-43.0,1,0.18000000000000002,orientation,color,size,0.38,-7.0,13,male,1,2304.7063153,1,19
309,3,1,3,0,8,1.883754799999906,-74.5,15,0.42000000000000004,orientation,color,size,0.38,-7.0,13,male,1,2304.7063153,0,19
310,3,5,5,1,8,2.882968099999971,24.5,6,0.38,orientation,color,size,0.38,-7.0,13,male,1,2304.7063153,1,19
311,3,5,4,0,8,0.9839993000000504,6.5,7,0.14,orientation,color,size,0.38,-7.0,13,male,1,2304.7063153,0,19
312,3,2,2,1,8,2.4326891999999134,-79.0,16,0.26,orientation,color,size,0.38,-7.0,13,male,1,2304.7063153,1,19
313,3,5,4,0,8,1.7830059999998866,33.5,8,0.18000000000000002,orientation,color,size,0.38,-7.0,13,male,1,2304.7063153,0,19
314,3,4,6,0,8,3.2670550999998795,78.5,21,0.14,orientation,color,size,0.38,-7.0,13,male,1,2304.7063153,1,19
315,3,5,4,0,8,4.032447900000079,38.0,7,0.3400000000000001,orientation,color,size,0.38,-7.0,13,male,1,2304.7063153,1,19
316,3,4,5,0,8,1.0488780999999108,78.5,2,0.4600000000000001,orientation,color,size,0.38,-7.0,13,male,1,2304.7063153,1,19
317,3,1,3,0,8,3.1488939000000755,-25.0,18,0.4600000000000001,orientation,color,size,0.38,-7.0,13,male,1,2304.7063153,1,19
318,3,4,4,1,8,0.99899460000006,65.0,6,0.26,orientation,color,size,0.38,-7.0,13,male,1,2304.7063153,1,19
319,3,2,2,1,8,1.9665092000000186,-43.0,22,0.26,orientation,color,size,0.38,-7.0,13,male,1,2304.7063153,0,19
320,3,2,3,0,8,0.6671534000001884,-34.0,18,0.38,orientation,color,size,0.38,-7.0,13,male,1,2304.7063153,0,19
321,3,7,6,0,8,21.348324500000217,2.0,24,0.26,orientation,color,size,0.38,-7.0,13,male,1,2304.7063153,1,19
322,3,1,2,0,8,2.949746700000105,-43.0,23,0.22000000000000003,orientation,color,size,0.38,-7.0,13,male,1,2304.7063153,1,19
323,3,0,0,1,8,1.3334095000000161,-38.5,7,0.26,orientation,color,size,0.38,-7.0,13,male,1,2304.7063153,1,19
324,3,2,2,1,8,1.9832801000000018,-43.0,17,0.14,orientation,color,size,0.38,-7.0,13,male,1,2304.7063153,0,19
325,3,1,0,0,8,2.766330700000026,-65.5,4,0.18000000000000002,orientation,color,size,0.38,-7.0,13,male,1,2304.7063153,0,19
326,3,4,4,1,8,1.44899190000001,83.0,8,0.1,orientation,color,size,0.38,-7.0,13,male,1,2304.7063153,1,19
327,3,4,4,1,8,1.049501599999985,65.0,5,0.22000000000000003,orientation,color,size,0.38,-7.0,13,male,1,2304.7063153,0,19
328,3,4,4,1,8,0.5160680000001321,56.0,2,0.1,orientation,color,size,0.38,-7.0,13,male,1,2304.7063153,0,19
329,3,0,0,1,8,1.800425000000132,-38.5,10,0.18000000000000002,orientation,color,size,0.38,-7.0,13,male,1,2304.7063153,0,19
330,3,2,3,0,8,2.083150799999885,-70.0,24,0.42000000000000004,orientation,color,size,0.38,-7.0,13,male,1,2304.7063153,0,19
331,3,3,2,0,8,0.9491139000001567,-43.0,20,0.26,orientation,color,size,0.38,-7.0,13,male,1,2304.7063153,1,19
332,3,7,6,0,8,3.1325151000000915,51.5,17,0.22000000000000003,orientation,color,size,0.38,-7.0,13,male,1,2304.7063153,1,19
333,3,2,6,0,8,1.61493930000006,-2.5,13,0.22000000000000003,orientation,color,size,0.38,-7.0,13,male,1,2304.7063153,1,19
334,3,3,3,1,8,1.815775700000131,-83.5,20,0.42000000000000004,orientation,color,size,0.38,-7.0,13,male,1,2304.7063153,1,19
335,3,3,3,1,8,1.5504382999999962,-16.0,19,0.42000000000000004,orientation,color,size,0.38,-7.0,13,male,1,2304.7063153,0,19
336,3,7,7,1,8,3.633223700000144,20.0,17,0.38,orientation,color,size,0.38,-7.0,13,male,1,2304.7063153,0,19
337,3,5,5,1,8,2.5499909999998636,29.0,1,0.42000000000000004,orientation,color,size,0.38,-7.0,13,male,1,2304.7063153,0,19
338,3,7,7,1,8,1.1662052000001495,20.0,16,0.42000000000000004,orientation,color,size,0.38,-7.0,13,male,1,2304.7063153,0,19
339,3,3,2,0,8,3.9330979999999727,-83.5,13,0.30000000000000004,orientation,color,size,0.38,-7.0,13,male,1,2304.7063153,0,19
340,3,2,2,1,8,1.016197899999952,-38.5,21,0.14,orientation,color,size,0.38,-7.0,13,male,1,2304.7063153,1,19
341,3,4,4,1,8,1.8345751000001655,83.0,6,0.14,orientation,color,size,0.38,-7.0,13,male,1,2304.7063153,0,19
342,3,0,0,1,8,1.6153974000001199,-61.0,3,0.14,orientation,color,size,0.38,-7.0,13,male,1,2304.7063153,0,19
343,3,7,7,1,8,1.0999521000001096,20.0,17,0.42000000000000004,orientation,color,size,0.38,-7.0,13,male,1,2304.7063153,0,19
344,3,2,3,0,8,2.116257300000143,-20.5,20,0.42000000000000004,orientation,color,size,0.38,-7.0,13,male,1,2304.7063153,0,19
345,3,7,6,0,8,1.0822492000002057,33.5,20,0.3400000000000001,orientation,color,size,0.38,-7.0,13,male,1,2304.7063153,1,19
346,3,2,2,1,8,2.8650527999998303,-16.0,23,0.14,orientation,color,size,0.38,-7.0,13,male,1,2304.7063153,1,19
347,3,7,6,0,8,1.7161317999998573,69.5,18,0.26,orientation,color,size,0.38,-7.0,13,male,1,2304.7063153,0,19
348,3,7,7,1,8,0.7988322999999582,2.0,24,0.38,orientation,color,size,0.38,-7.0,13,male,1,2304.7063153,1,19
349,3,7,6,0,8,0.9328111999998328,6.5,16,0.18000000000000002,orientation,color,size,0.38,-7.0,13,male,1,2304.7063153,0,19
350,3,3,2,0,8,1.9320980000002237,-65.5,16,0.3400000000000001,orientation,color,size,0.38,-7.0,13,male,1,2304.7063153,1,19
351,3,0,0,1,8,2.0328175999998166,-65.5,2,0.1,orientation,color,size,0.38,-7.0,13,male,1,2304.7063153,1,19
352,3,4,4,1,8,1.4493118999998842,78.5,8,0.3400000000000001,orientation,color,size,0.38,-7.0,13,male,1,2304.7063153,0,19
353,3,0,0,1,8,2.8503584000000046,-11.5,2,0.1,orientation,color,size,0.38,-7.0,13,male,1,2304.7063153,0,19
354,3,4,4,1,8,1.1508733000000575,15.5,3,0.1,orientation,color,size,0.38,-7.0,13,male,1,2304.7063153,0,19
355,3,0,0,1,8,1.3996194000001196,-29.5,12,0.30000000000000004,orientation,color,size,0.38,-7.0,13,male,1,2304.7063153,0,19
356,3,3,2,0,8,2.3496517999997195,-61.0,23,0.14,orientation,color,size,0.38,-7.0,13,male,1,2304.7063153,0,19
357,3,0,0,1,8,1.983064199999717,-38.5,1,0.1,orientation,color,size,0.38,-7.0,13,male,1,2304.7063153,1,19
358,3,4,5,0,8,12.717566499999975,20.0,0,0.38,orientation,color,size,0.38,-7.0,13,male,1,2304.7063153,0,19
359,3,5,4,0,8,0.8508810000002995,6.5,3,0.18000000000000002,orientation,color,size,0.38,-7.0,13,male,1,2304.7063153,1,19
360,3,2,3,0,8,2.5819343999996818,-56.5,23,0.38,orientation,color,size,0.38,-7.0,13,male,1,2304.7063153,1,19
361,3,4,4,1,8,5.348793300000125,42.5,7,0.22000000000000003,orientation,color,size,0.38,-7.0,13,male,1,2304.7063153,1,19
362,3,3,3,1,8,13.150130199999694,-29.5,19,0.38,orientation,color,size,0.38,-7.0,13,male,1,2304.7063153,0,19
363,3,0,0,1,8,1.3501274999998714,-56.5,3,0.22000000000000003,orientation,color,size,0.38,-7.0,13,male,1,2304.7063153,0,19
364,3,5,4,0,8,1.4002798999999868,65.0,8,0.22000000000000003,orientation,color,size,0.38,-7.0,13,male,1,2304.7063153,0,19
365,3,2,3,0,8,1.0330166999997346,-29.5,16,0.4600000000000001,orientation,color,size,0.38,-7.0,13,male,1,2304.7063153,1,19
366,3,3,0,0,8,0.8495606000001317,-88.0,0,0.26,orientation,color,size,0.38,-7.0,13,male,1,2304.7063153,1,19
367,3,7,6,0,8,5.71567640000012,56.0,17,0.22000000000000003,orientation,color,size,0.38,-7.0,13,male,1,2304.7063153,1,19
368,3,0,1,0,8,1.6490282999998271,-38.5,10,0.4600000000000001,orientation,color,size,0.38,-7.0,13,male,1,2304.7063153,1,19
369,3,0,0,1,8,1.6989426999998614,-70.0,1,0.14,orientation,color,size,0.38,-7.0,13,male,1,2304.7063153,1,19
370,3,0,0,1,8,1.1340460999999777,-56.5,12,0.1,orientation,color,size,0.38,-7.0,13,male,1,2304.7063153,0,19
371,3,0,0,1,8,0.7827339999998912,-56.5,5,0.18000000000000002,orientation,color,size,0.38,-7.0,13,male,1,2304.7063153,0,19
372,3,1,1,1,8,1.2679746999997406,-79.0,6,0.42000000000000004,orientation,color,size,0.38,-7.0,13,male,1,2304.7063153,0,19
373,3,2,2,1,8,5.749555800000053,-61.0,22,0.26,orientation,color,size,0.38,-7.0,13,male,1,2304.7063153,0,19
374,3,7,6,0,8,2.515562300000056,42.5,17,0.26,orientation,color,size,0.38,-7.0,13,male,1,2304.7063153,0,19
375,3,3,2,0,8,1.466604499999903,-38.5,20,0.26,orientation,color,size,0.38,-7.0,13,male,1,2304.7063153,1,19
376,3,3,3,1,8,2.1990992999999435,-79.0,21,0.4600000000000001,orientation,color,size,0.38,-7.0,13,male,1,2304.7063153,1,19
377,3,0,0,1,8,1.133500500000082,-79.0,4,0.26,orientation,color,size,0.38,-7.0,13,male,1,2304.7063153,0,19
378,3,0,1,0,8,0.7169729000002008,-29.5,1,0.38,orientation,color,size,0.38,-7.0,13,male,1,2304.7063153,0,19
379,3,7,6,0,8,4.549465099999907,78.5,14,0.3400000000000001,orientation,color,size,0.38,-7.0,13,male,1,2304.7063153,1,19
380,3,6,6,1,8,0.9490627999998651,42.5,16,0.18000000000000002,orientation,color,size,0.38,-7.0,13,male,1,2304.7063153,1,19
381,3,0,4,0,8,1.1001216999998178,-7.0,10,0.3400000000000001,orientation,color,size,0.38,-7.0,13,male,1,2304.7063153,0,19
382,3,7,7,1,8,1.032241900000372,15.5,14,0.38,orientation,color,size,0.38,-7.0,13,male,1,2304.7063153,1,19
383,3,2,2,1,8,1.6838081999999304,-43.0,19,0.3400000000000001,orientation,color,size,0.38,-7.0,13,male,1,2304.7063153,0,19
384,3,0,1,0,8,0.8003454999998212,-16.0,11,0.4600000000000001,orientation,color,size,0.38,-7.0,13,male,1,2304.7063153,0,19
385,3,3,7,0,8,4.030839199999718,-2.5,17,0.38,orientation,color,size,0.38,-7.0,13,male,1,2304.7063153,1,19
386,3,1,0,0,8,1.915862400000151,-70.0,12,0.14,orientation,color,size,0.38,-7.0,13,male,1,2304.7063153,1,19
387,3,3,3,1,8,1.6986830999999256,-61.0,19,0.42000000000000004,orientation,color,size,0.38,-7.0,13,male,1,2304.7063153,1,19
388,3,4,4,1,8,4.08370530000002,83.0,12,0.18000000000000002,orientation,color,size,0.38,-7.0,13,male,1,2304.7063153,0,19
389,3,7,6,0,8,1.4166801000001215,51.5,13,0.22000000000000003,orientation,color,size,0.38,-7.0,13,male,1,2304.7063153,0,19
390,3,0,4,0,8,1.1333943999998155,-7.0,12,0.14,orientation,color,size,0.38,-7.0,13,male,1,2304.7063153,1,19
391,3,4,4,1,8,1.6995479000001978,87.5,4,0.22000000000000003,orientation,color,size,0.38,-7.0,13,male,1,2304.7063153,1,19
392,3,4,0,0,8,1.2168579999997746,-38.5,2,0.14,orientation,color,size,0.38,-7.0,13,male,1,2304.7063153,0,19
393,3,2,2,1,8,1.7820458000001054,-43.0,15,0.14,orientation,color,size,0.38,-7.0,13,male,1,2304.7063153,1,19
394,3,2,2,1,8,1.9170138999998017,-88.0,20,0.18000000000000002,orientation,color,size,0.38,-7.0,13,male,1,2304.7063153,0,19
395,3,0,0,1,8,1.4333836000000701,-43.0,2,0.3400000000000001,orientation,color,size,0.38,-7.0,13,male,1,2304.7063153,0,19
396,3,0,0,1,8,1.8838371000001644,-88.0,4,0.26,orientation,color,size,0.38,-7.0,13,male,1,2304.7063153,0,19
397,3,4,5,0,8,3.7325926999997137,51.5,10,0.4600000000000001,orientation,color,size,0.38,-7.0,13,male,1,2304.7063153,0,19
398,3,4,4,1,8,1.5325132000002668,20.0,4,0.3400000000000001,orientation,color,size,0.38,-7.0,13,male,1,2304.7063153,1,19
399,3,2,7,0,8,3.0492832999998427,-2.5,18,0.38,orientation,color,size,0.38,-7.0,13,male,1,2304.7063153,0,19
400,3,1,0,0,8,2.2999298999998246,-29.5,11,0.1,orientation,color,size,0.38,-7.0,13,male,1,2304.7063153,1,19
401,3,4,4,1,8,3.0150995999997576,24.5,4,0.30000000000000004,orientation,color,size,0.38,-7.0,13,male,1,2304.7063153,1,19
402,3,2,2,1,8,1.9492966000002525,-70.0,21,0.30000000000000004,orientation,color,size,0.38,-7.0,13,male,1,2304.7063153,0,19
403,3,7,7,1,8,1.1166966999999204,11.0,16,0.42000000000000004,orientation,color,size,0.38,-7.0,13,male,1,2304.7063153,0,19
404,3,0,0,1,8,1.482828199999858,-11.5,7,0.1,orientation,color,size,0.38,-7.0,13,male,1,2304.7063153,0,19
405,3,0,0,1,8,2.2500703000000613,-83.5,6,0.1,orientation,color,size,0.38,-7.0,13,male,1,2304.7063153,0,19
406,3,0,1,0,8,2.299871699999585,-88.0,8,0.4600000000000001,orientation,color,size,0.38,-7.0,13,male,1,2304.7063153,0,19
407,3,0,0,1,8,1.398267499999747,-11.5,4,0.3400000000000001,orientation,color,size,0.38,-7.0,13,male,1,2304.7063153,1,19
408,3,3,2,0,8,2.7340695000002597,-25.0,18,0.1,orientation,color,size,0.38,-7.0,13,male,1,2304.7063153,0,19
409,3,7,6,0,8,1.4150800000002164,42.5,22,0.26,orientation,color,size,0.38,-7.0,13,male,1,2304.7063153,1,19
410,3,5,5,1,8,5.465416699999878,15.5,8,0.38,orientation,color,size,0.38,-7.0,13,male,1,2304.7063153,1,19
411,3,3,7,0,8,1.9832852999998067,-2.5,24,0.42000000000000004,orientation,color,size,0.38,-7.0,13,male,1,2304.7063153,0,19
412,3,0,1,0,8,1.282639200000176,-20.5,8,0.42000000000000004,orientation,color,size,0.38,-7.0,13,male,1,2304.7063153,1,19
413,3,4,4,1,8,1.648830900000121,6.5,10,0.18000000000000002,orientation,color,size,0.38,-7.0,13,male,1,2304.7063153,1,19
414,3,7,6,0,8,1.6999762000000374,47.0,14,0.1,orientation,color,size,0.38,-7.0,13,male,1,2304.7063153,0,19
415,3,7,7,1,8,1.215715000000273,47.0,16,0.4600000000000001,orientation,color,size,0.38,-7.0,13,male,1,2304.7063153,1,19
416,3,7,7,1,8,0.7342576000000918,56.0,16,0.42000000000000004,orientation,color,size,0.38,-7.0,13,male,1,2304.7063153,0,19
417,3,5,4,0,8,3.1495672000000923,65.0,6,0.18000000000000002,orientation,color,size,0.38,-7.0,13,male,1,2304.7063153,0,19
418,3,1,1,1,8,2.399698900000203,-83.5,4,0.4600000000000001,orientation,color,size,0.38,-7.0,13,male,1,2304.7063153,1,19
419,3,0,4,0,8,1.1164777999997568,87.5,10,0.3400000000000001,orientation,color,size,0.38,-7.0,13,male,1,2304.7063153,0,19
420,3,0,1,0,8,1.7327980999998545,-34.0,3,0.42000000000000004,orientation,color,size,0.38,-7.0,13,male,1,2304.7063153,1,19
421,3,2,2,1,8,1.5495315000002847,-74.5,22,0.30000000000000004,orientation,color,size,0.38,-7.0,13,male,1,2304.7063153,1,19
422,3,1,1,1,8,1.5337123000003885,-83.5,3,0.4600000000000001,orientation,color,size,0.38,-7.0,13,male,1,2304.7063153,0,19
423,3,6,6,1,8,8.199786600000152,87.5,24,0.18000000000000002,orientation,color,size,0.38,-7.0,13,male,1,2304.7063153,0,19
424,3,0,0,1,8,1.4329450999998699,-16.0,2,0.22000000000000003,orientation,color,size,0.38,-7.0,13,male,1,2304.7063153,0,19
425,3,6,6,1,8,3.0498445999996875,83.0,15,0.3400000000000001,orientation,color,size,0.38,-7.0,13,male,1,2304.7063153,0,19
426,3,5,5,1,8,3.5501313999998274,51.5,7,0.4600000000000001,orientation,color,size,0.38,-7.0,13,male,1,2304.7063153,0,19
427,3,7,6,0,8,1.866047299999991,15.5,14,0.22000000000000003,orientation,color,size,0.38,-7.0,13,male,1,2304.7063153,0,19
428,3,3,2,0,8,1.549040800000057,-56.5,20,0.22000000000000003,orientation,color,size,0.38,-7.0,13,male,1,2304.7063153,1,19
429,3,5,4,0,8,1.5144678999999996,47.0,5,0.30000000000000004,orientation,color,size,0.38,-7.0,13,male,1,2304.7063153,1,19
430,3,7,7,1,8,1.0664224000001923,47.0,16,0.4600000000000001,orientation,color,size,0.38,-7.0,13,male,1,2304.7063153,1,19
431,3,6,6,1,8,2.566085899999962,47.0,14,0.14,orientation,color,size,0.38,-7.0,13,male,1,2304.7063153,0,19
432,3,4,4,1,8,11.716928699999698,65.0,1,0.26,orientation,color,size,0.38,-7.0,13,male,1,2304.7063153,0,19
433,3,0,0,1,8,1.9498430999997254,-11.5,6,0.22000000000000003,orientation,color,size,0.38,-7.0,13,male,1,2304.7063153,0,19
434,3,4,4,1,8,1.799737599999844,69.5,3,0.3400000000000001,orientation,color,size,0.38,-7.0,13,male,1,2304.7063153,0,19
435,3,6,6,1,8,5.334024399999635,15.5,21,0.1,orientation,color,size,0.38,-7.0,13,male,1,2304.7063153,0,19
436,3,0,0,1,8,3.267211099999713,-38.5,11,0.18000000000000002,orientation,color,size,0.38,-7.0,13,male,1,2304.7063153,0,19
437,3,7,6,0,8,9.483212999999978,-7.0,16,0.1,orientation,color,size,0.38,-7.0,13,male,1,2304.7063153,0,19
438,3,1,4,0,8,5.531349599999885,11.0,7,0.1,orientation,color,size,0.38,-7.0,13,male,1,2304.7063153,1,19
439,3,6,6,1,8,18.3329933,69.5,19,0.18000000000000002,orientation,color,size,0.38,-7.0,13,male,1,2304.7063153,1,19
440,3,3,3,1,8,3.5664051999997355,-43.0,15,0.42000000000000004,orientation,color,size,0.38,-7.0,13,male,1,2304.7063153,0,19
441,3,4,4,1,8,6.3333448000003045,87.5,1,0.1,orientation,color,size,0.38,-7.0,13,male,1,2304.7063153,0,19
442,3,5,5,1,8,2.3998068999999305,78.5,12,0.38,orientation,color,size,0.38,-7.0,13,male,1,2304.7063153,0,19
443,3,6,6,1,8,2.8342860000002474,42.5,17,0.18000000000000002,orientation,color,size,0.38,-7.0,13,male,1,2304.7063153,0,19
444,3,5,5,1,8,3.365818499999932,83.0,6,0.4600000000000001,orientation,color,size,0.38,-7.0,13,male,1,2304.7063153,0,19
445,3,0,0,1,8,3.233479399999851,-34.0,1,0.14,orientation,color,size,0.38,-7.0,13,male,1,2304.7063153,0,19
446,3,1,1,1,8,1.0335064000000784,-65.5,3,0.4600000000000001,orientation,color,size,0.38,-7.0,13,male,1,2304.7063153,0,19
447,3,2,2,1,8,4.749179499999627,-29.5,18,0.26,orientation,color,size,0.38,-7.0,13,male,1,2304.7063153,0,19
448,3,0,0,1,8,1.8822151999997914,-34.0,11,0.14,orientation,color,size,0.38,-7.0,13,male,1,2304.7063153,0,19
449,4,0,0,1,4,9.015155399999912,-25.0,6,0.30000000000000004,orientation,color,size,0.38,-7.0,13,male,1,2304.7063153,0,19
450,4,0,0,1,8,4.73327479999989,-43.0,10,0.1,orientation,color,size,0.38,-7.0,13,male,1,2304.7063153,0,19
451,4,1,0,0,4,3.765708899999936,-11.5,2,0.3400000000000001,orientation,color,size,0.38,-7.0,13,male,1,2304.7063153,0,19
452,4,6,6,1,8,5.5663370999996005,24.5,14,0.1,orientation,color,size,0.38,-7.0,13,male,1,2304.7063153,0,19
453,4,3,3,1,8,4.032896400000027,-70.0,21,0.38,orientation,color,size,0.38,-7.0,13,male,1,2304.7063153,0,19
454,4,2,2,1,8,2.3173617000002196,-20.5,15,0.18000000000000002,orientation,color,size,0.38,-7.0,13,male,1,2304.7063153,0,19
455,4,0,0,1,4,5.283733700000084,-43.0,8,0.38,orientation,color,size,0.38,-7.0,13,male,1,2304.7063153,0,19
456,4,1,1,1,2,0.9341021999998702,56.0,0,0.4600000000000001,orientation,color,size,0.38,-7.0,13,male,1,2304.7063153,0,19
457,4,3,3,1,4,1.583280900000318,6.5,20,0.3400000000000001,orientation,color,size,0.38,-7.0,13,male,1,2304.7063153,0,19
458,4,0,0,1,8,1.5171110999999655,-16.0,2,0.18000000000000002,orientation,color,size,0.38,-7.0,13,male,1,2304.7063153,0,19
459,4,1,1,1,4,2.248503199999959,-88.0,22,0.18000000000000002,orientation,color,size,0.38,-7.0,13,male,1,2304.7063153,0,19
460,4,7,7,1,8,7.86613430000034,15.5,17,0.42000000000000004,orientation,color,size,0.38,-7.0,13,male,1,2304.7063153,0,19
461,4,0,2,0,4,2.2006242000002203,-7.0,4,0.3400000000000001,orientation,color,size,0.38,-7.0,13,male,1,2304.7063153,0,19
462,4,4,4,1,8,3.6338504999998804,87.5,11,0.1,orientation,color,size,0.38,-7.0,13,male,1,2304.7063153,0,19
463,4,1,1,1,2,1.2671102999997856,74.0,0,0.3400000000000001,orientation,color,size,0.38,-7.0,13,male,1,2304.7063153,0,19
464,4,2,2,1,4,1.2667606999998497,69.5,6,0.22000000000000003,orientation,color,size,0.38,-7.0,13,male,1,2304.7063153,0,19
465,4,1,1,1,2,0.7996788999998898,2.0,0,0.4600000000000001,orientation,color,size,0.38,-7.0,13,male,1,2304.7063153,0,19
466,4,1,1,1,2,0.5497365999999602,29.0,16,0.22000000000000003,orientation,color,size,0.38,-7.0,13,male,1,2304.7063153,0,19
467,4,3,2,0,4,0.9500348999999915,6.5,12,0.18000000000000002,orientation,color,size,0.38,-7.0,13,male,1,2304.7063153,0,19
468,4,0,0,1,2,0.9508424000000559,-38.5,1,0.22000000000000003,orientation,color,size,0.38,-7.0,13,male,1,2304.7063153,0,19
469,4,1,0,0,8,3.8332061000000976,-65.5,6,0.30000000000000004,orientation,color,size,0.38,-7.0,13,male,1,2304.7063153,0,19
470,4,1,1,1,2,1.0007743999999548,24.5,6,0.4600000000000001,orientation,color,size,0.38,-7.0,13,male,1,2304.7063153,0,19
471,4,0,0,1,8,1.2996594999999616,-34.0,0,0.1,orientation,color,size,0.38,-7.0,13,male,1,2304.7063153,0,19
472,4,2,3,0,4,3.384121900000082,69.5,20,0.30000000000000004,orientation,color,size,0.38,-7.0,13,male,1,2304.7063153,0,19
473,4,1,1,1,2,1.0164535999997497,69.5,13,0.3400000000000001,orientation,color,size,0.38,-7.0,13,male,1,2304.7063153,0,19
474,4,3,3,1,8,3.516406199999892,-16.0,23,0.38,orientation,color,size,0.38,-7.0,13,male,1,2304.7063153,0,19
475,4,3,3,1,4,1.9172027999998136,29.0,24,0.1,orientation,color,size,0.38,-7.0,13,male,1,2304.7063153,0,19
476,4,4,4,1,8,4.967121499999848,42.5,11,0.26,orientation,color,size,0.38,-7.0,13,male,1,2304.7063153,0,19
477,4,0,0,1,8,1.9658353999998326,-38.5,12,0.26,orientation,color,size,0.38,-7.0,13,male,1,2304.7063153,0,19
478,4,0,4,0,8,2.083772299999964,-7.0,12,0.30000000000000004,orientation,color,size,0.38,-7.0,13,male,1,2304.7063153,0,19
479,4,0,1,0,4,1.0167272999997294,-25.0,18,0.22000000000000003,orientation,color,size,0.38,-7.0,13,male,1,2304.7063153,0,19
480,4,2,2,1,4,1.0345737000002373,74.0,12,0.30000000000000004,orientation,color,size,0.38,-7.0,13,male,1,2304.7063153,0,19
481,4,1,1,1,2,0.9327583999997842,87.5,21,0.30000000000000004,orientation,color,size,0.38,-7.0,13,male,1,2304.7063153,0,19
482,4,1,1,1,2,0.6344352000000981,29.0,7,0.14,orientation,color,size,0.38,-7.0,13,male,1,2304.7063153,0,19
483,4,1,1,1,2,0.5169553999999152,56.0,21,0.4600000000000001,orientation,color,size,0.38,-7.0,13,male,1,2304.7063153,0,19
484,4,1,1,1,2,0.6335706999998365,83.0,2,0.1,orientation,color,size,0.38,-7.0,13,male,1,2304.7063153,0,19
485,4,0,0,1,2,1.0161874999998872,-43.0,10,0.1,orientation,color,size,0.38,-7.0,13,male,1,2304.7063153,0,19
486,4,3,3,1,4,1.0337068999997427,6.5,15,0.30000000000000004,orientation,color,size,0.38,-7.0,13,male,1,2304.7063153,0,19
487,4,1,1,1,2,0.6997108999999,87.5,6,0.3400000000000001,orientation,color,size,0.38,-7.0,13,male,1,2304.7063153,0,19
488,4,3,3,1,4,0.9999965000001794,51.5,13,0.1,orientation,color,size,0.38,-7.0,13,male,1,2304.7063153,0,19
489,4,0,0,1,2,0.983329700000013,-11.5,6,0.1,orientation,color,size,0.38,-7.0,13,male,1,2304.7063153,0,19
490,4,0,4,0,8,1.6670892000001913,-2.5,4,0.22000000000000003,orientation,color,size,0.38,-7.0,13,male,1,2304.7063153,0,19
491,4,5,5,1,8,3.7346834999998464,6.5,11,0.42000000000000004,orientation,color,size,0.38,-7.0,13,male,1,2304.7063153,0,19
492,4,1,1,1,8,2.899342400000023,-74.5,1,0.38,orientation,color,size,0.38,-7.0,13,male,1,2304.7063153,0,19
493,4,0,0,1,2,0.9991817000000083,-11.5,14,0.1,orientation,color,size,0.38,-7.0,13,male,1,2304.7063153,0,19
494,4,0,0,1,2,0.6004865999998401,-79.0,13,0.22000000000000003,orientation,color,size,0.38,-7.0,13,male,1,2304.7063153,0,19
495,4,2,2,1,4,1.6486184000000321,65.0,8,0.38,orientation,color,size,0.38,-7.0,13,male,1,2304.7063153,0,19
496,4,1,1,1,4,0.8833890999999312,-65.5,15,0.30000000000000004,orientation,color,size,0.38,-7.0,13,male,1,2304.7063153,0,19
497,4,1,1,1,4,0.48304179999968255,-43.0,19,0.3400000000000001,orientation,color,size,0.38,-7.0,13,male,1,2304.7063153,0,19
498,4,0,0,1,8,4.900642699999935,-56.5,1,0.3400000000000001,orientation,color,size,0.38,-7.0,13,male,1,2304.7063153,0,19
499,4,1,1,1,2,0.8002341000001252,20.0,13,0.14,orientation,color,size,0.38,-7.0,13,male,1,2304.7063153,0,19
500,4,3,3,1,4,1.2671763999996983,6.5,20,0.4600000000000001,orientation,color,size,0.38,-7.0,13,male,1,2304.7063153,0,19
501,4,1,1,1,2,2.049851899999794,6.5,22,0.14,orientation,color,size,0.38,-7.0,13,male,1,2304.7063153,0,19
502,4,4,4,1,8,3.767336400000204,65.0,6,0.26,orientation,color,size,0.38,-7.0,13,male,1,2304.7063153,0,19
503,4,3,3,1,8,2.6172765000001164,-47.5,21,0.42000000000000004,orientation,color,size,0.38,-7.0,13,male,1,2304.7063153,0,19
504,4,1,1,1,2,0.7494389000003139,65.0,18,0.18000000000000002,orientation,color,size,0.38,-7.0,13,male,1,2304.7063153,0,19
505,4,3,4,0,8,2.600096300000132,83.0,12,0.22000000000000003,orientation,color,size,0.38,-7.0,13,male,1,2304.7063153,0,19
506,4,0,0,1,2,1.0011253000002398,-61.0,10,0.30000000000000004,orientation,color,size,0.38,-7.0,13,male,1,2304.7063153,0,19
507,4,2,2,1,4,1.0506949999999051,78.5,3,0.26,orientation,color,size,0.38,-7.0,13,male,1,2304.7063153,0,19
508,4,1,0,0,4,0.9669857000003503,-56.5,0,0.30000000000000004,orientation,color,size,0.38,-7.0,13,male,1,2304.7063153,0,19
509,-9999.0,-9999.0,-9999.0,-9999.0,-9999.0,-9999.0,-9999.0,-9999.0,-9999.0,orientation,color,size,0.38,-7.0,13,male,1,2304.7063153,0,19
510,-9999.0,-9999.0,-9999.0,-9999.0,-9999.0,-9999.0,-9999.0,-9999.0,-9999.0,orientation,color,size,0.38,-7.0,13,male,1,2304.7063153,0,19
511,-9999.0,-9999.0,-9999.0,-9999.0,-9999.0,-9999.0,-9999.0,-9999.0,-9999.0,orientation,color,size,0.38,-7.0,13,male,1,2304.7063153,0,19
512,-9999.0,-9999.0,-9999.0,-9999.0,-9999.0,-9999.0,-9999.0,-9999.0,-9999.0,orientation,color,size,0.38,-7.0,13,male,1,2304.7063153,0,19
513,-9999.0,-9999.0,-9999.0,-9999.0,-9999.0,-9999.0,-9999.0,-9999.0,-9999.0,orientation,color,size,0.38,-7.0,13,male,1,2304.7063153,0,19
514,-9999.0,-9999.0,-9999.0,-9999.0,-9999.0,-9999.0,-9999.0,-9999.0,-9999.0,orientation,color,size,0.38,-7.0,13,male,1,2304.7063153,0,19
515,-9999.0,-9999.0,-9999.0,-9999.0,-9999.0,-9999.0,-9999.0,-9999.0,-9999.0,orientation,color,size,0.38,-7.0,13,male,1,2304.7063153,0,19
516,-9999.0,-9999.0,-9999.0,-9999.0,-9999.0,-9999.0,-9999.0,-9999.0,-9999.0,orientation,color,size,0.38,-7.0,13,male,1,2304.7063153,0,19
517,-9999.0,-9999.0,-9999.0,-9999.0,-9999.0,-9999.0,-9999.0,-9999.0,-9999.0,orientation,color,size,0.38,-7.0,13,male,1,2304.7063153,0,19
518,-9999.0,-9999.0,-9999.0,-9999.0,-9999.0,-9999.0,-9999.0,-9999.0,-9999.0,orientation,color,size,0.38,-7.0,13,male,1,2304.7063153,0,19
519,-9999.0,-9999.0,-9999.0,-9999.0,-9999.0,-9999.0,-9999.0,-9999.0,-9999.0,orientation,color,size,0.38,-7.0,13,male,1,2304.7063153,0,19
520,-9999.0,-9999.0,-9999.0,-9999.0,-9999.0,-9999.0,-9999.0,-9999.0,-9999.0,orientation,color,size,0.38,-7.0,13,male,1,2304.7063153,0,19
521,-9999.0,-9999.0,-9999.0,-9999.0,-9999.0,-9999.0,-9999.0,-9999.0,-9999.0,orientation,color,size,0.38,-7.0,13,male,1,2304.7063153,0,19
522,-9999.0,-9999.0,-9999.0,-9999.0,-9999.0,-9999.0,-9999.0,-9999.0,-9999.0,orientation,color,size,0.38,-7.0,13,male,1,2304.7063153,0,19
523,-9999.0,-9999.0,-9999.0,-9999.0,-9999.0,-9999.0,-9999.0,-9999.0,-9999.0,orientation,color,size,0.38,-7.0,13,male,1,2304.7063153,0,19
524,-9999.0,-9999.0,-9999.0,-9999.0,-9999.0,-9999.0,-9999.0,-9999.0,-9999.0,orientation,color,size,0.38,-7.0,13,male,1,2304.7063153,0,19
525,-9999.0,-9999.0,-9999.0,-9999.0,-9999.0,-9999.0,-9999.0,-9999.0,-9999.0,orientation,color,size,0.38,-7.0,13,male,1,2304.7063153,0,19
526,-9999.0,-9999.0,-9999.0,-9999.0,-9999.0,-9999.0,-9999.0,-9999.0,-9999.0,orientation,color,size,0.38,-7.0,13,male,1,2304.7063153,0,19
527,-9999.0,-9999.0,-9999.0,-9999.0,-9999.0,-9999.0,-9999.0,-9999.0,-9999.0,orientation,color,size,0.38,-7.0,13,male,1,2304.7063153,0,19
528,-9999.0,-9999.0,-9999.0,-9999.0,-9999.0,-9999.0,-9999.0,-9999.0,-9999.0,orientation,color,size,0.38,-7.0,13,male,1,2304.7063153,0,19
529,-9999.0,-9999.0,-9999.0,-9999.0,-9999.0,-9999.0,-9999.0,-9999.0,-9999.0,orientation,color,size,0.38,-7.0,13,male,1,2304.7063153,0,19
530,-9999.0,-9999.0,-9999.0,-9999.0,-9999.0,-9999.0,-9999.0,-9999.0,-9999.0,orientation,color,size,0.38,-7.0,13,male,1,2304.7063153,0,19
531,-9999.0,-9999.0,-9999.0,-9999.0,-9999.0,-9999.0,-9999.0,-9999.0,-9999.0,orientation,color,size,0.38,-7.0,13,male,1,2304.7063153,0,19
532,-9999.0,-9999.0,-9999.0,-9999.0,-9999.0,-9999.0,-9999.0,-9999.0,-9999.0,orientation,color,size,0.38,-7.0,13,male,1,2304.7063153,0,19
533,-9999.0,-9999.0,-9999.0,-9999.0,-9999.0,-9999.0,-9999.0,-9999.0,-9999.0,orientation,color,size,0.38,-7.0,13,male,1,2304.7063153,0,19
534,-9999.0,-9999.0,-9999.0,-9999.0,-9999.0,-9999.0,-9999.0,-9999.0,-9999.0,orientation,color,size,0.38,-7.0,13,male,1,2304.7063153,0,19
535,-9999.0,-9999.0,-9999.0,-9999.0,-9999.0,-9999.0,-9999.0,-9999.0,-9999.0,orientation,color,size,0.38,-7.0,13,male,1,2304.7063153,0,19
536,-9999.0,-9999.0,-9999.0,-9999.0,-9999.0,-9999.0,-9999.0,-9999.0,-9999.0,orientation,color,size,0.38,-7.0,13,male,1,2304.7063153,0,19
537,-9999.0,-9999.0,-9999.0,-9999.0,-9999.0,-9999.0,-9999.0,-9999.0,-9999.0,orientation,color,size,0.38,-7.0,13,male,1,2304.7063153,0,19
538,-9999.0,-9999.0,-9999.0,-9999.0,-9999.0,-9999.0,-9999.0,-9999.0,-9999.0,orientation,color,size,0.38,-7.0,13,male,1,2304.7063153,0,19
539,-9999.0,-9999.0,-9999.0,-9999.0,-9999.0,-9999.0,-9999.0,-9999.0,-9999.0,orientation,color,size,0.38,-7.0,13,male,1,2304.7063153,0,19
540,-9999.0,-9999.0,-9999.0,-9999.0,-9999.0,-9999.0,-9999.0,-9999.0,-9999.0,orientation,color,size,0.38,-7.0,13,male,1,2304.7063153,0,19
541,-9999.0,-9999.0,-9999.0,-9999.0,-9999.0,-9999.0,-9999.0,-9999.0,-9999.0,orientation,color,size,0.38,-7.0,13,male,1,2304.7063153,0,19
542,-9999.0,-9999.0,-9999.0,-9999.0,-9999.0,-9999.0,-9999.0,-9999.0,-9999.0,orientation,color,size,0.38,-7.0,13,male,1,2304.7063153,0,19
543,-9999.0,-9999.0,-9999.0,-9999.0,-9999.0,-9999.0,-9999.0,-9999.0,-9999.0,orientation,color,size,0.38,-7.0,13,male,1,2304.7063153,0,19
544,-9999.0,-9999.0,-9999.0,-9999.0,-9999.0,-9999.0,-9999.0,-9999.0,-9999.0,orientation,color,size,0.38,-7.0,13,male,1,2304.7063153,0,19
545,-9999.0,-9999.0,-9999.0,-9999.0,-9999.0,-9999.0,-9999.0,-9999.0,-9999.0,orientation,color,size,0.38,-7.0,13,male,1,2304.7063153,0,19
546,-9999.0,-9999.0,-9999.0,-9999.0,-9999.0,-9999.0,-9999.0,-9999.0,-9999.0,orientation,color,size,0.38,-7.0,13,male,1,2304.7063153,0,19
547,-9999.0,-9999.0,-9999.0,-9999.0,-9999.0,-9999.0,-9999.0,-9999.0,-9999.0,orientation,color,size,0.38,-7.0,13,male,1,2304.7063153,0,19
548,-9999.0,-9999.0,-9999.0,-9999.0,-9999.0,-9999.0,-9999.0,-9999.0,-9999.0,orientation,color,size,0.38,-7.0,13,male,1,2304.7063153,0,19
549,-9999.0,-9999.0,-9999.0,-9999.0,-9999.0,-9999.0,-9999.0,-9999.0,-9999.0,orientation,color,size,0.38,-7.0,13,male,1,2304.7063153,0,19
550,-9999.0,-9999.0,-9999.0,-9999.0,-9999.0,-9999.0,-9999.0,-9999.0,-9999.0,orientation,color,size,0.38,-7.0,13,male,1,2304.7063153,0,19
551,-9999.0,-9999.0,-9999.0,-9999.0,-9999.0,-9999.0,-9999.0,-9999.0,-9999.0,orientation,color,size,0.38,-7.0,13,male,1,2304.7063153,0,19
552,-9999.0,-9999.0,-9999.0,-9999.0,-9999.0,-9999.0,-9999.0,-9999.0,-9999.0,orientation,color,size,0.38,-7.0,13,male,1,2304.7063153,0,19
553,-9999.0,-9999.0,-9999.0,-9999.0,-9999.0,-9999.0,-9999.0,-9999.0,-9999.0,orientation,color,size,0.38,-7.0,13,male,1,2304.7063153,0,19
554,-9999.0,-9999.0,-9999.0,-9999.0,-9999.0,-9999.0,-9999.0,-9999.0,-9999.0,orientation,color,size,0.38,-7.0,13,male,1,2304.7063153,0,19
555,-9999.0,-9999.0,-9999.0,-9999.0,-9999.0,-9999.0,-9999.0,-9999.0,-9999.0,orientation,color,size,0.38,-7.0,13,male,1,2304.7063153,0,19
556,-9999.0,-9999.0,-9999.0,-9999.0,-9999.0,-9999.0,-9999.0,-9999.0,-9999.0,orientation,color,size,0.38,-7.0,13,male,1,2304.7063153,0,19
557,-9999.0,-9999.0,-9999.0,-9999.0,-9999.0,-9999.0,-9999.0,-9999.0,-9999.0,orientation,color,size,0.38,-7.0,13,male,1,2304.7063153,0,19
558,-9999.0,-9999.0,-9999.0,-9999.0,-9999.0,-9999.0,-9999.0,-9999.0,-9999.0,orientation,color,size,0.38,-7.0,13,male,1,2304.7063153,0,19
559,-9999.0,-9999.0,-9999.0,-9999.0,-9999.0,-9999.0,-9999.0,-9999.0,-9999.0,orientation,color,size,0.38,-7.0,13,male,1,2304.7063153,0,19
560,-9999.0,-9999.0,-9999.0,-9999.0,-9999.0,-9999.0,-9999.0,-9999.0,-9999.0,orientation,color,size,0.38,-7.0,13,male,1,2304.7063153,0,19
561,-9999.0,-9999.0,-9999.0,-9999.0,-9999.0,-9999.0,-9999.0,-9999.0,-9999.0,orientation,color,size,0.38,-7.0,13,male,1,2304.7063153,0,19
562,-9999.0,-9999.0,-9999.0,-9999.0,-9999.0,-9999.0,-9999.0,-9999.0,-9999.0,orientation,color,size,0.38,-7.0,13,male,1,2304.7063153,0,19
563,-9999.0,-9999.0,-9999.0,-9999.0,-9999.0,-9999.0,-9999.0,-9999.0,-9999.0,orientation,color,size,0.38,-7.0,13,male,1,2304.7063153,0,19
564,-9999.0,-9999.0,-9999.0,-9999.0,-9999.0,-9999.0,-9999.0,-9999.0,-9999.0,orientation,color,size,0.38,-7.0,13,male,1,2304.7063153,0,19
565,-9999.0,-9999.0,-9999.0,-9999.0,-9999.0,-9999.0,-9999.0,-9999.0,-9999.0,orientation,color,size,0.38,-7.0,13,male,1,2304.7063153,0,19
566,-9999.0,-9999.0,-9999.0,-9999.0,-9999.0,-9999.0,-9999.0,-9999.0,-9999.0,orientation,color,size,0.38,-7.0,13,male,1,2304.7063153,0,19
567,-9999.0,-9999.0,-9999.0,-9999.0,-9999.0,-9999.0,-9999.0,-9999.0,-9999.0,orientation,color,size,0.38,-7.0,13,male,1,2304.7063153,0,19
568,-9999.0,-9999.0,-9999.0,-9999.0,-9999.0,-9999.0,-9999.0,-9999.0,-9999.0,orientation,color,size,0.38,-7.0,13,male,1,2304.7063153,0,19
569,-9999.0,-9999.0,-9999.0,-9999.0,-9999.0,-9999.0,-9999.0,-9999.0,-9999.0,orientation,color,size,0.38,-7.0,13,male,1,2304.7063153,0,19
570,-9999.0,-9999.0,-9999.0,-9999.0,-9999.0,-9999.0,-9999.0,-9999.0,-9999.0,orientation,color,size,0.38,-7.0,13,male,1,2304.7063153,0,19
571,-9999.0,-9999.0,-9999.0,-9999.0,-9999.0,-9999.0,-9999.0,-9999.0,-9999.0,orientation,color,size,0.38,-7.0,13,male,1,2304.7063153,0,19
572,-9999.0,-9999.0,-9999.0,-9999.0,-9999.0,-9999.0,-9999.0,-9999.0,-9999.0,orientation,color,size,0.38,-7.0,13,male,1,2304.7063153,0,19
573,-9999.0,-9999.0,-9999.0,-9999.0,-9999.0,-9999.0,-9999.0,-9999.0,-9999.0,orientation,color,size,0.38,-7.0,13,male,1,2304.7063153,0,19
574,-9999.0,-9999.0,-9999.0,-9999.0,-9999.0,-9999.0,-9999.0,-9999.0,-9999.0,orientation,color,size,0.38,-7.0,13,male,1,2304.7063153,0,19
575,-9999.0,-9999.0,-9999.0,-9999.0,-9999.0,-9999.0,-9999.0,-9999.0,-9999.0,orientation,color,size,0.38,-7.0,13,male,1,2304.7063153,0,19
576,-9999.0,-9999.0,-9999.0,-9999.0,-9999.0,-9999.0,-9999.0,-9999.0,-9999.0,orientation,color,size,0.38,-7.0,13,male,1,2304.7063153,0,19
577,-9999.0,-9999.0,-9999.0,-9999.0,-9999.0,-9999.0,-9999.0,-9999.0,-9999.0,orientation,color,size,0.38,-7.0,13,male,1,2304.7063153,0,19
578,-9999.0,-9999.0,-9999.0,-9999.0,-9999.0,-9999.0,-9999.0,-9999.0,-9999.0,orientation,color,size,0.38,-7.0,13,male,1,2304.7063153,0,19
579,-9999.0,-9999.0,-9999.0,-9999.0,-9999.0,-9999.0,-9999.0,-9999.0,-9999.0,orientation,color,size,0.38,-7.0,13,male,1,2304.7063153,0,19
580,-9999.0,-9999.0,-9999.0,-9999.0,-9999.0,-9999.0,-9999.0,-9999.0,-9999.0,orientation,color,size,0.38,-7.0,13,male,1,2304.7063153,0,19
581,-9999.0,-9999.0,-9999.0,-9999.0,-9999.0,-9999.0,-9999.0,-9999.0,-9999.0,orientation,color,size,0.38,-7.0,13,male,1,2304.7063153,0,19
582,-9999.0,-9999.0,-9999.0,-9999.0,-9999.0,-9999.0,-9999.0,-9999.0,-9999.0,orientation,color,size,0.38,-7.0,13,male,1,2304.7063153,0,19
583,-9999.0,-9999.0,-9999.0,-9999.0,-9999.0,-9999.0,-9999.0,-9999.0,-9999.0,orientation,color,size,0.38,-7.0,13,male,1,2304.7063153,0,19
584,-9999.0,-9999.0,-9999.0,-9999.0,-9999.0,-9999.0,-9999.0,-9999.0,-9999.0,orientation,color,size,0.38,-7.0,13,male,1,2304.7063153,0,19
585,-9999.0,-9999.0,-9999.0,-9999.0,-9999.0,-9999.0,-9999.0,-9999.0,-9999.0,orientation,color,size,0.38,-7.0,13,male,1,2304.7063153,0,19
586,-9999.0,-9999.0,-9999.0,-9999.0,-9999.0,-9999.0,-9999.0,-9999.0,-9999.0,orientation,color,size,0.38,-7.0,13,male,1,2304.7063153,0,19
587,-9999.0,-9999.0,-9999.0,-9999.0,-9999.0,-9999.0,-9999.0,-9999.0,-9999.0,orientation,color,size,0.38,-7.0,13,male,1,2304.7063153,0,19
588,-9999.0,-9999.0,-9999.0,-9999.0,-9999.0,-9999.0,-9999.0,-9999.0,-9999.0,orientation,color,size,0.38,-7.0,13,male,1,2304.7063153,0,19
589,-9999.0,-9999.0,-9999.0,-9999.0,-9999.0,-9999.0,-9999.0,-9999.0,-9999.0,orientation,color,size,0.38,-7.0,13,male,1,2304.7063153,0,19
590,-9999.0,-9999.0,-9999.0,-9999.0,-9999.0,-9999.0,-9999.0,-9999.0,-9999.0,orientation,color,size,0.38,-7.0,13,male,1,2304.7063153,0,19
591,-9999.0,-9999.0,-9999.0,-9999.0,-9999.0,-9999.0,-9999.0,-9999.0,-9999.0,orientation,color,size,0.38,-7.0,13,male,1,2304.7063153,0,19
592,-9999.0,-9999.0,-9999.0,-9999.0,-9999.0,-9999.0,-9999.0,-9999.0,-9999.0,orientation,color,size,0.38,-7.0,13,male,1,2304.7063153,0,19
593,-9999.0,-9999.0,-9999.0,-9999.0,-9999.0,-9999.0,-9999.0,-9999.0,-9999.0,orientation,color,size,0.38,-7.0,13,male,1,2304.7063153,0,19
594,-9999.0,-9999.0,-9999.0,-9999.0,-9999.0,-9999.0,-9999.0,-9999.0,-9999.0,orientation,color,size,0.38,-7.0,13,male,1,2304.7063153,0,19
595,-9999.0,-9999.0,-9999.0,-9999.0,-9999.0,-9999.0,-9999.0,-9999.0,-9999.0,orientation,color,size,0.38,-7.0,13,male,1,2304.7063153,0,19
596,-9999.0,-9999.0,-9999.0,-9999.0,-9999.0,-9999.0,-9999.0,-9999.0,-9999.0,orientation,color,size,0.38,-7.0,13,male,1,2304.7063153,0,19
597,-9999.0,-9999.0,-9999.0,-9999.0,-9999.0,-9999.0,-9999.0,-9999.0,-9999.0,orientation,color,size,0.38,-7.0,13,male,1,2304.7063153,0,19
598,-9999.0,-9999.0,-9999.0,-9999.0,-9999.0,-9999.0,-9999.0,-9999.0,-9999.0,orientation,color,size,0.38,-7.0,13,male,1,2304.7063153,0,19
599,-9999.0,-9999.0,-9999.0,-9999.0,-9999.0,-9999.0,-9999.0,-9999.0,-9999.0,orientation,color,size,0.38,-7.0,13,male,1,2304.7063153,0,19
600,-9999.0,-9999.0,-9999.0,-9999.0,-9999.0,-9999.0,-9999.0,-9999.0,-9999.0,orientation,color,size,0.38,-7.0,13,male,1,2304.7063153,0,19
601,-9999.0,-9999.0,-9999.0,-9999.0,-9999.0,-9999.0,-9999.0,-9999.0,-9999.0,orientation,color,size,0.38,-7.0,13,male,1,2304.7063153,0,19
602,-9999.0,-9999.0,-9999.0,-9999.0,-9999.0,-9999.0,-9999.0,-9999.0,-9999.0,orientation,color,size,0.38,-7.0,13,male,1,2304.7063153,0,19
603,-9999.0,-9999.0,-9999.0,-9999.0,-9999.0,-9999.0,-9999.0,-9999.0,-9999.0,orientation,color,size,0.38,-7.0,13,male,1,2304.7063153,0,19
604,-9999.0,-9999.0,-9999.0,-9999.0,-9999.0,-9999.0,-9999.0,-9999.0,-9999.0,orientation,color,size,0.38,-7.0,13,male,1,2304.7063153,0,19
605,-9999.0,-9999.0,-9999.0,-9999.0,-9999.0,-9999.0,-9999.0,-9999.0,-9999.0,orientation,color,size,0.38,-7.0,13,male,1,2304.7063153,0,19
606,-9999.0,-9999.0,-9999.0,-9999.0,-9999.0,-9999.0,-9999.0,-9999.0,-9999.0,orientation,color,size,0.38,-7.0,13,male,1,2304.7063153,0,19
607,-9999.0,-9999.0,-9999.0,-9999.0,-9999.0,-9999.0,-9999.0,-9999.0,-9999.0,orientation,color,size,0.38,-7.0,13,male,1,2304.7063153,0,19
608,-9999.0,-9999.0,-9999.0,-9999.0,-9999.0,-9999.0,-9999.0,-9999.0,-9999.0,orientation,color,size,0.38,-7.0,13,male,1,2304.7063153,0,19
609,-9999.0,-9999.0,-9999.0,-9999.0,-9999.0,-9999.0,-9999.0,-9999.0,-9999.0,orientation,color,size,0.38,-7.0,13,male,1,2304.7063153,0,19
610,-9999.0,-9999.0,-9999.0,-9999.0,-9999.0,-9999.0,-9999.0,-9999.0,-9999.0,orientation,color,size,0.38,-7.0,13,male,1,2304.7063153,0,19
611,-9999.0,-9999.0,-9999.0,-9999.0,-9999.0,-9999.0,-9999.0,-9999.0,-9999.0,orientation,color,size,0.38,-7.0,13,male,1,2304.7063153,0,19
612,-9999.0,-9999.0,-9999.0,-9999.0,-9999.0,-9999.0,-9999.0,-9999.0,-9999.0,orientation,color,size,0.38,-7.0,13,male,1,2304.7063153,0,19
613,-9999.0,-9999.0,-9999.0,-9999.0,-9999.0,-9999.0,-9999.0,-9999.0,-9999.0,orientation,color,size,0.38,-7.0,13,male,1,2304.7063153,0,19
614,-9999.0,-9999.0,-9999.0,-9999.0,-9999.0,-9999.0,-9999.0,-9999.0,-9999.0,orientation,color,size,0.38,-7.0,13,male,1,2304.7063153,0,19
615,-9999.0,-9999.0,-9999.0,-9999.0,-9999.0,-9999.0,-9999.0,-9999.0,-9999.0,orientation,color,size,0.38,-7.0,13,male,1,2304.7063153,0,19
616,-9999.0,-9999.0,-9999.0,-9999.0,-9999.0,-9999.0,-9999.0,-9999.0,-9999.0,orientation,color,size,0.38,-7.0,13,male,1,2304.7063153,0,19
617,-9999.0,-9999.0,-9999.0,-9999.0,-9999.0,-9999.0,-9999.0,-9999.0,-9999.0,orientation,color,size,0.38,-7.0,13,male,1,2304.7063153,0,19
618,-9999.0,-9999.0,-9999.0,-9999.0,-9999.0,-9999.0,-9999.0,-9999.0,-9999.0,orientation,color,size,0.38,-7.0,13,male,1,2304.7063153,0,19
619,-9999.0,-9999.0,-9999.0,-9999.0,-9999.0,-9999.0,-9999.0,-9999.0,-9999.0,orientation,color,size,0.38,-7.0,13,male,1,2304.7063153,0,19
620,-9999.0,-9999.0,-9999.0,-9999.0,-9999.0,-9999.0,-9999.0,-9999.0,-9999.0,orientation,color,size,0.38,-7.0,13,male,1,2304.7063153,0,19
621,-9999.0,-9999.0,-9999.0,-9999.0,-9999.0,-9999.0,-9999.0,-9999.0,-9999.0,orientation,color,size,0.38,-7.0,13,male,1,2304.7063153,0,19
622,-9999.0,-9999.0,-9999.0,-9999.0,-9999.0,-9999.0,-9999.0,-9999.0,-9999.0,orientation,color,size,0.38,-7.0,13,male,1,2304.7063153,0,19
623,-9999.0,-9999.0,-9999.0,-9999.0,-9999.0,-9999.0,-9999.0,-9999.0,-9999.0,orientation,color,size,0.38,-7.0,13,male,1,2304.7063153,0,19
624,-9999.0,-9999.0,-9999.0,-9999.0,-9999.0,-9999.0,-9999.0,-9999.0,-9999.0,orientation,color,size,0.38,-7.0,13,male,1,2304.7063153,0,19
625,-9999.0,-9999.0,-9999.0,-9999.0,-9999.0,-9999.0,-9999.0,-9999.0,-9999.0,orientation,color,size,0.38,-7.0,13,male,1,2304.7063153,0,19
626,-9999.0,-9999.0,-9999.0,-9999.0,-9999.0,-9999.0,-9999.0,-9999.0,-9999.0,orientation,color,size,0.38,-7.0,13,male,1,2304.7063153,0,19
627,-9999.0,-9999.0,-9999.0,-9999.0,-9999.0,-9999.0,-9999.0,-9999.0,-9999.0,orientation,color,size,0.38,-7.0,13,male,1,2304.7063153,0,19
628,-9999.0,-9999.0,-9999.0,-9999.0,-9999.0,-9999.0,-9999.0,-9999.0,-9999.0,orientation,color,size,0.38,-7.0,13,male,1,2304.7063153,0,19
629,-9999.0,-9999.0,-9999.0,-9999.0,-9999.0,-9999.0,-9999.0,-9999.0,-9999.0,orientation,color,size,0.38,-7.0,13,male,1,2304.7063153,0,19
630,-9999.0,-9999.0,-9999.0,-9999.0,-9999.0,-9999.0,-9999.0,-9999.0,-9999.0,orientation,color,size,0.38,-7.0,13,male,1,2304.7063153,0,19
631,-9999.0,-9999.0,-9999.0,-9999.0,-9999.0,-9999.0,-9999.0,-9999.0,-9999.0,orientation,color,size,0.38,-7.0,13,male,1,2304.7063153,0,19
632,-9999.0,-9999.0,-9999.0,-9999.0,-9999.0,-9999.0,-9999.0,-9999.0,-9999.0,orientation,color,size,0.38,-7.0,13,male,1,2304.7063153,0,19
633,-9999.0,-9999.0,-9999.0,-9999.0,-9999.0,-9999.0,-9999.0,-9999.0,-9999.0,orientation,color,size,0.38,-7.0,13,male,1,2304.7063153,0,19
634,-9999.0,-9999.0,-9999.0,-9999.0,-9999.0,-9999.0,-9999.0,-9999.0,-9999.0,orientation,color,size,0.38,-7.0,13,male,1,2304.7063153,0,19
635,-9999.0,-9999.0,-9999.0,-9999.0,-9999.0,-9999.0,-9999.0,-9999.0,-9999.0,orientation,color,size,0.38,-7.0,13,male,1,2304.7063153,0,19
636,-9999.0,-9999.0,-9999.0,-9999.0,-9999.0,-9999.0,-9999.0,-9999.0,-9999.0,orientation,color,size,0.38,-7.0,13,male,1,2304.7063153,0,19
637,-9999.0,-9999.0,-9999.0,-9999.0,-9999.0,-9999.0,-9999.0,-9999.0,-9999.0,orientation,color,size,0.38,-7.0,13,male,1,2304.7063153,0,19
638,-9999.0,-9999.0,-9999.0,-9999.0,-9999.0,-9999.0,-9999.0,-9999.0,-9999.0,orientation,color,size,0.38,-7.0,13,male,1,2304.7063153,0,19
639,-9999.0,-9999.0,-9999.0,-9999.0,-9999.0,-9999.0,-9999.0,-9999.0,-9999.0,orientation,color,size,0.38,-7.0,13,male,1,2304.7063153,0,19
640,-9999.0,-9999.0,-9999.0,-9999.0,-9999.0,-9999.0,-9999.0,-9999.0,-9999.0,orientation,color,size,0.38,-7.0,13,male,1,2304.7063153,0,19
641,-9999.0,-9999.0,-9999.0,-9999.0,-9999.0,-9999.0,-9999.0,-9999.0,-9999.0,orientation,color,size,0.38,-7.0,13,male,1,2304.7063153,0,19
642,-9999.0,-9999.0,-9999.0,-9999.0,-9999.0,-9999.0,-9999.0,-9999.0,-9999.0,orientation,color,size,0.38,-7.0,13,male,1,2304.7063153,0,19
643,-9999.0,-9999.0,-9999.0,-9999.0,-9999.0,-9999.0,-9999.0,-9999.0,-9999.0,orientation,color,size,0.38,-7.0,13,male,1,2304.7063153,0,19
644,-9999.0,-9999.0,-9999.0,-9999.0,-9999.0,-9999.0,-9999.0,-9999.0,-9999.0,orientation,color,size,0.38,-7.0,13,male,1,2304.7063153,0,19
645,-9999.0,-9999.0,-9999.0,-9999.0,-9999.0,-9999.0,-9999.0,-9999.0,-9999.0,orientation,color,size,0.38,-7.0,13,male,1,2304.7063153,0,19
646,-9999.0,-9999.0,-9999.0,-9999.0,-9999.0,-9999.0,-9999.0,-9999.0,-9999.0,orientation,color,size,0.38,-7.0,13,male,1,2304.7063153,0,19
647,-9999.0,-9999.0,-9999.0,-9999.0,-9999.0,-9999.0,-9999.0,-9999.0,-9999.0,orientation,color,size,0.38,-7.0,13,male,1,2304.7063153,0,19
648,-9999.0,-9999.0,-9999.0,-9999.0,-9999.0,-9999.0,-9999.0,-9999.0,-9999.0,orientation,color,size,0.38,-7.0,13,male,1,2304.7063153,0,19
649,-9999.0,-9999.0,-9999.0,-9999.0,-9999.0,-9999.0,-9999.0,-9999.0,-9999.0,orientation,color,size,0.38,-7.0,13,male,1,2304.7063153,0,19
650,-9999.0,-9999.0,-9999.0,-9999.0,-9999.0,-9999.0,-9999.0,-9999.0,-9999.0,orientation,color,size,0.38,-7.0,13,male,1,2304.7063153,0,19
651,-9999.0,-9999.0,-9999.0,-9999.0,-9999.0,-9999.0,-9999.0,-9999.0,-9999.0,orientation,color,size,0.38,-7.0,13,male,1,2304.7063153,0,19
652,-9999.0,-9999.0,-9999.0,-9999.0,-9999.0,-9999.0,-9999.0,-9999.0,-9999.0,orientation,color,size,0.38,-7.0,13,male,1,2304.7063153,0,19
653,-9999.0,-9999.0,-9999.0,-9999.0,-9999.0,-9999.0,-9999.0,-9999.0,-9999.0,orientation,color,size,0.38,-7.0,13,male,1,2304.7063153,0,19
654,-9999.0,-9999.0,-9999.0,-9999.0,-9999.0,-9999.0,-9999.0,-9999.0,-9999.0,orientation,color,size,0.38,-7.0,13,male,1,2304.7063153,0,19
655,-9999.0,-9999.0,-9999.0,-9999.0,-9999.0,-9999.0,-9999.0,-9999.0,-9999.0,orientation,color,size,0.38,-7.0,13,male,1,2304.7063153,0,19
656,-9999.0,-9999.0,-9999.0,-9999.0,-9999.0,-9999.0,-9999.0,-9999.0,-9999.0,orientation,color,size,0.38,-7.0,13,male,1,2304.7063153,0,19
657,-9999.0,-9999.0,-9999.0,-9999.0,-9999.0,-9999.0,-9999.0,-9999.0,-9999.0,orientation,color,size,0.38,-7.0,13,male,1,2304.7063153,0,19
658,-9999.0,-9999.0,-9999.0,-9999.0,-9999.0,-9999.0,-9999.0,-9999.0,-9999.0,orientation,color,size,0.38,-7.0,13,male,1,2304.7063153,0,19
659,-9999.0,-9999.0,-9999.0,-9999.0,-9999.0,-9999.0,-9999.0,-9999.0,-9999.0,orientation,color,size,0.38,-7.0,13,male,1,2304.7063153,0,19
660,-9999.0,-9999.0,-9999.0,-9999.0,-9999.0,-9999.0,-9999.0,-9999.0,-9999.0,orientation,color,size,0.38,-7.0,13,male,1,2304.7063153,0,19
661,-9999.0,-9999.0,-9999.0,-9999.0,-9999.0,-9999.0,-9999.0,-9999.0,-9999.0,orientation,color,size,0.38,-7.0,13,male,1,2304.7063153,0,19
662,-9999.0,-9999.0,-9999.0,-9999.0,-9999.0,-9999.0,-9999.0,-9999.0,-9999.0,orientation,color,size,0.38,-7.0,13,male,1,2304.7063153,0,19
663,-9999.0,-9999.0,-9999.0,-9999.0,-9999.0,-9999.0,-9999.0,-9999.0,-9999.0,orientation,color,size,0.38,-7.0,13,male,1,2304.7063153,0,19
664,-9999.0,-9999.0,-9999.0,-9999.0,-9999.0,-9999.0,-9999.0,-9999.0,-9999.0,orientation,color,size,0.38,-7.0,13,male,1,2304.7063153,0,19
665,-9999.0,-9999.0,-9999.0,-9999.0,-9999.0,-9999.0,-9999.0,-9999.0,-9999.0,orientation,color,size,0.38,-7.0,13,male,1,2304.7063153,0,19
666,-9999.0,-9999.0,-9999.0,-9999.0,-9999.0,-9999.0,-9999.0,-9999.0,-9999.0,orientation,color,size,0.38,-7.0,13,male,1,2304.7063153,0,19
667,-9999.0,-9999.0,-9999.0,-9999.0,-9999.0,-9999.0,-9999.0,-9999.0,-9999.0,orientation,color,size,0.38,-7.0,13,male,1,2304.7063153,0,19
668,-9999.0,-9999.0,-9999.0,-9999.0,-9999.0,-9999.0,-9999.0,-9999.0,-9999.0,orientation,color,size,0.38,-7.0,13,male,1,2304.7063153,0,19
669,-9999.0,-9999.0,-9999.0,-9999.0,-9999.0,-9999.0,-9999.0,-9999.0,-9999.0,orientation,color,size,0.38,-7.0,13,male,1,2304.7063153,0,19
670,-9999.0,-9999.0,-9999.0,-9999.0,-9999.0,-9999.0,-9999.0,-9999.0,-9999.0,orientation,color,size,0.38,-7.0,13,male,1,2304.7063153,0,19
671,-9999.0,-9999.0,-9999.0,-9999.0,-9999.0,-9999.0,-9999.0,-9999.0,-9999.0,orientation,color,size,0.38,-7.0,13,male,1,2304.7063153,0,19
672,-9999.0,-9999.0,-9999.0,-9999.0,-9999.0,-9999.0,-9999.0,-9999.0,-9999.0,orientation,color,size,0.38,-7.0,13,male,1,2304.7063153,0,19
673,-9999.0,-9999.0,-9999.0,-9999.0,-9999.0,-9999.0,-9999.0,-9999.0,-9999.0,orientation,color,size,0.38,-7.0,13,male,1,2304.7063153,0,19
674,-9999.0,-9999.0,-9999.0,-9999.0,-9999.0,-9999.0,-9999.0,-9999.0,-9999.0,orientation,color,size,0.38,-7.0,13,male,1,2304.7063153,0,19
675,-9999.0,-9999.0,-9999.0,-9999.0,-9999.0,-9999.0,-9999.0,-9999.0,-9999.0,orientation,color,size,0.38,-7.0,13,male,1,2304.7063153,0,19
676,-9999.0,-9999.0,-9999.0,-9999.0,-9999.0,-9999.0,-9999.0,-9999.0,-9999.0,orientation,color,size,0.38,-7.0,13,male,1,2304.7063153,0,19
677,-9999.0,-9999.0,-9999.0,-9999.0,-9999.0,-9999.0,-9999.0,-9999.0,-9999.0,orientation,color,size,0.38,-7.0,13,male,1,2304.7063153,0,19
678,-9999.0,-9999.0,-9999.0,-9999.0,-9999.0,-9999.0,-9999.0,-9999.0,-9999.0,orientation,color,size,0.38,-7.0,13,male,1,2304.7063153,0,19
679,-9999.0,-9999.0,-9999.0,-9999.0,-9999.0,-9999.0,-9999.0,-9999.0,-9999.0,orientation,color,size,0.38,-7.0,13,male,1,2304.7063153,0,19
680,-9999.0,-9999.0,-9999.0,-9999.0,-9999.0,-9999.0,-9999.0,-9999.0,-9999.0,orientation,color,size,0.38,-7.0,13,male,1,2304.7063153,0,19
681,-9999.0,-9999.0,-9999.0,-9999.0,-9999.0,-9999.0,-9999.0,-9999.0,-9999.0,orientation,color,size,0.38,-7.0,13,male,1,2304.7063153,0,19
682,-9999.0,-9999.0,-9999.0,-9999.0,-9999.0,-9999.0,-9999.0,-9999.0,-9999.0,orientation,color,size,0.38,-7.0,13,male,1,2304.7063153,0,19
683,-9999.0,-9999.0,-9999.0,-9999.0,-9999.0,-9999.0,-9999.0,-9999.0,-9999.0,orientation,color,size,0.38,-7.0,13,male,1,2304.7063153,0,19
684,-9999.0,-9999.0,-9999.0,-9999.0,-9999.0,-9999.0,-9999.0,-9999.0,-9999.0,orientation,color,size,0.38,-7.0,13,male,1,2304.7063153,0,19
685,-9999.0,-9999.0,-9999.0,-9999.0,-9999.0,-9999.0,-9999.0,-9999.0,-9999.0,orientation,color,size,0.38,-7.0,13,male,1,2304.7063153,0,19
686,-9999.0,-9999.0,-9999.0,-9999.0,-9999.0,-9999.0,-9999.0,-9999.0,-9999.0,orientation,color,size,0.38,-7.0,13,male,1,2304.7063153,0,19
687,-9999.0,-9999.0,-9999.0,-9999.0,-9999.0,-9999.0,-9999.0,-9999.0,-9999.0,orientation,color,size,0.38,-7.0,13,male,1,2304.7063153,0,19
688,-9999.0,-9999.0,-9999.0,-9999.0,-9999.0,-9999.0,-9999.0,-9999.0,-9999.0,orientation,color,size,0.38,-7.0,13,male,1,2304.7063153,0,19
689,-9999.0,-9999.0,-9999.0,-9999.0,-9999.0,-9999.0,-9999.0,-9999.0,-9999.0,orientation,color,size,0.38,-7.0,13,male,1,2304.7063153,0,19
690,-9999.0,-9999.0,-9999.0,-9999.0,-9999.0,-9999.0,-9999.0,-9999.0,-9999.0,orientation,color,size,0.38,-7.0,13,male,1,2304.7063153,0,19
691,-9999.0,-9999.0,-9999.0,-9999.0,-9999.0,-9999.0,-9999.0,-9999.0,-9999.0,orientation,color,size,0.38,-7.0,13,male,1,2304.7063153,0,19
692,-9999.0,-9999.0,-9999.0,-9999.0,-9999.0,-9999.0,-9999.0,-9999.0,-9999.0,orientation,color,size,0.38,-7.0,13,male,1,2304.7063153,0,19
693,-9999.0,-9999.0,-9999.0,-9999.0,-9999.0,-9999.0,-9999.0,-9999.0,-9999.0,orientation,color,size,0.38,-7.0,13,male,1,2304.7063153,0,19
694,-9999.0,-9999.0,-9999.0,-9999.0,-9999.0,-9999.0,-9999.0,-9999.0,-9999.0,orientation,color,size,0.38,-7.0,13,male,1,2304.7063153,0,19
695,-9999.0,-9999.0,-9999.0,-9999.0,-9999.0,-9999.0,-9999.0,-9999.0,-9999.0,orientation,color,size,0.38,-7.0,13,male,1,2304.7063153,0,19
696,-9999.0,-9999.0,-9999.0,-9999.0,-9999.0,-9999.0,-9999.0,-9999.0,-9999.0,orientation,color,size,0.38,-7.0,13,male,1,2304.7063153,0,19
697,-9999.0,-9999.0,-9999.0,-9999.0,-9999.0,-9999.0,-9999.0,-9999.0,-9999.0,orientation,color,size,0.38,-7.0,13,male,1,2304.7063153,0,19
698,-9999.0,-9999.0,-9999.0,-9999.0,-9999.0,-9999.0,-9999.0,-9999.0,-9999.0,orientation,color,size,0.38,-7.0,13,male,1,2304.7063153,0,19
699,-9999.0,-9999.0,-9999.0,-9999.0,-9999.0,-9999.0,-9999.0,-9999.0,-9999.0,orientation,color,size,0.38,-7.0,13,male,1,2304.7063153,0,19
700,-9999.0,-9999.0,-9999.0,-9999.0,-9999.0,-9999.0,-9999.0,-9999.0,-9999.0,orientation,color,size,0.38,-7.0,13,male,1,2304.7063153,0,19
701,-9999.0,-9999.0,-9999.0,-9999.0,-9999.0,-9999.0,-9999.0,-9999.0,-9999.0,orientation,color,size,0.38,-7.0,13,male,1,2304.7063153,0,19
702,-9999.0,-9999.0,-9999.0,-9999.0,-9999.0,-9999.0,-9999.0,-9999.0,-9999.0,orientation,color,size,0.38,-7.0,13,male,1,2304.7063153,0,19
703,-9999.0,-9999.0,-9999.0,-9999.0,-9999.0,-9999.0,-9999.0,-9999.0,-9999.0,orientation,color,size,0.38,-7.0,13,male,1,2304.7063153,0,19
704,-9999.0,-9999.0,-9999.0,-9999.0,-9999.0,-9999.0,-9999.0,-9999.0,-9999.0,orientation,color,size,0.38,-7.0,13,male,1,2304.7063153,0,19
705,-9999.0,-9999.0,-9999.0,-9999.0,-9999.0,-9999.0,-9999.0,-9999.0,-9999.0,orientation,color,size,0.38,-7.0,13,male,1,2304.7063153,0,19
706,-9999.0,-9999.0,-9999.0,-9999.0,-9999.0,-9999.0,-9999.0,-9999.0,-9999.0,orientation,color,size,0.38,-7.0,13,male,1,2304.7063153,0,19
707,-9999.0,-9999.0,-9999.0,-9999.0,-9999.0,-9999.0,-9999.0,-9999.0,-9999.0,orientation,color,size,0.38,-7.0,13,male,1,2304.7063153,0,19
708,-9999.0,-9999.0,-9999.0,-9999.0,-9999.0,-9999.0,-9999.0,-9999.0,-9999.0,orientation,color,size,0.38,-7.0,13,male,1,2304.7063153,0,19
709,-9999.0,-9999.0,-9999.0,-9999.0,-9999.0,-9999.0,-9999.0,-9999.0,-9999.0,orientation,color,size,0.38,-7.0,13,male,1,2304.7063153,0,19
710,-9999.0,-9999.0,-9999.0,-9999.0,-9999.0,-9999.0,-9999.0,-9999.0,-9999.0,orientation,color,size,0.38,-7.0,13,male,1,2304.7063153,0,19
711,-9999.0,-9999.0,-9999.0,-9999.0,-9999.0,-9999.0,-9999.0,-9999.0,-9999.0,orientation,color,size,0.38,-7.0,13,male,1,2304.7063153,0,19
712,-9999.0,-9999.0,-9999.0,-9999.0,-9999.0,-9999.0,-9999.0,-9999.0,-9999.0,orientation,color,size,0.38,-7.0,13,male,1,2304.7063153,0,19
713,-9999.0,-9999.0,-9999.0,-9999.0,-9999.0,-9999.0,-9999.0,-9999.0,-9999.0,orientation,color,size,0.38,-7.0,13,male,1,2304.7063153,0,19
714,-9999.0,-9999.0,-9999.0,-9999.0,-9999.0,-9999.0,-9999.0,-9999.0,-9999.0,orientation,color,size,0.38,-7.0,13,male,1,2304.7063153,0,19
715,-9999.0,-9999.0,-9999.0,-9999.0,-9999.0,-9999.0,-9999.0,-9999.0,-9999.0,orientation,color,size,0.38,-7.0,13,male,1,2304.7063153,0,19
716,-9999.0,-9999.0,-9999.0,-9999.0,-9999.0,-9999.0,-9999.0,-9999.0,-9999.0,orientation,color,size,0.38,-7.0,13,male,1,2304.7063153,0,19
717,-9999.0,-9999.0,-9999.0,-9999.0,-9999.0,-9999.0,-9999.0,-9999.0,-9999.0,orientation,color,size,0.38,-7.0,13,male,1,2304.7063153,0,19
718,-9999.0,-9999.0,-9999.0,-9999.0,-9999.0,-9999.0,-9999.0,-9999.0,-9999.0,orientation,color,size,0.38,-7.0,13,male,1,2304.7063153,0,19
719,-9999.0,-9999.0,-9999.0,-9999.0,-9999.0,-9999.0,-9999.0,-9999.0,-9999.0,orientation,color,size,0.38,-7.0,13,male,1,2304.7063153,0,19
720,-9999.0,-9999.0,-9999.0,-9999.0,-9999.0,-9999.0,-9999.0,-9999.0,-9999.0,orientation,color,size,0.38,-7.0,13,male,1,2304.7063153,0,19
721,-9999.0,-9999.0,-9999.0,-9999.0,-9999.0,-9999.0,-9999.0,-9999.0,-9999.0,orientation,color,size,0.38,-7.0,13,male,1,2304.7063153,0,19
722,-9999.0,-9999.0,-9999.0,-9999.0,-9999.0,-9999.0,-9999.0,-9999.0,-9999.0,orientation,color,size,0.38,-7.0,13,male,1,2304.7063153,0,19
723,-9999.0,-9999.0,-9999.0,-9999.0,-9999.0,-9999.0,-9999.0,-9999.0,-9999.0,orientation,color,size,0.38,-7.0,13,male,1,2304.7063153,0,19
724,-9999.0,-9999.0,-9999.0,-9999.0,-9999.0,-9999.0,-9999.0,-9999.0,-9999.0,orientation,color,size,0.38,-7.0,13,male,1,2304.7063153,0,19
725,-9999.0,-9999.0,-9999.0,-9999.0,-9999.0,-9999.0,-9999.0,-9999.0,-9999.0,orientation,color,size,0.38,-7.0,13,male,1,2304.7063153,0,19
726,-9999.0,-9999.0,-9999.0,-9999.0,-9999.0,-9999.0,-9999.0,-9999.0,-9999.0,orientation,color,size,0.38,-7.0,13,male,1,2304.7063153,0,19
727,-9999.0,-9999.0,-9999.0,-9999.0,-9999.0,-9999.0,-9999.0,-9999.0,-9999.0,orientation,color,size,0.38,-7.0,13,male,1,2304.7063153,0,19
728,-9999.0,-9999.0,-9999.0,-9999.0,-9999.0,-9999.0,-9999.0,-9999.0,-9999.0,orientation,color,size,0.38,-7.0,13,male,1,2304.7063153,0,19
729,-9999.0,-9999.0,-9999.0,-9999.0,-9999.0,-9999.0,-9999.0,-9999.0,-9999.0,orientation,color,size,0.38,-7.0,13,male,1,2304.7063153,0,19
730,-9999.0,-9999.0,-9999.0,-9999.0,-9999.0,-9999.0,-9999.0,-9999.0,-9999.0,orientation,color,size,0.38,-7.0,13,male,1,2304.7063153,0,19
731,-9999.0,-9999.0,-9999.0,-9999.0,-9999.0,-9999.0,-9999.0,-9999.0,-9999.0,orientation,color,size,0.38,-7.0,13,male,1,2304.7063153,0,19
732,-9999.0,-9999.0,-9999.0,-9999.0,-9999.0,-9999.0,-9999.0,-9999.0,-9999.0,orientation,color,size,0.38,-7.0,13,male,1,2304.7063153,0,19
733,-9999.0,-9999.0,-9999.0,-9999.0,-9999.0,-9999.0,-9999.0,-9999.0,-9999.0,orientation,color,size,0.38,-7.0,13,male,1,2304.7063153,0,19
734,-9999.0,-9999.0,-9999.0,-9999.0,-9999.0,-9999.0,-9999.0,-9999.0,-9999.0,orientation,color,size,0.38,-7.0,13,male,1,2304.7063153,0,19
735,-9999.0,-9999.0,-9999.0,-9999.0,-9999.0,-9999.0,-9999.0,-9999.0,-9999.0,orientation,color,size,0.38,-7.0,13,male,1,2304.7063153,0,19
736,-9999.0,-9999.0,-9999.0,-9999.0,-9999.0,-9999.0,-9999.0,-9999.0,-9999.0,orientation,color,size,0.38,-7.0,13,male,1,2304.7063153,0,19
737,-9999.0,-9999.0,-9999.0,-9999.0,-9999.0,-9999.0,-9999.0,-9999.0,-9999.0,orientation,color,size,0.38,-7.0,13,male,1,2304.7063153,0,19
738,-9999.0,-9999.0,-9999.0,-9999.0,-9999.0,-9999.0,-9999.0,-9999.0,-9999.0,orientation,color,size,0.38,-7.0,13,male,1,2304.7063153,0,19
739,-9999.0,-9999.0,-9999.0,-9999.0,-9999.0,-9999.0,-9999.0,-9999.0,-9999.0,orientation,color,size,0.38,-7.0,13,male,1,2304.7063153,0,19
740,-9999.0,-9999.0,-9999.0,-9999.0,-9999.0,-9999.0,-9999.0,-9999.0,-9999.0,orientation,color,size,0.38,-7.0,13,male,1,2304.7063153,0,19
741,-9999.0,-9999.0,-9999.0,-9999.0,-9999.0,-9999.0,-9999.0,-9999.0,-9999.0,orientation,color,size,0.38,-7.0,13,male,1,2304.7063153,0,19
742,-9999.0,-9999.0,-9999.0,-9999.0,-9999.0,-9999.0,-9999.0,-9999.0,-9999.0,orientation,color,size,0.38,-7.0,13,male,1,2304.7063153,0,19
743,-9999.0,-9999.0,-9999.0,-9999.0,-9999.0,-9999.0,-9999.0,-9999.0,-9999.0,orientation,color,size,0.38,-7.0,13,male,1,2304.7063153,0,19
744,-9999.0,-9999.0,-9999.0,-9999.0,-9999.0,-9999.0,-9999.0,-9999.0,-9999.0,orientation,color,size,0.38,-7.0,13,male,1,2304.7063153,0,19
745,-9999.0,-9999.0,-9999.0,-9999.0,-9999.0,-9999.0,-9999.0,-9999.0,-9999.0,orientation,color,size,0.38,-7.0,13,male,1,2304.7063153,0,19
746,-9999.0,-9999.0,-9999.0,-9999.0,-9999.0,-9999.0,-9999.0,-9999.0,-9999.0,orientation,color,size,0.38,-7.0,13,male,1,2304.7063153,0,19
747,-9999.0,-9999.0,-9999.0,-9999.0,-9999.0,-9999.0,-9999.0,-9999.0,-9999.0,orientation,color,size,0.38,-7.0,13,male,1,2304.7063153,0,19
748,-9999.0,-9999.0,-9999.0,-9999.0,-9999.0,-9999.0,-9999.0,-9999.0,-9999.0,orientation,color,size,0.38,-7.0,13,male,1,2304.7063153,0,19
749,-9999.0,-9999.0,-9999.0,-9999.0,-9999.0,-9999.0,-9999.0,-9999.0,-9999.0,orientation,color,size,0.38,-7.0,13,male,1,2304.7063153,0,19
750,-9999.0,-9999.0,-9999.0,-9999.0,-9999.0,-9999.0,-9999.0,-9999.0,-9999.0,orientation,color,size,0.38,-7.0,13,male,1,2304.7063153,0,19
751,-9999.0,-9999.0,-9999.0,-9999.0,-9999.0,-9999.0,-9999.0,-9999.0,-9999.0,orientation,color,size,0.38,-7.0,13,male,1,2304.7063153,0,19
752,-9999.0,-9999.0,-9999.0,-9999.0,-9999.0,-9999.0,-9999.0,-9999.0,-9999.0,orientation,color,size,0.38,-7.0,13,male,1,2304.7063153,0,19
753,-9999.0,-9999.0,-9999.0,-9999.0,-9999.0,-9999.0,-9999.0,-9999.0,-9999.0,orientation,color,size,0.38,-7.0,13,male,1,2304.7063153,0,19
754,-9999.0,-9999.0,-9999.0,-9999.0,-9999.0,-9999.0,-9999.0,-9999.0,-9999.0,orientation,color,size,0.38,-7.0,13,male,1,2304.7063153,0,19
755,-9999.0,-9999.0,-9999.0,-9999.0,-9999.0,-9999.0,-9999.0,-9999.0,-9999.0,orientation,color,size,0.38,-7.0,13,male,1,2304.7063153,0,19
756,-9999.0,-9999.0,-9999.0,-9999.0,-9999.0,-9999.0,-9999.0,-9999.0,-9999.0,orientation,color,size,0.38,-7.0,13,male,1,2304.7063153,0,19
757,-9999.0,-9999.0,-9999.0,-9999.0,-9999.0,-9999.0,-9999.0,-9999.0,-9999.0,orientation,color,size,0.38,-7.0,13,male,1,2304.7063153,0,19
758,-9999.0,-9999.0,-9999.0,-9999.0,-9999.0,-9999.0,-9999.0,-9999.0,-9999.0,orientation,color,size,0.38,-7.0,13,male,1,2304.7063153,0,19
759,-9999.0,-9999.0,-9999.0,-9999.0,-9999.0,-9999.0,-9999.0,-9999.0,-9999.0,orientation,color,size,0.38,-7.0,13,male,1,2304.7063153,0,19
760,-9999.0,-9999.0,-9999.0,-9999.0,-9999.0,-9999.0,-9999.0,-9999.0,-9999.0,orientation,color,size,0.38,-7.0,13,male,1,2304.7063153,0,19
761,-9999.0,-9999.0,-9999.0,-9999.0,-9999.0,-9999.0,-9999.0,-9999.0,-9999.0,orientation,color,size,0.38,-7.0,13,male,1,2304.7063153,0,19
762,-9999.0,-9999.0,-9999.0,-9999.0,-9999.0,-9999.0,-9999.0,-9999.0,-9999.0,orientation,color,size,0.38,-7.0,13,male,1,2304.7063153,0,19
763,-9999.0,-9999.0,-9999.0,-9999.0,-9999.0,-9999.0,-9999.0,-9999.0,-9999.0,orientation,color,size,0.38,-7.0,13,male,1,2304.7063153,0,19
764,-9999.0,-9999.0,-9999.0,-9999.0,-9999.0,-9999.0,-9999.0,-9999.0,-9999.0,orientation,color,size,0.38,-7.0,13,male,1,2304.7063153,0,19
765,-9999.0,-9999.0,-9999.0,-9999.0,-9999.0,-9999.0,-9999.0,-9999.0,-9999.0,orientation,color,size,0.38,-7.0,13,male,1,2304.7063153,0,19
766,-9999.0,-9999.0,-9999.0,-9999.0,-9999.0,-9999.0,-9999.0,-9999.0,-9999.0,orientation,color,size,0.38,-7.0,13,male,1,2304.7063153,0,19
767,-9999.0,-9999.0,-9999.0,-9999.0,-9999.0,-9999.0,-9999.0,-9999.0,-9999.0,orientation,color,size,0.38,-7.0,13,male,1,2304.7063153,0,19
768,-9999.0,-9999.0,-9999.0,-9999.0,-9999.0,-9999.0,-9999.0,-9999.0,-9999.0,orientation,color,size,0.38,-7.0,13,male,1,2304.7063153,0,19
769,-9999.0,-9999.0,-9999.0,-9999.0,-9999.0,-9999.0,-9999.0,-9999.0,-9999.0,orientation,color,size,0.38,-7.0,13,male,1,2304.7063153,0,19
770,-9999.0,-9999.0,-9999.0,-9999.0,-9999.0,-9999.0,-9999.0,-9999.0,-9999.0,orientation,color,size,0.38,-7.0,13,male,1,2304.7063153,0,19
771,-9999.0,-9999.0,-9999.0,-9999.0,-9999.0,-9999.0,-9999.0,-9999.0,-9999.0,orientation,color,size,0.38,-7.0,13,male,1,2304.7063153,0,19
772,-9999.0,-9999.0,-9999.0,-9999.0,-9999.0,-9999.0,-9999.0,-9999.0,-9999.0,orientation,color,size,0.38,-7.0,13,male,1,2304.7063153,0,19
773,-9999.0,-9999.0,-9999.0,-9999.0,-9999.0,-9999.0,-9999.0,-9999.0,-9999.0,orientation,color,size,0.38,-7.0,13,male,1,2304.7063153,0,19
774,-9999.0,-9999.0,-9999.0,-9999.0,-9999.0,-9999.0,-9999.0,-9999.0,-9999.0,orientation,color,size,0.38,-7.0,13,male,1,2304.7063153,0,19
775,-9999.0,-9999.0,-9999.0,-9999.0,-9999.0,-9999.0,-9999.0,-9999.0,-9999.0,orientation,color,size,0.38,-7.0,13,male,1,2304.7063153,0,19
776,-9999.0,-9999.0,-9999.0,-9999.0,-9999.0,-9999.0,-9999.0,-9999.0,-9999.0,orientation,color,size,0.38,-7.0,13,male,1,2304.7063153,0,19
777,-9999.0,-9999.0,-9999.0,-9999.0,-9999.0,-9999.0,-9999.0,-9999.0,-9999.0,orientation,color,size,0.38,-7.0,13,male,1,2304.7063153,0,19
778,-9999.0,-9999.0,-9999.0,-9999.0,-9999.0,-9999.0,-9999.0,-9999.0,-9999.0,orientation,color,size,0.38,-7.0,13,male,1,2304.7063153,0,19
779,-9999.0,-9999.0,-9999.0,-9999.0,-9999.0,-9999.0,-9999.0,-9999.0,-9999.0,orientation,color,size,0.38,-7.0,13,male,1,2304.7063153,0,19
780,-9999.0,-9999.0,-9999.0,-9999.0,-9999.0,-9999.0,-9999.0,-9999.0,-9999.0,orientation,color,size,0.38,-7.0,13,male,1,2304.7063153,0,19
781,-9999.0,-9999.0,-9999.0,-9999.0,-9999.0,-9999.0,-9999.0,-9999.0,-9999.0,orientation,color,size,0.38,-7.0,13,male,1,2304.7063153,0,19
782,-9999.0,-9999.0,-9999.0,-9999.0,-9999.0,-9999.0,-9999.0,-9999.0,-9999.0,orientation,color,size,0.38,-7.0,13,male,1,2304.7063153,0,19
783,-9999.0,-9999.0,-9999.0,-9999.0,-9999.0,-9999.0,-9999.0,-9999.0,-9999.0,orientation,color,size,0.38,-7.0,13,male,1,2304.7063153,0,19
784,-9999.0,-9999.0,-9999.0,-9999.0,-9999.0,-9999.0,-9999.0,-9999.0,-9999.0,orientation,color,size,0.38,-7.0,13,male,1,2304.7063153,0,19
785,-9999.0,-9999.0,-9999.0,-9999.0,-9999.0,-9999.0,-9999.0,-9999.0,-9999.0,orientation,color,size,0.38,-7.0,13,male,1,2304.7063153,0,19
786,-9999.0,-9999.0,-9999.0,-9999.0,-9999.0,-9999.0,-9999.0,-9999.0,-9999.0,orientation,color,size,0.38,-7.0,13,male,1,2304.7063153,0,19
787,-9999.0,-9999.0,-9999.0,-9999.0,-9999.0,-9999.0,-9999.0,-9999.0,-9999.0,orientation,color,size,0.38,-7.0,13,male,1,2304.7063153,0,19
788,-9999.0,-9999.0,-9999.0,-9999.0,-9999.0,-9999.0,-9999.0,-9999.0,-9999.0,orientation,color,size,0.38,-7.0,13,male,1,2304.7063153,0,19
789,-9999.0,-9999.0,-9999.0,-9999.0,-9999.0,-9999.0,-9999.0,-9999.0,-9999.0,orientation,color,size,0.38,-7.0,13,male,1,2304.7063153,0,19
790,-9999.0,-9999.0,-9999.0,-9999.0,-9999.0,-9999.0,-9999.0,-9999.0,-9999.0,orientation,color,size,0.38,-7.0,13,male,1,2304.7063153,0,19
791,-9999.0,-9999.0,-9999.0,-9999.0,-9999.0,-9999.0,-9999.0,-9999.0,-9999.0,orientation,color,size,0.38,-7.0,13,male,1,2304.7063153,0,19
792,-9999.0,-9999.0,-9999.0,-9999.0,-9999.0,-9999.0,-9999.0,-9999.0,-9999.0,orientation,color,size,0.38,-7.0,13,male,1,2304.7063153,0,19
793,-9999.0,-9999.0,-9999.0,-9999.0,-9999.0,-9999.0,-9999.0,-9999.0,-9999.0,orientation,color,size,0.38,-7.0,13,male,1,2304.7063153,0,19
794,-9999.0,-9999.0,-9999.0,-9999.0,-9999.0,-9999.0,-9999.0,-9999.0,-9999.0,orientation,color,size,0.38,-7.0,13,male,1,2304.7063153,0,19
795,-9999.0,-9999.0,-9999.0,-9999.0,-9999.0,-9999.0,-9999.0,-9999.0,-9999.0,orientation,color,size,0.38,-7.0,13,male,1,2304.7063153,0,19
796,-9999.0,-9999.0,-9999.0,-9999.0,-9999.0,-9999.0,-9999.0,-9999.0,-9999.0,orientation,color,size,0.38,-7.0,13,male,1,2304.7063153,0,19
797,-9999.0,-9999.0,-9999.0,-9999.0,-9999.0,-9999.0,-9999.0,-9999.0,-9999.0,orientation,color,size,0.38,-7.0,13,male,1,2304.7063153,0,19
798,-9999.0,-9999.0,-9999.0,-9999.0,-9999.0,-9999.0,-9999.0,-9999.0,-9999.0,orientation,color,size,0.38,-7.0,13,male,1,2304.7063153,0,19
799,-9999.0,-9999.0,-9999.0,-9999.0,-9999.0,-9999.0,-9999.0,-9999.0,-9999.0,orientation,color,size,0.38,-7.0,13,male,1,2304.7063153,0,19
800,-9999.0,-9999.0,-9999.0,-9999.0,-9999.0,-9999.0,-9999.0,-9999.0,-9999.0,orientation,color,size,0.38,-7.0,13,male,1,2304.7063153,0,19
801,-9999.0,-9999.0,-9999.0,-9999.0,-9999.0,-9999.0,-9999.0,-9999.0,-9999.0,orientation,color,size,0.38,-7.0,13,male,1,2304.7063153,0,19
802,-9999.0,-9999.0,-9999.0,-9999.0,-9999.0,-9999.0,-9999.0,-9999.0,-9999.0,orientation,color,size,0.38,-7.0,13,male,1,2304.7063153,0,19
803,-9999.0,-9999.0,-9999.0,-9999.0,-9999.0,-9999.0,-9999.0,-9999.0,-9999.0,orientation,color,size,0.38,-7.0,13,male,1,2304.7063153,0,19
804,-9999.0,-9999.0,-9999.0,-9999.0,-9999.0,-9999.0,-9999.0,-9999.0,-9999.0,orientation,color,size,0.38,-7.0,13,male,1,2304.7063153,0,19
805,-9999.0,-9999.0,-9999.0,-9999.0,-9999.0,-9999.0,-9999.0,-9999.0,-9999.0,orientation,color,size,0.38,-7.0,13,male,1,2304.7063153,0,19
806,-9999.0,-9999.0,-9999.0,-9999.0,-9999.0,-9999.0,-9999.0,-9999.0,-9999.0,orientation,color,size,0.38,-7.0,13,male,1,2304.7063153,0,19
807,-9999.0,-9999.0,-9999.0,-9999.0,-9999.0,-9999.0,-9999.0,-9999.0,-9999.0,orientation,color,size,0.38,-7.0,13,male,1,2304.7063153,0,19
808,-9999.0,-9999.0,-9999.0,-9999.0,-9999.0,-9999.0,-9999.0,-9999.0,-9999.0,orientation,color,size,0.38,-7.0,13,male,1,2304.7063153,0,19
809,-9999.0,-9999.0,-9999.0,-9999.0,-9999.0,-9999.0,-9999.0,-9999.0,-9999.0,orientation,color,size,0.38,-7.0,13,male,1,2304.7063153,0,19
810,-9999.0,-9999.0,-9999.0,-9999.0,-9999.0,-9999.0,-9999.0,-9999.0,-9999.0,orientation,color,size,0.38,-7.0,13,male,1,2304.7063153,0,19
811,-9999.0,-9999.0,-9999.0,-9999.0,-9999.0,-9999.0,-9999.0,-9999.0,-9999.0,orientation,color,size,0.38,-7.0,13,male,1,2304.7063153,0,19
812,-9999.0,-9999.0,-9999.0,-9999.0,-9999.0,-9999.0,-9999.0,-9999.0,-9999.0,orientation,color,size,0.38,-7.0,13,male,1,2304.7063153,0,19
813,-9999.0,-9999.0,-9999.0,-9999.0,-9999.0,-9999.0,-9999.0,-9999.0,-9999.0,orientation,color,size,0.38,-7.0,13,male,1,2304.7063153,0,19
814,-9999.0,-9999.0,-9999.0,-9999.0,-9999.0,-9999.0,-9999.0,-9999.0,-9999.0,orientation,color,size,0.38,-7.0,13,male,1,2304.7063153,0,19
815,-9999.0,-9999.0,-9999.0,-9999.0,-9999.0,-9999.0,-9999.0,-9999.0,-9999.0,orientation,color,size,0.38,-7.0,13,male,1,2304.7063153,0,19
816,-9999.0,-9999.0,-9999.0,-9999.0,-9999.0,-9999.0,-9999.0,-9999.0,-9999.0,orientation,color,size,0.38,-7.0,13,male,1,2304.7063153,0,19
817,-9999.0,-9999.0,-9999.0,-9999.0,-9999.0,-9999.0,-9999.0,-9999.0,-9999.0,orientation,color,size,0.38,-7.0,13,male,1,2304.7063153,0,19
818,-9999.0,-9999.0,-9999.0,-9999.0,-9999.0,-9999.0,-9999.0,-9999.0,-9999.0,orientation,color,size,0.38,-7.0,13,male,1,2304.7063153,0,19
819,-9999.0,-9999.0,-9999.0,-9999.0,-9999.0,-9999.0,-9999.0,-9999.0,-9999.0,orientation,color,size,0.38,-7.0,13,male,1,2304.7063153,0,19
820,-9999.0,-9999.0,-9999.0,-9999.0,-9999.0,-9999.0,-9999.0,-9999.0,-9999.0,orientation,color,size,0.38,-7.0,13,male,1,2304.7063153,0,19
821,-9999.0,-9999.0,-9999.0,-9999.0,-9999.0,-9999.0,-9999.0,-9999.0,-9999.0,orientation,color,size,0.38,-7.0,13,male,1,2304.7063153,0,19
822,-9999.0,-9999.0,-9999.0,-9999.0,-9999.0,-9999.0,-9999.0,-9999.0,-9999.0,orientation,color,size,0.38,-7.0,13,male,1,2304.7063153,0,19
823,-9999.0,-9999.0,-9999.0,-9999.0,-9999.0,-9999.0,-9999.0,-9999.0,-9999.0,orientation,color,size,0.38,-7.0,13,male,1,2304.7063153,0,19
824,-9999.0,-9999.0,-9999.0,-9999.0,-9999.0,-9999.0,-9999.0,-9999.0,-9999.0,orientation,color,size,0.38,-7.0,13,male,1,2304.7063153,0,19
825,-9999.0,-9999.0,-9999.0,-9999.0,-9999.0,-9999.0,-9999.0,-9999.0,-9999.0,orientation,color,size,0.38,-7.0,13,male,1,2304.7063153,0,19
826,-9999.0,-9999.0,-9999.0,-9999.0,-9999.0,-9999.0,-9999.0,-9999.0,-9999.0,orientation,color,size,0.38,-7.0,13,male,1,2304.7063153,0,19
827,-9999.0,-9999.0,-9999.0,-9999.0,-9999.0,-9999.0,-9999.0,-9999.0,-9999.0,orientation,color,size,0.38,-7.0,13,male,1,2304.7063153,0,19
828,-9999.0,-9999.0,-9999.0,-9999.0,-9999.0,-9999.0,-9999.0,-9999.0,-9999.0,orientation,color,size,0.38,-7.0,13,male,1,2304.7063153,0,19
829,-9999.0,-9999.0,-9999.0,-9999.0,-9999.0,-9999.0,-9999.0,-9999.0,-9999.0,orientation,color,size,0.38,-7.0,13,male,1,2304.7063153,0,19
830,-9999.0,-9999.0,-9999.0,-9999.0,-9999.0,-9999.0,-9999.0,-9999.0,-9999.0,orientation,color,size,0.38,-7.0,13,male,1,2304.7063153,0,19
831,-9999.0,-9999.0,-9999.0,-9999.0,-9999.0,-9999.0,-9999.0,-9999.0,-9999.0,orientation,color,size,0.38,-7.0,13,male,1,2304.7063153,0,19
832,-9999.0,-9999.0,-9999.0,-9999.0,-9999.0,-9999.0,-9999.0,-9999.0,-9999.0,orientation,color,size,0.38,-7.0,13,male,1,2304.7063153,0,19
833,-9999.0,-9999.0,-9999.0,-9999.0,-9999.0,-9999.0,-9999.0,-9999.0,-9999.0,orientation,color,size,0.38,-7.0,13,male,1,2304.7063153,0,19
834,-9999.0,-9999.0,-9999.0,-9999.0,-9999.0,-9999.0,-9999.0,-9999.0,-9999.0,orientation,color,size,0.38,-7.0,13,male,1,2304.7063153,0,19
835,-9999.0,-9999.0,-9999.0,-9999.0,-9999.0,-9999.0,-9999.0,-9999.0,-9999.0,orientation,color,size,0.38,-7.0,13,male,1,2304.7063153,0,19
836,-9999.0,-9999.0,-9999.0,-9999.0,-9999.0,-9999.0,-9999.0,-9999.0,-9999.0,orientation,color,size,0.38,-7.0,13,male,1,2304.7063153,0,19
837,-9999.0,-9999.0,-9999.0,-9999.0,-9999.0,-9999.0,-9999.0,-9999.0,-9999.0,orientation,color,size,0.38,-7.0,13,male,1,2304.7063153,0,19
838,-9999.0,-9999.0,-9999.0,-9999.0,-9999.0,-9999.0,-9999.0,-9999.0,-9999.0,orientation,color,size,0.38,-7.0,13,male,1,2304.7063153,0,19
839,-9999.0,-9999.0,-9999.0,-9999.0,-9999.0,-9999.0,-9999.0,-9999.0,-9999.0,orientation,color,size,0.38,-7.0,13,male,1,2304.7063153,0,19
840,-9999.0,-9999.0,-9999.0,-9999.0,-9999.0,-9999.0,-9999.0,-9999.0,-9999.0,orientation,color,size,0.38,-7.0,13,male,1,2304.7063153,0,19
841,-9999.0,-9999.0,-9999.0,-9999.0,-9999.0,-9999.0,-9999.0,-9999.0,-9999.0,orientation,color,size,0.38,-7.0,13,male,1,2304.7063153,0,19
842,-9999.0,-9999.0,-9999.0,-9999.0,-9999.0,-9999.0,-9999.0,-9999.0,-9999.0,orientation,color,size,0.38,-7.0,13,male,1,2304.7063153,0,19
843,-9999.0,-9999.0,-9999.0,-9999.0,-9999.0,-9999.0,-9999.0,-9999.0,-9999.0,orientation,color,size,0.38,-7.0,13,male,1,2304.7063153,0,19
844,-9999.0,-9999.0,-9999.0,-9999.0,-9999.0,-9999.0,-9999.0,-9999.0,-9999.0,orientation,color,size,0.38,-7.0,13,male,1,2304.7063153,0,19
845,-9999.0,-9999.0,-9999.0,-9999.0,-9999.0,-9999.0,-9999.0,-9999.0,-9999.0,orientation,color,size,0.38,-7.0,13,male,1,2304.7063153,0,19
846,-9999.0,-9999.0,-9999.0,-9999.0,-9999.0,-9999.0,-9999.0,-9999.0,-9999.0,orientation,color,size,0.38,-7.0,13,male,1,2304.7063153,0,19
847,-9999.0,-9999.0,-9999.0,-9999.0,-9999.0,-9999.0,-9999.0,-9999.0,-9999.0,orientation,color,size,0.38,-7.0,13,male,1,2304.7063153,0,19
848,-9999.0,-9999.0,-9999.0,-9999.0,-9999.0,-9999.0,-9999.0,-9999.0,-9999.0,orientation,color,size,0.38,-7.0,13,male,1,2304.7063153,0,19
849,-9999.0,-9999.0,-9999.0,-9999.0,-9999.0,-9999.0,-9999.0,-9999.0,-9999.0,orientation,color,size,0.38,-7.0,13,male,1,2304.7063153,0,19
850,-9999.0,-9999.0,-9999.0,-9999.0,-9999.0,-9999.0,-9999.0,-9999.0,-9999.0,orientation,color,size,0.38,-7.0,13,male,1,2304.7063153,0,19
851,-9999.0,-9999.0,-9999.0,-9999.0,-9999.0,-9999.0,-9999.0,-9999.0,-9999.0,orientation,color,size,0.38,-7.0,13,male,1,2304.7063153,0,19
852,-9999.0,-9999.0,-9999.0,-9999.0,-9999.0,-9999.0,-9999.0,-9999.0,-9999.0,orientation,color,size,0.38,-7.0,13,male,1,2304.7063153,0,19
853,-9999.0,-9999.0,-9999.0,-9999.0,-9999.0,-9999.0,-9999.0,-9999.0,-9999.0,orientation,color,size,0.38,-7.0,13,male,1,2304.7063153,0,19
854,-9999.0,-9999.0,-9999.0,-9999.0,-9999.0,-9999.0,-9999.0,-9999.0,-9999.0,orientation,color,size,0.38,-7.0,13,male,1,2304.7063153,0,19
855,-9999.0,-9999.0,-9999.0,-9999.0,-9999.0,-9999.0,-9999.0,-9999.0,-9999.0,orientation,color,size,0.38,-7.0,13,male,1,2304.7063153,0,19
856,-9999.0,-9999.0,-9999.0,-9999.0,-9999.0,-9999.0,-9999.0,-9999.0,-9999.0,orientation,color,size,0.38,-7.0,13,male,1,2304.7063153,0,19
857,-9999.0,-9999.0,-9999.0,-9999.0,-9999.0,-9999.0,-9999.0,-9999.0,-9999.0,orientation,color,size,0.38,-7.0,13,male,1,2304.7063153,0,19
858,-9999.0,-9999.0,-9999.0,-9999.0,-9999.0,-9999.0,-9999.0,-9999.0,-9999.0,orientation,color,size,0.38,-7.0,13,male,1,2304.7063153,0,19
859,-9999.0,-9999.0,-9999.0,-9999.0,-9999.0,-9999.0,-9999.0,-9999.0,-9999.0,orientation,color,size,0.38,-7.0,13,male,1,2304.7063153,0,19
860,-9999.0,-9999.0,-9999.0,-9999.0,-9999.0,-9999.0,-9999.0,-9999.0,-9999.0,orientation,color,size,0.38,-7.0,13,male,1,2304.7063153,0,19
861,-9999.0,-9999.0,-9999.0,-9999.0,-9999.0,-9999.0,-9999.0,-9999.0,-9999.0,orientation,color,size,0.38,-7.0,13,male,1,2304.7063153,0,19
862,-9999.0,-9999.0,-9999.0,-9999.0,-9999.0,-9999.0,-9999.0,-9999.0,-9999.0,orientation,color,size,0.38,-7.0,13,male,1,2304.7063153,0,19
863,-9999.0,-9999.0,-9999.0,-9999.0,-9999.0,-9999.0,-9999.0,-9999.0,-9999.0,orientation,color,size,0.38,-7.0,13,male,1,2304.7063153,0,19
864,-9999.0,-9999.0,-9999.0,-9999.0,-9999.0,-9999.0,-9999.0,-9999.0,-9999.0,orientation,color,size,0.38,-7.0,13,male,1,2304.7063153,0,19
865,-9999.0,-9999.0,-9999.0,-9999.0,-9999.0,-9999.0,-9999.0,-9999.0,-9999.0,orientation,color,size,0.38,-7.0,13,male,1,2304.7063153,0,19
866,-9999.0,-9999.0,-9999.0,-9999.0,-9999.0,-9999.0,-9999.0,-9999.0,-9999.0,orientation,color,size,0.38,-7.0,13,male,1,2304.7063153,0,19
867,-9999.0,-9999.0,-9999.0,-9999.0,-9999.0,-9999.0,-9999.0,-9999.0,-9999.0,orientation,color,size,0.38,-7.0,13,male,1,2304.7063153,0,19
868,-9999.0,-9999.0,-9999.0,-9999.0,-9999.0,-9999.0,-9999.0,-9999.0,-9999.0,orientation,color,size,0.38,-7.0,13,male,1,2304.7063153,0,19
869,-9999.0,-9999.0,-9999.0,-9999.0,-9999.0,-9999.0,-9999.0,-9999.0,-9999.0,orientation,color,size,0.38,-7.0,13,male,1,2304.7063153,0,19
870,-9999.0,-9999.0,-9999.0,-9999.0,-9999.0,-9999.0,-9999.0,-9999.0,-9999.0,orientation,color,size,0.38,-7.0,13,male,1,2304.7063153,0,19
871,-9999.0,-9999.0,-9999.0,-9999.0,-9999.0,-9999.0,-9999.0,-9999.0,-9999.0,orientation,color,size,0.38,-7.0,13,male,1,2304.7063153,0,19
872,-9999.0,-9999.0,-9999.0,-9999.0,-9999.0,-9999.0,-9999.0,-9999.0,-9999.0,orientation,color,size,0.38,-7.0,13,male,1,2304.7063153,0,19
873,-9999.0,-9999.0,-9999.0,-9999.0,-9999.0,-9999.0,-9999.0,-9999.0,-9999.0,orientation,color,size,0.38,-7.0,13,male,1,2304.7063153,0,19
874,-9999.0,-9999.0,-9999.0,-9999.0,-9999.0,-9999.0,-9999.0,-9999.0,-9999.0,orientation,color,size,0.38,-7.0,13,male,1,2304.7063153,0,19
875,-9999.0,-9999.0,-9999.0,-9999.0,-9999.0,-9999.0,-9999.0,-9999.0,-9999.0,orientation,color,size,0.38,-7.0,13,male,1,2304.7063153,0,19
876,-9999.0,-9999.0,-9999.0,-9999.0,-9999.0,-9999.0,-9999.0,-9999.0,-9999.0,orientation,color,size,0.38,-7.0,13,male,1,2304.7063153,0,19
877,-9999.0,-9999.0,-9999.0,-9999.0,-9999.0,-9999.0,-9999.0,-9999.0,-9999.0,orientation,color,size,0.38,-7.0,13,male,1,2304.7063153,0,19
878,-9999.0,-9999.0,-9999.0,-9999.0,-9999.0,-9999.0,-9999.0,-9999.0,-9999.0,orientation,color,size,0.38,-7.0,13,male,1,2304.7063153,0,19
879,-9999.0,-9999.0,-9999.0,-9999.0,-9999.0,-9999.0,-9999.0,-9999.0,-9999.0,orientation,color,size,0.38,-7.0,13,male,1,2304.7063153,0,19
880,-9999.0,-9999.0,-9999.0,-9999.0,-9999.0,-9999.0,-9999.0,-9999.0,-9999.0,orientation,color,size,0.38,-7.0,13,male,1,2304.7063153,0,19
881,-9999.0,-9999.0,-9999.0,-9999.0,-9999.0,-9999.0,-9999.0,-9999.0,-9999.0,orientation,color,size,0.38,-7.0,13,male,1,2304.7063153,0,19
882,-9999.0,-9999.0,-9999.0,-9999.0,-9999.0,-9999.0,-9999.0,-9999.0,-9999.0,orientation,color,size,0.38,-7.0,13,male,1,2304.7063153,0,19
883,-9999.0,-9999.0,-9999.0,-9999.0,-9999.0,-9999.0,-9999.0,-9999.0,-9999.0,orientation,color,size,0.38,-7.0,13,male,1,2304.7063153,0,19
884,-9999.0,-9999.0,-9999.0,-9999.0,-9999.0,-9999.0,-9999.0,-9999.0,-9999.0,orientation,color,size,0.38,-7.0,13,male,1,2304.7063153,0,19
885,-9999.0,-9999.0,-9999.0,-9999.0,-9999.0,-9999.0,-9999.0,-9999.0,-9999.0,orientation,color,size,0.38,-7.0,13,male,1,2304.7063153,0,19
886,-9999.0,-9999.0,-9999.0,-9999.0,-9999.0,-9999.0,-9999.0,-9999.0,-9999.0,orientation,color,size,0.38,-7.0,13,male,1,2304.7063153,0,19
887,-9999.0,-9999.0,-9999.0,-9999.0,-9999.0,-9999.0,-9999.0,-9999.0,-9999.0,orientation,color,size,0.38,-7.0,13,male,1,2304.7063153,0,19
888,-9999.0,-9999.0,-9999.0,-9999.0,-9999.0,-9999.0,-9999.0,-9999.0,-9999.0,orientation,color,size,0.38,-7.0,13,male,1,2304.7063153,0,19
889,-9999.0,-9999.0,-9999.0,-9999.0,-9999.0,-9999.0,-9999.0,-9999.0,-9999.0,orientation,color,size,0.38,-7.0,13,male,1,2304.7063153,0,19
890,-9999.0,-9999.0,-9999.0,-9999.0,-9999.0,-9999.0,-9999.0,-9999.0,-9999.0,orientation,color,size,0.38,-7.0,13,male,1,2304.7063153,0,19
891,-9999.0,-9999.0,-9999.0,-9999.0,-9999.0,-9999.0,-9999.0,-9999.0,-9999.0,orientation,color,size,0.38,-7.0,13,male,1,2304.7063153,0,19
892,-9999.0,-9999.0,-9999.0,-9999.0,-9999.0,-9999.0,-9999.0,-9999.0,-9999.0,orientation,color,size,0.38,-7.0,13,male,1,2304.7063153,0,19
893,-9999.0,-9999.0,-9999.0,-9999.0,-9999.0,-9999.0,-9999.0,-9999.0,-9999.0,orientation,color,size,0.38,-7.0,13,male,1,2304.7063153,0,19
894,-9999.0,-9999.0,-9999.0,-9999.0,-9999.0,-9999.0,-9999.0,-9999.0,-9999.0,orientation,color,size,0.38,-7.0,13,male,1,2304.7063153,0,19
895,-9999.0,-9999.0,-9999.0,-9999.0,-9999.0,-9999.0,-9999.0,-9999.0,-9999.0,orientation,color,size,0.38,-7.0,13,male,1,2304.7063153,0,19
896,-9999.0,-9999.0,-9999.0,-9999.0,-9999.0,-9999.0,-9999.0,-9999.0,-9999.0,orientation,color,size,0.38,-7.0,13,male,1,2304.7063153,0,19
897,-9999.0,-9999.0,-9999.0,-9999.0,-9999.0,-9999.0,-9999.0,-9999.0,-9999.0,orientation,color,size,0.38,-7.0,13,male,1,2304.7063153,0,19
898,-9999.0,-9999.0,-9999.0,-9999.0,-9999.0,-9999.0,-9999.0,-9999.0,-9999.0,orientation,color,size,0.38,-7.0,13,male,1,2304.7063153,0,19
899,-9999.0,-9999.0,-9999.0,-9999.0,-9999.0,-9999.0,-9999.0,-9999.0,-9999.0,orientation,color,size,0.38,-7.0,13,male,1,2304.7063153,0,19
900,-9999.0,-9999.0,-9999.0,-9999.0,-9999.0,-9999.0,-9999.0,-9999.0,-9999.0,orientation,color,size,0.38,-7.0,13,male,1,2304.7063153,0,19
901,-9999.0,-9999.0,-9999.0,-9999.0,-9999.0,-9999.0,-9999.0,-9999.0,-9999.0,orientation,color,size,0.38,-7.0,13,male,1,2304.7063153,0,19
902,-9999.0,-9999.0,-9999.0,-9999.0,-9999.0,-9999.0,-9999.0,-9999.0,-9999.0,orientation,color,size,0.38,-7.0,13,male,1,2304.7063153,0,19
903,-9999.0,-9999.0,-9999.0,-9999.0,-9999.0,-9999.0,-9999.0,-9999.0,-9999.0,orientation,color,size,0.38,-7.0,13,male,1,2304.7063153,0,19
904,-9999.0,-9999.0,-9999.0,-9999.0,-9999.0,-9999.0,-9999.0,-9999.0,-9999.0,orientation,color,size,0.38,-7.0,13,male,1,2304.7063153,0,19
905,-9999.0,-9999.0,-9999.0,-9999.0,-9999.0,-9999.0,-9999.0,-9999.0,-9999.0,orientation,color,size,0.38,-7.0,13,male,1,2304.7063153,0,19
906,-9999.0,-9999.0,-9999.0,-9999.0,-9999.0,-9999.0,-9999.0,-9999.0,-9999.0,orientation,color,size,0.38,-7.0,13,male,1,2304.7063153,0,19
907,-9999.0,-9999.0,-9999.0,-9999.0,-9999.0,-9999.0,-9999.0,-9999.0,-9999.0,orientation,color,size,0.38,-7.0,13,male,1,2304.7063153,0,19
908,-9999.0,-9999.0,-9999.0,-9999.0,-9999.0,-9999.0,-9999.0,-9999.0,-9999.0,orientation,color,size,0.38,-7.0,13,male,1,2304.7063153,0,19
909,-9999.0,-9999.0,-9999.0,-9999.0,-9999.0,-9999.0,-9999.0,-9999.0,-9999.0,orientation,color,size,0.38,-7.0,13,male,1,2304.7063153,0,19
910,-9999.0,-9999.0,-9999.0,-9999.0,-9999.0,-9999.0,-9999.0,-9999.0,-9999.0,orientation,color,size,0.38,-7.0,13,male,1,2304.7063153,0,19
911,-9999.0,-9999.0,-9999.0,-9999.0,-9999.0,-9999.0,-9999.0,-9999.0,-9999.0,orientation,color,size,0.38,-7.0,13,male,1,2304.7063153,0,19
912,-9999.0,-9999.0,-9999.0,-9999.0,-9999.0,-9999.0,-9999.0,-9999.0,-9999.0,orientation,color,size,0.38,-7.0,13,male,1,2304.7063153,0,19
913,-9999.0,-9999.0,-9999.0,-9999.0,-9999.0,-9999.0,-9999.0,-9999.0,-9999.0,orientation,color,size,0.38,-7.0,13,male,1,2304.7063153,0,19
914,-9999.0,-9999.0,-9999.0,-9999.0,-9999.0,-9999.0,-9999.0,-9999.0,-9999.0,orientation,color,size,0.38,-7.0,13,male,1,2304.7063153,0,19
915,-9999.0,-9999.0,-9999.0,-9999.0,-9999.0,-9999.0,-9999.0,-9999.0,-9999.0,orientation,color,size,0.38,-7.0,13,male,1,2304.7063153,0,19
916,-9999.0,-9999.0,-9999.0,-9999.0,-9999.0,-9999.0,-9999.0,-9999.0,-9999.0,orientation,color,size,0.38,-7.0,13,male,1,2304.7063153,0,19
917,-9999.0,-9999.0,-9999.0,-9999.0,-9999.0,-9999.0,-9999.0,-9999.0,-9999.0,orientation,color,size,0.38,-7.0,13,male,1,2304.7063153,0,19
918,-9999.0,-9999.0,-9999.0,-9999.0,-9999.0,-9999.0,-9999.0,-9999.0,-9999.0,orientation,color,size,0.38,-7.0,13,male,1,2304.7063153,0,19
919,-9999.0,-9999.0,-9999.0,-9999.0,-9999.0,-9999.0,-9999.0,-9999.0,-9999.0,orientation,color,size,0.38,-7.0,13,male,1,2304.7063153,0,19
920,-9999.0,-9999.0,-9999.0,-9999.0,-9999.0,-9999.0,-9999.0,-9999.0,-9999.0,orientation,color,size,0.38,-7.0,13,male,1,2304.7063153,0,19
921,-9999.0,-9999.0,-9999.0,-9999.0,-9999.0,-9999.0,-9999.0,-9999.0,-9999.0,orientation,color,size,0.38,-7.0,13,male,1,2304.7063153,0,19
922,-9999.0,-9999.0,-9999.0,-9999.0,-9999.0,-9999.0,-9999.0,-9999.0,-9999.0,orientation,color,size,0.38,-7.0,13,male,1,2304.7063153,0,19
923,-9999.0,-9999.0,-9999.0,-9999.0,-9999.0,-9999.0,-9999.0,-9999.0,-9999.0,orientation,color,size,0.38,-7.0,13,male,1,2304.7063153,0,19
924,-9999.0,-9999.0,-9999.0,-9999.0,-9999.0,-9999.0,-9999.0,-9999.0,-9999.0,orientation,color,size,0.38,-7.0,13,male,1,2304.7063153,0,19
925,-9999.0,-9999.0,-9999.0,-9999.0,-9999.0,-9999.0,-9999.0,-9999.0,-9999.0,orientation,color,size,0.38,-7.0,13,male,1,2304.7063153,0,19
926,-9999.0,-9999.0,-9999.0,-9999.0,-9999.0,-9999.0,-9999.0,-9999.0,-9999.0,orientation,color,size,0.38,-7.0,13,male,1,2304.7063153,0,19
927,-9999.0,-9999.0,-9999.0,-9999.0,-9999.0,-9999.0,-9999.0,-9999.0,-9999.0,orientation,color,size,0.38,-7.0,13,male,1,2304.7063153,0,19
928,-9999.0,-9999.0,-9999.0,-9999.0,-9999.0,-9999.0,-9999.0,-9999.0,-9999.0,orientation,color,size,0.38,-7.0,13,male,1,2304.7063153,0,19
929,-9999.0,-9999.0,-9999.0,-9999.0,-9999.0,-9999.0,-9999.0,-9999.0,-9999.0,orientation,color,size,0.38,-7.0,13,male,1,2304.7063153,0,19
930,-9999.0,-9999.0,-9999.0,-9999.0,-9999.0,-9999.0,-9999.0,-9999.0,-9999.0,orientation,color,size,0.38,-7.0,13,male,1,2304.7063153,0,19
931,-9999.0,-9999.0,-9999.0,-9999.0,-9999.0,-9999.0,-9999.0,-9999.0,-9999.0,orientation,color,size,0.38,-7.0,13,male,1,2304.7063153,0,19
932,-9999.0,-9999.0,-9999.0,-9999.0,-9999.0,-9999.0,-9999.0,-9999.0,-9999.0,orientation,color,size,0.38,-7.0,13,male,1,2304.7063153,0,19
933,-9999.0,-9999.0,-9999.0,-9999.0,-9999.0,-9999.0,-9999.0,-9999.0,-9999.0,orientation,color,size,0.38,-7.0,13,male,1,2304.7063153,0,19
934,-9999.0,-9999.0,-9999.0,-9999.0,-9999.0,-9999.0,-9999.0,-9999.0,-9999.0,orientation,color,size,0.38,-7.0,13,male,1,2304.7063153,0,19
935,-9999.0,-9999.0,-9999.0,-9999.0,-9999.0,-9999.0,-9999.0,-9999.0,-9999.0,orientation,color,size,0.38,-7.0,13,male,1,2304.7063153,0,19
936,-9999.0,-9999.0,-9999.0,-9999.0,-9999.0,-9999.0,-9999.0,-9999.0,-9999.0,orientation,color,size,0.38,-7.0,13,male,1,2304.7063153,0,19
937,-9999.0,-9999.0,-9999.0,-9999.0,-9999.0,-9999.0,-9999.0,-9999.0,-9999.0,orientation,color,size,0.38,-7.0,13,male,1,2304.7063153,0,19
938,-9999.0,-9999.0,-9999.0,-9999.0,-9999.0,-9999.0,-9999.0,-9999.0,-9999.0,orientation,color,size,0.38,-7.0,13,male,1,2304.7063153,0,19
939,-9999.0,-9999.0,-9999.0,-9999.0,-9999.0,-9999.0,-9999.0,-9999.0,-9999.0,orientation,color,size,0.38,-7.0,13,male,1,2304.7063153,0,19
940,-9999.0,-9999.0,-9999.0,-9999.0,-9999.0,-9999.0,-9999.0,-9999.0,-9999.0,orientation,color,size,0.38,-7.0,13,male,1,2304.7063153,0,19
941,-9999.0,-9999.0,-9999.0,-9999.0,-9999.0,-9999.0,-9999.0,-9999.0,-9999.0,orientation,color,size,0.38,-7.0,13,male,1,2304.7063153,0,19
942,-9999.0,-9999.0,-9999.0,-9999.0,-9999.0,-9999.0,-9999.0,-9999.0,-9999.0,orientation,color,size,0.38,-7.0,13,male,1,2304.7063153,0,19
943,-9999.0,-9999.0,-9999.0,-9999.0,-9999.0,-9999.0,-9999.0,-9999.0,-9999.0,orientation,color,size,0.38,-7.0,13,male,1,2304.7063153,0,19
944,-9999.0,-9999.0,-9999.0,-9999.0,-9999.0,-9999.0,-9999.0,-9999.0,-9999.0,orientation,color,size,0.38,-7.0,13,male,1,2304.7063153,0,19
945,-9999.0,-9999.0,-9999.0,-9999.0,-9999.0,-9999.0,-9999.0,-9999.0,-9999.0,orientation,color,size,0.38,-7.0,13,male,1,2304.7063153,0,19
946,-9999.0,-9999.0,-9999.0,-9999.0,-9999.0,-9999.0,-9999.0,-9999.0,-9999.0,orientation,color,size,0.38,-7.0,13,male,1,2304.7063153,0,19
947,-9999.0,-9999.0,-9999.0,-9999.0,-9999.0,-9999.0,-9999.0,-9999.0,-9999.0,orientation,color,size,0.38,-7.0,13,male,1,2304.7063153,0,19
948,-9999.0,-9999.0,-9999.0,-9999.0,-9999.0,-9999.0,-9999.0,-9999.0,-9999.0,orientation,color,size,0.38,-7.0,13,male,1,2304.7063153,0,19
949,-9999.0,-9999.0,-9999.0,-9999.0,-9999.0,-9999.0,-9999.0,-9999.0,-9999.0,orientation,color,size,0.38,-7.0,13,male,1,2304.7063153,0,19
950,-9999.0,-9999.0,-9999.0,-9999.0,-9999.0,-9999.0,-9999.0,-9999.0,-9999.0,orientation,color,size,0.38,-7.0,13,male,1,2304.7063153,0,19
951,-9999.0,-9999.0,-9999.0,-9999.0,-9999.0,-9999.0,-9999.0,-9999.0,-9999.0,orientation,color,size,0.38,-7.0,13,male,1,2304.7063153,0,19
952,-9999.0,-9999.0,-9999.0,-9999.0,-9999.0,-9999.0,-9999.0,-9999.0,-9999.0,orientation,color,size,0.38,-7.0,13,male,1,2304.7063153,0,19
953,-9999.0,-9999.0,-9999.0,-9999.0,-9999.0,-9999.0,-9999.0,-9999.0,-9999.0,orientation,color,size,0.38,-7.0,13,male,1,2304.7063153,0,19
954,-9999.0,-9999.0,-9999.0,-9999.0,-9999.0,-9999.0,-9999.0,-9999.0,-9999.0,orientation,color,size,0.38,-7.0,13,male,1,2304.7063153,0,19
955,-9999.0,-9999.0,-9999.0,-9999.0,-9999.0,-9999.0,-9999.0,-9999.0,-9999.0,orientation,color,size,0.38,-7.0,13,male,1,2304.7063153,0,19
956,-9999.0,-9999.0,-9999.0,-9999.0,-9999.0,-9999.0,-9999.0,-9999.0,-9999.0,orientation,color,size,0.38,-7.0,13,male,1,2304.7063153,0,19
957,-9999.0,-9999.0,-9999.0,-9999.0,-9999.0,-9999.0,-9999.0,-9999.0,-9999.0,orientation,color,size,0.38,-7.0,13,male,1,2304.7063153,0,19
958,-9999.0,-9999.0,-9999.0,-9999.0,-9999.0,-9999.0,-9999.0,-9999.0,-9999.0,orientation,color,size,0.38,-7.0,13,male,1,2304.7063153,0,19
959,-9999.0,-9999.0,-9999.0,-9999.0,-9999.0,-9999.0,-9999.0,-9999.0,-9999.0,orientation,color,size,0.38,-7.0,13,male,1,2304.7063153,0,19
960,-9999.0,-9999.0,-9999.0,-9999.0,-9999.0,-9999.0,-9999.0,-9999.0,-9999.0,orientation,color,size,0.38,-7.0,13,male,1,2304.7063153,0,19
961,-9999.0,-9999.0,-9999.0,-9999.0,-9999.0,-9999.0,-9999.0,-9999.0,-9999.0,orientation,color,size,0.38,-7.0,13,male,1,2304.7063153,0,19
962,-9999.0,-9999.0,-9999.0,-9999.0,-9999.0,-9999.0,-9999.0,-9999.0,-9999.0,orientation,color,size,0.38,-7.0,13,male,1,2304.7063153,0,19
963,-9999.0,-9999.0,-9999.0,-9999.0,-9999.0,-9999.0,-9999.0,-9999.0,-9999.0,orientation,color,size,0.38,-7.0,13,male,1,2304.7063153,0,19
964,-9999.0,-9999.0,-9999.0,-9999.0,-9999.0,-9999.0,-9999.0,-9999.0,-9999.0,orientation,color,size,0.38,-7.0,13,male,1,2304.7063153,0,19
965,-9999.0,-9999.0,-9999.0,-9999.0,-9999.0,-9999.0,-9999.0,-9999.0,-9999.0,orientation,color,size,0.38,-7.0,13,male,1,2304.7063153,0,19
966,-9999.0,-9999.0,-9999.0,-9999.0,-9999.0,-9999.0,-9999.0,-9999.0,-9999.0,orientation,color,size,0.38,-7.0,13,male,1,2304.7063153,0,19
967,-9999.0,-9999.0,-9999.0,-9999.0,-9999.0,-9999.0,-9999.0,-9999.0,-9999.0,orientation,color,size,0.38,-7.0,13,male,1,2304.7063153,0,19
968,-9999.0,-9999.0,-9999.0,-9999.0,-9999.0,-9999.0,-9999.0,-9999.0,-9999.0,orientation,color,size,0.38,-7.0,13,male,1,2304.7063153,0,19
969,-9999.0,-9999.0,-9999.0,-9999.0,-9999.0,-9999.0,-9999.0,-9999.0,-9999.0,orientation,color,size,0.38,-7.0,13,male,1,2304.7063153,0,19
970,-9999.0,-9999.0,-9999.0,-9999.0,-9999.0,-9999.0,-9999.0,-9999.0,-9999.0,orientation,color,size,0.38,-7.0,13,male,1,2304.7063153,0,19
971,-9999.0,-9999.0,-9999.0,-9999.0,-9999.0,-9999.0,-9999.0,-9999.0,-9999.0,orientation,color,size,0.38,-7.0,13,male,1,2304.7063153,0,19
972,-9999.0,-9999.0,-9999.0,-9999.0,-9999.0,-9999.0,-9999.0,-9999.0,-9999.0,orientation,color,size,0.38,-7.0,13,male,1,2304.7063153,0,19
973,-9999.0,-9999.0,-9999.0,-9999.0,-9999.0,-9999.0,-9999.0,-9999.0,-9999.0,orientation,color,size,0.38,-7.0,13,male,1,2304.7063153,0,19
974,-9999.0,-9999.0,-9999.0,-9999.0,-9999.0,-9999.0,-9999.0,-9999.0,-9999.0,orientation,color,size,0.38,-7.0,13,male,1,2304.7063153,0,19
975,-9999.0,-9999.0,-9999.0,-9999.0,-9999.0,-9999.0,-9999.0,-9999.0,-9999.0,orientation,color,size,0.38,-7.0,13,male,1,2304.7063153,0,19
976,-9999.0,-9999.0,-9999.0,-9999.0,-9999.0,-9999.0,-9999.0,-9999.0,-9999.0,orientation,color,size,0.38,-7.0,13,male,1,2304.7063153,0,19
977,-9999.0,-9999.0,-9999.0,-9999.0,-9999.0,-9999.0,-9999.0,-9999.0,-9999.0,orientation,color,size,0.38,-7.0,13,male,1,2304.7063153,0,19
978,-9999.0,-9999.0,-9999.0,-9999.0,-9999.0,-9999.0,-9999.0,-9999.0,-9999.0,orientation,color,size,0.38,-7.0,13,male,1,2304.7063153,0,19
979,-9999.0,-9999.0,-9999.0,-9999.0,-9999.0,-9999.0,-9999.0,-9999.0,-9999.0,orientation,color,size,0.38,-7.0,13,male,1,2304.7063153,0,19
980,-9999.0,-9999.0,-9999.0,-9999.0,-9999.0,-9999.0,-9999.0,-9999.0,-9999.0,orientation,color,size,0.38,-7.0,13,male,1,2304.7063153,0,19
981,-9999.0,-9999.0,-9999.0,-9999.0,-9999.0,-9999.0,-9999.0,-9999.0,-9999.0,orientation,color,size,0.38,-7.0,13,male,1,2304.7063153,0,19
982,-9999.0,-9999.0,-9999.0,-9999.0,-9999.0,-9999.0,-9999.0,-9999.0,-9999.0,orientation,color,size,0.38,-7.0,13,male,1,2304.7063153,0,19
983,-9999.0,-9999.0,-9999.0,-9999.0,-9999.0,-9999.0,-9999.0,-9999.0,-9999.0,orientation,color,size,0.38,-7.0,13,male,1,2304.7063153,0,19
984,-9999.0,-9999.0,-9999.0,-9999.0,-9999.0,-9999.0,-9999.0,-9999.0,-9999.0,orientation,color,size,0.38,-7.0,13,male,1,2304.7063153,0,19
985,-9999.0,-9999.0,-9999.0,-9999.0,-9999.0,-9999.0,-9999.0,-9999.0,-9999.0,orientation,color,size,0.38,-7.0,13,male,1,2304.7063153,0,19
986,-9999.0,-9999.0,-9999.0,-9999.0,-9999.0,-9999.0,-9999.0,-9999.0,-9999.0,orientation,color,size,0.38,-7.0,13,male,1,2304.7063153,0,19
987,-9999.0,-9999.0,-9999.0,-9999.0,-9999.0,-9999.0,-9999.0,-9999.0,-9999.0,orientation,color,size,0.38,-7.0,13,male,1,2304.7063153,0,19
988,-9999.0,-9999.0,-9999.0,-9999.0,-9999.0,-9999.0,-9999.0,-9999.0,-9999.0,orientation,color,size,0.38,-7.0,13,male,1,2304.7063153,0,19
989,-9999.0,-9999.0,-9999.0,-9999.0,-9999.0,-9999.0,-9999.0,-9999.0,-9999.0,orientation,color,size,0.38,-7.0,13,male,1,2304.7063153,0,19
990,-9999.0,-9999.0,-9999.0,-9999.0,-9999.0,-9999.0,-9999.0,-9999.0,-9999.0,orientation,color,size,0.38,-7.0,13,male,1,2304.7063153,0,19
991,-9999.0,-9999.0,-9999.0,-9999.0,-9999.0,-9999.0,-9999.0,-9999.0,-9999.0,orientation,color,size,0.38,-7.0,13,male,1,2304.7063153,0,19
992,-9999.0,-9999.0,-9999.0,-9999.0,-9999.0,-9999.0,-9999.0,-9999.0,-9999.0,orientation,color,size,0.38,-7.0,13,male,1,2304.7063153,0,19
993,-9999.0,-9999.0,-9999.0,-9999.0,-9999.0,-9999.0,-9999.0,-9999.0,-9999.0,orientation,color,size,0.38,-7.0,13,male,1,2304.7063153,0,19
994,-9999.0,-9999.0,-9999.0,-9999.0,-9999.0,-9999.0,-9999.0,-9999.0,-9999.0,orientation,color,size,0.38,-7.0,13,male,1,2304.7063153,0,19
995,-9999.0,-9999.0,-9999.0,-9999.0,-9999.0,-9999.0,-9999.0,-9999.0,-9999.0,orientation,color,size,0.38,-7.0,13,male,1,2304.7063153,0,19
996,-9999.0,-9999.0,-9999.0,-9999.0,-9999.0,-9999.0,-9999.0,-9999.0,-9999.0,orientation,color,size,0.38,-7.0,13,male,1,2304.7063153,0,19
997,-9999.0,-9999.0,-9999.0,-9999.0,-9999.0,-9999.0,-9999.0,-9999.0,-9999.0,orientation,color,size,0.38,-7.0,13,male,1,2304.7063153,0,19
998,-9999.0,-9999.0,-9999.0,-9999.0,-9999.0,-9999.0,-9999.0,-9999.0,-9999.0,orientation,color,size,0.38,-7.0,13,male,1,2304.7063153,0,19
999,-9999.0,-9999.0,-9999.0,-9999.0,-9999.0,-9999.0,-9999.0,-9999.0,-9999.0,orientation,color,size,0.38,-7.0,13,male,1,2304.7063153,0,19
1000,-9999.0,-9999.0,-9999.0,-9999.0,-9999.0,-9999.0,-9999.0,-9999.0,-9999.0,orientation,color,size,0.38,-7.0,13,male,1,2304.7063153,0,19
1001,-9999.0,-9999.0,-9999.0,-9999.0,-9999.0,-9999.0,-9999.0,-9999.0,-9999.0,orientation,color,size,0.38,-7.0,13,male,1,2304.7063153,0,19
1002,-9999.0,-9999.0,-9999.0,-9999.0,-9999.0,-9999.0,-9999.0,-9999.0,-9999.0,orientation,color,size,0.38,-7.0,13,male,1,2304.7063153,0,19
1003,-9999.0,-9999.0,-9999.0,-9999.0,-9999.0,-9999.0,-9999.0,-9999.0,-9999.0,orientation,color,size,0.38,-7.0,13,male,1,2304.7063153,0,19
1004,-9999.0,-9999.0,-9999.0,-9999.0,-9999.0,-9999.0,-9999.0,-9999.0,-9999.0,orientation,color,size,0.38,-7.0,13,male,1,2304.7063153,0,19
1005,-9999.0,-9999.0,-9999.0,-9999.0,-9999.0,-9999.0,-9999.0,-9999.0,-9999.0,orientation,color,size,0.38,-7.0,13,male,1,2304.7063153,0,19
1006,-9999.0,-9999.0,-9999.0,-9999.0,-9999.0,-9999.0,-9999.0,-9999.0,-9999.0,orientation,color,size,0.38,-7.0,13,male,1,2304.7063153,0,19
1007,-9999.0,-9999.0,-9999.0,-9999.0,-9999.0,-9999.0,-9999.0,-9999.0,-9999.0,orientation,color,size,0.38,-7.0,13,male,1,2304.7063153,0,19
1008,-9999.0,-9999.0,-9999.0,-9999.0,-9999.0,-9999.0,-9999.0,-9999.0,-9999.0,orientation,color,size,0.38,-7.0,13,male,1,2304.7063153,0,19
1009,-9999.0,-9999.0,-9999.0,-9999.0,-9999.0,-9999.0,-9999.0,-9999.0,-9999.0,orientation,color,size,0.38,-7.0,13,male,1,2304.7063153,0,19
1010,-9999.0,-9999.0,-9999.0,-9999.0,-9999.0,-9999.0,-9999.0,-9999.0,-9999.0,orientation,color,size,0.38,-7.0,13,male,1,2304.7063153,0,19
1011,-9999.0,-9999.0,-9999.0,-9999.0,-9999.0,-9999.0,-9999.0,-9999.0,-9999.0,orientation,color,size,0.38,-7.0,13,male,1,2304.7063153,0,19
1012,-9999.0,-9999.0,-9999.0,-9999.0,-9999.0,-9999.0,-9999.0,-9999.0,-9999.0,orientation,color,size,0.38,-7.0,13,male,1,2304.7063153,0,19
1013,-9999.0,-9999.0,-9999.0,-9999.0,-9999.0,-9999.0,-9999.0,-9999.0,-9999.0,orientation,color,size,0.38,-7.0,13,male,1,2304.7063153,0,19
1014,-9999.0,-9999.0,-9999.0,-9999.0,-9999.0,-9999.0,-9999.0,-9999.0,-9999.0,orientation,color,size,0.38,-7.0,13,male,1,2304.7063153,0,19
1015,-9999.0,-9999.0,-9999.0,-9999.0,-9999.0,-9999.0,-9999.0,-9999.0,-9999.0,orientation,color,size,0.38,-7.0,13,male,1,2304.7063153,0,19
1016,-9999.0,-9999.0,-9999.0,-9999.0,-9999.0,-9999.0,-9999.0,-9999.0,-9999.0,orientation,color,size,0.38,-7.0,13,male,1,2304.7063153,0,19
1017,-9999.0,-9999.0,-9999.0,-9999.0,-9999.0,-9999.0,-9999.0,-9999.0,-9999.0,orientation,color,size,0.38,-7.0,13,male,1,2304.7063153,0,19
1018,-9999.0,-9999.0,-9999.0,-9999.0,-9999.0,-9999.0,-9999.0,-9999.0,-9999.0,orientation,color,size,0.38,-7.0,13,male,1,2304.7063153,0,19
1019,-9999.0,-9999.0,-9999.0,-9999.0,-9999.0,-9999.0,-9999.0,-9999.0,-9999.0,orientation,color,size,0.38,-7.0,13,male,1,2304.7063153,0,19
1020,-9999.0,-9999.0,-9999.0,-9999.0,-9999.0,-9999.0,-9999.0,-9999.0,-9999.0,orientation,color,size,0.38,-7.0,13,male,1,2304.7063153,0,19
1021,-9999.0,-9999.0,-9999.0,-9999.0,-9999.0,-9999.0,-9999.0,-9999.0,-9999.0,orientation,color,size,0.38,-7.0,13,male,1,2304.7063153,0,19
1022,-9999.0,-9999.0,-9999.0,-9999.0,-9999.0,-9999.0,-9999.0,-9999.0,-9999.0,orientation,color,size,0.38,-7.0,13,male,1,2304.7063153,0,19
1023,-9999.0,-9999.0,-9999.0,-9999.0,-9999.0,-9999.0,-9999.0,-9999.0,-9999.0,orientation,color,size,0.38,-7.0,13,male,1,2304.7063153,0,19
1024,-9999.0,-9999.0,-9999.0,-9999.0,-9999.0,-9999.0,-9999.0,-9999.0,-9999.0,orientation,color,size,0.38,-7.0,13,male,1,2304.7063153,0,19
1025,-9999.0,-9999.0,-9999.0,-9999.0,-9999.0,-9999.0,-9999.0,-9999.0,-9999.0,orientation,color,size,0.38,-7.0,13,male,1,2304.7063153,0,19
1026,-9999.0,-9999.0,-9999.0,-9999.0,-9999.0,-9999.0,-9999.0,-9999.0,-9999.0,orientation,color,size,0.38,-7.0,13,male,1,2304.7063153,0,19
1027,-9999.0,-9999.0,-9999.0,-9999.0,-9999.0,-9999.0,-9999.0,-9999.0,-9999.0,orientation,color,size,0.38,-7.0,13,male,1,2304.7063153,0,19
1028,-9999.0,-9999.0,-9999.0,-9999.0,-9999.0,-9999.0,-9999.0,-9999.0,-9999.0,orientation,color,size,0.38,-7.0,13,male,1,2304.7063153,0,19
1029,-9999.0,-9999.0,-9999.0,-9999.0,-9999.0,-9999.0,-9999.0,-9999.0,-9999.0,orientation,color,size,0.38,-7.0,13,male,1,2304.7063153,0,19
1030,-9999.0,-9999.0,-9999.0,-9999.0,-9999.0,-9999.0,-9999.0,-9999.0,-9999.0,orientation,color,size,0.38,-7.0,13,male,1,2304.7063153,0,19
1031,-9999.0,-9999.0,-9999.0,-9999.0,-9999.0,-9999.0,-9999.0,-9999.0,-9999.0,orientation,color,size,0.38,-7.0,13,male,1,2304.7063153,0,19
1032,-9999.0,-9999.0,-9999.0,-9999.0,-9999.0,-9999.0,-9999.0,-9999.0,-9999.0,orientation,color,size,0.38,-7.0,13,male,1,2304.7063153,0,19
1033,-9999.0,-9999.0,-9999.0,-9999.0,-9999.0,-9999.0,-9999.0,-9999.0,-9999.0,orientation,color,size,0.38,-7.0,13,male,1,2304.7063153,0,19
1034,-9999.0,-9999.0,-9999.0,-9999.0,-9999.0,-9999.0,-9999.0,-9999.0,-9999.0,orientation,color,size,0.38,-7.0,13,male,1,2304.7063153,0,19
1035,-9999.0,-9999.0,-9999.0,-9999.0,-9999.0,-9999.0,-9999.0,-9999.0,-9999.0,orientation,color,size,0.38,-7.0,13,male,1,2304.7063153,0,19
1036,-9999.0,-9999.0,-9999.0,-9999.0,-9999.0,-9999.0,-9999.0,-9999.0,-9999.0,orientation,color,size,0.38,-7.0,13,male,1,2304.7063153,0,19
1037,-9999.0,-9999.0,-9999.0,-9999.0,-9999.0,-9999.0,-9999.0,-9999.0,-9999.0,orientation,color,size,0.38,-7.0,13,male,1,2304.7063153,0,19
1038,-9999.0,-9999.0,-9999.0,-9999.0,-9999.0,-9999.0,-9999.0,-9999.0,-9999.0,orientation,color,size,0.38,-7.0,13,male,1,2304.7063153,0,19
1039,-9999.0,-9999.0,-9999.0,-9999.0,-9999.0,-9999.0,-9999.0,-9999.0,-9999.0,orientation,color,size,0.38,-7.0,13,male,1,2304.7063153,0,19
1040,-9999.0,-9999.0,-9999.0,-9999.0,-9999.0,-9999.0,-9999.0,-9999.0,-9999.0,orientation,color,size,0.38,-7.0,13,male,1,2304.7063153,0,19
1041,-9999.0,-9999.0,-9999.0,-9999.0,-9999.0,-9999.0,-9999.0,-9999.0,-9999.0,orientation,color,size,0.38,-7.0,13,male,1,2304.7063153,0,19
1042,-9999.0,-9999.0,-9999.0,-9999.0,-9999.0,-9999.0,-9999.0,-9999.0,-9999.0,orientation,color,size,0.38,-7.0,13,male,1,2304.7063153,0,19
1043,-9999.0,-9999.0,-9999.0,-9999.0,-9999.0,-9999.0,-9999.0,-9999.0,-9999.0,orientation,color,size,0.38,-7.0,13,male,1,2304.7063153,0,19
1044,-9999.0,-9999.0,-9999.0,-9999.0,-9999.0,-9999.0,-9999.0,-9999.0,-9999.0,orientation,color,size,0.38,-7.0,13,male,1,2304.7063153,0,19
1045,-9999.0,-9999.0,-9999.0,-9999.0,-9999.0,-9999.0,-9999.0,-9999.0,-9999.0,orientation,color,size,0.38,-7.0,13,male,1,2304.7063153,0,19
1046,-9999.0,-9999.0,-9999.0,-9999.0,-9999.0,-9999.0,-9999.0,-9999.0,-9999.0,orientation,color,size,0.38,-7.0,13,male,1,2304.7063153,0,19
1047,-9999.0,-9999.0,-9999.0,-9999.0,-9999.0,-9999.0,-9999.0,-9999.0,-9999.0,orientation,color,size,0.38,-7.0,13,male,1,2304.7063153,0,19
1048,-9999.0,-9999.0,-9999.0,-9999.0,-9999.0,-9999.0,-9999.0,-9999.0,-9999.0,orientation,color,size,0.38,-7.0,13,male,1,2304.7063153,0,19
1049,-9999.0,-9999.0,-9999.0,-9999.0,-9999.0,-9999.0,-9999.0,-9999.0,-9999.0,orientation,color,size,0.38,-7.0,13,male,1,2304.7063153,0,19
1050,-9999.0,-9999.0,-9999.0,-9999.0,-9999.0,-9999.0,-9999.0,-9999.0,-9999.0,orientation,color,size,0.38,-7.0,13,male,1,2304.7063153,0,19
1051,-9999.0,-9999.0,-9999.0,-9999.0,-9999.0,-9999.0,-9999.0,-9999.0,-9999.0,orientation,color,size,0.38,-7.0,13,male,1,2304.7063153,0,19
1052,-9999.0,-9999.0,-9999.0,-9999.0,-9999.0,-9999.0,-9999.0,-9999.0,-9999.0,orientation,color,size,0.38,-7.0,13,male,1,2304.7063153,0,19
1053,-9999.0,-9999.0,-9999.0,-9999.0,-9999.0,-9999.0,-9999.0,-9999.0,-9999.0,orientation,color,size,0.38,-7.0,13,male,1,2304.7063153,0,19
1054,-9999.0,-9999.0,-9999.0,-9999.0,-9999.0,-9999.0,-9999.0,-9999.0,-9999.0,orientation,color,size,0.38,-7.0,13,male,1,2304.7063153,0,19
1055,-9999.0,-9999.0,-9999.0,-9999.0,-9999.0,-9999.0,-9999.0,-9999.0,-9999.0,orientation,color,size,0.38,-7.0,13,male,1,2304.7063153,0,19
1056,-9999.0,-9999.0,-9999.0,-9999.0,-9999.0,-9999.0,-9999.0,-9999.0,-9999.0,orientation,color,size,0.38,-7.0,13,male,1,2304.7063153,0,19
1057,-9999.0,-9999.0,-9999.0,-9999.0,-9999.0,-9999.0,-9999.0,-9999.0,-9999.0,orientation,color,size,0.38,-7.0,13,male,1,2304.7063153,0,19
1058,-9999.0,-9999.0,-9999.0,-9999.0,-9999.0,-9999.0,-9999.0,-9999.0,-9999.0,orientation,color,size,0.38,-7.0,13,male,1,2304.7063153,0,19
1059,-9999.0,-9999.0,-9999.0,-9999.0,-9999.0,-9999.0,-9999.0,-9999.0,-9999.0,orientation,color,size,0.38,-7.0,13,male,1,2304.7063153,0,19
1060,-9999.0,-9999.0,-9999.0,-9999.0,-9999.0,-9999.0,-9999.0,-9999.0,-9999.0,orientation,color,size,0.38,-7.0,13,male,1,2304.7063153,0,19
1061,-9999.0,-9999.0,-9999.0,-9999.0,-9999.0,-9999.0,-9999.0,-9999.0,-9999.0,orientation,color,size,0.38,-7.0,13,male,1,2304.7063153,0,19
1062,-9999.0,-9999.0,-9999.0,-9999.0,-9999.0,-9999.0,-9999.0,-9999.0,-9999.0,orientation,color,size,0.38,-7.0,13,male,1,2304.7063153,0,19
1063,-9999.0,-9999.0,-9999.0,-9999.0,-9999.0,-9999.0,-9999.0,-9999.0,-9999.0,orientation,color,size,0.38,-7.0,13,male,1,2304.7063153,0,19
1064,-9999.0,-9999.0,-9999.0,-9999.0,-9999.0,-9999.0,-9999.0,-9999.0,-9999.0,orientation,color,size,0.38,-7.0,13,male,1,2304.7063153,0,19
1065,-9999.0,-9999.0,-9999.0,-9999.0,-9999.0,-9999.0,-9999.0,-9999.0,-9999.0,orientation,color,size,0.38,-7.0,13,male,1,2304.7063153,0,19
1066,-9999.0,-9999.0,-9999.0,-9999.0,-9999.0,-9999.0,-9999.0,-9999.0,-9999.0,orientation,color,size,0.38,-7.0,13,male,1,2304.7063153,0,19
1067,-9999.0,-9999.0,-9999.0,-9999.0,-9999.0,-9999.0,-9999.0,-9999.0,-9999.0,orientation,color,size,0.38,-7.0,13,male,1,2304.7063153,0,19
1068,-9999.0,-9999.0,-9999.0,-9999.0,-9999.0,-9999.0,-9999.0,-9999.0,-9999.0,orientation,color,size,0.38,-7.0,13,male,1,2304.7063153,0,19
1069,-9999.0,-9999.0,-9999.0,-9999.0,-9999.0,-9999.0,-9999.0,-9999.0,-9999.0,orientation,color,size,0.38,-7.0,13,male,1,2304.7063153,0,19
1070,-9999.0,-9999.0,-9999.0,-9999.0,-9999.0,-9999.0,-9999.0,-9999.0,-9999.0,orientation,color,size,0.38,-7.0,13,male,1,2304.7063153,0,19
1071,-9999.0,-9999.0,-9999.0,-9999.0,-9999.0,-9999.0,-9999.0,-9999.0,-9999.0,orientation,color,size,0.38,-7.0,13,male,1,2304.7063153,0,19
1072,-9999.0,-9999.0,-9999.0,-9999.0,-9999.0,-9999.0,-9999.0,-9999.0,-9999.0,orientation,color,size,0.38,-7.0,13,male,1,2304.7063153,0,19
1073,-9999.0,-9999.0,-9999.0,-9999.0,-9999.0,-9999.0,-9999.0,-9999.0,-9999.0,orientation,color,size,0.38,-7.0,13,male,1,2304.7063153,0,19
1074,-9999.0,-9999.0,-9999.0,-9999.0,-9999.0,-9999.0,-9999.0,-9999.0,-9999.0,orientation,color,size,0.38,-7.0,13,male,1,2304.7063153,0,19
1075,-9999.0,-9999.0,-9999.0,-9999.0,-9999.0,-9999.0,-9999.0,-9999.0,-9999.0,orientation,color,size,0.38,-7.0,13,male,1,2304.7063153,0,19
1076,-9999.0,-9999.0,-9999.0,-9999.0,-9999.0,-9999.0,-9999.0,-9999.0,-9999.0,orientation,color,size,0.38,-7.0,13,male,1,2304.7063153,0,19
1077,-9999.0,-9999.0,-9999.0,-9999.0,-9999.0,-9999.0,-9999.0,-9999.0,-9999.0,orientation,color,size,0.38,-7.0,13,male,1,2304.7063153,0,19
1078,-9999.0,-9999.0,-9999.0,-9999.0,-9999.0,-9999.0,-9999.0,-9999.0,-9999.0,orientation,color,size,0.38,-7.0,13,male,1,2304.7063153,0,19
1079,-9999.0,-9999.0,-9999.0,-9999.0,-9999.0,-9999.0,-9999.0,-9999.0,-9999.0,orientation,color,size,0.38,-7.0,13,male,1,2304.7063153,0,19
1080,-9999.0,-9999.0,-9999.0,-9999.0,-9999.0,-9999.0,-9999.0,-9999.0,-9999.0,orientation,color,size,0.38,-7.0,13,male,1,2304.7063153,0,19
1081,-9999.0,-9999.0,-9999.0,-9999.0,-9999.0,-9999.0,-9999.0,-9999.0,-9999.0,orientation,color,size,0.38,-7.0,13,male,1,2304.7063153,0,19
1082,-9999.0,-9999.0,-9999.0,-9999.0,-9999.0,-9999.0,-9999.0,-9999.0,-9999.0,orientation,color,size,0.38,-7.0,13,male,1,2304.7063153,0,19
1083,-9999.0,-9999.0,-9999.0,-9999.0,-9999.0,-9999.0,-9999.0,-9999.0,-9999.0,orientation,color,size,0.38,-7.0,13,male,1,2304.7063153,0,19
1084,-9999.0,-9999.0,-9999.0,-9999.0,-9999.0,-9999.0,-9999.0,-9999.0,-9999.0,orientation,color,size,0.38,-7.0,13,male,1,2304.7063153,0,19
1085,-9999.0,-9999.0,-9999.0,-9999.0,-9999.0,-9999.0,-9999.0,-9999.0,-9999.0,orientation,color,size,0.38,-7.0,13,male,1,2304.7063153,0,19
1086,-9999.0,-9999.0,-9999.0,-9999.0,-9999.0,-9999.0,-9999.0,-9999.0,-9999.0,orientation,color,size,0.38,-7.0,13,male,1,2304.7063153,0,19
1087,-9999.0,-9999.0,-9999.0,-9999.0,-9999.0,-9999.0,-9999.0,-9999.0,-9999.0,orientation,color,size,0.38,-7.0,13,male,1,2304.7063153,0,19
1088,-9999.0,-9999.0,-9999.0,-9999.0,-9999.0,-9999.0,-9999.0,-9999.0,-9999.0,orientation,color,size,0.38,-7.0,13,male,1,2304.7063153,0,19
1089,-9999.0,-9999.0,-9999.0,-9999.0,-9999.0,-9999.0,-9999.0,-9999.0,-9999.0,orientation,color,size,0.38,-7.0,13,male,1,2304.7063153,0,19
1090,-9999.0,-9999.0,-9999.0,-9999.0,-9999.0,-9999.0,-9999.0,-9999.0,-9999.0,orientation,color,size,0.38,-7.0,13,male,1,2304.7063153,0,19
1091,-9999.0,-9999.0,-9999.0,-9999.0,-9999.0,-9999.0,-9999.0,-9999.0,-9999.0,orientation,color,size,0.38,-7.0,13,male,1,2304.7063153,0,19
1092,-9999.0,-9999.0,-9999.0,-9999.0,-9999.0,-9999.0,-9999.0,-9999.0,-9999.0,orientation,color,size,0.38,-7.0,13,male,1,2304.7063153,0,19
1093,-9999.0,-9999.0,-9999.0,-9999.0,-9999.0,-9999.0,-9999.0,-9999.0,-9999.0,orientation,color,size,0.38,-7.0,13,male,1,2304.7063153,0,19
1094,-9999.0,-9999.0,-9999.0,-9999.0,-9999.0,-9999.0,-9999.0,-9999.0,-9999.0,orientation,color,size,0.38,-7.0,13,male,1,2304.7063153,0,19
1095,-9999.0,-9999.0,-9999.0,-9999.0,-9999.0,-9999.0,-9999.0,-9999.0,-9999.0,orientation,color,size,0.38,-7.0,13,male,1,2304.7063153,0,19
1096,-9999.0,-9999.0,-9999.0,-9999.0,-9999.0,-9999.0,-9999.0,-9999.0,-9999.0,orientation,color,size,0.38,-7.0,13,male,1,2304.7063153,0,19
1097,-9999.0,-9999.0,-9999.0,-9999.0,-9999.0,-9999.0,-9999.0,-9999.0,-9999.0,orientation,color,size,0.38,-7.0,13,male,1,2304.7063153,0,19
1098,-9999.0,-9999.0,-9999.0,-9999.0,-9999.0,-9999.0,-9999.0,-9999.0,-9999.0,orientation,color,size,0.38,-7.0,13,male,1,2304.7063153,0,19
1099,-9999.0,-9999.0,-9999.0,-9999.0,-9999.0,-9999.0,-9999.0,-9999.0,-9999.0,orientation,color,size,0.38,-7.0,13,male,1,2304.7063153,0,19
1100,-9999.0,-9999.0,-9999.0,-9999.0,-9999.0,-9999.0,-9999.0,-9999.0,-9999.0,orientation,color,size,0.38,-7.0,13,male,1,2304.7063153,0,19
1101,-9999.0,-9999.0,-9999.0,-9999.0,-9999.0,-9999.0,-9999.0,-9999.0,-9999.0,orientation,color,size,0.38,-7.0,13,male,1,2304.7063153,0,19
1102,-9999.0,-9999.0,-9999.0,-9999.0,-9999.0,-9999.0,-9999.0,-9999.0,-9999.0,orientation,color,size,0.38,-7.0,13,male,1,2304.7063153,0,19
1103,-9999.0,-9999.0,-9999.0,-9999.0,-9999.0,-9999.0,-9999.0,-9999.0,-9999.0,orientation,color,size,0.38,-7.0,13,male,1,2304.7063153,0,19
1104,-9999.0,-9999.0,-9999.0,-9999.0,-9999.0,-9999.0,-9999.0,-9999.0,-9999.0,orientation,color,size,0.38,-7.0,13,male,1,2304.7063153,0,19
1105,-9999.0,-9999.0,-9999.0,-9999.0,-9999.0,-9999.0,-9999.0,-9999.0,-9999.0,orientation,color,size,0.38,-7.0,13,male,1,2304.7063153,0,19
1106,-9999.0,-9999.0,-9999.0,-9999.0,-9999.0,-9999.0,-9999.0,-9999.0,-9999.0,orientation,color,size,0.38,-7.0,13,male,1,2304.7063153,0,19
1107,-9999.0,-9999.0,-9999.0,-9999.0,-9999.0,-9999.0,-9999.0,-9999.0,-9999.0,orientation,color,size,0.38,-7.0,13,male,1,2304.7063153,0,19
1108,-9999.0,-9999.0,-9999.0,-9999.0,-9999.0,-9999.0,-9999.0,-9999.0,-9999.0,orientation,color,size,0.38,-7.0,13,male,1,2304.7063153,0,19
1109,-9999.0,-9999.0,-9999.0,-9999.0,-9999.0,-9999.0,-9999.0,-9999.0,-9999.0,orientation,color,size,0.38,-7.0,13,male,1,2304.7063153,0,19
1110,-9999.0,-9999.0,-9999.0,-9999.0,-9999.0,-9999.0,-9999.0,-9999.0,-9999.0,orientation,color,size,0.38,-7.0,13,male,1,2304.7063153,0,19
1111,-9999.0,-9999.0,-9999.0,-9999.0,-9999.0,-9999.0,-9999.0,-9999.0,-9999.0,orientation,color,size,0.38,-7.0,13,male,1,2304.7063153,0,19
1112,-9999.0,-9999.0,-9999.0,-9999.0,-9999.0,-9999.0,-9999.0,-9999.0,-9999.0,orientation,color,size,0.38,-7.0,13,male,1,2304.7063153,0,19
1113,-9999.0,-9999.0,-9999.0,-9999.0,-9999.0,-9999.0,-9999.0,-9999.0,-9999.0,orientation,color,size,0.38,-7.0,13,male,1,2304.7063153,0,19
1114,-9999.0,-9999.0,-9999.0,-9999.0,-9999.0,-9999.0,-9999.0,-9999.0,-9999.0,orientation,color,size,0.38,-7.0,13,male,1,2304.7063153,0,19
1115,-9999.0,-9999.0,-9999.0,-9999.0,-9999.0,-9999.0,-9999.0,-9999.0,-9999.0,orientation,color,size,0.38,-7.0,13,male,1,2304.7063153,0,19
1116,-9999.0,-9999.0,-9999.0,-9999.0,-9999.0,-9999.0,-9999.0,-9999.0,-9999.0,orientation,color,size,0.38,-7.0,13,male,1,2304.7063153,0,19
1117,-9999.0,-9999.0,-9999.0,-9999.0,-9999.0,-9999.0,-9999.0,-9999.0,-9999.0,orientation,color,size,0.38,-7.0,13,male,1,2304.7063153,0,19
1118,-9999.0,-9999.0,-9999.0,-9999.0,-9999.0,-9999.0,-9999.0,-9999.0,-9999.0,orientation,color,size,0.38,-7.0,13,male,1,2304.7063153,0,19
1119,-9999.0,-9999.0,-9999.0,-9999.0,-9999.0,-9999.0,-9999.0,-9999.0,-9999.0,orientation,color,size,0.38,-7.0,13,male,1,2304.7063153,0,19
1120,-9999.0,-9999.0,-9999.0,-9999.0,-9999.0,-9999.0,-9999.0,-9999.0,-9999.0,orientation,color,size,0.38,-7.0,13,male,1,2304.7063153,0,19
1121,-9999.0,-9999.0,-9999.0,-9999.0,-9999.0,-9999.0,-9999.0,-9999.0,-9999.0,orientation,color,size,0.38,-7.0,13,male,1,2304.7063153,0,19
1122,-9999.0,-9999.0,-9999.0,-9999.0,-9999.0,-9999.0,-9999.0,-9999.0,-9999.0,orientation,color,size,0.38,-7.0,13,male,1,2304.7063153,0,19
1123,-9999.0,-9999.0,-9999.0,-9999.0,-9999.0,-9999.0,-9999.0,-9999.0,-9999.0,orientation,color,size,0.38,-7.0,13,male,1,2304.7063153,0,19
1124,-9999.0,-9999.0,-9999.0,-9999.0,-9999.0,-9999.0,-9999.0,-9999.0,-9999.0,orientation,color,size,0.38,-7.0,13,male,1,2304.7063153,0,19
1125,-9999.0,-9999.0,-9999.0,-9999.0,-9999.0,-9999.0,-9999.0,-9999.0,-9999.0,orientation,color,size,0.38,-7.0,13,male,1,2304.7063153,0,19
1126,-9999.0,-9999.0,-9999.0,-9999.0,-9999.0,-9999.0,-9999.0,-9999.0,-9999.0,orientation,color,size,0.38,-7.0,13,male,1,2304.7063153,0,19
1127,-9999.0,-9999.0,-9999.0,-9999.0,-9999.0,-9999.0,-9999.0,-9999.0,-9999.0,orientation,color,size,0.38,-7.0,13,male,1,2304.7063153,0,19
1128,-9999.0,-9999.0,-9999.0,-9999.0,-9999.0,-9999.0,-9999.0,-9999.0,-9999.0,orientation,color,size,0.38,-7.0,13,male,1,2304.7063153,0,19
1129,-9999.0,-9999.0,-9999.0,-9999.0,-9999.0,-9999.0,-9999.0,-9999.0,-9999.0,orientation,color,size,0.38,-7.0,13,male,1,2304.7063153,0,19
1130,-9999.0,-9999.0,-9999.0,-9999.0,-9999.0,-9999.0,-9999.0,-9999.0,-9999.0,orientation,color,size,0.38,-7.0,13,male,1,2304.7063153,0,19
1131,-9999.0,-9999.0,-9999.0,-9999.0,-9999.0,-9999.0,-9999.0,-9999.0,-9999.0,orientation,color,size,0.38,-7.0,13,male,1,2304.7063153,0,19
1132,-9999.0,-9999.0,-9999.0,-9999.0,-9999.0,-9999.0,-9999.0,-9999.0,-9999.0,orientation,color,size,0.38,-7.0,13,male,1,2304.7063153,0,19
1133,-9999.0,-9999.0,-9999.0,-9999.0,-9999.0,-9999.0,-9999.0,-9999.0,-9999.0,orientation,color,size,0.38,-7.0,13,male,1,2304.7063153,0,19
1134,-9999.0,-9999.0,-9999.0,-9999.0,-9999.0,-9999.0,-9999.0,-9999.0,-9999.0,orientation,color,size,0.38,-7.0,13,male,1,2304.7063153,0,19
1135,-9999.0,-9999.0,-9999.0,-9999.0,-9999.0,-9999.0,-9999.0,-9999.0,-9999.0,orientation,color,size,0.38,-7.0,13,male,1,2304.7063153,0,19
1136,-9999.0,-9999.0,-9999.0,-9999.0,-9999.0,-9999.0,-9999.0,-9999.0,-9999.0,orientation,color,size,0.38,-7.0,13,male,1,2304.7063153,0,19
1137,-9999.0,-9999.0,-9999.0,-9999.0,-9999.0,-9999.0,-9999.0,-9999.0,-9999.0,orientation,color,size,0.38,-7.0,13,male,1,2304.7063153,0,19
1138,-9999.0,-9999.0,-9999.0,-9999.0,-9999.0,-9999.0,-9999.0,-9999.0,-9999.0,orientation,color,size,0.38,-7.0,13,male,1,2304.7063153,0,19
1139,-9999.0,-9999.0,-9999.0,-9999.0,-9999.0,-9999.0,-9999.0,-9999.0,-9999.0,orientation,color,size,0.38,-7.0,13,male,1,2304.7063153,0,19
1140,-9999.0,-9999.0,-9999.0,-9999.0,-9999.0,-9999.0,-9999.0,-9999.0,-9999.0,orientation,color,size,0.38,-7.0,13,male,1,2304.7063153,0,19
1141,-9999.0,-9999.0,-9999.0,-9999.0,-9999.0,-9999.0,-9999.0,-9999.0,-9999.0,orientation,color,size,0.38,-7.0,13,male,1,2304.7063153,0,19
1142,-9999.0,-9999.0,-9999.0,-9999.0,-9999.0,-9999.0,-9999.0,-9999.0,-9999.0,orientation,color,size,0.38,-7.0,13,male,1,2304.7063153,0,19
1143,-9999.0,-9999.0,-9999.0,-9999.0,-9999.0,-9999.0,-9999.0,-9999.0,-9999.0,orientation,color,size,0.38,-7.0,13,male,1,2304.7063153,0,19
1144,-9999.0,-9999.0,-9999.0,-9999.0,-9999.0,-9999.0,-9999.0,-9999.0,-9999.0,orientation,color,size,0.38,-7.0,13,male,1,2304.7063153,0,19
1145,-9999.0,-9999.0,-9999.0,-9999.0,-9999.0,-9999.0,-9999.0,-9999.0,-9999.0,orientation,color,size,0.38,-7.0,13,male,1,2304.7063153,0,19
1146,-9999.0,-9999.0,-9999.0,-9999.0,-9999.0,-9999.0,-9999.0,-9999.0,-9999.0,orientation,color,size,0.38,-7.0,13,male,1,2304.7063153,0,19
1147,-9999.0,-9999.0,-9999.0,-9999.0,-9999.0,-9999.0,-9999.0,-9999.0,-9999.0,orientation,color,size,0.38,-7.0,13,male,1,2304.7063153,0,19
1148,-9999.0,-9999.0,-9999.0,-9999.0,-9999.0,-9999.0,-9999.0,-9999.0,-9999.0,orientation,color,size,0.38,-7.0,13,male,1,2304.7063153,0,19
1149,-9999.0,-9999.0,-9999.0,-9999.0,-9999.0,-9999.0,-9999.0,-9999.0,-9999.0,orientation,color,size,0.38,-7.0,13,male,1,2304.7063153,0,19
1150,-9999.0,-9999.0,-9999.0,-9999.0,-9999.0,-9999.0,-9999.0,-9999.0,-9999.0,orientation,color,size,0.38,-7.0,13,male,1,2304.7063153,0,19
1151,-9999.0,-9999.0,-9999.0,-9999.0,-9999.0,-9999.0,-9999.0,-9999.0,-9999.0,orientation,color,size,0.38,-7.0,13,male,1,2304.7063153,0,19
1152,-9999.0,-9999.0,-9999.0,-9999.0,-9999.0,-9999.0,-9999.0,-9999.0,-9999.0,orientation,color,size,0.38,-7.0,13,male,1,2304.7063153,0,19
1153,-9999.0,-9999.0,-9999.0,-9999.0,-9999.0,-9999.0,-9999.0,-9999.0,-9999.0,orientation,color,size,0.38,-7.0,13,male,1,2304.7063153,0,19
1154,-9999.0,-9999.0,-9999.0,-9999.0,-9999.0,-9999.0,-9999.0,-9999.0,-9999.0,orientation,color,size,0.38,-7.0,13,male,1,2304.7063153,0,19
1155,-9999.0,-9999.0,-9999.0,-9999.0,-9999.0,-9999.0,-9999.0,-9999.0,-9999.0,orientation,color,size,0.38,-7.0,13,male,1,2304.7063153,0,19
1156,-9999.0,-9999.0,-9999.0,-9999.0,-9999.0,-9999.0,-9999.0,-9999.0,-9999.0,orientation,color,size,0.38,-7.0,13,male,1,2304.7063153,0,19
1157,-9999.0,-9999.0,-9999.0,-9999.0,-9999.0,-9999.0,-9999.0,-9999.0,-9999.0,orientation,color,size,0.38,-7.0,13,male,1,2304.7063153,0,19
1158,-9999.0,-9999.0,-9999.0,-9999.0,-9999.0,-9999.0,-9999.0,-9999.0,-9999.0,orientation,color,size,0.38,-7.0,13,male,1,2304.7063153,0,19
1159,-9999.0,-9999.0,-9999.0,-9999.0,-9999.0,-9999.0,-9999.0,-9999.0,-9999.0,orientation,color,size,0.38,-7.0,13,male,1,2304.7063153,0,19
1160,-9999.0,-9999.0,-9999.0,-9999.0,-9999.0,-9999.0,-9999.0,-9999.0,-9999.0,orientation,color,size,0.38,-7.0,13,male,1,2304.7063153,0,19
1161,-9999.0,-9999.0,-9999.0,-9999.0,-9999.0,-9999.0,-9999.0,-9999.0,-9999.0,orientation,color,size,0.38,-7.0,13,male,1,2304.7063153,0,19
1162,-9999.0,-9999.0,-9999.0,-9999.0,-9999.0,-9999.0,-9999.0,-9999.0,-9999.0,orientation,color,size,0.38,-7.0,13,male,1,2304.7063153,0,19
1163,-9999.0,-9999.0,-9999.0,-9999.0,-9999.0,-9999.0,-9999.0,-9999.0,-9999.0,orientation,color,size,0.38,-7.0,13,male,1,2304.7063153,0,19
1164,-9999.0,-9999.0,-9999.0,-9999.0,-9999.0,-9999.0,-9999.0,-9999.0,-9999.0,orientation,color,size,0.38,-7.0,13,male,1,2304.7063153,0,19
1165,-9999.0,-9999.0,-9999.0,-9999.0,-9999.0,-9999.0,-9999.0,-9999.0,-9999.0,orientation,color,size,0.38,-7.0,13,male,1,2304.7063153,0,19
1166,-9999.0,-9999.0,-9999.0,-9999.0,-9999.0,-9999.0,-9999.0,-9999.0,-9999.0,orientation,color,size,0.38,-7.0,13,male,1,2304.7063153,0,19
1167,-9999.0,-9999.0,-9999.0,-9999.0,-9999.0,-9999.0,-9999.0,-9999.0,-9999.0,orientation,color,size,0.38,-7.0,13,male,1,2304.7063153,0,19
1168,-9999.0,-9999.0,-9999.0,-9999.0,-9999.0,-9999.0,-9999.0,-9999.0,-9999.0,orientation,color,size,0.38,-7.0,13,male,1,2304.7063153,0,19
1169,-9999.0,-9999.0,-9999.0,-9999.0,-9999.0,-9999.0,-9999.0,-9999.0,-9999.0,orientation,color,size,0.38,-7.0,13,male,1,2304.7063153,0,19
1170,-9999.0,-9999.0,-9999.0,-9999.0,-9999.0,-9999.0,-9999.0,-9999.0,-9999.0,orientation,color,size,0.38,-7.0,13,male,1,2304.7063153,0,19
1171,-9999.0,-9999.0,-9999.0,-9999.0,-9999.0,-9999.0,-9999.0,-9999.0,-9999.0,orientation,color,size,0.38,-7.0,13,male,1,2304.7063153,0,19
1172,-9999.0,-9999.0,-9999.0,-9999.0,-9999.0,-9999.0,-9999.0,-9999.0,-9999.0,orientation,color,size,0.38,-7.0,13,male,1,2304.7063153,0,19
1173,-9999.0,-9999.0,-9999.0,-9999.0,-9999.0,-9999.0,-9999.0,-9999.0,-9999.0,orientation,color,size,0.38,-7.0,13,male,1,2304.7063153,0,19
1174,-9999.0,-9999.0,-9999.0,-9999.0,-9999.0,-9999.0,-9999.0,-9999.0,-9999.0,orientation,color,size,0.38,-7.0,13,male,1,2304.7063153,0,19
1175,-9999.0,-9999.0,-9999.0,-9999.0,-9999.0,-9999.0,-9999.0,-9999.0,-9999.0,orientation,color,size,0.38,-7.0,13,male,1,2304.7063153,0,19
1176,-9999.0,-9999.0,-9999.0,-9999.0,-9999.0,-9999.0,-9999.0,-9999.0,-9999.0,orientation,color,size,0.38,-7.0,13,male,1,2304.7063153,0,19
1177,-9999.0,-9999.0,-9999.0,-9999.0,-9999.0,-9999.0,-9999.0,-9999.0,-9999.0,orientation,color,size,0.38,-7.0,13,male,1,2304.7063153,0,19
1178,-9999.0,-9999.0,-9999.0,-9999.0,-9999.0,-9999.0,-9999.0,-9999.0,-9999.0,orientation,color,size,0.38,-7.0,13,male,1,2304.7063153,0,19
1179,-9999.0,-9999.0,-9999.0,-9999.0,-9999.0,-9999.0,-9999.0,-9999.0,-9999.0,orientation,color,size,0.38,-7.0,13,male,1,2304.7063153,0,19
1180,-9999.0,-9999.0,-9999.0,-9999.0,-9999.0,-9999.0,-9999.0,-9999.0,-9999.0,orientation,color,size,0.38,-7.0,13,male,1,2304.7063153,0,19
1181,-9999.0,-9999.0,-9999.0,-9999.0,-9999.0,-9999.0,-9999.0,-9999.0,-9999.0,orientation,color,size,0.38,-7.0,13,male,1,2304.7063153,0,19
1182,-9999.0,-9999.0,-9999.0,-9999.0,-9999.0,-9999.0,-9999.0,-9999.0,-9999.0,orientation,color,size,0.38,-7.0,13,male,1,2304.7063153,0,19
1183,-9999.0,-9999.0,-9999.0,-9999.0,-9999.0,-9999.0,-9999.0,-9999.0,-9999.0,orientation,color,size,0.38,-7.0,13,male,1,2304.7063153,0,19
1184,-9999.0,-9999.0,-9999.0,-9999.0,-9999.0,-9999.0,-9999.0,-9999.0,-9999.0,orientation,color,size,0.38,-7.0,13,male,1,2304.7063153,0,19
1185,-9999.0,-9999.0,-9999.0,-9999.0,-9999.0,-9999.0,-9999.0,-9999.0,-9999.0,orientation,color,size,0.38,-7.0,13,male,1,2304.7063153,0,19
1186,-9999.0,-9999.0,-9999.0,-9999.0,-9999.0,-9999.0,-9999.0,-9999.0,-9999.0,orientation,color,size,0.38,-7.0,13,male,1,2304.7063153,0,19
1187,-9999.0,-9999.0,-9999.0,-9999.0,-9999.0,-9999.0,-9999.0,-9999.0,-9999.0,orientation,color,size,0.38,-7.0,13,male,1,2304.7063153,0,19
1188,-9999.0,-9999.0,-9999.0,-9999.0,-9999.0,-9999.0,-9999.0,-9999.0,-9999.0,orientation,color,size,0.38,-7.0,13,male,1,2304.7063153,0,19
1189,-9999.0,-9999.0,-9999.0,-9999.0,-9999.0,-9999.0,-9999.0,-9999.0,-9999.0,orientation,color,size,0.38,-7.0,13,male,1,2304.7063153,0,19
1190,-9999.0,-9999.0,-9999.0,-9999.0,-9999.0,-9999.0,-9999.0,-9999.0,-9999.0,orientation,color,size,0.38,-7.0,13,male,1,2304.7063153,0,19
1191,-9999.0,-9999.0,-9999.0,-9999.0,-9999.0,-9999.0,-9999.0,-9999.0,-9999.0,orientation,color,size,0.38,-7.0,13,male,1,2304.7063153,0,19
1192,-9999.0,-9999.0,-9999.0,-9999.0,-9999.0,-9999.0,-9999.0,-9999.0,-9999.0,orientation,color,size,0.38,-7.0,13,male,1,2304.7063153,0,19
1193,-9999.0,-9999.0,-9999.0,-9999.0,-9999.0,-9999.0,-9999.0,-9999.0,-9999.0,orientation,color,size,0.38,-7.0,13,male,1,2304.7063153,0,19
1194,-9999.0,-9999.0,-9999.0,-9999.0,-9999.0,-9999.0,-9999.0,-9999.0,-9999.0,orientation,color,size,0.38,-7.0,13,male,1,2304.7063153,0,19
1195,-9999.0,-9999.0,-9999.0,-9999.0,-9999.0,-9999.0,-9999.0,-9999.0,-9999.0,orientation,color,size,0.38,-7.0,13,male,1,2304.7063153,0,19
1196,-9999.0,-9999.0,-9999.0,-9999.0,-9999.0,-9999.0,-9999.0,-9999.0,-9999.0,orientation,color,size,0.38,-7.0,13,male,1,2304.7063153,0,19
1197,-9999.0,-9999.0,-9999.0,-9999.0,-9999.0,-9999.0,-9999.0,-9999.0,-9999.0,orientation,color,size,0.38,-7.0,13,male,1,2304.7063153,0,19
1198,-9999.0,-9999.0,-9999.0,-9999.0,-9999.0,-9999.0,-9999.0,-9999.0,-9999.0,orientation,color,size,0.38,-7.0,13,male,1,2304.7063153,0,19
1199,-9999.0,-9999.0,-9999.0,-9999.0,-9999.0,-9999.0,-9999.0,-9999.0,-9999.0,orientation,color,size,0.38,-7.0,13,male,1,2304.7063153,0,19
1200,-9999.0,-9999.0,-9999.0,-9999.0,-9999.0,-9999.0,-9999.0,-9999.0,-9999.0,orientation,color,size,0.38,-7.0,13,male,1,2304.7063153,0,19
1201,-9999.0,-9999.0,-9999.0,-9999.0,-9999.0,-9999.0,-9999.0,-9999.0,-9999.0,orientation,color,size,0.38,-7.0,13,male,1,2304.7063153,0,19
1202,-9999.0,-9999.0,-9999.0,-9999.0,-9999.0,-9999.0,-9999.0,-9999.0,-9999.0,orientation,color,size,0.38,-7.0,13,male,1,2304.7063153,0,19
1203,-9999.0,-9999.0,-9999.0,-9999.0,-9999.0,-9999.0,-9999.0,-9999.0,-9999.0,orientation,color,size,0.38,-7.0,13,male,1,2304.7063153,0,19
1204,-9999.0,-9999.0,-9999.0,-9999.0,-9999.0,-9999.0,-9999.0,-9999.0,-9999.0,orientation,color,size,0.38,-7.0,13,male,1,2304.7063153,0,19
1205,-9999.0,-9999.0,-9999.0,-9999.0,-9999.0,-9999.0,-9999.0,-9999.0,-9999.0,orientation,color,size,0.38,-7.0,13,male,1,2304.7063153,0,19
1206,-9999.0,-9999.0,-9999.0,-9999.0,-9999.0,-9999.0,-9999.0,-9999.0,-9999.0,orientation,color,size,0.38,-7.0,13,male,1,2304.7063153,0,19
1207,-9999.0,-9999.0,-9999.0,-9999.0,-9999.0,-9999.0,-9999.0,-9999.0,-9999.0,orientation,color,size,0.38,-7.0,13,male,1,2304.7063153,0,19
1208,-9999.0,-9999.0,-9999.0,-9999.0,-9999.0,-9999.0,-9999.0,-9999.0,-9999.0,orientation,color,size,0.38,-7.0,13,male,1,2304.7063153,0,19
1209,-9999.0,-9999.0,-9999.0,-9999.0,-9999.0,-9999.0,-9999.0,-9999.0,-9999.0,orientation,color,size,0.38,-7.0,13,male,1,2304.7063153,0,19
1210,-9999.0,-9999.0,-9999.0,-9999.0,-9999.0,-9999.0,-9999.0,-9999.0,-9999.0,orientation,color,size,0.38,-7.0,13,male,1,2304.7063153,0,19
1211,-9999.0,-9999.0,-9999.0,-9999.0,-9999.0,-9999.0,-9999.0,-9999.0,-9999.0,orientation,color,size,0.38,-7.0,13,male,1,2304.7063153,0,19
1212,-9999.0,-9999.0,-9999.0,-9999.0,-9999.0,-9999.0,-9999.0,-9999.0,-9999.0,orientation,color,size,0.38,-7.0,13,male,1,2304.7063153,0,19
1213,-9999.0,-9999.0,-9999.0,-9999.0,-9999.0,-9999.0,-9999.0,-9999.0,-9999.0,orientation,color,size,0.38,-7.0,13,male,1,2304.7063153,0,19
1214,-9999.0,-9999.0,-9999.0,-9999.0,-9999.0,-9999.0,-9999.0,-9999.0,-9999.0,orientation,color,size,0.38,-7.0,13,male,1,2304.7063153,0,19
1215,-9999.0,-9999.0,-9999.0,-9999.0,-9999.0,-9999.0,-9999.0,-9999.0,-9999.0,orientation,color,size,0.38,-7.0,13,male,1,2304.7063153,0,19
1216,-9999.0,-9999.0,-9999.0,-9999.0,-9999.0,-9999.0,-9999.0,-9999.0,-9999.0,orientation,color,size,0.38,-7.0,13,male,1,2304.7063153,0,19
1217,-9999.0,-9999.0,-9999.0,-9999.0,-9999.0,-9999.0,-9999.0,-9999.0,-9999.0,orientation,color,size,0.38,-7.0,13,male,1,2304.7063153,0,19
1218,-9999.0,-9999.0,-9999.0,-9999.0,-9999.0,-9999.0,-9999.0,-9999.0,-9999.0,orientation,color,size,0.38,-7.0,13,male,1,2304.7063153,0,19
1219,-9999.0,-9999.0,-9999.0,-9999.0,-9999.0,-9999.0,-9999.0,-9999.0,-9999.0,orientation,color,size,0.38,-7.0,13,male,1,2304.7063153,0,19
1220,-9999.0,-9999.0,-9999.0,-9999.0,-9999.0,-9999.0,-9999.0,-9999.0,-9999.0,orientation,color,size,0.38,-7.0,13,male,1,2304.7063153,0,19
1221,-9999.0,-9999.0,-9999.0,-9999.0,-9999.0,-9999.0,-9999.0,-9999.0,-9999.0,orientation,color,size,0.38,-7.0,13,male,1,2304.7063153,0,19
1222,-9999.0,-9999.0,-9999.0,-9999.0,-9999.0,-9999.0,-9999.0,-9999.0,-9999.0,orientation,color,size,0.38,-7.0,13,male,1,2304.7063153,0,19
1223,-9999.0,-9999.0,-9999.0,-9999.0,-9999.0,-9999.0,-9999.0,-9999.0,-9999.0,orientation,color,size,0.38,-7.0,13,male,1,2304.7063153,0,19
1224,-9999.0,-9999.0,-9999.0,-9999.0,-9999.0,-9999.0,-9999.0,-9999.0,-9999.0,orientation,color,size,0.38,-7.0,13,male,1,2304.7063153,0,19
1225,-9999.0,-9999.0,-9999.0,-9999.0,-9999.0,-9999.0,-9999.0,-9999.0,-9999.0,orientation,color,size,0.38,-7.0,13,male,1,2304.7063153,0,19
1226,-9999.0,-9999.0,-9999.0,-9999.0,-9999.0,-9999.0,-9999.0,-9999.0,-9999.0,orientation,color,size,0.38,-7.0,13,male,1,2304.7063153,0,19
1227,-9999.0,-9999.0,-9999.0,-9999.0,-9999.0,-9999.0,-9999.0,-9999.0,-9999.0,orientation,color,size,0.38,-7.0,13,male,1,2304.7063153,0,19
1228,-9999.0,-9999.0,-9999.0,-9999.0,-9999.0,-9999.0,-9999.0,-9999.0,-9999.0,orientation,color,size,0.38,-7.0,13,male,1,2304.7063153,0,19
1229,-9999.0,-9999.0,-9999.0,-9999.0,-9999.0,-9999.0,-9999.0,-9999.0,-9999.0,orientation,color,size,0.38,-7.0,13,male,1,2304.7063153,0,19
1230,-9999.0,-9999.0,-9999.0,-9999.0,-9999.0,-9999.0,-9999.0,-9999.0,-9999.0,orientation,color,size,0.38,-7.0,13,male,1,2304.7063153,0,19
1231,-9999.0,-9999.0,-9999.0,-9999.0,-9999.0,-9999.0,-9999.0,-9999.0,-9999.0,orientation,color,size,0.38,-7.0,13,male,1,2304.7063153,0,19
1232,-9999.0,-9999.0,-9999.0,-9999.0,-9999.0,-9999.0,-9999.0,-9999.0,-9999.0,orientation,color,size,0.38,-7.0,13,male,1,2304.7063153,0,19
1233,-9999.0,-9999.0,-9999.0,-9999.0,-9999.0,-9999.0,-9999.0,-9999.0,-9999.0,orientation,color,size,0.38,-7.0,13,male,1,2304.7063153,0,19
1234,-9999.0,-9999.0,-9999.0,-9999.0,-9999.0,-9999.0,-9999.0,-9999.0,-9999.0,orientation,color,size,0.38,-7.0,13,male,1,2304.7063153,0,19
1235,-9999.0,-9999.0,-9999.0,-9999.0,-9999.0,-9999.0,-9999.0,-9999.0,-9999.0,orientation,color,size,0.38,-7.0,13,male,1,2304.7063153,0,19
1236,-9999.0,-9999.0,-9999.0,-9999.0,-9999.0,-9999.0,-9999.0,-9999.0,-9999.0,orientation,color,size,0.38,-7.0,13,male,1,2304.7063153,0,19
1237,-9999.0,-9999.0,-9999.0,-9999.0,-9999.0,-9999.0,-9999.0,-9999.0,-9999.0,orientation,color,size,0.38,-7.0,13,male,1,2304.7063153,0,19
1238,-9999.0,-9999.0,-9999.0,-9999.0,-9999.0,-9999.0,-9999.0,-9999.0,-9999.0,orientation,color,size,0.38,-7.0,13,male,1,2304.7063153,0,19
1239,-9999.0,-9999.0,-9999.0,-9999.0,-9999.0,-9999.0,-9999.0,-9999.0,-9999.0,orientation,color,size,0.38,-7.0,13,male,1,2304.7063153,0,19
1240,-9999.0,-9999.0,-9999.0,-9999.0,-9999.0,-9999.0,-9999.0,-9999.0,-9999.0,orientation,color,size,0.38,-7.0,13,male,1,2304.7063153,0,19
1241,-9999.0,-9999.0,-9999.0,-9999.0,-9999.0,-9999.0,-9999.0,-9999.0,-9999.0,orientation,color,size,0.38,-7.0,13,male,1,2304.7063153,0,19
1242,-9999.0,-9999.0,-9999.0,-9999.0,-9999.0,-9999.0,-9999.0,-9999.0,-9999.0,orientation,color,size,0.38,-7.0,13,male,1,2304.7063153,0,19
1243,-9999.0,-9999.0,-9999.0,-9999.0,-9999.0,-9999.0,-9999.0,-9999.0,-9999.0,orientation,color,size,0.38,-7.0,13,male,1,2304.7063153,0,19
1244,-9999.0,-9999.0,-9999.0,-9999.0,-9999.0,-9999.0,-9999.0,-9999.0,-9999.0,orientation,color,size,0.38,-7.0,13,male,1,2304.7063153,0,19
1245,-9999.0,-9999.0,-9999.0,-9999.0,-9999.0,-9999.0,-9999.0,-9999.0,-9999.0,orientation,color,size,0.38,-7.0,13,male,1,2304.7063153,0,19
1246,-9999.0,-9999.0,-9999.0,-9999.0,-9999.0,-9999.0,-9999.0,-9999.0,-9999.0,orientation,color,size,0.38,-7.0,13,male,1,2304.7063153,0,19
1247,-9999.0,-9999.0,-9999.0,-9999.0,-9999.0,-9999.0,-9999.0,-9999.0,-9999.0,orientation,color,size,0.38,-7.0,13,male,1,2304.7063153,0,19
1248,-9999.0,-9999.0,-9999.0,-9999.0,-9999.0,-9999.0,-9999.0,-9999.0,-9999.0,orientation,color,size,0.38,-7.0,13,male,1,2304.7063153,0,19
1249,-9999.0,-9999.0,-9999.0,-9999.0,-9999.0,-9999.0,-9999.0,-9999.0,-9999.0,orientation,color,size,0.38,-7.0,13,male,1,2304.7063153,0,19
1250,-9999.0,-9999.0,-9999.0,-9999.0,-9999.0,-9999.0,-9999.0,-9999.0,-9999.0,orientation,color,size,0.38,-7.0,13,male,1,2304.7063153,0,19
1251,-9999.0,-9999.0,-9999.0,-9999.0,-9999.0,-9999.0,-9999.0,-9999.0,-9999.0,orientation,color,size,0.38,-7.0,13,male,1,2304.7063153,0,19
1252,-9999.0,-9999.0,-9999.0,-9999.0,-9999.0,-9999.0,-9999.0,-9999.0,-9999.0,orientation,color,size,0.38,-7.0,13,male,1,2304.7063153,0,19
1253,-9999.0,-9999.0,-9999.0,-9999.0,-9999.0,-9999.0,-9999.0,-9999.0,-9999.0,orientation,color,size,0.38,-7.0,13,male,1,2304.7063153,0,19
1254,-9999.0,-9999.0,-9999.0,-9999.0,-9999.0,-9999.0,-9999.0,-9999.0,-9999.0,orientation,color,size,0.38,-7.0,13,male,1,2304.7063153,0,19
1255,-9999.0,-9999.0,-9999.0,-9999.0,-9999.0,-9999.0,-9999.0,-9999.0,-9999.0,orientation,color,size,0.38,-7.0,13,male,1,2304.7063153,0,19
1256,-9999.0,-9999.0,-9999.0,-9999.0,-9999.0,-9999.0,-9999.0,-9999.0,-9999.0,orientation,color,size,0.38,-7.0,13,male,1,2304.7063153,0,19
1257,-9999.0,-9999.0,-9999.0,-9999.0,-9999.0,-9999.0,-9999.0,-9999.0,-9999.0,orientation,color,size,0.38,-7.0,13,male,1,2304.7063153,0,19
1258,-9999.0,-9999.0,-9999.0,-9999.0,-9999.0,-9999.0,-9999.0,-9999.0,-9999.0,orientation,color,size,0.38,-7.0,13,male,1,2304.7063153,0,19
1259,-9999.0,-9999.0,-9999.0,-9999.0,-9999.0,-9999.0,-9999.0,-9999.0,-9999.0,orientation,color,size,0.38,-7.0,13,male,1,2304.7063153,0,19
1260,-9999.0,-9999.0,-9999.0,-9999.0,-9999.0,-9999.0,-9999.0,-9999.0,-9999.0,orientation,color,size,0.38,-7.0,13,male,1,2304.7063153,0,19
1261,-9999.0,-9999.0,-9999.0,-9999.0,-9999.0,-9999.0,-9999.0,-9999.0,-9999.0,orientation,color,size,0.38,-7.0,13,male,1,2304.7063153,0,19
1262,-9999.0,-9999.0,-9999.0,-9999.0,-9999.0,-9999.0,-9999.0,-9999.0,-9999.0,orientation,color,size,0.38,-7.0,13,male,1,2304.7063153,0,19
1263,-9999.0,-9999.0,-9999.0,-9999.0,-9999.0,-9999.0,-9999.0,-9999.0,-9999.0,orientation,color,size,0.38,-7.0,13,male,1,2304.7063153,0,19
1264,-9999.0,-9999.0,-9999.0,-9999.0,-9999.0,-9999.0,-9999.0,-9999.0,-9999.0,orientation,color,size,0.38,-7.0,13,male,1,2304.7063153,0,19
1265,-9999.0,-9999.0,-9999.0,-9999.0,-9999.0,-9999.0,-9999.0,-9999.0,-9999.0,orientation,color,size,0.38,-7.0,13,male,1,2304.7063153,0,19
1266,-9999.0,-9999.0,-9999.0,-9999.0,-9999.0,-9999.0,-9999.0,-9999.0,-9999.0,orientation,color,size,0.38,-7.0,13,male,1,2304.7063153,0,19
1267,-9999.0,-9999.0,-9999.0,-9999.0,-9999.0,-9999.0,-9999.0,-9999.0,-9999.0,orientation,color,size,0.38,-7.0,13,male,1,2304.7063153,0,19
1268,-9999.0,-9999.0,-9999.0,-9999.0,-9999.0,-9999.0,-9999.0,-9999.0,-9999.0,orientation,color,size,0.38,-7.0,13,male,1,2304.7063153,0,19
1269,-9999.0,-9999.0,-9999.0,-9999.0,-9999.0,-9999.0,-9999.0,-9999.0,-9999.0,orientation,color,size,0.38,-7.0,13,male,1,2304.7063153,0,19
1270,-9999.0,-9999.0,-9999.0,-9999.0,-9999.0,-9999.0,-9999.0,-9999.0,-9999.0,orientation,color,size,0.38,-7.0,13,male,1,2304.7063153,0,19
1271,-9999.0,-9999.0,-9999.0,-9999.0,-9999.0,-9999.0,-9999.0,-9999.0,-9999.0,orientation,color,size,0.38,-7.0,13,male,1,2304.7063153,0,19
1272,-9999.0,-9999.0,-9999.0,-9999.0,-9999.0,-9999.0,-9999.0,-9999.0,-9999.0,orientation,color,size,0.38,-7.0,13,male,1,2304.7063153,0,19
1273,-9999.0,-9999.0,-9999.0,-9999.0,-9999.0,-9999.0,-9999.0,-9999.0,-9999.0,orientation,color,size,0.38,-7.0,13,male,1,2304.7063153,0,19
1274,-9999.0,-9999.0,-9999.0,-9999.0,-9999.0,-9999.0,-9999.0,-9999.0,-9999.0,orientation,color,size,0.38,-7.0,13,male,1,2304.7063153,0,19
1275,-9999.0,-9999.0,-9999.0,-9999.0,-9999.0,-9999.0,-9999.0,-9999.0,-9999.0,orientation,color,size,0.38,-7.0,13,male,1,2304.7063153,0,19
1276,-9999.0,-9999.0,-9999.0,-9999.0,-9999.0,-9999.0,-9999.0,-9999.0,-9999.0,orientation,color,size,0.38,-7.0,13,male,1,2304.7063153,0,19
1277,-9999.0,-9999.0,-9999.0,-9999.0,-9999.0,-9999.0,-9999.0,-9999.0,-9999.0,orientation,color,size,0.38,-7.0,13,male,1,2304.7063153,0,19
1278,-9999.0,-9999.0,-9999.0,-9999.0,-9999.0,-9999.0,-9999.0,-9999.0,-9999.0,orientation,color,size,0.38,-7.0,13,male,1,2304.7063153,0,19
1279,-9999.0,-9999.0,-9999.0,-9999.0,-9999.0,-9999.0,-9999.0,-9999.0,-9999.0,orientation,color,size,0.38,-7.0,13,male,1,2304.7063153,0,19
1280,-9999.0,-9999.0,-9999.0,-9999.0,-9999.0,-9999.0,-9999.0,-9999.0,-9999.0,orientation,color,size,0.38,-7.0,13,male,1,2304.7063153,0,19
1281,-9999.0,-9999.0,-9999.0,-9999.0,-9999.0,-9999.0,-9999.0,-9999.0,-9999.0,orientation,color,size,0.38,-7.0,13,male,1,2304.7063153,0,19
1282,-9999.0,-9999.0,-9999.0,-9999.0,-9999.0,-9999.0,-9999.0,-9999.0,-9999.0,orientation,color,size,0.38,-7.0,13,male,1,2304.7063153,0,19
1283,-9999.0,-9999.0,-9999.0,-9999.0,-9999.0,-9999.0,-9999.0,-9999.0,-9999.0,orientation,color,size,0.38,-7.0,13,male,1,2304.7063153,0,19
1284,-9999.0,-9999.0,-9999.0,-9999.0,-9999.0,-9999.0,-9999.0,-9999.0,-9999.0,orientation,color,size,0.38,-7.0,13,male,1,2304.7063153,0,19
1285,-9999.0,-9999.0,-9999.0,-9999.0,-9999.0,-9999.0,-9999.0,-9999.0,-9999.0,orientation,color,size,0.38,-7.0,13,male,1,2304.7063153,0,19
1286,-9999.0,-9999.0,-9999.0,-9999.0,-9999.0,-9999.0,-9999.0,-9999.0,-9999.0,orientation,color,size,0.38,-7.0,13,male,1,2304.7063153,0,19
1287,-9999.0,-9999.0,-9999.0,-9999.0,-9999.0,-9999.0,-9999.0,-9999.0,-9999.0,orientation,color,size,0.38,-7.0,13,male,1,2304.7063153,0,19
1288,-9999.0,-9999.0,-9999.0,-9999.0,-9999.0,-9999.0,-9999.0,-9999.0,-9999.0,orientation,color,size,0.38,-7.0,13,male,1,2304.7063153,0,19
1289,-9999.0,-9999.0,-9999.0,-9999.0,-9999.0,-9999.0,-9999.0,-9999.0,-9999.0,orientation,color,size,0.38,-7.0,13,male,1,2304.7063153,0,19
1290,-9999.0,-9999.0,-9999.0,-9999.0,-9999.0,-9999.0,-9999.0,-9999.0,-9999.0,orientation,color,size,0.38,-7.0,13,male,1,2304.7063153,0,19
1291,-9999.0,-9999.0,-9999.0,-9999.0,-9999.0,-9999.0,-9999.0,-9999.0,-9999.0,orientation,color,size,0.38,-7.0,13,male,1,2304.7063153,0,19
1292,-9999.0,-9999.0,-9999.0,-9999.0,-9999.0,-9999.0,-9999.0,-9999.0,-9999.0,orientation,color,size,0.38,-7.0,13,male,1,2304.7063153,0,19
1293,-9999.0,-9999.0,-9999.0,-9999.0,-9999.0,-9999.0,-9999.0,-9999.0,-9999.0,orientation,color,size,0.38,-7.0,13,male,1,2304.7063153,0,19
1294,-9999.0,-9999.0,-9999.0,-9999.0,-9999.0,-9999.0,-9999.0,-9999.0,-9999.0,orientation,color,size,0.38,-7.0,13,male,1,2304.7063153,0,19
1295,-9999.0,-9999.0,-9999.0,-9999.0,-9999.0,-9999.0,-9999.0,-9999.0,-9999.0,orientation,color,size,0.38,-7.0,13,male,1,2304.7063153,0,19
1296,-9999.0,-9999.0,-9999.0,-9999.0,-9999.0,-9999.0,-9999.0,-9999.0,-9999.0,orientation,color,size,0.38,-7.0,13,male,1,2304.7063153,0,19
1297,-9999.0,-9999.0,-9999.0,-9999.0,-9999.0,-9999.0,-9999.0,-9999.0,-9999.0,orientation,color,size,0.38,-7.0,13,male,1,2304.7063153,0,19
1298,-9999.0,-9999.0,-9999.0,-9999.0,-9999.0,-9999.0,-9999.0,-9999.0,-9999.0,orientation,color,size,0.38,-7.0,13,male,1,2304.7063153,0,19
1299,-9999.0,-9999.0,-9999.0,-9999.0,-9999.0,-9999.0,-9999.0,-9999.0,-9999.0,orientation,color,size,0.38,-7.0,13,male,1,2304.7063153,0,19
1300,-9999.0,-9999.0,-9999.0,-9999.0,-9999.0,-9999.0,-9999.0,-9999.0,-9999.0,orientation,color,size,0.38,-7.0,13,male,1,2304.7063153,0,19
1301,-9999.0,-9999.0,-9999.0,-9999.0,-9999.0,-9999.0,-9999.0,-9999.0,-9999.0,orientation,color,size,0.38,-7.0,13,male,1,2304.7063153,0,19
1302,-9999.0,-9999.0,-9999.0,-9999.0,-9999.0,-9999.0,-9999.0,-9999.0,-9999.0,orientation,color,size,0.38,-7.0,13,male,1,2304.7063153,0,19
1303,-9999.0,-9999.0,-9999.0,-9999.0,-9999.0,-9999.0,-9999.0,-9999.0,-9999.0,orientation,color,size,0.38,-7.0,13,male,1,2304.7063153,0,19
1304,-9999.0,-9999.0,-9999.0,-9999.0,-9999.0,-9999.0,-9999.0,-9999.0,-9999.0,orientation,color,size,0.38,-7.0,13,male,1,2304.7063153,0,19
1305,-9999.0,-9999.0,-9999.0,-9999.0,-9999.0,-9999.0,-9999.0,-9999.0,-9999.0,orientation,color,size,0.38,-7.0,13,male,1,2304.7063153,0,19
1306,-9999.0,-9999.0,-9999.0,-9999.0,-9999.0,-9999.0,-9999.0,-9999.0,-9999.0,orientation,color,size,0.38,-7.0,13,male,1,2304.7063153,0,19
1307,-9999.0,-9999.0,-9999.0,-9999.0,-9999.0,-9999.0,-9999.0,-9999.0,-9999.0,orientation,color,size,0.38,-7.0,13,male,1,2304.7063153,0,19
1308,-9999.0,-9999.0,-9999.0,-9999.0,-9999.0,-9999.0,-9999.0,-9999.0,-9999.0,orientation,color,size,0.38,-7.0,13,male,1,2304.7063153,0,19
1309,-9999.0,-9999.0,-9999.0,-9999.0,-9999.0,-9999.0,-9999.0,-9999.0,-9999.0,orientation,color,size,0.38,-7.0,13,male,1,2304.7063153,0,19
1310,-9999.0,-9999.0,-9999.0,-9999.0,-9999.0,-9999.0,-9999.0,-9999.0,-9999.0,orientation,color,size,0.38,-7.0,13,male,1,2304.7063153,0,19
1311,-9999.0,-9999.0,-9999.0,-9999.0,-9999.0,-9999.0,-9999.0,-9999.0,-9999.0,orientation,color,size,0.38,-7.0,13,male,1,2304.7063153,0,19
1312,-9999.0,-9999.0,-9999.0,-9999.0,-9999.0,-9999.0,-9999.0,-9999.0,-9999.0,orientation,color,size,0.38,-7.0,13,male,1,2304.7063153,0,19
1313,-9999.0,-9999.0,-9999.0,-9999.0,-9999.0,-9999.0,-9999.0,-9999.0,-9999.0,orientation,color,size,0.38,-7.0,13,male,1,2304.7063153,0,19
1314,-9999.0,-9999.0,-9999.0,-9999.0,-9999.0,-9999.0,-9999.0,-9999.0,-9999.0,orientation,color,size,0.38,-7.0,13,male,1,2304.7063153,0,19
1315,-9999.0,-9999.0,-9999.0,-9999.0,-9999.0,-9999.0,-9999.0,-9999.0,-9999.0,orientation,color,size,0.38,-7.0,13,male,1,2304.7063153,0,19
1316,-9999.0,-9999.0,-9999.0,-9999.0,-9999.0,-9999.0,-9999.0,-9999.0,-9999.0,orientation,color,size,0.38,-7.0,13,male,1,2304.7063153,0,19
1317,-9999.0,-9999.0,-9999.0,-9999.0,-9999.0,-9999.0,-9999.0,-9999.0,-9999.0,orientation,color,size,0.38,-7.0,13,male,1,2304.7063153,0,19
1318,-9999.0,-9999.0,-9999.0,-9999.0,-9999.0,-9999.0,-9999.0,-9999.0,-9999.0,orientation,color,size,0.38,-7.0,13,male,1,2304.7063153,0,19
1319,-9999.0,-9999.0,-9999.0,-9999.0,-9999.0,-9999.0,-9999.0,-9999.0,-9999.0,orientation,color,size,0.38,-7.0,13,male,1,2304.7063153,0,19
1320,-9999.0,-9999.0,-9999.0,-9999.0,-9999.0,-9999.0,-9999.0,-9999.0,-9999.0,orientation,color,size,0.38,-7.0,13,male,1,2304.7063153,0,19
1321,-9999.0,-9999.0,-9999.0,-9999.0,-9999.0,-9999.0,-9999.0,-9999.0,-9999.0,orientation,color,size,0.38,-7.0,13,male,1,2304.7063153,0,19
1322,-9999.0,-9999.0,-9999.0,-9999.0,-9999.0,-9999.0,-9999.0,-9999.0,-9999.0,orientation,color,size,0.38,-7.0,13,male,1,2304.7063153,0,19
1323,-9999.0,-9999.0,-9999.0,-9999.0,-9999.0,-9999.0,-9999.0,-9999.0,-9999.0,orientation,color,size,0.38,-7.0,13,male,1,2304.7063153,0,19
1324,-9999.0,-9999.0,-9999.0,-9999.0,-9999.0,-9999.0,-9999.0,-9999.0,-9999.0,orientation,color,size,0.38,-7.0,13,male,1,2304.7063153,0,19
1325,-9999.0,-9999.0,-9999.0,-9999.0,-9999.0,-9999.0,-9999.0,-9999.0,-9999.0,orientation,color,size,0.38,-7.0,13,male,1,2304.7063153,0,19
1326,-9999.0,-9999.0,-9999.0,-9999.0,-9999.0,-9999.0,-9999.0,-9999.0,-9999.0,orientation,color,size,0.38,-7.0,13,male,1,2304.7063153,0,19
1327,-9999.0,-9999.0,-9999.0,-9999.0,-9999.0,-9999.0,-9999.0,-9999.0,-9999.0,orientation,color,size,0.38,-7.0,13,male,1,2304.7063153,0,19
1328,-9999.0,-9999.0,-9999.0,-9999.0,-9999.0,-9999.0,-9999.0,-9999.0,-9999.0,orientation,color,size,0.38,-7.0,13,male,1,2304.7063153,0,19
1329,-9999.0,-9999.0,-9999.0,-9999.0,-9999.0,-9999.0,-9999.0,-9999.0,-9999.0,orientation,color,size,0.38,-7.0,13,male,1,2304.7063153,0,19
1330,-9999.0,-9999.0,-9999.0,-9999.0,-9999.0,-9999.0,-9999.0,-9999.0,-9999.0,orientation,color,size,0.38,-7.0,13,male,1,2304.7063153,0,19
1331,-9999.0,-9999.0,-9999.0,-9999.0,-9999.0,-9999.0,-9999.0,-9999.0,-9999.0,orientation,color,size,0.38,-7.0,13,male,1,2304.7063153,0,19
1332,-9999.0,-9999.0,-9999.0,-9999.0,-9999.0,-9999.0,-9999.0,-9999.0,-9999.0,orientation,color,size,0.38,-7.0,13,male,1,2304.7063153,0,19
1333,-9999.0,-9999.0,-9999.0,-9999.0,-9999.0,-9999.0,-9999.0,-9999.0,-9999.0,orientation,color,size,0.38,-7.0,13,male,1,2304.7063153,0,19
1334,-9999.0,-9999.0,-9999.0,-9999.0,-9999.0,-9999.0,-9999.0,-9999.0,-9999.0,orientation,color,size,0.38,-7.0,13,male,1,2304.7063153,0,19
1335,-9999.0,-9999.0,-9999.0,-9999.0,-9999.0,-9999.0,-9999.0,-9999.0,-9999.0,orientation,color,size,0.38,-7.0,13,male,1,2304.7063153,0,19
1336,-9999.0,-9999.0,-9999.0,-9999.0,-9999.0,-9999.0,-9999.0,-9999.0,-9999.0,orientation,color,size,0.38,-7.0,13,male,1,2304.7063153,0,19
1337,-9999.0,-9999.0,-9999.0,-9999.0,-9999.0,-9999.0,-9999.0,-9999.0,-9999.0,orientation,color,size,0.38,-7.0,13,male,1,2304.7063153,0,19
1338,-9999.0,-9999.0,-9999.0,-9999.0,-9999.0,-9999.0,-9999.0,-9999.0,-9999.0,orientation,color,size,0.38,-7.0,13,male,1,2304.7063153,0,19
1339,-9999.0,-9999.0,-9999.0,-9999.0,-9999.0,-9999.0,-9999.0,-9999.0,-9999.0,orientation,color,size,0.38,-7.0,13,male,1,2304.7063153,0,19
1340,-9999.0,-9999.0,-9999.0,-9999.0,-9999.0,-9999.0,-9999.0,-9999.0,-9999.0,orientation,color,size,0.38,-7.0,13,male,1,2304.7063153,0,19
1341,-9999.0,-9999.0,-9999.0,-9999.0,-9999.0,-9999.0,-9999.0,-9999.0,-9999.0,orientation,color,size,0.38,-7.0,13,male,1,2304.7063153,0,19
1342,-9999.0,-9999.0,-9999.0,-9999.0,-9999.0,-9999.0,-9999.0,-9999.0,-9999.0,orientation,color,size,0.38,-7.0,13,male,1,2304.7063153,0,19
1343,-9999.0,-9999.0,-9999.0,-9999.0,-9999.0,-9999.0,-9999.0,-9999.0,-9999.0,orientation,color,size,0.38,-7.0,13,male,1,2304.7063153,0,19
1344,-9999.0,-9999.0,-9999.0,-9999.0,-9999.0,-9999.0,-9999.0,-9999.0,-9999.0,orientation,color,size,0.38,-7.0,13,male,1,2304.7063153,0,19
1345,-9999.0,-9999.0,-9999.0,-9999.0,-9999.0,-9999.0,-9999.0,-9999.0,-9999.0,orientation,color,size,0.38,-7.0,13,male,1,2304.7063153,0,19
1346,-9999.0,-9999.0,-9999.0,-9999.0,-9999.0,-9999.0,-9999.0,-9999.0,-9999.0,orientation,color,size,0.38,-7.0,13,male,1,2304.7063153,0,19
1347,-9999.0,-9999.0,-9999.0,-9999.0,-9999.0,-9999.0,-9999.0,-9999.0,-9999.0,orientation,color,size,0.38,-7.0,13,male,1,2304.7063153,0,19
1348,-9999.0,-9999.0,-9999.0,-9999.0,-9999.0,-9999.0,-9999.0,-9999.0,-9999.0,orientation,color,size,0.38,-7.0,13,male,1,2304.7063153,0,19
1349,-9999.0,-9999.0,-9999.0,-9999.0,-9999.0,-9999.0,-9999.0,-9999.0,-9999.0,orientation,color,size,0.38,-7.0,13,male,1,2304.7063153,0,19
1350,-9999.0,-9999.0,-9999.0,-9999.0,-9999.0,-9999.0,-9999.0,-9999.0,-9999.0,orientation,color,size,0.38,-7.0,13,male,1,2304.7063153,0,19
1351,-9999.0,-9999.0,-9999.0,-9999.0,-9999.0,-9999.0,-9999.0,-9999.0,-9999.0,orientation,color,size,0.38,-7.0,13,male,1,2304.7063153,0,19
1352,-9999.0,-9999.0,-9999.0,-9999.0,-9999.0,-9999.0,-9999.0,-9999.0,-9999.0,orientation,color,size,0.38,-7.0,13,male,1,2304.7063153,0,19
1353,-9999.0,-9999.0,-9999.0,-9999.0,-9999.0,-9999.0,-9999.0,-9999.0,-9999.0,orientation,color,size,0.38,-7.0,13,male,1,2304.7063153,0,19
1354,-9999.0,-9999.0,-9999.0,-9999.0,-9999.0,-9999.0,-9999.0,-9999.0,-9999.0,orientation,color,size,0.38,-7.0,13,male,1,2304.7063153,0,19
1355,-9999.0,-9999.0,-9999.0,-9999.0,-9999.0,-9999.0,-9999.0,-9999.0,-9999.0,orientation,color,size,0.38,-7.0,13,male,1,2304.7063153,0,19
1356,-9999.0,-9999.0,-9999.0,-9999.0,-9999.0,-9999.0,-9999.0,-9999.0,-9999.0,orientation,color,size,0.38,-7.0,13,male,1,2304.7063153,0,19
1357,-9999.0,-9999.0,-9999.0,-9999.0,-9999.0,-9999.0,-9999.0,-9999.0,-9999.0,orientation,color,size,0.38,-7.0,13,male,1,2304.7063153,0,19
1358,-9999.0,-9999.0,-9999.0,-9999.0,-9999.0,-9999.0,-9999.0,-9999.0,-9999.0,orientation,color,size,0.38,-7.0,13,male,1,2304.7063153,0,19
1359,-9999.0,-9999.0,-9999.0,-9999.0,-9999.0,-9999.0,-9999.0,-9999.0,-9999.0,orientation,color,size,0.38,-7.0,13,male,1,2304.7063153,0,19
1360,-9999.0,-9999.0,-9999.0,-9999.0,-9999.0,-9999.0,-9999.0,-9999.0,-9999.0,orientation,color,size,0.38,-7.0,13,male,1,2304.7063153,0,19
1361,-9999.0,-9999.0,-9999.0,-9999.0,-9999.0,-9999.0,-9999.0,-9999.0,-9999.0,orientation,color,size,0.38,-7.0,13,male,1,2304.7063153,0,19
1362,-9999.0,-9999.0,-9999.0,-9999.0,-9999.0,-9999.0,-9999.0,-9999.0,-9999.0,orientation,color,size,0.38,-7.0,13,male,1,2304.7063153,0,19
1363,-9999.0,-9999.0,-9999.0,-9999.0,-9999.0,-9999.0,-9999.0,-9999.0,-9999.0,orientation,color,size,0.38,-7.0,13,male,1,2304.7063153,0,19
1364,-9999.0,-9999.0,-9999.0,-9999.0,-9999.0,-9999.0,-9999.0,-9999.0,-9999.0,orientation,color,size,0.38,-7.0,13,male,1,2304.7063153,0,19
1365,-9999.0,-9999.0,-9999.0,-9999.0,-9999.0,-9999.0,-9999.0,-9999.0,-9999.0,orientation,color,size,0.38,-7.0,13,male,1,2304.7063153,0,19
1366,-9999.0,-9999.0,-9999.0,-9999.0,-9999.0,-9999.0,-9999.0,-9999.0,-9999.0,orientation,color,size,0.38,-7.0,13,male,1,2304.7063153,0,19
1367,-9999.0,-9999.0,-9999.0,-9999.0,-9999.0,-9999.0,-9999.0,-9999.0,-9999.0,orientation,color,size,0.38,-7.0,13,male,1,2304.7063153,0,19
1368,-9999.0,-9999.0,-9999.0,-9999.0,-9999.0,-9999.0,-9999.0,-9999.0,-9999.0,orientation,color,size,0.38,-7.0,13,male,1,2304.7063153,0,19
1369,-9999.0,-9999.0,-9999.0,-9999.0,-9999.0,-9999.0,-9999.0,-9999.0,-9999.0,orientation,color,size,0.38,-7.0,13,male,1,2304.7063153,0,19
1370,-9999.0,-9999.0,-9999.0,-9999.0,-9999.0,-9999.0,-9999.0,-9999.0,-9999.0,orientation,color,size,0.38,-7.0,13,male,1,2304.7063153,0,19
1371,-9999.0,-9999.0,-9999.0,-9999.0,-9999.0,-9999.0,-9999.0,-9999.0,-9999.0,orientation,color,size,0.38,-7.0,13,male,1,2304.7063153,0,19
1372,-9999.0,-9999.0,-9999.0,-9999.0,-9999.0,-9999.0,-9999.0,-9999.0,-9999.0,orientation,color,size,0.38,-7.0,13,male,1,2304.7063153,0,19
1373,-9999.0,-9999.0,-9999.0,-9999.0,-9999.0,-9999.0,-9999.0,-9999.0,-9999.0,orientation,color,size,0.38,-7.0,13,male,1,2304.7063153,0,19
1374,-9999.0,-9999.0,-9999.0,-9999.0,-9999.0,-9999.0,-9999.0,-9999.0,-9999.0,orientation,color,size,0.38,-7.0,13,male,1,2304.7063153,0,19
1375,-9999.0,-9999.0,-9999.0,-9999.0,-9999.0,-9999.0,-9999.0,-9999.0,-9999.0,orientation,color,size,0.38,-7.0,13,male,1,2304.7063153,0,19
1376,-9999.0,-9999.0,-9999.0,-9999.0,-9999.0,-9999.0,-9999.0,-9999.0,-9999.0,orientation,color,size,0.38,-7.0,13,male,1,2304.7063153,0,19
1377,-9999.0,-9999.0,-9999.0,-9999.0,-9999.0,-9999.0,-9999.0,-9999.0,-9999.0,orientation,color,size,0.38,-7.0,13,male,1,2304.7063153,0,19
1378,-9999.0,-9999.0,-9999.0,-9999.0,-9999.0,-9999.0,-9999.0,-9999.0,-9999.0,orientation,color,size,0.38,-7.0,13,male,1,2304.7063153,0,19
1379,-9999.0,-9999.0,-9999.0,-9999.0,-9999.0,-9999.0,-9999.0,-9999.0,-9999.0,orientation,color,size,0.38,-7.0,13,male,1,2304.7063153,0,19
1380,-9999.0,-9999.0,-9999.0,-9999.0,-9999.0,-9999.0,-9999.0,-9999.0,-9999.0,orientation,color,size,0.38,-7.0,13,male,1,2304.7063153,0,19
1381,-9999.0,-9999.0,-9999.0,-9999.0,-9999.0,-9999.0,-9999.0,-9999.0,-9999.0,orientation,color,size,0.38,-7.0,13,male,1,2304.7063153,0,19
1382,-9999.0,-9999.0,-9999.0,-9999.0,-9999.0,-9999.0,-9999.0,-9999.0,-9999.0,orientation,color,size,0.38,-7.0,13,male,1,2304.7063153,0,19
1383,-9999.0,-9999.0,-9999.0,-9999.0,-9999.0,-9999.0,-9999.0,-9999.0,-9999.0,orientation,color,size,0.38,-7.0,13,male,1,2304.7063153,0,19
1384,-9999.0,-9999.0,-9999.0,-9999.0,-9999.0,-9999.0,-9999.0,-9999.0,-9999.0,orientation,color,size,0.38,-7.0,13,male,1,2304.7063153,0,19
1385,-9999.0,-9999.0,-9999.0,-9999.0,-9999.0,-9999.0,-9999.0,-9999.0,-9999.0,orientation,color,size,0.38,-7.0,13,male,1,2304.7063153,0,19
1386,-9999.0,-9999.0,-9999.0,-9999.0,-9999.0,-9999.0,-9999.0,-9999.0,-9999.0,orientation,color,size,0.38,-7.0,13,male,1,2304.7063153,0,19
1387,-9999.0,-9999.0,-9999.0,-9999.0,-9999.0,-9999.0,-9999.0,-9999.0,-9999.0,orientation,color,size,0.38,-7.0,13,male,1,2304.7063153,0,19
1388,-9999.0,-9999.0,-9999.0,-9999.0,-9999.0,-9999.0,-9999.0,-9999.0,-9999.0,orientation,color,size,0.38,-7.0,13,male,1,2304.7063153,0,19
1389,-9999.0,-9999.0,-9999.0,-9999.0,-9999.0,-9999.0,-9999.0,-9999.0,-9999.0,orientation,color,size,0.38,-7.0,13,male,1,2304.7063153,0,19
1390,-9999.0,-9999.0,-9999.0,-9999.0,-9999.0,-9999.0,-9999.0,-9999.0,-9999.0,orientation,color,size,0.38,-7.0,13,male,1,2304.7063153,0,19
1391,-9999.0,-9999.0,-9999.0,-9999.0,-9999.0,-9999.0,-9999.0,-9999.0,-9999.0,orientation,color,size,0.38,-7.0,13,male,1,2304.7063153,0,19
1392,-9999.0,-9999.0,-9999.0,-9999.0,-9999.0,-9999.0,-9999.0,-9999.0,-9999.0,orientation,color,size,0.38,-7.0,13,male,1,2304.7063153,0,19
1393,-9999.0,-9999.0,-9999.0,-9999.0,-9999.0,-9999.0,-9999.0,-9999.0,-9999.0,orientation,color,size,0.38,-7.0,13,male,1,2304.7063153,0,19
1394,-9999.0,-9999.0,-9999.0,-9999.0,-9999.0,-9999.0,-9999.0,-9999.0,-9999.0,orientation,color,size,0.38,-7.0,13,male,1,2304.7063153,0,19
1395,-9999.0,-9999.0,-9999.0,-9999.0,-9999.0,-9999.0,-9999.0,-9999.0,-9999.0,orientation,color,size,0.38,-7.0,13,male,1,2304.7063153,0,19
1396,-9999.0,-9999.0,-9999.0,-9999.0,-9999.0,-9999.0,-9999.0,-9999.0,-9999.0,orientation,color,size,0.38,-7.0,13,male,1,2304.7063153,0,19
1397,-9999.0,-9999.0,-9999.0,-9999.0,-9999.0,-9999.0,-9999.0,-9999.0,-9999.0,orientation,color,size,0.38,-7.0,13,male,1,2304.7063153,0,19
1398,-9999.0,-9999.0,-9999.0,-9999.0,-9999.0,-9999.0,-9999.0,-9999.0,-9999.0,orientation,color,size,0.38,-7.0,13,male,1,2304.7063153,0,19
1399,-9999.0,-9999.0,-9999.0,-9999.0,-9999.0,-9999.0,-9999.0,-9999.0,-9999.0,orientation,color,size,0.38,-7.0,13,male,1,2304.7063153,0,19
1400,-9999.0,-9999.0,-9999.0,-9999.0,-9999.0,-9999.0,-9999.0,-9999.0,-9999.0,orientation,color,size,0.38,-7.0,13,male,1,2304.7063153,0,19
1401,-9999.0,-9999.0,-9999.0,-9999.0,-9999.0,-9999.0,-9999.0,-9999.0,-9999.0,orientation,color,size,0.38,-7.0,13,male,1,2304.7063153,0,19
1402,-9999.0,-9999.0,-9999.0,-9999.0,-9999.0,-9999.0,-9999.0,-9999.0,-9999.0,orientation,color,size,0.38,-7.0,13,male,1,2304.7063153,0,19
1403,-9999.0,-9999.0,-9999.0,-9999.0,-9999.0,-9999.0,-9999.0,-9999.0,-9999.0,orientation,color,size,0.38,-7.0,13,male,1,2304.7063153,0,19
1404,-9999.0,-9999.0,-9999.0,-9999.0,-9999.0,-9999.0,-9999.0,-9999.0,-9999.0,orientation,color,size,0.38,-7.0,13,male,1,2304.7063153,0,19
1405,-9999.0,-9999.0,-9999.0,-9999.0,-9999.0,-9999.0,-9999.0,-9999.0,-9999.0,orientation,color,size,0.38,-7.0,13,male,1,2304.7063153,0,19
1406,-9999.0,-9999.0,-9999.0,-9999.0,-9999.0,-9999.0,-9999.0,-9999.0,-9999.0,orientation,color,size,0.38,-7.0,13,male,1,2304.7063153,0,19
1407,-9999.0,-9999.0,-9999.0,-9999.0,-9999.0,-9999.0,-9999.0,-9999.0,-9999.0,orientation,color,size,0.38,-7.0,13,male,1,2304.7063153,0,19
1408,-9999.0,-9999.0,-9999.0,-9999.0,-9999.0,-9999.0,-9999.0,-9999.0,-9999.0,orientation,color,size,0.38,-7.0,13,male,1,2304.7063153,0,19
1409,-9999.0,-9999.0,-9999.0,-9999.0,-9999.0,-9999.0,-9999.0,-9999.0,-9999.0,orientation,color,size,0.38,-7.0,13,male,1,2304.7063153,0,19
1410,-9999.0,-9999.0,-9999.0,-9999.0,-9999.0,-9999.0,-9999.0,-9999.0,-9999.0,orientation,color,size,0.38,-7.0,13,male,1,2304.7063153,0,19
1411,-9999.0,-9999.0,-9999.0,-9999.0,-9999.0,-9999.0,-9999.0,-9999.0,-9999.0,orientation,color,size,0.38,-7.0,13,male,1,2304.7063153,0,19
1412,-9999.0,-9999.0,-9999.0,-9999.0,-9999.0,-9999.0,-9999.0,-9999.0,-9999.0,orientation,color,size,0.38,-7.0,13,male,1,2304.7063153,0,19
1413,-9999.0,-9999.0,-9999.0,-9999.0,-9999.0,-9999.0,-9999.0,-9999.0,-9999.0,orientation,color,size,0.38,-7.0,13,male,1,2304.7063153,0,19
1414,-9999.0,-9999.0,-9999.0,-9999.0,-9999.0,-9999.0,-9999.0,-9999.0,-9999.0,orientation,color,size,0.38,-7.0,13,male,1,2304.7063153,0,19
1415,-9999.0,-9999.0,-9999.0,-9999.0,-9999.0,-9999.0,-9999.0,-9999.0,-9999.0,orientation,color,size,0.38,-7.0,13,male,1,2304.7063153,0,19
1416,-9999.0,-9999.0,-9999.0,-9999.0,-9999.0,-9999.0,-9999.0,-9999.0,-9999.0,orientation,color,size,0.38,-7.0,13,male,1,2304.7063153,0,19
1417,-9999.0,-9999.0,-9999.0,-9999.0,-9999.0,-9999.0,-9999.0,-9999.0,-9999.0,orientation,color,size,0.38,-7.0,13,male,1,2304.7063153,0,19
1418,-9999.0,-9999.0,-9999.0,-9999.0,-9999.0,-9999.0,-9999.0,-9999.0,-9999.0,orientation,color,size,0.38,-7.0,13,male,1,2304.7063153,0,19
1419,-9999.0,-9999.0,-9999.0,-9999.0,-9999.0,-9999.0,-9999.0,-9999.0,-9999.0,orientation,color,size,0.38,-7.0,13,male,1,2304.7063153,0,19
1420,-9999.0,-9999.0,-9999.0,-9999.0,-9999.0,-9999.0,-9999.0,-9999.0,-9999.0,orientation,color,size,0.38,-7.0,13,male,1,2304.7063153,0,19
1421,-9999.0,-9999.0,-9999.0,-9999.0,-9999.0,-9999.0,-9999.0,-9999.0,-9999.0,orientation,color,size,0.38,-7.0,13,male,1,2304.7063153,0,19
1422,-9999.0,-9999.0,-9999.0,-9999.0,-9999.0,-9999.0,-9999.0,-9999.0,-9999.0,orientation,color,size,0.38,-7.0,13,male,1,2304.7063153,0,19
1423,-9999.0,-9999.0,-9999.0,-9999.0,-9999.0,-9999.0,-9999.0,-9999.0,-9999.0,orientation,color,size,0.38,-7.0,13,male,1,2304.7063153,0,19
1424,-9999.0,-9999.0,-9999.0,-9999.0,-9999.0,-9999.0,-9999.0,-9999.0,-9999.0,orientation,color,size,0.38,-7.0,13,male,1,2304.7063153,0,19
1425,-9999.0,-9999.0,-9999.0,-9999.0,-9999.0,-9999.0,-9999.0,-9999.0,-9999.0,orientation,color,size,0.38,-7.0,13,male,1,2304.7063153,0,19
1426,-9999.0,-9999.0,-9999.0,-9999.0,-9999.0,-9999.0,-9999.0,-9999.0,-9999.0,orientation,color,size,0.38,-7.0,13,male,1,2304.7063153,0,19
1427,-9999.0,-9999.0,-9999.0,-9999.0,-9999.0,-9999.0,-9999.0,-9999.0,-9999.0,orientation,color,size,0.38,-7.0,13,male,1,2304.7063153,0,19
1428,-9999.0,-9999.0,-9999.0,-9999.0,-9999.0,-9999.0,-9999.0,-9999.0,-9999.0,orientation,color,size,0.38,-7.0,13,male,1,2304.7063153,0,19
1429,-9999.0,-9999.0,-9999.0,-9999.0,-9999.0,-9999.0,-9999.0,-9999.0,-9999.0,orientation,color,size,0.38,-7.0,13,male,1,2304.7063153,0,19
1430,-9999.0,-9999.0,-9999.0,-9999.0,-9999.0,-9999.0,-9999.0,-9999.0,-9999.0,orientation,color,size,0.38,-7.0,13,male,1,2304.7063153,0,19
1431,-9999.0,-9999.0,-9999.0,-9999.0,-9999.0,-9999.0,-9999.0,-9999.0,-9999.0,orientation,color,size,0.38,-7.0,13,male,1,2304.7063153,0,19
1432,-9999.0,-9999.0,-9999.0,-9999.0,-9999.0,-9999.0,-9999.0,-9999.0,-9999.0,orientation,color,size,0.38,-7.0,13,male,1,2304.7063153,0,19
1433,-9999.0,-9999.0,-9999.0,-9999.0,-9999.0,-9999.0,-9999.0,-9999.0,-9999.0,orientation,color,size,0.38,-7.0,13,male,1,2304.7063153,0,19
1434,-9999.0,-9999.0,-9999.0,-9999.0,-9999.0,-9999.0,-9999.0,-9999.0,-9999.0,orientation,color,size,0.38,-7.0,13,male,1,2304.7063153,0,19
1435,-9999.0,-9999.0,-9999.0,-9999.0,-9999.0,-9999.0,-9999.0,-9999.0,-9999.0,orientation,color,size,0.38,-7.0,13,male,1,2304.7063153,0,19
1436,-9999.0,-9999.0,-9999.0,-9999.0,-9999.0,-9999.0,-9999.0,-9999.0,-9999.0,orientation,color,size,0.38,-7.0,13,male,1,2304.7063153,0,19
1437,-9999.0,-9999.0,-9999.0,-9999.0,-9999.0,-9999.0,-9999.0,-9999.0,-9999.0,orientation,color,size,0.38,-7.0,13,male,1,2304.7063153,0,19
1438,-9999.0,-9999.0,-9999.0,-9999.0,-9999.0,-9999.0,-9999.0,-9999.0,-9999.0,orientation,color,size,0.38,-7.0,13,male,1,2304.7063153,0,19
1439,-9999.0,-9999.0,-9999.0,-9999.0,-9999.0,-9999.0,-9999.0,-9999.0,-9999.0,orientation,color,size,0.38,-7.0,13,male,1,2304.7063153,0,19
1440,-9999.0,-9999.0,-9999.0,-9999.0,-9999.0,-9999.0,-9999.0,-9999.0,-9999.0,orientation,color,size,0.38,-7.0,13,male,1,2304.7063153,0,19
1441,-9999.0,-9999.0,-9999.0,-9999.0,-9999.0,-9999.0,-9999.0,-9999.0,-9999.0,orientation,color,size,0.38,-7.0,13,male,1,2304.7063153,0,19
1442,-9999.0,-9999.0,-9999.0,-9999.0,-9999.0,-9999.0,-9999.0,-9999.0,-9999.0,orientation,color,size,0.38,-7.0,13,male,1,2304.7063153,0,19
1443,-9999.0,-9999.0,-9999.0,-9999.0,-9999.0,-9999.0,-9999.0,-9999.0,-9999.0,orientation,color,size,0.38,-7.0,13,male,1,2304.7063153,0,19
1444,-9999.0,-9999.0,-9999.0,-9999.0,-9999.0,-9999.0,-9999.0,-9999.0,-9999.0,orientation,color,size,0.38,-7.0,13,male,1,2304.7063153,0,19
1445,-9999.0,-9999.0,-9999.0,-9999.0,-9999.0,-9999.0,-9999.0,-9999.0,-9999.0,orientation,color,size,0.38,-7.0,13,male,1,2304.7063153,0,19
1446,-9999.0,-9999.0,-9999.0,-9999.0,-9999.0,-9999.0,-9999.0,-9999.0,-9999.0,orientation,color,size,0.38,-7.0,13,male,1,2304.7063153,0,19
1447,-9999.0,-9999.0,-9999.0,-9999.0,-9999.0,-9999.0,-9999.0,-9999.0,-9999.0,orientation,color,size,0.38,-7.0,13,male,1,2304.7063153,0,19
1448,-9999.0,-9999.0,-9999.0,-9999.0,-9999.0,-9999.0,-9999.0,-9999.0,-9999.0,orientation,color,size,0.38,-7.0,13,male,1,2304.7063153,0,19
1449,-9999.0,-9999.0,-9999.0,-9999.0,-9999.0,-9999.0,-9999.0,-9999.0,-9999.0,orientation,color,size,0.38,-7.0,13,male,1,2304.7063153,0,19
1450,-9999.0,-9999.0,-9999.0,-9999.0,-9999.0,-9999.0,-9999.0,-9999.0,-9999.0,orientation,color,size,0.38,-7.0,13,male,1,2304.7063153,0,19
1451,-9999.0,-9999.0,-9999.0,-9999.0,-9999.0,-9999.0,-9999.0,-9999.0,-9999.0,orientation,color,size,0.38,-7.0,13,male,1,2304.7063153,0,19
1452,-9999.0,-9999.0,-9999.0,-9999.0,-9999.0,-9999.0,-9999.0,-9999.0,-9999.0,orientation,color,size,0.38,-7.0,13,male,1,2304.7063153,0,19
1453,-9999.0,-9999.0,-9999.0,-9999.0,-9999.0,-9999.0,-9999.0,-9999.0,-9999.0,orientation,color,size,0.38,-7.0,13,male,1,2304.7063153,0,19
1454,-9999.0,-9999.0,-9999.0,-9999.0,-9999.0,-9999.0,-9999.0,-9999.0,-9999.0,orientation,color,size,0.38,-7.0,13,male,1,2304.7063153,0,19
1455,-9999.0,-9999.0,-9999.0,-9999.0,-9999.0,-9999.0,-9999.0,-9999.0,-9999.0,orientation,color,size,0.38,-7.0,13,male,1,2304.7063153,0,19
1456,-9999.0,-9999.0,-9999.0,-9999.0,-9999.0,-9999.0,-9999.0,-9999.0,-9999.0,orientation,color,size,0.38,-7.0,13,male,1,2304.7063153,0,19
1457,-9999.0,-9999.0,-9999.0,-9999.0,-9999.0,-9999.0,-9999.0,-9999.0,-9999.0,orientation,color,size,0.38,-7.0,13,male,1,2304.7063153,0,19
1458,-9999.0,-9999.0,-9999.0,-9999.0,-9999.0,-9999.0,-9999.0,-9999.0,-9999.0,orientation,color,size,0.38,-7.0,13,male,1,2304.7063153,0,19
1459,-9999.0,-9999.0,-9999.0,-9999.0,-9999.0,-9999.0,-9999.0,-9999.0,-9999.0,orientation,color,size,0.38,-7.0,13,male,1,2304.7063153,0,19
1460,-9999.0,-9999.0,-9999.0,-9999.0,-9999.0,-9999.0,-9999.0,-9999.0,-9999.0,orientation,color,size,0.38,-7.0,13,male,1,2304.7063153,0,19
1461,-9999.0,-9999.0,-9999.0,-9999.0,-9999.0,-9999.0,-9999.0,-9999.0,-9999.0,orientation,color,size,0.38,-7.0,13,male,1,2304.7063153,0,19
1462,-9999.0,-9999.0,-9999.0,-9999.0,-9999.0,-9999.0,-9999.0,-9999.0,-9999.0,orientation,color,size,0.38,-7.0,13,male,1,2304.7063153,0,19
1463,-9999.0,-9999.0,-9999.0,-9999.0,-9999.0,-9999.0,-9999.0,-9999.0,-9999.0,orientation,color,size,0.38,-7.0,13,male,1,2304.7063153,0,19
1464,-9999.0,-9999.0,-9999.0,-9999.0,-9999.0,-9999.0,-9999.0,-9999.0,-9999.0,orientation,color,size,0.38,-7.0,13,male,1,2304.7063153,0,19
1465,-9999.0,-9999.0,-9999.0,-9999.0,-9999.0,-9999.0,-9999.0,-9999.0,-9999.0,orientation,color,size,0.38,-7.0,13,male,1,2304.7063153,0,19
1466,-9999.0,-9999.0,-9999.0,-9999.0,-9999.0,-9999.0,-9999.0,-9999.0,-9999.0,orientation,color,size,0.38,-7.0,13,male,1,2304.7063153,0,19
1467,-9999.0,-9999.0,-9999.0,-9999.0,-9999.0,-9999.0,-9999.0,-9999.0,-9999.0,orientation,color,size,0.38,-7.0,13,male,1,2304.7063153,0,19
1468,-9999.0,-9999.0,-9999.0,-9999.0,-9999.0,-9999.0,-9999.0,-9999.0,-9999.0,orientation,color,size,0.38,-7.0,13,male,1,2304.7063153,0,19
1469,-9999.0,-9999.0,-9999.0,-9999.0,-9999.0,-9999.0,-9999.0,-9999.0,-9999.0,orientation,color,size,0.38,-7.0,13,male,1,2304.7063153,0,19
1470,-9999.0,-9999.0,-9999.0,-9999.0,-9999.0,-9999.0,-9999.0,-9999.0,-9999.0,orientation,color,size,0.38,-7.0,13,male,1,2304.7063153,0,19
1471,-9999.0,-9999.0,-9999.0,-9999.0,-9999.0,-9999.0,-9999.0,-9999.0,-9999.0,orientation,color,size,0.38,-7.0,13,male,1,2304.7063153,0,19
1472,-9999.0,-9999.0,-9999.0,-9999.0,-9999.0,-9999.0,-9999.0,-9999.0,-9999.0,orientation,color,size,0.38,-7.0,13,male,1,2304.7063153,0,19
1473,-9999.0,-9999.0,-9999.0,-9999.0,-9999.0,-9999.0,-9999.0,-9999.0,-9999.0,orientation,color,size,0.38,-7.0,13,male,1,2304.7063153,0,19
1474,-9999.0,-9999.0,-9999.0,-9999.0,-9999.0,-9999.0,-9999.0,-9999.0,-9999.0,orientation,color,size,0.38,-7.0,13,male,1,2304.7063153,0,19
1475,-9999.0,-9999.0,-9999.0,-9999.0,-9999.0,-9999.0,-9999.0,-9999.0,-9999.0,orientation,color,size,0.38,-7.0,13,male,1,2304.7063153,0,19
1476,-9999.0,-9999.0,-9999.0,-9999.0,-9999.0,-9999.0,-9999.0,-9999.0,-9999.0,orientation,color,size,0.38,-7.0,13,male,1,2304.7063153,0,19
1477,-9999.0,-9999.0,-9999.0,-9999.0,-9999.0,-9999.0,-9999.0,-9999.0,-9999.0,orientation,color,size,0.38,-7.0,13,male,1,2304.7063153,0,19
1478,-9999.0,-9999.0,-9999.0,-9999.0,-9999.0,-9999.0,-9999.0,-9999.0,-9999.0,orientation,color,size,0.38,-7.0,13,male,1,2304.7063153,0,19
1479,-9999.0,-9999.0,-9999.0,-9999.0,-9999.0,-9999.0,-9999.0,-9999.0,-9999.0,orientation,color,size,0.38,-7.0,13,male,1,2304.7063153,0,19
1480,-9999.0,-9999.0,-9999.0,-9999.0,-9999.0,-9999.0,-9999.0,-9999.0,-9999.0,orientation,color,size,0.38,-7.0,13,male,1,2304.7063153,0,19
1481,-9999.0,-9999.0,-9999.0,-9999.0,-9999.0,-9999.0,-9999.0,-9999.0,-9999.0,orientation,color,size,0.38,-7.0,13,male,1,2304.7063153,0,19
1482,-9999.0,-9999.0,-9999.0,-9999.0,-9999.0,-9999.0,-9999.0,-9999.0,-9999.0,orientation,color,size,0.38,-7.0,13,male,1,2304.7063153,0,19
1483,-9999.0,-9999.0,-9999.0,-9999.0,-9999.0,-9999.0,-9999.0,-9999.0,-9999.0,orientation,color,size,0.38,-7.0,13,male,1,2304.7063153,0,19
1484,-9999.0,-9999.0,-9999.0,-9999.0,-9999.0,-9999.0,-9999.0,-9999.0,-9999.0,orientation,color,size,0.38,-7.0,13,male,1,2304.7063153,0,19
1485,-9999.0,-9999.0,-9999.0,-9999.0,-9999.0,-9999.0,-9999.0,-9999.0,-9999.0,orientation,color,size,0.38,-7.0,13,male,1,2304.7063153,0,19
1486,-9999.0,-9999.0,-9999.0,-9999.0,-9999.0,-9999.0,-9999.0,-9999.0,-9999.0,orientation,color,size,0.38,-7.0,13,male,1,2304.7063153,0,19
1487,-9999.0,-9999.0,-9999.0,-9999.0,-9999.0,-9999.0,-9999.0,-9999.0,-9999.0,orientation,color,size,0.38,-7.0,13,male,1,2304.7063153,0,19
1488,-9999.0,-9999.0,-9999.0,-9999.0,-9999.0,-9999.0,-9999.0,-9999.0,-9999.0,orientation,color,size,0.38,-7.0,13,male,1,2304.7063153,0,19
1489,-9999.0,-9999.0,-9999.0,-9999.0,-9999.0,-9999.0,-9999.0,-9999.0,-9999.0,orientation,color,size,0.38,-7.0,13,male,1,2304.7063153,0,19
1490,-9999.0,-9999.0,-9999.0,-9999.0,-9999.0,-9999.0,-9999.0,-9999.0,-9999.0,orientation,color,size,0.38,-7.0,13,male,1,2304.7063153,0,19
1491,-9999.0,-9999.0,-9999.0,-9999.0,-9999.0,-9999.0,-9999.0,-9999.0,-9999.0,orientation,color,size,0.38,-7.0,13,male,1,2304.7063153,0,19
1492,-9999.0,-9999.0,-9999.0,-9999.0,-9999.0,-9999.0,-9999.0,-9999.0,-9999.0,orientation,color,size,0.38,-7.0,13,male,1,2304.7063153,0,19
1493,-9999.0,-9999.0,-9999.0,-9999.0,-9999.0,-9999.0,-9999.0,-9999.0,-9999.0,orientation,color,size,0.38,-7.0,13,male,1,2304.7063153,0,19
1494,-9999.0,-9999.0,-9999.0,-9999.0,-9999.0,-9999.0,-9999.0,-9999.0,-9999.0,orientation,color,size,0.38,-7.0,13,male,1,2304.7063153,0,19
1495,-9999.0,-9999.0,-9999.0,-9999.0,-9999.0,-9999.0,-9999.0,-9999.0,-9999.0,orientation,color,size,0.38,-7.0,13,male,1,2304.7063153,0,19
1496,-9999.0,-9999.0,-9999.0,-9999.0,-9999.0,-9999.0,-9999.0,-9999.0,-9999.0,orientation,color,size,0.38,-7.0,13,male,1,2304.7063153,0,19
1497,-9999.0,-9999.0,-9999.0,-9999.0,-9999.0,-9999.0,-9999.0,-9999.0,-9999.0,orientation,color,size,0.38,-7.0,13,male,1,2304.7063153,0,19
1498,-9999.0,-9999.0,-9999.0,-9999.0,-9999.0,-9999.0,-9999.0,-9999.0,-9999.0,orientation,color,size,0.38,-7.0,13,male,1,2304.7063153,0,19
1499,-9999.0,-9999.0,-9999.0,-9999.0,-9999.0,-9999.0,-9999.0,-9999.0,-9999.0,orientation,color,size,0.38,-7.0,13,male,1,2304.7063153,0,19
1500,-9999.0,-9999.0,-9999.0,-9999.0,-9999.0,-9999.0,-9999.0,-9999.0,-9999.0,orientation,color,size,0.38,-7.0,13,male,1,2304.7063153,0,19
1501,-9999.0,-9999.0,-9999.0,-9999.0,-9999.0,-9999.0,-9999.0,-9999.0,-9999.0,orientation,color,size,0.38,-7.0,13,male,1,2304.7063153,0,19
1502,-9999.0,-9999.0,-9999.0,-9999.0,-9999.0,-9999.0,-9999.0,-9999.0,-9999.0,orientation,color,size,0.38,-7.0,13,male,1,2304.7063153,0,19
1503,-9999.0,-9999.0,-9999.0,-9999.0,-9999.0,-9999.0,-9999.0,-9999.0,-9999.0,orientation,color,size,0.38,-7.0,13,male,1,2304.7063153,0,19
1504,-9999.0,-9999.0,-9999.0,-9999.0,-9999.0,-9999.0,-9999.0,-9999.0,-9999.0,orientation,color,size,0.38,-7.0,13,male,1,2304.7063153,0,19
1505,-9999.0,-9999.0,-9999.0,-9999.0,-9999.0,-9999.0,-9999.0,-9999.0,-9999.0,orientation,color,size,0.38,-7.0,13,male,1,2304.7063153,0,19
1506,-9999.0,-9999.0,-9999.0,-9999.0,-9999.0,-9999.0,-9999.0,-9999.0,-9999.0,orientation,color,size,0.38,-7.0,13,male,1,2304.7063153,0,19
1507,-9999.0,-9999.0,-9999.0,-9999.0,-9999.0,-9999.0,-9999.0,-9999.0,-9999.0,orientation,color,size,0.38,-7.0,13,male,1,2304.7063153,0,19
1508,-9999.0,-9999.0,-9999.0,-9999.0,-9999.0,-9999.0,-9999.0,-9999.0,-9999.0,orientation,color,size,0.38,-7.0,13,male,1,2304.7063153,0,19
1509,-9999.0,-9999.0,-9999.0,-9999.0,-9999.0,-9999.0,-9999.0,-9999.0,-9999.0,orientation,color,size,0.38,-7.0,13,male,1,2304.7063153,0,19
1510,-9999.0,-9999.0,-9999.0,-9999.0,-9999.0,-9999.0,-9999.0,-9999.0,-9999.0,orientation,color,size,0.38,-7.0,13,male,1,2304.7063153,0,19
1511,-9999.0,-9999.0,-9999.0,-9999.0,-9999.0,-9999.0,-9999.0,-9999.0,-9999.0,orientation,color,size,0.38,-7.0,13,male,1,2304.7063153,0,19
1512,-9999.0,-9999.0,-9999.0,-9999.0,-9999.0,-9999.0,-9999.0,-9999.0,-9999.0,orientation,color,size,0.38,-7.0,13,male,1,2304.7063153,0,19
1513,-9999.0,-9999.0,-9999.0,-9999.0,-9999.0,-9999.0,-9999.0,-9999.0,-9999.0,orientation,color,size,0.38,-7.0,13,male,1,2304.7063153,0,19
1514,-9999.0,-9999.0,-9999.0,-9999.0,-9999.0,-9999.0,-9999.0,-9999.0,-9999.0,orientation,color,size,0.38,-7.0,13,male,1,2304.7063153,0,19
1515,-9999.0,-9999.0,-9999.0,-9999.0,-9999.0,-9999.0,-9999.0,-9999.0,-9999.0,orientation,color,size,0.38,-7.0,13,male,1,2304.7063153,0,19
1516,-9999.0,-9999.0,-9999.0,-9999.0,-9999.0,-9999.0,-9999.0,-9999.0,-9999.0,orientation,color,size,0.38,-7.0,13,male,1,2304.7063153,0,19
1517,-9999.0,-9999.0,-9999.0,-9999.0,-9999.0,-9999.0,-9999.0,-9999.0,-9999.0,orientation,color,size,0.38,-7.0,13,male,1,2304.7063153,0,19
1518,-9999.0,-9999.0,-9999.0,-9999.0,-9999.0,-9999.0,-9999.0,-9999.0,-9999.0,orientation,color,size,0.38,-7.0,13,male,1,2304.7063153,0,19
1519,-9999.0,-9999.0,-9999.0,-9999.0,-9999.0,-9999.0,-9999.0,-9999.0,-9999.0,orientation,color,size,0.38,-7.0,13,male,1,2304.7063153,0,19
1520,-9999.0,-9999.0,-9999.0,-9999.0,-9999.0,-9999.0,-9999.0,-9999.0,-9999.0,orientation,color,size,0.38,-7.0,13,male,1,2304.7063153,0,19
1521,-9999.0,-9999.0,-9999.0,-9999.0,-9999.0,-9999.0,-9999.0,-9999.0,-9999.0,orientation,color,size,0.38,-7.0,13,male,1,2304.7063153,0,19
1522,-9999.0,-9999.0,-9999.0,-9999.0,-9999.0,-9999.0,-9999.0,-9999.0,-9999.0,orientation,color,size,0.38,-7.0,13,male,1,2304.7063153,0,19
1523,-9999.0,-9999.0,-9999.0,-9999.0,-9999.0,-9999.0,-9999.0,-9999.0,-9999.0,orientation,color,size,0.38,-7.0,13,male,1,2304.7063153,0,19
1524,-9999.0,-9999.0,-9999.0,-9999.0,-9999.0,-9999.0,-9999.0,-9999.0,-9999.0,orientation,color,size,0.38,-7.0,13,male,1,2304.7063153,0,19
1525,-9999.0,-9999.0,-9999.0,-9999.0,-9999.0,-9999.0,-9999.0,-9999.0,-9999.0,orientation,color,size,0.38,-7.0,13,male,1,2304.7063153,0,19
1526,-9999.0,-9999.0,-9999.0,-9999.0,-9999.0,-9999.0,-9999.0,-9999.0,-9999.0,orientation,color,size,0.38,-7.0,13,male,1,2304.7063153,0,19
1527,-9999.0,-9999.0,-9999.0,-9999.0,-9999.0,-9999.0,-9999.0,-9999.0,-9999.0,orientation,color,size,0.38,-7.0,13,male,1,2304.7063153,0,19
1528,-9999.0,-9999.0,-9999.0,-9999.0,-9999.0,-9999.0,-9999.0,-9999.0,-9999.0,orientation,color,size,0.38,-7.0,13,male,1,2304.7063153,0,19
1529,-9999.0,-9999.0,-9999.0,-9999.0,-9999.0,-9999.0,-9999.0,-9999.0,-9999.0,orientation,color,size,0.38,-7.0,13,male,1,2304.7063153,0,19
1530,-9999.0,-9999.0,-9999.0,-9999.0,-9999.0,-9999.0,-9999.0,-9999.0,-9999.0,orientation,color,size,0.38,-7.0,13,male,1,2304.7063153,0,19
1531,-9999.0,-9999.0,-9999.0,-9999.0,-9999.0,-9999.0,-9999.0,-9999.0,-9999.0,orientation,color,size,0.38,-7.0,13,male,1,2304.7063153,0,19
1532,-9999.0,-9999.0,-9999.0,-9999.0,-9999.0,-9999.0,-9999.0,-9999.0,-9999.0,orientation,color,size,0.38,-7.0,13,male,1,2304.7063153,0,19
1533,-9999.0,-9999.0,-9999.0,-9999.0,-9999.0,-9999.0,-9999.0,-9999.0,-9999.0,orientation,color,size,0.38,-7.0,13,male,1,2304.7063153,0,19
1534,-9999.0,-9999.0,-9999.0,-9999.0,-9999.0,-9999.0,-9999.0,-9999.0,-9999.0,orientation,color,size,0.38,-7.0,13,male,1,2304.7063153,0,19
1535,-9999.0,-9999.0,-9999.0,-9999.0,-9999.0,-9999.0,-9999.0,-9999.0,-9999.0,orientation,color,size,0.38,-7.0,13,male,1,2304.7063153,0,19
1536,-9999.0,-9999.0,-9999.0,-9999.0,-9999.0,-9999.0,-9999.0,-9999.0,-9999.0,orientation,color,size,0.38,-7.0,13,male,1,2304.7063153,0,19
1537,-9999.0,-9999.0,-9999.0,-9999.0,-9999.0,-9999.0,-9999.0,-9999.0,-9999.0,orientation,color,size,0.38,-7.0,13,male,1,2304.7063153,0,19
1538,-9999.0,-9999.0,-9999.0,-9999.0,-9999.0,-9999.0,-9999.0,-9999.0,-9999.0,orientation,color,size,0.38,-7.0,13,male,1,2304.7063153,0,19
1539,-9999.0,-9999.0,-9999.0,-9999.0,-9999.0,-9999.0,-9999.0,-9999.0,-9999.0,orientation,color,size,0.38,-7.0,13,male,1,2304.7063153,0,19
1540,-9999.0,-9999.0,-9999.0,-9999.0,-9999.0,-9999.0,-9999.0,-9999.0,-9999.0,orientation,color,size,0.38,-7.0,13,male,1,2304.7063153,0,19
1541,-9999.0,-9999.0,-9999.0,-9999.0,-9999.0,-9999.0,-9999.0,-9999.0,-9999.0,orientation,color,size,0.38,-7.0,13,male,1,2304.7063153,0,19
1542,-9999.0,-9999.0,-9999.0,-9999.0,-9999.0,-9999.0,-9999.0,-9999.0,-9999.0,orientation,color,size,0.38,-7.0,13,male,1,2304.7063153,0,19
1543,-9999.0,-9999.0,-9999.0,-9999.0,-9999.0,-9999.0,-9999.0,-9999.0,-9999.0,orientation,color,size,0.38,-7.0,13,male,1,2304.7063153,0,19
1544,-9999.0,-9999.0,-9999.0,-9999.0,-9999.0,-9999.0,-9999.0,-9999.0,-9999.0,orientation,color,size,0.38,-7.0,13,male,1,2304.7063153,0,19
1545,-9999.0,-9999.0,-9999.0,-9999.0,-9999.0,-9999.0,-9999.0,-9999.0,-9999.0,orientation,color,size,0.38,-7.0,13,male,1,2304.7063153,0,19
1546,-9999.0,-9999.0,-9999.0,-9999.0,-9999.0,-9999.0,-9999.0,-9999.0,-9999.0,orientation,color,size,0.38,-7.0,13,male,1,2304.7063153,0,19
1547,-9999.0,-9999.0,-9999.0,-9999.0,-9999.0,-9999.0,-9999.0,-9999.0,-9999.0,orientation,color,size,0.38,-7.0,13,male,1,2304.7063153,0,19
1548,-9999.0,-9999.0,-9999.0,-9999.0,-9999.0,-9999.0,-9999.0,-9999.0,-9999.0,orientation,color,size,0.38,-7.0,13,male,1,2304.7063153,0,19
1549,-9999.0,-9999.0,-9999.0,-9999.0,-9999.0,-9999.0,-9999.0,-9999.0,-9999.0,orientation,color,size,0.38,-7.0,13,male,1,2304.7063153,0,19
1550,-9999.0,-9999.0,-9999.0,-9999.0,-9999.0,-9999.0,-9999.0,-9999.0,-9999.0,orientation,color,size,0.38,-7.0,13,male,1,2304.7063153,0,19
1551,-9999.0,-9999.0,-9999.0,-9999.0,-9999.0,-9999.0,-9999.0,-9999.0,-9999.0,orientation,color,size,0.38,-7.0,13,male,1,2304.7063153,0,19
1552,-9999.0,-9999.0,-9999.0,-9999.0,-9999.0,-9999.0,-9999.0,-9999.0,-9999.0,orientation,color,size,0.38,-7.0,13,male,1,2304.7063153,0,19
1553,-9999.0,-9999.0,-9999.0,-9999.0,-9999.0,-9999.0,-9999.0,-9999.0,-9999.0,orientation,color,size,0.38,-7.0,13,male,1,2304.7063153,0,19
1554,-9999.0,-9999.0,-9999.0,-9999.0,-9999.0,-9999.0,-9999.0,-9999.0,-9999.0,orientation,color,size,0.38,-7.0,13,male,1,2304.7063153,0,19
1555,-9999.0,-9999.0,-9999.0,-9999.0,-9999.0,-9999.0,-9999.0,-9999.0,-9999.0,orientation,color,size,0.38,-7.0,13,male,1,2304.7063153,0,19
1556,-9999.0,-9999.0,-9999.0,-9999.0,-9999.0,-9999.0,-9999.0,-9999.0,-9999.0,orientation,color,size,0.38,-7.0,13,male,1,2304.7063153,0,19
1557,-9999.0,-9999.0,-9999.0,-9999.0,-9999.0,-9999.0,-9999.0,-9999.0,-9999.0,orientation,color,size,0.38,-7.0,13,male,1,2304.7063153,0,19
1558,-9999.0,-9999.0,-9999.0,-9999.0,-9999.0,-9999.0,-9999.0,-9999.0,-9999.0,orientation,color,size,0.38,-7.0,13,male,1,2304.7063153,0,19
1559,-9999.0,-9999.0,-9999.0,-9999.0,-9999.0,-9999.0,-9999.0,-9999.0,-9999.0,orientation,color,size,0.38,-7.0,13,male,1,2304.7063153,0,19
1560,-9999.0,-9999.0,-9999.0,-9999.0,-9999.0,-9999.0,-9999.0,-9999.0,-9999.0,orientation,color,size,0.38,-7.0,13,male,1,2304.7063153,0,19
1561,-9999.0,-9999.0,-9999.0,-9999.0,-9999.0,-9999.0,-9999.0,-9999.0,-9999.0,orientation,color,size,0.38,-7.0,13,male,1,2304.7063153,0,19
1562,-9999.0,-9999.0,-9999.0,-9999.0,-9999.0,-9999.0,-9999.0,-9999.0,-9999.0,orientation,color,size,0.38,-7.0,13,male,1,2304.7063153,0,19
1563,-9999.0,-9999.0,-9999.0,-9999.0,-9999.0,-9999.0,-9999.0,-9999.0,-9999.0,orientation,color,size,0.38,-7.0,13,male,1,2304.7063153,0,19
1564,-9999.0,-9999.0,-9999.0,-9999.0,-9999.0,-9999.0,-9999.0,-9999.0,-9999.0,orientation,color,size,0.38,-7.0,13,male,1,2304.7063153,0,19
1565,-9999.0,-9999.0,-9999.0,-9999.0,-9999.0,-9999.0,-9999.0,-9999.0,-9999.0,orientation,color,size,0.38,-7.0,13,male,1,2304.7063153,0,19
1566,-9999.0,-9999.0,-9999.0,-9999.0,-9999.0,-9999.0,-9999.0,-9999.0,-9999.0,orientation,color,size,0.38,-7.0,13,male,1,2304.7063153,0,19
1567,-9999.0,-9999.0,-9999.0,-9999.0,-9999.0,-9999.0,-9999.0,-9999.0,-9999.0,orientation,color,size,0.38,-7.0,13,male,1,2304.7063153,0,19
1568,-9999.0,-9999.0,-9999.0,-9999.0,-9999.0,-9999.0,-9999.0,-9999.0,-9999.0,orientation,color,size,0.38,-7.0,13,male,1,2304.7063153,0,19
1569,-9999.0,-9999.0,-9999.0,-9999.0,-9999.0,-9999.0,-9999.0,-9999.0,-9999.0,orientation,color,size,0.38,-7.0,13,male,1,2304.7063153,0,19
1570,-9999.0,-9999.0,-9999.0,-9999.0,-9999.0,-9999.0,-9999.0,-9999.0,-9999.0,orientation,color,size,0.38,-7.0,13,male,1,2304.7063153,0,19
1571,-9999.0,-9999.0,-9999.0,-9999.0,-9999.0,-9999.0,-9999.0,-9999.0,-9999.0,orientation,color,size,0.38,-7.0,13,male,1,2304.7063153,0,19
1572,-9999.0,-9999.0,-9999.0,-9999.0,-9999.0,-9999.0,-9999.0,-9999.0,-9999.0,orientation,color,size,0.38,-7.0,13,male,1,2304.7063153,0,19
1573,-9999.0,-9999.0,-9999.0,-9999.0,-9999.0,-9999.0,-9999.0,-9999.0,-9999.0,orientation,color,size,0.38,-7.0,13,male,1,2304.7063153,0,19
1574,-9999.0,-9999.0,-9999.0,-9999.0,-9999.0,-9999.0,-9999.0,-9999.0,-9999.0,orientation,color,size,0.38,-7.0,13,male,1,2304.7063153,0,19
1575,-9999.0,-9999.0,-9999.0,-9999.0,-9999.0,-9999.0,-9999.0,-9999.0,-9999.0,orientation,color,size,0.38,-7.0,13,male,1,2304.7063153,0,19
1576,-9999.0,-9999.0,-9999.0,-9999.0,-9999.0,-9999.0,-9999.0,-9999.0,-9999.0,orientation,color,size,0.38,-7.0,13,male,1,2304.7063153,0,19
1577,-9999.0,-9999.0,-9999.0,-9999.0,-9999.0,-9999.0,-9999.0,-9999.0,-9999.0,orientation,color,size,0.38,-7.0,13,male,1,2304.7063153,0,19
1578,-9999.0,-9999.0,-9999.0,-9999.0,-9999.0,-9999.0,-9999.0,-9999.0,-9999.0,orientation,color,size,0.38,-7.0,13,male,1,2304.7063153,0,19
1579,-9999.0,-9999.0,-9999.0,-9999.0,-9999.0,-9999.0,-9999.0,-9999.0,-9999.0,orientation,color,size,0.38,-7.0,13,male,1,2304.7063153,0,19
1580,-9999.0,-9999.0,-9999.0,-9999.0,-9999.0,-9999.0,-9999.0,-9999.0,-9999.0,orientation,color,size,0.38,-7.0,13,male,1,2304.7063153,0,19
1581,-9999.0,-9999.0,-9999.0,-9999.0,-9999.0,-9999.0,-9999.0,-9999.0,-9999.0,orientation,color,size,0.38,-7.0,13,male,1,2304.7063153,0,19
1582,-9999.0,-9999.0,-9999.0,-9999.0,-9999.0,-9999.0,-9999.0,-9999.0,-9999.0,orientation,color,size,0.38,-7.0,13,male,1,2304.7063153,0,19
1583,-9999.0,-9999.0,-9999.0,-9999.0,-9999.0,-9999.0,-9999.0,-9999.0,-9999.0,orientation,color,size,0.38,-7.0,13,male,1,2304.7063153,0,19
1584,-9999.0,-9999.0,-9999.0,-9999.0,-9999.0,-9999.0,-9999.0,-9999.0,-9999.0,orientation,color,size,0.38,-7.0,13,male,1,2304.7063153,0,19
1585,-9999.0,-9999.0,-9999.0,-9999.0,-9999.0,-9999.0,-9999.0,-9999.0,-9999.0,orientation,color,size,0.38,-7.0,13,male,1,2304.7063153,0,19
1586,-9999.0,-9999.0,-9999.0,-9999.0,-9999.0,-9999.0,-9999.0,-9999.0,-9999.0,orientation,color,size,0.38,-7.0,13,male,1,2304.7063153,0,19
1587,-9999.0,-9999.0,-9999.0,-9999.0,-9999.0,-9999.0,-9999.0,-9999.0,-9999.0,orientation,color,size,0.38,-7.0,13,male,1,2304.7063153,0,19
1588,-9999.0,-9999.0,-9999.0,-9999.0,-9999.0,-9999.0,-9999.0,-9999.0,-9999.0,orientation,color,size,0.38,-7.0,13,male,1,2304.7063153,0,19
1589,-9999.0,-9999.0,-9999.0,-9999.0,-9999.0,-9999.0,-9999.0,-9999.0,-9999.0,orientation,color,size,0.38,-7.0,13,male,1,2304.7063153,0,19
1590,-9999.0,-9999.0,-9999.0,-9999.0,-9999.0,-9999.0,-9999.0,-9999.0,-9999.0,orientation,color,size,0.38,-7.0,13,male,1,2304.7063153,0,19
1591,-9999.0,-9999.0,-9999.0,-9999.0,-9999.0,-9999.0,-9999.0,-9999.0,-9999.0,orientation,color,size,0.38,-7.0,13,male,1,2304.7063153,0,19
1592,-9999.0,-9999.0,-9999.0,-9999.0,-9999.0,-9999.0,-9999.0,-9999.0,-9999.0,orientation,color,size,0.38,-7.0,13,male,1,2304.7063153,0,19
1593,-9999.0,-9999.0,-9999.0,-9999.0,-9999.0,-9999.0,-9999.0,-9999.0,-9999.0,orientation,color,size,0.38,-7.0,13,male,1,2304.7063153,0,19
1594,-9999.0,-9999.0,-9999.0,-9999.0,-9999.0,-9999.0,-9999.0,-9999.0,-9999.0,orientation,color,size,0.38,-7.0,13,male,1,2304.7063153,0,19
1595,-9999.0,-9999.0,-9999.0,-9999.0,-9999.0,-9999.0,-9999.0,-9999.0,-9999.0,orientation,color,size,0.38,-7.0,13,male,1,2304.7063153,0,19
1596,-9999.0,-9999.0,-9999.0,-9999.0,-9999.0,-9999.0,-9999.0,-9999.0,-9999.0,orientation,color,size,0.38,-7.0,13,male,1,2304.7063153,0,19
1597,-9999.0,-9999.0,-9999.0,-9999.0,-9999.0,-9999.0,-9999.0,-9999.0,-9999.0,orientation,color,size,0.38,-7.0,13,male,1,2304.7063153,0,19
1598,-9999.0,-9999.0,-9999.0,-9999.0,-9999.0,-9999.0,-9999.0,-9999.0,-9999.0,orientation,color,size,0.38,-7.0,13,male,1,2304.7063153,0,19
1599,-9999.0,-9999.0,-9999.0,-9999.0,-9999.0,-9999.0,-9999.0,-9999.0,-9999.0,orientation,color,size,0.38,-7.0,13,male,1,2304.7063153,0,19
1600,-9999.0,-9999.0,-9999.0,-9999.0,-9999.0,-9999.0,-9999.0,-9999.0,-9999.0,orientation,color,size,0.38,-7.0,13,male,1,2304.7063153,0,19
1601,-9999.0,-9999.0,-9999.0,-9999.0,-9999.0,-9999.0,-9999.0,-9999.0,-9999.0,orientation,color,size,0.38,-7.0,13,male,1,2304.7063153,0,19
1602,-9999.0,-9999.0,-9999.0,-9999.0,-9999.0,-9999.0,-9999.0,-9999.0,-9999.0,orientation,color,size,0.38,-7.0,13,male,1,2304.7063153,0,19
1603,-9999.0,-9999.0,-9999.0,-9999.0,-9999.0,-9999.0,-9999.0,-9999.0,-9999.0,orientation,color,size,0.38,-7.0,13,male,1,2304.7063153,0,19
1604,-9999.0,-9999.0,-9999.0,-9999.0,-9999.0,-9999.0,-9999.0,-9999.0,-9999.0,orientation,color,size,0.38,-7.0,13,male,1,2304.7063153,0,19
1605,-9999.0,-9999.0,-9999.0,-9999.0,-9999.0,-9999.0,-9999.0,-9999.0,-9999.0,orientation,color,size,0.38,-7.0,13,male,1,2304.7063153,0,19
1606,-9999.0,-9999.0,-9999.0,-9999.0,-9999.0,-9999.0,-9999.0,-9999.0,-9999.0,orientation,color,size,0.38,-7.0,13,male,1,2304.7063153,0,19
1607,-9999.0,-9999.0,-9999.0,-9999.0,-9999.0,-9999.0,-9999.0,-9999.0,-9999.0,orientation,color,size,0.38,-7.0,13,male,1,2304.7063153,0,19
1608,-9999.0,-9999.0,-9999.0,-9999.0,-9999.0,-9999.0,-9999.0,-9999.0,-9999.0,orientation,color,size,0.38,-7.0,13,male,1,2304.7063153,0,19
1609,-9999.0,-9999.0,-9999.0,-9999.0,-9999.0,-9999.0,-9999.0,-9999.0,-9999.0,orientation,color,size,0.38,-7.0,13,male,1,2304.7063153,0,19
1610,-9999.0,-9999.0,-9999.0,-9999.0,-9999.0,-9999.0,-9999.0,-9999.0,-9999.0,orientation,color,size,0.38,-7.0,13,male,1,2304.7063153,0,19
1611,-9999.0,-9999.0,-9999.0,-9999.0,-9999.0,-9999.0,-9999.0,-9999.0,-9999.0,orientation,color,size,0.38,-7.0,13,male,1,2304.7063153,0,19
1612,-9999.0,-9999.0,-9999.0,-9999.0,-9999.0,-9999.0,-9999.0,-9999.0,-9999.0,orientation,color,size,0.38,-7.0,13,male,1,2304.7063153,0,19
1613,-9999.0,-9999.0,-9999.0,-9999.0,-9999.0,-9999.0,-9999.0,-9999.0,-9999.0,orientation,color,size,0.38,-7.0,13,male,1,2304.7063153,0,19
1614,-9999.0,-9999.0,-9999.0,-9999.0,-9999.0,-9999.0,-9999.0,-9999.0,-9999.0,orientation,color,size,0.38,-7.0,13,male,1,2304.7063153,0,19
1615,-9999.0,-9999.0,-9999.0,-9999.0,-9999.0,-9999.0,-9999.0,-9999.0,-9999.0,orientation,color,size,0.38,-7.0,13,male,1,2304.7063153,0,19
1616,-9999.0,-9999.0,-9999.0,-9999.0,-9999.0,-9999.0,-9999.0,-9999.0,-9999.0,orientation,color,size,0.38,-7.0,13,male,1,2304.7063153,0,19
1617,-9999.0,-9999.0,-9999.0,-9999.0,-9999.0,-9999.0,-9999.0,-9999.0,-9999.0,orientation,color,size,0.38,-7.0,13,male,1,2304.7063153,0,19
1618,-9999.0,-9999.0,-9999.0,-9999.0,-9999.0,-9999.0,-9999.0,-9999.0,-9999.0,orientation,color,size,0.38,-7.0,13,male,1,2304.7063153,0,19
1619,-9999.0,-9999.0,-9999.0,-9999.0,-9999.0,-9999.0,-9999.0,-9999.0,-9999.0,orientation,color,size,0.38,-7.0,13,male,1,2304.7063153,0,19
1620,-9999.0,-9999.0,-9999.0,-9999.0,-9999.0,-9999.0,-9999.0,-9999.0,-9999.0,orientation,color,size,0.38,-7.0,13,male,1,2304.7063153,0,19
1621,-9999.0,-9999.0,-9999.0,-9999.0,-9999.0,-9999.0,-9999.0,-9999.0,-9999.0,orientation,color,size,0.38,-7.0,13,male,1,2304.7063153,0,19
1622,-9999.0,-9999.0,-9999.0,-9999.0,-9999.0,-9999.0,-9999.0,-9999.0,-9999.0,orientation,color,size,0.38,-7.0,13,male,1,2304.7063153,0,19
1623,-9999.0,-9999.0,-9999.0,-9999.0,-9999.0,-9999.0,-9999.0,-9999.0,-9999.0,orientation,color,size,0.38,-7.0,13,male,1,2304.7063153,0,19
1624,-9999.0,-9999.0,-9999.0,-9999.0,-9999.0,-9999.0,-9999.0,-9999.0,-9999.0,orientation,color,size,0.38,-7.0,13,male,1,2304.7063153,0,19
1625,-9999.0,-9999.0,-9999.0,-9999.0,-9999.0,-9999.0,-9999.0,-9999.0,-9999.0,orientation,color,size,0.38,-7.0,13,male,1,2304.7063153,0,19
1626,-9999.0,-9999.0,-9999.0,-9999.0,-9999.0,-9999.0,-9999.0,-9999.0,-9999.0,orientation,color,size,0.38,-7.0,13,male,1,2304.7063153,0,19
1627,-9999.0,-9999.0,-9999.0,-9999.0,-9999.0,-9999.0,-9999.0,-9999.0,-9999.0,orientation,color,size,0.38,-7.0,13,male,1,2304.7063153,0,19
1628,-9999.0,-9999.0,-9999.0,-9999.0,-9999.0,-9999.0,-9999.0,-9999.0,-9999.0,orientation,color,size,0.38,-7.0,13,male,1,2304.7063153,0,19
1629,-9999.0,-9999.0,-9999.0,-9999.0,-9999.0,-9999.0,-9999.0,-9999.0,-9999.0,orientation,color,size,0.38,-7.0,13,male,1,2304.7063153,0,19
1630,-9999.0,-9999.0,-9999.0,-9999.0,-9999.0,-9999.0,-9999.0,-9999.0,-9999.0,orientation,color,size,0.38,-7.0,13,male,1,2304.7063153,0,19
1631,-9999.0,-9999.0,-9999.0,-9999.0,-9999.0,-9999.0,-9999.0,-9999.0,-9999.0,orientation,color,size,0.38,-7.0,13,male,1,2304.7063153,0,19
1632,-9999.0,-9999.0,-9999.0,-9999.0,-9999.0,-9999.0,-9999.0,-9999.0,-9999.0,orientation,color,size,0.38,-7.0,13,male,1,2304.7063153,0,19
1633,-9999.0,-9999.0,-9999.0,-9999.0,-9999.0,-9999.0,-9999.0,-9999.0,-9999.0,orientation,color,size,0.38,-7.0,13,male,1,2304.7063153,0,19
1634,-9999.0,-9999.0,-9999.0,-9999.0,-9999.0,-9999.0,-9999.0,-9999.0,-9999.0,orientation,color,size,0.38,-7.0,13,male,1,2304.7063153,0,19
1635,-9999.0,-9999.0,-9999.0,-9999.0,-9999.0,-9999.0,-9999.0,-9999.0,-9999.0,orientation,color,size,0.38,-7.0,13,male,1,2304.7063153,0,19
1636,-9999.0,-9999.0,-9999.0,-9999.0,-9999.0,-9999.0,-9999.0,-9999.0,-9999.0,orientation,color,size,0.38,-7.0,13,male,1,2304.7063153,0,19
1637,-9999.0,-9999.0,-9999.0,-9999.0,-9999.0,-9999.0,-9999.0,-9999.0,-9999.0,orientation,color,size,0.38,-7.0,13,male,1,2304.7063153,0,19
1638,-9999.0,-9999.0,-9999.0,-9999.0,-9999.0,-9999.0,-9999.0,-9999.0,-9999.0,orientation,color,size,0.38,-7.0,13,male,1,2304.7063153,0,19
1639,-9999.0,-9999.0,-9999.0,-9999.0,-9999.0,-9999.0,-9999.0,-9999.0,-9999.0,orientation,color,size,0.38,-7.0,13,male,1,2304.7063153,0,19
1640,-9999.0,-9999.0,-9999.0,-9999.0,-9999.0,-9999.0,-9999.0,-9999.0,-9999.0,orientation,color,size,0.38,-7.0,13,male,1,2304.7063153,0,19
1641,-9999.0,-9999.0,-9999.0,-9999.0,-9999.0,-9999.0,-9999.0,-9999.0,-9999.0,orientation,color,size,0.38,-7.0,13,male,1,2304.7063153,0,19
1642,-9999.0,-9999.0,-9999.0,-9999.0,-9999.0,-9999.0,-9999.0,-9999.0,-9999.0,orientation,color,size,0.38,-7.0,13,male,1,2304.7063153,0,19
1643,-9999.0,-9999.0,-9999.0,-9999.0,-9999.0,-9999.0,-9999.0,-9999.0,-9999.0,orientation,color,size,0.38,-7.0,13,male,1,2304.7063153,0,19
1644,-9999.0,-9999.0,-9999.0,-9999.0,-9999.0,-9999.0,-9999.0,-9999.0,-9999.0,orientation,color,size,0.38,-7.0,13,male,1,2304.7063153,0,19
1645,-9999.0,-9999.0,-9999.0,-9999.0,-9999.0,-9999.0,-9999.0,-9999.0,-9999.0,orientation,color,size,0.38,-7.0,13,male,1,2304.7063153,0,19
1646,-9999.0,-9999.0,-9999.0,-9999.0,-9999.0,-9999.0,-9999.0,-9999.0,-9999.0,orientation,color,size,0.38,-7.0,13,male,1,2304.7063153,0,19
1647,-9999.0,-9999.0,-9999.0,-9999.0,-9999.0,-9999.0,-9999.0,-9999.0,-9999.0,orientation,color,size,0.38,-7.0,13,male,1,2304.7063153,0,19
1648,-9999.0,-9999.0,-9999.0,-9999.0,-9999.0,-9999.0,-9999.0,-9999.0,-9999.0,orientation,color,size,0.38,-7.0,13,male,1,2304.7063153,0,19
1649,-9999.0,-9999.0,-9999.0,-9999.0,-9999.0,-9999.0,-9999.0,-9999.0,-9999.0,orientation,color,size,0.38,-7.0,13,male,1,2304.7063153,0,19
1650,-9999.0,-9999.0,-9999.0,-9999.0,-9999.0,-9999.0,-9999.0,-9999.0,-9999.0,orientation,color,size,0.38,-7.0,13,male,1,2304.7063153,0,19
1651,-9999.0,-9999.0,-9999.0,-9999.0,-9999.0,-9999.0,-9999.0,-9999.0,-9999.0,orientation,color,size,0.38,-7.0,13,male,1,2304.7063153,0,19
1652,-9999.0,-9999.0,-9999.0,-9999.0,-9999.0,-9999.0,-9999.0,-9999.0,-9999.0,orientation,color,size,0.38,-7.0,13,male,1,2304.7063153,0,19
1653,-9999.0,-9999.0,-9999.0,-9999.0,-9999.0,-9999.0,-9999.0,-9999.0,-9999.0,orientation,color,size,0.38,-7.0,13,male,1,2304.7063153,0,19
1654,-9999.0,-9999.0,-9999.0,-9999.0,-9999.0,-9999.0,-9999.0,-9999.0,-9999.0,orientation,color,size,0.38,-7.0,13,male,1,2304.7063153,0,19
1655,-9999.0,-9999.0,-9999.0,-9999.0,-9999.0,-9999.0,-9999.0,-9999.0,-9999.0,orientation,color,size,0.38,-7.0,13,male,1,2304.7063153,0,19
1656,-9999.0,-9999.0,-9999.0,-9999.0,-9999.0,-9999.0,-9999.0,-9999.0,-9999.0,orientation,color,size,0.38,-7.0,13,male,1,2304.7063153,0,19
1657,-9999.0,-9999.0,-9999.0,-9999.0,-9999.0,-9999.0,-9999.0,-9999.0,-9999.0,orientation,color,size,0.38,-7.0,13,male,1,2304.7063153,0,19
1658,-9999.0,-9999.0,-9999.0,-9999.0,-9999.0,-9999.0,-9999.0,-9999.0,-9999.0,orientation,color,size,0.38,-7.0,13,male,1,2304.7063153,0,19
1659,-9999.0,-9999.0,-9999.0,-9999.0,-9999.0,-9999.0,-9999.0,-9999.0,-9999.0,orientation,color,size,0.38,-7.0,13,male,1,2304.7063153,0,19
1660,-9999.0,-9999.0,-9999.0,-9999.0,-9999.0,-9999.0,-9999.0,-9999.0,-9999.0,orientation,color,size,0.38,-7.0,13,male,1,2304.7063153,0,19
1661,-9999.0,-9999.0,-9999.0,-9999.0,-9999.0,-9999.0,-9999.0,-9999.0,-9999.0,orientation,color,size,0.38,-7.0,13,male,1,2304.7063153,0,19
1662,-9999.0,-9999.0,-9999.0,-9999.0,-9999.0,-9999.0,-9999.0,-9999.0,-9999.0,orientation,color,size,0.38,-7.0,13,male,1,2304.7063153,0,19
1663,-9999.0,-9999.0,-9999.0,-9999.0,-9999.0,-9999.0,-9999.0,-9999.0,-9999.0,orientation,color,size,0.38,-7.0,13,male,1,2304.7063153,0,19
1664,-9999.0,-9999.0,-9999.0,-9999.0,-9999.0,-9999.0,-9999.0,-9999.0,-9999.0,orientation,color,size,0.38,-7.0,13,male,1,2304.7063153,0,19
1665,-9999.0,-9999.0,-9999.0,-9999.0,-9999.0,-9999.0,-9999.0,-9999.0,-9999.0,orientation,color,size,0.38,-7.0,13,male,1,2304.7063153,0,19
1666,-9999.0,-9999.0,-9999.0,-9999.0,-9999.0,-9999.0,-9999.0,-9999.0,-9999.0,orientation,color,size,0.38,-7.0,13,male,1,2304.7063153,0,19
1667,-9999.0,-9999.0,-9999.0,-9999.0,-9999.0,-9999.0,-9999.0,-9999.0,-9999.0,orientation,color,size,0.38,-7.0,13,male,1,2304.7063153,0,19
1668,-9999.0,-9999.0,-9999.0,-9999.0,-9999.0,-9999.0,-9999.0,-9999.0,-9999.0,orientation,color,size,0.38,-7.0,13,male,1,2304.7063153,0,19
1669,-9999.0,-9999.0,-9999.0,-9999.0,-9999.0,-9999.0,-9999.0,-9999.0,-9999.0,orientation,color,size,0.38,-7.0,13,male,1,2304.7063153,0,19
1670,-9999.0,-9999.0,-9999.0,-9999.0,-9999.0,-9999.0,-9999.0,-9999.0,-9999.0,orientation,color,size,0.38,-7.0,13,male,1,2304.7063153,0,19
1671,-9999.0,-9999.0,-9999.0,-9999.0,-9999.0,-9999.0,-9999.0,-9999.0,-9999.0,orientation,color,size,0.38,-7.0,13,male,1,2304.7063153,0,19
1672,-9999.0,-9999.0,-9999.0,-9999.0,-9999.0,-9999.0,-9999.0,-9999.0,-9999.0,orientation,color,size,0.38,-7.0,13,male,1,2304.7063153,0,19
1673,-9999.0,-9999.0,-9999.0,-9999.0,-9999.0,-9999.0,-9999.0,-9999.0,-9999.0,orientation,color,size,0.38,-7.0,13,male,1,2304.7063153,0,19
1674,-9999.0,-9999.0,-9999.0,-9999.0,-9999.0,-9999.0,-9999.0,-9999.0,-9999.0,orientation,color,size,0.38,-7.0,13,male,1,2304.7063153,0,19
1675,-9999.0,-9999.0,-9999.0,-9999.0,-9999.0,-9999.0,-9999.0,-9999.0,-9999.0,orientation,color,size,0.38,-7.0,13,male,1,2304.7063153,0,19
1676,-9999.0,-9999.0,-9999.0,-9999.0,-9999.0,-9999.0,-9999.0,-9999.0,-9999.0,orientation,color,size,0.38,-7.0,13,male,1,2304.7063153,0,19
1677,-9999.0,-9999.0,-9999.0,-9999.0,-9999.0,-9999.0,-9999.0,-9999.0,-9999.0,orientation,color,size,0.38,-7.0,13,male,1,2304.7063153,0,19
1678,-9999.0,-9999.0,-9999.0,-9999.0,-9999.0,-9999.0,-9999.0,-9999.0,-9999.0,orientation,color,size,0.38,-7.0,13,male,1,2304.7063153,0,19
1679,-9999.0,-9999.0,-9999.0,-9999.0,-9999.0,-9999.0,-9999.0,-9999.0,-9999.0,orientation,color,size,0.38,-7.0,13,male,1,2304.7063153,0,19
1680,-9999.0,-9999.0,-9999.0,-9999.0,-9999.0,-9999.0,-9999.0,-9999.0,-9999.0,orientation,color,size,0.38,-7.0,13,male,1,2304.7063153,0,19
1681,-9999.0,-9999.0,-9999.0,-9999.0,-9999.0,-9999.0,-9999.0,-9999.0,-9999.0,orientation,color,size,0.38,-7.0,13,male,1,2304.7063153,0,19
1682,-9999.0,-9999.0,-9999.0,-9999.0,-9999.0,-9999.0,-9999.0,-9999.0,-9999.0,orientation,color,size,0.38,-7.0,13,male,1,2304.7063153,0,19
1683,-9999.0,-9999.0,-9999.0,-9999.0,-9999.0,-9999.0,-9999.0,-9999.0,-9999.0,orientation,color,size,0.38,-7.0,13,male,1,2304.7063153,0,19
1684,-9999.0,-9999.0,-9999.0,-9999.0,-9999.0,-9999.0,-9999.0,-9999.0,-9999.0,orientation,color,size,0.38,-7.0,13,male,1,2304.7063153,0,19
1685,-9999.0,-9999.0,-9999.0,-9999.0,-9999.0,-9999.0,-9999.0,-9999.0,-9999.0,orientation,color,size,0.38,-7.0,13,male,1,2304.7063153,0,19
1686,-9999.0,-9999.0,-9999.0,-9999.0,-9999.0,-9999.0,-9999.0,-9999.0,-9999.0,orientation,color,size,0.38,-7.0,13,male,1,2304.7063153,0,19
1687,-9999.0,-9999.0,-9999.0,-9999.0,-9999.0,-9999.0,-9999.0,-9999.0,-9999.0,orientation,color,size,0.38,-7.0,13,male,1,2304.7063153,0,19
1688,-9999.0,-9999.0,-9999.0,-9999.0,-9999.0,-9999.0,-9999.0,-9999.0,-9999.0,orientation,color,size,0.38,-7.0,13,male,1,2304.7063153,0,19
1689,-9999.0,-9999.0,-9999.0,-9999.0,-9999.0,-9999.0,-9999.0,-9999.0,-9999.0,orientation,color,size,0.38,-7.0,13,male,1,2304.7063153,0,19
1690,-9999.0,-9999.0,-9999.0,-9999.0,-9999.0,-9999.0,-9999.0,-9999.0,-9999.0,orientation,color,size,0.38,-7.0,13,male,1,2304.7063153,0,19
1691,-9999.0,-9999.0,-9999.0,-9999.0,-9999.0,-9999.0,-9999.0,-9999.0,-9999.0,orientation,color,size,0.38,-7.0,13,male,1,2304.7063153,0,19
1692,-9999.0,-9999.0,-9999.0,-9999.0,-9999.0,-9999.0,-9999.0,-9999.0,-9999.0,orientation,color,size,0.38,-7.0,13,male,1,2304.7063153,0,19
1693,-9999.0,-9999.0,-9999.0,-9999.0,-9999.0,-9999.0,-9999.0,-9999.0,-9999.0,orientation,color,size,0.38,-7.0,13,male,1,2304.7063153,0,19
1694,-9999.0,-9999.0,-9999.0,-9999.0,-9999.0,-9999.0,-9999.0,-9999.0,-9999.0,orientation,color,size,0.38,-7.0,13,male,1,2304.7063153,0,19
1695,-9999.0,-9999.0,-9999.0,-9999.0,-9999.0,-9999.0,-9999.0,-9999.0,-9999.0,orientation,color,size,0.38,-7.0,13,male,1,2304.7063153,0,19
1696,-9999.0,-9999.0,-9999.0,-9999.0,-9999.0,-9999.0,-9999.0,-9999.0,-9999.0,orientation,color,size,0.38,-7.0,13,male,1,2304.7063153,0,19
1697,-9999.0,-9999.0,-9999.0,-9999.0,-9999.0,-9999.0,-9999.0,-9999.0,-9999.0,orientation,color,size,0.38,-7.0,13,male,1,2304.7063153,0,19
1698,-9999.0,-9999.0,-9999.0,-9999.0,-9999.0,-9999.0,-9999.0,-9999.0,-9999.0,orientation,color,size,0.38,-7.0,13,male,1,2304.7063153,0,19
1699,-9999.0,-9999.0,-9999.0,-9999.0,-9999.0,-9999.0,-9999.0,-9999.0,-9999.0,orientation,color,size,0.38,-7.0,13,male,1,2304.7063153,0,19
1700,-9999.0,-9999.0,-9999.0,-9999.0,-9999.0,-9999.0,-9999.0,-9999.0,-9999.0,orientation,color,size,0.38,-7.0,13,male,1,2304.7063153,0,19
1701,-9999.0,-9999.0,-9999.0,-9999.0,-9999.0,-9999.0,-9999.0,-9999.0,-9999.0,orientation,color,size,0.38,-7.0,13,male,1,2304.7063153,0,19
1702,-9999.0,-9999.0,-9999.0,-9999.0,-9999.0,-9999.0,-9999.0,-9999.0,-9999.0,orientation,color,size,0.38,-7.0,13,male,1,2304.7063153,0,19
1703,-9999.0,-9999.0,-9999.0,-9999.0,-9999.0,-9999.0,-9999.0,-9999.0,-9999.0,orientation,color,size,0.38,-7.0,13,male,1,2304.7063153,0,19
1704,-9999.0,-9999.0,-9999.0,-9999.0,-9999.0,-9999.0,-9999.0,-9999.0,-9999.0,orientation,color,size,0.38,-7.0,13,male,1,2304.7063153,0,19
1705,-9999.0,-9999.0,-9999.0,-9999.0,-9999.0,-9999.0,-9999.0,-9999.0,-9999.0,orientation,color,size,0.38,-7.0,13,male,1,2304.7063153,0,19
1706,-9999.0,-9999.0,-9999.0,-9999.0,-9999.0,-9999.0,-9999.0,-9999.0,-9999.0,orientation,color,size,0.38,-7.0,13,male,1,2304.7063153,0,19
1707,-9999.0,-9999.0,-9999.0,-9999.0,-9999.0,-9999.0,-9999.0,-9999.0,-9999.0,orientation,color,size,0.38,-7.0,13,male,1,2304.7063153,0,19
1708,-9999.0,-9999.0,-9999.0,-9999.0,-9999.0,-9999.0,-9999.0,-9999.0,-9999.0,orientation,color,size,0.38,-7.0,13,male,1,2304.7063153,0,19
1709,-9999.0,-9999.0,-9999.0,-9999.0,-9999.0,-9999.0,-9999.0,-9999.0,-9999.0,orientation,color,size,0.38,-7.0,13,male,1,2304.7063153,0,19
1710,-9999.0,-9999.0,-9999.0,-9999.0,-9999.0,-9999.0,-9999.0,-9999.0,-9999.0,orientation,color,size,0.38,-7.0,13,male,1,2304.7063153,0,19
1711,-9999.0,-9999.0,-9999.0,-9999.0,-9999.0,-9999.0,-9999.0,-9999.0,-9999.0,orientation,color,size,0.38,-7.0,13,male,1,2304.7063153,0,19
1712,-9999.0,-9999.0,-9999.0,-9999.0,-9999.0,-9999.0,-9999.0,-9999.0,-9999.0,orientation,color,size,0.38,-7.0,13,male,1,2304.7063153,0,19
1713,-9999.0,-9999.0,-9999.0,-9999.0,-9999.0,-9999.0,-9999.0,-9999.0,-9999.0,orientation,color,size,0.38,-7.0,13,male,1,2304.7063153,0,19
1714,-9999.0,-9999.0,-9999.0,-9999.0,-9999.0,-9999.0,-9999.0,-9999.0,-9999.0,orientation,color,size,0.38,-7.0,13,male,1,2304.7063153,0,19
1715,-9999.0,-9999.0,-9999.0,-9999.0,-9999.0,-9999.0,-9999.0,-9999.0,-9999.0,orientation,color,size,0.38,-7.0,13,male,1,2304.7063153,0,19
1716,-9999.0,-9999.0,-9999.0,-9999.0,-9999.0,-9999.0,-9999.0,-9999.0,-9999.0,orientation,color,size,0.38,-7.0,13,male,1,2304.7063153,0,19
1717,-9999.0,-9999.0,-9999.0,-9999.0,-9999.0,-9999.0,-9999.0,-9999.0,-9999.0,orientation,color,size,0.38,-7.0,13,male,1,2304.7063153,0,19
1718,-9999.0,-9999.0,-9999.0,-9999.0,-9999.0,-9999.0,-9999.0,-9999.0,-9999.0,orientation,color,size,0.38,-7.0,13,male,1,2304.7063153,0,19
1719,-9999.0,-9999.0,-9999.0,-9999.0,-9999.0,-9999.0,-9999.0,-9999.0,-9999.0,orientation,color,size,0.38,-7.0,13,male,1,2304.7063153,0,19
1720,-9999.0,-9999.0,-9999.0,-9999.0,-9999.0,-9999.0,-9999.0,-9999.0,-9999.0,orientation,color,size,0.38,-7.0,13,male,1,2304.7063153,0,19
1721,-9999.0,-9999.0,-9999.0,-9999.0,-9999.0,-9999.0,-9999.0,-9999.0,-9999.0,orientation,color,size,0.38,-7.0,13,male,1,2304.7063153,0,19
1722,-9999.0,-9999.0,-9999.0,-9999.0,-9999.0,-9999.0,-9999.0,-9999.0,-9999.0,orientation,color,size,0.38,-7.0,13,male,1,2304.7063153,0,19
1723,-9999.0,-9999.0,-9999.0,-9999.0,-9999.0,-9999.0,-9999.0,-9999.0,-9999.0,orientation,color,size,0.38,-7.0,13,male,1,2304.7063153,0,19
1724,-9999.0,-9999.0,-9999.0,-9999.0,-9999.0,-9999.0,-9999.0,-9999.0,-9999.0,orientation,color,size,0.38,-7.0,13,male,1,2304.7063153,0,19
1725,-9999.0,-9999.0,-9999.0,-9999.0,-9999.0,-9999.0,-9999.0,-9999.0,-9999.0,orientation,color,size,0.38,-7.0,13,male,1,2304.7063153,0,19
1726,-9999.0,-9999.0,-9999.0,-9999.0,-9999.0,-9999.0,-9999.0,-9999.0,-9999.0,orientation,color,size,0.38,-7.0,13,male,1,2304.7063153,0,19
1727,-9999.0,-9999.0,-9999.0,-9999.0,-9999.0,-9999.0,-9999.0,-9999.0,-9999.0,orientation,color,size,0.38,-7.0,13,male,1,2304.7063153,0,19
1728,-9999.0,-9999.0,-9999.0,-9999.0,-9999.0,-9999.0,-9999.0,-9999.0,-9999.0,orientation,color,size,0.38,-7.0,13,male,1,2304.7063153,0,19
1729,-9999.0,-9999.0,-9999.0,-9999.0,-9999.0,-9999.0,-9999.0,-9999.0,-9999.0,orientation,color,size,0.38,-7.0,13,male,1,2304.7063153,0,19
1730,-9999.0,-9999.0,-9999.0,-9999.0,-9999.0,-9999.0,-9999.0,-9999.0,-9999.0,orientation,color,size,0.38,-7.0,13,male,1,2304.7063153,0,19
1731,-9999.0,-9999.0,-9999.0,-9999.0,-9999.0,-9999.0,-9999.0,-9999.0,-9999.0,orientation,color,size,0.38,-7.0,13,male,1,2304.7063153,0,19
1732,-9999.0,-9999.0,-9999.0,-9999.0,-9999.0,-9999.0,-9999.0,-9999.0,-9999.0,orientation,color,size,0.38,-7.0,13,male,1,2304.7063153,0,19
1733,-9999.0,-9999.0,-9999.0,-9999.0,-9999.0,-9999.0,-9999.0,-9999.0,-9999.0,orientation,color,size,0.38,-7.0,13,male,1,2304.7063153,0,19
1734,-9999.0,-9999.0,-9999.0,-9999.0,-9999.0,-9999.0,-9999.0,-9999.0,-9999.0,orientation,color,size,0.38,-7.0,13,male,1,2304.7063153,0,19
1735,-9999.0,-9999.0,-9999.0,-9999.0,-9999.0,-9999.0,-9999.0,-9999.0,-9999.0,orientation,color,size,0.38,-7.0,13,male,1,2304.7063153,0,19
1736,-9999.0,-9999.0,-9999.0,-9999.0,-9999.0,-9999.0,-9999.0,-9999.0,-9999.0,orientation,color,size,0.38,-7.0,13,male,1,2304.7063153,0,19
1737,-9999.0,-9999.0,-9999.0,-9999.0,-9999.0,-9999.0,-9999.0,-9999.0,-9999.0,orientation,color,size,0.38,-7.0,13,male,1,2304.7063153,0,19
1738,-9999.0,-9999.0,-9999.0,-9999.0,-9999.0,-9999.0,-9999.0,-9999.0,-9999.0,orientation,color,size,0.38,-7.0,13,male,1,2304.7063153,0,19
1739,-9999.0,-9999.0,-9999.0,-9999.0,-9999.0,-9999.0,-9999.0,-9999.0,-9999.0,orientation,color,size,0.38,-7.0,13,male,1,2304.7063153,0,19
1740,-9999.0,-9999.0,-9999.0,-9999.0,-9999.0,-9999.0,-9999.0,-9999.0,-9999.0,orientation,color,size,0.38,-7.0,13,male,1,2304.7063153,0,19
1741,-9999.0,-9999.0,-9999.0,-9999.0,-9999.0,-9999.0,-9999.0,-9999.0,-9999.0,orientation,color,size,0.38,-7.0,13,male,1,2304.7063153,0,19
1742,-9999.0,-9999.0,-9999.0,-9999.0,-9999.0,-9999.0,-9999.0,-9999.0,-9999.0,orientation,color,size,0.38,-7.0,13,male,1,2304.7063153,0,19
1743,-9999.0,-9999.0,-9999.0,-9999.0,-9999.0,-9999.0,-9999.0,-9999.0,-9999.0,orientation,color,size,0.38,-7.0,13,male,1,2304.7063153,0,19
1744,-9999.0,-9999.0,-9999.0,-9999.0,-9999.0,-9999.0,-9999.0,-9999.0,-9999.0,orientation,color,size,0.38,-7.0,13,male,1,2304.7063153,0,19
1745,-9999.0,-9999.0,-9999.0,-9999.0,-9999.0,-9999.0,-9999.0,-9999.0,-9999.0,orientation,color,size,0.38,-7.0,13,male,1,2304.7063153,0,19
1746,-9999.0,-9999.0,-9999.0,-9999.0,-9999.0,-9999.0,-9999.0,-9999.0,-9999.0,orientation,color,size,0.38,-7.0,13,male,1,2304.7063153,0,19
1747,-9999.0,-9999.0,-9999.0,-9999.0,-9999.0,-9999.0,-9999.0,-9999.0,-9999.0,orientation,color,size,0.38,-7.0,13,male,1,2304.7063153,0,19
1748,-9999.0,-9999.0,-9999.0,-9999.0,-9999.0,-9999.0,-9999.0,-9999.0,-9999.0,orientation,color,size,0.38,-7.0,13,male,1,2304.7063153,0,19
1749,-9999.0,-9999.0,-9999.0,-9999.0,-9999.0,-9999.0,-9999.0,-9999.0,-9999.0,orientation,color,size,0.38,-7.0,13,male,1,2304.7063153,0,19
1750,-9999.0,-9999.0,-9999.0,-9999.0,-9999.0,-9999.0,-9999.0,-9999.0,-9999.0,orientation,color,size,0.38,-7.0,13,male,1,2304.7063153,0,19
1751,-9999.0,-9999.0,-9999.0,-9999.0,-9999.0,-9999.0,-9999.0,-9999.0,-9999.0,orientation,color,size,0.38,-7.0,13,male,1,2304.7063153,0,19
1752,-9999.0,-9999.0,-9999.0,-9999.0,-9999.0,-9999.0,-9999.0,-9999.0,-9999.0,orientation,color,size,0.38,-7.0,13,male,1,2304.7063153,0,19
1753,-9999.0,-9999.0,-9999.0,-9999.0,-9999.0,-9999.0,-9999.0,-9999.0,-9999.0,orientation,color,size,0.38,-7.0,13,male,1,2304.7063153,0,19
1754,-9999.0,-9999.0,-9999.0,-9999.0,-9999.0,-9999.0,-9999.0,-9999.0,-9999.0,orientation,color,size,0.38,-7.0,13,male,1,2304.7063153,0,19
1755,-9999.0,-9999.0,-9999.0,-9999.0,-9999.0,-9999.0,-9999.0,-9999.0,-9999.0,orientation,color,size,0.38,-7.0,13,male,1,2304.7063153,0,19
1756,-9999.0,-9999.0,-9999.0,-9999.0,-9999.0,-9999.0,-9999.0,-9999.0,-9999.0,orientation,color,size,0.38,-7.0,13,male,1,2304.7063153,0,19
1757,-9999.0,-9999.0,-9999.0,-9999.0,-9999.0,-9999.0,-9999.0,-9999.0,-9999.0,orientation,color,size,0.38,-7.0,13,male,1,2304.7063153,0,19
1758,-9999.0,-9999.0,-9999.0,-9999.0,-9999.0,-9999.0,-9999.0,-9999.0,-9999.0,orientation,color,size,0.38,-7.0,13,male,1,2304.7063153,0,19
1759,-9999.0,-9999.0,-9999.0,-9999.0,-9999.0,-9999.0,-9999.0,-9999.0,-9999.0,orientation,color,size,0.38,-7.0,13,male,1,2304.7063153,0,19
1760,-9999.0,-9999.0,-9999.0,-9999.0,-9999.0,-9999.0,-9999.0,-9999.0,-9999.0,orientation,color,size,0.38,-7.0,13,male,1,2304.7063153,0,19
1761,-9999.0,-9999.0,-9999.0,-9999.0,-9999.0,-9999.0,-9999.0,-9999.0,-9999.0,orientation,color,size,0.38,-7.0,13,male,1,2304.7063153,0,19
1762,-9999.0,-9999.0,-9999.0,-9999.0,-9999.0,-9999.0,-9999.0,-9999.0,-9999.0,orientation,color,size,0.38,-7.0,13,male,1,2304.7063153,0,19
1763,-9999.0,-9999.0,-9999.0,-9999.0,-9999.0,-9999.0,-9999.0,-9999.0,-9999.0,orientation,color,size,0.38,-7.0,13,male,1,2304.7063153,0,19
1764,-9999.0,-9999.0,-9999.0,-9999.0,-9999.0,-9999.0,-9999.0,-9999.0,-9999.0,orientation,color,size,0.38,-7.0,13,male,1,2304.7063153,0,19
1765,-9999.0,-9999.0,-9999.0,-9999.0,-9999.0,-9999.0,-9999.0,-9999.0,-9999.0,orientation,color,size,0.38,-7.0,13,male,1,2304.7063153,0,19
1766,-9999.0,-9999.0,-9999.0,-9999.0,-9999.0,-9999.0,-9999.0,-9999.0,-9999.0,orientation,color,size,0.38,-7.0,13,male,1,2304.7063153,0,19
1767,-9999.0,-9999.0,-9999.0,-9999.0,-9999.0,-9999.0,-9999.0,-9999.0,-9999.0,orientation,color,size,0.38,-7.0,13,male,1,2304.7063153,0,19
1768,-9999.0,-9999.0,-9999.0,-9999.0,-9999.0,-9999.0,-9999.0,-9999.0,-9999.0,orientation,color,size,0.38,-7.0,13,male,1,2304.7063153,0,19
1769,-9999.0,-9999.0,-9999.0,-9999.0,-9999.0,-9999.0,-9999.0,-9999.0,-9999.0,orientation,color,size,0.38,-7.0,13,male,1,2304.7063153,0,19
1770,-9999.0,-9999.0,-9999.0,-9999.0,-9999.0,-9999.0,-9999.0,-9999.0,-9999.0,orientation,color,size,0.38,-7.0,13,male,1,2304.7063153,0,19
1771,-9999.0,-9999.0,-9999.0,-9999.0,-9999.0,-9999.0,-9999.0,-9999.0,-9999.0,orientation,color,size,0.38,-7.0,13,male,1,2304.7063153,0,19
1772,-9999.0,-9999.0,-9999.0,-9999.0,-9999.0,-9999.0,-9999.0,-9999.0,-9999.0,orientation,color,size,0.38,-7.0,13,male,1,2304.7063153,0,19
1773,-9999.0,-9999.0,-9999.0,-9999.0,-9999.0,-9999.0,-9999.0,-9999.0,-9999.0,orientation,color,size,0.38,-7.0,13,male,1,2304.7063153,0,19
1774,-9999.0,-9999.0,-9999.0,-9999.0,-9999.0,-9999.0,-9999.0,-9999.0,-9999.0,orientation,color,size,0.38,-7.0,13,male,1,2304.7063153,0,19
1775,-9999.0,-9999.0,-9999.0,-9999.0,-9999.0,-9999.0,-9999.0,-9999.0,-9999.0,orientation,color,size,0.38,-7.0,13,male,1,2304.7063153,0,19
1776,-9999.0,-9999.0,-9999.0,-9999.0,-9999.0,-9999.0,-9999.0,-9999.0,-9999.0,orientation,color,size,0.38,-7.0,13,male,1,2304.7063153,0,19
1777,-9999.0,-9999.0,-9999.0,-9999.0,-9999.0,-9999.0,-9999.0,-9999.0,-9999.0,orientation,color,size,0.38,-7.0,13,male,1,2304.7063153,0,19
1778,-9999.0,-9999.0,-9999.0,-9999.0,-9999.0,-9999.0,-9999.0,-9999.0,-9999.0,orientation,color,size,0.38,-7.0,13,male,1,2304.7063153,0,19
1779,-9999.0,-9999.0,-9999.0,-9999.0,-9999.0,-9999.0,-9999.0,-9999.0,-9999.0,orientation,color,size,0.38,-7.0,13,male,1,2304.7063153,0,19
1780,-9999.0,-9999.0,-9999.0,-9999.0,-9999.0,-9999.0,-9999.0,-9999.0,-9999.0,orientation,color,size,0.38,-7.0,13,male,1,2304.7063153,0,19
1781,-9999.0,-9999.0,-9999.0,-9999.0,-9999.0,-9999.0,-9999.0,-9999.0,-9999.0,orientation,color,size,0.38,-7.0,13,male,1,2304.7063153,0,19
1782,-9999.0,-9999.0,-9999.0,-9999.0,-9999.0,-9999.0,-9999.0,-9999.0,-9999.0,orientation,color,size,0.38,-7.0,13,male,1,2304.7063153,0,19
1783,-9999.0,-9999.0,-9999.0,-9999.0,-9999.0,-9999.0,-9999.0,-9999.0,-9999.0,orientation,color,size,0.38,-7.0,13,male,1,2304.7063153,0,19
1784,-9999.0,-9999.0,-9999.0,-9999.0,-9999.0,-9999.0,-9999.0,-9999.0,-9999.0,orientation,color,size,0.38,-7.0,13,male,1,2304.7063153,0,19
1785,-9999.0,-9999.0,-9999.0,-9999.0,-9999.0,-9999.0,-9999.0,-9999.0,-9999.0,orientation,color,size,0.38,-7.0,13,male,1,2304.7063153,0,19
1786,-9999.0,-9999.0,-9999.0,-9999.0,-9999.0,-9999.0,-9999.0,-9999.0,-9999.0,orientation,color,size,0.38,-7.0,13,male,1,2304.7063153,0,19
1787,-9999.0,-9999.0,-9999.0,-9999.0,-9999.0,-9999.0,-9999.0,-9999.0,-9999.0,orientation,color,size,0.38,-7.0,13,male,1,2304.7063153,0,19
1788,-9999.0,-9999.0,-9999.0,-9999.0,-9999.0,-9999.0,-9999.0,-9999.0,-9999.0,orientation,color,size,0.38,-7.0,13,male,1,2304.7063153,0,19
1789,-9999.0,-9999.0,-9999.0,-9999.0,-9999.0,-9999.0,-9999.0,-9999.0,-9999.0,orientation,color,size,0.38,-7.0,13,male,1,2304.7063153,0,19
1790,-9999.0,-9999.0,-9999.0,-9999.0,-9999.0,-9999.0,-9999.0,-9999.0,-9999.0,orientation,color,size,0.38,-7.0,13,male,1,2304.7063153,0,19
1791,-9999.0,-9999.0,-9999.0,-9999.0,-9999.0,-9999.0,-9999.0,-9999.0,-9999.0,orientation,color,size,0.38,-7.0,13,male,1,2304.7063153,0,19
1792,-9999.0,-9999.0,-9999.0,-9999.0,-9999.0,-9999.0,-9999.0,-9999.0,-9999.0,orientation,color,size,0.38,-7.0,13,male,1,2304.7063153,0,19
1793,-9999.0,-9999.0,-9999.0,-9999.0,-9999.0,-9999.0,-9999.0,-9999.0,-9999.0,orientation,color,size,0.38,-7.0,13,male,1,2304.7063153,0,19
1794,-9999.0,-9999.0,-9999.0,-9999.0,-9999.0,-9999.0,-9999.0,-9999.0,-9999.0,orientation,color,size,0.38,-7.0,13,male,1,2304.7063153,0,19
1795,-9999.0,-9999.0,-9999.0,-9999.0,-9999.0,-9999.0,-9999.0,-9999.0,-9999.0,orientation,color,size,0.38,-7.0,13,male,1,2304.7063153,0,19
1796,-9999.0,-9999.0,-9999.0,-9999.0,-9999.0,-9999.0,-9999.0,-9999.0,-9999.0,orientation,color,size,0.38,-7.0,13,male,1,2304.7063153,0,19
1797,-9999.0,-9999.0,-9999.0,-9999.0,-9999.0,-9999.0,-9999.0,-9999.0,-9999.0,orientation,color,size,0.38,-7.0,13,male,1,2304.7063153,0,19
1798,-9999.0,-9999.0,-9999.0,-9999.0,-9999.0,-9999.0,-9999.0,-9999.0,-9999.0,orientation,color,size,0.38,-7.0,13,male,1,2304.7063153,0,19
1799,-9999.0,-9999.0,-9999.0,-9999.0,-9999.0,-9999.0,-9999.0,-9999.0,-9999.0,orientation,color,size,0.38,-7.0,13,male,1,2304.7063153,0,19
1800,-9999.0,-9999.0,-9999.0,-9999.0,-9999.0,-9999.0,-9999.0,-9999.0,-9999.0,orientation,color,size,0.38,-7.0,13,male,1,2304.7063153,0,19
1801,-9999.0,-9999.0,-9999.0,-9999.0,-9999.0,-9999.0,-9999.0,-9999.0,-9999.0,orientation,color,size,0.38,-7.0,13,male,1,2304.7063153,0,19
1802,-9999.0,-9999.0,-9999.0,-9999.0,-9999.0,-9999.0,-9999.0,-9999.0,-9999.0,orientation,color,size,0.38,-7.0,13,male,1,2304.7063153,0,19
1803,-9999.0,-9999.0,-9999.0,-9999.0,-9999.0,-9999.0,-9999.0,-9999.0,-9999.0,orientation,color,size,0.38,-7.0,13,male,1,2304.7063153,0,19
1804,-9999.0,-9999.0,-9999.0,-9999.0,-9999.0,-9999.0,-9999.0,-9999.0,-9999.0,orientation,color,size,0.38,-7.0,13,male,1,2304.7063153,0,19
1805,-9999.0,-9999.0,-9999.0,-9999.0,-9999.0,-9999.0,-9999.0,-9999.0,-9999.0,orientation,color,size,0.38,-7.0,13,male,1,2304.7063153,0,19
1806,-9999.0,-9999.0,-9999.0,-9999.0,-9999.0,-9999.0,-9999.0,-9999.0,-9999.0,orientation,color,size,0.38,-7.0,13,male,1,2304.7063153,0,19
1807,-9999.0,-9999.0,-9999.0,-9999.0,-9999.0,-9999.0,-9999.0,-9999.0,-9999.0,orientation,color,size,0.38,-7.0,13,male,1,2304.7063153,0,19
1808,-9999.0,-9999.0,-9999.0,-9999.0,-9999.0,-9999.0,-9999.0,-9999.0,-9999.0,orientation,color,size,0.38,-7.0,13,male,1,2304.7063153,0,19
1809,-9999.0,-9999.0,-9999.0,-9999.0,-9999.0,-9999.0,-9999.0,-9999.0,-9999.0,orientation,color,size,0.38,-7.0,13,male,1,2304.7063153,0,19
1810,-9999.0,-9999.0,-9999.0,-9999.0,-9999.0,-9999.0,-9999.0,-9999.0,-9999.0,orientation,color,size,0.38,-7.0,13,male,1,2304.7063153,0,19
1811,-9999.0,-9999.0,-9999.0,-9999.0,-9999.0,-9999.0,-9999.0,-9999.0,-9999.0,orientation,color,size,0.38,-7.0,13,male,1,2304.7063153,0,19
1812,-9999.0,-9999.0,-9999.0,-9999.0,-9999.0,-9999.0,-9999.0,-9999.0,-9999.0,orientation,color,size,0.38,-7.0,13,male,1,2304.7063153,0,19
1813,-9999.0,-9999.0,-9999.0,-9999.0,-9999.0,-9999.0,-9999.0,-9999.0,-9999.0,orientation,color,size,0.38,-7.0,13,male,1,2304.7063153,0,19
1814,-9999.0,-9999.0,-9999.0,-9999.0,-9999.0,-9999.0,-9999.0,-9999.0,-9999.0,orientation,color,size,0.38,-7.0,13,male,1,2304.7063153,0,19
1815,-9999.0,-9999.0,-9999.0,-9999.0,-9999.0,-9999.0,-9999.0,-9999.0,-9999.0,orientation,color,size,0.38,-7.0,13,male,1,2304.7063153,0,19
1816,-9999.0,-9999.0,-9999.0,-9999.0,-9999.0,-9999.0,-9999.0,-9999.0,-9999.0,orientation,color,size,0.38,-7.0,13,male,1,2304.7063153,0,19
1817,-9999.0,-9999.0,-9999.0,-9999.0,-9999.0,-9999.0,-9999.0,-9999.0,-9999.0,orientation,color,size,0.38,-7.0,13,male,1,2304.7063153,0,19
1818,-9999.0,-9999.0,-9999.0,-9999.0,-9999.0,-9999.0,-9999.0,-9999.0,-9999.0,orientation,color,size,0.38,-7.0,13,male,1,2304.7063153,0,19
1819,-9999.0,-9999.0,-9999.0,-9999.0,-9999.0,-9999.0,-9999.0,-9999.0,-9999.0,orientation,color,size,0.38,-7.0,13,male,1,2304.7063153,0,19
1820,-9999.0,-9999.0,-9999.0,-9999.0,-9999.0,-9999.0,-9999.0,-9999.0,-9999.0,orientation,color,size,0.38,-7.0,13,male,1,2304.7063153,0,19
1821,-9999.0,-9999.0,-9999.0,-9999.0,-9999.0,-9999.0,-9999.0,-9999.0,-9999.0,orientation,color,size,0.38,-7.0,13,male,1,2304.7063153,0,19
1822,-9999.0,-9999.0,-9999.0,-9999.0,-9999.0,-9999.0,-9999.0,-9999.0,-9999.0,orientation,color,size,0.38,-7.0,13,male,1,2304.7063153,0,19
1823,-9999.0,-9999.0,-9999.0,-9999.0,-9999.0,-9999.0,-9999.0,-9999.0,-9999.0,orientation,color,size,0.38,-7.0,13,male,1,2304.7063153,0,19
1824,-9999.0,-9999.0,-9999.0,-9999.0,-9999.0,-9999.0,-9999.0,-9999.0,-9999.0,orientation,color,size,0.38,-7.0,13,male,1,2304.7063153,0,19
1825,-9999.0,-9999.0,-9999.0,-9999.0,-9999.0,-9999.0,-9999.0,-9999.0,-9999.0,orientation,color,size,0.38,-7.0,13,male,1,2304.7063153,0,19
1826,-9999.0,-9999.0,-9999.0,-9999.0,-9999.0,-9999.0,-9999.0,-9999.0,-9999.0,orientation,color,size,0.38,-7.0,13,male,1,2304.7063153,0,19
1827,-9999.0,-9999.0,-9999.0,-9999.0,-9999.0,-9999.0,-9999.0,-9999.0,-9999.0,orientation,color,size,0.38,-7.0,13,male,1,2304.7063153,0,19
1828,-9999.0,-9999.0,-9999.0,-9999.0,-9999.0,-9999.0,-9999.0,-9999.0,-9999.0,orientation,color,size,0.38,-7.0,13,male,1,2304.7063153,0,19
1829,-9999.0,-9999.0,-9999.0,-9999.0,-9999.0,-9999.0,-9999.0,-9999.0,-9999.0,orientation,color,size,0.38,-7.0,13,male,1,2304.7063153,0,19
1830,-9999.0,-9999.0,-9999.0,-9999.0,-9999.0,-9999.0,-9999.0,-9999.0,-9999.0,orientation,color,size,0.38,-7.0,13,male,1,2304.7063153,0,19
1831,-9999.0,-9999.0,-9999.0,-9999.0,-9999.0,-9999.0,-9999.0,-9999.0,-9999.0,orientation,color,size,0.38,-7.0,13,male,1,2304.7063153,0,19
1832,-9999.0,-9999.0,-9999.0,-9999.0,-9999.0,-9999.0,-9999.0,-9999.0,-9999.0,orientation,color,size,0.38,-7.0,13,male,1,2304.7063153,0,19
1833,-9999.0,-9999.0,-9999.0,-9999.0,-9999.0,-9999.0,-9999.0,-9999.0,-9999.0,orientation,color,size,0.38,-7.0,13,male,1,2304.7063153,0,19
1834,-9999.0,-9999.0,-9999.0,-9999.0,-9999.0,-9999.0,-9999.0,-9999.0,-9999.0,orientation,color,size,0.38,-7.0,13,male,1,2304.7063153,0,19
1835,-9999.0,-9999.0,-9999.0,-9999.0,-9999.0,-9999.0,-9999.0,-9999.0,-9999.0,orientation,color,size,0.38,-7.0,13,male,1,2304.7063153,0,19
1836,-9999.0,-9999.0,-9999.0,-9999.0,-9999.0,-9999.0,-9999.0,-9999.0,-9999.0,orientation,color,size,0.38,-7.0,13,male,1,2304.7063153,0,19
1837,-9999.0,-9999.0,-9999.0,-9999.0,-9999.0,-9999.0,-9999.0,-9999.0,-9999.0,orientation,color,size,0.38,-7.0,13,male,1,2304.7063153,0,19
1838,-9999.0,-9999.0,-9999.0,-9999.0,-9999.0,-9999.0,-9999.0,-9999.0,-9999.0,orientation,color,size,0.38,-7.0,13,male,1,2304.7063153,0,19
1839,-9999.0,-9999.0,-9999.0,-9999.0,-9999.0,-9999.0,-9999.0,-9999.0,-9999.0,orientation,color,size,0.38,-7.0,13,male,1,2304.7063153,0,19
1840,-9999.0,-9999.0,-9999.0,-9999.0,-9999.0,-9999.0,-9999.0,-9999.0,-9999.0,orientation,color,size,0.38,-7.0,13,male,1,2304.7063153,0,19
1841,-9999.0,-9999.0,-9999.0,-9999.0,-9999.0,-9999.0,-9999.0,-9999.0,-9999.0,orientation,color,size,0.38,-7.0,13,male,1,2304.7063153,0,19
1842,-9999.0,-9999.0,-9999.0,-9999.0,-9999.0,-9999.0,-9999.0,-9999.0,-9999.0,orientation,color,size,0.38,-7.0,13,male,1,2304.7063153,0,19
1843,-9999.0,-9999.0,-9999.0,-9999.0,-9999.0,-9999.0,-9999.0,-9999.0,-9999.0,orientation,color,size,0.38,-7.0,13,male,1,2304.7063153,0,19
1844,-9999.0,-9999.0,-9999.0,-9999.0,-9999.0,-9999.0,-9999.0,-9999.0,-9999.0,orientation,color,size,0.38,-7.0,13,male,1,2304.7063153,0,19
1845,-9999.0,-9999.0,-9999.0,-9999.0,-9999.0,-9999.0,-9999.0,-9999.0,-9999.0,orientation,color,size,0.38,-7.0,13,male,1,2304.7063153,0,19
1846,-9999.0,-9999.0,-9999.0,-9999.0,-9999.0,-9999.0,-9999.0,-9999.0,-9999.0,orientation,color,size,0.38,-7.0,13,male,1,2304.7063153,0,19
1847,-9999.0,-9999.0,-9999.0,-9999.0,-9999.0,-9999.0,-9999.0,-9999.0,-9999.0,orientation,color,size,0.38,-7.0,13,male,1,2304.7063153,0,19
1848,-9999.0,-9999.0,-9999.0,-9999.0,-9999.0,-9999.0,-9999.0,-9999.0,-9999.0,orientation,color,size,0.38,-7.0,13,male,1,2304.7063153,0,19
1849,-9999.0,-9999.0,-9999.0,-9999.0,-9999.0,-9999.0,-9999.0,-9999.0,-9999.0,orientation,color,size,0.38,-7.0,13,male,1,2304.7063153,0,19
1850,-9999.0,-9999.0,-9999.0,-9999.0,-9999.0,-9999.0,-9999.0,-9999.0,-9999.0,orientation,color,size,0.38,-7.0,13,male,1,2304.7063153,0,19
1851,-9999.0,-9999.0,-9999.0,-9999.0,-9999.0,-9999.0,-9999.0,-9999.0,-9999.0,orientation,color,size,0.38,-7.0,13,male,1,2304.7063153,0,19
1852,-9999.0,-9999.0,-9999.0,-9999.0,-9999.0,-9999.0,-9999.0,-9999.0,-9999.0,orientation,color,size,0.38,-7.0,13,male,1,2304.7063153,0,19
1853,-9999.0,-9999.0,-9999.0,-9999.0,-9999.0,-9999.0,-9999.0,-9999.0,-9999.0,orientation,color,size,0.38,-7.0,13,male,1,2304.7063153,0,19
1854,-9999.0,-9999.0,-9999.0,-9999.0,-9999.0,-9999.0,-9999.0,-9999.0,-9999.0,orientation,color,size,0.38,-7.0,13,male,1,2304.7063153,0,19
1855,-9999.0,-9999.0,-9999.0,-9999.0,-9999.0,-9999.0,-9999.0,-9999.0,-9999.0,orientation,color,size,0.38,-7.0,13,male,1,2304.7063153,0,19
1856,-9999.0,-9999.0,-9999.0,-9999.0,-9999.0,-9999.0,-9999.0,-9999.0,-9999.0,orientation,color,size,0.38,-7.0,13,male,1,2304.7063153,0,19
1857,-9999.0,-9999.0,-9999.0,-9999.0,-9999.0,-9999.0,-9999.0,-9999.0,-9999.0,orientation,color,size,0.38,-7.0,13,male,1,2304.7063153,0,19
1858,-9999.0,-9999.0,-9999.0,-9999.0,-9999.0,-9999.0,-9999.0,-9999.0,-9999.0,orientation,color,size,0.38,-7.0,13,male,1,2304.7063153,0,19
1859,-9999.0,-9999.0,-9999.0,-9999.0,-9999.0,-9999.0,-9999.0,-9999.0,-9999.0,orientation,color,size,0.38,-7.0,13,male,1,2304.7063153,0,19
1860,-9999.0,-9999.0,-9999.0,-9999.0,-9999.0,-9999.0,-9999.0,-9999.0,-9999.0,orientation,color,size,0.38,-7.0,13,male,1,2304.7063153,0,19
1861,-9999.0,-9999.0,-9999.0,-9999.0,-9999.0,-9999.0,-9999.0,-9999.0,-9999.0,orientation,color,size,0.38,-7.0,13,male,1,2304.7063153,0,19
1862,-9999.0,-9999.0,-9999.0,-9999.0,-9999.0,-9999.0,-9999.0,-9999.0,-9999.0,orientation,color,size,0.38,-7.0,13,male,1,2304.7063153,0,19
1863,-9999.0,-9999.0,-9999.0,-9999.0,-9999.0,-9999.0,-9999.0,-9999.0,-9999.0,orientation,color,size,0.38,-7.0,13,male,1,2304.7063153,0,19
1864,-9999.0,-9999.0,-9999.0,-9999.0,-9999.0,-9999.0,-9999.0,-9999.0,-9999.0,orientation,color,size,0.38,-7.0,13,male,1,2304.7063153,0,19
1865,-9999.0,-9999.0,-9999.0,-9999.0,-9999.0,-9999.0,-9999.0,-9999.0,-9999.0,orientation,color,size,0.38,-7.0,13,male,1,2304.7063153,0,19
1866,-9999.0,-9999.0,-9999.0,-9999.0,-9999.0,-9999.0,-9999.0,-9999.0,-9999.0,orientation,color,size,0.38,-7.0,13,male,1,2304.7063153,0,19
1867,-9999.0,-9999.0,-9999.0,-9999.0,-9999.0,-9999.0,-9999.0,-9999.0,-9999.0,orientation,color,size,0.38,-7.0,13,male,1,2304.7063153,0,19
1868,-9999.0,-9999.0,-9999.0,-9999.0,-9999.0,-9999.0,-9999.0,-9999.0,-9999.0,orientation,color,size,0.38,-7.0,13,male,1,2304.7063153,0,19
1869,-9999.0,-9999.0,-9999.0,-9999.0,-9999.0,-9999.0,-9999.0,-9999.0,-9999.0,orientation,color,size,0.38,-7.0,13,male,1,2304.7063153,0,19
1870,-9999.0,-9999.0,-9999.0,-9999.0,-9999.0,-9999.0,-9999.0,-9999.0,-9999.0,orientation,color,size,0.38,-7.0,13,male,1,2304.7063153,0,19
1871,-9999.0,-9999.0,-9999.0,-9999.0,-9999.0,-9999.0,-9999.0,-9999.0,-9999.0,orientation,color,size,0.38,-7.0,13,male,1,2304.7063153,0,19
1872,-9999.0,-9999.0,-9999.0,-9999.0,-9999.0,-9999.0,-9999.0,-9999.0,-9999.0,orientation,color,size,0.38,-7.0,13,male,1,2304.7063153,0,19
1873,-9999.0,-9999.0,-9999.0,-9999.0,-9999.0,-9999.0,-9999.0,-9999.0,-9999.0,orientation,color,size,0.38,-7.0,13,male,1,2304.7063153,0,19
1874,-9999.0,-9999.0,-9999.0,-9999.0,-9999.0,-9999.0,-9999.0,-9999.0,-9999.0,orientation,color,size,0.38,-7.0,13,male,1,2304.7063153,0,19
1875,-9999.0,-9999.0,-9999.0,-9999.0,-9999.0,-9999.0,-9999.0,-9999.0,-9999.0,orientation,color,size,0.38,-7.0,13,male,1,2304.7063153,0,19
1876,-9999.0,-9999.0,-9999.0,-9999.0,-9999.0,-9999.0,-9999.0,-9999.0,-9999.0,orientation,color,size,0.38,-7.0,13,male,1,2304.7063153,0,19
1877,-9999.0,-9999.0,-9999.0,-9999.0,-9999.0,-9999.0,-9999.0,-9999.0,-9999.0,orientation,color,size,0.38,-7.0,13,male,1,2304.7063153,0,19
1878,-9999.0,-9999.0,-9999.0,-9999.0,-9999.0,-9999.0,-9999.0,-9999.0,-9999.0,orientation,color,size,0.38,-7.0,13,male,1,2304.7063153,0,19
1879,-9999.0,-9999.0,-9999.0,-9999.0,-9999.0,-9999.0,-9999.0,-9999.0,-9999.0,orientation,color,size,0.38,-7.0,13,male,1,2304.7063153,0,19
1880,-9999.0,-9999.0,-9999.0,-9999.0,-9999.0,-9999.0,-9999.0,-9999.0,-9999.0,orientation,color,size,0.38,-7.0,13,male,1,2304.7063153,0,19
1881,-9999.0,-9999.0,-9999.0,-9999.0,-9999.0,-9999.0,-9999.0,-9999.0,-9999.0,orientation,color,size,0.38,-7.0,13,male,1,2304.7063153,0,19
1882,-9999.0,-9999.0,-9999.0,-9999.0,-9999.0,-9999.0,-9999.0,-9999.0,-9999.0,orientation,color,size,0.38,-7.0,13,male,1,2304.7063153,0,19
1883,-9999.0,-9999.0,-9999.0,-9999.0,-9999.0,-9999.0,-9999.0,-9999.0,-9999.0,orientation,color,size,0.38,-7.0,13,male,1,2304.7063153,0,19
1884,-9999.0,-9999.0,-9999.0,-9999.0,-9999.0,-9999.0,-9999.0,-9999.0,-9999.0,orientation,color,size,0.38,-7.0,13,male,1,2304.7063153,0,19
1885,-9999.0,-9999.0,-9999.0,-9999.0,-9999.0,-9999.0,-9999.0,-9999.0,-9999.0,orientation,color,size,0.38,-7.0,13,male,1,2304.7063153,0,19
1886,-9999.0,-9999.0,-9999.0,-9999.0,-9999.0,-9999.0,-9999.0,-9999.0,-9999.0,orientation,color,size,0.38,-7.0,13,male,1,2304.7063153,0,19
1887,-9999.0,-9999.0,-9999.0,-9999.0,-9999.0,-9999.0,-9999.0,-9999.0,-9999.0,orientation,color,size,0.38,-7.0,13,male,1,2304.7063153,0,19
1888,-9999.0,-9999.0,-9999.0,-9999.0,-9999.0,-9999.0,-9999.0,-9999.0,-9999.0,orientation,color,size,0.38,-7.0,13,male,1,2304.7063153,0,19
1889,-9999.0,-9999.0,-9999.0,-9999.0,-9999.0,-9999.0,-9999.0,-9999.0,-9999.0,orientation,color,size,0.38,-7.0,13,male,1,2304.7063153,0,19
1890,-9999.0,-9999.0,-9999.0,-9999.0,-9999.0,-9999.0,-9999.0,-9999.0,-9999.0,orientation,color,size,0.38,-7.0,13,male,1,2304.7063153,0,19
1891,-9999.0,-9999.0,-9999.0,-9999.0,-9999.0,-9999.0,-9999.0,-9999.0,-9999.0,orientation,color,size,0.38,-7.0,13,male,1,2304.7063153,0,19
1892,-9999.0,-9999.0,-9999.0,-9999.0,-9999.0,-9999.0,-9999.0,-9999.0,-9999.0,orientation,color,size,0.38,-7.0,13,male,1,2304.7063153,0,19
1893,-9999.0,-9999.0,-9999.0,-9999.0,-9999.0,-9999.0,-9999.0,-9999.0,-9999.0,orientation,color,size,0.38,-7.0,13,male,1,2304.7063153,0,19
1894,-9999.0,-9999.0,-9999.0,-9999.0,-9999.0,-9999.0,-9999.0,-9999.0,-9999.0,orientation,color,size,0.38,-7.0,13,male,1,2304.7063153,0,19
1895,-9999.0,-9999.0,-9999.0,-9999.0,-9999.0,-9999.0,-9999.0,-9999.0,-9999.0,orientation,color,size,0.38,-7.0,13,male,1,2304.7063153,0,19
1896,-9999.0,-9999.0,-9999.0,-9999.0,-9999.0,-9999.0,-9999.0,-9999.0,-9999.0,orientation,color,size,0.38,-7.0,13,male,1,2304.7063153,0,19
1897,-9999.0,-9999.0,-9999.0,-9999.0,-9999.0,-9999.0,-9999.0,-9999.0,-9999.0,orientation,color,size,0.38,-7.0,13,male,1,2304.7063153,0,19
1898,-9999.0,-9999.0,-9999.0,-9999.0,-9999.0,-9999.0,-9999.0,-9999.0,-9999.0,orientation,color,size,0.38,-7.0,13,male,1,2304.7063153,0,19
1899,-9999.0,-9999.0,-9999.0,-9999.0,-9999.0,-9999.0,-9999.0,-9999.0,-9999.0,orientation,color,size,0.38,-7.0,13,male,1,2304.7063153,0,19
1900,-9999.0,-9999.0,-9999.0,-9999.0,-9999.0,-9999.0,-9999.0,-9999.0,-9999.0,orientation,color,size,0.38,-7.0,13,male,1,2304.7063153,0,19
1901,-9999.0,-9999.0,-9999.0,-9999.0,-9999.0,-9999.0,-9999.0,-9999.0,-9999.0,orientation,color,size,0.38,-7.0,13,male,1,2304.7063153,0,19
1902,-9999.0,-9999.0,-9999.0,-9999.0,-9999.0,-9999.0,-9999.0,-9999.0,-9999.0,orientation,color,size,0.38,-7.0,13,male,1,2304.7063153,0,19
1903,-9999.0,-9999.0,-9999.0,-9999.0,-9999.0,-9999.0,-9999.0,-9999.0,-9999.0,orientation,color,size,0.38,-7.0,13,male,1,2304.7063153,0,19
1904,-9999.0,-9999.0,-9999.0,-9999.0,-9999.0,-9999.0,-9999.0,-9999.0,-9999.0,orientation,color,size,0.38,-7.0,13,male,1,2304.7063153,0,19
1905,-9999.0,-9999.0,-9999.0,-9999.0,-9999.0,-9999.0,-9999.0,-9999.0,-9999.0,orientation,color,size,0.38,-7.0,13,male,1,2304.7063153,0,19
1906,-9999.0,-9999.0,-9999.0,-9999.0,-9999.0,-9999.0,-9999.0,-9999.0,-9999.0,orientation,color,size,0.38,-7.0,13,male,1,2304.7063153,0,19
1907,-9999.0,-9999.0,-9999.0,-9999.0,-9999.0,-9999.0,-9999.0,-9999.0,-9999.0,orientation,color,size,0.38,-7.0,13,male,1,2304.7063153,0,19
1908,-9999.0,-9999.0,-9999.0,-9999.0,-9999.0,-9999.0,-9999.0,-9999.0,-9999.0,orientation,color,size,0.38,-7.0,13,male,1,2304.7063153,0,19
1909,-9999.0,-9999.0,-9999.0,-9999.0,-9999.0,-9999.0,-9999.0,-9999.0,-9999.0,orientation,color,size,0.38,-7.0,13,male,1,2304.7063153,0,19
1910,-9999.0,-9999.0,-9999.0,-9999.0,-9999.0,-9999.0,-9999.0,-9999.0,-9999.0,orientation,color,size,0.38,-7.0,13,male,1,2304.7063153,0,19
1911,-9999.0,-9999.0,-9999.0,-9999.0,-9999.0,-9999.0,-9999.0,-9999.0,-9999.0,orientation,color,size,0.38,-7.0,13,male,1,2304.7063153,0,19
1912,-9999.0,-9999.0,-9999.0,-9999.0,-9999.0,-9999.0,-9999.0,-9999.0,-9999.0,orientation,color,size,0.38,-7.0,13,male,1,2304.7063153,0,19
1913,-9999.0,-9999.0,-9999.0,-9999.0,-9999.0,-9999.0,-9999.0,-9999.0,-9999.0,orientation,color,size,0.38,-7.0,13,male,1,2304.7063153,0,19
1914,-9999.0,-9999.0,-9999.0,-9999.0,-9999.0,-9999.0,-9999.0,-9999.0,-9999.0,orientation,color,size,0.38,-7.0,13,male,1,2304.7063153,0,19
1915,-9999.0,-9999.0,-9999.0,-9999.0,-9999.0,-9999.0,-9999.0,-9999.0,-9999.0,orientation,color,size,0.38,-7.0,13,male,1,2304.7063153,0,19
1916,-9999.0,-9999.0,-9999.0,-9999.0,-9999.0,-9999.0,-9999.0,-9999.0,-9999.0,orientation,color,size,0.38,-7.0,13,male,1,2304.7063153,0,19
1917,-9999.0,-9999.0,-9999.0,-9999.0,-9999.0,-9999.0,-9999.0,-9999.0,-9999.0,orientation,color,size,0.38,-7.0,13,male,1,2304.7063153,0,19
1918,-9999.0,-9999.0,-9999.0,-9999.0,-9999.0,-9999.0,-9999.0,-9999.0,-9999.0,orientation,color,size,0.38,-7.0,13,male,1,2304.7063153,0,19
1919,-9999.0,-9999.0,-9999.0,-9999.0,-9999.0,-9999.0,-9999.0,-9999.0,-9999.0,orientation,color,size,0.38,-7.0,13,male,1,2304.7063153,0,19
1920,-9999.0,-9999.0,-9999.0,-9999.0,-9999.0,-9999.0,-9999.0,-9999.0,-9999.0,orientation,color,size,0.38,-7.0,13,male,1,2304.7063153,0,19
1921,-9999.0,-9999.0,-9999.0,-9999.0,-9999.0,-9999.0,-9999.0,-9999.0,-9999.0,orientation,color,size,0.38,-7.0,13,male,1,2304.7063153,0,19
1922,-9999.0,-9999.0,-9999.0,-9999.0,-9999.0,-9999.0,-9999.0,-9999.0,-9999.0,orientation,color,size,0.38,-7.0,13,male,1,2304.7063153,0,19
1923,-9999.0,-9999.0,-9999.0,-9999.0,-9999.0,-9999.0,-9999.0,-9999.0,-9999.0,orientation,color,size,0.38,-7.0,13,male,1,2304.7063153,0,19
1924,-9999.0,-9999.0,-9999.0,-9999.0,-9999.0,-9999.0,-9999.0,-9999.0,-9999.0,orientation,color,size,0.38,-7.0,13,male,1,2304.7063153,0,19
1925,-9999.0,-9999.0,-9999.0,-9999.0,-9999.0,-9999.0,-9999.0,-9999.0,-9999.0,orientation,color,size,0.38,-7.0,13,male,1,2304.7063153,0,19
1926,-9999.0,-9999.0,-9999.0,-9999.0,-9999.0,-9999.0,-9999.0,-9999.0,-9999.0,orientation,color,size,0.38,-7.0,13,male,1,2304.7063153,0,19
1927,-9999.0,-9999.0,-9999.0,-9999.0,-9999.0,-9999.0,-9999.0,-9999.0,-9999.0,orientation,color,size,0.38,-7.0,13,male,1,2304.7063153,0,19
1928,-9999.0,-9999.0,-9999.0,-9999.0,-9999.0,-9999.0,-9999.0,-9999.0,-9999.0,orientation,color,size,0.38,-7.0,13,male,1,2304.7063153,0,19
1929,-9999.0,-9999.0,-9999.0,-9999.0,-9999.0,-9999.0,-9999.0,-9999.0,-9999.0,orientation,color,size,0.38,-7.0,13,male,1,2304.7063153,0,19
1930,-9999.0,-9999.0,-9999.0,-9999.0,-9999.0,-9999.0,-9999.0,-9999.0,-9999.0,orientation,color,size,0.38,-7.0,13,male,1,2304.7063153,0,19
1931,-9999.0,-9999.0,-9999.0,-9999.0,-9999.0,-9999.0,-9999.0,-9999.0,-9999.0,orientation,color,size,0.38,-7.0,13,male,1,2304.7063153,0,19
1932,-9999.0,-9999.0,-9999.0,-9999.0,-9999.0,-9999.0,-9999.0,-9999.0,-9999.0,orientation,color,size,0.38,-7.0,13,male,1,2304.7063153,0,19
1933,-9999.0,-9999.0,-9999.0,-9999.0,-9999.0,-9999.0,-9999.0,-9999.0,-9999.0,orientation,color,size,0.38,-7.0,13,male,1,2304.7063153,0,19
1934,-9999.0,-9999.0,-9999.0,-9999.0,-9999.0,-9999.0,-9999.0,-9999.0,-9999.0,orientation,color,size,0.38,-7.0,13,male,1,2304.7063153,0,19
1935,-9999.0,-9999.0,-9999.0,-9999.0,-9999.0,-9999.0,-9999.0,-9999.0,-9999.0,orientation,color,size,0.38,-7.0,13,male,1,2304.7063153,0,19
1936,-9999.0,-9999.0,-9999.0,-9999.0,-9999.0,-9999.0,-9999.0,-9999.0,-9999.0,orientation,color,size,0.38,-7.0,13,male,1,2304.7063153,0,19
1937,-9999.0,-9999.0,-9999.0,-9999.0,-9999.0,-9999.0,-9999.0,-9999.0,-9999.0,orientation,color,size,0.38,-7.0,13,male,1,2304.7063153,0,19
1938,-9999.0,-9999.0,-9999.0,-9999.0,-9999.0,-9999.0,-9999.0,-9999.0,-9999.0,orientation,color,size,0.38,-7.0,13,male,1,2304.7063153,0,19
1939,-9999.0,-9999.0,-9999.0,-9999.0,-9999.0,-9999.0,-9999.0,-9999.0,-9999.0,orientation,color,size,0.38,-7.0,13,male,1,2304.7063153,0,19
1940,-9999.0,-9999.0,-9999.0,-9999.0,-9999.0,-9999.0,-9999.0,-9999.0,-9999.0,orientation,color,size,0.38,-7.0,13,male,1,2304.7063153,0,19
1941,-9999.0,-9999.0,-9999.0,-9999.0,-9999.0,-9999.0,-9999.0,-9999.0,-9999.0,orientation,color,size,0.38,-7.0,13,male,1,2304.7063153,0,19
1942,-9999.0,-9999.0,-9999.0,-9999.0,-9999.0,-9999.0,-9999.0,-9999.0,-9999.0,orientation,color,size,0.38,-7.0,13,male,1,2304.7063153,0,19
1943,-9999.0,-9999.0,-9999.0,-9999.0,-9999.0,-9999.0,-9999.0,-9999.0,-9999.0,orientation,color,size,0.38,-7.0,13,male,1,2304.7063153,0,19
1944,-9999.0,-9999.0,-9999.0,-9999.0,-9999.0,-9999.0,-9999.0,-9999.0,-9999.0,orientation,color,size,0.38,-7.0,13,male,1,2304.7063153,0,19
1945,-9999.0,-9999.0,-9999.0,-9999.0,-9999.0,-9999.0,-9999.0,-9999.0,-9999.0,orientation,color,size,0.38,-7.0,13,male,1,2304.7063153,0,19
1946,-9999.0,-9999.0,-9999.0,-9999.0,-9999.0,-9999.0,-9999.0,-9999.0,-9999.0,orientation,color,size,0.38,-7.0,13,male,1,2304.7063153,0,19
1947,-9999.0,-9999.0,-9999.0,-9999.0,-9999.0,-9999.0,-9999.0,-9999.0,-9999.0,orientation,color,size,0.38,-7.0,13,male,1,2304.7063153,0,19
1948,-9999.0,-9999.0,-9999.0,-9999.0,-9999.0,-9999.0,-9999.0,-9999.0,-9999.0,orientation,color,size,0.38,-7.0,13,male,1,2304.7063153,0,19
1949,-9999.0,-9999.0,-9999.0,-9999.0,-9999.0,-9999.0,-9999.0,-9999.0,-9999.0,orientation,color,size,0.38,-7.0,13,male,1,2304.7063153,0,19
1950,-9999.0,-9999.0,-9999.0,-9999.0,-9999.0,-9999.0,-9999.0,-9999.0,-9999.0,orientation,color,size,0.38,-7.0,13,male,1,2304.7063153,0,19
1951,-9999.0,-9999.0,-9999.0,-9999.0,-9999.0,-9999.0,-9999.0,-9999.0,-9999.0,orientation,color,size,0.38,-7.0,13,male,1,2304.7063153,0,19
1952,-9999.0,-9999.0,-9999.0,-9999.0,-9999.0,-9999.0,-9999.0,-9999.0,-9999.0,orientation,color,size,0.38,-7.0,13,male,1,2304.7063153,0,19
1953,-9999.0,-9999.0,-9999.0,-9999.0,-9999.0,-9999.0,-9999.0,-9999.0,-9999.0,orientation,color,size,0.38,-7.0,13,male,1,2304.7063153,0,19
1954,-9999.0,-9999.0,-9999.0,-9999.0,-9999.0,-9999.0,-9999.0,-9999.0,-9999.0,orientation,color,size,0.38,-7.0,13,male,1,2304.7063153,0,19
1955,-9999.0,-9999.0,-9999.0,-9999.0,-9999.0,-9999.0,-9999.0,-9999.0,-9999.0,orientation,color,size,0.38,-7.0,13,male,1,2304.7063153,0,19
1956,-9999.0,-9999.0,-9999.0,-9999.0,-9999.0,-9999.0,-9999.0,-9999.0,-9999.0,orientation,color,size,0.38,-7.0,13,male,1,2304.7063153,0,19
1957,-9999.0,-9999.0,-9999.0,-9999.0,-9999.0,-9999.0,-9999.0,-9999.0,-9999.0,orientation,color,size,0.38,-7.0,13,male,1,2304.7063153,0,19
1958,-9999.0,-9999.0,-9999.0,-9999.0,-9999.0,-9999.0,-9999.0,-9999.0,-9999.0,orientation,color,size,0.38,-7.0,13,male,1,2304.7063153,0,19
1959,-9999.0,-9999.0,-9999.0,-9999.0,-9999.0,-9999.0,-9999.0,-9999.0,-9999.0,orientation,color,size,0.38,-7.0,13,male,1,2304.7063153,0,19
1960,-9999.0,-9999.0,-9999.0,-9999.0,-9999.0,-9999.0,-9999.0,-9999.0,-9999.0,orientation,color,size,0.38,-7.0,13,male,1,2304.7063153,0,19
1961,-9999.0,-9999.0,-9999.0,-9999.0,-9999.0,-9999.0,-9999.0,-9999.0,-9999.0,orientation,color,size,0.38,-7.0,13,male,1,2304.7063153,0,19
1962,-9999.0,-9999.0,-9999.0,-9999.0,-9999.0,-9999.0,-9999.0,-9999.0,-9999.0,orientation,color,size,0.38,-7.0,13,male,1,2304.7063153,0,19
1963,-9999.0,-9999.0,-9999.0,-9999.0,-9999.0,-9999.0,-9999.0,-9999.0,-9999.0,orientation,color,size,0.38,-7.0,13,male,1,2304.7063153,0,19
1964,-9999.0,-9999.0,-9999.0,-9999.0,-9999.0,-9999.0,-9999.0,-9999.0,-9999.0,orientation,color,size,0.38,-7.0,13,male,1,2304.7063153,0,19
1965,-9999.0,-9999.0,-9999.0,-9999.0,-9999.0,-9999.0,-9999.0,-9999.0,-9999.0,orientation,color,size,0.38,-7.0,13,male,1,2304.7063153,0,19
1966,-9999.0,-9999.0,-9999.0,-9999.0,-9999.0,-9999.0,-9999.0,-9999.0,-9999.0,orientation,color,size,0.38,-7.0,13,male,1,2304.7063153,0,19
1967,-9999.0,-9999.0,-9999.0,-9999.0,-9999.0,-9999.0,-9999.0,-9999.0,-9999.0,orientation,color,size,0.38,-7.0,13,male,1,2304.7063153,0,19
1968,-9999.0,-9999.0,-9999.0,-9999.0,-9999.0,-9999.0,-9999.0,-9999.0,-9999.0,orientation,color,size,0.38,-7.0,13,male,1,2304.7063153,0,19
1969,-9999.0,-9999.0,-9999.0,-9999.0,-9999.0,-9999.0,-9999.0,-9999.0,-9999.0,orientation,color,size,0.38,-7.0,13,male,1,2304.7063153,0,19
1970,-9999.0,-9999.0,-9999.0,-9999.0,-9999.0,-9999.0,-9999.0,-9999.0,-9999.0,orientation,color,size,0.38,-7.0,13,male,1,2304.7063153,0,19
1971,-9999.0,-9999.0,-9999.0,-9999.0,-9999.0,-9999.0,-9999.0,-9999.0,-9999.0,orientation,color,size,0.38,-7.0,13,male,1,2304.7063153,0,19
1972,-9999.0,-9999.0,-9999.0,-9999.0,-9999.0,-9999.0,-9999.0,-9999.0,-9999.0,orientation,color,size,0.38,-7.0,13,male,1,2304.7063153,0,19
1973,-9999.0,-9999.0,-9999.0,-9999.0,-9999.0,-9999.0,-9999.0,-9999.0,-9999.0,orientation,color,size,0.38,-7.0,13,male,1,2304.7063153,0,19
1974,-9999.0,-9999.0,-9999.0,-9999.0,-9999.0,-9999.0,-9999.0,-9999.0,-9999.0,orientation,color,size,0.38,-7.0,13,male,1,2304.7063153,0,19
1975,-9999.0,-9999.0,-9999.0,-9999.0,-9999.0,-9999.0,-9999.0,-9999.0,-9999.0,orientation,color,size,0.38,-7.0,13,male,1,2304.7063153,0,19
1976,-9999.0,-9999.0,-9999.0,-9999.0,-9999.0,-9999.0,-9999.0,-9999.0,-9999.0,orientation,color,size,0.38,-7.0,13,male,1,2304.7063153,0,19
1977,-9999.0,-9999.0,-9999.0,-9999.0,-9999.0,-9999.0,-9999.0,-9999.0,-9999.0,orientation,color,size,0.38,-7.0,13,male,1,2304.7063153,0,19
1978,-9999.0,-9999.0,-9999.0,-9999.0,-9999.0,-9999.0,-9999.0,-9999.0,-9999.0,orientation,color,size,0.38,-7.0,13,male,1,2304.7063153,0,19
1979,-9999.0,-9999.0,-9999.0,-9999.0,-9999.0,-9999.0,-9999.0,-9999.0,-9999.0,orientation,color,size,0.38,-7.0,13,male,1,2304.7063153,0,19
1980,-9999.0,-9999.0,-9999.0,-9999.0,-9999.0,-9999.0,-9999.0,-9999.0,-9999.0,orientation,color,size,0.38,-7.0,13,male,1,2304.7063153,0,19
1981,-9999.0,-9999.0,-9999.0,-9999.0,-9999.0,-9999.0,-9999.0,-9999.0,-9999.0,orientation,color,size,0.38,-7.0,13,male,1,2304.7063153,0,19
1982,-9999.0,-9999.0,-9999.0,-9999.0,-9999.0,-9999.0,-9999.0,-9999.0,-9999.0,orientation,color,size,0.38,-7.0,13,male,1,2304.7063153,0,19
1983,-9999.0,-9999.0,-9999.0,-9999.0,-9999.0,-9999.0,-9999.0,-9999.0,-9999.0,orientation,color,size,0.38,-7.0,13,male,1,2304.7063153,0,19
1984,-9999.0,-9999.0,-9999.0,-9999.0,-9999.0,-9999.0,-9999.0,-9999.0,-9999.0,orientation,color,size,0.38,-7.0,13,male,1,2304.7063153,0,19
1985,-9999.0,-9999.0,-9999.0,-9999.0,-9999.0,-9999.0,-9999.0,-9999.0,-9999.0,orientation,color,size,0.38,-7.0,13,male,1,2304.7063153,0,19
1986,-9999.0,-9999.0,-9999.0,-9999.0,-9999.0,-9999.0,-9999.0,-9999.0,-9999.0,orientation,color,size,0.38,-7.0,13,male,1,2304.7063153,0,19
1987,-9999.0,-9999.0,-9999.0,-9999.0,-9999.0,-9999.0,-9999.0,-9999.0,-9999.0,orientation,color,size,0.38,-7.0,13,male,1,2304.7063153,0,19
1988,-9999.0,-9999.0,-9999.0,-9999.0,-9999.0,-9999.0,-9999.0,-9999.0,-9999.0,orientation,color,size,0.38,-7.0,13,male,1,2304.7063153,0,19
1989,-9999.0,-9999.0,-9999.0,-9999.0,-9999.0,-9999.0,-9999.0,-9999.0,-9999.0,orientation,color,size,0.38,-7.0,13,male,1,2304.7063153,0,19
1990,-9999.0,-9999.0,-9999.0,-9999.0,-9999.0,-9999.0,-9999.0,-9999.0,-9999.0,orientation,color,size,0.38,-7.0,13,male,1,2304.7063153,0,19
1991,-9999.0,-9999.0,-9999.0,-9999.0,-9999.0,-9999.0,-9999.0,-9999.0,-9999.0,orientation,color,size,0.38,-7.0,13,male,1,2304.7063153,0,19
1992,-9999.0,-9999.0,-9999.0,-9999.0,-9999.0,-9999.0,-9999.0,-9999.0,-9999.0,orientation,color,size,0.38,-7.0,13,male,1,2304.7063153,0,19
1993,-9999.0,-9999.0,-9999.0,-9999.0,-9999.0,-9999.0,-9999.0,-9999.0,-9999.0,orientation,color,size,0.38,-7.0,13,male,1,2304.7063153,0,19
1994,-9999.0,-9999.0,-9999.0,-9999.0,-9999.0,-9999.0,-9999.0,-9999.0,-9999.0,orientation,color,size,0.38,-7.0,13,male,1,2304.7063153,0,19
1995,-9999.0,-9999.0,-9999.0,-9999.0,-9999.0,-9999.0,-9999.0,-9999.0,-9999.0,orientation,color,size,0.38,-7.0,13,male,1,2304.7063153,0,19
1996,-9999.0,-9999.0,-9999.0,-9999.0,-9999.0,-9999.0,-9999.0,-9999.0,-9999.0,orientation,color,size,0.38,-7.0,13,male,1,2304.7063153,0,19
1997,-9999.0,-9999.0,-9999.0,-9999.0,-9999.0,-9999.0,-9999.0,-9999.0,-9999.0,orientation,color,size,0.38,-7.0,13,male,1,2304.7063153,0,19
1998,-9999.0,-9999.0,-9999.0,-9999.0,-9999.0,-9999.0,-9999.0,-9999.0,-9999.0,orientation,color,size,0.38,-7.0,13,male,1,2304.7063153,0,19
1999,-9999.0,-9999.0,-9999.0,-9999.0,-9999.0,-9999.0,-9999.0,-9999.0,-9999.0,orientation,color,size,0.38,-7.0,13,male,1,2304.7063153,0,19
2000,-9999.0,-9999.0,-9999.0,-9999.0,-9999.0,-9999.0,-9999.0,-9999.0,-9999.0,orientation,color,size,0.38,-7.0,13,male,1,2304.7063153,0,19
2001,-9999.0,-9999.0,-9999.0,-9999.0,-9999.0,-9999.0,-9999.0,-9999.0,-9999.0,orientation,color,size,0.38,-7.0,13,male,1,2304.7063153,0,19
2002,-9999.0,-9999.0,-9999.0,-9999.0,-9999.0,-9999.0,-9999.0,-9999.0,-9999.0,orientation,color,size,0.38,-7.0,13,male,1,2304.7063153,0,19
2003,-9999.0,-9999.0,-9999.0,-9999.0,-9999.0,-9999.0,-9999.0,-9999.0,-9999.0,orientation,color,size,0.38,-7.0,13,male,1,2304.7063153,0,19
2004,-9999.0,-9999.0,-9999.0,-9999.0,-9999.0,-9999.0,-9999.0,-9999.0,-9999.0,orientation,color,size,0.38,-7.0,13,male,1,2304.7063153,0,19
2005,-9999.0,-9999.0,-9999.0,-9999.0,-9999.0,-9999.0,-9999.0,-9999.0,-9999.0,orientation,color,size,0.38,-7.0,13,male,1,2304.7063153,0,19
2006,-9999.0,-9999.0,-9999.0,-9999.0,-9999.0,-9999.0,-9999.0,-9999.0,-9999.0,orientation,color,size,0.38,-7.0,13,male,1,2304.7063153,0,19
2007,-9999.0,-9999.0,-9999.0,-9999.0,-9999.0,-9999.0,-9999.0,-9999.0,-9999.0,orientation,color,size,0.38,-7.0,13,male,1,2304.7063153,0,19
2008,-9999.0,-9999.0,-9999.0,-9999.0,-9999.0,-9999.0,-9999.0,-9999.0,-9999.0,orientation,color,size,0.38,-7.0,13,male,1,2304.7063153,0,19
2009,-9999.0,-9999.0,-9999.0,-9999.0,-9999.0,-9999.0,-9999.0,-9999.0,-9999.0,orientation,color,size,0.38,-7.0,13,male,1,2304.7063153,0,19
2010,-9999.0,-9999.0,-9999.0,-9999.0,-9999.0,-9999.0,-9999.0,-9999.0,-9999.0,orientation,color,size,0.38,-7.0,13,male,1,2304.7063153,0,19
2011,-9999.0,-9999.0,-9999.0,-9999.0,-9999.0,-9999.0,-9999.0,-9999.0,-9999.0,orientation,color,size,0.38,-7.0,13,male,1,2304.7063153,0,19
2012,-9999.0,-9999.0,-9999.0,-9999.0,-9999.0,-9999.0,-9999.0,-9999.0,-9999.0,orientation,color,size,0.38,-7.0,13,male,1,2304.7063153,0,19
2013,-9999.0,-9999.0,-9999.0,-9999.0,-9999.0,-9999.0,-9999.0,-9999.0,-9999.0,orientation,color,size,0.38,-7.0,13,male,1,2304.7063153,0,19
2014,-9999.0,-9999.0,-9999.0,-9999.0,-9999.0,-9999.0,-9999.0,-9999.0,-9999.0,orientation,color,size,0.38,-7.0,13,male,1,2304.7063153,0,19
2015,-9999.0,-9999.0,-9999.0,-9999.0,-9999.0,-9999.0,-9999.0,-9999.0,-9999.0,orientation,color,size,0.38,-7.0,13,male,1,2304.7063153,0,19
2016,-9999.0,-9999.0,-9999.0,-9999.0,-9999.0,-9999.0,-9999.0,-9999.0,-9999.0,orientation,color,size,0.38,-7.0,13,male,1,2304.7063153,0,19
2017,-9999.0,-9999.0,-9999.0,-9999.0,-9999.0,-9999.0,-9999.0,-9999.0,-9999.0,orientation,color,size,0.38,-7.0,13,male,1,2304.7063153,0,19
2018,-9999.0,-9999.0,-9999.0,-9999.0,-9999.0,-9999.0,-9999.0,-9999.0,-9999.0,orientation,color,size,0.38,-7.0,13,male,1,2304.7063153,0,19
2019,-9999.0,-9999.0,-9999.0,-9999.0,-9999.0,-9999.0,-9999.0,-9999.0,-9999.0,orientation,color,size,0.38,-7.0,13,male,1,2304.7063153,0,19
2020,-9999.0,-9999.0,-9999.0,-9999.0,-9999.0,-9999.0,-9999.0,-9999.0,-9999.0,orientation,color,size,0.38,-7.0,13,male,1,2304.7063153,0,19
2021,-9999.0,-9999.0,-9999.0,-9999.0,-9999.0,-9999.0,-9999.0,-9999.0,-9999.0,orientation,color,size,0.38,-7.0,13,male,1,2304.7063153,0,19
2022,-9999.0,-9999.0,-9999.0,-9999.0,-9999.0,-9999.0,-9999.0,-9999.0,-9999.0,orientation,color,size,0.38,-7.0,13,male,1,2304.7063153,0,19
2023,-9999.0,-9999.0,-9999.0,-9999.0,-9999.0,-9999.0,-9999.0,-9999.0,-9999.0,orientation,color,size,0.38,-7.0,13,male,1,2304.7063153,0,19
2024,-9999.0,-9999.0,-9999.0,-9999.0,-9999.0,-9999.0,-9999.0,-9999.0,-9999.0,orientation,color,size,0.38,-7.0,13,male,1,2304.7063153,0,19
2025,-9999.0,-9999.0,-9999.0,-9999.0,-9999.0,-9999.0,-9999.0,-9999.0,-9999.0,orientation,color,size,0.38,-7.0,13,male,1,2304.7063153,0,19
2026,-9999.0,-9999.0,-9999.0,-9999.0,-9999.0,-9999.0,-9999.0,-9999.0,-9999.0,orientation,color,size,0.38,-7.0,13,male,1,2304.7063153,0,19
2027,-9999.0,-9999.0,-9999.0,-9999.0,-9999.0,-9999.0,-9999.0,-9999.0,-9999.0,orientation,color,size,0.38,-7.0,13,male,1,2304.7063153,0,19
2028,-9999.0,-9999.0,-9999.0,-9999.0,-9999.0,-9999.0,-9999.0,-9999.0,-9999.0,orientation,color,size,0.38,-7.0,13,male,1,2304.7063153,0,19
2029,-9999.0,-9999.0,-9999.0,-9999.0,-9999.0,-9999.0,-9999.0,-9999.0,-9999.0,orientation,color,size,0.38,-7.0,13,male,1,2304.7063153,0,19
2030,-9999.0,-9999.0,-9999.0,-9999.0,-9999.0,-9999.0,-9999.0,-9999.0,-9999.0,orientation,color,size,0.38,-7.0,13,male,1,2304.7063153,0,19
2031,-9999.0,-9999.0,-9999.0,-9999.0,-9999.0,-9999.0,-9999.0,-9999.0,-9999.0,orientation,color,size,0.38,-7.0,13,male,1,2304.7063153,0,19
2032,-9999.0,-9999.0,-9999.0,-9999.0,-9999.0,-9999.0,-9999.0,-9999.0,-9999.0,orientation,color,size,0.38,-7.0,13,male,1,2304.7063153,0,19
2033,-9999.0,-9999.0,-9999.0,-9999.0,-9999.0,-9999.0,-9999.0,-9999.0,-9999.0,orientation,color,size,0.38,-7.0,13,male,1,2304.7063153,0,19
2034,-9999.0,-9999.0,-9999.0,-9999.0,-9999.0,-9999.0,-9999.0,-9999.0,-9999.0,orientation,color,size,0.38,-7.0,13,male,1,2304.7063153,0,19
2035,-9999.0,-9999.0,-9999.0,-9999.0,-9999.0,-9999.0,-9999.0,-9999.0,-9999.0,orientation,color,size,0.38,-7.0,13,male,1,2304.7063153,0,19
2036,-9999.0,-9999.0,-9999.0,-9999.0,-9999.0,-9999.0,-9999.0,-9999.0,-9999.0,orientation,color,size,0.38,-7.0,13,male,1,2304.7063153,0,19
2037,-9999.0,-9999.0,-9999.0,-9999.0,-9999.0,-9999.0,-9999.0,-9999.0,-9999.0,orientation,color,size,0.38,-7.0,13,male,1,2304.7063153,0,19
2038,-9999.0,-9999.0,-9999.0,-9999.0,-9999.0,-9999.0,-9999.0,-9999.0,-9999.0,orientation,color,size,0.38,-7.0,13,male,1,2304.7063153,0,19
2039,-9999.0,-9999.0,-9999.0,-9999.0,-9999.0,-9999.0,-9999.0,-9999.0,-9999.0,orientation,color,size,0.38,-7.0,13,male,1,2304.7063153,0,19
2040,-9999.0,-9999.0,-9999.0,-9999.0,-9999.0,-9999.0,-9999.0,-9999.0,-9999.0,orientation,color,size,0.38,-7.0,13,male,1,2304.7063153,0,19
2041,-9999.0,-9999.0,-9999.0,-9999.0,-9999.0,-9999.0,-9999.0,-9999.0,-9999.0,orientation,color,size,0.38,-7.0,13,male,1,2304.7063153,0,19
2042,-9999.0,-9999.0,-9999.0,-9999.0,-9999.0,-9999.0,-9999.0,-9999.0,-9999.0,orientation,color,size,0.38,-7.0,13,male,1,2304.7063153,0,19
2043,-9999.0,-9999.0,-9999.0,-9999.0,-9999.0,-9999.0,-9999.0,-9999.0,-9999.0,orientation,color,size,0.38,-7.0,13,male,1,2304.7063153,0,19
2044,-9999.0,-9999.0,-9999.0,-9999.0,-9999.0,-9999.0,-9999.0,-9999.0,-9999.0,orientation,color,size,0.38,-7.0,13,male,1,2304.7063153,0,19
2045,-9999.0,-9999.0,-9999.0,-9999.0,-9999.0,-9999.0,-9999.0,-9999.0,-9999.0,orientation,color,size,0.38,-7.0,13,male,1,2304.7063153,0,19
2046,-9999.0,-9999.0,-9999.0,-9999.0,-9999.0,-9999.0,-9999.0,-9999.0,-9999.0,orientation,color,size,0.38,-7.0,13,male,1,2304.7063153,0,19
2047,-9999.0,-9999.0,-9999.0,-9999.0,-9999.0,-9999.0,-9999.0,-9999.0,-9999.0,orientation,color,size,0.38,-7.0,13,male,1,2304.7063153,0,19
2048,-9999.0,-9999.0,-9999.0,-9999.0,-9999.0,-9999.0,-9999.0,-9999.0,-9999.0,orientation,color,size,0.38,-7.0,13,male,1,2304.7063153,0,19
2049,-9999.0,-9999.0,-9999.0,-9999.0,-9999.0,-9999.0,-9999.0,-9999.0,-9999.0,orientation,color,size,0.38,-7.0,13,male,1,2304.7063153,0,19
2050,-9999.0,-9999.0,-9999.0,-9999.0,-9999.0,-9999.0,-9999.0,-9999.0,-9999.0,orientation,color,size,0.38,-7.0,13,male,1,2304.7063153,0,19
2051,-9999.0,-9999.0,-9999.0,-9999.0,-9999.0,-9999.0,-9999.0,-9999.0,-9999.0,orientation,color,size,0.38,-7.0,13,male,1,2304.7063153,0,19
2052,-9999.0,-9999.0,-9999.0,-9999.0,-9999.0,-9999.0,-9999.0,-9999.0,-9999.0,orientation,color,size,0.38,-7.0,13,male,1,2304.7063153,0,19
2053,-9999.0,-9999.0,-9999.0,-9999.0,-9999.0,-9999.0,-9999.0,-9999.0,-9999.0,orientation,color,size,0.38,-7.0,13,male,1,2304.7063153,0,19
2054,-9999.0,-9999.0,-9999.0,-9999.0,-9999.0,-9999.0,-9999.0,-9999.0,-9999.0,orientation,color,size,0.38,-7.0,13,male,1,2304.7063153,0,19
2055,-9999.0,-9999.0,-9999.0,-9999.0,-9999.0,-9999.0,-9999.0,-9999.0,-9999.0,orientation,color,size,0.38,-7.0,13,male,1,2304.7063153,0,19
2056,-9999.0,-9999.0,-9999.0,-9999.0,-9999.0,-9999.0,-9999.0,-9999.0,-9999.0,orientation,color,size,0.38,-7.0,13,male,1,2304.7063153,0,19
2057,-9999.0,-9999.0,-9999.0,-9999.0,-9999.0,-9999.0,-9999.0,-9999.0,-9999.0,orientation,color,size,0.38,-7.0,13,male,1,2304.7063153,0,19
2058,-9999.0,-9999.0,-9999.0,-9999.0,-9999.0,-9999.0,-9999.0,-9999.0,-9999.0,orientation,color,size,0.38,-7.0,13,male,1,2304.7063153,0,19
2059,-9999.0,-9999.0,-9999.0,-9999.0,-9999.0,-9999.0,-9999.0,-9999.0,-9999.0,orientation,color,size,0.38,-7.0,13,male,1,2304.7063153,0,19
2060,-9999.0,-9999.0,-9999.0,-9999.0,-9999.0,-9999.0,-9999.0,-9999.0,-9999.0,orientation,color,size,0.38,-7.0,13,male,1,2304.7063153,0,19
2061,-9999.0,-9999.0,-9999.0,-9999.0,-9999.0,-9999.0,-9999.0,-9999.0,-9999.0,orientation,color,size,0.38,-7.0,13,male,1,2304.7063153,0,19
2062,-9999.0,-9999.0,-9999.0,-9999.0,-9999.0,-9999.0,-9999.0,-9999.0,-9999.0,orientation,color,size,0.38,-7.0,13,male,1,2304.7063153,0,19
2063,-9999.0,-9999.0,-9999.0,-9999.0,-9999.0,-9999.0,-9999.0,-9999.0,-9999.0,orientation,color,size,0.38,-7.0,13,male,1,2304.7063153,0,19
2064,-9999.0,-9999.0,-9999.0,-9999.0,-9999.0,-9999.0,-9999.0,-9999.0,-9999.0,orientation,color,size,0.38,-7.0,13,male,1,2304.7063153,0,19
2065,-9999.0,-9999.0,-9999.0,-9999.0,-9999.0,-9999.0,-9999.0,-9999.0,-9999.0,orientation,color,size,0.38,-7.0,13,male,1,2304.7063153,0,19
2066,-9999.0,-9999.0,-9999.0,-9999.0,-9999.0,-9999.0,-9999.0,-9999.0,-9999.0,orientation,color,size,0.38,-7.0,13,male,1,2304.7063153,0,19
2067,-9999.0,-9999.0,-9999.0,-9999.0,-9999.0,-9999.0,-9999.0,-9999.0,-9999.0,orientation,color,size,0.38,-7.0,13,male,1,2304.7063153,0,19
2068,-9999.0,-9999.0,-9999.0,-9999.0,-9999.0,-9999.0,-9999.0,-9999.0,-9999.0,orientation,color,size,0.38,-7.0,13,male,1,2304.7063153,0,19
2069,-9999.0,-9999.0,-9999.0,-9999.0,-9999.0,-9999.0,-9999.0,-9999.0,-9999.0,orientation,color,size,0.38,-7.0,13,male,1,2304.7063153,0,19
2070,-9999.0,-9999.0,-9999.0,-9999.0,-9999.0,-9999.0,-9999.0,-9999.0,-9999.0,orientation,color,size,0.38,-7.0,13,male,1,2304.7063153,0,19
2071,-9999.0,-9999.0,-9999.0,-9999.0,-9999.0,-9999.0,-9999.0,-9999.0,-9999.0,orientation,color,size,0.38,-7.0,13,male,1,2304.7063153,0,19
2072,-9999.0,-9999.0,-9999.0,-9999.0,-9999.0,-9999.0,-9999.0,-9999.0,-9999.0,orientation,color,size,0.38,-7.0,13,male,1,2304.7063153,0,19
2073,-9999.0,-9999.0,-9999.0,-9999.0,-9999.0,-9999.0,-9999.0,-9999.0,-9999.0,orientation,color,size,0.38,-7.0,13,male,1,2304.7063153,0,19
2074,-9999.0,-9999.0,-9999.0,-9999.0,-9999.0,-9999.0,-9999.0,-9999.0,-9999.0,orientation,color,size,0.38,-7.0,13,male,1,2304.7063153,0,19
2075,-9999.0,-9999.0,-9999.0,-9999.0,-9999.0,-9999.0,-9999.0,-9999.0,-9999.0,orientation,color,size,0.38,-7.0,13,male,1,2304.7063153,0,19
2076,-9999.0,-9999.0,-9999.0,-9999.0,-9999.0,-9999.0,-9999.0,-9999.0,-9999.0,orientation,color,size,0.38,-7.0,13,male,1,2304.7063153,0,19
2077,-9999.0,-9999.0,-9999.0,-9999.0,-9999.0,-9999.0,-9999.0,-9999.0,-9999.0,orientation,color,size,0.38,-7.0,13,male,1,2304.7063153,0,19
2078,-9999.0,-9999.0,-9999.0,-9999.0,-9999.0,-9999.0,-9999.0,-9999.0,-9999.0,orientation,color,size,0.38,-7.0,13,male,1,2304.7063153,0,19
2079,-9999.0,-9999.0,-9999.0,-9999.0,-9999.0,-9999.0,-9999.0,-9999.0,-9999.0,orientation,color,size,0.38,-7.0,13,male,1,2304.7063153,0,19
2080,-9999.0,-9999.0,-9999.0,-9999.0,-9999.0,-9999.0,-9999.0,-9999.0,-9999.0,orientation,color,size,0.38,-7.0,13,male,1,2304.7063153,0,19
2081,-9999.0,-9999.0,-9999.0,-9999.0,-9999.0,-9999.0,-9999.0,-9999.0,-9999.0,orientation,color,size,0.38,-7.0,13,male,1,2304.7063153,0,19
2082,-9999.0,-9999.0,-9999.0,-9999.0,-9999.0,-9999.0,-9999.0,-9999.0,-9999.0,orientation,color,size,0.38,-7.0,13,male,1,2304.7063153,0,19
2083,-9999.0,-9999.0,-9999.0,-9999.0,-9999.0,-9999.0,-9999.0,-9999.0,-9999.0,orientation,color,size,0.38,-7.0,13,male,1,2304.7063153,0,19
2084,-9999.0,-9999.0,-9999.0,-9999.0,-9999.0,-9999.0,-9999.0,-9999.0,-9999.0,orientation,color,size,0.38,-7.0,13,male,1,2304.7063153,0,19
2085,-9999.0,-9999.0,-9999.0,-9999.0,-9999.0,-9999.0,-9999.0,-9999.0,-9999.0,orientation,color,size,0.38,-7.0,13,male,1,2304.7063153,0,19
2086,-9999.0,-9999.0,-9999.0,-9999.0,-9999.0,-9999.0,-9999.0,-9999.0,-9999.0,orientation,color,size,0.38,-7.0,13,male,1,2304.7063153,0,19
2087,-9999.0,-9999.0,-9999.0,-9999.0,-9999.0,-9999.0,-9999.0,-9999.0,-9999.0,orientation,color,size,0.38,-7.0,13,male,1,2304.7063153,0,19
2088,-9999.0,-9999.0,-9999.0,-9999.0,-9999.0,-9999.0,-9999.0,-9999.0,-9999.0,orientation,color,size,0.38,-7.0,13,male,1,2304.7063153,0,19
2089,-9999.0,-9999.0,-9999.0,-9999.0,-9999.0,-9999.0,-9999.0,-9999.0,-9999.0,orientation,color,size,0.38,-7.0,13,male,1,2304.7063153,0,19
2090,-9999.0,-9999.0,-9999.0,-9999.0,-9999.0,-9999.0,-9999.0,-9999.0,-9999.0,orientation,color,size,0.38,-7.0,13,male,1,2304.7063153,0,19
2091,-9999.0,-9999.0,-9999.0,-9999.0,-9999.0,-9999.0,-9999.0,-9999.0,-9999.0,orientation,color,size,0.38,-7.0,13,male,1,2304.7063153,0,19
2092,-9999.0,-9999.0,-9999.0,-9999.0,-9999.0,-9999.0,-9999.0,-9999.0,-9999.0,orientation,color,size,0.38,-7.0,13,male,1,2304.7063153,0,19
2093,-9999.0,-9999.0,-9999.0,-9999.0,-9999.0,-9999.0,-9999.0,-9999.0,-9999.0,orientation,color,size,0.38,-7.0,13,male,1,2304.7063153,0,19
2094,-9999.0,-9999.0,-9999.0,-9999.0,-9999.0,-9999.0,-9999.0,-9999.0,-9999.0,orientation,color,size,0.38,-7.0,13,male,1,2304.7063153,0,19
2095,-9999.0,-9999.0,-9999.0,-9999.0,-9999.0,-9999.0,-9999.0,-9999.0,-9999.0,orientation,color,size,0.38,-7.0,13,male,1,2304.7063153,0,19
2096,-9999.0,-9999.0,-9999.0,-9999.0,-9999.0,-9999.0,-9999.0,-9999.0,-9999.0,orientation,color,size,0.38,-7.0,13,male,1,2304.7063153,0,19
2097,-9999.0,-9999.0,-9999.0,-9999.0,-9999.0,-9999.0,-9999.0,-9999.0,-9999.0,orientation,color,size,0.38,-7.0,13,male,1,2304.7063153,0,19
2098,-9999.0,-9999.0,-9999.0,-9999.0,-9999.0,-9999.0,-9999.0,-9999.0,-9999.0,orientation,color,size,0.38,-7.0,13,male,1,2304.7063153,0,19
2099,-9999.0,-9999.0,-9999.0,-9999.0,-9999.0,-9999.0,-9999.0,-9999.0,-9999.0,orientation,color,size,0.38,-7.0,13,male,1,2304.7063153,0,19
2100,-9999.0,-9999.0,-9999.0,-9999.0,-9999.0,-9999.0,-9999.0,-9999.0,-9999.0,orientation,color,size,0.38,-7.0,13,male,1,2304.7063153,0,19
2101,-9999.0,-9999.0,-9999.0,-9999.0,-9999.0,-9999.0,-9999.0,-9999.0,-9999.0,orientation,color,size,0.38,-7.0,13,male,1,2304.7063153,0,19
2102,-9999.0,-9999.0,-9999.0,-9999.0,-9999.0,-9999.0,-9999.0,-9999.0,-9999.0,orientation,color,size,0.38,-7.0,13,male,1,2304.7063153,0,19
2103,-9999.0,-9999.0,-9999.0,-9999.0,-9999.0,-9999.0,-9999.0,-9999.0,-9999.0,orientation,color,size,0.38,-7.0,13,male,1,2304.7063153,0,19
2104,-9999.0,-9999.0,-9999.0,-9999.0,-9999.0,-9999.0,-9999.0,-9999.0,-9999.0,orientation,color,size,0.38,-7.0,13,male,1,2304.7063153,0,19
2105,-9999.0,-9999.0,-9999.0,-9999.0,-9999.0,-9999.0,-9999.0,-9999.0,-9999.0,orientation,color,size,0.38,-7.0,13,male,1,2304.7063153,0,19
2106,-9999.0,-9999.0,-9999.0,-9999.0,-9999.0,-9999.0,-9999.0,-9999.0,-9999.0,orientation,color,size,0.38,-7.0,13,male,1,2304.7063153,0,19
2107,-9999.0,-9999.0,-9999.0,-9999.0,-9999.0,-9999.0,-9999.0,-9999.0,-9999.0,orientation,color,size,0.38,-7.0,13,male,1,2304.7063153,0,19
2108,-9999.0,-9999.0,-9999.0,-9999.0,-9999.0,-9999.0,-9999.0,-9999.0,-9999.0,orientation,color,size,0.38,-7.0,13,male,1,2304.7063153,0,19
2109,-9999.0,-9999.0,-9999.0,-9999.0,-9999.0,-9999.0,-9999.0,-9999.0,-9999.0,orientation,color,size,0.38,-7.0,13,male,1,2304.7063153,0,19
2110,-9999.0,-9999.0,-9999.0,-9999.0,-9999.0,-9999.0,-9999.0,-9999.0,-9999.0,orientation,color,size,0.38,-7.0,13,male,1,2304.7063153,0,19
2111,-9999.0,-9999.0,-9999.0,-9999.0,-9999.0,-9999.0,-9999.0,-9999.0,-9999.0,orientation,color,size,0.38,-7.0,13,male,1,2304.7063153,0,19
2112,-9999.0,-9999.0,-9999.0,-9999.0,-9999.0,-9999.0,-9999.0,-9999.0,-9999.0,orientation,color,size,0.38,-7.0,13,male,1,2304.7063153,0,19
2113,-9999.0,-9999.0,-9999.0,-9999.0,-9999.0,-9999.0,-9999.0,-9999.0,-9999.0,orientation,color,size,0.38,-7.0,13,male,1,2304.7063153,0,19
2114,-9999.0,-9999.0,-9999.0,-9999.0,-9999.0,-9999.0,-9999.0,-9999.0,-9999.0,orientation,color,size,0.38,-7.0,13,male,1,2304.7063153,0,19
2115,-9999.0,-9999.0,-9999.0,-9999.0,-9999.0,-9999.0,-9999.0,-9999.0,-9999.0,orientation,color,size,0.38,-7.0,13,male,1,2304.7063153,0,19
2116,-9999.0,-9999.0,-9999.0,-9999.0,-9999.0,-9999.0,-9999.0,-9999.0,-9999.0,orientation,color,size,0.38,-7.0,13,male,1,2304.7063153,0,19
2117,-9999.0,-9999.0,-9999.0,-9999.0,-9999.0,-9999.0,-9999.0,-9999.0,-9999.0,orientation,color,size,0.38,-7.0,13,male,1,2304.7063153,0,19
2118,-9999.0,-9999.0,-9999.0,-9999.0,-9999.0,-9999.0,-9999.0,-9999.0,-9999.0,orientation,color,size,0.38,-7.0,13,male,1,2304.7063153,0,19
2119,-9999.0,-9999.0,-9999.0,-9999.0,-9999.0,-9999.0,-9999.0,-9999.0,-9999.0,orientation,color,size,0.38,-7.0,13,male,1,2304.7063153,0,19
2120,-9999.0,-9999.0,-9999.0,-9999.0,-9999.0,-9999.0,-9999.0,-9999.0,-9999.0,orientation,color,size,0.38,-7.0,13,male,1,2304.7063153,0,19
2121,-9999.0,-9999.0,-9999.0,-9999.0,-9999.0,-9999.0,-9999.0,-9999.0,-9999.0,orientation,color,size,0.38,-7.0,13,male,1,2304.7063153,0,19
2122,-9999.0,-9999.0,-9999.0,-9999.0,-9999.0,-9999.0,-9999.0,-9999.0,-9999.0,orientation,color,size,0.38,-7.0,13,male,1,2304.7063153,0,19
2123,-9999.0,-9999.0,-9999.0,-9999.0,-9999.0,-9999.0,-9999.0,-9999.0,-9999.0,orientation,color,size,0.38,-7.0,13,male,1,2304.7063153,0,19
2124,-9999.0,-9999.0,-9999.0,-9999.0,-9999.0,-9999.0,-9999.0,-9999.0,-9999.0,orientation,color,size,0.38,-7.0,13,male,1,2304.7063153,0,19
2125,-9999.0,-9999.0,-9999.0,-9999.0,-9999.0,-9999.0,-9999.0,-9999.0,-9999.0,orientation,color,size,0.38,-7.0,13,male,1,2304.7063153,0,19
2126,-9999.0,-9999.0,-9999.0,-9999.0,-9999.0,-9999.0,-9999.0,-9999.0,-9999.0,orientation,color,size,0.38,-7.0,13,male,1,2304.7063153,0,19
2127,-9999.0,-9999.0,-9999.0,-9999.0,-9999.0,-9999.0,-9999.0,-9999.0,-9999.0,orientation,color,size,0.38,-7.0,13,male,1,2304.7063153,0,19
2128,-9999.0,-9999.0,-9999.0,-9999.0,-9999.0,-9999.0,-9999.0,-9999.0,-9999.0,orientation,color,size,0.38,-7.0,13,male,1,2304.7063153,0,19
2129,-9999.0,-9999.0,-9999.0,-9999.0,-9999.0,-9999.0,-9999.0,-9999.0,-9999.0,orientation,color,size,0.38,-7.0,13,male,1,2304.7063153,0,19
2130,-9999.0,-9999.0,-9999.0,-9999.0,-9999.0,-9999.0,-9999.0,-9999.0,-9999.0,orientation,color,size,0.38,-7.0,13,male,1,2304.7063153,0,19
2131,-9999.0,-9999.0,-9999.0,-9999.0,-9999.0,-9999.0,-9999.0,-9999.0,-9999.0,orientation,color,size,0.38,-7.0,13,male,1,2304.7063153,0,19
2132,-9999.0,-9999.0,-9999.0,-9999.0,-9999.0,-9999.0,-9999.0,-9999.0,-9999.0,orientation,color,size,0.38,-7.0,13,male,1,2304.7063153,0,19
2133,-9999.0,-9999.0,-9999.0,-9999.0,-9999.0,-9999.0,-9999.0,-9999.0,-9999.0,orientation,color,size,0.38,-7.0,13,male,1,2304.7063153,0,19
2134,-9999.0,-9999.0,-9999.0,-9999.0,-9999.0,-9999.0,-9999.0,-9999.0,-9999.0,orientation,color,size,0.38,-7.0,13,male,1,2304.7063153,0,19
2135,-9999.0,-9999.0,-9999.0,-9999.0,-9999.0,-9999.0,-9999.0,-9999.0,-9999.0,orientation,color,size,0.38,-7.0,13,male,1,2304.7063153,0,19
2136,-9999.0,-9999.0,-9999.0,-9999.0,-9999.0,-9999.0,-9999.0,-9999.0,-9999.0,orientation,color,size,0.38,-7.0,13,male,1,2304.7063153,0,19
2137,-9999.0,-9999.0,-9999.0,-9999.0,-9999.0,-9999.0,-9999.0,-9999.0,-9999.0,orientation,color,size,0.38,-7.0,13,male,1,2304.7063153,0,19
2138,-9999.0,-9999.0,-9999.0,-9999.0,-9999.0,-9999.0,-9999.0,-9999.0,-9999.0,orientation,color,size,0.38,-7.0,13,male,1,2304.7063153,0,19
2139,-9999.0,-9999.0,-9999.0,-9999.0,-9999.0,-9999.0,-9999.0,-9999.0,-9999.0,orientation,color,size,0.38,-7.0,13,male,1,2304.7063153,0,19
2140,-9999.0,-9999.0,-9999.0,-9999.0,-9999.0,-9999.0,-9999.0,-9999.0,-9999.0,orientation,color,size,0.38,-7.0,13,male,1,2304.7063153,0,19
2141,-9999.0,-9999.0,-9999.0,-9999.0,-9999.0,-9999.0,-9999.0,-9999.0,-9999.0,orientation,color,size,0.38,-7.0,13,male,1,2304.7063153,0,19
2142,-9999.0,-9999.0,-9999.0,-9999.0,-9999.0,-9999.0,-9999.0,-9999.0,-9999.0,orientation,color,size,0.38,-7.0,13,male,1,2304.7063153,0,19
2143,-9999.0,-9999.0,-9999.0,-9999.0,-9999.0,-9999.0,-9999.0,-9999.0,-9999.0,orientation,color,size,0.38,-7.0,13,male,1,2304.7063153,0,19
2144,-9999.0,-9999.0,-9999.0,-9999.0,-9999.0,-9999.0,-9999.0,-9999.0,-9999.0,orientation,color,size,0.38,-7.0,13,male,1,2304.7063153,0,19
2145,-9999.0,-9999.0,-9999.0,-9999.0,-9999.0,-9999.0,-9999.0,-9999.0,-9999.0,orientation,color,size,0.38,-7.0,13,male,1,2304.7063153,0,19
2146,-9999.0,-9999.0,-9999.0,-9999.0,-9999.0,-9999.0,-9999.0,-9999.0,-9999.0,orientation,color,size,0.38,-7.0,13,male,1,2304.7063153,0,19
2147,-9999.0,-9999.0,-9999.0,-9999.0,-9999.0,-9999.0,-9999.0,-9999.0,-9999.0,orientation,color,size,0.38,-7.0,13,male,1,2304.7063153,0,19
2148,-9999.0,-9999.0,-9999.0,-9999.0,-9999.0,-9999.0,-9999.0,-9999.0,-9999.0,orientation,color,size,0.38,-7.0,13,male,1,2304.7063153,0,19
2149,-9999.0,-9999.0,-9999.0,-9999.0,-9999.0,-9999.0,-9999.0,-9999.0,-9999.0,orientation,color,size,0.38,-7.0,13,male,1,2304.7063153,0,19
2150,-9999.0,-9999.0,-9999.0,-9999.0,-9999.0,-9999.0,-9999.0,-9999.0,-9999.0,orientation,color,size,0.38,-7.0,13,male,1,2304.7063153,0,19
2151,-9999.0,-9999.0,-9999.0,-9999.0,-9999.0,-9999.0,-9999.0,-9999.0,-9999.0,orientation,color,size,0.38,-7.0,13,male,1,2304.7063153,0,19
2152,-9999.0,-9999.0,-9999.0,-9999.0,-9999.0,-9999.0,-9999.0,-9999.0,-9999.0,orientation,color,size,0.38,-7.0,13,male,1,2304.7063153,0,19
2153,-9999.0,-9999.0,-9999.0,-9999.0,-9999.0,-9999.0,-9999.0,-9999.0,-9999.0,orientation,color,size,0.38,-7.0,13,male,1,2304.7063153,0,19
2154,-9999.0,-9999.0,-9999.0,-9999.0,-9999.0,-9999.0,-9999.0,-9999.0,-9999.0,orientation,color,size,0.38,-7.0,13,male,1,2304.7063153,0,19
2155,-9999.0,-9999.0,-9999.0,-9999.0,-9999.0,-9999.0,-9999.0,-9999.0,-9999.0,orientation,color,size,0.38,-7.0,13,male,1,2304.7063153,0,19
2156,-9999.0,-9999.0,-9999.0,-9999.0,-9999.0,-9999.0,-9999.0,-9999.0,-9999.0,orientation,color,size,0.38,-7.0,13,male,1,2304.7063153,0,19
2157,-9999.0,-9999.0,-9999.0,-9999.0,-9999.0,-9999.0,-9999.0,-9999.0,-9999.0,orientation,color,size,0.38,-7.0,13,male,1,2304.7063153,0,19
2158,-9999.0,-9999.0,-9999.0,-9999.0,-9999.0,-9999.0,-9999.0,-9999.0,-9999.0,orientation,color,size,0.38,-7.0,13,male,1,2304.7063153,0,19
2159,-9999.0,-9999.0,-9999.0,-9999.0,-9999.0,-9999.0,-9999.0,-9999.0,-9999.0,orientation,color,size,0.38,-7.0,13,male,1,2304.7063153,0,19
2160,-9999.0,-9999.0,-9999.0,-9999.0,-9999.0,-9999.0,-9999.0,-9999.0,-9999.0,orientation,color,size,0.38,-7.0,13,male,1,2304.7063153,0,19
2161,-9999.0,-9999.0,-9999.0,-9999.0,-9999.0,-9999.0,-9999.0,-9999.0,-9999.0,orientation,color,size,0.38,-7.0,13,male,1,2304.7063153,0,19
2162,-9999.0,-9999.0,-9999.0,-9999.0,-9999.0,-9999.0,-9999.0,-9999.0,-9999.0,orientation,color,size,0.38,-7.0,13,male,1,2304.7063153,0,19
2163,-9999.0,-9999.0,-9999.0,-9999.0,-9999.0,-9999.0,-9999.0,-9999.0,-9999.0,orientation,color,size,0.38,-7.0,13,male,1,2304.7063153,0,19
2164,-9999.0,-9999.0,-9999.0,-9999.0,-9999.0,-9999.0,-9999.0,-9999.0,-9999.0,orientation,color,size,0.38,-7.0,13,male,1,2304.7063153,0,19
2165,-9999.0,-9999.0,-9999.0,-9999.0,-9999.0,-9999.0,-9999.0,-9999.0,-9999.0,orientation,color,size,0.38,-7.0,13,male,1,2304.7063153,0,19
2166,-9999.0,-9999.0,-9999.0,-9999.0,-9999.0,-9999.0,-9999.0,-9999.0,-9999.0,orientation,color,size,0.38,-7.0,13,male,1,2304.7063153,0,19
2167,-9999.0,-9999.0,-9999.0,-9999.0,-9999.0,-9999.0,-9999.0,-9999.0,-9999.0,orientation,color,size,0.38,-7.0,13,male,1,2304.7063153,0,19
2168,-9999.0,-9999.0,-9999.0,-9999.0,-9999.0,-9999.0,-9999.0,-9999.0,-9999.0,orientation,color,size,0.38,-7.0,13,male,1,2304.7063153,0,19
2169,-9999.0,-9999.0,-9999.0,-9999.0,-9999.0,-9999.0,-9999.0,-9999.0,-9999.0,orientation,color,size,0.38,-7.0,13,male,1,2304.7063153,0,19
2170,-9999.0,-9999.0,-9999.0,-9999.0,-9999.0,-9999.0,-9999.0,-9999.0,-9999.0,orientation,color,size,0.38,-7.0,13,male,1,2304.7063153,0,19
2171,-9999.0,-9999.0,-9999.0,-9999.0,-9999.0,-9999.0,-9999.0,-9999.0,-9999.0,orientation,color,size,0.38,-7.0,13,male,1,2304.7063153,0,19
2172,-9999.0,-9999.0,-9999.0,-9999.0,-9999.0,-9999.0,-9999.0,-9999.0,-9999.0,orientation,color,size,0.38,-7.0,13,male,1,2304.7063153,0,19
2173,-9999.0,-9999.0,-9999.0,-9999.0,-9999.0,-9999.0,-9999.0,-9999.0,-9999.0,orientation,color,size,0.38,-7.0,13,male,1,2304.7063153,0,19
2174,-9999.0,-9999.0,-9999.0,-9999.0,-9999.0,-9999.0,-9999.0,-9999.0,-9999.0,orientation,color,size,0.38,-7.0,13,male,1,2304.7063153,0,19
2175,-9999.0,-9999.0,-9999.0,-9999.0,-9999.0,-9999.0,-9999.0,-9999.0,-9999.0,orientation,color,size,0.38,-7.0,13,male,1,2304.7063153,0,19
2176,-9999.0,-9999.0,-9999.0,-9999.0,-9999.0,-9999.0,-9999.0,-9999.0,-9999.0,orientation,color,size,0.38,-7.0,13,male,1,2304.7063153,0,19
2177,-9999.0,-9999.0,-9999.0,-9999.0,-9999.0,-9999.0,-9999.0,-9999.0,-9999.0,orientation,color,size,0.38,-7.0,13,male,1,2304.7063153,0,19
2178,-9999.0,-9999.0,-9999.0,-9999.0,-9999.0,-9999.0,-9999.0,-9999.0,-9999.0,orientation,color,size,0.38,-7.0,13,male,1,2304.7063153,0,19
2179,-9999.0,-9999.0,-9999.0,-9999.0,-9999.0,-9999.0,-9999.0,-9999.0,-9999.0,orientation,color,size,0.38,-7.0,13,male,1,2304.7063153,0,19
2180,-9999.0,-9999.0,-9999.0,-9999.0,-9999.0,-9999.0,-9999.0,-9999.0,-9999.0,orientation,color,size,0.38,-7.0,13,male,1,2304.7063153,0,19
2181,-9999.0,-9999.0,-9999.0,-9999.0,-9999.0,-9999.0,-9999.0,-9999.0,-9999.0,orientation,color,size,0.38,-7.0,13,male,1,2304.7063153,0,19
2182,-9999.0,-9999.0,-9999.0,-9999.0,-9999.0,-9999.0,-9999.0,-9999.0,-9999.0,orientation,color,size,0.38,-7.0,13,male,1,2304.7063153,0,19
2183,-9999.0,-9999.0,-9999.0,-9999.0,-9999.0,-9999.0,-9999.0,-9999.0,-9999.0,orientation,color,size,0.38,-7.0,13,male,1,2304.7063153,0,19
2184,-9999.0,-9999.0,-9999.0,-9999.0,-9999.0,-9999.0,-9999.0,-9999.0,-9999.0,orientation,color,size,0.38,-7.0,13,male,1,2304.7063153,0,19
2185,-9999.0,-9999.0,-9999.0,-9999.0,-9999.0,-9999.0,-9999.0,-9999.0,-9999.0,orientation,color,size,0.38,-7.0,13,male,1,2304.7063153,0,19
2186,-9999.0,-9999.0,-9999.0,-9999.0,-9999.0,-9999.0,-9999.0,-9999.0,-9999.0,orientation,color,size,0.38,-7.0,13,male,1,2304.7063153,0,19
2187,-9999.0,-9999.0,-9999.0,-9999.0,-9999.0,-9999.0,-9999.0,-9999.0,-9999.0,orientation,color,size,0.38,-7.0,13,male,1,2304.7063153,0,19
2188,-9999.0,-9999.0,-9999.0,-9999.0,-9999.0,-9999.0,-9999.0,-9999.0,-9999.0,orientation,color,size,0.38,-7.0,13,male,1,2304.7063153,0,19
2189,-9999.0,-9999.0,-9999.0,-9999.0,-9999.0,-9999.0,-9999.0,-9999.0,-9999.0,orientation,color,size,0.38,-7.0,13,male,1,2304.7063153,0,19
2190,-9999.0,-9999.0,-9999.0,-9999.0,-9999.0,-9999.0,-9999.0,-9999.0,-9999.0,orientation,color,size,0.38,-7.0,13,male,1,2304.7063153,0,19
2191,-9999.0,-9999.0,-9999.0,-9999.0,-9999.0,-9999.0,-9999.0,-9999.0,-9999.0,orientation,color,size,0.38,-7.0,13,male,1,2304.7063153,0,19
2192,-9999.0,-9999.0,-9999.0,-9999.0,-9999.0,-9999.0,-9999.0,-9999.0,-9999.0,orientation,color,size,0.38,-7.0,13,male,1,2304.7063153,0,19
2193,-9999.0,-9999.0,-9999.0,-9999.0,-9999.0,-9999.0,-9999.0,-9999.0,-9999.0,orientation,color,size,0.38,-7.0,13,male,1,2304.7063153,0,19
2194,-9999.0,-9999.0,-9999.0,-9999.0,-9999.0,-9999.0,-9999.0,-9999.0,-9999.0,orientation,color,size,0.38,-7.0,13,male,1,2304.7063153,0,19
2195,-9999.0,-9999.0,-9999.0,-9999.0,-9999.0,-9999.0,-9999.0,-9999.0,-9999.0,orientation,color,size,0.38,-7.0,13,male,1,2304.7063153,0,19
2196,-9999.0,-9999.0,-9999.0,-9999.0,-9999.0,-9999.0,-9999.0,-9999.0,-9999.0,orientation,color,size,0.38,-7.0,13,male,1,2304.7063153,0,19
2197,-9999.0,-9999.0,-9999.0,-9999.0,-9999.0,-9999.0,-9999.0,-9999.0,-9999.0,orientation,color,size,0.38,-7.0,13,male,1,2304.7063153,0,19
2198,-9999.0,-9999.0,-9999.0,-9999.0,-9999.0,-9999.0,-9999.0,-9999.0,-9999.0,orientation,color,size,0.38,-7.0,13,male,1,2304.7063153,0,19
2199,-9999.0,-9999.0,-9999.0,-9999.0,-9999.0,-9999.0,-9999.0,-9999.0,-9999.0,orientation,color,size,0.38,-7.0,13,male,1,2304.7063153,0,19
2200,-9999.0,-9999.0,-9999.0,-9999.0,-9999.0,-9999.0,-9999.0,-9999.0,-9999.0,orientation,color,size,0.38,-7.0,13,male,1,2304.7063153,0,19
2201,-9999.0,-9999.0,-9999.0,-9999.0,-9999.0,-9999.0,-9999.0,-9999.0,-9999.0,orientation,color,size,0.38,-7.0,13,male,1,2304.7063153,0,19
2202,-9999.0,-9999.0,-9999.0,-9999.0,-9999.0,-9999.0,-9999.0,-9999.0,-9999.0,orientation,color,size,0.38,-7.0,13,male,1,2304.7063153,0,19
2203,-9999.0,-9999.0,-9999.0,-9999.0,-9999.0,-9999.0,-9999.0,-9999.0,-9999.0,orientation,color,size,0.38,-7.0,13,male,1,2304.7063153,0,19
2204,-9999.0,-9999.0,-9999.0,-9999.0,-9999.0,-9999.0,-9999.0,-9999.0,-9999.0,orientation,color,size,0.38,-7.0,13,male,1,2304.7063153,0,19
2205,-9999.0,-9999.0,-9999.0,-9999.0,-9999.0,-9999.0,-9999.0,-9999.0,-9999.0,orientation,color,size,0.38,-7.0,13,male,1,2304.7063153,0,19
2206,-9999.0,-9999.0,-9999.0,-9999.0,-9999.0,-9999.0,-9999.0,-9999.0,-9999.0,orientation,color,size,0.38,-7.0,13,male,1,2304.7063153,0,19
2207,-9999.0,-9999.0,-9999.0,-9999.0,-9999.0,-9999.0,-9999.0,-9999.0,-9999.0,orientation,color,size,0.38,-7.0,13,male,1,2304.7063153,0,19
2208,-9999.0,-9999.0,-9999.0,-9999.0,-9999.0,-9999.0,-9999.0,-9999.0,-9999.0,orientation,color,size,0.38,-7.0,13,male,1,2304.7063153,0,19
2209,-9999.0,-9999.0,-9999.0,-9999.0,-9999.0,-9999.0,-9999.0,-9999.0,-9999.0,orientation,color,size,0.38,-7.0,13,male,1,2304.7063153,0,19
2210,-9999.0,-9999.0,-9999.0,-9999.0,-9999.0,-9999.0,-9999.0,-9999.0,-9999.0,orientation,color,size,0.38,-7.0,13,male,1,2304.7063153,0,19
2211,-9999.0,-9999.0,-9999.0,-9999.0,-9999.0,-9999.0,-9999.0,-9999.0,-9999.0,orientation,color,size,0.38,-7.0,13,male,1,2304.7063153,0,19
2212,-9999.0,-9999.0,-9999.0,-9999.0,-9999.0,-9999.0,-9999.0,-9999.0,-9999.0,orientation,color,size,0.38,-7.0,13,male,1,2304.7063153,0,19
2213,-9999.0,-9999.0,-9999.0,-9999.0,-9999.0,-9999.0,-9999.0,-9999.0,-9999.0,orientation,color,size,0.38,-7.0,13,male,1,2304.7063153,0,19
2214,-9999.0,-9999.0,-9999.0,-9999.0,-9999.0,-9999.0,-9999.0,-9999.0,-9999.0,orientation,color,size,0.38,-7.0,13,male,1,2304.7063153,0,19
2215,-9999.0,-9999.0,-9999.0,-9999.0,-9999.0,-9999.0,-9999.0,-9999.0,-9999.0,orientation,color,size,0.38,-7.0,13,male,1,2304.7063153,0,19
2216,-9999.0,-9999.0,-9999.0,-9999.0,-9999.0,-9999.0,-9999.0,-9999.0,-9999.0,orientation,color,size,0.38,-7.0,13,male,1,2304.7063153,0,19
2217,-9999.0,-9999.0,-9999.0,-9999.0,-9999.0,-9999.0,-9999.0,-9999.0,-9999.0,orientation,color,size,0.38,-7.0,13,male,1,2304.7063153,0,19
2218,-9999.0,-9999.0,-9999.0,-9999.0,-9999.0,-9999.0,-9999.0,-9999.0,-9999.0,orientation,color,size,0.38,-7.0,13,male,1,2304.7063153,0,19
2219,-9999.0,-9999.0,-9999.0,-9999.0,-9999.0,-9999.0,-9999.0,-9999.0,-9999.0,orientation,color,size,0.38,-7.0,13,male,1,2304.7063153,0,19
2220,-9999.0,-9999.0,-9999.0,-9999.0,-9999.0,-9999.0,-9999.0,-9999.0,-9999.0,orientation,color,size,0.38,-7.0,13,male,1,2304.7063153,0,19
2221,-9999.0,-9999.0,-9999.0,-9999.0,-9999.0,-9999.0,-9999.0,-9999.0,-9999.0,orientation,color,size,0.38,-7.0,13,male,1,2304.7063153,0,19
2222,-9999.0,-9999.0,-9999.0,-9999.0,-9999.0,-9999.0,-9999.0,-9999.0,-9999.0,orientation,color,size,0.38,-7.0,13,male,1,2304.7063153,0,19
2223,-9999.0,-9999.0,-9999.0,-9999.0,-9999.0,-9999.0,-9999.0,-9999.0,-9999.0,orientation,color,size,0.38,-7.0,13,male,1,2304.7063153,0,19
2224,-9999.0,-9999.0,-9999.0,-9999.0,-9999.0,-9999.0,-9999.0,-9999.0,-9999.0,orientation,color,size,0.38,-7.0,13,male,1,2304.7063153,0,19
2225,-9999.0,-9999.0,-9999.0,-9999.0,-9999.0,-9999.0,-9999.0,-9999.0,-9999.0,orientation,color,size,0.38,-7.0,13,male,1,2304.7063153,0,19
2226,-9999.0,-9999.0,-9999.0,-9999.0,-9999.0,-9999.0,-9999.0,-9999.0,-9999.0,orientation,color,size,0.38,-7.0,13,male,1,2304.7063153,0,19
2227,-9999.0,-9999.0,-9999.0,-9999.0,-9999.0,-9999.0,-9999.0,-9999.0,-9999.0,orientation,color,size,0.38,-7.0,13,male,1,2304.7063153,0,19
2228,-9999.0,-9999.0,-9999.0,-9999.0,-9999.0,-9999.0,-9999.0,-9999.0,-9999.0,orientation,color,size,0.38,-7.0,13,male,1,2304.7063153,0,19
2229,-9999.0,-9999.0,-9999.0,-9999.0,-9999.0,-9999.0,-9999.0,-9999.0,-9999.0,orientation,color,size,0.38,-7.0,13,male,1,2304.7063153,0,19
2230,-9999.0,-9999.0,-9999.0,-9999.0,-9999.0,-9999.0,-9999.0,-9999.0,-9999.0,orientation,color,size,0.38,-7.0,13,male,1,2304.7063153,0,19
2231,-9999.0,-9999.0,-9999.0,-9999.0,-9999.0,-9999.0,-9999.0,-9999.0,-9999.0,orientation,color,size,0.38,-7.0,13,male,1,2304.7063153,0,19
2232,-9999.0,-9999.0,-9999.0,-9999.0,-9999.0,-9999.0,-9999.0,-9999.0,-9999.0,orientation,color,size,0.38,-7.0,13,male,1,2304.7063153,0,19
2233,-9999.0,-9999.0,-9999.0,-9999.0,-9999.0,-9999.0,-9999.0,-9999.0,-9999.0,orientation,color,size,0.38,-7.0,13,male,1,2304.7063153,0,19
2234,-9999.0,-9999.0,-9999.0,-9999.0,-9999.0,-9999.0,-9999.0,-9999.0,-9999.0,orientation,color,size,0.38,-7.0,13,male,1,2304.7063153,0,19
2235,-9999.0,-9999.0,-9999.0,-9999.0,-9999.0,-9999.0,-9999.0,-9999.0,-9999.0,orientation,color,size,0.38,-7.0,13,male,1,2304.7063153,0,19
2236,-9999.0,-9999.0,-9999.0,-9999.0,-9999.0,-9999.0,-9999.0,-9999.0,-9999.0,orientation,color,size,0.38,-7.0,13,male,1,2304.7063153,0,19
2237,-9999.0,-9999.0,-9999.0,-9999.0,-9999.0,-9999.0,-9999.0,-9999.0,-9999.0,orientation,color,size,0.38,-7.0,13,male,1,2304.7063153,0,19
2238,-9999.0,-9999.0,-9999.0,-9999.0,-9999.0,-9999.0,-9999.0,-9999.0,-9999.0,orientation,color,size,0.38,-7.0,13,male,1,2304.7063153,0,19
2239,-9999.0,-9999.0,-9999.0,-9999.0,-9999.0,-9999.0,-9999.0,-9999.0,-9999.0,orientation,color,size,0.38,-7.0,13,male,1,2304.7063153,0,19
2240,-9999.0,-9999.0,-9999.0,-9999.0,-9999.0,-9999.0,-9999.0,-9999.0,-9999.0,orientation,color,size,0.38,-7.0,13,male,1,2304.7063153,0,19
2241,-9999.0,-9999.0,-9999.0,-9999.0,-9999.0,-9999.0,-9999.0,-9999.0,-9999.0,orientation,color,size,0.38,-7.0,13,male,1,2304.7063153,0,19
2242,-9999.0,-9999.0,-9999.0,-9999.0,-9999.0,-9999.0,-9999.0,-9999.0,-9999.0,orientation,color,size,0.38,-7.0,13,male,1,2304.7063153,0,19
2243,-9999.0,-9999.0,-9999.0,-9999.0,-9999.0,-9999.0,-9999.0,-9999.0,-9999.0,orientation,color,size,0.38,-7.0,13,male,1,2304.7063153,0,19
2244,-9999.0,-9999.0,-9999.0,-9999.0,-9999.0,-9999.0,-9999.0,-9999.0,-9999.0,orientation,color,size,0.38,-7.0,13,male,1,2304.7063153,0,19
2245,-9999.0,-9999.0,-9999.0,-9999.0,-9999.0,-9999.0,-9999.0,-9999.0,-9999.0,orientation,color,size,0.38,-7.0,13,male,1,2304.7063153,0,19
2246,-9999.0,-9999.0,-9999.0,-9999.0,-9999.0,-9999.0,-9999.0,-9999.0,-9999.0,orientation,color,size,0.38,-7.0,13,male,1,2304.7063153,0,19
2247,-9999.0,-9999.0,-9999.0,-9999.0,-9999.0,-9999.0,-9999.0,-9999.0,-9999.0,orientation,color,size,0.38,-7.0,13,male,1,2304.7063153,0,19
2248,-9999.0,-9999.0,-9999.0,-9999.0,-9999.0,-9999.0,-9999.0,-9999.0,-9999.0,orientation,color,size,0.38,-7.0,13,male,1,2304.7063153,0,19
2249,-9999.0,-9999.0,-9999.0,-9999.0,-9999.0,-9999.0,-9999.0,-9999.0,-9999.0,orientation,color,size,0.38,-7.0,13,male,1,2304.7063153,0,19
2250,-9999.0,-9999.0,-9999.0,-9999.0,-9999.0,-9999.0,-9999.0,-9999.0,-9999.0,orientation,color,size,0.38,-7.0,13,male,1,2304.7063153,0,19
2251,-9999.0,-9999.0,-9999.0,-9999.0,-9999.0,-9999.0,-9999.0,-9999.0,-9999.0,orientation,color,size,0.38,-7.0,13,male,1,2304.7063153,0,19
2252,-9999.0,-9999.0,-9999.0,-9999.0,-9999.0,-9999.0,-9999.0,-9999.0,-9999.0,orientation,color,size,0.38,-7.0,13,male,1,2304.7063153,0,19
2253,-9999.0,-9999.0,-9999.0,-9999.0,-9999.0,-9999.0,-9999.0,-9999.0,-9999.0,orientation,color,size,0.38,-7.0,13,male,1,2304.7063153,0,19
2254,-9999.0,-9999.0,-9999.0,-9999.0,-9999.0,-9999.0,-9999.0,-9999.0,-9999.0,orientation,color,size,0.38,-7.0,13,male,1,2304.7063153,0,19
2255,-9999.0,-9999.0,-9999.0,-9999.0,-9999.0,-9999.0,-9999.0,-9999.0,-9999.0,orientation,color,size,0.38,-7.0,13,male,1,2304.7063153,0,19
2256,-9999.0,-9999.0,-9999.0,-9999.0,-9999.0,-9999.0,-9999.0,-9999.0,-9999.0,orientation,color,size,0.38,-7.0,13,male,1,2304.7063153,0,19
2257,-9999.0,-9999.0,-9999.0,-9999.0,-9999.0,-9999.0,-9999.0,-9999.0,-9999.0,orientation,color,size,0.38,-7.0,13,male,1,2304.7063153,0,19
2258,-9999.0,-9999.0,-9999.0,-9999.0,-9999.0,-9999.0,-9999.0,-9999.0,-9999.0,orientation,color,size,0.38,-7.0,13,male,1,2304.7063153,0,19
2259,-9999.0,-9999.0,-9999.0,-9999.0,-9999.0,-9999.0,-9999.0,-9999.0,-9999.0,orientation,color,size,0.38,-7.0,13,male,1,2304.7063153,0,19
2260,-9999.0,-9999.0,-9999.0,-9999.0,-9999.0,-9999.0,-9999.0,-9999.0,-9999.0,orientation,color,size,0.38,-7.0,13,male,1,2304.7063153,0,19
2261,-9999.0,-9999.0,-9999.0,-9999.0,-9999.0,-9999.0,-9999.0,-9999.0,-9999.0,orientation,color,size,0.38,-7.0,13,male,1,2304.7063153,0,19
2262,-9999.0,-9999.0,-9999.0,-9999.0,-9999.0,-9999.0,-9999.0,-9999.0,-9999.0,orientation,color,size,0.38,-7.0,13,male,1,2304.7063153,0,19
2263,-9999.0,-9999.0,-9999.0,-9999.0,-9999.0,-9999.0,-9999.0,-9999.0,-9999.0,orientation,color,size,0.38,-7.0,13,male,1,2304.7063153,0,19
2264,-9999.0,-9999.0,-9999.0,-9999.0,-9999.0,-9999.0,-9999.0,-9999.0,-9999.0,orientation,color,size,0.38,-7.0,13,male,1,2304.7063153,0,19
2265,-9999.0,-9999.0,-9999.0,-9999.0,-9999.0,-9999.0,-9999.0,-9999.0,-9999.0,orientation,color,size,0.38,-7.0,13,male,1,2304.7063153,0,19
2266,-9999.0,-9999.0,-9999.0,-9999.0,-9999.0,-9999.0,-9999.0,-9999.0,-9999.0,orientation,color,size,0.38,-7.0,13,male,1,2304.7063153,0,19
2267,-9999.0,-9999.0,-9999.0,-9999.0,-9999.0,-9999.0,-9999.0,-9999.0,-9999.0,orientation,color,size,0.38,-7.0,13,male,1,2304.7063153,0,19
2268,-9999.0,-9999.0,-9999.0,-9999.0,-9999.0,-9999.0,-9999.0,-9999.0,-9999.0,orientation,color,size,0.38,-7.0,13,male,1,2304.7063153,0,19
2269,-9999.0,-9999.0,-9999.0,-9999.0,-9999.0,-9999.0,-9999.0,-9999.0,-9999.0,orientation,color,size,0.38,-7.0,13,male,1,2304.7063153,0,19
2270,-9999.0,-9999.0,-9999.0,-9999.0,-9999.0,-9999.0,-9999.0,-9999.0,-9999.0,orientation,color,size,0.38,-7.0,13,male,1,2304.7063153,0,19
2271,-9999.0,-9999.0,-9999.0,-9999.0,-9999.0,-9999.0,-9999.0,-9999.0,-9999.0,orientation,color,size,0.38,-7.0,13,male,1,2304.7063153,0,19
2272,-9999.0,-9999.0,-9999.0,-9999.0,-9999.0,-9999.0,-9999.0,-9999.0,-9999.0,orientation,color,size,0.38,-7.0,13,male,1,2304.7063153,0,19
2273,-9999.0,-9999.0,-9999.0,-9999.0,-9999.0,-9999.0,-9999.0,-9999.0,-9999.0,orientation,color,size,0.38,-7.0,13,male,1,2304.7063153,0,19
2274,-9999.0,-9999.0,-9999.0,-9999.0,-9999.0,-9999.0,-9999.0,-9999.0,-9999.0,orientation,color,size,0.38,-7.0,13,male,1,2304.7063153,0,19
2275,-9999.0,-9999.0,-9999.0,-9999.0,-9999.0,-9999.0,-9999.0,-9999.0,-9999.0,orientation,color,size,0.38,-7.0,13,male,1,2304.7063153,0,19
2276,-9999.0,-9999.0,-9999.0,-9999.0,-9999.0,-9999.0,-9999.0,-9999.0,-9999.0,orientation,color,size,0.38,-7.0,13,male,1,2304.7063153,0,19
2277,-9999.0,-9999.0,-9999.0,-9999.0,-9999.0,-9999.0,-9999.0,-9999.0,-9999.0,orientation,color,size,0.38,-7.0,13,male,1,2304.7063153,0,19
2278,-9999.0,-9999.0,-9999.0,-9999.0,-9999.0,-9999.0,-9999.0,-9999.0,-9999.0,orientation,color,size,0.38,-7.0,13,male,1,2304.7063153,0,19
2279,-9999.0,-9999.0,-9999.0,-9999.0,-9999.0,-9999.0,-9999.0,-9999.0,-9999.0,orientation,color,size,0.38,-7.0,13,male,1,2304.7063153,0,19
2280,-9999.0,-9999.0,-9999.0,-9999.0,-9999.0,-9999.0,-9999.0,-9999.0,-9999.0,orientation,color,size,0.38,-7.0,13,male,1,2304.7063153,0,19
2281,-9999.0,-9999.0,-9999.0,-9999.0,-9999.0,-9999.0,-9999.0,-9999.0,-9999.0,orientation,color,size,0.38,-7.0,13,male,1,2304.7063153,0,19
2282,-9999.0,-9999.0,-9999.0,-9999.0,-9999.0,-9999.0,-9999.0,-9999.0,-9999.0,orientation,color,size,0.38,-7.0,13,male,1,2304.7063153,0,19
2283,-9999.0,-9999.0,-9999.0,-9999.0,-9999.0,-9999.0,-9999.0,-9999.0,-9999.0,orientation,color,size,0.38,-7.0,13,male,1,2304.7063153,0,19
2284,-9999.0,-9999.0,-9999.0,-9999.0,-9999.0,-9999.0,-9999.0,-9999.0,-9999.0,orientation,color,size,0.38,-7.0,13,male,1,2304.7063153,0,19
2285,-9999.0,-9999.0,-9999.0,-9999.0,-9999.0,-9999.0,-9999.0,-9999.0,-9999.0,orientation,color,size,0.38,-7.0,13,male,1,2304.7063153,0,19
2286,-9999.0,-9999.0,-9999.0,-9999.0,-9999.0,-9999.0,-9999.0,-9999.0,-9999.0,orientation,color,size,0.38,-7.0,13,male,1,2304.7063153,0,19
2287,-9999.0,-9999.0,-9999.0,-9999.0,-9999.0,-9999.0,-9999.0,-9999.0,-9999.0,orientation,color,size,0.38,-7.0,13,male,1,2304.7063153,0,19
2288,-9999.0,-9999.0,-9999.0,-9999.0,-9999.0,-9999.0,-9999.0,-9999.0,-9999.0,orientation,color,size,0.38,-7.0,13,male,1,2304.7063153,0,19
2289,-9999.0,-9999.0,-9999.0,-9999.0,-9999.0,-9999.0,-9999.0,-9999.0,-9999.0,orientation,color,size,0.38,-7.0,13,male,1,2304.7063153,0,19
2290,-9999.0,-9999.0,-9999.0,-9999.0,-9999.0,-9999.0,-9999.0,-9999.0,-9999.0,orientation,color,size,0.38,-7.0,13,male,1,2304.7063153,0,19
2291,-9999.0,-9999.0,-9999.0,-9999.0,-9999.0,-9999.0,-9999.0,-9999.0,-9999.0,orientation,color,size,0.38,-7.0,13,male,1,2304.7063153,0,19
2292,-9999.0,-9999.0,-9999.0,-9999.0,-9999.0,-9999.0,-9999.0,-9999.0,-9999.0,orientation,color,size,0.38,-7.0,13,male,1,2304.7063153,0,19
2293,-9999.0,-9999.0,-9999.0,-9999.0,-9999.0,-9999.0,-9999.0,-9999.0,-9999.0,orientation,color,size,0.38,-7.0,13,male,1,2304.7063153,0,19
2294,-9999.0,-9999.0,-9999.0,-9999.0,-9999.0,-9999.0,-9999.0,-9999.0,-9999.0,orientation,color,size,0.38,-7.0,13,male,1,2304.7063153,0,19
2295,-9999.0,-9999.0,-9999.0,-9999.0,-9999.0,-9999.0,-9999.0,-9999.0,-9999.0,orientation,color,size,0.38,-7.0,13,male,1,2304.7063153,0,19
2296,-9999.0,-9999.0,-9999.0,-9999.0,-9999.0,-9999.0,-9999.0,-9999.0,-9999.0,orientation,color,size,0.38,-7.0,13,male,1,2304.7063153,0,19
2297,-9999.0,-9999.0,-9999.0,-9999.0,-9999.0,-9999.0,-9999.0,-9999.0,-9999.0,orientation,color,size,0.38,-7.0,13,male,1,2304.7063153,0,19
2298,-9999.0,-9999.0,-9999.0,-9999.0,-9999.0,-9999.0,-9999.0,-9999.0,-9999.0,orientation,color,size,0.38,-7.0,13,male,1,2304.7063153,0,19
2299,-9999.0,-9999.0,-9999.0,-9999.0,-9999.0,-9999.0,-9999.0,-9999.0,-9999.0,orientation,color,size,0.38,-7.0,13,male,1,2304.7063153,0,19
2300,-9999.0,-9999.0,-9999.0,-9999.0,-9999.0,-9999.0,-9999.0,-9999.0,-9999.0,orientation,color,size,0.38,-7.0,13,male,1,2304.7063153,0,19
2301,-9999.0,-9999.0,-9999.0,-9999.0,-9999.0,-9999.0,-9999.0,-9999.0,-9999.0,orientation,color,size,0.38,-7.0,13,male,1,2304.7063153,0,19
2302,-9999.0,-9999.0,-9999.0,-9999.0,-9999.0,-9999.0,-9999.0,-9999.0,-9999.0,orientation,color,size,0.38,-7.0,13,male,1,2304.7063153,0,19
2303,-9999.0,-9999.0,-9999.0,-9999.0,-9999.0,-9999.0,-9999.0,-9999.0,-9999.0,orientation,color,size,0.38,-7.0,13,male,1,2304.7063153,0,19
2304,-9999.0,-9999.0,-9999.0,-9999.0,-9999.0,-9999.0,-9999.0,-9999.0,-9999.0,orientation,color,size,0.38,-7.0,13,male,1,2304.7063153,0,19
2305,-9999.0,-9999.0,-9999.0,-9999.0,-9999.0,-9999.0,-9999.0,-9999.0,-9999.0,orientation,color,size,0.38,-7.0,13,male,1,2304.7063153,0,19
2306,-9999.0,-9999.0,-9999.0,-9999.0,-9999.0,-9999.0,-9999.0,-9999.0,-9999.0,orientation,color,size,0.38,-7.0,13,male,1,2304.7063153,0,19
2307,-9999.0,-9999.0,-9999.0,-9999.0,-9999.0,-9999.0,-9999.0,-9999.0,-9999.0,orientation,color,size,0.38,-7.0,13,male,1,2304.7063153,0,19
2308,-9999.0,-9999.0,-9999.0,-9999.0,-9999.0,-9999.0,-9999.0,-9999.0,-9999.0,orientation,color,size,0.38,-7.0,13,male,1,2304.7063153,0,19
2309,-9999.0,-9999.0,-9999.0,-9999.0,-9999.0,-9999.0,-9999.0,-9999.0,-9999.0,orientation,color,size,0.38,-7.0,13,male,1,2304.7063153,0,19
2310,-9999.0,-9999.0,-9999.0,-9999.0,-9999.0,-9999.0,-9999.0,-9999.0,-9999.0,orientation,color,size,0.38,-7.0,13,male,1,2304.7063153,0,19
2311,-9999.0,-9999.0,-9999.0,-9999.0,-9999.0,-9999.0,-9999.0,-9999.0,-9999.0,orientation,color,size,0.38,-7.0,13,male,1,2304.7063153,0,19
2312,-9999.0,-9999.0,-9999.0,-9999.0,-9999.0,-9999.0,-9999.0,-9999.0,-9999.0,orientation,color,size,0.38,-7.0,13,male,1,2304.7063153,0,19
2313,-9999.0,-9999.0,-9999.0,-9999.0,-9999.0,-9999.0,-9999.0,-9999.0,-9999.0,orientation,color,size,0.38,-7.0,13,male,1,2304.7063153,0,19
2314,-9999.0,-9999.0,-9999.0,-9999.0,-9999.0,-9999.0,-9999.0,-9999.0,-9999.0,orientation,color,size,0.38,-7.0,13,male,1,2304.7063153,0,19
2315,-9999.0,-9999.0,-9999.0,-9999.0,-9999.0,-9999.0,-9999.0,-9999.0,-9999.0,orientation,color,size,0.38,-7.0,13,male,1,2304.7063153,0,19
2316,-9999.0,-9999.0,-9999.0,-9999.0,-9999.0,-9999.0,-9999.0,-9999.0,-9999.0,orientation,color,size,0.38,-7.0,13,male,1,2304.7063153,0,19
2317,-9999.0,-9999.0,-9999.0,-9999.0,-9999.0,-9999.0,-9999.0,-9999.0,-9999.0,orientation,color,size,0.38,-7.0,13,male,1,2304.7063153,0,19
2318,-9999.0,-9999.0,-9999.0,-9999.0,-9999.0,-9999.0,-9999.0,-9999.0,-9999.0,orientation,color,size,0.38,-7.0,13,male,1,2304.7063153,0,19
2319,-9999.0,-9999.0,-9999.0,-9999.0,-9999.0,-9999.0,-9999.0,-9999.0,-9999.0,orientation,color,size,0.38,-7.0,13,male,1,2304.7063153,0,19
2320,-9999.0,-9999.0,-9999.0,-9999.0,-9999.0,-9999.0,-9999.0,-9999.0,-9999.0,orientation,color,size,0.38,-7.0,13,male,1,2304.7063153,0,19
2321,-9999.0,-9999.0,-9999.0,-9999.0,-9999.0,-9999.0,-9999.0,-9999.0,-9999.0,orientation,color,size,0.38,-7.0,13,male,1,2304.7063153,0,19
2322,-9999.0,-9999.0,-9999.0,-9999.0,-9999.0,-9999.0,-9999.0,-9999.0,-9999.0,orientation,color,size,0.38,-7.0,13,male,1,2304.7063153,0,19
2323,-9999.0,-9999.0,-9999.0,-9999.0,-9999.0,-9999.0,-9999.0,-9999.0,-9999.0,orientation,color,size,0.38,-7.0,13,male,1,2304.7063153,0,19
2324,-9999.0,-9999.0,-9999.0,-9999.0,-9999.0,-9999.0,-9999.0,-9999.0,-9999.0,orientation,color,size,0.38,-7.0,13,male,1,2304.7063153,0,19
2325,-9999.0,-9999.0,-9999.0,-9999.0,-9999.0,-9999.0,-9999.0,-9999.0,-9999.0,orientation,color,size,0.38,-7.0,13,male,1,2304.7063153,0,19
2326,-9999.0,-9999.0,-9999.0,-9999.0,-9999.0,-9999.0,-9999.0,-9999.0,-9999.0,orientation,color,size,0.38,-7.0,13,male,1,2304.7063153,0,19
2327,-9999.0,-9999.0,-9999.0,-9999.0,-9999.0,-9999.0,-9999.0,-9999.0,-9999.0,orientation,color,size,0.38,-7.0,13,male,1,2304.7063153,0,19
2328,-9999.0,-9999.0,-9999.0,-9999.0,-9999.0,-9999.0,-9999.0,-9999.0,-9999.0,orientation,color,size,0.38,-7.0,13,male,1,2304.7063153,0,19
2329,-9999.0,-9999.0,-9999.0,-9999.0,-9999.0,-9999.0,-9999.0,-9999.0,-9999.0,orientation,color,size,0.38,-7.0,13,male,1,2304.7063153,0,19
2330,-9999.0,-9999.0,-9999.0,-9999.0,-9999.0,-9999.0,-9999.0,-9999.0,-9999.0,orientation,color,size,0.38,-7.0,13,male,1,2304.7063153,0,19
2331,-9999.0,-9999.0,-9999.0,-9999.0,-9999.0,-9999.0,-9999.0,-9999.0,-9999.0,orientation,color,size,0.38,-7.0,13,male,1,2304.7063153,0,19
2332,-9999.0,-9999.0,-9999.0,-9999.0,-9999.0,-9999.0,-9999.0,-9999.0,-9999.0,orientation,color,size,0.38,-7.0,13,male,1,2304.7063153,0,19
2333,-9999.0,-9999.0,-9999.0,-9999.0,-9999.0,-9999.0,-9999.0,-9999.0,-9999.0,orientation,color,size,0.38,-7.0,13,male,1,2304.7063153,0,19
2334,-9999.0,-9999.0,-9999.0,-9999.0,-9999.0,-9999.0,-9999.0,-9999.0,-9999.0,orientation,color,size,0.38,-7.0,13,male,1,2304.7063153,0,19
2335,-9999.0,-9999.0,-9999.0,-9999.0,-9999.0,-9999.0,-9999.0,-9999.0,-9999.0,orientation,color,size,0.38,-7.0,13,male,1,2304.7063153,0,19
2336,-9999.0,-9999.0,-9999.0,-9999.0,-9999.0,-9999.0,-9999.0,-9999.0,-9999.0,orientation,color,size,0.38,-7.0,13,male,1,2304.7063153,0,19
2337,-9999.0,-9999.0,-9999.0,-9999.0,-9999.0,-9999.0,-9999.0,-9999.0,-9999.0,orientation,color,size,0.38,-7.0,13,male,1,2304.7063153,0,19
2338,-9999.0,-9999.0,-9999.0,-9999.0,-9999.0,-9999.0,-9999.0,-9999.0,-9999.0,orientation,color,size,0.38,-7.0,13,male,1,2304.7063153,0,19
2339,-9999.0,-9999.0,-9999.0,-9999.0,-9999.0,-9999.0,-9999.0,-9999.0,-9999.0,orientation,color,size,0.38,-7.0,13,male,1,2304.7063153,0,19
2340,-9999.0,-9999.0,-9999.0,-9999.0,-9999.0,-9999.0,-9999.0,-9999.0,-9999.0,orientation,color,size,0.38,-7.0,13,male,1,2304.7063153,0,19
2341,-9999.0,-9999.0,-9999.0,-9999.0,-9999.0,-9999.0,-9999.0,-9999.0,-9999.0,orientation,color,size,0.38,-7.0,13,male,1,2304.7063153,0,19
2342,-9999.0,-9999.0,-9999.0,-9999.0,-9999.0,-9999.0,-9999.0,-9999.0,-9999.0,orientation,color,size,0.38,-7.0,13,male,1,2304.7063153,0,19
2343,-9999.0,-9999.0,-9999.0,-9999.0,-9999.0,-9999.0,-9999.0,-9999.0,-9999.0,orientation,color,size,0.38,-7.0,13,male,1,2304.7063153,0,19
2344,-9999.0,-9999.0,-9999.0,-9999.0,-9999.0,-9999.0,-9999.0,-9999.0,-9999.0,orientation,color,size,0.38,-7.0,13,male,1,2304.7063153,0,19
2345,-9999.0,-9999.0,-9999.0,-9999.0,-9999.0,-9999.0,-9999.0,-9999.0,-9999.0,orientation,color,size,0.38,-7.0,13,male,1,2304.7063153,0,19
2346,-9999.0,-9999.0,-9999.0,-9999.0,-9999.0,-9999.0,-9999.0,-9999.0,-9999.0,orientation,color,size,0.38,-7.0,13,male,1,2304.7063153,0,19
2347,-9999.0,-9999.0,-9999.0,-9999.0,-9999.0,-9999.0,-9999.0,-9999.0,-9999.0,orientation,color,size,0.38,-7.0,13,male,1,2304.7063153,0,19
2348,-9999.0,-9999.0,-9999.0,-9999.0,-9999.0,-9999.0,-9999.0,-9999.0,-9999.0,orientation,color,size,0.38,-7.0,13,male,1,2304.7063153,0,19
2349,-9999.0,-9999.0,-9999.0,-9999.0,-9999.0,-9999.0,-9999.0,-9999.0,-9999.0,orientation,color,size,0.38,-7.0,13,male,1,2304.7063153,0,19
2350,-9999.0,-9999.0,-9999.0,-9999.0,-9999.0,-9999.0,-9999.0,-9999.0,-9999.0,orientation,color,size,0.38,-7.0,13,male,1,2304.7063153,0,19
2351,-9999.0,-9999.0,-9999.0,-9999.0,-9999.0,-9999.0,-9999.0,-9999.0,-9999.0,orientation,color,size,0.38,-7.0,13,male,1,2304.7063153,0,19
2352,-9999.0,-9999.0,-9999.0,-9999.0,-9999.0,-9999.0,-9999.0,-9999.0,-9999.0,orientation,color,size,0.38,-7.0,13,male,1,2304.7063153,0,19
2353,-9999.0,-9999.0,-9999.0,-9999.0,-9999.0,-9999.0,-9999.0,-9999.0,-9999.0,orientation,color,size,0.38,-7.0,13,male,1,2304.7063153,0,19
2354,-9999.0,-9999.0,-9999.0,-9999.0,-9999.0,-9999.0,-9999.0,-9999.0,-9999.0,orientation,color,size,0.38,-7.0,13,male,1,2304.7063153,0,19
2355,-9999.0,-9999.0,-9999.0,-9999.0,-9999.0,-9999.0,-9999.0,-9999.0,-9999.0,orientation,color,size,0.38,-7.0,13,male,1,2304.7063153,0,19
2356,-9999.0,-9999.0,-9999.0,-9999.0,-9999.0,-9999.0,-9999.0,-9999.0,-9999.0,orientation,color,size,0.38,-7.0,13,male,1,2304.7063153,0,19
2357,-9999.0,-9999.0,-9999.0,-9999.0,-9999.0,-9999.0,-9999.0,-9999.0,-9999.0,orientation,color,size,0.38,-7.0,13,male,1,2304.7063153,0,19
2358,-9999.0,-9999.0,-9999.0,-9999.0,-9999.0,-9999.0,-9999.0,-9999.0,-9999.0,orientation,color,size,0.38,-7.0,13,male,1,2304.7063153,0,19
2359,-9999.0,-9999.0,-9999.0,-9999.0,-9999.0,-9999.0,-9999.0,-9999.0,-9999.0,orientation,color,size,0.38,-7.0,13,male,1,2304.7063153,0,19
2360,-9999.0,-9999.0,-9999.0,-9999.0,-9999.0,-9999.0,-9999.0,-9999.0,-9999.0,orientation,color,size,0.38,-7.0,13,male,1,2304.7063153,0,19
2361,-9999.0,-9999.0,-9999.0,-9999.0,-9999.0,-9999.0,-9999.0,-9999.0,-9999.0,orientation,color,size,0.38,-7.0,13,male,1,2304.7063153,0,19
2362,-9999.0,-9999.0,-9999.0,-9999.0,-9999.0,-9999.0,-9999.0,-9999.0,-9999.0,orientation,color,size,0.38,-7.0,13,male,1,2304.7063153,0,19
2363,-9999.0,-9999.0,-9999.0,-9999.0,-9999.0,-9999.0,-9999.0,-9999.0,-9999.0,orientation,color,size,0.38,-7.0,13,male,1,2304.7063153,0,19
2364,-9999.0,-9999.0,-9999.0,-9999.0,-9999.0,-9999.0,-9999.0,-9999.0,-9999.0,orientation,color,size,0.38,-7.0,13,male,1,2304.7063153,0,19
2365,-9999.0,-9999.0,-9999.0,-9999.0,-9999.0,-9999.0,-9999.0,-9999.0,-9999.0,orientation,color,size,0.38,-7.0,13,male,1,2304.7063153,0,19
2366,-9999.0,-9999.0,-9999.0,-9999.0,-9999.0,-9999.0,-9999.0,-9999.0,-9999.0,orientation,color,size,0.38,-7.0,13,male,1,2304.7063153,0,19
2367,-9999.0,-9999.0,-9999.0,-9999.0,-9999.0,-9999.0,-9999.0,-9999.0,-9999.0,orientation,color,size,0.38,-7.0,13,male,1,2304.7063153,0,19
2368,-9999.0,-9999.0,-9999.0,-9999.0,-9999.0,-9999.0,-9999.0,-9999.0,-9999.0,orientation,color,size,0.38,-7.0,13,male,1,2304.7063153,0,19
2369,-9999.0,-9999.0,-9999.0,-9999.0,-9999.0,-9999.0,-9999.0,-9999.0,-9999.0,orientation,color,size,0.38,-7.0,13,male,1,2304.7063153,0,19
2370,-9999.0,-9999.0,-9999.0,-9999.0,-9999.0,-9999.0,-9999.0,-9999.0,-9999.0,orientation,color,size,0.38,-7.0,13,male,1,2304.7063153,0,19
2371,-9999.0,-9999.0,-9999.0,-9999.0,-9999.0,-9999.0,-9999.0,-9999.0,-9999.0,orientation,color,size,0.38,-7.0,13,male,1,2304.7063153,0,19
2372,-9999.0,-9999.0,-9999.0,-9999.0,-9999.0,-9999.0,-9999.0,-9999.0,-9999.0,orientation,color,size,0.38,-7.0,13,male,1,2304.7063153,0,19
2373,-9999.0,-9999.0,-9999.0,-9999.0,-9999.0,-9999.0,-9999.0,-9999.0,-9999.0,orientation,color,size,0.38,-7.0,13,male,1,2304.7063153,0,19
2374,-9999.0,-9999.0,-9999.0,-9999.0,-9999.0,-9999.0,-9999.0,-9999.0,-9999.0,orientation,color,size,0.38,-7.0,13,male,1,2304.7063153,0,19
2375,-9999.0,-9999.0,-9999.0,-9999.0,-9999.0,-9999.0,-9999.0,-9999.0,-9999.0,orientation,color,size,0.38,-7.0,13,male,1,2304.7063153,0,19
2376,-9999.0,-9999.0,-9999.0,-9999.0,-9999.0,-9999.0,-9999.0,-9999.0,-9999.0,orientation,color,size,0.38,-7.0,13,male,1,2304.7063153,0,19
2377,-9999.0,-9999.0,-9999.0,-9999.0,-9999.0,-9999.0,-9999.0,-9999.0,-9999.0,orientation,color,size,0.38,-7.0,13,male,1,2304.7063153,0,19
2378,-9999.0,-9999.0,-9999.0,-9999.0,-9999.0,-9999.0,-9999.0,-9999.0,-9999.0,orientation,color,size,0.38,-7.0,13,male,1,2304.7063153,0,19
2379,-9999.0,-9999.0,-9999.0,-9999.0,-9999.0,-9999.0,-9999.0,-9999.0,-9999.0,orientation,color,size,0.38,-7.0,13,male,1,2304.7063153,0,19
2380,-9999.0,-9999.0,-9999.0,-9999.0,-9999.0,-9999.0,-9999.0,-9999.0,-9999.0,orientation,color,size,0.38,-7.0,13,male,1,2304.7063153,0,19
2381,-9999.0,-9999.0,-9999.0,-9999.0,-9999.0,-9999.0,-9999.0,-9999.0,-9999.0,orientation,color,size,0.38,-7.0,13,male,1,2304.7063153,0,19
2382,-9999.0,-9999.0,-9999.0,-9999.0,-9999.0,-9999.0,-9999.0,-9999.0,-9999.0,orientation,color,size,0.38,-7.0,13,male,1,2304.7063153,0,19
2383,-9999.0,-9999.0,-9999.0,-9999.0,-9999.0,-9999.0,-9999.0,-9999.0,-9999.0,orientation,color,size,0.38,-7.0,13,male,1,2304.7063153,0,19
2384,-9999.0,-9999.0,-9999.0,-9999.0,-9999.0,-9999.0,-9999.0,-9999.0,-9999.0,orientation,color,size,0.38,-7.0,13,male,1,2304.7063153,0,19
2385,-9999.0,-9999.0,-9999.0,-9999.0,-9999.0,-9999.0,-9999.0,-9999.0,-9999.0,orientation,color,size,0.38,-7.0,13,male,1,2304.7063153,0,19
2386,-9999.0,-9999.0,-9999.0,-9999.0,-9999.0,-9999.0,-9999.0,-9999.0,-9999.0,orientation,color,size,0.38,-7.0,13,male,1,2304.7063153,0,19
2387,-9999.0,-9999.0,-9999.0,-9999.0,-9999.0,-9999.0,-9999.0,-9999.0,-9999.0,orientation,color,size,0.38,-7.0,13,male,1,2304.7063153,0,19
2388,-9999.0,-9999.0,-9999.0,-9999.0,-9999.0,-9999.0,-9999.0,-9999.0,-9999.0,orientation,color,size,0.38,-7.0,13,male,1,2304.7063153,0,19
2389,-9999.0,-9999.0,-9999.0,-9999.0,-9999.0,-9999.0,-9999.0,-9999.0,-9999.0,orientation,color,size,0.38,-7.0,13,male,1,2304.7063153,0,19
2390,-9999.0,-9999.0,-9999.0,-9999.0,-9999.0,-9999.0,-9999.0,-9999.0,-9999.0,orientation,color,size,0.38,-7.0,13,male,1,2304.7063153,0,19
2391,-9999.0,-9999.0,-9999.0,-9999.0,-9999.0,-9999.0,-9999.0,-9999.0,-9999.0,orientation,color,size,0.38,-7.0,13,male,1,2304.7063153,0,19
2392,-9999.0,-9999.0,-9999.0,-9999.0,-9999.0,-9999.0,-9999.0,-9999.0,-9999.0,orientation,color,size,0.38,-7.0,13,male,1,2304.7063153,0,19
2393,-9999.0,-9999.0,-9999.0,-9999.0,-9999.0,-9999.0,-9999.0,-9999.0,-9999.0,orientation,color,size,0.38,-7.0,13,male,1,2304.7063153,0,19
2394,-9999.0,-9999.0,-9999.0,-9999.0,-9999.0,-9999.0,-9999.0,-9999.0,-9999.0,orientation,color,size,0.38,-7.0,13,male,1,2304.7063153,0,19
2395,-9999.0,-9999.0,-9999.0,-9999.0,-9999.0,-9999.0,-9999.0,-9999.0,-9999.0,orientation,color,size,0.38,-7.0,13,male,1,2304.7063153,0,19
2396,-9999.0,-9999.0,-9999.0,-9999.0,-9999.0,-9999.0,-9999.0,-9999.0,-9999.0,orientation,color,size,0.38,-7.0,13,male,1,2304.7063153,0,19
2397,-9999.0,-9999.0,-9999.0,-9999.0,-9999.0,-9999.0,-9999.0,-9999.0,-9999.0,orientation,color,size,0.38,-7.0,13,male,1,2304.7063153,0,19
2398,-9999.0,-9999.0,-9999.0,-9999.0,-9999.0,-9999.0,-9999.0,-9999.0,-9999.0,orientation,color,size,0.38,-7.0,13,male,1,2304.7063153,0,19
2399,-9999.0,-9999.0,-9999.0,-9999.0,-9999.0,-9999.0,-9999.0,-9999.0,-9999.0,orientation,color,size,0.38,-7.0,13,male,1,2304.7063153,0,19
2400,-9999.0,-9999.0,-9999.0,-9999.0,-9999.0,-9999.0,-9999.0,-9999.0,-9999.0,orientation,color,size,0.38,-7.0,13,male,1,2304.7063153,0,19
2401,-9999.0,-9999.0,-9999.0,-9999.0,-9999.0,-9999.0,-9999.0,-9999.0,-9999.0,orientation,color,size,0.38,-7.0,13,male,1,2304.7063153,0,19
2402,-9999.0,-9999.0,-9999.0,-9999.0,-9999.0,-9999.0,-9999.0,-9999.0,-9999.0,orientation,color,size,0.38,-7.0,13,male,1,2304.7063153,0,19
2403,-9999.0,-9999.0,-9999.0,-9999.0,-9999.0,-9999.0,-9999.0,-9999.0,-9999.0,orientation,color,size,0.38,-7.0,13,male,1,2304.7063153,0,19
2404,-9999.0,-9999.0,-9999.0,-9999.0,-9999.0,-9999.0,-9999.0,-9999.0,-9999.0,orientation,color,size,0.38,-7.0,13,male,1,2304.7063153,0,19
2405,-9999.0,-9999.0,-9999.0,-9999.0,-9999.0,-9999.0,-9999.0,-9999.0,-9999.0,orientation,color,size,0.38,-7.0,13,male,1,2304.7063153,0,19
2406,-9999.0,-9999.0,-9999.0,-9999.0,-9999.0,-9999.0,-9999.0,-9999.0,-9999.0,orientation,color,size,0.38,-7.0,13,male,1,2304.7063153,0,19
2407,-9999.0,-9999.0,-9999.0,-9999.0,-9999.0,-9999.0,-9999.0,-9999.0,-9999.0,orientation,color,size,0.38,-7.0,13,male,1,2304.7063153,0,19
2408,-9999.0,-9999.0,-9999.0,-9999.0,-9999.0,-9999.0,-9999.0,-9999.0,-9999.0,orientation,color,size,0.38,-7.0,13,male,1,2304.7063153,0,19
2409,-9999.0,-9999.0,-9999.0,-9999.0,-9999.0,-9999.0,-9999.0,-9999.0,-9999.0,orientation,color,size,0.38,-7.0,13,male,1,2304.7063153,0,19
2410,-9999.0,-9999.0,-9999.0,-9999.0,-9999.0,-9999.0,-9999.0,-9999.0,-9999.0,orientation,color,size,0.38,-7.0,13,male,1,2304.7063153,0,19
2411,-9999.0,-9999.0,-9999.0,-9999.0,-9999.0,-9999.0,-9999.0,-9999.0,-9999.0,orientation,color,size,0.38,-7.0,13,male,1,2304.7063153,0,19
2412,-9999.0,-9999.0,-9999.0,-9999.0,-9999.0,-9999.0,-9999.0,-9999.0,-9999.0,orientation,color,size,0.38,-7.0,13,male,1,2304.7063153,0,19
2413,-9999.0,-9999.0,-9999.0,-9999.0,-9999.0,-9999.0,-9999.0,-9999.0,-9999.0,orientation,color,size,0.38,-7.0,13,male,1,2304.7063153,0,19
2414,-9999.0,-9999.0,-9999.0,-9999.0,-9999.0,-9999.0,-9999.0,-9999.0,-9999.0,orientation,color,size,0.38,-7.0,13,male,1,2304.7063153,0,19
2415,-9999.0,-9999.0,-9999.0,-9999.0,-9999.0,-9999.0,-9999.0,-9999.0,-9999.0,orientation,color,size,0.38,-7.0,13,male,1,2304.7063153,0,19
2416,-9999.0,-9999.0,-9999.0,-9999.0,-9999.0,-9999.0,-9999.0,-9999.0,-9999.0,orientation,color,size,0.38,-7.0,13,male,1,2304.7063153,0,19
2417,-9999.0,-9999.0,-9999.0,-9999.0,-9999.0,-9999.0,-9999.0,-9999.0,-9999.0,orientation,color,size,0.38,-7.0,13,male,1,2304.7063153,0,19
2418,-9999.0,-9999.0,-9999.0,-9999.0,-9999.0,-9999.0,-9999.0,-9999.0,-9999.0,orientation,color,size,0.38,-7.0,13,male,1,2304.7063153,0,19
2419,-9999.0,-9999.0,-9999.0,-9999.0,-9999.0,-9999.0,-9999.0,-9999.0,-9999.0,orientation,color,size,0.38,-7.0,13,male,1,2304.7063153,0,19
2420,-9999.0,-9999.0,-9999.0,-9999.0,-9999.0,-9999.0,-9999.0,-9999.0,-9999.0,orientation,color,size,0.38,-7.0,13,male,1,2304.7063153,0,19
2421,-9999.0,-9999.0,-9999.0,-9999.0,-9999.0,-9999.0,-9999.0,-9999.0,-9999.0,orientation,color,size,0.38,-7.0,13,male,1,2304.7063153,0,19
2422,-9999.0,-9999.0,-9999.0,-9999.0,-9999.0,-9999.0,-9999.0,-9999.0,-9999.0,orientation,color,size,0.38,-7.0,13,male,1,2304.7063153,0,19
2423,-9999.0,-9999.0,-9999.0,-9999.0,-9999.0,-9999.0,-9999.0,-9999.0,-9999.0,orientation,color,size,0.38,-7.0,13,male,1,2304.7063153,0,19
2424,-9999.0,-9999.0,-9999.0,-9999.0,-9999.0,-9999.0,-9999.0,-9999.0,-9999.0,orientation,color,size,0.38,-7.0,13,male,1,2304.7063153,0,19
2425,-9999.0,-9999.0,-9999.0,-9999.0,-9999.0,-9999.0,-9999.0,-9999.0,-9999.0,orientation,color,size,0.38,-7.0,13,male,1,2304.7063153,0,19
2426,-9999.0,-9999.0,-9999.0,-9999.0,-9999.0,-9999.0,-9999.0,-9999.0,-9999.0,orientation,color,size,0.38,-7.0,13,male,1,2304.7063153,0,19
2427,-9999.0,-9999.0,-9999.0,-9999.0,-9999.0,-9999.0,-9999.0,-9999.0,-9999.0,orientation,color,size,0.38,-7.0,13,male,1,2304.7063153,0,19
2428,-9999.0,-9999.0,-9999.0,-9999.0,-9999.0,-9999.0,-9999.0,-9999.0,-9999.0,orientation,color,size,0.38,-7.0,13,male,1,2304.7063153,0,19
2429,-9999.0,-9999.0,-9999.0,-9999.0,-9999.0,-9999.0,-9999.0,-9999.0,-9999.0,orientation,color,size,0.38,-7.0,13,male,1,2304.7063153,0,19
2430,-9999.0,-9999.0,-9999.0,-9999.0,-9999.0,-9999.0,-9999.0,-9999.0,-9999.0,orientation,color,size,0.38,-7.0,13,male,1,2304.7063153,0,19
2431,-9999.0,-9999.0,-9999.0,-9999.0,-9999.0,-9999.0,-9999.0,-9999.0,-9999.0,orientation,color,size,0.38,-7.0,13,male,1,2304.7063153,0,19
2432,-9999.0,-9999.0,-9999.0,-9999.0,-9999.0,-9999.0,-9999.0,-9999.0,-9999.0,orientation,color,size,0.38,-7.0,13,male,1,2304.7063153,0,19
2433,-9999.0,-9999.0,-9999.0,-9999.0,-9999.0,-9999.0,-9999.0,-9999.0,-9999.0,orientation,color,size,0.38,-7.0,13,male,1,2304.7063153,0,19
2434,-9999.0,-9999.0,-9999.0,-9999.0,-9999.0,-9999.0,-9999.0,-9999.0,-9999.0,orientation,color,size,0.38,-7.0,13,male,1,2304.7063153,0,19
2435,-9999.0,-9999.0,-9999.0,-9999.0,-9999.0,-9999.0,-9999.0,-9999.0,-9999.0,orientation,color,size,0.38,-7.0,13,male,1,2304.7063153,0,19
2436,-9999.0,-9999.0,-9999.0,-9999.0,-9999.0,-9999.0,-9999.0,-9999.0,-9999.0,orientation,color,size,0.38,-7.0,13,male,1,2304.7063153,0,19
2437,-9999.0,-9999.0,-9999.0,-9999.0,-9999.0,-9999.0,-9999.0,-9999.0,-9999.0,orientation,color,size,0.38,-7.0,13,male,1,2304.7063153,0,19
2438,-9999.0,-9999.0,-9999.0,-9999.0,-9999.0,-9999.0,-9999.0,-9999.0,-9999.0,orientation,color,size,0.38,-7.0,13,male,1,2304.7063153,0,19
2439,-9999.0,-9999.0,-9999.0,-9999.0,-9999.0,-9999.0,-9999.0,-9999.0,-9999.0,orientation,color,size,0.38,-7.0,13,male,1,2304.7063153,0,19
2440,-9999.0,-9999.0,-9999.0,-9999.0,-9999.0,-9999.0,-9999.0,-9999.0,-9999.0,orientation,color,size,0.38,-7.0,13,male,1,2304.7063153,0,19
2441,-9999.0,-9999.0,-9999.0,-9999.0,-9999.0,-9999.0,-9999.0,-9999.0,-9999.0,orientation,color,size,0.38,-7.0,13,male,1,2304.7063153,0,19
2442,-9999.0,-9999.0,-9999.0,-9999.0,-9999.0,-9999.0,-9999.0,-9999.0,-9999.0,orientation,color,size,0.38,-7.0,13,male,1,2304.7063153,0,19
2443,-9999.0,-9999.0,-9999.0,-9999.0,-9999.0,-9999.0,-9999.0,-9999.0,-9999.0,orientation,color,size,0.38,-7.0,13,male,1,2304.7063153,0,19
2444,-9999.0,-9999.0,-9999.0,-9999.0,-9999.0,-9999.0,-9999.0,-9999.0,-9999.0,orientation,color,size,0.38,-7.0,13,male,1,2304.7063153,0,19
2445,-9999.0,-9999.0,-9999.0,-9999.0,-9999.0,-9999.0,-9999.0,-9999.0,-9999.0,orientation,color,size,0.38,-7.0,13,male,1,2304.7063153,0,19
2446,-9999.0,-9999.0,-9999.0,-9999.0,-9999.0,-9999.0,-9999.0,-9999.0,-9999.0,orientation,color,size,0.38,-7.0,13,male,1,2304.7063153,0,19
2447,-9999.0,-9999.0,-9999.0,-9999.0,-9999.0,-9999.0,-9999.0,-9999.0,-9999.0,orientation,color,size,0.38,-7.0,13,male,1,2304.7063153,0,19
2448,-9999.0,-9999.0,-9999.0,-9999.0,-9999.0,-9999.0,-9999.0,-9999.0,-9999.0,orientation,color,size,0.38,-7.0,13,male,1,2304.7063153,0,19
2449,-9999.0,-9999.0,-9999.0,-9999.0,-9999.0,-9999.0,-9999.0,-9999.0,-9999.0,orientation,color,size,0.38,-7.0,13,male,1,2304.7063153,0,19
2450,-9999.0,-9999.0,-9999.0,-9999.0,-9999.0,-9999.0,-9999.0,-9999.0,-9999.0,orientation,color,size,0.38,-7.0,13,male,1,2304.7063153,0,19
2451,-9999.0,-9999.0,-9999.0,-9999.0,-9999.0,-9999.0,-9999.0,-9999.0,-9999.0,orientation,color,size,0.38,-7.0,13,male,1,2304.7063153,0,19
2452,-9999.0,-9999.0,-9999.0,-9999.0,-9999.0,-9999.0,-9999.0,-9999.0,-9999.0,orientation,color,size,0.38,-7.0,13,male,1,2304.7063153,0,19
2453,-9999.0,-9999.0,-9999.0,-9999.0,-9999.0,-9999.0,-9999.0,-9999.0,-9999.0,orientation,color,size,0.38,-7.0,13,male,1,2304.7063153,0,19
2454,-9999.0,-9999.0,-9999.0,-9999.0,-9999.0,-9999.0,-9999.0,-9999.0,-9999.0,orientation,color,size,0.38,-7.0,13,male,1,2304.7063153,0,19
2455,-9999.0,-9999.0,-9999.0,-9999.0,-9999.0,-9999.0,-9999.0,-9999.0,-9999.0,orientation,color,size,0.38,-7.0,13,male,1,2304.7063153,0,19
2456,-9999.0,-9999.0,-9999.0,-9999.0,-9999.0,-9999.0,-9999.0,-9999.0,-9999.0,orientation,color,size,0.38,-7.0,13,male,1,2304.7063153,0,19
2457,-9999.0,-9999.0,-9999.0,-9999.0,-9999.0,-9999.0,-9999.0,-9999.0,-9999.0,orientation,color,size,0.38,-7.0,13,male,1,2304.7063153,0,19
2458,-9999.0,-9999.0,-9999.0,-9999.0,-9999.0,-9999.0,-9999.0,-9999.0,-9999.0,orientation,color,size,0.38,-7.0,13,male,1,2304.7063153,0,19
2459,-9999.0,-9999.0,-9999.0,-9999.0,-9999.0,-9999.0,-9999.0,-9999.0,-9999.0,orientation,color,size,0.38,-7.0,13,male,1,2304.7063153,0,19
2460,-9999.0,-9999.0,-9999.0,-9999.0,-9999.0,-9999.0,-9999.0,-9999.0,-9999.0,orientation,color,size,0.38,-7.0,13,male,1,2304.7063153,0,19
2461,-9999.0,-9999.0,-9999.0,-9999.0,-9999.0,-9999.0,-9999.0,-9999.0,-9999.0,orientation,color,size,0.38,-7.0,13,male,1,2304.7063153,0,19
2462,-9999.0,-9999.0,-9999.0,-9999.0,-9999.0,-9999.0,-9999.0,-9999.0,-9999.0,orientation,color,size,0.38,-7.0,13,male,1,2304.7063153,0,19
2463,-9999.0,-9999.0,-9999.0,-9999.0,-9999.0,-9999.0,-9999.0,-9999.0,-9999.0,orientation,color,size,0.38,-7.0,13,male,1,2304.7063153,0,19
2464,-9999.0,-9999.0,-9999.0,-9999.0,-9999.0,-9999.0,-9999.0,-9999.0,-9999.0,orientation,color,size,0.38,-7.0,13,male,1,2304.7063153,0,19
2465,-9999.0,-9999.0,-9999.0,-9999.0,-9999.0,-9999.0,-9999.0,-9999.0,-9999.0,orientation,color,size,0.38,-7.0,13,male,1,2304.7063153,0,19
2466,-9999.0,-9999.0,-9999.0,-9999.0,-9999.0,-9999.0,-9999.0,-9999.0,-9999.0,orientation,color,size,0.38,-7.0,13,male,1,2304.7063153,0,19
2467,-9999.0,-9999.0,-9999.0,-9999.0,-9999.0,-9999.0,-9999.0,-9999.0,-9999.0,orientation,color,size,0.38,-7.0,13,male,1,2304.7063153,0,19
2468,-9999.0,-9999.0,-9999.0,-9999.0,-9999.0,-9999.0,-9999.0,-9999.0,-9999.0,orientation,color,size,0.38,-7.0,13,male,1,2304.7063153,0,19
2469,-9999.0,-9999.0,-9999.0,-9999.0,-9999.0,-9999.0,-9999.0,-9999.0,-9999.0,orientation,color,size,0.38,-7.0,13,male,1,2304.7063153,0,19
2470,-9999.0,-9999.0,-9999.0,-9999.0,-9999.0,-9999.0,-9999.0,-9999.0,-9999.0,orientation,color,size,0.38,-7.0,13,male,1,2304.7063153,0,19
2471,-9999.0,-9999.0,-9999.0,-9999.0,-9999.0,-9999.0,-9999.0,-9999.0,-9999.0,orientation,color,size,0.38,-7.0,13,male,1,2304.7063153,0,19
2472,-9999.0,-9999.0,-9999.0,-9999.0,-9999.0,-9999.0,-9999.0,-9999.0,-9999.0,orientation,color,size,0.38,-7.0,13,male,1,2304.7063153,0,19
2473,-9999.0,-9999.0,-9999.0,-9999.0,-9999.0,-9999.0,-9999.0,-9999.0,-9999.0,orientation,color,size,0.38,-7.0,13,male,1,2304.7063153,0,19
2474,-9999.0,-9999.0,-9999.0,-9999.0,-9999.0,-9999.0,-9999.0,-9999.0,-9999.0,orientation,color,size,0.38,-7.0,13,male,1,2304.7063153,0,19
2475,-9999.0,-9999.0,-9999.0,-9999.0,-9999.0,-9999.0,-9999.0,-9999.0,-9999.0,orientation,color,size,0.38,-7.0,13,male,1,2304.7063153,0,19
2476,-9999.0,-9999.0,-9999.0,-9999.0,-9999.0,-9999.0,-9999.0,-9999.0,-9999.0,orientation,color,size,0.38,-7.0,13,male,1,2304.7063153,0,19
2477,-9999.0,-9999.0,-9999.0,-9999.0,-9999.0,-9999.0,-9999.0,-9999.0,-9999.0,orientation,color,size,0.38,-7.0,13,male,1,2304.7063153,0,19
2478,-9999.0,-9999.0,-9999.0,-9999.0,-9999.0,-9999.0,-9999.0,-9999.0,-9999.0,orientation,color,size,0.38,-7.0,13,male,1,2304.7063153,0,19
2479,-9999.0,-9999.0,-9999.0,-9999.0,-9999.0,-9999.0,-9999.0,-9999.0,-9999.0,orientation,color,size,0.38,-7.0,13,male,1,2304.7063153,0,19
2480,-9999.0,-9999.0,-9999.0,-9999.0,-9999.0,-9999.0,-9999.0,-9999.0,-9999.0,orientation,color,size,0.38,-7.0,13,male,1,2304.7063153,0,19
2481,-9999.0,-9999.0,-9999.0,-9999.0,-9999.0,-9999.0,-9999.0,-9999.0,-9999.0,orientation,color,size,0.38,-7.0,13,male,1,2304.7063153,0,19
2482,-9999.0,-9999.0,-9999.0,-9999.0,-9999.0,-9999.0,-9999.0,-9999.0,-9999.0,orientation,color,size,0.38,-7.0,13,male,1,2304.7063153,0,19
2483,-9999.0,-9999.0,-9999.0,-9999.0,-9999.0,-9999.0,-9999.0,-9999.0,-9999.0,orientation,color,size,0.38,-7.0,13,male,1,2304.7063153,0,19
2484,-9999.0,-9999.0,-9999.0,-9999.0,-9999.0,-9999.0,-9999.0,-9999.0,-9999.0,orientation,color,size,0.38,-7.0,13,male,1,2304.7063153,0,19
2485,-9999.0,-9999.0,-9999.0,-9999.0,-9999.0,-9999.0,-9999.0,-9999.0,-9999.0,orientation,color,size,0.38,-7.0,13,male,1,2304.7063153,0,19
2486,-9999.0,-9999.0,-9999.0,-9999.0,-9999.0,-9999.0,-9999.0,-9999.0,-9999.0,orientation,color,size,0.38,-7.0,13,male,1,2304.7063153,0,19
2487,-9999.0,-9999.0,-9999.0,-9999.0,-9999.0,-9999.0,-9999.0,-9999.0,-9999.0,orientation,color,size,0.38,-7.0,13,male,1,2304.7063153,0,19
2488,-9999.0,-9999.0,-9999.0,-9999.0,-9999.0,-9999.0,-9999.0,-9999.0,-9999.0,orientation,color,size,0.38,-7.0,13,male,1,2304.7063153,0,19
2489,-9999.0,-9999.0,-9999.0,-9999.0,-9999.0,-9999.0,-9999.0,-9999.0,-9999.0,orientation,color,size,0.38,-7.0,13,male,1,2304.7063153,0,19
2490,-9999.0,-9999.0,-9999.0,-9999.0,-9999.0,-9999.0,-9999.0,-9999.0,-9999.0,orientation,color,size,0.38,-7.0,13,male,1,2304.7063153,0,19
2491,-9999.0,-9999.0,-9999.0,-9999.0,-9999.0,-9999.0,-9999.0,-9999.0,-9999.0,orientation,color,size,0.38,-7.0,13,male,1,2304.7063153,0,19
2492,-9999.0,-9999.0,-9999.0,-9999.0,-9999.0,-9999.0,-9999.0,-9999.0,-9999.0,orientation,color,size,0.38,-7.0,13,male,1,2304.7063153,0,19
2493,-9999.0,-9999.0,-9999.0,-9999.0,-9999.0,-9999.0,-9999.0,-9999.0,-9999.0,orientation,color,size,0.38,-7.0,13,male,1,2304.7063153,0,19
2494,-9999.0,-9999.0,-9999.0,-9999.0,-9999.0,-9999.0,-9999.0,-9999.0,-9999.0,orientation,color,size,0.38,-7.0,13,male,1,2304.7063153,0,19
2495,-9999.0,-9999.0,-9999.0,-9999.0,-9999.0,-9999.0,-9999.0,-9999.0,-9999.0,orientation,color,size,0.38,-7.0,13,male,1,2304.7063153,0,19
2496,-9999.0,-9999.0,-9999.0,-9999.0,-9999.0,-9999.0,-9999.0,-9999.0,-9999.0,orientation,color,size,0.38,-7.0,13,male,1,2304.7063153,0,19
2497,-9999.0,-9999.0,-9999.0,-9999.0,-9999.0,-9999.0,-9999.0,-9999.0,-9999.0,orientation,color,size,0.38,-7.0,13,male,1,2304.7063153,0,19
2498,-9999.0,-9999.0,-9999.0,-9999.0,-9999.0,-9999.0,-9999.0,-9999.0,-9999.0,orientation,color,size,0.38,-7.0,13,male,1,2304.7063153,0,19
2499,-9999.0,-9999.0,-9999.0,-9999.0,-9999.0,-9999.0,-9999.0,-9999.0,-9999.0,orientation,color,size,0.38,-7.0,13,male,1,2304.7063153,0,19
2500,-9999.0,-9999.0,-9999.0,-9999.0,-9999.0,-9999.0,-9999.0,-9999.0,-9999.0,orientation,color,size,0.38,-7.0,13,male,1,2304.7063153,0,19
2501,-9999.0,-9999.0,-9999.0,-9999.0,-9999.0,-9999.0,-9999.0,-9999.0,-9999.0,orientation,color,size,0.38,-7.0,13,male,1,2304.7063153,0,19
2502,-9999.0,-9999.0,-9999.0,-9999.0,-9999.0,-9999.0,-9999.0,-9999.0,-9999.0,orientation,color,size,0.38,-7.0,13,male,1,2304.7063153,0,19
2503,-9999.0,-9999.0,-9999.0,-9999.0,-9999.0,-9999.0,-9999.0,-9999.0,-9999.0,orientation,color,size,0.38,-7.0,13,male,1,2304.7063153,0,19
2504,-9999.0,-9999.0,-9999.0,-9999.0,-9999.0,-9999.0,-9999.0,-9999.0,-9999.0,orientation,color,size,0.38,-7.0,13,male,1,2304.7063153,0,19
2505,-9999.0,-9999.0,-9999.0,-9999.0,-9999.0,-9999.0,-9999.0,-9999.0,-9999.0,orientation,color,size,0.38,-7.0,13,male,1,2304.7063153,0,19
2506,-9999.0,-9999.0,-9999.0,-9999.0,-9999.0,-9999.0,-9999.0,-9999.0,-9999.0,orientation,color,size,0.38,-7.0,13,male,1,2304.7063153,0,19
2507,-9999.0,-9999.0,-9999.0,-9999.0,-9999.0,-9999.0,-9999.0,-9999.0,-9999.0,orientation,color,size,0.38,-7.0,13,male,1,2304.7063153,0,19
2508,-9999.0,-9999.0,-9999.0,-9999.0,-9999.0,-9999.0,-9999.0,-9999.0,-9999.0,orientation,color,size,0.38,-7.0,13,male,1,2304.7063153,0,19
2509,-9999.0,-9999.0,-9999.0,-9999.0,-9999.0,-9999.0,-9999.0,-9999.0,-9999.0,orientation,color,size,0.38,-7.0,13,male,1,2304.7063153,0,19
2510,-9999.0,-9999.0,-9999.0,-9999.0,-9999.0,-9999.0,-9999.0,-9999.0,-9999.0,orientation,color,size,0.38,-7.0,13,male,1,2304.7063153,0,19
2511,-9999.0,-9999.0,-9999.0,-9999.0,-9999.0,-9999.0,-9999.0,-9999.0,-9999.0,orientation,color,size,0.38,-7.0,13,male,1,2304.7063153,0,19
2512,-9999.0,-9999.0,-9999.0,-9999.0,-9999.0,-9999.0,-9999.0,-9999.0,-9999.0,orientation,color,size,0.38,-7.0,13,male,1,2304.7063153,0,19
2513,-9999.0,-9999.0,-9999.0,-9999.0,-9999.0,-9999.0,-9999.0,-9999.0,-9999.0,orientation,color,size,0.38,-7.0,13,male,1,2304.7063153,0,19
2514,-9999.0,-9999.0,-9999.0,-9999.0,-9999.0,-9999.0,-9999.0,-9999.0,-9999.0,orientation,color,size,0.38,-7.0,13,male,1,2304.7063153,0,19
2515,-9999.0,-9999.0,-9999.0,-9999.0,-9999.0,-9999.0,-9999.0,-9999.0,-9999.0,orientation,color,size,0.38,-7.0,13,male,1,2304.7063153,0,19
2516,-9999.0,-9999.0,-9999.0,-9999.0,-9999.0,-9999.0,-9999.0,-9999.0,-9999.0,orientation,color,size,0.38,-7.0,13,male,1,2304.7063153,0,19
2517,-9999.0,-9999.0,-9999.0,-9999.0,-9999.0,-9999.0,-9999.0,-9999.0,-9999.0,orientation,color,size,0.38,-7.0,13,male,1,2304.7063153,0,19
2518,-9999.0,-9999.0,-9999.0,-9999.0,-9999.0,-9999.0,-9999.0,-9999.0,-9999.0,orientation,color,size,0.38,-7.0,13,male,1,2304.7063153,0,19
2519,-9999.0,-9999.0,-9999.0,-9999.0,-9999.0,-9999.0,-9999.0,-9999.0,-9999.0,orientation,color,size,0.38,-7.0,13,male,1,2304.7063153,0,19
2520,-9999.0,-9999.0,-9999.0,-9999.0,-9999.0,-9999.0,-9999.0,-9999.0,-9999.0,orientation,color,size,0.38,-7.0,13,male,1,2304.7063153,0,19
2521,-9999.0,-9999.0,-9999.0,-9999.0,-9999.0,-9999.0,-9999.0,-9999.0,-9999.0,orientation,color,size,0.38,-7.0,13,male,1,2304.7063153,0,19
2522,-9999.0,-9999.0,-9999.0,-9999.0,-9999.0,-9999.0,-9999.0,-9999.0,-9999.0,orientation,color,size,0.38,-7.0,13,male,1,2304.7063153,0,19
2523,-9999.0,-9999.0,-9999.0,-9999.0,-9999.0,-9999.0,-9999.0,-9999.0,-9999.0,orientation,color,size,0.38,-7.0,13,male,1,2304.7063153,0,19
2524,-9999.0,-9999.0,-9999.0,-9999.0,-9999.0,-9999.0,-9999.0,-9999.0,-9999.0,orientation,color,size,0.38,-7.0,13,male,1,2304.7063153,0,19
2525,-9999.0,-9999.0,-9999.0,-9999.0,-9999.0,-9999.0,-9999.0,-9999.0,-9999.0,orientation,color,size,0.38,-7.0,13,male,1,2304.7063153,0,19
2526,-9999.0,-9999.0,-9999.0,-9999.0,-9999.0,-9999.0,-9999.0,-9999.0,-9999.0,orientation,color,size,0.38,-7.0,13,male,1,2304.7063153,0,19
2527,-9999.0,-9999.0,-9999.0,-9999.0,-9999.0,-9999.0,-9999.0,-9999.0,-9999.0,orientation,color,size,0.38,-7.0,13,male,1,2304.7063153,0,19
2528,-9999.0,-9999.0,-9999.0,-9999.0,-9999.0,-9999.0,-9999.0,-9999.0,-9999.0,orientation,color,size,0.38,-7.0,13,male,1,2304.7063153,0,19
2529,-9999.0,-9999.0,-9999.0,-9999.0,-9999.0,-9999.0,-9999.0,-9999.0,-9999.0,orientation,color,size,0.38,-7.0,13,male,1,2304.7063153,0,19
2530,-9999.0,-9999.0,-9999.0,-9999.0,-9999.0,-9999.0,-9999.0,-9999.0,-9999.0,orientation,color,size,0.38,-7.0,13,male,1,2304.7063153,0,19
2531,-9999.0,-9999.0,-9999.0,-9999.0,-9999.0,-9999.0,-9999.0,-9999.0,-9999.0,orientation,color,size,0.38,-7.0,13,male,1,2304.7063153,0,19
2532,-9999.0,-9999.0,-9999.0,-9999.0,-9999.0,-9999.0,-9999.0,-9999.0,-9999.0,orientation,color,size,0.38,-7.0,13,male,1,2304.7063153,0,19
2533,-9999.0,-9999.0,-9999.0,-9999.0,-9999.0,-9999.0,-9999.0,-9999.0,-9999.0,orientation,color,size,0.38,-7.0,13,male,1,2304.7063153,0,19
2534,-9999.0,-9999.0,-9999.0,-9999.0,-9999.0,-9999.0,-9999.0,-9999.0,-9999.0,orientation,color,size,0.38,-7.0,13,male,1,2304.7063153,0,19
2535,-9999.0,-9999.0,-9999.0,-9999.0,-9999.0,-9999.0,-9999.0,-9999.0,-9999.0,orientation,color,size,0.38,-7.0,13,male,1,2304.7063153,0,19
2536,-9999.0,-9999.0,-9999.0,-9999.0,-9999.0,-9999.0,-9999.0,-9999.0,-9999.0,orientation,color,size,0.38,-7.0,13,male,1,2304.7063153,0,19
2537,-9999.0,-9999.0,-9999.0,-9999.0,-9999.0,-9999.0,-9999.0,-9999.0,-9999.0,orientation,color,size,0.38,-7.0,13,male,1,2304.7063153,0,19
2538,-9999.0,-9999.0,-9999.0,-9999.0,-9999.0,-9999.0,-9999.0,-9999.0,-9999.0,orientation,color,size,0.38,-7.0,13,male,1,2304.7063153,0,19
2539,-9999.0,-9999.0,-9999.0,-9999.0,-9999.0,-9999.0,-9999.0,-9999.0,-9999.0,orientation,color,size,0.38,-7.0,13,male,1,2304.7063153,0,19
2540,-9999.0,-9999.0,-9999.0,-9999.0,-9999.0,-9999.0,-9999.0,-9999.0,-9999.0,orientation,color,size,0.38,-7.0,13,male,1,2304.7063153,0,19
2541,-9999.0,-9999.0,-9999.0,-9999.0,-9999.0,-9999.0,-9999.0,-9999.0,-9999.0,orientation,color,size,0.38,-7.0,13,male,1,2304.7063153,0,19
2542,-9999.0,-9999.0,-9999.0,-9999.0,-9999.0,-9999.0,-9999.0,-9999.0,-9999.0,orientation,color,size,0.38,-7.0,13,male,1,2304.7063153,0,19
2543,-9999.0,-9999.0,-9999.0,-9999.0,-9999.0,-9999.0,-9999.0,-9999.0,-9999.0,orientation,color,size,0.38,-7.0,13,male,1,2304.7063153,0,19
2544,-9999.0,-9999.0,-9999.0,-9999.0,-9999.0,-9999.0,-9999.0,-9999.0,-9999.0,orientation,color,size,0.38,-7.0,13,male,1,2304.7063153,0,19
2545,-9999.0,-9999.0,-9999.0,-9999.0,-9999.0,-9999.0,-9999.0,-9999.0,-9999.0,orientation,color,size,0.38,-7.0,13,male,1,2304.7063153,0,19
2546,-9999.0,-9999.0,-9999.0,-9999.0,-9999.0,-9999.0,-9999.0,-9999.0,-9999.0,orientation,color,size,0.38,-7.0,13,male,1,2304.7063153,0,19
2547,-9999.0,-9999.0,-9999.0,-9999.0,-9999.0,-9999.0,-9999.0,-9999.0,-9999.0,orientation,color,size,0.38,-7.0,13,male,1,2304.7063153,0,19
2548,-9999.0,-9999.0,-9999.0,-9999.0,-9999.0,-9999.0,-9999.0,-9999.0,-9999.0,orientation,color,size,0.38,-7.0,13,male,1,2304.7063153,0,19
2549,-9999.0,-9999.0,-9999.0,-9999.0,-9999.0,-9999.0,-9999.0,-9999.0,-9999.0,orientation,color,size,0.38,-7.0,13,male,1,2304.7063153,0,19
2550,-9999.0,-9999.0,-9999.0,-9999.0,-9999.0,-9999.0,-9999.0,-9999.0,-9999.0,orientation,color,size,0.38,-7.0,13,male,1,2304.7063153,0,19
2551,-9999.0,-9999.0,-9999.0,-9999.0,-9999.0,-9999.0,-9999.0,-9999.0,-9999.0,orientation,color,size,0.38,-7.0,13,male,1,2304.7063153,0,19
2552,-9999.0,-9999.0,-9999.0,-9999.0,-9999.0,-9999.0,-9999.0,-9999.0,-9999.0,orientation,color,size,0.38,-7.0,13,male,1,2304.7063153,0,19
2553,-9999.0,-9999.0,-9999.0,-9999.0,-9999.0,-9999.0,-9999.0,-9999.0,-9999.0,orientation,color,size,0.38,-7.0,13,male,1,2304.7063153,0,19
2554,-9999.0,-9999.0,-9999.0,-9999.0,-9999.0,-9999.0,-9999.0,-9999.0,-9999.0,orientation,color,size,0.38,-7.0,13,male,1,2304.7063153,0,19
2555,-9999.0,-9999.0,-9999.0,-9999.0,-9999.0,-9999.0,-9999.0,-9999.0,-9999.0,orientation,color,size,0.38,-7.0,13,male,1,2304.7063153,0,19
2556,-9999.0,-9999.0,-9999.0,-9999.0,-9999.0,-9999.0,-9999.0,-9999.0,-9999.0,orientation,color,size,0.38,-7.0,13,male,1,2304.7063153,0,19
2557,-9999.0,-9999.0,-9999.0,-9999.0,-9999.0,-9999.0,-9999.0,-9999.0,-9999.0,orientation,color,size,0.38,-7.0,13,male,1,2304.7063153,0,19
2558,-9999.0,-9999.0,-9999.0,-9999.0,-9999.0,-9999.0,-9999.0,-9999.0,-9999.0,orientation,color,size,0.38,-7.0,13,male,1,2304.7063153,0,19
2559,-9999.0,-9999.0,-9999.0,-9999.0,-9999.0,-9999.0,-9999.0,-9999.0,-9999.0,orientation,color,size,0.38,-7.0,13,male,1,2304.7063153,0,19
2560,-9999.0,-9999.0,-9999.0,-9999.0,-9999.0,-9999.0,-9999.0,-9999.0,-9999.0,orientation,color,size,0.38,-7.0,13,male,1,2304.7063153,0,19
2561,-9999.0,-9999.0,-9999.0,-9999.0,-9999.0,-9999.0,-9999.0,-9999.0,-9999.0,orientation,color,size,0.38,-7.0,13,male,1,2304.7063153,0,19
2562,-9999.0,-9999.0,-9999.0,-9999.0,-9999.0,-9999.0,-9999.0,-9999.0,-9999.0,orientation,color,size,0.38,-7.0,13,male,1,2304.7063153,0,19
2563,-9999.0,-9999.0,-9999.0,-9999.0,-9999.0,-9999.0,-9999.0,-9999.0,-9999.0,orientation,color,size,0.38,-7.0,13,male,1,2304.7063153,0,19
2564,-9999.0,-9999.0,-9999.0,-9999.0,-9999.0,-9999.0,-9999.0,-9999.0,-9999.0,orientation,color,size,0.38,-7.0,13,male,1,2304.7063153,0,19
2565,-9999.0,-9999.0,-9999.0,-9999.0,-9999.0,-9999.0,-9999.0,-9999.0,-9999.0,orientation,color,size,0.38,-7.0,13,male,1,2304.7063153,0,19
2566,-9999.0,-9999.0,-9999.0,-9999.0,-9999.0,-9999.0,-9999.0,-9999.0,-9999.0,orientation,color,size,0.38,-7.0,13,male,1,2304.7063153,0,19
2567,-9999.0,-9999.0,-9999.0,-9999.0,-9999.0,-9999.0,-9999.0,-9999.0,-9999.0,orientation,color,size,0.38,-7.0,13,male,1,2304.7063153,0,19
2568,-9999.0,-9999.0,-9999.0,-9999.0,-9999.0,-9999.0,-9999.0,-9999.0,-9999.0,orientation,color,size,0.38,-7.0,13,male,1,2304.7063153,0,19
2569,-9999.0,-9999.0,-9999.0,-9999.0,-9999.0,-9999.0,-9999.0,-9999.0,-9999.0,orientation,color,size,0.38,-7.0,13,male,1,2304.7063153,0,19
2570,-9999.0,-9999.0,-9999.0,-9999.0,-9999.0,-9999.0,-9999.0,-9999.0,-9999.0,orientation,color,size,0.38,-7.0,13,male,1,2304.7063153,0,19
2571,-9999.0,-9999.0,-9999.0,-9999.0,-9999.0,-9999.0,-9999.0,-9999.0,-9999.0,orientation,color,size,0.38,-7.0,13,male,1,2304.7063153,0,19
2572,-9999.0,-9999.0,-9999.0,-9999.0,-9999.0,-9999.0,-9999.0,-9999.0,-9999.0,orientation,color,size,0.38,-7.0,13,male,1,2304.7063153,0,19
2573,-9999.0,-9999.0,-9999.0,-9999.0,-9999.0,-9999.0,-9999.0,-9999.0,-9999.0,orientation,color,size,0.38,-7.0,13,male,1,2304.7063153,0,19
2574,-9999.0,-9999.0,-9999.0,-9999.0,-9999.0,-9999.0,-9999.0,-9999.0,-9999.0,orientation,color,size,0.38,-7.0,13,male,1,2304.7063153,0,19
2575,-9999.0,-9999.0,-9999.0,-9999.0,-9999.0,-9999.0,-9999.0,-9999.0,-9999.0,orientation,color,size,0.38,-7.0,13,male,1,2304.7063153,0,19
2576,-9999.0,-9999.0,-9999.0,-9999.0,-9999.0,-9999.0,-9999.0,-9999.0,-9999.0,orientation,color,size,0.38,-7.0,13,male,1,2304.7063153,0,19
2577,-9999.0,-9999.0,-9999.0,-9999.0,-9999.0,-9999.0,-9999.0,-9999.0,-9999.0,orientation,color,size,0.38,-7.0,13,male,1,2304.7063153,0,19
2578,-9999.0,-9999.0,-9999.0,-9999.0,-9999.0,-9999.0,-9999.0,-9999.0,-9999.0,orientation,color,size,0.38,-7.0,13,male,1,2304.7063153,0,19
2579,-9999.0,-9999.0,-9999.0,-9999.0,-9999.0,-9999.0,-9999.0,-9999.0,-9999.0,orientation,color,size,0.38,-7.0,13,male,1,2304.7063153,0,19
2580,-9999.0,-9999.0,-9999.0,-9999.0,-9999.0,-9999.0,-9999.0,-9999.0,-9999.0,orientation,color,size,0.38,-7.0,13,male,1,2304.7063153,0,19
2581,-9999.0,-9999.0,-9999.0,-9999.0,-9999.0,-9999.0,-9999.0,-9999.0,-9999.0,orientation,color,size,0.38,-7.0,13,male,1,2304.7063153,0,19
2582,-9999.0,-9999.0,-9999.0,-9999.0,-9999.0,-9999.0,-9999.0,-9999.0,-9999.0,orientation,color,size,0.38,-7.0,13,male,1,2304.7063153,0,19
2583,-9999.0,-9999.0,-9999.0,-9999.0,-9999.0,-9999.0,-9999.0,-9999.0,-9999.0,orientation,color,size,0.38,-7.0,13,male,1,2304.7063153,0,19
2584,-9999.0,-9999.0,-9999.0,-9999.0,-9999.0,-9999.0,-9999.0,-9999.0,-9999.0,orientation,color,size,0.38,-7.0,13,male,1,2304.7063153,0,19
2585,-9999.0,-9999.0,-9999.0,-9999.0,-9999.0,-9999.0,-9999.0,-9999.0,-9999.0,orientation,color,size,0.38,-7.0,13,male,1,2304.7063153,0,19
2586,-9999.0,-9999.0,-9999.0,-9999.0,-9999.0,-9999.0,-9999.0,-9999.0,-9999.0,orientation,color,size,0.38,-7.0,13,male,1,2304.7063153,0,19
2587,-9999.0,-9999.0,-9999.0,-9999.0,-9999.0,-9999.0,-9999.0,-9999.0,-9999.0,orientation,color,size,0.38,-7.0,13,male,1,2304.7063153,0,19
2588,-9999.0,-9999.0,-9999.0,-9999.0,-9999.0,-9999.0,-9999.0,-9999.0,-9999.0,orientation,color,size,0.38,-7.0,13,male,1,2304.7063153,0,19
2589,-9999.0,-9999.0,-9999.0,-9999.0,-9999.0,-9999.0,-9999.0,-9999.0,-9999.0,orientation,color,size,0.38,-7.0,13,male,1,2304.7063153,0,19
2590,-9999.0,-9999.0,-9999.0,-9999.0,-9999.0,-9999.0,-9999.0,-9999.0,-9999.0,orientation,color,size,0.38,-7.0,13,male,1,2304.7063153,0,19
2591,-9999.0,-9999.0,-9999.0,-9999.0,-9999.0,-9999.0,-9999.0,-9999.0,-9999.0,orientation,color,size,0.38,-7.0,13,male,1,2304.7063153,0,19
2592,-9999.0,-9999.0,-9999.0,-9999.0,-9999.0,-9999.0,-9999.0,-9999.0,-9999.0,orientation,color,size,0.38,-7.0,13,male,1,2304.7063153,0,19
2593,-9999.0,-9999.0,-9999.0,-9999.0,-9999.0,-9999.0,-9999.0,-9999.0,-9999.0,orientation,color,size,0.38,-7.0,13,male,1,2304.7063153,0,19
2594,-9999.0,-9999.0,-9999.0,-9999.0,-9999.0,-9999.0,-9999.0,-9999.0,-9999.0,orientation,color,size,0.38,-7.0,13,male,1,2304.7063153,0,19
2595,-9999.0,-9999.0,-9999.0,-9999.0,-9999.0,-9999.0,-9999.0,-9999.0,-9999.0,orientation,color,size,0.38,-7.0,13,male,1,2304.7063153,0,19
2596,-9999.0,-9999.0,-9999.0,-9999.0,-9999.0,-9999.0,-9999.0,-9999.0,-9999.0,orientation,color,size,0.38,-7.0,13,male,1,2304.7063153,0,19
2597,-9999.0,-9999.0,-9999.0,-9999.0,-9999.0,-9999.0,-9999.0,-9999.0,-9999.0,orientation,color,size,0.38,-7.0,13,male,1,2304.7063153,0,19
2598,-9999.0,-9999.0,-9999.0,-9999.0,-9999.0,-9999.0,-9999.0,-9999.0,-9999.0,orientation,color,size,0.38,-7.0,13,male,1,2304.7063153,0,19
2599,-9999.0,-9999.0,-9999.0,-9999.0,-9999.0,-9999.0,-9999.0,-9999.0,-9999.0,orientation,color,size,0.38,-7.0,13,male,1,2304.7063153,0,19
2600,-9999.0,-9999.0,-9999.0,-9999.0,-9999.0,-9999.0,-9999.0,-9999.0,-9999.0,orientation,color,size,0.38,-7.0,13,male,1,2304.7063153,0,19
2601,-9999.0,-9999.0,-9999.0,-9999.0,-9999.0,-9999.0,-9999.0,-9999.0,-9999.0,orientation,color,size,0.38,-7.0,13,male,1,2304.7063153,0,19
2602,-9999.0,-9999.0,-9999.0,-9999.0,-9999.0,-9999.0,-9999.0,-9999.0,-9999.0,orientation,color,size,0.38,-7.0,13,male,1,2304.7063153,0,19
2603,-9999.0,-9999.0,-9999.0,-9999.0,-9999.0,-9999.0,-9999.0,-9999.0,-9999.0,orientation,color,size,0.38,-7.0,13,male,1,2304.7063153,0,19
2604,-9999.0,-9999.0,-9999.0,-9999.0,-9999.0,-9999.0,-9999.0,-9999.0,-9999.0,orientation,color,size,0.38,-7.0,13,male,1,2304.7063153,0,19
2605,-9999.0,-9999.0,-9999.0,-9999.0,-9999.0,-9999.0,-9999.0,-9999.0,-9999.0,orientation,color,size,0.38,-7.0,13,male,1,2304.7063153,0,19
2606,-9999.0,-9999.0,-9999.0,-9999.0,-9999.0,-9999.0,-9999.0,-9999.0,-9999.0,orientation,color,size,0.38,-7.0,13,male,1,2304.7063153,0,19
2607,-9999.0,-9999.0,-9999.0,-9999.0,-9999.0,-9999.0,-9999.0,-9999.0,-9999.0,orientation,color,size,0.38,-7.0,13,male,1,2304.7063153,0,19
2608,-9999.0,-9999.0,-9999.0,-9999.0,-9999.0,-9999.0,-9999.0,-9999.0,-9999.0,orientation,color,size,0.38,-7.0,13,male,1,2304.7063153,0,19
2609,-9999.0,-9999.0,-9999.0,-9999.0,-9999.0,-9999.0,-9999.0,-9999.0,-9999.0,orientation,color,size,0.38,-7.0,13,male,1,2304.7063153,0,19
2610,-9999.0,-9999.0,-9999.0,-9999.0,-9999.0,-9999.0,-9999.0,-9999.0,-9999.0,orientation,color,size,0.38,-7.0,13,male,1,2304.7063153,0,19
2611,-9999.0,-9999.0,-9999.0,-9999.0,-9999.0,-9999.0,-9999.0,-9999.0,-9999.0,orientation,color,size,0.38,-7.0,13,male,1,2304.7063153,0,19
2612,-9999.0,-9999.0,-9999.0,-9999.0,-9999.0,-9999.0,-9999.0,-9999.0,-9999.0,orientation,color,size,0.38,-7.0,13,male,1,2304.7063153,0,19
2613,-9999.0,-9999.0,-9999.0,-9999.0,-9999.0,-9999.0,-9999.0,-9999.0,-9999.0,orientation,color,size,0.38,-7.0,13,male,1,2304.7063153,0,19
2614,-9999.0,-9999.0,-9999.0,-9999.0,-9999.0,-9999.0,-9999.0,-9999.0,-9999.0,orientation,color,size,0.38,-7.0,13,male,1,2304.7063153,0,19
2615,-9999.0,-9999.0,-9999.0,-9999.0,-9999.0,-9999.0,-9999.0,-9999.0,-9999.0,orientation,color,size,0.38,-7.0,13,male,1,2304.7063153,0,19
2616,-9999.0,-9999.0,-9999.0,-9999.0,-9999.0,-9999.0,-9999.0,-9999.0,-9999.0,orientation,color,size,0.38,-7.0,13,male,1,2304.7063153,0,19
2617,-9999.0,-9999.0,-9999.0,-9999.0,-9999.0,-9999.0,-9999.0,-9999.0,-9999.0,orientation,color,size,0.38,-7.0,13,male,1,2304.7063153,0,19
2618,-9999.0,-9999.0,-9999.0,-9999.0,-9999.0,-9999.0,-9999.0,-9999.0,-9999.0,orientation,color,size,0.38,-7.0,13,male,1,2304.7063153,0,19
2619,-9999.0,-9999.0,-9999.0,-9999.0,-9999.0,-9999.0,-9999.0,-9999.0,-9999.0,orientation,color,size,0.38,-7.0,13,male,1,2304.7063153,0,19
2620,-9999.0,-9999.0,-9999.0,-9999.0,-9999.0,-9999.0,-9999.0,-9999.0,-9999.0,orientation,color,size,0.38,-7.0,13,male,1,2304.7063153,0,19
2621,-9999.0,-9999.0,-9999.0,-9999.0,-9999.0,-9999.0,-9999.0,-9999.0,-9999.0,orientation,color,size,0.38,-7.0,13,male,1,2304.7063153,0,19
2622,-9999.0,-9999.0,-9999.0,-9999.0,-9999.0,-9999.0,-9999.0,-9999.0,-9999.0,orientation,color,size,0.38,-7.0,13,male,1,2304.7063153,0,19
2623,-9999.0,-9999.0,-9999.0,-9999.0,-9999.0,-9999.0,-9999.0,-9999.0,-9999.0,orientation,color,size,0.38,-7.0,13,male,1,2304.7063153,0,19
2624,-9999.0,-9999.0,-9999.0,-9999.0,-9999.0,-9999.0,-9999.0,-9999.0,-9999.0,orientation,color,size,0.38,-7.0,13,male,1,2304.7063153,0,19
2625,-9999.0,-9999.0,-9999.0,-9999.0,-9999.0,-9999.0,-9999.0,-9999.0,-9999.0,orientation,color,size,0.38,-7.0,13,male,1,2304.7063153,0,19
2626,-9999.0,-9999.0,-9999.0,-9999.0,-9999.0,-9999.0,-9999.0,-9999.0,-9999.0,orientation,color,size,0.38,-7.0,13,male,1,2304.7063153,0,19
2627,-9999.0,-9999.0,-9999.0,-9999.0,-9999.0,-9999.0,-9999.0,-9999.0,-9999.0,orientation,color,size,0.38,-7.0,13,male,1,2304.7063153,0,19
2628,-9999.0,-9999.0,-9999.0,-9999.0,-9999.0,-9999.0,-9999.0,-9999.0,-9999.0,orientation,color,size,0.38,-7.0,13,male,1,2304.7063153,0,19
2629,-9999.0,-9999.0,-9999.0,-9999.0,-9999.0,-9999.0,-9999.0,-9999.0,-9999.0,orientation,color,size,0.38,-7.0,13,male,1,2304.7063153,0,19
2630,-9999.0,-9999.0,-9999.0,-9999.0,-9999.0,-9999.0,-9999.0,-9999.0,-9999.0,orientation,color,size,0.38,-7.0,13,male,1,2304.7063153,0,19
2631,-9999.0,-9999.0,-9999.0,-9999.0,-9999.0,-9999.0,-9999.0,-9999.0,-9999.0,orientation,color,size,0.38,-7.0,13,male,1,2304.7063153,0,19
2632,-9999.0,-9999.0,-9999.0,-9999.0,-9999.0,-9999.0,-9999.0,-9999.0,-9999.0,orientation,color,size,0.38,-7.0,13,male,1,2304.7063153,0,19
2633,-9999.0,-9999.0,-9999.0,-9999.0,-9999.0,-9999.0,-9999.0,-9999.0,-9999.0,orientation,color,size,0.38,-7.0,13,male,1,2304.7063153,0,19
2634,-9999.0,-9999.0,-9999.0,-9999.0,-9999.0,-9999.0,-9999.0,-9999.0,-9999.0,orientation,color,size,0.38,-7.0,13,male,1,2304.7063153,0,19
2635,-9999.0,-9999.0,-9999.0,-9999.0,-9999.0,-9999.0,-9999.0,-9999.0,-9999.0,orientation,color,size,0.38,-7.0,13,male,1,2304.7063153,0,19
2636,-9999.0,-9999.0,-9999.0,-9999.0,-9999.0,-9999.0,-9999.0,-9999.0,-9999.0,orientation,color,size,0.38,-7.0,13,male,1,2304.7063153,0,19
2637,-9999.0,-9999.0,-9999.0,-9999.0,-9999.0,-9999.0,-9999.0,-9999.0,-9999.0,orientation,color,size,0.38,-7.0,13,male,1,2304.7063153,0,19
2638,-9999.0,-9999.0,-9999.0,-9999.0,-9999.0,-9999.0,-9999.0,-9999.0,-9999.0,orientation,color,size,0.38,-7.0,13,male,1,2304.7063153,0,19
2639,-9999.0,-9999.0,-9999.0,-9999.0,-9999.0,-9999.0,-9999.0,-9999.0,-9999.0,orientation,color,size,0.38,-7.0,13,male,1,2304.7063153,0,19
2640,-9999.0,-9999.0,-9999.0,-9999.0,-9999.0,-9999.0,-9999.0,-9999.0,-9999.0,orientation,color,size,0.38,-7.0,13,male,1,2304.7063153,0,19
2641,-9999.0,-9999.0,-9999.0,-9999.0,-9999.0,-9999.0,-9999.0,-9999.0,-9999.0,orientation,color,size,0.38,-7.0,13,male,1,2304.7063153,0,19
2642,-9999.0,-9999.0,-9999.0,-9999.0,-9999.0,-9999.0,-9999.0,-9999.0,-9999.0,orientation,color,size,0.38,-7.0,13,male,1,2304.7063153,0,19
2643,-9999.0,-9999.0,-9999.0,-9999.0,-9999.0,-9999.0,-9999.0,-9999.0,-9999.0,orientation,color,size,0.38,-7.0,13,male,1,2304.7063153,0,19
2644,-9999.0,-9999.0,-9999.0,-9999.0,-9999.0,-9999.0,-9999.0,-9999.0,-9999.0,orientation,color,size,0.38,-7.0,13,male,1,2304.7063153,0,19
2645,-9999.0,-9999.0,-9999.0,-9999.0,-9999.0,-9999.0,-9999.0,-9999.0,-9999.0,orientation,color,size,0.38,-7.0,13,male,1,2304.7063153,0,19
2646,-9999.0,-9999.0,-9999.0,-9999.0,-9999.0,-9999.0,-9999.0,-9999.0,-9999.0,orientation,color,size,0.38,-7.0,13,male,1,2304.7063153,0,19
2647,-9999.0,-9999.0,-9999.0,-9999.0,-9999.0,-9999.0,-9999.0,-9999.0,-9999.0,orientation,color,size,0.38,-7.0,13,male,1,2304.7063153,0,19
2648,-9999.0,-9999.0,-9999.0,-9999.0,-9999.0,-9999.0,-9999.0,-9999.0,-9999.0,orientation,color,size,0.38,-7.0,13,male,1,2304.7063153,0,19
2649,-9999.0,-9999.0,-9999.0,-9999.0,-9999.0,-9999.0,-9999.0,-9999.0,-9999.0,orientation,color,size,0.38,-7.0,13,male,1,2304.7063153,0,19
2650,-9999.0,-9999.0,-9999.0,-9999.0,-9999.0,-9999.0,-9999.0,-9999.0,-9999.0,orientation,color,size,0.38,-7.0,13,male,1,2304.7063153,0,19
2651,-9999.0,-9999.0,-9999.0,-9999.0,-9999.0,-9999.0,-9999.0,-9999.0,-9999.0,orientation,color,size,0.38,-7.0,13,male,1,2304.7063153,0,19
2652,-9999.0,-9999.0,-9999.0,-9999.0,-9999.0,-9999.0,-9999.0,-9999.0,-9999.0,orientation,color,size,0.38,-7.0,13,male,1,2304.7063153,0,19
2653,-9999.0,-9999.0,-9999.0,-9999.0,-9999.0,-9999.0,-9999.0,-9999.0,-9999.0,orientation,color,size,0.38,-7.0,13,male,1,2304.7063153,0,19
2654,-9999.0,-9999.0,-9999.0,-9999.0,-9999.0,-9999.0,-9999.0,-9999.0,-9999.0,orientation,color,size,0.38,-7.0,13,male,1,2304.7063153,0,19
2655,-9999.0,-9999.0,-9999.0,-9999.0,-9999.0,-9999.0,-9999.0,-9999.0,-9999.0,orientation,color,size,0.38,-7.0,13,male,1,2304.7063153,0,19
2656,-9999.0,-9999.0,-9999.0,-9999.0,-9999.0,-9999.0,-9999.0,-9999.0,-9999.0,orientation,color,size,0.38,-7.0,13,male,1,2304.7063153,0,19
2657,-9999.0,-9999.0,-9999.0,-9999.0,-9999.0,-9999.0,-9999.0,-9999.0,-9999.0,orientation,color,size,0.38,-7.0,13,male,1,2304.7063153,0,19
2658,-9999.0,-9999.0,-9999.0,-9999.0,-9999.0,-9999.0,-9999.0,-9999.0,-9999.0,orientation,color,size,0.38,-7.0,13,male,1,2304.7063153,0,19
2659,-9999.0,-9999.0,-9999.0,-9999.0,-9999.0,-9999.0,-9999.0,-9999.0,-9999.0,orientation,color,size,0.38,-7.0,13,male,1,2304.7063153,0,19
2660,-9999.0,-9999.0,-9999.0,-9999.0,-9999.0,-9999.0,-9999.0,-9999.0,-9999.0,orientation,color,size,0.38,-7.0,13,male,1,2304.7063153,0,19
2661,-9999.0,-9999.0,-9999.0,-9999.0,-9999.0,-9999.0,-9999.0,-9999.0,-9999.0,orientation,color,size,0.38,-7.0,13,male,1,2304.7063153,0,19
2662,-9999.0,-9999.0,-9999.0,-9999.0,-9999.0,-9999.0,-9999.0,-9999.0,-9999.0,orientation,color,size,0.38,-7.0,13,male,1,2304.7063153,0,19
2663,-9999.0,-9999.0,-9999.0,-9999.0,-9999.0,-9999.0,-9999.0,-9999.0,-9999.0,orientation,color,size,0.38,-7.0,13,male,1,2304.7063153,0,19
2664,-9999.0,-9999.0,-9999.0,-9999.0,-9999.0,-9999.0,-9999.0,-9999.0,-9999.0,orientation,color,size,0.38,-7.0,13,male,1,2304.7063153,0,19
2665,-9999.0,-9999.0,-9999.0,-9999.0,-9999.0,-9999.0,-9999.0,-9999.0,-9999.0,orientation,color,size,0.38,-7.0,13,male,1,2304.7063153,0,19
2666,-9999.0,-9999.0,-9999.0,-9999.0,-9999.0,-9999.0,-9999.0,-9999.0,-9999.0,orientation,color,size,0.38,-7.0,13,male,1,2304.7063153,0,19
2667,-9999.0,-9999.0,-9999.0,-9999.0,-9999.0,-9999.0,-9999.0,-9999.0,-9999.0,orientation,color,size,0.38,-7.0,13,male,1,2304.7063153,0,19
2668,-9999.0,-9999.0,-9999.0,-9999.0,-9999.0,-9999.0,-9999.0,-9999.0,-9999.0,orientation,color,size,0.38,-7.0,13,male,1,2304.7063153,0,19
2669,-9999.0,-9999.0,-9999.0,-9999.0,-9999.0,-9999.0,-9999.0,-9999.0,-9999.0,orientation,color,size,0.38,-7.0,13,male,1,2304.7063153,0,19
2670,-9999.0,-9999.0,-9999.0,-9999.0,-9999.0,-9999.0,-9999.0,-9999.0,-9999.0,orientation,color,size,0.38,-7.0,13,male,1,2304.7063153,0,19
2671,-9999.0,-9999.0,-9999.0,-9999.0,-9999.0,-9999.0,-9999.0,-9999.0,-9999.0,orientation,color,size,0.38,-7.0,13,male,1,2304.7063153,0,19
2672,-9999.0,-9999.0,-9999.0,-9999.0,-9999.0,-9999.0,-9999.0,-9999.0,-9999.0,orientation,color,size,0.38,-7.0,13,male,1,2304.7063153,0,19
2673,-9999.0,-9999.0,-9999.0,-9999.0,-9999.0,-9999.0,-9999.0,-9999.0,-9999.0,orientation,color,size,0.38,-7.0,13,male,1,2304.7063153,0,19
2674,-9999.0,-9999.0,-9999.0,-9999.0,-9999.0,-9999.0,-9999.0,-9999.0,-9999.0,orientation,color,size,0.38,-7.0,13,male,1,2304.7063153,0,19
2675,-9999.0,-9999.0,-9999.0,-9999.0,-9999.0,-9999.0,-9999.0,-9999.0,-9999.0,orientation,color,size,0.38,-7.0,13,male,1,2304.7063153,0,19
2676,-9999.0,-9999.0,-9999.0,-9999.0,-9999.0,-9999.0,-9999.0,-9999.0,-9999.0,orientation,color,size,0.38,-7.0,13,male,1,2304.7063153,0,19
2677,-9999.0,-9999.0,-9999.0,-9999.0,-9999.0,-9999.0,-9999.0,-9999.0,-9999.0,orientation,color,size,0.38,-7.0,13,male,1,2304.7063153,0,19
2678,-9999.0,-9999.0,-9999.0,-9999.0,-9999.0,-9999.0,-9999.0,-9999.0,-9999.0,orientation,color,size,0.38,-7.0,13,male,1,2304.7063153,0,19
2679,-9999.0,-9999.0,-9999.0,-9999.0,-9999.0,-9999.0,-9999.0,-9999.0,-9999.0,orientation,color,size,0.38,-7.0,13,male,1,2304.7063153,0,19
2680,-9999.0,-9999.0,-9999.0,-9999.0,-9999.0,-9999.0,-9999.0,-9999.0,-9999.0,orientation,color,size,0.38,-7.0,13,male,1,2304.7063153,0,19
2681,-9999.0,-9999.0,-9999.0,-9999.0,-9999.0,-9999.0,-9999.0,-9999.0,-9999.0,orientation,color,size,0.38,-7.0,13,male,1,2304.7063153,0,19
2682,-9999.0,-9999.0,-9999.0,-9999.0,-9999.0,-9999.0,-9999.0,-9999.0,-9999.0,orientation,color,size,0.38,-7.0,13,male,1,2304.7063153,0,19
2683,-9999.0,-9999.0,-9999.0,-9999.0,-9999.0,-9999.0,-9999.0,-9999.0,-9999.0,orientation,color,size,0.38,-7.0,13,male,1,2304.7063153,0,19
2684,-9999.0,-9999.0,-9999.0,-9999.0,-9999.0,-9999.0,-9999.0,-9999.0,-9999.0,orientation,color,size,0.38,-7.0,13,male,1,2304.7063153,0,19
2685,-9999.0,-9999.0,-9999.0,-9999.0,-9999.0,-9999.0,-9999.0,-9999.0,-9999.0,orientation,color,size,0.38,-7.0,13,male,1,2304.7063153,0,19
2686,-9999.0,-9999.0,-9999.0,-9999.0,-9999.0,-9999.0,-9999.0,-9999.0,-9999.0,orientation,color,size,0.38,-7.0,13,male,1,2304.7063153,0,19
2687,-9999.0,-9999.0,-9999.0,-9999.0,-9999.0,-9999.0,-9999.0,-9999.0,-9999.0,orientation,color,size,0.38,-7.0,13,male,1,2304.7063153,0,19
2688,-9999.0,-9999.0,-9999.0,-9999.0,-9999.0,-9999.0,-9999.0,-9999.0,-9999.0,orientation,color,size,0.38,-7.0,13,male,1,2304.7063153,0,19
2689,-9999.0,-9999.0,-9999.0,-9999.0,-9999.0,-9999.0,-9999.0,-9999.0,-9999.0,orientation,color,size,0.38,-7.0,13,male,1,2304.7063153,0,19
2690,-9999.0,-9999.0,-9999.0,-9999.0,-9999.0,-9999.0,-9999.0,-9999.0,-9999.0,orientation,color,size,0.38,-7.0,13,male,1,2304.7063153,0,19
2691,-9999.0,-9999.0,-9999.0,-9999.0,-9999.0,-9999.0,-9999.0,-9999.0,-9999.0,orientation,color,size,0.38,-7.0,13,male,1,2304.7063153,0,19
2692,-9999.0,-9999.0,-9999.0,-9999.0,-9999.0,-9999.0,-9999.0,-9999.0,-9999.0,orientation,color,size,0.38,-7.0,13,male,1,2304.7063153,0,19
2693,-9999.0,-9999.0,-9999.0,-9999.0,-9999.0,-9999.0,-9999.0,-9999.0,-9999.0,orientation,color,size,0.38,-7.0,13,male,1,2304.7063153,0,19
2694,-9999.0,-9999.0,-9999.0,-9999.0,-9999.0,-9999.0,-9999.0,-9999.0,-9999.0,orientation,color,size,0.38,-7.0,13,male,1,2304.7063153,0,19
2695,-9999.0,-9999.0,-9999.0,-9999.0,-9999.0,-9999.0,-9999.0,-9999.0,-9999.0,orientation,color,size,0.38,-7.0,13,male,1,2304.7063153,0,19
2696,-9999.0,-9999.0,-9999.0,-9999.0,-9999.0,-9999.0,-9999.0,-9999.0,-9999.0,orientation,color,size,0.38,-7.0,13,male,1,2304.7063153,0,19
2697,-9999.0,-9999.0,-9999.0,-9999.0,-9999.0,-9999.0,-9999.0,-9999.0,-9999.0,orientation,color,size,0.38,-7.0,13,male,1,2304.7063153,0,19
2698,-9999.0,-9999.0,-9999.0,-9999.0,-9999.0,-9999.0,-9999.0,-9999.0,-9999.0,orientation,color,size,0.38,-7.0,13,male,1,2304.7063153,0,19
2699,-9999.0,-9999.0,-9999.0,-9999.0,-9999.0,-9999.0,-9999.0,-9999.0,-9999.0,orientation,color,size,0.38,-7.0,13,male,1,2304.7063153,0,19
2700,-9999.0,-9999.0,-9999.0,-9999.0,-9999.0,-9999.0,-9999.0,-9999.0,-9999.0,orientation,color,size,0.38,-7.0,13,male,1,2304.7063153,0,19
2701,-9999.0,-9999.0,-9999.0,-9999.0,-9999.0,-9999.0,-9999.0,-9999.0,-9999.0,orientation,color,size,0.38,-7.0,13,male,1,2304.7063153,0,19
2702,-9999.0,-9999.0,-9999.0,-9999.0,-9999.0,-9999.0,-9999.0,-9999.0,-9999.0,orientation,color,size,0.38,-7.0,13,male,1,2304.7063153,0,19
2703,-9999.0,-9999.0,-9999.0,-9999.0,-9999.0,-9999.0,-9999.0,-9999.0,-9999.0,orientation,color,size,0.38,-7.0,13,male,1,2304.7063153,0,19
2704,-9999.0,-9999.0,-9999.0,-9999.0,-9999.0,-9999.0,-9999.0,-9999.0,-9999.0,orientation,color,size,0.38,-7.0,13,male,1,2304.7063153,0,19
2705,-9999.0,-9999.0,-9999.0,-9999.0,-9999.0,-9999.0,-9999.0,-9999.0,-9999.0,orientation,color,size,0.38,-7.0,13,male,1,2304.7063153,0,19
2706,-9999.0,-9999.0,-9999.0,-9999.0,-9999.0,-9999.0,-9999.0,-9999.0,-9999.0,orientation,color,size,0.38,-7.0,13,male,1,2304.7063153,0,19
2707,-9999.0,-9999.0,-9999.0,-9999.0,-9999.0,-9999.0,-9999.0,-9999.0,-9999.0,orientation,color,size,0.38,-7.0,13,male,1,2304.7063153,0,19
2708,-9999.0,-9999.0,-9999.0,-9999.0,-9999.0,-9999.0,-9999.0,-9999.0,-9999.0,orientation,color,size,0.38,-7.0,13,male,1,2304.7063153,0,19
2709,-9999.0,-9999.0,-9999.0,-9999.0,-9999.0,-9999.0,-9999.0,-9999.0,-9999.0,orientation,color,size,0.38,-7.0,13,male,1,2304.7063153,0,19
2710,-9999.0,-9999.0,-9999.0,-9999.0,-9999.0,-9999.0,-9999.0,-9999.0,-9999.0,orientation,color,size,0.38,-7.0,13,male,1,2304.7063153,0,19
2711,-9999.0,-9999.0,-9999.0,-9999.0,-9999.0,-9999.0,-9999.0,-9999.0,-9999.0,orientation,color,size,0.38,-7.0,13,male,1,2304.7063153,0,19
2712,-9999.0,-9999.0,-9999.0,-9999.0,-9999.0,-9999.0,-9999.0,-9999.0,-9999.0,orientation,color,size,0.38,-7.0,13,male,1,2304.7063153,0,19
2713,-9999.0,-9999.0,-9999.0,-9999.0,-9999.0,-9999.0,-9999.0,-9999.0,-9999.0,orientation,color,size,0.38,-7.0,13,male,1,2304.7063153,0,19
2714,-9999.0,-9999.0,-9999.0,-9999.0,-9999.0,-9999.0,-9999.0,-9999.0,-9999.0,orientation,color,size,0.38,-7.0,13,male,1,2304.7063153,0,19
2715,-9999.0,-9999.0,-9999.0,-9999.0,-9999.0,-9999.0,-9999.0,-9999.0,-9999.0,orientation,color,size,0.38,-7.0,13,male,1,2304.7063153,0,19
2716,-9999.0,-9999.0,-9999.0,-9999.0,-9999.0,-9999.0,-9999.0,-9999.0,-9999.0,orientation,color,size,0.38,-7.0,13,male,1,2304.7063153,0,19
2717,-9999.0,-9999.0,-9999.0,-9999.0,-9999.0,-9999.0,-9999.0,-9999.0,-9999.0,orientation,color,size,0.38,-7.0,13,male,1,2304.7063153,0,19
2718,-9999.0,-9999.0,-9999.0,-9999.0,-9999.0,-9999.0,-9999.0,-9999.0,-9999.0,orientation,color,size,0.38,-7.0,13,male,1,2304.7063153,0,19
2719,-9999.0,-9999.0,-9999.0,-9999.0,-9999.0,-9999.0,-9999.0,-9999.0,-9999.0,orientation,color,size,0.38,-7.0,13,male,1,2304.7063153,0,19
2720,-9999.0,-9999.0,-9999.0,-9999.0,-9999.0,-9999.0,-9999.0,-9999.0,-9999.0,orientation,color,size,0.38,-7.0,13,male,1,2304.7063153,0,19
2721,-9999.0,-9999.0,-9999.0,-9999.0,-9999.0,-9999.0,-9999.0,-9999.0,-9999.0,orientation,color,size,0.38,-7.0,13,male,1,2304.7063153,0,19
2722,-9999.0,-9999.0,-9999.0,-9999.0,-9999.0,-9999.0,-9999.0,-9999.0,-9999.0,orientation,color,size,0.38,-7.0,13,male,1,2304.7063153,0,19
2723,-9999.0,-9999.0,-9999.0,-9999.0,-9999.0,-9999.0,-9999.0,-9999.0,-9999.0,orientation,color,size,0.38,-7.0,13,male,1,2304.7063153,0,19
2724,-9999.0,-9999.0,-9999.0,-9999.0,-9999.0,-9999.0,-9999.0,-9999.0,-9999.0,orientation,color,size,0.38,-7.0,13,male,1,2304.7063153,0,19
2725,-9999.0,-9999.0,-9999.0,-9999.0,-9999.0,-9999.0,-9999.0,-9999.0,-9999.0,orientation,color,size,0.38,-7.0,13,male,1,2304.7063153,0,19
2726,-9999.0,-9999.0,-9999.0,-9999.0,-9999.0,-9999.0,-9999.0,-9999.0,-9999.0,orientation,color,size,0.38,-7.0,13,male,1,2304.7063153,0,19
2727,-9999.0,-9999.0,-9999.0,-9999.0,-9999.0,-9999.0,-9999.0,-9999.0,-9999.0,orientation,color,size,0.38,-7.0,13,male,1,2304.7063153,0,19
2728,-9999.0,-9999.0,-9999.0,-9999.0,-9999.0,-9999.0,-9999.0,-9999.0,-9999.0,orientation,color,size,0.38,-7.0,13,male,1,2304.7063153,0,19
2729,-9999.0,-9999.0,-9999.0,-9999.0,-9999.0,-9999.0,-9999.0,-9999.0,-9999.0,orientation,color,size,0.38,-7.0,13,male,1,2304.7063153,0,19
2730,-9999.0,-9999.0,-9999.0,-9999.0,-9999.0,-9999.0,-9999.0,-9999.0,-9999.0,orientation,color,size,0.38,-7.0,13,male,1,2304.7063153,0,19
2731,-9999.0,-9999.0,-9999.0,-9999.0,-9999.0,-9999.0,-9999.0,-9999.0,-9999.0,orientation,color,size,0.38,-7.0,13,male,1,2304.7063153,0,19
2732,-9999.0,-9999.0,-9999.0,-9999.0,-9999.0,-9999.0,-9999.0,-9999.0,-9999.0,orientation,color,size,0.38,-7.0,13,male,1,2304.7063153,0,19
2733,-9999.0,-9999.0,-9999.0,-9999.0,-9999.0,-9999.0,-9999.0,-9999.0,-9999.0,orientation,color,size,0.38,-7.0,13,male,1,2304.7063153,0,19
2734,-9999.0,-9999.0,-9999.0,-9999.0,-9999.0,-9999.0,-9999.0,-9999.0,-9999.0,orientation,color,size,0.38,-7.0,13,male,1,2304.7063153,0,19
2735,-9999.0,-9999.0,-9999.0,-9999.0,-9999.0,-9999.0,-9999.0,-9999.0,-9999.0,orientation,color,size,0.38,-7.0,13,male,1,2304.7063153,0,19
2736,-9999.0,-9999.0,-9999.0,-9999.0,-9999.0,-9999.0,-9999.0,-9999.0,-9999.0,orientation,color,size,0.38,-7.0,13,male,1,2304.7063153,0,19
2737,-9999.0,-9999.0,-9999.0,-9999.0,-9999.0,-9999.0,-9999.0,-9999.0,-9999.0,orientation,color,size,0.38,-7.0,13,male,1,2304.7063153,0,19
2738,-9999.0,-9999.0,-9999.0,-9999.0,-9999.0,-9999.0,-9999.0,-9999.0,-9999.0,orientation,color,size,0.38,-7.0,13,male,1,2304.7063153,0,19
2739,-9999.0,-9999.0,-9999.0,-9999.0,-9999.0,-9999.0,-9999.0,-9999.0,-9999.0,orientation,color,size,0.38,-7.0,13,male,1,2304.7063153,0,19
2740,-9999.0,-9999.0,-9999.0,-9999.0,-9999.0,-9999.0,-9999.0,-9999.0,-9999.0,orientation,color,size,0.38,-7.0,13,male,1,2304.7063153,0,19
2741,-9999.0,-9999.0,-9999.0,-9999.0,-9999.0,-9999.0,-9999.0,-9999.0,-9999.0,orientation,color,size,0.38,-7.0,13,male,1,2304.7063153,0,19
2742,-9999.0,-9999.0,-9999.0,-9999.0,-9999.0,-9999.0,-9999.0,-9999.0,-9999.0,orientation,color,size,0.38,-7.0,13,male,1,2304.7063153,0,19
2743,-9999.0,-9999.0,-9999.0,-9999.0,-9999.0,-9999.0,-9999.0,-9999.0,-9999.0,orientation,color,size,0.38,-7.0,13,male,1,2304.7063153,0,19
2744,-9999.0,-9999.0,-9999.0,-9999.0,-9999.0,-9999.0,-9999.0,-9999.0,-9999.0,orientation,color,size,0.38,-7.0,13,male,1,2304.7063153,0,19
2745,-9999.0,-9999.0,-9999.0,-9999.0,-9999.0,-9999.0,-9999.0,-9999.0,-9999.0,orientation,color,size,0.38,-7.0,13,male,1,2304.7063153,0,19
2746,-9999.0,-9999.0,-9999.0,-9999.0,-9999.0,-9999.0,-9999.0,-9999.0,-9999.0,orientation,color,size,0.38,-7.0,13,male,1,2304.7063153,0,19
2747,-9999.0,-9999.0,-9999.0,-9999.0,-9999.0,-9999.0,-9999.0,-9999.0,-9999.0,orientation,color,size,0.38,-7.0,13,male,1,2304.7063153,0,19
2748,-9999.0,-9999.0,-9999.0,-9999.0,-9999.0,-9999.0,-9999.0,-9999.0,-9999.0,orientation,color,size,0.38,-7.0,13,male,1,2304.7063153,0,19
2749,-9999.0,-9999.0,-9999.0,-9999.0,-9999.0,-9999.0,-9999.0,-9999.0,-9999.0,orientation,color,size,0.38,-7.0,13,male,1,2304.7063153,0,19
2750,-9999.0,-9999.0,-9999.0,-9999.0,-9999.0,-9999.0,-9999.0,-9999.0,-9999.0,orientation,color,size,0.38,-7.0,13,male,1,2304.7063153,0,19
2751,-9999.0,-9999.0,-9999.0,-9999.0,-9999.0,-9999.0,-9999.0,-9999.0,-9999.0,orientation,color,size,0.38,-7.0,13,male,1,2304.7063153,0,19
2752,-9999.0,-9999.0,-9999.0,-9999.0,-9999.0,-9999.0,-9999.0,-9999.0,-9999.0,orientation,color,size,0.38,-7.0,13,male,1,2304.7063153,0,19
2753,-9999.0,-9999.0,-9999.0,-9999.0,-9999.0,-9999.0,-9999.0,-9999.0,-9999.0,orientation,color,size,0.38,-7.0,13,male,1,2304.7063153,0,19
2754,-9999.0,-9999.0,-9999.0,-9999.0,-9999.0,-9999.0,-9999.0,-9999.0,-9999.0,orientation,color,size,0.38,-7.0,13,male,1,2304.7063153,0,19
2755,-9999.0,-9999.0,-9999.0,-9999.0,-9999.0,-9999.0,-9999.0,-9999.0,-9999.0,orientation,color,size,0.38,-7.0,13,male,1,2304.7063153,0,19
2756,-9999.0,-9999.0,-9999.0,-9999.0,-9999.0,-9999.0,-9999.0,-9999.0,-9999.0,orientation,color,size,0.38,-7.0,13,male,1,2304.7063153,0,19
2757,-9999.0,-9999.0,-9999.0,-9999.0,-9999.0,-9999.0,-9999.0,-9999.0,-9999.0,orientation,color,size,0.38,-7.0,13,male,1,2304.7063153,0,19
2758,-9999.0,-9999.0,-9999.0,-9999.0,-9999.0,-9999.0,-9999.0,-9999.0,-9999.0,orientation,color,size,0.38,-7.0,13,male,1,2304.7063153,0,19
2759,-9999.0,-9999.0,-9999.0,-9999.0,-9999.0,-9999.0,-9999.0,-9999.0,-9999.0,orientation,color,size,0.38,-7.0,13,male,1,2304.7063153,0,19
2760,-9999.0,-9999.0,-9999.0,-9999.0,-9999.0,-9999.0,-9999.0,-9999.0,-9999.0,orientation,color,size,0.38,-7.0,13,male,1,2304.7063153,0,19
2761,-9999.0,-9999.0,-9999.0,-9999.0,-9999.0,-9999.0,-9999.0,-9999.0,-9999.0,orientation,color,size,0.38,-7.0,13,male,1,2304.7063153,0,19
2762,-9999.0,-9999.0,-9999.0,-9999.0,-9999.0,-9999.0,-9999.0,-9999.0,-9999.0,orientation,color,size,0.38,-7.0,13,male,1,2304.7063153,0,19
2763,-9999.0,-9999.0,-9999.0,-9999.0,-9999.0,-9999.0,-9999.0,-9999.0,-9999.0,orientation,color,size,0.38,-7.0,13,male,1,2304.7063153,0,19
2764,-9999.0,-9999.0,-9999.0,-9999.0,-9999.0,-9999.0,-9999.0,-9999.0,-9999.0,orientation,color,size,0.38,-7.0,13,male,1,2304.7063153,0,19
2765,-9999.0,-9999.0,-9999.0,-9999.0,-9999.0,-9999.0,-9999.0,-9999.0,-9999.0,orientation,color,size,0.38,-7.0,13,male,1,2304.7063153,0,19
2766,-9999.0,-9999.0,-9999.0,-9999.0,-9999.0,-9999.0,-9999.0,-9999.0,-9999.0,orientation,color,size,0.38,-7.0,13,male,1,2304.7063153,0,19
2767,-9999.0,-9999.0,-9999.0,-9999.0,-9999.0,-9999.0,-9999.0,-9999.0,-9999.0,orientation,color,size,0.38,-7.0,13,male,1,2304.7063153,0,19
2768,-9999.0,-9999.0,-9999.0,-9999.0,-9999.0,-9999.0,-9999.0,-9999.0,-9999.0,orientation,color,size,0.38,-7.0,13,male,1,2304.7063153,0,19
2769,-9999.0,-9999.0,-9999.0,-9999.0,-9999.0,-9999.0,-9999.0,-9999.0,-9999.0,orientation,color,size,0.38,-7.0,13,male,1,2304.7063153,0,19
2770,-9999.0,-9999.0,-9999.0,-9999.0,-9999.0,-9999.0,-9999.0,-9999.0,-9999.0,orientation,color,size,0.38,-7.0,13,male,1,2304.7063153,0,19
2771,-9999.0,-9999.0,-9999.0,-9999.0,-9999.0,-9999.0,-9999.0,-9999.0,-9999.0,orientation,color,size,0.38,-7.0,13,male,1,2304.7063153,0,19
2772,-9999.0,-9999.0,-9999.0,-9999.0,-9999.0,-9999.0,-9999.0,-9999.0,-9999.0,orientation,color,size,0.38,-7.0,13,male,1,2304.7063153,0,19
2773,-9999.0,-9999.0,-9999.0,-9999.0,-9999.0,-9999.0,-9999.0,-9999.0,-9999.0,orientation,color,size,0.38,-7.0,13,male,1,2304.7063153,0,19
2774,-9999.0,-9999.0,-9999.0,-9999.0,-9999.0,-9999.0,-9999.0,-9999.0,-9999.0,orientation,color,size,0.38,-7.0,13,male,1,2304.7063153,0,19
2775,-9999.0,-9999.0,-9999.0,-9999.0,-9999.0,-9999.0,-9999.0,-9999.0,-9999.0,orientation,color,size,0.38,-7.0,13,male,1,2304.7063153,0,19
2776,-9999.0,-9999.0,-9999.0,-9999.0,-9999.0,-9999.0,-9999.0,-9999.0,-9999.0,orientation,color,size,0.38,-7.0,13,male,1,2304.7063153,0,19
2777,-9999.0,-9999.0,-9999.0,-9999.0,-9999.0,-9999.0,-9999.0,-9999.0,-9999.0,orientation,color,size,0.38,-7.0,13,male,1,2304.7063153,0,19
2778,-9999.0,-9999.0,-9999.0,-9999.0,-9999.0,-9999.0,-9999.0,-9999.0,-9999.0,orientation,color,size,0.38,-7.0,13,male,1,2304.7063153,0,19
2779,-9999.0,-9999.0,-9999.0,-9999.0,-9999.0,-9999.0,-9999.0,-9999.0,-9999.0,orientation,color,size,0.38,-7.0,13,male,1,2304.7063153,0,19
2780,-9999.0,-9999.0,-9999.0,-9999.0,-9999.0,-9999.0,-9999.0,-9999.0,-9999.0,orientation,color,size,0.38,-7.0,13,male,1,2304.7063153,0,19
2781,-9999.0,-9999.0,-9999.0,-9999.0,-9999.0,-9999.0,-9999.0,-9999.0,-9999.0,orientation,color,size,0.38,-7.0,13,male,1,2304.7063153,0,19
2782,-9999.0,-9999.0,-9999.0,-9999.0,-9999.0,-9999.0,-9999.0,-9999.0,-9999.0,orientation,color,size,0.38,-7.0,13,male,1,2304.7063153,0,19
2783,-9999.0,-9999.0,-9999.0,-9999.0,-9999.0,-9999.0,-9999.0,-9999.0,-9999.0,orientation,color,size,0.38,-7.0,13,male,1,2304.7063153,0,19
2784,-9999.0,-9999.0,-9999.0,-9999.0,-9999.0,-9999.0,-9999.0,-9999.0,-9999.0,orientation,color,size,0.38,-7.0,13,male,1,2304.7063153,0,19
2785,-9999.0,-9999.0,-9999.0,-9999.0,-9999.0,-9999.0,-9999.0,-9999.0,-9999.0,orientation,color,size,0.38,-7.0,13,male,1,2304.7063153,0,19
2786,-9999.0,-9999.0,-9999.0,-9999.0,-9999.0,-9999.0,-9999.0,-9999.0,-9999.0,orientation,color,size,0.38,-7.0,13,male,1,2304.7063153,0,19
2787,-9999.0,-9999.0,-9999.0,-9999.0,-9999.0,-9999.0,-9999.0,-9999.0,-9999.0,orientation,color,size,0.38,-7.0,13,male,1,2304.7063153,0,19
2788,-9999.0,-9999.0,-9999.0,-9999.0,-9999.0,-9999.0,-9999.0,-9999.0,-9999.0,orientation,color,size,0.38,-7.0,13,male,1,2304.7063153,0,19
2789,-9999.0,-9999.0,-9999.0,-9999.0,-9999.0,-9999.0,-9999.0,-9999.0,-9999.0,orientation,color,size,0.38,-7.0,13,male,1,2304.7063153,0,19
2790,-9999.0,-9999.0,-9999.0,-9999.0,-9999.0,-9999.0,-9999.0,-9999.0,-9999.0,orientation,color,size,0.38,-7.0,13,male,1,2304.7063153,0,19
2791,-9999.0,-9999.0,-9999.0,-9999.0,-9999.0,-9999.0,-9999.0,-9999.0,-9999.0,orientation,color,size,0.38,-7.0,13,male,1,2304.7063153,0,19
2792,-9999.0,-9999.0,-9999.0,-9999.0,-9999.0,-9999.0,-9999.0,-9999.0,-9999.0,orientation,color,size,0.38,-7.0,13,male,1,2304.7063153,0,19
2793,-9999.0,-9999.0,-9999.0,-9999.0,-9999.0,-9999.0,-9999.0,-9999.0,-9999.0,orientation,color,size,0.38,-7.0,13,male,1,2304.7063153,0,19
2794,-9999.0,-9999.0,-9999.0,-9999.0,-9999.0,-9999.0,-9999.0,-9999.0,-9999.0,orientation,color,size,0.38,-7.0,13,male,1,2304.7063153,0,19
2795,-9999.0,-9999.0,-9999.0,-9999.0,-9999.0,-9999.0,-9999.0,-9999.0,-9999.0,orientation,color,size,0.38,-7.0,13,male,1,2304.7063153,0,19
2796,-9999.0,-9999.0,-9999.0,-9999.0,-9999.0,-9999.0,-9999.0,-9999.0,-9999.0,orientation,color,size,0.38,-7.0,13,male,1,2304.7063153,0,19
2797,-9999.0,-9999.0,-9999.0,-9999.0,-9999.0,-9999.0,-9999.0,-9999.0,-9999.0,orientation,color,size,0.38,-7.0,13,male,1,2304.7063153,0,19
2798,-9999.0,-9999.0,-9999.0,-9999.0,-9999.0,-9999.0,-9999.0,-9999.0,-9999.0,orientation,color,size,0.38,-7.0,13,male,1,2304.7063153,0,19
2799,-9999.0,-9999.0,-9999.0,-9999.0,-9999.0,-9999.0,-9999.0,-9999.0,-9999.0,orientation,color,size,0.38,-7.0,13,male,1,2304.7063153,0,19
2800,-9999.0,-9999.0,-9999.0,-9999.0,-9999.0,-9999.0,-9999.0,-9999.0,-9999.0,orientation,color,size,0.38,-7.0,13,male,1,2304.7063153,0,19
2801,-9999.0,-9999.0,-9999.0,-9999.0,-9999.0,-9999.0,-9999.0,-9999.0,-9999.0,orientation,color,size,0.38,-7.0,13,male,1,2304.7063153,0,19
2802,-9999.0,-9999.0,-9999.0,-9999.0,-9999.0,-9999.0,-9999.0,-9999.0,-9999.0,orientation,color,size,0.38,-7.0,13,male,1,2304.7063153,0,19
2803,-9999.0,-9999.0,-9999.0,-9999.0,-9999.0,-9999.0,-9999.0,-9999.0,-9999.0,orientation,color,size,0.38,-7.0,13,male,1,2304.7063153,0,19
2804,-9999.0,-9999.0,-9999.0,-9999.0,-9999.0,-9999.0,-9999.0,-9999.0,-9999.0,orientation,color,size,0.38,-7.0,13,male,1,2304.7063153,0,19
2805,-9999.0,-9999.0,-9999.0,-9999.0,-9999.0,-9999.0,-9999.0,-9999.0,-9999.0,orientation,color,size,0.38,-7.0,13,male,1,2304.7063153,0,19
2806,-9999.0,-9999.0,-9999.0,-9999.0,-9999.0,-9999.0,-9999.0,-9999.0,-9999.0,orientation,color,size,0.38,-7.0,13,male,1,2304.7063153,0,19
2807,-9999.0,-9999.0,-9999.0,-9999.0,-9999.0,-9999.0,-9999.0,-9999.0,-9999.0,orientation,color,size,0.38,-7.0,13,male,1,2304.7063153,0,19
2808,-9999.0,-9999.0,-9999.0,-9999.0,-9999.0,-9999.0,-9999.0,-9999.0,-9999.0,orientation,color,size,0.38,-7.0,13,male,1,2304.7063153,0,19
2809,-9999.0,-9999.0,-9999.0,-9999.0,-9999.0,-9999.0,-9999.0,-9999.0,-9999.0,orientation,color,size,0.38,-7.0,13,male,1,2304.7063153,0,19
2810,-9999.0,-9999.0,-9999.0,-9999.0,-9999.0,-9999.0,-9999.0,-9999.0,-9999.0,orientation,color,size,0.38,-7.0,13,male,1,2304.7063153,0,19
2811,-9999.0,-9999.0,-9999.0,-9999.0,-9999.0,-9999.0,-9999.0,-9999.0,-9999.0,orientation,color,size,0.38,-7.0,13,male,1,2304.7063153,0,19
2812,-9999.0,-9999.0,-9999.0,-9999.0,-9999.0,-9999.0,-9999.0,-9999.0,-9999.0,orientation,color,size,0.38,-7.0,13,male,1,2304.7063153,0,19
2813,-9999.0,-9999.0,-9999.0,-9999.0,-9999.0,-9999.0,-9999.0,-9999.0,-9999.0,orientation,color,size,0.38,-7.0,13,male,1,2304.7063153,0,19
2814,-9999.0,-9999.0,-9999.0,-9999.0,-9999.0,-9999.0,-9999.0,-9999.0,-9999.0,orientation,color,size,0.38,-7.0,13,male,1,2304.7063153,0,19
2815,-9999.0,-9999.0,-9999.0,-9999.0,-9999.0,-9999.0,-9999.0,-9999.0,-9999.0,orientation,color,size,0.38,-7.0,13,male,1,2304.7063153,0,19
2816,-9999.0,-9999.0,-9999.0,-9999.0,-9999.0,-9999.0,-9999.0,-9999.0,-9999.0,orientation,color,size,0.38,-7.0,13,male,1,2304.7063153,0,19
2817,-9999.0,-9999.0,-9999.0,-9999.0,-9999.0,-9999.0,-9999.0,-9999.0,-9999.0,orientation,color,size,0.38,-7.0,13,male,1,2304.7063153,0,19
2818,-9999.0,-9999.0,-9999.0,-9999.0,-9999.0,-9999.0,-9999.0,-9999.0,-9999.0,orientation,color,size,0.38,-7.0,13,male,1,2304.7063153,0,19
2819,-9999.0,-9999.0,-9999.0,-9999.0,-9999.0,-9999.0,-9999.0,-9999.0,-9999.0,orientation,color,size,0.38,-7.0,13,male,1,2304.7063153,0,19
2820,-9999.0,-9999.0,-9999.0,-9999.0,-9999.0,-9999.0,-9999.0,-9999.0,-9999.0,orientation,color,size,0.38,-7.0,13,male,1,2304.7063153,0,19
2821,-9999.0,-9999.0,-9999.0,-9999.0,-9999.0,-9999.0,-9999.0,-9999.0,-9999.0,orientation,color,size,0.38,-7.0,13,male,1,2304.7063153,0,19
2822,-9999.0,-9999.0,-9999.0,-9999.0,-9999.0,-9999.0,-9999.0,-9999.0,-9999.0,orientation,color,size,0.38,-7.0,13,male,1,2304.7063153,0,19
2823,-9999.0,-9999.0,-9999.0,-9999.0,-9999.0,-9999.0,-9999.0,-9999.0,-9999.0,orientation,color,size,0.38,-7.0,13,male,1,2304.7063153,0,19
2824,-9999.0,-9999.0,-9999.0,-9999.0,-9999.0,-9999.0,-9999.0,-9999.0,-9999.0,orientation,color,size,0.38,-7.0,13,male,1,2304.7063153,0,19
2825,-9999.0,-9999.0,-9999.0,-9999.0,-9999.0,-9999.0,-9999.0,-9999.0,-9999.0,orientation,color,size,0.38,-7.0,13,male,1,2304.7063153,0,19
2826,-9999.0,-9999.0,-9999.0,-9999.0,-9999.0,-9999.0,-9999.0,-9999.0,-9999.0,orientation,color,size,0.38,-7.0,13,male,1,2304.7063153,0,19
2827,-9999.0,-9999.0,-9999.0,-9999.0,-9999.0,-9999.0,-9999.0,-9999.0,-9999.0,orientation,color,size,0.38,-7.0,13,male,1,2304.7063153,0,19
2828,-9999.0,-9999.0,-9999.0,-9999.0,-9999.0,-9999.0,-9999.0,-9999.0,-9999.0,orientation,color,size,0.38,-7.0,13,male,1,2304.7063153,0,19
2829,-9999.0,-9999.0,-9999.0,-9999.0,-9999.0,-9999.0,-9999.0,-9999.0,-9999.0,orientation,color,size,0.38,-7.0,13,male,1,2304.7063153,0,19
2830,-9999.0,-9999.0,-9999.0,-9999.0,-9999.0,-9999.0,-9999.0,-9999.0,-9999.0,orientation,color,size,0.38,-7.0,13,male,1,2304.7063153,0,19
2831,-9999.0,-9999.0,-9999.0,-9999.0,-9999.0,-9999.0,-9999.0,-9999.0,-9999.0,orientation,color,size,0.38,-7.0,13,male,1,2304.7063153,0,19
2832,-9999.0,-9999.0,-9999.0,-9999.0,-9999.0,-9999.0,-9999.0,-9999.0,-9999.0,orientation,color,size,0.38,-7.0,13,male,1,2304.7063153,0,19
2833,-9999.0,-9999.0,-9999.0,-9999.0,-9999.0,-9999.0,-9999.0,-9999.0,-9999.0,orientation,color,size,0.38,-7.0,13,male,1,2304.7063153,0,19
2834,-9999.0,-9999.0,-9999.0,-9999.0,-9999.0,-9999.0,-9999.0,-9999.0,-9999.0,orientation,color,size,0.38,-7.0,13,male,1,2304.7063153,0,19
2835,-9999.0,-9999.0,-9999.0,-9999.0,-9999.0,-9999.0,-9999.0,-9999.0,-9999.0,orientation,color,size,0.38,-7.0,13,male,1,2304.7063153,0,19
2836,-9999.0,-9999.0,-9999.0,-9999.0,-9999.0,-9999.0,-9999.0,-9999.0,-9999.0,orientation,color,size,0.38,-7.0,13,male,1,2304.7063153,0,19
2837,-9999.0,-9999.0,-9999.0,-9999.0,-9999.0,-9999.0,-9999.0,-9999.0,-9999.0,orientation,color,size,0.38,-7.0,13,male,1,2304.7063153,0,19
2838,-9999.0,-9999.0,-9999.0,-9999.0,-9999.0,-9999.0,-9999.0,-9999.0,-9999.0,orientation,color,size,0.38,-7.0,13,male,1,2304.7063153,0,19
2839,-9999.0,-9999.0,-9999.0,-9999.0,-9999.0,-9999.0,-9999.0,-9999.0,-9999.0,orientation,color,size,0.38,-7.0,13,male,1,2304.7063153,0,19
2840,-9999.0,-9999.0,-9999.0,-9999.0,-9999.0,-9999.0,-9999.0,-9999.0,-9999.0,orientation,color,size,0.38,-7.0,13,male,1,2304.7063153,0,19
2841,-9999.0,-9999.0,-9999.0,-9999.0,-9999.0,-9999.0,-9999.0,-9999.0,-9999.0,orientation,color,size,0.38,-7.0,13,male,1,2304.7063153,0,19
2842,-9999.0,-9999.0,-9999.0,-9999.0,-9999.0,-9999.0,-9999.0,-9999.0,-9999.0,orientation,color,size,0.38,-7.0,13,male,1,2304.7063153,0,19
2843,-9999.0,-9999.0,-9999.0,-9999.0,-9999.0,-9999.0,-9999.0,-9999.0,-9999.0,orientation,color,size,0.38,-7.0,13,male,1,2304.7063153,0,19
2844,-9999.0,-9999.0,-9999.0,-9999.0,-9999.0,-9999.0,-9999.0,-9999.0,-9999.0,orientation,color,size,0.38,-7.0,13,male,1,2304.7063153,0,19
2845,-9999.0,-9999.0,-9999.0,-9999.0,-9999.0,-9999.0,-9999.0,-9999.0,-9999.0,orientation,color,size,0.38,-7.0,13,male,1,2304.7063153,0,19
2846,-9999.0,-9999.0,-9999.0,-9999.0,-9999.0,-9999.0,-9999.0,-9999.0,-9999.0,orientation,color,size,0.38,-7.0,13,male,1,2304.7063153,0,19
2847,-9999.0,-9999.0,-9999.0,-9999.0,-9999.0,-9999.0,-9999.0,-9999.0,-9999.0,orientation,color,size,0.38,-7.0,13,male,1,2304.7063153,0,19
2848,-9999.0,-9999.0,-9999.0,-9999.0,-9999.0,-9999.0,-9999.0,-9999.0,-9999.0,orientation,color,size,0.38,-7.0,13,male,1,2304.7063153,0,19
2849,-9999.0,-9999.0,-9999.0,-9999.0,-9999.0,-9999.0,-9999.0,-9999.0,-9999.0,orientation,color,size,0.38,-7.0,13,male,1,2304.7063153,0,19
2850,-9999.0,-9999.0,-9999.0,-9999.0,-9999.0,-9999.0,-9999.0,-9999.0,-9999.0,orientation,color,size,0.38,-7.0,13,male,1,2304.7063153,0,19
2851,-9999.0,-9999.0,-9999.0,-9999.0,-9999.0,-9999.0,-9999.0,-9999.0,-9999.0,orientation,color,size,0.38,-7.0,13,male,1,2304.7063153,0,19
2852,-9999.0,-9999.0,-9999.0,-9999.0,-9999.0,-9999.0,-9999.0,-9999.0,-9999.0,orientation,color,size,0.38,-7.0,13,male,1,2304.7063153,0,19
2853,-9999.0,-9999.0,-9999.0,-9999.0,-9999.0,-9999.0,-9999.0,-9999.0,-9999.0,orientation,color,size,0.38,-7.0,13,male,1,2304.7063153,0,19
2854,-9999.0,-9999.0,-9999.0,-9999.0,-9999.0,-9999.0,-9999.0,-9999.0,-9999.0,orientation,color,size,0.38,-7.0,13,male,1,2304.7063153,0,19
2855,-9999.0,-9999.0,-9999.0,-9999.0,-9999.0,-9999.0,-9999.0,-9999.0,-9999.0,orientation,color,size,0.38,-7.0,13,male,1,2304.7063153,0,19
2856,-9999.0,-9999.0,-9999.0,-9999.0,-9999.0,-9999.0,-9999.0,-9999.0,-9999.0,orientation,color,size,0.38,-7.0,13,male,1,2304.7063153,0,19
2857,-9999.0,-9999.0,-9999.0,-9999.0,-9999.0,-9999.0,-9999.0,-9999.0,-9999.0,orientation,color,size,0.38,-7.0,13,male,1,2304.7063153,0,19
2858,-9999.0,-9999.0,-9999.0,-9999.0,-9999.0,-9999.0,-9999.0,-9999.0,-9999.0,orientation,color,size,0.38,-7.0,13,male,1,2304.7063153,0,19
2859,-9999.0,-9999.0,-9999.0,-9999.0,-9999.0,-9999.0,-9999.0,-9999.0,-9999.0,orientation,color,size,0.38,-7.0,13,male,1,2304.7063153,0,19
2860,-9999.0,-9999.0,-9999.0,-9999.0,-9999.0,-9999.0,-9999.0,-9999.0,-9999.0,orientation,color,size,0.38,-7.0,13,male,1,2304.7063153,0,19
2861,-9999.0,-9999.0,-9999.0,-9999.0,-9999.0,-9999.0,-9999.0,-9999.0,-9999.0,orientation,color,size,0.38,-7.0,13,male,1,2304.7063153,0,19
2862,-9999.0,-9999.0,-9999.0,-9999.0,-9999.0,-9999.0,-9999.0,-9999.0,-9999.0,orientation,color,size,0.38,-7.0,13,male,1,2304.7063153,0,19
2863,-9999.0,-9999.0,-9999.0,-9999.0,-9999.0,-9999.0,-9999.0,-9999.0,-9999.0,orientation,color,size,0.38,-7.0,13,male,1,2304.7063153,0,19
2864,-9999.0,-9999.0,-9999.0,-9999.0,-9999.0,-9999.0,-9999.0,-9999.0,-9999.0,orientation,color,size,0.38,-7.0,13,male,1,2304.7063153,0,19
2865,-9999.0,-9999.0,-9999.0,-9999.0,-9999.0,-9999.0,-9999.0,-9999.0,-9999.0,orientation,color,size,0.38,-7.0,13,male,1,2304.7063153,0,19
2866,-9999.0,-9999.0,-9999.0,-9999.0,-9999.0,-9999.0,-9999.0,-9999.0,-9999.0,orientation,color,size,0.38,-7.0,13,male,1,2304.7063153,0,19
2867,-9999.0,-9999.0,-9999.0,-9999.0,-9999.0,-9999.0,-9999.0,-9999.0,-9999.0,orientation,color,size,0.38,-7.0,13,male,1,2304.7063153,0,19
2868,-9999.0,-9999.0,-9999.0,-9999.0,-9999.0,-9999.0,-9999.0,-9999.0,-9999.0,orientation,color,size,0.38,-7.0,13,male,1,2304.7063153,0,19
2869,-9999.0,-9999.0,-9999.0,-9999.0,-9999.0,-9999.0,-9999.0,-9999.0,-9999.0,orientation,color,size,0.38,-7.0,13,male,1,2304.7063153,0,19
2870,-9999.0,-9999.0,-9999.0,-9999.0,-9999.0,-9999.0,-9999.0,-9999.0,-9999.0,orientation,color,size,0.38,-7.0,13,male,1,2304.7063153,0,19
2871,-9999.0,-9999.0,-9999.0,-9999.0,-9999.0,-9999.0,-9999.0,-9999.0,-9999.0,orientation,color,size,0.38,-7.0,13,male,1,2304.7063153,0,19
2872,-9999.0,-9999.0,-9999.0,-9999.0,-9999.0,-9999.0,-9999.0,-9999.0,-9999.0,orientation,color,size,0.38,-7.0,13,male,1,2304.7063153,0,19
2873,-9999.0,-9999.0,-9999.0,-9999.0,-9999.0,-9999.0,-9999.0,-9999.0,-9999.0,orientation,color,size,0.38,-7.0,13,male,1,2304.7063153,0,19
2874,-9999.0,-9999.0,-9999.0,-9999.0,-9999.0,-9999.0,-9999.0,-9999.0,-9999.0,orientation,color,size,0.38,-7.0,13,male,1,2304.7063153,0,19
2875,-9999.0,-9999.0,-9999.0,-9999.0,-9999.0,-9999.0,-9999.0,-9999.0,-9999.0,orientation,color,size,0.38,-7.0,13,male,1,2304.7063153,0,19
2876,-9999.0,-9999.0,-9999.0,-9999.0,-9999.0,-9999.0,-9999.0,-9999.0,-9999.0,orientation,color,size,0.38,-7.0,13,male,1,2304.7063153,0,19
2877,-9999.0,-9999.0,-9999.0,-9999.0,-9999.0,-9999.0,-9999.0,-9999.0,-9999.0,orientation,color,size,0.38,-7.0,13,male,1,2304.7063153,0,19
2878,-9999.0,-9999.0,-9999.0,-9999.0,-9999.0,-9999.0,-9999.0,-9999.0,-9999.0,orientation,color,size,0.38,-7.0,13,male,1,2304.7063153,0,19
2879,-9999.0,-9999.0,-9999.0,-9999.0,-9999.0,-9999.0,-9999.0,-9999.0,-9999.0,orientation,color,size,0.38,-7.0,13,male,1,2304.7063153,0,19
2880,-9999.0,-9999.0,-9999.0,-9999.0,-9999.0,-9999.0,-9999.0,-9999.0,-9999.0,orientation,color,size,0.38,-7.0,13,male,1,2304.7063153,0,19
2881,-9999.0,-9999.0,-9999.0,-9999.0,-9999.0,-9999.0,-9999.0,-9999.0,-9999.0,orientation,color,size,0.38,-7.0,13,male,1,2304.7063153,0,19
2882,-9999.0,-9999.0,-9999.0,-9999.0,-9999.0,-9999.0,-9999.0,-9999.0,-9999.0,orientation,color,size,0.38,-7.0,13,male,1,2304.7063153,0,19
2883,-9999.0,-9999.0,-9999.0,-9999.0,-9999.0,-9999.0,-9999.0,-9999.0,-9999.0,orientation,color,size,0.38,-7.0,13,male,1,2304.7063153,0,19
2884,-9999.0,-9999.0,-9999.0,-9999.0,-9999.0,-9999.0,-9999.0,-9999.0,-9999.0,orientation,color,size,0.38,-7.0,13,male,1,2304.7063153,0,19
2885,-9999.0,-9999.0,-9999.0,-9999.0,-9999.0,-9999.0,-9999.0,-9999.0,-9999.0,orientation,color,size,0.38,-7.0,13,male,1,2304.7063153,0,19
2886,-9999.0,-9999.0,-9999.0,-9999.0,-9999.0,-9999.0,-9999.0,-9999.0,-9999.0,orientation,color,size,0.38,-7.0,13,male,1,2304.7063153,0,19
2887,-9999.0,-9999.0,-9999.0,-9999.0,-9999.0,-9999.0,-9999.0,-9999.0,-9999.0,orientation,color,size,0.38,-7.0,13,male,1,2304.7063153,0,19
2888,-9999.0,-9999.0,-9999.0,-9999.0,-9999.0,-9999.0,-9999.0,-9999.0,-9999.0,orientation,color,size,0.38,-7.0,13,male,1,2304.7063153,0,19
2889,-9999.0,-9999.0,-9999.0,-9999.0,-9999.0,-9999.0,-9999.0,-9999.0,-9999.0,orientation,color,size,0.38,-7.0,13,male,1,2304.7063153,0,19
2890,-9999.0,-9999.0,-9999.0,-9999.0,-9999.0,-9999.0,-9999.0,-9999.0,-9999.0,orientation,color,size,0.38,-7.0,13,male,1,2304.7063153,0,19
2891,-9999.0,-9999.0,-9999.0,-9999.0,-9999.0,-9999.0,-9999.0,-9999.0,-9999.0,orientation,color,size,0.38,-7.0,13,male,1,2304.7063153,0,19
2892,-9999.0,-9999.0,-9999.0,-9999.0,-9999.0,-9999.0,-9999.0,-9999.0,-9999.0,orientation,color,size,0.38,-7.0,13,male,1,2304.7063153,0,19
2893,-9999.0,-9999.0,-9999.0,-9999.0,-9999.0,-9999.0,-9999.0,-9999.0,-9999.0,orientation,color,size,0.38,-7.0,13,male,1,2304.7063153,0,19
2894,-9999.0,-9999.0,-9999.0,-9999.0,-9999.0,-9999.0,-9999.0,-9999.0,-9999.0,orientation,color,size,0.38,-7.0,13,male,1,2304.7063153,0,19
2895,-9999.0,-9999.0,-9999.0,-9999.0,-9999.0,-9999.0,-9999.0,-9999.0,-9999.0,orientation,color,size,0.38,-7.0,13,male,1,2304.7063153,0,19
2896,-9999.0,-9999.0,-9999.0,-9999.0,-9999.0,-9999.0,-9999.0,-9999.0,-9999.0,orientation,color,size,0.38,-7.0,13,male,1,2304.7063153,0,19
2897,-9999.0,-9999.0,-9999.0,-9999.0,-9999.0,-9999.0,-9999.0,-9999.0,-9999.0,orientation,color,size,0.38,-7.0,13,male,1,2304.7063153,0,19
2898,-9999.0,-9999.0,-9999.0,-9999.0,-9999.0,-9999.0,-9999.0,-9999.0,-9999.0,orientation,color,size,0.38,-7.0,13,male,1,2304.7063153,0,19
2899,-9999.0,-9999.0,-9999.0,-9999.0,-9999.0,-9999.0,-9999.0,-9999.0,-9999.0,orientation,color,size,0.38,-7.0,13,male,1,2304.7063153,0,19
2900,-9999.0,-9999.0,-9999.0,-9999.0,-9999.0,-9999.0,-9999.0,-9999.0,-9999.0,orientation,color,size,0.38,-7.0,13,male,1,2304.7063153,0,19
2901,-9999.0,-9999.0,-9999.0,-9999.0,-9999.0,-9999.0,-9999.0,-9999.0,-9999.0,orientation,color,size,0.38,-7.0,13,male,1,2304.7063153,0,19
2902,-9999.0,-9999.0,-9999.0,-9999.0,-9999.0,-9999.0,-9999.0,-9999.0,-9999.0,orientation,color,size,0.38,-7.0,13,male,1,2304.7063153,0,19
2903,-9999.0,-9999.0,-9999.0,-9999.0,-9999.0,-9999.0,-9999.0,-9999.0,-9999.0,orientation,color,size,0.38,-7.0,13,male,1,2304.7063153,0,19
2904,-9999.0,-9999.0,-9999.0,-9999.0,-9999.0,-9999.0,-9999.0,-9999.0,-9999.0,orientation,color,size,0.38,-7.0,13,male,1,2304.7063153,0,19
2905,-9999.0,-9999.0,-9999.0,-9999.0,-9999.0,-9999.0,-9999.0,-9999.0,-9999.0,orientation,color,size,0.38,-7.0,13,male,1,2304.7063153,0,19
2906,-9999.0,-9999.0,-9999.0,-9999.0,-9999.0,-9999.0,-9999.0,-9999.0,-9999.0,orientation,color,size,0.38,-7.0,13,male,1,2304.7063153,0,19
2907,-9999.0,-9999.0,-9999.0,-9999.0,-9999.0,-9999.0,-9999.0,-9999.0,-9999.0,orientation,color,size,0.38,-7.0,13,male,1,2304.7063153,0,19
2908,-9999.0,-9999.0,-9999.0,-9999.0,-9999.0,-9999.0,-9999.0,-9999.0,-9999.0,orientation,color,size,0.38,-7.0,13,male,1,2304.7063153,0,19
2909,-9999.0,-9999.0,-9999.0,-9999.0,-9999.0,-9999.0,-9999.0,-9999.0,-9999.0,orientation,color,size,0.38,-7.0,13,male,1,2304.7063153,0,19
2910,-9999.0,-9999.0,-9999.0,-9999.0,-9999.0,-9999.0,-9999.0,-9999.0,-9999.0,orientation,color,size,0.38,-7.0,13,male,1,2304.7063153,0,19
2911,-9999.0,-9999.0,-9999.0,-9999.0,-9999.0,-9999.0,-9999.0,-9999.0,-9999.0,orientation,color,size,0.38,-7.0,13,male,1,2304.7063153,0,19
2912,-9999.0,-9999.0,-9999.0,-9999.0,-9999.0,-9999.0,-9999.0,-9999.0,-9999.0,orientation,color,size,0.38,-7.0,13,male,1,2304.7063153,0,19
2913,-9999.0,-9999.0,-9999.0,-9999.0,-9999.0,-9999.0,-9999.0,-9999.0,-9999.0,orientation,color,size,0.38,-7.0,13,male,1,2304.7063153,0,19
2914,-9999.0,-9999.0,-9999.0,-9999.0,-9999.0,-9999.0,-9999.0,-9999.0,-9999.0,orientation,color,size,0.38,-7.0,13,male,1,2304.7063153,0,19
2915,-9999.0,-9999.0,-9999.0,-9999.0,-9999.0,-9999.0,-9999.0,-9999.0,-9999.0,orientation,color,size,0.38,-7.0,13,male,1,2304.7063153,0,19
2916,-9999.0,-9999.0,-9999.0,-9999.0,-9999.0,-9999.0,-9999.0,-9999.0,-9999.0,orientation,color,size,0.38,-7.0,13,male,1,2304.7063153,0,19
2917,-9999.0,-9999.0,-9999.0,-9999.0,-9999.0,-9999.0,-9999.0,-9999.0,-9999.0,orientation,color,size,0.38,-7.0,13,male,1,2304.7063153,0,19
2918,-9999.0,-9999.0,-9999.0,-9999.0,-9999.0,-9999.0,-9999.0,-9999.0,-9999.0,orientation,color,size,0.38,-7.0,13,male,1,2304.7063153,0,19
2919,-9999.0,-9999.0,-9999.0,-9999.0,-9999.0,-9999.0,-9999.0,-9999.0,-9999.0,orientation,color,size,0.38,-7.0,13,male,1,2304.7063153,0,19
2920,-9999.0,-9999.0,-9999.0,-9999.0,-9999.0,-9999.0,-9999.0,-9999.0,-9999.0,orientation,color,size,0.38,-7.0,13,male,1,2304.7063153,0,19
2921,-9999.0,-9999.0,-9999.0,-9999.0,-9999.0,-9999.0,-9999.0,-9999.0,-9999.0,orientation,color,size,0.38,-7.0,13,male,1,2304.7063153,0,19
2922,-9999.0,-9999.0,-9999.0,-9999.0,-9999.0,-9999.0,-9999.0,-9999.0,-9999.0,orientation,color,size,0.38,-7.0,13,male,1,2304.7063153,0,19
2923,-9999.0,-9999.0,-9999.0,-9999.0,-9999.0,-9999.0,-9999.0,-9999.0,-9999.0,orientation,color,size,0.38,-7.0,13,male,1,2304.7063153,0,19
2924,-9999.0,-9999.0,-9999.0,-9999.0,-9999.0,-9999.0,-9999.0,-9999.0,-9999.0,orientation,color,size,0.38,-7.0,13,male,1,2304.7063153,0,19
2925,-9999.0,-9999.0,-9999.0,-9999.0,-9999.0,-9999.0,-9999.0,-9999.0,-9999.0,orientation,color,size,0.38,-7.0,13,male,1,2304.7063153,0,19
2926,-9999.0,-9999.0,-9999.0,-9999.0,-9999.0,-9999.0,-9999.0,-9999.0,-9999.0,orientation,color,size,0.38,-7.0,13,male,1,2304.7063153,0,19
2927,-9999.0,-9999.0,-9999.0,-9999.0,-9999.0,-9999.0,-9999.0,-9999.0,-9999.0,orientation,color,size,0.38,-7.0,13,male,1,2304.7063153,0,19
2928,-9999.0,-9999.0,-9999.0,-9999.0,-9999.0,-9999.0,-9999.0,-9999.0,-9999.0,orientation,color,size,0.38,-7.0,13,male,1,2304.7063153,0,19
2929,-9999.0,-9999.0,-9999.0,-9999.0,-9999.0,-9999.0,-9999.0,-9999.0,-9999.0,orientation,color,size,0.38,-7.0,13,male,1,2304.7063153,0,19
2930,-9999.0,-9999.0,-9999.0,-9999.0,-9999.0,-9999.0,-9999.0,-9999.0,-9999.0,orientation,color,size,0.38,-7.0,13,male,1,2304.7063153,0,19
2931,-9999.0,-9999.0,-9999.0,-9999.0,-9999.0,-9999.0,-9999.0,-9999.0,-9999.0,orientation,color,size,0.38,-7.0,13,male,1,2304.7063153,0,19
2932,-9999.0,-9999.0,-9999.0,-9999.0,-9999.0,-9999.0,-9999.0,-9999.0,-9999.0,orientation,color,size,0.38,-7.0,13,male,1,2304.7063153,0,19
2933,-9999.0,-9999.0,-9999.0,-9999.0,-9999.0,-9999.0,-9999.0,-9999.0,-9999.0,orientation,color,size,0.38,-7.0,13,male,1,2304.7063153,0,19
2934,-9999.0,-9999.0,-9999.0,-9999.0,-9999.0,-9999.0,-9999.0,-9999.0,-9999.0,orientation,color,size,0.38,-7.0,13,male,1,2304.7063153,0,19
2935,-9999.0,-9999.0,-9999.0,-9999.0,-9999.0,-9999.0,-9999.0,-9999.0,-9999.0,orientation,color,size,0.38,-7.0,13,male,1,2304.7063153,0,19
2936,-9999.0,-9999.0,-9999.0,-9999.0,-9999.0,-9999.0,-9999.0,-9999.0,-9999.0,orientation,color,size,0.38,-7.0,13,male,1,2304.7063153,0,19
2937,-9999.0,-9999.0,-9999.0,-9999.0,-9999.0,-9999.0,-9999.0,-9999.0,-9999.0,orientation,color,size,0.38,-7.0,13,male,1,2304.7063153,0,19
2938,-9999.0,-9999.0,-9999.0,-9999.0,-9999.0,-9999.0,-9999.0,-9999.0,-9999.0,orientation,color,size,0.38,-7.0,13,male,1,2304.7063153,0,19
2939,-9999.0,-9999.0,-9999.0,-9999.0,-9999.0,-9999.0,-9999.0,-9999.0,-9999.0,orientation,color,size,0.38,-7.0,13,male,1,2304.7063153,0,19
2940,-9999.0,-9999.0,-9999.0,-9999.0,-9999.0,-9999.0,-9999.0,-9999.0,-9999.0,orientation,color,size,0.38,-7.0,13,male,1,2304.7063153,0,19
2941,-9999.0,-9999.0,-9999.0,-9999.0,-9999.0,-9999.0,-9999.0,-9999.0,-9999.0,orientation,color,size,0.38,-7.0,13,male,1,2304.7063153,0,19
2942,-9999.0,-9999.0,-9999.0,-9999.0,-9999.0,-9999.0,-9999.0,-9999.0,-9999.0,orientation,color,size,0.38,-7.0,13,male,1,2304.7063153,0,19
2943,-9999.0,-9999.0,-9999.0,-9999.0,-9999.0,-9999.0,-9999.0,-9999.0,-9999.0,orientation,color,size,0.38,-7.0,13,male,1,2304.7063153,0,19
2944,-9999.0,-9999.0,-9999.0,-9999.0,-9999.0,-9999.0,-9999.0,-9999.0,-9999.0,orientation,color,size,0.38,-7.0,13,male,1,2304.7063153,0,19
2945,-9999.0,-9999.0,-9999.0,-9999.0,-9999.0,-9999.0,-9999.0,-9999.0,-9999.0,orientation,color,size,0.38,-7.0,13,male,1,2304.7063153,0,19
2946,-9999.0,-9999.0,-9999.0,-9999.0,-9999.0,-9999.0,-9999.0,-9999.0,-9999.0,orientation,color,size,0.38,-7.0,13,male,1,2304.7063153,0,19
2947,-9999.0,-9999.0,-9999.0,-9999.0,-9999.0,-9999.0,-9999.0,-9999.0,-9999.0,orientation,color,size,0.38,-7.0,13,male,1,2304.7063153,0,19
2948,-9999.0,-9999.0,-9999.0,-9999.0,-9999.0,-9999.0,-9999.0,-9999.0,-9999.0,orientation,color,size,0.38,-7.0,13,male,1,2304.7063153,0,19
2949,-9999.0,-9999.0,-9999.0,-9999.0,-9999.0,-9999.0,-9999.0,-9999.0,-9999.0,orientation,color,size,0.38,-7.0,13,male,1,2304.7063153,0,19
2950,-9999.0,-9999.0,-9999.0,-9999.0,-9999.0,-9999.0,-9999.0,-9999.0,-9999.0,orientation,color,size,0.38,-7.0,13,male,1,2304.7063153,0,19
2951,-9999.0,-9999.0,-9999.0,-9999.0,-9999.0,-9999.0,-9999.0,-9999.0,-9999.0,orientation,color,size,0.38,-7.0,13,male,1,2304.7063153,0,19
2952,-9999.0,-9999.0,-9999.0,-9999.0,-9999.0,-9999.0,-9999.0,-9999.0,-9999.0,orientation,color,size,0.38,-7.0,13,male,1,2304.7063153,0,19
2953,-9999.0,-9999.0,-9999.0,-9999.0,-9999.0,-9999.0,-9999.0,-9999.0,-9999.0,orientation,color,size,0.38,-7.0,13,male,1,2304.7063153,0,19
2954,-9999.0,-9999.0,-9999.0,-9999.0,-9999.0,-9999.0,-9999.0,-9999.0,-9999.0,orientation,color,size,0.38,-7.0,13,male,1,2304.7063153,0,19
2955,-9999.0,-9999.0,-9999.0,-9999.0,-9999.0,-9999.0,-9999.0,-9999.0,-9999.0,orientation,color,size,0.38,-7.0,13,male,1,2304.7063153,0,19
2956,-9999.0,-9999.0,-9999.0,-9999.0,-9999.0,-9999.0,-9999.0,-9999.0,-9999.0,orientation,color,size,0.38,-7.0,13,male,1,2304.7063153,0,19
2957,-9999.0,-9999.0,-9999.0,-9999.0,-9999.0,-9999.0,-9999.0,-9999.0,-9999.0,orientation,color,size,0.38,-7.0,13,male,1,2304.7063153,0,19
2958,-9999.0,-9999.0,-9999.0,-9999.0,-9999.0,-9999.0,-9999.0,-9999.0,-9999.0,orientation,color,size,0.38,-7.0,13,male,1,2304.7063153,0,19
2959,-9999.0,-9999.0,-9999.0,-9999.0,-9999.0,-9999.0,-9999.0,-9999.0,-9999.0,orientation,color,size,0.38,-7.0,13,male,1,2304.7063153,0,19
2960,-9999.0,-9999.0,-9999.0,-9999.0,-9999.0,-9999.0,-9999.0,-9999.0,-9999.0,orientation,color,size,0.38,-7.0,13,male,1,2304.7063153,0,19
2961,-9999.0,-9999.0,-9999.0,-9999.0,-9999.0,-9999.0,-9999.0,-9999.0,-9999.0,orientation,color,size,0.38,-7.0,13,male,1,2304.7063153,0,19
2962,-9999.0,-9999.0,-9999.0,-9999.0,-9999.0,-9999.0,-9999.0,-9999.0,-9999.0,orientation,color,size,0.38,-7.0,13,male,1,2304.7063153,0,19
2963,-9999.0,-9999.0,-9999.0,-9999.0,-9999.0,-9999.0,-9999.0,-9999.0,-9999.0,orientation,color,size,0.38,-7.0,13,male,1,2304.7063153,0,19
2964,-9999.0,-9999.0,-9999.0,-9999.0,-9999.0,-9999.0,-9999.0,-9999.0,-9999.0,orientation,color,size,0.38,-7.0,13,male,1,2304.7063153,0,19
2965,-9999.0,-9999.0,-9999.0,-9999.0,-9999.0,-9999.0,-9999.0,-9999.0,-9999.0,orientation,color,size,0.38,-7.0,13,male,1,2304.7063153,0,19
2966,-9999.0,-9999.0,-9999.0,-9999.0,-9999.0,-9999.0,-9999.0,-9999.0,-9999.0,orientation,color,size,0.38,-7.0,13,male,1,2304.7063153,0,19
2967,-9999.0,-9999.0,-9999.0,-9999.0,-9999.0,-9999.0,-9999.0,-9999.0,-9999.0,orientation,color,size,0.38,-7.0,13,male,1,2304.7063153,0,19
2968,-9999.0,-9999.0,-9999.0,-9999.0,-9999.0,-9999.0,-9999.0,-9999.0,-9999.0,orientation,color,size,0.38,-7.0,13,male,1,2304.7063153,0,19
2969,-9999.0,-9999.0,-9999.0,-9999.0,-9999.0,-9999.0,-9999.0,-9999.0,-9999.0,orientation,color,size,0.38,-7.0,13,male,1,2304.7063153,0,19
2970,-9999.0,-9999.0,-9999.0,-9999.0,-9999.0,-9999.0,-9999.0,-9999.0,-9999.0,orientation,color,size,0.38,-7.0,13,male,1,2304.7063153,0,19
2971,-9999.0,-9999.0,-9999.0,-9999.0,-9999.0,-9999.0,-9999.0,-9999.0,-9999.0,orientation,color,size,0.38,-7.0,13,male,1,2304.7063153,0,19
2972,-9999.0,-9999.0,-9999.0,-9999.0,-9999.0,-9999.0,-9999.0,-9999.0,-9999.0,orientation,color,size,0.38,-7.0,13,male,1,2304.7063153,0,19
2973,-9999.0,-9999.0,-9999.0,-9999.0,-9999.0,-9999.0,-9999.0,-9999.0,-9999.0,orientation,color,size,0.38,-7.0,13,male,1,2304.7063153,0,19
2974,-9999.0,-9999.0,-9999.0,-9999.0,-9999.0,-9999.0,-9999.0,-9999.0,-9999.0,orientation,color,size,0.38,-7.0,13,male,1,2304.7063153,0,19
2975,-9999.0,-9999.0,-9999.0,-9999.0,-9999.0,-9999.0,-9999.0,-9999.0,-9999.0,orientation,color,size,0.38,-7.0,13,male,1,2304.7063153,0,19
2976,-9999.0,-9999.0,-9999.0,-9999.0,-9999.0,-9999.0,-9999.0,-9999.0,-9999.0,orientation,color,size,0.38,-7.0,13,male,1,2304.7063153,0,19
2977,-9999.0,-9999.0,-9999.0,-9999.0,-9999.0,-9999.0,-9999.0,-9999.0,-9999.0,orientation,color,size,0.38,-7.0,13,male,1,2304.7063153,0,19
2978,-9999.0,-9999.0,-9999.0,-9999.0,-9999.0,-9999.0,-9999.0,-9999.0,-9999.0,orientation,color,size,0.38,-7.0,13,male,1,2304.7063153,0,19
2979,-9999.0,-9999.0,-9999.0,-9999.0,-9999.0,-9999.0,-9999.0,-9999.0,-9999.0,orientation,color,size,0.38,-7.0,13,male,1,2304.7063153,0,19
2980,-9999.0,-9999.0,-9999.0,-9999.0,-9999.0,-9999.0,-9999.0,-9999.0,-9999.0,orientation,color,size,0.38,-7.0,13,male,1,2304.7063153,0,19
2981,-9999.0,-9999.0,-9999.0,-9999.0,-9999.0,-9999.0,-9999.0,-9999.0,-9999.0,orientation,color,size,0.38,-7.0,13,male,1,2304.7063153,0,19
2982,-9999.0,-9999.0,-9999.0,-9999.0,-9999.0,-9999.0,-9999.0,-9999.0,-9999.0,orientation,color,size,0.38,-7.0,13,male,1,2304.7063153,0,19
2983,-9999.0,-9999.0,-9999.0,-9999.0,-9999.0,-9999.0,-9999.0,-9999.0,-9999.0,orientation,color,size,0.38,-7.0,13,male,1,2304.7063153,0,19
2984,-9999.0,-9999.0,-9999.0,-9999.0,-9999.0,-9999.0,-9999.0,-9999.0,-9999.0,orientation,color,size,0.38,-7.0,13,male,1,2304.7063153,0,19
2985,-9999.0,-9999.0,-9999.0,-9999.0,-9999.0,-9999.0,-9999.0,-9999.0,-9999.0,orientation,color,size,0.38,-7.0,13,male,1,2304.7063153,0,19
2986,-9999.0,-9999.0,-9999.0,-9999.0,-9999.0,-9999.0,-9999.0,-9999.0,-9999.0,orientation,color,size,0.38,-7.0,13,male,1,2304.7063153,0,19
2987,-9999.0,-9999.0,-9999.0,-9999.0,-9999.0,-9999.0,-9999.0,-9999.0,-9999.0,orientation,color,size,0.38,-7.0,13,male,1,2304.7063153,0,19
2988,-9999.0,-9999.0,-9999.0,-9999.0,-9999.0,-9999.0,-9999.0,-9999.0,-9999.0,orientation,color,size,0.38,-7.0,13,male,1,2304.7063153,0,19
2989,-9999.0,-9999.0,-9999.0,-9999.0,-9999.0,-9999.0,-9999.0,-9999.0,-9999.0,orientation,color,size,0.38,-7.0,13,male,1,2304.7063153,0,19
2990,-9999.0,-9999.0,-9999.0,-9999.0,-9999.0,-9999.0,-9999.0,-9999.0,-9999.0,orientation,color,size,0.38,-7.0,13,male,1,2304.7063153,0,19
2991,-9999.0,-9999.0,-9999.0,-9999.0,-9999.0,-9999.0,-9999.0,-9999.0,-9999.0,orientation,color,size,0.38,-7.0,13,male,1,2304.7063153,0,19
2992,-9999.0,-9999.0,-9999.0,-9999.0,-9999.0,-9999.0,-9999.0,-9999.0,-9999.0,orientation,color,size,0.38,-7.0,13,male,1,2304.7063153,0,19
2993,-9999.0,-9999.0,-9999.0,-9999.0,-9999.0,-9999.0,-9999.0,-9999.0,-9999.0,orientation,color,size,0.38,-7.0,13,male,1,2304.7063153,0,19
2994,-9999.0,-9999.0,-9999.0,-9999.0,-9999.0,-9999.0,-9999.0,-9999.0,-9999.0,orientation,color,size,0.38,-7.0,13,male,1,2304.7063153,0,19
2995,-9999.0,-9999.0,-9999.0,-9999.0,-9999.0,-9999.0,-9999.0,-9999.0,-9999.0,orientation,color,size,0.38,-7.0,13,male,1,2304.7063153,0,19
2996,-9999.0,-9999.0,-9999.0,-9999.0,-9999.0,-9999.0,-9999.0,-9999.0,-9999.0,orientation,color,size,0.38,-7.0,13,male,1,2304.7063153,0,19
2997,-9999.0,-9999.0,-9999.0,-9999.0,-9999.0,-9999.0,-9999.0,-9999.0,-9999.0,orientation,color,size,0.38,-7.0,13,male,1,2304.7063153,0,19
2998,-9999.0,-9999.0,-9999.0,-9999.0,-9999.0,-9999.0,-9999.0,-9999.0,-9999.0,orientation,color,size,0.38,-7.0,13,male,1,2304.7063153,0,19
2999,-9999.0,-9999.0,-9999.0,-9999.0,-9999.0,-9999.0,-9999.0,-9999.0,-9999.0,orientation,color,size,0.38,-7.0,13,male,1,2304.7063153,0,19
3000,-9999.0,-9999.0,-9999.0,-9999.0,-9999.0,-9999.0,-9999.0,-9999.0,-9999.0,orientation,color,size,0.38,-7.0,13,male,1,2304.7063153,0,19
3001,-9999.0,-9999.0,-9999.0,-9999.0,-9999.0,-9999.0,-9999.0,-9999.0,-9999.0,orientation,color,size,0.38,-7.0,13,male,1,2304.7063153,0,19
3002,-9999.0,-9999.0,-9999.0,-9999.0,-9999.0,-9999.0,-9999.0,-9999.0,-9999.0,orientation,color,size,0.38,-7.0,13,male,1,2304.7063153,0,19
3003,-9999.0,-9999.0,-9999.0,-9999.0,-9999.0,-9999.0,-9999.0,-9999.0,-9999.0,orientation,color,size,0.38,-7.0,13,male,1,2304.7063153,0,19
3004,-9999.0,-9999.0,-9999.0,-9999.0,-9999.0,-9999.0,-9999.0,-9999.0,-9999.0,orientation,color,size,0.38,-7.0,13,male,1,2304.7063153,0,19
3005,-9999.0,-9999.0,-9999.0,-9999.0,-9999.0,-9999.0,-9999.0,-9999.0,-9999.0,orientation,color,size,0.38,-7.0,13,male,1,2304.7063153,0,19
3006,-9999.0,-9999.0,-9999.0,-9999.0,-9999.0,-9999.0,-9999.0,-9999.0,-9999.0,orientation,color,size,0.38,-7.0,13,male,1,2304.7063153,0,19
3007,-9999.0,-9999.0,-9999.0,-9999.0,-9999.0,-9999.0,-9999.0,-9999.0,-9999.0,orientation,color,size,0.38,-7.0,13,male,1,2304.7063153,0,19
3008,-9999.0,-9999.0,-9999.0,-9999.0,-9999.0,-9999.0,-9999.0,-9999.0,-9999.0,orientation,color,size,0.38,-7.0,13,male,1,2304.7063153,0,19
3009,-9999.0,-9999.0,-9999.0,-9999.0,-9999.0,-9999.0,-9999.0,-9999.0,-9999.0,orientation,color,size,0.38,-7.0,13,male,1,2304.7063153,0,19
3010,-9999.0,-9999.0,-9999.0,-9999.0,-9999.0,-9999.0,-9999.0,-9999.0,-9999.0,orientation,color,size,0.38,-7.0,13,male,1,2304.7063153,0,19
3011,-9999.0,-9999.0,-9999.0,-9999.0,-9999.0,-9999.0,-9999.0,-9999.0,-9999.0,orientation,color,size,0.38,-7.0,13,male,1,2304.7063153,0,19
3012,-9999.0,-9999.0,-9999.0,-9999.0,-9999.0,-9999.0,-9999.0,-9999.0,-9999.0,orientation,color,size,0.38,-7.0,13,male,1,2304.7063153,0,19
3013,-9999.0,-9999.0,-9999.0,-9999.0,-9999.0,-9999.0,-9999.0,-9999.0,-9999.0,orientation,color,size,0.38,-7.0,13,male,1,2304.7063153,0,19
3014,-9999.0,-9999.0,-9999.0,-9999.0,-9999.0,-9999.0,-9999.0,-9999.0,-9999.0,orientation,color,size,0.38,-7.0,13,male,1,2304.7063153,0,19
3015,-9999.0,-9999.0,-9999.0,-9999.0,-9999.0,-9999.0,-9999.0,-9999.0,-9999.0,orientation,color,size,0.38,-7.0,13,male,1,2304.7063153,0,19
3016,-9999.0,-9999.0,-9999.0,-9999.0,-9999.0,-9999.0,-9999.0,-9999.0,-9999.0,orientation,color,size,0.38,-7.0,13,male,1,2304.7063153,0,19
3017,-9999.0,-9999.0,-9999.0,-9999.0,-9999.0,-9999.0,-9999.0,-9999.0,-9999.0,orientation,color,size,0.38,-7.0,13,male,1,2304.7063153,0,19
3018,-9999.0,-9999.0,-9999.0,-9999.0,-9999.0,-9999.0,-9999.0,-9999.0,-9999.0,orientation,color,size,0.38,-7.0,13,male,1,2304.7063153,0,19
3019,-9999.0,-9999.0,-9999.0,-9999.0,-9999.0,-9999.0,-9999.0,-9999.0,-9999.0,orientation,color,size,0.38,-7.0,13,male,1,2304.7063153,0,19
3020,-9999.0,-9999.0,-9999.0,-9999.0,-9999.0,-9999.0,-9999.0,-9999.0,-9999.0,orientation,color,size,0.38,-7.0,13,male,1,2304.7063153,0,19
3021,-9999.0,-9999.0,-9999.0,-9999.0,-9999.0,-9999.0,-9999.0,-9999.0,-9999.0,orientation,color,size,0.38,-7.0,13,male,1,2304.7063153,0,19
3022,-9999.0,-9999.0,-9999.0,-9999.0,-9999.0,-9999.0,-9999.0,-9999.0,-9999.0,orientation,color,size,0.38,-7.0,13,male,1,2304.7063153,0,19
3023,-9999.0,-9999.0,-9999.0,-9999.0,-9999.0,-9999.0,-9999.0,-9999.0,-9999.0,orientation,color,size,0.38,-7.0,13,male,1,2304.7063153,0,19
3024,-9999.0,-9999.0,-9999.0,-9999.0,-9999.0,-9999.0,-9999.0,-9999.0,-9999.0,orientation,color,size,0.38,-7.0,13,male,1,2304.7063153,0,19
3025,-9999.0,-9999.0,-9999.0,-9999.0,-9999.0,-9999.0,-9999.0,-9999.0,-9999.0,orientation,color,size,0.38,-7.0,13,male,1,2304.7063153,0,19
3026,-9999.0,-9999.0,-9999.0,-9999.0,-9999.0,-9999.0,-9999.0,-9999.0,-9999.0,orientation,color,size,0.38,-7.0,13,male,1,2304.7063153,0,19
3027,-9999.0,-9999.0,-9999.0,-9999.0,-9999.0,-9999.0,-9999.0,-9999.0,-9999.0,orientation,color,size,0.38,-7.0,13,male,1,2304.7063153,0,19
3028,-9999.0,-9999.0,-9999.0,-9999.0,-9999.0,-9999.0,-9999.0,-9999.0,-9999.0,orientation,color,size,0.38,-7.0,13,male,1,2304.7063153,0,19
3029,-9999.0,-9999.0,-9999.0,-9999.0,-9999.0,-9999.0,-9999.0,-9999.0,-9999.0,orientation,color,size,0.38,-7.0,13,male,1,2304.7063153,0,19
3030,-9999.0,-9999.0,-9999.0,-9999.0,-9999.0,-9999.0,-9999.0,-9999.0,-9999.0,orientation,color,size,0.38,-7.0,13,male,1,2304.7063153,0,19
3031,-9999.0,-9999.0,-9999.0,-9999.0,-9999.0,-9999.0,-9999.0,-9999.0,-9999.0,orientation,color,size,0.38,-7.0,13,male,1,2304.7063153,0,19
3032,-9999.0,-9999.0,-9999.0,-9999.0,-9999.0,-9999.0,-9999.0,-9999.0,-9999.0,orientation,color,size,0.38,-7.0,13,male,1,2304.7063153,0,19
3033,-9999.0,-9999.0,-9999.0,-9999.0,-9999.0,-9999.0,-9999.0,-9999.0,-9999.0,orientation,color,size,0.38,-7.0,13,male,1,2304.7063153,0,19
3034,-9999.0,-9999.0,-9999.0,-9999.0,-9999.0,-9999.0,-9999.0,-9999.0,-9999.0,orientation,color,size,0.38,-7.0,13,male,1,2304.7063153,0,19
3035,-9999.0,-9999.0,-9999.0,-9999.0,-9999.0,-9999.0,-9999.0,-9999.0,-9999.0,orientation,color,size,0.38,-7.0,13,male,1,2304.7063153,0,19
3036,-9999.0,-9999.0,-9999.0,-9999.0,-9999.0,-9999.0,-9999.0,-9999.0,-9999.0,orientation,color,size,0.38,-7.0,13,male,1,2304.7063153,0,19
3037,-9999.0,-9999.0,-9999.0,-9999.0,-9999.0,-9999.0,-9999.0,-9999.0,-9999.0,orientation,color,size,0.38,-7.0,13,male,1,2304.7063153,0,19
3038,-9999.0,-9999.0,-9999.0,-9999.0,-9999.0,-9999.0,-9999.0,-9999.0,-9999.0,orientation,color,size,0.38,-7.0,13,male,1,2304.7063153,0,19
3039,-9999.0,-9999.0,-9999.0,-9999.0,-9999.0,-9999.0,-9999.0,-9999.0,-9999.0,orientation,color,size,0.38,-7.0,13,male,1,2304.7063153,0,19
3040,-9999.0,-9999.0,-9999.0,-9999.0,-9999.0,-9999.0,-9999.0,-9999.0,-9999.0,orientation,color,size,0.38,-7.0,13,male,1,2304.7063153,0,19
3041,-9999.0,-9999.0,-9999.0,-9999.0,-9999.0,-9999.0,-9999.0,-9999.0,-9999.0,orientation,color,size,0.38,-7.0,13,male,1,2304.7063153,0,19
3042,-9999.0,-9999.0,-9999.0,-9999.0,-9999.0,-9999.0,-9999.0,-9999.0,-9999.0,orientation,color,size,0.38,-7.0,13,male,1,2304.7063153,0,19
3043,-9999.0,-9999.0,-9999.0,-9999.0,-9999.0,-9999.0,-9999.0,-9999.0,-9999.0,orientation,color,size,0.38,-7.0,13,male,1,2304.7063153,0,19
3044,-9999.0,-9999.0,-9999.0,-9999.0,-9999.0,-9999.0,-9999.0,-9999.0,-9999.0,orientation,color,size,0.38,-7.0,13,male,1,2304.7063153,0,19
3045,-9999.0,-9999.0,-9999.0,-9999.0,-9999.0,-9999.0,-9999.0,-9999.0,-9999.0,orientation,color,size,0.38,-7.0,13,male,1,2304.7063153,0,19
3046,-9999.0,-9999.0,-9999.0,-9999.0,-9999.0,-9999.0,-9999.0,-9999.0,-9999.0,orientation,color,size,0.38,-7.0,13,male,1,2304.7063153,0,19
3047,-9999.0,-9999.0,-9999.0,-9999.0,-9999.0,-9999.0,-9999.0,-9999.0,-9999.0,orientation,color,size,0.38,-7.0,13,male,1,2304.7063153,0,19
3048,-9999.0,-9999.0,-9999.0,-9999.0,-9999.0,-9999.0,-9999.0,-9999.0,-9999.0,orientation,color,size,0.38,-7.0,13,male,1,2304.7063153,0,19
3049,-9999.0,-9999.0,-9999.0,-9999.0,-9999.0,-9999.0,-9999.0,-9999.0,-9999.0,orientation,color,size,0.38,-7.0,13,male,1,2304.7063153,0,19
3050,-9999.0,-9999.0,-9999.0,-9999.0,-9999.0,-9999.0,-9999.0,-9999.0,-9999.0,orientation,color,size,0.38,-7.0,13,male,1,2304.7063153,0,19
3051,-9999.0,-9999.0,-9999.0,-9999.0,-9999.0,-9999.0,-9999.0,-9999.0,-9999.0,orientation,color,size,0.38,-7.0,13,male,1,2304.7063153,0,19
3052,-9999.0,-9999.0,-9999.0,-9999.0,-9999.0,-9999.0,-9999.0,-9999.0,-9999.0,orientation,color,size,0.38,-7.0,13,male,1,2304.7063153,0,19
3053,-9999.0,-9999.0,-9999.0,-9999.0,-9999.0,-9999.0,-9999.0,-9999.0,-9999.0,orientation,color,size,0.38,-7.0,13,male,1,2304.7063153,0,19
3054,-9999.0,-9999.0,-9999.0,-9999.0,-9999.0,-9999.0,-9999.0,-9999.0,-9999.0,orientation,color,size,0.38,-7.0,13,male,1,2304.7063153,0,19
3055,-9999.0,-9999.0,-9999.0,-9999.0,-9999.0,-9999.0,-9999.0,-9999.0,-9999.0,orientation,color,size,0.38,-7.0,13,male,1,2304.7063153,0,19
3056,-9999.0,-9999.0,-9999.0,-9999.0,-9999.0,-9999.0,-9999.0,-9999.0,-9999.0,orientation,color,size,0.38,-7.0,13,male,1,2304.7063153,0,19
3057,-9999.0,-9999.0,-9999.0,-9999.0,-9999.0,-9999.0,-9999.0,-9999.0,-9999.0,orientation,color,size,0.38,-7.0,13,male,1,2304.7063153,0,19
3058,-9999.0,-9999.0,-9999.0,-9999.0,-9999.0,-9999.0,-9999.0,-9999.0,-9999.0,orientation,color,size,0.38,-7.0,13,male,1,2304.7063153,0,19
3059,-9999.0,-9999.0,-9999.0,-9999.0,-9999.0,-9999.0,-9999.0,-9999.0,-9999.0,orientation,color,size,0.38,-7.0,13,male,1,2304.7063153,0,19
3060,-9999.0,-9999.0,-9999.0,-9999.0,-9999.0,-9999.0,-9999.0,-9999.0,-9999.0,orientation,color,size,0.38,-7.0,13,male,1,2304.7063153,0,19
3061,-9999.0,-9999.0,-9999.0,-9999.0,-9999.0,-9999.0,-9999.0,-9999.0,-9999.0,orientation,color,size,0.38,-7.0,13,male,1,2304.7063153,0,19
3062,-9999.0,-9999.0,-9999.0,-9999.0,-9999.0,-9999.0,-9999.0,-9999.0,-9999.0,orientation,color,size,0.38,-7.0,13,male,1,2304.7063153,0,19
3063,-9999.0,-9999.0,-9999.0,-9999.0,-9999.0,-9999.0,-9999.0,-9999.0,-9999.0,orientation,color,size,0.38,-7.0,13,male,1,2304.7063153,0,19
3064,-9999.0,-9999.0,-9999.0,-9999.0,-9999.0,-9999.0,-9999.0,-9999.0,-9999.0,orientation,color,size,0.38,-7.0,13,male,1,2304.7063153,0,19
3065,-9999.0,-9999.0,-9999.0,-9999.0,-9999.0,-9999.0,-9999.0,-9999.0,-9999.0,orientation,color,size,0.38,-7.0,13,male,1,2304.7063153,0,19
3066,-9999.0,-9999.0,-9999.0,-9999.0,-9999.0,-9999.0,-9999.0,-9999.0,-9999.0,orientation,color,size,0.38,-7.0,13,male,1,2304.7063153,0,19
3067,-9999.0,-9999.0,-9999.0,-9999.0,-9999.0,-9999.0,-9999.0,-9999.0,-9999.0,orientation,color,size,0.38,-7.0,13,male,1,2304.7063153,0,19
3068,-9999.0,-9999.0,-9999.0,-9999.0,-9999.0,-9999.0,-9999.0,-9999.0,-9999.0,orientation,color,size,0.38,-7.0,13,male,1,2304.7063153,0,19
3069,-9999.0,-9999.0,-9999.0,-9999.0,-9999.0,-9999.0,-9999.0,-9999.0,-9999.0,orientation,color,size,0.38,-7.0,13,male,1,2304.7063153,0,19
3070,-9999.0,-9999.0,-9999.0,-9999.0,-9999.0,-9999.0,-9999.0,-9999.0,-9999.0,orientation,color,size,0.38,-7.0,13,male,1,2304.7063153,0,19
3071,-9999.0,-9999.0,-9999.0,-9999.0,-9999.0,-9999.0,-9999.0,-9999.0,-9999.0,orientation,color,size,0.38,-7.0,13,male,1,2304.7063153,0,19
3072,-9999.0,-9999.0,-9999.0,-9999.0,-9999.0,-9999.0,-9999.0,-9999.0,-9999.0,orientation,color,size,0.38,-7.0,13,male,1,2304.7063153,0,19
3073,-9999.0,-9999.0,-9999.0,-9999.0,-9999.0,-9999.0,-9999.0,-9999.0,-9999.0,orientation,color,size,0.38,-7.0,13,male,1,2304.7063153,0,19
3074,-9999.0,-9999.0,-9999.0,-9999.0,-9999.0,-9999.0,-9999.0,-9999.0,-9999.0,orientation,color,size,0.38,-7.0,13,male,1,2304.7063153,0,19
3075,-9999.0,-9999.0,-9999.0,-9999.0,-9999.0,-9999.0,-9999.0,-9999.0,-9999.0,orientation,color,size,0.38,-7.0,13,male,1,2304.7063153,0,19
3076,-9999.0,-9999.0,-9999.0,-9999.0,-9999.0,-9999.0,-9999.0,-9999.0,-9999.0,orientation,color,size,0.38,-7.0,13,male,1,2304.7063153,0,19
3077,-9999.0,-9999.0,-9999.0,-9999.0,-9999.0,-9999.0,-9999.0,-9999.0,-9999.0,orientation,color,size,0.38,-7.0,13,male,1,2304.7063153,0,19
3078,-9999.0,-9999.0,-9999.0,-9999.0,-9999.0,-9999.0,-9999.0,-9999.0,-9999.0,orientation,color,size,0.38,-7.0,13,male,1,2304.7063153,0,19
3079,-9999.0,-9999.0,-9999.0,-9999.0,-9999.0,-9999.0,-9999.0,-9999.0,-9999.0,orientation,color,size,0.38,-7.0,13,male,1,2304.7063153,0,19
3080,-9999.0,-9999.0,-9999.0,-9999.0,-9999.0,-9999.0,-9999.0,-9999.0,-9999.0,orientation,color,size,0.38,-7.0,13,male,1,2304.7063153,0,19
3081,-9999.0,-9999.0,-9999.0,-9999.0,-9999.0,-9999.0,-9999.0,-9999.0,-9999.0,orientation,color,size,0.38,-7.0,13,male,1,2304.7063153,0,19
3082,-9999.0,-9999.0,-9999.0,-9999.0,-9999.0,-9999.0,-9999.0,-9999.0,-9999.0,orientation,color,size,0.38,-7.0,13,male,1,2304.7063153,0,19
3083,-9999.0,-9999.0,-9999.0,-9999.0,-9999.0,-9999.0,-9999.0,-9999.0,-9999.0,orientation,color,size,0.38,-7.0,13,male,1,2304.7063153,0,19
3084,-9999.0,-9999.0,-9999.0,-9999.0,-9999.0,-9999.0,-9999.0,-9999.0,-9999.0,orientation,color,size,0.38,-7.0,13,male,1,2304.7063153,0,19
3085,-9999.0,-9999.0,-9999.0,-9999.0,-9999.0,-9999.0,-9999.0,-9999.0,-9999.0,orientation,color,size,0.38,-7.0,13,male,1,2304.7063153,0,19
3086,-9999.0,-9999.0,-9999.0,-9999.0,-9999.0,-9999.0,-9999.0,-9999.0,-9999.0,orientation,color,size,0.38,-7.0,13,male,1,2304.7063153,0,19
3087,-9999.0,-9999.0,-9999.0,-9999.0,-9999.0,-9999.0,-9999.0,-9999.0,-9999.0,orientation,color,size,0.38,-7.0,13,male,1,2304.7063153,0,19
3088,-9999.0,-9999.0,-9999.0,-9999.0,-9999.0,-9999.0,-9999.0,-9999.0,-9999.0,orientation,color,size,0.38,-7.0,13,male,1,2304.7063153,0,19
3089,-9999.0,-9999.0,-9999.0,-9999.0,-9999.0,-9999.0,-9999.0,-9999.0,-9999.0,orientation,color,size,0.38,-7.0,13,male,1,2304.7063153,0,19
3090,-9999.0,-9999.0,-9999.0,-9999.0,-9999.0,-9999.0,-9999.0,-9999.0,-9999.0,orientation,color,size,0.38,-7.0,13,male,1,2304.7063153,0,19
3091,-9999.0,-9999.0,-9999.0,-9999.0,-9999.0,-9999.0,-9999.0,-9999.0,-9999.0,orientation,color,size,0.38,-7.0,13,male,1,2304.7063153,0,19
3092,-9999.0,-9999.0,-9999.0,-9999.0,-9999.0,-9999.0,-9999.0,-9999.0,-9999.0,orientation,color,size,0.38,-7.0,13,male,1,2304.7063153,0,19
3093,-9999.0,-9999.0,-9999.0,-9999.0,-9999.0,-9999.0,-9999.0,-9999.0,-9999.0,orientation,color,size,0.38,-7.0,13,male,1,2304.7063153,0,19
3094,-9999.0,-9999.0,-9999.0,-9999.0,-9999.0,-9999.0,-9999.0,-9999.0,-9999.0,orientation,color,size,0.38,-7.0,13,male,1,2304.7063153,0,19
3095,-9999.0,-9999.0,-9999.0,-9999.0,-9999.0,-9999.0,-9999.0,-9999.0,-9999.0,orientation,color,size,0.38,-7.0,13,male,1,2304.7063153,0,19
3096,-9999.0,-9999.0,-9999.0,-9999.0,-9999.0,-9999.0,-9999.0,-9999.0,-9999.0,orientation,color,size,0.38,-7.0,13,male,1,2304.7063153,0,19
3097,-9999.0,-9999.0,-9999.0,-9999.0,-9999.0,-9999.0,-9999.0,-9999.0,-9999.0,orientation,color,size,0.38,-7.0,13,male,1,2304.7063153,0,19
3098,-9999.0,-9999.0,-9999.0,-9999.0,-9999.0,-9999.0,-9999.0,-9999.0,-9999.0,orientation,color,size,0.38,-7.0,13,male,1,2304.7063153,0,19
3099,-9999.0,-9999.0,-9999.0,-9999.0,-9999.0,-9999.0,-9999.0,-9999.0,-9999.0,orientation,color,size,0.38,-7.0,13,male,1,2304.7063153,0,19
3100,-9999.0,-9999.0,-9999.0,-9999.0,-9999.0,-9999.0,-9999.0,-9999.0,-9999.0,orientation,color,size,0.38,-7.0,13,male,1,2304.7063153,0,19
3101,-9999.0,-9999.0,-9999.0,-9999.0,-9999.0,-9999.0,-9999.0,-9999.0,-9999.0,orientation,color,size,0.38,-7.0,13,male,1,2304.7063153,0,19
3102,-9999.0,-9999.0,-9999.0,-9999.0,-9999.0,-9999.0,-9999.0,-9999.0,-9999.0,orientation,color,size,0.38,-7.0,13,male,1,2304.7063153,0,19
3103,-9999.0,-9999.0,-9999.0,-9999.0,-9999.0,-9999.0,-9999.0,-9999.0,-9999.0,orientation,color,size,0.38,-7.0,13,male,1,2304.7063153,0,19
3104,-9999.0,-9999.0,-9999.0,-9999.0,-9999.0,-9999.0,-9999.0,-9999.0,-9999.0,orientation,color,size,0.38,-7.0,13,male,1,2304.7063153,0,19
3105,-9999.0,-9999.0,-9999.0,-9999.0,-9999.0,-9999.0,-9999.0,-9999.0,-9999.0,orientation,color,size,0.38,-7.0,13,male,1,2304.7063153,0,19
3106,-9999.0,-9999.0,-9999.0,-9999.0,-9999.0,-9999.0,-9999.0,-9999.0,-9999.0,orientation,color,size,0.38,-7.0,13,male,1,2304.7063153,0,19
3107,-9999.0,-9999.0,-9999.0,-9999.0,-9999.0,-9999.0,-9999.0,-9999.0,-9999.0,orientation,color,size,0.38,-7.0,13,male,1,2304.7063153,0,19
3108,-9999.0,-9999.0,-9999.0,-9999.0,-9999.0,-9999.0,-9999.0,-9999.0,-9999.0,orientation,color,size,0.38,-7.0,13,male,1,2304.7063153,0,19
3109,-9999.0,-9999.0,-9999.0,-9999.0,-9999.0,-9999.0,-9999.0,-9999.0,-9999.0,orientation,color,size,0.38,-7.0,13,male,1,2304.7063153,0,19
3110,-9999.0,-9999.0,-9999.0,-9999.0,-9999.0,-9999.0,-9999.0,-9999.0,-9999.0,orientation,color,size,0.38,-7.0,13,male,1,2304.7063153,0,19
3111,-9999.0,-9999.0,-9999.0,-9999.0,-9999.0,-9999.0,-9999.0,-9999.0,-9999.0,orientation,color,size,0.38,-7.0,13,male,1,2304.7063153,0,19
3112,-9999.0,-9999.0,-9999.0,-9999.0,-9999.0,-9999.0,-9999.0,-9999.0,-9999.0,orientation,color,size,0.38,-7.0,13,male,1,2304.7063153,0,19
3113,-9999.0,-9999.0,-9999.0,-9999.0,-9999.0,-9999.0,-9999.0,-9999.0,-9999.0,orientation,color,size,0.38,-7.0,13,male,1,2304.7063153,0,19
3114,-9999.0,-9999.0,-9999.0,-9999.0,-9999.0,-9999.0,-9999.0,-9999.0,-9999.0,orientation,color,size,0.38,-7.0,13,male,1,2304.7063153,0,19
3115,-9999.0,-9999.0,-9999.0,-9999.0,-9999.0,-9999.0,-9999.0,-9999.0,-9999.0,orientation,color,size,0.38,-7.0,13,male,1,2304.7063153,0,19
3116,-9999.0,-9999.0,-9999.0,-9999.0,-9999.0,-9999.0,-9999.0,-9999.0,-9999.0,orientation,color,size,0.38,-7.0,13,male,1,2304.7063153,0,19
3117,-9999.0,-9999.0,-9999.0,-9999.0,-9999.0,-9999.0,-9999.0,-9999.0,-9999.0,orientation,color,size,0.38,-7.0,13,male,1,2304.7063153,0,19
3118,-9999.0,-9999.0,-9999.0,-9999.0,-9999.0,-9999.0,-9999.0,-9999.0,-9999.0,orientation,color,size,0.38,-7.0,13,male,1,2304.7063153,0,19
3119,-9999.0,-9999.0,-9999.0,-9999.0,-9999.0,-9999.0,-9999.0,-9999.0,-9999.0,orientation,color,size,0.38,-7.0,13,male,1,2304.7063153,0,19
3120,-9999.0,-9999.0,-9999.0,-9999.0,-9999.0,-9999.0,-9999.0,-9999.0,-9999.0,orientation,color,size,0.38,-7.0,13,male,1,2304.7063153,0,19
3121,-9999.0,-9999.0,-9999.0,-9999.0,-9999.0,-9999.0,-9999.0,-9999.0,-9999.0,orientation,color,size,0.38,-7.0,13,male,1,2304.7063153,0,19
3122,-9999.0,-9999.0,-9999.0,-9999.0,-9999.0,-9999.0,-9999.0,-9999.0,-9999.0,orientation,color,size,0.38,-7.0,13,male,1,2304.7063153,0,19
3123,-9999.0,-9999.0,-9999.0,-9999.0,-9999.0,-9999.0,-9999.0,-9999.0,-9999.0,orientation,color,size,0.38,-7.0,13,male,1,2304.7063153,0,19
3124,-9999.0,-9999.0,-9999.0,-9999.0,-9999.0,-9999.0,-9999.0,-9999.0,-9999.0,orientation,color,size,0.38,-7.0,13,male,1,2304.7063153,0,19
3125,-9999.0,-9999.0,-9999.0,-9999.0,-9999.0,-9999.0,-9999.0,-9999.0,-9999.0,orientation,color,size,0.38,-7.0,13,male,1,2304.7063153,0,19
3126,-9999.0,-9999.0,-9999.0,-9999.0,-9999.0,-9999.0,-9999.0,-9999.0,-9999.0,orientation,color,size,0.38,-7.0,13,male,1,2304.7063153,0,19
3127,-9999.0,-9999.0,-9999.0,-9999.0,-9999.0,-9999.0,-9999.0,-9999.0,-9999.0,orientation,color,size,0.38,-7.0,13,male,1,2304.7063153,0,19
3128,-9999.0,-9999.0,-9999.0,-9999.0,-9999.0,-9999.0,-9999.0,-9999.0,-9999.0,orientation,color,size,0.38,-7.0,13,male,1,2304.7063153,0,19
3129,-9999.0,-9999.0,-9999.0,-9999.0,-9999.0,-9999.0,-9999.0,-9999.0,-9999.0,orientation,color,size,0.38,-7.0,13,male,1,2304.7063153,0,19
3130,-9999.0,-9999.0,-9999.0,-9999.0,-9999.0,-9999.0,-9999.0,-9999.0,-9999.0,orientation,color,size,0.38,-7.0,13,male,1,2304.7063153,0,19
3131,-9999.0,-9999.0,-9999.0,-9999.0,-9999.0,-9999.0,-9999.0,-9999.0,-9999.0,orientation,color,size,0.38,-7.0,13,male,1,2304.7063153,0,19
3132,-9999.0,-9999.0,-9999.0,-9999.0,-9999.0,-9999.0,-9999.0,-9999.0,-9999.0,orientation,color,size,0.38,-7.0,13,male,1,2304.7063153,0,19
3133,-9999.0,-9999.0,-9999.0,-9999.0,-9999.0,-9999.0,-9999.0,-9999.0,-9999.0,orientation,color,size,0.38,-7.0,13,male,1,2304.7063153,0,19
3134,-9999.0,-9999.0,-9999.0,-9999.0,-9999.0,-9999.0,-9999.0,-9999.0,-9999.0,orientation,color,size,0.38,-7.0,13,male,1,2304.7063153,0,19
3135,-9999.0,-9999.0,-9999.0,-9999.0,-9999.0,-9999.0,-9999.0,-9999.0,-9999.0,orientation,color,size,0.38,-7.0,13,male,1,2304.7063153,0,19
3136,-9999.0,-9999.0,-9999.0,-9999.0,-9999.0,-9999.0,-9999.0,-9999.0,-9999.0,orientation,color,size,0.38,-7.0,13,male,1,2304.7063153,0,19
3137,-9999.0,-9999.0,-9999.0,-9999.0,-9999.0,-9999.0,-9999.0,-9999.0,-9999.0,orientation,color,size,0.38,-7.0,13,male,1,2304.7063153,0,19
3138,-9999.0,-9999.0,-9999.0,-9999.0,-9999.0,-9999.0,-9999.0,-9999.0,-9999.0,orientation,color,size,0.38,-7.0,13,male,1,2304.7063153,0,19
3139,-9999.0,-9999.0,-9999.0,-9999.0,-9999.0,-9999.0,-9999.0,-9999.0,-9999.0,orientation,color,size,0.38,-7.0,13,male,1,2304.7063153,0,19
3140,-9999.0,-9999.0,-9999.0,-9999.0,-9999.0,-9999.0,-9999.0,-9999.0,-9999.0,orientation,color,size,0.38,-7.0,13,male,1,2304.7063153,0,19
3141,-9999.0,-9999.0,-9999.0,-9999.0,-9999.0,-9999.0,-9999.0,-9999.0,-9999.0,orientation,color,size,0.38,-7.0,13,male,1,2304.7063153,0,19
3142,-9999.0,-9999.0,-9999.0,-9999.0,-9999.0,-9999.0,-9999.0,-9999.0,-9999.0,orientation,color,size,0.38,-7.0,13,male,1,2304.7063153,0,19
3143,-9999.0,-9999.0,-9999.0,-9999.0,-9999.0,-9999.0,-9999.0,-9999.0,-9999.0,orientation,color,size,0.38,-7.0,13,male,1,2304.7063153,0,19
3144,-9999.0,-9999.0,-9999.0,-9999.0,-9999.0,-9999.0,-9999.0,-9999.0,-9999.0,orientation,color,size,0.38,-7.0,13,male,1,2304.7063153,0,19
3145,-9999.0,-9999.0,-9999.0,-9999.0,-9999.0,-9999.0,-9999.0,-9999.0,-9999.0,orientation,color,size,0.38,-7.0,13,male,1,2304.7063153,0,19
3146,-9999.0,-9999.0,-9999.0,-9999.0,-9999.0,-9999.0,-9999.0,-9999.0,-9999.0,orientation,color,size,0.38,-7.0,13,male,1,2304.7063153,0,19
3147,-9999.0,-9999.0,-9999.0,-9999.0,-9999.0,-9999.0,-9999.0,-9999.0,-9999.0,orientation,color,size,0.38,-7.0,13,male,1,2304.7063153,0,19
3148,-9999.0,-9999.0,-9999.0,-9999.0,-9999.0,-9999.0,-9999.0,-9999.0,-9999.0,orientation,color,size,0.38,-7.0,13,male,1,2304.7063153,0,19
3149,-9999.0,-9999.0,-9999.0,-9999.0,-9999.0,-9999.0,-9999.0,-9999.0,-9999.0,orientation,color,size,0.38,-7.0,13,male,1,2304.7063153,0,19
3150,-9999.0,-9999.0,-9999.0,-9999.0,-9999.0,-9999.0,-9999.0,-9999.0,-9999.0,orientation,color,size,0.38,-7.0,13,male,1,2304.7063153,0,19
3151,-9999.0,-9999.0,-9999.0,-9999.0,-9999.0,-9999.0,-9999.0,-9999.0,-9999.0,orientation,color,size,0.38,-7.0,13,male,1,2304.7063153,0,19
3152,-9999.0,-9999.0,-9999.0,-9999.0,-9999.0,-9999.0,-9999.0,-9999.0,-9999.0,orientation,color,size,0.38,-7.0,13,male,1,2304.7063153,0,19
3153,-9999.0,-9999.0,-9999.0,-9999.0,-9999.0,-9999.0,-9999.0,-9999.0,-9999.0,orientation,color,size,0.38,-7.0,13,male,1,2304.7063153,0,19
3154,-9999.0,-9999.0,-9999.0,-9999.0,-9999.0,-9999.0,-9999.0,-9999.0,-9999.0,orientation,color,size,0.38,-7.0,13,male,1,2304.7063153,0,19
3155,-9999.0,-9999.0,-9999.0,-9999.0,-9999.0,-9999.0,-9999.0,-9999.0,-9999.0,orientation,color,size,0.38,-7.0,13,male,1,2304.7063153,0,19
3156,-9999.0,-9999.0,-9999.0,-9999.0,-9999.0,-9999.0,-9999.0,-9999.0,-9999.0,orientation,color,size,0.38,-7.0,13,male,1,2304.7063153,0,19
3157,-9999.0,-9999.0,-9999.0,-9999.0,-9999.0,-9999.0,-9999.0,-9999.0,-9999.0,orientation,color,size,0.38,-7.0,13,male,1,2304.7063153,0,19
3158,-9999.0,-9999.0,-9999.0,-9999.0,-9999.0,-9999.0,-9999.0,-9999.0,-9999.0,orientation,color,size,0.38,-7.0,13,male,1,2304.7063153,0,19
3159,-9999.0,-9999.0,-9999.0,-9999.0,-9999.0,-9999.0,-9999.0,-9999.0,-9999.0,orientation,color,size,0.38,-7.0,13,male,1,2304.7063153,0,19
3160,-9999.0,-9999.0,-9999.0,-9999.0,-9999.0,-9999.0,-9999.0,-9999.0,-9999.0,orientation,color,size,0.38,-7.0,13,male,1,2304.7063153,0,19
3161,-9999.0,-9999.0,-9999.0,-9999.0,-9999.0,-9999.0,-9999.0,-9999.0,-9999.0,orientation,color,size,0.38,-7.0,13,male,1,2304.7063153,0,19
3162,-9999.0,-9999.0,-9999.0,-9999.0,-9999.0,-9999.0,-9999.0,-9999.0,-9999.0,orientation,color,size,0.38,-7.0,13,male,1,2304.7063153,0,19
3163,-9999.0,-9999.0,-9999.0,-9999.0,-9999.0,-9999.0,-9999.0,-9999.0,-9999.0,orientation,color,size,0.38,-7.0,13,male,1,2304.7063153,0,19
3164,-9999.0,-9999.0,-9999.0,-9999.0,-9999.0,-9999.0,-9999.0,-9999.0,-9999.0,orientation,color,size,0.38,-7.0,13,male,1,2304.7063153,0,19
3165,-9999.0,-9999.0,-9999.0,-9999.0,-9999.0,-9999.0,-9999.0,-9999.0,-9999.0,orientation,color,size,0.38,-7.0,13,male,1,2304.7063153,0,19
3166,-9999.0,-9999.0,-9999.0,-9999.0,-9999.0,-9999.0,-9999.0,-9999.0,-9999.0,orientation,color,size,0.38,-7.0,13,male,1,2304.7063153,0,19
3167,-9999.0,-9999.0,-9999.0,-9999.0,-9999.0,-9999.0,-9999.0,-9999.0,-9999.0,orientation,color,size,0.38,-7.0,13,male,1,2304.7063153,0,19
3168,-9999.0,-9999.0,-9999.0,-9999.0,-9999.0,-9999.0,-9999.0,-9999.0,-9999.0,orientation,color,size,0.38,-7.0,13,male,1,2304.7063153,0,19
3169,-9999.0,-9999.0,-9999.0,-9999.0,-9999.0,-9999.0,-9999.0,-9999.0,-9999.0,orientation,color,size,0.38,-7.0,13,male,1,2304.7063153,0,19
3170,-9999.0,-9999.0,-9999.0,-9999.0,-9999.0,-9999.0,-9999.0,-9999.0,-9999.0,orientation,color,size,0.38,-7.0,13,male,1,2304.7063153,0,19
3171,-9999.0,-9999.0,-9999.0,-9999.0,-9999.0,-9999.0,-9999.0,-9999.0,-9999.0,orientation,color,size,0.38,-7.0,13,male,1,2304.7063153,0,19
3172,-9999.0,-9999.0,-9999.0,-9999.0,-9999.0,-9999.0,-9999.0,-9999.0,-9999.0,orientation,color,size,0.38,-7.0,13,male,1,2304.7063153,0,19
3173,-9999.0,-9999.0,-9999.0,-9999.0,-9999.0,-9999.0,-9999.0,-9999.0,-9999.0,orientation,color,size,0.38,-7.0,13,male,1,2304.7063153,0,19
3174,-9999.0,-9999.0,-9999.0,-9999.0,-9999.0,-9999.0,-9999.0,-9999.0,-9999.0,orientation,color,size,0.38,-7.0,13,male,1,2304.7063153,0,19
3175,-9999.0,-9999.0,-9999.0,-9999.0,-9999.0,-9999.0,-9999.0,-9999.0,-9999.0,orientation,color,size,0.38,-7.0,13,male,1,2304.7063153,0,19
3176,-9999.0,-9999.0,-9999.0,-9999.0,-9999.0,-9999.0,-9999.0,-9999.0,-9999.0,orientation,color,size,0.38,-7.0,13,male,1,2304.7063153,0,19
3177,-9999.0,-9999.0,-9999.0,-9999.0,-9999.0,-9999.0,-9999.0,-9999.0,-9999.0,orientation,color,size,0.38,-7.0,13,male,1,2304.7063153,0,19
3178,-9999.0,-9999.0,-9999.0,-9999.0,-9999.0,-9999.0,-9999.0,-9999.0,-9999.0,orientation,color,size,0.38,-7.0,13,male,1,2304.7063153,0,19
3179,-9999.0,-9999.0,-9999.0,-9999.0,-9999.0,-9999.0,-9999.0,-9999.0,-9999.0,orientation,color,size,0.38,-7.0,13,male,1,2304.7063153,0,19
3180,-9999.0,-9999.0,-9999.0,-9999.0,-9999.0,-9999.0,-9999.0,-9999.0,-9999.0,orientation,color,size,0.38,-7.0,13,male,1,2304.7063153,0,19
3181,-9999.0,-9999.0,-9999.0,-9999.0,-9999.0,-9999.0,-9999.0,-9999.0,-9999.0,orientation,color,size,0.38,-7.0,13,male,1,2304.7063153,0,19
3182,-9999.0,-9999.0,-9999.0,-9999.0,-9999.0,-9999.0,-9999.0,-9999.0,-9999.0,orientation,color,size,0.38,-7.0,13,male,1,2304.7063153,0,19
3183,-9999.0,-9999.0,-9999.0,-9999.0,-9999.0,-9999.0,-9999.0,-9999.0,-9999.0,orientation,color,size,0.38,-7.0,13,male,1,2304.7063153,0,19
3184,-9999.0,-9999.0,-9999.0,-9999.0,-9999.0,-9999.0,-9999.0,-9999.0,-9999.0,orientation,color,size,0.38,-7.0,13,male,1,2304.7063153,0,19
3185,-9999.0,-9999.0,-9999.0,-9999.0,-9999.0,-9999.0,-9999.0,-9999.0,-9999.0,orientation,color,size,0.38,-7.0,13,male,1,2304.7063153,0,19
3186,-9999.0,-9999.0,-9999.0,-9999.0,-9999.0,-9999.0,-9999.0,-9999.0,-9999.0,orientation,color,size,0.38,-7.0,13,male,1,2304.7063153,0,19
3187,-9999.0,-9999.0,-9999.0,-9999.0,-9999.0,-9999.0,-9999.0,-9999.0,-9999.0,orientation,color,size,0.38,-7.0,13,male,1,2304.7063153,0,19
3188,-9999.0,-9999.0,-9999.0,-9999.0,-9999.0,-9999.0,-9999.0,-9999.0,-9999.0,orientation,color,size,0.38,-7.0,13,male,1,2304.7063153,0,19
3189,-9999.0,-9999.0,-9999.0,-9999.0,-9999.0,-9999.0,-9999.0,-9999.0,-9999.0,orientation,color,size,0.38,-7.0,13,male,1,2304.7063153,0,19
3190,-9999.0,-9999.0,-9999.0,-9999.0,-9999.0,-9999.0,-9999.0,-9999.0,-9999.0,orientation,color,size,0.38,-7.0,13,male,1,2304.7063153,0,19
3191,-9999.0,-9999.0,-9999.0,-9999.0,-9999.0,-9999.0,-9999.0,-9999.0,-9999.0,orientation,color,size,0.38,-7.0,13,male,1,2304.7063153,0,19
3192,-9999.0,-9999.0,-9999.0,-9999.0,-9999.0,-9999.0,-9999.0,-9999.0,-9999.0,orientation,color,size,0.38,-7.0,13,male,1,2304.7063153,0,19
3193,-9999.0,-9999.0,-9999.0,-9999.0,-9999.0,-9999.0,-9999.0,-9999.0,-9999.0,orientation,color,size,0.38,-7.0,13,male,1,2304.7063153,0,19
3194,-9999.0,-9999.0,-9999.0,-9999.0,-9999.0,-9999.0,-9999.0,-9999.0,-9999.0,orientation,color,size,0.38,-7.0,13,male,1,2304.7063153,0,19
3195,-9999.0,-9999.0,-9999.0,-9999.0,-9999.0,-9999.0,-9999.0,-9999.0,-9999.0,orientation,color,size,0.38,-7.0,13,male,1,2304.7063153,0,19
3196,-9999.0,-9999.0,-9999.0,-9999.0,-9999.0,-9999.0,-9999.0,-9999.0,-9999.0,orientation,color,size,0.38,-7.0,13,male,1,2304.7063153,0,19
3197,-9999.0,-9999.0,-9999.0,-9999.0,-9999.0,-9999.0,-9999.0,-9999.0,-9999.0,orientation,color,size,0.38,-7.0,13,male,1,2304.7063153,0,19
3198,-9999.0,-9999.0,-9999.0,-9999.0,-9999.0,-9999.0,-9999.0,-9999.0,-9999.0,orientation,color,size,0.38,-7.0,13,male,1,2304.7063153,0,19
3199,-9999.0,-9999.0,-9999.0,-9999.0,-9999.0,-9999.0,-9999.0,-9999.0,-9999.0,orientation,color,size,0.38,-7.0,13,male,1,2304.7063153,0,19
3200,-9999.0,-9999.0,-9999.0,-9999.0,-9999.0,-9999.0,-9999.0,-9999.0,-9999.0,orientation,color,size,0.38,-7.0,13,male,1,2304.7063153,0,19
3201,-9999.0,-9999.0,-9999.0,-9999.0,-9999.0,-9999.0,-9999.0,-9999.0,-9999.0,orientation,color,size,0.38,-7.0,13,male,1,2304.7063153,0,19
3202,-9999.0,-9999.0,-9999.0,-9999.0,-9999.0,-9999.0,-9999.0,-9999.0,-9999.0,orientation,color,size,0.38,-7.0,13,male,1,2304.7063153,0,19
3203,-9999.0,-9999.0,-9999.0,-9999.0,-9999.0,-9999.0,-9999.0,-9999.0,-9999.0,orientation,color,size,0.38,-7.0,13,male,1,2304.7063153,0,19
3204,-9999.0,-9999.0,-9999.0,-9999.0,-9999.0,-9999.0,-9999.0,-9999.0,-9999.0,orientation,color,size,0.38,-7.0,13,male,1,2304.7063153,0,19
3205,-9999.0,-9999.0,-9999.0,-9999.0,-9999.0,-9999.0,-9999.0,-9999.0,-9999.0,orientation,color,size,0.38,-7.0,13,male,1,2304.7063153,0,19
3206,-9999.0,-9999.0,-9999.0,-9999.0,-9999.0,-9999.0,-9999.0,-9999.0,-9999.0,orientation,color,size,0.38,-7.0,13,male,1,2304.7063153,0,19
3207,-9999.0,-9999.0,-9999.0,-9999.0,-9999.0,-9999.0,-9999.0,-9999.0,-9999.0,orientation,color,size,0.38,-7.0,13,male,1,2304.7063153,0,19
3208,-9999.0,-9999.0,-9999.0,-9999.0,-9999.0,-9999.0,-9999.0,-9999.0,-9999.0,orientation,color,size,0.38,-7.0,13,male,1,2304.7063153,0,19
3209,-9999.0,-9999.0,-9999.0,-9999.0,-9999.0,-9999.0,-9999.0,-9999.0,-9999.0,orientation,color,size,0.38,-7.0,13,male,1,2304.7063153,0,19
3210,-9999.0,-9999.0,-9999.0,-9999.0,-9999.0,-9999.0,-9999.0,-9999.0,-9999.0,orientation,color,size,0.38,-7.0,13,male,1,2304.7063153,0,19
3211,-9999.0,-9999.0,-9999.0,-9999.0,-9999.0,-9999.0,-9999.0,-9999.0,-9999.0,orientation,color,size,0.38,-7.0,13,male,1,2304.7063153,0,19
3212,-9999.0,-9999.0,-9999.0,-9999.0,-9999.0,-9999.0,-9999.0,-9999.0,-9999.0,orientation,color,size,0.38,-7.0,13,male,1,2304.7063153,0,19
3213,-9999.0,-9999.0,-9999.0,-9999.0,-9999.0,-9999.0,-9999.0,-9999.0,-9999.0,orientation,color,size,0.38,-7.0,13,male,1,2304.7063153,0,19
3214,-9999.0,-9999.0,-9999.0,-9999.0,-9999.0,-9999.0,-9999.0,-9999.0,-9999.0,orientation,color,size,0.38,-7.0,13,male,1,2304.7063153,0,19
3215,-9999.0,-9999.0,-9999.0,-9999.0,-9999.0,-9999.0,-9999.0,-9999.0,-9999.0,orientation,color,size,0.38,-7.0,13,male,1,2304.7063153,0,19
3216,-9999.0,-9999.0,-9999.0,-9999.0,-9999.0,-9999.0,-9999.0,-9999.0,-9999.0,orientation,color,size,0.38,-7.0,13,male,1,2304.7063153,0,19
3217,-9999.0,-9999.0,-9999.0,-9999.0,-9999.0,-9999.0,-9999.0,-9999.0,-9999.0,orientation,color,size,0.38,-7.0,13,male,1,2304.7063153,0,19
3218,-9999.0,-9999.0,-9999.0,-9999.0,-9999.0,-9999.0,-9999.0,-9999.0,-9999.0,orientation,color,size,0.38,-7.0,13,male,1,2304.7063153,0,19
3219,-9999.0,-9999.0,-9999.0,-9999.0,-9999.0,-9999.0,-9999.0,-9999.0,-9999.0,orientation,color,size,0.38,-7.0,13,male,1,2304.7063153,0,19
3220,-9999.0,-9999.0,-9999.0,-9999.0,-9999.0,-9999.0,-9999.0,-9999.0,-9999.0,orientation,color,size,0.38,-7.0,13,male,1,2304.7063153,0,19
3221,-9999.0,-9999.0,-9999.0,-9999.0,-9999.0,-9999.0,-9999.0,-9999.0,-9999.0,orientation,color,size,0.38,-7.0,13,male,1,2304.7063153,0,19
3222,-9999.0,-9999.0,-9999.0,-9999.0,-9999.0,-9999.0,-9999.0,-9999.0,-9999.0,orientation,color,size,0.38,-7.0,13,male,1,2304.7063153,0,19
3223,-9999.0,-9999.0,-9999.0,-9999.0,-9999.0,-9999.0,-9999.0,-9999.0,-9999.0,orientation,color,size,0.38,-7.0,13,male,1,2304.7063153,0,19
3224,-9999.0,-9999.0,-9999.0,-9999.0,-9999.0,-9999.0,-9999.0,-9999.0,-9999.0,orientation,color,size,0.38,-7.0,13,male,1,2304.7063153,0,19
3225,-9999.0,-9999.0,-9999.0,-9999.0,-9999.0,-9999.0,-9999.0,-9999.0,-9999.0,orientation,color,size,0.38,-7.0,13,male,1,2304.7063153,0,19
3226,-9999.0,-9999.0,-9999.0,-9999.0,-9999.0,-9999.0,-9999.0,-9999.0,-9999.0,orientation,color,size,0.38,-7.0,13,male,1,2304.7063153,0,19
3227,-9999.0,-9999.0,-9999.0,-9999.0,-9999.0,-9999.0,-9999.0,-9999.0,-9999.0,orientation,color,size,0.38,-7.0,13,male,1,2304.7063153,0,19
3228,-9999.0,-9999.0,-9999.0,-9999.0,-9999.0,-9999.0,-9999.0,-9999.0,-9999.0,orientation,color,size,0.38,-7.0,13,male,1,2304.7063153,0,19
3229,-9999.0,-9999.0,-9999.0,-9999.0,-9999.0,-9999.0,-9999.0,-9999.0,-9999.0,orientation,color,size,0.38,-7.0,13,male,1,2304.7063153,0,19
3230,-9999.0,-9999.0,-9999.0,-9999.0,-9999.0,-9999.0,-9999.0,-9999.0,-9999.0,orientation,color,size,0.38,-7.0,13,male,1,2304.7063153,0,19
3231,-9999.0,-9999.0,-9999.0,-9999.0,-9999.0,-9999.0,-9999.0,-9999.0,-9999.0,orientation,color,size,0.38,-7.0,13,male,1,2304.7063153,0,19
3232,-9999.0,-9999.0,-9999.0,-9999.0,-9999.0,-9999.0,-9999.0,-9999.0,-9999.0,orientation,color,size,0.38,-7.0,13,male,1,2304.7063153,0,19
3233,-9999.0,-9999.0,-9999.0,-9999.0,-9999.0,-9999.0,-9999.0,-9999.0,-9999.0,orientation,color,size,0.38,-7.0,13,male,1,2304.7063153,0,19
3234,-9999.0,-9999.0,-9999.0,-9999.0,-9999.0,-9999.0,-9999.0,-9999.0,-9999.0,orientation,color,size,0.38,-7.0,13,male,1,2304.7063153,0,19
3235,-9999.0,-9999.0,-9999.0,-9999.0,-9999.0,-9999.0,-9999.0,-9999.0,-9999.0,orientation,color,size,0.38,-7.0,13,male,1,2304.7063153,0,19
3236,-9999.0,-9999.0,-9999.0,-9999.0,-9999.0,-9999.0,-9999.0,-9999.0,-9999.0,orientation,color,size,0.38,-7.0,13,male,1,2304.7063153,0,19
3237,-9999.0,-9999.0,-9999.0,-9999.0,-9999.0,-9999.0,-9999.0,-9999.0,-9999.0,orientation,color,size,0.38,-7.0,13,male,1,2304.7063153,0,19
3238,-9999.0,-9999.0,-9999.0,-9999.0,-9999.0,-9999.0,-9999.0,-9999.0,-9999.0,orientation,color,size,0.38,-7.0,13,male,1,2304.7063153,0,19
3239,-9999.0,-9999.0,-9999.0,-9999.0,-9999.0,-9999.0,-9999.0,-9999.0,-9999.0,orientation,color,size,0.38,-7.0,13,male,1,2304.7063153,0,19
3240,-9999.0,-9999.0,-9999.0,-9999.0,-9999.0,-9999.0,-9999.0,-9999.0,-9999.0,orientation,color,size,0.38,-7.0,13,male,1,2304.7063153,0,19
3241,-9999.0,-9999.0,-9999.0,-9999.0,-9999.0,-9999.0,-9999.0,-9999.0,-9999.0,orientation,color,size,0.38,-7.0,13,male,1,2304.7063153,0,19
3242,-9999.0,-9999.0,-9999.0,-9999.0,-9999.0,-9999.0,-9999.0,-9999.0,-9999.0,orientation,color,size,0.38,-7.0,13,male,1,2304.7063153,0,19
3243,-9999.0,-9999.0,-9999.0,-9999.0,-9999.0,-9999.0,-9999.0,-9999.0,-9999.0,orientation,color,size,0.38,-7.0,13,male,1,2304.7063153,0,19
3244,-9999.0,-9999.0,-9999.0,-9999.0,-9999.0,-9999.0,-9999.0,-9999.0,-9999.0,orientation,color,size,0.38,-7.0,13,male,1,2304.7063153,0,19
3245,-9999.0,-9999.0,-9999.0,-9999.0,-9999.0,-9999.0,-9999.0,-9999.0,-9999.0,orientation,color,size,0.38,-7.0,13,male,1,2304.7063153,0,19
3246,-9999.0,-9999.0,-9999.0,-9999.0,-9999.0,-9999.0,-9999.0,-9999.0,-9999.0,orientation,color,size,0.38,-7.0,13,male,1,2304.7063153,0,19
3247,-9999.0,-9999.0,-9999.0,-9999.0,-9999.0,-9999.0,-9999.0,-9999.0,-9999.0,orientation,color,size,0.38,-7.0,13,male,1,2304.7063153,0,19
3248,-9999.0,-9999.0,-9999.0,-9999.0,-9999.0,-9999.0,-9999.0,-9999.0,-9999.0,orientation,color,size,0.38,-7.0,13,male,1,2304.7063153,0,19
3249,-9999.0,-9999.0,-9999.0,-9999.0,-9999.0,-9999.0,-9999.0,-9999.0,-9999.0,orientation,color,size,0.38,-7.0,13,male,1,2304.7063153,0,19
3250,-9999.0,-9999.0,-9999.0,-9999.0,-9999.0,-9999.0,-9999.0,-9999.0,-9999.0,orientation,color,size,0.38,-7.0,13,male,1,2304.7063153,0,19
3251,-9999.0,-9999.0,-9999.0,-9999.0,-9999.0,-9999.0,-9999.0,-9999.0,-9999.0,orientation,color,size,0.38,-7.0,13,male,1,2304.7063153,0,19
3252,-9999.0,-9999.0,-9999.0,-9999.0,-9999.0,-9999.0,-9999.0,-9999.0,-9999.0,orientation,color,size,0.38,-7.0,13,male,1,2304.7063153,0,19
3253,-9999.0,-9999.0,-9999.0,-9999.0,-9999.0,-9999.0,-9999.0,-9999.0,-9999.0,orientation,color,size,0.38,-7.0,13,male,1,2304.7063153,0,19
3254,-9999.0,-9999.0,-9999.0,-9999.0,-9999.0,-9999.0,-9999.0,-9999.0,-9999.0,orientation,color,size,0.38,-7.0,13,male,1,2304.7063153,0,19
3255,-9999.0,-9999.0,-9999.0,-9999.0,-9999.0,-9999.0,-9999.0,-9999.0,-9999.0,orientation,color,size,0.38,-7.0,13,male,1,2304.7063153,0,19
3256,-9999.0,-9999.0,-9999.0,-9999.0,-9999.0,-9999.0,-9999.0,-9999.0,-9999.0,orientation,color,size,0.38,-7.0,13,male,1,2304.7063153,0,19
3257,-9999.0,-9999.0,-9999.0,-9999.0,-9999.0,-9999.0,-9999.0,-9999.0,-9999.0,orientation,color,size,0.38,-7.0,13,male,1,2304.7063153,0,19
3258,-9999.0,-9999.0,-9999.0,-9999.0,-9999.0,-9999.0,-9999.0,-9999.0,-9999.0,orientation,color,size,0.38,-7.0,13,male,1,2304.7063153,0,19
3259,-9999.0,-9999.0,-9999.0,-9999.0,-9999.0,-9999.0,-9999.0,-9999.0,-9999.0,orientation,color,size,0.38,-7.0,13,male,1,2304.7063153,0,19
3260,-9999.0,-9999.0,-9999.0,-9999.0,-9999.0,-9999.0,-9999.0,-9999.0,-9999.0,orientation,color,size,0.38,-7.0,13,male,1,2304.7063153,0,19
3261,-9999.0,-9999.0,-9999.0,-9999.0,-9999.0,-9999.0,-9999.0,-9999.0,-9999.0,orientation,color,size,0.38,-7.0,13,male,1,2304.7063153,0,19
3262,-9999.0,-9999.0,-9999.0,-9999.0,-9999.0,-9999.0,-9999.0,-9999.0,-9999.0,orientation,color,size,0.38,-7.0,13,male,1,2304.7063153,0,19
3263,-9999.0,-9999.0,-9999.0,-9999.0,-9999.0,-9999.0,-9999.0,-9999.0,-9999.0,orientation,color,size,0.38,-7.0,13,male,1,2304.7063153,0,19
3264,-9999.0,-9999.0,-9999.0,-9999.0,-9999.0,-9999.0,-9999.0,-9999.0,-9999.0,orientation,color,size,0.38,-7.0,13,male,1,2304.7063153,0,19
3265,-9999.0,-9999.0,-9999.0,-9999.0,-9999.0,-9999.0,-9999.0,-9999.0,-9999.0,orientation,color,size,0.38,-7.0,13,male,1,2304.7063153,0,19
3266,-9999.0,-9999.0,-9999.0,-9999.0,-9999.0,-9999.0,-9999.0,-9999.0,-9999.0,orientation,color,size,0.38,-7.0,13,male,1,2304.7063153,0,19
3267,-9999.0,-9999.0,-9999.0,-9999.0,-9999.0,-9999.0,-9999.0,-9999.0,-9999.0,orientation,color,size,0.38,-7.0,13,male,1,2304.7063153,0,19
3268,-9999.0,-9999.0,-9999.0,-9999.0,-9999.0,-9999.0,-9999.0,-9999.0,-9999.0,orientation,color,size,0.38,-7.0,13,male,1,2304.7063153,0,19
3269,-9999.0,-9999.0,-9999.0,-9999.0,-9999.0,-9999.0,-9999.0,-9999.0,-9999.0,orientation,color,size,0.38,-7.0,13,male,1,2304.7063153,0,19
3270,-9999.0,-9999.0,-9999.0,-9999.0,-9999.0,-9999.0,-9999.0,-9999.0,-9999.0,orientation,color,size,0.38,-7.0,13,male,1,2304.7063153,0,19
3271,-9999.0,-9999.0,-9999.0,-9999.0,-9999.0,-9999.0,-9999.0,-9999.0,-9999.0,orientation,color,size,0.38,-7.0,13,male,1,2304.7063153,0,19
3272,-9999.0,-9999.0,-9999.0,-9999.0,-9999.0,-9999.0,-9999.0,-9999.0,-9999.0,orientation,color,size,0.38,-7.0,13,male,1,2304.7063153,0,19
3273,-9999.0,-9999.0,-9999.0,-9999.0,-9999.0,-9999.0,-9999.0,-9999.0,-9999.0,orientation,color,size,0.38,-7.0,13,male,1,2304.7063153,0,19
3274,-9999.0,-9999.0,-9999.0,-9999.0,-9999.0,-9999.0,-9999.0,-9999.0,-9999.0,orientation,color,size,0.38,-7.0,13,male,1,2304.7063153,0,19
3275,-9999.0,-9999.0,-9999.0,-9999.0,-9999.0,-9999.0,-9999.0,-9999.0,-9999.0,orientation,color,size,0.38,-7.0,13,male,1,2304.7063153,0,19
3276,-9999.0,-9999.0,-9999.0,-9999.0,-9999.0,-9999.0,-9999.0,-9999.0,-9999.0,orientation,color,size,0.38,-7.0,13,male,1,2304.7063153,0,19
3277,-9999.0,-9999.0,-9999.0,-9999.0,-9999.0,-9999.0,-9999.0,-9999.0,-9999.0,orientation,color,size,0.38,-7.0,13,male,1,2304.7063153,0,19
3278,-9999.0,-9999.0,-9999.0,-9999.0,-9999.0,-9999.0,-9999.0,-9999.0,-9999.0,orientation,color,size,0.38,-7.0,13,male,1,2304.7063153,0,19
3279,-9999.0,-9999.0,-9999.0,-9999.0,-9999.0,-9999.0,-9999.0,-9999.0,-9999.0,orientation,color,size,0.38,-7.0,13,male,1,2304.7063153,0,19
3280,-9999.0,-9999.0,-9999.0,-9999.0,-9999.0,-9999.0,-9999.0,-9999.0,-9999.0,orientation,color,size,0.38,-7.0,13,male,1,2304.7063153,0,19
3281,-9999.0,-9999.0,-9999.0,-9999.0,-9999.0,-9999.0,-9999.0,-9999.0,-9999.0,orientation,color,size,0.38,-7.0,13,male,1,2304.7063153,0,19
3282,-9999.0,-9999.0,-9999.0,-9999.0,-9999.0,-9999.0,-9999.0,-9999.0,-9999.0,orientation,color,size,0.38,-7.0,13,male,1,2304.7063153,0,19
3283,-9999.0,-9999.0,-9999.0,-9999.0,-9999.0,-9999.0,-9999.0,-9999.0,-9999.0,orientation,color,size,0.38,-7.0,13,male,1,2304.7063153,0,19
3284,-9999.0,-9999.0,-9999.0,-9999.0,-9999.0,-9999.0,-9999.0,-9999.0,-9999.0,orientation,color,size,0.38,-7.0,13,male,1,2304.7063153,0,19
3285,-9999.0,-9999.0,-9999.0,-9999.0,-9999.0,-9999.0,-9999.0,-9999.0,-9999.0,orientation,color,size,0.38,-7.0,13,male,1,2304.7063153,0,19
3286,-9999.0,-9999.0,-9999.0,-9999.0,-9999.0,-9999.0,-9999.0,-9999.0,-9999.0,orientation,color,size,0.38,-7.0,13,male,1,2304.7063153,0,19
3287,-9999.0,-9999.0,-9999.0,-9999.0,-9999.0,-9999.0,-9999.0,-9999.0,-9999.0,orientation,color,size,0.38,-7.0,13,male,1,2304.7063153,0,19
3288,-9999.0,-9999.0,-9999.0,-9999.0,-9999.0,-9999.0,-9999.0,-9999.0,-9999.0,orientation,color,size,0.38,-7.0,13,male,1,2304.7063153,0,19
3289,-9999.0,-9999.0,-9999.0,-9999.0,-9999.0,-9999.0,-9999.0,-9999.0,-9999.0,orientation,color,size,0.38,-7.0,13,male,1,2304.7063153,0,19
3290,-9999.0,-9999.0,-9999.0,-9999.0,-9999.0,-9999.0,-9999.0,-9999.0,-9999.0,orientation,color,size,0.38,-7.0,13,male,1,2304.7063153,0,19
3291,-9999.0,-9999.0,-9999.0,-9999.0,-9999.0,-9999.0,-9999.0,-9999.0,-9999.0,orientation,color,size,0.38,-7.0,13,male,1,2304.7063153,0,19
3292,-9999.0,-9999.0,-9999.0,-9999.0,-9999.0,-9999.0,-9999.0,-9999.0,-9999.0,orientation,color,size,0.38,-7.0,13,male,1,2304.7063153,0,19
3293,-9999.0,-9999.0,-9999.0,-9999.0,-9999.0,-9999.0,-9999.0,-9999.0,-9999.0,orientation,color,size,0.38,-7.0,13,male,1,2304.7063153,0,19
3294,-9999.0,-9999.0,-9999.0,-9999.0,-9999.0,-9999.0,-9999.0,-9999.0,-9999.0,orientation,color,size,0.38,-7.0,13,male,1,2304.7063153,0,19
3295,-9999.0,-9999.0,-9999.0,-9999.0,-9999.0,-9999.0,-9999.0,-9999.0,-9999.0,orientation,color,size,0.38,-7.0,13,male,1,2304.7063153,0,19
3296,-9999.0,-9999.0,-9999.0,-9999.0,-9999.0,-9999.0,-9999.0,-9999.0,-9999.0,orientation,color,size,0.38,-7.0,13,male,1,2304.7063153,0,19
3297,-9999.0,-9999.0,-9999.0,-9999.0,-9999.0,-9999.0,-9999.0,-9999.0,-9999.0,orientation,color,size,0.38,-7.0,13,male,1,2304.7063153,0,19
3298,-9999.0,-9999.0,-9999.0,-9999.0,-9999.0,-9999.0,-9999.0,-9999.0,-9999.0,orientation,color,size,0.38,-7.0,13,male,1,2304.7063153,0,19
3299,-9999.0,-9999.0,-9999.0,-9999.0,-9999.0,-9999.0,-9999.0,-9999.0,-9999.0,orientation,color,size,0.38,-7.0,13,male,1,2304.7063153,0,19
3300,-9999.0,-9999.0,-9999.0,-9999.0,-9999.0,-9999.0,-9999.0,-9999.0,-9999.0,orientation,color,size,0.38,-7.0,13,male,1,2304.7063153,0,19
3301,-9999.0,-9999.0,-9999.0,-9999.0,-9999.0,-9999.0,-9999.0,-9999.0,-9999.0,orientation,color,size,0.38,-7.0,13,male,1,2304.7063153,0,19
3302,-9999.0,-9999.0,-9999.0,-9999.0,-9999.0,-9999.0,-9999.0,-9999.0,-9999.0,orientation,color,size,0.38,-7.0,13,male,1,2304.7063153,0,19
3303,-9999.0,-9999.0,-9999.0,-9999.0,-9999.0,-9999.0,-9999.0,-9999.0,-9999.0,orientation,color,size,0.38,-7.0,13,male,1,2304.7063153,0,19
3304,-9999.0,-9999.0,-9999.0,-9999.0,-9999.0,-9999.0,-9999.0,-9999.0,-9999.0,orientation,color,size,0.38,-7.0,13,male,1,2304.7063153,0,19
3305,-9999.0,-9999.0,-9999.0,-9999.0,-9999.0,-9999.0,-9999.0,-9999.0,-9999.0,orientation,color,size,0.38,-7.0,13,male,1,2304.7063153,0,19
3306,-9999.0,-9999.0,-9999.0,-9999.0,-9999.0,-9999.0,-9999.0,-9999.0,-9999.0,orientation,color,size,0.38,-7.0,13,male,1,2304.7063153,0,19
3307,-9999.0,-9999.0,-9999.0,-9999.0,-9999.0,-9999.0,-9999.0,-9999.0,-9999.0,orientation,color,size,0.38,-7.0,13,male,1,2304.7063153,0,19
3308,-9999.0,-9999.0,-9999.0,-9999.0,-9999.0,-9999.0,-9999.0,-9999.0,-9999.0,orientation,color,size,0.38,-7.0,13,male,1,2304.7063153,0,19
3309,-9999.0,-9999.0,-9999.0,-9999.0,-9999.0,-9999.0,-9999.0,-9999.0,-9999.0,orientation,color,size,0.38,-7.0,13,male,1,2304.7063153,0,19
3310,-9999.0,-9999.0,-9999.0,-9999.0,-9999.0,-9999.0,-9999.0,-9999.0,-9999.0,orientation,color,size,0.38,-7.0,13,male,1,2304.7063153,0,19
3311,-9999.0,-9999.0,-9999.0,-9999.0,-9999.0,-9999.0,-9999.0,-9999.0,-9999.0,orientation,color,size,0.38,-7.0,13,male,1,2304.7063153,0,19
3312,-9999.0,-9999.0,-9999.0,-9999.0,-9999.0,-9999.0,-9999.0,-9999.0,-9999.0,orientation,color,size,0.38,-7.0,13,male,1,2304.7063153,0,19
3313,-9999.0,-9999.0,-9999.0,-9999.0,-9999.0,-9999.0,-9999.0,-9999.0,-9999.0,orientation,color,size,0.38,-7.0,13,male,1,2304.7063153,0,19
3314,-9999.0,-9999.0,-9999.0,-9999.0,-9999.0,-9999.0,-9999.0,-9999.0,-9999.0,orientation,color,size,0.38,-7.0,13,male,1,2304.7063153,0,19
3315,-9999.0,-9999.0,-9999.0,-9999.0,-9999.0,-9999.0,-9999.0,-9999.0,-9999.0,orientation,color,size,0.38,-7.0,13,male,1,2304.7063153,0,19
3316,-9999.0,-9999.0,-9999.0,-9999.0,-9999.0,-9999.0,-9999.0,-9999.0,-9999.0,orientation,color,size,0.38,-7.0,13,male,1,2304.7063153,0,19
3317,-9999.0,-9999.0,-9999.0,-9999.0,-9999.0,-9999.0,-9999.0,-9999.0,-9999.0,orientation,color,size,0.38,-7.0,13,male,1,2304.7063153,0,19
3318,-9999.0,-9999.0,-9999.0,-9999.0,-9999.0,-9999.0,-9999.0,-9999.0,-9999.0,orientation,color,size,0.38,-7.0,13,male,1,2304.7063153,0,19
3319,-9999.0,-9999.0,-9999.0,-9999.0,-9999.0,-9999.0,-9999.0,-9999.0,-9999.0,orientation,color,size,0.38,-7.0,13,male,1,2304.7063153,0,19
3320,-9999.0,-9999.0,-9999.0,-9999.0,-9999.0,-9999.0,-9999.0,-9999.0,-9999.0,orientation,color,size,0.38,-7.0,13,male,1,2304.7063153,0,19
3321,-9999.0,-9999.0,-9999.0,-9999.0,-9999.0,-9999.0,-9999.0,-9999.0,-9999.0,orientation,color,size,0.38,-7.0,13,male,1,2304.7063153,0,19
3322,-9999.0,-9999.0,-9999.0,-9999.0,-9999.0,-9999.0,-9999.0,-9999.0,-9999.0,orientation,color,size,0.38,-7.0,13,male,1,2304.7063153,0,19
3323,-9999.0,-9999.0,-9999.0,-9999.0,-9999.0,-9999.0,-9999.0,-9999.0,-9999.0,orientation,color,size,0.38,-7.0,13,male,1,2304.7063153,0,19
3324,-9999.0,-9999.0,-9999.0,-9999.0,-9999.0,-9999.0,-9999.0,-9999.0,-9999.0,orientation,color,size,0.38,-7.0,13,male,1,2304.7063153,0,19
3325,-9999.0,-9999.0,-9999.0,-9999.0,-9999.0,-9999.0,-9999.0,-9999.0,-9999.0,orientation,color,size,0.38,-7.0,13,male,1,2304.7063153,0,19
3326,-9999.0,-9999.0,-9999.0,-9999.0,-9999.0,-9999.0,-9999.0,-9999.0,-9999.0,orientation,color,size,0.38,-7.0,13,male,1,2304.7063153,0,19
3327,-9999.0,-9999.0,-9999.0,-9999.0,-9999.0,-9999.0,-9999.0,-9999.0,-9999.0,orientation,color,size,0.38,-7.0,13,male,1,2304.7063153,0,19
3328,-9999.0,-9999.0,-9999.0,-9999.0,-9999.0,-9999.0,-9999.0,-9999.0,-9999.0,orientation,color,size,0.38,-7.0,13,male,1,2304.7063153,0,19
3329,-9999.0,-9999.0,-9999.0,-9999.0,-9999.0,-9999.0,-9999.0,-9999.0,-9999.0,orientation,color,size,0.38,-7.0,13,male,1,2304.7063153,0,19
3330,-9999.0,-9999.0,-9999.0,-9999.0,-9999.0,-9999.0,-9999.0,-9999.0,-9999.0,orientation,color,size,0.38,-7.0,13,male,1,2304.7063153,0,19
3331,-9999.0,-9999.0,-9999.0,-9999.0,-9999.0,-9999.0,-9999.0,-9999.0,-9999.0,orientation,color,size,0.38,-7.0,13,male,1,2304.7063153,0,19
3332,-9999.0,-9999.0,-9999.0,-9999.0,-9999.0,-9999.0,-9999.0,-9999.0,-9999.0,orientation,color,size,0.38,-7.0,13,male,1,2304.7063153,0,19
3333,-9999.0,-9999.0,-9999.0,-9999.0,-9999.0,-9999.0,-9999.0,-9999.0,-9999.0,orientation,color,size,0.38,-7.0,13,male,1,2304.7063153,0,19
3334,-9999.0,-9999.0,-9999.0,-9999.0,-9999.0,-9999.0,-9999.0,-9999.0,-9999.0,orientation,color,size,0.38,-7.0,13,male,1,2304.7063153,0,19
3335,-9999.0,-9999.0,-9999.0,-9999.0,-9999.0,-9999.0,-9999.0,-9999.0,-9999.0,orientation,color,size,0.38,-7.0,13,male,1,2304.7063153,0,19
3336,-9999.0,-9999.0,-9999.0,-9999.0,-9999.0,-9999.0,-9999.0,-9999.0,-9999.0,orientation,color,size,0.38,-7.0,13,male,1,2304.7063153,0,19
3337,-9999.0,-9999.0,-9999.0,-9999.0,-9999.0,-9999.0,-9999.0,-9999.0,-9999.0,orientation,color,size,0.38,-7.0,13,male,1,2304.7063153,0,19
3338,-9999.0,-9999.0,-9999.0,-9999.0,-9999.0,-9999.0,-9999.0,-9999.0,-9999.0,orientation,color,size,0.38,-7.0,13,male,1,2304.7063153,0,19
3339,-9999.0,-9999.0,-9999.0,-9999.0,-9999.0,-9999.0,-9999.0,-9999.0,-9999.0,orientation,color,size,0.38,-7.0,13,male,1,2304.7063153,0,19
3340,-9999.0,-9999.0,-9999.0,-9999.0,-9999.0,-9999.0,-9999.0,-9999.0,-9999.0,orientation,color,size,0.38,-7.0,13,male,1,2304.7063153,0,19
3341,-9999.0,-9999.0,-9999.0,-9999.0,-9999.0,-9999.0,-9999.0,-9999.0,-9999.0,orientation,color,size,0.38,-7.0,13,male,1,2304.7063153,0,19
3342,-9999.0,-9999.0,-9999.0,-9999.0,-9999.0,-9999.0,-9999.0,-9999.0,-9999.0,orientation,color,size,0.38,-7.0,13,male,1,2304.7063153,0,19
3343,-9999.0,-9999.0,-9999.0,-9999.0,-9999.0,-9999.0,-9999.0,-9999.0,-9999.0,orientation,color,size,0.38,-7.0,13,male,1,2304.7063153,0,19
3344,-9999.0,-9999.0,-9999.0,-9999.0,-9999.0,-9999.0,-9999.0,-9999.0,-9999.0,orientation,color,size,0.38,-7.0,13,male,1,2304.7063153,0,19
3345,-9999.0,-9999.0,-9999.0,-9999.0,-9999.0,-9999.0,-9999.0,-9999.0,-9999.0,orientation,color,size,0.38,-7.0,13,male,1,2304.7063153,0,19
3346,-9999.0,-9999.0,-9999.0,-9999.0,-9999.0,-9999.0,-9999.0,-9999.0,-9999.0,orientation,color,size,0.38,-7.0,13,male,1,2304.7063153,0,19
3347,-9999.0,-9999.0,-9999.0,-9999.0,-9999.0,-9999.0,-9999.0,-9999.0,-9999.0,orientation,color,size,0.38,-7.0,13,male,1,2304.7063153,0,19
3348,-9999.0,-9999.0,-9999.0,-9999.0,-9999.0,-9999.0,-9999.0,-9999.0,-9999.0,orientation,color,size,0.38,-7.0,13,male,1,2304.7063153,0,19
3349,-9999.0,-9999.0,-9999.0,-9999.0,-9999.0,-9999.0,-9999.0,-9999.0,-9999.0,orientation,color,size,0.38,-7.0,13,male,1,2304.7063153,0,19
3350,-9999.0,-9999.0,-9999.0,-9999.0,-9999.0,-9999.0,-9999.0,-9999.0,-9999.0,orientation,color,size,0.38,-7.0,13,male,1,2304.7063153,0,19
3351,-9999.0,-9999.0,-9999.0,-9999.0,-9999.0,-9999.0,-9999.0,-9999.0,-9999.0,orientation,color,size,0.38,-7.0,13,male,1,2304.7063153,0,19
3352,-9999.0,-9999.0,-9999.0,-9999.0,-9999.0,-9999.0,-9999.0,-9999.0,-9999.0,orientation,color,size,0.38,-7.0,13,male,1,2304.7063153,0,19
3353,-9999.0,-9999.0,-9999.0,-9999.0,-9999.0,-9999.0,-9999.0,-9999.0,-9999.0,orientation,color,size,0.38,-7.0,13,male,1,2304.7063153,0,19
3354,-9999.0,-9999.0,-9999.0,-9999.0,-9999.0,-9999.0,-9999.0,-9999.0,-9999.0,orientation,color,size,0.38,-7.0,13,male,1,2304.7063153,0,19
3355,-9999.0,-9999.0,-9999.0,-9999.0,-9999.0,-9999.0,-9999.0,-9999.0,-9999.0,orientation,color,size,0.38,-7.0,13,male,1,2304.7063153,0,19
3356,-9999.0,-9999.0,-9999.0,-9999.0,-9999.0,-9999.0,-9999.0,-9999.0,-9999.0,orientation,color,size,0.38,-7.0,13,male,1,2304.7063153,0,19
3357,-9999.0,-9999.0,-9999.0,-9999.0,-9999.0,-9999.0,-9999.0,-9999.0,-9999.0,orientation,color,size,0.38,-7.0,13,male,1,2304.7063153,0,19
3358,-9999.0,-9999.0,-9999.0,-9999.0,-9999.0,-9999.0,-9999.0,-9999.0,-9999.0,orientation,color,size,0.38,-7.0,13,male,1,2304.7063153,0,19
3359,-9999.0,-9999.0,-9999.0,-9999.0,-9999.0,-9999.0,-9999.0,-9999.0,-9999.0,orientation,color,size,0.38,-7.0,13,male,1,2304.7063153,0,19
3360,-9999.0,-9999.0,-9999.0,-9999.0,-9999.0,-9999.0,-9999.0,-9999.0,-9999.0,orientation,color,size,0.38,-7.0,13,male,1,2304.7063153,0,19
3361,-9999.0,-9999.0,-9999.0,-9999.0,-9999.0,-9999.0,-9999.0,-9999.0,-9999.0,orientation,color,size,0.38,-7.0,13,male,1,2304.7063153,0,19
3362,-9999.0,-9999.0,-9999.0,-9999.0,-9999.0,-9999.0,-9999.0,-9999.0,-9999.0,orientation,color,size,0.38,-7.0,13,male,1,2304.7063153,0,19
3363,-9999.0,-9999.0,-9999.0,-9999.0,-9999.0,-9999.0,-9999.0,-9999.0,-9999.0,orientation,color,size,0.38,-7.0,13,male,1,2304.7063153,0,19
3364,-9999.0,-9999.0,-9999.0,-9999.0,-9999.0,-9999.0,-9999.0,-9999.0,-9999.0,orientation,color,size,0.38,-7.0,13,male,1,2304.7063153,0,19
3365,-9999.0,-9999.0,-9999.0,-9999.0,-9999.0,-9999.0,-9999.0,-9999.0,-9999.0,orientation,color,size,0.38,-7.0,13,male,1,2304.7063153,0,19
3366,-9999.0,-9999.0,-9999.0,-9999.0,-9999.0,-9999.0,-9999.0,-9999.0,-9999.0,orientation,color,size,0.38,-7.0,13,male,1,2304.7063153,0,19
3367,-9999.0,-9999.0,-9999.0,-9999.0,-9999.0,-9999.0,-9999.0,-9999.0,-9999.0,orientation,color,size,0.38,-7.0,13,male,1,2304.7063153,0,19
3368,-9999.0,-9999.0,-9999.0,-9999.0,-9999.0,-9999.0,-9999.0,-9999.0,-9999.0,orientation,color,size,0.38,-7.0,13,male,1,2304.7063153,0,19
3369,-9999.0,-9999.0,-9999.0,-9999.0,-9999.0,-9999.0,-9999.0,-9999.0,-9999.0,orientation,color,size,0.38,-7.0,13,male,1,2304.7063153,0,19
3370,-9999.0,-9999.0,-9999.0,-9999.0,-9999.0,-9999.0,-9999.0,-9999.0,-9999.0,orientation,color,size,0.38,-7.0,13,male,1,2304.7063153,0,19
3371,-9999.0,-9999.0,-9999.0,-9999.0,-9999.0,-9999.0,-9999.0,-9999.0,-9999.0,orientation,color,size,0.38,-7.0,13,male,1,2304.7063153,0,19
3372,-9999.0,-9999.0,-9999.0,-9999.0,-9999.0,-9999.0,-9999.0,-9999.0,-9999.0,orientation,color,size,0.38,-7.0,13,male,1,2304.7063153,0,19
3373,-9999.0,-9999.0,-9999.0,-9999.0,-9999.0,-9999.0,-9999.0,-9999.0,-9999.0,orientation,color,size,0.38,-7.0,13,male,1,2304.7063153,0,19
3374,-9999.0,-9999.0,-9999.0,-9999.0,-9999.0,-9999.0,-9999.0,-9999.0,-9999.0,orientation,color,size,0.38,-7.0,13,male,1,2304.7063153,0,19
3375,-9999.0,-9999.0,-9999.0,-9999.0,-9999.0,-9999.0,-9999.0,-9999.0,-9999.0,orientation,color,size,0.38,-7.0,13,male,1,2304.7063153,0,19
3376,-9999.0,-9999.0,-9999.0,-9999.0,-9999.0,-9999.0,-9999.0,-9999.0,-9999.0,orientation,color,size,0.38,-7.0,13,male,1,2304.7063153,0,19
3377,-9999.0,-9999.0,-9999.0,-9999.0,-9999.0,-9999.0,-9999.0,-9999.0,-9999.0,orientation,color,size,0.38,-7.0,13,male,1,2304.7063153,0,19
3378,-9999.0,-9999.0,-9999.0,-9999.0,-9999.0,-9999.0,-9999.0,-9999.0,-9999.0,orientation,color,size,0.38,-7.0,13,male,1,2304.7063153,0,19
3379,-9999.0,-9999.0,-9999.0,-9999.0,-9999.0,-9999.0,-9999.0,-9999.0,-9999.0,orientation,color,size,0.38,-7.0,13,male,1,2304.7063153,0,19
3380,-9999.0,-9999.0,-9999.0,-9999.0,-9999.0,-9999.0,-9999.0,-9999.0,-9999.0,orientation,color,size,0.38,-7.0,13,male,1,2304.7063153,0,19
3381,-9999.0,-9999.0,-9999.0,-9999.0,-9999.0,-9999.0,-9999.0,-9999.0,-9999.0,orientation,color,size,0.38,-7.0,13,male,1,2304.7063153,0,19
3382,-9999.0,-9999.0,-9999.0,-9999.0,-9999.0,-9999.0,-9999.0,-9999.0,-9999.0,orientation,color,size,0.38,-7.0,13,male,1,2304.7063153,0,19
3383,-9999.0,-9999.0,-9999.0,-9999.0,-9999.0,-9999.0,-9999.0,-9999.0,-9999.0,orientation,color,size,0.38,-7.0,13,male,1,2304.7063153,0,19
3384,-9999.0,-9999.0,-9999.0,-9999.0,-9999.0,-9999.0,-9999.0,-9999.0,-9999.0,orientation,color,size,0.38,-7.0,13,male,1,2304.7063153,0,19
3385,-9999.0,-9999.0,-9999.0,-9999.0,-9999.0,-9999.0,-9999.0,-9999.0,-9999.0,orientation,color,size,0.38,-7.0,13,male,1,2304.7063153,0,19
3386,-9999.0,-9999.0,-9999.0,-9999.0,-9999.0,-9999.0,-9999.0,-9999.0,-9999.0,orientation,color,size,0.38,-7.0,13,male,1,2304.7063153,0,19
3387,-9999.0,-9999.0,-9999.0,-9999.0,-9999.0,-9999.0,-9999.0,-9999.0,-9999.0,orientation,color,size,0.38,-7.0,13,male,1,2304.7063153,0,19
3388,-9999.0,-9999.0,-9999.0,-9999.0,-9999.0,-9999.0,-9999.0,-9999.0,-9999.0,orientation,color,size,0.38,-7.0,13,male,1,2304.7063153,0,19
3389,-9999.0,-9999.0,-9999.0,-9999.0,-9999.0,-9999.0,-9999.0,-9999.0,-9999.0,orientation,color,size,0.38,-7.0,13,male,1,2304.7063153,0,19
3390,-9999.0,-9999.0,-9999.0,-9999.0,-9999.0,-9999.0,-9999.0,-9999.0,-9999.0,orientation,color,size,0.38,-7.0,13,male,1,2304.7063153,0,19
3391,-9999.0,-9999.0,-9999.0,-9999.0,-9999.0,-9999.0,-9999.0,-9999.0,-9999.0,orientation,color,size,0.38,-7.0,13,male,1,2304.7063153,0,19
3392,-9999.0,-9999.0,-9999.0,-9999.0,-9999.0,-9999.0,-9999.0,-9999.0,-9999.0,orientation,color,size,0.38,-7.0,13,male,1,2304.7063153,0,19
3393,-9999.0,-9999.0,-9999.0,-9999.0,-9999.0,-9999.0,-9999.0,-9999.0,-9999.0,orientation,color,size,0.38,-7.0,13,male,1,2304.7063153,0,19
3394,-9999.0,-9999.0,-9999.0,-9999.0,-9999.0,-9999.0,-9999.0,-9999.0,-9999.0,orientation,color,size,0.38,-7.0,13,male,1,2304.7063153,0,19
3395,-9999.0,-9999.0,-9999.0,-9999.0,-9999.0,-9999.0,-9999.0,-9999.0,-9999.0,orientation,color,size,0.38,-7.0,13,male,1,2304.7063153,0,19
3396,-9999.0,-9999.0,-9999.0,-9999.0,-9999.0,-9999.0,-9999.0,-9999.0,-9999.0,orientation,color,size,0.38,-7.0,13,male,1,2304.7063153,0,19
3397,-9999.0,-9999.0,-9999.0,-9999.0,-9999.0,-9999.0,-9999.0,-9999.0,-9999.0,orientation,color,size,0.38,-7.0,13,male,1,2304.7063153,0,19
3398,-9999.0,-9999.0,-9999.0,-9999.0,-9999.0,-9999.0,-9999.0,-9999.0,-9999.0,orientation,color,size,0.38,-7.0,13,male,1,2304.7063153,0,19
3399,-9999.0,-9999.0,-9999.0,-9999.0,-9999.0,-9999.0,-9999.0,-9999.0,-9999.0,orientation,color,size,0.38,-7.0,13,male,1,2304.7063153,0,19
3400,-9999.0,-9999.0,-9999.0,-9999.0,-9999.0,-9999.0,-9999.0,-9999.0,-9999.0,orientation,color,size,0.38,-7.0,13,male,1,2304.7063153,0,19
3401,-9999.0,-9999.0,-9999.0,-9999.0,-9999.0,-9999.0,-9999.0,-9999.0,-9999.0,orientation,color,size,0.38,-7.0,13,male,1,2304.7063153,0,19
3402,-9999.0,-9999.0,-9999.0,-9999.0,-9999.0,-9999.0,-9999.0,-9999.0,-9999.0,orientation,color,size,0.38,-7.0,13,male,1,2304.7063153,0,19
3403,-9999.0,-9999.0,-9999.0,-9999.0,-9999.0,-9999.0,-9999.0,-9999.0,-9999.0,orientation,color,size,0.38,-7.0,13,male,1,2304.7063153,0,19
3404,-9999.0,-9999.0,-9999.0,-9999.0,-9999.0,-9999.0,-9999.0,-9999.0,-9999.0,orientation,color,size,0.38,-7.0,13,male,1,2304.7063153,0,19
3405,-9999.0,-9999.0,-9999.0,-9999.0,-9999.0,-9999.0,-9999.0,-9999.0,-9999.0,orientation,color,size,0.38,-7.0,13,male,1,2304.7063153,0,19
3406,-9999.0,-9999.0,-9999.0,-9999.0,-9999.0,-9999.0,-9999.0,-9999.0,-9999.0,orientation,color,size,0.38,-7.0,13,male,1,2304.7063153,0,19
3407,-9999.0,-9999.0,-9999.0,-9999.0,-9999.0,-9999.0,-9999.0,-9999.0,-9999.0,orientation,color,size,0.38,-7.0,13,male,1,2304.7063153,0,19
3408,-9999.0,-9999.0,-9999.0,-9999.0,-9999.0,-9999.0,-9999.0,-9999.0,-9999.0,orientation,color,size,0.38,-7.0,13,male,1,2304.7063153,0,19
3409,-9999.0,-9999.0,-9999.0,-9999.0,-9999.0,-9999.0,-9999.0,-9999.0,-9999.0,orientation,color,size,0.38,-7.0,13,male,1,2304.7063153,0,19
3410,-9999.0,-9999.0,-9999.0,-9999.0,-9999.0,-9999.0,-9999.0,-9999.0,-9999.0,orientation,color,size,0.38,-7.0,13,male,1,2304.7063153,0,19
3411,-9999.0,-9999.0,-9999.0,-9999.0,-9999.0,-9999.0,-9999.0,-9999.0,-9999.0,orientation,color,size,0.38,-7.0,13,male,1,2304.7063153,0,19
3412,-9999.0,-9999.0,-9999.0,-9999.0,-9999.0,-9999.0,-9999.0,-9999.0,-9999.0,orientation,color,size,0.38,-7.0,13,male,1,2304.7063153,0,19
3413,-9999.0,-9999.0,-9999.0,-9999.0,-9999.0,-9999.0,-9999.0,-9999.0,-9999.0,orientation,color,size,0.38,-7.0,13,male,1,2304.7063153,0,19
3414,-9999.0,-9999.0,-9999.0,-9999.0,-9999.0,-9999.0,-9999.0,-9999.0,-9999.0,orientation,color,size,0.38,-7.0,13,male,1,2304.7063153,0,19
3415,-9999.0,-9999.0,-9999.0,-9999.0,-9999.0,-9999.0,-9999.0,-9999.0,-9999.0,orientation,color,size,0.38,-7.0,13,male,1,2304.7063153,0,19
3416,-9999.0,-9999.0,-9999.0,-9999.0,-9999.0,-9999.0,-9999.0,-9999.0,-9999.0,orientation,color,size,0.38,-7.0,13,male,1,2304.7063153,0,19
3417,-9999.0,-9999.0,-9999.0,-9999.0,-9999.0,-9999.0,-9999.0,-9999.0,-9999.0,orientation,color,size,0.38,-7.0,13,male,1,2304.7063153,0,19
3418,-9999.0,-9999.0,-9999.0,-9999.0,-9999.0,-9999.0,-9999.0,-9999.0,-9999.0,orientation,color,size,0.38,-7.0,13,male,1,2304.7063153,0,19
3419,-9999.0,-9999.0,-9999.0,-9999.0,-9999.0,-9999.0,-9999.0,-9999.0,-9999.0,orientation,color,size,0.38,-7.0,13,male,1,2304.7063153,0,19
3420,-9999.0,-9999.0,-9999.0,-9999.0,-9999.0,-9999.0,-9999.0,-9999.0,-9999.0,orientation,color,size,0.38,-7.0,13,male,1,2304.7063153,0,19
3421,-9999.0,-9999.0,-9999.0,-9999.0,-9999.0,-9999.0,-9999.0,-9999.0,-9999.0,orientation,color,size,0.38,-7.0,13,male,1,2304.7063153,0,19
3422,-9999.0,-9999.0,-9999.0,-9999.0,-9999.0,-9999.0,-9999.0,-9999.0,-9999.0,orientation,color,size,0.38,-7.0,13,male,1,2304.7063153,0,19
3423,-9999.0,-9999.0,-9999.0,-9999.0,-9999.0,-9999.0,-9999.0,-9999.0,-9999.0,orientation,color,size,0.38,-7.0,13,male,1,2304.7063153,0,19
3424,-9999.0,-9999.0,-9999.0,-9999.0,-9999.0,-9999.0,-9999.0,-9999.0,-9999.0,orientation,color,size,0.38,-7.0,13,male,1,2304.7063153,0,19
3425,-9999.0,-9999.0,-9999.0,-9999.0,-9999.0,-9999.0,-9999.0,-9999.0,-9999.0,orientation,color,size,0.38,-7.0,13,male,1,2304.7063153,0,19
3426,-9999.0,-9999.0,-9999.0,-9999.0,-9999.0,-9999.0,-9999.0,-9999.0,-9999.0,orientation,color,size,0.38,-7.0,13,male,1,2304.7063153,0,19
3427,-9999.0,-9999.0,-9999.0,-9999.0,-9999.0,-9999.0,-9999.0,-9999.0,-9999.0,orientation,color,size,0.38,-7.0,13,male,1,2304.7063153,0,19
3428,-9999.0,-9999.0,-9999.0,-9999.0,-9999.0,-9999.0,-9999.0,-9999.0,-9999.0,orientation,color,size,0.38,-7.0,13,male,1,2304.7063153,0,19
3429,-9999.0,-9999.0,-9999.0,-9999.0,-9999.0,-9999.0,-9999.0,-9999.0,-9999.0,orientation,color,size,0.38,-7.0,13,male,1,2304.7063153,0,19
3430,-9999.0,-9999.0,-9999.0,-9999.0,-9999.0,-9999.0,-9999.0,-9999.0,-9999.0,orientation,color,size,0.38,-7.0,13,male,1,2304.7063153,0,19
3431,-9999.0,-9999.0,-9999.0,-9999.0,-9999.0,-9999.0,-9999.0,-9999.0,-9999.0,orientation,color,size,0.38,-7.0,13,male,1,2304.7063153,0,19
3432,-9999.0,-9999.0,-9999.0,-9999.0,-9999.0,-9999.0,-9999.0,-9999.0,-9999.0,orientation,color,size,0.38,-7.0,13,male,1,2304.7063153,0,19
3433,-9999.0,-9999.0,-9999.0,-9999.0,-9999.0,-9999.0,-9999.0,-9999.0,-9999.0,orientation,color,size,0.38,-7.0,13,male,1,2304.7063153,0,19
3434,-9999.0,-9999.0,-9999.0,-9999.0,-9999.0,-9999.0,-9999.0,-9999.0,-9999.0,orientation,color,size,0.38,-7.0,13,male,1,2304.7063153,0,19
3435,-9999.0,-9999.0,-9999.0,-9999.0,-9999.0,-9999.0,-9999.0,-9999.0,-9999.0,orientation,color,size,0.38,-7.0,13,male,1,2304.7063153,0,19
3436,-9999.0,-9999.0,-9999.0,-9999.0,-9999.0,-9999.0,-9999.0,-9999.0,-9999.0,orientation,color,size,0.38,-7.0,13,male,1,2304.7063153,0,19
3437,-9999.0,-9999.0,-9999.0,-9999.0,-9999.0,-9999.0,-9999.0,-9999.0,-9999.0,orientation,color,size,0.38,-7.0,13,male,1,2304.7063153,0,19
3438,-9999.0,-9999.0,-9999.0,-9999.0,-9999.0,-9999.0,-9999.0,-9999.0,-9999.0,orientation,color,size,0.38,-7.0,13,male,1,2304.7063153,0,19
3439,-9999.0,-9999.0,-9999.0,-9999.0,-9999.0,-9999.0,-9999.0,-9999.0,-9999.0,orientation,color,size,0.38,-7.0,13,male,1,2304.7063153,0,19
3440,-9999.0,-9999.0,-9999.0,-9999.0,-9999.0,-9999.0,-9999.0,-9999.0,-9999.0,orientation,color,size,0.38,-7.0,13,male,1,2304.7063153,0,19
3441,-9999.0,-9999.0,-9999.0,-9999.0,-9999.0,-9999.0,-9999.0,-9999.0,-9999.0,orientation,color,size,0.38,-7.0,13,male,1,2304.7063153,0,19
3442,-9999.0,-9999.0,-9999.0,-9999.0,-9999.0,-9999.0,-9999.0,-9999.0,-9999.0,orientation,color,size,0.38,-7.0,13,male,1,2304.7063153,0,19
3443,-9999.0,-9999.0,-9999.0,-9999.0,-9999.0,-9999.0,-9999.0,-9999.0,-9999.0,orientation,color,size,0.38,-7.0,13,male,1,2304.7063153,0,19
3444,-9999.0,-9999.0,-9999.0,-9999.0,-9999.0,-9999.0,-9999.0,-9999.0,-9999.0,orientation,color,size,0.38,-7.0,13,male,1,2304.7063153,0,19
3445,-9999.0,-9999.0,-9999.0,-9999.0,-9999.0,-9999.0,-9999.0,-9999.0,-9999.0,orientation,color,size,0.38,-7.0,13,male,1,2304.7063153,0,19
3446,-9999.0,-9999.0,-9999.0,-9999.0,-9999.0,-9999.0,-9999.0,-9999.0,-9999.0,orientation,color,size,0.38,-7.0,13,male,1,2304.7063153,0,19
3447,-9999.0,-9999.0,-9999.0,-9999.0,-9999.0,-9999.0,-9999.0,-9999.0,-9999.0,orientation,color,size,0.38,-7.0,13,male,1,2304.7063153,0,19
3448,-9999.0,-9999.0,-9999.0,-9999.0,-9999.0,-9999.0,-9999.0,-9999.0,-9999.0,orientation,color,size,0.38,-7.0,13,male,1,2304.7063153,0,19
3449,-9999.0,-9999.0,-9999.0,-9999.0,-9999.0,-9999.0,-9999.0,-9999.0,-9999.0,orientation,color,size,0.38,-7.0,13,male,1,2304.7063153,0,19
3450,-9999.0,-9999.0,-9999.0,-9999.0,-9999.0,-9999.0,-9999.0,-9999.0,-9999.0,orientation,color,size,0.38,-7.0,13,male,1,2304.7063153,0,19
3451,-9999.0,-9999.0,-9999.0,-9999.0,-9999.0,-9999.0,-9999.0,-9999.0,-9999.0,orientation,color,size,0.38,-7.0,13,male,1,2304.7063153,0,19
3452,-9999.0,-9999.0,-9999.0,-9999.0,-9999.0,-9999.0,-9999.0,-9999.0,-9999.0,orientation,color,size,0.38,-7.0,13,male,1,2304.7063153,0,19
3453,-9999.0,-9999.0,-9999.0,-9999.0,-9999.0,-9999.0,-9999.0,-9999.0,-9999.0,orientation,color,size,0.38,-7.0,13,male,1,2304.7063153,0,19
3454,-9999.0,-9999.0,-9999.0,-9999.0,-9999.0,-9999.0,-9999.0,-9999.0,-9999.0,orientation,color,size,0.38,-7.0,13,male,1,2304.7063153,0,19
3455,-9999.0,-9999.0,-9999.0,-9999.0,-9999.0,-9999.0,-9999.0,-9999.0,-9999.0,orientation,color,size,0.38,-7.0,13,male,1,2304.7063153,0,19
3456,-9999.0,-9999.0,-9999.0,-9999.0,-9999.0,-9999.0,-9999.0,-9999.0,-9999.0,orientation,color,size,0.38,-7.0,13,male,1,2304.7063153,0,19
3457,-9999.0,-9999.0,-9999.0,-9999.0,-9999.0,-9999.0,-9999.0,-9999.0,-9999.0,orientation,color,size,0.38,-7.0,13,male,1,2304.7063153,0,19
3458,-9999.0,-9999.0,-9999.0,-9999.0,-9999.0,-9999.0,-9999.0,-9999.0,-9999.0,orientation,color,size,0.38,-7.0,13,male,1,2304.7063153,0,19
3459,-9999.0,-9999.0,-9999.0,-9999.0,-9999.0,-9999.0,-9999.0,-9999.0,-9999.0,orientation,color,size,0.38,-7.0,13,male,1,2304.7063153,0,19
3460,-9999.0,-9999.0,-9999.0,-9999.0,-9999.0,-9999.0,-9999.0,-9999.0,-9999.0,orientation,color,size,0.38,-7.0,13,male,1,2304.7063153,0,19
3461,-9999.0,-9999.0,-9999.0,-9999.0,-9999.0,-9999.0,-9999.0,-9999.0,-9999.0,orientation,color,size,0.38,-7.0,13,male,1,2304.7063153,0,19
3462,-9999.0,-9999.0,-9999.0,-9999.0,-9999.0,-9999.0,-9999.0,-9999.0,-9999.0,orientation,color,size,0.38,-7.0,13,male,1,2304.7063153,0,19
3463,-9999.0,-9999.0,-9999.0,-9999.0,-9999.0,-9999.0,-9999.0,-9999.0,-9999.0,orientation,color,size,0.38,-7.0,13,male,1,2304.7063153,0,19
3464,-9999.0,-9999.0,-9999.0,-9999.0,-9999.0,-9999.0,-9999.0,-9999.0,-9999.0,orientation,color,size,0.38,-7.0,13,male,1,2304.7063153,0,19
3465,-9999.0,-9999.0,-9999.0,-9999.0,-9999.0,-9999.0,-9999.0,-9999.0,-9999.0,orientation,color,size,0.38,-7.0,13,male,1,2304.7063153,0,19
3466,-9999.0,-9999.0,-9999.0,-9999.0,-9999.0,-9999.0,-9999.0,-9999.0,-9999.0,orientation,color,size,0.38,-7.0,13,male,1,2304.7063153,0,19
3467,-9999.0,-9999.0,-9999.0,-9999.0,-9999.0,-9999.0,-9999.0,-9999.0,-9999.0,orientation,color,size,0.38,-7.0,13,male,1,2304.7063153,0,19
3468,-9999.0,-9999.0,-9999.0,-9999.0,-9999.0,-9999.0,-9999.0,-9999.0,-9999.0,orientation,color,size,0.38,-7.0,13,male,1,2304.7063153,0,19
3469,-9999.0,-9999.0,-9999.0,-9999.0,-9999.0,-9999.0,-9999.0,-9999.0,-9999.0,orientation,color,size,0.38,-7.0,13,male,1,2304.7063153,0,19
3470,-9999.0,-9999.0,-9999.0,-9999.0,-9999.0,-9999.0,-9999.0,-9999.0,-9999.0,orientation,color,size,0.38,-7.0,13,male,1,2304.7063153,0,19
3471,-9999.0,-9999.0,-9999.0,-9999.0,-9999.0,-9999.0,-9999.0,-9999.0,-9999.0,orientation,color,size,0.38,-7.0,13,male,1,2304.7063153,0,19
3472,-9999.0,-9999.0,-9999.0,-9999.0,-9999.0,-9999.0,-9999.0,-9999.0,-9999.0,orientation,color,size,0.38,-7.0,13,male,1,2304.7063153,0,19
3473,-9999.0,-9999.0,-9999.0,-9999.0,-9999.0,-9999.0,-9999.0,-9999.0,-9999.0,orientation,color,size,0.38,-7.0,13,male,1,2304.7063153,0,19
3474,-9999.0,-9999.0,-9999.0,-9999.0,-9999.0,-9999.0,-9999.0,-9999.0,-9999.0,orientation,color,size,0.38,-7.0,13,male,1,2304.7063153,0,19
3475,-9999.0,-9999.0,-9999.0,-9999.0,-9999.0,-9999.0,-9999.0,-9999.0,-9999.0,orientation,color,size,0.38,-7.0,13,male,1,2304.7063153,0,19
3476,-9999.0,-9999.0,-9999.0,-9999.0,-9999.0,-9999.0,-9999.0,-9999.0,-9999.0,orientation,color,size,0.38,-7.0,13,male,1,2304.7063153,0,19
3477,-9999.0,-9999.0,-9999.0,-9999.0,-9999.0,-9999.0,-9999.0,-9999.0,-9999.0,orientation,color,size,0.38,-7.0,13,male,1,2304.7063153,0,19
3478,-9999.0,-9999.0,-9999.0,-9999.0,-9999.0,-9999.0,-9999.0,-9999.0,-9999.0,orientation,color,size,0.38,-7.0,13,male,1,2304.7063153,0,19
3479,-9999.0,-9999.0,-9999.0,-9999.0,-9999.0,-9999.0,-9999.0,-9999.0,-9999.0,orientation,color,size,0.38,-7.0,13,male,1,2304.7063153,0,19
3480,-9999.0,-9999.0,-9999.0,-9999.0,-9999.0,-9999.0,-9999.0,-9999.0,-9999.0,orientation,color,size,0.38,-7.0,13,male,1,2304.7063153,0,19
3481,-9999.0,-9999.0,-9999.0,-9999.0,-9999.0,-9999.0,-9999.0,-9999.0,-9999.0,orientation,color,size,0.38,-7.0,13,male,1,2304.7063153,0,19
3482,-9999.0,-9999.0,-9999.0,-9999.0,-9999.0,-9999.0,-9999.0,-9999.0,-9999.0,orientation,color,size,0.38,-7.0,13,male,1,2304.7063153,0,19
3483,-9999.0,-9999.0,-9999.0,-9999.0,-9999.0,-9999.0,-9999.0,-9999.0,-9999.0,orientation,color,size,0.38,-7.0,13,male,1,2304.7063153,0,19
3484,-9999.0,-9999.0,-9999.0,-9999.0,-9999.0,-9999.0,-9999.0,-9999.0,-9999.0,orientation,color,size,0.38,-7.0,13,male,1,2304.7063153,0,19
3485,-9999.0,-9999.0,-9999.0,-9999.0,-9999.0,-9999.0,-9999.0,-9999.0,-9999.0,orientation,color,size,0.38,-7.0,13,male,1,2304.7063153,0,19
3486,-9999.0,-9999.0,-9999.0,-9999.0,-9999.0,-9999.0,-9999.0,-9999.0,-9999.0,orientation,color,size,0.38,-7.0,13,male,1,2304.7063153,0,19
3487,-9999.0,-9999.0,-9999.0,-9999.0,-9999.0,-9999.0,-9999.0,-9999.0,-9999.0,orientation,color,size,0.38,-7.0,13,male,1,2304.7063153,0,19
3488,-9999.0,-9999.0,-9999.0,-9999.0,-9999.0,-9999.0,-9999.0,-9999.0,-9999.0,orientation,color,size,0.38,-7.0,13,male,1,2304.7063153,0,19
3489,-9999.0,-9999.0,-9999.0,-9999.0,-9999.0,-9999.0,-9999.0,-9999.0,-9999.0,orientation,color,size,0.38,-7.0,13,male,1,2304.7063153,0,19
3490,-9999.0,-9999.0,-9999.0,-9999.0,-9999.0,-9999.0,-9999.0,-9999.0,-9999.0,orientation,color,size,0.38,-7.0,13,male,1,2304.7063153,0,19
3491,-9999.0,-9999.0,-9999.0,-9999.0,-9999.0,-9999.0,-9999.0,-9999.0,-9999.0,orientation,color,size,0.38,-7.0,13,male,1,2304.7063153,0,19
3492,-9999.0,-9999.0,-9999.0,-9999.0,-9999.0,-9999.0,-9999.0,-9999.0,-9999.0,orientation,color,size,0.38,-7.0,13,male,1,2304.7063153,0,19
3493,-9999.0,-9999.0,-9999.0,-9999.0,-9999.0,-9999.0,-9999.0,-9999.0,-9999.0,orientation,color,size,0.38,-7.0,13,male,1,2304.7063153,0,19
3494,-9999.0,-9999.0,-9999.0,-9999.0,-9999.0,-9999.0,-9999.0,-9999.0,-9999.0,orientation,color,size,0.38,-7.0,13,male,1,2304.7063153,0,19
3495,-9999.0,-9999.0,-9999.0,-9999.0,-9999.0,-9999.0,-9999.0,-9999.0,-9999.0,orientation,color,size,0.38,-7.0,13,male,1,2304.7063153,0,19
3496,-9999.0,-9999.0,-9999.0,-9999.0,-9999.0,-9999.0,-9999.0,-9999.0,-9999.0,orientation,color,size,0.38,-7.0,13,male,1,2304.7063153,0,19
3497,-9999.0,-9999.0,-9999.0,-9999.0,-9999.0,-9999.0,-9999.0,-9999.0,-9999.0,orientation,color,size,0.38,-7.0,13,male,1,2304.7063153,0,19
3498,-9999.0,-9999.0,-9999.0,-9999.0,-9999.0,-9999.0,-9999.0,-9999.0,-9999.0,orientation,color,size,0.38,-7.0,13,male,1,2304.7063153,0,19
3499,-9999.0,-9999.0,-9999.0,-9999.0,-9999.0,-9999.0,-9999.0,-9999.0,-9999.0,orientation,color,size,0.38,-7.0,13,male,1,2304.7063153,0,19
3500,-9999.0,-9999.0,-9999.0,-9999.0,-9999.0,-9999.0,-9999.0,-9999.0,-9999.0,orientation,color,size,0.38,-7.0,13,male,1,2304.7063153,0,19
3501,-9999.0,-9999.0,-9999.0,-9999.0,-9999.0,-9999.0,-9999.0,-9999.0,-9999.0,orientation,color,size,0.38,-7.0,13,male,1,2304.7063153,0,19
3502,-9999.0,-9999.0,-9999.0,-9999.0,-9999.0,-9999.0,-9999.0,-9999.0,-9999.0,orientation,color,size,0.38,-7.0,13,male,1,2304.7063153,0,19
3503,-9999.0,-9999.0,-9999.0,-9999.0,-9999.0,-9999.0,-9999.0,-9999.0,-9999.0,orientation,color,size,0.38,-7.0,13,male,1,2304.7063153,0,19
3504,-9999.0,-9999.0,-9999.0,-9999.0,-9999.0,-9999.0,-9999.0,-9999.0,-9999.0,orientation,color,size,0.38,-7.0,13,male,1,2304.7063153,0,19
3505,-9999.0,-9999.0,-9999.0,-9999.0,-9999.0,-9999.0,-9999.0,-9999.0,-9999.0,orientation,color,size,0.38,-7.0,13,male,1,2304.7063153,0,19
3506,-9999.0,-9999.0,-9999.0,-9999.0,-9999.0,-9999.0,-9999.0,-9999.0,-9999.0,orientation,color,size,0.38,-7.0,13,male,1,2304.7063153,0,19
3507,-9999.0,-9999.0,-9999.0,-9999.0,-9999.0,-9999.0,-9999.0,-9999.0,-9999.0,orientation,color,size,0.38,-7.0,13,male,1,2304.7063153,0,19
3508,-9999.0,-9999.0,-9999.0,-9999.0,-9999.0,-9999.0,-9999.0,-9999.0,-9999.0,orientation,color,size,0.38,-7.0,13,male,1,2304.7063153,0,19
3509,-9999.0,-9999.0,-9999.0,-9999.0,-9999.0,-9999.0,-9999.0,-9999.0,-9999.0,orientation,color,size,0.38,-7.0,13,male,1,2304.7063153,0,19
3510,-9999.0,-9999.0,-9999.0,-9999.0,-9999.0,-9999.0,-9999.0,-9999.0,-9999.0,orientation,color,size,0.38,-7.0,13,male,1,2304.7063153,0,19
3511,-9999.0,-9999.0,-9999.0,-9999.0,-9999.0,-9999.0,-9999.0,-9999.0,-9999.0,orientation,color,size,0.38,-7.0,13,male,1,2304.7063153,0,19
3512,-9999.0,-9999.0,-9999.0,-9999.0,-9999.0,-9999.0,-9999.0,-9999.0,-9999.0,orientation,color,size,0.38,-7.0,13,male,1,2304.7063153,0,19
3513,-9999.0,-9999.0,-9999.0,-9999.0,-9999.0,-9999.0,-9999.0,-9999.0,-9999.0,orientation,color,size,0.38,-7.0,13,male,1,2304.7063153,0,19
3514,-9999.0,-9999.0,-9999.0,-9999.0,-9999.0,-9999.0,-9999.0,-9999.0,-9999.0,orientation,color,size,0.38,-7.0,13,male,1,2304.7063153,0,19
3515,-9999.0,-9999.0,-9999.0,-9999.0,-9999.0,-9999.0,-9999.0,-9999.0,-9999.0,orientation,color,size,0.38,-7.0,13,male,1,2304.7063153,0,19
3516,-9999.0,-9999.0,-9999.0,-9999.0,-9999.0,-9999.0,-9999.0,-9999.0,-9999.0,orientation,color,size,0.38,-7.0,13,male,1,2304.7063153,0,19
3517,-9999.0,-9999.0,-9999.0,-9999.0,-9999.0,-9999.0,-9999.0,-9999.0,-9999.0,orientation,color,size,0.38,-7.0,13,male,1,2304.7063153,0,19
3518,-9999.0,-9999.0,-9999.0,-9999.0,-9999.0,-9999.0,-9999.0,-9999.0,-9999.0,orientation,color,size,0.38,-7.0,13,male,1,2304.7063153,0,19
3519,-9999.0,-9999.0,-9999.0,-9999.0,-9999.0,-9999.0,-9999.0,-9999.0,-9999.0,orientation,color,size,0.38,-7.0,13,male,1,2304.7063153,0,19
3520,-9999.0,-9999.0,-9999.0,-9999.0,-9999.0,-9999.0,-9999.0,-9999.0,-9999.0,orientation,color,size,0.38,-7.0,13,male,1,2304.7063153,0,19
3521,-9999.0,-9999.0,-9999.0,-9999.0,-9999.0,-9999.0,-9999.0,-9999.0,-9999.0,orientation,color,size,0.38,-7.0,13,male,1,2304.7063153,0,19
3522,-9999.0,-9999.0,-9999.0,-9999.0,-9999.0,-9999.0,-9999.0,-9999.0,-9999.0,orientation,color,size,0.38,-7.0,13,male,1,2304.7063153,0,19
3523,-9999.0,-9999.0,-9999.0,-9999.0,-9999.0,-9999.0,-9999.0,-9999.0,-9999.0,orientation,color,size,0.38,-7.0,13,male,1,2304.7063153,0,19
3524,-9999.0,-9999.0,-9999.0,-9999.0,-9999.0,-9999.0,-9999.0,-9999.0,-9999.0,orientation,color,size,0.38,-7.0,13,male,1,2304.7063153,0,19
3525,-9999.0,-9999.0,-9999.0,-9999.0,-9999.0,-9999.0,-9999.0,-9999.0,-9999.0,orientation,color,size,0.38,-7.0,13,male,1,2304.7063153,0,19
3526,-9999.0,-9999.0,-9999.0,-9999.0,-9999.0,-9999.0,-9999.0,-9999.0,-9999.0,orientation,color,size,0.38,-7.0,13,male,1,2304.7063153,0,19
3527,-9999.0,-9999.0,-9999.0,-9999.0,-9999.0,-9999.0,-9999.0,-9999.0,-9999.0,orientation,color,size,0.38,-7.0,13,male,1,2304.7063153,0,19
3528,-9999.0,-9999.0,-9999.0,-9999.0,-9999.0,-9999.0,-9999.0,-9999.0,-9999.0,orientation,color,size,0.38,-7.0,13,male,1,2304.7063153,0,19
3529,-9999.0,-9999.0,-9999.0,-9999.0,-9999.0,-9999.0,-9999.0,-9999.0,-9999.0,orientation,color,size,0.38,-7.0,13,male,1,2304.7063153,0,19
3530,-9999.0,-9999.0,-9999.0,-9999.0,-9999.0,-9999.0,-9999.0,-9999.0,-9999.0,orientation,color,size,0.38,-7.0,13,male,1,2304.7063153,0,19
3531,-9999.0,-9999.0,-9999.0,-9999.0,-9999.0,-9999.0,-9999.0,-9999.0,-9999.0,orientation,color,size,0.38,-7.0,13,male,1,2304.7063153,0,19
3532,-9999.0,-9999.0,-9999.0,-9999.0,-9999.0,-9999.0,-9999.0,-9999.0,-9999.0,orientation,color,size,0.38,-7.0,13,male,1,2304.7063153,0,19
3533,-9999.0,-9999.0,-9999.0,-9999.0,-9999.0,-9999.0,-9999.0,-9999.0,-9999.0,orientation,color,size,0.38,-7.0,13,male,1,2304.7063153,0,19
3534,-9999.0,-9999.0,-9999.0,-9999.0,-9999.0,-9999.0,-9999.0,-9999.0,-9999.0,orientation,color,size,0.38,-7.0,13,male,1,2304.7063153,0,19
3535,-9999.0,-9999.0,-9999.0,-9999.0,-9999.0,-9999.0,-9999.0,-9999.0,-9999.0,orientation,color,size,0.38,-7.0,13,male,1,2304.7063153,0,19
3536,-9999.0,-9999.0,-9999.0,-9999.0,-9999.0,-9999.0,-9999.0,-9999.0,-9999.0,orientation,color,size,0.38,-7.0,13,male,1,2304.7063153,0,19
3537,-9999.0,-9999.0,-9999.0,-9999.0,-9999.0,-9999.0,-9999.0,-9999.0,-9999.0,orientation,color,size,0.38,-7.0,13,male,1,2304.7063153,0,19
3538,-9999.0,-9999.0,-9999.0,-9999.0,-9999.0,-9999.0,-9999.0,-9999.0,-9999.0,orientation,color,size,0.38,-7.0,13,male,1,2304.7063153,0,19
3539,-9999.0,-9999.0,-9999.0,-9999.0,-9999.0,-9999.0,-9999.0,-9999.0,-9999.0,orientation,color,size,0.38,-7.0,13,male,1,2304.7063153,0,19
3540,-9999.0,-9999.0,-9999.0,-9999.0,-9999.0,-9999.0,-9999.0,-9999.0,-9999.0,orientation,color,size,0.38,-7.0,13,male,1,2304.7063153,0,19
3541,-9999.0,-9999.0,-9999.0,-9999.0,-9999.0,-9999.0,-9999.0,-9999.0,-9999.0,orientation,color,size,0.38,-7.0,13,male,1,2304.7063153,0,19
3542,-9999.0,-9999.0,-9999.0,-9999.0,-9999.0,-9999.0,-9999.0,-9999.0,-9999.0,orientation,color,size,0.38,-7.0,13,male,1,2304.7063153,0,19
3543,-9999.0,-9999.0,-9999.0,-9999.0,-9999.0,-9999.0,-9999.0,-9999.0,-9999.0,orientation,color,size,0.38,-7.0,13,male,1,2304.7063153,0,19
3544,-9999.0,-9999.0,-9999.0,-9999.0,-9999.0,-9999.0,-9999.0,-9999.0,-9999.0,orientation,color,size,0.38,-7.0,13,male,1,2304.7063153,0,19
3545,-9999.0,-9999.0,-9999.0,-9999.0,-9999.0,-9999.0,-9999.0,-9999.0,-9999.0,orientation,color,size,0.38,-7.0,13,male,1,2304.7063153,0,19
3546,-9999.0,-9999.0,-9999.0,-9999.0,-9999.0,-9999.0,-9999.0,-9999.0,-9999.0,orientation,color,size,0.38,-7.0,13,male,1,2304.7063153,0,19
3547,-9999.0,-9999.0,-9999.0,-9999.0,-9999.0,-9999.0,-9999.0,-9999.0,-9999.0,orientation,color,size,0.38,-7.0,13,male,1,2304.7063153,0,19
3548,-9999.0,-9999.0,-9999.0,-9999.0,-9999.0,-9999.0,-9999.0,-9999.0,-9999.0,orientation,color,size,0.38,-7.0,13,male,1,2304.7063153,0,19
3549,-9999.0,-9999.0,-9999.0,-9999.0,-9999.0,-9999.0,-9999.0,-9999.0,-9999.0,orientation,color,size,0.38,-7.0,13,male,1,2304.7063153,0,19
3550,-9999.0,-9999.0,-9999.0,-9999.0,-9999.0,-9999.0,-9999.0,-9999.0,-9999.0,orientation,color,size,0.38,-7.0,13,male,1,2304.7063153,0,19
3551,-9999.0,-9999.0,-9999.0,-9999.0,-9999.0,-9999.0,-9999.0,-9999.0,-9999.0,orientation,color,size,0.38,-7.0,13,male,1,2304.7063153,0,19
3552,-9999.0,-9999.0,-9999.0,-9999.0,-9999.0,-9999.0,-9999.0,-9999.0,-9999.0,orientation,color,size,0.38,-7.0,13,male,1,2304.7063153,0,19
3553,-9999.0,-9999.0,-9999.0,-9999.0,-9999.0,-9999.0,-9999.0,-9999.0,-9999.0,orientation,color,size,0.38,-7.0,13,male,1,2304.7063153,0,19
3554,-9999.0,-9999.0,-9999.0,-9999.0,-9999.0,-9999.0,-9999.0,-9999.0,-9999.0,orientation,color,size,0.38,-7.0,13,male,1,2304.7063153,0,19
3555,-9999.0,-9999.0,-9999.0,-9999.0,-9999.0,-9999.0,-9999.0,-9999.0,-9999.0,orientation,color,size,0.38,-7.0,13,male,1,2304.7063153,0,19
3556,-9999.0,-9999.0,-9999.0,-9999.0,-9999.0,-9999.0,-9999.0,-9999.0,-9999.0,orientation,color,size,0.38,-7.0,13,male,1,2304.7063153,0,19
3557,-9999.0,-9999.0,-9999.0,-9999.0,-9999.0,-9999.0,-9999.0,-9999.0,-9999.0,orientation,color,size,0.38,-7.0,13,male,1,2304.7063153,0,19
3558,-9999.0,-9999.0,-9999.0,-9999.0,-9999.0,-9999.0,-9999.0,-9999.0,-9999.0,orientation,color,size,0.38,-7.0,13,male,1,2304.7063153,0,19
3559,-9999.0,-9999.0,-9999.0,-9999.0,-9999.0,-9999.0,-9999.0,-9999.0,-9999.0,orientation,color,size,0.38,-7.0,13,male,1,2304.7063153,0,19
3560,-9999.0,-9999.0,-9999.0,-9999.0,-9999.0,-9999.0,-9999.0,-9999.0,-9999.0,orientation,color,size,0.38,-7.0,13,male,1,2304.7063153,0,19
3561,-9999.0,-9999.0,-9999.0,-9999.0,-9999.0,-9999.0,-9999.0,-9999.0,-9999.0,orientation,color,size,0.38,-7.0,13,male,1,2304.7063153,0,19
3562,-9999.0,-9999.0,-9999.0,-9999.0,-9999.0,-9999.0,-9999.0,-9999.0,-9999.0,orientation,color,size,0.38,-7.0,13,male,1,2304.7063153,0,19
3563,-9999.0,-9999.0,-9999.0,-9999.0,-9999.0,-9999.0,-9999.0,-9999.0,-9999.0,orientation,color,size,0.38,-7.0,13,male,1,2304.7063153,0,19
3564,-9999.0,-9999.0,-9999.0,-9999.0,-9999.0,-9999.0,-9999.0,-9999.0,-9999.0,orientation,color,size,0.38,-7.0,13,male,1,2304.7063153,0,19
3565,-9999.0,-9999.0,-9999.0,-9999.0,-9999.0,-9999.0,-9999.0,-9999.0,-9999.0,orientation,color,size,0.38,-7.0,13,male,1,2304.7063153,0,19
3566,-9999.0,-9999.0,-9999.0,-9999.0,-9999.0,-9999.0,-9999.0,-9999.0,-9999.0,orientation,color,size,0.38,-7.0,13,male,1,2304.7063153,0,19
3567,-9999.0,-9999.0,-9999.0,-9999.0,-9999.0,-9999.0,-9999.0,-9999.0,-9999.0,orientation,color,size,0.38,-7.0,13,male,1,2304.7063153,0,19
3568,-9999.0,-9999.0,-9999.0,-9999.0,-9999.0,-9999.0,-9999.0,-9999.0,-9999.0,orientation,color,size,0.38,-7.0,13,male,1,2304.7063153,0,19
3569,-9999.0,-9999.0,-9999.0,-9999.0,-9999.0,-9999.0,-9999.0,-9999.0,-9999.0,orientation,color,size,0.38,-7.0,13,male,1,2304.7063153,0,19
3570,-9999.0,-9999.0,-9999.0,-9999.0,-9999.0,-9999.0,-9999.0,-9999.0,-9999.0,orientation,color,size,0.38,-7.0,13,male,1,2304.7063153,0,19
3571,-9999.0,-9999.0,-9999.0,-9999.0,-9999.0,-9999.0,-9999.0,-9999.0,-9999.0,orientation,color,size,0.38,-7.0,13,male,1,2304.7063153,0,19
3572,-9999.0,-9999.0,-9999.0,-9999.0,-9999.0,-9999.0,-9999.0,-9999.0,-9999.0,orientation,color,size,0.38,-7.0,13,male,1,2304.7063153,0,19
3573,-9999.0,-9999.0,-9999.0,-9999.0,-9999.0,-9999.0,-9999.0,-9999.0,-9999.0,orientation,color,size,0.38,-7.0,13,male,1,2304.7063153,0,19
3574,-9999.0,-9999.0,-9999.0,-9999.0,-9999.0,-9999.0,-9999.0,-9999.0,-9999.0,orientation,color,size,0.38,-7.0,13,male,1,2304.7063153,0,19
3575,-9999.0,-9999.0,-9999.0,-9999.0,-9999.0,-9999.0,-9999.0,-9999.0,-9999.0,orientation,color,size,0.38,-7.0,13,male,1,2304.7063153,0,19
3576,-9999.0,-9999.0,-9999.0,-9999.0,-9999.0,-9999.0,-9999.0,-9999.0,-9999.0,orientation,color,size,0.38,-7.0,13,male,1,2304.7063153,0,19
3577,-9999.0,-9999.0,-9999.0,-9999.0,-9999.0,-9999.0,-9999.0,-9999.0,-9999.0,orientation,color,size,0.38,-7.0,13,male,1,2304.7063153,0,19
3578,-9999.0,-9999.0,-9999.0,-9999.0,-9999.0,-9999.0,-9999.0,-9999.0,-9999.0,orientation,color,size,0.38,-7.0,13,male,1,2304.7063153,0,19
3579,-9999.0,-9999.0,-9999.0,-9999.0,-9999.0,-9999.0,-9999.0,-9999.0,-9999.0,orientation,color,size,0.38,-7.0,13,male,1,2304.7063153,0,19
3580,-9999.0,-9999.0,-9999.0,-9999.0,-9999.0,-9999.0,-9999.0,-9999.0,-9999.0,orientation,color,size,0.38,-7.0,13,male,1,2304.7063153,0,19
3581,-9999.0,-9999.0,-9999.0,-9999.0,-9999.0,-9999.0,-9999.0,-9999.0,-9999.0,orientation,color,size,0.38,-7.0,13,male,1,2304.7063153,0,19
3582,-9999.0,-9999.0,-9999.0,-9999.0,-9999.0,-9999.0,-9999.0,-9999.0,-9999.0,orientation,color,size,0.38,-7.0,13,male,1,2304.7063153,0,19
3583,-9999.0,-9999.0,-9999.0,-9999.0,-9999.0,-9999.0,-9999.0,-9999.0,-9999.0,orientation,color,size,0.38,-7.0,13,male,1,2304.7063153,0,19
3584,-9999.0,-9999.0,-9999.0,-9999.0,-9999.0,-9999.0,-9999.0,-9999.0,-9999.0,orientation,color,size,0.38,-7.0,13,male,1,2304.7063153,0,19
3585,-9999.0,-9999.0,-9999.0,-9999.0,-9999.0,-9999.0,-9999.0,-9999.0,-9999.0,orientation,color,size,0.38,-7.0,13,male,1,2304.7063153,0,19
3586,-9999.0,-9999.0,-9999.0,-9999.0,-9999.0,-9999.0,-9999.0,-9999.0,-9999.0,orientation,color,size,0.38,-7.0,13,male,1,2304.7063153,0,19
3587,-9999.0,-9999.0,-9999.0,-9999.0,-9999.0,-9999.0,-9999.0,-9999.0,-9999.0,orientation,color,size,0.38,-7.0,13,male,1,2304.7063153,0,19
3588,-9999.0,-9999.0,-9999.0,-9999.0,-9999.0,-9999.0,-9999.0,-9999.0,-9999.0,orientation,color,size,0.38,-7.0,13,male,1,2304.7063153,0,19
3589,-9999.0,-9999.0,-9999.0,-9999.0,-9999.0,-9999.0,-9999.0,-9999.0,-9999.0,orientation,color,size,0.38,-7.0,13,male,1,2304.7063153,0,19
3590,-9999.0,-9999.0,-9999.0,-9999.0,-9999.0,-9999.0,-9999.0,-9999.0,-9999.0,orientation,color,size,0.38,-7.0,13,male,1,2304.7063153,0,19
3591,-9999.0,-9999.0,-9999.0,-9999.0,-9999.0,-9999.0,-9999.0,-9999.0,-9999.0,orientation,color,size,0.38,-7.0,13,male,1,2304.7063153,0,19
3592,-9999.0,-9999.0,-9999.0,-9999.0,-9999.0,-9999.0,-9999.0,-9999.0,-9999.0,orientation,color,size,0.38,-7.0,13,male,1,2304.7063153,0,19
3593,-9999.0,-9999.0,-9999.0,-9999.0,-9999.0,-9999.0,-9999.0,-9999.0,-9999.0,orientation,color,size,0.38,-7.0,13,male,1,2304.7063153,0,19
3594,-9999.0,-9999.0,-9999.0,-9999.0,-9999.0,-9999.0,-9999.0,-9999.0,-9999.0,orientation,color,size,0.38,-7.0,13,male,1,2304.7063153,0,19
3595,-9999.0,-9999.0,-9999.0,-9999.0,-9999.0,-9999.0,-9999.0,-9999.0,-9999.0,orientation,color,size,0.38,-7.0,13,male,1,2304.7063153,0,19
3596,-9999.0,-9999.0,-9999.0,-9999.0,-9999.0,-9999.0,-9999.0,-9999.0,-9999.0,orientation,color,size,0.38,-7.0,13,male,1,2304.7063153,0,19
3597,-9999.0,-9999.0,-9999.0,-9999.0,-9999.0,-9999.0,-9999.0,-9999.0,-9999.0,orientation,color,size,0.38,-7.0,13,male,1,2304.7063153,0,19
3598,-9999.0,-9999.0,-9999.0,-9999.0,-9999.0,-9999.0,-9999.0,-9999.0,-9999.0,orientation,color,size,0.38,-7.0,13,male,1,2304.7063153,0,19
3599,-9999.0,-9999.0,-9999.0,-9999.0,-9999.0,-9999.0,-9999.0,-9999.0,-9999.0,orientation,color,size,0.38,-7.0,13,male,1,2304.7063153,0,19
3600,-9999.0,-9999.0,-9999.0,-9999.0,-9999.0,-9999.0,-9999.0,-9999.0,-9999.0,orientation,color,size,0.38,-7.0,13,male,1,2304.7063153,0,19
3601,-9999.0,-9999.0,-9999.0,-9999.0,-9999.0,-9999.0,-9999.0,-9999.0,-9999.0,orientation,color,size,0.38,-7.0,13,male,1,2304.7063153,0,19
3602,-9999.0,-9999.0,-9999.0,-9999.0,-9999.0,-9999.0,-9999.0,-9999.0,-9999.0,orientation,color,size,0.38,-7.0,13,male,1,2304.7063153,0,19
3603,-9999.0,-9999.0,-9999.0,-9999.0,-9999.0,-9999.0,-9999.0,-9999.0,-9999.0,orientation,color,size,0.38,-7.0,13,male,1,2304.7063153,0,19
3604,-9999.0,-9999.0,-9999.0,-9999.0,-9999.0,-9999.0,-9999.0,-9999.0,-9999.0,orientation,color,size,0.38,-7.0,13,male,1,2304.7063153,0,19
3605,-9999.0,-9999.0,-9999.0,-9999.0,-9999.0,-9999.0,-9999.0,-9999.0,-9999.0,orientation,color,size,0.38,-7.0,13,male,1,2304.7063153,0,19
3606,-9999.0,-9999.0,-9999.0,-9999.0,-9999.0,-9999.0,-9999.0,-9999.0,-9999.0,orientation,color,size,0.38,-7.0,13,male,1,2304.7063153,0,19
3607,-9999.0,-9999.0,-9999.0,-9999.0,-9999.0,-9999.0,-9999.0,-9999.0,-9999.0,orientation,color,size,0.38,-7.0,13,male,1,2304.7063153,0,19
3608,-9999.0,-9999.0,-9999.0,-9999.0,-9999.0,-9999.0,-9999.0,-9999.0,-9999.0,orientation,color,size,0.38,-7.0,13,male,1,2304.7063153,0,19
3609,-9999.0,-9999.0,-9999.0,-9999.0,-9999.0,-9999.0,-9999.0,-9999.0,-9999.0,orientation,color,size,0.38,-7.0,13,male,1,2304.7063153,0,19
3610,-9999.0,-9999.0,-9999.0,-9999.0,-9999.0,-9999.0,-9999.0,-9999.0,-9999.0,orientation,color,size,0.38,-7.0,13,male,1,2304.7063153,0,19
3611,-9999.0,-9999.0,-9999.0,-9999.0,-9999.0,-9999.0,-9999.0,-9999.0,-9999.0,orientation,color,size,0.38,-7.0,13,male,1,2304.7063153,0,19
3612,-9999.0,-9999.0,-9999.0,-9999.0,-9999.0,-9999.0,-9999.0,-9999.0,-9999.0,orientation,color,size,0.38,-7.0,13,male,1,2304.7063153,0,19
3613,-9999.0,-9999.0,-9999.0,-9999.0,-9999.0,-9999.0,-9999.0,-9999.0,-9999.0,orientation,color,size,0.38,-7.0,13,male,1,2304.7063153,0,19
3614,-9999.0,-9999.0,-9999.0,-9999.0,-9999.0,-9999.0,-9999.0,-9999.0,-9999.0,orientation,color,size,0.38,-7.0,13,male,1,2304.7063153,0,19
3615,-9999.0,-9999.0,-9999.0,-9999.0,-9999.0,-9999.0,-9999.0,-9999.0,-9999.0,orientation,color,size,0.38,-7.0,13,male,1,2304.7063153,0,19
3616,-9999.0,-9999.0,-9999.0,-9999.0,-9999.0,-9999.0,-9999.0,-9999.0,-9999.0,orientation,color,size,0.38,-7.0,13,male,1,2304.7063153,0,19
3617,-9999.0,-9999.0,-9999.0,-9999.0,-9999.0,-9999.0,-9999.0,-9999.0,-9999.0,orientation,color,size,0.38,-7.0,13,male,1,2304.7063153,0,19
3618,-9999.0,-9999.0,-9999.0,-9999.0,-9999.0,-9999.0,-9999.0,-9999.0,-9999.0,orientation,color,size,0.38,-7.0,13,male,1,2304.7063153,0,19
3619,-9999.0,-9999.0,-9999.0,-9999.0,-9999.0,-9999.0,-9999.0,-9999.0,-9999.0,orientation,color,size,0.38,-7.0,13,male,1,2304.7063153,0,19
3620,-9999.0,-9999.0,-9999.0,-9999.0,-9999.0,-9999.0,-9999.0,-9999.0,-9999.0,orientation,color,size,0.38,-7.0,13,male,1,2304.7063153,0,19
3621,-9999.0,-9999.0,-9999.0,-9999.0,-9999.0,-9999.0,-9999.0,-9999.0,-9999.0,orientation,color,size,0.38,-7.0,13,male,1,2304.7063153,0,19
3622,-9999.0,-9999.0,-9999.0,-9999.0,-9999.0,-9999.0,-9999.0,-9999.0,-9999.0,orientation,color,size,0.38,-7.0,13,male,1,2304.7063153,0,19
3623,-9999.0,-9999.0,-9999.0,-9999.0,-9999.0,-9999.0,-9999.0,-9999.0,-9999.0,orientation,color,size,0.38,-7.0,13,male,1,2304.7063153,0,19
3624,-9999.0,-9999.0,-9999.0,-9999.0,-9999.0,-9999.0,-9999.0,-9999.0,-9999.0,orientation,color,size,0.38,-7.0,13,male,1,2304.7063153,0,19
3625,-9999.0,-9999.0,-9999.0,-9999.0,-9999.0,-9999.0,-9999.0,-9999.0,-9999.0,orientation,color,size,0.38,-7.0,13,male,1,2304.7063153,0,19
3626,-9999.0,-9999.0,-9999.0,-9999.0,-9999.0,-9999.0,-9999.0,-9999.0,-9999.0,orientation,color,size,0.38,-7.0,13,male,1,2304.7063153,0,19
3627,-9999.0,-9999.0,-9999.0,-9999.0,-9999.0,-9999.0,-9999.0,-9999.0,-9999.0,orientation,color,size,0.38,-7.0,13,male,1,2304.7063153,0,19
3628,-9999.0,-9999.0,-9999.0,-9999.0,-9999.0,-9999.0,-9999.0,-9999.0,-9999.0,orientation,color,size,0.38,-7.0,13,male,1,2304.7063153,0,19
3629,-9999.0,-9999.0,-9999.0,-9999.0,-9999.0,-9999.0,-9999.0,-9999.0,-9999.0,orientation,color,size,0.38,-7.0,13,male,1,2304.7063153,0,19
3630,-9999.0,-9999.0,-9999.0,-9999.0,-9999.0,-9999.0,-9999.0,-9999.0,-9999.0,orientation,color,size,0.38,-7.0,13,male,1,2304.7063153,0,19
3631,-9999.0,-9999.0,-9999.0,-9999.0,-9999.0,-9999.0,-9999.0,-9999.0,-9999.0,orientation,color,size,0.38,-7.0,13,male,1,2304.7063153,0,19
3632,-9999.0,-9999.0,-9999.0,-9999.0,-9999.0,-9999.0,-9999.0,-9999.0,-9999.0,orientation,color,size,0.38,-7.0,13,male,1,2304.7063153,0,19
3633,-9999.0,-9999.0,-9999.0,-9999.0,-9999.0,-9999.0,-9999.0,-9999.0,-9999.0,orientation,color,size,0.38,-7.0,13,male,1,2304.7063153,0,19
3634,-9999.0,-9999.0,-9999.0,-9999.0,-9999.0,-9999.0,-9999.0,-9999.0,-9999.0,orientation,color,size,0.38,-7.0,13,male,1,2304.7063153,0,19
3635,-9999.0,-9999.0,-9999.0,-9999.0,-9999.0,-9999.0,-9999.0,-9999.0,-9999.0,orientation,color,size,0.38,-7.0,13,male,1,2304.7063153,0,19
3636,-9999.0,-9999.0,-9999.0,-9999.0,-9999.0,-9999.0,-9999.0,-9999.0,-9999.0,orientation,color,size,0.38,-7.0,13,male,1,2304.7063153,0,19
3637,-9999.0,-9999.0,-9999.0,-9999.0,-9999.0,-9999.0,-9999.0,-9999.0,-9999.0,orientation,color,size,0.38,-7.0,13,male,1,2304.7063153,0,19
3638,-9999.0,-9999.0,-9999.0,-9999.0,-9999.0,-9999.0,-9999.0,-9999.0,-9999.0,orientation,color,size,0.38,-7.0,13,male,1,2304.7063153,0,19
3639,-9999.0,-9999.0,-9999.0,-9999.0,-9999.0,-9999.0,-9999.0,-9999.0,-9999.0,orientation,color,size,0.38,-7.0,13,male,1,2304.7063153,0,19
3640,-9999.0,-9999.0,-9999.0,-9999.0,-9999.0,-9999.0,-9999.0,-9999.0,-9999.0,orientation,color,size,0.38,-7.0,13,male,1,2304.7063153,0,19
3641,-9999.0,-9999.0,-9999.0,-9999.0,-9999.0,-9999.0,-9999.0,-9999.0,-9999.0,orientation,color,size,0.38,-7.0,13,male,1,2304.7063153,0,19
3642,-9999.0,-9999.0,-9999.0,-9999.0,-9999.0,-9999.0,-9999.0,-9999.0,-9999.0,orientation,color,size,0.38,-7.0,13,male,1,2304.7063153,0,19
3643,-9999.0,-9999.0,-9999.0,-9999.0,-9999.0,-9999.0,-9999.0,-9999.0,-9999.0,orientation,color,size,0.38,-7.0,13,male,1,2304.7063153,0,19
3644,-9999.0,-9999.0,-9999.0,-9999.0,-9999.0,-9999.0,-9999.0,-9999.0,-9999.0,orientation,color,size,0.38,-7.0,13,male,1,2304.7063153,0,19
3645,-9999.0,-9999.0,-9999.0,-9999.0,-9999.0,-9999.0,-9999.0,-9999.0,-9999.0,orientation,color,size,0.38,-7.0,13,male,1,2304.7063153,0,19
3646,-9999.0,-9999.0,-9999.0,-9999.0,-9999.0,-9999.0,-9999.0,-9999.0,-9999.0,orientation,color,size,0.38,-7.0,13,male,1,2304.7063153,0,19
3647,-9999.0,-9999.0,-9999.0,-9999.0,-9999.0,-9999.0,-9999.0,-9999.0,-9999.0,orientation,color,size,0.38,-7.0,13,male,1,2304.7063153,0,19
3648,-9999.0,-9999.0,-9999.0,-9999.0,-9999.0,-9999.0,-9999.0,-9999.0,-9999.0,orientation,color,size,0.38,-7.0,13,male,1,2304.7063153,0,19
3649,-9999.0,-9999.0,-9999.0,-9999.0,-9999.0,-9999.0,-9999.0,-9999.0,-9999.0,orientation,color,size,0.38,-7.0,13,male,1,2304.7063153,0,19
3650,-9999.0,-9999.0,-9999.0,-9999.0,-9999.0,-9999.0,-9999.0,-9999.0,-9999.0,orientation,color,size,0.38,-7.0,13,male,1,2304.7063153,0,19
3651,-9999.0,-9999.0,-9999.0,-9999.0,-9999.0,-9999.0,-9999.0,-9999.0,-9999.0,orientation,color,size,0.38,-7.0,13,male,1,2304.7063153,0,19
3652,-9999.0,-9999.0,-9999.0,-9999.0,-9999.0,-9999.0,-9999.0,-9999.0,-9999.0,orientation,color,size,0.38,-7.0,13,male,1,2304.7063153,0,19
3653,-9999.0,-9999.0,-9999.0,-9999.0,-9999.0,-9999.0,-9999.0,-9999.0,-9999.0,orientation,color,size,0.38,-7.0,13,male,1,2304.7063153,0,19
3654,-9999.0,-9999.0,-9999.0,-9999.0,-9999.0,-9999.0,-9999.0,-9999.0,-9999.0,orientation,color,size,0.38,-7.0,13,male,1,2304.7063153,0,19
3655,-9999.0,-9999.0,-9999.0,-9999.0,-9999.0,-9999.0,-9999.0,-9999.0,-9999.0,orientation,color,size,0.38,-7.0,13,male,1,2304.7063153,0,19
3656,-9999.0,-9999.0,-9999.0,-9999.0,-9999.0,-9999.0,-9999.0,-9999.0,-9999.0,orientation,color,size,0.38,-7.0,13,male,1,2304.7063153,0,19
3657,-9999.0,-9999.0,-9999.0,-9999.0,-9999.0,-9999.0,-9999.0,-9999.0,-9999.0,orientation,color,size,0.38,-7.0,13,male,1,2304.7063153,0,19
3658,-9999.0,-9999.0,-9999.0,-9999.0,-9999.0,-9999.0,-9999.0,-9999.0,-9999.0,orientation,color,size,0.38,-7.0,13,male,1,2304.7063153,0,19
3659,-9999.0,-9999.0,-9999.0,-9999.0,-9999.0,-9999.0,-9999.0,-9999.0,-9999.0,orientation,color,size,0.38,-7.0,13,male,1,2304.7063153,0,19
3660,-9999.0,-9999.0,-9999.0,-9999.0,-9999.0,-9999.0,-9999.0,-9999.0,-9999.0,orientation,color,size,0.38,-7.0,13,male,1,2304.7063153,0,19
3661,-9999.0,-9999.0,-9999.0,-9999.0,-9999.0,-9999.0,-9999.0,-9999.0,-9999.0,orientation,color,size,0.38,-7.0,13,male,1,2304.7063153,0,19
3662,-9999.0,-9999.0,-9999.0,-9999.0,-9999.0,-9999.0,-9999.0,-9999.0,-9999.0,orientation,color,size,0.38,-7.0,13,male,1,2304.7063153,0,19
3663,-9999.0,-9999.0,-9999.0,-9999.0,-9999.0,-9999.0,-9999.0,-9999.0,-9999.0,orientation,color,size,0.38,-7.0,13,male,1,2304.7063153,0,19
3664,-9999.0,-9999.0,-9999.0,-9999.0,-9999.0,-9999.0,-9999.0,-9999.0,-9999.0,orientation,color,size,0.38,-7.0,13,male,1,2304.7063153,0,19
3665,-9999.0,-9999.0,-9999.0,-9999.0,-9999.0,-9999.0,-9999.0,-9999.0,-9999.0,orientation,color,size,0.38,-7.0,13,male,1,2304.7063153,0,19
3666,-9999.0,-9999.0,-9999.0,-9999.0,-9999.0,-9999.0,-9999.0,-9999.0,-9999.0,orientation,color,size,0.38,-7.0,13,male,1,2304.7063153,0,19
3667,-9999.0,-9999.0,-9999.0,-9999.0,-9999.0,-9999.0,-9999.0,-9999.0,-9999.0,orientation,color,size,0.38,-7.0,13,male,1,2304.7063153,0,19
3668,-9999.0,-9999.0,-9999.0,-9999.0,-9999.0,-9999.0,-9999.0,-9999.0,-9999.0,orientation,color,size,0.38,-7.0,13,male,1,2304.7063153,0,19
3669,-9999.0,-9999.0,-9999.0,-9999.0,-9999.0,-9999.0,-9999.0,-9999.0,-9999.0,orientation,color,size,0.38,-7.0,13,male,1,2304.7063153,0,19
3670,-9999.0,-9999.0,-9999.0,-9999.0,-9999.0,-9999.0,-9999.0,-9999.0,-9999.0,orientation,color,size,0.38,-7.0,13,male,1,2304.7063153,0,19
3671,-9999.0,-9999.0,-9999.0,-9999.0,-9999.0,-9999.0,-9999.0,-9999.0,-9999.0,orientation,color,size,0.38,-7.0,13,male,1,2304.7063153,0,19
3672,-9999.0,-9999.0,-9999.0,-9999.0,-9999.0,-9999.0,-9999.0,-9999.0,-9999.0,orientation,color,size,0.38,-7.0,13,male,1,2304.7063153,0,19
3673,-9999.0,-9999.0,-9999.0,-9999.0,-9999.0,-9999.0,-9999.0,-9999.0,-9999.0,orientation,color,size,0.38,-7.0,13,male,1,2304.7063153,0,19
3674,-9999.0,-9999.0,-9999.0,-9999.0,-9999.0,-9999.0,-9999.0,-9999.0,-9999.0,orientation,color,size,0.38,-7.0,13,male,1,2304.7063153,0,19
3675,-9999.0,-9999.0,-9999.0,-9999.0,-9999.0,-9999.0,-9999.0,-9999.0,-9999.0,orientation,color,size,0.38,-7.0,13,male,1,2304.7063153,0,19
3676,-9999.0,-9999.0,-9999.0,-9999.0,-9999.0,-9999.0,-9999.0,-9999.0,-9999.0,orientation,color,size,0.38,-7.0,13,male,1,2304.7063153,0,19
3677,-9999.0,-9999.0,-9999.0,-9999.0,-9999.0,-9999.0,-9999.0,-9999.0,-9999.0,orientation,color,size,0.38,-7.0,13,male,1,2304.7063153,0,19
3678,-9999.0,-9999.0,-9999.0,-9999.0,-9999.0,-9999.0,-9999.0,-9999.0,-9999.0,orientation,color,size,0.38,-7.0,13,male,1,2304.7063153,0,19
3679,-9999.0,-9999.0,-9999.0,-9999.0,-9999.0,-9999.0,-9999.0,-9999.0,-9999.0,orientation,color,size,0.38,-7.0,13,male,1,2304.7063153,0,19
3680,-9999.0,-9999.0,-9999.0,-9999.0,-9999.0,-9999.0,-9999.0,-9999.0,-9999.0,orientation,color,size,0.38,-7.0,13,male,1,2304.7063153,0,19
3681,-9999.0,-9999.0,-9999.0,-9999.0,-9999.0,-9999.0,-9999.0,-9999.0,-9999.0,orientation,color,size,0.38,-7.0,13,male,1,2304.7063153,0,19
3682,-9999.0,-9999.0,-9999.0,-9999.0,-9999.0,-9999.0,-9999.0,-9999.0,-9999.0,orientation,color,size,0.38,-7.0,13,male,1,2304.7063153,0,19
3683,-9999.0,-9999.0,-9999.0,-9999.0,-9999.0,-9999.0,-9999.0,-9999.0,-9999.0,orientation,color,size,0.38,-7.0,13,male,1,2304.7063153,0,19
3684,-9999.0,-9999.0,-9999.0,-9999.0,-9999.0,-9999.0,-9999.0,-9999.0,-9999.0,orientation,color,size,0.38,-7.0,13,male,1,2304.7063153,0,19
3685,-9999.0,-9999.0,-9999.0,-9999.0,-9999.0,-9999.0,-9999.0,-9999.0,-9999.0,orientation,color,size,0.38,-7.0,13,male,1,2304.7063153,0,19
3686,-9999.0,-9999.0,-9999.0,-9999.0,-9999.0,-9999.0,-9999.0,-9999.0,-9999.0,orientation,color,size,0.38,-7.0,13,male,1,2304.7063153,0,19
3687,-9999.0,-9999.0,-9999.0,-9999.0,-9999.0,-9999.0,-9999.0,-9999.0,-9999.0,orientation,color,size,0.38,-7.0,13,male,1,2304.7063153,0,19
3688,-9999.0,-9999.0,-9999.0,-9999.0,-9999.0,-9999.0,-9999.0,-9999.0,-9999.0,orientation,color,size,0.38,-7.0,13,male,1,2304.7063153,0,19
3689,-9999.0,-9999.0,-9999.0,-9999.0,-9999.0,-9999.0,-9999.0,-9999.0,-9999.0,orientation,color,size,0.38,-7.0,13,male,1,2304.7063153,0,19
3690,-9999.0,-9999.0,-9999.0,-9999.0,-9999.0,-9999.0,-9999.0,-9999.0,-9999.0,orientation,color,size,0.38,-7.0,13,male,1,2304.7063153,0,19
3691,-9999.0,-9999.0,-9999.0,-9999.0,-9999.0,-9999.0,-9999.0,-9999.0,-9999.0,orientation,color,size,0.38,-7.0,13,male,1,2304.7063153,0,19
3692,-9999.0,-9999.0,-9999.0,-9999.0,-9999.0,-9999.0,-9999.0,-9999.0,-9999.0,orientation,color,size,0.38,-7.0,13,male,1,2304.7063153,0,19
3693,-9999.0,-9999.0,-9999.0,-9999.0,-9999.0,-9999.0,-9999.0,-9999.0,-9999.0,orientation,color,size,0.38,-7.0,13,male,1,2304.7063153,0,19
3694,-9999.0,-9999.0,-9999.0,-9999.0,-9999.0,-9999.0,-9999.0,-9999.0,-9999.0,orientation,color,size,0.38,-7.0,13,male,1,2304.7063153,0,19
3695,-9999.0,-9999.0,-9999.0,-9999.0,-9999.0,-9999.0,-9999.0,-9999.0,-9999.0,orientation,color,size,0.38,-7.0,13,male,1,2304.7063153,0,19
3696,-9999.0,-9999.0,-9999.0,-9999.0,-9999.0,-9999.0,-9999.0,-9999.0,-9999.0,orientation,color,size,0.38,-7.0,13,male,1,2304.7063153,0,19
3697,-9999.0,-9999.0,-9999.0,-9999.0,-9999.0,-9999.0,-9999.0,-9999.0,-9999.0,orientation,color,size,0.38,-7.0,13,male,1,2304.7063153,0,19
3698,-9999.0,-9999.0,-9999.0,-9999.0,-9999.0,-9999.0,-9999.0,-9999.0,-9999.0,orientation,color,size,0.38,-7.0,13,male,1,2304.7063153,0,19
3699,-9999.0,-9999.0,-9999.0,-9999.0,-9999.0,-9999.0,-9999.0,-9999.0,-9999.0,orientation,color,size,0.38,-7.0,13,male,1,2304.7063153,0,19
3700,-9999.0,-9999.0,-9999.0,-9999.0,-9999.0,-9999.0,-9999.0,-9999.0,-9999.0,orientation,color,size,0.38,-7.0,13,male,1,2304.7063153,0,19
3701,-9999.0,-9999.0,-9999.0,-9999.0,-9999.0,-9999.0,-9999.0,-9999.0,-9999.0,orientation,color,size,0.38,-7.0,13,male,1,2304.7063153,0,19
3702,-9999.0,-9999.0,-9999.0,-9999.0,-9999.0,-9999.0,-9999.0,-9999.0,-9999.0,orientation,color,size,0.38,-7.0,13,male,1,2304.7063153,0,19
3703,-9999.0,-9999.0,-9999.0,-9999.0,-9999.0,-9999.0,-9999.0,-9999.0,-9999.0,orientation,color,size,0.38,-7.0,13,male,1,2304.7063153,0,19
3704,-9999.0,-9999.0,-9999.0,-9999.0,-9999.0,-9999.0,-9999.0,-9999.0,-9999.0,orientation,color,size,0.38,-7.0,13,male,1,2304.7063153,0,19
3705,-9999.0,-9999.0,-9999.0,-9999.0,-9999.0,-9999.0,-9999.0,-9999.0,-9999.0,orientation,color,size,0.38,-7.0,13,male,1,2304.7063153,0,19
3706,-9999.0,-9999.0,-9999.0,-9999.0,-9999.0,-9999.0,-9999.0,-9999.0,-9999.0,orientation,color,size,0.38,-7.0,13,male,1,2304.7063153,0,19
3707,-9999.0,-9999.0,-9999.0,-9999.0,-9999.0,-9999.0,-9999.0,-9999.0,-9999.0,orientation,color,size,0.38,-7.0,13,male,1,2304.7063153,0,19
3708,-9999.0,-9999.0,-9999.0,-9999.0,-9999.0,-9999.0,-9999.0,-9999.0,-9999.0,orientation,color,size,0.38,-7.0,13,male,1,2304.7063153,0,19
3709,-9999.0,-9999.0,-9999.0,-9999.0,-9999.0,-9999.0,-9999.0,-9999.0,-9999.0,orientation,color,size,0.38,-7.0,13,male,1,2304.7063153,0,19
3710,-9999.0,-9999.0,-9999.0,-9999.0,-9999.0,-9999.0,-9999.0,-9999.0,-9999.0,orientation,color,size,0.38,-7.0,13,male,1,2304.7063153,0,19
3711,-9999.0,-9999.0,-9999.0,-9999.0,-9999.0,-9999.0,-9999.0,-9999.0,-9999.0,orientation,color,size,0.38,-7.0,13,male,1,2304.7063153,0,19
3712,-9999.0,-9999.0,-9999.0,-9999.0,-9999.0,-9999.0,-9999.0,-9999.0,-9999.0,orientation,color,size,0.38,-7.0,13,male,1,2304.7063153,0,19
3713,-9999.0,-9999.0,-9999.0,-9999.0,-9999.0,-9999.0,-9999.0,-9999.0,-9999.0,orientation,color,size,0.38,-7.0,13,male,1,2304.7063153,0,19
3714,-9999.0,-9999.0,-9999.0,-9999.0,-9999.0,-9999.0,-9999.0,-9999.0,-9999.0,orientation,color,size,0.38,-7.0,13,male,1,2304.7063153,0,19
3715,-9999.0,-9999.0,-9999.0,-9999.0,-9999.0,-9999.0,-9999.0,-9999.0,-9999.0,orientation,color,size,0.38,-7.0,13,male,1,2304.7063153,0,19
3716,-9999.0,-9999.0,-9999.0,-9999.0,-9999.0,-9999.0,-9999.0,-9999.0,-9999.0,orientation,color,size,0.38,-7.0,13,male,1,2304.7063153,0,19
3717,-9999.0,-9999.0,-9999.0,-9999.0,-9999.0,-9999.0,-9999.0,-9999.0,-9999.0,orientation,color,size,0.38,-7.0,13,male,1,2304.7063153,0,19
3718,-9999.0,-9999.0,-9999.0,-9999.0,-9999.0,-9999.0,-9999.0,-9999.0,-9999.0,orientation,color,size,0.38,-7.0,13,male,1,2304.7063153,0,19
3719,-9999.0,-9999.0,-9999.0,-9999.0,-9999.0,-9999.0,-9999.0,-9999.0,-9999.0,orientation,color,size,0.38,-7.0,13,male,1,2304.7063153,0,19
3720,-9999.0,-9999.0,-9999.0,-9999.0,-9999.0,-9999.0,-9999.0,-9999.0,-9999.0,orientation,color,size,0.38,-7.0,13,male,1,2304.7063153,0,19
3721,-9999.0,-9999.0,-9999.0,-9999.0,-9999.0,-9999.0,-9999.0,-9999.0,-9999.0,orientation,color,size,0.38,-7.0,13,male,1,2304.7063153,0,19
3722,-9999.0,-9999.0,-9999.0,-9999.0,-9999.0,-9999.0,-9999.0,-9999.0,-9999.0,orientation,color,size,0.38,-7.0,13,male,1,2304.7063153,0,19
3723,-9999.0,-9999.0,-9999.0,-9999.0,-9999.0,-9999.0,-9999.0,-9999.0,-9999.0,orientation,color,size,0.38,-7.0,13,male,1,2304.7063153,0,19
3724,-9999.0,-9999.0,-9999.0,-9999.0,-9999.0,-9999.0,-9999.0,-9999.0,-9999.0,orientation,color,size,0.38,-7.0,13,male,1,2304.7063153,0,19
3725,-9999.0,-9999.0,-9999.0,-9999.0,-9999.0,-9999.0,-9999.0,-9999.0,-9999.0,orientation,color,size,0.38,-7.0,13,male,1,2304.7063153,0,19
3726,-9999.0,-9999.0,-9999.0,-9999.0,-9999.0,-9999.0,-9999.0,-9999.0,-9999.0,orientation,color,size,0.38,-7.0,13,male,1,2304.7063153,0,19
3727,-9999.0,-9999.0,-9999.0,-9999.0,-9999.0,-9999.0,-9999.0,-9999.0,-9999.0,orientation,color,size,0.38,-7.0,13,male,1,2304.7063153,0,19
3728,-9999.0,-9999.0,-9999.0,-9999.0,-9999.0,-9999.0,-9999.0,-9999.0,-9999.0,orientation,color,size,0.38,-7.0,13,male,1,2304.7063153,0,19
3729,-9999.0,-9999.0,-9999.0,-9999.0,-9999.0,-9999.0,-9999.0,-9999.0,-9999.0,orientation,color,size,0.38,-7.0,13,male,1,2304.7063153,0,19
3730,-9999.0,-9999.0,-9999.0,-9999.0,-9999.0,-9999.0,-9999.0,-9999.0,-9999.0,orientation,color,size,0.38,-7.0,13,male,1,2304.7063153,0,19
3731,-9999.0,-9999.0,-9999.0,-9999.0,-9999.0,-9999.0,-9999.0,-9999.0,-9999.0,orientation,color,size,0.38,-7.0,13,male,1,2304.7063153,0,19
3732,-9999.0,-9999.0,-9999.0,-9999.0,-9999.0,-9999.0,-9999.0,-9999.0,-9999.0,orientation,color,size,0.38,-7.0,13,male,1,2304.7063153,0,19
3733,-9999.0,-9999.0,-9999.0,-9999.0,-9999.0,-9999.0,-9999.0,-9999.0,-9999.0,orientation,color,size,0.38,-7.0,13,male,1,2304.7063153,0,19
3734,-9999.0,-9999.0,-9999.0,-9999.0,-9999.0,-9999.0,-9999.0,-9999.0,-9999.0,orientation,color,size,0.38,-7.0,13,male,1,2304.7063153,0,19
3735,-9999.0,-9999.0,-9999.0,-9999.0,-9999.0,-9999.0,-9999.0,-9999.0,-9999.0,orientation,color,size,0.38,-7.0,13,male,1,2304.7063153,0,19
3736,-9999.0,-9999.0,-9999.0,-9999.0,-9999.0,-9999.0,-9999.0,-9999.0,-9999.0,orientation,color,size,0.38,-7.0,13,male,1,2304.7063153,0,19
3737,-9999.0,-9999.0,-9999.0,-9999.0,-9999.0,-9999.0,-9999.0,-9999.0,-9999.0,orientation,color,size,0.38,-7.0,13,male,1,2304.7063153,0,19
3738,-9999.0,-9999.0,-9999.0,-9999.0,-9999.0,-9999.0,-9999.0,-9999.0,-9999.0,orientation,color,size,0.38,-7.0,13,male,1,2304.7063153,0,19
3739,-9999.0,-9999.0,-9999.0,-9999.0,-9999.0,-9999.0,-9999.0,-9999.0,-9999.0,orientation,color,size,0.38,-7.0,13,male,1,2304.7063153,0,19
3740,-9999.0,-9999.0,-9999.0,-9999.0,-9999.0,-9999.0,-9999.0,-9999.0,-9999.0,orientation,color,size,0.38,-7.0,13,male,1,2304.7063153,0,19
3741,-9999.0,-9999.0,-9999.0,-9999.0,-9999.0,-9999.0,-9999.0,-9999.0,-9999.0,orientation,color,size,0.38,-7.0,13,male,1,2304.7063153,0,19
3742,-9999.0,-9999.0,-9999.0,-9999.0,-9999.0,-9999.0,-9999.0,-9999.0,-9999.0,orientation,color,size,0.38,-7.0,13,male,1,2304.7063153,0,19
3743,-9999.0,-9999.0,-9999.0,-9999.0,-9999.0,-9999.0,-9999.0,-9999.0,-9999.0,orientation,color,size,0.38,-7.0,13,male,1,2304.7063153,0,19
3744,-9999.0,-9999.0,-9999.0,-9999.0,-9999.0,-9999.0,-9999.0,-9999.0,-9999.0,orientation,color,size,0.38,-7.0,13,male,1,2304.7063153,0,19
3745,-9999.0,-9999.0,-9999.0,-9999.0,-9999.0,-9999.0,-9999.0,-9999.0,-9999.0,orientation,color,size,0.38,-7.0,13,male,1,2304.7063153,0,19
3746,-9999.0,-9999.0,-9999.0,-9999.0,-9999.0,-9999.0,-9999.0,-9999.0,-9999.0,orientation,color,size,0.38,-7.0,13,male,1,2304.7063153,0,19
3747,-9999.0,-9999.0,-9999.0,-9999.0,-9999.0,-9999.0,-9999.0,-9999.0,-9999.0,orientation,color,size,0.38,-7.0,13,male,1,2304.7063153,0,19
3748,-9999.0,-9999.0,-9999.0,-9999.0,-9999.0,-9999.0,-9999.0,-9999.0,-9999.0,orientation,color,size,0.38,-7.0,13,male,1,2304.7063153,0,19
3749,-9999.0,-9999.0,-9999.0,-9999.0,-9999.0,-9999.0,-9999.0,-9999.0,-9999.0,orientation,color,size,0.38,-7.0,13,male,1,2304.7063153,0,19
3750,-9999.0,-9999.0,-9999.0,-9999.0,-9999.0,-9999.0,-9999.0,-9999.0,-9999.0,orientation,color,size,0.38,-7.0,13,male,1,2304.7063153,0,19
3751,-9999.0,-9999.0,-9999.0,-9999.0,-9999.0,-9999.0,-9999.0,-9999.0,-9999.0,orientation,color,size,0.38,-7.0,13,male,1,2304.7063153,0,19
3752,-9999.0,-9999.0,-9999.0,-9999.0,-9999.0,-9999.0,-9999.0,-9999.0,-9999.0,orientation,color,size,0.38,-7.0,13,male,1,2304.7063153,0,19
3753,-9999.0,-9999.0,-9999.0,-9999.0,-9999.0,-9999.0,-9999.0,-9999.0,-9999.0,orientation,color,size,0.38,-7.0,13,male,1,2304.7063153,0,19
3754,-9999.0,-9999.0,-9999.0,-9999.0,-9999.0,-9999.0,-9999.0,-9999.0,-9999.0,orientation,color,size,0.38,-7.0,13,male,1,2304.7063153,0,19
3755,-9999.0,-9999.0,-9999.0,-9999.0,-9999.0,-9999.0,-9999.0,-9999.0,-9999.0,orientation,color,size,0.38,-7.0,13,male,1,2304.7063153,0,19
3756,-9999.0,-9999.0,-9999.0,-9999.0,-9999.0,-9999.0,-9999.0,-9999.0,-9999.0,orientation,color,size,0.38,-7.0,13,male,1,2304.7063153,0,19
3757,-9999.0,-9999.0,-9999.0,-9999.0,-9999.0,-9999.0,-9999.0,-9999.0,-9999.0,orientation,color,size,0.38,-7.0,13,male,1,2304.7063153,0,19
3758,-9999.0,-9999.0,-9999.0,-9999.0,-9999.0,-9999.0,-9999.0,-9999.0,-9999.0,orientation,color,size,0.38,-7.0,13,male,1,2304.7063153,0,19
3759,-9999.0,-9999.0,-9999.0,-9999.0,-9999.0,-9999.0,-9999.0,-9999.0,-9999.0,orientation,color,size,0.38,-7.0,13,male,1,2304.7063153,0,19
3760,-9999.0,-9999.0,-9999.0,-9999.0,-9999.0,-9999.0,-9999.0,-9999.0,-9999.0,orientation,color,size,0.38,-7.0,13,male,1,2304.7063153,0,19
3761,-9999.0,-9999.0,-9999.0,-9999.0,-9999.0,-9999.0,-9999.0,-9999.0,-9999.0,orientation,color,size,0.38,-7.0,13,male,1,2304.7063153,0,19
3762,-9999.0,-9999.0,-9999.0,-9999.0,-9999.0,-9999.0,-9999.0,-9999.0,-9999.0,orientation,color,size,0.38,-7.0,13,male,1,2304.7063153,0,19
3763,-9999.0,-9999.0,-9999.0,-9999.0,-9999.0,-9999.0,-9999.0,-9999.0,-9999.0,orientation,color,size,0.38,-7.0,13,male,1,2304.7063153,0,19
3764,-9999.0,-9999.0,-9999.0,-9999.0,-9999.0,-9999.0,-9999.0,-9999.0,-9999.0,orientation,color,size,0.38,-7.0,13,male,1,2304.7063153,0,19
3765,-9999.0,-9999.0,-9999.0,-9999.0,-9999.0,-9999.0,-9999.0,-9999.0,-9999.0,orientation,color,size,0.38,-7.0,13,male,1,2304.7063153,0,19
3766,-9999.0,-9999.0,-9999.0,-9999.0,-9999.0,-9999.0,-9999.0,-9999.0,-9999.0,orientation,color,size,0.38,-7.0,13,male,1,2304.7063153,0,19
3767,-9999.0,-9999.0,-9999.0,-9999.0,-9999.0,-9999.0,-9999.0,-9999.0,-9999.0,orientation,color,size,0.38,-7.0,13,male,1,2304.7063153,0,19
3768,-9999.0,-9999.0,-9999.0,-9999.0,-9999.0,-9999.0,-9999.0,-9999.0,-9999.0,orientation,color,size,0.38,-7.0,13,male,1,2304.7063153,0,19
3769,-9999.0,-9999.0,-9999.0,-9999.0,-9999.0,-9999.0,-9999.0,-9999.0,-9999.0,orientation,color,size,0.38,-7.0,13,male,1,2304.7063153,0,19
3770,-9999.0,-9999.0,-9999.0,-9999.0,-9999.0,-9999.0,-9999.0,-9999.0,-9999.0,orientation,color,size,0.38,-7.0,13,male,1,2304.7063153,0,19
3771,-9999.0,-9999.0,-9999.0,-9999.0,-9999.0,-9999.0,-9999.0,-9999.0,-9999.0,orientation,color,size,0.38,-7.0,13,male,1,2304.7063153,0,19
3772,-9999.0,-9999.0,-9999.0,-9999.0,-9999.0,-9999.0,-9999.0,-9999.0,-9999.0,orientation,color,size,0.38,-7.0,13,male,1,2304.7063153,0,19
3773,-9999.0,-9999.0,-9999.0,-9999.0,-9999.0,-9999.0,-9999.0,-9999.0,-9999.0,orientation,color,size,0.38,-7.0,13,male,1,2304.7063153,0,19
3774,-9999.0,-9999.0,-9999.0,-9999.0,-9999.0,-9999.0,-9999.0,-9999.0,-9999.0,orientation,color,size,0.38,-7.0,13,male,1,2304.7063153,0,19
3775,-9999.0,-9999.0,-9999.0,-9999.0,-9999.0,-9999.0,-9999.0,-9999.0,-9999.0,orientation,color,size,0.38,-7.0,13,male,1,2304.7063153,0,19
3776,-9999.0,-9999.0,-9999.0,-9999.0,-9999.0,-9999.0,-9999.0,-9999.0,-9999.0,orientation,color,size,0.38,-7.0,13,male,1,2304.7063153,0,19
3777,-9999.0,-9999.0,-9999.0,-9999.0,-9999.0,-9999.0,-9999.0,-9999.0,-9999.0,orientation,color,size,0.38,-7.0,13,male,1,2304.7063153,0,19
3778,-9999.0,-9999.0,-9999.0,-9999.0,-9999.0,-9999.0,-9999.0,-9999.0,-9999.0,orientation,color,size,0.38,-7.0,13,male,1,2304.7063153,0,19
3779,-9999.0,-9999.0,-9999.0,-9999.0,-9999.0,-9999.0,-9999.0,-9999.0,-9999.0,orientation,color,size,0.38,-7.0,13,male,1,2304.7063153,0,19
3780,-9999.0,-9999.0,-9999.0,-9999.0,-9999.0,-9999.0,-9999.0,-9999.0,-9999.0,orientation,color,size,0.38,-7.0,13,male,1,2304.7063153,0,19
3781,-9999.0,-9999.0,-9999.0,-9999.0,-9999.0,-9999.0,-9999.0,-9999.0,-9999.0,orientation,color,size,0.38,-7.0,13,male,1,2304.7063153,0,19
3782,-9999.0,-9999.0,-9999.0,-9999.0,-9999.0,-9999.0,-9999.0,-9999.0,-9999.0,orientation,color,size,0.38,-7.0,13,male,1,2304.7063153,0,19
3783,-9999.0,-9999.0,-9999.0,-9999.0,-9999.0,-9999.0,-9999.0,-9999.0,-9999.0,orientation,color,size,0.38,-7.0,13,male,1,2304.7063153,0,19
3784,-9999.0,-9999.0,-9999.0,-9999.0,-9999.0,-9999.0,-9999.0,-9999.0,-9999.0,orientation,color,size,0.38,-7.0,13,male,1,2304.7063153,0,19
3785,-9999.0,-9999.0,-9999.0,-9999.0,-9999.0,-9999.0,-9999.0,-9999.0,-9999.0,orientation,color,size,0.38,-7.0,13,male,1,2304.7063153,0,19
3786,-9999.0,-9999.0,-9999.0,-9999.0,-9999.0,-9999.0,-9999.0,-9999.0,-9999.0,orientation,color,size,0.38,-7.0,13,male,1,2304.7063153,0,19
3787,-9999.0,-9999.0,-9999.0,-9999.0,-9999.0,-9999.0,-9999.0,-9999.0,-9999.0,orientation,color,size,0.38,-7.0,13,male,1,2304.7063153,0,19
3788,-9999.0,-9999.0,-9999.0,-9999.0,-9999.0,-9999.0,-9999.0,-9999.0,-9999.0,orientation,color,size,0.38,-7.0,13,male,1,2304.7063153,0,19
3789,-9999.0,-9999.0,-9999.0,-9999.0,-9999.0,-9999.0,-9999.0,-9999.0,-9999.0,orientation,color,size,0.38,-7.0,13,male,1,2304.7063153,0,19
3790,-9999.0,-9999.0,-9999.0,-9999.0,-9999.0,-9999.0,-9999.0,-9999.0,-9999.0,orientation,color,size,0.38,-7.0,13,male,1,2304.7063153,0,19
3791,-9999.0,-9999.0,-9999.0,-9999.0,-9999.0,-9999.0,-9999.0,-9999.0,-9999.0,orientation,color,size,0.38,-7.0,13,male,1,2304.7063153,0,19
3792,-9999.0,-9999.0,-9999.0,-9999.0,-9999.0,-9999.0,-9999.0,-9999.0,-9999.0,orientation,color,size,0.38,-7.0,13,male,1,2304.7063153,0,19
3793,-9999.0,-9999.0,-9999.0,-9999.0,-9999.0,-9999.0,-9999.0,-9999.0,-9999.0,orientation,color,size,0.38,-7.0,13,male,1,2304.7063153,0,19
3794,-9999.0,-9999.0,-9999.0,-9999.0,-9999.0,-9999.0,-9999.0,-9999.0,-9999.0,orientation,color,size,0.38,-7.0,13,male,1,2304.7063153,0,19
3795,-9999.0,-9999.0,-9999.0,-9999.0,-9999.0,-9999.0,-9999.0,-9999.0,-9999.0,orientation,color,size,0.38,-7.0,13,male,1,2304.7063153,0,19
3796,-9999.0,-9999.0,-9999.0,-9999.0,-9999.0,-9999.0,-9999.0,-9999.0,-9999.0,orientation,color,size,0.38,-7.0,13,male,1,2304.7063153,0,19
3797,-9999.0,-9999.0,-9999.0,-9999.0,-9999.0,-9999.0,-9999.0,-9999.0,-9999.0,orientation,color,size,0.38,-7.0,13,male,1,2304.7063153,0,19
3798,-9999.0,-9999.0,-9999.0,-9999.0,-9999.0,-9999.0,-9999.0,-9999.0,-9999.0,orientation,color,size,0.38,-7.0,13,male,1,2304.7063153,0,19
3799,-9999.0,-9999.0,-9999.0,-9999.0,-9999.0,-9999.0,-9999.0,-9999.0,-9999.0,orientation,color,size,0.38,-7.0,13,male,1,2304.7063153,0,19
3800,-9999.0,-9999.0,-9999.0,-9999.0,-9999.0,-9999.0,-9999.0,-9999.0,-9999.0,orientation,color,size,0.38,-7.0,13,male,1,2304.7063153,0,19
3801,-9999.0,-9999.0,-9999.0,-9999.0,-9999.0,-9999.0,-9999.0,-9999.0,-9999.0,orientation,color,size,0.38,-7.0,13,male,1,2304.7063153,0,19
3802,-9999.0,-9999.0,-9999.0,-9999.0,-9999.0,-9999.0,-9999.0,-9999.0,-9999.0,orientation,color,size,0.38,-7.0,13,male,1,2304.7063153,0,19
3803,-9999.0,-9999.0,-9999.0,-9999.0,-9999.0,-9999.0,-9999.0,-9999.0,-9999.0,orientation,color,size,0.38,-7.0,13,male,1,2304.7063153,0,19
3804,-9999.0,-9999.0,-9999.0,-9999.0,-9999.0,-9999.0,-9999.0,-9999.0,-9999.0,orientation,color,size,0.38,-7.0,13,male,1,2304.7063153,0,19
3805,-9999.0,-9999.0,-9999.0,-9999.0,-9999.0,-9999.0,-9999.0,-9999.0,-9999.0,orientation,color,size,0.38,-7.0,13,male,1,2304.7063153,0,19
3806,-9999.0,-9999.0,-9999.0,-9999.0,-9999.0,-9999.0,-9999.0,-9999.0,-9999.0,orientation,color,size,0.38,-7.0,13,male,1,2304.7063153,0,19
3807,-9999.0,-9999.0,-9999.0,-9999.0,-9999.0,-9999.0,-9999.0,-9999.0,-9999.0,orientation,color,size,0.38,-7.0,13,male,1,2304.7063153,0,19
3808,-9999.0,-9999.0,-9999.0,-9999.0,-9999.0,-9999.0,-9999.0,-9999.0,-9999.0,orientation,color,size,0.38,-7.0,13,male,1,2304.7063153,0,19
3809,-9999.0,-9999.0,-9999.0,-9999.0,-9999.0,-9999.0,-9999.0,-9999.0,-9999.0,orientation,color,size,0.38,-7.0,13,male,1,2304.7063153,0,19
3810,-9999.0,-9999.0,-9999.0,-9999.0,-9999.0,-9999.0,-9999.0,-9999.0,-9999.0,orientation,color,size,0.38,-7.0,13,male,1,2304.7063153,0,19
3811,-9999.0,-9999.0,-9999.0,-9999.0,-9999.0,-9999.0,-9999.0,-9999.0,-9999.0,orientation,color,size,0.38,-7.0,13,male,1,2304.7063153,0,19
3812,-9999.0,-9999.0,-9999.0,-9999.0,-9999.0,-9999.0,-9999.0,-9999.0,-9999.0,orientation,color,size,0.38,-7.0,13,male,1,2304.7063153,0,19
3813,-9999.0,-9999.0,-9999.0,-9999.0,-9999.0,-9999.0,-9999.0,-9999.0,-9999.0,orientation,color,size,0.38,-7.0,13,male,1,2304.7063153,0,19
3814,-9999.0,-9999.0,-9999.0,-9999.0,-9999.0,-9999.0,-9999.0,-9999.0,-9999.0,orientation,color,size,0.38,-7.0,13,male,1,2304.7063153,0,19
3815,-9999.0,-9999.0,-9999.0,-9999.0,-9999.0,-9999.0,-9999.0,-9999.0,-9999.0,orientation,color,size,0.38,-7.0,13,male,1,2304.7063153,0,19
3816,-9999.0,-9999.0,-9999.0,-9999.0,-9999.0,-9999.0,-9999.0,-9999.0,-9999.0,orientation,color,size,0.38,-7.0,13,male,1,2304.7063153,0,19
3817,-9999.0,-9999.0,-9999.0,-9999.0,-9999.0,-9999.0,-9999.0,-9999.0,-9999.0,orientation,color,size,0.38,-7.0,13,male,1,2304.7063153,0,19
3818,-9999.0,-9999.0,-9999.0,-9999.0,-9999.0,-9999.0,-9999.0,-9999.0,-9999.0,orientation,color,size,0.38,-7.0,13,male,1,2304.7063153,0,19
3819,-9999.0,-9999.0,-9999.0,-9999.0,-9999.0,-9999.0,-9999.0,-9999.0,-9999.0,orientation,color,size,0.38,-7.0,13,male,1,2304.7063153,0,19
3820,-9999.0,-9999.0,-9999.0,-9999.0,-9999.0,-9999.0,-9999.0,-9999.0,-9999.0,orientation,color,size,0.38,-7.0,13,male,1,2304.7063153,0,19
3821,-9999.0,-9999.0,-9999.0,-9999.0,-9999.0,-9999.0,-9999.0,-9999.0,-9999.0,orientation,color,size,0.38,-7.0,13,male,1,2304.7063153,0,19
3822,-9999.0,-9999.0,-9999.0,-9999.0,-9999.0,-9999.0,-9999.0,-9999.0,-9999.0,orientation,color,size,0.38,-7.0,13,male,1,2304.7063153,0,19
3823,-9999.0,-9999.0,-9999.0,-9999.0,-9999.0,-9999.0,-9999.0,-9999.0,-9999.0,orientation,color,size,0.38,-7.0,13,male,1,2304.7063153,0,19
3824,-9999.0,-9999.0,-9999.0,-9999.0,-9999.0,-9999.0,-9999.0,-9999.0,-9999.0,orientation,color,size,0.38,-7.0,13,male,1,2304.7063153,0,19
3825,-9999.0,-9999.0,-9999.0,-9999.0,-9999.0,-9999.0,-9999.0,-9999.0,-9999.0,orientation,color,size,0.38,-7.0,13,male,1,2304.7063153,0,19
3826,-9999.0,-9999.0,-9999.0,-9999.0,-9999.0,-9999.0,-9999.0,-9999.0,-9999.0,orientation,color,size,0.38,-7.0,13,male,1,2304.7063153,0,19
3827,-9999.0,-9999.0,-9999.0,-9999.0,-9999.0,-9999.0,-9999.0,-9999.0,-9999.0,orientation,color,size,0.38,-7.0,13,male,1,2304.7063153,0,19
3828,-9999.0,-9999.0,-9999.0,-9999.0,-9999.0,-9999.0,-9999.0,-9999.0,-9999.0,orientation,color,size,0.38,-7.0,13,male,1,2304.7063153,0,19
3829,-9999.0,-9999.0,-9999.0,-9999.0,-9999.0,-9999.0,-9999.0,-9999.0,-9999.0,orientation,color,size,0.38,-7.0,13,male,1,2304.7063153,0,19
3830,-9999.0,-9999.0,-9999.0,-9999.0,-9999.0,-9999.0,-9999.0,-9999.0,-9999.0,orientation,color,size,0.38,-7.0,13,male,1,2304.7063153,0,19
3831,-9999.0,-9999.0,-9999.0,-9999.0,-9999.0,-9999.0,-9999.0,-9999.0,-9999.0,orientation,color,size,0.38,-7.0,13,male,1,2304.7063153,0,19
3832,-9999.0,-9999.0,-9999.0,-9999.0,-9999.0,-9999.0,-9999.0,-9999.0,-9999.0,orientation,color,size,0.38,-7.0,13,male,1,2304.7063153,0,19
3833,-9999.0,-9999.0,-9999.0,-9999.0,-9999.0,-9999.0,-9999.0,-9999.0,-9999.0,orientation,color,size,0.38,-7.0,13,male,1,2304.7063153,0,19
3834,-9999.0,-9999.0,-9999.0,-9999.0,-9999.0,-9999.0,-9999.0,-9999.0,-9999.0,orientation,color,size,0.38,-7.0,13,male,1,2304.7063153,0,19
3835,-9999.0,-9999.0,-9999.0,-9999.0,-9999.0,-9999.0,-9999.0,-9999.0,-9999.0,orientation,color,size,0.38,-7.0,13,male,1,2304.7063153,0,19
3836,-9999.0,-9999.0,-9999.0,-9999.0,-9999.0,-9999.0,-9999.0,-9999.0,-9999.0,orientation,color,size,0.38,-7.0,13,male,1,2304.7063153,0,19
3837,-9999.0,-9999.0,-9999.0,-9999.0,-9999.0,-9999.0,-9999.0,-9999.0,-9999.0,orientation,color,size,0.38,-7.0,13,male,1,2304.7063153,0,19
3838,-9999.0,-9999.0,-9999.0,-9999.0,-9999.0,-9999.0,-9999.0,-9999.0,-9999.0,orientation,color,size,0.38,-7.0,13,male,1,2304.7063153,0,19
3839,-9999.0,-9999.0,-9999.0,-9999.0,-9999.0,-9999.0,-9999.0,-9999.0,-9999.0,orientation,color,size,0.38,-7.0,13,male,1,2304.7063153,0,19
3840,-9999.0,-9999.0,-9999.0,-9999.0,-9999.0,-9999.0,-9999.0,-9999.0,-9999.0,orientation,color,size,0.38,-7.0,13,male,1,2304.7063153,0,19
3841,-9999.0,-9999.0,-9999.0,-9999.0,-9999.0,-9999.0,-9999.0,-9999.0,-9999.0,orientation,color,size,0.38,-7.0,13,male,1,2304.7063153,0,19
3842,-9999.0,-9999.0,-9999.0,-9999.0,-9999.0,-9999.0,-9999.0,-9999.0,-9999.0,orientation,color,size,0.38,-7.0,13,male,1,2304.7063153,0,19
3843,-9999.0,-9999.0,-9999.0,-9999.0,-9999.0,-9999.0,-9999.0,-9999.0,-9999.0,orientation,color,size,0.38,-7.0,13,male,1,2304.7063153,0,19
3844,-9999.0,-9999.0,-9999.0,-9999.0,-9999.0,-9999.0,-9999.0,-9999.0,-9999.0,orientation,color,size,0.38,-7.0,13,male,1,2304.7063153,0,19
3845,-9999.0,-9999.0,-9999.0,-9999.0,-9999.0,-9999.0,-9999.0,-9999.0,-9999.0,orientation,color,size,0.38,-7.0,13,male,1,2304.7063153,0,19
3846,-9999.0,-9999.0,-9999.0,-9999.0,-9999.0,-9999.0,-9999.0,-9999.0,-9999.0,orientation,color,size,0.38,-7.0,13,male,1,2304.7063153,0,19
3847,-9999.0,-9999.0,-9999.0,-9999.0,-9999.0,-9999.0,-9999.0,-9999.0,-9999.0,orientation,color,size,0.38,-7.0,13,male,1,2304.7063153,0,19
3848,-9999.0,-9999.0,-9999.0,-9999.0,-9999.0,-9999.0,-9999.0,-9999.0,-9999.0,orientation,color,size,0.38,-7.0,13,male,1,2304.7063153,0,19
3849,-9999.0,-9999.0,-9999.0,-9999.0,-9999.0,-9999.0,-9999.0,-9999.0,-9999.0,orientation,color,size,0.38,-7.0,13,male,1,2304.7063153,0,19
3850,-9999.0,-9999.0,-9999.0,-9999.0,-9999.0,-9999.0,-9999.0,-9999.0,-9999.0,orientation,color,size,0.38,-7.0,13,male,1,2304.7063153,0,19
3851,-9999.0,-9999.0,-9999.0,-9999.0,-9999.0,-9999.0,-9999.0,-9999.0,-9999.0,orientation,color,size,0.38,-7.0,13,male,1,2304.7063153,0,19
3852,-9999.0,-9999.0,-9999.0,-9999.0,-9999.0,-9999.0,-9999.0,-9999.0,-9999.0,orientation,color,size,0.38,-7.0,13,male,1,2304.7063153,0,19
3853,-9999.0,-9999.0,-9999.0,-9999.0,-9999.0,-9999.0,-9999.0,-9999.0,-9999.0,orientation,color,size,0.38,-7.0,13,male,1,2304.7063153,0,19
3854,-9999.0,-9999.0,-9999.0,-9999.0,-9999.0,-9999.0,-9999.0,-9999.0,-9999.0,orientation,color,size,0.38,-7.0,13,male,1,2304.7063153,0,19
3855,-9999.0,-9999.0,-9999.0,-9999.0,-9999.0,-9999.0,-9999.0,-9999.0,-9999.0,orientation,color,size,0.38,-7.0,13,male,1,2304.7063153,0,19
3856,-9999.0,-9999.0,-9999.0,-9999.0,-9999.0,-9999.0,-9999.0,-9999.0,-9999.0,orientation,color,size,0.38,-7.0,13,male,1,2304.7063153,0,19
3857,-9999.0,-9999.0,-9999.0,-9999.0,-9999.0,-9999.0,-9999.0,-9999.0,-9999.0,orientation,color,size,0.38,-7.0,13,male,1,2304.7063153,0,19
3858,-9999.0,-9999.0,-9999.0,-9999.0,-9999.0,-9999.0,-9999.0,-9999.0,-9999.0,orientation,color,size,0.38,-7.0,13,male,1,2304.7063153,0,19
3859,-9999.0,-9999.0,-9999.0,-9999.0,-9999.0,-9999.0,-9999.0,-9999.0,-9999.0,orientation,color,size,0.38,-7.0,13,male,1,2304.7063153,0,19
3860,-9999.0,-9999.0,-9999.0,-9999.0,-9999.0,-9999.0,-9999.0,-9999.0,-9999.0,orientation,color,size,0.38,-7.0,13,male,1,2304.7063153,0,19
3861,-9999.0,-9999.0,-9999.0,-9999.0,-9999.0,-9999.0,-9999.0,-9999.0,-9999.0,orientation,color,size,0.38,-7.0,13,male,1,2304.7063153,0,19
3862,-9999.0,-9999.0,-9999.0,-9999.0,-9999.0,-9999.0,-9999.0,-9999.0,-9999.0,orientation,color,size,0.38,-7.0,13,male,1,2304.7063153,0,19
3863,-9999.0,-9999.0,-9999.0,-9999.0,-9999.0,-9999.0,-9999.0,-9999.0,-9999.0,orientation,color,size,0.38,-7.0,13,male,1,2304.7063153,0,19
3864,-9999.0,-9999.0,-9999.0,-9999.0,-9999.0,-9999.0,-9999.0,-9999.0,-9999.0,orientation,color,size,0.38,-7.0,13,male,1,2304.7063153,0,19
3865,-9999.0,-9999.0,-9999.0,-9999.0,-9999.0,-9999.0,-9999.0,-9999.0,-9999.0,orientation,color,size,0.38,-7.0,13,male,1,2304.7063153,0,19
3866,-9999.0,-9999.0,-9999.0,-9999.0,-9999.0,-9999.0,-9999.0,-9999.0,-9999.0,orientation,color,size,0.38,-7.0,13,male,1,2304.7063153,0,19
3867,-9999.0,-9999.0,-9999.0,-9999.0,-9999.0,-9999.0,-9999.0,-9999.0,-9999.0,orientation,color,size,0.38,-7.0,13,male,1,2304.7063153,0,19
3868,-9999.0,-9999.0,-9999.0,-9999.0,-9999.0,-9999.0,-9999.0,-9999.0,-9999.0,orientation,color,size,0.38,-7.0,13,male,1,2304.7063153,0,19
3869,-9999.0,-9999.0,-9999.0,-9999.0,-9999.0,-9999.0,-9999.0,-9999.0,-9999.0,orientation,color,size,0.38,-7.0,13,male,1,2304.7063153,0,19
3870,-9999.0,-9999.0,-9999.0,-9999.0,-9999.0,-9999.0,-9999.0,-9999.0,-9999.0,orientation,color,size,0.38,-7.0,13,male,1,2304.7063153,0,19
3871,-9999.0,-9999.0,-9999.0,-9999.0,-9999.0,-9999.0,-9999.0,-9999.0,-9999.0,orientation,color,size,0.38,-7.0,13,male,1,2304.7063153,0,19
3872,-9999.0,-9999.0,-9999.0,-9999.0,-9999.0,-9999.0,-9999.0,-9999.0,-9999.0,orientation,color,size,0.38,-7.0,13,male,1,2304.7063153,0,19
3873,-9999.0,-9999.0,-9999.0,-9999.0,-9999.0,-9999.0,-9999.0,-9999.0,-9999.0,orientation,color,size,0.38,-7.0,13,male,1,2304.7063153,0,19
3874,-9999.0,-9999.0,-9999.0,-9999.0,-9999.0,-9999.0,-9999.0,-9999.0,-9999.0,orientation,color,size,0.38,-7.0,13,male,1,2304.7063153,0,19
3875,-9999.0,-9999.0,-9999.0,-9999.0,-9999.0,-9999.0,-9999.0,-9999.0,-9999.0,orientation,color,size,0.38,-7.0,13,male,1,2304.7063153,0,19
3876,-9999.0,-9999.0,-9999.0,-9999.0,-9999.0,-9999.0,-9999.0,-9999.0,-9999.0,orientation,color,size,0.38,-7.0,13,male,1,2304.7063153,0,19
3877,-9999.0,-9999.0,-9999.0,-9999.0,-9999.0,-9999.0,-9999.0,-9999.0,-9999.0,orientation,color,size,0.38,-7.0,13,male,1,2304.7063153,0,19
3878,-9999.0,-9999.0,-9999.0,-9999.0,-9999.0,-9999.0,-9999.0,-9999.0,-9999.0,orientation,color,size,0.38,-7.0,13,male,1,2304.7063153,0,19
3879,-9999.0,-9999.0,-9999.0,-9999.0,-9999.0,-9999.0,-9999.0,-9999.0,-9999.0,orientation,color,size,0.38,-7.0,13,male,1,2304.7063153,0,19
3880,-9999.0,-9999.0,-9999.0,-9999.0,-9999.0,-9999.0,-9999.0,-9999.0,-9999.0,orientation,color,size,0.38,-7.0,13,male,1,2304.7063153,0,19
3881,-9999.0,-9999.0,-9999.0,-9999.0,-9999.0,-9999.0,-9999.0,-9999.0,-9999.0,orientation,color,size,0.38,-7.0,13,male,1,2304.7063153,0,19
3882,-9999.0,-9999.0,-9999.0,-9999.0,-9999.0,-9999.0,-9999.0,-9999.0,-9999.0,orientation,color,size,0.38,-7.0,13,male,1,2304.7063153,0,19
3883,-9999.0,-9999.0,-9999.0,-9999.0,-9999.0,-9999.0,-9999.0,-9999.0,-9999.0,orientation,color,size,0.38,-7.0,13,male,1,2304.7063153,0,19
3884,-9999.0,-9999.0,-9999.0,-9999.0,-9999.0,-9999.0,-9999.0,-9999.0,-9999.0,orientation,color,size,0.38,-7.0,13,male,1,2304.7063153,0,19
3885,-9999.0,-9999.0,-9999.0,-9999.0,-9999.0,-9999.0,-9999.0,-9999.0,-9999.0,orientation,color,size,0.38,-7.0,13,male,1,2304.7063153,0,19
3886,-9999.0,-9999.0,-9999.0,-9999.0,-9999.0,-9999.0,-9999.0,-9999.0,-9999.0,orientation,color,size,0.38,-7.0,13,male,1,2304.7063153,0,19
3887,-9999.0,-9999.0,-9999.0,-9999.0,-9999.0,-9999.0,-9999.0,-9999.0,-9999.0,orientation,color,size,0.38,-7.0,13,male,1,2304.7063153,0,19
3888,-9999.0,-9999.0,-9999.0,-9999.0,-9999.0,-9999.0,-9999.0,-9999.0,-9999.0,orientation,color,size,0.38,-7.0,13,male,1,2304.7063153,0,19
3889,-9999.0,-9999.0,-9999.0,-9999.0,-9999.0,-9999.0,-9999.0,-9999.0,-9999.0,orientation,color,size,0.38,-7.0,13,male,1,2304.7063153,0,19
3890,-9999.0,-9999.0,-9999.0,-9999.0,-9999.0,-9999.0,-9999.0,-9999.0,-9999.0,orientation,color,size,0.38,-7.0,13,male,1,2304.7063153,0,19
3891,-9999.0,-9999.0,-9999.0,-9999.0,-9999.0,-9999.0,-9999.0,-9999.0,-9999.0,orientation,color,size,0.38,-7.0,13,male,1,2304.7063153,0,19
3892,-9999.0,-9999.0,-9999.0,-9999.0,-9999.0,-9999.0,-9999.0,-9999.0,-9999.0,orientation,color,size,0.38,-7.0,13,male,1,2304.7063153,0,19
3893,-9999.0,-9999.0,-9999.0,-9999.0,-9999.0,-9999.0,-9999.0,-9999.0,-9999.0,orientation,color,size,0.38,-7.0,13,male,1,2304.7063153,0,19
3894,-9999.0,-9999.0,-9999.0,-9999.0,-9999.0,-9999.0,-9999.0,-9999.0,-9999.0,orientation,color,size,0.38,-7.0,13,male,1,2304.7063153,0,19
3895,-9999.0,-9999.0,-9999.0,-9999.0,-9999.0,-9999.0,-9999.0,-9999.0,-9999.0,orientation,color,size,0.38,-7.0,13,male,1,2304.7063153,0,19
3896,-9999.0,-9999.0,-9999.0,-9999.0,-9999.0,-9999.0,-9999.0,-9999.0,-9999.0,orientation,color,size,0.38,-7.0,13,male,1,2304.7063153,0,19
3897,-9999.0,-9999.0,-9999.0,-9999.0,-9999.0,-9999.0,-9999.0,-9999.0,-9999.0,orientation,color,size,0.38,-7.0,13,male,1,2304.7063153,0,19
3898,-9999.0,-9999.0,-9999.0,-9999.0,-9999.0,-9999.0,-9999.0,-9999.0,-9999.0,orientation,color,size,0.38,-7.0,13,male,1,2304.7063153,0,19
3899,-9999.0,-9999.0,-9999.0,-9999.0,-9999.0,-9999.0,-9999.0,-9999.0,-9999.0,orientation,color,size,0.38,-7.0,13,male,1,2304.7063153,0,19
3900,-9999.0,-9999.0,-9999.0,-9999.0,-9999.0,-9999.0,-9999.0,-9999.0,-9999.0,orientation,color,size,0.38,-7.0,13,male,1,2304.7063153,0,19
3901,-9999.0,-9999.0,-9999.0,-9999.0,-9999.0,-9999.0,-9999.0,-9999.0,-9999.0,orientation,color,size,0.38,-7.0,13,male,1,2304.7063153,0,19
3902,-9999.0,-9999.0,-9999.0,-9999.0,-9999.0,-9999.0,-9999.0,-9999.0,-9999.0,orientation,color,size,0.38,-7.0,13,male,1,2304.7063153,0,19
3903,-9999.0,-9999.0,-9999.0,-9999.0,-9999.0,-9999.0,-9999.0,-9999.0,-9999.0,orientation,color,size,0.38,-7.0,13,male,1,2304.7063153,0,19
3904,-9999.0,-9999.0,-9999.0,-9999.0,-9999.0,-9999.0,-9999.0,-9999.0,-9999.0,orientation,color,size,0.38,-7.0,13,male,1,2304.7063153,0,19
3905,-9999.0,-9999.0,-9999.0,-9999.0,-9999.0,-9999.0,-9999.0,-9999.0,-9999.0,orientation,color,size,0.38,-7.0,13,male,1,2304.7063153,0,19
3906,-9999.0,-9999.0,-9999.0,-9999.0,-9999.0,-9999.0,-9999.0,-9999.0,-9999.0,orientation,color,size,0.38,-7.0,13,male,1,2304.7063153,0,19
3907,-9999.0,-9999.0,-9999.0,-9999.0,-9999.0,-9999.0,-9999.0,-9999.0,-9999.0,orientation,color,size,0.38,-7.0,13,male,1,2304.7063153,0,19
3908,-9999.0,-9999.0,-9999.0,-9999.0,-9999.0,-9999.0,-9999.0,-9999.0,-9999.0,orientation,color,size,0.38,-7.0,13,male,1,2304.7063153,0,19
3909,-9999.0,-9999.0,-9999.0,-9999.0,-9999.0,-9999.0,-9999.0,-9999.0,-9999.0,orientation,color,size,0.38,-7.0,13,male,1,2304.7063153,0,19
3910,-9999.0,-9999.0,-9999.0,-9999.0,-9999.0,-9999.0,-9999.0,-9999.0,-9999.0,orientation,color,size,0.38,-7.0,13,male,1,2304.7063153,0,19
3911,-9999.0,-9999.0,-9999.0,-9999.0,-9999.0,-9999.0,-9999.0,-9999.0,-9999.0,orientation,color,size,0.38,-7.0,13,male,1,2304.7063153,0,19
3912,-9999.0,-9999.0,-9999.0,-9999.0,-9999.0,-9999.0,-9999.0,-9999.0,-9999.0,orientation,color,size,0.38,-7.0,13,male,1,2304.7063153,0,19
3913,-9999.0,-9999.0,-9999.0,-9999.0,-9999.0,-9999.0,-9999.0,-9999.0,-9999.0,orientation,color,size,0.38,-7.0,13,male,1,2304.7063153,0,19
3914,-9999.0,-9999.0,-9999.0,-9999.0,-9999.0,-9999.0,-9999.0,-9999.0,-9999.0,orientation,color,size,0.38,-7.0,13,male,1,2304.7063153,0,19
3915,-9999.0,-9999.0,-9999.0,-9999.0,-9999.0,-9999.0,-9999.0,-9999.0,-9999.0,orientation,color,size,0.38,-7.0,13,male,1,2304.7063153,0,19
3916,-9999.0,-9999.0,-9999.0,-9999.0,-9999.0,-9999.0,-9999.0,-9999.0,-9999.0,orientation,color,size,0.38,-7.0,13,male,1,2304.7063153,0,19
3917,-9999.0,-9999.0,-9999.0,-9999.0,-9999.0,-9999.0,-9999.0,-9999.0,-9999.0,orientation,color,size,0.38,-7.0,13,male,1,2304.7063153,0,19
3918,-9999.0,-9999.0,-9999.0,-9999.0,-9999.0,-9999.0,-9999.0,-9999.0,-9999.0,orientation,color,size,0.38,-7.0,13,male,1,2304.7063153,0,19
3919,-9999.0,-9999.0,-9999.0,-9999.0,-9999.0,-9999.0,-9999.0,-9999.0,-9999.0,orientation,color,size,0.38,-7.0,13,male,1,2304.7063153,0,19
3920,-9999.0,-9999.0,-9999.0,-9999.0,-9999.0,-9999.0,-9999.0,-9999.0,-9999.0,orientation,color,size,0.38,-7.0,13,male,1,2304.7063153,0,19
3921,-9999.0,-9999.0,-9999.0,-9999.0,-9999.0,-9999.0,-9999.0,-9999.0,-9999.0,orientation,color,size,0.38,-7.0,13,male,1,2304.7063153,0,19
3922,-9999.0,-9999.0,-9999.0,-9999.0,-9999.0,-9999.0,-9999.0,-9999.0,-9999.0,orientation,color,size,0.38,-7.0,13,male,1,2304.7063153,0,19
3923,-9999.0,-9999.0,-9999.0,-9999.0,-9999.0,-9999.0,-9999.0,-9999.0,-9999.0,orientation,color,size,0.38,-7.0,13,male,1,2304.7063153,0,19
3924,-9999.0,-9999.0,-9999.0,-9999.0,-9999.0,-9999.0,-9999.0,-9999.0,-9999.0,orientation,color,size,0.38,-7.0,13,male,1,2304.7063153,0,19
3925,-9999.0,-9999.0,-9999.0,-9999.0,-9999.0,-9999.0,-9999.0,-9999.0,-9999.0,orientation,color,size,0.38,-7.0,13,male,1,2304.7063153,0,19
3926,-9999.0,-9999.0,-9999.0,-9999.0,-9999.0,-9999.0,-9999.0,-9999.0,-9999.0,orientation,color,size,0.38,-7.0,13,male,1,2304.7063153,0,19
3927,-9999.0,-9999.0,-9999.0,-9999.0,-9999.0,-9999.0,-9999.0,-9999.0,-9999.0,orientation,color,size,0.38,-7.0,13,male,1,2304.7063153,0,19
3928,-9999.0,-9999.0,-9999.0,-9999.0,-9999.0,-9999.0,-9999.0,-9999.0,-9999.0,orientation,color,size,0.38,-7.0,13,male,1,2304.7063153,0,19
3929,-9999.0,-9999.0,-9999.0,-9999.0,-9999.0,-9999.0,-9999.0,-9999.0,-9999.0,orientation,color,size,0.38,-7.0,13,male,1,2304.7063153,0,19
3930,-9999.0,-9999.0,-9999.0,-9999.0,-9999.0,-9999.0,-9999.0,-9999.0,-9999.0,orientation,color,size,0.38,-7.0,13,male,1,2304.7063153,0,19
3931,-9999.0,-9999.0,-9999.0,-9999.0,-9999.0,-9999.0,-9999.0,-9999.0,-9999.0,orientation,color,size,0.38,-7.0,13,male,1,2304.7063153,0,19
3932,-9999.0,-9999.0,-9999.0,-9999.0,-9999.0,-9999.0,-9999.0,-9999.0,-9999.0,orientation,color,size,0.38,-7.0,13,male,1,2304.7063153,0,19
3933,-9999.0,-9999.0,-9999.0,-9999.0,-9999.0,-9999.0,-9999.0,-9999.0,-9999.0,orientation,color,size,0.38,-7.0,13,male,1,2304.7063153,0,19
3934,-9999.0,-9999.0,-9999.0,-9999.0,-9999.0,-9999.0,-9999.0,-9999.0,-9999.0,orientation,color,size,0.38,-7.0,13,male,1,2304.7063153,0,19
3935,-9999.0,-9999.0,-9999.0,-9999.0,-9999.0,-9999.0,-9999.0,-9999.0,-9999.0,orientation,color,size,0.38,-7.0,13,male,1,2304.7063153,0,19
3936,-9999.0,-9999.0,-9999.0,-9999.0,-9999.0,-9999.0,-9999.0,-9999.0,-9999.0,orientation,color,size,0.38,-7.0,13,male,1,2304.7063153,0,19
3937,-9999.0,-9999.0,-9999.0,-9999.0,-9999.0,-9999.0,-9999.0,-9999.0,-9999.0,orientation,color,size,0.38,-7.0,13,male,1,2304.7063153,0,19
3938,-9999.0,-9999.0,-9999.0,-9999.0,-9999.0,-9999.0,-9999.0,-9999.0,-9999.0,orientation,color,size,0.38,-7.0,13,male,1,2304.7063153,0,19
3939,-9999.0,-9999.0,-9999.0,-9999.0,-9999.0,-9999.0,-9999.0,-9999.0,-9999.0,orientation,color,size,0.38,-7.0,13,male,1,2304.7063153,0,19
3940,-9999.0,-9999.0,-9999.0,-9999.0,-9999.0,-9999.0,-9999.0,-9999.0,-9999.0,orientation,color,size,0.38,-7.0,13,male,1,2304.7063153,0,19
3941,-9999.0,-9999.0,-9999.0,-9999.0,-9999.0,-9999.0,-9999.0,-9999.0,-9999.0,orientation,color,size,0.38,-7.0,13,male,1,2304.7063153,0,19
3942,-9999.0,-9999.0,-9999.0,-9999.0,-9999.0,-9999.0,-9999.0,-9999.0,-9999.0,orientation,color,size,0.38,-7.0,13,male,1,2304.7063153,0,19
3943,-9999.0,-9999.0,-9999.0,-9999.0,-9999.0,-9999.0,-9999.0,-9999.0,-9999.0,orientation,color,size,0.38,-7.0,13,male,1,2304.7063153,0,19
3944,-9999.0,-9999.0,-9999.0,-9999.0,-9999.0,-9999.0,-9999.0,-9999.0,-9999.0,orientation,color,size,0.38,-7.0,13,male,1,2304.7063153,0,19
3945,-9999.0,-9999.0,-9999.0,-9999.0,-9999.0,-9999.0,-9999.0,-9999.0,-9999.0,orientation,color,size,0.38,-7.0,13,male,1,2304.7063153,0,19
3946,-9999.0,-9999.0,-9999.0,-9999.0,-9999.0,-9999.0,-9999.0,-9999.0,-9999.0,orientation,color,size,0.38,-7.0,13,male,1,2304.7063153,0,19
3947,-9999.0,-9999.0,-9999.0,-9999.0,-9999.0,-9999.0,-9999.0,-9999.0,-9999.0,orientation,color,size,0.38,-7.0,13,male,1,2304.7063153,0,19
3948,-9999.0,-9999.0,-9999.0,-9999.0,-9999.0,-9999.0,-9999.0,-9999.0,-9999.0,orientation,color,size,0.38,-7.0,13,male,1,2304.7063153,0,19
3949,-9999.0,-9999.0,-9999.0,-9999.0,-9999.0,-9999.0,-9999.0,-9999.0,-9999.0,orientation,color,size,0.38,-7.0,13,male,1,2304.7063153,0,19
3950,-9999.0,-9999.0,-9999.0,-9999.0,-9999.0,-9999.0,-9999.0,-9999.0,-9999.0,orientation,color,size,0.38,-7.0,13,male,1,2304.7063153,0,19
3951,-9999.0,-9999.0,-9999.0,-9999.0,-9999.0,-9999.0,-9999.0,-9999.0,-9999.0,orientation,color,size,0.38,-7.0,13,male,1,2304.7063153,0,19
3952,-9999.0,-9999.0,-9999.0,-9999.0,-9999.0,-9999.0,-9999.0,-9999.0,-9999.0,orientation,color,size,0.38,-7.0,13,male,1,2304.7063153,0,19
3953,-9999.0,-9999.0,-9999.0,-9999.0,-9999.0,-9999.0,-9999.0,-9999.0,-9999.0,orientation,color,size,0.38,-7.0,13,male,1,2304.7063153,0,19
3954,-9999.0,-9999.0,-9999.0,-9999.0,-9999.0,-9999.0,-9999.0,-9999.0,-9999.0,orientation,color,size,0.38,-7.0,13,male,1,2304.7063153,0,19
3955,-9999.0,-9999.0,-9999.0,-9999.0,-9999.0,-9999.0,-9999.0,-9999.0,-9999.0,orientation,color,size,0.38,-7.0,13,male,1,2304.7063153,0,19
3956,-9999.0,-9999.0,-9999.0,-9999.0,-9999.0,-9999.0,-9999.0,-9999.0,-9999.0,orientation,color,size,0.38,-7.0,13,male,1,2304.7063153,0,19
3957,-9999.0,-9999.0,-9999.0,-9999.0,-9999.0,-9999.0,-9999.0,-9999.0,-9999.0,orientation,color,size,0.38,-7.0,13,male,1,2304.7063153,0,19
3958,-9999.0,-9999.0,-9999.0,-9999.0,-9999.0,-9999.0,-9999.0,-9999.0,-9999.0,orientation,color,size,0.38,-7.0,13,male,1,2304.7063153,0,19
3959,-9999.0,-9999.0,-9999.0,-9999.0,-9999.0,-9999.0,-9999.0,-9999.0,-9999.0,orientation,color,size,0.38,-7.0,13,male,1,2304.7063153,0,19
3960,-9999.0,-9999.0,-9999.0,-9999.0,-9999.0,-9999.0,-9999.0,-9999.0,-9999.0,orientation,color,size,0.38,-7.0,13,male,1,2304.7063153,0,19
3961,-9999.0,-9999.0,-9999.0,-9999.0,-9999.0,-9999.0,-9999.0,-9999.0,-9999.0,orientation,color,size,0.38,-7.0,13,male,1,2304.7063153,0,19
3962,-9999.0,-9999.0,-9999.0,-9999.0,-9999.0,-9999.0,-9999.0,-9999.0,-9999.0,orientation,color,size,0.38,-7.0,13,male,1,2304.7063153,0,19
3963,-9999.0,-9999.0,-9999.0,-9999.0,-9999.0,-9999.0,-9999.0,-9999.0,-9999.0,orientation,color,size,0.38,-7.0,13,male,1,2304.7063153,0,19
3964,-9999.0,-9999.0,-9999.0,-9999.0,-9999.0,-9999.0,-9999.0,-9999.0,-9999.0,orientation,color,size,0.38,-7.0,13,male,1,2304.7063153,0,19
3965,-9999.0,-9999.0,-9999.0,-9999.0,-9999.0,-9999.0,-9999.0,-9999.0,-9999.0,orientation,color,size,0.38,-7.0,13,male,1,2304.7063153,0,19
3966,-9999.0,-9999.0,-9999.0,-9999.0,-9999.0,-9999.0,-9999.0,-9999.0,-9999.0,orientation,color,size,0.38,-7.0,13,male,1,2304.7063153,0,19
3967,-9999.0,-9999.0,-9999.0,-9999.0,-9999.0,-9999.0,-9999.0,-9999.0,-9999.0,orientation,color,size,0.38,-7.0,13,male,1,2304.7063153,0,19
3968,-9999.0,-9999.0,-9999.0,-9999.0,-9999.0,-9999.0,-9999.0,-9999.0,-9999.0,orientation,color,size,0.38,-7.0,13,male,1,2304.7063153,0,19
3969,-9999.0,-9999.0,-9999.0,-9999.0,-9999.0,-9999.0,-9999.0,-9999.0,-9999.0,orientation,color,size,0.38,-7.0,13,male,1,2304.7063153,0,19
3970,-9999.0,-9999.0,-9999.0,-9999.0,-9999.0,-9999.0,-9999.0,-9999.0,-9999.0,orientation,color,size,0.38,-7.0,13,male,1,2304.7063153,0,19
3971,-9999.0,-9999.0,-9999.0,-9999.0,-9999.0,-9999.0,-9999.0,-9999.0,-9999.0,orientation,color,size,0.38,-7.0,13,male,1,2304.7063153,0,19
3972,-9999.0,-9999.0,-9999.0,-9999.0,-9999.0,-9999.0,-9999.0,-9999.0,-9999.0,orientation,color,size,0.38,-7.0,13,male,1,2304.7063153,0,19
3973,-9999.0,-9999.0,-9999.0,-9999.0,-9999.0,-9999.0,-9999.0,-9999.0,-9999.0,orientation,color,size,0.38,-7.0,13,male,1,2304.7063153,0,19
3974,-9999.0,-9999.0,-9999.0,-9999.0,-9999.0,-9999.0,-9999.0,-9999.0,-9999.0,orientation,color,size,0.38,-7.0,13,male,1,2304.7063153,0,19
3975,-9999.0,-9999.0,-9999.0,-9999.0,-9999.0,-9999.0,-9999.0,-9999.0,-9999.0,orientation,color,size,0.38,-7.0,13,male,1,2304.7063153,0,19
3976,-9999.0,-9999.0,-9999.0,-9999.0,-9999.0,-9999.0,-9999.0,-9999.0,-9999.0,orientation,color,size,0.38,-7.0,13,male,1,2304.7063153,0,19
3977,-9999.0,-9999.0,-9999.0,-9999.0,-9999.0,-9999.0,-9999.0,-9999.0,-9999.0,orientation,color,size,0.38,-7.0,13,male,1,2304.7063153,0,19
3978,-9999.0,-9999.0,-9999.0,-9999.0,-9999.0,-9999.0,-9999.0,-9999.0,-9999.0,orientation,color,size,0.38,-7.0,13,male,1,2304.7063153,0,19
3979,-9999.0,-9999.0,-9999.0,-9999.0,-9999.0,-9999.0,-9999.0,-9999.0,-9999.0,orientation,color,size,0.38,-7.0,13,male,1,2304.7063153,0,19
3980,-9999.0,-9999.0,-9999.0,-9999.0,-9999.0,-9999.0,-9999.0,-9999.0,-9999.0,orientation,color,size,0.38,-7.0,13,male,1,2304.7063153,0,19
3981,-9999.0,-9999.0,-9999.0,-9999.0,-9999.0,-9999.0,-9999.0,-9999.0,-9999.0,orientation,color,size,0.38,-7.0,13,male,1,2304.7063153,0,19
3982,-9999.0,-9999.0,-9999.0,-9999.0,-9999.0,-9999.0,-9999.0,-9999.0,-9999.0,orientation,color,size,0.38,-7.0,13,male,1,2304.7063153,0,19
3983,-9999.0,-9999.0,-9999.0,-9999.0,-9999.0,-9999.0,-9999.0,-9999.0,-9999.0,orientation,color,size,0.38,-7.0,13,male,1,2304.7063153,0,19
3984,-9999.0,-9999.0,-9999.0,-9999.0,-9999.0,-9999.0,-9999.0,-9999.0,-9999.0,orientation,color,size,0.38,-7.0,13,male,1,2304.7063153,0,19
3985,-9999.0,-9999.0,-9999.0,-9999.0,-9999.0,-9999.0,-9999.0,-9999.0,-9999.0,orientation,color,size,0.38,-7.0,13,male,1,2304.7063153,0,19
3986,-9999.0,-9999.0,-9999.0,-9999.0,-9999.0,-9999.0,-9999.0,-9999.0,-9999.0,orientation,color,size,0.38,-7.0,13,male,1,2304.7063153,0,19
3987,-9999.0,-9999.0,-9999.0,-9999.0,-9999.0,-9999.0,-9999.0,-9999.0,-9999.0,orientation,color,size,0.38,-7.0,13,male,1,2304.7063153,0,19
3988,-9999.0,-9999.0,-9999.0,-9999.0,-9999.0,-9999.0,-9999.0,-9999.0,-9999.0,orientation,color,size,0.38,-7.0,13,male,1,2304.7063153,0,19
3989,-9999.0,-9999.0,-9999.0,-9999.0,-9999.0,-9999.0,-9999.0,-9999.0,-9999.0,orientation,color,size,0.38,-7.0,13,male,1,2304.7063153,0,19
3990,-9999.0,-9999.0,-9999.0,-9999.0,-9999.0,-9999.0,-9999.0,-9999.0,-9999.0,orientation,color,size,0.38,-7.0,13,male,1,2304.7063153,0,19
3991,-9999.0,-9999.0,-9999.0,-9999.0,-9999.0,-9999.0,-9999.0,-9999.0,-9999.0,orientation,color,size,0.38,-7.0,13,male,1,2304.7063153,0,19
3992,-9999.0,-9999.0,-9999.0,-9999.0,-9999.0,-9999.0,-9999.0,-9999.0,-9999.0,orientation,color,size,0.38,-7.0,13,male,1,2304.7063153,0,19
3993,-9999.0,-9999.0,-9999.0,-9999.0,-9999.0,-9999.0,-9999.0,-9999.0,-9999.0,orientation,color,size,0.38,-7.0,13,male,1,2304.7063153,0,19
3994,-9999.0,-9999.0,-9999.0,-9999.0,-9999.0,-9999.0,-9999.0,-9999.0,-9999.0,orientation,color,size,0.38,-7.0,13,male,1,2304.7063153,0,19
3995,-9999.0,-9999.0,-9999.0,-9999.0,-9999.0,-9999.0,-9999.0,-9999.0,-9999.0,orientation,color,size,0.38,-7.0,13,male,1,2304.7063153,0,19
3996,-9999.0,-9999.0,-9999.0,-9999.0,-9999.0,-9999.0,-9999.0,-9999.0,-9999.0,orientation,color,size,0.38,-7.0,13,male,1,2304.7063153,0,19
3997,-9999.0,-9999.0,-9999.0,-9999.0,-9999.0,-9999.0,-9999.0,-9999.0,-9999.0,orientation,color,size,0.38,-7.0,13,male,1,2304.7063153,0,19
3998,-9999.0,-9999.0,-9999.0,-9999.0,-9999.0,-9999.0,-9999.0,-9999.0,-9999.0,orientation,color,size,0.38,-7.0,13,male,1,2304.7063153,0,19
3999,-9999.0,-9999.0,-9999.0,-9999.0,-9999.0,-9999.0,-9999.0,-9999.0,-9999.0,orientation,color,size,0.38,-7.0,13,male,1,2304.7063153,0,19
4000,-9999.0,-9999.0,-9999.0,-9999.0,-9999.0,-9999.0,-9999.0,-9999.0,-9999.0,orientation,color,size,0.38,-7.0,13,male,1,2304.7063153,0,19
