Trial_number,Chosen_castle,Chosen_location,Correct_location,Accuracy,Number_of_doors,RT,Current_orientation,Current_color,Current_size,First_feature,Second_feature,Third_feature,Participant_size,Participant_orientation,Participant_number,Participant_gender,Early_exit,Training_time,Meta_trial,Participant_age
1,1,0,1,0,2,7.778946399999995,6.5,12,0.30000000000000004,size,orientation,color,0.26,-16.0,16,male,0,2706.1785744,1,26
2,1,1,0,0,2,1.7104405000000042,33.5,6,0.22000000000000003,size,orientation,color,0.26,-16.0,16,male,0,2706.1785744,1,26
3,1,1,1,1,2,5.811938000000055,-2.5,22,0.3400000000000001,size,orientation,color,0.26,-16.0,16,male,0,2706.1785744,1,26
4,1,0,0,1,2,1.918069599999967,15.5,16,0.1,size,orientation,color,0.26,-16.0,16,male,0,2706.1785744,0,26
5,1,1,0,0,2,1.3496624999999085,-20.5,14,0.22000000000000003,size,orientation,color,0.26,-16.0,16,male,0,2706.1785744,0,26
6,1,0,1,0,2,1.8419646999999486,65.0,6,0.30000000000000004,size,orientation,color,0.26,-16.0,16,male,0,2706.1785744,1,26
7,2,0,1,0,4,10.91944490000003,-2.5,7,0.22000000000000003,size,orientation,color,0.26,-16.0,16,male,0,2706.1785744,1,26
8,2,0,0,1,4,5.232041900000013,-34.0,17,0.22000000000000003,size,orientation,color,0.26,-16.0,16,male,0,2706.1785744,1,26
9,2,3,3,1,4,2.516425400000003,42.5,20,0.42000000000000004,size,orientation,color,0.26,-16.0,16,male,0,2706.1785744,0,26
10,2,3,3,1,4,2.133759800000007,42.5,17,0.38,size,orientation,color,0.26,-16.0,16,male,0,2706.1785744,0,26
11,2,2,1,0,4,14.45050409999999,42.5,15,0.1,size,orientation,color,0.26,-16.0,16,male,0,2706.1785744,0,26
12,2,0,2,0,4,3.2152209999999286,-38.5,21,0.26,size,orientation,color,0.26,-16.0,16,male,0,2706.1785744,1,26
13,2,2,3,0,4,6.40049410000006,29.0,11,0.38,size,orientation,color,0.26,-16.0,16,male,0,2706.1785744,1,26
14,2,3,1,0,4,5.882635999999934,29.0,13,0.14,size,orientation,color,0.26,-16.0,16,male,0,2706.1785744,1,26
15,1,1,0,0,2,7.44485080000004,69.5,21,0.18000000000000002,size,orientation,color,0.26,-16.0,16,male,0,2706.1785744,1,26
16,1,0,0,1,2,2.8111313000000564,33.5,13,0.1,size,orientation,color,0.26,-16.0,16,male,0,2706.1785744,1,26
17,1,0,1,0,2,6.851097299999992,83.0,7,0.26,size,orientation,color,0.26,-16.0,16,male,0,2706.1785744,0,26
18,1,0,0,1,2,3.1235266999999567,-38.5,17,0.22000000000000003,size,orientation,color,0.26,-16.0,16,male,0,2706.1785744,1,26
19,1,1,1,1,2,3.7844012999998995,-43.0,23,0.4600000000000001,size,orientation,color,0.26,-16.0,16,male,0,2706.1785744,0,26
20,1,1,1,1,2,2.2669574999999895,-43.0,10,0.26,size,orientation,color,0.26,-16.0,16,male,0,2706.1785744,0,26
21,1,0,0,1,2,4.99912710000001,15.5,8,0.1,size,orientation,color,0.26,-16.0,16,male,0,2706.1785744,0,26
22,1,0,0,1,2,5.100613600000088,56.0,18,0.1,size,orientation,color,0.26,-16.0,16,male,0,2706.1785744,0,26
23,1,0,1,0,2,1.433459599999992,-79.0,8,0.3400000000000001,size,orientation,color,0.26,-16.0,16,male,0,2706.1785744,0,26
24,1,0,1,0,2,8.092706399999997,-29.5,17,0.30000000000000004,size,orientation,color,0.26,-16.0,16,male,0,2706.1785744,1,26
25,1,0,0,1,2,1.6084018999999898,74.0,3,0.14,size,orientation,color,0.26,-16.0,16,male,0,2706.1785744,1,26
26,1,0,1,0,2,5.451728900000035,38.0,14,0.42000000000000004,size,orientation,color,0.26,-16.0,16,male,0,2706.1785744,0,26
27,3,1,7,0,8,5.43326449999995,-2.5,22,0.3400000000000001,size,orientation,color,0.26,-16.0,16,male,0,2706.1785744,1,26
28,3,1,4,0,8,6.333275500000013,-20.5,0,0.3400000000000001,size,orientation,color,0.26,-16.0,16,male,0,2706.1785744,1,26
29,3,2,1,0,8,7.067345199999977,-56.5,17,0.18000000000000002,size,orientation,color,0.26,-16.0,16,male,0,2706.1785744,1,26
30,3,1,3,0,8,1.5157115999999178,2.0,18,0.14,size,orientation,color,0.26,-16.0,16,male,0,2706.1785744,1,26
31,1,1,1,1,2,9.843273599999975,6.5,20,0.4600000000000001,size,orientation,color,0.26,-16.0,16,male,0,2706.1785744,1,26
32,1,1,1,1,2,6.2507095999999365,78.5,20,0.26,size,orientation,color,0.26,-16.0,16,male,0,2706.1785744,0,26
33,1,1,1,1,2,9.600157100000047,-25.0,4,0.42000000000000004,size,orientation,color,0.26,-16.0,16,male,0,2706.1785744,0,26
34,1,1,1,1,2,2.6009634999999207,-7.0,3,0.38,size,orientation,color,0.26,-16.0,16,male,0,2706.1785744,0,26
35,1,1,0,0,2,3.6660340000000815,-65.5,0,0.1,size,orientation,color,0.26,-16.0,16,male,0,2706.1785744,0,26
36,1,0,1,0,2,4.5438791000000265,11.0,21,0.4600000000000001,size,orientation,color,0.26,-16.0,16,male,0,2706.1785744,1,26
37,1,1,0,0,2,2.7775937000000113,33.5,20,0.18000000000000002,size,orientation,color,0.26,-16.0,16,male,0,2706.1785744,1,26
38,1,1,0,0,2,2.6409058000000414,-20.5,23,0.1,size,orientation,color,0.26,-16.0,16,male,0,2706.1785744,1,26
39,1,0,0,1,2,2.2546846000000187,56.0,2,0.18000000000000002,size,orientation,color,0.26,-16.0,16,male,0,2706.1785744,1,26
40,1,1,0,0,2,3.7839297000000442,-88.0,13,0.14,size,orientation,color,0.26,-16.0,16,male,0,2706.1785744,0,26
41,1,0,0,1,2,1.755342199999859,74.0,1,0.22000000000000003,size,orientation,color,0.26,-16.0,16,male,0,2706.1785744,1,26
42,1,1,1,1,2,2.4170802000001004,56.0,23,0.3400000000000001,size,orientation,color,0.26,-16.0,16,male,0,2706.1785744,0,26
43,1,1,1,1,2,3.1682544000000235,74.0,23,0.42000000000000004,size,orientation,color,0.26,-16.0,16,male,0,2706.1785744,0,26
44,1,1,1,1,2,2.5996827999999823,-79.0,11,0.38,size,orientation,color,0.26,-16.0,16,male,0,2706.1785744,0,26
45,1,1,1,1,2,2.0675200999999106,-65.5,4,0.38,size,orientation,color,0.26,-16.0,16,male,0,2706.1785744,0,26
46,1,1,0,0,2,3.6502144999999473,-11.5,11,0.1,size,orientation,color,0.26,-16.0,16,male,0,2706.1785744,0,26
47,1,0,1,0,2,2.543089000000009,-70.0,14,0.4600000000000001,size,orientation,color,0.26,-16.0,16,male,0,2706.1785744,1,26
48,1,0,1,0,2,1.7096718000000237,24.5,9,0.4600000000000001,size,orientation,color,0.26,-16.0,16,male,0,2706.1785744,1,26
49,1,1,1,1,2,5.572792300000174,11.0,15,0.30000000000000004,size,orientation,color,0.26,-16.0,16,male,0,2706.1785744,1,26
50,1,0,0,1,2,1.7838506000000507,11.0,11,0.18000000000000002,size,orientation,color,0.26,-16.0,16,male,0,2706.1785744,0,26
51,1,0,0,1,2,2.2165805999998156,83.0,2,0.22000000000000003,size,orientation,color,0.26,-16.0,16,male,0,2706.1785744,0,26
52,1,0,1,0,2,2.234074899999996,-47.5,17,0.38,size,orientation,color,0.26,-16.0,16,male,0,2706.1785744,0,26
53,1,1,1,1,2,5.265903900000012,-79.0,6,0.30000000000000004,size,orientation,color,0.26,-16.0,16,male,0,2706.1785744,1,26
54,1,0,1,0,2,4.833805100000063,42.5,5,0.38,size,orientation,color,0.26,-16.0,16,male,0,2706.1785744,0,26
55,1,0,0,1,2,3.572887499999979,-52.0,14,0.18000000000000002,size,orientation,color,0.26,-16.0,16,male,0,2706.1785744,1,26
56,1,0,1,0,2,5.134524199999987,-7.0,22,0.4600000000000001,size,orientation,color,0.26,-16.0,16,male,0,2706.1785744,0,26
57,1,1,1,1,2,13.738956499999858,6.5,18,0.4600000000000001,size,orientation,color,0.26,-16.0,16,male,0,2706.1785744,1,26
58,1,0,0,1,2,1.950189200000068,42.5,6,0.22000000000000003,size,orientation,color,0.26,-16.0,16,male,0,2706.1785744,0,26
59,1,1,1,1,2,2.5992014999999355,83.0,16,0.38,size,orientation,color,0.26,-16.0,16,male,0,2706.1785744,0,26
60,1,1,0,0,2,1.4005050999999185,51.5,16,0.22000000000000003,size,orientation,color,0.26,-16.0,16,male,0,2706.1785744,0,26
61,1,1,0,0,2,6.815169200000128,-16.0,11,0.22000000000000003,size,orientation,color,0.26,-16.0,16,male,0,2706.1785744,1,26
62,1,0,1,0,2,2.980413500000168,-43.0,22,0.38,size,orientation,color,0.26,-16.0,16,male,0,2706.1785744,1,26
63,1,1,1,1,2,6.974540899999965,56.0,22,0.30000000000000004,size,orientation,color,0.26,-16.0,16,male,0,2706.1785744,1,26
64,1,0,1,0,2,4.017923600000131,-16.0,19,0.26,size,orientation,color,0.26,-16.0,16,male,0,2706.1785744,0,26
65,1,0,1,0,2,1.228014999999914,15.5,5,0.30000000000000004,size,orientation,color,0.26,-16.0,16,male,0,2706.1785744,1,26
66,1,1,0,0,2,2.777916600000026,74.0,16,0.22000000000000003,size,orientation,color,0.26,-16.0,16,male,0,2706.1785744,1,26
67,1,1,0,0,2,39.18938030000004,69.5,0,0.18000000000000002,size,orientation,color,0.26,-16.0,16,male,0,2706.1785744,1,26
68,1,0,0,1,2,10.211831699999948,-70.0,17,0.18000000000000002,size,orientation,color,0.26,-16.0,16,male,0,2706.1785744,1,26
69,1,1,1,1,2,4.849768100000119,-38.5,24,0.26,size,orientation,color,0.26,-16.0,16,male,0,2706.1785744,0,26
70,1,1,0,0,2,5.683693200000107,11.0,17,0.1,size,orientation,color,0.26,-16.0,16,male,0,2706.1785744,0,26
71,1,1,1,1,2,5.375880199999983,78.5,13,0.42000000000000004,size,orientation,color,0.26,-16.0,16,male,0,2706.1785744,1,26
72,1,1,1,1,2,1.8003914999999324,87.5,24,0.4600000000000001,size,orientation,color,0.26,-16.0,16,male,0,2706.1785744,0,26
73,1,1,0,0,2,3.7669358999999076,-79.0,8,0.1,size,orientation,color,0.26,-16.0,16,male,0,2706.1785744,0,26
74,1,1,0,0,2,9.543686199999911,60.5,23,0.1,size,orientation,color,0.26,-16.0,16,male,0,2706.1785744,1,26
75,1,1,0,0,2,7.779933999999912,-25.0,24,0.1,size,orientation,color,0.26,-16.0,16,male,0,2706.1785744,1,26
76,1,1,1,1,2,5.562574399999903,78.5,16,0.26,size,orientation,color,0.26,-16.0,16,male,0,2706.1785744,1,26
77,1,0,1,0,2,2.884555999999975,-61.0,14,0.38,size,orientation,color,0.26,-16.0,16,male,0,2706.1785744,0,26
78,1,1,0,0,2,3.31895899999995,47.0,23,0.18000000000000002,size,orientation,color,0.26,-16.0,16,male,0,2706.1785744,1,26
79,1,1,1,1,2,2.258928400000059,83.0,6,0.38,size,orientation,color,0.26,-16.0,16,male,0,2706.1785744,1,26
80,1,0,1,0,2,5.250285399999939,-38.5,7,0.30000000000000004,size,orientation,color,0.26,-16.0,16,male,0,2706.1785744,0,26
81,2,1,1,1,4,19.465725900000052,6.5,11,0.14,size,orientation,color,0.26,-16.0,16,male,0,2706.1785744,1,26
82,2,0,2,0,4,13.667016400000193,-74.5,22,0.3400000000000001,size,orientation,color,0.26,-16.0,16,male,0,2706.1785744,0,26
83,1,1,1,1,2,7.789813500000037,2.0,3,0.42000000000000004,size,orientation,color,0.26,-16.0,16,male,0,2706.1785744,1,26
84,1,1,0,0,2,2.8844770999999128,20.0,16,0.14,size,orientation,color,0.26,-16.0,16,male,0,2706.1785744,0,26
85,1,1,1,1,2,3.0743098000000373,56.0,8,0.42000000000000004,size,orientation,color,0.26,-16.0,16,male,0,2706.1785744,1,26
86,1,0,1,0,2,4.984268200000088,51.5,15,0.30000000000000004,size,orientation,color,0.26,-16.0,16,male,0,2706.1785744,0,26
87,1,0,1,0,2,4.305883400000084,-47.5,12,0.42000000000000004,size,orientation,color,0.26,-16.0,16,male,0,2706.1785744,1,26
88,1,0,1,0,2,44.629482399999915,-47.5,18,0.26,size,orientation,color,0.26,-16.0,16,male,0,2706.1785744,1,26
89,1,1,1,1,2,9.712484899999936,60.5,5,0.26,size,orientation,color,0.26,-16.0,16,male,0,2706.1785744,1,26
90,1,1,1,1,2,6.217961199999991,74.0,2,0.3400000000000001,size,orientation,color,0.26,-16.0,16,male,0,2706.1785744,0,26
91,1,0,0,1,2,2.78369019999991,38.0,14,0.18000000000000002,size,orientation,color,0.26,-16.0,16,male,0,2706.1785744,0,26
92,1,0,1,0,2,2.050663500000155,-11.5,21,0.4600000000000001,size,orientation,color,0.26,-16.0,16,male,0,2706.1785744,0,26
93,1,0,0,1,2,33.95467110000004,-52.0,4,0.18000000000000002,size,orientation,color,0.26,-16.0,16,male,0,2706.1785744,1,26
94,1,1,1,1,2,1.8673974000000726,38.0,13,0.38,size,orientation,color,0.26,-16.0,16,male,0,2706.1785744,0,26
95,1,1,1,1,2,1.8343589000000975,-11.5,14,0.38,size,orientation,color,0.26,-16.0,16,male,0,2706.1785744,0,26
96,1,0,0,1,2,4.001113199999963,47.0,9,0.14,size,orientation,color,0.26,-16.0,16,male,0,2706.1785744,0,26
97,1,1,1,1,2,4.250926700000036,-34.0,7,0.30000000000000004,size,orientation,color,0.26,-16.0,16,male,0,2706.1785744,0,26
98,1,1,1,1,2,1.1002384000000802,-11.5,23,0.30000000000000004,size,orientation,color,0.26,-16.0,16,male,0,2706.1785744,0,26
99,1,1,1,1,2,1.2998159000001124,-56.5,21,0.4600000000000001,size,orientation,color,0.26,-16.0,16,male,0,2706.1785744,0,26
100,1,1,1,1,2,1.133439400000043,38.0,13,0.26,size,orientation,color,0.26,-16.0,16,male,0,2706.1785744,0,26
101,1,1,1,1,2,3.6671885999999176,38.0,7,0.26,size,orientation,color,0.26,-16.0,16,male,0,2706.1785744,0,26
102,1,1,1,1,2,0.8843982999999298,33.5,15,0.4600000000000001,size,orientation,color,0.26,-16.0,16,male,0,2706.1785744,0,26
103,2,0,3,0,4,4.816609099999823,42.5,16,0.42000000000000004,size,orientation,color,0.26,-16.0,16,male,0,2706.1785744,1,26
104,2,2,1,0,4,1.8666516000000684,2.0,0,0.14,size,orientation,color,0.26,-16.0,16,male,0,2706.1785744,1,26
105,2,0,0,1,4,10.516910499999994,-43.0,22,0.18000000000000002,size,orientation,color,0.26,-16.0,16,male,0,2706.1785744,1,26
106,2,1,2,0,4,8.150610700000016,-65.5,1,0.42000000000000004,size,orientation,color,0.26,-16.0,16,male,0,2706.1785744,0,26
107,2,1,0,0,4,10.382607700000108,-83.5,6,0.14,size,orientation,color,0.26,-16.0,16,male,0,2706.1785744,1,26
108,2,3,2,0,4,1.8496170999999322,-52.0,18,0.38,size,orientation,color,0.26,-16.0,16,male,0,2706.1785744,1,26
109,2,1,1,1,4,4.766203800000085,15.5,18,0.1,size,orientation,color,0.26,-16.0,16,male,0,2706.1785744,1,26
110,2,0,0,1,4,2.033453699999882,-34.0,14,0.14,size,orientation,color,0.26,-16.0,16,male,0,2706.1785744,0,26
111,2,3,3,1,4,3.566898700000138,47.0,12,0.26,size,orientation,color,0.26,-16.0,16,male,0,2706.1785744,0,26
112,2,2,0,0,4,1.1839972000000216,-29.5,6,0.22000000000000003,size,orientation,color,0.26,-16.0,16,male,0,2706.1785744,0,26
113,2,2,2,1,4,5.450024500000154,-34.0,22,0.4600000000000001,size,orientation,color,0.26,-16.0,16,male,0,2706.1785744,1,26
114,2,3,3,1,4,1.3505294999999933,78.5,24,0.42000000000000004,size,orientation,color,0.26,-16.0,16,male,0,2706.1785744,0,26
115,2,3,3,1,4,1.901000300000078,78.5,8,0.38,size,orientation,color,0.26,-16.0,16,male,0,2706.1785744,0,26
116,2,2,2,1,4,1.4660968999999113,-79.0,7,0.30000000000000004,size,orientation,color,0.26,-16.0,16,male,0,2706.1785744,0,26
117,2,1,1,1,4,3.150440799999842,56.0,7,0.14,size,orientation,color,0.26,-16.0,16,male,0,2706.1785744,0,26
118,2,3,3,1,4,2.1838754999998855,60.5,5,0.3400000000000001,size,orientation,color,0.26,-16.0,16,male,0,2706.1785744,0,26
119,2,3,3,1,4,1.5000078000000485,56.0,13,0.30000000000000004,size,orientation,color,0.26,-16.0,16,male,0,2706.1785744,0,26
120,2,2,0,0,4,1.5169296999999915,-65.5,3,0.22000000000000003,size,orientation,color,0.26,-16.0,16,male,0,2706.1785744,0,26
121,2,0,0,1,4,4.333446500000036,-70.0,5,0.14,size,orientation,color,0.26,-16.0,16,male,0,2706.1785744,1,26
122,2,0,0,1,4,1.484564900000123,-56.5,11,0.1,size,orientation,color,0.26,-16.0,16,male,0,2706.1785744,0,26
123,2,0,0,1,4,2.7836888000001636,-65.5,13,0.18000000000000002,size,orientation,color,0.26,-16.0,16,male,0,2706.1785744,0,26
124,2,1,1,1,4,5.8996117000001504,56.0,4,0.14,size,orientation,color,0.26,-16.0,16,male,0,2706.1785744,0,26
125,2,0,1,0,4,2.4332478999999694,-16.0,1,0.14,size,orientation,color,0.26,-16.0,16,male,0,2706.1785744,0,26
126,2,3,3,1,4,3.7486979000000247,56.0,7,0.4600000000000001,size,orientation,color,0.26,-16.0,16,male,0,2706.1785744,1,26
127,2,0,0,1,4,3.2495996000000105,-29.5,12,0.22000000000000003,size,orientation,color,0.26,-16.0,16,male,0,2706.1785744,0,26
128,2,0,1,0,4,1.3172032999998464,-7.0,6,0.22000000000000003,size,orientation,color,0.26,-16.0,16,male,0,2706.1785744,0,26
129,2,2,3,0,4,3.150243600000067,78.5,13,0.42000000000000004,size,orientation,color,0.26,-16.0,16,male,0,2706.1785744,1,26
130,2,0,2,0,4,4.749669900000072,-83.5,0,0.26,size,orientation,color,0.26,-16.0,16,male,0,2706.1785744,1,26
131,2,2,3,0,4,2.417185600000039,-7.0,10,0.4600000000000001,size,orientation,color,0.26,-16.0,16,male,0,2706.1785744,1,26
132,2,0,1,0,4,2.4668506999998954,2.0,14,0.14,size,orientation,color,0.26,-16.0,16,male,0,2706.1785744,1,26
133,2,3,3,1,4,6.199793600000021,47.0,22,0.4600000000000001,size,orientation,color,0.26,-16.0,16,male,0,2706.1785744,1,26
134,2,2,2,1,4,1.6500674000001254,-74.5,11,0.4600000000000001,size,orientation,color,0.26,-16.0,16,male,0,2706.1785744,0,26
135,2,3,3,1,4,1.7836805000001732,11.0,22,0.30000000000000004,size,orientation,color,0.26,-16.0,16,male,0,2706.1785744,0,26
136,2,3,3,1,4,1.2662046999998893,51.5,10,0.30000000000000004,size,orientation,color,0.26,-16.0,16,male,0,2706.1785744,0,26
137,2,3,3,1,4,1.150014800000008,11.0,4,0.30000000000000004,size,orientation,color,0.26,-16.0,16,male,0,2706.1785744,0,26
138,2,0,0,1,4,5.000635699999975,-83.5,22,0.18000000000000002,size,orientation,color,0.26,-16.0,16,male,0,2706.1785744,0,26
139,2,0,0,1,4,2.7170093999998244,-74.5,17,0.1,size,orientation,color,0.26,-16.0,16,male,0,2706.1785744,0,26
140,2,0,2,0,4,1.9998487999998815,-25.0,21,0.30000000000000004,size,orientation,color,0.26,-16.0,16,male,0,2706.1785744,0,26
141,2,3,3,1,4,3.0670992999998816,60.5,15,0.30000000000000004,size,orientation,color,0.26,-16.0,16,male,0,2706.1785744,1,26
142,2,2,2,1,4,2.8672518000000764,-25.0,6,0.4600000000000001,size,orientation,color,0.26,-16.0,16,male,0,2706.1785744,0,26
143,2,3,3,1,4,1.1494824999999764,38.0,4,0.30000000000000004,size,orientation,color,0.26,-16.0,16,male,0,2706.1785744,0,26
144,2,0,1,0,4,4.116718699999865,-7.0,6,0.1,size,orientation,color,0.26,-16.0,16,male,0,2706.1785744,0,26
145,2,0,2,0,4,2.0840771999999106,-25.0,1,0.30000000000000004,size,orientation,color,0.26,-16.0,16,male,0,2706.1785744,1,26
146,2,2,2,1,4,1.2000087000001258,-74.5,9,0.42000000000000004,size,orientation,color,0.26,-16.0,16,male,0,2706.1785744,1,26
147,2,2,2,1,4,2.0340268999998443,-52.0,2,0.26,size,orientation,color,0.26,-16.0,16,male,0,2706.1785744,0,26
148,2,2,3,0,4,0.007820899999842368,11.0,14,0.42000000000000004,size,orientation,color,0.26,-16.0,16,male,0,2706.1785744,0,26
149,2,3,3,1,4,1.0171843000000536,51.5,7,0.3400000000000001,size,orientation,color,0.26,-16.0,16,male,0,2706.1785744,1,26
150,2,2,0,0,4,7.217107899999974,-43.0,2,0.22000000000000003,size,orientation,color,0.26,-16.0,16,male,0,2706.1785744,0,26
151,2,3,1,0,4,1.5009150999999292,65.0,11,0.14,size,orientation,color,0.26,-16.0,16,male,0,2706.1785744,1,26
152,2,0,2,0,4,2.3163590999999997,-20.5,16,0.30000000000000004,size,orientation,color,0.26,-16.0,16,male,0,2706.1785744,1,26
153,2,0,2,0,4,2.7324902999998812,-74.5,15,0.3400000000000001,size,orientation,color,0.26,-16.0,16,male,0,2706.1785744,1,26
154,2,3,3,1,4,1.2505223999999089,29.0,7,0.38,size,orientation,color,0.26,-16.0,16,male,0,2706.1785744,1,26
155,2,2,3,0,4,2.500103999999965,87.5,9,0.42000000000000004,size,orientation,color,0.26,-16.0,16,male,0,2706.1785744,0,26
156,2,2,3,0,4,2.4163568999999825,69.5,24,0.3400000000000001,size,orientation,color,0.26,-16.0,16,male,0,2706.1785744,1,26
157,2,3,3,1,4,6.18381740000018,87.5,24,0.30000000000000004,size,orientation,color,0.26,-16.0,16,male,0,2706.1785744,1,26
158,2,0,0,1,4,6.066900600000054,-25.0,11,0.1,size,orientation,color,0.26,-16.0,16,male,0,2706.1785744,0,26
159,2,0,3,0,4,1.200863199999958,-7.0,6,0.26,size,orientation,color,0.26,-16.0,16,male,0,2706.1785744,0,26
160,2,0,3,0,4,10.916316699999925,-2.5,12,0.42000000000000004,size,orientation,color,0.26,-16.0,16,male,0,2706.1785744,1,26
161,2,3,1,0,4,6.782643300000018,51.5,4,0.22000000000000003,size,orientation,color,0.26,-16.0,16,male,0,2706.1785744,1,26
162,3,7,7,1,8,3.21614610000006,65.0,24,0.30000000000000004,size,orientation,color,0.26,-16.0,16,male,0,2706.1785744,1,26
163,3,6,7,0,8,1.7668897999999444,38.0,13,0.30000000000000004,size,orientation,color,0.26,-16.0,16,male,0,2706.1785744,0,26
164,3,0,2,0,8,5.932285899999897,-11.5,8,0.14,size,orientation,color,0.26,-16.0,16,male,0,2706.1785744,1,26
165,3,7,5,0,8,3.8993208000001687,-65.5,20,0.4600000000000001,size,orientation,color,0.26,-16.0,16,male,0,2706.1785744,1,26
166,3,4,6,0,8,1.9171924999998282,60.5,4,0.38,size,orientation,color,0.26,-16.0,16,male,0,2706.1785744,1,26
167,3,6,7,0,8,0.7495026999999936,15.5,21,0.3400000000000001,size,orientation,color,0.26,-16.0,16,male,0,2706.1785744,1,26
168,3,1,3,0,8,1.4999017999998614,-16.0,24,0.14,size,orientation,color,0.26,-16.0,16,male,0,2706.1785744,1,26
169,3,5,6,0,8,3.7667776999999205,56.0,1,0.3400000000000001,size,orientation,color,0.26,-16.0,16,male,0,2706.1785744,1,26
170,3,2,4,0,8,1.7819769000000178,-25.0,12,0.30000000000000004,size,orientation,color,0.26,-16.0,16,male,0,2706.1785744,1,26
171,3,5,6,0,8,9.116450600000007,78.5,7,0.26,size,orientation,color,0.26,-16.0,16,male,0,2706.1785744,1,26
172,2,3,3,1,4,8.999836799999912,83.0,23,0.26,size,orientation,color,0.26,-16.0,16,male,0,2706.1785744,1,26
173,2,3,3,1,4,2.3668826999999055,29.0,5,0.42000000000000004,size,orientation,color,0.26,-16.0,16,male,0,2706.1785744,0,26
174,2,3,1,0,4,2.6670753000000786,24.5,18,0.22000000000000003,size,orientation,color,0.26,-16.0,16,male,0,2706.1785744,0,26
175,3,4,2,0,8,2.1157223999998678,-2.5,6,0.18000000000000002,size,orientation,color,0.26,-16.0,16,male,0,2706.1785744,1,26
176,2,1,1,1,4,4.917675000000145,38.0,23,0.14,size,orientation,color,0.26,-16.0,16,male,0,2706.1785744,1,26
177,2,2,0,0,4,4.117501900000207,-47.5,5,0.22000000000000003,size,orientation,color,0.26,-16.0,16,male,0,2706.1785744,0,26
178,3,4,6,0,8,3.649337100000139,87.5,8,0.26,size,orientation,color,0.26,-16.0,16,male,0,2706.1785744,1,26
179,2,3,3,1,4,2.183849399999872,33.5,16,0.4600000000000001,size,orientation,color,0.26,-16.0,16,male,0,2706.1785744,1,26
180,2,1,2,0,4,7.3173352999997405,-43.0,14,0.26,size,orientation,color,0.26,-16.0,16,male,0,2706.1785744,0,26
181,2,2,3,0,4,1.4323929000001954,47.0,12,0.3400000000000001,size,orientation,color,0.26,-16.0,16,male,0,2706.1785744,1,26
182,2,2,2,1,4,2.716482900000301,-74.5,14,0.42000000000000004,size,orientation,color,0.26,-16.0,16,male,0,2706.1785744,1,26
183,2,2,2,1,4,0.9166406000003917,-74.5,20,0.30000000000000004,size,orientation,color,0.26,-16.0,16,male,0,2706.1785744,0,26
184,2,3,3,1,4,1.716805900000054,11.0,24,0.30000000000000004,size,orientation,color,0.26,-16.0,16,male,0,2706.1785744,0,26
185,2,0,0,1,4,9.200259800000367,-20.5,19,0.14,size,orientation,color,0.26,-16.0,16,male,0,2706.1785744,0,26
186,2,0,0,1,4,2.0333621999998286,-29.5,8,0.18000000000000002,size,orientation,color,0.26,-16.0,16,male,0,2706.1785744,0,26
187,2,3,3,1,4,1.7007666999998037,29.0,14,0.4600000000000001,size,orientation,color,0.26,-16.0,16,male,0,2706.1785744,0,26
188,2,3,1,0,4,12.150424700000258,69.5,7,0.18000000000000002,size,orientation,color,0.26,-16.0,16,male,0,2706.1785744,0,26
189,2,3,3,1,4,1.0668279000001348,20.0,16,0.30000000000000004,size,orientation,color,0.26,-16.0,16,male,0,2706.1785744,1,26
190,2,2,2,1,4,2.634271500000068,-47.5,24,0.30000000000000004,size,orientation,color,0.26,-16.0,16,male,0,2706.1785744,0,26
191,2,2,3,0,4,1.6997879999998986,-7.0,17,0.4600000000000001,size,orientation,color,0.26,-16.0,16,male,0,2706.1785744,0,26
192,2,3,3,1,4,1.7660934000000452,65.0,11,0.42000000000000004,size,orientation,color,0.26,-16.0,16,male,0,2706.1785744,1,26
193,2,1,1,1,4,2.68242680000003,74.0,2,0.1,size,orientation,color,0.26,-16.0,16,male,0,2706.1785744,0,26
194,2,3,3,1,4,2.7503841000002467,38.0,6,0.38,size,orientation,color,0.26,-16.0,16,male,0,2706.1785744,0,26
195,2,0,0,1,4,5.4505787999996755,-61.0,12,0.22000000000000003,size,orientation,color,0.26,-16.0,16,male,0,2706.1785744,0,26
196,2,0,2,0,4,1.9003198000000339,-83.5,1,0.26,size,orientation,color,0.26,-16.0,16,male,0,2706.1785744,0,26
197,2,2,2,1,4,3.9992723000000296,-79.0,22,0.4600000000000001,size,orientation,color,0.26,-16.0,16,male,0,2706.1785744,1,26
198,2,0,0,1,4,7.032839599999988,-38.5,13,0.14,size,orientation,color,0.26,-16.0,16,male,0,2706.1785744,0,26
199,2,2,3,0,4,2.36750260000008,42.5,12,0.26,size,orientation,color,0.26,-16.0,16,male,0,2706.1785744,0,26
200,2,3,3,1,4,7.816294000000198,78.5,14,0.3400000000000001,size,orientation,color,0.26,-16.0,16,male,0,2706.1785744,1,26
201,2,0,0,1,4,8.783403800000087,-34.0,13,0.1,size,orientation,color,0.26,-16.0,16,male,0,2706.1785744,0,26
202,2,3,3,1,4,1.800029099999847,56.0,13,0.3400000000000001,size,orientation,color,0.26,-16.0,16,male,0,2706.1785744,0,26
203,2,3,3,1,4,2.5843767999999727,60.5,7,0.3400000000000001,size,orientation,color,0.26,-16.0,16,male,0,2706.1785744,0,26
204,2,3,3,1,4,3.0660071000002063,6.5,2,0.3400000000000001,size,orientation,color,0.26,-16.0,16,male,0,2706.1785744,0,26
205,2,3,3,1,4,1.266830900000059,65.0,0,0.26,size,orientation,color,0.26,-16.0,16,male,0,2706.1785744,0,26
206,2,3,3,1,4,1.16785660000005,69.5,8,0.30000000000000004,size,orientation,color,0.26,-16.0,16,male,0,2706.1785744,0,26
207,2,3,3,1,4,0.88347930000009,69.5,16,0.38,size,orientation,color,0.26,-16.0,16,male,0,2706.1785744,0,26
208,2,3,3,1,4,0.7833313000000999,47.0,6,0.3400000000000001,size,orientation,color,0.26,-16.0,16,male,0,2706.1785744,0,26
209,2,2,2,1,4,10.516989400000057,-52.0,16,0.26,size,orientation,color,0.26,-16.0,16,male,0,2706.1785744,0,26
210,3,0,0,1,8,13.716910799999823,-65.5,1,0.14,size,orientation,color,0.26,-16.0,16,male,0,2706.1785744,1,26
211,3,0,3,0,8,1.1163786000001892,-16.0,17,0.1,size,orientation,color,0.26,-16.0,16,male,0,2706.1785744,0,26
212,3,0,6,0,8,1.5998664999997345,-16.0,9,0.3400000000000001,size,orientation,color,0.26,-16.0,16,male,0,2706.1785744,1,26
213,3,0,6,0,8,8.066945099999884,-11.5,12,0.3400000000000001,size,orientation,color,0.26,-16.0,16,male,0,2706.1785744,1,26
214,3,7,7,1,8,1.4660297999998875,29.0,16,0.4600000000000001,size,orientation,color,0.26,-16.0,16,male,0,2706.1785744,1,26
215,3,2,4,0,8,4.832354399999986,-79.0,12,0.26,size,orientation,color,0.26,-16.0,16,male,0,2706.1785744,0,26
216,3,1,7,0,8,5.216653699999824,24.5,17,0.38,size,orientation,color,0.26,-16.0,16,male,0,2706.1785744,1,26
217,3,2,6,0,8,4.31555520000029,2.0,7,0.4600000000000001,size,orientation,color,0.26,-16.0,16,male,0,2706.1785744,1,26
218,3,1,3,0,8,27.30038499999955,-7.0,18,0.1,size,orientation,color,0.26,-16.0,16,male,0,2706.1785744,1,26
219,3,7,7,1,8,4.848187499999767,20.0,19,0.4600000000000001,size,orientation,color,0.26,-16.0,16,male,0,2706.1785744,1,26
220,3,6,4,0,8,11.900689799999782,-47.5,0,0.3400000000000001,size,orientation,color,0.26,-16.0,16,male,0,2706.1785744,0,26
221,3,2,0,0,8,16.415541700000176,-29.5,10,0.14,size,orientation,color,0.26,-16.0,16,male,0,2706.1785744,1,26
222,3,6,6,1,8,6.132893100000274,-2.5,8,0.42000000000000004,size,orientation,color,0.26,-16.0,16,male,0,2706.1785744,1,26
223,3,3,1,0,8,21.184154399999898,-52.0,19,0.14,size,orientation,color,0.26,-16.0,16,male,0,2706.1785744,0,26
224,3,6,4,0,8,11.532797600000322,-25.0,11,0.38,size,orientation,color,0.26,-16.0,16,male,0,2706.1785744,1,26
225,3,4,6,0,8,13.51667419999967,42.5,5,0.38,size,orientation,color,0.26,-16.0,16,male,0,2706.1785744,1,26
226,3,3,3,1,8,13.8660718000001,11.0,14,0.14,size,orientation,color,0.26,-16.0,16,male,0,2706.1785744,1,26
227,3,2,2,1,8,10.183149199999662,33.5,2,0.18000000000000002,size,orientation,color,0.26,-16.0,16,male,0,2706.1785744,0,26
228,3,7,7,1,8,3.9176496000000043,38.0,17,0.4600000000000001,size,orientation,color,0.26,-16.0,16,male,0,2706.1785744,0,26
229,3,5,5,1,8,5.617175400000178,-47.5,17,0.38,size,orientation,color,0.26,-16.0,16,male,0,2706.1785744,0,26
230,3,1,1,1,8,14.567436199999975,-88.0,19,0.1,size,orientation,color,0.26,-16.0,16,male,0,2706.1785744,0,26
231,3,4,4,1,8,16.917256499999894,-20.5,8,0.30000000000000004,size,orientation,color,0.26,-16.0,16,male,0,2706.1785744,0,26
232,3,1,1,1,8,11.550477000000228,-65.5,22,0.14,size,orientation,color,0.26,-16.0,16,male,0,2706.1785744,0,26
233,3,2,2,1,8,18.00047339999992,78.5,4,0.18000000000000002,size,orientation,color,0.26,-16.0,16,male,0,2706.1785744,0,26
234,3,7,7,1,8,17.917278599999918,15.5,17,0.26,size,orientation,color,0.26,-16.0,16,male,0,2706.1785744,0,26
235,3,5,5,1,8,3.000520300000062,-74.5,21,0.42000000000000004,size,orientation,color,0.26,-16.0,16,male,0,2706.1785744,0,26
236,2,0,2,0,4,5.100113599999986,-25.0,18,0.42000000000000004,size,orientation,color,0.26,-16.0,16,male,0,2706.1785744,1,26
237,2,3,1,0,4,4.4164427000000614,15.5,17,0.22000000000000003,size,orientation,color,0.26,-16.0,16,male,0,2706.1785744,1,26
238,2,3,3,1,4,19.036057900000287,11.0,19,0.38,size,orientation,color,0.26,-16.0,16,male,0,2706.1785744,1,26
239,2,0,2,0,4,9.350585499999852,-79.0,6,0.26,size,orientation,color,0.26,-16.0,16,male,0,2706.1785744,0,26
240,2,3,1,0,4,2.849836900000355,42.5,15,0.18000000000000002,size,orientation,color,0.26,-16.0,16,male,0,2706.1785744,1,26
241,2,0,2,0,4,14.483730800000103,-83.5,7,0.3400000000000001,size,orientation,color,0.26,-16.0,16,male,0,2706.1785744,1,26
242,2,0,3,0,4,1.6326548000001821,-7.0,22,0.3400000000000001,size,orientation,color,0.26,-16.0,16,male,0,2706.1785744,1,26
243,2,3,3,1,4,3.8639656000000286,24.5,14,0.30000000000000004,size,orientation,color,0.26,-16.0,16,male,0,2706.1785744,1,26
244,2,2,2,1,4,2.4819194000001517,-38.5,18,0.4600000000000001,size,orientation,color,0.26,-16.0,16,male,0,2706.1785744,0,26
245,2,0,2,0,4,7.249937999999929,-20.5,1,0.30000000000000004,size,orientation,color,0.26,-16.0,16,male,0,2706.1785744,0,26
246,2,3,3,1,4,6.666347200000018,69.5,8,0.4600000000000001,size,orientation,color,0.26,-16.0,16,male,0,2706.1785744,1,26
247,2,2,3,0,4,2.399779700000181,-11.5,4,0.3400000000000001,size,orientation,color,0.26,-16.0,16,male,0,2706.1785744,0,26
248,2,1,0,0,4,10.66755989999956,-65.5,15,0.14,size,orientation,color,0.26,-16.0,16,male,0,2706.1785744,1,26
249,2,3,1,0,4,5.000430100000358,20.0,10,0.22000000000000003,size,orientation,color,0.26,-16.0,16,male,0,2706.1785744,1,26
250,2,0,2,0,4,9.06789149999986,-25.0,1,0.30000000000000004,size,orientation,color,0.26,-16.0,16,male,0,2706.1785744,1,26
251,2,2,1,0,4,1.8001924000000145,47.0,2,0.14,size,orientation,color,0.26,-16.0,16,male,0,2706.1785744,1,26
252,2,3,1,0,4,13.9005345999999,51.5,23,0.18000000000000002,size,orientation,color,0.26,-16.0,16,male,0,2706.1785744,1,26
253,2,3,3,1,4,1.750295400000141,51.5,5,0.4600000000000001,size,orientation,color,0.26,-16.0,16,male,0,2706.1785744,1,26
254,2,2,1,0,4,2.6163602999999966,83.0,16,0.14,size,orientation,color,0.26,-16.0,16,male,0,2706.1785744,0,26
255,2,0,1,0,4,2.6997354999998606,69.5,21,0.14,size,orientation,color,0.26,-16.0,16,male,0,2706.1785744,1,26
256,2,0,2,0,4,6.466399300000376,-43.0,18,0.26,size,orientation,color,0.26,-16.0,16,male,0,2706.1785744,1,26
257,2,2,1,0,4,3.0164205000000948,-7.0,1,0.18000000000000002,size,orientation,color,0.26,-16.0,16,male,0,2706.1785744,1,26
258,2,3,3,1,4,1.6669154000001072,69.5,17,0.4600000000000001,size,orientation,color,0.26,-16.0,16,male,0,2706.1785744,1,26
259,2,2,0,0,4,2.549955299999965,-38.5,7,0.14,size,orientation,color,0.26,-16.0,16,male,0,2706.1785744,0,26
260,2,1,1,1,4,1.4990219000001161,69.5,1,0.18000000000000002,size,orientation,color,0.26,-16.0,16,male,0,2706.1785744,1,26
261,2,1,1,1,4,1.5833059999999932,42.5,3,0.22000000000000003,size,orientation,color,0.26,-16.0,16,male,0,2706.1785744,0,26
262,2,1,3,0,4,2.433491799999956,56.0,22,0.30000000000000004,size,orientation,color,0.26,-16.0,16,male,0,2706.1785744,0,26
263,2,3,3,1,4,1.3990777000003618,56.0,0,0.42000000000000004,size,orientation,color,0.26,-16.0,16,male,0,2706.1785744,1,26
264,2,1,1,1,4,3.4665273000000525,33.5,21,0.1,size,orientation,color,0.26,-16.0,16,male,0,2706.1785744,0,26
265,2,1,1,1,4,1.2509535999997752,74.0,7,0.18000000000000002,size,orientation,color,0.26,-16.0,16,male,0,2706.1785744,0,26
266,2,2,1,0,4,2.400039000000106,-16.0,8,0.22000000000000003,size,orientation,color,0.26,-16.0,16,male,0,2706.1785744,0,26
267,2,0,2,0,4,4.2989598999997725,-20.5,1,0.30000000000000004,size,orientation,color,0.26,-16.0,16,male,0,2706.1785744,1,26
268,2,3,1,0,4,6.051002100000005,83.0,14,0.22000000000000003,size,orientation,color,0.26,-16.0,16,male,0,2706.1785744,1,26
269,2,3,3,1,4,1.8342827999999827,6.5,8,0.38,size,orientation,color,0.26,-16.0,16,male,0,2706.1785744,1,26
270,2,3,2,0,4,4.09872280000036,-52.0,17,0.42000000000000004,size,orientation,color,0.26,-16.0,16,male,0,2706.1785744,0,26
271,2,2,2,1,4,1.8332477000003564,-38.5,21,0.42000000000000004,size,orientation,color,0.26,-16.0,16,male,0,2706.1785744,1,26
272,2,0,0,1,4,2.1163486000000375,-83.5,6,0.22000000000000003,size,orientation,color,0.26,-16.0,16,male,0,2706.1785744,0,26
273,2,3,3,1,4,1.599953099999766,11.0,6,0.4600000000000001,size,orientation,color,0.26,-16.0,16,male,0,2706.1785744,0,26
274,2,3,3,1,4,3.816727599999922,51.5,9,0.42000000000000004,size,orientation,color,0.26,-16.0,16,male,0,2706.1785744,0,26
275,2,3,3,1,4,1.2839780999997856,20.0,4,0.30000000000000004,size,orientation,color,0.26,-16.0,16,male,0,2706.1785744,0,26
276,2,1,1,1,4,5.200593900000058,20.0,14,0.14,size,orientation,color,0.26,-16.0,16,male,0,2706.1785744,0,26
277,2,1,1,1,4,1.1991650999998456,15.5,16,0.1,size,orientation,color,0.26,-16.0,16,male,0,2706.1785744,0,26
278,2,0,0,1,4,1.3164064000002327,-79.0,4,0.18000000000000002,size,orientation,color,0.26,-16.0,16,male,0,2706.1785744,0,26
279,2,2,2,1,4,3.0828495999999177,-52.0,10,0.30000000000000004,size,orientation,color,0.26,-16.0,16,male,0,2706.1785744,0,26
280,2,2,2,1,4,1.8168899000002057,-25.0,16,0.30000000000000004,size,orientation,color,0.26,-16.0,16,male,0,2706.1785744,0,26
281,3,4,4,1,8,41.500979200000074,-56.5,12,0.26,size,orientation,color,0.26,-16.0,16,male,0,2706.1785744,1,26
282,3,1,3,0,8,17.883513600000242,-16.0,18,0.14,size,orientation,color,0.26,-16.0,16,male,0,2706.1785744,0,26
283,3,5,5,1,8,8.948908900000333,-79.0,24,0.42000000000000004,size,orientation,color,0.26,-16.0,16,male,0,2706.1785744,1,26
284,3,2,2,1,8,22.800551700000142,33.5,10,0.14,size,orientation,color,0.26,-16.0,16,male,0,2706.1785744,0,26
285,3,5,7,0,8,3.5004433999997673,-16.0,18,0.4600000000000001,size,orientation,color,0.26,-16.0,16,male,0,2706.1785744,0,26
286,3,6,0,0,8,9.733318999999938,-38.5,12,0.22000000000000003,size,orientation,color,0.26,-16.0,16,male,0,2706.1785744,1,26
287,3,7,5,0,8,14.03321169999981,-38.5,15,0.30000000000000004,size,orientation,color,0.26,-16.0,16,male,0,2706.1785744,1,26
288,3,4,6,0,8,13.14895129999968,-2.5,3,0.30000000000000004,size,orientation,color,0.26,-16.0,16,male,0,2706.1785744,1,26
289,3,3,0,0,8,9.383740400000079,-47.5,7,0.1,size,orientation,color,0.26,-16.0,16,male,0,2706.1785744,1,26
290,3,7,7,1,8,4.532473699999628,69.5,21,0.38,size,orientation,color,0.26,-16.0,16,male,0,2706.1785744,1,26
291,3,6,6,1,8,3.5677906000000803,20.0,0,0.4600000000000001,size,orientation,color,0.26,-16.0,16,male,0,2706.1785744,0,26
292,3,0,0,1,8,10.450475600000118,-47.5,2,0.1,size,orientation,color,0.26,-16.0,16,male,0,2706.1785744,0,26
293,3,2,0,0,8,5.7676839000000655,-47.5,0,0.22000000000000003,size,orientation,color,0.26,-16.0,16,male,0,2706.1785744,0,26
294,3,0,4,0,8,1.5168650999999045,-38.5,9,0.26,size,orientation,color,0.26,-16.0,16,male,0,2706.1785744,1,26
295,3,7,7,1,8,7.800804699999844,42.5,22,0.42000000000000004,size,orientation,color,0.26,-16.0,16,male,0,2706.1785744,1,26
296,3,2,2,1,8,17.06699589999971,69.5,3,0.18000000000000002,size,orientation,color,0.26,-16.0,16,male,0,2706.1785744,0,26
297,3,5,5,1,8,6.784142900000006,-65.5,21,0.4600000000000001,size,orientation,color,0.26,-16.0,16,male,0,2706.1785744,0,26
298,3,5,1,0,8,1.2669170999997732,-29.5,15,0.22000000000000003,size,orientation,color,0.26,-16.0,16,male,0,2706.1785744,0,26
299,3,5,5,1,8,7.60035629999993,-52.0,22,0.42000000000000004,size,orientation,color,0.26,-16.0,16,male,0,2706.1785744,1,26
300,3,1,1,1,8,6.083545299999969,-52.0,20,0.14,size,orientation,color,0.26,-16.0,16,male,0,2706.1785744,0,26
301,3,6,6,1,8,13.21676060000027,83.0,7,0.3400000000000001,size,orientation,color,0.26,-16.0,16,male,0,2706.1785744,0,26
302,3,6,6,1,8,2.966683500000272,11.0,8,0.38,size,orientation,color,0.26,-16.0,16,male,0,2706.1785744,0,26
303,3,0,2,0,8,5.38332470000023,-16.0,3,0.1,size,orientation,color,0.26,-16.0,16,male,0,2706.1785744,0,26
304,3,5,7,0,8,4.083594400000038,38.0,16,0.4600000000000001,size,orientation,color,0.26,-16.0,16,male,0,2706.1785744,1,26
305,3,7,3,0,8,3.6667747000001327,51.5,23,0.18000000000000002,size,orientation,color,0.26,-16.0,16,male,0,2706.1785744,1,26
306,3,7,3,0,8,13.799351900000147,78.5,13,0.22000000000000003,size,orientation,color,0.26,-16.0,16,male,0,2706.1785744,1,26
307,3,3,2,0,8,15.21586359999992,29.0,2,0.1,size,orientation,color,0.26,-16.0,16,male,0,2706.1785744,1,26
308,3,6,6,1,8,5.76673430000028,29.0,1,0.30000000000000004,size,orientation,color,0.26,-16.0,16,male,0,2706.1785744,1,26
309,3,7,7,1,8,7.234008200000062,65.0,24,0.30000000000000004,size,orientation,color,0.26,-16.0,16,male,0,2706.1785744,0,26
310,3,5,5,1,8,2.300675599999977,-83.5,20,0.4600000000000001,size,orientation,color,0.26,-16.0,16,male,0,2706.1785744,0,26
311,3,0,0,1,8,24.05037500000026,-83.5,0,0.18000000000000002,size,orientation,color,0.26,-16.0,16,male,0,2706.1785744,0,26
312,3,6,6,1,8,8.600714100000005,20.0,10,0.26,size,orientation,color,0.26,-16.0,16,male,0,2706.1785744,0,26
313,3,4,4,1,8,1.88388440000017,-25.0,10,0.30000000000000004,size,orientation,color,0.26,-16.0,16,male,0,2706.1785744,0,26
314,3,4,6,0,8,1.4500934000002417,-11.5,3,0.3400000000000001,size,orientation,color,0.26,-16.0,16,male,0,2706.1785744,0,26
315,1,0,1,0,2,0.5746952000004057,-88.0,6,0.42000000000000004,size,orientation,color,0.26,-16.0,16,male,0,2706.1785744,1,26
316,1,0,1,0,2,0.8081376000000091,-70.0,13,0.42000000000000004,size,orientation,color,0.26,-16.0,16,male,0,2706.1785744,1,26
317,1,0,0,1,2,1.426083600000311,20.0,0,0.18000000000000002,size,orientation,color,0.26,-16.0,16,male,0,2706.1785744,1,26
318,1,0,1,0,2,0.8504382999999507,-56.5,3,0.42000000000000004,size,orientation,color,0.26,-16.0,16,male,0,2706.1785744,0,26
319,1,0,0,1,2,2.47552880000012,29.0,19,0.22000000000000003,size,orientation,color,0.26,-16.0,16,male,0,2706.1785744,1,26
320,1,1,1,1,2,0.9830858000000262,-25.0,12,0.30000000000000004,size,orientation,color,0.26,-16.0,16,male,0,2706.1785744,0,26
321,1,1,1,1,2,1.1841138999998293,-65.5,8,0.3400000000000001,size,orientation,color,0.26,-16.0,16,male,0,2706.1785744,0,26
322,1,0,0,1,2,1.2158477000002677,-65.5,6,0.22000000000000003,size,orientation,color,0.26,-16.0,16,male,0,2706.1785744,0,26
323,1,1,1,1,2,0.9663129000000481,83.0,4,0.4600000000000001,size,orientation,color,0.26,-16.0,16,male,0,2706.1785744,0,26
324,1,0,1,0,2,1.350769499999842,38.0,3,0.26,size,orientation,color,0.26,-16.0,16,male,0,2706.1785744,0,26
325,4,0,1,0,4,16.05487919999996,-7.0,11,0.22000000000000003,size,orientation,color,0.26,-16.0,16,male,0,2706.1785744,0,26
326,4,5,5,1,8,17.9338072999999,-34.0,23,0.3400000000000001,size,orientation,color,0.26,-16.0,16,male,0,2706.1785744,0,26
327,4,3,3,1,8,9.083747499999845,65.0,19,0.18000000000000002,size,orientation,color,0.26,-16.0,16,male,0,2706.1785744,0,26
328,4,3,3,1,4,21.85039110000025,65.0,1,0.4600000000000001,size,orientation,color,0.26,-16.0,16,male,0,2706.1785744,0,26
329,4,0,0,1,2,8.251874800000223,6.5,1,0.1,size,orientation,color,0.26,-16.0,16,male,0,2706.1785744,0,26
330,4,3,3,1,4,8.133948300000156,87.5,0,0.4600000000000001,size,orientation,color,0.26,-16.0,16,male,0,2706.1785744,0,26
331,4,1,1,1,2,3.101479399999789,33.5,2,0.42000000000000004,size,orientation,color,0.26,-16.0,16,male,0,2706.1785744,0,26
332,4,1,0,0,2,8.41637209999999,11.0,21,0.22000000000000003,size,orientation,color,0.26,-16.0,16,male,0,2706.1785744,0,26
333,4,2,2,1,8,23.98463219999985,33.5,8,0.18000000000000002,size,orientation,color,0.26,-16.0,16,male,0,2706.1785744,0,26
334,4,1,1,1,2,5.300337299999683,74.0,4,0.30000000000000004,size,orientation,color,0.26,-16.0,16,male,0,2706.1785744,0,26
335,4,0,0,1,2,2.53352249999989,42.5,1,0.14,size,orientation,color,0.26,-16.0,16,male,0,2706.1785744,0,26
336,4,0,0,1,4,23.732448600000225,-43.0,17,0.22000000000000003,size,orientation,color,0.26,-16.0,16,male,0,2706.1785744,0,26
337,4,7,7,1,8,3.267237000000023,60.5,19,0.4600000000000001,size,orientation,color,0.26,-16.0,16,male,0,2706.1785744,0,26
338,4,2,2,1,4,24.983394299999873,-29.5,16,0.30000000000000004,size,orientation,color,0.26,-16.0,16,male,0,2706.1785744,0,26
339,4,2,2,1,4,2.683551399999942,-88.0,14,0.3400000000000001,size,orientation,color,0.26,-16.0,16,male,0,2706.1785744,0,26
340,4,3,3,1,8,8.43339240000023,42.5,17,0.1,size,orientation,color,0.26,-16.0,16,male,0,2706.1785744,0,26
341,4,1,1,1,4,12.016579200000251,38.0,20,0.18000000000000002,size,orientation,color,0.26,-16.0,16,male,0,2706.1785744,0,26
342,4,1,0,0,2,8.384302800000114,2.0,15,0.18000000000000002,size,orientation,color,0.26,-16.0,16,male,0,2706.1785744,0,26
343,4,2,3,0,4,3.783122600000297,-7.0,20,0.38,size,orientation,color,0.26,-16.0,16,male,0,2706.1785744,0,26
344,4,0,0,1,2,2.3676602999998977,51.5,13,0.1,size,orientation,color,0.26,-16.0,16,male,0,2706.1785744,0,26
345,4,1,1,1,2,1.3014287000000877,83.0,15,0.38,size,orientation,color,0.26,-16.0,16,male,0,2706.1785744,0,26
346,4,6,6,1,8,8.58370560000003,83.0,0,0.38,size,orientation,color,0.26,-16.0,16,male,0,2706.1785744,0,26
347,4,1,3,0,4,10.600565499999902,74.0,12,0.3400000000000001,size,orientation,color,0.26,-16.0,16,male,0,2706.1785744,0,26
348,4,1,1,1,2,5.951016600000003,20.0,24,0.3400000000000001,size,orientation,color,0.26,-16.0,16,male,0,2706.1785744,0,26
349,4,2,2,1,8,8.966883800000232,65.0,8,0.1,size,orientation,color,0.26,-16.0,16,male,0,2706.1785744,0,26
350,4,7,7,1,8,1.4337241000002905,69.5,15,0.42000000000000004,size,orientation,color,0.26,-16.0,16,male,0,2706.1785744,0,26
351,4,3,3,1,4,8.2669163999999,20.0,3,0.3400000000000001,size,orientation,color,0.26,-16.0,16,male,0,2706.1785744,0,26
352,4,4,2,0,8,31.76745919999985,-16.0,3,0.22000000000000003,size,orientation,color,0.26,-16.0,16,male,0,2706.1785744,0,26
353,4,7,3,0,8,12.532440899999983,6.5,15,0.22000000000000003,size,orientation,color,0.26,-16.0,16,male,0,2706.1785744,0,26
354,4,2,2,1,8,7.300819499999761,11.0,7,0.14,size,orientation,color,0.26,-16.0,16,male,0,2706.1785744,0,26
355,4,7,7,1,8,1.434955600000194,83.0,21,0.4600000000000001,size,orientation,color,0.26,-16.0,16,male,0,2706.1785744,0,26
356,4,0,0,1,2,1.9506451000002016,24.5,2,0.14,size,orientation,color,0.26,-16.0,16,male,0,2706.1785744,0,26
357,4,2,0,0,4,5.799987599999895,-38.5,3,0.22000000000000003,size,orientation,color,0.26,-16.0,16,male,0,2706.1785744,0,26
358,4,2,2,1,4,3.382925299999897,-29.5,16,0.4600000000000001,size,orientation,color,0.26,-16.0,16,male,0,2706.1785744,0,26
359,4,0,0,1,8,16.94935899999973,-56.5,8,0.18000000000000002,size,orientation,color,0.26,-16.0,16,male,0,2706.1785744,0,26
360,4,2,3,0,4,5.284863800000039,-2.5,7,0.4600000000000001,size,orientation,color,0.26,-16.0,16,male,0,2706.1785744,0,26
361,4,2,0,0,4,4.734170900000208,-25.0,1,0.22000000000000003,size,orientation,color,0.26,-16.0,16,male,0,2706.1785744,0,26
362,4,7,7,1,8,4.332831199999873,60.5,21,0.30000000000000004,size,orientation,color,0.26,-16.0,16,male,0,2706.1785744,0,26
363,4,1,1,1,2,1.917730599999686,60.5,23,0.38,size,orientation,color,0.26,-16.0,16,male,0,2706.1785744,0,26
364,4,2,3,0,4,4.051527999999962,-2.5,3,0.26,size,orientation,color,0.26,-16.0,16,male,0,2706.1785744,0,26
365,4,1,1,1,2,1.6177904000001035,6.5,18,0.3400000000000001,size,orientation,color,0.26,-16.0,16,male,0,2706.1785744,0,26
366,4,1,0,0,2,8.782978000000185,69.5,15,0.22000000000000003,size,orientation,color,0.26,-16.0,16,male,0,2706.1785744,0,26
367,4,1,1,1,4,7.565658999999869,42.5,9,0.14,size,orientation,color,0.26,-16.0,16,male,0,2706.1785744,0,26
368,4,2,3,0,4,5.866360200000145,-2.5,5,0.30000000000000004,size,orientation,color,0.26,-16.0,16,male,0,2706.1785744,0,26
369,4,1,1,1,2,3.182496700000229,60.5,5,0.26,size,orientation,color,0.26,-16.0,16,male,0,2706.1785744,0,26
370,4,2,2,1,4,3.1835735000004206,-25.0,20,0.4600000000000001,size,orientation,color,0.26,-16.0,16,male,0,2706.1785744,0,26
371,4,2,2,1,4,1.0004799000003004,-43.0,23,0.4600000000000001,size,orientation,color,0.26,-16.0,16,male,0,2706.1785744,0,26
372,4,7,7,1,8,4.382974199999808,29.0,16,0.38,size,orientation,color,0.26,-16.0,16,male,0,2706.1785744,0,26
373,4,1,1,1,2,3.4675569000000905,-83.5,2,0.30000000000000004,size,orientation,color,0.26,-16.0,16,male,0,2706.1785744,0,26
374,4,4,4,1,8,8.999541000000136,-38.5,12,0.30000000000000004,size,orientation,color,0.26,-16.0,16,male,0,2706.1785744,0,26
375,4,0,0,1,8,15.2504856999999,-88.0,4,0.18000000000000002,size,orientation,color,0.26,-16.0,16,male,0,2706.1785744,0,26
376,4,1,0,0,2,3.067702400000144,-11.5,14,0.18000000000000002,size,orientation,color,0.26,-16.0,16,male,0,2706.1785744,0,26
377,4,1,1,1,2,3.817225700000108,-52.0,11,0.4600000000000001,size,orientation,color,0.26,-16.0,16,male,0,2706.1785744,0,26
378,4,1,1,1,8,11.699127999999746,-65.5,22,0.18000000000000002,size,orientation,color,0.26,-16.0,16,male,0,2706.1785744,0,26
379,4,1,1,1,8,1.933252100000118,-25.0,20,0.22000000000000003,size,orientation,color,0.26,-16.0,16,male,0,2706.1785744,0,26
380,4,1,1,1,2,2.1333213999996588,-56.5,3,0.38,size,orientation,color,0.26,-16.0,16,male,0,2706.1785744,0,26
381,4,0,0,1,2,4.100536200000079,15.5,8,0.14,size,orientation,color,0.26,-16.0,16,male,0,2706.1785744,0,26
382,4,2,0,0,4,4.834448399999928,-20.5,1,0.22000000000000003,size,orientation,color,0.26,-16.0,16,male,0,2706.1785744,0,26
383,4,4,4,1,8,7.900017899999966,-79.0,2,0.30000000000000004,size,orientation,color,0.26,-16.0,16,male,0,2706.1785744,0,26
384,4,1,1,1,2,1.7998548999999002,51.5,14,0.38,size,orientation,color,0.26,-16.0,16,male,0,2706.1785744,0,26
385,-9999.0,-9999.0,-9999.0,-9999.0,-9999.0,-9999.0,-9999.0,-9999.0,-9999.0,size,orientation,color,0.26,-16.0,16,male,0,2706.1785744,0,26
386,-9999.0,-9999.0,-9999.0,-9999.0,-9999.0,-9999.0,-9999.0,-9999.0,-9999.0,size,orientation,color,0.26,-16.0,16,male,0,2706.1785744,0,26
387,-9999.0,-9999.0,-9999.0,-9999.0,-9999.0,-9999.0,-9999.0,-9999.0,-9999.0,size,orientation,color,0.26,-16.0,16,male,0,2706.1785744,0,26
388,-9999.0,-9999.0,-9999.0,-9999.0,-9999.0,-9999.0,-9999.0,-9999.0,-9999.0,size,orientation,color,0.26,-16.0,16,male,0,2706.1785744,0,26
389,-9999.0,-9999.0,-9999.0,-9999.0,-9999.0,-9999.0,-9999.0,-9999.0,-9999.0,size,orientation,color,0.26,-16.0,16,male,0,2706.1785744,0,26
390,-9999.0,-9999.0,-9999.0,-9999.0,-9999.0,-9999.0,-9999.0,-9999.0,-9999.0,size,orientation,color,0.26,-16.0,16,male,0,2706.1785744,0,26
391,-9999.0,-9999.0,-9999.0,-9999.0,-9999.0,-9999.0,-9999.0,-9999.0,-9999.0,size,orientation,color,0.26,-16.0,16,male,0,2706.1785744,0,26
392,-9999.0,-9999.0,-9999.0,-9999.0,-9999.0,-9999.0,-9999.0,-9999.0,-9999.0,size,orientation,color,0.26,-16.0,16,male,0,2706.1785744,0,26
393,-9999.0,-9999.0,-9999.0,-9999.0,-9999.0,-9999.0,-9999.0,-9999.0,-9999.0,size,orientation,color,0.26,-16.0,16,male,0,2706.1785744,0,26
394,-9999.0,-9999.0,-9999.0,-9999.0,-9999.0,-9999.0,-9999.0,-9999.0,-9999.0,size,orientation,color,0.26,-16.0,16,male,0,2706.1785744,0,26
395,-9999.0,-9999.0,-9999.0,-9999.0,-9999.0,-9999.0,-9999.0,-9999.0,-9999.0,size,orientation,color,0.26,-16.0,16,male,0,2706.1785744,0,26
396,-9999.0,-9999.0,-9999.0,-9999.0,-9999.0,-9999.0,-9999.0,-9999.0,-9999.0,size,orientation,color,0.26,-16.0,16,male,0,2706.1785744,0,26
397,-9999.0,-9999.0,-9999.0,-9999.0,-9999.0,-9999.0,-9999.0,-9999.0,-9999.0,size,orientation,color,0.26,-16.0,16,male,0,2706.1785744,0,26
398,-9999.0,-9999.0,-9999.0,-9999.0,-9999.0,-9999.0,-9999.0,-9999.0,-9999.0,size,orientation,color,0.26,-16.0,16,male,0,2706.1785744,0,26
399,-9999.0,-9999.0,-9999.0,-9999.0,-9999.0,-9999.0,-9999.0,-9999.0,-9999.0,size,orientation,color,0.26,-16.0,16,male,0,2706.1785744,0,26
400,-9999.0,-9999.0,-9999.0,-9999.0,-9999.0,-9999.0,-9999.0,-9999.0,-9999.0,size,orientation,color,0.26,-16.0,16,male,0,2706.1785744,0,26
401,-9999.0,-9999.0,-9999.0,-9999.0,-9999.0,-9999.0,-9999.0,-9999.0,-9999.0,size,orientation,color,0.26,-16.0,16,male,0,2706.1785744,0,26
402,-9999.0,-9999.0,-9999.0,-9999.0,-9999.0,-9999.0,-9999.0,-9999.0,-9999.0,size,orientation,color,0.26,-16.0,16,male,0,2706.1785744,0,26
403,-9999.0,-9999.0,-9999.0,-9999.0,-9999.0,-9999.0,-9999.0,-9999.0,-9999.0,size,orientation,color,0.26,-16.0,16,male,0,2706.1785744,0,26
404,-9999.0,-9999.0,-9999.0,-9999.0,-9999.0,-9999.0,-9999.0,-9999.0,-9999.0,size,orientation,color,0.26,-16.0,16,male,0,2706.1785744,0,26
405,-9999.0,-9999.0,-9999.0,-9999.0,-9999.0,-9999.0,-9999.0,-9999.0,-9999.0,size,orientation,color,0.26,-16.0,16,male,0,2706.1785744,0,26
406,-9999.0,-9999.0,-9999.0,-9999.0,-9999.0,-9999.0,-9999.0,-9999.0,-9999.0,size,orientation,color,0.26,-16.0,16,male,0,2706.1785744,0,26
407,-9999.0,-9999.0,-9999.0,-9999.0,-9999.0,-9999.0,-9999.0,-9999.0,-9999.0,size,orientation,color,0.26,-16.0,16,male,0,2706.1785744,0,26
408,-9999.0,-9999.0,-9999.0,-9999.0,-9999.0,-9999.0,-9999.0,-9999.0,-9999.0,size,orientation,color,0.26,-16.0,16,male,0,2706.1785744,0,26
409,-9999.0,-9999.0,-9999.0,-9999.0,-9999.0,-9999.0,-9999.0,-9999.0,-9999.0,size,orientation,color,0.26,-16.0,16,male,0,2706.1785744,0,26
410,-9999.0,-9999.0,-9999.0,-9999.0,-9999.0,-9999.0,-9999.0,-9999.0,-9999.0,size,orientation,color,0.26,-16.0,16,male,0,2706.1785744,0,26
411,-9999.0,-9999.0,-9999.0,-9999.0,-9999.0,-9999.0,-9999.0,-9999.0,-9999.0,size,orientation,color,0.26,-16.0,16,male,0,2706.1785744,0,26
412,-9999.0,-9999.0,-9999.0,-9999.0,-9999.0,-9999.0,-9999.0,-9999.0,-9999.0,size,orientation,color,0.26,-16.0,16,male,0,2706.1785744,0,26
413,-9999.0,-9999.0,-9999.0,-9999.0,-9999.0,-9999.0,-9999.0,-9999.0,-9999.0,size,orientation,color,0.26,-16.0,16,male,0,2706.1785744,0,26
414,-9999.0,-9999.0,-9999.0,-9999.0,-9999.0,-9999.0,-9999.0,-9999.0,-9999.0,size,orientation,color,0.26,-16.0,16,male,0,2706.1785744,0,26
415,-9999.0,-9999.0,-9999.0,-9999.0,-9999.0,-9999.0,-9999.0,-9999.0,-9999.0,size,orientation,color,0.26,-16.0,16,male,0,2706.1785744,0,26
416,-9999.0,-9999.0,-9999.0,-9999.0,-9999.0,-9999.0,-9999.0,-9999.0,-9999.0,size,orientation,color,0.26,-16.0,16,male,0,2706.1785744,0,26
417,-9999.0,-9999.0,-9999.0,-9999.0,-9999.0,-9999.0,-9999.0,-9999.0,-9999.0,size,orientation,color,0.26,-16.0,16,male,0,2706.1785744,0,26
418,-9999.0,-9999.0,-9999.0,-9999.0,-9999.0,-9999.0,-9999.0,-9999.0,-9999.0,size,orientation,color,0.26,-16.0,16,male,0,2706.1785744,0,26
419,-9999.0,-9999.0,-9999.0,-9999.0,-9999.0,-9999.0,-9999.0,-9999.0,-9999.0,size,orientation,color,0.26,-16.0,16,male,0,2706.1785744,0,26
420,-9999.0,-9999.0,-9999.0,-9999.0,-9999.0,-9999.0,-9999.0,-9999.0,-9999.0,size,orientation,color,0.26,-16.0,16,male,0,2706.1785744,0,26
421,-9999.0,-9999.0,-9999.0,-9999.0,-9999.0,-9999.0,-9999.0,-9999.0,-9999.0,size,orientation,color,0.26,-16.0,16,male,0,2706.1785744,0,26
422,-9999.0,-9999.0,-9999.0,-9999.0,-9999.0,-9999.0,-9999.0,-9999.0,-9999.0,size,orientation,color,0.26,-16.0,16,male,0,2706.1785744,0,26
423,-9999.0,-9999.0,-9999.0,-9999.0,-9999.0,-9999.0,-9999.0,-9999.0,-9999.0,size,orientation,color,0.26,-16.0,16,male,0,2706.1785744,0,26
424,-9999.0,-9999.0,-9999.0,-9999.0,-9999.0,-9999.0,-9999.0,-9999.0,-9999.0,size,orientation,color,0.26,-16.0,16,male,0,2706.1785744,0,26
425,-9999.0,-9999.0,-9999.0,-9999.0,-9999.0,-9999.0,-9999.0,-9999.0,-9999.0,size,orientation,color,0.26,-16.0,16,male,0,2706.1785744,0,26
426,-9999.0,-9999.0,-9999.0,-9999.0,-9999.0,-9999.0,-9999.0,-9999.0,-9999.0,size,orientation,color,0.26,-16.0,16,male,0,2706.1785744,0,26
427,-9999.0,-9999.0,-9999.0,-9999.0,-9999.0,-9999.0,-9999.0,-9999.0,-9999.0,size,orientation,color,0.26,-16.0,16,male,0,2706.1785744,0,26
428,-9999.0,-9999.0,-9999.0,-9999.0,-9999.0,-9999.0,-9999.0,-9999.0,-9999.0,size,orientation,color,0.26,-16.0,16,male,0,2706.1785744,0,26
429,-9999.0,-9999.0,-9999.0,-9999.0,-9999.0,-9999.0,-9999.0,-9999.0,-9999.0,size,orientation,color,0.26,-16.0,16,male,0,2706.1785744,0,26
430,-9999.0,-9999.0,-9999.0,-9999.0,-9999.0,-9999.0,-9999.0,-9999.0,-9999.0,size,orientation,color,0.26,-16.0,16,male,0,2706.1785744,0,26
431,-9999.0,-9999.0,-9999.0,-9999.0,-9999.0,-9999.0,-9999.0,-9999.0,-9999.0,size,orientation,color,0.26,-16.0,16,male,0,2706.1785744,0,26
432,-9999.0,-9999.0,-9999.0,-9999.0,-9999.0,-9999.0,-9999.0,-9999.0,-9999.0,size,orientation,color,0.26,-16.0,16,male,0,2706.1785744,0,26
433,-9999.0,-9999.0,-9999.0,-9999.0,-9999.0,-9999.0,-9999.0,-9999.0,-9999.0,size,orientation,color,0.26,-16.0,16,male,0,2706.1785744,0,26
434,-9999.0,-9999.0,-9999.0,-9999.0,-9999.0,-9999.0,-9999.0,-9999.0,-9999.0,size,orientation,color,0.26,-16.0,16,male,0,2706.1785744,0,26
435,-9999.0,-9999.0,-9999.0,-9999.0,-9999.0,-9999.0,-9999.0,-9999.0,-9999.0,size,orientation,color,0.26,-16.0,16,male,0,2706.1785744,0,26
436,-9999.0,-9999.0,-9999.0,-9999.0,-9999.0,-9999.0,-9999.0,-9999.0,-9999.0,size,orientation,color,0.26,-16.0,16,male,0,2706.1785744,0,26
437,-9999.0,-9999.0,-9999.0,-9999.0,-9999.0,-9999.0,-9999.0,-9999.0,-9999.0,size,orientation,color,0.26,-16.0,16,male,0,2706.1785744,0,26
438,-9999.0,-9999.0,-9999.0,-9999.0,-9999.0,-9999.0,-9999.0,-9999.0,-9999.0,size,orientation,color,0.26,-16.0,16,male,0,2706.1785744,0,26
439,-9999.0,-9999.0,-9999.0,-9999.0,-9999.0,-9999.0,-9999.0,-9999.0,-9999.0,size,orientation,color,0.26,-16.0,16,male,0,2706.1785744,0,26
440,-9999.0,-9999.0,-9999.0,-9999.0,-9999.0,-9999.0,-9999.0,-9999.0,-9999.0,size,orientation,color,0.26,-16.0,16,male,0,2706.1785744,0,26
441,-9999.0,-9999.0,-9999.0,-9999.0,-9999.0,-9999.0,-9999.0,-9999.0,-9999.0,size,orientation,color,0.26,-16.0,16,male,0,2706.1785744,0,26
442,-9999.0,-9999.0,-9999.0,-9999.0,-9999.0,-9999.0,-9999.0,-9999.0,-9999.0,size,orientation,color,0.26,-16.0,16,male,0,2706.1785744,0,26
443,-9999.0,-9999.0,-9999.0,-9999.0,-9999.0,-9999.0,-9999.0,-9999.0,-9999.0,size,orientation,color,0.26,-16.0,16,male,0,2706.1785744,0,26
444,-9999.0,-9999.0,-9999.0,-9999.0,-9999.0,-9999.0,-9999.0,-9999.0,-9999.0,size,orientation,color,0.26,-16.0,16,male,0,2706.1785744,0,26
445,-9999.0,-9999.0,-9999.0,-9999.0,-9999.0,-9999.0,-9999.0,-9999.0,-9999.0,size,orientation,color,0.26,-16.0,16,male,0,2706.1785744,0,26
446,-9999.0,-9999.0,-9999.0,-9999.0,-9999.0,-9999.0,-9999.0,-9999.0,-9999.0,size,orientation,color,0.26,-16.0,16,male,0,2706.1785744,0,26
447,-9999.0,-9999.0,-9999.0,-9999.0,-9999.0,-9999.0,-9999.0,-9999.0,-9999.0,size,orientation,color,0.26,-16.0,16,male,0,2706.1785744,0,26
448,-9999.0,-9999.0,-9999.0,-9999.0,-9999.0,-9999.0,-9999.0,-9999.0,-9999.0,size,orientation,color,0.26,-16.0,16,male,0,2706.1785744,0,26
449,-9999.0,-9999.0,-9999.0,-9999.0,-9999.0,-9999.0,-9999.0,-9999.0,-9999.0,size,orientation,color,0.26,-16.0,16,male,0,2706.1785744,0,26
450,-9999.0,-9999.0,-9999.0,-9999.0,-9999.0,-9999.0,-9999.0,-9999.0,-9999.0,size,orientation,color,0.26,-16.0,16,male,0,2706.1785744,0,26
451,-9999.0,-9999.0,-9999.0,-9999.0,-9999.0,-9999.0,-9999.0,-9999.0,-9999.0,size,orientation,color,0.26,-16.0,16,male,0,2706.1785744,0,26
452,-9999.0,-9999.0,-9999.0,-9999.0,-9999.0,-9999.0,-9999.0,-9999.0,-9999.0,size,orientation,color,0.26,-16.0,16,male,0,2706.1785744,0,26
453,-9999.0,-9999.0,-9999.0,-9999.0,-9999.0,-9999.0,-9999.0,-9999.0,-9999.0,size,orientation,color,0.26,-16.0,16,male,0,2706.1785744,0,26
454,-9999.0,-9999.0,-9999.0,-9999.0,-9999.0,-9999.0,-9999.0,-9999.0,-9999.0,size,orientation,color,0.26,-16.0,16,male,0,2706.1785744,0,26
455,-9999.0,-9999.0,-9999.0,-9999.0,-9999.0,-9999.0,-9999.0,-9999.0,-9999.0,size,orientation,color,0.26,-16.0,16,male,0,2706.1785744,0,26
456,-9999.0,-9999.0,-9999.0,-9999.0,-9999.0,-9999.0,-9999.0,-9999.0,-9999.0,size,orientation,color,0.26,-16.0,16,male,0,2706.1785744,0,26
457,-9999.0,-9999.0,-9999.0,-9999.0,-9999.0,-9999.0,-9999.0,-9999.0,-9999.0,size,orientation,color,0.26,-16.0,16,male,0,2706.1785744,0,26
458,-9999.0,-9999.0,-9999.0,-9999.0,-9999.0,-9999.0,-9999.0,-9999.0,-9999.0,size,orientation,color,0.26,-16.0,16,male,0,2706.1785744,0,26
459,-9999.0,-9999.0,-9999.0,-9999.0,-9999.0,-9999.0,-9999.0,-9999.0,-9999.0,size,orientation,color,0.26,-16.0,16,male,0,2706.1785744,0,26
460,-9999.0,-9999.0,-9999.0,-9999.0,-9999.0,-9999.0,-9999.0,-9999.0,-9999.0,size,orientation,color,0.26,-16.0,16,male,0,2706.1785744,0,26
461,-9999.0,-9999.0,-9999.0,-9999.0,-9999.0,-9999.0,-9999.0,-9999.0,-9999.0,size,orientation,color,0.26,-16.0,16,male,0,2706.1785744,0,26
462,-9999.0,-9999.0,-9999.0,-9999.0,-9999.0,-9999.0,-9999.0,-9999.0,-9999.0,size,orientation,color,0.26,-16.0,16,male,0,2706.1785744,0,26
463,-9999.0,-9999.0,-9999.0,-9999.0,-9999.0,-9999.0,-9999.0,-9999.0,-9999.0,size,orientation,color,0.26,-16.0,16,male,0,2706.1785744,0,26
464,-9999.0,-9999.0,-9999.0,-9999.0,-9999.0,-9999.0,-9999.0,-9999.0,-9999.0,size,orientation,color,0.26,-16.0,16,male,0,2706.1785744,0,26
465,-9999.0,-9999.0,-9999.0,-9999.0,-9999.0,-9999.0,-9999.0,-9999.0,-9999.0,size,orientation,color,0.26,-16.0,16,male,0,2706.1785744,0,26
466,-9999.0,-9999.0,-9999.0,-9999.0,-9999.0,-9999.0,-9999.0,-9999.0,-9999.0,size,orientation,color,0.26,-16.0,16,male,0,2706.1785744,0,26
467,-9999.0,-9999.0,-9999.0,-9999.0,-9999.0,-9999.0,-9999.0,-9999.0,-9999.0,size,orientation,color,0.26,-16.0,16,male,0,2706.1785744,0,26
468,-9999.0,-9999.0,-9999.0,-9999.0,-9999.0,-9999.0,-9999.0,-9999.0,-9999.0,size,orientation,color,0.26,-16.0,16,male,0,2706.1785744,0,26
469,-9999.0,-9999.0,-9999.0,-9999.0,-9999.0,-9999.0,-9999.0,-9999.0,-9999.0,size,orientation,color,0.26,-16.0,16,male,0,2706.1785744,0,26
470,-9999.0,-9999.0,-9999.0,-9999.0,-9999.0,-9999.0,-9999.0,-9999.0,-9999.0,size,orientation,color,0.26,-16.0,16,male,0,2706.1785744,0,26
471,-9999.0,-9999.0,-9999.0,-9999.0,-9999.0,-9999.0,-9999.0,-9999.0,-9999.0,size,orientation,color,0.26,-16.0,16,male,0,2706.1785744,0,26
472,-9999.0,-9999.0,-9999.0,-9999.0,-9999.0,-9999.0,-9999.0,-9999.0,-9999.0,size,orientation,color,0.26,-16.0,16,male,0,2706.1785744,0,26
473,-9999.0,-9999.0,-9999.0,-9999.0,-9999.0,-9999.0,-9999.0,-9999.0,-9999.0,size,orientation,color,0.26,-16.0,16,male,0,2706.1785744,0,26
474,-9999.0,-9999.0,-9999.0,-9999.0,-9999.0,-9999.0,-9999.0,-9999.0,-9999.0,size,orientation,color,0.26,-16.0,16,male,0,2706.1785744,0,26
475,-9999.0,-9999.0,-9999.0,-9999.0,-9999.0,-9999.0,-9999.0,-9999.0,-9999.0,size,orientation,color,0.26,-16.0,16,male,0,2706.1785744,0,26
476,-9999.0,-9999.0,-9999.0,-9999.0,-9999.0,-9999.0,-9999.0,-9999.0,-9999.0,size,orientation,color,0.26,-16.0,16,male,0,2706.1785744,0,26
477,-9999.0,-9999.0,-9999.0,-9999.0,-9999.0,-9999.0,-9999.0,-9999.0,-9999.0,size,orientation,color,0.26,-16.0,16,male,0,2706.1785744,0,26
478,-9999.0,-9999.0,-9999.0,-9999.0,-9999.0,-9999.0,-9999.0,-9999.0,-9999.0,size,orientation,color,0.26,-16.0,16,male,0,2706.1785744,0,26
479,-9999.0,-9999.0,-9999.0,-9999.0,-9999.0,-9999.0,-9999.0,-9999.0,-9999.0,size,orientation,color,0.26,-16.0,16,male,0,2706.1785744,0,26
480,-9999.0,-9999.0,-9999.0,-9999.0,-9999.0,-9999.0,-9999.0,-9999.0,-9999.0,size,orientation,color,0.26,-16.0,16,male,0,2706.1785744,0,26
481,-9999.0,-9999.0,-9999.0,-9999.0,-9999.0,-9999.0,-9999.0,-9999.0,-9999.0,size,orientation,color,0.26,-16.0,16,male,0,2706.1785744,0,26
482,-9999.0,-9999.0,-9999.0,-9999.0,-9999.0,-9999.0,-9999.0,-9999.0,-9999.0,size,orientation,color,0.26,-16.0,16,male,0,2706.1785744,0,26
483,-9999.0,-9999.0,-9999.0,-9999.0,-9999.0,-9999.0,-9999.0,-9999.0,-9999.0,size,orientation,color,0.26,-16.0,16,male,0,2706.1785744,0,26
484,-9999.0,-9999.0,-9999.0,-9999.0,-9999.0,-9999.0,-9999.0,-9999.0,-9999.0,size,orientation,color,0.26,-16.0,16,male,0,2706.1785744,0,26
485,-9999.0,-9999.0,-9999.0,-9999.0,-9999.0,-9999.0,-9999.0,-9999.0,-9999.0,size,orientation,color,0.26,-16.0,16,male,0,2706.1785744,0,26
486,-9999.0,-9999.0,-9999.0,-9999.0,-9999.0,-9999.0,-9999.0,-9999.0,-9999.0,size,orientation,color,0.26,-16.0,16,male,0,2706.1785744,0,26
487,-9999.0,-9999.0,-9999.0,-9999.0,-9999.0,-9999.0,-9999.0,-9999.0,-9999.0,size,orientation,color,0.26,-16.0,16,male,0,2706.1785744,0,26
488,-9999.0,-9999.0,-9999.0,-9999.0,-9999.0,-9999.0,-9999.0,-9999.0,-9999.0,size,orientation,color,0.26,-16.0,16,male,0,2706.1785744,0,26
489,-9999.0,-9999.0,-9999.0,-9999.0,-9999.0,-9999.0,-9999.0,-9999.0,-9999.0,size,orientation,color,0.26,-16.0,16,male,0,2706.1785744,0,26
490,-9999.0,-9999.0,-9999.0,-9999.0,-9999.0,-9999.0,-9999.0,-9999.0,-9999.0,size,orientation,color,0.26,-16.0,16,male,0,2706.1785744,0,26
491,-9999.0,-9999.0,-9999.0,-9999.0,-9999.0,-9999.0,-9999.0,-9999.0,-9999.0,size,orientation,color,0.26,-16.0,16,male,0,2706.1785744,0,26
492,-9999.0,-9999.0,-9999.0,-9999.0,-9999.0,-9999.0,-9999.0,-9999.0,-9999.0,size,orientation,color,0.26,-16.0,16,male,0,2706.1785744,0,26
493,-9999.0,-9999.0,-9999.0,-9999.0,-9999.0,-9999.0,-9999.0,-9999.0,-9999.0,size,orientation,color,0.26,-16.0,16,male,0,2706.1785744,0,26
494,-9999.0,-9999.0,-9999.0,-9999.0,-9999.0,-9999.0,-9999.0,-9999.0,-9999.0,size,orientation,color,0.26,-16.0,16,male,0,2706.1785744,0,26
495,-9999.0,-9999.0,-9999.0,-9999.0,-9999.0,-9999.0,-9999.0,-9999.0,-9999.0,size,orientation,color,0.26,-16.0,16,male,0,2706.1785744,0,26
496,-9999.0,-9999.0,-9999.0,-9999.0,-9999.0,-9999.0,-9999.0,-9999.0,-9999.0,size,orientation,color,0.26,-16.0,16,male,0,2706.1785744,0,26
497,-9999.0,-9999.0,-9999.0,-9999.0,-9999.0,-9999.0,-9999.0,-9999.0,-9999.0,size,orientation,color,0.26,-16.0,16,male,0,2706.1785744,0,26
498,-9999.0,-9999.0,-9999.0,-9999.0,-9999.0,-9999.0,-9999.0,-9999.0,-9999.0,size,orientation,color,0.26,-16.0,16,male,0,2706.1785744,0,26
499,-9999.0,-9999.0,-9999.0,-9999.0,-9999.0,-9999.0,-9999.0,-9999.0,-9999.0,size,orientation,color,0.26,-16.0,16,male,0,2706.1785744,0,26
500,-9999.0,-9999.0,-9999.0,-9999.0,-9999.0,-9999.0,-9999.0,-9999.0,-9999.0,size,orientation,color,0.26,-16.0,16,male,0,2706.1785744,0,26
501,-9999.0,-9999.0,-9999.0,-9999.0,-9999.0,-9999.0,-9999.0,-9999.0,-9999.0,size,orientation,color,0.26,-16.0,16,male,0,2706.1785744,0,26
502,-9999.0,-9999.0,-9999.0,-9999.0,-9999.0,-9999.0,-9999.0,-9999.0,-9999.0,size,orientation,color,0.26,-16.0,16,male,0,2706.1785744,0,26
503,-9999.0,-9999.0,-9999.0,-9999.0,-9999.0,-9999.0,-9999.0,-9999.0,-9999.0,size,orientation,color,0.26,-16.0,16,male,0,2706.1785744,0,26
504,-9999.0,-9999.0,-9999.0,-9999.0,-9999.0,-9999.0,-9999.0,-9999.0,-9999.0,size,orientation,color,0.26,-16.0,16,male,0,2706.1785744,0,26
505,-9999.0,-9999.0,-9999.0,-9999.0,-9999.0,-9999.0,-9999.0,-9999.0,-9999.0,size,orientation,color,0.26,-16.0,16,male,0,2706.1785744,0,26
506,-9999.0,-9999.0,-9999.0,-9999.0,-9999.0,-9999.0,-9999.0,-9999.0,-9999.0,size,orientation,color,0.26,-16.0,16,male,0,2706.1785744,0,26
507,-9999.0,-9999.0,-9999.0,-9999.0,-9999.0,-9999.0,-9999.0,-9999.0,-9999.0,size,orientation,color,0.26,-16.0,16,male,0,2706.1785744,0,26
508,-9999.0,-9999.0,-9999.0,-9999.0,-9999.0,-9999.0,-9999.0,-9999.0,-9999.0,size,orientation,color,0.26,-16.0,16,male,0,2706.1785744,0,26
509,-9999.0,-9999.0,-9999.0,-9999.0,-9999.0,-9999.0,-9999.0,-9999.0,-9999.0,size,orientation,color,0.26,-16.0,16,male,0,2706.1785744,0,26
510,-9999.0,-9999.0,-9999.0,-9999.0,-9999.0,-9999.0,-9999.0,-9999.0,-9999.0,size,orientation,color,0.26,-16.0,16,male,0,2706.1785744,0,26
511,-9999.0,-9999.0,-9999.0,-9999.0,-9999.0,-9999.0,-9999.0,-9999.0,-9999.0,size,orientation,color,0.26,-16.0,16,male,0,2706.1785744,0,26
512,-9999.0,-9999.0,-9999.0,-9999.0,-9999.0,-9999.0,-9999.0,-9999.0,-9999.0,size,orientation,color,0.26,-16.0,16,male,0,2706.1785744,0,26
513,-9999.0,-9999.0,-9999.0,-9999.0,-9999.0,-9999.0,-9999.0,-9999.0,-9999.0,size,orientation,color,0.26,-16.0,16,male,0,2706.1785744,0,26
514,-9999.0,-9999.0,-9999.0,-9999.0,-9999.0,-9999.0,-9999.0,-9999.0,-9999.0,size,orientation,color,0.26,-16.0,16,male,0,2706.1785744,0,26
515,-9999.0,-9999.0,-9999.0,-9999.0,-9999.0,-9999.0,-9999.0,-9999.0,-9999.0,size,orientation,color,0.26,-16.0,16,male,0,2706.1785744,0,26
516,-9999.0,-9999.0,-9999.0,-9999.0,-9999.0,-9999.0,-9999.0,-9999.0,-9999.0,size,orientation,color,0.26,-16.0,16,male,0,2706.1785744,0,26
517,-9999.0,-9999.0,-9999.0,-9999.0,-9999.0,-9999.0,-9999.0,-9999.0,-9999.0,size,orientation,color,0.26,-16.0,16,male,0,2706.1785744,0,26
518,-9999.0,-9999.0,-9999.0,-9999.0,-9999.0,-9999.0,-9999.0,-9999.0,-9999.0,size,orientation,color,0.26,-16.0,16,male,0,2706.1785744,0,26
519,-9999.0,-9999.0,-9999.0,-9999.0,-9999.0,-9999.0,-9999.0,-9999.0,-9999.0,size,orientation,color,0.26,-16.0,16,male,0,2706.1785744,0,26
520,-9999.0,-9999.0,-9999.0,-9999.0,-9999.0,-9999.0,-9999.0,-9999.0,-9999.0,size,orientation,color,0.26,-16.0,16,male,0,2706.1785744,0,26
521,-9999.0,-9999.0,-9999.0,-9999.0,-9999.0,-9999.0,-9999.0,-9999.0,-9999.0,size,orientation,color,0.26,-16.0,16,male,0,2706.1785744,0,26
522,-9999.0,-9999.0,-9999.0,-9999.0,-9999.0,-9999.0,-9999.0,-9999.0,-9999.0,size,orientation,color,0.26,-16.0,16,male,0,2706.1785744,0,26
523,-9999.0,-9999.0,-9999.0,-9999.0,-9999.0,-9999.0,-9999.0,-9999.0,-9999.0,size,orientation,color,0.26,-16.0,16,male,0,2706.1785744,0,26
524,-9999.0,-9999.0,-9999.0,-9999.0,-9999.0,-9999.0,-9999.0,-9999.0,-9999.0,size,orientation,color,0.26,-16.0,16,male,0,2706.1785744,0,26
525,-9999.0,-9999.0,-9999.0,-9999.0,-9999.0,-9999.0,-9999.0,-9999.0,-9999.0,size,orientation,color,0.26,-16.0,16,male,0,2706.1785744,0,26
526,-9999.0,-9999.0,-9999.0,-9999.0,-9999.0,-9999.0,-9999.0,-9999.0,-9999.0,size,orientation,color,0.26,-16.0,16,male,0,2706.1785744,0,26
527,-9999.0,-9999.0,-9999.0,-9999.0,-9999.0,-9999.0,-9999.0,-9999.0,-9999.0,size,orientation,color,0.26,-16.0,16,male,0,2706.1785744,0,26
528,-9999.0,-9999.0,-9999.0,-9999.0,-9999.0,-9999.0,-9999.0,-9999.0,-9999.0,size,orientation,color,0.26,-16.0,16,male,0,2706.1785744,0,26
529,-9999.0,-9999.0,-9999.0,-9999.0,-9999.0,-9999.0,-9999.0,-9999.0,-9999.0,size,orientation,color,0.26,-16.0,16,male,0,2706.1785744,0,26
530,-9999.0,-9999.0,-9999.0,-9999.0,-9999.0,-9999.0,-9999.0,-9999.0,-9999.0,size,orientation,color,0.26,-16.0,16,male,0,2706.1785744,0,26
531,-9999.0,-9999.0,-9999.0,-9999.0,-9999.0,-9999.0,-9999.0,-9999.0,-9999.0,size,orientation,color,0.26,-16.0,16,male,0,2706.1785744,0,26
532,-9999.0,-9999.0,-9999.0,-9999.0,-9999.0,-9999.0,-9999.0,-9999.0,-9999.0,size,orientation,color,0.26,-16.0,16,male,0,2706.1785744,0,26
533,-9999.0,-9999.0,-9999.0,-9999.0,-9999.0,-9999.0,-9999.0,-9999.0,-9999.0,size,orientation,color,0.26,-16.0,16,male,0,2706.1785744,0,26
534,-9999.0,-9999.0,-9999.0,-9999.0,-9999.0,-9999.0,-9999.0,-9999.0,-9999.0,size,orientation,color,0.26,-16.0,16,male,0,2706.1785744,0,26
535,-9999.0,-9999.0,-9999.0,-9999.0,-9999.0,-9999.0,-9999.0,-9999.0,-9999.0,size,orientation,color,0.26,-16.0,16,male,0,2706.1785744,0,26
536,-9999.0,-9999.0,-9999.0,-9999.0,-9999.0,-9999.0,-9999.0,-9999.0,-9999.0,size,orientation,color,0.26,-16.0,16,male,0,2706.1785744,0,26
537,-9999.0,-9999.0,-9999.0,-9999.0,-9999.0,-9999.0,-9999.0,-9999.0,-9999.0,size,orientation,color,0.26,-16.0,16,male,0,2706.1785744,0,26
538,-9999.0,-9999.0,-9999.0,-9999.0,-9999.0,-9999.0,-9999.0,-9999.0,-9999.0,size,orientation,color,0.26,-16.0,16,male,0,2706.1785744,0,26
539,-9999.0,-9999.0,-9999.0,-9999.0,-9999.0,-9999.0,-9999.0,-9999.0,-9999.0,size,orientation,color,0.26,-16.0,16,male,0,2706.1785744,0,26
540,-9999.0,-9999.0,-9999.0,-9999.0,-9999.0,-9999.0,-9999.0,-9999.0,-9999.0,size,orientation,color,0.26,-16.0,16,male,0,2706.1785744,0,26
541,-9999.0,-9999.0,-9999.0,-9999.0,-9999.0,-9999.0,-9999.0,-9999.0,-9999.0,size,orientation,color,0.26,-16.0,16,male,0,2706.1785744,0,26
542,-9999.0,-9999.0,-9999.0,-9999.0,-9999.0,-9999.0,-9999.0,-9999.0,-9999.0,size,orientation,color,0.26,-16.0,16,male,0,2706.1785744,0,26
543,-9999.0,-9999.0,-9999.0,-9999.0,-9999.0,-9999.0,-9999.0,-9999.0,-9999.0,size,orientation,color,0.26,-16.0,16,male,0,2706.1785744,0,26
544,-9999.0,-9999.0,-9999.0,-9999.0,-9999.0,-9999.0,-9999.0,-9999.0,-9999.0,size,orientation,color,0.26,-16.0,16,male,0,2706.1785744,0,26
545,-9999.0,-9999.0,-9999.0,-9999.0,-9999.0,-9999.0,-9999.0,-9999.0,-9999.0,size,orientation,color,0.26,-16.0,16,male,0,2706.1785744,0,26
546,-9999.0,-9999.0,-9999.0,-9999.0,-9999.0,-9999.0,-9999.0,-9999.0,-9999.0,size,orientation,color,0.26,-16.0,16,male,0,2706.1785744,0,26
547,-9999.0,-9999.0,-9999.0,-9999.0,-9999.0,-9999.0,-9999.0,-9999.0,-9999.0,size,orientation,color,0.26,-16.0,16,male,0,2706.1785744,0,26
548,-9999.0,-9999.0,-9999.0,-9999.0,-9999.0,-9999.0,-9999.0,-9999.0,-9999.0,size,orientation,color,0.26,-16.0,16,male,0,2706.1785744,0,26
549,-9999.0,-9999.0,-9999.0,-9999.0,-9999.0,-9999.0,-9999.0,-9999.0,-9999.0,size,orientation,color,0.26,-16.0,16,male,0,2706.1785744,0,26
550,-9999.0,-9999.0,-9999.0,-9999.0,-9999.0,-9999.0,-9999.0,-9999.0,-9999.0,size,orientation,color,0.26,-16.0,16,male,0,2706.1785744,0,26
551,-9999.0,-9999.0,-9999.0,-9999.0,-9999.0,-9999.0,-9999.0,-9999.0,-9999.0,size,orientation,color,0.26,-16.0,16,male,0,2706.1785744,0,26
552,-9999.0,-9999.0,-9999.0,-9999.0,-9999.0,-9999.0,-9999.0,-9999.0,-9999.0,size,orientation,color,0.26,-16.0,16,male,0,2706.1785744,0,26
553,-9999.0,-9999.0,-9999.0,-9999.0,-9999.0,-9999.0,-9999.0,-9999.0,-9999.0,size,orientation,color,0.26,-16.0,16,male,0,2706.1785744,0,26
554,-9999.0,-9999.0,-9999.0,-9999.0,-9999.0,-9999.0,-9999.0,-9999.0,-9999.0,size,orientation,color,0.26,-16.0,16,male,0,2706.1785744,0,26
555,-9999.0,-9999.0,-9999.0,-9999.0,-9999.0,-9999.0,-9999.0,-9999.0,-9999.0,size,orientation,color,0.26,-16.0,16,male,0,2706.1785744,0,26
556,-9999.0,-9999.0,-9999.0,-9999.0,-9999.0,-9999.0,-9999.0,-9999.0,-9999.0,size,orientation,color,0.26,-16.0,16,male,0,2706.1785744,0,26
557,-9999.0,-9999.0,-9999.0,-9999.0,-9999.0,-9999.0,-9999.0,-9999.0,-9999.0,size,orientation,color,0.26,-16.0,16,male,0,2706.1785744,0,26
558,-9999.0,-9999.0,-9999.0,-9999.0,-9999.0,-9999.0,-9999.0,-9999.0,-9999.0,size,orientation,color,0.26,-16.0,16,male,0,2706.1785744,0,26
559,-9999.0,-9999.0,-9999.0,-9999.0,-9999.0,-9999.0,-9999.0,-9999.0,-9999.0,size,orientation,color,0.26,-16.0,16,male,0,2706.1785744,0,26
560,-9999.0,-9999.0,-9999.0,-9999.0,-9999.0,-9999.0,-9999.0,-9999.0,-9999.0,size,orientation,color,0.26,-16.0,16,male,0,2706.1785744,0,26
561,-9999.0,-9999.0,-9999.0,-9999.0,-9999.0,-9999.0,-9999.0,-9999.0,-9999.0,size,orientation,color,0.26,-16.0,16,male,0,2706.1785744,0,26
562,-9999.0,-9999.0,-9999.0,-9999.0,-9999.0,-9999.0,-9999.0,-9999.0,-9999.0,size,orientation,color,0.26,-16.0,16,male,0,2706.1785744,0,26
563,-9999.0,-9999.0,-9999.0,-9999.0,-9999.0,-9999.0,-9999.0,-9999.0,-9999.0,size,orientation,color,0.26,-16.0,16,male,0,2706.1785744,0,26
564,-9999.0,-9999.0,-9999.0,-9999.0,-9999.0,-9999.0,-9999.0,-9999.0,-9999.0,size,orientation,color,0.26,-16.0,16,male,0,2706.1785744,0,26
565,-9999.0,-9999.0,-9999.0,-9999.0,-9999.0,-9999.0,-9999.0,-9999.0,-9999.0,size,orientation,color,0.26,-16.0,16,male,0,2706.1785744,0,26
566,-9999.0,-9999.0,-9999.0,-9999.0,-9999.0,-9999.0,-9999.0,-9999.0,-9999.0,size,orientation,color,0.26,-16.0,16,male,0,2706.1785744,0,26
567,-9999.0,-9999.0,-9999.0,-9999.0,-9999.0,-9999.0,-9999.0,-9999.0,-9999.0,size,orientation,color,0.26,-16.0,16,male,0,2706.1785744,0,26
568,-9999.0,-9999.0,-9999.0,-9999.0,-9999.0,-9999.0,-9999.0,-9999.0,-9999.0,size,orientation,color,0.26,-16.0,16,male,0,2706.1785744,0,26
569,-9999.0,-9999.0,-9999.0,-9999.0,-9999.0,-9999.0,-9999.0,-9999.0,-9999.0,size,orientation,color,0.26,-16.0,16,male,0,2706.1785744,0,26
570,-9999.0,-9999.0,-9999.0,-9999.0,-9999.0,-9999.0,-9999.0,-9999.0,-9999.0,size,orientation,color,0.26,-16.0,16,male,0,2706.1785744,0,26
571,-9999.0,-9999.0,-9999.0,-9999.0,-9999.0,-9999.0,-9999.0,-9999.0,-9999.0,size,orientation,color,0.26,-16.0,16,male,0,2706.1785744,0,26
572,-9999.0,-9999.0,-9999.0,-9999.0,-9999.0,-9999.0,-9999.0,-9999.0,-9999.0,size,orientation,color,0.26,-16.0,16,male,0,2706.1785744,0,26
573,-9999.0,-9999.0,-9999.0,-9999.0,-9999.0,-9999.0,-9999.0,-9999.0,-9999.0,size,orientation,color,0.26,-16.0,16,male,0,2706.1785744,0,26
574,-9999.0,-9999.0,-9999.0,-9999.0,-9999.0,-9999.0,-9999.0,-9999.0,-9999.0,size,orientation,color,0.26,-16.0,16,male,0,2706.1785744,0,26
575,-9999.0,-9999.0,-9999.0,-9999.0,-9999.0,-9999.0,-9999.0,-9999.0,-9999.0,size,orientation,color,0.26,-16.0,16,male,0,2706.1785744,0,26
576,-9999.0,-9999.0,-9999.0,-9999.0,-9999.0,-9999.0,-9999.0,-9999.0,-9999.0,size,orientation,color,0.26,-16.0,16,male,0,2706.1785744,0,26
577,-9999.0,-9999.0,-9999.0,-9999.0,-9999.0,-9999.0,-9999.0,-9999.0,-9999.0,size,orientation,color,0.26,-16.0,16,male,0,2706.1785744,0,26
578,-9999.0,-9999.0,-9999.0,-9999.0,-9999.0,-9999.0,-9999.0,-9999.0,-9999.0,size,orientation,color,0.26,-16.0,16,male,0,2706.1785744,0,26
579,-9999.0,-9999.0,-9999.0,-9999.0,-9999.0,-9999.0,-9999.0,-9999.0,-9999.0,size,orientation,color,0.26,-16.0,16,male,0,2706.1785744,0,26
580,-9999.0,-9999.0,-9999.0,-9999.0,-9999.0,-9999.0,-9999.0,-9999.0,-9999.0,size,orientation,color,0.26,-16.0,16,male,0,2706.1785744,0,26
581,-9999.0,-9999.0,-9999.0,-9999.0,-9999.0,-9999.0,-9999.0,-9999.0,-9999.0,size,orientation,color,0.26,-16.0,16,male,0,2706.1785744,0,26
582,-9999.0,-9999.0,-9999.0,-9999.0,-9999.0,-9999.0,-9999.0,-9999.0,-9999.0,size,orientation,color,0.26,-16.0,16,male,0,2706.1785744,0,26
583,-9999.0,-9999.0,-9999.0,-9999.0,-9999.0,-9999.0,-9999.0,-9999.0,-9999.0,size,orientation,color,0.26,-16.0,16,male,0,2706.1785744,0,26
584,-9999.0,-9999.0,-9999.0,-9999.0,-9999.0,-9999.0,-9999.0,-9999.0,-9999.0,size,orientation,color,0.26,-16.0,16,male,0,2706.1785744,0,26
585,-9999.0,-9999.0,-9999.0,-9999.0,-9999.0,-9999.0,-9999.0,-9999.0,-9999.0,size,orientation,color,0.26,-16.0,16,male,0,2706.1785744,0,26
586,-9999.0,-9999.0,-9999.0,-9999.0,-9999.0,-9999.0,-9999.0,-9999.0,-9999.0,size,orientation,color,0.26,-16.0,16,male,0,2706.1785744,0,26
587,-9999.0,-9999.0,-9999.0,-9999.0,-9999.0,-9999.0,-9999.0,-9999.0,-9999.0,size,orientation,color,0.26,-16.0,16,male,0,2706.1785744,0,26
588,-9999.0,-9999.0,-9999.0,-9999.0,-9999.0,-9999.0,-9999.0,-9999.0,-9999.0,size,orientation,color,0.26,-16.0,16,male,0,2706.1785744,0,26
589,-9999.0,-9999.0,-9999.0,-9999.0,-9999.0,-9999.0,-9999.0,-9999.0,-9999.0,size,orientation,color,0.26,-16.0,16,male,0,2706.1785744,0,26
590,-9999.0,-9999.0,-9999.0,-9999.0,-9999.0,-9999.0,-9999.0,-9999.0,-9999.0,size,orientation,color,0.26,-16.0,16,male,0,2706.1785744,0,26
591,-9999.0,-9999.0,-9999.0,-9999.0,-9999.0,-9999.0,-9999.0,-9999.0,-9999.0,size,orientation,color,0.26,-16.0,16,male,0,2706.1785744,0,26
592,-9999.0,-9999.0,-9999.0,-9999.0,-9999.0,-9999.0,-9999.0,-9999.0,-9999.0,size,orientation,color,0.26,-16.0,16,male,0,2706.1785744,0,26
593,-9999.0,-9999.0,-9999.0,-9999.0,-9999.0,-9999.0,-9999.0,-9999.0,-9999.0,size,orientation,color,0.26,-16.0,16,male,0,2706.1785744,0,26
594,-9999.0,-9999.0,-9999.0,-9999.0,-9999.0,-9999.0,-9999.0,-9999.0,-9999.0,size,orientation,color,0.26,-16.0,16,male,0,2706.1785744,0,26
595,-9999.0,-9999.0,-9999.0,-9999.0,-9999.0,-9999.0,-9999.0,-9999.0,-9999.0,size,orientation,color,0.26,-16.0,16,male,0,2706.1785744,0,26
596,-9999.0,-9999.0,-9999.0,-9999.0,-9999.0,-9999.0,-9999.0,-9999.0,-9999.0,size,orientation,color,0.26,-16.0,16,male,0,2706.1785744,0,26
597,-9999.0,-9999.0,-9999.0,-9999.0,-9999.0,-9999.0,-9999.0,-9999.0,-9999.0,size,orientation,color,0.26,-16.0,16,male,0,2706.1785744,0,26
598,-9999.0,-9999.0,-9999.0,-9999.0,-9999.0,-9999.0,-9999.0,-9999.0,-9999.0,size,orientation,color,0.26,-16.0,16,male,0,2706.1785744,0,26
599,-9999.0,-9999.0,-9999.0,-9999.0,-9999.0,-9999.0,-9999.0,-9999.0,-9999.0,size,orientation,color,0.26,-16.0,16,male,0,2706.1785744,0,26
600,-9999.0,-9999.0,-9999.0,-9999.0,-9999.0,-9999.0,-9999.0,-9999.0,-9999.0,size,orientation,color,0.26,-16.0,16,male,0,2706.1785744,0,26
601,-9999.0,-9999.0,-9999.0,-9999.0,-9999.0,-9999.0,-9999.0,-9999.0,-9999.0,size,orientation,color,0.26,-16.0,16,male,0,2706.1785744,0,26
602,-9999.0,-9999.0,-9999.0,-9999.0,-9999.0,-9999.0,-9999.0,-9999.0,-9999.0,size,orientation,color,0.26,-16.0,16,male,0,2706.1785744,0,26
603,-9999.0,-9999.0,-9999.0,-9999.0,-9999.0,-9999.0,-9999.0,-9999.0,-9999.0,size,orientation,color,0.26,-16.0,16,male,0,2706.1785744,0,26
604,-9999.0,-9999.0,-9999.0,-9999.0,-9999.0,-9999.0,-9999.0,-9999.0,-9999.0,size,orientation,color,0.26,-16.0,16,male,0,2706.1785744,0,26
605,-9999.0,-9999.0,-9999.0,-9999.0,-9999.0,-9999.0,-9999.0,-9999.0,-9999.0,size,orientation,color,0.26,-16.0,16,male,0,2706.1785744,0,26
606,-9999.0,-9999.0,-9999.0,-9999.0,-9999.0,-9999.0,-9999.0,-9999.0,-9999.0,size,orientation,color,0.26,-16.0,16,male,0,2706.1785744,0,26
607,-9999.0,-9999.0,-9999.0,-9999.0,-9999.0,-9999.0,-9999.0,-9999.0,-9999.0,size,orientation,color,0.26,-16.0,16,male,0,2706.1785744,0,26
608,-9999.0,-9999.0,-9999.0,-9999.0,-9999.0,-9999.0,-9999.0,-9999.0,-9999.0,size,orientation,color,0.26,-16.0,16,male,0,2706.1785744,0,26
609,-9999.0,-9999.0,-9999.0,-9999.0,-9999.0,-9999.0,-9999.0,-9999.0,-9999.0,size,orientation,color,0.26,-16.0,16,male,0,2706.1785744,0,26
610,-9999.0,-9999.0,-9999.0,-9999.0,-9999.0,-9999.0,-9999.0,-9999.0,-9999.0,size,orientation,color,0.26,-16.0,16,male,0,2706.1785744,0,26
611,-9999.0,-9999.0,-9999.0,-9999.0,-9999.0,-9999.0,-9999.0,-9999.0,-9999.0,size,orientation,color,0.26,-16.0,16,male,0,2706.1785744,0,26
612,-9999.0,-9999.0,-9999.0,-9999.0,-9999.0,-9999.0,-9999.0,-9999.0,-9999.0,size,orientation,color,0.26,-16.0,16,male,0,2706.1785744,0,26
613,-9999.0,-9999.0,-9999.0,-9999.0,-9999.0,-9999.0,-9999.0,-9999.0,-9999.0,size,orientation,color,0.26,-16.0,16,male,0,2706.1785744,0,26
614,-9999.0,-9999.0,-9999.0,-9999.0,-9999.0,-9999.0,-9999.0,-9999.0,-9999.0,size,orientation,color,0.26,-16.0,16,male,0,2706.1785744,0,26
615,-9999.0,-9999.0,-9999.0,-9999.0,-9999.0,-9999.0,-9999.0,-9999.0,-9999.0,size,orientation,color,0.26,-16.0,16,male,0,2706.1785744,0,26
616,-9999.0,-9999.0,-9999.0,-9999.0,-9999.0,-9999.0,-9999.0,-9999.0,-9999.0,size,orientation,color,0.26,-16.0,16,male,0,2706.1785744,0,26
617,-9999.0,-9999.0,-9999.0,-9999.0,-9999.0,-9999.0,-9999.0,-9999.0,-9999.0,size,orientation,color,0.26,-16.0,16,male,0,2706.1785744,0,26
618,-9999.0,-9999.0,-9999.0,-9999.0,-9999.0,-9999.0,-9999.0,-9999.0,-9999.0,size,orientation,color,0.26,-16.0,16,male,0,2706.1785744,0,26
619,-9999.0,-9999.0,-9999.0,-9999.0,-9999.0,-9999.0,-9999.0,-9999.0,-9999.0,size,orientation,color,0.26,-16.0,16,male,0,2706.1785744,0,26
620,-9999.0,-9999.0,-9999.0,-9999.0,-9999.0,-9999.0,-9999.0,-9999.0,-9999.0,size,orientation,color,0.26,-16.0,16,male,0,2706.1785744,0,26
621,-9999.0,-9999.0,-9999.0,-9999.0,-9999.0,-9999.0,-9999.0,-9999.0,-9999.0,size,orientation,color,0.26,-16.0,16,male,0,2706.1785744,0,26
622,-9999.0,-9999.0,-9999.0,-9999.0,-9999.0,-9999.0,-9999.0,-9999.0,-9999.0,size,orientation,color,0.26,-16.0,16,male,0,2706.1785744,0,26
623,-9999.0,-9999.0,-9999.0,-9999.0,-9999.0,-9999.0,-9999.0,-9999.0,-9999.0,size,orientation,color,0.26,-16.0,16,male,0,2706.1785744,0,26
624,-9999.0,-9999.0,-9999.0,-9999.0,-9999.0,-9999.0,-9999.0,-9999.0,-9999.0,size,orientation,color,0.26,-16.0,16,male,0,2706.1785744,0,26
625,-9999.0,-9999.0,-9999.0,-9999.0,-9999.0,-9999.0,-9999.0,-9999.0,-9999.0,size,orientation,color,0.26,-16.0,16,male,0,2706.1785744,0,26
626,-9999.0,-9999.0,-9999.0,-9999.0,-9999.0,-9999.0,-9999.0,-9999.0,-9999.0,size,orientation,color,0.26,-16.0,16,male,0,2706.1785744,0,26
627,-9999.0,-9999.0,-9999.0,-9999.0,-9999.0,-9999.0,-9999.0,-9999.0,-9999.0,size,orientation,color,0.26,-16.0,16,male,0,2706.1785744,0,26
628,-9999.0,-9999.0,-9999.0,-9999.0,-9999.0,-9999.0,-9999.0,-9999.0,-9999.0,size,orientation,color,0.26,-16.0,16,male,0,2706.1785744,0,26
629,-9999.0,-9999.0,-9999.0,-9999.0,-9999.0,-9999.0,-9999.0,-9999.0,-9999.0,size,orientation,color,0.26,-16.0,16,male,0,2706.1785744,0,26
630,-9999.0,-9999.0,-9999.0,-9999.0,-9999.0,-9999.0,-9999.0,-9999.0,-9999.0,size,orientation,color,0.26,-16.0,16,male,0,2706.1785744,0,26
631,-9999.0,-9999.0,-9999.0,-9999.0,-9999.0,-9999.0,-9999.0,-9999.0,-9999.0,size,orientation,color,0.26,-16.0,16,male,0,2706.1785744,0,26
632,-9999.0,-9999.0,-9999.0,-9999.0,-9999.0,-9999.0,-9999.0,-9999.0,-9999.0,size,orientation,color,0.26,-16.0,16,male,0,2706.1785744,0,26
633,-9999.0,-9999.0,-9999.0,-9999.0,-9999.0,-9999.0,-9999.0,-9999.0,-9999.0,size,orientation,color,0.26,-16.0,16,male,0,2706.1785744,0,26
634,-9999.0,-9999.0,-9999.0,-9999.0,-9999.0,-9999.0,-9999.0,-9999.0,-9999.0,size,orientation,color,0.26,-16.0,16,male,0,2706.1785744,0,26
635,-9999.0,-9999.0,-9999.0,-9999.0,-9999.0,-9999.0,-9999.0,-9999.0,-9999.0,size,orientation,color,0.26,-16.0,16,male,0,2706.1785744,0,26
636,-9999.0,-9999.0,-9999.0,-9999.0,-9999.0,-9999.0,-9999.0,-9999.0,-9999.0,size,orientation,color,0.26,-16.0,16,male,0,2706.1785744,0,26
637,-9999.0,-9999.0,-9999.0,-9999.0,-9999.0,-9999.0,-9999.0,-9999.0,-9999.0,size,orientation,color,0.26,-16.0,16,male,0,2706.1785744,0,26
638,-9999.0,-9999.0,-9999.0,-9999.0,-9999.0,-9999.0,-9999.0,-9999.0,-9999.0,size,orientation,color,0.26,-16.0,16,male,0,2706.1785744,0,26
639,-9999.0,-9999.0,-9999.0,-9999.0,-9999.0,-9999.0,-9999.0,-9999.0,-9999.0,size,orientation,color,0.26,-16.0,16,male,0,2706.1785744,0,26
640,-9999.0,-9999.0,-9999.0,-9999.0,-9999.0,-9999.0,-9999.0,-9999.0,-9999.0,size,orientation,color,0.26,-16.0,16,male,0,2706.1785744,0,26
641,-9999.0,-9999.0,-9999.0,-9999.0,-9999.0,-9999.0,-9999.0,-9999.0,-9999.0,size,orientation,color,0.26,-16.0,16,male,0,2706.1785744,0,26
642,-9999.0,-9999.0,-9999.0,-9999.0,-9999.0,-9999.0,-9999.0,-9999.0,-9999.0,size,orientation,color,0.26,-16.0,16,male,0,2706.1785744,0,26
643,-9999.0,-9999.0,-9999.0,-9999.0,-9999.0,-9999.0,-9999.0,-9999.0,-9999.0,size,orientation,color,0.26,-16.0,16,male,0,2706.1785744,0,26
644,-9999.0,-9999.0,-9999.0,-9999.0,-9999.0,-9999.0,-9999.0,-9999.0,-9999.0,size,orientation,color,0.26,-16.0,16,male,0,2706.1785744,0,26
645,-9999.0,-9999.0,-9999.0,-9999.0,-9999.0,-9999.0,-9999.0,-9999.0,-9999.0,size,orientation,color,0.26,-16.0,16,male,0,2706.1785744,0,26
646,-9999.0,-9999.0,-9999.0,-9999.0,-9999.0,-9999.0,-9999.0,-9999.0,-9999.0,size,orientation,color,0.26,-16.0,16,male,0,2706.1785744,0,26
647,-9999.0,-9999.0,-9999.0,-9999.0,-9999.0,-9999.0,-9999.0,-9999.0,-9999.0,size,orientation,color,0.26,-16.0,16,male,0,2706.1785744,0,26
648,-9999.0,-9999.0,-9999.0,-9999.0,-9999.0,-9999.0,-9999.0,-9999.0,-9999.0,size,orientation,color,0.26,-16.0,16,male,0,2706.1785744,0,26
649,-9999.0,-9999.0,-9999.0,-9999.0,-9999.0,-9999.0,-9999.0,-9999.0,-9999.0,size,orientation,color,0.26,-16.0,16,male,0,2706.1785744,0,26
650,-9999.0,-9999.0,-9999.0,-9999.0,-9999.0,-9999.0,-9999.0,-9999.0,-9999.0,size,orientation,color,0.26,-16.0,16,male,0,2706.1785744,0,26
651,-9999.0,-9999.0,-9999.0,-9999.0,-9999.0,-9999.0,-9999.0,-9999.0,-9999.0,size,orientation,color,0.26,-16.0,16,male,0,2706.1785744,0,26
652,-9999.0,-9999.0,-9999.0,-9999.0,-9999.0,-9999.0,-9999.0,-9999.0,-9999.0,size,orientation,color,0.26,-16.0,16,male,0,2706.1785744,0,26
653,-9999.0,-9999.0,-9999.0,-9999.0,-9999.0,-9999.0,-9999.0,-9999.0,-9999.0,size,orientation,color,0.26,-16.0,16,male,0,2706.1785744,0,26
654,-9999.0,-9999.0,-9999.0,-9999.0,-9999.0,-9999.0,-9999.0,-9999.0,-9999.0,size,orientation,color,0.26,-16.0,16,male,0,2706.1785744,0,26
655,-9999.0,-9999.0,-9999.0,-9999.0,-9999.0,-9999.0,-9999.0,-9999.0,-9999.0,size,orientation,color,0.26,-16.0,16,male,0,2706.1785744,0,26
656,-9999.0,-9999.0,-9999.0,-9999.0,-9999.0,-9999.0,-9999.0,-9999.0,-9999.0,size,orientation,color,0.26,-16.0,16,male,0,2706.1785744,0,26
657,-9999.0,-9999.0,-9999.0,-9999.0,-9999.0,-9999.0,-9999.0,-9999.0,-9999.0,size,orientation,color,0.26,-16.0,16,male,0,2706.1785744,0,26
658,-9999.0,-9999.0,-9999.0,-9999.0,-9999.0,-9999.0,-9999.0,-9999.0,-9999.0,size,orientation,color,0.26,-16.0,16,male,0,2706.1785744,0,26
659,-9999.0,-9999.0,-9999.0,-9999.0,-9999.0,-9999.0,-9999.0,-9999.0,-9999.0,size,orientation,color,0.26,-16.0,16,male,0,2706.1785744,0,26
660,-9999.0,-9999.0,-9999.0,-9999.0,-9999.0,-9999.0,-9999.0,-9999.0,-9999.0,size,orientation,color,0.26,-16.0,16,male,0,2706.1785744,0,26
661,-9999.0,-9999.0,-9999.0,-9999.0,-9999.0,-9999.0,-9999.0,-9999.0,-9999.0,size,orientation,color,0.26,-16.0,16,male,0,2706.1785744,0,26
662,-9999.0,-9999.0,-9999.0,-9999.0,-9999.0,-9999.0,-9999.0,-9999.0,-9999.0,size,orientation,color,0.26,-16.0,16,male,0,2706.1785744,0,26
663,-9999.0,-9999.0,-9999.0,-9999.0,-9999.0,-9999.0,-9999.0,-9999.0,-9999.0,size,orientation,color,0.26,-16.0,16,male,0,2706.1785744,0,26
664,-9999.0,-9999.0,-9999.0,-9999.0,-9999.0,-9999.0,-9999.0,-9999.0,-9999.0,size,orientation,color,0.26,-16.0,16,male,0,2706.1785744,0,26
665,-9999.0,-9999.0,-9999.0,-9999.0,-9999.0,-9999.0,-9999.0,-9999.0,-9999.0,size,orientation,color,0.26,-16.0,16,male,0,2706.1785744,0,26
666,-9999.0,-9999.0,-9999.0,-9999.0,-9999.0,-9999.0,-9999.0,-9999.0,-9999.0,size,orientation,color,0.26,-16.0,16,male,0,2706.1785744,0,26
667,-9999.0,-9999.0,-9999.0,-9999.0,-9999.0,-9999.0,-9999.0,-9999.0,-9999.0,size,orientation,color,0.26,-16.0,16,male,0,2706.1785744,0,26
668,-9999.0,-9999.0,-9999.0,-9999.0,-9999.0,-9999.0,-9999.0,-9999.0,-9999.0,size,orientation,color,0.26,-16.0,16,male,0,2706.1785744,0,26
669,-9999.0,-9999.0,-9999.0,-9999.0,-9999.0,-9999.0,-9999.0,-9999.0,-9999.0,size,orientation,color,0.26,-16.0,16,male,0,2706.1785744,0,26
670,-9999.0,-9999.0,-9999.0,-9999.0,-9999.0,-9999.0,-9999.0,-9999.0,-9999.0,size,orientation,color,0.26,-16.0,16,male,0,2706.1785744,0,26
671,-9999.0,-9999.0,-9999.0,-9999.0,-9999.0,-9999.0,-9999.0,-9999.0,-9999.0,size,orientation,color,0.26,-16.0,16,male,0,2706.1785744,0,26
672,-9999.0,-9999.0,-9999.0,-9999.0,-9999.0,-9999.0,-9999.0,-9999.0,-9999.0,size,orientation,color,0.26,-16.0,16,male,0,2706.1785744,0,26
673,-9999.0,-9999.0,-9999.0,-9999.0,-9999.0,-9999.0,-9999.0,-9999.0,-9999.0,size,orientation,color,0.26,-16.0,16,male,0,2706.1785744,0,26
674,-9999.0,-9999.0,-9999.0,-9999.0,-9999.0,-9999.0,-9999.0,-9999.0,-9999.0,size,orientation,color,0.26,-16.0,16,male,0,2706.1785744,0,26
675,-9999.0,-9999.0,-9999.0,-9999.0,-9999.0,-9999.0,-9999.0,-9999.0,-9999.0,size,orientation,color,0.26,-16.0,16,male,0,2706.1785744,0,26
676,-9999.0,-9999.0,-9999.0,-9999.0,-9999.0,-9999.0,-9999.0,-9999.0,-9999.0,size,orientation,color,0.26,-16.0,16,male,0,2706.1785744,0,26
677,-9999.0,-9999.0,-9999.0,-9999.0,-9999.0,-9999.0,-9999.0,-9999.0,-9999.0,size,orientation,color,0.26,-16.0,16,male,0,2706.1785744,0,26
678,-9999.0,-9999.0,-9999.0,-9999.0,-9999.0,-9999.0,-9999.0,-9999.0,-9999.0,size,orientation,color,0.26,-16.0,16,male,0,2706.1785744,0,26
679,-9999.0,-9999.0,-9999.0,-9999.0,-9999.0,-9999.0,-9999.0,-9999.0,-9999.0,size,orientation,color,0.26,-16.0,16,male,0,2706.1785744,0,26
680,-9999.0,-9999.0,-9999.0,-9999.0,-9999.0,-9999.0,-9999.0,-9999.0,-9999.0,size,orientation,color,0.26,-16.0,16,male,0,2706.1785744,0,26
681,-9999.0,-9999.0,-9999.0,-9999.0,-9999.0,-9999.0,-9999.0,-9999.0,-9999.0,size,orientation,color,0.26,-16.0,16,male,0,2706.1785744,0,26
682,-9999.0,-9999.0,-9999.0,-9999.0,-9999.0,-9999.0,-9999.0,-9999.0,-9999.0,size,orientation,color,0.26,-16.0,16,male,0,2706.1785744,0,26
683,-9999.0,-9999.0,-9999.0,-9999.0,-9999.0,-9999.0,-9999.0,-9999.0,-9999.0,size,orientation,color,0.26,-16.0,16,male,0,2706.1785744,0,26
684,-9999.0,-9999.0,-9999.0,-9999.0,-9999.0,-9999.0,-9999.0,-9999.0,-9999.0,size,orientation,color,0.26,-16.0,16,male,0,2706.1785744,0,26
685,-9999.0,-9999.0,-9999.0,-9999.0,-9999.0,-9999.0,-9999.0,-9999.0,-9999.0,size,orientation,color,0.26,-16.0,16,male,0,2706.1785744,0,26
686,-9999.0,-9999.0,-9999.0,-9999.0,-9999.0,-9999.0,-9999.0,-9999.0,-9999.0,size,orientation,color,0.26,-16.0,16,male,0,2706.1785744,0,26
687,-9999.0,-9999.0,-9999.0,-9999.0,-9999.0,-9999.0,-9999.0,-9999.0,-9999.0,size,orientation,color,0.26,-16.0,16,male,0,2706.1785744,0,26
688,-9999.0,-9999.0,-9999.0,-9999.0,-9999.0,-9999.0,-9999.0,-9999.0,-9999.0,size,orientation,color,0.26,-16.0,16,male,0,2706.1785744,0,26
689,-9999.0,-9999.0,-9999.0,-9999.0,-9999.0,-9999.0,-9999.0,-9999.0,-9999.0,size,orientation,color,0.26,-16.0,16,male,0,2706.1785744,0,26
690,-9999.0,-9999.0,-9999.0,-9999.0,-9999.0,-9999.0,-9999.0,-9999.0,-9999.0,size,orientation,color,0.26,-16.0,16,male,0,2706.1785744,0,26
691,-9999.0,-9999.0,-9999.0,-9999.0,-9999.0,-9999.0,-9999.0,-9999.0,-9999.0,size,orientation,color,0.26,-16.0,16,male,0,2706.1785744,0,26
692,-9999.0,-9999.0,-9999.0,-9999.0,-9999.0,-9999.0,-9999.0,-9999.0,-9999.0,size,orientation,color,0.26,-16.0,16,male,0,2706.1785744,0,26
693,-9999.0,-9999.0,-9999.0,-9999.0,-9999.0,-9999.0,-9999.0,-9999.0,-9999.0,size,orientation,color,0.26,-16.0,16,male,0,2706.1785744,0,26
694,-9999.0,-9999.0,-9999.0,-9999.0,-9999.0,-9999.0,-9999.0,-9999.0,-9999.0,size,orientation,color,0.26,-16.0,16,male,0,2706.1785744,0,26
695,-9999.0,-9999.0,-9999.0,-9999.0,-9999.0,-9999.0,-9999.0,-9999.0,-9999.0,size,orientation,color,0.26,-16.0,16,male,0,2706.1785744,0,26
696,-9999.0,-9999.0,-9999.0,-9999.0,-9999.0,-9999.0,-9999.0,-9999.0,-9999.0,size,orientation,color,0.26,-16.0,16,male,0,2706.1785744,0,26
697,-9999.0,-9999.0,-9999.0,-9999.0,-9999.0,-9999.0,-9999.0,-9999.0,-9999.0,size,orientation,color,0.26,-16.0,16,male,0,2706.1785744,0,26
698,-9999.0,-9999.0,-9999.0,-9999.0,-9999.0,-9999.0,-9999.0,-9999.0,-9999.0,size,orientation,color,0.26,-16.0,16,male,0,2706.1785744,0,26
699,-9999.0,-9999.0,-9999.0,-9999.0,-9999.0,-9999.0,-9999.0,-9999.0,-9999.0,size,orientation,color,0.26,-16.0,16,male,0,2706.1785744,0,26
700,-9999.0,-9999.0,-9999.0,-9999.0,-9999.0,-9999.0,-9999.0,-9999.0,-9999.0,size,orientation,color,0.26,-16.0,16,male,0,2706.1785744,0,26
701,-9999.0,-9999.0,-9999.0,-9999.0,-9999.0,-9999.0,-9999.0,-9999.0,-9999.0,size,orientation,color,0.26,-16.0,16,male,0,2706.1785744,0,26
702,-9999.0,-9999.0,-9999.0,-9999.0,-9999.0,-9999.0,-9999.0,-9999.0,-9999.0,size,orientation,color,0.26,-16.0,16,male,0,2706.1785744,0,26
703,-9999.0,-9999.0,-9999.0,-9999.0,-9999.0,-9999.0,-9999.0,-9999.0,-9999.0,size,orientation,color,0.26,-16.0,16,male,0,2706.1785744,0,26
704,-9999.0,-9999.0,-9999.0,-9999.0,-9999.0,-9999.0,-9999.0,-9999.0,-9999.0,size,orientation,color,0.26,-16.0,16,male,0,2706.1785744,0,26
705,-9999.0,-9999.0,-9999.0,-9999.0,-9999.0,-9999.0,-9999.0,-9999.0,-9999.0,size,orientation,color,0.26,-16.0,16,male,0,2706.1785744,0,26
706,-9999.0,-9999.0,-9999.0,-9999.0,-9999.0,-9999.0,-9999.0,-9999.0,-9999.0,size,orientation,color,0.26,-16.0,16,male,0,2706.1785744,0,26
707,-9999.0,-9999.0,-9999.0,-9999.0,-9999.0,-9999.0,-9999.0,-9999.0,-9999.0,size,orientation,color,0.26,-16.0,16,male,0,2706.1785744,0,26
708,-9999.0,-9999.0,-9999.0,-9999.0,-9999.0,-9999.0,-9999.0,-9999.0,-9999.0,size,orientation,color,0.26,-16.0,16,male,0,2706.1785744,0,26
709,-9999.0,-9999.0,-9999.0,-9999.0,-9999.0,-9999.0,-9999.0,-9999.0,-9999.0,size,orientation,color,0.26,-16.0,16,male,0,2706.1785744,0,26
710,-9999.0,-9999.0,-9999.0,-9999.0,-9999.0,-9999.0,-9999.0,-9999.0,-9999.0,size,orientation,color,0.26,-16.0,16,male,0,2706.1785744,0,26
711,-9999.0,-9999.0,-9999.0,-9999.0,-9999.0,-9999.0,-9999.0,-9999.0,-9999.0,size,orientation,color,0.26,-16.0,16,male,0,2706.1785744,0,26
712,-9999.0,-9999.0,-9999.0,-9999.0,-9999.0,-9999.0,-9999.0,-9999.0,-9999.0,size,orientation,color,0.26,-16.0,16,male,0,2706.1785744,0,26
713,-9999.0,-9999.0,-9999.0,-9999.0,-9999.0,-9999.0,-9999.0,-9999.0,-9999.0,size,orientation,color,0.26,-16.0,16,male,0,2706.1785744,0,26
714,-9999.0,-9999.0,-9999.0,-9999.0,-9999.0,-9999.0,-9999.0,-9999.0,-9999.0,size,orientation,color,0.26,-16.0,16,male,0,2706.1785744,0,26
715,-9999.0,-9999.0,-9999.0,-9999.0,-9999.0,-9999.0,-9999.0,-9999.0,-9999.0,size,orientation,color,0.26,-16.0,16,male,0,2706.1785744,0,26
716,-9999.0,-9999.0,-9999.0,-9999.0,-9999.0,-9999.0,-9999.0,-9999.0,-9999.0,size,orientation,color,0.26,-16.0,16,male,0,2706.1785744,0,26
717,-9999.0,-9999.0,-9999.0,-9999.0,-9999.0,-9999.0,-9999.0,-9999.0,-9999.0,size,orientation,color,0.26,-16.0,16,male,0,2706.1785744,0,26
718,-9999.0,-9999.0,-9999.0,-9999.0,-9999.0,-9999.0,-9999.0,-9999.0,-9999.0,size,orientation,color,0.26,-16.0,16,male,0,2706.1785744,0,26
719,-9999.0,-9999.0,-9999.0,-9999.0,-9999.0,-9999.0,-9999.0,-9999.0,-9999.0,size,orientation,color,0.26,-16.0,16,male,0,2706.1785744,0,26
720,-9999.0,-9999.0,-9999.0,-9999.0,-9999.0,-9999.0,-9999.0,-9999.0,-9999.0,size,orientation,color,0.26,-16.0,16,male,0,2706.1785744,0,26
721,-9999.0,-9999.0,-9999.0,-9999.0,-9999.0,-9999.0,-9999.0,-9999.0,-9999.0,size,orientation,color,0.26,-16.0,16,male,0,2706.1785744,0,26
722,-9999.0,-9999.0,-9999.0,-9999.0,-9999.0,-9999.0,-9999.0,-9999.0,-9999.0,size,orientation,color,0.26,-16.0,16,male,0,2706.1785744,0,26
723,-9999.0,-9999.0,-9999.0,-9999.0,-9999.0,-9999.0,-9999.0,-9999.0,-9999.0,size,orientation,color,0.26,-16.0,16,male,0,2706.1785744,0,26
724,-9999.0,-9999.0,-9999.0,-9999.0,-9999.0,-9999.0,-9999.0,-9999.0,-9999.0,size,orientation,color,0.26,-16.0,16,male,0,2706.1785744,0,26
725,-9999.0,-9999.0,-9999.0,-9999.0,-9999.0,-9999.0,-9999.0,-9999.0,-9999.0,size,orientation,color,0.26,-16.0,16,male,0,2706.1785744,0,26
726,-9999.0,-9999.0,-9999.0,-9999.0,-9999.0,-9999.0,-9999.0,-9999.0,-9999.0,size,orientation,color,0.26,-16.0,16,male,0,2706.1785744,0,26
727,-9999.0,-9999.0,-9999.0,-9999.0,-9999.0,-9999.0,-9999.0,-9999.0,-9999.0,size,orientation,color,0.26,-16.0,16,male,0,2706.1785744,0,26
728,-9999.0,-9999.0,-9999.0,-9999.0,-9999.0,-9999.0,-9999.0,-9999.0,-9999.0,size,orientation,color,0.26,-16.0,16,male,0,2706.1785744,0,26
729,-9999.0,-9999.0,-9999.0,-9999.0,-9999.0,-9999.0,-9999.0,-9999.0,-9999.0,size,orientation,color,0.26,-16.0,16,male,0,2706.1785744,0,26
730,-9999.0,-9999.0,-9999.0,-9999.0,-9999.0,-9999.0,-9999.0,-9999.0,-9999.0,size,orientation,color,0.26,-16.0,16,male,0,2706.1785744,0,26
731,-9999.0,-9999.0,-9999.0,-9999.0,-9999.0,-9999.0,-9999.0,-9999.0,-9999.0,size,orientation,color,0.26,-16.0,16,male,0,2706.1785744,0,26
732,-9999.0,-9999.0,-9999.0,-9999.0,-9999.0,-9999.0,-9999.0,-9999.0,-9999.0,size,orientation,color,0.26,-16.0,16,male,0,2706.1785744,0,26
733,-9999.0,-9999.0,-9999.0,-9999.0,-9999.0,-9999.0,-9999.0,-9999.0,-9999.0,size,orientation,color,0.26,-16.0,16,male,0,2706.1785744,0,26
734,-9999.0,-9999.0,-9999.0,-9999.0,-9999.0,-9999.0,-9999.0,-9999.0,-9999.0,size,orientation,color,0.26,-16.0,16,male,0,2706.1785744,0,26
735,-9999.0,-9999.0,-9999.0,-9999.0,-9999.0,-9999.0,-9999.0,-9999.0,-9999.0,size,orientation,color,0.26,-16.0,16,male,0,2706.1785744,0,26
736,-9999.0,-9999.0,-9999.0,-9999.0,-9999.0,-9999.0,-9999.0,-9999.0,-9999.0,size,orientation,color,0.26,-16.0,16,male,0,2706.1785744,0,26
737,-9999.0,-9999.0,-9999.0,-9999.0,-9999.0,-9999.0,-9999.0,-9999.0,-9999.0,size,orientation,color,0.26,-16.0,16,male,0,2706.1785744,0,26
738,-9999.0,-9999.0,-9999.0,-9999.0,-9999.0,-9999.0,-9999.0,-9999.0,-9999.0,size,orientation,color,0.26,-16.0,16,male,0,2706.1785744,0,26
739,-9999.0,-9999.0,-9999.0,-9999.0,-9999.0,-9999.0,-9999.0,-9999.0,-9999.0,size,orientation,color,0.26,-16.0,16,male,0,2706.1785744,0,26
740,-9999.0,-9999.0,-9999.0,-9999.0,-9999.0,-9999.0,-9999.0,-9999.0,-9999.0,size,orientation,color,0.26,-16.0,16,male,0,2706.1785744,0,26
741,-9999.0,-9999.0,-9999.0,-9999.0,-9999.0,-9999.0,-9999.0,-9999.0,-9999.0,size,orientation,color,0.26,-16.0,16,male,0,2706.1785744,0,26
742,-9999.0,-9999.0,-9999.0,-9999.0,-9999.0,-9999.0,-9999.0,-9999.0,-9999.0,size,orientation,color,0.26,-16.0,16,male,0,2706.1785744,0,26
743,-9999.0,-9999.0,-9999.0,-9999.0,-9999.0,-9999.0,-9999.0,-9999.0,-9999.0,size,orientation,color,0.26,-16.0,16,male,0,2706.1785744,0,26
744,-9999.0,-9999.0,-9999.0,-9999.0,-9999.0,-9999.0,-9999.0,-9999.0,-9999.0,size,orientation,color,0.26,-16.0,16,male,0,2706.1785744,0,26
745,-9999.0,-9999.0,-9999.0,-9999.0,-9999.0,-9999.0,-9999.0,-9999.0,-9999.0,size,orientation,color,0.26,-16.0,16,male,0,2706.1785744,0,26
746,-9999.0,-9999.0,-9999.0,-9999.0,-9999.0,-9999.0,-9999.0,-9999.0,-9999.0,size,orientation,color,0.26,-16.0,16,male,0,2706.1785744,0,26
747,-9999.0,-9999.0,-9999.0,-9999.0,-9999.0,-9999.0,-9999.0,-9999.0,-9999.0,size,orientation,color,0.26,-16.0,16,male,0,2706.1785744,0,26
748,-9999.0,-9999.0,-9999.0,-9999.0,-9999.0,-9999.0,-9999.0,-9999.0,-9999.0,size,orientation,color,0.26,-16.0,16,male,0,2706.1785744,0,26
749,-9999.0,-9999.0,-9999.0,-9999.0,-9999.0,-9999.0,-9999.0,-9999.0,-9999.0,size,orientation,color,0.26,-16.0,16,male,0,2706.1785744,0,26
750,-9999.0,-9999.0,-9999.0,-9999.0,-9999.0,-9999.0,-9999.0,-9999.0,-9999.0,size,orientation,color,0.26,-16.0,16,male,0,2706.1785744,0,26
751,-9999.0,-9999.0,-9999.0,-9999.0,-9999.0,-9999.0,-9999.0,-9999.0,-9999.0,size,orientation,color,0.26,-16.0,16,male,0,2706.1785744,0,26
752,-9999.0,-9999.0,-9999.0,-9999.0,-9999.0,-9999.0,-9999.0,-9999.0,-9999.0,size,orientation,color,0.26,-16.0,16,male,0,2706.1785744,0,26
753,-9999.0,-9999.0,-9999.0,-9999.0,-9999.0,-9999.0,-9999.0,-9999.0,-9999.0,size,orientation,color,0.26,-16.0,16,male,0,2706.1785744,0,26
754,-9999.0,-9999.0,-9999.0,-9999.0,-9999.0,-9999.0,-9999.0,-9999.0,-9999.0,size,orientation,color,0.26,-16.0,16,male,0,2706.1785744,0,26
755,-9999.0,-9999.0,-9999.0,-9999.0,-9999.0,-9999.0,-9999.0,-9999.0,-9999.0,size,orientation,color,0.26,-16.0,16,male,0,2706.1785744,0,26
756,-9999.0,-9999.0,-9999.0,-9999.0,-9999.0,-9999.0,-9999.0,-9999.0,-9999.0,size,orientation,color,0.26,-16.0,16,male,0,2706.1785744,0,26
757,-9999.0,-9999.0,-9999.0,-9999.0,-9999.0,-9999.0,-9999.0,-9999.0,-9999.0,size,orientation,color,0.26,-16.0,16,male,0,2706.1785744,0,26
758,-9999.0,-9999.0,-9999.0,-9999.0,-9999.0,-9999.0,-9999.0,-9999.0,-9999.0,size,orientation,color,0.26,-16.0,16,male,0,2706.1785744,0,26
759,-9999.0,-9999.0,-9999.0,-9999.0,-9999.0,-9999.0,-9999.0,-9999.0,-9999.0,size,orientation,color,0.26,-16.0,16,male,0,2706.1785744,0,26
760,-9999.0,-9999.0,-9999.0,-9999.0,-9999.0,-9999.0,-9999.0,-9999.0,-9999.0,size,orientation,color,0.26,-16.0,16,male,0,2706.1785744,0,26
761,-9999.0,-9999.0,-9999.0,-9999.0,-9999.0,-9999.0,-9999.0,-9999.0,-9999.0,size,orientation,color,0.26,-16.0,16,male,0,2706.1785744,0,26
762,-9999.0,-9999.0,-9999.0,-9999.0,-9999.0,-9999.0,-9999.0,-9999.0,-9999.0,size,orientation,color,0.26,-16.0,16,male,0,2706.1785744,0,26
763,-9999.0,-9999.0,-9999.0,-9999.0,-9999.0,-9999.0,-9999.0,-9999.0,-9999.0,size,orientation,color,0.26,-16.0,16,male,0,2706.1785744,0,26
764,-9999.0,-9999.0,-9999.0,-9999.0,-9999.0,-9999.0,-9999.0,-9999.0,-9999.0,size,orientation,color,0.26,-16.0,16,male,0,2706.1785744,0,26
765,-9999.0,-9999.0,-9999.0,-9999.0,-9999.0,-9999.0,-9999.0,-9999.0,-9999.0,size,orientation,color,0.26,-16.0,16,male,0,2706.1785744,0,26
766,-9999.0,-9999.0,-9999.0,-9999.0,-9999.0,-9999.0,-9999.0,-9999.0,-9999.0,size,orientation,color,0.26,-16.0,16,male,0,2706.1785744,0,26
767,-9999.0,-9999.0,-9999.0,-9999.0,-9999.0,-9999.0,-9999.0,-9999.0,-9999.0,size,orientation,color,0.26,-16.0,16,male,0,2706.1785744,0,26
768,-9999.0,-9999.0,-9999.0,-9999.0,-9999.0,-9999.0,-9999.0,-9999.0,-9999.0,size,orientation,color,0.26,-16.0,16,male,0,2706.1785744,0,26
769,-9999.0,-9999.0,-9999.0,-9999.0,-9999.0,-9999.0,-9999.0,-9999.0,-9999.0,size,orientation,color,0.26,-16.0,16,male,0,2706.1785744,0,26
770,-9999.0,-9999.0,-9999.0,-9999.0,-9999.0,-9999.0,-9999.0,-9999.0,-9999.0,size,orientation,color,0.26,-16.0,16,male,0,2706.1785744,0,26
771,-9999.0,-9999.0,-9999.0,-9999.0,-9999.0,-9999.0,-9999.0,-9999.0,-9999.0,size,orientation,color,0.26,-16.0,16,male,0,2706.1785744,0,26
772,-9999.0,-9999.0,-9999.0,-9999.0,-9999.0,-9999.0,-9999.0,-9999.0,-9999.0,size,orientation,color,0.26,-16.0,16,male,0,2706.1785744,0,26
773,-9999.0,-9999.0,-9999.0,-9999.0,-9999.0,-9999.0,-9999.0,-9999.0,-9999.0,size,orientation,color,0.26,-16.0,16,male,0,2706.1785744,0,26
774,-9999.0,-9999.0,-9999.0,-9999.0,-9999.0,-9999.0,-9999.0,-9999.0,-9999.0,size,orientation,color,0.26,-16.0,16,male,0,2706.1785744,0,26
775,-9999.0,-9999.0,-9999.0,-9999.0,-9999.0,-9999.0,-9999.0,-9999.0,-9999.0,size,orientation,color,0.26,-16.0,16,male,0,2706.1785744,0,26
776,-9999.0,-9999.0,-9999.0,-9999.0,-9999.0,-9999.0,-9999.0,-9999.0,-9999.0,size,orientation,color,0.26,-16.0,16,male,0,2706.1785744,0,26
777,-9999.0,-9999.0,-9999.0,-9999.0,-9999.0,-9999.0,-9999.0,-9999.0,-9999.0,size,orientation,color,0.26,-16.0,16,male,0,2706.1785744,0,26
778,-9999.0,-9999.0,-9999.0,-9999.0,-9999.0,-9999.0,-9999.0,-9999.0,-9999.0,size,orientation,color,0.26,-16.0,16,male,0,2706.1785744,0,26
779,-9999.0,-9999.0,-9999.0,-9999.0,-9999.0,-9999.0,-9999.0,-9999.0,-9999.0,size,orientation,color,0.26,-16.0,16,male,0,2706.1785744,0,26
780,-9999.0,-9999.0,-9999.0,-9999.0,-9999.0,-9999.0,-9999.0,-9999.0,-9999.0,size,orientation,color,0.26,-16.0,16,male,0,2706.1785744,0,26
781,-9999.0,-9999.0,-9999.0,-9999.0,-9999.0,-9999.0,-9999.0,-9999.0,-9999.0,size,orientation,color,0.26,-16.0,16,male,0,2706.1785744,0,26
782,-9999.0,-9999.0,-9999.0,-9999.0,-9999.0,-9999.0,-9999.0,-9999.0,-9999.0,size,orientation,color,0.26,-16.0,16,male,0,2706.1785744,0,26
783,-9999.0,-9999.0,-9999.0,-9999.0,-9999.0,-9999.0,-9999.0,-9999.0,-9999.0,size,orientation,color,0.26,-16.0,16,male,0,2706.1785744,0,26
784,-9999.0,-9999.0,-9999.0,-9999.0,-9999.0,-9999.0,-9999.0,-9999.0,-9999.0,size,orientation,color,0.26,-16.0,16,male,0,2706.1785744,0,26
785,-9999.0,-9999.0,-9999.0,-9999.0,-9999.0,-9999.0,-9999.0,-9999.0,-9999.0,size,orientation,color,0.26,-16.0,16,male,0,2706.1785744,0,26
786,-9999.0,-9999.0,-9999.0,-9999.0,-9999.0,-9999.0,-9999.0,-9999.0,-9999.0,size,orientation,color,0.26,-16.0,16,male,0,2706.1785744,0,26
787,-9999.0,-9999.0,-9999.0,-9999.0,-9999.0,-9999.0,-9999.0,-9999.0,-9999.0,size,orientation,color,0.26,-16.0,16,male,0,2706.1785744,0,26
788,-9999.0,-9999.0,-9999.0,-9999.0,-9999.0,-9999.0,-9999.0,-9999.0,-9999.0,size,orientation,color,0.26,-16.0,16,male,0,2706.1785744,0,26
789,-9999.0,-9999.0,-9999.0,-9999.0,-9999.0,-9999.0,-9999.0,-9999.0,-9999.0,size,orientation,color,0.26,-16.0,16,male,0,2706.1785744,0,26
790,-9999.0,-9999.0,-9999.0,-9999.0,-9999.0,-9999.0,-9999.0,-9999.0,-9999.0,size,orientation,color,0.26,-16.0,16,male,0,2706.1785744,0,26
791,-9999.0,-9999.0,-9999.0,-9999.0,-9999.0,-9999.0,-9999.0,-9999.0,-9999.0,size,orientation,color,0.26,-16.0,16,male,0,2706.1785744,0,26
792,-9999.0,-9999.0,-9999.0,-9999.0,-9999.0,-9999.0,-9999.0,-9999.0,-9999.0,size,orientation,color,0.26,-16.0,16,male,0,2706.1785744,0,26
793,-9999.0,-9999.0,-9999.0,-9999.0,-9999.0,-9999.0,-9999.0,-9999.0,-9999.0,size,orientation,color,0.26,-16.0,16,male,0,2706.1785744,0,26
794,-9999.0,-9999.0,-9999.0,-9999.0,-9999.0,-9999.0,-9999.0,-9999.0,-9999.0,size,orientation,color,0.26,-16.0,16,male,0,2706.1785744,0,26
795,-9999.0,-9999.0,-9999.0,-9999.0,-9999.0,-9999.0,-9999.0,-9999.0,-9999.0,size,orientation,color,0.26,-16.0,16,male,0,2706.1785744,0,26
796,-9999.0,-9999.0,-9999.0,-9999.0,-9999.0,-9999.0,-9999.0,-9999.0,-9999.0,size,orientation,color,0.26,-16.0,16,male,0,2706.1785744,0,26
797,-9999.0,-9999.0,-9999.0,-9999.0,-9999.0,-9999.0,-9999.0,-9999.0,-9999.0,size,orientation,color,0.26,-16.0,16,male,0,2706.1785744,0,26
798,-9999.0,-9999.0,-9999.0,-9999.0,-9999.0,-9999.0,-9999.0,-9999.0,-9999.0,size,orientation,color,0.26,-16.0,16,male,0,2706.1785744,0,26
799,-9999.0,-9999.0,-9999.0,-9999.0,-9999.0,-9999.0,-9999.0,-9999.0,-9999.0,size,orientation,color,0.26,-16.0,16,male,0,2706.1785744,0,26
800,-9999.0,-9999.0,-9999.0,-9999.0,-9999.0,-9999.0,-9999.0,-9999.0,-9999.0,size,orientation,color,0.26,-16.0,16,male,0,2706.1785744,0,26
801,-9999.0,-9999.0,-9999.0,-9999.0,-9999.0,-9999.0,-9999.0,-9999.0,-9999.0,size,orientation,color,0.26,-16.0,16,male,0,2706.1785744,0,26
802,-9999.0,-9999.0,-9999.0,-9999.0,-9999.0,-9999.0,-9999.0,-9999.0,-9999.0,size,orientation,color,0.26,-16.0,16,male,0,2706.1785744,0,26
803,-9999.0,-9999.0,-9999.0,-9999.0,-9999.0,-9999.0,-9999.0,-9999.0,-9999.0,size,orientation,color,0.26,-16.0,16,male,0,2706.1785744,0,26
804,-9999.0,-9999.0,-9999.0,-9999.0,-9999.0,-9999.0,-9999.0,-9999.0,-9999.0,size,orientation,color,0.26,-16.0,16,male,0,2706.1785744,0,26
805,-9999.0,-9999.0,-9999.0,-9999.0,-9999.0,-9999.0,-9999.0,-9999.0,-9999.0,size,orientation,color,0.26,-16.0,16,male,0,2706.1785744,0,26
806,-9999.0,-9999.0,-9999.0,-9999.0,-9999.0,-9999.0,-9999.0,-9999.0,-9999.0,size,orientation,color,0.26,-16.0,16,male,0,2706.1785744,0,26
807,-9999.0,-9999.0,-9999.0,-9999.0,-9999.0,-9999.0,-9999.0,-9999.0,-9999.0,size,orientation,color,0.26,-16.0,16,male,0,2706.1785744,0,26
808,-9999.0,-9999.0,-9999.0,-9999.0,-9999.0,-9999.0,-9999.0,-9999.0,-9999.0,size,orientation,color,0.26,-16.0,16,male,0,2706.1785744,0,26
809,-9999.0,-9999.0,-9999.0,-9999.0,-9999.0,-9999.0,-9999.0,-9999.0,-9999.0,size,orientation,color,0.26,-16.0,16,male,0,2706.1785744,0,26
810,-9999.0,-9999.0,-9999.0,-9999.0,-9999.0,-9999.0,-9999.0,-9999.0,-9999.0,size,orientation,color,0.26,-16.0,16,male,0,2706.1785744,0,26
811,-9999.0,-9999.0,-9999.0,-9999.0,-9999.0,-9999.0,-9999.0,-9999.0,-9999.0,size,orientation,color,0.26,-16.0,16,male,0,2706.1785744,0,26
812,-9999.0,-9999.0,-9999.0,-9999.0,-9999.0,-9999.0,-9999.0,-9999.0,-9999.0,size,orientation,color,0.26,-16.0,16,male,0,2706.1785744,0,26
813,-9999.0,-9999.0,-9999.0,-9999.0,-9999.0,-9999.0,-9999.0,-9999.0,-9999.0,size,orientation,color,0.26,-16.0,16,male,0,2706.1785744,0,26
814,-9999.0,-9999.0,-9999.0,-9999.0,-9999.0,-9999.0,-9999.0,-9999.0,-9999.0,size,orientation,color,0.26,-16.0,16,male,0,2706.1785744,0,26
815,-9999.0,-9999.0,-9999.0,-9999.0,-9999.0,-9999.0,-9999.0,-9999.0,-9999.0,size,orientation,color,0.26,-16.0,16,male,0,2706.1785744,0,26
816,-9999.0,-9999.0,-9999.0,-9999.0,-9999.0,-9999.0,-9999.0,-9999.0,-9999.0,size,orientation,color,0.26,-16.0,16,male,0,2706.1785744,0,26
817,-9999.0,-9999.0,-9999.0,-9999.0,-9999.0,-9999.0,-9999.0,-9999.0,-9999.0,size,orientation,color,0.26,-16.0,16,male,0,2706.1785744,0,26
818,-9999.0,-9999.0,-9999.0,-9999.0,-9999.0,-9999.0,-9999.0,-9999.0,-9999.0,size,orientation,color,0.26,-16.0,16,male,0,2706.1785744,0,26
819,-9999.0,-9999.0,-9999.0,-9999.0,-9999.0,-9999.0,-9999.0,-9999.0,-9999.0,size,orientation,color,0.26,-16.0,16,male,0,2706.1785744,0,26
820,-9999.0,-9999.0,-9999.0,-9999.0,-9999.0,-9999.0,-9999.0,-9999.0,-9999.0,size,orientation,color,0.26,-16.0,16,male,0,2706.1785744,0,26
821,-9999.0,-9999.0,-9999.0,-9999.0,-9999.0,-9999.0,-9999.0,-9999.0,-9999.0,size,orientation,color,0.26,-16.0,16,male,0,2706.1785744,0,26
822,-9999.0,-9999.0,-9999.0,-9999.0,-9999.0,-9999.0,-9999.0,-9999.0,-9999.0,size,orientation,color,0.26,-16.0,16,male,0,2706.1785744,0,26
823,-9999.0,-9999.0,-9999.0,-9999.0,-9999.0,-9999.0,-9999.0,-9999.0,-9999.0,size,orientation,color,0.26,-16.0,16,male,0,2706.1785744,0,26
824,-9999.0,-9999.0,-9999.0,-9999.0,-9999.0,-9999.0,-9999.0,-9999.0,-9999.0,size,orientation,color,0.26,-16.0,16,male,0,2706.1785744,0,26
825,-9999.0,-9999.0,-9999.0,-9999.0,-9999.0,-9999.0,-9999.0,-9999.0,-9999.0,size,orientation,color,0.26,-16.0,16,male,0,2706.1785744,0,26
826,-9999.0,-9999.0,-9999.0,-9999.0,-9999.0,-9999.0,-9999.0,-9999.0,-9999.0,size,orientation,color,0.26,-16.0,16,male,0,2706.1785744,0,26
827,-9999.0,-9999.0,-9999.0,-9999.0,-9999.0,-9999.0,-9999.0,-9999.0,-9999.0,size,orientation,color,0.26,-16.0,16,male,0,2706.1785744,0,26
828,-9999.0,-9999.0,-9999.0,-9999.0,-9999.0,-9999.0,-9999.0,-9999.0,-9999.0,size,orientation,color,0.26,-16.0,16,male,0,2706.1785744,0,26
829,-9999.0,-9999.0,-9999.0,-9999.0,-9999.0,-9999.0,-9999.0,-9999.0,-9999.0,size,orientation,color,0.26,-16.0,16,male,0,2706.1785744,0,26
830,-9999.0,-9999.0,-9999.0,-9999.0,-9999.0,-9999.0,-9999.0,-9999.0,-9999.0,size,orientation,color,0.26,-16.0,16,male,0,2706.1785744,0,26
831,-9999.0,-9999.0,-9999.0,-9999.0,-9999.0,-9999.0,-9999.0,-9999.0,-9999.0,size,orientation,color,0.26,-16.0,16,male,0,2706.1785744,0,26
832,-9999.0,-9999.0,-9999.0,-9999.0,-9999.0,-9999.0,-9999.0,-9999.0,-9999.0,size,orientation,color,0.26,-16.0,16,male,0,2706.1785744,0,26
833,-9999.0,-9999.0,-9999.0,-9999.0,-9999.0,-9999.0,-9999.0,-9999.0,-9999.0,size,orientation,color,0.26,-16.0,16,male,0,2706.1785744,0,26
834,-9999.0,-9999.0,-9999.0,-9999.0,-9999.0,-9999.0,-9999.0,-9999.0,-9999.0,size,orientation,color,0.26,-16.0,16,male,0,2706.1785744,0,26
835,-9999.0,-9999.0,-9999.0,-9999.0,-9999.0,-9999.0,-9999.0,-9999.0,-9999.0,size,orientation,color,0.26,-16.0,16,male,0,2706.1785744,0,26
836,-9999.0,-9999.0,-9999.0,-9999.0,-9999.0,-9999.0,-9999.0,-9999.0,-9999.0,size,orientation,color,0.26,-16.0,16,male,0,2706.1785744,0,26
837,-9999.0,-9999.0,-9999.0,-9999.0,-9999.0,-9999.0,-9999.0,-9999.0,-9999.0,size,orientation,color,0.26,-16.0,16,male,0,2706.1785744,0,26
838,-9999.0,-9999.0,-9999.0,-9999.0,-9999.0,-9999.0,-9999.0,-9999.0,-9999.0,size,orientation,color,0.26,-16.0,16,male,0,2706.1785744,0,26
839,-9999.0,-9999.0,-9999.0,-9999.0,-9999.0,-9999.0,-9999.0,-9999.0,-9999.0,size,orientation,color,0.26,-16.0,16,male,0,2706.1785744,0,26
840,-9999.0,-9999.0,-9999.0,-9999.0,-9999.0,-9999.0,-9999.0,-9999.0,-9999.0,size,orientation,color,0.26,-16.0,16,male,0,2706.1785744,0,26
841,-9999.0,-9999.0,-9999.0,-9999.0,-9999.0,-9999.0,-9999.0,-9999.0,-9999.0,size,orientation,color,0.26,-16.0,16,male,0,2706.1785744,0,26
842,-9999.0,-9999.0,-9999.0,-9999.0,-9999.0,-9999.0,-9999.0,-9999.0,-9999.0,size,orientation,color,0.26,-16.0,16,male,0,2706.1785744,0,26
843,-9999.0,-9999.0,-9999.0,-9999.0,-9999.0,-9999.0,-9999.0,-9999.0,-9999.0,size,orientation,color,0.26,-16.0,16,male,0,2706.1785744,0,26
844,-9999.0,-9999.0,-9999.0,-9999.0,-9999.0,-9999.0,-9999.0,-9999.0,-9999.0,size,orientation,color,0.26,-16.0,16,male,0,2706.1785744,0,26
845,-9999.0,-9999.0,-9999.0,-9999.0,-9999.0,-9999.0,-9999.0,-9999.0,-9999.0,size,orientation,color,0.26,-16.0,16,male,0,2706.1785744,0,26
846,-9999.0,-9999.0,-9999.0,-9999.0,-9999.0,-9999.0,-9999.0,-9999.0,-9999.0,size,orientation,color,0.26,-16.0,16,male,0,2706.1785744,0,26
847,-9999.0,-9999.0,-9999.0,-9999.0,-9999.0,-9999.0,-9999.0,-9999.0,-9999.0,size,orientation,color,0.26,-16.0,16,male,0,2706.1785744,0,26
848,-9999.0,-9999.0,-9999.0,-9999.0,-9999.0,-9999.0,-9999.0,-9999.0,-9999.0,size,orientation,color,0.26,-16.0,16,male,0,2706.1785744,0,26
849,-9999.0,-9999.0,-9999.0,-9999.0,-9999.0,-9999.0,-9999.0,-9999.0,-9999.0,size,orientation,color,0.26,-16.0,16,male,0,2706.1785744,0,26
850,-9999.0,-9999.0,-9999.0,-9999.0,-9999.0,-9999.0,-9999.0,-9999.0,-9999.0,size,orientation,color,0.26,-16.0,16,male,0,2706.1785744,0,26
851,-9999.0,-9999.0,-9999.0,-9999.0,-9999.0,-9999.0,-9999.0,-9999.0,-9999.0,size,orientation,color,0.26,-16.0,16,male,0,2706.1785744,0,26
852,-9999.0,-9999.0,-9999.0,-9999.0,-9999.0,-9999.0,-9999.0,-9999.0,-9999.0,size,orientation,color,0.26,-16.0,16,male,0,2706.1785744,0,26
853,-9999.0,-9999.0,-9999.0,-9999.0,-9999.0,-9999.0,-9999.0,-9999.0,-9999.0,size,orientation,color,0.26,-16.0,16,male,0,2706.1785744,0,26
854,-9999.0,-9999.0,-9999.0,-9999.0,-9999.0,-9999.0,-9999.0,-9999.0,-9999.0,size,orientation,color,0.26,-16.0,16,male,0,2706.1785744,0,26
855,-9999.0,-9999.0,-9999.0,-9999.0,-9999.0,-9999.0,-9999.0,-9999.0,-9999.0,size,orientation,color,0.26,-16.0,16,male,0,2706.1785744,0,26
856,-9999.0,-9999.0,-9999.0,-9999.0,-9999.0,-9999.0,-9999.0,-9999.0,-9999.0,size,orientation,color,0.26,-16.0,16,male,0,2706.1785744,0,26
857,-9999.0,-9999.0,-9999.0,-9999.0,-9999.0,-9999.0,-9999.0,-9999.0,-9999.0,size,orientation,color,0.26,-16.0,16,male,0,2706.1785744,0,26
858,-9999.0,-9999.0,-9999.0,-9999.0,-9999.0,-9999.0,-9999.0,-9999.0,-9999.0,size,orientation,color,0.26,-16.0,16,male,0,2706.1785744,0,26
859,-9999.0,-9999.0,-9999.0,-9999.0,-9999.0,-9999.0,-9999.0,-9999.0,-9999.0,size,orientation,color,0.26,-16.0,16,male,0,2706.1785744,0,26
860,-9999.0,-9999.0,-9999.0,-9999.0,-9999.0,-9999.0,-9999.0,-9999.0,-9999.0,size,orientation,color,0.26,-16.0,16,male,0,2706.1785744,0,26
861,-9999.0,-9999.0,-9999.0,-9999.0,-9999.0,-9999.0,-9999.0,-9999.0,-9999.0,size,orientation,color,0.26,-16.0,16,male,0,2706.1785744,0,26
862,-9999.0,-9999.0,-9999.0,-9999.0,-9999.0,-9999.0,-9999.0,-9999.0,-9999.0,size,orientation,color,0.26,-16.0,16,male,0,2706.1785744,0,26
863,-9999.0,-9999.0,-9999.0,-9999.0,-9999.0,-9999.0,-9999.0,-9999.0,-9999.0,size,orientation,color,0.26,-16.0,16,male,0,2706.1785744,0,26
864,-9999.0,-9999.0,-9999.0,-9999.0,-9999.0,-9999.0,-9999.0,-9999.0,-9999.0,size,orientation,color,0.26,-16.0,16,male,0,2706.1785744,0,26
865,-9999.0,-9999.0,-9999.0,-9999.0,-9999.0,-9999.0,-9999.0,-9999.0,-9999.0,size,orientation,color,0.26,-16.0,16,male,0,2706.1785744,0,26
866,-9999.0,-9999.0,-9999.0,-9999.0,-9999.0,-9999.0,-9999.0,-9999.0,-9999.0,size,orientation,color,0.26,-16.0,16,male,0,2706.1785744,0,26
867,-9999.0,-9999.0,-9999.0,-9999.0,-9999.0,-9999.0,-9999.0,-9999.0,-9999.0,size,orientation,color,0.26,-16.0,16,male,0,2706.1785744,0,26
868,-9999.0,-9999.0,-9999.0,-9999.0,-9999.0,-9999.0,-9999.0,-9999.0,-9999.0,size,orientation,color,0.26,-16.0,16,male,0,2706.1785744,0,26
869,-9999.0,-9999.0,-9999.0,-9999.0,-9999.0,-9999.0,-9999.0,-9999.0,-9999.0,size,orientation,color,0.26,-16.0,16,male,0,2706.1785744,0,26
870,-9999.0,-9999.0,-9999.0,-9999.0,-9999.0,-9999.0,-9999.0,-9999.0,-9999.0,size,orientation,color,0.26,-16.0,16,male,0,2706.1785744,0,26
871,-9999.0,-9999.0,-9999.0,-9999.0,-9999.0,-9999.0,-9999.0,-9999.0,-9999.0,size,orientation,color,0.26,-16.0,16,male,0,2706.1785744,0,26
872,-9999.0,-9999.0,-9999.0,-9999.0,-9999.0,-9999.0,-9999.0,-9999.0,-9999.0,size,orientation,color,0.26,-16.0,16,male,0,2706.1785744,0,26
873,-9999.0,-9999.0,-9999.0,-9999.0,-9999.0,-9999.0,-9999.0,-9999.0,-9999.0,size,orientation,color,0.26,-16.0,16,male,0,2706.1785744,0,26
874,-9999.0,-9999.0,-9999.0,-9999.0,-9999.0,-9999.0,-9999.0,-9999.0,-9999.0,size,orientation,color,0.26,-16.0,16,male,0,2706.1785744,0,26
875,-9999.0,-9999.0,-9999.0,-9999.0,-9999.0,-9999.0,-9999.0,-9999.0,-9999.0,size,orientation,color,0.26,-16.0,16,male,0,2706.1785744,0,26
876,-9999.0,-9999.0,-9999.0,-9999.0,-9999.0,-9999.0,-9999.0,-9999.0,-9999.0,size,orientation,color,0.26,-16.0,16,male,0,2706.1785744,0,26
877,-9999.0,-9999.0,-9999.0,-9999.0,-9999.0,-9999.0,-9999.0,-9999.0,-9999.0,size,orientation,color,0.26,-16.0,16,male,0,2706.1785744,0,26
878,-9999.0,-9999.0,-9999.0,-9999.0,-9999.0,-9999.0,-9999.0,-9999.0,-9999.0,size,orientation,color,0.26,-16.0,16,male,0,2706.1785744,0,26
879,-9999.0,-9999.0,-9999.0,-9999.0,-9999.0,-9999.0,-9999.0,-9999.0,-9999.0,size,orientation,color,0.26,-16.0,16,male,0,2706.1785744,0,26
880,-9999.0,-9999.0,-9999.0,-9999.0,-9999.0,-9999.0,-9999.0,-9999.0,-9999.0,size,orientation,color,0.26,-16.0,16,male,0,2706.1785744,0,26
881,-9999.0,-9999.0,-9999.0,-9999.0,-9999.0,-9999.0,-9999.0,-9999.0,-9999.0,size,orientation,color,0.26,-16.0,16,male,0,2706.1785744,0,26
882,-9999.0,-9999.0,-9999.0,-9999.0,-9999.0,-9999.0,-9999.0,-9999.0,-9999.0,size,orientation,color,0.26,-16.0,16,male,0,2706.1785744,0,26
883,-9999.0,-9999.0,-9999.0,-9999.0,-9999.0,-9999.0,-9999.0,-9999.0,-9999.0,size,orientation,color,0.26,-16.0,16,male,0,2706.1785744,0,26
884,-9999.0,-9999.0,-9999.0,-9999.0,-9999.0,-9999.0,-9999.0,-9999.0,-9999.0,size,orientation,color,0.26,-16.0,16,male,0,2706.1785744,0,26
885,-9999.0,-9999.0,-9999.0,-9999.0,-9999.0,-9999.0,-9999.0,-9999.0,-9999.0,size,orientation,color,0.26,-16.0,16,male,0,2706.1785744,0,26
886,-9999.0,-9999.0,-9999.0,-9999.0,-9999.0,-9999.0,-9999.0,-9999.0,-9999.0,size,orientation,color,0.26,-16.0,16,male,0,2706.1785744,0,26
887,-9999.0,-9999.0,-9999.0,-9999.0,-9999.0,-9999.0,-9999.0,-9999.0,-9999.0,size,orientation,color,0.26,-16.0,16,male,0,2706.1785744,0,26
888,-9999.0,-9999.0,-9999.0,-9999.0,-9999.0,-9999.0,-9999.0,-9999.0,-9999.0,size,orientation,color,0.26,-16.0,16,male,0,2706.1785744,0,26
889,-9999.0,-9999.0,-9999.0,-9999.0,-9999.0,-9999.0,-9999.0,-9999.0,-9999.0,size,orientation,color,0.26,-16.0,16,male,0,2706.1785744,0,26
890,-9999.0,-9999.0,-9999.0,-9999.0,-9999.0,-9999.0,-9999.0,-9999.0,-9999.0,size,orientation,color,0.26,-16.0,16,male,0,2706.1785744,0,26
891,-9999.0,-9999.0,-9999.0,-9999.0,-9999.0,-9999.0,-9999.0,-9999.0,-9999.0,size,orientation,color,0.26,-16.0,16,male,0,2706.1785744,0,26
892,-9999.0,-9999.0,-9999.0,-9999.0,-9999.0,-9999.0,-9999.0,-9999.0,-9999.0,size,orientation,color,0.26,-16.0,16,male,0,2706.1785744,0,26
893,-9999.0,-9999.0,-9999.0,-9999.0,-9999.0,-9999.0,-9999.0,-9999.0,-9999.0,size,orientation,color,0.26,-16.0,16,male,0,2706.1785744,0,26
894,-9999.0,-9999.0,-9999.0,-9999.0,-9999.0,-9999.0,-9999.0,-9999.0,-9999.0,size,orientation,color,0.26,-16.0,16,male,0,2706.1785744,0,26
895,-9999.0,-9999.0,-9999.0,-9999.0,-9999.0,-9999.0,-9999.0,-9999.0,-9999.0,size,orientation,color,0.26,-16.0,16,male,0,2706.1785744,0,26
896,-9999.0,-9999.0,-9999.0,-9999.0,-9999.0,-9999.0,-9999.0,-9999.0,-9999.0,size,orientation,color,0.26,-16.0,16,male,0,2706.1785744,0,26
897,-9999.0,-9999.0,-9999.0,-9999.0,-9999.0,-9999.0,-9999.0,-9999.0,-9999.0,size,orientation,color,0.26,-16.0,16,male,0,2706.1785744,0,26
898,-9999.0,-9999.0,-9999.0,-9999.0,-9999.0,-9999.0,-9999.0,-9999.0,-9999.0,size,orientation,color,0.26,-16.0,16,male,0,2706.1785744,0,26
899,-9999.0,-9999.0,-9999.0,-9999.0,-9999.0,-9999.0,-9999.0,-9999.0,-9999.0,size,orientation,color,0.26,-16.0,16,male,0,2706.1785744,0,26
900,-9999.0,-9999.0,-9999.0,-9999.0,-9999.0,-9999.0,-9999.0,-9999.0,-9999.0,size,orientation,color,0.26,-16.0,16,male,0,2706.1785744,0,26
901,-9999.0,-9999.0,-9999.0,-9999.0,-9999.0,-9999.0,-9999.0,-9999.0,-9999.0,size,orientation,color,0.26,-16.0,16,male,0,2706.1785744,0,26
902,-9999.0,-9999.0,-9999.0,-9999.0,-9999.0,-9999.0,-9999.0,-9999.0,-9999.0,size,orientation,color,0.26,-16.0,16,male,0,2706.1785744,0,26
903,-9999.0,-9999.0,-9999.0,-9999.0,-9999.0,-9999.0,-9999.0,-9999.0,-9999.0,size,orientation,color,0.26,-16.0,16,male,0,2706.1785744,0,26
904,-9999.0,-9999.0,-9999.0,-9999.0,-9999.0,-9999.0,-9999.0,-9999.0,-9999.0,size,orientation,color,0.26,-16.0,16,male,0,2706.1785744,0,26
905,-9999.0,-9999.0,-9999.0,-9999.0,-9999.0,-9999.0,-9999.0,-9999.0,-9999.0,size,orientation,color,0.26,-16.0,16,male,0,2706.1785744,0,26
906,-9999.0,-9999.0,-9999.0,-9999.0,-9999.0,-9999.0,-9999.0,-9999.0,-9999.0,size,orientation,color,0.26,-16.0,16,male,0,2706.1785744,0,26
907,-9999.0,-9999.0,-9999.0,-9999.0,-9999.0,-9999.0,-9999.0,-9999.0,-9999.0,size,orientation,color,0.26,-16.0,16,male,0,2706.1785744,0,26
908,-9999.0,-9999.0,-9999.0,-9999.0,-9999.0,-9999.0,-9999.0,-9999.0,-9999.0,size,orientation,color,0.26,-16.0,16,male,0,2706.1785744,0,26
909,-9999.0,-9999.0,-9999.0,-9999.0,-9999.0,-9999.0,-9999.0,-9999.0,-9999.0,size,orientation,color,0.26,-16.0,16,male,0,2706.1785744,0,26
910,-9999.0,-9999.0,-9999.0,-9999.0,-9999.0,-9999.0,-9999.0,-9999.0,-9999.0,size,orientation,color,0.26,-16.0,16,male,0,2706.1785744,0,26
911,-9999.0,-9999.0,-9999.0,-9999.0,-9999.0,-9999.0,-9999.0,-9999.0,-9999.0,size,orientation,color,0.26,-16.0,16,male,0,2706.1785744,0,26
912,-9999.0,-9999.0,-9999.0,-9999.0,-9999.0,-9999.0,-9999.0,-9999.0,-9999.0,size,orientation,color,0.26,-16.0,16,male,0,2706.1785744,0,26
913,-9999.0,-9999.0,-9999.0,-9999.0,-9999.0,-9999.0,-9999.0,-9999.0,-9999.0,size,orientation,color,0.26,-16.0,16,male,0,2706.1785744,0,26
914,-9999.0,-9999.0,-9999.0,-9999.0,-9999.0,-9999.0,-9999.0,-9999.0,-9999.0,size,orientation,color,0.26,-16.0,16,male,0,2706.1785744,0,26
915,-9999.0,-9999.0,-9999.0,-9999.0,-9999.0,-9999.0,-9999.0,-9999.0,-9999.0,size,orientation,color,0.26,-16.0,16,male,0,2706.1785744,0,26
916,-9999.0,-9999.0,-9999.0,-9999.0,-9999.0,-9999.0,-9999.0,-9999.0,-9999.0,size,orientation,color,0.26,-16.0,16,male,0,2706.1785744,0,26
917,-9999.0,-9999.0,-9999.0,-9999.0,-9999.0,-9999.0,-9999.0,-9999.0,-9999.0,size,orientation,color,0.26,-16.0,16,male,0,2706.1785744,0,26
918,-9999.0,-9999.0,-9999.0,-9999.0,-9999.0,-9999.0,-9999.0,-9999.0,-9999.0,size,orientation,color,0.26,-16.0,16,male,0,2706.1785744,0,26
919,-9999.0,-9999.0,-9999.0,-9999.0,-9999.0,-9999.0,-9999.0,-9999.0,-9999.0,size,orientation,color,0.26,-16.0,16,male,0,2706.1785744,0,26
920,-9999.0,-9999.0,-9999.0,-9999.0,-9999.0,-9999.0,-9999.0,-9999.0,-9999.0,size,orientation,color,0.26,-16.0,16,male,0,2706.1785744,0,26
921,-9999.0,-9999.0,-9999.0,-9999.0,-9999.0,-9999.0,-9999.0,-9999.0,-9999.0,size,orientation,color,0.26,-16.0,16,male,0,2706.1785744,0,26
922,-9999.0,-9999.0,-9999.0,-9999.0,-9999.0,-9999.0,-9999.0,-9999.0,-9999.0,size,orientation,color,0.26,-16.0,16,male,0,2706.1785744,0,26
923,-9999.0,-9999.0,-9999.0,-9999.0,-9999.0,-9999.0,-9999.0,-9999.0,-9999.0,size,orientation,color,0.26,-16.0,16,male,0,2706.1785744,0,26
924,-9999.0,-9999.0,-9999.0,-9999.0,-9999.0,-9999.0,-9999.0,-9999.0,-9999.0,size,orientation,color,0.26,-16.0,16,male,0,2706.1785744,0,26
925,-9999.0,-9999.0,-9999.0,-9999.0,-9999.0,-9999.0,-9999.0,-9999.0,-9999.0,size,orientation,color,0.26,-16.0,16,male,0,2706.1785744,0,26
926,-9999.0,-9999.0,-9999.0,-9999.0,-9999.0,-9999.0,-9999.0,-9999.0,-9999.0,size,orientation,color,0.26,-16.0,16,male,0,2706.1785744,0,26
927,-9999.0,-9999.0,-9999.0,-9999.0,-9999.0,-9999.0,-9999.0,-9999.0,-9999.0,size,orientation,color,0.26,-16.0,16,male,0,2706.1785744,0,26
928,-9999.0,-9999.0,-9999.0,-9999.0,-9999.0,-9999.0,-9999.0,-9999.0,-9999.0,size,orientation,color,0.26,-16.0,16,male,0,2706.1785744,0,26
929,-9999.0,-9999.0,-9999.0,-9999.0,-9999.0,-9999.0,-9999.0,-9999.0,-9999.0,size,orientation,color,0.26,-16.0,16,male,0,2706.1785744,0,26
930,-9999.0,-9999.0,-9999.0,-9999.0,-9999.0,-9999.0,-9999.0,-9999.0,-9999.0,size,orientation,color,0.26,-16.0,16,male,0,2706.1785744,0,26
931,-9999.0,-9999.0,-9999.0,-9999.0,-9999.0,-9999.0,-9999.0,-9999.0,-9999.0,size,orientation,color,0.26,-16.0,16,male,0,2706.1785744,0,26
932,-9999.0,-9999.0,-9999.0,-9999.0,-9999.0,-9999.0,-9999.0,-9999.0,-9999.0,size,orientation,color,0.26,-16.0,16,male,0,2706.1785744,0,26
933,-9999.0,-9999.0,-9999.0,-9999.0,-9999.0,-9999.0,-9999.0,-9999.0,-9999.0,size,orientation,color,0.26,-16.0,16,male,0,2706.1785744,0,26
934,-9999.0,-9999.0,-9999.0,-9999.0,-9999.0,-9999.0,-9999.0,-9999.0,-9999.0,size,orientation,color,0.26,-16.0,16,male,0,2706.1785744,0,26
935,-9999.0,-9999.0,-9999.0,-9999.0,-9999.0,-9999.0,-9999.0,-9999.0,-9999.0,size,orientation,color,0.26,-16.0,16,male,0,2706.1785744,0,26
936,-9999.0,-9999.0,-9999.0,-9999.0,-9999.0,-9999.0,-9999.0,-9999.0,-9999.0,size,orientation,color,0.26,-16.0,16,male,0,2706.1785744,0,26
937,-9999.0,-9999.0,-9999.0,-9999.0,-9999.0,-9999.0,-9999.0,-9999.0,-9999.0,size,orientation,color,0.26,-16.0,16,male,0,2706.1785744,0,26
938,-9999.0,-9999.0,-9999.0,-9999.0,-9999.0,-9999.0,-9999.0,-9999.0,-9999.0,size,orientation,color,0.26,-16.0,16,male,0,2706.1785744,0,26
939,-9999.0,-9999.0,-9999.0,-9999.0,-9999.0,-9999.0,-9999.0,-9999.0,-9999.0,size,orientation,color,0.26,-16.0,16,male,0,2706.1785744,0,26
940,-9999.0,-9999.0,-9999.0,-9999.0,-9999.0,-9999.0,-9999.0,-9999.0,-9999.0,size,orientation,color,0.26,-16.0,16,male,0,2706.1785744,0,26
941,-9999.0,-9999.0,-9999.0,-9999.0,-9999.0,-9999.0,-9999.0,-9999.0,-9999.0,size,orientation,color,0.26,-16.0,16,male,0,2706.1785744,0,26
942,-9999.0,-9999.0,-9999.0,-9999.0,-9999.0,-9999.0,-9999.0,-9999.0,-9999.0,size,orientation,color,0.26,-16.0,16,male,0,2706.1785744,0,26
943,-9999.0,-9999.0,-9999.0,-9999.0,-9999.0,-9999.0,-9999.0,-9999.0,-9999.0,size,orientation,color,0.26,-16.0,16,male,0,2706.1785744,0,26
944,-9999.0,-9999.0,-9999.0,-9999.0,-9999.0,-9999.0,-9999.0,-9999.0,-9999.0,size,orientation,color,0.26,-16.0,16,male,0,2706.1785744,0,26
945,-9999.0,-9999.0,-9999.0,-9999.0,-9999.0,-9999.0,-9999.0,-9999.0,-9999.0,size,orientation,color,0.26,-16.0,16,male,0,2706.1785744,0,26
946,-9999.0,-9999.0,-9999.0,-9999.0,-9999.0,-9999.0,-9999.0,-9999.0,-9999.0,size,orientation,color,0.26,-16.0,16,male,0,2706.1785744,0,26
947,-9999.0,-9999.0,-9999.0,-9999.0,-9999.0,-9999.0,-9999.0,-9999.0,-9999.0,size,orientation,color,0.26,-16.0,16,male,0,2706.1785744,0,26
948,-9999.0,-9999.0,-9999.0,-9999.0,-9999.0,-9999.0,-9999.0,-9999.0,-9999.0,size,orientation,color,0.26,-16.0,16,male,0,2706.1785744,0,26
949,-9999.0,-9999.0,-9999.0,-9999.0,-9999.0,-9999.0,-9999.0,-9999.0,-9999.0,size,orientation,color,0.26,-16.0,16,male,0,2706.1785744,0,26
950,-9999.0,-9999.0,-9999.0,-9999.0,-9999.0,-9999.0,-9999.0,-9999.0,-9999.0,size,orientation,color,0.26,-16.0,16,male,0,2706.1785744,0,26
951,-9999.0,-9999.0,-9999.0,-9999.0,-9999.0,-9999.0,-9999.0,-9999.0,-9999.0,size,orientation,color,0.26,-16.0,16,male,0,2706.1785744,0,26
952,-9999.0,-9999.0,-9999.0,-9999.0,-9999.0,-9999.0,-9999.0,-9999.0,-9999.0,size,orientation,color,0.26,-16.0,16,male,0,2706.1785744,0,26
953,-9999.0,-9999.0,-9999.0,-9999.0,-9999.0,-9999.0,-9999.0,-9999.0,-9999.0,size,orientation,color,0.26,-16.0,16,male,0,2706.1785744,0,26
954,-9999.0,-9999.0,-9999.0,-9999.0,-9999.0,-9999.0,-9999.0,-9999.0,-9999.0,size,orientation,color,0.26,-16.0,16,male,0,2706.1785744,0,26
955,-9999.0,-9999.0,-9999.0,-9999.0,-9999.0,-9999.0,-9999.0,-9999.0,-9999.0,size,orientation,color,0.26,-16.0,16,male,0,2706.1785744,0,26
956,-9999.0,-9999.0,-9999.0,-9999.0,-9999.0,-9999.0,-9999.0,-9999.0,-9999.0,size,orientation,color,0.26,-16.0,16,male,0,2706.1785744,0,26
957,-9999.0,-9999.0,-9999.0,-9999.0,-9999.0,-9999.0,-9999.0,-9999.0,-9999.0,size,orientation,color,0.26,-16.0,16,male,0,2706.1785744,0,26
958,-9999.0,-9999.0,-9999.0,-9999.0,-9999.0,-9999.0,-9999.0,-9999.0,-9999.0,size,orientation,color,0.26,-16.0,16,male,0,2706.1785744,0,26
959,-9999.0,-9999.0,-9999.0,-9999.0,-9999.0,-9999.0,-9999.0,-9999.0,-9999.0,size,orientation,color,0.26,-16.0,16,male,0,2706.1785744,0,26
960,-9999.0,-9999.0,-9999.0,-9999.0,-9999.0,-9999.0,-9999.0,-9999.0,-9999.0,size,orientation,color,0.26,-16.0,16,male,0,2706.1785744,0,26
961,-9999.0,-9999.0,-9999.0,-9999.0,-9999.0,-9999.0,-9999.0,-9999.0,-9999.0,size,orientation,color,0.26,-16.0,16,male,0,2706.1785744,0,26
962,-9999.0,-9999.0,-9999.0,-9999.0,-9999.0,-9999.0,-9999.0,-9999.0,-9999.0,size,orientation,color,0.26,-16.0,16,male,0,2706.1785744,0,26
963,-9999.0,-9999.0,-9999.0,-9999.0,-9999.0,-9999.0,-9999.0,-9999.0,-9999.0,size,orientation,color,0.26,-16.0,16,male,0,2706.1785744,0,26
964,-9999.0,-9999.0,-9999.0,-9999.0,-9999.0,-9999.0,-9999.0,-9999.0,-9999.0,size,orientation,color,0.26,-16.0,16,male,0,2706.1785744,0,26
965,-9999.0,-9999.0,-9999.0,-9999.0,-9999.0,-9999.0,-9999.0,-9999.0,-9999.0,size,orientation,color,0.26,-16.0,16,male,0,2706.1785744,0,26
966,-9999.0,-9999.0,-9999.0,-9999.0,-9999.0,-9999.0,-9999.0,-9999.0,-9999.0,size,orientation,color,0.26,-16.0,16,male,0,2706.1785744,0,26
967,-9999.0,-9999.0,-9999.0,-9999.0,-9999.0,-9999.0,-9999.0,-9999.0,-9999.0,size,orientation,color,0.26,-16.0,16,male,0,2706.1785744,0,26
968,-9999.0,-9999.0,-9999.0,-9999.0,-9999.0,-9999.0,-9999.0,-9999.0,-9999.0,size,orientation,color,0.26,-16.0,16,male,0,2706.1785744,0,26
969,-9999.0,-9999.0,-9999.0,-9999.0,-9999.0,-9999.0,-9999.0,-9999.0,-9999.0,size,orientation,color,0.26,-16.0,16,male,0,2706.1785744,0,26
970,-9999.0,-9999.0,-9999.0,-9999.0,-9999.0,-9999.0,-9999.0,-9999.0,-9999.0,size,orientation,color,0.26,-16.0,16,male,0,2706.1785744,0,26
971,-9999.0,-9999.0,-9999.0,-9999.0,-9999.0,-9999.0,-9999.0,-9999.0,-9999.0,size,orientation,color,0.26,-16.0,16,male,0,2706.1785744,0,26
972,-9999.0,-9999.0,-9999.0,-9999.0,-9999.0,-9999.0,-9999.0,-9999.0,-9999.0,size,orientation,color,0.26,-16.0,16,male,0,2706.1785744,0,26
973,-9999.0,-9999.0,-9999.0,-9999.0,-9999.0,-9999.0,-9999.0,-9999.0,-9999.0,size,orientation,color,0.26,-16.0,16,male,0,2706.1785744,0,26
974,-9999.0,-9999.0,-9999.0,-9999.0,-9999.0,-9999.0,-9999.0,-9999.0,-9999.0,size,orientation,color,0.26,-16.0,16,male,0,2706.1785744,0,26
975,-9999.0,-9999.0,-9999.0,-9999.0,-9999.0,-9999.0,-9999.0,-9999.0,-9999.0,size,orientation,color,0.26,-16.0,16,male,0,2706.1785744,0,26
976,-9999.0,-9999.0,-9999.0,-9999.0,-9999.0,-9999.0,-9999.0,-9999.0,-9999.0,size,orientation,color,0.26,-16.0,16,male,0,2706.1785744,0,26
977,-9999.0,-9999.0,-9999.0,-9999.0,-9999.0,-9999.0,-9999.0,-9999.0,-9999.0,size,orientation,color,0.26,-16.0,16,male,0,2706.1785744,0,26
978,-9999.0,-9999.0,-9999.0,-9999.0,-9999.0,-9999.0,-9999.0,-9999.0,-9999.0,size,orientation,color,0.26,-16.0,16,male,0,2706.1785744,0,26
979,-9999.0,-9999.0,-9999.0,-9999.0,-9999.0,-9999.0,-9999.0,-9999.0,-9999.0,size,orientation,color,0.26,-16.0,16,male,0,2706.1785744,0,26
980,-9999.0,-9999.0,-9999.0,-9999.0,-9999.0,-9999.0,-9999.0,-9999.0,-9999.0,size,orientation,color,0.26,-16.0,16,male,0,2706.1785744,0,26
981,-9999.0,-9999.0,-9999.0,-9999.0,-9999.0,-9999.0,-9999.0,-9999.0,-9999.0,size,orientation,color,0.26,-16.0,16,male,0,2706.1785744,0,26
982,-9999.0,-9999.0,-9999.0,-9999.0,-9999.0,-9999.0,-9999.0,-9999.0,-9999.0,size,orientation,color,0.26,-16.0,16,male,0,2706.1785744,0,26
983,-9999.0,-9999.0,-9999.0,-9999.0,-9999.0,-9999.0,-9999.0,-9999.0,-9999.0,size,orientation,color,0.26,-16.0,16,male,0,2706.1785744,0,26
984,-9999.0,-9999.0,-9999.0,-9999.0,-9999.0,-9999.0,-9999.0,-9999.0,-9999.0,size,orientation,color,0.26,-16.0,16,male,0,2706.1785744,0,26
985,-9999.0,-9999.0,-9999.0,-9999.0,-9999.0,-9999.0,-9999.0,-9999.0,-9999.0,size,orientation,color,0.26,-16.0,16,male,0,2706.1785744,0,26
986,-9999.0,-9999.0,-9999.0,-9999.0,-9999.0,-9999.0,-9999.0,-9999.0,-9999.0,size,orientation,color,0.26,-16.0,16,male,0,2706.1785744,0,26
987,-9999.0,-9999.0,-9999.0,-9999.0,-9999.0,-9999.0,-9999.0,-9999.0,-9999.0,size,orientation,color,0.26,-16.0,16,male,0,2706.1785744,0,26
988,-9999.0,-9999.0,-9999.0,-9999.0,-9999.0,-9999.0,-9999.0,-9999.0,-9999.0,size,orientation,color,0.26,-16.0,16,male,0,2706.1785744,0,26
989,-9999.0,-9999.0,-9999.0,-9999.0,-9999.0,-9999.0,-9999.0,-9999.0,-9999.0,size,orientation,color,0.26,-16.0,16,male,0,2706.1785744,0,26
990,-9999.0,-9999.0,-9999.0,-9999.0,-9999.0,-9999.0,-9999.0,-9999.0,-9999.0,size,orientation,color,0.26,-16.0,16,male,0,2706.1785744,0,26
991,-9999.0,-9999.0,-9999.0,-9999.0,-9999.0,-9999.0,-9999.0,-9999.0,-9999.0,size,orientation,color,0.26,-16.0,16,male,0,2706.1785744,0,26
992,-9999.0,-9999.0,-9999.0,-9999.0,-9999.0,-9999.0,-9999.0,-9999.0,-9999.0,size,orientation,color,0.26,-16.0,16,male,0,2706.1785744,0,26
993,-9999.0,-9999.0,-9999.0,-9999.0,-9999.0,-9999.0,-9999.0,-9999.0,-9999.0,size,orientation,color,0.26,-16.0,16,male,0,2706.1785744,0,26
994,-9999.0,-9999.0,-9999.0,-9999.0,-9999.0,-9999.0,-9999.0,-9999.0,-9999.0,size,orientation,color,0.26,-16.0,16,male,0,2706.1785744,0,26
995,-9999.0,-9999.0,-9999.0,-9999.0,-9999.0,-9999.0,-9999.0,-9999.0,-9999.0,size,orientation,color,0.26,-16.0,16,male,0,2706.1785744,0,26
996,-9999.0,-9999.0,-9999.0,-9999.0,-9999.0,-9999.0,-9999.0,-9999.0,-9999.0,size,orientation,color,0.26,-16.0,16,male,0,2706.1785744,0,26
997,-9999.0,-9999.0,-9999.0,-9999.0,-9999.0,-9999.0,-9999.0,-9999.0,-9999.0,size,orientation,color,0.26,-16.0,16,male,0,2706.1785744,0,26
998,-9999.0,-9999.0,-9999.0,-9999.0,-9999.0,-9999.0,-9999.0,-9999.0,-9999.0,size,orientation,color,0.26,-16.0,16,male,0,2706.1785744,0,26
999,-9999.0,-9999.0,-9999.0,-9999.0,-9999.0,-9999.0,-9999.0,-9999.0,-9999.0,size,orientation,color,0.26,-16.0,16,male,0,2706.1785744,0,26
1000,-9999.0,-9999.0,-9999.0,-9999.0,-9999.0,-9999.0,-9999.0,-9999.0,-9999.0,size,orientation,color,0.26,-16.0,16,male,0,2706.1785744,0,26
1001,-9999.0,-9999.0,-9999.0,-9999.0,-9999.0,-9999.0,-9999.0,-9999.0,-9999.0,size,orientation,color,0.26,-16.0,16,male,0,2706.1785744,0,26
1002,-9999.0,-9999.0,-9999.0,-9999.0,-9999.0,-9999.0,-9999.0,-9999.0,-9999.0,size,orientation,color,0.26,-16.0,16,male,0,2706.1785744,0,26
1003,-9999.0,-9999.0,-9999.0,-9999.0,-9999.0,-9999.0,-9999.0,-9999.0,-9999.0,size,orientation,color,0.26,-16.0,16,male,0,2706.1785744,0,26
1004,-9999.0,-9999.0,-9999.0,-9999.0,-9999.0,-9999.0,-9999.0,-9999.0,-9999.0,size,orientation,color,0.26,-16.0,16,male,0,2706.1785744,0,26
1005,-9999.0,-9999.0,-9999.0,-9999.0,-9999.0,-9999.0,-9999.0,-9999.0,-9999.0,size,orientation,color,0.26,-16.0,16,male,0,2706.1785744,0,26
1006,-9999.0,-9999.0,-9999.0,-9999.0,-9999.0,-9999.0,-9999.0,-9999.0,-9999.0,size,orientation,color,0.26,-16.0,16,male,0,2706.1785744,0,26
1007,-9999.0,-9999.0,-9999.0,-9999.0,-9999.0,-9999.0,-9999.0,-9999.0,-9999.0,size,orientation,color,0.26,-16.0,16,male,0,2706.1785744,0,26
1008,-9999.0,-9999.0,-9999.0,-9999.0,-9999.0,-9999.0,-9999.0,-9999.0,-9999.0,size,orientation,color,0.26,-16.0,16,male,0,2706.1785744,0,26
1009,-9999.0,-9999.0,-9999.0,-9999.0,-9999.0,-9999.0,-9999.0,-9999.0,-9999.0,size,orientation,color,0.26,-16.0,16,male,0,2706.1785744,0,26
1010,-9999.0,-9999.0,-9999.0,-9999.0,-9999.0,-9999.0,-9999.0,-9999.0,-9999.0,size,orientation,color,0.26,-16.0,16,male,0,2706.1785744,0,26
1011,-9999.0,-9999.0,-9999.0,-9999.0,-9999.0,-9999.0,-9999.0,-9999.0,-9999.0,size,orientation,color,0.26,-16.0,16,male,0,2706.1785744,0,26
1012,-9999.0,-9999.0,-9999.0,-9999.0,-9999.0,-9999.0,-9999.0,-9999.0,-9999.0,size,orientation,color,0.26,-16.0,16,male,0,2706.1785744,0,26
1013,-9999.0,-9999.0,-9999.0,-9999.0,-9999.0,-9999.0,-9999.0,-9999.0,-9999.0,size,orientation,color,0.26,-16.0,16,male,0,2706.1785744,0,26
1014,-9999.0,-9999.0,-9999.0,-9999.0,-9999.0,-9999.0,-9999.0,-9999.0,-9999.0,size,orientation,color,0.26,-16.0,16,male,0,2706.1785744,0,26
1015,-9999.0,-9999.0,-9999.0,-9999.0,-9999.0,-9999.0,-9999.0,-9999.0,-9999.0,size,orientation,color,0.26,-16.0,16,male,0,2706.1785744,0,26
1016,-9999.0,-9999.0,-9999.0,-9999.0,-9999.0,-9999.0,-9999.0,-9999.0,-9999.0,size,orientation,color,0.26,-16.0,16,male,0,2706.1785744,0,26
1017,-9999.0,-9999.0,-9999.0,-9999.0,-9999.0,-9999.0,-9999.0,-9999.0,-9999.0,size,orientation,color,0.26,-16.0,16,male,0,2706.1785744,0,26
1018,-9999.0,-9999.0,-9999.0,-9999.0,-9999.0,-9999.0,-9999.0,-9999.0,-9999.0,size,orientation,color,0.26,-16.0,16,male,0,2706.1785744,0,26
1019,-9999.0,-9999.0,-9999.0,-9999.0,-9999.0,-9999.0,-9999.0,-9999.0,-9999.0,size,orientation,color,0.26,-16.0,16,male,0,2706.1785744,0,26
1020,-9999.0,-9999.0,-9999.0,-9999.0,-9999.0,-9999.0,-9999.0,-9999.0,-9999.0,size,orientation,color,0.26,-16.0,16,male,0,2706.1785744,0,26
1021,-9999.0,-9999.0,-9999.0,-9999.0,-9999.0,-9999.0,-9999.0,-9999.0,-9999.0,size,orientation,color,0.26,-16.0,16,male,0,2706.1785744,0,26
1022,-9999.0,-9999.0,-9999.0,-9999.0,-9999.0,-9999.0,-9999.0,-9999.0,-9999.0,size,orientation,color,0.26,-16.0,16,male,0,2706.1785744,0,26
1023,-9999.0,-9999.0,-9999.0,-9999.0,-9999.0,-9999.0,-9999.0,-9999.0,-9999.0,size,orientation,color,0.26,-16.0,16,male,0,2706.1785744,0,26
1024,-9999.0,-9999.0,-9999.0,-9999.0,-9999.0,-9999.0,-9999.0,-9999.0,-9999.0,size,orientation,color,0.26,-16.0,16,male,0,2706.1785744,0,26
1025,-9999.0,-9999.0,-9999.0,-9999.0,-9999.0,-9999.0,-9999.0,-9999.0,-9999.0,size,orientation,color,0.26,-16.0,16,male,0,2706.1785744,0,26
1026,-9999.0,-9999.0,-9999.0,-9999.0,-9999.0,-9999.0,-9999.0,-9999.0,-9999.0,size,orientation,color,0.26,-16.0,16,male,0,2706.1785744,0,26
1027,-9999.0,-9999.0,-9999.0,-9999.0,-9999.0,-9999.0,-9999.0,-9999.0,-9999.0,size,orientation,color,0.26,-16.0,16,male,0,2706.1785744,0,26
1028,-9999.0,-9999.0,-9999.0,-9999.0,-9999.0,-9999.0,-9999.0,-9999.0,-9999.0,size,orientation,color,0.26,-16.0,16,male,0,2706.1785744,0,26
1029,-9999.0,-9999.0,-9999.0,-9999.0,-9999.0,-9999.0,-9999.0,-9999.0,-9999.0,size,orientation,color,0.26,-16.0,16,male,0,2706.1785744,0,26
1030,-9999.0,-9999.0,-9999.0,-9999.0,-9999.0,-9999.0,-9999.0,-9999.0,-9999.0,size,orientation,color,0.26,-16.0,16,male,0,2706.1785744,0,26
1031,-9999.0,-9999.0,-9999.0,-9999.0,-9999.0,-9999.0,-9999.0,-9999.0,-9999.0,size,orientation,color,0.26,-16.0,16,male,0,2706.1785744,0,26
1032,-9999.0,-9999.0,-9999.0,-9999.0,-9999.0,-9999.0,-9999.0,-9999.0,-9999.0,size,orientation,color,0.26,-16.0,16,male,0,2706.1785744,0,26
1033,-9999.0,-9999.0,-9999.0,-9999.0,-9999.0,-9999.0,-9999.0,-9999.0,-9999.0,size,orientation,color,0.26,-16.0,16,male,0,2706.1785744,0,26
1034,-9999.0,-9999.0,-9999.0,-9999.0,-9999.0,-9999.0,-9999.0,-9999.0,-9999.0,size,orientation,color,0.26,-16.0,16,male,0,2706.1785744,0,26
1035,-9999.0,-9999.0,-9999.0,-9999.0,-9999.0,-9999.0,-9999.0,-9999.0,-9999.0,size,orientation,color,0.26,-16.0,16,male,0,2706.1785744,0,26
1036,-9999.0,-9999.0,-9999.0,-9999.0,-9999.0,-9999.0,-9999.0,-9999.0,-9999.0,size,orientation,color,0.26,-16.0,16,male,0,2706.1785744,0,26
1037,-9999.0,-9999.0,-9999.0,-9999.0,-9999.0,-9999.0,-9999.0,-9999.0,-9999.0,size,orientation,color,0.26,-16.0,16,male,0,2706.1785744,0,26
1038,-9999.0,-9999.0,-9999.0,-9999.0,-9999.0,-9999.0,-9999.0,-9999.0,-9999.0,size,orientation,color,0.26,-16.0,16,male,0,2706.1785744,0,26
1039,-9999.0,-9999.0,-9999.0,-9999.0,-9999.0,-9999.0,-9999.0,-9999.0,-9999.0,size,orientation,color,0.26,-16.0,16,male,0,2706.1785744,0,26
1040,-9999.0,-9999.0,-9999.0,-9999.0,-9999.0,-9999.0,-9999.0,-9999.0,-9999.0,size,orientation,color,0.26,-16.0,16,male,0,2706.1785744,0,26
1041,-9999.0,-9999.0,-9999.0,-9999.0,-9999.0,-9999.0,-9999.0,-9999.0,-9999.0,size,orientation,color,0.26,-16.0,16,male,0,2706.1785744,0,26
1042,-9999.0,-9999.0,-9999.0,-9999.0,-9999.0,-9999.0,-9999.0,-9999.0,-9999.0,size,orientation,color,0.26,-16.0,16,male,0,2706.1785744,0,26
1043,-9999.0,-9999.0,-9999.0,-9999.0,-9999.0,-9999.0,-9999.0,-9999.0,-9999.0,size,orientation,color,0.26,-16.0,16,male,0,2706.1785744,0,26
1044,-9999.0,-9999.0,-9999.0,-9999.0,-9999.0,-9999.0,-9999.0,-9999.0,-9999.0,size,orientation,color,0.26,-16.0,16,male,0,2706.1785744,0,26
1045,-9999.0,-9999.0,-9999.0,-9999.0,-9999.0,-9999.0,-9999.0,-9999.0,-9999.0,size,orientation,color,0.26,-16.0,16,male,0,2706.1785744,0,26
1046,-9999.0,-9999.0,-9999.0,-9999.0,-9999.0,-9999.0,-9999.0,-9999.0,-9999.0,size,orientation,color,0.26,-16.0,16,male,0,2706.1785744,0,26
1047,-9999.0,-9999.0,-9999.0,-9999.0,-9999.0,-9999.0,-9999.0,-9999.0,-9999.0,size,orientation,color,0.26,-16.0,16,male,0,2706.1785744,0,26
1048,-9999.0,-9999.0,-9999.0,-9999.0,-9999.0,-9999.0,-9999.0,-9999.0,-9999.0,size,orientation,color,0.26,-16.0,16,male,0,2706.1785744,0,26
1049,-9999.0,-9999.0,-9999.0,-9999.0,-9999.0,-9999.0,-9999.0,-9999.0,-9999.0,size,orientation,color,0.26,-16.0,16,male,0,2706.1785744,0,26
1050,-9999.0,-9999.0,-9999.0,-9999.0,-9999.0,-9999.0,-9999.0,-9999.0,-9999.0,size,orientation,color,0.26,-16.0,16,male,0,2706.1785744,0,26
1051,-9999.0,-9999.0,-9999.0,-9999.0,-9999.0,-9999.0,-9999.0,-9999.0,-9999.0,size,orientation,color,0.26,-16.0,16,male,0,2706.1785744,0,26
1052,-9999.0,-9999.0,-9999.0,-9999.0,-9999.0,-9999.0,-9999.0,-9999.0,-9999.0,size,orientation,color,0.26,-16.0,16,male,0,2706.1785744,0,26
1053,-9999.0,-9999.0,-9999.0,-9999.0,-9999.0,-9999.0,-9999.0,-9999.0,-9999.0,size,orientation,color,0.26,-16.0,16,male,0,2706.1785744,0,26
1054,-9999.0,-9999.0,-9999.0,-9999.0,-9999.0,-9999.0,-9999.0,-9999.0,-9999.0,size,orientation,color,0.26,-16.0,16,male,0,2706.1785744,0,26
1055,-9999.0,-9999.0,-9999.0,-9999.0,-9999.0,-9999.0,-9999.0,-9999.0,-9999.0,size,orientation,color,0.26,-16.0,16,male,0,2706.1785744,0,26
1056,-9999.0,-9999.0,-9999.0,-9999.0,-9999.0,-9999.0,-9999.0,-9999.0,-9999.0,size,orientation,color,0.26,-16.0,16,male,0,2706.1785744,0,26
1057,-9999.0,-9999.0,-9999.0,-9999.0,-9999.0,-9999.0,-9999.0,-9999.0,-9999.0,size,orientation,color,0.26,-16.0,16,male,0,2706.1785744,0,26
1058,-9999.0,-9999.0,-9999.0,-9999.0,-9999.0,-9999.0,-9999.0,-9999.0,-9999.0,size,orientation,color,0.26,-16.0,16,male,0,2706.1785744,0,26
1059,-9999.0,-9999.0,-9999.0,-9999.0,-9999.0,-9999.0,-9999.0,-9999.0,-9999.0,size,orientation,color,0.26,-16.0,16,male,0,2706.1785744,0,26
1060,-9999.0,-9999.0,-9999.0,-9999.0,-9999.0,-9999.0,-9999.0,-9999.0,-9999.0,size,orientation,color,0.26,-16.0,16,male,0,2706.1785744,0,26
1061,-9999.0,-9999.0,-9999.0,-9999.0,-9999.0,-9999.0,-9999.0,-9999.0,-9999.0,size,orientation,color,0.26,-16.0,16,male,0,2706.1785744,0,26
1062,-9999.0,-9999.0,-9999.0,-9999.0,-9999.0,-9999.0,-9999.0,-9999.0,-9999.0,size,orientation,color,0.26,-16.0,16,male,0,2706.1785744,0,26
1063,-9999.0,-9999.0,-9999.0,-9999.0,-9999.0,-9999.0,-9999.0,-9999.0,-9999.0,size,orientation,color,0.26,-16.0,16,male,0,2706.1785744,0,26
1064,-9999.0,-9999.0,-9999.0,-9999.0,-9999.0,-9999.0,-9999.0,-9999.0,-9999.0,size,orientation,color,0.26,-16.0,16,male,0,2706.1785744,0,26
1065,-9999.0,-9999.0,-9999.0,-9999.0,-9999.0,-9999.0,-9999.0,-9999.0,-9999.0,size,orientation,color,0.26,-16.0,16,male,0,2706.1785744,0,26
1066,-9999.0,-9999.0,-9999.0,-9999.0,-9999.0,-9999.0,-9999.0,-9999.0,-9999.0,size,orientation,color,0.26,-16.0,16,male,0,2706.1785744,0,26
1067,-9999.0,-9999.0,-9999.0,-9999.0,-9999.0,-9999.0,-9999.0,-9999.0,-9999.0,size,orientation,color,0.26,-16.0,16,male,0,2706.1785744,0,26
1068,-9999.0,-9999.0,-9999.0,-9999.0,-9999.0,-9999.0,-9999.0,-9999.0,-9999.0,size,orientation,color,0.26,-16.0,16,male,0,2706.1785744,0,26
1069,-9999.0,-9999.0,-9999.0,-9999.0,-9999.0,-9999.0,-9999.0,-9999.0,-9999.0,size,orientation,color,0.26,-16.0,16,male,0,2706.1785744,0,26
1070,-9999.0,-9999.0,-9999.0,-9999.0,-9999.0,-9999.0,-9999.0,-9999.0,-9999.0,size,orientation,color,0.26,-16.0,16,male,0,2706.1785744,0,26
1071,-9999.0,-9999.0,-9999.0,-9999.0,-9999.0,-9999.0,-9999.0,-9999.0,-9999.0,size,orientation,color,0.26,-16.0,16,male,0,2706.1785744,0,26
1072,-9999.0,-9999.0,-9999.0,-9999.0,-9999.0,-9999.0,-9999.0,-9999.0,-9999.0,size,orientation,color,0.26,-16.0,16,male,0,2706.1785744,0,26
1073,-9999.0,-9999.0,-9999.0,-9999.0,-9999.0,-9999.0,-9999.0,-9999.0,-9999.0,size,orientation,color,0.26,-16.0,16,male,0,2706.1785744,0,26
1074,-9999.0,-9999.0,-9999.0,-9999.0,-9999.0,-9999.0,-9999.0,-9999.0,-9999.0,size,orientation,color,0.26,-16.0,16,male,0,2706.1785744,0,26
1075,-9999.0,-9999.0,-9999.0,-9999.0,-9999.0,-9999.0,-9999.0,-9999.0,-9999.0,size,orientation,color,0.26,-16.0,16,male,0,2706.1785744,0,26
1076,-9999.0,-9999.0,-9999.0,-9999.0,-9999.0,-9999.0,-9999.0,-9999.0,-9999.0,size,orientation,color,0.26,-16.0,16,male,0,2706.1785744,0,26
1077,-9999.0,-9999.0,-9999.0,-9999.0,-9999.0,-9999.0,-9999.0,-9999.0,-9999.0,size,orientation,color,0.26,-16.0,16,male,0,2706.1785744,0,26
1078,-9999.0,-9999.0,-9999.0,-9999.0,-9999.0,-9999.0,-9999.0,-9999.0,-9999.0,size,orientation,color,0.26,-16.0,16,male,0,2706.1785744,0,26
1079,-9999.0,-9999.0,-9999.0,-9999.0,-9999.0,-9999.0,-9999.0,-9999.0,-9999.0,size,orientation,color,0.26,-16.0,16,male,0,2706.1785744,0,26
1080,-9999.0,-9999.0,-9999.0,-9999.0,-9999.0,-9999.0,-9999.0,-9999.0,-9999.0,size,orientation,color,0.26,-16.0,16,male,0,2706.1785744,0,26
1081,-9999.0,-9999.0,-9999.0,-9999.0,-9999.0,-9999.0,-9999.0,-9999.0,-9999.0,size,orientation,color,0.26,-16.0,16,male,0,2706.1785744,0,26
1082,-9999.0,-9999.0,-9999.0,-9999.0,-9999.0,-9999.0,-9999.0,-9999.0,-9999.0,size,orientation,color,0.26,-16.0,16,male,0,2706.1785744,0,26
1083,-9999.0,-9999.0,-9999.0,-9999.0,-9999.0,-9999.0,-9999.0,-9999.0,-9999.0,size,orientation,color,0.26,-16.0,16,male,0,2706.1785744,0,26
1084,-9999.0,-9999.0,-9999.0,-9999.0,-9999.0,-9999.0,-9999.0,-9999.0,-9999.0,size,orientation,color,0.26,-16.0,16,male,0,2706.1785744,0,26
1085,-9999.0,-9999.0,-9999.0,-9999.0,-9999.0,-9999.0,-9999.0,-9999.0,-9999.0,size,orientation,color,0.26,-16.0,16,male,0,2706.1785744,0,26
1086,-9999.0,-9999.0,-9999.0,-9999.0,-9999.0,-9999.0,-9999.0,-9999.0,-9999.0,size,orientation,color,0.26,-16.0,16,male,0,2706.1785744,0,26
1087,-9999.0,-9999.0,-9999.0,-9999.0,-9999.0,-9999.0,-9999.0,-9999.0,-9999.0,size,orientation,color,0.26,-16.0,16,male,0,2706.1785744,0,26
1088,-9999.0,-9999.0,-9999.0,-9999.0,-9999.0,-9999.0,-9999.0,-9999.0,-9999.0,size,orientation,color,0.26,-16.0,16,male,0,2706.1785744,0,26
1089,-9999.0,-9999.0,-9999.0,-9999.0,-9999.0,-9999.0,-9999.0,-9999.0,-9999.0,size,orientation,color,0.26,-16.0,16,male,0,2706.1785744,0,26
1090,-9999.0,-9999.0,-9999.0,-9999.0,-9999.0,-9999.0,-9999.0,-9999.0,-9999.0,size,orientation,color,0.26,-16.0,16,male,0,2706.1785744,0,26
1091,-9999.0,-9999.0,-9999.0,-9999.0,-9999.0,-9999.0,-9999.0,-9999.0,-9999.0,size,orientation,color,0.26,-16.0,16,male,0,2706.1785744,0,26
1092,-9999.0,-9999.0,-9999.0,-9999.0,-9999.0,-9999.0,-9999.0,-9999.0,-9999.0,size,orientation,color,0.26,-16.0,16,male,0,2706.1785744,0,26
1093,-9999.0,-9999.0,-9999.0,-9999.0,-9999.0,-9999.0,-9999.0,-9999.0,-9999.0,size,orientation,color,0.26,-16.0,16,male,0,2706.1785744,0,26
1094,-9999.0,-9999.0,-9999.0,-9999.0,-9999.0,-9999.0,-9999.0,-9999.0,-9999.0,size,orientation,color,0.26,-16.0,16,male,0,2706.1785744,0,26
1095,-9999.0,-9999.0,-9999.0,-9999.0,-9999.0,-9999.0,-9999.0,-9999.0,-9999.0,size,orientation,color,0.26,-16.0,16,male,0,2706.1785744,0,26
1096,-9999.0,-9999.0,-9999.0,-9999.0,-9999.0,-9999.0,-9999.0,-9999.0,-9999.0,size,orientation,color,0.26,-16.0,16,male,0,2706.1785744,0,26
1097,-9999.0,-9999.0,-9999.0,-9999.0,-9999.0,-9999.0,-9999.0,-9999.0,-9999.0,size,orientation,color,0.26,-16.0,16,male,0,2706.1785744,0,26
1098,-9999.0,-9999.0,-9999.0,-9999.0,-9999.0,-9999.0,-9999.0,-9999.0,-9999.0,size,orientation,color,0.26,-16.0,16,male,0,2706.1785744,0,26
1099,-9999.0,-9999.0,-9999.0,-9999.0,-9999.0,-9999.0,-9999.0,-9999.0,-9999.0,size,orientation,color,0.26,-16.0,16,male,0,2706.1785744,0,26
1100,-9999.0,-9999.0,-9999.0,-9999.0,-9999.0,-9999.0,-9999.0,-9999.0,-9999.0,size,orientation,color,0.26,-16.0,16,male,0,2706.1785744,0,26
1101,-9999.0,-9999.0,-9999.0,-9999.0,-9999.0,-9999.0,-9999.0,-9999.0,-9999.0,size,orientation,color,0.26,-16.0,16,male,0,2706.1785744,0,26
1102,-9999.0,-9999.0,-9999.0,-9999.0,-9999.0,-9999.0,-9999.0,-9999.0,-9999.0,size,orientation,color,0.26,-16.0,16,male,0,2706.1785744,0,26
1103,-9999.0,-9999.0,-9999.0,-9999.0,-9999.0,-9999.0,-9999.0,-9999.0,-9999.0,size,orientation,color,0.26,-16.0,16,male,0,2706.1785744,0,26
1104,-9999.0,-9999.0,-9999.0,-9999.0,-9999.0,-9999.0,-9999.0,-9999.0,-9999.0,size,orientation,color,0.26,-16.0,16,male,0,2706.1785744,0,26
1105,-9999.0,-9999.0,-9999.0,-9999.0,-9999.0,-9999.0,-9999.0,-9999.0,-9999.0,size,orientation,color,0.26,-16.0,16,male,0,2706.1785744,0,26
1106,-9999.0,-9999.0,-9999.0,-9999.0,-9999.0,-9999.0,-9999.0,-9999.0,-9999.0,size,orientation,color,0.26,-16.0,16,male,0,2706.1785744,0,26
1107,-9999.0,-9999.0,-9999.0,-9999.0,-9999.0,-9999.0,-9999.0,-9999.0,-9999.0,size,orientation,color,0.26,-16.0,16,male,0,2706.1785744,0,26
1108,-9999.0,-9999.0,-9999.0,-9999.0,-9999.0,-9999.0,-9999.0,-9999.0,-9999.0,size,orientation,color,0.26,-16.0,16,male,0,2706.1785744,0,26
1109,-9999.0,-9999.0,-9999.0,-9999.0,-9999.0,-9999.0,-9999.0,-9999.0,-9999.0,size,orientation,color,0.26,-16.0,16,male,0,2706.1785744,0,26
1110,-9999.0,-9999.0,-9999.0,-9999.0,-9999.0,-9999.0,-9999.0,-9999.0,-9999.0,size,orientation,color,0.26,-16.0,16,male,0,2706.1785744,0,26
1111,-9999.0,-9999.0,-9999.0,-9999.0,-9999.0,-9999.0,-9999.0,-9999.0,-9999.0,size,orientation,color,0.26,-16.0,16,male,0,2706.1785744,0,26
1112,-9999.0,-9999.0,-9999.0,-9999.0,-9999.0,-9999.0,-9999.0,-9999.0,-9999.0,size,orientation,color,0.26,-16.0,16,male,0,2706.1785744,0,26
1113,-9999.0,-9999.0,-9999.0,-9999.0,-9999.0,-9999.0,-9999.0,-9999.0,-9999.0,size,orientation,color,0.26,-16.0,16,male,0,2706.1785744,0,26
1114,-9999.0,-9999.0,-9999.0,-9999.0,-9999.0,-9999.0,-9999.0,-9999.0,-9999.0,size,orientation,color,0.26,-16.0,16,male,0,2706.1785744,0,26
1115,-9999.0,-9999.0,-9999.0,-9999.0,-9999.0,-9999.0,-9999.0,-9999.0,-9999.0,size,orientation,color,0.26,-16.0,16,male,0,2706.1785744,0,26
1116,-9999.0,-9999.0,-9999.0,-9999.0,-9999.0,-9999.0,-9999.0,-9999.0,-9999.0,size,orientation,color,0.26,-16.0,16,male,0,2706.1785744,0,26
1117,-9999.0,-9999.0,-9999.0,-9999.0,-9999.0,-9999.0,-9999.0,-9999.0,-9999.0,size,orientation,color,0.26,-16.0,16,male,0,2706.1785744,0,26
1118,-9999.0,-9999.0,-9999.0,-9999.0,-9999.0,-9999.0,-9999.0,-9999.0,-9999.0,size,orientation,color,0.26,-16.0,16,male,0,2706.1785744,0,26
1119,-9999.0,-9999.0,-9999.0,-9999.0,-9999.0,-9999.0,-9999.0,-9999.0,-9999.0,size,orientation,color,0.26,-16.0,16,male,0,2706.1785744,0,26
1120,-9999.0,-9999.0,-9999.0,-9999.0,-9999.0,-9999.0,-9999.0,-9999.0,-9999.0,size,orientation,color,0.26,-16.0,16,male,0,2706.1785744,0,26
1121,-9999.0,-9999.0,-9999.0,-9999.0,-9999.0,-9999.0,-9999.0,-9999.0,-9999.0,size,orientation,color,0.26,-16.0,16,male,0,2706.1785744,0,26
1122,-9999.0,-9999.0,-9999.0,-9999.0,-9999.0,-9999.0,-9999.0,-9999.0,-9999.0,size,orientation,color,0.26,-16.0,16,male,0,2706.1785744,0,26
1123,-9999.0,-9999.0,-9999.0,-9999.0,-9999.0,-9999.0,-9999.0,-9999.0,-9999.0,size,orientation,color,0.26,-16.0,16,male,0,2706.1785744,0,26
1124,-9999.0,-9999.0,-9999.0,-9999.0,-9999.0,-9999.0,-9999.0,-9999.0,-9999.0,size,orientation,color,0.26,-16.0,16,male,0,2706.1785744,0,26
1125,-9999.0,-9999.0,-9999.0,-9999.0,-9999.0,-9999.0,-9999.0,-9999.0,-9999.0,size,orientation,color,0.26,-16.0,16,male,0,2706.1785744,0,26
1126,-9999.0,-9999.0,-9999.0,-9999.0,-9999.0,-9999.0,-9999.0,-9999.0,-9999.0,size,orientation,color,0.26,-16.0,16,male,0,2706.1785744,0,26
1127,-9999.0,-9999.0,-9999.0,-9999.0,-9999.0,-9999.0,-9999.0,-9999.0,-9999.0,size,orientation,color,0.26,-16.0,16,male,0,2706.1785744,0,26
1128,-9999.0,-9999.0,-9999.0,-9999.0,-9999.0,-9999.0,-9999.0,-9999.0,-9999.0,size,orientation,color,0.26,-16.0,16,male,0,2706.1785744,0,26
1129,-9999.0,-9999.0,-9999.0,-9999.0,-9999.0,-9999.0,-9999.0,-9999.0,-9999.0,size,orientation,color,0.26,-16.0,16,male,0,2706.1785744,0,26
1130,-9999.0,-9999.0,-9999.0,-9999.0,-9999.0,-9999.0,-9999.0,-9999.0,-9999.0,size,orientation,color,0.26,-16.0,16,male,0,2706.1785744,0,26
1131,-9999.0,-9999.0,-9999.0,-9999.0,-9999.0,-9999.0,-9999.0,-9999.0,-9999.0,size,orientation,color,0.26,-16.0,16,male,0,2706.1785744,0,26
1132,-9999.0,-9999.0,-9999.0,-9999.0,-9999.0,-9999.0,-9999.0,-9999.0,-9999.0,size,orientation,color,0.26,-16.0,16,male,0,2706.1785744,0,26
1133,-9999.0,-9999.0,-9999.0,-9999.0,-9999.0,-9999.0,-9999.0,-9999.0,-9999.0,size,orientation,color,0.26,-16.0,16,male,0,2706.1785744,0,26
1134,-9999.0,-9999.0,-9999.0,-9999.0,-9999.0,-9999.0,-9999.0,-9999.0,-9999.0,size,orientation,color,0.26,-16.0,16,male,0,2706.1785744,0,26
1135,-9999.0,-9999.0,-9999.0,-9999.0,-9999.0,-9999.0,-9999.0,-9999.0,-9999.0,size,orientation,color,0.26,-16.0,16,male,0,2706.1785744,0,26
1136,-9999.0,-9999.0,-9999.0,-9999.0,-9999.0,-9999.0,-9999.0,-9999.0,-9999.0,size,orientation,color,0.26,-16.0,16,male,0,2706.1785744,0,26
1137,-9999.0,-9999.0,-9999.0,-9999.0,-9999.0,-9999.0,-9999.0,-9999.0,-9999.0,size,orientation,color,0.26,-16.0,16,male,0,2706.1785744,0,26
1138,-9999.0,-9999.0,-9999.0,-9999.0,-9999.0,-9999.0,-9999.0,-9999.0,-9999.0,size,orientation,color,0.26,-16.0,16,male,0,2706.1785744,0,26
1139,-9999.0,-9999.0,-9999.0,-9999.0,-9999.0,-9999.0,-9999.0,-9999.0,-9999.0,size,orientation,color,0.26,-16.0,16,male,0,2706.1785744,0,26
1140,-9999.0,-9999.0,-9999.0,-9999.0,-9999.0,-9999.0,-9999.0,-9999.0,-9999.0,size,orientation,color,0.26,-16.0,16,male,0,2706.1785744,0,26
1141,-9999.0,-9999.0,-9999.0,-9999.0,-9999.0,-9999.0,-9999.0,-9999.0,-9999.0,size,orientation,color,0.26,-16.0,16,male,0,2706.1785744,0,26
1142,-9999.0,-9999.0,-9999.0,-9999.0,-9999.0,-9999.0,-9999.0,-9999.0,-9999.0,size,orientation,color,0.26,-16.0,16,male,0,2706.1785744,0,26
1143,-9999.0,-9999.0,-9999.0,-9999.0,-9999.0,-9999.0,-9999.0,-9999.0,-9999.0,size,orientation,color,0.26,-16.0,16,male,0,2706.1785744,0,26
1144,-9999.0,-9999.0,-9999.0,-9999.0,-9999.0,-9999.0,-9999.0,-9999.0,-9999.0,size,orientation,color,0.26,-16.0,16,male,0,2706.1785744,0,26
1145,-9999.0,-9999.0,-9999.0,-9999.0,-9999.0,-9999.0,-9999.0,-9999.0,-9999.0,size,orientation,color,0.26,-16.0,16,male,0,2706.1785744,0,26
1146,-9999.0,-9999.0,-9999.0,-9999.0,-9999.0,-9999.0,-9999.0,-9999.0,-9999.0,size,orientation,color,0.26,-16.0,16,male,0,2706.1785744,0,26
1147,-9999.0,-9999.0,-9999.0,-9999.0,-9999.0,-9999.0,-9999.0,-9999.0,-9999.0,size,orientation,color,0.26,-16.0,16,male,0,2706.1785744,0,26
1148,-9999.0,-9999.0,-9999.0,-9999.0,-9999.0,-9999.0,-9999.0,-9999.0,-9999.0,size,orientation,color,0.26,-16.0,16,male,0,2706.1785744,0,26
1149,-9999.0,-9999.0,-9999.0,-9999.0,-9999.0,-9999.0,-9999.0,-9999.0,-9999.0,size,orientation,color,0.26,-16.0,16,male,0,2706.1785744,0,26
1150,-9999.0,-9999.0,-9999.0,-9999.0,-9999.0,-9999.0,-9999.0,-9999.0,-9999.0,size,orientation,color,0.26,-16.0,16,male,0,2706.1785744,0,26
1151,-9999.0,-9999.0,-9999.0,-9999.0,-9999.0,-9999.0,-9999.0,-9999.0,-9999.0,size,orientation,color,0.26,-16.0,16,male,0,2706.1785744,0,26
1152,-9999.0,-9999.0,-9999.0,-9999.0,-9999.0,-9999.0,-9999.0,-9999.0,-9999.0,size,orientation,color,0.26,-16.0,16,male,0,2706.1785744,0,26
1153,-9999.0,-9999.0,-9999.0,-9999.0,-9999.0,-9999.0,-9999.0,-9999.0,-9999.0,size,orientation,color,0.26,-16.0,16,male,0,2706.1785744,0,26
1154,-9999.0,-9999.0,-9999.0,-9999.0,-9999.0,-9999.0,-9999.0,-9999.0,-9999.0,size,orientation,color,0.26,-16.0,16,male,0,2706.1785744,0,26
1155,-9999.0,-9999.0,-9999.0,-9999.0,-9999.0,-9999.0,-9999.0,-9999.0,-9999.0,size,orientation,color,0.26,-16.0,16,male,0,2706.1785744,0,26
1156,-9999.0,-9999.0,-9999.0,-9999.0,-9999.0,-9999.0,-9999.0,-9999.0,-9999.0,size,orientation,color,0.26,-16.0,16,male,0,2706.1785744,0,26
1157,-9999.0,-9999.0,-9999.0,-9999.0,-9999.0,-9999.0,-9999.0,-9999.0,-9999.0,size,orientation,color,0.26,-16.0,16,male,0,2706.1785744,0,26
1158,-9999.0,-9999.0,-9999.0,-9999.0,-9999.0,-9999.0,-9999.0,-9999.0,-9999.0,size,orientation,color,0.26,-16.0,16,male,0,2706.1785744,0,26
1159,-9999.0,-9999.0,-9999.0,-9999.0,-9999.0,-9999.0,-9999.0,-9999.0,-9999.0,size,orientation,color,0.26,-16.0,16,male,0,2706.1785744,0,26
1160,-9999.0,-9999.0,-9999.0,-9999.0,-9999.0,-9999.0,-9999.0,-9999.0,-9999.0,size,orientation,color,0.26,-16.0,16,male,0,2706.1785744,0,26
1161,-9999.0,-9999.0,-9999.0,-9999.0,-9999.0,-9999.0,-9999.0,-9999.0,-9999.0,size,orientation,color,0.26,-16.0,16,male,0,2706.1785744,0,26
1162,-9999.0,-9999.0,-9999.0,-9999.0,-9999.0,-9999.0,-9999.0,-9999.0,-9999.0,size,orientation,color,0.26,-16.0,16,male,0,2706.1785744,0,26
1163,-9999.0,-9999.0,-9999.0,-9999.0,-9999.0,-9999.0,-9999.0,-9999.0,-9999.0,size,orientation,color,0.26,-16.0,16,male,0,2706.1785744,0,26
1164,-9999.0,-9999.0,-9999.0,-9999.0,-9999.0,-9999.0,-9999.0,-9999.0,-9999.0,size,orientation,color,0.26,-16.0,16,male,0,2706.1785744,0,26
1165,-9999.0,-9999.0,-9999.0,-9999.0,-9999.0,-9999.0,-9999.0,-9999.0,-9999.0,size,orientation,color,0.26,-16.0,16,male,0,2706.1785744,0,26
1166,-9999.0,-9999.0,-9999.0,-9999.0,-9999.0,-9999.0,-9999.0,-9999.0,-9999.0,size,orientation,color,0.26,-16.0,16,male,0,2706.1785744,0,26
1167,-9999.0,-9999.0,-9999.0,-9999.0,-9999.0,-9999.0,-9999.0,-9999.0,-9999.0,size,orientation,color,0.26,-16.0,16,male,0,2706.1785744,0,26
1168,-9999.0,-9999.0,-9999.0,-9999.0,-9999.0,-9999.0,-9999.0,-9999.0,-9999.0,size,orientation,color,0.26,-16.0,16,male,0,2706.1785744,0,26
1169,-9999.0,-9999.0,-9999.0,-9999.0,-9999.0,-9999.0,-9999.0,-9999.0,-9999.0,size,orientation,color,0.26,-16.0,16,male,0,2706.1785744,0,26
1170,-9999.0,-9999.0,-9999.0,-9999.0,-9999.0,-9999.0,-9999.0,-9999.0,-9999.0,size,orientation,color,0.26,-16.0,16,male,0,2706.1785744,0,26
1171,-9999.0,-9999.0,-9999.0,-9999.0,-9999.0,-9999.0,-9999.0,-9999.0,-9999.0,size,orientation,color,0.26,-16.0,16,male,0,2706.1785744,0,26
1172,-9999.0,-9999.0,-9999.0,-9999.0,-9999.0,-9999.0,-9999.0,-9999.0,-9999.0,size,orientation,color,0.26,-16.0,16,male,0,2706.1785744,0,26
1173,-9999.0,-9999.0,-9999.0,-9999.0,-9999.0,-9999.0,-9999.0,-9999.0,-9999.0,size,orientation,color,0.26,-16.0,16,male,0,2706.1785744,0,26
1174,-9999.0,-9999.0,-9999.0,-9999.0,-9999.0,-9999.0,-9999.0,-9999.0,-9999.0,size,orientation,color,0.26,-16.0,16,male,0,2706.1785744,0,26
1175,-9999.0,-9999.0,-9999.0,-9999.0,-9999.0,-9999.0,-9999.0,-9999.0,-9999.0,size,orientation,color,0.26,-16.0,16,male,0,2706.1785744,0,26
1176,-9999.0,-9999.0,-9999.0,-9999.0,-9999.0,-9999.0,-9999.0,-9999.0,-9999.0,size,orientation,color,0.26,-16.0,16,male,0,2706.1785744,0,26
1177,-9999.0,-9999.0,-9999.0,-9999.0,-9999.0,-9999.0,-9999.0,-9999.0,-9999.0,size,orientation,color,0.26,-16.0,16,male,0,2706.1785744,0,26
1178,-9999.0,-9999.0,-9999.0,-9999.0,-9999.0,-9999.0,-9999.0,-9999.0,-9999.0,size,orientation,color,0.26,-16.0,16,male,0,2706.1785744,0,26
1179,-9999.0,-9999.0,-9999.0,-9999.0,-9999.0,-9999.0,-9999.0,-9999.0,-9999.0,size,orientation,color,0.26,-16.0,16,male,0,2706.1785744,0,26
1180,-9999.0,-9999.0,-9999.0,-9999.0,-9999.0,-9999.0,-9999.0,-9999.0,-9999.0,size,orientation,color,0.26,-16.0,16,male,0,2706.1785744,0,26
1181,-9999.0,-9999.0,-9999.0,-9999.0,-9999.0,-9999.0,-9999.0,-9999.0,-9999.0,size,orientation,color,0.26,-16.0,16,male,0,2706.1785744,0,26
1182,-9999.0,-9999.0,-9999.0,-9999.0,-9999.0,-9999.0,-9999.0,-9999.0,-9999.0,size,orientation,color,0.26,-16.0,16,male,0,2706.1785744,0,26
1183,-9999.0,-9999.0,-9999.0,-9999.0,-9999.0,-9999.0,-9999.0,-9999.0,-9999.0,size,orientation,color,0.26,-16.0,16,male,0,2706.1785744,0,26
1184,-9999.0,-9999.0,-9999.0,-9999.0,-9999.0,-9999.0,-9999.0,-9999.0,-9999.0,size,orientation,color,0.26,-16.0,16,male,0,2706.1785744,0,26
1185,-9999.0,-9999.0,-9999.0,-9999.0,-9999.0,-9999.0,-9999.0,-9999.0,-9999.0,size,orientation,color,0.26,-16.0,16,male,0,2706.1785744,0,26
1186,-9999.0,-9999.0,-9999.0,-9999.0,-9999.0,-9999.0,-9999.0,-9999.0,-9999.0,size,orientation,color,0.26,-16.0,16,male,0,2706.1785744,0,26
1187,-9999.0,-9999.0,-9999.0,-9999.0,-9999.0,-9999.0,-9999.0,-9999.0,-9999.0,size,orientation,color,0.26,-16.0,16,male,0,2706.1785744,0,26
1188,-9999.0,-9999.0,-9999.0,-9999.0,-9999.0,-9999.0,-9999.0,-9999.0,-9999.0,size,orientation,color,0.26,-16.0,16,male,0,2706.1785744,0,26
1189,-9999.0,-9999.0,-9999.0,-9999.0,-9999.0,-9999.0,-9999.0,-9999.0,-9999.0,size,orientation,color,0.26,-16.0,16,male,0,2706.1785744,0,26
1190,-9999.0,-9999.0,-9999.0,-9999.0,-9999.0,-9999.0,-9999.0,-9999.0,-9999.0,size,orientation,color,0.26,-16.0,16,male,0,2706.1785744,0,26
1191,-9999.0,-9999.0,-9999.0,-9999.0,-9999.0,-9999.0,-9999.0,-9999.0,-9999.0,size,orientation,color,0.26,-16.0,16,male,0,2706.1785744,0,26
1192,-9999.0,-9999.0,-9999.0,-9999.0,-9999.0,-9999.0,-9999.0,-9999.0,-9999.0,size,orientation,color,0.26,-16.0,16,male,0,2706.1785744,0,26
1193,-9999.0,-9999.0,-9999.0,-9999.0,-9999.0,-9999.0,-9999.0,-9999.0,-9999.0,size,orientation,color,0.26,-16.0,16,male,0,2706.1785744,0,26
1194,-9999.0,-9999.0,-9999.0,-9999.0,-9999.0,-9999.0,-9999.0,-9999.0,-9999.0,size,orientation,color,0.26,-16.0,16,male,0,2706.1785744,0,26
1195,-9999.0,-9999.0,-9999.0,-9999.0,-9999.0,-9999.0,-9999.0,-9999.0,-9999.0,size,orientation,color,0.26,-16.0,16,male,0,2706.1785744,0,26
1196,-9999.0,-9999.0,-9999.0,-9999.0,-9999.0,-9999.0,-9999.0,-9999.0,-9999.0,size,orientation,color,0.26,-16.0,16,male,0,2706.1785744,0,26
1197,-9999.0,-9999.0,-9999.0,-9999.0,-9999.0,-9999.0,-9999.0,-9999.0,-9999.0,size,orientation,color,0.26,-16.0,16,male,0,2706.1785744,0,26
1198,-9999.0,-9999.0,-9999.0,-9999.0,-9999.0,-9999.0,-9999.0,-9999.0,-9999.0,size,orientation,color,0.26,-16.0,16,male,0,2706.1785744,0,26
1199,-9999.0,-9999.0,-9999.0,-9999.0,-9999.0,-9999.0,-9999.0,-9999.0,-9999.0,size,orientation,color,0.26,-16.0,16,male,0,2706.1785744,0,26
1200,-9999.0,-9999.0,-9999.0,-9999.0,-9999.0,-9999.0,-9999.0,-9999.0,-9999.0,size,orientation,color,0.26,-16.0,16,male,0,2706.1785744,0,26
1201,-9999.0,-9999.0,-9999.0,-9999.0,-9999.0,-9999.0,-9999.0,-9999.0,-9999.0,size,orientation,color,0.26,-16.0,16,male,0,2706.1785744,0,26
1202,-9999.0,-9999.0,-9999.0,-9999.0,-9999.0,-9999.0,-9999.0,-9999.0,-9999.0,size,orientation,color,0.26,-16.0,16,male,0,2706.1785744,0,26
1203,-9999.0,-9999.0,-9999.0,-9999.0,-9999.0,-9999.0,-9999.0,-9999.0,-9999.0,size,orientation,color,0.26,-16.0,16,male,0,2706.1785744,0,26
1204,-9999.0,-9999.0,-9999.0,-9999.0,-9999.0,-9999.0,-9999.0,-9999.0,-9999.0,size,orientation,color,0.26,-16.0,16,male,0,2706.1785744,0,26
1205,-9999.0,-9999.0,-9999.0,-9999.0,-9999.0,-9999.0,-9999.0,-9999.0,-9999.0,size,orientation,color,0.26,-16.0,16,male,0,2706.1785744,0,26
1206,-9999.0,-9999.0,-9999.0,-9999.0,-9999.0,-9999.0,-9999.0,-9999.0,-9999.0,size,orientation,color,0.26,-16.0,16,male,0,2706.1785744,0,26
1207,-9999.0,-9999.0,-9999.0,-9999.0,-9999.0,-9999.0,-9999.0,-9999.0,-9999.0,size,orientation,color,0.26,-16.0,16,male,0,2706.1785744,0,26
1208,-9999.0,-9999.0,-9999.0,-9999.0,-9999.0,-9999.0,-9999.0,-9999.0,-9999.0,size,orientation,color,0.26,-16.0,16,male,0,2706.1785744,0,26
1209,-9999.0,-9999.0,-9999.0,-9999.0,-9999.0,-9999.0,-9999.0,-9999.0,-9999.0,size,orientation,color,0.26,-16.0,16,male,0,2706.1785744,0,26
1210,-9999.0,-9999.0,-9999.0,-9999.0,-9999.0,-9999.0,-9999.0,-9999.0,-9999.0,size,orientation,color,0.26,-16.0,16,male,0,2706.1785744,0,26
1211,-9999.0,-9999.0,-9999.0,-9999.0,-9999.0,-9999.0,-9999.0,-9999.0,-9999.0,size,orientation,color,0.26,-16.0,16,male,0,2706.1785744,0,26
1212,-9999.0,-9999.0,-9999.0,-9999.0,-9999.0,-9999.0,-9999.0,-9999.0,-9999.0,size,orientation,color,0.26,-16.0,16,male,0,2706.1785744,0,26
1213,-9999.0,-9999.0,-9999.0,-9999.0,-9999.0,-9999.0,-9999.0,-9999.0,-9999.0,size,orientation,color,0.26,-16.0,16,male,0,2706.1785744,0,26
1214,-9999.0,-9999.0,-9999.0,-9999.0,-9999.0,-9999.0,-9999.0,-9999.0,-9999.0,size,orientation,color,0.26,-16.0,16,male,0,2706.1785744,0,26
1215,-9999.0,-9999.0,-9999.0,-9999.0,-9999.0,-9999.0,-9999.0,-9999.0,-9999.0,size,orientation,color,0.26,-16.0,16,male,0,2706.1785744,0,26
1216,-9999.0,-9999.0,-9999.0,-9999.0,-9999.0,-9999.0,-9999.0,-9999.0,-9999.0,size,orientation,color,0.26,-16.0,16,male,0,2706.1785744,0,26
1217,-9999.0,-9999.0,-9999.0,-9999.0,-9999.0,-9999.0,-9999.0,-9999.0,-9999.0,size,orientation,color,0.26,-16.0,16,male,0,2706.1785744,0,26
1218,-9999.0,-9999.0,-9999.0,-9999.0,-9999.0,-9999.0,-9999.0,-9999.0,-9999.0,size,orientation,color,0.26,-16.0,16,male,0,2706.1785744,0,26
1219,-9999.0,-9999.0,-9999.0,-9999.0,-9999.0,-9999.0,-9999.0,-9999.0,-9999.0,size,orientation,color,0.26,-16.0,16,male,0,2706.1785744,0,26
1220,-9999.0,-9999.0,-9999.0,-9999.0,-9999.0,-9999.0,-9999.0,-9999.0,-9999.0,size,orientation,color,0.26,-16.0,16,male,0,2706.1785744,0,26
1221,-9999.0,-9999.0,-9999.0,-9999.0,-9999.0,-9999.0,-9999.0,-9999.0,-9999.0,size,orientation,color,0.26,-16.0,16,male,0,2706.1785744,0,26
1222,-9999.0,-9999.0,-9999.0,-9999.0,-9999.0,-9999.0,-9999.0,-9999.0,-9999.0,size,orientation,color,0.26,-16.0,16,male,0,2706.1785744,0,26
1223,-9999.0,-9999.0,-9999.0,-9999.0,-9999.0,-9999.0,-9999.0,-9999.0,-9999.0,size,orientation,color,0.26,-16.0,16,male,0,2706.1785744,0,26
1224,-9999.0,-9999.0,-9999.0,-9999.0,-9999.0,-9999.0,-9999.0,-9999.0,-9999.0,size,orientation,color,0.26,-16.0,16,male,0,2706.1785744,0,26
1225,-9999.0,-9999.0,-9999.0,-9999.0,-9999.0,-9999.0,-9999.0,-9999.0,-9999.0,size,orientation,color,0.26,-16.0,16,male,0,2706.1785744,0,26
1226,-9999.0,-9999.0,-9999.0,-9999.0,-9999.0,-9999.0,-9999.0,-9999.0,-9999.0,size,orientation,color,0.26,-16.0,16,male,0,2706.1785744,0,26
1227,-9999.0,-9999.0,-9999.0,-9999.0,-9999.0,-9999.0,-9999.0,-9999.0,-9999.0,size,orientation,color,0.26,-16.0,16,male,0,2706.1785744,0,26
1228,-9999.0,-9999.0,-9999.0,-9999.0,-9999.0,-9999.0,-9999.0,-9999.0,-9999.0,size,orientation,color,0.26,-16.0,16,male,0,2706.1785744,0,26
1229,-9999.0,-9999.0,-9999.0,-9999.0,-9999.0,-9999.0,-9999.0,-9999.0,-9999.0,size,orientation,color,0.26,-16.0,16,male,0,2706.1785744,0,26
1230,-9999.0,-9999.0,-9999.0,-9999.0,-9999.0,-9999.0,-9999.0,-9999.0,-9999.0,size,orientation,color,0.26,-16.0,16,male,0,2706.1785744,0,26
1231,-9999.0,-9999.0,-9999.0,-9999.0,-9999.0,-9999.0,-9999.0,-9999.0,-9999.0,size,orientation,color,0.26,-16.0,16,male,0,2706.1785744,0,26
1232,-9999.0,-9999.0,-9999.0,-9999.0,-9999.0,-9999.0,-9999.0,-9999.0,-9999.0,size,orientation,color,0.26,-16.0,16,male,0,2706.1785744,0,26
1233,-9999.0,-9999.0,-9999.0,-9999.0,-9999.0,-9999.0,-9999.0,-9999.0,-9999.0,size,orientation,color,0.26,-16.0,16,male,0,2706.1785744,0,26
1234,-9999.0,-9999.0,-9999.0,-9999.0,-9999.0,-9999.0,-9999.0,-9999.0,-9999.0,size,orientation,color,0.26,-16.0,16,male,0,2706.1785744,0,26
1235,-9999.0,-9999.0,-9999.0,-9999.0,-9999.0,-9999.0,-9999.0,-9999.0,-9999.0,size,orientation,color,0.26,-16.0,16,male,0,2706.1785744,0,26
1236,-9999.0,-9999.0,-9999.0,-9999.0,-9999.0,-9999.0,-9999.0,-9999.0,-9999.0,size,orientation,color,0.26,-16.0,16,male,0,2706.1785744,0,26
1237,-9999.0,-9999.0,-9999.0,-9999.0,-9999.0,-9999.0,-9999.0,-9999.0,-9999.0,size,orientation,color,0.26,-16.0,16,male,0,2706.1785744,0,26
1238,-9999.0,-9999.0,-9999.0,-9999.0,-9999.0,-9999.0,-9999.0,-9999.0,-9999.0,size,orientation,color,0.26,-16.0,16,male,0,2706.1785744,0,26
1239,-9999.0,-9999.0,-9999.0,-9999.0,-9999.0,-9999.0,-9999.0,-9999.0,-9999.0,size,orientation,color,0.26,-16.0,16,male,0,2706.1785744,0,26
1240,-9999.0,-9999.0,-9999.0,-9999.0,-9999.0,-9999.0,-9999.0,-9999.0,-9999.0,size,orientation,color,0.26,-16.0,16,male,0,2706.1785744,0,26
1241,-9999.0,-9999.0,-9999.0,-9999.0,-9999.0,-9999.0,-9999.0,-9999.0,-9999.0,size,orientation,color,0.26,-16.0,16,male,0,2706.1785744,0,26
1242,-9999.0,-9999.0,-9999.0,-9999.0,-9999.0,-9999.0,-9999.0,-9999.0,-9999.0,size,orientation,color,0.26,-16.0,16,male,0,2706.1785744,0,26
1243,-9999.0,-9999.0,-9999.0,-9999.0,-9999.0,-9999.0,-9999.0,-9999.0,-9999.0,size,orientation,color,0.26,-16.0,16,male,0,2706.1785744,0,26
1244,-9999.0,-9999.0,-9999.0,-9999.0,-9999.0,-9999.0,-9999.0,-9999.0,-9999.0,size,orientation,color,0.26,-16.0,16,male,0,2706.1785744,0,26
1245,-9999.0,-9999.0,-9999.0,-9999.0,-9999.0,-9999.0,-9999.0,-9999.0,-9999.0,size,orientation,color,0.26,-16.0,16,male,0,2706.1785744,0,26
1246,-9999.0,-9999.0,-9999.0,-9999.0,-9999.0,-9999.0,-9999.0,-9999.0,-9999.0,size,orientation,color,0.26,-16.0,16,male,0,2706.1785744,0,26
1247,-9999.0,-9999.0,-9999.0,-9999.0,-9999.0,-9999.0,-9999.0,-9999.0,-9999.0,size,orientation,color,0.26,-16.0,16,male,0,2706.1785744,0,26
1248,-9999.0,-9999.0,-9999.0,-9999.0,-9999.0,-9999.0,-9999.0,-9999.0,-9999.0,size,orientation,color,0.26,-16.0,16,male,0,2706.1785744,0,26
1249,-9999.0,-9999.0,-9999.0,-9999.0,-9999.0,-9999.0,-9999.0,-9999.0,-9999.0,size,orientation,color,0.26,-16.0,16,male,0,2706.1785744,0,26
1250,-9999.0,-9999.0,-9999.0,-9999.0,-9999.0,-9999.0,-9999.0,-9999.0,-9999.0,size,orientation,color,0.26,-16.0,16,male,0,2706.1785744,0,26
1251,-9999.0,-9999.0,-9999.0,-9999.0,-9999.0,-9999.0,-9999.0,-9999.0,-9999.0,size,orientation,color,0.26,-16.0,16,male,0,2706.1785744,0,26
1252,-9999.0,-9999.0,-9999.0,-9999.0,-9999.0,-9999.0,-9999.0,-9999.0,-9999.0,size,orientation,color,0.26,-16.0,16,male,0,2706.1785744,0,26
1253,-9999.0,-9999.0,-9999.0,-9999.0,-9999.0,-9999.0,-9999.0,-9999.0,-9999.0,size,orientation,color,0.26,-16.0,16,male,0,2706.1785744,0,26
1254,-9999.0,-9999.0,-9999.0,-9999.0,-9999.0,-9999.0,-9999.0,-9999.0,-9999.0,size,orientation,color,0.26,-16.0,16,male,0,2706.1785744,0,26
1255,-9999.0,-9999.0,-9999.0,-9999.0,-9999.0,-9999.0,-9999.0,-9999.0,-9999.0,size,orientation,color,0.26,-16.0,16,male,0,2706.1785744,0,26
1256,-9999.0,-9999.0,-9999.0,-9999.0,-9999.0,-9999.0,-9999.0,-9999.0,-9999.0,size,orientation,color,0.26,-16.0,16,male,0,2706.1785744,0,26
1257,-9999.0,-9999.0,-9999.0,-9999.0,-9999.0,-9999.0,-9999.0,-9999.0,-9999.0,size,orientation,color,0.26,-16.0,16,male,0,2706.1785744,0,26
1258,-9999.0,-9999.0,-9999.0,-9999.0,-9999.0,-9999.0,-9999.0,-9999.0,-9999.0,size,orientation,color,0.26,-16.0,16,male,0,2706.1785744,0,26
1259,-9999.0,-9999.0,-9999.0,-9999.0,-9999.0,-9999.0,-9999.0,-9999.0,-9999.0,size,orientation,color,0.26,-16.0,16,male,0,2706.1785744,0,26
1260,-9999.0,-9999.0,-9999.0,-9999.0,-9999.0,-9999.0,-9999.0,-9999.0,-9999.0,size,orientation,color,0.26,-16.0,16,male,0,2706.1785744,0,26
1261,-9999.0,-9999.0,-9999.0,-9999.0,-9999.0,-9999.0,-9999.0,-9999.0,-9999.0,size,orientation,color,0.26,-16.0,16,male,0,2706.1785744,0,26
1262,-9999.0,-9999.0,-9999.0,-9999.0,-9999.0,-9999.0,-9999.0,-9999.0,-9999.0,size,orientation,color,0.26,-16.0,16,male,0,2706.1785744,0,26
1263,-9999.0,-9999.0,-9999.0,-9999.0,-9999.0,-9999.0,-9999.0,-9999.0,-9999.0,size,orientation,color,0.26,-16.0,16,male,0,2706.1785744,0,26
1264,-9999.0,-9999.0,-9999.0,-9999.0,-9999.0,-9999.0,-9999.0,-9999.0,-9999.0,size,orientation,color,0.26,-16.0,16,male,0,2706.1785744,0,26
1265,-9999.0,-9999.0,-9999.0,-9999.0,-9999.0,-9999.0,-9999.0,-9999.0,-9999.0,size,orientation,color,0.26,-16.0,16,male,0,2706.1785744,0,26
1266,-9999.0,-9999.0,-9999.0,-9999.0,-9999.0,-9999.0,-9999.0,-9999.0,-9999.0,size,orientation,color,0.26,-16.0,16,male,0,2706.1785744,0,26
1267,-9999.0,-9999.0,-9999.0,-9999.0,-9999.0,-9999.0,-9999.0,-9999.0,-9999.0,size,orientation,color,0.26,-16.0,16,male,0,2706.1785744,0,26
1268,-9999.0,-9999.0,-9999.0,-9999.0,-9999.0,-9999.0,-9999.0,-9999.0,-9999.0,size,orientation,color,0.26,-16.0,16,male,0,2706.1785744,0,26
1269,-9999.0,-9999.0,-9999.0,-9999.0,-9999.0,-9999.0,-9999.0,-9999.0,-9999.0,size,orientation,color,0.26,-16.0,16,male,0,2706.1785744,0,26
1270,-9999.0,-9999.0,-9999.0,-9999.0,-9999.0,-9999.0,-9999.0,-9999.0,-9999.0,size,orientation,color,0.26,-16.0,16,male,0,2706.1785744,0,26
1271,-9999.0,-9999.0,-9999.0,-9999.0,-9999.0,-9999.0,-9999.0,-9999.0,-9999.0,size,orientation,color,0.26,-16.0,16,male,0,2706.1785744,0,26
1272,-9999.0,-9999.0,-9999.0,-9999.0,-9999.0,-9999.0,-9999.0,-9999.0,-9999.0,size,orientation,color,0.26,-16.0,16,male,0,2706.1785744,0,26
1273,-9999.0,-9999.0,-9999.0,-9999.0,-9999.0,-9999.0,-9999.0,-9999.0,-9999.0,size,orientation,color,0.26,-16.0,16,male,0,2706.1785744,0,26
1274,-9999.0,-9999.0,-9999.0,-9999.0,-9999.0,-9999.0,-9999.0,-9999.0,-9999.0,size,orientation,color,0.26,-16.0,16,male,0,2706.1785744,0,26
1275,-9999.0,-9999.0,-9999.0,-9999.0,-9999.0,-9999.0,-9999.0,-9999.0,-9999.0,size,orientation,color,0.26,-16.0,16,male,0,2706.1785744,0,26
1276,-9999.0,-9999.0,-9999.0,-9999.0,-9999.0,-9999.0,-9999.0,-9999.0,-9999.0,size,orientation,color,0.26,-16.0,16,male,0,2706.1785744,0,26
1277,-9999.0,-9999.0,-9999.0,-9999.0,-9999.0,-9999.0,-9999.0,-9999.0,-9999.0,size,orientation,color,0.26,-16.0,16,male,0,2706.1785744,0,26
1278,-9999.0,-9999.0,-9999.0,-9999.0,-9999.0,-9999.0,-9999.0,-9999.0,-9999.0,size,orientation,color,0.26,-16.0,16,male,0,2706.1785744,0,26
1279,-9999.0,-9999.0,-9999.0,-9999.0,-9999.0,-9999.0,-9999.0,-9999.0,-9999.0,size,orientation,color,0.26,-16.0,16,male,0,2706.1785744,0,26
1280,-9999.0,-9999.0,-9999.0,-9999.0,-9999.0,-9999.0,-9999.0,-9999.0,-9999.0,size,orientation,color,0.26,-16.0,16,male,0,2706.1785744,0,26
1281,-9999.0,-9999.0,-9999.0,-9999.0,-9999.0,-9999.0,-9999.0,-9999.0,-9999.0,size,orientation,color,0.26,-16.0,16,male,0,2706.1785744,0,26
1282,-9999.0,-9999.0,-9999.0,-9999.0,-9999.0,-9999.0,-9999.0,-9999.0,-9999.0,size,orientation,color,0.26,-16.0,16,male,0,2706.1785744,0,26
1283,-9999.0,-9999.0,-9999.0,-9999.0,-9999.0,-9999.0,-9999.0,-9999.0,-9999.0,size,orientation,color,0.26,-16.0,16,male,0,2706.1785744,0,26
1284,-9999.0,-9999.0,-9999.0,-9999.0,-9999.0,-9999.0,-9999.0,-9999.0,-9999.0,size,orientation,color,0.26,-16.0,16,male,0,2706.1785744,0,26
1285,-9999.0,-9999.0,-9999.0,-9999.0,-9999.0,-9999.0,-9999.0,-9999.0,-9999.0,size,orientation,color,0.26,-16.0,16,male,0,2706.1785744,0,26
1286,-9999.0,-9999.0,-9999.0,-9999.0,-9999.0,-9999.0,-9999.0,-9999.0,-9999.0,size,orientation,color,0.26,-16.0,16,male,0,2706.1785744,0,26
1287,-9999.0,-9999.0,-9999.0,-9999.0,-9999.0,-9999.0,-9999.0,-9999.0,-9999.0,size,orientation,color,0.26,-16.0,16,male,0,2706.1785744,0,26
1288,-9999.0,-9999.0,-9999.0,-9999.0,-9999.0,-9999.0,-9999.0,-9999.0,-9999.0,size,orientation,color,0.26,-16.0,16,male,0,2706.1785744,0,26
1289,-9999.0,-9999.0,-9999.0,-9999.0,-9999.0,-9999.0,-9999.0,-9999.0,-9999.0,size,orientation,color,0.26,-16.0,16,male,0,2706.1785744,0,26
1290,-9999.0,-9999.0,-9999.0,-9999.0,-9999.0,-9999.0,-9999.0,-9999.0,-9999.0,size,orientation,color,0.26,-16.0,16,male,0,2706.1785744,0,26
1291,-9999.0,-9999.0,-9999.0,-9999.0,-9999.0,-9999.0,-9999.0,-9999.0,-9999.0,size,orientation,color,0.26,-16.0,16,male,0,2706.1785744,0,26
1292,-9999.0,-9999.0,-9999.0,-9999.0,-9999.0,-9999.0,-9999.0,-9999.0,-9999.0,size,orientation,color,0.26,-16.0,16,male,0,2706.1785744,0,26
1293,-9999.0,-9999.0,-9999.0,-9999.0,-9999.0,-9999.0,-9999.0,-9999.0,-9999.0,size,orientation,color,0.26,-16.0,16,male,0,2706.1785744,0,26
1294,-9999.0,-9999.0,-9999.0,-9999.0,-9999.0,-9999.0,-9999.0,-9999.0,-9999.0,size,orientation,color,0.26,-16.0,16,male,0,2706.1785744,0,26
1295,-9999.0,-9999.0,-9999.0,-9999.0,-9999.0,-9999.0,-9999.0,-9999.0,-9999.0,size,orientation,color,0.26,-16.0,16,male,0,2706.1785744,0,26
1296,-9999.0,-9999.0,-9999.0,-9999.0,-9999.0,-9999.0,-9999.0,-9999.0,-9999.0,size,orientation,color,0.26,-16.0,16,male,0,2706.1785744,0,26
1297,-9999.0,-9999.0,-9999.0,-9999.0,-9999.0,-9999.0,-9999.0,-9999.0,-9999.0,size,orientation,color,0.26,-16.0,16,male,0,2706.1785744,0,26
1298,-9999.0,-9999.0,-9999.0,-9999.0,-9999.0,-9999.0,-9999.0,-9999.0,-9999.0,size,orientation,color,0.26,-16.0,16,male,0,2706.1785744,0,26
1299,-9999.0,-9999.0,-9999.0,-9999.0,-9999.0,-9999.0,-9999.0,-9999.0,-9999.0,size,orientation,color,0.26,-16.0,16,male,0,2706.1785744,0,26
1300,-9999.0,-9999.0,-9999.0,-9999.0,-9999.0,-9999.0,-9999.0,-9999.0,-9999.0,size,orientation,color,0.26,-16.0,16,male,0,2706.1785744,0,26
1301,-9999.0,-9999.0,-9999.0,-9999.0,-9999.0,-9999.0,-9999.0,-9999.0,-9999.0,size,orientation,color,0.26,-16.0,16,male,0,2706.1785744,0,26
1302,-9999.0,-9999.0,-9999.0,-9999.0,-9999.0,-9999.0,-9999.0,-9999.0,-9999.0,size,orientation,color,0.26,-16.0,16,male,0,2706.1785744,0,26
1303,-9999.0,-9999.0,-9999.0,-9999.0,-9999.0,-9999.0,-9999.0,-9999.0,-9999.0,size,orientation,color,0.26,-16.0,16,male,0,2706.1785744,0,26
1304,-9999.0,-9999.0,-9999.0,-9999.0,-9999.0,-9999.0,-9999.0,-9999.0,-9999.0,size,orientation,color,0.26,-16.0,16,male,0,2706.1785744,0,26
1305,-9999.0,-9999.0,-9999.0,-9999.0,-9999.0,-9999.0,-9999.0,-9999.0,-9999.0,size,orientation,color,0.26,-16.0,16,male,0,2706.1785744,0,26
1306,-9999.0,-9999.0,-9999.0,-9999.0,-9999.0,-9999.0,-9999.0,-9999.0,-9999.0,size,orientation,color,0.26,-16.0,16,male,0,2706.1785744,0,26
1307,-9999.0,-9999.0,-9999.0,-9999.0,-9999.0,-9999.0,-9999.0,-9999.0,-9999.0,size,orientation,color,0.26,-16.0,16,male,0,2706.1785744,0,26
1308,-9999.0,-9999.0,-9999.0,-9999.0,-9999.0,-9999.0,-9999.0,-9999.0,-9999.0,size,orientation,color,0.26,-16.0,16,male,0,2706.1785744,0,26
1309,-9999.0,-9999.0,-9999.0,-9999.0,-9999.0,-9999.0,-9999.0,-9999.0,-9999.0,size,orientation,color,0.26,-16.0,16,male,0,2706.1785744,0,26
1310,-9999.0,-9999.0,-9999.0,-9999.0,-9999.0,-9999.0,-9999.0,-9999.0,-9999.0,size,orientation,color,0.26,-16.0,16,male,0,2706.1785744,0,26
1311,-9999.0,-9999.0,-9999.0,-9999.0,-9999.0,-9999.0,-9999.0,-9999.0,-9999.0,size,orientation,color,0.26,-16.0,16,male,0,2706.1785744,0,26
1312,-9999.0,-9999.0,-9999.0,-9999.0,-9999.0,-9999.0,-9999.0,-9999.0,-9999.0,size,orientation,color,0.26,-16.0,16,male,0,2706.1785744,0,26
1313,-9999.0,-9999.0,-9999.0,-9999.0,-9999.0,-9999.0,-9999.0,-9999.0,-9999.0,size,orientation,color,0.26,-16.0,16,male,0,2706.1785744,0,26
1314,-9999.0,-9999.0,-9999.0,-9999.0,-9999.0,-9999.0,-9999.0,-9999.0,-9999.0,size,orientation,color,0.26,-16.0,16,male,0,2706.1785744,0,26
1315,-9999.0,-9999.0,-9999.0,-9999.0,-9999.0,-9999.0,-9999.0,-9999.0,-9999.0,size,orientation,color,0.26,-16.0,16,male,0,2706.1785744,0,26
1316,-9999.0,-9999.0,-9999.0,-9999.0,-9999.0,-9999.0,-9999.0,-9999.0,-9999.0,size,orientation,color,0.26,-16.0,16,male,0,2706.1785744,0,26
1317,-9999.0,-9999.0,-9999.0,-9999.0,-9999.0,-9999.0,-9999.0,-9999.0,-9999.0,size,orientation,color,0.26,-16.0,16,male,0,2706.1785744,0,26
1318,-9999.0,-9999.0,-9999.0,-9999.0,-9999.0,-9999.0,-9999.0,-9999.0,-9999.0,size,orientation,color,0.26,-16.0,16,male,0,2706.1785744,0,26
1319,-9999.0,-9999.0,-9999.0,-9999.0,-9999.0,-9999.0,-9999.0,-9999.0,-9999.0,size,orientation,color,0.26,-16.0,16,male,0,2706.1785744,0,26
1320,-9999.0,-9999.0,-9999.0,-9999.0,-9999.0,-9999.0,-9999.0,-9999.0,-9999.0,size,orientation,color,0.26,-16.0,16,male,0,2706.1785744,0,26
1321,-9999.0,-9999.0,-9999.0,-9999.0,-9999.0,-9999.0,-9999.0,-9999.0,-9999.0,size,orientation,color,0.26,-16.0,16,male,0,2706.1785744,0,26
1322,-9999.0,-9999.0,-9999.0,-9999.0,-9999.0,-9999.0,-9999.0,-9999.0,-9999.0,size,orientation,color,0.26,-16.0,16,male,0,2706.1785744,0,26
1323,-9999.0,-9999.0,-9999.0,-9999.0,-9999.0,-9999.0,-9999.0,-9999.0,-9999.0,size,orientation,color,0.26,-16.0,16,male,0,2706.1785744,0,26
1324,-9999.0,-9999.0,-9999.0,-9999.0,-9999.0,-9999.0,-9999.0,-9999.0,-9999.0,size,orientation,color,0.26,-16.0,16,male,0,2706.1785744,0,26
1325,-9999.0,-9999.0,-9999.0,-9999.0,-9999.0,-9999.0,-9999.0,-9999.0,-9999.0,size,orientation,color,0.26,-16.0,16,male,0,2706.1785744,0,26
1326,-9999.0,-9999.0,-9999.0,-9999.0,-9999.0,-9999.0,-9999.0,-9999.0,-9999.0,size,orientation,color,0.26,-16.0,16,male,0,2706.1785744,0,26
1327,-9999.0,-9999.0,-9999.0,-9999.0,-9999.0,-9999.0,-9999.0,-9999.0,-9999.0,size,orientation,color,0.26,-16.0,16,male,0,2706.1785744,0,26
1328,-9999.0,-9999.0,-9999.0,-9999.0,-9999.0,-9999.0,-9999.0,-9999.0,-9999.0,size,orientation,color,0.26,-16.0,16,male,0,2706.1785744,0,26
1329,-9999.0,-9999.0,-9999.0,-9999.0,-9999.0,-9999.0,-9999.0,-9999.0,-9999.0,size,orientation,color,0.26,-16.0,16,male,0,2706.1785744,0,26
1330,-9999.0,-9999.0,-9999.0,-9999.0,-9999.0,-9999.0,-9999.0,-9999.0,-9999.0,size,orientation,color,0.26,-16.0,16,male,0,2706.1785744,0,26
1331,-9999.0,-9999.0,-9999.0,-9999.0,-9999.0,-9999.0,-9999.0,-9999.0,-9999.0,size,orientation,color,0.26,-16.0,16,male,0,2706.1785744,0,26
1332,-9999.0,-9999.0,-9999.0,-9999.0,-9999.0,-9999.0,-9999.0,-9999.0,-9999.0,size,orientation,color,0.26,-16.0,16,male,0,2706.1785744,0,26
1333,-9999.0,-9999.0,-9999.0,-9999.0,-9999.0,-9999.0,-9999.0,-9999.0,-9999.0,size,orientation,color,0.26,-16.0,16,male,0,2706.1785744,0,26
1334,-9999.0,-9999.0,-9999.0,-9999.0,-9999.0,-9999.0,-9999.0,-9999.0,-9999.0,size,orientation,color,0.26,-16.0,16,male,0,2706.1785744,0,26
1335,-9999.0,-9999.0,-9999.0,-9999.0,-9999.0,-9999.0,-9999.0,-9999.0,-9999.0,size,orientation,color,0.26,-16.0,16,male,0,2706.1785744,0,26
1336,-9999.0,-9999.0,-9999.0,-9999.0,-9999.0,-9999.0,-9999.0,-9999.0,-9999.0,size,orientation,color,0.26,-16.0,16,male,0,2706.1785744,0,26
1337,-9999.0,-9999.0,-9999.0,-9999.0,-9999.0,-9999.0,-9999.0,-9999.0,-9999.0,size,orientation,color,0.26,-16.0,16,male,0,2706.1785744,0,26
1338,-9999.0,-9999.0,-9999.0,-9999.0,-9999.0,-9999.0,-9999.0,-9999.0,-9999.0,size,orientation,color,0.26,-16.0,16,male,0,2706.1785744,0,26
1339,-9999.0,-9999.0,-9999.0,-9999.0,-9999.0,-9999.0,-9999.0,-9999.0,-9999.0,size,orientation,color,0.26,-16.0,16,male,0,2706.1785744,0,26
1340,-9999.0,-9999.0,-9999.0,-9999.0,-9999.0,-9999.0,-9999.0,-9999.0,-9999.0,size,orientation,color,0.26,-16.0,16,male,0,2706.1785744,0,26
1341,-9999.0,-9999.0,-9999.0,-9999.0,-9999.0,-9999.0,-9999.0,-9999.0,-9999.0,size,orientation,color,0.26,-16.0,16,male,0,2706.1785744,0,26
1342,-9999.0,-9999.0,-9999.0,-9999.0,-9999.0,-9999.0,-9999.0,-9999.0,-9999.0,size,orientation,color,0.26,-16.0,16,male,0,2706.1785744,0,26
1343,-9999.0,-9999.0,-9999.0,-9999.0,-9999.0,-9999.0,-9999.0,-9999.0,-9999.0,size,orientation,color,0.26,-16.0,16,male,0,2706.1785744,0,26
1344,-9999.0,-9999.0,-9999.0,-9999.0,-9999.0,-9999.0,-9999.0,-9999.0,-9999.0,size,orientation,color,0.26,-16.0,16,male,0,2706.1785744,0,26
1345,-9999.0,-9999.0,-9999.0,-9999.0,-9999.0,-9999.0,-9999.0,-9999.0,-9999.0,size,orientation,color,0.26,-16.0,16,male,0,2706.1785744,0,26
1346,-9999.0,-9999.0,-9999.0,-9999.0,-9999.0,-9999.0,-9999.0,-9999.0,-9999.0,size,orientation,color,0.26,-16.0,16,male,0,2706.1785744,0,26
1347,-9999.0,-9999.0,-9999.0,-9999.0,-9999.0,-9999.0,-9999.0,-9999.0,-9999.0,size,orientation,color,0.26,-16.0,16,male,0,2706.1785744,0,26
1348,-9999.0,-9999.0,-9999.0,-9999.0,-9999.0,-9999.0,-9999.0,-9999.0,-9999.0,size,orientation,color,0.26,-16.0,16,male,0,2706.1785744,0,26
1349,-9999.0,-9999.0,-9999.0,-9999.0,-9999.0,-9999.0,-9999.0,-9999.0,-9999.0,size,orientation,color,0.26,-16.0,16,male,0,2706.1785744,0,26
1350,-9999.0,-9999.0,-9999.0,-9999.0,-9999.0,-9999.0,-9999.0,-9999.0,-9999.0,size,orientation,color,0.26,-16.0,16,male,0,2706.1785744,0,26
1351,-9999.0,-9999.0,-9999.0,-9999.0,-9999.0,-9999.0,-9999.0,-9999.0,-9999.0,size,orientation,color,0.26,-16.0,16,male,0,2706.1785744,0,26
1352,-9999.0,-9999.0,-9999.0,-9999.0,-9999.0,-9999.0,-9999.0,-9999.0,-9999.0,size,orientation,color,0.26,-16.0,16,male,0,2706.1785744,0,26
1353,-9999.0,-9999.0,-9999.0,-9999.0,-9999.0,-9999.0,-9999.0,-9999.0,-9999.0,size,orientation,color,0.26,-16.0,16,male,0,2706.1785744,0,26
1354,-9999.0,-9999.0,-9999.0,-9999.0,-9999.0,-9999.0,-9999.0,-9999.0,-9999.0,size,orientation,color,0.26,-16.0,16,male,0,2706.1785744,0,26
1355,-9999.0,-9999.0,-9999.0,-9999.0,-9999.0,-9999.0,-9999.0,-9999.0,-9999.0,size,orientation,color,0.26,-16.0,16,male,0,2706.1785744,0,26
1356,-9999.0,-9999.0,-9999.0,-9999.0,-9999.0,-9999.0,-9999.0,-9999.0,-9999.0,size,orientation,color,0.26,-16.0,16,male,0,2706.1785744,0,26
1357,-9999.0,-9999.0,-9999.0,-9999.0,-9999.0,-9999.0,-9999.0,-9999.0,-9999.0,size,orientation,color,0.26,-16.0,16,male,0,2706.1785744,0,26
1358,-9999.0,-9999.0,-9999.0,-9999.0,-9999.0,-9999.0,-9999.0,-9999.0,-9999.0,size,orientation,color,0.26,-16.0,16,male,0,2706.1785744,0,26
1359,-9999.0,-9999.0,-9999.0,-9999.0,-9999.0,-9999.0,-9999.0,-9999.0,-9999.0,size,orientation,color,0.26,-16.0,16,male,0,2706.1785744,0,26
1360,-9999.0,-9999.0,-9999.0,-9999.0,-9999.0,-9999.0,-9999.0,-9999.0,-9999.0,size,orientation,color,0.26,-16.0,16,male,0,2706.1785744,0,26
1361,-9999.0,-9999.0,-9999.0,-9999.0,-9999.0,-9999.0,-9999.0,-9999.0,-9999.0,size,orientation,color,0.26,-16.0,16,male,0,2706.1785744,0,26
1362,-9999.0,-9999.0,-9999.0,-9999.0,-9999.0,-9999.0,-9999.0,-9999.0,-9999.0,size,orientation,color,0.26,-16.0,16,male,0,2706.1785744,0,26
1363,-9999.0,-9999.0,-9999.0,-9999.0,-9999.0,-9999.0,-9999.0,-9999.0,-9999.0,size,orientation,color,0.26,-16.0,16,male,0,2706.1785744,0,26
1364,-9999.0,-9999.0,-9999.0,-9999.0,-9999.0,-9999.0,-9999.0,-9999.0,-9999.0,size,orientation,color,0.26,-16.0,16,male,0,2706.1785744,0,26
1365,-9999.0,-9999.0,-9999.0,-9999.0,-9999.0,-9999.0,-9999.0,-9999.0,-9999.0,size,orientation,color,0.26,-16.0,16,male,0,2706.1785744,0,26
1366,-9999.0,-9999.0,-9999.0,-9999.0,-9999.0,-9999.0,-9999.0,-9999.0,-9999.0,size,orientation,color,0.26,-16.0,16,male,0,2706.1785744,0,26
1367,-9999.0,-9999.0,-9999.0,-9999.0,-9999.0,-9999.0,-9999.0,-9999.0,-9999.0,size,orientation,color,0.26,-16.0,16,male,0,2706.1785744,0,26
1368,-9999.0,-9999.0,-9999.0,-9999.0,-9999.0,-9999.0,-9999.0,-9999.0,-9999.0,size,orientation,color,0.26,-16.0,16,male,0,2706.1785744,0,26
1369,-9999.0,-9999.0,-9999.0,-9999.0,-9999.0,-9999.0,-9999.0,-9999.0,-9999.0,size,orientation,color,0.26,-16.0,16,male,0,2706.1785744,0,26
1370,-9999.0,-9999.0,-9999.0,-9999.0,-9999.0,-9999.0,-9999.0,-9999.0,-9999.0,size,orientation,color,0.26,-16.0,16,male,0,2706.1785744,0,26
1371,-9999.0,-9999.0,-9999.0,-9999.0,-9999.0,-9999.0,-9999.0,-9999.0,-9999.0,size,orientation,color,0.26,-16.0,16,male,0,2706.1785744,0,26
1372,-9999.0,-9999.0,-9999.0,-9999.0,-9999.0,-9999.0,-9999.0,-9999.0,-9999.0,size,orientation,color,0.26,-16.0,16,male,0,2706.1785744,0,26
1373,-9999.0,-9999.0,-9999.0,-9999.0,-9999.0,-9999.0,-9999.0,-9999.0,-9999.0,size,orientation,color,0.26,-16.0,16,male,0,2706.1785744,0,26
1374,-9999.0,-9999.0,-9999.0,-9999.0,-9999.0,-9999.0,-9999.0,-9999.0,-9999.0,size,orientation,color,0.26,-16.0,16,male,0,2706.1785744,0,26
1375,-9999.0,-9999.0,-9999.0,-9999.0,-9999.0,-9999.0,-9999.0,-9999.0,-9999.0,size,orientation,color,0.26,-16.0,16,male,0,2706.1785744,0,26
1376,-9999.0,-9999.0,-9999.0,-9999.0,-9999.0,-9999.0,-9999.0,-9999.0,-9999.0,size,orientation,color,0.26,-16.0,16,male,0,2706.1785744,0,26
1377,-9999.0,-9999.0,-9999.0,-9999.0,-9999.0,-9999.0,-9999.0,-9999.0,-9999.0,size,orientation,color,0.26,-16.0,16,male,0,2706.1785744,0,26
1378,-9999.0,-9999.0,-9999.0,-9999.0,-9999.0,-9999.0,-9999.0,-9999.0,-9999.0,size,orientation,color,0.26,-16.0,16,male,0,2706.1785744,0,26
1379,-9999.0,-9999.0,-9999.0,-9999.0,-9999.0,-9999.0,-9999.0,-9999.0,-9999.0,size,orientation,color,0.26,-16.0,16,male,0,2706.1785744,0,26
1380,-9999.0,-9999.0,-9999.0,-9999.0,-9999.0,-9999.0,-9999.0,-9999.0,-9999.0,size,orientation,color,0.26,-16.0,16,male,0,2706.1785744,0,26
1381,-9999.0,-9999.0,-9999.0,-9999.0,-9999.0,-9999.0,-9999.0,-9999.0,-9999.0,size,orientation,color,0.26,-16.0,16,male,0,2706.1785744,0,26
1382,-9999.0,-9999.0,-9999.0,-9999.0,-9999.0,-9999.0,-9999.0,-9999.0,-9999.0,size,orientation,color,0.26,-16.0,16,male,0,2706.1785744,0,26
1383,-9999.0,-9999.0,-9999.0,-9999.0,-9999.0,-9999.0,-9999.0,-9999.0,-9999.0,size,orientation,color,0.26,-16.0,16,male,0,2706.1785744,0,26
1384,-9999.0,-9999.0,-9999.0,-9999.0,-9999.0,-9999.0,-9999.0,-9999.0,-9999.0,size,orientation,color,0.26,-16.0,16,male,0,2706.1785744,0,26
1385,-9999.0,-9999.0,-9999.0,-9999.0,-9999.0,-9999.0,-9999.0,-9999.0,-9999.0,size,orientation,color,0.26,-16.0,16,male,0,2706.1785744,0,26
1386,-9999.0,-9999.0,-9999.0,-9999.0,-9999.0,-9999.0,-9999.0,-9999.0,-9999.0,size,orientation,color,0.26,-16.0,16,male,0,2706.1785744,0,26
1387,-9999.0,-9999.0,-9999.0,-9999.0,-9999.0,-9999.0,-9999.0,-9999.0,-9999.0,size,orientation,color,0.26,-16.0,16,male,0,2706.1785744,0,26
1388,-9999.0,-9999.0,-9999.0,-9999.0,-9999.0,-9999.0,-9999.0,-9999.0,-9999.0,size,orientation,color,0.26,-16.0,16,male,0,2706.1785744,0,26
1389,-9999.0,-9999.0,-9999.0,-9999.0,-9999.0,-9999.0,-9999.0,-9999.0,-9999.0,size,orientation,color,0.26,-16.0,16,male,0,2706.1785744,0,26
1390,-9999.0,-9999.0,-9999.0,-9999.0,-9999.0,-9999.0,-9999.0,-9999.0,-9999.0,size,orientation,color,0.26,-16.0,16,male,0,2706.1785744,0,26
1391,-9999.0,-9999.0,-9999.0,-9999.0,-9999.0,-9999.0,-9999.0,-9999.0,-9999.0,size,orientation,color,0.26,-16.0,16,male,0,2706.1785744,0,26
1392,-9999.0,-9999.0,-9999.0,-9999.0,-9999.0,-9999.0,-9999.0,-9999.0,-9999.0,size,orientation,color,0.26,-16.0,16,male,0,2706.1785744,0,26
1393,-9999.0,-9999.0,-9999.0,-9999.0,-9999.0,-9999.0,-9999.0,-9999.0,-9999.0,size,orientation,color,0.26,-16.0,16,male,0,2706.1785744,0,26
1394,-9999.0,-9999.0,-9999.0,-9999.0,-9999.0,-9999.0,-9999.0,-9999.0,-9999.0,size,orientation,color,0.26,-16.0,16,male,0,2706.1785744,0,26
1395,-9999.0,-9999.0,-9999.0,-9999.0,-9999.0,-9999.0,-9999.0,-9999.0,-9999.0,size,orientation,color,0.26,-16.0,16,male,0,2706.1785744,0,26
1396,-9999.0,-9999.0,-9999.0,-9999.0,-9999.0,-9999.0,-9999.0,-9999.0,-9999.0,size,orientation,color,0.26,-16.0,16,male,0,2706.1785744,0,26
1397,-9999.0,-9999.0,-9999.0,-9999.0,-9999.0,-9999.0,-9999.0,-9999.0,-9999.0,size,orientation,color,0.26,-16.0,16,male,0,2706.1785744,0,26
1398,-9999.0,-9999.0,-9999.0,-9999.0,-9999.0,-9999.0,-9999.0,-9999.0,-9999.0,size,orientation,color,0.26,-16.0,16,male,0,2706.1785744,0,26
1399,-9999.0,-9999.0,-9999.0,-9999.0,-9999.0,-9999.0,-9999.0,-9999.0,-9999.0,size,orientation,color,0.26,-16.0,16,male,0,2706.1785744,0,26
1400,-9999.0,-9999.0,-9999.0,-9999.0,-9999.0,-9999.0,-9999.0,-9999.0,-9999.0,size,orientation,color,0.26,-16.0,16,male,0,2706.1785744,0,26
1401,-9999.0,-9999.0,-9999.0,-9999.0,-9999.0,-9999.0,-9999.0,-9999.0,-9999.0,size,orientation,color,0.26,-16.0,16,male,0,2706.1785744,0,26
1402,-9999.0,-9999.0,-9999.0,-9999.0,-9999.0,-9999.0,-9999.0,-9999.0,-9999.0,size,orientation,color,0.26,-16.0,16,male,0,2706.1785744,0,26
1403,-9999.0,-9999.0,-9999.0,-9999.0,-9999.0,-9999.0,-9999.0,-9999.0,-9999.0,size,orientation,color,0.26,-16.0,16,male,0,2706.1785744,0,26
1404,-9999.0,-9999.0,-9999.0,-9999.0,-9999.0,-9999.0,-9999.0,-9999.0,-9999.0,size,orientation,color,0.26,-16.0,16,male,0,2706.1785744,0,26
1405,-9999.0,-9999.0,-9999.0,-9999.0,-9999.0,-9999.0,-9999.0,-9999.0,-9999.0,size,orientation,color,0.26,-16.0,16,male,0,2706.1785744,0,26
1406,-9999.0,-9999.0,-9999.0,-9999.0,-9999.0,-9999.0,-9999.0,-9999.0,-9999.0,size,orientation,color,0.26,-16.0,16,male,0,2706.1785744,0,26
1407,-9999.0,-9999.0,-9999.0,-9999.0,-9999.0,-9999.0,-9999.0,-9999.0,-9999.0,size,orientation,color,0.26,-16.0,16,male,0,2706.1785744,0,26
1408,-9999.0,-9999.0,-9999.0,-9999.0,-9999.0,-9999.0,-9999.0,-9999.0,-9999.0,size,orientation,color,0.26,-16.0,16,male,0,2706.1785744,0,26
1409,-9999.0,-9999.0,-9999.0,-9999.0,-9999.0,-9999.0,-9999.0,-9999.0,-9999.0,size,orientation,color,0.26,-16.0,16,male,0,2706.1785744,0,26
1410,-9999.0,-9999.0,-9999.0,-9999.0,-9999.0,-9999.0,-9999.0,-9999.0,-9999.0,size,orientation,color,0.26,-16.0,16,male,0,2706.1785744,0,26
1411,-9999.0,-9999.0,-9999.0,-9999.0,-9999.0,-9999.0,-9999.0,-9999.0,-9999.0,size,orientation,color,0.26,-16.0,16,male,0,2706.1785744,0,26
1412,-9999.0,-9999.0,-9999.0,-9999.0,-9999.0,-9999.0,-9999.0,-9999.0,-9999.0,size,orientation,color,0.26,-16.0,16,male,0,2706.1785744,0,26
1413,-9999.0,-9999.0,-9999.0,-9999.0,-9999.0,-9999.0,-9999.0,-9999.0,-9999.0,size,orientation,color,0.26,-16.0,16,male,0,2706.1785744,0,26
1414,-9999.0,-9999.0,-9999.0,-9999.0,-9999.0,-9999.0,-9999.0,-9999.0,-9999.0,size,orientation,color,0.26,-16.0,16,male,0,2706.1785744,0,26
1415,-9999.0,-9999.0,-9999.0,-9999.0,-9999.0,-9999.0,-9999.0,-9999.0,-9999.0,size,orientation,color,0.26,-16.0,16,male,0,2706.1785744,0,26
1416,-9999.0,-9999.0,-9999.0,-9999.0,-9999.0,-9999.0,-9999.0,-9999.0,-9999.0,size,orientation,color,0.26,-16.0,16,male,0,2706.1785744,0,26
1417,-9999.0,-9999.0,-9999.0,-9999.0,-9999.0,-9999.0,-9999.0,-9999.0,-9999.0,size,orientation,color,0.26,-16.0,16,male,0,2706.1785744,0,26
1418,-9999.0,-9999.0,-9999.0,-9999.0,-9999.0,-9999.0,-9999.0,-9999.0,-9999.0,size,orientation,color,0.26,-16.0,16,male,0,2706.1785744,0,26
1419,-9999.0,-9999.0,-9999.0,-9999.0,-9999.0,-9999.0,-9999.0,-9999.0,-9999.0,size,orientation,color,0.26,-16.0,16,male,0,2706.1785744,0,26
1420,-9999.0,-9999.0,-9999.0,-9999.0,-9999.0,-9999.0,-9999.0,-9999.0,-9999.0,size,orientation,color,0.26,-16.0,16,male,0,2706.1785744,0,26
1421,-9999.0,-9999.0,-9999.0,-9999.0,-9999.0,-9999.0,-9999.0,-9999.0,-9999.0,size,orientation,color,0.26,-16.0,16,male,0,2706.1785744,0,26
1422,-9999.0,-9999.0,-9999.0,-9999.0,-9999.0,-9999.0,-9999.0,-9999.0,-9999.0,size,orientation,color,0.26,-16.0,16,male,0,2706.1785744,0,26
1423,-9999.0,-9999.0,-9999.0,-9999.0,-9999.0,-9999.0,-9999.0,-9999.0,-9999.0,size,orientation,color,0.26,-16.0,16,male,0,2706.1785744,0,26
1424,-9999.0,-9999.0,-9999.0,-9999.0,-9999.0,-9999.0,-9999.0,-9999.0,-9999.0,size,orientation,color,0.26,-16.0,16,male,0,2706.1785744,0,26
1425,-9999.0,-9999.0,-9999.0,-9999.0,-9999.0,-9999.0,-9999.0,-9999.0,-9999.0,size,orientation,color,0.26,-16.0,16,male,0,2706.1785744,0,26
1426,-9999.0,-9999.0,-9999.0,-9999.0,-9999.0,-9999.0,-9999.0,-9999.0,-9999.0,size,orientation,color,0.26,-16.0,16,male,0,2706.1785744,0,26
1427,-9999.0,-9999.0,-9999.0,-9999.0,-9999.0,-9999.0,-9999.0,-9999.0,-9999.0,size,orientation,color,0.26,-16.0,16,male,0,2706.1785744,0,26
1428,-9999.0,-9999.0,-9999.0,-9999.0,-9999.0,-9999.0,-9999.0,-9999.0,-9999.0,size,orientation,color,0.26,-16.0,16,male,0,2706.1785744,0,26
1429,-9999.0,-9999.0,-9999.0,-9999.0,-9999.0,-9999.0,-9999.0,-9999.0,-9999.0,size,orientation,color,0.26,-16.0,16,male,0,2706.1785744,0,26
1430,-9999.0,-9999.0,-9999.0,-9999.0,-9999.0,-9999.0,-9999.0,-9999.0,-9999.0,size,orientation,color,0.26,-16.0,16,male,0,2706.1785744,0,26
1431,-9999.0,-9999.0,-9999.0,-9999.0,-9999.0,-9999.0,-9999.0,-9999.0,-9999.0,size,orientation,color,0.26,-16.0,16,male,0,2706.1785744,0,26
1432,-9999.0,-9999.0,-9999.0,-9999.0,-9999.0,-9999.0,-9999.0,-9999.0,-9999.0,size,orientation,color,0.26,-16.0,16,male,0,2706.1785744,0,26
1433,-9999.0,-9999.0,-9999.0,-9999.0,-9999.0,-9999.0,-9999.0,-9999.0,-9999.0,size,orientation,color,0.26,-16.0,16,male,0,2706.1785744,0,26
1434,-9999.0,-9999.0,-9999.0,-9999.0,-9999.0,-9999.0,-9999.0,-9999.0,-9999.0,size,orientation,color,0.26,-16.0,16,male,0,2706.1785744,0,26
1435,-9999.0,-9999.0,-9999.0,-9999.0,-9999.0,-9999.0,-9999.0,-9999.0,-9999.0,size,orientation,color,0.26,-16.0,16,male,0,2706.1785744,0,26
1436,-9999.0,-9999.0,-9999.0,-9999.0,-9999.0,-9999.0,-9999.0,-9999.0,-9999.0,size,orientation,color,0.26,-16.0,16,male,0,2706.1785744,0,26
1437,-9999.0,-9999.0,-9999.0,-9999.0,-9999.0,-9999.0,-9999.0,-9999.0,-9999.0,size,orientation,color,0.26,-16.0,16,male,0,2706.1785744,0,26
1438,-9999.0,-9999.0,-9999.0,-9999.0,-9999.0,-9999.0,-9999.0,-9999.0,-9999.0,size,orientation,color,0.26,-16.0,16,male,0,2706.1785744,0,26
1439,-9999.0,-9999.0,-9999.0,-9999.0,-9999.0,-9999.0,-9999.0,-9999.0,-9999.0,size,orientation,color,0.26,-16.0,16,male,0,2706.1785744,0,26
1440,-9999.0,-9999.0,-9999.0,-9999.0,-9999.0,-9999.0,-9999.0,-9999.0,-9999.0,size,orientation,color,0.26,-16.0,16,male,0,2706.1785744,0,26
1441,-9999.0,-9999.0,-9999.0,-9999.0,-9999.0,-9999.0,-9999.0,-9999.0,-9999.0,size,orientation,color,0.26,-16.0,16,male,0,2706.1785744,0,26
1442,-9999.0,-9999.0,-9999.0,-9999.0,-9999.0,-9999.0,-9999.0,-9999.0,-9999.0,size,orientation,color,0.26,-16.0,16,male,0,2706.1785744,0,26
1443,-9999.0,-9999.0,-9999.0,-9999.0,-9999.0,-9999.0,-9999.0,-9999.0,-9999.0,size,orientation,color,0.26,-16.0,16,male,0,2706.1785744,0,26
1444,-9999.0,-9999.0,-9999.0,-9999.0,-9999.0,-9999.0,-9999.0,-9999.0,-9999.0,size,orientation,color,0.26,-16.0,16,male,0,2706.1785744,0,26
1445,-9999.0,-9999.0,-9999.0,-9999.0,-9999.0,-9999.0,-9999.0,-9999.0,-9999.0,size,orientation,color,0.26,-16.0,16,male,0,2706.1785744,0,26
1446,-9999.0,-9999.0,-9999.0,-9999.0,-9999.0,-9999.0,-9999.0,-9999.0,-9999.0,size,orientation,color,0.26,-16.0,16,male,0,2706.1785744,0,26
1447,-9999.0,-9999.0,-9999.0,-9999.0,-9999.0,-9999.0,-9999.0,-9999.0,-9999.0,size,orientation,color,0.26,-16.0,16,male,0,2706.1785744,0,26
1448,-9999.0,-9999.0,-9999.0,-9999.0,-9999.0,-9999.0,-9999.0,-9999.0,-9999.0,size,orientation,color,0.26,-16.0,16,male,0,2706.1785744,0,26
1449,-9999.0,-9999.0,-9999.0,-9999.0,-9999.0,-9999.0,-9999.0,-9999.0,-9999.0,size,orientation,color,0.26,-16.0,16,male,0,2706.1785744,0,26
1450,-9999.0,-9999.0,-9999.0,-9999.0,-9999.0,-9999.0,-9999.0,-9999.0,-9999.0,size,orientation,color,0.26,-16.0,16,male,0,2706.1785744,0,26
1451,-9999.0,-9999.0,-9999.0,-9999.0,-9999.0,-9999.0,-9999.0,-9999.0,-9999.0,size,orientation,color,0.26,-16.0,16,male,0,2706.1785744,0,26
1452,-9999.0,-9999.0,-9999.0,-9999.0,-9999.0,-9999.0,-9999.0,-9999.0,-9999.0,size,orientation,color,0.26,-16.0,16,male,0,2706.1785744,0,26
1453,-9999.0,-9999.0,-9999.0,-9999.0,-9999.0,-9999.0,-9999.0,-9999.0,-9999.0,size,orientation,color,0.26,-16.0,16,male,0,2706.1785744,0,26
1454,-9999.0,-9999.0,-9999.0,-9999.0,-9999.0,-9999.0,-9999.0,-9999.0,-9999.0,size,orientation,color,0.26,-16.0,16,male,0,2706.1785744,0,26
1455,-9999.0,-9999.0,-9999.0,-9999.0,-9999.0,-9999.0,-9999.0,-9999.0,-9999.0,size,orientation,color,0.26,-16.0,16,male,0,2706.1785744,0,26
1456,-9999.0,-9999.0,-9999.0,-9999.0,-9999.0,-9999.0,-9999.0,-9999.0,-9999.0,size,orientation,color,0.26,-16.0,16,male,0,2706.1785744,0,26
1457,-9999.0,-9999.0,-9999.0,-9999.0,-9999.0,-9999.0,-9999.0,-9999.0,-9999.0,size,orientation,color,0.26,-16.0,16,male,0,2706.1785744,0,26
1458,-9999.0,-9999.0,-9999.0,-9999.0,-9999.0,-9999.0,-9999.0,-9999.0,-9999.0,size,orientation,color,0.26,-16.0,16,male,0,2706.1785744,0,26
1459,-9999.0,-9999.0,-9999.0,-9999.0,-9999.0,-9999.0,-9999.0,-9999.0,-9999.0,size,orientation,color,0.26,-16.0,16,male,0,2706.1785744,0,26
1460,-9999.0,-9999.0,-9999.0,-9999.0,-9999.0,-9999.0,-9999.0,-9999.0,-9999.0,size,orientation,color,0.26,-16.0,16,male,0,2706.1785744,0,26
1461,-9999.0,-9999.0,-9999.0,-9999.0,-9999.0,-9999.0,-9999.0,-9999.0,-9999.0,size,orientation,color,0.26,-16.0,16,male,0,2706.1785744,0,26
1462,-9999.0,-9999.0,-9999.0,-9999.0,-9999.0,-9999.0,-9999.0,-9999.0,-9999.0,size,orientation,color,0.26,-16.0,16,male,0,2706.1785744,0,26
1463,-9999.0,-9999.0,-9999.0,-9999.0,-9999.0,-9999.0,-9999.0,-9999.0,-9999.0,size,orientation,color,0.26,-16.0,16,male,0,2706.1785744,0,26
1464,-9999.0,-9999.0,-9999.0,-9999.0,-9999.0,-9999.0,-9999.0,-9999.0,-9999.0,size,orientation,color,0.26,-16.0,16,male,0,2706.1785744,0,26
1465,-9999.0,-9999.0,-9999.0,-9999.0,-9999.0,-9999.0,-9999.0,-9999.0,-9999.0,size,orientation,color,0.26,-16.0,16,male,0,2706.1785744,0,26
1466,-9999.0,-9999.0,-9999.0,-9999.0,-9999.0,-9999.0,-9999.0,-9999.0,-9999.0,size,orientation,color,0.26,-16.0,16,male,0,2706.1785744,0,26
1467,-9999.0,-9999.0,-9999.0,-9999.0,-9999.0,-9999.0,-9999.0,-9999.0,-9999.0,size,orientation,color,0.26,-16.0,16,male,0,2706.1785744,0,26
1468,-9999.0,-9999.0,-9999.0,-9999.0,-9999.0,-9999.0,-9999.0,-9999.0,-9999.0,size,orientation,color,0.26,-16.0,16,male,0,2706.1785744,0,26
1469,-9999.0,-9999.0,-9999.0,-9999.0,-9999.0,-9999.0,-9999.0,-9999.0,-9999.0,size,orientation,color,0.26,-16.0,16,male,0,2706.1785744,0,26
1470,-9999.0,-9999.0,-9999.0,-9999.0,-9999.0,-9999.0,-9999.0,-9999.0,-9999.0,size,orientation,color,0.26,-16.0,16,male,0,2706.1785744,0,26
1471,-9999.0,-9999.0,-9999.0,-9999.0,-9999.0,-9999.0,-9999.0,-9999.0,-9999.0,size,orientation,color,0.26,-16.0,16,male,0,2706.1785744,0,26
1472,-9999.0,-9999.0,-9999.0,-9999.0,-9999.0,-9999.0,-9999.0,-9999.0,-9999.0,size,orientation,color,0.26,-16.0,16,male,0,2706.1785744,0,26
1473,-9999.0,-9999.0,-9999.0,-9999.0,-9999.0,-9999.0,-9999.0,-9999.0,-9999.0,size,orientation,color,0.26,-16.0,16,male,0,2706.1785744,0,26
1474,-9999.0,-9999.0,-9999.0,-9999.0,-9999.0,-9999.0,-9999.0,-9999.0,-9999.0,size,orientation,color,0.26,-16.0,16,male,0,2706.1785744,0,26
1475,-9999.0,-9999.0,-9999.0,-9999.0,-9999.0,-9999.0,-9999.0,-9999.0,-9999.0,size,orientation,color,0.26,-16.0,16,male,0,2706.1785744,0,26
1476,-9999.0,-9999.0,-9999.0,-9999.0,-9999.0,-9999.0,-9999.0,-9999.0,-9999.0,size,orientation,color,0.26,-16.0,16,male,0,2706.1785744,0,26
1477,-9999.0,-9999.0,-9999.0,-9999.0,-9999.0,-9999.0,-9999.0,-9999.0,-9999.0,size,orientation,color,0.26,-16.0,16,male,0,2706.1785744,0,26
1478,-9999.0,-9999.0,-9999.0,-9999.0,-9999.0,-9999.0,-9999.0,-9999.0,-9999.0,size,orientation,color,0.26,-16.0,16,male,0,2706.1785744,0,26
1479,-9999.0,-9999.0,-9999.0,-9999.0,-9999.0,-9999.0,-9999.0,-9999.0,-9999.0,size,orientation,color,0.26,-16.0,16,male,0,2706.1785744,0,26
1480,-9999.0,-9999.0,-9999.0,-9999.0,-9999.0,-9999.0,-9999.0,-9999.0,-9999.0,size,orientation,color,0.26,-16.0,16,male,0,2706.1785744,0,26
1481,-9999.0,-9999.0,-9999.0,-9999.0,-9999.0,-9999.0,-9999.0,-9999.0,-9999.0,size,orientation,color,0.26,-16.0,16,male,0,2706.1785744,0,26
1482,-9999.0,-9999.0,-9999.0,-9999.0,-9999.0,-9999.0,-9999.0,-9999.0,-9999.0,size,orientation,color,0.26,-16.0,16,male,0,2706.1785744,0,26
1483,-9999.0,-9999.0,-9999.0,-9999.0,-9999.0,-9999.0,-9999.0,-9999.0,-9999.0,size,orientation,color,0.26,-16.0,16,male,0,2706.1785744,0,26
1484,-9999.0,-9999.0,-9999.0,-9999.0,-9999.0,-9999.0,-9999.0,-9999.0,-9999.0,size,orientation,color,0.26,-16.0,16,male,0,2706.1785744,0,26
1485,-9999.0,-9999.0,-9999.0,-9999.0,-9999.0,-9999.0,-9999.0,-9999.0,-9999.0,size,orientation,color,0.26,-16.0,16,male,0,2706.1785744,0,26
1486,-9999.0,-9999.0,-9999.0,-9999.0,-9999.0,-9999.0,-9999.0,-9999.0,-9999.0,size,orientation,color,0.26,-16.0,16,male,0,2706.1785744,0,26
1487,-9999.0,-9999.0,-9999.0,-9999.0,-9999.0,-9999.0,-9999.0,-9999.0,-9999.0,size,orientation,color,0.26,-16.0,16,male,0,2706.1785744,0,26
1488,-9999.0,-9999.0,-9999.0,-9999.0,-9999.0,-9999.0,-9999.0,-9999.0,-9999.0,size,orientation,color,0.26,-16.0,16,male,0,2706.1785744,0,26
1489,-9999.0,-9999.0,-9999.0,-9999.0,-9999.0,-9999.0,-9999.0,-9999.0,-9999.0,size,orientation,color,0.26,-16.0,16,male,0,2706.1785744,0,26
1490,-9999.0,-9999.0,-9999.0,-9999.0,-9999.0,-9999.0,-9999.0,-9999.0,-9999.0,size,orientation,color,0.26,-16.0,16,male,0,2706.1785744,0,26
1491,-9999.0,-9999.0,-9999.0,-9999.0,-9999.0,-9999.0,-9999.0,-9999.0,-9999.0,size,orientation,color,0.26,-16.0,16,male,0,2706.1785744,0,26
1492,-9999.0,-9999.0,-9999.0,-9999.0,-9999.0,-9999.0,-9999.0,-9999.0,-9999.0,size,orientation,color,0.26,-16.0,16,male,0,2706.1785744,0,26
1493,-9999.0,-9999.0,-9999.0,-9999.0,-9999.0,-9999.0,-9999.0,-9999.0,-9999.0,size,orientation,color,0.26,-16.0,16,male,0,2706.1785744,0,26
1494,-9999.0,-9999.0,-9999.0,-9999.0,-9999.0,-9999.0,-9999.0,-9999.0,-9999.0,size,orientation,color,0.26,-16.0,16,male,0,2706.1785744,0,26
1495,-9999.0,-9999.0,-9999.0,-9999.0,-9999.0,-9999.0,-9999.0,-9999.0,-9999.0,size,orientation,color,0.26,-16.0,16,male,0,2706.1785744,0,26
1496,-9999.0,-9999.0,-9999.0,-9999.0,-9999.0,-9999.0,-9999.0,-9999.0,-9999.0,size,orientation,color,0.26,-16.0,16,male,0,2706.1785744,0,26
1497,-9999.0,-9999.0,-9999.0,-9999.0,-9999.0,-9999.0,-9999.0,-9999.0,-9999.0,size,orientation,color,0.26,-16.0,16,male,0,2706.1785744,0,26
1498,-9999.0,-9999.0,-9999.0,-9999.0,-9999.0,-9999.0,-9999.0,-9999.0,-9999.0,size,orientation,color,0.26,-16.0,16,male,0,2706.1785744,0,26
1499,-9999.0,-9999.0,-9999.0,-9999.0,-9999.0,-9999.0,-9999.0,-9999.0,-9999.0,size,orientation,color,0.26,-16.0,16,male,0,2706.1785744,0,26
1500,-9999.0,-9999.0,-9999.0,-9999.0,-9999.0,-9999.0,-9999.0,-9999.0,-9999.0,size,orientation,color,0.26,-16.0,16,male,0,2706.1785744,0,26
1501,-9999.0,-9999.0,-9999.0,-9999.0,-9999.0,-9999.0,-9999.0,-9999.0,-9999.0,size,orientation,color,0.26,-16.0,16,male,0,2706.1785744,0,26
1502,-9999.0,-9999.0,-9999.0,-9999.0,-9999.0,-9999.0,-9999.0,-9999.0,-9999.0,size,orientation,color,0.26,-16.0,16,male,0,2706.1785744,0,26
1503,-9999.0,-9999.0,-9999.0,-9999.0,-9999.0,-9999.0,-9999.0,-9999.0,-9999.0,size,orientation,color,0.26,-16.0,16,male,0,2706.1785744,0,26
1504,-9999.0,-9999.0,-9999.0,-9999.0,-9999.0,-9999.0,-9999.0,-9999.0,-9999.0,size,orientation,color,0.26,-16.0,16,male,0,2706.1785744,0,26
1505,-9999.0,-9999.0,-9999.0,-9999.0,-9999.0,-9999.0,-9999.0,-9999.0,-9999.0,size,orientation,color,0.26,-16.0,16,male,0,2706.1785744,0,26
1506,-9999.0,-9999.0,-9999.0,-9999.0,-9999.0,-9999.0,-9999.0,-9999.0,-9999.0,size,orientation,color,0.26,-16.0,16,male,0,2706.1785744,0,26
1507,-9999.0,-9999.0,-9999.0,-9999.0,-9999.0,-9999.0,-9999.0,-9999.0,-9999.0,size,orientation,color,0.26,-16.0,16,male,0,2706.1785744,0,26
1508,-9999.0,-9999.0,-9999.0,-9999.0,-9999.0,-9999.0,-9999.0,-9999.0,-9999.0,size,orientation,color,0.26,-16.0,16,male,0,2706.1785744,0,26
1509,-9999.0,-9999.0,-9999.0,-9999.0,-9999.0,-9999.0,-9999.0,-9999.0,-9999.0,size,orientation,color,0.26,-16.0,16,male,0,2706.1785744,0,26
1510,-9999.0,-9999.0,-9999.0,-9999.0,-9999.0,-9999.0,-9999.0,-9999.0,-9999.0,size,orientation,color,0.26,-16.0,16,male,0,2706.1785744,0,26
1511,-9999.0,-9999.0,-9999.0,-9999.0,-9999.0,-9999.0,-9999.0,-9999.0,-9999.0,size,orientation,color,0.26,-16.0,16,male,0,2706.1785744,0,26
1512,-9999.0,-9999.0,-9999.0,-9999.0,-9999.0,-9999.0,-9999.0,-9999.0,-9999.0,size,orientation,color,0.26,-16.0,16,male,0,2706.1785744,0,26
1513,-9999.0,-9999.0,-9999.0,-9999.0,-9999.0,-9999.0,-9999.0,-9999.0,-9999.0,size,orientation,color,0.26,-16.0,16,male,0,2706.1785744,0,26
1514,-9999.0,-9999.0,-9999.0,-9999.0,-9999.0,-9999.0,-9999.0,-9999.0,-9999.0,size,orientation,color,0.26,-16.0,16,male,0,2706.1785744,0,26
1515,-9999.0,-9999.0,-9999.0,-9999.0,-9999.0,-9999.0,-9999.0,-9999.0,-9999.0,size,orientation,color,0.26,-16.0,16,male,0,2706.1785744,0,26
1516,-9999.0,-9999.0,-9999.0,-9999.0,-9999.0,-9999.0,-9999.0,-9999.0,-9999.0,size,orientation,color,0.26,-16.0,16,male,0,2706.1785744,0,26
1517,-9999.0,-9999.0,-9999.0,-9999.0,-9999.0,-9999.0,-9999.0,-9999.0,-9999.0,size,orientation,color,0.26,-16.0,16,male,0,2706.1785744,0,26
1518,-9999.0,-9999.0,-9999.0,-9999.0,-9999.0,-9999.0,-9999.0,-9999.0,-9999.0,size,orientation,color,0.26,-16.0,16,male,0,2706.1785744,0,26
1519,-9999.0,-9999.0,-9999.0,-9999.0,-9999.0,-9999.0,-9999.0,-9999.0,-9999.0,size,orientation,color,0.26,-16.0,16,male,0,2706.1785744,0,26
1520,-9999.0,-9999.0,-9999.0,-9999.0,-9999.0,-9999.0,-9999.0,-9999.0,-9999.0,size,orientation,color,0.26,-16.0,16,male,0,2706.1785744,0,26
1521,-9999.0,-9999.0,-9999.0,-9999.0,-9999.0,-9999.0,-9999.0,-9999.0,-9999.0,size,orientation,color,0.26,-16.0,16,male,0,2706.1785744,0,26
1522,-9999.0,-9999.0,-9999.0,-9999.0,-9999.0,-9999.0,-9999.0,-9999.0,-9999.0,size,orientation,color,0.26,-16.0,16,male,0,2706.1785744,0,26
1523,-9999.0,-9999.0,-9999.0,-9999.0,-9999.0,-9999.0,-9999.0,-9999.0,-9999.0,size,orientation,color,0.26,-16.0,16,male,0,2706.1785744,0,26
1524,-9999.0,-9999.0,-9999.0,-9999.0,-9999.0,-9999.0,-9999.0,-9999.0,-9999.0,size,orientation,color,0.26,-16.0,16,male,0,2706.1785744,0,26
1525,-9999.0,-9999.0,-9999.0,-9999.0,-9999.0,-9999.0,-9999.0,-9999.0,-9999.0,size,orientation,color,0.26,-16.0,16,male,0,2706.1785744,0,26
1526,-9999.0,-9999.0,-9999.0,-9999.0,-9999.0,-9999.0,-9999.0,-9999.0,-9999.0,size,orientation,color,0.26,-16.0,16,male,0,2706.1785744,0,26
1527,-9999.0,-9999.0,-9999.0,-9999.0,-9999.0,-9999.0,-9999.0,-9999.0,-9999.0,size,orientation,color,0.26,-16.0,16,male,0,2706.1785744,0,26
1528,-9999.0,-9999.0,-9999.0,-9999.0,-9999.0,-9999.0,-9999.0,-9999.0,-9999.0,size,orientation,color,0.26,-16.0,16,male,0,2706.1785744,0,26
1529,-9999.0,-9999.0,-9999.0,-9999.0,-9999.0,-9999.0,-9999.0,-9999.0,-9999.0,size,orientation,color,0.26,-16.0,16,male,0,2706.1785744,0,26
1530,-9999.0,-9999.0,-9999.0,-9999.0,-9999.0,-9999.0,-9999.0,-9999.0,-9999.0,size,orientation,color,0.26,-16.0,16,male,0,2706.1785744,0,26
1531,-9999.0,-9999.0,-9999.0,-9999.0,-9999.0,-9999.0,-9999.0,-9999.0,-9999.0,size,orientation,color,0.26,-16.0,16,male,0,2706.1785744,0,26
1532,-9999.0,-9999.0,-9999.0,-9999.0,-9999.0,-9999.0,-9999.0,-9999.0,-9999.0,size,orientation,color,0.26,-16.0,16,male,0,2706.1785744,0,26
1533,-9999.0,-9999.0,-9999.0,-9999.0,-9999.0,-9999.0,-9999.0,-9999.0,-9999.0,size,orientation,color,0.26,-16.0,16,male,0,2706.1785744,0,26
1534,-9999.0,-9999.0,-9999.0,-9999.0,-9999.0,-9999.0,-9999.0,-9999.0,-9999.0,size,orientation,color,0.26,-16.0,16,male,0,2706.1785744,0,26
1535,-9999.0,-9999.0,-9999.0,-9999.0,-9999.0,-9999.0,-9999.0,-9999.0,-9999.0,size,orientation,color,0.26,-16.0,16,male,0,2706.1785744,0,26
1536,-9999.0,-9999.0,-9999.0,-9999.0,-9999.0,-9999.0,-9999.0,-9999.0,-9999.0,size,orientation,color,0.26,-16.0,16,male,0,2706.1785744,0,26
1537,-9999.0,-9999.0,-9999.0,-9999.0,-9999.0,-9999.0,-9999.0,-9999.0,-9999.0,size,orientation,color,0.26,-16.0,16,male,0,2706.1785744,0,26
1538,-9999.0,-9999.0,-9999.0,-9999.0,-9999.0,-9999.0,-9999.0,-9999.0,-9999.0,size,orientation,color,0.26,-16.0,16,male,0,2706.1785744,0,26
1539,-9999.0,-9999.0,-9999.0,-9999.0,-9999.0,-9999.0,-9999.0,-9999.0,-9999.0,size,orientation,color,0.26,-16.0,16,male,0,2706.1785744,0,26
1540,-9999.0,-9999.0,-9999.0,-9999.0,-9999.0,-9999.0,-9999.0,-9999.0,-9999.0,size,orientation,color,0.26,-16.0,16,male,0,2706.1785744,0,26
1541,-9999.0,-9999.0,-9999.0,-9999.0,-9999.0,-9999.0,-9999.0,-9999.0,-9999.0,size,orientation,color,0.26,-16.0,16,male,0,2706.1785744,0,26
1542,-9999.0,-9999.0,-9999.0,-9999.0,-9999.0,-9999.0,-9999.0,-9999.0,-9999.0,size,orientation,color,0.26,-16.0,16,male,0,2706.1785744,0,26
1543,-9999.0,-9999.0,-9999.0,-9999.0,-9999.0,-9999.0,-9999.0,-9999.0,-9999.0,size,orientation,color,0.26,-16.0,16,male,0,2706.1785744,0,26
1544,-9999.0,-9999.0,-9999.0,-9999.0,-9999.0,-9999.0,-9999.0,-9999.0,-9999.0,size,orientation,color,0.26,-16.0,16,male,0,2706.1785744,0,26
1545,-9999.0,-9999.0,-9999.0,-9999.0,-9999.0,-9999.0,-9999.0,-9999.0,-9999.0,size,orientation,color,0.26,-16.0,16,male,0,2706.1785744,0,26
1546,-9999.0,-9999.0,-9999.0,-9999.0,-9999.0,-9999.0,-9999.0,-9999.0,-9999.0,size,orientation,color,0.26,-16.0,16,male,0,2706.1785744,0,26
1547,-9999.0,-9999.0,-9999.0,-9999.0,-9999.0,-9999.0,-9999.0,-9999.0,-9999.0,size,orientation,color,0.26,-16.0,16,male,0,2706.1785744,0,26
1548,-9999.0,-9999.0,-9999.0,-9999.0,-9999.0,-9999.0,-9999.0,-9999.0,-9999.0,size,orientation,color,0.26,-16.0,16,male,0,2706.1785744,0,26
1549,-9999.0,-9999.0,-9999.0,-9999.0,-9999.0,-9999.0,-9999.0,-9999.0,-9999.0,size,orientation,color,0.26,-16.0,16,male,0,2706.1785744,0,26
1550,-9999.0,-9999.0,-9999.0,-9999.0,-9999.0,-9999.0,-9999.0,-9999.0,-9999.0,size,orientation,color,0.26,-16.0,16,male,0,2706.1785744,0,26
1551,-9999.0,-9999.0,-9999.0,-9999.0,-9999.0,-9999.0,-9999.0,-9999.0,-9999.0,size,orientation,color,0.26,-16.0,16,male,0,2706.1785744,0,26
1552,-9999.0,-9999.0,-9999.0,-9999.0,-9999.0,-9999.0,-9999.0,-9999.0,-9999.0,size,orientation,color,0.26,-16.0,16,male,0,2706.1785744,0,26
1553,-9999.0,-9999.0,-9999.0,-9999.0,-9999.0,-9999.0,-9999.0,-9999.0,-9999.0,size,orientation,color,0.26,-16.0,16,male,0,2706.1785744,0,26
1554,-9999.0,-9999.0,-9999.0,-9999.0,-9999.0,-9999.0,-9999.0,-9999.0,-9999.0,size,orientation,color,0.26,-16.0,16,male,0,2706.1785744,0,26
1555,-9999.0,-9999.0,-9999.0,-9999.0,-9999.0,-9999.0,-9999.0,-9999.0,-9999.0,size,orientation,color,0.26,-16.0,16,male,0,2706.1785744,0,26
1556,-9999.0,-9999.0,-9999.0,-9999.0,-9999.0,-9999.0,-9999.0,-9999.0,-9999.0,size,orientation,color,0.26,-16.0,16,male,0,2706.1785744,0,26
1557,-9999.0,-9999.0,-9999.0,-9999.0,-9999.0,-9999.0,-9999.0,-9999.0,-9999.0,size,orientation,color,0.26,-16.0,16,male,0,2706.1785744,0,26
1558,-9999.0,-9999.0,-9999.0,-9999.0,-9999.0,-9999.0,-9999.0,-9999.0,-9999.0,size,orientation,color,0.26,-16.0,16,male,0,2706.1785744,0,26
1559,-9999.0,-9999.0,-9999.0,-9999.0,-9999.0,-9999.0,-9999.0,-9999.0,-9999.0,size,orientation,color,0.26,-16.0,16,male,0,2706.1785744,0,26
1560,-9999.0,-9999.0,-9999.0,-9999.0,-9999.0,-9999.0,-9999.0,-9999.0,-9999.0,size,orientation,color,0.26,-16.0,16,male,0,2706.1785744,0,26
1561,-9999.0,-9999.0,-9999.0,-9999.0,-9999.0,-9999.0,-9999.0,-9999.0,-9999.0,size,orientation,color,0.26,-16.0,16,male,0,2706.1785744,0,26
1562,-9999.0,-9999.0,-9999.0,-9999.0,-9999.0,-9999.0,-9999.0,-9999.0,-9999.0,size,orientation,color,0.26,-16.0,16,male,0,2706.1785744,0,26
1563,-9999.0,-9999.0,-9999.0,-9999.0,-9999.0,-9999.0,-9999.0,-9999.0,-9999.0,size,orientation,color,0.26,-16.0,16,male,0,2706.1785744,0,26
1564,-9999.0,-9999.0,-9999.0,-9999.0,-9999.0,-9999.0,-9999.0,-9999.0,-9999.0,size,orientation,color,0.26,-16.0,16,male,0,2706.1785744,0,26
1565,-9999.0,-9999.0,-9999.0,-9999.0,-9999.0,-9999.0,-9999.0,-9999.0,-9999.0,size,orientation,color,0.26,-16.0,16,male,0,2706.1785744,0,26
1566,-9999.0,-9999.0,-9999.0,-9999.0,-9999.0,-9999.0,-9999.0,-9999.0,-9999.0,size,orientation,color,0.26,-16.0,16,male,0,2706.1785744,0,26
1567,-9999.0,-9999.0,-9999.0,-9999.0,-9999.0,-9999.0,-9999.0,-9999.0,-9999.0,size,orientation,color,0.26,-16.0,16,male,0,2706.1785744,0,26
1568,-9999.0,-9999.0,-9999.0,-9999.0,-9999.0,-9999.0,-9999.0,-9999.0,-9999.0,size,orientation,color,0.26,-16.0,16,male,0,2706.1785744,0,26
1569,-9999.0,-9999.0,-9999.0,-9999.0,-9999.0,-9999.0,-9999.0,-9999.0,-9999.0,size,orientation,color,0.26,-16.0,16,male,0,2706.1785744,0,26
1570,-9999.0,-9999.0,-9999.0,-9999.0,-9999.0,-9999.0,-9999.0,-9999.0,-9999.0,size,orientation,color,0.26,-16.0,16,male,0,2706.1785744,0,26
1571,-9999.0,-9999.0,-9999.0,-9999.0,-9999.0,-9999.0,-9999.0,-9999.0,-9999.0,size,orientation,color,0.26,-16.0,16,male,0,2706.1785744,0,26
1572,-9999.0,-9999.0,-9999.0,-9999.0,-9999.0,-9999.0,-9999.0,-9999.0,-9999.0,size,orientation,color,0.26,-16.0,16,male,0,2706.1785744,0,26
1573,-9999.0,-9999.0,-9999.0,-9999.0,-9999.0,-9999.0,-9999.0,-9999.0,-9999.0,size,orientation,color,0.26,-16.0,16,male,0,2706.1785744,0,26
1574,-9999.0,-9999.0,-9999.0,-9999.0,-9999.0,-9999.0,-9999.0,-9999.0,-9999.0,size,orientation,color,0.26,-16.0,16,male,0,2706.1785744,0,26
1575,-9999.0,-9999.0,-9999.0,-9999.0,-9999.0,-9999.0,-9999.0,-9999.0,-9999.0,size,orientation,color,0.26,-16.0,16,male,0,2706.1785744,0,26
1576,-9999.0,-9999.0,-9999.0,-9999.0,-9999.0,-9999.0,-9999.0,-9999.0,-9999.0,size,orientation,color,0.26,-16.0,16,male,0,2706.1785744,0,26
1577,-9999.0,-9999.0,-9999.0,-9999.0,-9999.0,-9999.0,-9999.0,-9999.0,-9999.0,size,orientation,color,0.26,-16.0,16,male,0,2706.1785744,0,26
1578,-9999.0,-9999.0,-9999.0,-9999.0,-9999.0,-9999.0,-9999.0,-9999.0,-9999.0,size,orientation,color,0.26,-16.0,16,male,0,2706.1785744,0,26
1579,-9999.0,-9999.0,-9999.0,-9999.0,-9999.0,-9999.0,-9999.0,-9999.0,-9999.0,size,orientation,color,0.26,-16.0,16,male,0,2706.1785744,0,26
1580,-9999.0,-9999.0,-9999.0,-9999.0,-9999.0,-9999.0,-9999.0,-9999.0,-9999.0,size,orientation,color,0.26,-16.0,16,male,0,2706.1785744,0,26
1581,-9999.0,-9999.0,-9999.0,-9999.0,-9999.0,-9999.0,-9999.0,-9999.0,-9999.0,size,orientation,color,0.26,-16.0,16,male,0,2706.1785744,0,26
1582,-9999.0,-9999.0,-9999.0,-9999.0,-9999.0,-9999.0,-9999.0,-9999.0,-9999.0,size,orientation,color,0.26,-16.0,16,male,0,2706.1785744,0,26
1583,-9999.0,-9999.0,-9999.0,-9999.0,-9999.0,-9999.0,-9999.0,-9999.0,-9999.0,size,orientation,color,0.26,-16.0,16,male,0,2706.1785744,0,26
1584,-9999.0,-9999.0,-9999.0,-9999.0,-9999.0,-9999.0,-9999.0,-9999.0,-9999.0,size,orientation,color,0.26,-16.0,16,male,0,2706.1785744,0,26
1585,-9999.0,-9999.0,-9999.0,-9999.0,-9999.0,-9999.0,-9999.0,-9999.0,-9999.0,size,orientation,color,0.26,-16.0,16,male,0,2706.1785744,0,26
1586,-9999.0,-9999.0,-9999.0,-9999.0,-9999.0,-9999.0,-9999.0,-9999.0,-9999.0,size,orientation,color,0.26,-16.0,16,male,0,2706.1785744,0,26
1587,-9999.0,-9999.0,-9999.0,-9999.0,-9999.0,-9999.0,-9999.0,-9999.0,-9999.0,size,orientation,color,0.26,-16.0,16,male,0,2706.1785744,0,26
1588,-9999.0,-9999.0,-9999.0,-9999.0,-9999.0,-9999.0,-9999.0,-9999.0,-9999.0,size,orientation,color,0.26,-16.0,16,male,0,2706.1785744,0,26
1589,-9999.0,-9999.0,-9999.0,-9999.0,-9999.0,-9999.0,-9999.0,-9999.0,-9999.0,size,orientation,color,0.26,-16.0,16,male,0,2706.1785744,0,26
1590,-9999.0,-9999.0,-9999.0,-9999.0,-9999.0,-9999.0,-9999.0,-9999.0,-9999.0,size,orientation,color,0.26,-16.0,16,male,0,2706.1785744,0,26
1591,-9999.0,-9999.0,-9999.0,-9999.0,-9999.0,-9999.0,-9999.0,-9999.0,-9999.0,size,orientation,color,0.26,-16.0,16,male,0,2706.1785744,0,26
1592,-9999.0,-9999.0,-9999.0,-9999.0,-9999.0,-9999.0,-9999.0,-9999.0,-9999.0,size,orientation,color,0.26,-16.0,16,male,0,2706.1785744,0,26
1593,-9999.0,-9999.0,-9999.0,-9999.0,-9999.0,-9999.0,-9999.0,-9999.0,-9999.0,size,orientation,color,0.26,-16.0,16,male,0,2706.1785744,0,26
1594,-9999.0,-9999.0,-9999.0,-9999.0,-9999.0,-9999.0,-9999.0,-9999.0,-9999.0,size,orientation,color,0.26,-16.0,16,male,0,2706.1785744,0,26
1595,-9999.0,-9999.0,-9999.0,-9999.0,-9999.0,-9999.0,-9999.0,-9999.0,-9999.0,size,orientation,color,0.26,-16.0,16,male,0,2706.1785744,0,26
1596,-9999.0,-9999.0,-9999.0,-9999.0,-9999.0,-9999.0,-9999.0,-9999.0,-9999.0,size,orientation,color,0.26,-16.0,16,male,0,2706.1785744,0,26
1597,-9999.0,-9999.0,-9999.0,-9999.0,-9999.0,-9999.0,-9999.0,-9999.0,-9999.0,size,orientation,color,0.26,-16.0,16,male,0,2706.1785744,0,26
1598,-9999.0,-9999.0,-9999.0,-9999.0,-9999.0,-9999.0,-9999.0,-9999.0,-9999.0,size,orientation,color,0.26,-16.0,16,male,0,2706.1785744,0,26
1599,-9999.0,-9999.0,-9999.0,-9999.0,-9999.0,-9999.0,-9999.0,-9999.0,-9999.0,size,orientation,color,0.26,-16.0,16,male,0,2706.1785744,0,26
1600,-9999.0,-9999.0,-9999.0,-9999.0,-9999.0,-9999.0,-9999.0,-9999.0,-9999.0,size,orientation,color,0.26,-16.0,16,male,0,2706.1785744,0,26
1601,-9999.0,-9999.0,-9999.0,-9999.0,-9999.0,-9999.0,-9999.0,-9999.0,-9999.0,size,orientation,color,0.26,-16.0,16,male,0,2706.1785744,0,26
1602,-9999.0,-9999.0,-9999.0,-9999.0,-9999.0,-9999.0,-9999.0,-9999.0,-9999.0,size,orientation,color,0.26,-16.0,16,male,0,2706.1785744,0,26
1603,-9999.0,-9999.0,-9999.0,-9999.0,-9999.0,-9999.0,-9999.0,-9999.0,-9999.0,size,orientation,color,0.26,-16.0,16,male,0,2706.1785744,0,26
1604,-9999.0,-9999.0,-9999.0,-9999.0,-9999.0,-9999.0,-9999.0,-9999.0,-9999.0,size,orientation,color,0.26,-16.0,16,male,0,2706.1785744,0,26
1605,-9999.0,-9999.0,-9999.0,-9999.0,-9999.0,-9999.0,-9999.0,-9999.0,-9999.0,size,orientation,color,0.26,-16.0,16,male,0,2706.1785744,0,26
1606,-9999.0,-9999.0,-9999.0,-9999.0,-9999.0,-9999.0,-9999.0,-9999.0,-9999.0,size,orientation,color,0.26,-16.0,16,male,0,2706.1785744,0,26
1607,-9999.0,-9999.0,-9999.0,-9999.0,-9999.0,-9999.0,-9999.0,-9999.0,-9999.0,size,orientation,color,0.26,-16.0,16,male,0,2706.1785744,0,26
1608,-9999.0,-9999.0,-9999.0,-9999.0,-9999.0,-9999.0,-9999.0,-9999.0,-9999.0,size,orientation,color,0.26,-16.0,16,male,0,2706.1785744,0,26
1609,-9999.0,-9999.0,-9999.0,-9999.0,-9999.0,-9999.0,-9999.0,-9999.0,-9999.0,size,orientation,color,0.26,-16.0,16,male,0,2706.1785744,0,26
1610,-9999.0,-9999.0,-9999.0,-9999.0,-9999.0,-9999.0,-9999.0,-9999.0,-9999.0,size,orientation,color,0.26,-16.0,16,male,0,2706.1785744,0,26
1611,-9999.0,-9999.0,-9999.0,-9999.0,-9999.0,-9999.0,-9999.0,-9999.0,-9999.0,size,orientation,color,0.26,-16.0,16,male,0,2706.1785744,0,26
1612,-9999.0,-9999.0,-9999.0,-9999.0,-9999.0,-9999.0,-9999.0,-9999.0,-9999.0,size,orientation,color,0.26,-16.0,16,male,0,2706.1785744,0,26
1613,-9999.0,-9999.0,-9999.0,-9999.0,-9999.0,-9999.0,-9999.0,-9999.0,-9999.0,size,orientation,color,0.26,-16.0,16,male,0,2706.1785744,0,26
1614,-9999.0,-9999.0,-9999.0,-9999.0,-9999.0,-9999.0,-9999.0,-9999.0,-9999.0,size,orientation,color,0.26,-16.0,16,male,0,2706.1785744,0,26
1615,-9999.0,-9999.0,-9999.0,-9999.0,-9999.0,-9999.0,-9999.0,-9999.0,-9999.0,size,orientation,color,0.26,-16.0,16,male,0,2706.1785744,0,26
1616,-9999.0,-9999.0,-9999.0,-9999.0,-9999.0,-9999.0,-9999.0,-9999.0,-9999.0,size,orientation,color,0.26,-16.0,16,male,0,2706.1785744,0,26
1617,-9999.0,-9999.0,-9999.0,-9999.0,-9999.0,-9999.0,-9999.0,-9999.0,-9999.0,size,orientation,color,0.26,-16.0,16,male,0,2706.1785744,0,26
1618,-9999.0,-9999.0,-9999.0,-9999.0,-9999.0,-9999.0,-9999.0,-9999.0,-9999.0,size,orientation,color,0.26,-16.0,16,male,0,2706.1785744,0,26
1619,-9999.0,-9999.0,-9999.0,-9999.0,-9999.0,-9999.0,-9999.0,-9999.0,-9999.0,size,orientation,color,0.26,-16.0,16,male,0,2706.1785744,0,26
1620,-9999.0,-9999.0,-9999.0,-9999.0,-9999.0,-9999.0,-9999.0,-9999.0,-9999.0,size,orientation,color,0.26,-16.0,16,male,0,2706.1785744,0,26
1621,-9999.0,-9999.0,-9999.0,-9999.0,-9999.0,-9999.0,-9999.0,-9999.0,-9999.0,size,orientation,color,0.26,-16.0,16,male,0,2706.1785744,0,26
1622,-9999.0,-9999.0,-9999.0,-9999.0,-9999.0,-9999.0,-9999.0,-9999.0,-9999.0,size,orientation,color,0.26,-16.0,16,male,0,2706.1785744,0,26
1623,-9999.0,-9999.0,-9999.0,-9999.0,-9999.0,-9999.0,-9999.0,-9999.0,-9999.0,size,orientation,color,0.26,-16.0,16,male,0,2706.1785744,0,26
1624,-9999.0,-9999.0,-9999.0,-9999.0,-9999.0,-9999.0,-9999.0,-9999.0,-9999.0,size,orientation,color,0.26,-16.0,16,male,0,2706.1785744,0,26
1625,-9999.0,-9999.0,-9999.0,-9999.0,-9999.0,-9999.0,-9999.0,-9999.0,-9999.0,size,orientation,color,0.26,-16.0,16,male,0,2706.1785744,0,26
1626,-9999.0,-9999.0,-9999.0,-9999.0,-9999.0,-9999.0,-9999.0,-9999.0,-9999.0,size,orientation,color,0.26,-16.0,16,male,0,2706.1785744,0,26
1627,-9999.0,-9999.0,-9999.0,-9999.0,-9999.0,-9999.0,-9999.0,-9999.0,-9999.0,size,orientation,color,0.26,-16.0,16,male,0,2706.1785744,0,26
1628,-9999.0,-9999.0,-9999.0,-9999.0,-9999.0,-9999.0,-9999.0,-9999.0,-9999.0,size,orientation,color,0.26,-16.0,16,male,0,2706.1785744,0,26
1629,-9999.0,-9999.0,-9999.0,-9999.0,-9999.0,-9999.0,-9999.0,-9999.0,-9999.0,size,orientation,color,0.26,-16.0,16,male,0,2706.1785744,0,26
1630,-9999.0,-9999.0,-9999.0,-9999.0,-9999.0,-9999.0,-9999.0,-9999.0,-9999.0,size,orientation,color,0.26,-16.0,16,male,0,2706.1785744,0,26
1631,-9999.0,-9999.0,-9999.0,-9999.0,-9999.0,-9999.0,-9999.0,-9999.0,-9999.0,size,orientation,color,0.26,-16.0,16,male,0,2706.1785744,0,26
1632,-9999.0,-9999.0,-9999.0,-9999.0,-9999.0,-9999.0,-9999.0,-9999.0,-9999.0,size,orientation,color,0.26,-16.0,16,male,0,2706.1785744,0,26
1633,-9999.0,-9999.0,-9999.0,-9999.0,-9999.0,-9999.0,-9999.0,-9999.0,-9999.0,size,orientation,color,0.26,-16.0,16,male,0,2706.1785744,0,26
1634,-9999.0,-9999.0,-9999.0,-9999.0,-9999.0,-9999.0,-9999.0,-9999.0,-9999.0,size,orientation,color,0.26,-16.0,16,male,0,2706.1785744,0,26
1635,-9999.0,-9999.0,-9999.0,-9999.0,-9999.0,-9999.0,-9999.0,-9999.0,-9999.0,size,orientation,color,0.26,-16.0,16,male,0,2706.1785744,0,26
1636,-9999.0,-9999.0,-9999.0,-9999.0,-9999.0,-9999.0,-9999.0,-9999.0,-9999.0,size,orientation,color,0.26,-16.0,16,male,0,2706.1785744,0,26
1637,-9999.0,-9999.0,-9999.0,-9999.0,-9999.0,-9999.0,-9999.0,-9999.0,-9999.0,size,orientation,color,0.26,-16.0,16,male,0,2706.1785744,0,26
1638,-9999.0,-9999.0,-9999.0,-9999.0,-9999.0,-9999.0,-9999.0,-9999.0,-9999.0,size,orientation,color,0.26,-16.0,16,male,0,2706.1785744,0,26
1639,-9999.0,-9999.0,-9999.0,-9999.0,-9999.0,-9999.0,-9999.0,-9999.0,-9999.0,size,orientation,color,0.26,-16.0,16,male,0,2706.1785744,0,26
1640,-9999.0,-9999.0,-9999.0,-9999.0,-9999.0,-9999.0,-9999.0,-9999.0,-9999.0,size,orientation,color,0.26,-16.0,16,male,0,2706.1785744,0,26
1641,-9999.0,-9999.0,-9999.0,-9999.0,-9999.0,-9999.0,-9999.0,-9999.0,-9999.0,size,orientation,color,0.26,-16.0,16,male,0,2706.1785744,0,26
1642,-9999.0,-9999.0,-9999.0,-9999.0,-9999.0,-9999.0,-9999.0,-9999.0,-9999.0,size,orientation,color,0.26,-16.0,16,male,0,2706.1785744,0,26
1643,-9999.0,-9999.0,-9999.0,-9999.0,-9999.0,-9999.0,-9999.0,-9999.0,-9999.0,size,orientation,color,0.26,-16.0,16,male,0,2706.1785744,0,26
1644,-9999.0,-9999.0,-9999.0,-9999.0,-9999.0,-9999.0,-9999.0,-9999.0,-9999.0,size,orientation,color,0.26,-16.0,16,male,0,2706.1785744,0,26
1645,-9999.0,-9999.0,-9999.0,-9999.0,-9999.0,-9999.0,-9999.0,-9999.0,-9999.0,size,orientation,color,0.26,-16.0,16,male,0,2706.1785744,0,26
1646,-9999.0,-9999.0,-9999.0,-9999.0,-9999.0,-9999.0,-9999.0,-9999.0,-9999.0,size,orientation,color,0.26,-16.0,16,male,0,2706.1785744,0,26
1647,-9999.0,-9999.0,-9999.0,-9999.0,-9999.0,-9999.0,-9999.0,-9999.0,-9999.0,size,orientation,color,0.26,-16.0,16,male,0,2706.1785744,0,26
1648,-9999.0,-9999.0,-9999.0,-9999.0,-9999.0,-9999.0,-9999.0,-9999.0,-9999.0,size,orientation,color,0.26,-16.0,16,male,0,2706.1785744,0,26
1649,-9999.0,-9999.0,-9999.0,-9999.0,-9999.0,-9999.0,-9999.0,-9999.0,-9999.0,size,orientation,color,0.26,-16.0,16,male,0,2706.1785744,0,26
1650,-9999.0,-9999.0,-9999.0,-9999.0,-9999.0,-9999.0,-9999.0,-9999.0,-9999.0,size,orientation,color,0.26,-16.0,16,male,0,2706.1785744,0,26
1651,-9999.0,-9999.0,-9999.0,-9999.0,-9999.0,-9999.0,-9999.0,-9999.0,-9999.0,size,orientation,color,0.26,-16.0,16,male,0,2706.1785744,0,26
1652,-9999.0,-9999.0,-9999.0,-9999.0,-9999.0,-9999.0,-9999.0,-9999.0,-9999.0,size,orientation,color,0.26,-16.0,16,male,0,2706.1785744,0,26
1653,-9999.0,-9999.0,-9999.0,-9999.0,-9999.0,-9999.0,-9999.0,-9999.0,-9999.0,size,orientation,color,0.26,-16.0,16,male,0,2706.1785744,0,26
1654,-9999.0,-9999.0,-9999.0,-9999.0,-9999.0,-9999.0,-9999.0,-9999.0,-9999.0,size,orientation,color,0.26,-16.0,16,male,0,2706.1785744,0,26
1655,-9999.0,-9999.0,-9999.0,-9999.0,-9999.0,-9999.0,-9999.0,-9999.0,-9999.0,size,orientation,color,0.26,-16.0,16,male,0,2706.1785744,0,26
1656,-9999.0,-9999.0,-9999.0,-9999.0,-9999.0,-9999.0,-9999.0,-9999.0,-9999.0,size,orientation,color,0.26,-16.0,16,male,0,2706.1785744,0,26
1657,-9999.0,-9999.0,-9999.0,-9999.0,-9999.0,-9999.0,-9999.0,-9999.0,-9999.0,size,orientation,color,0.26,-16.0,16,male,0,2706.1785744,0,26
1658,-9999.0,-9999.0,-9999.0,-9999.0,-9999.0,-9999.0,-9999.0,-9999.0,-9999.0,size,orientation,color,0.26,-16.0,16,male,0,2706.1785744,0,26
1659,-9999.0,-9999.0,-9999.0,-9999.0,-9999.0,-9999.0,-9999.0,-9999.0,-9999.0,size,orientation,color,0.26,-16.0,16,male,0,2706.1785744,0,26
1660,-9999.0,-9999.0,-9999.0,-9999.0,-9999.0,-9999.0,-9999.0,-9999.0,-9999.0,size,orientation,color,0.26,-16.0,16,male,0,2706.1785744,0,26
1661,-9999.0,-9999.0,-9999.0,-9999.0,-9999.0,-9999.0,-9999.0,-9999.0,-9999.0,size,orientation,color,0.26,-16.0,16,male,0,2706.1785744,0,26
1662,-9999.0,-9999.0,-9999.0,-9999.0,-9999.0,-9999.0,-9999.0,-9999.0,-9999.0,size,orientation,color,0.26,-16.0,16,male,0,2706.1785744,0,26
1663,-9999.0,-9999.0,-9999.0,-9999.0,-9999.0,-9999.0,-9999.0,-9999.0,-9999.0,size,orientation,color,0.26,-16.0,16,male,0,2706.1785744,0,26
1664,-9999.0,-9999.0,-9999.0,-9999.0,-9999.0,-9999.0,-9999.0,-9999.0,-9999.0,size,orientation,color,0.26,-16.0,16,male,0,2706.1785744,0,26
1665,-9999.0,-9999.0,-9999.0,-9999.0,-9999.0,-9999.0,-9999.0,-9999.0,-9999.0,size,orientation,color,0.26,-16.0,16,male,0,2706.1785744,0,26
1666,-9999.0,-9999.0,-9999.0,-9999.0,-9999.0,-9999.0,-9999.0,-9999.0,-9999.0,size,orientation,color,0.26,-16.0,16,male,0,2706.1785744,0,26
1667,-9999.0,-9999.0,-9999.0,-9999.0,-9999.0,-9999.0,-9999.0,-9999.0,-9999.0,size,orientation,color,0.26,-16.0,16,male,0,2706.1785744,0,26
1668,-9999.0,-9999.0,-9999.0,-9999.0,-9999.0,-9999.0,-9999.0,-9999.0,-9999.0,size,orientation,color,0.26,-16.0,16,male,0,2706.1785744,0,26
1669,-9999.0,-9999.0,-9999.0,-9999.0,-9999.0,-9999.0,-9999.0,-9999.0,-9999.0,size,orientation,color,0.26,-16.0,16,male,0,2706.1785744,0,26
1670,-9999.0,-9999.0,-9999.0,-9999.0,-9999.0,-9999.0,-9999.0,-9999.0,-9999.0,size,orientation,color,0.26,-16.0,16,male,0,2706.1785744,0,26
1671,-9999.0,-9999.0,-9999.0,-9999.0,-9999.0,-9999.0,-9999.0,-9999.0,-9999.0,size,orientation,color,0.26,-16.0,16,male,0,2706.1785744,0,26
1672,-9999.0,-9999.0,-9999.0,-9999.0,-9999.0,-9999.0,-9999.0,-9999.0,-9999.0,size,orientation,color,0.26,-16.0,16,male,0,2706.1785744,0,26
1673,-9999.0,-9999.0,-9999.0,-9999.0,-9999.0,-9999.0,-9999.0,-9999.0,-9999.0,size,orientation,color,0.26,-16.0,16,male,0,2706.1785744,0,26
1674,-9999.0,-9999.0,-9999.0,-9999.0,-9999.0,-9999.0,-9999.0,-9999.0,-9999.0,size,orientation,color,0.26,-16.0,16,male,0,2706.1785744,0,26
1675,-9999.0,-9999.0,-9999.0,-9999.0,-9999.0,-9999.0,-9999.0,-9999.0,-9999.0,size,orientation,color,0.26,-16.0,16,male,0,2706.1785744,0,26
1676,-9999.0,-9999.0,-9999.0,-9999.0,-9999.0,-9999.0,-9999.0,-9999.0,-9999.0,size,orientation,color,0.26,-16.0,16,male,0,2706.1785744,0,26
1677,-9999.0,-9999.0,-9999.0,-9999.0,-9999.0,-9999.0,-9999.0,-9999.0,-9999.0,size,orientation,color,0.26,-16.0,16,male,0,2706.1785744,0,26
1678,-9999.0,-9999.0,-9999.0,-9999.0,-9999.0,-9999.0,-9999.0,-9999.0,-9999.0,size,orientation,color,0.26,-16.0,16,male,0,2706.1785744,0,26
1679,-9999.0,-9999.0,-9999.0,-9999.0,-9999.0,-9999.0,-9999.0,-9999.0,-9999.0,size,orientation,color,0.26,-16.0,16,male,0,2706.1785744,0,26
1680,-9999.0,-9999.0,-9999.0,-9999.0,-9999.0,-9999.0,-9999.0,-9999.0,-9999.0,size,orientation,color,0.26,-16.0,16,male,0,2706.1785744,0,26
1681,-9999.0,-9999.0,-9999.0,-9999.0,-9999.0,-9999.0,-9999.0,-9999.0,-9999.0,size,orientation,color,0.26,-16.0,16,male,0,2706.1785744,0,26
1682,-9999.0,-9999.0,-9999.0,-9999.0,-9999.0,-9999.0,-9999.0,-9999.0,-9999.0,size,orientation,color,0.26,-16.0,16,male,0,2706.1785744,0,26
1683,-9999.0,-9999.0,-9999.0,-9999.0,-9999.0,-9999.0,-9999.0,-9999.0,-9999.0,size,orientation,color,0.26,-16.0,16,male,0,2706.1785744,0,26
1684,-9999.0,-9999.0,-9999.0,-9999.0,-9999.0,-9999.0,-9999.0,-9999.0,-9999.0,size,orientation,color,0.26,-16.0,16,male,0,2706.1785744,0,26
1685,-9999.0,-9999.0,-9999.0,-9999.0,-9999.0,-9999.0,-9999.0,-9999.0,-9999.0,size,orientation,color,0.26,-16.0,16,male,0,2706.1785744,0,26
1686,-9999.0,-9999.0,-9999.0,-9999.0,-9999.0,-9999.0,-9999.0,-9999.0,-9999.0,size,orientation,color,0.26,-16.0,16,male,0,2706.1785744,0,26
1687,-9999.0,-9999.0,-9999.0,-9999.0,-9999.0,-9999.0,-9999.0,-9999.0,-9999.0,size,orientation,color,0.26,-16.0,16,male,0,2706.1785744,0,26
1688,-9999.0,-9999.0,-9999.0,-9999.0,-9999.0,-9999.0,-9999.0,-9999.0,-9999.0,size,orientation,color,0.26,-16.0,16,male,0,2706.1785744,0,26
1689,-9999.0,-9999.0,-9999.0,-9999.0,-9999.0,-9999.0,-9999.0,-9999.0,-9999.0,size,orientation,color,0.26,-16.0,16,male,0,2706.1785744,0,26
1690,-9999.0,-9999.0,-9999.0,-9999.0,-9999.0,-9999.0,-9999.0,-9999.0,-9999.0,size,orientation,color,0.26,-16.0,16,male,0,2706.1785744,0,26
1691,-9999.0,-9999.0,-9999.0,-9999.0,-9999.0,-9999.0,-9999.0,-9999.0,-9999.0,size,orientation,color,0.26,-16.0,16,male,0,2706.1785744,0,26
1692,-9999.0,-9999.0,-9999.0,-9999.0,-9999.0,-9999.0,-9999.0,-9999.0,-9999.0,size,orientation,color,0.26,-16.0,16,male,0,2706.1785744,0,26
1693,-9999.0,-9999.0,-9999.0,-9999.0,-9999.0,-9999.0,-9999.0,-9999.0,-9999.0,size,orientation,color,0.26,-16.0,16,male,0,2706.1785744,0,26
1694,-9999.0,-9999.0,-9999.0,-9999.0,-9999.0,-9999.0,-9999.0,-9999.0,-9999.0,size,orientation,color,0.26,-16.0,16,male,0,2706.1785744,0,26
1695,-9999.0,-9999.0,-9999.0,-9999.0,-9999.0,-9999.0,-9999.0,-9999.0,-9999.0,size,orientation,color,0.26,-16.0,16,male,0,2706.1785744,0,26
1696,-9999.0,-9999.0,-9999.0,-9999.0,-9999.0,-9999.0,-9999.0,-9999.0,-9999.0,size,orientation,color,0.26,-16.0,16,male,0,2706.1785744,0,26
1697,-9999.0,-9999.0,-9999.0,-9999.0,-9999.0,-9999.0,-9999.0,-9999.0,-9999.0,size,orientation,color,0.26,-16.0,16,male,0,2706.1785744,0,26
1698,-9999.0,-9999.0,-9999.0,-9999.0,-9999.0,-9999.0,-9999.0,-9999.0,-9999.0,size,orientation,color,0.26,-16.0,16,male,0,2706.1785744,0,26
1699,-9999.0,-9999.0,-9999.0,-9999.0,-9999.0,-9999.0,-9999.0,-9999.0,-9999.0,size,orientation,color,0.26,-16.0,16,male,0,2706.1785744,0,26
1700,-9999.0,-9999.0,-9999.0,-9999.0,-9999.0,-9999.0,-9999.0,-9999.0,-9999.0,size,orientation,color,0.26,-16.0,16,male,0,2706.1785744,0,26
1701,-9999.0,-9999.0,-9999.0,-9999.0,-9999.0,-9999.0,-9999.0,-9999.0,-9999.0,size,orientation,color,0.26,-16.0,16,male,0,2706.1785744,0,26
1702,-9999.0,-9999.0,-9999.0,-9999.0,-9999.0,-9999.0,-9999.0,-9999.0,-9999.0,size,orientation,color,0.26,-16.0,16,male,0,2706.1785744,0,26
1703,-9999.0,-9999.0,-9999.0,-9999.0,-9999.0,-9999.0,-9999.0,-9999.0,-9999.0,size,orientation,color,0.26,-16.0,16,male,0,2706.1785744,0,26
1704,-9999.0,-9999.0,-9999.0,-9999.0,-9999.0,-9999.0,-9999.0,-9999.0,-9999.0,size,orientation,color,0.26,-16.0,16,male,0,2706.1785744,0,26
1705,-9999.0,-9999.0,-9999.0,-9999.0,-9999.0,-9999.0,-9999.0,-9999.0,-9999.0,size,orientation,color,0.26,-16.0,16,male,0,2706.1785744,0,26
1706,-9999.0,-9999.0,-9999.0,-9999.0,-9999.0,-9999.0,-9999.0,-9999.0,-9999.0,size,orientation,color,0.26,-16.0,16,male,0,2706.1785744,0,26
1707,-9999.0,-9999.0,-9999.0,-9999.0,-9999.0,-9999.0,-9999.0,-9999.0,-9999.0,size,orientation,color,0.26,-16.0,16,male,0,2706.1785744,0,26
1708,-9999.0,-9999.0,-9999.0,-9999.0,-9999.0,-9999.0,-9999.0,-9999.0,-9999.0,size,orientation,color,0.26,-16.0,16,male,0,2706.1785744,0,26
1709,-9999.0,-9999.0,-9999.0,-9999.0,-9999.0,-9999.0,-9999.0,-9999.0,-9999.0,size,orientation,color,0.26,-16.0,16,male,0,2706.1785744,0,26
1710,-9999.0,-9999.0,-9999.0,-9999.0,-9999.0,-9999.0,-9999.0,-9999.0,-9999.0,size,orientation,color,0.26,-16.0,16,male,0,2706.1785744,0,26
1711,-9999.0,-9999.0,-9999.0,-9999.0,-9999.0,-9999.0,-9999.0,-9999.0,-9999.0,size,orientation,color,0.26,-16.0,16,male,0,2706.1785744,0,26
1712,-9999.0,-9999.0,-9999.0,-9999.0,-9999.0,-9999.0,-9999.0,-9999.0,-9999.0,size,orientation,color,0.26,-16.0,16,male,0,2706.1785744,0,26
1713,-9999.0,-9999.0,-9999.0,-9999.0,-9999.0,-9999.0,-9999.0,-9999.0,-9999.0,size,orientation,color,0.26,-16.0,16,male,0,2706.1785744,0,26
1714,-9999.0,-9999.0,-9999.0,-9999.0,-9999.0,-9999.0,-9999.0,-9999.0,-9999.0,size,orientation,color,0.26,-16.0,16,male,0,2706.1785744,0,26
1715,-9999.0,-9999.0,-9999.0,-9999.0,-9999.0,-9999.0,-9999.0,-9999.0,-9999.0,size,orientation,color,0.26,-16.0,16,male,0,2706.1785744,0,26
1716,-9999.0,-9999.0,-9999.0,-9999.0,-9999.0,-9999.0,-9999.0,-9999.0,-9999.0,size,orientation,color,0.26,-16.0,16,male,0,2706.1785744,0,26
1717,-9999.0,-9999.0,-9999.0,-9999.0,-9999.0,-9999.0,-9999.0,-9999.0,-9999.0,size,orientation,color,0.26,-16.0,16,male,0,2706.1785744,0,26
1718,-9999.0,-9999.0,-9999.0,-9999.0,-9999.0,-9999.0,-9999.0,-9999.0,-9999.0,size,orientation,color,0.26,-16.0,16,male,0,2706.1785744,0,26
1719,-9999.0,-9999.0,-9999.0,-9999.0,-9999.0,-9999.0,-9999.0,-9999.0,-9999.0,size,orientation,color,0.26,-16.0,16,male,0,2706.1785744,0,26
1720,-9999.0,-9999.0,-9999.0,-9999.0,-9999.0,-9999.0,-9999.0,-9999.0,-9999.0,size,orientation,color,0.26,-16.0,16,male,0,2706.1785744,0,26
1721,-9999.0,-9999.0,-9999.0,-9999.0,-9999.0,-9999.0,-9999.0,-9999.0,-9999.0,size,orientation,color,0.26,-16.0,16,male,0,2706.1785744,0,26
1722,-9999.0,-9999.0,-9999.0,-9999.0,-9999.0,-9999.0,-9999.0,-9999.0,-9999.0,size,orientation,color,0.26,-16.0,16,male,0,2706.1785744,0,26
1723,-9999.0,-9999.0,-9999.0,-9999.0,-9999.0,-9999.0,-9999.0,-9999.0,-9999.0,size,orientation,color,0.26,-16.0,16,male,0,2706.1785744,0,26
1724,-9999.0,-9999.0,-9999.0,-9999.0,-9999.0,-9999.0,-9999.0,-9999.0,-9999.0,size,orientation,color,0.26,-16.0,16,male,0,2706.1785744,0,26
1725,-9999.0,-9999.0,-9999.0,-9999.0,-9999.0,-9999.0,-9999.0,-9999.0,-9999.0,size,orientation,color,0.26,-16.0,16,male,0,2706.1785744,0,26
1726,-9999.0,-9999.0,-9999.0,-9999.0,-9999.0,-9999.0,-9999.0,-9999.0,-9999.0,size,orientation,color,0.26,-16.0,16,male,0,2706.1785744,0,26
1727,-9999.0,-9999.0,-9999.0,-9999.0,-9999.0,-9999.0,-9999.0,-9999.0,-9999.0,size,orientation,color,0.26,-16.0,16,male,0,2706.1785744,0,26
1728,-9999.0,-9999.0,-9999.0,-9999.0,-9999.0,-9999.0,-9999.0,-9999.0,-9999.0,size,orientation,color,0.26,-16.0,16,male,0,2706.1785744,0,26
1729,-9999.0,-9999.0,-9999.0,-9999.0,-9999.0,-9999.0,-9999.0,-9999.0,-9999.0,size,orientation,color,0.26,-16.0,16,male,0,2706.1785744,0,26
1730,-9999.0,-9999.0,-9999.0,-9999.0,-9999.0,-9999.0,-9999.0,-9999.0,-9999.0,size,orientation,color,0.26,-16.0,16,male,0,2706.1785744,0,26
1731,-9999.0,-9999.0,-9999.0,-9999.0,-9999.0,-9999.0,-9999.0,-9999.0,-9999.0,size,orientation,color,0.26,-16.0,16,male,0,2706.1785744,0,26
1732,-9999.0,-9999.0,-9999.0,-9999.0,-9999.0,-9999.0,-9999.0,-9999.0,-9999.0,size,orientation,color,0.26,-16.0,16,male,0,2706.1785744,0,26
1733,-9999.0,-9999.0,-9999.0,-9999.0,-9999.0,-9999.0,-9999.0,-9999.0,-9999.0,size,orientation,color,0.26,-16.0,16,male,0,2706.1785744,0,26
1734,-9999.0,-9999.0,-9999.0,-9999.0,-9999.0,-9999.0,-9999.0,-9999.0,-9999.0,size,orientation,color,0.26,-16.0,16,male,0,2706.1785744,0,26
1735,-9999.0,-9999.0,-9999.0,-9999.0,-9999.0,-9999.0,-9999.0,-9999.0,-9999.0,size,orientation,color,0.26,-16.0,16,male,0,2706.1785744,0,26
1736,-9999.0,-9999.0,-9999.0,-9999.0,-9999.0,-9999.0,-9999.0,-9999.0,-9999.0,size,orientation,color,0.26,-16.0,16,male,0,2706.1785744,0,26
1737,-9999.0,-9999.0,-9999.0,-9999.0,-9999.0,-9999.0,-9999.0,-9999.0,-9999.0,size,orientation,color,0.26,-16.0,16,male,0,2706.1785744,0,26
1738,-9999.0,-9999.0,-9999.0,-9999.0,-9999.0,-9999.0,-9999.0,-9999.0,-9999.0,size,orientation,color,0.26,-16.0,16,male,0,2706.1785744,0,26
1739,-9999.0,-9999.0,-9999.0,-9999.0,-9999.0,-9999.0,-9999.0,-9999.0,-9999.0,size,orientation,color,0.26,-16.0,16,male,0,2706.1785744,0,26
1740,-9999.0,-9999.0,-9999.0,-9999.0,-9999.0,-9999.0,-9999.0,-9999.0,-9999.0,size,orientation,color,0.26,-16.0,16,male,0,2706.1785744,0,26
1741,-9999.0,-9999.0,-9999.0,-9999.0,-9999.0,-9999.0,-9999.0,-9999.0,-9999.0,size,orientation,color,0.26,-16.0,16,male,0,2706.1785744,0,26
1742,-9999.0,-9999.0,-9999.0,-9999.0,-9999.0,-9999.0,-9999.0,-9999.0,-9999.0,size,orientation,color,0.26,-16.0,16,male,0,2706.1785744,0,26
1743,-9999.0,-9999.0,-9999.0,-9999.0,-9999.0,-9999.0,-9999.0,-9999.0,-9999.0,size,orientation,color,0.26,-16.0,16,male,0,2706.1785744,0,26
1744,-9999.0,-9999.0,-9999.0,-9999.0,-9999.0,-9999.0,-9999.0,-9999.0,-9999.0,size,orientation,color,0.26,-16.0,16,male,0,2706.1785744,0,26
1745,-9999.0,-9999.0,-9999.0,-9999.0,-9999.0,-9999.0,-9999.0,-9999.0,-9999.0,size,orientation,color,0.26,-16.0,16,male,0,2706.1785744,0,26
1746,-9999.0,-9999.0,-9999.0,-9999.0,-9999.0,-9999.0,-9999.0,-9999.0,-9999.0,size,orientation,color,0.26,-16.0,16,male,0,2706.1785744,0,26
1747,-9999.0,-9999.0,-9999.0,-9999.0,-9999.0,-9999.0,-9999.0,-9999.0,-9999.0,size,orientation,color,0.26,-16.0,16,male,0,2706.1785744,0,26
1748,-9999.0,-9999.0,-9999.0,-9999.0,-9999.0,-9999.0,-9999.0,-9999.0,-9999.0,size,orientation,color,0.26,-16.0,16,male,0,2706.1785744,0,26
1749,-9999.0,-9999.0,-9999.0,-9999.0,-9999.0,-9999.0,-9999.0,-9999.0,-9999.0,size,orientation,color,0.26,-16.0,16,male,0,2706.1785744,0,26
1750,-9999.0,-9999.0,-9999.0,-9999.0,-9999.0,-9999.0,-9999.0,-9999.0,-9999.0,size,orientation,color,0.26,-16.0,16,male,0,2706.1785744,0,26
1751,-9999.0,-9999.0,-9999.0,-9999.0,-9999.0,-9999.0,-9999.0,-9999.0,-9999.0,size,orientation,color,0.26,-16.0,16,male,0,2706.1785744,0,26
1752,-9999.0,-9999.0,-9999.0,-9999.0,-9999.0,-9999.0,-9999.0,-9999.0,-9999.0,size,orientation,color,0.26,-16.0,16,male,0,2706.1785744,0,26
1753,-9999.0,-9999.0,-9999.0,-9999.0,-9999.0,-9999.0,-9999.0,-9999.0,-9999.0,size,orientation,color,0.26,-16.0,16,male,0,2706.1785744,0,26
1754,-9999.0,-9999.0,-9999.0,-9999.0,-9999.0,-9999.0,-9999.0,-9999.0,-9999.0,size,orientation,color,0.26,-16.0,16,male,0,2706.1785744,0,26
1755,-9999.0,-9999.0,-9999.0,-9999.0,-9999.0,-9999.0,-9999.0,-9999.0,-9999.0,size,orientation,color,0.26,-16.0,16,male,0,2706.1785744,0,26
1756,-9999.0,-9999.0,-9999.0,-9999.0,-9999.0,-9999.0,-9999.0,-9999.0,-9999.0,size,orientation,color,0.26,-16.0,16,male,0,2706.1785744,0,26
1757,-9999.0,-9999.0,-9999.0,-9999.0,-9999.0,-9999.0,-9999.0,-9999.0,-9999.0,size,orientation,color,0.26,-16.0,16,male,0,2706.1785744,0,26
1758,-9999.0,-9999.0,-9999.0,-9999.0,-9999.0,-9999.0,-9999.0,-9999.0,-9999.0,size,orientation,color,0.26,-16.0,16,male,0,2706.1785744,0,26
1759,-9999.0,-9999.0,-9999.0,-9999.0,-9999.0,-9999.0,-9999.0,-9999.0,-9999.0,size,orientation,color,0.26,-16.0,16,male,0,2706.1785744,0,26
1760,-9999.0,-9999.0,-9999.0,-9999.0,-9999.0,-9999.0,-9999.0,-9999.0,-9999.0,size,orientation,color,0.26,-16.0,16,male,0,2706.1785744,0,26
1761,-9999.0,-9999.0,-9999.0,-9999.0,-9999.0,-9999.0,-9999.0,-9999.0,-9999.0,size,orientation,color,0.26,-16.0,16,male,0,2706.1785744,0,26
1762,-9999.0,-9999.0,-9999.0,-9999.0,-9999.0,-9999.0,-9999.0,-9999.0,-9999.0,size,orientation,color,0.26,-16.0,16,male,0,2706.1785744,0,26
1763,-9999.0,-9999.0,-9999.0,-9999.0,-9999.0,-9999.0,-9999.0,-9999.0,-9999.0,size,orientation,color,0.26,-16.0,16,male,0,2706.1785744,0,26
1764,-9999.0,-9999.0,-9999.0,-9999.0,-9999.0,-9999.0,-9999.0,-9999.0,-9999.0,size,orientation,color,0.26,-16.0,16,male,0,2706.1785744,0,26
1765,-9999.0,-9999.0,-9999.0,-9999.0,-9999.0,-9999.0,-9999.0,-9999.0,-9999.0,size,orientation,color,0.26,-16.0,16,male,0,2706.1785744,0,26
1766,-9999.0,-9999.0,-9999.0,-9999.0,-9999.0,-9999.0,-9999.0,-9999.0,-9999.0,size,orientation,color,0.26,-16.0,16,male,0,2706.1785744,0,26
1767,-9999.0,-9999.0,-9999.0,-9999.0,-9999.0,-9999.0,-9999.0,-9999.0,-9999.0,size,orientation,color,0.26,-16.0,16,male,0,2706.1785744,0,26
1768,-9999.0,-9999.0,-9999.0,-9999.0,-9999.0,-9999.0,-9999.0,-9999.0,-9999.0,size,orientation,color,0.26,-16.0,16,male,0,2706.1785744,0,26
1769,-9999.0,-9999.0,-9999.0,-9999.0,-9999.0,-9999.0,-9999.0,-9999.0,-9999.0,size,orientation,color,0.26,-16.0,16,male,0,2706.1785744,0,26
1770,-9999.0,-9999.0,-9999.0,-9999.0,-9999.0,-9999.0,-9999.0,-9999.0,-9999.0,size,orientation,color,0.26,-16.0,16,male,0,2706.1785744,0,26
1771,-9999.0,-9999.0,-9999.0,-9999.0,-9999.0,-9999.0,-9999.0,-9999.0,-9999.0,size,orientation,color,0.26,-16.0,16,male,0,2706.1785744,0,26
1772,-9999.0,-9999.0,-9999.0,-9999.0,-9999.0,-9999.0,-9999.0,-9999.0,-9999.0,size,orientation,color,0.26,-16.0,16,male,0,2706.1785744,0,26
1773,-9999.0,-9999.0,-9999.0,-9999.0,-9999.0,-9999.0,-9999.0,-9999.0,-9999.0,size,orientation,color,0.26,-16.0,16,male,0,2706.1785744,0,26
1774,-9999.0,-9999.0,-9999.0,-9999.0,-9999.0,-9999.0,-9999.0,-9999.0,-9999.0,size,orientation,color,0.26,-16.0,16,male,0,2706.1785744,0,26
1775,-9999.0,-9999.0,-9999.0,-9999.0,-9999.0,-9999.0,-9999.0,-9999.0,-9999.0,size,orientation,color,0.26,-16.0,16,male,0,2706.1785744,0,26
1776,-9999.0,-9999.0,-9999.0,-9999.0,-9999.0,-9999.0,-9999.0,-9999.0,-9999.0,size,orientation,color,0.26,-16.0,16,male,0,2706.1785744,0,26
1777,-9999.0,-9999.0,-9999.0,-9999.0,-9999.0,-9999.0,-9999.0,-9999.0,-9999.0,size,orientation,color,0.26,-16.0,16,male,0,2706.1785744,0,26
1778,-9999.0,-9999.0,-9999.0,-9999.0,-9999.0,-9999.0,-9999.0,-9999.0,-9999.0,size,orientation,color,0.26,-16.0,16,male,0,2706.1785744,0,26
1779,-9999.0,-9999.0,-9999.0,-9999.0,-9999.0,-9999.0,-9999.0,-9999.0,-9999.0,size,orientation,color,0.26,-16.0,16,male,0,2706.1785744,0,26
1780,-9999.0,-9999.0,-9999.0,-9999.0,-9999.0,-9999.0,-9999.0,-9999.0,-9999.0,size,orientation,color,0.26,-16.0,16,male,0,2706.1785744,0,26
1781,-9999.0,-9999.0,-9999.0,-9999.0,-9999.0,-9999.0,-9999.0,-9999.0,-9999.0,size,orientation,color,0.26,-16.0,16,male,0,2706.1785744,0,26
1782,-9999.0,-9999.0,-9999.0,-9999.0,-9999.0,-9999.0,-9999.0,-9999.0,-9999.0,size,orientation,color,0.26,-16.0,16,male,0,2706.1785744,0,26
1783,-9999.0,-9999.0,-9999.0,-9999.0,-9999.0,-9999.0,-9999.0,-9999.0,-9999.0,size,orientation,color,0.26,-16.0,16,male,0,2706.1785744,0,26
1784,-9999.0,-9999.0,-9999.0,-9999.0,-9999.0,-9999.0,-9999.0,-9999.0,-9999.0,size,orientation,color,0.26,-16.0,16,male,0,2706.1785744,0,26
1785,-9999.0,-9999.0,-9999.0,-9999.0,-9999.0,-9999.0,-9999.0,-9999.0,-9999.0,size,orientation,color,0.26,-16.0,16,male,0,2706.1785744,0,26
1786,-9999.0,-9999.0,-9999.0,-9999.0,-9999.0,-9999.0,-9999.0,-9999.0,-9999.0,size,orientation,color,0.26,-16.0,16,male,0,2706.1785744,0,26
1787,-9999.0,-9999.0,-9999.0,-9999.0,-9999.0,-9999.0,-9999.0,-9999.0,-9999.0,size,orientation,color,0.26,-16.0,16,male,0,2706.1785744,0,26
1788,-9999.0,-9999.0,-9999.0,-9999.0,-9999.0,-9999.0,-9999.0,-9999.0,-9999.0,size,orientation,color,0.26,-16.0,16,male,0,2706.1785744,0,26
1789,-9999.0,-9999.0,-9999.0,-9999.0,-9999.0,-9999.0,-9999.0,-9999.0,-9999.0,size,orientation,color,0.26,-16.0,16,male,0,2706.1785744,0,26
1790,-9999.0,-9999.0,-9999.0,-9999.0,-9999.0,-9999.0,-9999.0,-9999.0,-9999.0,size,orientation,color,0.26,-16.0,16,male,0,2706.1785744,0,26
1791,-9999.0,-9999.0,-9999.0,-9999.0,-9999.0,-9999.0,-9999.0,-9999.0,-9999.0,size,orientation,color,0.26,-16.0,16,male,0,2706.1785744,0,26
1792,-9999.0,-9999.0,-9999.0,-9999.0,-9999.0,-9999.0,-9999.0,-9999.0,-9999.0,size,orientation,color,0.26,-16.0,16,male,0,2706.1785744,0,26
1793,-9999.0,-9999.0,-9999.0,-9999.0,-9999.0,-9999.0,-9999.0,-9999.0,-9999.0,size,orientation,color,0.26,-16.0,16,male,0,2706.1785744,0,26
1794,-9999.0,-9999.0,-9999.0,-9999.0,-9999.0,-9999.0,-9999.0,-9999.0,-9999.0,size,orientation,color,0.26,-16.0,16,male,0,2706.1785744,0,26
1795,-9999.0,-9999.0,-9999.0,-9999.0,-9999.0,-9999.0,-9999.0,-9999.0,-9999.0,size,orientation,color,0.26,-16.0,16,male,0,2706.1785744,0,26
1796,-9999.0,-9999.0,-9999.0,-9999.0,-9999.0,-9999.0,-9999.0,-9999.0,-9999.0,size,orientation,color,0.26,-16.0,16,male,0,2706.1785744,0,26
1797,-9999.0,-9999.0,-9999.0,-9999.0,-9999.0,-9999.0,-9999.0,-9999.0,-9999.0,size,orientation,color,0.26,-16.0,16,male,0,2706.1785744,0,26
1798,-9999.0,-9999.0,-9999.0,-9999.0,-9999.0,-9999.0,-9999.0,-9999.0,-9999.0,size,orientation,color,0.26,-16.0,16,male,0,2706.1785744,0,26
1799,-9999.0,-9999.0,-9999.0,-9999.0,-9999.0,-9999.0,-9999.0,-9999.0,-9999.0,size,orientation,color,0.26,-16.0,16,male,0,2706.1785744,0,26
1800,-9999.0,-9999.0,-9999.0,-9999.0,-9999.0,-9999.0,-9999.0,-9999.0,-9999.0,size,orientation,color,0.26,-16.0,16,male,0,2706.1785744,0,26
1801,-9999.0,-9999.0,-9999.0,-9999.0,-9999.0,-9999.0,-9999.0,-9999.0,-9999.0,size,orientation,color,0.26,-16.0,16,male,0,2706.1785744,0,26
1802,-9999.0,-9999.0,-9999.0,-9999.0,-9999.0,-9999.0,-9999.0,-9999.0,-9999.0,size,orientation,color,0.26,-16.0,16,male,0,2706.1785744,0,26
1803,-9999.0,-9999.0,-9999.0,-9999.0,-9999.0,-9999.0,-9999.0,-9999.0,-9999.0,size,orientation,color,0.26,-16.0,16,male,0,2706.1785744,0,26
1804,-9999.0,-9999.0,-9999.0,-9999.0,-9999.0,-9999.0,-9999.0,-9999.0,-9999.0,size,orientation,color,0.26,-16.0,16,male,0,2706.1785744,0,26
1805,-9999.0,-9999.0,-9999.0,-9999.0,-9999.0,-9999.0,-9999.0,-9999.0,-9999.0,size,orientation,color,0.26,-16.0,16,male,0,2706.1785744,0,26
1806,-9999.0,-9999.0,-9999.0,-9999.0,-9999.0,-9999.0,-9999.0,-9999.0,-9999.0,size,orientation,color,0.26,-16.0,16,male,0,2706.1785744,0,26
1807,-9999.0,-9999.0,-9999.0,-9999.0,-9999.0,-9999.0,-9999.0,-9999.0,-9999.0,size,orientation,color,0.26,-16.0,16,male,0,2706.1785744,0,26
1808,-9999.0,-9999.0,-9999.0,-9999.0,-9999.0,-9999.0,-9999.0,-9999.0,-9999.0,size,orientation,color,0.26,-16.0,16,male,0,2706.1785744,0,26
1809,-9999.0,-9999.0,-9999.0,-9999.0,-9999.0,-9999.0,-9999.0,-9999.0,-9999.0,size,orientation,color,0.26,-16.0,16,male,0,2706.1785744,0,26
1810,-9999.0,-9999.0,-9999.0,-9999.0,-9999.0,-9999.0,-9999.0,-9999.0,-9999.0,size,orientation,color,0.26,-16.0,16,male,0,2706.1785744,0,26
1811,-9999.0,-9999.0,-9999.0,-9999.0,-9999.0,-9999.0,-9999.0,-9999.0,-9999.0,size,orientation,color,0.26,-16.0,16,male,0,2706.1785744,0,26
1812,-9999.0,-9999.0,-9999.0,-9999.0,-9999.0,-9999.0,-9999.0,-9999.0,-9999.0,size,orientation,color,0.26,-16.0,16,male,0,2706.1785744,0,26
1813,-9999.0,-9999.0,-9999.0,-9999.0,-9999.0,-9999.0,-9999.0,-9999.0,-9999.0,size,orientation,color,0.26,-16.0,16,male,0,2706.1785744,0,26
1814,-9999.0,-9999.0,-9999.0,-9999.0,-9999.0,-9999.0,-9999.0,-9999.0,-9999.0,size,orientation,color,0.26,-16.0,16,male,0,2706.1785744,0,26
1815,-9999.0,-9999.0,-9999.0,-9999.0,-9999.0,-9999.0,-9999.0,-9999.0,-9999.0,size,orientation,color,0.26,-16.0,16,male,0,2706.1785744,0,26
1816,-9999.0,-9999.0,-9999.0,-9999.0,-9999.0,-9999.0,-9999.0,-9999.0,-9999.0,size,orientation,color,0.26,-16.0,16,male,0,2706.1785744,0,26
1817,-9999.0,-9999.0,-9999.0,-9999.0,-9999.0,-9999.0,-9999.0,-9999.0,-9999.0,size,orientation,color,0.26,-16.0,16,male,0,2706.1785744,0,26
1818,-9999.0,-9999.0,-9999.0,-9999.0,-9999.0,-9999.0,-9999.0,-9999.0,-9999.0,size,orientation,color,0.26,-16.0,16,male,0,2706.1785744,0,26
1819,-9999.0,-9999.0,-9999.0,-9999.0,-9999.0,-9999.0,-9999.0,-9999.0,-9999.0,size,orientation,color,0.26,-16.0,16,male,0,2706.1785744,0,26
1820,-9999.0,-9999.0,-9999.0,-9999.0,-9999.0,-9999.0,-9999.0,-9999.0,-9999.0,size,orientation,color,0.26,-16.0,16,male,0,2706.1785744,0,26
1821,-9999.0,-9999.0,-9999.0,-9999.0,-9999.0,-9999.0,-9999.0,-9999.0,-9999.0,size,orientation,color,0.26,-16.0,16,male,0,2706.1785744,0,26
1822,-9999.0,-9999.0,-9999.0,-9999.0,-9999.0,-9999.0,-9999.0,-9999.0,-9999.0,size,orientation,color,0.26,-16.0,16,male,0,2706.1785744,0,26
1823,-9999.0,-9999.0,-9999.0,-9999.0,-9999.0,-9999.0,-9999.0,-9999.0,-9999.0,size,orientation,color,0.26,-16.0,16,male,0,2706.1785744,0,26
1824,-9999.0,-9999.0,-9999.0,-9999.0,-9999.0,-9999.0,-9999.0,-9999.0,-9999.0,size,orientation,color,0.26,-16.0,16,male,0,2706.1785744,0,26
1825,-9999.0,-9999.0,-9999.0,-9999.0,-9999.0,-9999.0,-9999.0,-9999.0,-9999.0,size,orientation,color,0.26,-16.0,16,male,0,2706.1785744,0,26
1826,-9999.0,-9999.0,-9999.0,-9999.0,-9999.0,-9999.0,-9999.0,-9999.0,-9999.0,size,orientation,color,0.26,-16.0,16,male,0,2706.1785744,0,26
1827,-9999.0,-9999.0,-9999.0,-9999.0,-9999.0,-9999.0,-9999.0,-9999.0,-9999.0,size,orientation,color,0.26,-16.0,16,male,0,2706.1785744,0,26
1828,-9999.0,-9999.0,-9999.0,-9999.0,-9999.0,-9999.0,-9999.0,-9999.0,-9999.0,size,orientation,color,0.26,-16.0,16,male,0,2706.1785744,0,26
1829,-9999.0,-9999.0,-9999.0,-9999.0,-9999.0,-9999.0,-9999.0,-9999.0,-9999.0,size,orientation,color,0.26,-16.0,16,male,0,2706.1785744,0,26
1830,-9999.0,-9999.0,-9999.0,-9999.0,-9999.0,-9999.0,-9999.0,-9999.0,-9999.0,size,orientation,color,0.26,-16.0,16,male,0,2706.1785744,0,26
1831,-9999.0,-9999.0,-9999.0,-9999.0,-9999.0,-9999.0,-9999.0,-9999.0,-9999.0,size,orientation,color,0.26,-16.0,16,male,0,2706.1785744,0,26
1832,-9999.0,-9999.0,-9999.0,-9999.0,-9999.0,-9999.0,-9999.0,-9999.0,-9999.0,size,orientation,color,0.26,-16.0,16,male,0,2706.1785744,0,26
1833,-9999.0,-9999.0,-9999.0,-9999.0,-9999.0,-9999.0,-9999.0,-9999.0,-9999.0,size,orientation,color,0.26,-16.0,16,male,0,2706.1785744,0,26
1834,-9999.0,-9999.0,-9999.0,-9999.0,-9999.0,-9999.0,-9999.0,-9999.0,-9999.0,size,orientation,color,0.26,-16.0,16,male,0,2706.1785744,0,26
1835,-9999.0,-9999.0,-9999.0,-9999.0,-9999.0,-9999.0,-9999.0,-9999.0,-9999.0,size,orientation,color,0.26,-16.0,16,male,0,2706.1785744,0,26
1836,-9999.0,-9999.0,-9999.0,-9999.0,-9999.0,-9999.0,-9999.0,-9999.0,-9999.0,size,orientation,color,0.26,-16.0,16,male,0,2706.1785744,0,26
1837,-9999.0,-9999.0,-9999.0,-9999.0,-9999.0,-9999.0,-9999.0,-9999.0,-9999.0,size,orientation,color,0.26,-16.0,16,male,0,2706.1785744,0,26
1838,-9999.0,-9999.0,-9999.0,-9999.0,-9999.0,-9999.0,-9999.0,-9999.0,-9999.0,size,orientation,color,0.26,-16.0,16,male,0,2706.1785744,0,26
1839,-9999.0,-9999.0,-9999.0,-9999.0,-9999.0,-9999.0,-9999.0,-9999.0,-9999.0,size,orientation,color,0.26,-16.0,16,male,0,2706.1785744,0,26
1840,-9999.0,-9999.0,-9999.0,-9999.0,-9999.0,-9999.0,-9999.0,-9999.0,-9999.0,size,orientation,color,0.26,-16.0,16,male,0,2706.1785744,0,26
1841,-9999.0,-9999.0,-9999.0,-9999.0,-9999.0,-9999.0,-9999.0,-9999.0,-9999.0,size,orientation,color,0.26,-16.0,16,male,0,2706.1785744,0,26
1842,-9999.0,-9999.0,-9999.0,-9999.0,-9999.0,-9999.0,-9999.0,-9999.0,-9999.0,size,orientation,color,0.26,-16.0,16,male,0,2706.1785744,0,26
1843,-9999.0,-9999.0,-9999.0,-9999.0,-9999.0,-9999.0,-9999.0,-9999.0,-9999.0,size,orientation,color,0.26,-16.0,16,male,0,2706.1785744,0,26
1844,-9999.0,-9999.0,-9999.0,-9999.0,-9999.0,-9999.0,-9999.0,-9999.0,-9999.0,size,orientation,color,0.26,-16.0,16,male,0,2706.1785744,0,26
1845,-9999.0,-9999.0,-9999.0,-9999.0,-9999.0,-9999.0,-9999.0,-9999.0,-9999.0,size,orientation,color,0.26,-16.0,16,male,0,2706.1785744,0,26
1846,-9999.0,-9999.0,-9999.0,-9999.0,-9999.0,-9999.0,-9999.0,-9999.0,-9999.0,size,orientation,color,0.26,-16.0,16,male,0,2706.1785744,0,26
1847,-9999.0,-9999.0,-9999.0,-9999.0,-9999.0,-9999.0,-9999.0,-9999.0,-9999.0,size,orientation,color,0.26,-16.0,16,male,0,2706.1785744,0,26
1848,-9999.0,-9999.0,-9999.0,-9999.0,-9999.0,-9999.0,-9999.0,-9999.0,-9999.0,size,orientation,color,0.26,-16.0,16,male,0,2706.1785744,0,26
1849,-9999.0,-9999.0,-9999.0,-9999.0,-9999.0,-9999.0,-9999.0,-9999.0,-9999.0,size,orientation,color,0.26,-16.0,16,male,0,2706.1785744,0,26
1850,-9999.0,-9999.0,-9999.0,-9999.0,-9999.0,-9999.0,-9999.0,-9999.0,-9999.0,size,orientation,color,0.26,-16.0,16,male,0,2706.1785744,0,26
1851,-9999.0,-9999.0,-9999.0,-9999.0,-9999.0,-9999.0,-9999.0,-9999.0,-9999.0,size,orientation,color,0.26,-16.0,16,male,0,2706.1785744,0,26
1852,-9999.0,-9999.0,-9999.0,-9999.0,-9999.0,-9999.0,-9999.0,-9999.0,-9999.0,size,orientation,color,0.26,-16.0,16,male,0,2706.1785744,0,26
1853,-9999.0,-9999.0,-9999.0,-9999.0,-9999.0,-9999.0,-9999.0,-9999.0,-9999.0,size,orientation,color,0.26,-16.0,16,male,0,2706.1785744,0,26
1854,-9999.0,-9999.0,-9999.0,-9999.0,-9999.0,-9999.0,-9999.0,-9999.0,-9999.0,size,orientation,color,0.26,-16.0,16,male,0,2706.1785744,0,26
1855,-9999.0,-9999.0,-9999.0,-9999.0,-9999.0,-9999.0,-9999.0,-9999.0,-9999.0,size,orientation,color,0.26,-16.0,16,male,0,2706.1785744,0,26
1856,-9999.0,-9999.0,-9999.0,-9999.0,-9999.0,-9999.0,-9999.0,-9999.0,-9999.0,size,orientation,color,0.26,-16.0,16,male,0,2706.1785744,0,26
1857,-9999.0,-9999.0,-9999.0,-9999.0,-9999.0,-9999.0,-9999.0,-9999.0,-9999.0,size,orientation,color,0.26,-16.0,16,male,0,2706.1785744,0,26
1858,-9999.0,-9999.0,-9999.0,-9999.0,-9999.0,-9999.0,-9999.0,-9999.0,-9999.0,size,orientation,color,0.26,-16.0,16,male,0,2706.1785744,0,26
1859,-9999.0,-9999.0,-9999.0,-9999.0,-9999.0,-9999.0,-9999.0,-9999.0,-9999.0,size,orientation,color,0.26,-16.0,16,male,0,2706.1785744,0,26
1860,-9999.0,-9999.0,-9999.0,-9999.0,-9999.0,-9999.0,-9999.0,-9999.0,-9999.0,size,orientation,color,0.26,-16.0,16,male,0,2706.1785744,0,26
1861,-9999.0,-9999.0,-9999.0,-9999.0,-9999.0,-9999.0,-9999.0,-9999.0,-9999.0,size,orientation,color,0.26,-16.0,16,male,0,2706.1785744,0,26
1862,-9999.0,-9999.0,-9999.0,-9999.0,-9999.0,-9999.0,-9999.0,-9999.0,-9999.0,size,orientation,color,0.26,-16.0,16,male,0,2706.1785744,0,26
1863,-9999.0,-9999.0,-9999.0,-9999.0,-9999.0,-9999.0,-9999.0,-9999.0,-9999.0,size,orientation,color,0.26,-16.0,16,male,0,2706.1785744,0,26
1864,-9999.0,-9999.0,-9999.0,-9999.0,-9999.0,-9999.0,-9999.0,-9999.0,-9999.0,size,orientation,color,0.26,-16.0,16,male,0,2706.1785744,0,26
1865,-9999.0,-9999.0,-9999.0,-9999.0,-9999.0,-9999.0,-9999.0,-9999.0,-9999.0,size,orientation,color,0.26,-16.0,16,male,0,2706.1785744,0,26
1866,-9999.0,-9999.0,-9999.0,-9999.0,-9999.0,-9999.0,-9999.0,-9999.0,-9999.0,size,orientation,color,0.26,-16.0,16,male,0,2706.1785744,0,26
1867,-9999.0,-9999.0,-9999.0,-9999.0,-9999.0,-9999.0,-9999.0,-9999.0,-9999.0,size,orientation,color,0.26,-16.0,16,male,0,2706.1785744,0,26
1868,-9999.0,-9999.0,-9999.0,-9999.0,-9999.0,-9999.0,-9999.0,-9999.0,-9999.0,size,orientation,color,0.26,-16.0,16,male,0,2706.1785744,0,26
1869,-9999.0,-9999.0,-9999.0,-9999.0,-9999.0,-9999.0,-9999.0,-9999.0,-9999.0,size,orientation,color,0.26,-16.0,16,male,0,2706.1785744,0,26
1870,-9999.0,-9999.0,-9999.0,-9999.0,-9999.0,-9999.0,-9999.0,-9999.0,-9999.0,size,orientation,color,0.26,-16.0,16,male,0,2706.1785744,0,26
1871,-9999.0,-9999.0,-9999.0,-9999.0,-9999.0,-9999.0,-9999.0,-9999.0,-9999.0,size,orientation,color,0.26,-16.0,16,male,0,2706.1785744,0,26
1872,-9999.0,-9999.0,-9999.0,-9999.0,-9999.0,-9999.0,-9999.0,-9999.0,-9999.0,size,orientation,color,0.26,-16.0,16,male,0,2706.1785744,0,26
1873,-9999.0,-9999.0,-9999.0,-9999.0,-9999.0,-9999.0,-9999.0,-9999.0,-9999.0,size,orientation,color,0.26,-16.0,16,male,0,2706.1785744,0,26
1874,-9999.0,-9999.0,-9999.0,-9999.0,-9999.0,-9999.0,-9999.0,-9999.0,-9999.0,size,orientation,color,0.26,-16.0,16,male,0,2706.1785744,0,26
1875,-9999.0,-9999.0,-9999.0,-9999.0,-9999.0,-9999.0,-9999.0,-9999.0,-9999.0,size,orientation,color,0.26,-16.0,16,male,0,2706.1785744,0,26
1876,-9999.0,-9999.0,-9999.0,-9999.0,-9999.0,-9999.0,-9999.0,-9999.0,-9999.0,size,orientation,color,0.26,-16.0,16,male,0,2706.1785744,0,26
1877,-9999.0,-9999.0,-9999.0,-9999.0,-9999.0,-9999.0,-9999.0,-9999.0,-9999.0,size,orientation,color,0.26,-16.0,16,male,0,2706.1785744,0,26
1878,-9999.0,-9999.0,-9999.0,-9999.0,-9999.0,-9999.0,-9999.0,-9999.0,-9999.0,size,orientation,color,0.26,-16.0,16,male,0,2706.1785744,0,26
1879,-9999.0,-9999.0,-9999.0,-9999.0,-9999.0,-9999.0,-9999.0,-9999.0,-9999.0,size,orientation,color,0.26,-16.0,16,male,0,2706.1785744,0,26
1880,-9999.0,-9999.0,-9999.0,-9999.0,-9999.0,-9999.0,-9999.0,-9999.0,-9999.0,size,orientation,color,0.26,-16.0,16,male,0,2706.1785744,0,26
1881,-9999.0,-9999.0,-9999.0,-9999.0,-9999.0,-9999.0,-9999.0,-9999.0,-9999.0,size,orientation,color,0.26,-16.0,16,male,0,2706.1785744,0,26
1882,-9999.0,-9999.0,-9999.0,-9999.0,-9999.0,-9999.0,-9999.0,-9999.0,-9999.0,size,orientation,color,0.26,-16.0,16,male,0,2706.1785744,0,26
1883,-9999.0,-9999.0,-9999.0,-9999.0,-9999.0,-9999.0,-9999.0,-9999.0,-9999.0,size,orientation,color,0.26,-16.0,16,male,0,2706.1785744,0,26
1884,-9999.0,-9999.0,-9999.0,-9999.0,-9999.0,-9999.0,-9999.0,-9999.0,-9999.0,size,orientation,color,0.26,-16.0,16,male,0,2706.1785744,0,26
1885,-9999.0,-9999.0,-9999.0,-9999.0,-9999.0,-9999.0,-9999.0,-9999.0,-9999.0,size,orientation,color,0.26,-16.0,16,male,0,2706.1785744,0,26
1886,-9999.0,-9999.0,-9999.0,-9999.0,-9999.0,-9999.0,-9999.0,-9999.0,-9999.0,size,orientation,color,0.26,-16.0,16,male,0,2706.1785744,0,26
1887,-9999.0,-9999.0,-9999.0,-9999.0,-9999.0,-9999.0,-9999.0,-9999.0,-9999.0,size,orientation,color,0.26,-16.0,16,male,0,2706.1785744,0,26
1888,-9999.0,-9999.0,-9999.0,-9999.0,-9999.0,-9999.0,-9999.0,-9999.0,-9999.0,size,orientation,color,0.26,-16.0,16,male,0,2706.1785744,0,26
1889,-9999.0,-9999.0,-9999.0,-9999.0,-9999.0,-9999.0,-9999.0,-9999.0,-9999.0,size,orientation,color,0.26,-16.0,16,male,0,2706.1785744,0,26
1890,-9999.0,-9999.0,-9999.0,-9999.0,-9999.0,-9999.0,-9999.0,-9999.0,-9999.0,size,orientation,color,0.26,-16.0,16,male,0,2706.1785744,0,26
1891,-9999.0,-9999.0,-9999.0,-9999.0,-9999.0,-9999.0,-9999.0,-9999.0,-9999.0,size,orientation,color,0.26,-16.0,16,male,0,2706.1785744,0,26
1892,-9999.0,-9999.0,-9999.0,-9999.0,-9999.0,-9999.0,-9999.0,-9999.0,-9999.0,size,orientation,color,0.26,-16.0,16,male,0,2706.1785744,0,26
1893,-9999.0,-9999.0,-9999.0,-9999.0,-9999.0,-9999.0,-9999.0,-9999.0,-9999.0,size,orientation,color,0.26,-16.0,16,male,0,2706.1785744,0,26
1894,-9999.0,-9999.0,-9999.0,-9999.0,-9999.0,-9999.0,-9999.0,-9999.0,-9999.0,size,orientation,color,0.26,-16.0,16,male,0,2706.1785744,0,26
1895,-9999.0,-9999.0,-9999.0,-9999.0,-9999.0,-9999.0,-9999.0,-9999.0,-9999.0,size,orientation,color,0.26,-16.0,16,male,0,2706.1785744,0,26
1896,-9999.0,-9999.0,-9999.0,-9999.0,-9999.0,-9999.0,-9999.0,-9999.0,-9999.0,size,orientation,color,0.26,-16.0,16,male,0,2706.1785744,0,26
1897,-9999.0,-9999.0,-9999.0,-9999.0,-9999.0,-9999.0,-9999.0,-9999.0,-9999.0,size,orientation,color,0.26,-16.0,16,male,0,2706.1785744,0,26
1898,-9999.0,-9999.0,-9999.0,-9999.0,-9999.0,-9999.0,-9999.0,-9999.0,-9999.0,size,orientation,color,0.26,-16.0,16,male,0,2706.1785744,0,26
1899,-9999.0,-9999.0,-9999.0,-9999.0,-9999.0,-9999.0,-9999.0,-9999.0,-9999.0,size,orientation,color,0.26,-16.0,16,male,0,2706.1785744,0,26
1900,-9999.0,-9999.0,-9999.0,-9999.0,-9999.0,-9999.0,-9999.0,-9999.0,-9999.0,size,orientation,color,0.26,-16.0,16,male,0,2706.1785744,0,26
1901,-9999.0,-9999.0,-9999.0,-9999.0,-9999.0,-9999.0,-9999.0,-9999.0,-9999.0,size,orientation,color,0.26,-16.0,16,male,0,2706.1785744,0,26
1902,-9999.0,-9999.0,-9999.0,-9999.0,-9999.0,-9999.0,-9999.0,-9999.0,-9999.0,size,orientation,color,0.26,-16.0,16,male,0,2706.1785744,0,26
1903,-9999.0,-9999.0,-9999.0,-9999.0,-9999.0,-9999.0,-9999.0,-9999.0,-9999.0,size,orientation,color,0.26,-16.0,16,male,0,2706.1785744,0,26
1904,-9999.0,-9999.0,-9999.0,-9999.0,-9999.0,-9999.0,-9999.0,-9999.0,-9999.0,size,orientation,color,0.26,-16.0,16,male,0,2706.1785744,0,26
1905,-9999.0,-9999.0,-9999.0,-9999.0,-9999.0,-9999.0,-9999.0,-9999.0,-9999.0,size,orientation,color,0.26,-16.0,16,male,0,2706.1785744,0,26
1906,-9999.0,-9999.0,-9999.0,-9999.0,-9999.0,-9999.0,-9999.0,-9999.0,-9999.0,size,orientation,color,0.26,-16.0,16,male,0,2706.1785744,0,26
1907,-9999.0,-9999.0,-9999.0,-9999.0,-9999.0,-9999.0,-9999.0,-9999.0,-9999.0,size,orientation,color,0.26,-16.0,16,male,0,2706.1785744,0,26
1908,-9999.0,-9999.0,-9999.0,-9999.0,-9999.0,-9999.0,-9999.0,-9999.0,-9999.0,size,orientation,color,0.26,-16.0,16,male,0,2706.1785744,0,26
1909,-9999.0,-9999.0,-9999.0,-9999.0,-9999.0,-9999.0,-9999.0,-9999.0,-9999.0,size,orientation,color,0.26,-16.0,16,male,0,2706.1785744,0,26
1910,-9999.0,-9999.0,-9999.0,-9999.0,-9999.0,-9999.0,-9999.0,-9999.0,-9999.0,size,orientation,color,0.26,-16.0,16,male,0,2706.1785744,0,26
1911,-9999.0,-9999.0,-9999.0,-9999.0,-9999.0,-9999.0,-9999.0,-9999.0,-9999.0,size,orientation,color,0.26,-16.0,16,male,0,2706.1785744,0,26
1912,-9999.0,-9999.0,-9999.0,-9999.0,-9999.0,-9999.0,-9999.0,-9999.0,-9999.0,size,orientation,color,0.26,-16.0,16,male,0,2706.1785744,0,26
1913,-9999.0,-9999.0,-9999.0,-9999.0,-9999.0,-9999.0,-9999.0,-9999.0,-9999.0,size,orientation,color,0.26,-16.0,16,male,0,2706.1785744,0,26
1914,-9999.0,-9999.0,-9999.0,-9999.0,-9999.0,-9999.0,-9999.0,-9999.0,-9999.0,size,orientation,color,0.26,-16.0,16,male,0,2706.1785744,0,26
1915,-9999.0,-9999.0,-9999.0,-9999.0,-9999.0,-9999.0,-9999.0,-9999.0,-9999.0,size,orientation,color,0.26,-16.0,16,male,0,2706.1785744,0,26
1916,-9999.0,-9999.0,-9999.0,-9999.0,-9999.0,-9999.0,-9999.0,-9999.0,-9999.0,size,orientation,color,0.26,-16.0,16,male,0,2706.1785744,0,26
1917,-9999.0,-9999.0,-9999.0,-9999.0,-9999.0,-9999.0,-9999.0,-9999.0,-9999.0,size,orientation,color,0.26,-16.0,16,male,0,2706.1785744,0,26
1918,-9999.0,-9999.0,-9999.0,-9999.0,-9999.0,-9999.0,-9999.0,-9999.0,-9999.0,size,orientation,color,0.26,-16.0,16,male,0,2706.1785744,0,26
1919,-9999.0,-9999.0,-9999.0,-9999.0,-9999.0,-9999.0,-9999.0,-9999.0,-9999.0,size,orientation,color,0.26,-16.0,16,male,0,2706.1785744,0,26
1920,-9999.0,-9999.0,-9999.0,-9999.0,-9999.0,-9999.0,-9999.0,-9999.0,-9999.0,size,orientation,color,0.26,-16.0,16,male,0,2706.1785744,0,26
1921,-9999.0,-9999.0,-9999.0,-9999.0,-9999.0,-9999.0,-9999.0,-9999.0,-9999.0,size,orientation,color,0.26,-16.0,16,male,0,2706.1785744,0,26
1922,-9999.0,-9999.0,-9999.0,-9999.0,-9999.0,-9999.0,-9999.0,-9999.0,-9999.0,size,orientation,color,0.26,-16.0,16,male,0,2706.1785744,0,26
1923,-9999.0,-9999.0,-9999.0,-9999.0,-9999.0,-9999.0,-9999.0,-9999.0,-9999.0,size,orientation,color,0.26,-16.0,16,male,0,2706.1785744,0,26
1924,-9999.0,-9999.0,-9999.0,-9999.0,-9999.0,-9999.0,-9999.0,-9999.0,-9999.0,size,orientation,color,0.26,-16.0,16,male,0,2706.1785744,0,26
1925,-9999.0,-9999.0,-9999.0,-9999.0,-9999.0,-9999.0,-9999.0,-9999.0,-9999.0,size,orientation,color,0.26,-16.0,16,male,0,2706.1785744,0,26
1926,-9999.0,-9999.0,-9999.0,-9999.0,-9999.0,-9999.0,-9999.0,-9999.0,-9999.0,size,orientation,color,0.26,-16.0,16,male,0,2706.1785744,0,26
1927,-9999.0,-9999.0,-9999.0,-9999.0,-9999.0,-9999.0,-9999.0,-9999.0,-9999.0,size,orientation,color,0.26,-16.0,16,male,0,2706.1785744,0,26
1928,-9999.0,-9999.0,-9999.0,-9999.0,-9999.0,-9999.0,-9999.0,-9999.0,-9999.0,size,orientation,color,0.26,-16.0,16,male,0,2706.1785744,0,26
1929,-9999.0,-9999.0,-9999.0,-9999.0,-9999.0,-9999.0,-9999.0,-9999.0,-9999.0,size,orientation,color,0.26,-16.0,16,male,0,2706.1785744,0,26
1930,-9999.0,-9999.0,-9999.0,-9999.0,-9999.0,-9999.0,-9999.0,-9999.0,-9999.0,size,orientation,color,0.26,-16.0,16,male,0,2706.1785744,0,26
1931,-9999.0,-9999.0,-9999.0,-9999.0,-9999.0,-9999.0,-9999.0,-9999.0,-9999.0,size,orientation,color,0.26,-16.0,16,male,0,2706.1785744,0,26
1932,-9999.0,-9999.0,-9999.0,-9999.0,-9999.0,-9999.0,-9999.0,-9999.0,-9999.0,size,orientation,color,0.26,-16.0,16,male,0,2706.1785744,0,26
1933,-9999.0,-9999.0,-9999.0,-9999.0,-9999.0,-9999.0,-9999.0,-9999.0,-9999.0,size,orientation,color,0.26,-16.0,16,male,0,2706.1785744,0,26
1934,-9999.0,-9999.0,-9999.0,-9999.0,-9999.0,-9999.0,-9999.0,-9999.0,-9999.0,size,orientation,color,0.26,-16.0,16,male,0,2706.1785744,0,26
1935,-9999.0,-9999.0,-9999.0,-9999.0,-9999.0,-9999.0,-9999.0,-9999.0,-9999.0,size,orientation,color,0.26,-16.0,16,male,0,2706.1785744,0,26
1936,-9999.0,-9999.0,-9999.0,-9999.0,-9999.0,-9999.0,-9999.0,-9999.0,-9999.0,size,orientation,color,0.26,-16.0,16,male,0,2706.1785744,0,26
1937,-9999.0,-9999.0,-9999.0,-9999.0,-9999.0,-9999.0,-9999.0,-9999.0,-9999.0,size,orientation,color,0.26,-16.0,16,male,0,2706.1785744,0,26
1938,-9999.0,-9999.0,-9999.0,-9999.0,-9999.0,-9999.0,-9999.0,-9999.0,-9999.0,size,orientation,color,0.26,-16.0,16,male,0,2706.1785744,0,26
1939,-9999.0,-9999.0,-9999.0,-9999.0,-9999.0,-9999.0,-9999.0,-9999.0,-9999.0,size,orientation,color,0.26,-16.0,16,male,0,2706.1785744,0,26
1940,-9999.0,-9999.0,-9999.0,-9999.0,-9999.0,-9999.0,-9999.0,-9999.0,-9999.0,size,orientation,color,0.26,-16.0,16,male,0,2706.1785744,0,26
1941,-9999.0,-9999.0,-9999.0,-9999.0,-9999.0,-9999.0,-9999.0,-9999.0,-9999.0,size,orientation,color,0.26,-16.0,16,male,0,2706.1785744,0,26
1942,-9999.0,-9999.0,-9999.0,-9999.0,-9999.0,-9999.0,-9999.0,-9999.0,-9999.0,size,orientation,color,0.26,-16.0,16,male,0,2706.1785744,0,26
1943,-9999.0,-9999.0,-9999.0,-9999.0,-9999.0,-9999.0,-9999.0,-9999.0,-9999.0,size,orientation,color,0.26,-16.0,16,male,0,2706.1785744,0,26
1944,-9999.0,-9999.0,-9999.0,-9999.0,-9999.0,-9999.0,-9999.0,-9999.0,-9999.0,size,orientation,color,0.26,-16.0,16,male,0,2706.1785744,0,26
1945,-9999.0,-9999.0,-9999.0,-9999.0,-9999.0,-9999.0,-9999.0,-9999.0,-9999.0,size,orientation,color,0.26,-16.0,16,male,0,2706.1785744,0,26
1946,-9999.0,-9999.0,-9999.0,-9999.0,-9999.0,-9999.0,-9999.0,-9999.0,-9999.0,size,orientation,color,0.26,-16.0,16,male,0,2706.1785744,0,26
1947,-9999.0,-9999.0,-9999.0,-9999.0,-9999.0,-9999.0,-9999.0,-9999.0,-9999.0,size,orientation,color,0.26,-16.0,16,male,0,2706.1785744,0,26
1948,-9999.0,-9999.0,-9999.0,-9999.0,-9999.0,-9999.0,-9999.0,-9999.0,-9999.0,size,orientation,color,0.26,-16.0,16,male,0,2706.1785744,0,26
1949,-9999.0,-9999.0,-9999.0,-9999.0,-9999.0,-9999.0,-9999.0,-9999.0,-9999.0,size,orientation,color,0.26,-16.0,16,male,0,2706.1785744,0,26
1950,-9999.0,-9999.0,-9999.0,-9999.0,-9999.0,-9999.0,-9999.0,-9999.0,-9999.0,size,orientation,color,0.26,-16.0,16,male,0,2706.1785744,0,26
1951,-9999.0,-9999.0,-9999.0,-9999.0,-9999.0,-9999.0,-9999.0,-9999.0,-9999.0,size,orientation,color,0.26,-16.0,16,male,0,2706.1785744,0,26
1952,-9999.0,-9999.0,-9999.0,-9999.0,-9999.0,-9999.0,-9999.0,-9999.0,-9999.0,size,orientation,color,0.26,-16.0,16,male,0,2706.1785744,0,26
1953,-9999.0,-9999.0,-9999.0,-9999.0,-9999.0,-9999.0,-9999.0,-9999.0,-9999.0,size,orientation,color,0.26,-16.0,16,male,0,2706.1785744,0,26
1954,-9999.0,-9999.0,-9999.0,-9999.0,-9999.0,-9999.0,-9999.0,-9999.0,-9999.0,size,orientation,color,0.26,-16.0,16,male,0,2706.1785744,0,26
1955,-9999.0,-9999.0,-9999.0,-9999.0,-9999.0,-9999.0,-9999.0,-9999.0,-9999.0,size,orientation,color,0.26,-16.0,16,male,0,2706.1785744,0,26
1956,-9999.0,-9999.0,-9999.0,-9999.0,-9999.0,-9999.0,-9999.0,-9999.0,-9999.0,size,orientation,color,0.26,-16.0,16,male,0,2706.1785744,0,26
1957,-9999.0,-9999.0,-9999.0,-9999.0,-9999.0,-9999.0,-9999.0,-9999.0,-9999.0,size,orientation,color,0.26,-16.0,16,male,0,2706.1785744,0,26
1958,-9999.0,-9999.0,-9999.0,-9999.0,-9999.0,-9999.0,-9999.0,-9999.0,-9999.0,size,orientation,color,0.26,-16.0,16,male,0,2706.1785744,0,26
1959,-9999.0,-9999.0,-9999.0,-9999.0,-9999.0,-9999.0,-9999.0,-9999.0,-9999.0,size,orientation,color,0.26,-16.0,16,male,0,2706.1785744,0,26
1960,-9999.0,-9999.0,-9999.0,-9999.0,-9999.0,-9999.0,-9999.0,-9999.0,-9999.0,size,orientation,color,0.26,-16.0,16,male,0,2706.1785744,0,26
1961,-9999.0,-9999.0,-9999.0,-9999.0,-9999.0,-9999.0,-9999.0,-9999.0,-9999.0,size,orientation,color,0.26,-16.0,16,male,0,2706.1785744,0,26
1962,-9999.0,-9999.0,-9999.0,-9999.0,-9999.0,-9999.0,-9999.0,-9999.0,-9999.0,size,orientation,color,0.26,-16.0,16,male,0,2706.1785744,0,26
1963,-9999.0,-9999.0,-9999.0,-9999.0,-9999.0,-9999.0,-9999.0,-9999.0,-9999.0,size,orientation,color,0.26,-16.0,16,male,0,2706.1785744,0,26
1964,-9999.0,-9999.0,-9999.0,-9999.0,-9999.0,-9999.0,-9999.0,-9999.0,-9999.0,size,orientation,color,0.26,-16.0,16,male,0,2706.1785744,0,26
1965,-9999.0,-9999.0,-9999.0,-9999.0,-9999.0,-9999.0,-9999.0,-9999.0,-9999.0,size,orientation,color,0.26,-16.0,16,male,0,2706.1785744,0,26
1966,-9999.0,-9999.0,-9999.0,-9999.0,-9999.0,-9999.0,-9999.0,-9999.0,-9999.0,size,orientation,color,0.26,-16.0,16,male,0,2706.1785744,0,26
1967,-9999.0,-9999.0,-9999.0,-9999.0,-9999.0,-9999.0,-9999.0,-9999.0,-9999.0,size,orientation,color,0.26,-16.0,16,male,0,2706.1785744,0,26
1968,-9999.0,-9999.0,-9999.0,-9999.0,-9999.0,-9999.0,-9999.0,-9999.0,-9999.0,size,orientation,color,0.26,-16.0,16,male,0,2706.1785744,0,26
1969,-9999.0,-9999.0,-9999.0,-9999.0,-9999.0,-9999.0,-9999.0,-9999.0,-9999.0,size,orientation,color,0.26,-16.0,16,male,0,2706.1785744,0,26
1970,-9999.0,-9999.0,-9999.0,-9999.0,-9999.0,-9999.0,-9999.0,-9999.0,-9999.0,size,orientation,color,0.26,-16.0,16,male,0,2706.1785744,0,26
1971,-9999.0,-9999.0,-9999.0,-9999.0,-9999.0,-9999.0,-9999.0,-9999.0,-9999.0,size,orientation,color,0.26,-16.0,16,male,0,2706.1785744,0,26
1972,-9999.0,-9999.0,-9999.0,-9999.0,-9999.0,-9999.0,-9999.0,-9999.0,-9999.0,size,orientation,color,0.26,-16.0,16,male,0,2706.1785744,0,26
1973,-9999.0,-9999.0,-9999.0,-9999.0,-9999.0,-9999.0,-9999.0,-9999.0,-9999.0,size,orientation,color,0.26,-16.0,16,male,0,2706.1785744,0,26
1974,-9999.0,-9999.0,-9999.0,-9999.0,-9999.0,-9999.0,-9999.0,-9999.0,-9999.0,size,orientation,color,0.26,-16.0,16,male,0,2706.1785744,0,26
1975,-9999.0,-9999.0,-9999.0,-9999.0,-9999.0,-9999.0,-9999.0,-9999.0,-9999.0,size,orientation,color,0.26,-16.0,16,male,0,2706.1785744,0,26
1976,-9999.0,-9999.0,-9999.0,-9999.0,-9999.0,-9999.0,-9999.0,-9999.0,-9999.0,size,orientation,color,0.26,-16.0,16,male,0,2706.1785744,0,26
1977,-9999.0,-9999.0,-9999.0,-9999.0,-9999.0,-9999.0,-9999.0,-9999.0,-9999.0,size,orientation,color,0.26,-16.0,16,male,0,2706.1785744,0,26
1978,-9999.0,-9999.0,-9999.0,-9999.0,-9999.0,-9999.0,-9999.0,-9999.0,-9999.0,size,orientation,color,0.26,-16.0,16,male,0,2706.1785744,0,26
1979,-9999.0,-9999.0,-9999.0,-9999.0,-9999.0,-9999.0,-9999.0,-9999.0,-9999.0,size,orientation,color,0.26,-16.0,16,male,0,2706.1785744,0,26
1980,-9999.0,-9999.0,-9999.0,-9999.0,-9999.0,-9999.0,-9999.0,-9999.0,-9999.0,size,orientation,color,0.26,-16.0,16,male,0,2706.1785744,0,26
1981,-9999.0,-9999.0,-9999.0,-9999.0,-9999.0,-9999.0,-9999.0,-9999.0,-9999.0,size,orientation,color,0.26,-16.0,16,male,0,2706.1785744,0,26
1982,-9999.0,-9999.0,-9999.0,-9999.0,-9999.0,-9999.0,-9999.0,-9999.0,-9999.0,size,orientation,color,0.26,-16.0,16,male,0,2706.1785744,0,26
1983,-9999.0,-9999.0,-9999.0,-9999.0,-9999.0,-9999.0,-9999.0,-9999.0,-9999.0,size,orientation,color,0.26,-16.0,16,male,0,2706.1785744,0,26
1984,-9999.0,-9999.0,-9999.0,-9999.0,-9999.0,-9999.0,-9999.0,-9999.0,-9999.0,size,orientation,color,0.26,-16.0,16,male,0,2706.1785744,0,26
1985,-9999.0,-9999.0,-9999.0,-9999.0,-9999.0,-9999.0,-9999.0,-9999.0,-9999.0,size,orientation,color,0.26,-16.0,16,male,0,2706.1785744,0,26
1986,-9999.0,-9999.0,-9999.0,-9999.0,-9999.0,-9999.0,-9999.0,-9999.0,-9999.0,size,orientation,color,0.26,-16.0,16,male,0,2706.1785744,0,26
1987,-9999.0,-9999.0,-9999.0,-9999.0,-9999.0,-9999.0,-9999.0,-9999.0,-9999.0,size,orientation,color,0.26,-16.0,16,male,0,2706.1785744,0,26
1988,-9999.0,-9999.0,-9999.0,-9999.0,-9999.0,-9999.0,-9999.0,-9999.0,-9999.0,size,orientation,color,0.26,-16.0,16,male,0,2706.1785744,0,26
1989,-9999.0,-9999.0,-9999.0,-9999.0,-9999.0,-9999.0,-9999.0,-9999.0,-9999.0,size,orientation,color,0.26,-16.0,16,male,0,2706.1785744,0,26
1990,-9999.0,-9999.0,-9999.0,-9999.0,-9999.0,-9999.0,-9999.0,-9999.0,-9999.0,size,orientation,color,0.26,-16.0,16,male,0,2706.1785744,0,26
1991,-9999.0,-9999.0,-9999.0,-9999.0,-9999.0,-9999.0,-9999.0,-9999.0,-9999.0,size,orientation,color,0.26,-16.0,16,male,0,2706.1785744,0,26
1992,-9999.0,-9999.0,-9999.0,-9999.0,-9999.0,-9999.0,-9999.0,-9999.0,-9999.0,size,orientation,color,0.26,-16.0,16,male,0,2706.1785744,0,26
1993,-9999.0,-9999.0,-9999.0,-9999.0,-9999.0,-9999.0,-9999.0,-9999.0,-9999.0,size,orientation,color,0.26,-16.0,16,male,0,2706.1785744,0,26
1994,-9999.0,-9999.0,-9999.0,-9999.0,-9999.0,-9999.0,-9999.0,-9999.0,-9999.0,size,orientation,color,0.26,-16.0,16,male,0,2706.1785744,0,26
1995,-9999.0,-9999.0,-9999.0,-9999.0,-9999.0,-9999.0,-9999.0,-9999.0,-9999.0,size,orientation,color,0.26,-16.0,16,male,0,2706.1785744,0,26
1996,-9999.0,-9999.0,-9999.0,-9999.0,-9999.0,-9999.0,-9999.0,-9999.0,-9999.0,size,orientation,color,0.26,-16.0,16,male,0,2706.1785744,0,26
1997,-9999.0,-9999.0,-9999.0,-9999.0,-9999.0,-9999.0,-9999.0,-9999.0,-9999.0,size,orientation,color,0.26,-16.0,16,male,0,2706.1785744,0,26
1998,-9999.0,-9999.0,-9999.0,-9999.0,-9999.0,-9999.0,-9999.0,-9999.0,-9999.0,size,orientation,color,0.26,-16.0,16,male,0,2706.1785744,0,26
1999,-9999.0,-9999.0,-9999.0,-9999.0,-9999.0,-9999.0,-9999.0,-9999.0,-9999.0,size,orientation,color,0.26,-16.0,16,male,0,2706.1785744,0,26
2000,-9999.0,-9999.0,-9999.0,-9999.0,-9999.0,-9999.0,-9999.0,-9999.0,-9999.0,size,orientation,color,0.26,-16.0,16,male,0,2706.1785744,0,26
2001,-9999.0,-9999.0,-9999.0,-9999.0,-9999.0,-9999.0,-9999.0,-9999.0,-9999.0,size,orientation,color,0.26,-16.0,16,male,0,2706.1785744,0,26
2002,-9999.0,-9999.0,-9999.0,-9999.0,-9999.0,-9999.0,-9999.0,-9999.0,-9999.0,size,orientation,color,0.26,-16.0,16,male,0,2706.1785744,0,26
2003,-9999.0,-9999.0,-9999.0,-9999.0,-9999.0,-9999.0,-9999.0,-9999.0,-9999.0,size,orientation,color,0.26,-16.0,16,male,0,2706.1785744,0,26
2004,-9999.0,-9999.0,-9999.0,-9999.0,-9999.0,-9999.0,-9999.0,-9999.0,-9999.0,size,orientation,color,0.26,-16.0,16,male,0,2706.1785744,0,26
2005,-9999.0,-9999.0,-9999.0,-9999.0,-9999.0,-9999.0,-9999.0,-9999.0,-9999.0,size,orientation,color,0.26,-16.0,16,male,0,2706.1785744,0,26
2006,-9999.0,-9999.0,-9999.0,-9999.0,-9999.0,-9999.0,-9999.0,-9999.0,-9999.0,size,orientation,color,0.26,-16.0,16,male,0,2706.1785744,0,26
2007,-9999.0,-9999.0,-9999.0,-9999.0,-9999.0,-9999.0,-9999.0,-9999.0,-9999.0,size,orientation,color,0.26,-16.0,16,male,0,2706.1785744,0,26
2008,-9999.0,-9999.0,-9999.0,-9999.0,-9999.0,-9999.0,-9999.0,-9999.0,-9999.0,size,orientation,color,0.26,-16.0,16,male,0,2706.1785744,0,26
2009,-9999.0,-9999.0,-9999.0,-9999.0,-9999.0,-9999.0,-9999.0,-9999.0,-9999.0,size,orientation,color,0.26,-16.0,16,male,0,2706.1785744,0,26
2010,-9999.0,-9999.0,-9999.0,-9999.0,-9999.0,-9999.0,-9999.0,-9999.0,-9999.0,size,orientation,color,0.26,-16.0,16,male,0,2706.1785744,0,26
2011,-9999.0,-9999.0,-9999.0,-9999.0,-9999.0,-9999.0,-9999.0,-9999.0,-9999.0,size,orientation,color,0.26,-16.0,16,male,0,2706.1785744,0,26
2012,-9999.0,-9999.0,-9999.0,-9999.0,-9999.0,-9999.0,-9999.0,-9999.0,-9999.0,size,orientation,color,0.26,-16.0,16,male,0,2706.1785744,0,26
2013,-9999.0,-9999.0,-9999.0,-9999.0,-9999.0,-9999.0,-9999.0,-9999.0,-9999.0,size,orientation,color,0.26,-16.0,16,male,0,2706.1785744,0,26
2014,-9999.0,-9999.0,-9999.0,-9999.0,-9999.0,-9999.0,-9999.0,-9999.0,-9999.0,size,orientation,color,0.26,-16.0,16,male,0,2706.1785744,0,26
2015,-9999.0,-9999.0,-9999.0,-9999.0,-9999.0,-9999.0,-9999.0,-9999.0,-9999.0,size,orientation,color,0.26,-16.0,16,male,0,2706.1785744,0,26
2016,-9999.0,-9999.0,-9999.0,-9999.0,-9999.0,-9999.0,-9999.0,-9999.0,-9999.0,size,orientation,color,0.26,-16.0,16,male,0,2706.1785744,0,26
2017,-9999.0,-9999.0,-9999.0,-9999.0,-9999.0,-9999.0,-9999.0,-9999.0,-9999.0,size,orientation,color,0.26,-16.0,16,male,0,2706.1785744,0,26
2018,-9999.0,-9999.0,-9999.0,-9999.0,-9999.0,-9999.0,-9999.0,-9999.0,-9999.0,size,orientation,color,0.26,-16.0,16,male,0,2706.1785744,0,26
2019,-9999.0,-9999.0,-9999.0,-9999.0,-9999.0,-9999.0,-9999.0,-9999.0,-9999.0,size,orientation,color,0.26,-16.0,16,male,0,2706.1785744,0,26
2020,-9999.0,-9999.0,-9999.0,-9999.0,-9999.0,-9999.0,-9999.0,-9999.0,-9999.0,size,orientation,color,0.26,-16.0,16,male,0,2706.1785744,0,26
2021,-9999.0,-9999.0,-9999.0,-9999.0,-9999.0,-9999.0,-9999.0,-9999.0,-9999.0,size,orientation,color,0.26,-16.0,16,male,0,2706.1785744,0,26
2022,-9999.0,-9999.0,-9999.0,-9999.0,-9999.0,-9999.0,-9999.0,-9999.0,-9999.0,size,orientation,color,0.26,-16.0,16,male,0,2706.1785744,0,26
2023,-9999.0,-9999.0,-9999.0,-9999.0,-9999.0,-9999.0,-9999.0,-9999.0,-9999.0,size,orientation,color,0.26,-16.0,16,male,0,2706.1785744,0,26
2024,-9999.0,-9999.0,-9999.0,-9999.0,-9999.0,-9999.0,-9999.0,-9999.0,-9999.0,size,orientation,color,0.26,-16.0,16,male,0,2706.1785744,0,26
2025,-9999.0,-9999.0,-9999.0,-9999.0,-9999.0,-9999.0,-9999.0,-9999.0,-9999.0,size,orientation,color,0.26,-16.0,16,male,0,2706.1785744,0,26
2026,-9999.0,-9999.0,-9999.0,-9999.0,-9999.0,-9999.0,-9999.0,-9999.0,-9999.0,size,orientation,color,0.26,-16.0,16,male,0,2706.1785744,0,26
2027,-9999.0,-9999.0,-9999.0,-9999.0,-9999.0,-9999.0,-9999.0,-9999.0,-9999.0,size,orientation,color,0.26,-16.0,16,male,0,2706.1785744,0,26
2028,-9999.0,-9999.0,-9999.0,-9999.0,-9999.0,-9999.0,-9999.0,-9999.0,-9999.0,size,orientation,color,0.26,-16.0,16,male,0,2706.1785744,0,26
2029,-9999.0,-9999.0,-9999.0,-9999.0,-9999.0,-9999.0,-9999.0,-9999.0,-9999.0,size,orientation,color,0.26,-16.0,16,male,0,2706.1785744,0,26
2030,-9999.0,-9999.0,-9999.0,-9999.0,-9999.0,-9999.0,-9999.0,-9999.0,-9999.0,size,orientation,color,0.26,-16.0,16,male,0,2706.1785744,0,26
2031,-9999.0,-9999.0,-9999.0,-9999.0,-9999.0,-9999.0,-9999.0,-9999.0,-9999.0,size,orientation,color,0.26,-16.0,16,male,0,2706.1785744,0,26
2032,-9999.0,-9999.0,-9999.0,-9999.0,-9999.0,-9999.0,-9999.0,-9999.0,-9999.0,size,orientation,color,0.26,-16.0,16,male,0,2706.1785744,0,26
2033,-9999.0,-9999.0,-9999.0,-9999.0,-9999.0,-9999.0,-9999.0,-9999.0,-9999.0,size,orientation,color,0.26,-16.0,16,male,0,2706.1785744,0,26
2034,-9999.0,-9999.0,-9999.0,-9999.0,-9999.0,-9999.0,-9999.0,-9999.0,-9999.0,size,orientation,color,0.26,-16.0,16,male,0,2706.1785744,0,26
2035,-9999.0,-9999.0,-9999.0,-9999.0,-9999.0,-9999.0,-9999.0,-9999.0,-9999.0,size,orientation,color,0.26,-16.0,16,male,0,2706.1785744,0,26
2036,-9999.0,-9999.0,-9999.0,-9999.0,-9999.0,-9999.0,-9999.0,-9999.0,-9999.0,size,orientation,color,0.26,-16.0,16,male,0,2706.1785744,0,26
2037,-9999.0,-9999.0,-9999.0,-9999.0,-9999.0,-9999.0,-9999.0,-9999.0,-9999.0,size,orientation,color,0.26,-16.0,16,male,0,2706.1785744,0,26
2038,-9999.0,-9999.0,-9999.0,-9999.0,-9999.0,-9999.0,-9999.0,-9999.0,-9999.0,size,orientation,color,0.26,-16.0,16,male,0,2706.1785744,0,26
2039,-9999.0,-9999.0,-9999.0,-9999.0,-9999.0,-9999.0,-9999.0,-9999.0,-9999.0,size,orientation,color,0.26,-16.0,16,male,0,2706.1785744,0,26
2040,-9999.0,-9999.0,-9999.0,-9999.0,-9999.0,-9999.0,-9999.0,-9999.0,-9999.0,size,orientation,color,0.26,-16.0,16,male,0,2706.1785744,0,26
2041,-9999.0,-9999.0,-9999.0,-9999.0,-9999.0,-9999.0,-9999.0,-9999.0,-9999.0,size,orientation,color,0.26,-16.0,16,male,0,2706.1785744,0,26
2042,-9999.0,-9999.0,-9999.0,-9999.0,-9999.0,-9999.0,-9999.0,-9999.0,-9999.0,size,orientation,color,0.26,-16.0,16,male,0,2706.1785744,0,26
2043,-9999.0,-9999.0,-9999.0,-9999.0,-9999.0,-9999.0,-9999.0,-9999.0,-9999.0,size,orientation,color,0.26,-16.0,16,male,0,2706.1785744,0,26
2044,-9999.0,-9999.0,-9999.0,-9999.0,-9999.0,-9999.0,-9999.0,-9999.0,-9999.0,size,orientation,color,0.26,-16.0,16,male,0,2706.1785744,0,26
2045,-9999.0,-9999.0,-9999.0,-9999.0,-9999.0,-9999.0,-9999.0,-9999.0,-9999.0,size,orientation,color,0.26,-16.0,16,male,0,2706.1785744,0,26
2046,-9999.0,-9999.0,-9999.0,-9999.0,-9999.0,-9999.0,-9999.0,-9999.0,-9999.0,size,orientation,color,0.26,-16.0,16,male,0,2706.1785744,0,26
2047,-9999.0,-9999.0,-9999.0,-9999.0,-9999.0,-9999.0,-9999.0,-9999.0,-9999.0,size,orientation,color,0.26,-16.0,16,male,0,2706.1785744,0,26
2048,-9999.0,-9999.0,-9999.0,-9999.0,-9999.0,-9999.0,-9999.0,-9999.0,-9999.0,size,orientation,color,0.26,-16.0,16,male,0,2706.1785744,0,26
2049,-9999.0,-9999.0,-9999.0,-9999.0,-9999.0,-9999.0,-9999.0,-9999.0,-9999.0,size,orientation,color,0.26,-16.0,16,male,0,2706.1785744,0,26
2050,-9999.0,-9999.0,-9999.0,-9999.0,-9999.0,-9999.0,-9999.0,-9999.0,-9999.0,size,orientation,color,0.26,-16.0,16,male,0,2706.1785744,0,26
2051,-9999.0,-9999.0,-9999.0,-9999.0,-9999.0,-9999.0,-9999.0,-9999.0,-9999.0,size,orientation,color,0.26,-16.0,16,male,0,2706.1785744,0,26
2052,-9999.0,-9999.0,-9999.0,-9999.0,-9999.0,-9999.0,-9999.0,-9999.0,-9999.0,size,orientation,color,0.26,-16.0,16,male,0,2706.1785744,0,26
2053,-9999.0,-9999.0,-9999.0,-9999.0,-9999.0,-9999.0,-9999.0,-9999.0,-9999.0,size,orientation,color,0.26,-16.0,16,male,0,2706.1785744,0,26
2054,-9999.0,-9999.0,-9999.0,-9999.0,-9999.0,-9999.0,-9999.0,-9999.0,-9999.0,size,orientation,color,0.26,-16.0,16,male,0,2706.1785744,0,26
2055,-9999.0,-9999.0,-9999.0,-9999.0,-9999.0,-9999.0,-9999.0,-9999.0,-9999.0,size,orientation,color,0.26,-16.0,16,male,0,2706.1785744,0,26
2056,-9999.0,-9999.0,-9999.0,-9999.0,-9999.0,-9999.0,-9999.0,-9999.0,-9999.0,size,orientation,color,0.26,-16.0,16,male,0,2706.1785744,0,26
2057,-9999.0,-9999.0,-9999.0,-9999.0,-9999.0,-9999.0,-9999.0,-9999.0,-9999.0,size,orientation,color,0.26,-16.0,16,male,0,2706.1785744,0,26
2058,-9999.0,-9999.0,-9999.0,-9999.0,-9999.0,-9999.0,-9999.0,-9999.0,-9999.0,size,orientation,color,0.26,-16.0,16,male,0,2706.1785744,0,26
2059,-9999.0,-9999.0,-9999.0,-9999.0,-9999.0,-9999.0,-9999.0,-9999.0,-9999.0,size,orientation,color,0.26,-16.0,16,male,0,2706.1785744,0,26
2060,-9999.0,-9999.0,-9999.0,-9999.0,-9999.0,-9999.0,-9999.0,-9999.0,-9999.0,size,orientation,color,0.26,-16.0,16,male,0,2706.1785744,0,26
2061,-9999.0,-9999.0,-9999.0,-9999.0,-9999.0,-9999.0,-9999.0,-9999.0,-9999.0,size,orientation,color,0.26,-16.0,16,male,0,2706.1785744,0,26
2062,-9999.0,-9999.0,-9999.0,-9999.0,-9999.0,-9999.0,-9999.0,-9999.0,-9999.0,size,orientation,color,0.26,-16.0,16,male,0,2706.1785744,0,26
2063,-9999.0,-9999.0,-9999.0,-9999.0,-9999.0,-9999.0,-9999.0,-9999.0,-9999.0,size,orientation,color,0.26,-16.0,16,male,0,2706.1785744,0,26
2064,-9999.0,-9999.0,-9999.0,-9999.0,-9999.0,-9999.0,-9999.0,-9999.0,-9999.0,size,orientation,color,0.26,-16.0,16,male,0,2706.1785744,0,26
2065,-9999.0,-9999.0,-9999.0,-9999.0,-9999.0,-9999.0,-9999.0,-9999.0,-9999.0,size,orientation,color,0.26,-16.0,16,male,0,2706.1785744,0,26
2066,-9999.0,-9999.0,-9999.0,-9999.0,-9999.0,-9999.0,-9999.0,-9999.0,-9999.0,size,orientation,color,0.26,-16.0,16,male,0,2706.1785744,0,26
2067,-9999.0,-9999.0,-9999.0,-9999.0,-9999.0,-9999.0,-9999.0,-9999.0,-9999.0,size,orientation,color,0.26,-16.0,16,male,0,2706.1785744,0,26
2068,-9999.0,-9999.0,-9999.0,-9999.0,-9999.0,-9999.0,-9999.0,-9999.0,-9999.0,size,orientation,color,0.26,-16.0,16,male,0,2706.1785744,0,26
2069,-9999.0,-9999.0,-9999.0,-9999.0,-9999.0,-9999.0,-9999.0,-9999.0,-9999.0,size,orientation,color,0.26,-16.0,16,male,0,2706.1785744,0,26
2070,-9999.0,-9999.0,-9999.0,-9999.0,-9999.0,-9999.0,-9999.0,-9999.0,-9999.0,size,orientation,color,0.26,-16.0,16,male,0,2706.1785744,0,26
2071,-9999.0,-9999.0,-9999.0,-9999.0,-9999.0,-9999.0,-9999.0,-9999.0,-9999.0,size,orientation,color,0.26,-16.0,16,male,0,2706.1785744,0,26
2072,-9999.0,-9999.0,-9999.0,-9999.0,-9999.0,-9999.0,-9999.0,-9999.0,-9999.0,size,orientation,color,0.26,-16.0,16,male,0,2706.1785744,0,26
2073,-9999.0,-9999.0,-9999.0,-9999.0,-9999.0,-9999.0,-9999.0,-9999.0,-9999.0,size,orientation,color,0.26,-16.0,16,male,0,2706.1785744,0,26
2074,-9999.0,-9999.0,-9999.0,-9999.0,-9999.0,-9999.0,-9999.0,-9999.0,-9999.0,size,orientation,color,0.26,-16.0,16,male,0,2706.1785744,0,26
2075,-9999.0,-9999.0,-9999.0,-9999.0,-9999.0,-9999.0,-9999.0,-9999.0,-9999.0,size,orientation,color,0.26,-16.0,16,male,0,2706.1785744,0,26
2076,-9999.0,-9999.0,-9999.0,-9999.0,-9999.0,-9999.0,-9999.0,-9999.0,-9999.0,size,orientation,color,0.26,-16.0,16,male,0,2706.1785744,0,26
2077,-9999.0,-9999.0,-9999.0,-9999.0,-9999.0,-9999.0,-9999.0,-9999.0,-9999.0,size,orientation,color,0.26,-16.0,16,male,0,2706.1785744,0,26
2078,-9999.0,-9999.0,-9999.0,-9999.0,-9999.0,-9999.0,-9999.0,-9999.0,-9999.0,size,orientation,color,0.26,-16.0,16,male,0,2706.1785744,0,26
2079,-9999.0,-9999.0,-9999.0,-9999.0,-9999.0,-9999.0,-9999.0,-9999.0,-9999.0,size,orientation,color,0.26,-16.0,16,male,0,2706.1785744,0,26
2080,-9999.0,-9999.0,-9999.0,-9999.0,-9999.0,-9999.0,-9999.0,-9999.0,-9999.0,size,orientation,color,0.26,-16.0,16,male,0,2706.1785744,0,26
2081,-9999.0,-9999.0,-9999.0,-9999.0,-9999.0,-9999.0,-9999.0,-9999.0,-9999.0,size,orientation,color,0.26,-16.0,16,male,0,2706.1785744,0,26
2082,-9999.0,-9999.0,-9999.0,-9999.0,-9999.0,-9999.0,-9999.0,-9999.0,-9999.0,size,orientation,color,0.26,-16.0,16,male,0,2706.1785744,0,26
2083,-9999.0,-9999.0,-9999.0,-9999.0,-9999.0,-9999.0,-9999.0,-9999.0,-9999.0,size,orientation,color,0.26,-16.0,16,male,0,2706.1785744,0,26
2084,-9999.0,-9999.0,-9999.0,-9999.0,-9999.0,-9999.0,-9999.0,-9999.0,-9999.0,size,orientation,color,0.26,-16.0,16,male,0,2706.1785744,0,26
2085,-9999.0,-9999.0,-9999.0,-9999.0,-9999.0,-9999.0,-9999.0,-9999.0,-9999.0,size,orientation,color,0.26,-16.0,16,male,0,2706.1785744,0,26
2086,-9999.0,-9999.0,-9999.0,-9999.0,-9999.0,-9999.0,-9999.0,-9999.0,-9999.0,size,orientation,color,0.26,-16.0,16,male,0,2706.1785744,0,26
2087,-9999.0,-9999.0,-9999.0,-9999.0,-9999.0,-9999.0,-9999.0,-9999.0,-9999.0,size,orientation,color,0.26,-16.0,16,male,0,2706.1785744,0,26
2088,-9999.0,-9999.0,-9999.0,-9999.0,-9999.0,-9999.0,-9999.0,-9999.0,-9999.0,size,orientation,color,0.26,-16.0,16,male,0,2706.1785744,0,26
2089,-9999.0,-9999.0,-9999.0,-9999.0,-9999.0,-9999.0,-9999.0,-9999.0,-9999.0,size,orientation,color,0.26,-16.0,16,male,0,2706.1785744,0,26
2090,-9999.0,-9999.0,-9999.0,-9999.0,-9999.0,-9999.0,-9999.0,-9999.0,-9999.0,size,orientation,color,0.26,-16.0,16,male,0,2706.1785744,0,26
2091,-9999.0,-9999.0,-9999.0,-9999.0,-9999.0,-9999.0,-9999.0,-9999.0,-9999.0,size,orientation,color,0.26,-16.0,16,male,0,2706.1785744,0,26
2092,-9999.0,-9999.0,-9999.0,-9999.0,-9999.0,-9999.0,-9999.0,-9999.0,-9999.0,size,orientation,color,0.26,-16.0,16,male,0,2706.1785744,0,26
2093,-9999.0,-9999.0,-9999.0,-9999.0,-9999.0,-9999.0,-9999.0,-9999.0,-9999.0,size,orientation,color,0.26,-16.0,16,male,0,2706.1785744,0,26
2094,-9999.0,-9999.0,-9999.0,-9999.0,-9999.0,-9999.0,-9999.0,-9999.0,-9999.0,size,orientation,color,0.26,-16.0,16,male,0,2706.1785744,0,26
2095,-9999.0,-9999.0,-9999.0,-9999.0,-9999.0,-9999.0,-9999.0,-9999.0,-9999.0,size,orientation,color,0.26,-16.0,16,male,0,2706.1785744,0,26
2096,-9999.0,-9999.0,-9999.0,-9999.0,-9999.0,-9999.0,-9999.0,-9999.0,-9999.0,size,orientation,color,0.26,-16.0,16,male,0,2706.1785744,0,26
2097,-9999.0,-9999.0,-9999.0,-9999.0,-9999.0,-9999.0,-9999.0,-9999.0,-9999.0,size,orientation,color,0.26,-16.0,16,male,0,2706.1785744,0,26
2098,-9999.0,-9999.0,-9999.0,-9999.0,-9999.0,-9999.0,-9999.0,-9999.0,-9999.0,size,orientation,color,0.26,-16.0,16,male,0,2706.1785744,0,26
2099,-9999.0,-9999.0,-9999.0,-9999.0,-9999.0,-9999.0,-9999.0,-9999.0,-9999.0,size,orientation,color,0.26,-16.0,16,male,0,2706.1785744,0,26
2100,-9999.0,-9999.0,-9999.0,-9999.0,-9999.0,-9999.0,-9999.0,-9999.0,-9999.0,size,orientation,color,0.26,-16.0,16,male,0,2706.1785744,0,26
2101,-9999.0,-9999.0,-9999.0,-9999.0,-9999.0,-9999.0,-9999.0,-9999.0,-9999.0,size,orientation,color,0.26,-16.0,16,male,0,2706.1785744,0,26
2102,-9999.0,-9999.0,-9999.0,-9999.0,-9999.0,-9999.0,-9999.0,-9999.0,-9999.0,size,orientation,color,0.26,-16.0,16,male,0,2706.1785744,0,26
2103,-9999.0,-9999.0,-9999.0,-9999.0,-9999.0,-9999.0,-9999.0,-9999.0,-9999.0,size,orientation,color,0.26,-16.0,16,male,0,2706.1785744,0,26
2104,-9999.0,-9999.0,-9999.0,-9999.0,-9999.0,-9999.0,-9999.0,-9999.0,-9999.0,size,orientation,color,0.26,-16.0,16,male,0,2706.1785744,0,26
2105,-9999.0,-9999.0,-9999.0,-9999.0,-9999.0,-9999.0,-9999.0,-9999.0,-9999.0,size,orientation,color,0.26,-16.0,16,male,0,2706.1785744,0,26
2106,-9999.0,-9999.0,-9999.0,-9999.0,-9999.0,-9999.0,-9999.0,-9999.0,-9999.0,size,orientation,color,0.26,-16.0,16,male,0,2706.1785744,0,26
2107,-9999.0,-9999.0,-9999.0,-9999.0,-9999.0,-9999.0,-9999.0,-9999.0,-9999.0,size,orientation,color,0.26,-16.0,16,male,0,2706.1785744,0,26
2108,-9999.0,-9999.0,-9999.0,-9999.0,-9999.0,-9999.0,-9999.0,-9999.0,-9999.0,size,orientation,color,0.26,-16.0,16,male,0,2706.1785744,0,26
2109,-9999.0,-9999.0,-9999.0,-9999.0,-9999.0,-9999.0,-9999.0,-9999.0,-9999.0,size,orientation,color,0.26,-16.0,16,male,0,2706.1785744,0,26
2110,-9999.0,-9999.0,-9999.0,-9999.0,-9999.0,-9999.0,-9999.0,-9999.0,-9999.0,size,orientation,color,0.26,-16.0,16,male,0,2706.1785744,0,26
2111,-9999.0,-9999.0,-9999.0,-9999.0,-9999.0,-9999.0,-9999.0,-9999.0,-9999.0,size,orientation,color,0.26,-16.0,16,male,0,2706.1785744,0,26
2112,-9999.0,-9999.0,-9999.0,-9999.0,-9999.0,-9999.0,-9999.0,-9999.0,-9999.0,size,orientation,color,0.26,-16.0,16,male,0,2706.1785744,0,26
2113,-9999.0,-9999.0,-9999.0,-9999.0,-9999.0,-9999.0,-9999.0,-9999.0,-9999.0,size,orientation,color,0.26,-16.0,16,male,0,2706.1785744,0,26
2114,-9999.0,-9999.0,-9999.0,-9999.0,-9999.0,-9999.0,-9999.0,-9999.0,-9999.0,size,orientation,color,0.26,-16.0,16,male,0,2706.1785744,0,26
2115,-9999.0,-9999.0,-9999.0,-9999.0,-9999.0,-9999.0,-9999.0,-9999.0,-9999.0,size,orientation,color,0.26,-16.0,16,male,0,2706.1785744,0,26
2116,-9999.0,-9999.0,-9999.0,-9999.0,-9999.0,-9999.0,-9999.0,-9999.0,-9999.0,size,orientation,color,0.26,-16.0,16,male,0,2706.1785744,0,26
2117,-9999.0,-9999.0,-9999.0,-9999.0,-9999.0,-9999.0,-9999.0,-9999.0,-9999.0,size,orientation,color,0.26,-16.0,16,male,0,2706.1785744,0,26
2118,-9999.0,-9999.0,-9999.0,-9999.0,-9999.0,-9999.0,-9999.0,-9999.0,-9999.0,size,orientation,color,0.26,-16.0,16,male,0,2706.1785744,0,26
2119,-9999.0,-9999.0,-9999.0,-9999.0,-9999.0,-9999.0,-9999.0,-9999.0,-9999.0,size,orientation,color,0.26,-16.0,16,male,0,2706.1785744,0,26
2120,-9999.0,-9999.0,-9999.0,-9999.0,-9999.0,-9999.0,-9999.0,-9999.0,-9999.0,size,orientation,color,0.26,-16.0,16,male,0,2706.1785744,0,26
2121,-9999.0,-9999.0,-9999.0,-9999.0,-9999.0,-9999.0,-9999.0,-9999.0,-9999.0,size,orientation,color,0.26,-16.0,16,male,0,2706.1785744,0,26
2122,-9999.0,-9999.0,-9999.0,-9999.0,-9999.0,-9999.0,-9999.0,-9999.0,-9999.0,size,orientation,color,0.26,-16.0,16,male,0,2706.1785744,0,26
2123,-9999.0,-9999.0,-9999.0,-9999.0,-9999.0,-9999.0,-9999.0,-9999.0,-9999.0,size,orientation,color,0.26,-16.0,16,male,0,2706.1785744,0,26
2124,-9999.0,-9999.0,-9999.0,-9999.0,-9999.0,-9999.0,-9999.0,-9999.0,-9999.0,size,orientation,color,0.26,-16.0,16,male,0,2706.1785744,0,26
2125,-9999.0,-9999.0,-9999.0,-9999.0,-9999.0,-9999.0,-9999.0,-9999.0,-9999.0,size,orientation,color,0.26,-16.0,16,male,0,2706.1785744,0,26
2126,-9999.0,-9999.0,-9999.0,-9999.0,-9999.0,-9999.0,-9999.0,-9999.0,-9999.0,size,orientation,color,0.26,-16.0,16,male,0,2706.1785744,0,26
2127,-9999.0,-9999.0,-9999.0,-9999.0,-9999.0,-9999.0,-9999.0,-9999.0,-9999.0,size,orientation,color,0.26,-16.0,16,male,0,2706.1785744,0,26
2128,-9999.0,-9999.0,-9999.0,-9999.0,-9999.0,-9999.0,-9999.0,-9999.0,-9999.0,size,orientation,color,0.26,-16.0,16,male,0,2706.1785744,0,26
2129,-9999.0,-9999.0,-9999.0,-9999.0,-9999.0,-9999.0,-9999.0,-9999.0,-9999.0,size,orientation,color,0.26,-16.0,16,male,0,2706.1785744,0,26
2130,-9999.0,-9999.0,-9999.0,-9999.0,-9999.0,-9999.0,-9999.0,-9999.0,-9999.0,size,orientation,color,0.26,-16.0,16,male,0,2706.1785744,0,26
2131,-9999.0,-9999.0,-9999.0,-9999.0,-9999.0,-9999.0,-9999.0,-9999.0,-9999.0,size,orientation,color,0.26,-16.0,16,male,0,2706.1785744,0,26
2132,-9999.0,-9999.0,-9999.0,-9999.0,-9999.0,-9999.0,-9999.0,-9999.0,-9999.0,size,orientation,color,0.26,-16.0,16,male,0,2706.1785744,0,26
2133,-9999.0,-9999.0,-9999.0,-9999.0,-9999.0,-9999.0,-9999.0,-9999.0,-9999.0,size,orientation,color,0.26,-16.0,16,male,0,2706.1785744,0,26
2134,-9999.0,-9999.0,-9999.0,-9999.0,-9999.0,-9999.0,-9999.0,-9999.0,-9999.0,size,orientation,color,0.26,-16.0,16,male,0,2706.1785744,0,26
2135,-9999.0,-9999.0,-9999.0,-9999.0,-9999.0,-9999.0,-9999.0,-9999.0,-9999.0,size,orientation,color,0.26,-16.0,16,male,0,2706.1785744,0,26
2136,-9999.0,-9999.0,-9999.0,-9999.0,-9999.0,-9999.0,-9999.0,-9999.0,-9999.0,size,orientation,color,0.26,-16.0,16,male,0,2706.1785744,0,26
2137,-9999.0,-9999.0,-9999.0,-9999.0,-9999.0,-9999.0,-9999.0,-9999.0,-9999.0,size,orientation,color,0.26,-16.0,16,male,0,2706.1785744,0,26
2138,-9999.0,-9999.0,-9999.0,-9999.0,-9999.0,-9999.0,-9999.0,-9999.0,-9999.0,size,orientation,color,0.26,-16.0,16,male,0,2706.1785744,0,26
2139,-9999.0,-9999.0,-9999.0,-9999.0,-9999.0,-9999.0,-9999.0,-9999.0,-9999.0,size,orientation,color,0.26,-16.0,16,male,0,2706.1785744,0,26
2140,-9999.0,-9999.0,-9999.0,-9999.0,-9999.0,-9999.0,-9999.0,-9999.0,-9999.0,size,orientation,color,0.26,-16.0,16,male,0,2706.1785744,0,26
2141,-9999.0,-9999.0,-9999.0,-9999.0,-9999.0,-9999.0,-9999.0,-9999.0,-9999.0,size,orientation,color,0.26,-16.0,16,male,0,2706.1785744,0,26
2142,-9999.0,-9999.0,-9999.0,-9999.0,-9999.0,-9999.0,-9999.0,-9999.0,-9999.0,size,orientation,color,0.26,-16.0,16,male,0,2706.1785744,0,26
2143,-9999.0,-9999.0,-9999.0,-9999.0,-9999.0,-9999.0,-9999.0,-9999.0,-9999.0,size,orientation,color,0.26,-16.0,16,male,0,2706.1785744,0,26
2144,-9999.0,-9999.0,-9999.0,-9999.0,-9999.0,-9999.0,-9999.0,-9999.0,-9999.0,size,orientation,color,0.26,-16.0,16,male,0,2706.1785744,0,26
2145,-9999.0,-9999.0,-9999.0,-9999.0,-9999.0,-9999.0,-9999.0,-9999.0,-9999.0,size,orientation,color,0.26,-16.0,16,male,0,2706.1785744,0,26
2146,-9999.0,-9999.0,-9999.0,-9999.0,-9999.0,-9999.0,-9999.0,-9999.0,-9999.0,size,orientation,color,0.26,-16.0,16,male,0,2706.1785744,0,26
2147,-9999.0,-9999.0,-9999.0,-9999.0,-9999.0,-9999.0,-9999.0,-9999.0,-9999.0,size,orientation,color,0.26,-16.0,16,male,0,2706.1785744,0,26
2148,-9999.0,-9999.0,-9999.0,-9999.0,-9999.0,-9999.0,-9999.0,-9999.0,-9999.0,size,orientation,color,0.26,-16.0,16,male,0,2706.1785744,0,26
2149,-9999.0,-9999.0,-9999.0,-9999.0,-9999.0,-9999.0,-9999.0,-9999.0,-9999.0,size,orientation,color,0.26,-16.0,16,male,0,2706.1785744,0,26
2150,-9999.0,-9999.0,-9999.0,-9999.0,-9999.0,-9999.0,-9999.0,-9999.0,-9999.0,size,orientation,color,0.26,-16.0,16,male,0,2706.1785744,0,26
2151,-9999.0,-9999.0,-9999.0,-9999.0,-9999.0,-9999.0,-9999.0,-9999.0,-9999.0,size,orientation,color,0.26,-16.0,16,male,0,2706.1785744,0,26
2152,-9999.0,-9999.0,-9999.0,-9999.0,-9999.0,-9999.0,-9999.0,-9999.0,-9999.0,size,orientation,color,0.26,-16.0,16,male,0,2706.1785744,0,26
2153,-9999.0,-9999.0,-9999.0,-9999.0,-9999.0,-9999.0,-9999.0,-9999.0,-9999.0,size,orientation,color,0.26,-16.0,16,male,0,2706.1785744,0,26
2154,-9999.0,-9999.0,-9999.0,-9999.0,-9999.0,-9999.0,-9999.0,-9999.0,-9999.0,size,orientation,color,0.26,-16.0,16,male,0,2706.1785744,0,26
2155,-9999.0,-9999.0,-9999.0,-9999.0,-9999.0,-9999.0,-9999.0,-9999.0,-9999.0,size,orientation,color,0.26,-16.0,16,male,0,2706.1785744,0,26
2156,-9999.0,-9999.0,-9999.0,-9999.0,-9999.0,-9999.0,-9999.0,-9999.0,-9999.0,size,orientation,color,0.26,-16.0,16,male,0,2706.1785744,0,26
2157,-9999.0,-9999.0,-9999.0,-9999.0,-9999.0,-9999.0,-9999.0,-9999.0,-9999.0,size,orientation,color,0.26,-16.0,16,male,0,2706.1785744,0,26
2158,-9999.0,-9999.0,-9999.0,-9999.0,-9999.0,-9999.0,-9999.0,-9999.0,-9999.0,size,orientation,color,0.26,-16.0,16,male,0,2706.1785744,0,26
2159,-9999.0,-9999.0,-9999.0,-9999.0,-9999.0,-9999.0,-9999.0,-9999.0,-9999.0,size,orientation,color,0.26,-16.0,16,male,0,2706.1785744,0,26
2160,-9999.0,-9999.0,-9999.0,-9999.0,-9999.0,-9999.0,-9999.0,-9999.0,-9999.0,size,orientation,color,0.26,-16.0,16,male,0,2706.1785744,0,26
2161,-9999.0,-9999.0,-9999.0,-9999.0,-9999.0,-9999.0,-9999.0,-9999.0,-9999.0,size,orientation,color,0.26,-16.0,16,male,0,2706.1785744,0,26
2162,-9999.0,-9999.0,-9999.0,-9999.0,-9999.0,-9999.0,-9999.0,-9999.0,-9999.0,size,orientation,color,0.26,-16.0,16,male,0,2706.1785744,0,26
2163,-9999.0,-9999.0,-9999.0,-9999.0,-9999.0,-9999.0,-9999.0,-9999.0,-9999.0,size,orientation,color,0.26,-16.0,16,male,0,2706.1785744,0,26
2164,-9999.0,-9999.0,-9999.0,-9999.0,-9999.0,-9999.0,-9999.0,-9999.0,-9999.0,size,orientation,color,0.26,-16.0,16,male,0,2706.1785744,0,26
2165,-9999.0,-9999.0,-9999.0,-9999.0,-9999.0,-9999.0,-9999.0,-9999.0,-9999.0,size,orientation,color,0.26,-16.0,16,male,0,2706.1785744,0,26
2166,-9999.0,-9999.0,-9999.0,-9999.0,-9999.0,-9999.0,-9999.0,-9999.0,-9999.0,size,orientation,color,0.26,-16.0,16,male,0,2706.1785744,0,26
2167,-9999.0,-9999.0,-9999.0,-9999.0,-9999.0,-9999.0,-9999.0,-9999.0,-9999.0,size,orientation,color,0.26,-16.0,16,male,0,2706.1785744,0,26
2168,-9999.0,-9999.0,-9999.0,-9999.0,-9999.0,-9999.0,-9999.0,-9999.0,-9999.0,size,orientation,color,0.26,-16.0,16,male,0,2706.1785744,0,26
2169,-9999.0,-9999.0,-9999.0,-9999.0,-9999.0,-9999.0,-9999.0,-9999.0,-9999.0,size,orientation,color,0.26,-16.0,16,male,0,2706.1785744,0,26
2170,-9999.0,-9999.0,-9999.0,-9999.0,-9999.0,-9999.0,-9999.0,-9999.0,-9999.0,size,orientation,color,0.26,-16.0,16,male,0,2706.1785744,0,26
2171,-9999.0,-9999.0,-9999.0,-9999.0,-9999.0,-9999.0,-9999.0,-9999.0,-9999.0,size,orientation,color,0.26,-16.0,16,male,0,2706.1785744,0,26
2172,-9999.0,-9999.0,-9999.0,-9999.0,-9999.0,-9999.0,-9999.0,-9999.0,-9999.0,size,orientation,color,0.26,-16.0,16,male,0,2706.1785744,0,26
2173,-9999.0,-9999.0,-9999.0,-9999.0,-9999.0,-9999.0,-9999.0,-9999.0,-9999.0,size,orientation,color,0.26,-16.0,16,male,0,2706.1785744,0,26
2174,-9999.0,-9999.0,-9999.0,-9999.0,-9999.0,-9999.0,-9999.0,-9999.0,-9999.0,size,orientation,color,0.26,-16.0,16,male,0,2706.1785744,0,26
2175,-9999.0,-9999.0,-9999.0,-9999.0,-9999.0,-9999.0,-9999.0,-9999.0,-9999.0,size,orientation,color,0.26,-16.0,16,male,0,2706.1785744,0,26
2176,-9999.0,-9999.0,-9999.0,-9999.0,-9999.0,-9999.0,-9999.0,-9999.0,-9999.0,size,orientation,color,0.26,-16.0,16,male,0,2706.1785744,0,26
2177,-9999.0,-9999.0,-9999.0,-9999.0,-9999.0,-9999.0,-9999.0,-9999.0,-9999.0,size,orientation,color,0.26,-16.0,16,male,0,2706.1785744,0,26
2178,-9999.0,-9999.0,-9999.0,-9999.0,-9999.0,-9999.0,-9999.0,-9999.0,-9999.0,size,orientation,color,0.26,-16.0,16,male,0,2706.1785744,0,26
2179,-9999.0,-9999.0,-9999.0,-9999.0,-9999.0,-9999.0,-9999.0,-9999.0,-9999.0,size,orientation,color,0.26,-16.0,16,male,0,2706.1785744,0,26
2180,-9999.0,-9999.0,-9999.0,-9999.0,-9999.0,-9999.0,-9999.0,-9999.0,-9999.0,size,orientation,color,0.26,-16.0,16,male,0,2706.1785744,0,26
2181,-9999.0,-9999.0,-9999.0,-9999.0,-9999.0,-9999.0,-9999.0,-9999.0,-9999.0,size,orientation,color,0.26,-16.0,16,male,0,2706.1785744,0,26
2182,-9999.0,-9999.0,-9999.0,-9999.0,-9999.0,-9999.0,-9999.0,-9999.0,-9999.0,size,orientation,color,0.26,-16.0,16,male,0,2706.1785744,0,26
2183,-9999.0,-9999.0,-9999.0,-9999.0,-9999.0,-9999.0,-9999.0,-9999.0,-9999.0,size,orientation,color,0.26,-16.0,16,male,0,2706.1785744,0,26
2184,-9999.0,-9999.0,-9999.0,-9999.0,-9999.0,-9999.0,-9999.0,-9999.0,-9999.0,size,orientation,color,0.26,-16.0,16,male,0,2706.1785744,0,26
2185,-9999.0,-9999.0,-9999.0,-9999.0,-9999.0,-9999.0,-9999.0,-9999.0,-9999.0,size,orientation,color,0.26,-16.0,16,male,0,2706.1785744,0,26
2186,-9999.0,-9999.0,-9999.0,-9999.0,-9999.0,-9999.0,-9999.0,-9999.0,-9999.0,size,orientation,color,0.26,-16.0,16,male,0,2706.1785744,0,26
2187,-9999.0,-9999.0,-9999.0,-9999.0,-9999.0,-9999.0,-9999.0,-9999.0,-9999.0,size,orientation,color,0.26,-16.0,16,male,0,2706.1785744,0,26
2188,-9999.0,-9999.0,-9999.0,-9999.0,-9999.0,-9999.0,-9999.0,-9999.0,-9999.0,size,orientation,color,0.26,-16.0,16,male,0,2706.1785744,0,26
2189,-9999.0,-9999.0,-9999.0,-9999.0,-9999.0,-9999.0,-9999.0,-9999.0,-9999.0,size,orientation,color,0.26,-16.0,16,male,0,2706.1785744,0,26
2190,-9999.0,-9999.0,-9999.0,-9999.0,-9999.0,-9999.0,-9999.0,-9999.0,-9999.0,size,orientation,color,0.26,-16.0,16,male,0,2706.1785744,0,26
2191,-9999.0,-9999.0,-9999.0,-9999.0,-9999.0,-9999.0,-9999.0,-9999.0,-9999.0,size,orientation,color,0.26,-16.0,16,male,0,2706.1785744,0,26
2192,-9999.0,-9999.0,-9999.0,-9999.0,-9999.0,-9999.0,-9999.0,-9999.0,-9999.0,size,orientation,color,0.26,-16.0,16,male,0,2706.1785744,0,26
2193,-9999.0,-9999.0,-9999.0,-9999.0,-9999.0,-9999.0,-9999.0,-9999.0,-9999.0,size,orientation,color,0.26,-16.0,16,male,0,2706.1785744,0,26
2194,-9999.0,-9999.0,-9999.0,-9999.0,-9999.0,-9999.0,-9999.0,-9999.0,-9999.0,size,orientation,color,0.26,-16.0,16,male,0,2706.1785744,0,26
2195,-9999.0,-9999.0,-9999.0,-9999.0,-9999.0,-9999.0,-9999.0,-9999.0,-9999.0,size,orientation,color,0.26,-16.0,16,male,0,2706.1785744,0,26
2196,-9999.0,-9999.0,-9999.0,-9999.0,-9999.0,-9999.0,-9999.0,-9999.0,-9999.0,size,orientation,color,0.26,-16.0,16,male,0,2706.1785744,0,26
2197,-9999.0,-9999.0,-9999.0,-9999.0,-9999.0,-9999.0,-9999.0,-9999.0,-9999.0,size,orientation,color,0.26,-16.0,16,male,0,2706.1785744,0,26
2198,-9999.0,-9999.0,-9999.0,-9999.0,-9999.0,-9999.0,-9999.0,-9999.0,-9999.0,size,orientation,color,0.26,-16.0,16,male,0,2706.1785744,0,26
2199,-9999.0,-9999.0,-9999.0,-9999.0,-9999.0,-9999.0,-9999.0,-9999.0,-9999.0,size,orientation,color,0.26,-16.0,16,male,0,2706.1785744,0,26
2200,-9999.0,-9999.0,-9999.0,-9999.0,-9999.0,-9999.0,-9999.0,-9999.0,-9999.0,size,orientation,color,0.26,-16.0,16,male,0,2706.1785744,0,26
2201,-9999.0,-9999.0,-9999.0,-9999.0,-9999.0,-9999.0,-9999.0,-9999.0,-9999.0,size,orientation,color,0.26,-16.0,16,male,0,2706.1785744,0,26
2202,-9999.0,-9999.0,-9999.0,-9999.0,-9999.0,-9999.0,-9999.0,-9999.0,-9999.0,size,orientation,color,0.26,-16.0,16,male,0,2706.1785744,0,26
2203,-9999.0,-9999.0,-9999.0,-9999.0,-9999.0,-9999.0,-9999.0,-9999.0,-9999.0,size,orientation,color,0.26,-16.0,16,male,0,2706.1785744,0,26
2204,-9999.0,-9999.0,-9999.0,-9999.0,-9999.0,-9999.0,-9999.0,-9999.0,-9999.0,size,orientation,color,0.26,-16.0,16,male,0,2706.1785744,0,26
2205,-9999.0,-9999.0,-9999.0,-9999.0,-9999.0,-9999.0,-9999.0,-9999.0,-9999.0,size,orientation,color,0.26,-16.0,16,male,0,2706.1785744,0,26
2206,-9999.0,-9999.0,-9999.0,-9999.0,-9999.0,-9999.0,-9999.0,-9999.0,-9999.0,size,orientation,color,0.26,-16.0,16,male,0,2706.1785744,0,26
2207,-9999.0,-9999.0,-9999.0,-9999.0,-9999.0,-9999.0,-9999.0,-9999.0,-9999.0,size,orientation,color,0.26,-16.0,16,male,0,2706.1785744,0,26
2208,-9999.0,-9999.0,-9999.0,-9999.0,-9999.0,-9999.0,-9999.0,-9999.0,-9999.0,size,orientation,color,0.26,-16.0,16,male,0,2706.1785744,0,26
2209,-9999.0,-9999.0,-9999.0,-9999.0,-9999.0,-9999.0,-9999.0,-9999.0,-9999.0,size,orientation,color,0.26,-16.0,16,male,0,2706.1785744,0,26
2210,-9999.0,-9999.0,-9999.0,-9999.0,-9999.0,-9999.0,-9999.0,-9999.0,-9999.0,size,orientation,color,0.26,-16.0,16,male,0,2706.1785744,0,26
2211,-9999.0,-9999.0,-9999.0,-9999.0,-9999.0,-9999.0,-9999.0,-9999.0,-9999.0,size,orientation,color,0.26,-16.0,16,male,0,2706.1785744,0,26
2212,-9999.0,-9999.0,-9999.0,-9999.0,-9999.0,-9999.0,-9999.0,-9999.0,-9999.0,size,orientation,color,0.26,-16.0,16,male,0,2706.1785744,0,26
2213,-9999.0,-9999.0,-9999.0,-9999.0,-9999.0,-9999.0,-9999.0,-9999.0,-9999.0,size,orientation,color,0.26,-16.0,16,male,0,2706.1785744,0,26
2214,-9999.0,-9999.0,-9999.0,-9999.0,-9999.0,-9999.0,-9999.0,-9999.0,-9999.0,size,orientation,color,0.26,-16.0,16,male,0,2706.1785744,0,26
2215,-9999.0,-9999.0,-9999.0,-9999.0,-9999.0,-9999.0,-9999.0,-9999.0,-9999.0,size,orientation,color,0.26,-16.0,16,male,0,2706.1785744,0,26
2216,-9999.0,-9999.0,-9999.0,-9999.0,-9999.0,-9999.0,-9999.0,-9999.0,-9999.0,size,orientation,color,0.26,-16.0,16,male,0,2706.1785744,0,26
2217,-9999.0,-9999.0,-9999.0,-9999.0,-9999.0,-9999.0,-9999.0,-9999.0,-9999.0,size,orientation,color,0.26,-16.0,16,male,0,2706.1785744,0,26
2218,-9999.0,-9999.0,-9999.0,-9999.0,-9999.0,-9999.0,-9999.0,-9999.0,-9999.0,size,orientation,color,0.26,-16.0,16,male,0,2706.1785744,0,26
2219,-9999.0,-9999.0,-9999.0,-9999.0,-9999.0,-9999.0,-9999.0,-9999.0,-9999.0,size,orientation,color,0.26,-16.0,16,male,0,2706.1785744,0,26
2220,-9999.0,-9999.0,-9999.0,-9999.0,-9999.0,-9999.0,-9999.0,-9999.0,-9999.0,size,orientation,color,0.26,-16.0,16,male,0,2706.1785744,0,26
2221,-9999.0,-9999.0,-9999.0,-9999.0,-9999.0,-9999.0,-9999.0,-9999.0,-9999.0,size,orientation,color,0.26,-16.0,16,male,0,2706.1785744,0,26
2222,-9999.0,-9999.0,-9999.0,-9999.0,-9999.0,-9999.0,-9999.0,-9999.0,-9999.0,size,orientation,color,0.26,-16.0,16,male,0,2706.1785744,0,26
2223,-9999.0,-9999.0,-9999.0,-9999.0,-9999.0,-9999.0,-9999.0,-9999.0,-9999.0,size,orientation,color,0.26,-16.0,16,male,0,2706.1785744,0,26
2224,-9999.0,-9999.0,-9999.0,-9999.0,-9999.0,-9999.0,-9999.0,-9999.0,-9999.0,size,orientation,color,0.26,-16.0,16,male,0,2706.1785744,0,26
2225,-9999.0,-9999.0,-9999.0,-9999.0,-9999.0,-9999.0,-9999.0,-9999.0,-9999.0,size,orientation,color,0.26,-16.0,16,male,0,2706.1785744,0,26
2226,-9999.0,-9999.0,-9999.0,-9999.0,-9999.0,-9999.0,-9999.0,-9999.0,-9999.0,size,orientation,color,0.26,-16.0,16,male,0,2706.1785744,0,26
2227,-9999.0,-9999.0,-9999.0,-9999.0,-9999.0,-9999.0,-9999.0,-9999.0,-9999.0,size,orientation,color,0.26,-16.0,16,male,0,2706.1785744,0,26
2228,-9999.0,-9999.0,-9999.0,-9999.0,-9999.0,-9999.0,-9999.0,-9999.0,-9999.0,size,orientation,color,0.26,-16.0,16,male,0,2706.1785744,0,26
2229,-9999.0,-9999.0,-9999.0,-9999.0,-9999.0,-9999.0,-9999.0,-9999.0,-9999.0,size,orientation,color,0.26,-16.0,16,male,0,2706.1785744,0,26
2230,-9999.0,-9999.0,-9999.0,-9999.0,-9999.0,-9999.0,-9999.0,-9999.0,-9999.0,size,orientation,color,0.26,-16.0,16,male,0,2706.1785744,0,26
2231,-9999.0,-9999.0,-9999.0,-9999.0,-9999.0,-9999.0,-9999.0,-9999.0,-9999.0,size,orientation,color,0.26,-16.0,16,male,0,2706.1785744,0,26
2232,-9999.0,-9999.0,-9999.0,-9999.0,-9999.0,-9999.0,-9999.0,-9999.0,-9999.0,size,orientation,color,0.26,-16.0,16,male,0,2706.1785744,0,26
2233,-9999.0,-9999.0,-9999.0,-9999.0,-9999.0,-9999.0,-9999.0,-9999.0,-9999.0,size,orientation,color,0.26,-16.0,16,male,0,2706.1785744,0,26
2234,-9999.0,-9999.0,-9999.0,-9999.0,-9999.0,-9999.0,-9999.0,-9999.0,-9999.0,size,orientation,color,0.26,-16.0,16,male,0,2706.1785744,0,26
2235,-9999.0,-9999.0,-9999.0,-9999.0,-9999.0,-9999.0,-9999.0,-9999.0,-9999.0,size,orientation,color,0.26,-16.0,16,male,0,2706.1785744,0,26
2236,-9999.0,-9999.0,-9999.0,-9999.0,-9999.0,-9999.0,-9999.0,-9999.0,-9999.0,size,orientation,color,0.26,-16.0,16,male,0,2706.1785744,0,26
2237,-9999.0,-9999.0,-9999.0,-9999.0,-9999.0,-9999.0,-9999.0,-9999.0,-9999.0,size,orientation,color,0.26,-16.0,16,male,0,2706.1785744,0,26
2238,-9999.0,-9999.0,-9999.0,-9999.0,-9999.0,-9999.0,-9999.0,-9999.0,-9999.0,size,orientation,color,0.26,-16.0,16,male,0,2706.1785744,0,26
2239,-9999.0,-9999.0,-9999.0,-9999.0,-9999.0,-9999.0,-9999.0,-9999.0,-9999.0,size,orientation,color,0.26,-16.0,16,male,0,2706.1785744,0,26
2240,-9999.0,-9999.0,-9999.0,-9999.0,-9999.0,-9999.0,-9999.0,-9999.0,-9999.0,size,orientation,color,0.26,-16.0,16,male,0,2706.1785744,0,26
2241,-9999.0,-9999.0,-9999.0,-9999.0,-9999.0,-9999.0,-9999.0,-9999.0,-9999.0,size,orientation,color,0.26,-16.0,16,male,0,2706.1785744,0,26
2242,-9999.0,-9999.0,-9999.0,-9999.0,-9999.0,-9999.0,-9999.0,-9999.0,-9999.0,size,orientation,color,0.26,-16.0,16,male,0,2706.1785744,0,26
2243,-9999.0,-9999.0,-9999.0,-9999.0,-9999.0,-9999.0,-9999.0,-9999.0,-9999.0,size,orientation,color,0.26,-16.0,16,male,0,2706.1785744,0,26
2244,-9999.0,-9999.0,-9999.0,-9999.0,-9999.0,-9999.0,-9999.0,-9999.0,-9999.0,size,orientation,color,0.26,-16.0,16,male,0,2706.1785744,0,26
2245,-9999.0,-9999.0,-9999.0,-9999.0,-9999.0,-9999.0,-9999.0,-9999.0,-9999.0,size,orientation,color,0.26,-16.0,16,male,0,2706.1785744,0,26
2246,-9999.0,-9999.0,-9999.0,-9999.0,-9999.0,-9999.0,-9999.0,-9999.0,-9999.0,size,orientation,color,0.26,-16.0,16,male,0,2706.1785744,0,26
2247,-9999.0,-9999.0,-9999.0,-9999.0,-9999.0,-9999.0,-9999.0,-9999.0,-9999.0,size,orientation,color,0.26,-16.0,16,male,0,2706.1785744,0,26
2248,-9999.0,-9999.0,-9999.0,-9999.0,-9999.0,-9999.0,-9999.0,-9999.0,-9999.0,size,orientation,color,0.26,-16.0,16,male,0,2706.1785744,0,26
2249,-9999.0,-9999.0,-9999.0,-9999.0,-9999.0,-9999.0,-9999.0,-9999.0,-9999.0,size,orientation,color,0.26,-16.0,16,male,0,2706.1785744,0,26
2250,-9999.0,-9999.0,-9999.0,-9999.0,-9999.0,-9999.0,-9999.0,-9999.0,-9999.0,size,orientation,color,0.26,-16.0,16,male,0,2706.1785744,0,26
2251,-9999.0,-9999.0,-9999.0,-9999.0,-9999.0,-9999.0,-9999.0,-9999.0,-9999.0,size,orientation,color,0.26,-16.0,16,male,0,2706.1785744,0,26
2252,-9999.0,-9999.0,-9999.0,-9999.0,-9999.0,-9999.0,-9999.0,-9999.0,-9999.0,size,orientation,color,0.26,-16.0,16,male,0,2706.1785744,0,26
2253,-9999.0,-9999.0,-9999.0,-9999.0,-9999.0,-9999.0,-9999.0,-9999.0,-9999.0,size,orientation,color,0.26,-16.0,16,male,0,2706.1785744,0,26
2254,-9999.0,-9999.0,-9999.0,-9999.0,-9999.0,-9999.0,-9999.0,-9999.0,-9999.0,size,orientation,color,0.26,-16.0,16,male,0,2706.1785744,0,26
2255,-9999.0,-9999.0,-9999.0,-9999.0,-9999.0,-9999.0,-9999.0,-9999.0,-9999.0,size,orientation,color,0.26,-16.0,16,male,0,2706.1785744,0,26
2256,-9999.0,-9999.0,-9999.0,-9999.0,-9999.0,-9999.0,-9999.0,-9999.0,-9999.0,size,orientation,color,0.26,-16.0,16,male,0,2706.1785744,0,26
2257,-9999.0,-9999.0,-9999.0,-9999.0,-9999.0,-9999.0,-9999.0,-9999.0,-9999.0,size,orientation,color,0.26,-16.0,16,male,0,2706.1785744,0,26
2258,-9999.0,-9999.0,-9999.0,-9999.0,-9999.0,-9999.0,-9999.0,-9999.0,-9999.0,size,orientation,color,0.26,-16.0,16,male,0,2706.1785744,0,26
2259,-9999.0,-9999.0,-9999.0,-9999.0,-9999.0,-9999.0,-9999.0,-9999.0,-9999.0,size,orientation,color,0.26,-16.0,16,male,0,2706.1785744,0,26
2260,-9999.0,-9999.0,-9999.0,-9999.0,-9999.0,-9999.0,-9999.0,-9999.0,-9999.0,size,orientation,color,0.26,-16.0,16,male,0,2706.1785744,0,26
2261,-9999.0,-9999.0,-9999.0,-9999.0,-9999.0,-9999.0,-9999.0,-9999.0,-9999.0,size,orientation,color,0.26,-16.0,16,male,0,2706.1785744,0,26
2262,-9999.0,-9999.0,-9999.0,-9999.0,-9999.0,-9999.0,-9999.0,-9999.0,-9999.0,size,orientation,color,0.26,-16.0,16,male,0,2706.1785744,0,26
2263,-9999.0,-9999.0,-9999.0,-9999.0,-9999.0,-9999.0,-9999.0,-9999.0,-9999.0,size,orientation,color,0.26,-16.0,16,male,0,2706.1785744,0,26
2264,-9999.0,-9999.0,-9999.0,-9999.0,-9999.0,-9999.0,-9999.0,-9999.0,-9999.0,size,orientation,color,0.26,-16.0,16,male,0,2706.1785744,0,26
2265,-9999.0,-9999.0,-9999.0,-9999.0,-9999.0,-9999.0,-9999.0,-9999.0,-9999.0,size,orientation,color,0.26,-16.0,16,male,0,2706.1785744,0,26
2266,-9999.0,-9999.0,-9999.0,-9999.0,-9999.0,-9999.0,-9999.0,-9999.0,-9999.0,size,orientation,color,0.26,-16.0,16,male,0,2706.1785744,0,26
2267,-9999.0,-9999.0,-9999.0,-9999.0,-9999.0,-9999.0,-9999.0,-9999.0,-9999.0,size,orientation,color,0.26,-16.0,16,male,0,2706.1785744,0,26
2268,-9999.0,-9999.0,-9999.0,-9999.0,-9999.0,-9999.0,-9999.0,-9999.0,-9999.0,size,orientation,color,0.26,-16.0,16,male,0,2706.1785744,0,26
2269,-9999.0,-9999.0,-9999.0,-9999.0,-9999.0,-9999.0,-9999.0,-9999.0,-9999.0,size,orientation,color,0.26,-16.0,16,male,0,2706.1785744,0,26
2270,-9999.0,-9999.0,-9999.0,-9999.0,-9999.0,-9999.0,-9999.0,-9999.0,-9999.0,size,orientation,color,0.26,-16.0,16,male,0,2706.1785744,0,26
2271,-9999.0,-9999.0,-9999.0,-9999.0,-9999.0,-9999.0,-9999.0,-9999.0,-9999.0,size,orientation,color,0.26,-16.0,16,male,0,2706.1785744,0,26
2272,-9999.0,-9999.0,-9999.0,-9999.0,-9999.0,-9999.0,-9999.0,-9999.0,-9999.0,size,orientation,color,0.26,-16.0,16,male,0,2706.1785744,0,26
2273,-9999.0,-9999.0,-9999.0,-9999.0,-9999.0,-9999.0,-9999.0,-9999.0,-9999.0,size,orientation,color,0.26,-16.0,16,male,0,2706.1785744,0,26
2274,-9999.0,-9999.0,-9999.0,-9999.0,-9999.0,-9999.0,-9999.0,-9999.0,-9999.0,size,orientation,color,0.26,-16.0,16,male,0,2706.1785744,0,26
2275,-9999.0,-9999.0,-9999.0,-9999.0,-9999.0,-9999.0,-9999.0,-9999.0,-9999.0,size,orientation,color,0.26,-16.0,16,male,0,2706.1785744,0,26
2276,-9999.0,-9999.0,-9999.0,-9999.0,-9999.0,-9999.0,-9999.0,-9999.0,-9999.0,size,orientation,color,0.26,-16.0,16,male,0,2706.1785744,0,26
2277,-9999.0,-9999.0,-9999.0,-9999.0,-9999.0,-9999.0,-9999.0,-9999.0,-9999.0,size,orientation,color,0.26,-16.0,16,male,0,2706.1785744,0,26
2278,-9999.0,-9999.0,-9999.0,-9999.0,-9999.0,-9999.0,-9999.0,-9999.0,-9999.0,size,orientation,color,0.26,-16.0,16,male,0,2706.1785744,0,26
2279,-9999.0,-9999.0,-9999.0,-9999.0,-9999.0,-9999.0,-9999.0,-9999.0,-9999.0,size,orientation,color,0.26,-16.0,16,male,0,2706.1785744,0,26
2280,-9999.0,-9999.0,-9999.0,-9999.0,-9999.0,-9999.0,-9999.0,-9999.0,-9999.0,size,orientation,color,0.26,-16.0,16,male,0,2706.1785744,0,26
2281,-9999.0,-9999.0,-9999.0,-9999.0,-9999.0,-9999.0,-9999.0,-9999.0,-9999.0,size,orientation,color,0.26,-16.0,16,male,0,2706.1785744,0,26
2282,-9999.0,-9999.0,-9999.0,-9999.0,-9999.0,-9999.0,-9999.0,-9999.0,-9999.0,size,orientation,color,0.26,-16.0,16,male,0,2706.1785744,0,26
2283,-9999.0,-9999.0,-9999.0,-9999.0,-9999.0,-9999.0,-9999.0,-9999.0,-9999.0,size,orientation,color,0.26,-16.0,16,male,0,2706.1785744,0,26
2284,-9999.0,-9999.0,-9999.0,-9999.0,-9999.0,-9999.0,-9999.0,-9999.0,-9999.0,size,orientation,color,0.26,-16.0,16,male,0,2706.1785744,0,26
2285,-9999.0,-9999.0,-9999.0,-9999.0,-9999.0,-9999.0,-9999.0,-9999.0,-9999.0,size,orientation,color,0.26,-16.0,16,male,0,2706.1785744,0,26
2286,-9999.0,-9999.0,-9999.0,-9999.0,-9999.0,-9999.0,-9999.0,-9999.0,-9999.0,size,orientation,color,0.26,-16.0,16,male,0,2706.1785744,0,26
2287,-9999.0,-9999.0,-9999.0,-9999.0,-9999.0,-9999.0,-9999.0,-9999.0,-9999.0,size,orientation,color,0.26,-16.0,16,male,0,2706.1785744,0,26
2288,-9999.0,-9999.0,-9999.0,-9999.0,-9999.0,-9999.0,-9999.0,-9999.0,-9999.0,size,orientation,color,0.26,-16.0,16,male,0,2706.1785744,0,26
2289,-9999.0,-9999.0,-9999.0,-9999.0,-9999.0,-9999.0,-9999.0,-9999.0,-9999.0,size,orientation,color,0.26,-16.0,16,male,0,2706.1785744,0,26
2290,-9999.0,-9999.0,-9999.0,-9999.0,-9999.0,-9999.0,-9999.0,-9999.0,-9999.0,size,orientation,color,0.26,-16.0,16,male,0,2706.1785744,0,26
2291,-9999.0,-9999.0,-9999.0,-9999.0,-9999.0,-9999.0,-9999.0,-9999.0,-9999.0,size,orientation,color,0.26,-16.0,16,male,0,2706.1785744,0,26
2292,-9999.0,-9999.0,-9999.0,-9999.0,-9999.0,-9999.0,-9999.0,-9999.0,-9999.0,size,orientation,color,0.26,-16.0,16,male,0,2706.1785744,0,26
2293,-9999.0,-9999.0,-9999.0,-9999.0,-9999.0,-9999.0,-9999.0,-9999.0,-9999.0,size,orientation,color,0.26,-16.0,16,male,0,2706.1785744,0,26
2294,-9999.0,-9999.0,-9999.0,-9999.0,-9999.0,-9999.0,-9999.0,-9999.0,-9999.0,size,orientation,color,0.26,-16.0,16,male,0,2706.1785744,0,26
2295,-9999.0,-9999.0,-9999.0,-9999.0,-9999.0,-9999.0,-9999.0,-9999.0,-9999.0,size,orientation,color,0.26,-16.0,16,male,0,2706.1785744,0,26
2296,-9999.0,-9999.0,-9999.0,-9999.0,-9999.0,-9999.0,-9999.0,-9999.0,-9999.0,size,orientation,color,0.26,-16.0,16,male,0,2706.1785744,0,26
2297,-9999.0,-9999.0,-9999.0,-9999.0,-9999.0,-9999.0,-9999.0,-9999.0,-9999.0,size,orientation,color,0.26,-16.0,16,male,0,2706.1785744,0,26
2298,-9999.0,-9999.0,-9999.0,-9999.0,-9999.0,-9999.0,-9999.0,-9999.0,-9999.0,size,orientation,color,0.26,-16.0,16,male,0,2706.1785744,0,26
2299,-9999.0,-9999.0,-9999.0,-9999.0,-9999.0,-9999.0,-9999.0,-9999.0,-9999.0,size,orientation,color,0.26,-16.0,16,male,0,2706.1785744,0,26
2300,-9999.0,-9999.0,-9999.0,-9999.0,-9999.0,-9999.0,-9999.0,-9999.0,-9999.0,size,orientation,color,0.26,-16.0,16,male,0,2706.1785744,0,26
2301,-9999.0,-9999.0,-9999.0,-9999.0,-9999.0,-9999.0,-9999.0,-9999.0,-9999.0,size,orientation,color,0.26,-16.0,16,male,0,2706.1785744,0,26
2302,-9999.0,-9999.0,-9999.0,-9999.0,-9999.0,-9999.0,-9999.0,-9999.0,-9999.0,size,orientation,color,0.26,-16.0,16,male,0,2706.1785744,0,26
2303,-9999.0,-9999.0,-9999.0,-9999.0,-9999.0,-9999.0,-9999.0,-9999.0,-9999.0,size,orientation,color,0.26,-16.0,16,male,0,2706.1785744,0,26
2304,-9999.0,-9999.0,-9999.0,-9999.0,-9999.0,-9999.0,-9999.0,-9999.0,-9999.0,size,orientation,color,0.26,-16.0,16,male,0,2706.1785744,0,26
2305,-9999.0,-9999.0,-9999.0,-9999.0,-9999.0,-9999.0,-9999.0,-9999.0,-9999.0,size,orientation,color,0.26,-16.0,16,male,0,2706.1785744,0,26
2306,-9999.0,-9999.0,-9999.0,-9999.0,-9999.0,-9999.0,-9999.0,-9999.0,-9999.0,size,orientation,color,0.26,-16.0,16,male,0,2706.1785744,0,26
2307,-9999.0,-9999.0,-9999.0,-9999.0,-9999.0,-9999.0,-9999.0,-9999.0,-9999.0,size,orientation,color,0.26,-16.0,16,male,0,2706.1785744,0,26
2308,-9999.0,-9999.0,-9999.0,-9999.0,-9999.0,-9999.0,-9999.0,-9999.0,-9999.0,size,orientation,color,0.26,-16.0,16,male,0,2706.1785744,0,26
2309,-9999.0,-9999.0,-9999.0,-9999.0,-9999.0,-9999.0,-9999.0,-9999.0,-9999.0,size,orientation,color,0.26,-16.0,16,male,0,2706.1785744,0,26
2310,-9999.0,-9999.0,-9999.0,-9999.0,-9999.0,-9999.0,-9999.0,-9999.0,-9999.0,size,orientation,color,0.26,-16.0,16,male,0,2706.1785744,0,26
2311,-9999.0,-9999.0,-9999.0,-9999.0,-9999.0,-9999.0,-9999.0,-9999.0,-9999.0,size,orientation,color,0.26,-16.0,16,male,0,2706.1785744,0,26
2312,-9999.0,-9999.0,-9999.0,-9999.0,-9999.0,-9999.0,-9999.0,-9999.0,-9999.0,size,orientation,color,0.26,-16.0,16,male,0,2706.1785744,0,26
2313,-9999.0,-9999.0,-9999.0,-9999.0,-9999.0,-9999.0,-9999.0,-9999.0,-9999.0,size,orientation,color,0.26,-16.0,16,male,0,2706.1785744,0,26
2314,-9999.0,-9999.0,-9999.0,-9999.0,-9999.0,-9999.0,-9999.0,-9999.0,-9999.0,size,orientation,color,0.26,-16.0,16,male,0,2706.1785744,0,26
2315,-9999.0,-9999.0,-9999.0,-9999.0,-9999.0,-9999.0,-9999.0,-9999.0,-9999.0,size,orientation,color,0.26,-16.0,16,male,0,2706.1785744,0,26
2316,-9999.0,-9999.0,-9999.0,-9999.0,-9999.0,-9999.0,-9999.0,-9999.0,-9999.0,size,orientation,color,0.26,-16.0,16,male,0,2706.1785744,0,26
2317,-9999.0,-9999.0,-9999.0,-9999.0,-9999.0,-9999.0,-9999.0,-9999.0,-9999.0,size,orientation,color,0.26,-16.0,16,male,0,2706.1785744,0,26
2318,-9999.0,-9999.0,-9999.0,-9999.0,-9999.0,-9999.0,-9999.0,-9999.0,-9999.0,size,orientation,color,0.26,-16.0,16,male,0,2706.1785744,0,26
2319,-9999.0,-9999.0,-9999.0,-9999.0,-9999.0,-9999.0,-9999.0,-9999.0,-9999.0,size,orientation,color,0.26,-16.0,16,male,0,2706.1785744,0,26
2320,-9999.0,-9999.0,-9999.0,-9999.0,-9999.0,-9999.0,-9999.0,-9999.0,-9999.0,size,orientation,color,0.26,-16.0,16,male,0,2706.1785744,0,26
2321,-9999.0,-9999.0,-9999.0,-9999.0,-9999.0,-9999.0,-9999.0,-9999.0,-9999.0,size,orientation,color,0.26,-16.0,16,male,0,2706.1785744,0,26
2322,-9999.0,-9999.0,-9999.0,-9999.0,-9999.0,-9999.0,-9999.0,-9999.0,-9999.0,size,orientation,color,0.26,-16.0,16,male,0,2706.1785744,0,26
2323,-9999.0,-9999.0,-9999.0,-9999.0,-9999.0,-9999.0,-9999.0,-9999.0,-9999.0,size,orientation,color,0.26,-16.0,16,male,0,2706.1785744,0,26
2324,-9999.0,-9999.0,-9999.0,-9999.0,-9999.0,-9999.0,-9999.0,-9999.0,-9999.0,size,orientation,color,0.26,-16.0,16,male,0,2706.1785744,0,26
2325,-9999.0,-9999.0,-9999.0,-9999.0,-9999.0,-9999.0,-9999.0,-9999.0,-9999.0,size,orientation,color,0.26,-16.0,16,male,0,2706.1785744,0,26
2326,-9999.0,-9999.0,-9999.0,-9999.0,-9999.0,-9999.0,-9999.0,-9999.0,-9999.0,size,orientation,color,0.26,-16.0,16,male,0,2706.1785744,0,26
2327,-9999.0,-9999.0,-9999.0,-9999.0,-9999.0,-9999.0,-9999.0,-9999.0,-9999.0,size,orientation,color,0.26,-16.0,16,male,0,2706.1785744,0,26
2328,-9999.0,-9999.0,-9999.0,-9999.0,-9999.0,-9999.0,-9999.0,-9999.0,-9999.0,size,orientation,color,0.26,-16.0,16,male,0,2706.1785744,0,26
2329,-9999.0,-9999.0,-9999.0,-9999.0,-9999.0,-9999.0,-9999.0,-9999.0,-9999.0,size,orientation,color,0.26,-16.0,16,male,0,2706.1785744,0,26
2330,-9999.0,-9999.0,-9999.0,-9999.0,-9999.0,-9999.0,-9999.0,-9999.0,-9999.0,size,orientation,color,0.26,-16.0,16,male,0,2706.1785744,0,26
2331,-9999.0,-9999.0,-9999.0,-9999.0,-9999.0,-9999.0,-9999.0,-9999.0,-9999.0,size,orientation,color,0.26,-16.0,16,male,0,2706.1785744,0,26
2332,-9999.0,-9999.0,-9999.0,-9999.0,-9999.0,-9999.0,-9999.0,-9999.0,-9999.0,size,orientation,color,0.26,-16.0,16,male,0,2706.1785744,0,26
2333,-9999.0,-9999.0,-9999.0,-9999.0,-9999.0,-9999.0,-9999.0,-9999.0,-9999.0,size,orientation,color,0.26,-16.0,16,male,0,2706.1785744,0,26
2334,-9999.0,-9999.0,-9999.0,-9999.0,-9999.0,-9999.0,-9999.0,-9999.0,-9999.0,size,orientation,color,0.26,-16.0,16,male,0,2706.1785744,0,26
2335,-9999.0,-9999.0,-9999.0,-9999.0,-9999.0,-9999.0,-9999.0,-9999.0,-9999.0,size,orientation,color,0.26,-16.0,16,male,0,2706.1785744,0,26
2336,-9999.0,-9999.0,-9999.0,-9999.0,-9999.0,-9999.0,-9999.0,-9999.0,-9999.0,size,orientation,color,0.26,-16.0,16,male,0,2706.1785744,0,26
2337,-9999.0,-9999.0,-9999.0,-9999.0,-9999.0,-9999.0,-9999.0,-9999.0,-9999.0,size,orientation,color,0.26,-16.0,16,male,0,2706.1785744,0,26
2338,-9999.0,-9999.0,-9999.0,-9999.0,-9999.0,-9999.0,-9999.0,-9999.0,-9999.0,size,orientation,color,0.26,-16.0,16,male,0,2706.1785744,0,26
2339,-9999.0,-9999.0,-9999.0,-9999.0,-9999.0,-9999.0,-9999.0,-9999.0,-9999.0,size,orientation,color,0.26,-16.0,16,male,0,2706.1785744,0,26
2340,-9999.0,-9999.0,-9999.0,-9999.0,-9999.0,-9999.0,-9999.0,-9999.0,-9999.0,size,orientation,color,0.26,-16.0,16,male,0,2706.1785744,0,26
2341,-9999.0,-9999.0,-9999.0,-9999.0,-9999.0,-9999.0,-9999.0,-9999.0,-9999.0,size,orientation,color,0.26,-16.0,16,male,0,2706.1785744,0,26
2342,-9999.0,-9999.0,-9999.0,-9999.0,-9999.0,-9999.0,-9999.0,-9999.0,-9999.0,size,orientation,color,0.26,-16.0,16,male,0,2706.1785744,0,26
2343,-9999.0,-9999.0,-9999.0,-9999.0,-9999.0,-9999.0,-9999.0,-9999.0,-9999.0,size,orientation,color,0.26,-16.0,16,male,0,2706.1785744,0,26
2344,-9999.0,-9999.0,-9999.0,-9999.0,-9999.0,-9999.0,-9999.0,-9999.0,-9999.0,size,orientation,color,0.26,-16.0,16,male,0,2706.1785744,0,26
2345,-9999.0,-9999.0,-9999.0,-9999.0,-9999.0,-9999.0,-9999.0,-9999.0,-9999.0,size,orientation,color,0.26,-16.0,16,male,0,2706.1785744,0,26
2346,-9999.0,-9999.0,-9999.0,-9999.0,-9999.0,-9999.0,-9999.0,-9999.0,-9999.0,size,orientation,color,0.26,-16.0,16,male,0,2706.1785744,0,26
2347,-9999.0,-9999.0,-9999.0,-9999.0,-9999.0,-9999.0,-9999.0,-9999.0,-9999.0,size,orientation,color,0.26,-16.0,16,male,0,2706.1785744,0,26
2348,-9999.0,-9999.0,-9999.0,-9999.0,-9999.0,-9999.0,-9999.0,-9999.0,-9999.0,size,orientation,color,0.26,-16.0,16,male,0,2706.1785744,0,26
2349,-9999.0,-9999.0,-9999.0,-9999.0,-9999.0,-9999.0,-9999.0,-9999.0,-9999.0,size,orientation,color,0.26,-16.0,16,male,0,2706.1785744,0,26
2350,-9999.0,-9999.0,-9999.0,-9999.0,-9999.0,-9999.0,-9999.0,-9999.0,-9999.0,size,orientation,color,0.26,-16.0,16,male,0,2706.1785744,0,26
2351,-9999.0,-9999.0,-9999.0,-9999.0,-9999.0,-9999.0,-9999.0,-9999.0,-9999.0,size,orientation,color,0.26,-16.0,16,male,0,2706.1785744,0,26
2352,-9999.0,-9999.0,-9999.0,-9999.0,-9999.0,-9999.0,-9999.0,-9999.0,-9999.0,size,orientation,color,0.26,-16.0,16,male,0,2706.1785744,0,26
2353,-9999.0,-9999.0,-9999.0,-9999.0,-9999.0,-9999.0,-9999.0,-9999.0,-9999.0,size,orientation,color,0.26,-16.0,16,male,0,2706.1785744,0,26
2354,-9999.0,-9999.0,-9999.0,-9999.0,-9999.0,-9999.0,-9999.0,-9999.0,-9999.0,size,orientation,color,0.26,-16.0,16,male,0,2706.1785744,0,26
2355,-9999.0,-9999.0,-9999.0,-9999.0,-9999.0,-9999.0,-9999.0,-9999.0,-9999.0,size,orientation,color,0.26,-16.0,16,male,0,2706.1785744,0,26
2356,-9999.0,-9999.0,-9999.0,-9999.0,-9999.0,-9999.0,-9999.0,-9999.0,-9999.0,size,orientation,color,0.26,-16.0,16,male,0,2706.1785744,0,26
2357,-9999.0,-9999.0,-9999.0,-9999.0,-9999.0,-9999.0,-9999.0,-9999.0,-9999.0,size,orientation,color,0.26,-16.0,16,male,0,2706.1785744,0,26
2358,-9999.0,-9999.0,-9999.0,-9999.0,-9999.0,-9999.0,-9999.0,-9999.0,-9999.0,size,orientation,color,0.26,-16.0,16,male,0,2706.1785744,0,26
2359,-9999.0,-9999.0,-9999.0,-9999.0,-9999.0,-9999.0,-9999.0,-9999.0,-9999.0,size,orientation,color,0.26,-16.0,16,male,0,2706.1785744,0,26
2360,-9999.0,-9999.0,-9999.0,-9999.0,-9999.0,-9999.0,-9999.0,-9999.0,-9999.0,size,orientation,color,0.26,-16.0,16,male,0,2706.1785744,0,26
2361,-9999.0,-9999.0,-9999.0,-9999.0,-9999.0,-9999.0,-9999.0,-9999.0,-9999.0,size,orientation,color,0.26,-16.0,16,male,0,2706.1785744,0,26
2362,-9999.0,-9999.0,-9999.0,-9999.0,-9999.0,-9999.0,-9999.0,-9999.0,-9999.0,size,orientation,color,0.26,-16.0,16,male,0,2706.1785744,0,26
2363,-9999.0,-9999.0,-9999.0,-9999.0,-9999.0,-9999.0,-9999.0,-9999.0,-9999.0,size,orientation,color,0.26,-16.0,16,male,0,2706.1785744,0,26
2364,-9999.0,-9999.0,-9999.0,-9999.0,-9999.0,-9999.0,-9999.0,-9999.0,-9999.0,size,orientation,color,0.26,-16.0,16,male,0,2706.1785744,0,26
2365,-9999.0,-9999.0,-9999.0,-9999.0,-9999.0,-9999.0,-9999.0,-9999.0,-9999.0,size,orientation,color,0.26,-16.0,16,male,0,2706.1785744,0,26
2366,-9999.0,-9999.0,-9999.0,-9999.0,-9999.0,-9999.0,-9999.0,-9999.0,-9999.0,size,orientation,color,0.26,-16.0,16,male,0,2706.1785744,0,26
2367,-9999.0,-9999.0,-9999.0,-9999.0,-9999.0,-9999.0,-9999.0,-9999.0,-9999.0,size,orientation,color,0.26,-16.0,16,male,0,2706.1785744,0,26
2368,-9999.0,-9999.0,-9999.0,-9999.0,-9999.0,-9999.0,-9999.0,-9999.0,-9999.0,size,orientation,color,0.26,-16.0,16,male,0,2706.1785744,0,26
2369,-9999.0,-9999.0,-9999.0,-9999.0,-9999.0,-9999.0,-9999.0,-9999.0,-9999.0,size,orientation,color,0.26,-16.0,16,male,0,2706.1785744,0,26
2370,-9999.0,-9999.0,-9999.0,-9999.0,-9999.0,-9999.0,-9999.0,-9999.0,-9999.0,size,orientation,color,0.26,-16.0,16,male,0,2706.1785744,0,26
2371,-9999.0,-9999.0,-9999.0,-9999.0,-9999.0,-9999.0,-9999.0,-9999.0,-9999.0,size,orientation,color,0.26,-16.0,16,male,0,2706.1785744,0,26
2372,-9999.0,-9999.0,-9999.0,-9999.0,-9999.0,-9999.0,-9999.0,-9999.0,-9999.0,size,orientation,color,0.26,-16.0,16,male,0,2706.1785744,0,26
2373,-9999.0,-9999.0,-9999.0,-9999.0,-9999.0,-9999.0,-9999.0,-9999.0,-9999.0,size,orientation,color,0.26,-16.0,16,male,0,2706.1785744,0,26
2374,-9999.0,-9999.0,-9999.0,-9999.0,-9999.0,-9999.0,-9999.0,-9999.0,-9999.0,size,orientation,color,0.26,-16.0,16,male,0,2706.1785744,0,26
2375,-9999.0,-9999.0,-9999.0,-9999.0,-9999.0,-9999.0,-9999.0,-9999.0,-9999.0,size,orientation,color,0.26,-16.0,16,male,0,2706.1785744,0,26
2376,-9999.0,-9999.0,-9999.0,-9999.0,-9999.0,-9999.0,-9999.0,-9999.0,-9999.0,size,orientation,color,0.26,-16.0,16,male,0,2706.1785744,0,26
2377,-9999.0,-9999.0,-9999.0,-9999.0,-9999.0,-9999.0,-9999.0,-9999.0,-9999.0,size,orientation,color,0.26,-16.0,16,male,0,2706.1785744,0,26
2378,-9999.0,-9999.0,-9999.0,-9999.0,-9999.0,-9999.0,-9999.0,-9999.0,-9999.0,size,orientation,color,0.26,-16.0,16,male,0,2706.1785744,0,26
2379,-9999.0,-9999.0,-9999.0,-9999.0,-9999.0,-9999.0,-9999.0,-9999.0,-9999.0,size,orientation,color,0.26,-16.0,16,male,0,2706.1785744,0,26
2380,-9999.0,-9999.0,-9999.0,-9999.0,-9999.0,-9999.0,-9999.0,-9999.0,-9999.0,size,orientation,color,0.26,-16.0,16,male,0,2706.1785744,0,26
2381,-9999.0,-9999.0,-9999.0,-9999.0,-9999.0,-9999.0,-9999.0,-9999.0,-9999.0,size,orientation,color,0.26,-16.0,16,male,0,2706.1785744,0,26
2382,-9999.0,-9999.0,-9999.0,-9999.0,-9999.0,-9999.0,-9999.0,-9999.0,-9999.0,size,orientation,color,0.26,-16.0,16,male,0,2706.1785744,0,26
2383,-9999.0,-9999.0,-9999.0,-9999.0,-9999.0,-9999.0,-9999.0,-9999.0,-9999.0,size,orientation,color,0.26,-16.0,16,male,0,2706.1785744,0,26
2384,-9999.0,-9999.0,-9999.0,-9999.0,-9999.0,-9999.0,-9999.0,-9999.0,-9999.0,size,orientation,color,0.26,-16.0,16,male,0,2706.1785744,0,26
2385,-9999.0,-9999.0,-9999.0,-9999.0,-9999.0,-9999.0,-9999.0,-9999.0,-9999.0,size,orientation,color,0.26,-16.0,16,male,0,2706.1785744,0,26
2386,-9999.0,-9999.0,-9999.0,-9999.0,-9999.0,-9999.0,-9999.0,-9999.0,-9999.0,size,orientation,color,0.26,-16.0,16,male,0,2706.1785744,0,26
2387,-9999.0,-9999.0,-9999.0,-9999.0,-9999.0,-9999.0,-9999.0,-9999.0,-9999.0,size,orientation,color,0.26,-16.0,16,male,0,2706.1785744,0,26
2388,-9999.0,-9999.0,-9999.0,-9999.0,-9999.0,-9999.0,-9999.0,-9999.0,-9999.0,size,orientation,color,0.26,-16.0,16,male,0,2706.1785744,0,26
2389,-9999.0,-9999.0,-9999.0,-9999.0,-9999.0,-9999.0,-9999.0,-9999.0,-9999.0,size,orientation,color,0.26,-16.0,16,male,0,2706.1785744,0,26
2390,-9999.0,-9999.0,-9999.0,-9999.0,-9999.0,-9999.0,-9999.0,-9999.0,-9999.0,size,orientation,color,0.26,-16.0,16,male,0,2706.1785744,0,26
2391,-9999.0,-9999.0,-9999.0,-9999.0,-9999.0,-9999.0,-9999.0,-9999.0,-9999.0,size,orientation,color,0.26,-16.0,16,male,0,2706.1785744,0,26
2392,-9999.0,-9999.0,-9999.0,-9999.0,-9999.0,-9999.0,-9999.0,-9999.0,-9999.0,size,orientation,color,0.26,-16.0,16,male,0,2706.1785744,0,26
2393,-9999.0,-9999.0,-9999.0,-9999.0,-9999.0,-9999.0,-9999.0,-9999.0,-9999.0,size,orientation,color,0.26,-16.0,16,male,0,2706.1785744,0,26
2394,-9999.0,-9999.0,-9999.0,-9999.0,-9999.0,-9999.0,-9999.0,-9999.0,-9999.0,size,orientation,color,0.26,-16.0,16,male,0,2706.1785744,0,26
2395,-9999.0,-9999.0,-9999.0,-9999.0,-9999.0,-9999.0,-9999.0,-9999.0,-9999.0,size,orientation,color,0.26,-16.0,16,male,0,2706.1785744,0,26
2396,-9999.0,-9999.0,-9999.0,-9999.0,-9999.0,-9999.0,-9999.0,-9999.0,-9999.0,size,orientation,color,0.26,-16.0,16,male,0,2706.1785744,0,26
2397,-9999.0,-9999.0,-9999.0,-9999.0,-9999.0,-9999.0,-9999.0,-9999.0,-9999.0,size,orientation,color,0.26,-16.0,16,male,0,2706.1785744,0,26
2398,-9999.0,-9999.0,-9999.0,-9999.0,-9999.0,-9999.0,-9999.0,-9999.0,-9999.0,size,orientation,color,0.26,-16.0,16,male,0,2706.1785744,0,26
2399,-9999.0,-9999.0,-9999.0,-9999.0,-9999.0,-9999.0,-9999.0,-9999.0,-9999.0,size,orientation,color,0.26,-16.0,16,male,0,2706.1785744,0,26
2400,-9999.0,-9999.0,-9999.0,-9999.0,-9999.0,-9999.0,-9999.0,-9999.0,-9999.0,size,orientation,color,0.26,-16.0,16,male,0,2706.1785744,0,26
2401,-9999.0,-9999.0,-9999.0,-9999.0,-9999.0,-9999.0,-9999.0,-9999.0,-9999.0,size,orientation,color,0.26,-16.0,16,male,0,2706.1785744,0,26
2402,-9999.0,-9999.0,-9999.0,-9999.0,-9999.0,-9999.0,-9999.0,-9999.0,-9999.0,size,orientation,color,0.26,-16.0,16,male,0,2706.1785744,0,26
2403,-9999.0,-9999.0,-9999.0,-9999.0,-9999.0,-9999.0,-9999.0,-9999.0,-9999.0,size,orientation,color,0.26,-16.0,16,male,0,2706.1785744,0,26
2404,-9999.0,-9999.0,-9999.0,-9999.0,-9999.0,-9999.0,-9999.0,-9999.0,-9999.0,size,orientation,color,0.26,-16.0,16,male,0,2706.1785744,0,26
2405,-9999.0,-9999.0,-9999.0,-9999.0,-9999.0,-9999.0,-9999.0,-9999.0,-9999.0,size,orientation,color,0.26,-16.0,16,male,0,2706.1785744,0,26
2406,-9999.0,-9999.0,-9999.0,-9999.0,-9999.0,-9999.0,-9999.0,-9999.0,-9999.0,size,orientation,color,0.26,-16.0,16,male,0,2706.1785744,0,26
2407,-9999.0,-9999.0,-9999.0,-9999.0,-9999.0,-9999.0,-9999.0,-9999.0,-9999.0,size,orientation,color,0.26,-16.0,16,male,0,2706.1785744,0,26
2408,-9999.0,-9999.0,-9999.0,-9999.0,-9999.0,-9999.0,-9999.0,-9999.0,-9999.0,size,orientation,color,0.26,-16.0,16,male,0,2706.1785744,0,26
2409,-9999.0,-9999.0,-9999.0,-9999.0,-9999.0,-9999.0,-9999.0,-9999.0,-9999.0,size,orientation,color,0.26,-16.0,16,male,0,2706.1785744,0,26
2410,-9999.0,-9999.0,-9999.0,-9999.0,-9999.0,-9999.0,-9999.0,-9999.0,-9999.0,size,orientation,color,0.26,-16.0,16,male,0,2706.1785744,0,26
2411,-9999.0,-9999.0,-9999.0,-9999.0,-9999.0,-9999.0,-9999.0,-9999.0,-9999.0,size,orientation,color,0.26,-16.0,16,male,0,2706.1785744,0,26
2412,-9999.0,-9999.0,-9999.0,-9999.0,-9999.0,-9999.0,-9999.0,-9999.0,-9999.0,size,orientation,color,0.26,-16.0,16,male,0,2706.1785744,0,26
2413,-9999.0,-9999.0,-9999.0,-9999.0,-9999.0,-9999.0,-9999.0,-9999.0,-9999.0,size,orientation,color,0.26,-16.0,16,male,0,2706.1785744,0,26
2414,-9999.0,-9999.0,-9999.0,-9999.0,-9999.0,-9999.0,-9999.0,-9999.0,-9999.0,size,orientation,color,0.26,-16.0,16,male,0,2706.1785744,0,26
2415,-9999.0,-9999.0,-9999.0,-9999.0,-9999.0,-9999.0,-9999.0,-9999.0,-9999.0,size,orientation,color,0.26,-16.0,16,male,0,2706.1785744,0,26
2416,-9999.0,-9999.0,-9999.0,-9999.0,-9999.0,-9999.0,-9999.0,-9999.0,-9999.0,size,orientation,color,0.26,-16.0,16,male,0,2706.1785744,0,26
2417,-9999.0,-9999.0,-9999.0,-9999.0,-9999.0,-9999.0,-9999.0,-9999.0,-9999.0,size,orientation,color,0.26,-16.0,16,male,0,2706.1785744,0,26
2418,-9999.0,-9999.0,-9999.0,-9999.0,-9999.0,-9999.0,-9999.0,-9999.0,-9999.0,size,orientation,color,0.26,-16.0,16,male,0,2706.1785744,0,26
2419,-9999.0,-9999.0,-9999.0,-9999.0,-9999.0,-9999.0,-9999.0,-9999.0,-9999.0,size,orientation,color,0.26,-16.0,16,male,0,2706.1785744,0,26
2420,-9999.0,-9999.0,-9999.0,-9999.0,-9999.0,-9999.0,-9999.0,-9999.0,-9999.0,size,orientation,color,0.26,-16.0,16,male,0,2706.1785744,0,26
2421,-9999.0,-9999.0,-9999.0,-9999.0,-9999.0,-9999.0,-9999.0,-9999.0,-9999.0,size,orientation,color,0.26,-16.0,16,male,0,2706.1785744,0,26
2422,-9999.0,-9999.0,-9999.0,-9999.0,-9999.0,-9999.0,-9999.0,-9999.0,-9999.0,size,orientation,color,0.26,-16.0,16,male,0,2706.1785744,0,26
2423,-9999.0,-9999.0,-9999.0,-9999.0,-9999.0,-9999.0,-9999.0,-9999.0,-9999.0,size,orientation,color,0.26,-16.0,16,male,0,2706.1785744,0,26
2424,-9999.0,-9999.0,-9999.0,-9999.0,-9999.0,-9999.0,-9999.0,-9999.0,-9999.0,size,orientation,color,0.26,-16.0,16,male,0,2706.1785744,0,26
2425,-9999.0,-9999.0,-9999.0,-9999.0,-9999.0,-9999.0,-9999.0,-9999.0,-9999.0,size,orientation,color,0.26,-16.0,16,male,0,2706.1785744,0,26
2426,-9999.0,-9999.0,-9999.0,-9999.0,-9999.0,-9999.0,-9999.0,-9999.0,-9999.0,size,orientation,color,0.26,-16.0,16,male,0,2706.1785744,0,26
2427,-9999.0,-9999.0,-9999.0,-9999.0,-9999.0,-9999.0,-9999.0,-9999.0,-9999.0,size,orientation,color,0.26,-16.0,16,male,0,2706.1785744,0,26
2428,-9999.0,-9999.0,-9999.0,-9999.0,-9999.0,-9999.0,-9999.0,-9999.0,-9999.0,size,orientation,color,0.26,-16.0,16,male,0,2706.1785744,0,26
2429,-9999.0,-9999.0,-9999.0,-9999.0,-9999.0,-9999.0,-9999.0,-9999.0,-9999.0,size,orientation,color,0.26,-16.0,16,male,0,2706.1785744,0,26
2430,-9999.0,-9999.0,-9999.0,-9999.0,-9999.0,-9999.0,-9999.0,-9999.0,-9999.0,size,orientation,color,0.26,-16.0,16,male,0,2706.1785744,0,26
2431,-9999.0,-9999.0,-9999.0,-9999.0,-9999.0,-9999.0,-9999.0,-9999.0,-9999.0,size,orientation,color,0.26,-16.0,16,male,0,2706.1785744,0,26
2432,-9999.0,-9999.0,-9999.0,-9999.0,-9999.0,-9999.0,-9999.0,-9999.0,-9999.0,size,orientation,color,0.26,-16.0,16,male,0,2706.1785744,0,26
2433,-9999.0,-9999.0,-9999.0,-9999.0,-9999.0,-9999.0,-9999.0,-9999.0,-9999.0,size,orientation,color,0.26,-16.0,16,male,0,2706.1785744,0,26
2434,-9999.0,-9999.0,-9999.0,-9999.0,-9999.0,-9999.0,-9999.0,-9999.0,-9999.0,size,orientation,color,0.26,-16.0,16,male,0,2706.1785744,0,26
2435,-9999.0,-9999.0,-9999.0,-9999.0,-9999.0,-9999.0,-9999.0,-9999.0,-9999.0,size,orientation,color,0.26,-16.0,16,male,0,2706.1785744,0,26
2436,-9999.0,-9999.0,-9999.0,-9999.0,-9999.0,-9999.0,-9999.0,-9999.0,-9999.0,size,orientation,color,0.26,-16.0,16,male,0,2706.1785744,0,26
2437,-9999.0,-9999.0,-9999.0,-9999.0,-9999.0,-9999.0,-9999.0,-9999.0,-9999.0,size,orientation,color,0.26,-16.0,16,male,0,2706.1785744,0,26
2438,-9999.0,-9999.0,-9999.0,-9999.0,-9999.0,-9999.0,-9999.0,-9999.0,-9999.0,size,orientation,color,0.26,-16.0,16,male,0,2706.1785744,0,26
2439,-9999.0,-9999.0,-9999.0,-9999.0,-9999.0,-9999.0,-9999.0,-9999.0,-9999.0,size,orientation,color,0.26,-16.0,16,male,0,2706.1785744,0,26
2440,-9999.0,-9999.0,-9999.0,-9999.0,-9999.0,-9999.0,-9999.0,-9999.0,-9999.0,size,orientation,color,0.26,-16.0,16,male,0,2706.1785744,0,26
2441,-9999.0,-9999.0,-9999.0,-9999.0,-9999.0,-9999.0,-9999.0,-9999.0,-9999.0,size,orientation,color,0.26,-16.0,16,male,0,2706.1785744,0,26
2442,-9999.0,-9999.0,-9999.0,-9999.0,-9999.0,-9999.0,-9999.0,-9999.0,-9999.0,size,orientation,color,0.26,-16.0,16,male,0,2706.1785744,0,26
2443,-9999.0,-9999.0,-9999.0,-9999.0,-9999.0,-9999.0,-9999.0,-9999.0,-9999.0,size,orientation,color,0.26,-16.0,16,male,0,2706.1785744,0,26
2444,-9999.0,-9999.0,-9999.0,-9999.0,-9999.0,-9999.0,-9999.0,-9999.0,-9999.0,size,orientation,color,0.26,-16.0,16,male,0,2706.1785744,0,26
2445,-9999.0,-9999.0,-9999.0,-9999.0,-9999.0,-9999.0,-9999.0,-9999.0,-9999.0,size,orientation,color,0.26,-16.0,16,male,0,2706.1785744,0,26
2446,-9999.0,-9999.0,-9999.0,-9999.0,-9999.0,-9999.0,-9999.0,-9999.0,-9999.0,size,orientation,color,0.26,-16.0,16,male,0,2706.1785744,0,26
2447,-9999.0,-9999.0,-9999.0,-9999.0,-9999.0,-9999.0,-9999.0,-9999.0,-9999.0,size,orientation,color,0.26,-16.0,16,male,0,2706.1785744,0,26
2448,-9999.0,-9999.0,-9999.0,-9999.0,-9999.0,-9999.0,-9999.0,-9999.0,-9999.0,size,orientation,color,0.26,-16.0,16,male,0,2706.1785744,0,26
2449,-9999.0,-9999.0,-9999.0,-9999.0,-9999.0,-9999.0,-9999.0,-9999.0,-9999.0,size,orientation,color,0.26,-16.0,16,male,0,2706.1785744,0,26
2450,-9999.0,-9999.0,-9999.0,-9999.0,-9999.0,-9999.0,-9999.0,-9999.0,-9999.0,size,orientation,color,0.26,-16.0,16,male,0,2706.1785744,0,26
2451,-9999.0,-9999.0,-9999.0,-9999.0,-9999.0,-9999.0,-9999.0,-9999.0,-9999.0,size,orientation,color,0.26,-16.0,16,male,0,2706.1785744,0,26
2452,-9999.0,-9999.0,-9999.0,-9999.0,-9999.0,-9999.0,-9999.0,-9999.0,-9999.0,size,orientation,color,0.26,-16.0,16,male,0,2706.1785744,0,26
2453,-9999.0,-9999.0,-9999.0,-9999.0,-9999.0,-9999.0,-9999.0,-9999.0,-9999.0,size,orientation,color,0.26,-16.0,16,male,0,2706.1785744,0,26
2454,-9999.0,-9999.0,-9999.0,-9999.0,-9999.0,-9999.0,-9999.0,-9999.0,-9999.0,size,orientation,color,0.26,-16.0,16,male,0,2706.1785744,0,26
2455,-9999.0,-9999.0,-9999.0,-9999.0,-9999.0,-9999.0,-9999.0,-9999.0,-9999.0,size,orientation,color,0.26,-16.0,16,male,0,2706.1785744,0,26
2456,-9999.0,-9999.0,-9999.0,-9999.0,-9999.0,-9999.0,-9999.0,-9999.0,-9999.0,size,orientation,color,0.26,-16.0,16,male,0,2706.1785744,0,26
2457,-9999.0,-9999.0,-9999.0,-9999.0,-9999.0,-9999.0,-9999.0,-9999.0,-9999.0,size,orientation,color,0.26,-16.0,16,male,0,2706.1785744,0,26
2458,-9999.0,-9999.0,-9999.0,-9999.0,-9999.0,-9999.0,-9999.0,-9999.0,-9999.0,size,orientation,color,0.26,-16.0,16,male,0,2706.1785744,0,26
2459,-9999.0,-9999.0,-9999.0,-9999.0,-9999.0,-9999.0,-9999.0,-9999.0,-9999.0,size,orientation,color,0.26,-16.0,16,male,0,2706.1785744,0,26
2460,-9999.0,-9999.0,-9999.0,-9999.0,-9999.0,-9999.0,-9999.0,-9999.0,-9999.0,size,orientation,color,0.26,-16.0,16,male,0,2706.1785744,0,26
2461,-9999.0,-9999.0,-9999.0,-9999.0,-9999.0,-9999.0,-9999.0,-9999.0,-9999.0,size,orientation,color,0.26,-16.0,16,male,0,2706.1785744,0,26
2462,-9999.0,-9999.0,-9999.0,-9999.0,-9999.0,-9999.0,-9999.0,-9999.0,-9999.0,size,orientation,color,0.26,-16.0,16,male,0,2706.1785744,0,26
2463,-9999.0,-9999.0,-9999.0,-9999.0,-9999.0,-9999.0,-9999.0,-9999.0,-9999.0,size,orientation,color,0.26,-16.0,16,male,0,2706.1785744,0,26
2464,-9999.0,-9999.0,-9999.0,-9999.0,-9999.0,-9999.0,-9999.0,-9999.0,-9999.0,size,orientation,color,0.26,-16.0,16,male,0,2706.1785744,0,26
2465,-9999.0,-9999.0,-9999.0,-9999.0,-9999.0,-9999.0,-9999.0,-9999.0,-9999.0,size,orientation,color,0.26,-16.0,16,male,0,2706.1785744,0,26
2466,-9999.0,-9999.0,-9999.0,-9999.0,-9999.0,-9999.0,-9999.0,-9999.0,-9999.0,size,orientation,color,0.26,-16.0,16,male,0,2706.1785744,0,26
2467,-9999.0,-9999.0,-9999.0,-9999.0,-9999.0,-9999.0,-9999.0,-9999.0,-9999.0,size,orientation,color,0.26,-16.0,16,male,0,2706.1785744,0,26
2468,-9999.0,-9999.0,-9999.0,-9999.0,-9999.0,-9999.0,-9999.0,-9999.0,-9999.0,size,orientation,color,0.26,-16.0,16,male,0,2706.1785744,0,26
2469,-9999.0,-9999.0,-9999.0,-9999.0,-9999.0,-9999.0,-9999.0,-9999.0,-9999.0,size,orientation,color,0.26,-16.0,16,male,0,2706.1785744,0,26
2470,-9999.0,-9999.0,-9999.0,-9999.0,-9999.0,-9999.0,-9999.0,-9999.0,-9999.0,size,orientation,color,0.26,-16.0,16,male,0,2706.1785744,0,26
2471,-9999.0,-9999.0,-9999.0,-9999.0,-9999.0,-9999.0,-9999.0,-9999.0,-9999.0,size,orientation,color,0.26,-16.0,16,male,0,2706.1785744,0,26
2472,-9999.0,-9999.0,-9999.0,-9999.0,-9999.0,-9999.0,-9999.0,-9999.0,-9999.0,size,orientation,color,0.26,-16.0,16,male,0,2706.1785744,0,26
2473,-9999.0,-9999.0,-9999.0,-9999.0,-9999.0,-9999.0,-9999.0,-9999.0,-9999.0,size,orientation,color,0.26,-16.0,16,male,0,2706.1785744,0,26
2474,-9999.0,-9999.0,-9999.0,-9999.0,-9999.0,-9999.0,-9999.0,-9999.0,-9999.0,size,orientation,color,0.26,-16.0,16,male,0,2706.1785744,0,26
2475,-9999.0,-9999.0,-9999.0,-9999.0,-9999.0,-9999.0,-9999.0,-9999.0,-9999.0,size,orientation,color,0.26,-16.0,16,male,0,2706.1785744,0,26
2476,-9999.0,-9999.0,-9999.0,-9999.0,-9999.0,-9999.0,-9999.0,-9999.0,-9999.0,size,orientation,color,0.26,-16.0,16,male,0,2706.1785744,0,26
2477,-9999.0,-9999.0,-9999.0,-9999.0,-9999.0,-9999.0,-9999.0,-9999.0,-9999.0,size,orientation,color,0.26,-16.0,16,male,0,2706.1785744,0,26
2478,-9999.0,-9999.0,-9999.0,-9999.0,-9999.0,-9999.0,-9999.0,-9999.0,-9999.0,size,orientation,color,0.26,-16.0,16,male,0,2706.1785744,0,26
2479,-9999.0,-9999.0,-9999.0,-9999.0,-9999.0,-9999.0,-9999.0,-9999.0,-9999.0,size,orientation,color,0.26,-16.0,16,male,0,2706.1785744,0,26
2480,-9999.0,-9999.0,-9999.0,-9999.0,-9999.0,-9999.0,-9999.0,-9999.0,-9999.0,size,orientation,color,0.26,-16.0,16,male,0,2706.1785744,0,26
2481,-9999.0,-9999.0,-9999.0,-9999.0,-9999.0,-9999.0,-9999.0,-9999.0,-9999.0,size,orientation,color,0.26,-16.0,16,male,0,2706.1785744,0,26
2482,-9999.0,-9999.0,-9999.0,-9999.0,-9999.0,-9999.0,-9999.0,-9999.0,-9999.0,size,orientation,color,0.26,-16.0,16,male,0,2706.1785744,0,26
2483,-9999.0,-9999.0,-9999.0,-9999.0,-9999.0,-9999.0,-9999.0,-9999.0,-9999.0,size,orientation,color,0.26,-16.0,16,male,0,2706.1785744,0,26
2484,-9999.0,-9999.0,-9999.0,-9999.0,-9999.0,-9999.0,-9999.0,-9999.0,-9999.0,size,orientation,color,0.26,-16.0,16,male,0,2706.1785744,0,26
2485,-9999.0,-9999.0,-9999.0,-9999.0,-9999.0,-9999.0,-9999.0,-9999.0,-9999.0,size,orientation,color,0.26,-16.0,16,male,0,2706.1785744,0,26
2486,-9999.0,-9999.0,-9999.0,-9999.0,-9999.0,-9999.0,-9999.0,-9999.0,-9999.0,size,orientation,color,0.26,-16.0,16,male,0,2706.1785744,0,26
2487,-9999.0,-9999.0,-9999.0,-9999.0,-9999.0,-9999.0,-9999.0,-9999.0,-9999.0,size,orientation,color,0.26,-16.0,16,male,0,2706.1785744,0,26
2488,-9999.0,-9999.0,-9999.0,-9999.0,-9999.0,-9999.0,-9999.0,-9999.0,-9999.0,size,orientation,color,0.26,-16.0,16,male,0,2706.1785744,0,26
2489,-9999.0,-9999.0,-9999.0,-9999.0,-9999.0,-9999.0,-9999.0,-9999.0,-9999.0,size,orientation,color,0.26,-16.0,16,male,0,2706.1785744,0,26
2490,-9999.0,-9999.0,-9999.0,-9999.0,-9999.0,-9999.0,-9999.0,-9999.0,-9999.0,size,orientation,color,0.26,-16.0,16,male,0,2706.1785744,0,26
2491,-9999.0,-9999.0,-9999.0,-9999.0,-9999.0,-9999.0,-9999.0,-9999.0,-9999.0,size,orientation,color,0.26,-16.0,16,male,0,2706.1785744,0,26
2492,-9999.0,-9999.0,-9999.0,-9999.0,-9999.0,-9999.0,-9999.0,-9999.0,-9999.0,size,orientation,color,0.26,-16.0,16,male,0,2706.1785744,0,26
2493,-9999.0,-9999.0,-9999.0,-9999.0,-9999.0,-9999.0,-9999.0,-9999.0,-9999.0,size,orientation,color,0.26,-16.0,16,male,0,2706.1785744,0,26
2494,-9999.0,-9999.0,-9999.0,-9999.0,-9999.0,-9999.0,-9999.0,-9999.0,-9999.0,size,orientation,color,0.26,-16.0,16,male,0,2706.1785744,0,26
2495,-9999.0,-9999.0,-9999.0,-9999.0,-9999.0,-9999.0,-9999.0,-9999.0,-9999.0,size,orientation,color,0.26,-16.0,16,male,0,2706.1785744,0,26
2496,-9999.0,-9999.0,-9999.0,-9999.0,-9999.0,-9999.0,-9999.0,-9999.0,-9999.0,size,orientation,color,0.26,-16.0,16,male,0,2706.1785744,0,26
2497,-9999.0,-9999.0,-9999.0,-9999.0,-9999.0,-9999.0,-9999.0,-9999.0,-9999.0,size,orientation,color,0.26,-16.0,16,male,0,2706.1785744,0,26
2498,-9999.0,-9999.0,-9999.0,-9999.0,-9999.0,-9999.0,-9999.0,-9999.0,-9999.0,size,orientation,color,0.26,-16.0,16,male,0,2706.1785744,0,26
2499,-9999.0,-9999.0,-9999.0,-9999.0,-9999.0,-9999.0,-9999.0,-9999.0,-9999.0,size,orientation,color,0.26,-16.0,16,male,0,2706.1785744,0,26
2500,-9999.0,-9999.0,-9999.0,-9999.0,-9999.0,-9999.0,-9999.0,-9999.0,-9999.0,size,orientation,color,0.26,-16.0,16,male,0,2706.1785744,0,26
2501,-9999.0,-9999.0,-9999.0,-9999.0,-9999.0,-9999.0,-9999.0,-9999.0,-9999.0,size,orientation,color,0.26,-16.0,16,male,0,2706.1785744,0,26
2502,-9999.0,-9999.0,-9999.0,-9999.0,-9999.0,-9999.0,-9999.0,-9999.0,-9999.0,size,orientation,color,0.26,-16.0,16,male,0,2706.1785744,0,26
2503,-9999.0,-9999.0,-9999.0,-9999.0,-9999.0,-9999.0,-9999.0,-9999.0,-9999.0,size,orientation,color,0.26,-16.0,16,male,0,2706.1785744,0,26
2504,-9999.0,-9999.0,-9999.0,-9999.0,-9999.0,-9999.0,-9999.0,-9999.0,-9999.0,size,orientation,color,0.26,-16.0,16,male,0,2706.1785744,0,26
2505,-9999.0,-9999.0,-9999.0,-9999.0,-9999.0,-9999.0,-9999.0,-9999.0,-9999.0,size,orientation,color,0.26,-16.0,16,male,0,2706.1785744,0,26
2506,-9999.0,-9999.0,-9999.0,-9999.0,-9999.0,-9999.0,-9999.0,-9999.0,-9999.0,size,orientation,color,0.26,-16.0,16,male,0,2706.1785744,0,26
2507,-9999.0,-9999.0,-9999.0,-9999.0,-9999.0,-9999.0,-9999.0,-9999.0,-9999.0,size,orientation,color,0.26,-16.0,16,male,0,2706.1785744,0,26
2508,-9999.0,-9999.0,-9999.0,-9999.0,-9999.0,-9999.0,-9999.0,-9999.0,-9999.0,size,orientation,color,0.26,-16.0,16,male,0,2706.1785744,0,26
2509,-9999.0,-9999.0,-9999.0,-9999.0,-9999.0,-9999.0,-9999.0,-9999.0,-9999.0,size,orientation,color,0.26,-16.0,16,male,0,2706.1785744,0,26
2510,-9999.0,-9999.0,-9999.0,-9999.0,-9999.0,-9999.0,-9999.0,-9999.0,-9999.0,size,orientation,color,0.26,-16.0,16,male,0,2706.1785744,0,26
2511,-9999.0,-9999.0,-9999.0,-9999.0,-9999.0,-9999.0,-9999.0,-9999.0,-9999.0,size,orientation,color,0.26,-16.0,16,male,0,2706.1785744,0,26
2512,-9999.0,-9999.0,-9999.0,-9999.0,-9999.0,-9999.0,-9999.0,-9999.0,-9999.0,size,orientation,color,0.26,-16.0,16,male,0,2706.1785744,0,26
2513,-9999.0,-9999.0,-9999.0,-9999.0,-9999.0,-9999.0,-9999.0,-9999.0,-9999.0,size,orientation,color,0.26,-16.0,16,male,0,2706.1785744,0,26
2514,-9999.0,-9999.0,-9999.0,-9999.0,-9999.0,-9999.0,-9999.0,-9999.0,-9999.0,size,orientation,color,0.26,-16.0,16,male,0,2706.1785744,0,26
2515,-9999.0,-9999.0,-9999.0,-9999.0,-9999.0,-9999.0,-9999.0,-9999.0,-9999.0,size,orientation,color,0.26,-16.0,16,male,0,2706.1785744,0,26
2516,-9999.0,-9999.0,-9999.0,-9999.0,-9999.0,-9999.0,-9999.0,-9999.0,-9999.0,size,orientation,color,0.26,-16.0,16,male,0,2706.1785744,0,26
2517,-9999.0,-9999.0,-9999.0,-9999.0,-9999.0,-9999.0,-9999.0,-9999.0,-9999.0,size,orientation,color,0.26,-16.0,16,male,0,2706.1785744,0,26
2518,-9999.0,-9999.0,-9999.0,-9999.0,-9999.0,-9999.0,-9999.0,-9999.0,-9999.0,size,orientation,color,0.26,-16.0,16,male,0,2706.1785744,0,26
2519,-9999.0,-9999.0,-9999.0,-9999.0,-9999.0,-9999.0,-9999.0,-9999.0,-9999.0,size,orientation,color,0.26,-16.0,16,male,0,2706.1785744,0,26
2520,-9999.0,-9999.0,-9999.0,-9999.0,-9999.0,-9999.0,-9999.0,-9999.0,-9999.0,size,orientation,color,0.26,-16.0,16,male,0,2706.1785744,0,26
2521,-9999.0,-9999.0,-9999.0,-9999.0,-9999.0,-9999.0,-9999.0,-9999.0,-9999.0,size,orientation,color,0.26,-16.0,16,male,0,2706.1785744,0,26
2522,-9999.0,-9999.0,-9999.0,-9999.0,-9999.0,-9999.0,-9999.0,-9999.0,-9999.0,size,orientation,color,0.26,-16.0,16,male,0,2706.1785744,0,26
2523,-9999.0,-9999.0,-9999.0,-9999.0,-9999.0,-9999.0,-9999.0,-9999.0,-9999.0,size,orientation,color,0.26,-16.0,16,male,0,2706.1785744,0,26
2524,-9999.0,-9999.0,-9999.0,-9999.0,-9999.0,-9999.0,-9999.0,-9999.0,-9999.0,size,orientation,color,0.26,-16.0,16,male,0,2706.1785744,0,26
2525,-9999.0,-9999.0,-9999.0,-9999.0,-9999.0,-9999.0,-9999.0,-9999.0,-9999.0,size,orientation,color,0.26,-16.0,16,male,0,2706.1785744,0,26
2526,-9999.0,-9999.0,-9999.0,-9999.0,-9999.0,-9999.0,-9999.0,-9999.0,-9999.0,size,orientation,color,0.26,-16.0,16,male,0,2706.1785744,0,26
2527,-9999.0,-9999.0,-9999.0,-9999.0,-9999.0,-9999.0,-9999.0,-9999.0,-9999.0,size,orientation,color,0.26,-16.0,16,male,0,2706.1785744,0,26
2528,-9999.0,-9999.0,-9999.0,-9999.0,-9999.0,-9999.0,-9999.0,-9999.0,-9999.0,size,orientation,color,0.26,-16.0,16,male,0,2706.1785744,0,26
2529,-9999.0,-9999.0,-9999.0,-9999.0,-9999.0,-9999.0,-9999.0,-9999.0,-9999.0,size,orientation,color,0.26,-16.0,16,male,0,2706.1785744,0,26
2530,-9999.0,-9999.0,-9999.0,-9999.0,-9999.0,-9999.0,-9999.0,-9999.0,-9999.0,size,orientation,color,0.26,-16.0,16,male,0,2706.1785744,0,26
2531,-9999.0,-9999.0,-9999.0,-9999.0,-9999.0,-9999.0,-9999.0,-9999.0,-9999.0,size,orientation,color,0.26,-16.0,16,male,0,2706.1785744,0,26
2532,-9999.0,-9999.0,-9999.0,-9999.0,-9999.0,-9999.0,-9999.0,-9999.0,-9999.0,size,orientation,color,0.26,-16.0,16,male,0,2706.1785744,0,26
2533,-9999.0,-9999.0,-9999.0,-9999.0,-9999.0,-9999.0,-9999.0,-9999.0,-9999.0,size,orientation,color,0.26,-16.0,16,male,0,2706.1785744,0,26
2534,-9999.0,-9999.0,-9999.0,-9999.0,-9999.0,-9999.0,-9999.0,-9999.0,-9999.0,size,orientation,color,0.26,-16.0,16,male,0,2706.1785744,0,26
2535,-9999.0,-9999.0,-9999.0,-9999.0,-9999.0,-9999.0,-9999.0,-9999.0,-9999.0,size,orientation,color,0.26,-16.0,16,male,0,2706.1785744,0,26
2536,-9999.0,-9999.0,-9999.0,-9999.0,-9999.0,-9999.0,-9999.0,-9999.0,-9999.0,size,orientation,color,0.26,-16.0,16,male,0,2706.1785744,0,26
2537,-9999.0,-9999.0,-9999.0,-9999.0,-9999.0,-9999.0,-9999.0,-9999.0,-9999.0,size,orientation,color,0.26,-16.0,16,male,0,2706.1785744,0,26
2538,-9999.0,-9999.0,-9999.0,-9999.0,-9999.0,-9999.0,-9999.0,-9999.0,-9999.0,size,orientation,color,0.26,-16.0,16,male,0,2706.1785744,0,26
2539,-9999.0,-9999.0,-9999.0,-9999.0,-9999.0,-9999.0,-9999.0,-9999.0,-9999.0,size,orientation,color,0.26,-16.0,16,male,0,2706.1785744,0,26
2540,-9999.0,-9999.0,-9999.0,-9999.0,-9999.0,-9999.0,-9999.0,-9999.0,-9999.0,size,orientation,color,0.26,-16.0,16,male,0,2706.1785744,0,26
2541,-9999.0,-9999.0,-9999.0,-9999.0,-9999.0,-9999.0,-9999.0,-9999.0,-9999.0,size,orientation,color,0.26,-16.0,16,male,0,2706.1785744,0,26
2542,-9999.0,-9999.0,-9999.0,-9999.0,-9999.0,-9999.0,-9999.0,-9999.0,-9999.0,size,orientation,color,0.26,-16.0,16,male,0,2706.1785744,0,26
2543,-9999.0,-9999.0,-9999.0,-9999.0,-9999.0,-9999.0,-9999.0,-9999.0,-9999.0,size,orientation,color,0.26,-16.0,16,male,0,2706.1785744,0,26
2544,-9999.0,-9999.0,-9999.0,-9999.0,-9999.0,-9999.0,-9999.0,-9999.0,-9999.0,size,orientation,color,0.26,-16.0,16,male,0,2706.1785744,0,26
2545,-9999.0,-9999.0,-9999.0,-9999.0,-9999.0,-9999.0,-9999.0,-9999.0,-9999.0,size,orientation,color,0.26,-16.0,16,male,0,2706.1785744,0,26
2546,-9999.0,-9999.0,-9999.0,-9999.0,-9999.0,-9999.0,-9999.0,-9999.0,-9999.0,size,orientation,color,0.26,-16.0,16,male,0,2706.1785744,0,26
2547,-9999.0,-9999.0,-9999.0,-9999.0,-9999.0,-9999.0,-9999.0,-9999.0,-9999.0,size,orientation,color,0.26,-16.0,16,male,0,2706.1785744,0,26
2548,-9999.0,-9999.0,-9999.0,-9999.0,-9999.0,-9999.0,-9999.0,-9999.0,-9999.0,size,orientation,color,0.26,-16.0,16,male,0,2706.1785744,0,26
2549,-9999.0,-9999.0,-9999.0,-9999.0,-9999.0,-9999.0,-9999.0,-9999.0,-9999.0,size,orientation,color,0.26,-16.0,16,male,0,2706.1785744,0,26
2550,-9999.0,-9999.0,-9999.0,-9999.0,-9999.0,-9999.0,-9999.0,-9999.0,-9999.0,size,orientation,color,0.26,-16.0,16,male,0,2706.1785744,0,26
2551,-9999.0,-9999.0,-9999.0,-9999.0,-9999.0,-9999.0,-9999.0,-9999.0,-9999.0,size,orientation,color,0.26,-16.0,16,male,0,2706.1785744,0,26
2552,-9999.0,-9999.0,-9999.0,-9999.0,-9999.0,-9999.0,-9999.0,-9999.0,-9999.0,size,orientation,color,0.26,-16.0,16,male,0,2706.1785744,0,26
2553,-9999.0,-9999.0,-9999.0,-9999.0,-9999.0,-9999.0,-9999.0,-9999.0,-9999.0,size,orientation,color,0.26,-16.0,16,male,0,2706.1785744,0,26
2554,-9999.0,-9999.0,-9999.0,-9999.0,-9999.0,-9999.0,-9999.0,-9999.0,-9999.0,size,orientation,color,0.26,-16.0,16,male,0,2706.1785744,0,26
2555,-9999.0,-9999.0,-9999.0,-9999.0,-9999.0,-9999.0,-9999.0,-9999.0,-9999.0,size,orientation,color,0.26,-16.0,16,male,0,2706.1785744,0,26
2556,-9999.0,-9999.0,-9999.0,-9999.0,-9999.0,-9999.0,-9999.0,-9999.0,-9999.0,size,orientation,color,0.26,-16.0,16,male,0,2706.1785744,0,26
2557,-9999.0,-9999.0,-9999.0,-9999.0,-9999.0,-9999.0,-9999.0,-9999.0,-9999.0,size,orientation,color,0.26,-16.0,16,male,0,2706.1785744,0,26
2558,-9999.0,-9999.0,-9999.0,-9999.0,-9999.0,-9999.0,-9999.0,-9999.0,-9999.0,size,orientation,color,0.26,-16.0,16,male,0,2706.1785744,0,26
2559,-9999.0,-9999.0,-9999.0,-9999.0,-9999.0,-9999.0,-9999.0,-9999.0,-9999.0,size,orientation,color,0.26,-16.0,16,male,0,2706.1785744,0,26
2560,-9999.0,-9999.0,-9999.0,-9999.0,-9999.0,-9999.0,-9999.0,-9999.0,-9999.0,size,orientation,color,0.26,-16.0,16,male,0,2706.1785744,0,26
2561,-9999.0,-9999.0,-9999.0,-9999.0,-9999.0,-9999.0,-9999.0,-9999.0,-9999.0,size,orientation,color,0.26,-16.0,16,male,0,2706.1785744,0,26
2562,-9999.0,-9999.0,-9999.0,-9999.0,-9999.0,-9999.0,-9999.0,-9999.0,-9999.0,size,orientation,color,0.26,-16.0,16,male,0,2706.1785744,0,26
2563,-9999.0,-9999.0,-9999.0,-9999.0,-9999.0,-9999.0,-9999.0,-9999.0,-9999.0,size,orientation,color,0.26,-16.0,16,male,0,2706.1785744,0,26
2564,-9999.0,-9999.0,-9999.0,-9999.0,-9999.0,-9999.0,-9999.0,-9999.0,-9999.0,size,orientation,color,0.26,-16.0,16,male,0,2706.1785744,0,26
2565,-9999.0,-9999.0,-9999.0,-9999.0,-9999.0,-9999.0,-9999.0,-9999.0,-9999.0,size,orientation,color,0.26,-16.0,16,male,0,2706.1785744,0,26
2566,-9999.0,-9999.0,-9999.0,-9999.0,-9999.0,-9999.0,-9999.0,-9999.0,-9999.0,size,orientation,color,0.26,-16.0,16,male,0,2706.1785744,0,26
2567,-9999.0,-9999.0,-9999.0,-9999.0,-9999.0,-9999.0,-9999.0,-9999.0,-9999.0,size,orientation,color,0.26,-16.0,16,male,0,2706.1785744,0,26
2568,-9999.0,-9999.0,-9999.0,-9999.0,-9999.0,-9999.0,-9999.0,-9999.0,-9999.0,size,orientation,color,0.26,-16.0,16,male,0,2706.1785744,0,26
2569,-9999.0,-9999.0,-9999.0,-9999.0,-9999.0,-9999.0,-9999.0,-9999.0,-9999.0,size,orientation,color,0.26,-16.0,16,male,0,2706.1785744,0,26
2570,-9999.0,-9999.0,-9999.0,-9999.0,-9999.0,-9999.0,-9999.0,-9999.0,-9999.0,size,orientation,color,0.26,-16.0,16,male,0,2706.1785744,0,26
2571,-9999.0,-9999.0,-9999.0,-9999.0,-9999.0,-9999.0,-9999.0,-9999.0,-9999.0,size,orientation,color,0.26,-16.0,16,male,0,2706.1785744,0,26
2572,-9999.0,-9999.0,-9999.0,-9999.0,-9999.0,-9999.0,-9999.0,-9999.0,-9999.0,size,orientation,color,0.26,-16.0,16,male,0,2706.1785744,0,26
2573,-9999.0,-9999.0,-9999.0,-9999.0,-9999.0,-9999.0,-9999.0,-9999.0,-9999.0,size,orientation,color,0.26,-16.0,16,male,0,2706.1785744,0,26
2574,-9999.0,-9999.0,-9999.0,-9999.0,-9999.0,-9999.0,-9999.0,-9999.0,-9999.0,size,orientation,color,0.26,-16.0,16,male,0,2706.1785744,0,26
2575,-9999.0,-9999.0,-9999.0,-9999.0,-9999.0,-9999.0,-9999.0,-9999.0,-9999.0,size,orientation,color,0.26,-16.0,16,male,0,2706.1785744,0,26
2576,-9999.0,-9999.0,-9999.0,-9999.0,-9999.0,-9999.0,-9999.0,-9999.0,-9999.0,size,orientation,color,0.26,-16.0,16,male,0,2706.1785744,0,26
2577,-9999.0,-9999.0,-9999.0,-9999.0,-9999.0,-9999.0,-9999.0,-9999.0,-9999.0,size,orientation,color,0.26,-16.0,16,male,0,2706.1785744,0,26
2578,-9999.0,-9999.0,-9999.0,-9999.0,-9999.0,-9999.0,-9999.0,-9999.0,-9999.0,size,orientation,color,0.26,-16.0,16,male,0,2706.1785744,0,26
2579,-9999.0,-9999.0,-9999.0,-9999.0,-9999.0,-9999.0,-9999.0,-9999.0,-9999.0,size,orientation,color,0.26,-16.0,16,male,0,2706.1785744,0,26
2580,-9999.0,-9999.0,-9999.0,-9999.0,-9999.0,-9999.0,-9999.0,-9999.0,-9999.0,size,orientation,color,0.26,-16.0,16,male,0,2706.1785744,0,26
2581,-9999.0,-9999.0,-9999.0,-9999.0,-9999.0,-9999.0,-9999.0,-9999.0,-9999.0,size,orientation,color,0.26,-16.0,16,male,0,2706.1785744,0,26
2582,-9999.0,-9999.0,-9999.0,-9999.0,-9999.0,-9999.0,-9999.0,-9999.0,-9999.0,size,orientation,color,0.26,-16.0,16,male,0,2706.1785744,0,26
2583,-9999.0,-9999.0,-9999.0,-9999.0,-9999.0,-9999.0,-9999.0,-9999.0,-9999.0,size,orientation,color,0.26,-16.0,16,male,0,2706.1785744,0,26
2584,-9999.0,-9999.0,-9999.0,-9999.0,-9999.0,-9999.0,-9999.0,-9999.0,-9999.0,size,orientation,color,0.26,-16.0,16,male,0,2706.1785744,0,26
2585,-9999.0,-9999.0,-9999.0,-9999.0,-9999.0,-9999.0,-9999.0,-9999.0,-9999.0,size,orientation,color,0.26,-16.0,16,male,0,2706.1785744,0,26
2586,-9999.0,-9999.0,-9999.0,-9999.0,-9999.0,-9999.0,-9999.0,-9999.0,-9999.0,size,orientation,color,0.26,-16.0,16,male,0,2706.1785744,0,26
2587,-9999.0,-9999.0,-9999.0,-9999.0,-9999.0,-9999.0,-9999.0,-9999.0,-9999.0,size,orientation,color,0.26,-16.0,16,male,0,2706.1785744,0,26
2588,-9999.0,-9999.0,-9999.0,-9999.0,-9999.0,-9999.0,-9999.0,-9999.0,-9999.0,size,orientation,color,0.26,-16.0,16,male,0,2706.1785744,0,26
2589,-9999.0,-9999.0,-9999.0,-9999.0,-9999.0,-9999.0,-9999.0,-9999.0,-9999.0,size,orientation,color,0.26,-16.0,16,male,0,2706.1785744,0,26
2590,-9999.0,-9999.0,-9999.0,-9999.0,-9999.0,-9999.0,-9999.0,-9999.0,-9999.0,size,orientation,color,0.26,-16.0,16,male,0,2706.1785744,0,26
2591,-9999.0,-9999.0,-9999.0,-9999.0,-9999.0,-9999.0,-9999.0,-9999.0,-9999.0,size,orientation,color,0.26,-16.0,16,male,0,2706.1785744,0,26
2592,-9999.0,-9999.0,-9999.0,-9999.0,-9999.0,-9999.0,-9999.0,-9999.0,-9999.0,size,orientation,color,0.26,-16.0,16,male,0,2706.1785744,0,26
2593,-9999.0,-9999.0,-9999.0,-9999.0,-9999.0,-9999.0,-9999.0,-9999.0,-9999.0,size,orientation,color,0.26,-16.0,16,male,0,2706.1785744,0,26
2594,-9999.0,-9999.0,-9999.0,-9999.0,-9999.0,-9999.0,-9999.0,-9999.0,-9999.0,size,orientation,color,0.26,-16.0,16,male,0,2706.1785744,0,26
2595,-9999.0,-9999.0,-9999.0,-9999.0,-9999.0,-9999.0,-9999.0,-9999.0,-9999.0,size,orientation,color,0.26,-16.0,16,male,0,2706.1785744,0,26
2596,-9999.0,-9999.0,-9999.0,-9999.0,-9999.0,-9999.0,-9999.0,-9999.0,-9999.0,size,orientation,color,0.26,-16.0,16,male,0,2706.1785744,0,26
2597,-9999.0,-9999.0,-9999.0,-9999.0,-9999.0,-9999.0,-9999.0,-9999.0,-9999.0,size,orientation,color,0.26,-16.0,16,male,0,2706.1785744,0,26
2598,-9999.0,-9999.0,-9999.0,-9999.0,-9999.0,-9999.0,-9999.0,-9999.0,-9999.0,size,orientation,color,0.26,-16.0,16,male,0,2706.1785744,0,26
2599,-9999.0,-9999.0,-9999.0,-9999.0,-9999.0,-9999.0,-9999.0,-9999.0,-9999.0,size,orientation,color,0.26,-16.0,16,male,0,2706.1785744,0,26
2600,-9999.0,-9999.0,-9999.0,-9999.0,-9999.0,-9999.0,-9999.0,-9999.0,-9999.0,size,orientation,color,0.26,-16.0,16,male,0,2706.1785744,0,26
2601,-9999.0,-9999.0,-9999.0,-9999.0,-9999.0,-9999.0,-9999.0,-9999.0,-9999.0,size,orientation,color,0.26,-16.0,16,male,0,2706.1785744,0,26
2602,-9999.0,-9999.0,-9999.0,-9999.0,-9999.0,-9999.0,-9999.0,-9999.0,-9999.0,size,orientation,color,0.26,-16.0,16,male,0,2706.1785744,0,26
2603,-9999.0,-9999.0,-9999.0,-9999.0,-9999.0,-9999.0,-9999.0,-9999.0,-9999.0,size,orientation,color,0.26,-16.0,16,male,0,2706.1785744,0,26
2604,-9999.0,-9999.0,-9999.0,-9999.0,-9999.0,-9999.0,-9999.0,-9999.0,-9999.0,size,orientation,color,0.26,-16.0,16,male,0,2706.1785744,0,26
2605,-9999.0,-9999.0,-9999.0,-9999.0,-9999.0,-9999.0,-9999.0,-9999.0,-9999.0,size,orientation,color,0.26,-16.0,16,male,0,2706.1785744,0,26
2606,-9999.0,-9999.0,-9999.0,-9999.0,-9999.0,-9999.0,-9999.0,-9999.0,-9999.0,size,orientation,color,0.26,-16.0,16,male,0,2706.1785744,0,26
2607,-9999.0,-9999.0,-9999.0,-9999.0,-9999.0,-9999.0,-9999.0,-9999.0,-9999.0,size,orientation,color,0.26,-16.0,16,male,0,2706.1785744,0,26
2608,-9999.0,-9999.0,-9999.0,-9999.0,-9999.0,-9999.0,-9999.0,-9999.0,-9999.0,size,orientation,color,0.26,-16.0,16,male,0,2706.1785744,0,26
2609,-9999.0,-9999.0,-9999.0,-9999.0,-9999.0,-9999.0,-9999.0,-9999.0,-9999.0,size,orientation,color,0.26,-16.0,16,male,0,2706.1785744,0,26
2610,-9999.0,-9999.0,-9999.0,-9999.0,-9999.0,-9999.0,-9999.0,-9999.0,-9999.0,size,orientation,color,0.26,-16.0,16,male,0,2706.1785744,0,26
2611,-9999.0,-9999.0,-9999.0,-9999.0,-9999.0,-9999.0,-9999.0,-9999.0,-9999.0,size,orientation,color,0.26,-16.0,16,male,0,2706.1785744,0,26
2612,-9999.0,-9999.0,-9999.0,-9999.0,-9999.0,-9999.0,-9999.0,-9999.0,-9999.0,size,orientation,color,0.26,-16.0,16,male,0,2706.1785744,0,26
2613,-9999.0,-9999.0,-9999.0,-9999.0,-9999.0,-9999.0,-9999.0,-9999.0,-9999.0,size,orientation,color,0.26,-16.0,16,male,0,2706.1785744,0,26
2614,-9999.0,-9999.0,-9999.0,-9999.0,-9999.0,-9999.0,-9999.0,-9999.0,-9999.0,size,orientation,color,0.26,-16.0,16,male,0,2706.1785744,0,26
2615,-9999.0,-9999.0,-9999.0,-9999.0,-9999.0,-9999.0,-9999.0,-9999.0,-9999.0,size,orientation,color,0.26,-16.0,16,male,0,2706.1785744,0,26
2616,-9999.0,-9999.0,-9999.0,-9999.0,-9999.0,-9999.0,-9999.0,-9999.0,-9999.0,size,orientation,color,0.26,-16.0,16,male,0,2706.1785744,0,26
2617,-9999.0,-9999.0,-9999.0,-9999.0,-9999.0,-9999.0,-9999.0,-9999.0,-9999.0,size,orientation,color,0.26,-16.0,16,male,0,2706.1785744,0,26
2618,-9999.0,-9999.0,-9999.0,-9999.0,-9999.0,-9999.0,-9999.0,-9999.0,-9999.0,size,orientation,color,0.26,-16.0,16,male,0,2706.1785744,0,26
2619,-9999.0,-9999.0,-9999.0,-9999.0,-9999.0,-9999.0,-9999.0,-9999.0,-9999.0,size,orientation,color,0.26,-16.0,16,male,0,2706.1785744,0,26
2620,-9999.0,-9999.0,-9999.0,-9999.0,-9999.0,-9999.0,-9999.0,-9999.0,-9999.0,size,orientation,color,0.26,-16.0,16,male,0,2706.1785744,0,26
2621,-9999.0,-9999.0,-9999.0,-9999.0,-9999.0,-9999.0,-9999.0,-9999.0,-9999.0,size,orientation,color,0.26,-16.0,16,male,0,2706.1785744,0,26
2622,-9999.0,-9999.0,-9999.0,-9999.0,-9999.0,-9999.0,-9999.0,-9999.0,-9999.0,size,orientation,color,0.26,-16.0,16,male,0,2706.1785744,0,26
2623,-9999.0,-9999.0,-9999.0,-9999.0,-9999.0,-9999.0,-9999.0,-9999.0,-9999.0,size,orientation,color,0.26,-16.0,16,male,0,2706.1785744,0,26
2624,-9999.0,-9999.0,-9999.0,-9999.0,-9999.0,-9999.0,-9999.0,-9999.0,-9999.0,size,orientation,color,0.26,-16.0,16,male,0,2706.1785744,0,26
2625,-9999.0,-9999.0,-9999.0,-9999.0,-9999.0,-9999.0,-9999.0,-9999.0,-9999.0,size,orientation,color,0.26,-16.0,16,male,0,2706.1785744,0,26
2626,-9999.0,-9999.0,-9999.0,-9999.0,-9999.0,-9999.0,-9999.0,-9999.0,-9999.0,size,orientation,color,0.26,-16.0,16,male,0,2706.1785744,0,26
2627,-9999.0,-9999.0,-9999.0,-9999.0,-9999.0,-9999.0,-9999.0,-9999.0,-9999.0,size,orientation,color,0.26,-16.0,16,male,0,2706.1785744,0,26
2628,-9999.0,-9999.0,-9999.0,-9999.0,-9999.0,-9999.0,-9999.0,-9999.0,-9999.0,size,orientation,color,0.26,-16.0,16,male,0,2706.1785744,0,26
2629,-9999.0,-9999.0,-9999.0,-9999.0,-9999.0,-9999.0,-9999.0,-9999.0,-9999.0,size,orientation,color,0.26,-16.0,16,male,0,2706.1785744,0,26
2630,-9999.0,-9999.0,-9999.0,-9999.0,-9999.0,-9999.0,-9999.0,-9999.0,-9999.0,size,orientation,color,0.26,-16.0,16,male,0,2706.1785744,0,26
2631,-9999.0,-9999.0,-9999.0,-9999.0,-9999.0,-9999.0,-9999.0,-9999.0,-9999.0,size,orientation,color,0.26,-16.0,16,male,0,2706.1785744,0,26
2632,-9999.0,-9999.0,-9999.0,-9999.0,-9999.0,-9999.0,-9999.0,-9999.0,-9999.0,size,orientation,color,0.26,-16.0,16,male,0,2706.1785744,0,26
2633,-9999.0,-9999.0,-9999.0,-9999.0,-9999.0,-9999.0,-9999.0,-9999.0,-9999.0,size,orientation,color,0.26,-16.0,16,male,0,2706.1785744,0,26
2634,-9999.0,-9999.0,-9999.0,-9999.0,-9999.0,-9999.0,-9999.0,-9999.0,-9999.0,size,orientation,color,0.26,-16.0,16,male,0,2706.1785744,0,26
2635,-9999.0,-9999.0,-9999.0,-9999.0,-9999.0,-9999.0,-9999.0,-9999.0,-9999.0,size,orientation,color,0.26,-16.0,16,male,0,2706.1785744,0,26
2636,-9999.0,-9999.0,-9999.0,-9999.0,-9999.0,-9999.0,-9999.0,-9999.0,-9999.0,size,orientation,color,0.26,-16.0,16,male,0,2706.1785744,0,26
2637,-9999.0,-9999.0,-9999.0,-9999.0,-9999.0,-9999.0,-9999.0,-9999.0,-9999.0,size,orientation,color,0.26,-16.0,16,male,0,2706.1785744,0,26
2638,-9999.0,-9999.0,-9999.0,-9999.0,-9999.0,-9999.0,-9999.0,-9999.0,-9999.0,size,orientation,color,0.26,-16.0,16,male,0,2706.1785744,0,26
2639,-9999.0,-9999.0,-9999.0,-9999.0,-9999.0,-9999.0,-9999.0,-9999.0,-9999.0,size,orientation,color,0.26,-16.0,16,male,0,2706.1785744,0,26
2640,-9999.0,-9999.0,-9999.0,-9999.0,-9999.0,-9999.0,-9999.0,-9999.0,-9999.0,size,orientation,color,0.26,-16.0,16,male,0,2706.1785744,0,26
2641,-9999.0,-9999.0,-9999.0,-9999.0,-9999.0,-9999.0,-9999.0,-9999.0,-9999.0,size,orientation,color,0.26,-16.0,16,male,0,2706.1785744,0,26
2642,-9999.0,-9999.0,-9999.0,-9999.0,-9999.0,-9999.0,-9999.0,-9999.0,-9999.0,size,orientation,color,0.26,-16.0,16,male,0,2706.1785744,0,26
2643,-9999.0,-9999.0,-9999.0,-9999.0,-9999.0,-9999.0,-9999.0,-9999.0,-9999.0,size,orientation,color,0.26,-16.0,16,male,0,2706.1785744,0,26
2644,-9999.0,-9999.0,-9999.0,-9999.0,-9999.0,-9999.0,-9999.0,-9999.0,-9999.0,size,orientation,color,0.26,-16.0,16,male,0,2706.1785744,0,26
2645,-9999.0,-9999.0,-9999.0,-9999.0,-9999.0,-9999.0,-9999.0,-9999.0,-9999.0,size,orientation,color,0.26,-16.0,16,male,0,2706.1785744,0,26
2646,-9999.0,-9999.0,-9999.0,-9999.0,-9999.0,-9999.0,-9999.0,-9999.0,-9999.0,size,orientation,color,0.26,-16.0,16,male,0,2706.1785744,0,26
2647,-9999.0,-9999.0,-9999.0,-9999.0,-9999.0,-9999.0,-9999.0,-9999.0,-9999.0,size,orientation,color,0.26,-16.0,16,male,0,2706.1785744,0,26
2648,-9999.0,-9999.0,-9999.0,-9999.0,-9999.0,-9999.0,-9999.0,-9999.0,-9999.0,size,orientation,color,0.26,-16.0,16,male,0,2706.1785744,0,26
2649,-9999.0,-9999.0,-9999.0,-9999.0,-9999.0,-9999.0,-9999.0,-9999.0,-9999.0,size,orientation,color,0.26,-16.0,16,male,0,2706.1785744,0,26
2650,-9999.0,-9999.0,-9999.0,-9999.0,-9999.0,-9999.0,-9999.0,-9999.0,-9999.0,size,orientation,color,0.26,-16.0,16,male,0,2706.1785744,0,26
2651,-9999.0,-9999.0,-9999.0,-9999.0,-9999.0,-9999.0,-9999.0,-9999.0,-9999.0,size,orientation,color,0.26,-16.0,16,male,0,2706.1785744,0,26
2652,-9999.0,-9999.0,-9999.0,-9999.0,-9999.0,-9999.0,-9999.0,-9999.0,-9999.0,size,orientation,color,0.26,-16.0,16,male,0,2706.1785744,0,26
2653,-9999.0,-9999.0,-9999.0,-9999.0,-9999.0,-9999.0,-9999.0,-9999.0,-9999.0,size,orientation,color,0.26,-16.0,16,male,0,2706.1785744,0,26
2654,-9999.0,-9999.0,-9999.0,-9999.0,-9999.0,-9999.0,-9999.0,-9999.0,-9999.0,size,orientation,color,0.26,-16.0,16,male,0,2706.1785744,0,26
2655,-9999.0,-9999.0,-9999.0,-9999.0,-9999.0,-9999.0,-9999.0,-9999.0,-9999.0,size,orientation,color,0.26,-16.0,16,male,0,2706.1785744,0,26
2656,-9999.0,-9999.0,-9999.0,-9999.0,-9999.0,-9999.0,-9999.0,-9999.0,-9999.0,size,orientation,color,0.26,-16.0,16,male,0,2706.1785744,0,26
2657,-9999.0,-9999.0,-9999.0,-9999.0,-9999.0,-9999.0,-9999.0,-9999.0,-9999.0,size,orientation,color,0.26,-16.0,16,male,0,2706.1785744,0,26
2658,-9999.0,-9999.0,-9999.0,-9999.0,-9999.0,-9999.0,-9999.0,-9999.0,-9999.0,size,orientation,color,0.26,-16.0,16,male,0,2706.1785744,0,26
2659,-9999.0,-9999.0,-9999.0,-9999.0,-9999.0,-9999.0,-9999.0,-9999.0,-9999.0,size,orientation,color,0.26,-16.0,16,male,0,2706.1785744,0,26
2660,-9999.0,-9999.0,-9999.0,-9999.0,-9999.0,-9999.0,-9999.0,-9999.0,-9999.0,size,orientation,color,0.26,-16.0,16,male,0,2706.1785744,0,26
2661,-9999.0,-9999.0,-9999.0,-9999.0,-9999.0,-9999.0,-9999.0,-9999.0,-9999.0,size,orientation,color,0.26,-16.0,16,male,0,2706.1785744,0,26
2662,-9999.0,-9999.0,-9999.0,-9999.0,-9999.0,-9999.0,-9999.0,-9999.0,-9999.0,size,orientation,color,0.26,-16.0,16,male,0,2706.1785744,0,26
2663,-9999.0,-9999.0,-9999.0,-9999.0,-9999.0,-9999.0,-9999.0,-9999.0,-9999.0,size,orientation,color,0.26,-16.0,16,male,0,2706.1785744,0,26
2664,-9999.0,-9999.0,-9999.0,-9999.0,-9999.0,-9999.0,-9999.0,-9999.0,-9999.0,size,orientation,color,0.26,-16.0,16,male,0,2706.1785744,0,26
2665,-9999.0,-9999.0,-9999.0,-9999.0,-9999.0,-9999.0,-9999.0,-9999.0,-9999.0,size,orientation,color,0.26,-16.0,16,male,0,2706.1785744,0,26
2666,-9999.0,-9999.0,-9999.0,-9999.0,-9999.0,-9999.0,-9999.0,-9999.0,-9999.0,size,orientation,color,0.26,-16.0,16,male,0,2706.1785744,0,26
2667,-9999.0,-9999.0,-9999.0,-9999.0,-9999.0,-9999.0,-9999.0,-9999.0,-9999.0,size,orientation,color,0.26,-16.0,16,male,0,2706.1785744,0,26
2668,-9999.0,-9999.0,-9999.0,-9999.0,-9999.0,-9999.0,-9999.0,-9999.0,-9999.0,size,orientation,color,0.26,-16.0,16,male,0,2706.1785744,0,26
2669,-9999.0,-9999.0,-9999.0,-9999.0,-9999.0,-9999.0,-9999.0,-9999.0,-9999.0,size,orientation,color,0.26,-16.0,16,male,0,2706.1785744,0,26
2670,-9999.0,-9999.0,-9999.0,-9999.0,-9999.0,-9999.0,-9999.0,-9999.0,-9999.0,size,orientation,color,0.26,-16.0,16,male,0,2706.1785744,0,26
2671,-9999.0,-9999.0,-9999.0,-9999.0,-9999.0,-9999.0,-9999.0,-9999.0,-9999.0,size,orientation,color,0.26,-16.0,16,male,0,2706.1785744,0,26
2672,-9999.0,-9999.0,-9999.0,-9999.0,-9999.0,-9999.0,-9999.0,-9999.0,-9999.0,size,orientation,color,0.26,-16.0,16,male,0,2706.1785744,0,26
2673,-9999.0,-9999.0,-9999.0,-9999.0,-9999.0,-9999.0,-9999.0,-9999.0,-9999.0,size,orientation,color,0.26,-16.0,16,male,0,2706.1785744,0,26
2674,-9999.0,-9999.0,-9999.0,-9999.0,-9999.0,-9999.0,-9999.0,-9999.0,-9999.0,size,orientation,color,0.26,-16.0,16,male,0,2706.1785744,0,26
2675,-9999.0,-9999.0,-9999.0,-9999.0,-9999.0,-9999.0,-9999.0,-9999.0,-9999.0,size,orientation,color,0.26,-16.0,16,male,0,2706.1785744,0,26
2676,-9999.0,-9999.0,-9999.0,-9999.0,-9999.0,-9999.0,-9999.0,-9999.0,-9999.0,size,orientation,color,0.26,-16.0,16,male,0,2706.1785744,0,26
2677,-9999.0,-9999.0,-9999.0,-9999.0,-9999.0,-9999.0,-9999.0,-9999.0,-9999.0,size,orientation,color,0.26,-16.0,16,male,0,2706.1785744,0,26
2678,-9999.0,-9999.0,-9999.0,-9999.0,-9999.0,-9999.0,-9999.0,-9999.0,-9999.0,size,orientation,color,0.26,-16.0,16,male,0,2706.1785744,0,26
2679,-9999.0,-9999.0,-9999.0,-9999.0,-9999.0,-9999.0,-9999.0,-9999.0,-9999.0,size,orientation,color,0.26,-16.0,16,male,0,2706.1785744,0,26
2680,-9999.0,-9999.0,-9999.0,-9999.0,-9999.0,-9999.0,-9999.0,-9999.0,-9999.0,size,orientation,color,0.26,-16.0,16,male,0,2706.1785744,0,26
2681,-9999.0,-9999.0,-9999.0,-9999.0,-9999.0,-9999.0,-9999.0,-9999.0,-9999.0,size,orientation,color,0.26,-16.0,16,male,0,2706.1785744,0,26
2682,-9999.0,-9999.0,-9999.0,-9999.0,-9999.0,-9999.0,-9999.0,-9999.0,-9999.0,size,orientation,color,0.26,-16.0,16,male,0,2706.1785744,0,26
2683,-9999.0,-9999.0,-9999.0,-9999.0,-9999.0,-9999.0,-9999.0,-9999.0,-9999.0,size,orientation,color,0.26,-16.0,16,male,0,2706.1785744,0,26
2684,-9999.0,-9999.0,-9999.0,-9999.0,-9999.0,-9999.0,-9999.0,-9999.0,-9999.0,size,orientation,color,0.26,-16.0,16,male,0,2706.1785744,0,26
2685,-9999.0,-9999.0,-9999.0,-9999.0,-9999.0,-9999.0,-9999.0,-9999.0,-9999.0,size,orientation,color,0.26,-16.0,16,male,0,2706.1785744,0,26
2686,-9999.0,-9999.0,-9999.0,-9999.0,-9999.0,-9999.0,-9999.0,-9999.0,-9999.0,size,orientation,color,0.26,-16.0,16,male,0,2706.1785744,0,26
2687,-9999.0,-9999.0,-9999.0,-9999.0,-9999.0,-9999.0,-9999.0,-9999.0,-9999.0,size,orientation,color,0.26,-16.0,16,male,0,2706.1785744,0,26
2688,-9999.0,-9999.0,-9999.0,-9999.0,-9999.0,-9999.0,-9999.0,-9999.0,-9999.0,size,orientation,color,0.26,-16.0,16,male,0,2706.1785744,0,26
2689,-9999.0,-9999.0,-9999.0,-9999.0,-9999.0,-9999.0,-9999.0,-9999.0,-9999.0,size,orientation,color,0.26,-16.0,16,male,0,2706.1785744,0,26
2690,-9999.0,-9999.0,-9999.0,-9999.0,-9999.0,-9999.0,-9999.0,-9999.0,-9999.0,size,orientation,color,0.26,-16.0,16,male,0,2706.1785744,0,26
2691,-9999.0,-9999.0,-9999.0,-9999.0,-9999.0,-9999.0,-9999.0,-9999.0,-9999.0,size,orientation,color,0.26,-16.0,16,male,0,2706.1785744,0,26
2692,-9999.0,-9999.0,-9999.0,-9999.0,-9999.0,-9999.0,-9999.0,-9999.0,-9999.0,size,orientation,color,0.26,-16.0,16,male,0,2706.1785744,0,26
2693,-9999.0,-9999.0,-9999.0,-9999.0,-9999.0,-9999.0,-9999.0,-9999.0,-9999.0,size,orientation,color,0.26,-16.0,16,male,0,2706.1785744,0,26
2694,-9999.0,-9999.0,-9999.0,-9999.0,-9999.0,-9999.0,-9999.0,-9999.0,-9999.0,size,orientation,color,0.26,-16.0,16,male,0,2706.1785744,0,26
2695,-9999.0,-9999.0,-9999.0,-9999.0,-9999.0,-9999.0,-9999.0,-9999.0,-9999.0,size,orientation,color,0.26,-16.0,16,male,0,2706.1785744,0,26
2696,-9999.0,-9999.0,-9999.0,-9999.0,-9999.0,-9999.0,-9999.0,-9999.0,-9999.0,size,orientation,color,0.26,-16.0,16,male,0,2706.1785744,0,26
2697,-9999.0,-9999.0,-9999.0,-9999.0,-9999.0,-9999.0,-9999.0,-9999.0,-9999.0,size,orientation,color,0.26,-16.0,16,male,0,2706.1785744,0,26
2698,-9999.0,-9999.0,-9999.0,-9999.0,-9999.0,-9999.0,-9999.0,-9999.0,-9999.0,size,orientation,color,0.26,-16.0,16,male,0,2706.1785744,0,26
2699,-9999.0,-9999.0,-9999.0,-9999.0,-9999.0,-9999.0,-9999.0,-9999.0,-9999.0,size,orientation,color,0.26,-16.0,16,male,0,2706.1785744,0,26
2700,-9999.0,-9999.0,-9999.0,-9999.0,-9999.0,-9999.0,-9999.0,-9999.0,-9999.0,size,orientation,color,0.26,-16.0,16,male,0,2706.1785744,0,26
2701,-9999.0,-9999.0,-9999.0,-9999.0,-9999.0,-9999.0,-9999.0,-9999.0,-9999.0,size,orientation,color,0.26,-16.0,16,male,0,2706.1785744,0,26
2702,-9999.0,-9999.0,-9999.0,-9999.0,-9999.0,-9999.0,-9999.0,-9999.0,-9999.0,size,orientation,color,0.26,-16.0,16,male,0,2706.1785744,0,26
2703,-9999.0,-9999.0,-9999.0,-9999.0,-9999.0,-9999.0,-9999.0,-9999.0,-9999.0,size,orientation,color,0.26,-16.0,16,male,0,2706.1785744,0,26
2704,-9999.0,-9999.0,-9999.0,-9999.0,-9999.0,-9999.0,-9999.0,-9999.0,-9999.0,size,orientation,color,0.26,-16.0,16,male,0,2706.1785744,0,26
2705,-9999.0,-9999.0,-9999.0,-9999.0,-9999.0,-9999.0,-9999.0,-9999.0,-9999.0,size,orientation,color,0.26,-16.0,16,male,0,2706.1785744,0,26
2706,-9999.0,-9999.0,-9999.0,-9999.0,-9999.0,-9999.0,-9999.0,-9999.0,-9999.0,size,orientation,color,0.26,-16.0,16,male,0,2706.1785744,0,26
2707,-9999.0,-9999.0,-9999.0,-9999.0,-9999.0,-9999.0,-9999.0,-9999.0,-9999.0,size,orientation,color,0.26,-16.0,16,male,0,2706.1785744,0,26
2708,-9999.0,-9999.0,-9999.0,-9999.0,-9999.0,-9999.0,-9999.0,-9999.0,-9999.0,size,orientation,color,0.26,-16.0,16,male,0,2706.1785744,0,26
2709,-9999.0,-9999.0,-9999.0,-9999.0,-9999.0,-9999.0,-9999.0,-9999.0,-9999.0,size,orientation,color,0.26,-16.0,16,male,0,2706.1785744,0,26
2710,-9999.0,-9999.0,-9999.0,-9999.0,-9999.0,-9999.0,-9999.0,-9999.0,-9999.0,size,orientation,color,0.26,-16.0,16,male,0,2706.1785744,0,26
2711,-9999.0,-9999.0,-9999.0,-9999.0,-9999.0,-9999.0,-9999.0,-9999.0,-9999.0,size,orientation,color,0.26,-16.0,16,male,0,2706.1785744,0,26
2712,-9999.0,-9999.0,-9999.0,-9999.0,-9999.0,-9999.0,-9999.0,-9999.0,-9999.0,size,orientation,color,0.26,-16.0,16,male,0,2706.1785744,0,26
2713,-9999.0,-9999.0,-9999.0,-9999.0,-9999.0,-9999.0,-9999.0,-9999.0,-9999.0,size,orientation,color,0.26,-16.0,16,male,0,2706.1785744,0,26
2714,-9999.0,-9999.0,-9999.0,-9999.0,-9999.0,-9999.0,-9999.0,-9999.0,-9999.0,size,orientation,color,0.26,-16.0,16,male,0,2706.1785744,0,26
2715,-9999.0,-9999.0,-9999.0,-9999.0,-9999.0,-9999.0,-9999.0,-9999.0,-9999.0,size,orientation,color,0.26,-16.0,16,male,0,2706.1785744,0,26
2716,-9999.0,-9999.0,-9999.0,-9999.0,-9999.0,-9999.0,-9999.0,-9999.0,-9999.0,size,orientation,color,0.26,-16.0,16,male,0,2706.1785744,0,26
2717,-9999.0,-9999.0,-9999.0,-9999.0,-9999.0,-9999.0,-9999.0,-9999.0,-9999.0,size,orientation,color,0.26,-16.0,16,male,0,2706.1785744,0,26
2718,-9999.0,-9999.0,-9999.0,-9999.0,-9999.0,-9999.0,-9999.0,-9999.0,-9999.0,size,orientation,color,0.26,-16.0,16,male,0,2706.1785744,0,26
2719,-9999.0,-9999.0,-9999.0,-9999.0,-9999.0,-9999.0,-9999.0,-9999.0,-9999.0,size,orientation,color,0.26,-16.0,16,male,0,2706.1785744,0,26
2720,-9999.0,-9999.0,-9999.0,-9999.0,-9999.0,-9999.0,-9999.0,-9999.0,-9999.0,size,orientation,color,0.26,-16.0,16,male,0,2706.1785744,0,26
2721,-9999.0,-9999.0,-9999.0,-9999.0,-9999.0,-9999.0,-9999.0,-9999.0,-9999.0,size,orientation,color,0.26,-16.0,16,male,0,2706.1785744,0,26
2722,-9999.0,-9999.0,-9999.0,-9999.0,-9999.0,-9999.0,-9999.0,-9999.0,-9999.0,size,orientation,color,0.26,-16.0,16,male,0,2706.1785744,0,26
2723,-9999.0,-9999.0,-9999.0,-9999.0,-9999.0,-9999.0,-9999.0,-9999.0,-9999.0,size,orientation,color,0.26,-16.0,16,male,0,2706.1785744,0,26
2724,-9999.0,-9999.0,-9999.0,-9999.0,-9999.0,-9999.0,-9999.0,-9999.0,-9999.0,size,orientation,color,0.26,-16.0,16,male,0,2706.1785744,0,26
2725,-9999.0,-9999.0,-9999.0,-9999.0,-9999.0,-9999.0,-9999.0,-9999.0,-9999.0,size,orientation,color,0.26,-16.0,16,male,0,2706.1785744,0,26
2726,-9999.0,-9999.0,-9999.0,-9999.0,-9999.0,-9999.0,-9999.0,-9999.0,-9999.0,size,orientation,color,0.26,-16.0,16,male,0,2706.1785744,0,26
2727,-9999.0,-9999.0,-9999.0,-9999.0,-9999.0,-9999.0,-9999.0,-9999.0,-9999.0,size,orientation,color,0.26,-16.0,16,male,0,2706.1785744,0,26
2728,-9999.0,-9999.0,-9999.0,-9999.0,-9999.0,-9999.0,-9999.0,-9999.0,-9999.0,size,orientation,color,0.26,-16.0,16,male,0,2706.1785744,0,26
2729,-9999.0,-9999.0,-9999.0,-9999.0,-9999.0,-9999.0,-9999.0,-9999.0,-9999.0,size,orientation,color,0.26,-16.0,16,male,0,2706.1785744,0,26
2730,-9999.0,-9999.0,-9999.0,-9999.0,-9999.0,-9999.0,-9999.0,-9999.0,-9999.0,size,orientation,color,0.26,-16.0,16,male,0,2706.1785744,0,26
2731,-9999.0,-9999.0,-9999.0,-9999.0,-9999.0,-9999.0,-9999.0,-9999.0,-9999.0,size,orientation,color,0.26,-16.0,16,male,0,2706.1785744,0,26
2732,-9999.0,-9999.0,-9999.0,-9999.0,-9999.0,-9999.0,-9999.0,-9999.0,-9999.0,size,orientation,color,0.26,-16.0,16,male,0,2706.1785744,0,26
2733,-9999.0,-9999.0,-9999.0,-9999.0,-9999.0,-9999.0,-9999.0,-9999.0,-9999.0,size,orientation,color,0.26,-16.0,16,male,0,2706.1785744,0,26
2734,-9999.0,-9999.0,-9999.0,-9999.0,-9999.0,-9999.0,-9999.0,-9999.0,-9999.0,size,orientation,color,0.26,-16.0,16,male,0,2706.1785744,0,26
2735,-9999.0,-9999.0,-9999.0,-9999.0,-9999.0,-9999.0,-9999.0,-9999.0,-9999.0,size,orientation,color,0.26,-16.0,16,male,0,2706.1785744,0,26
2736,-9999.0,-9999.0,-9999.0,-9999.0,-9999.0,-9999.0,-9999.0,-9999.0,-9999.0,size,orientation,color,0.26,-16.0,16,male,0,2706.1785744,0,26
2737,-9999.0,-9999.0,-9999.0,-9999.0,-9999.0,-9999.0,-9999.0,-9999.0,-9999.0,size,orientation,color,0.26,-16.0,16,male,0,2706.1785744,0,26
2738,-9999.0,-9999.0,-9999.0,-9999.0,-9999.0,-9999.0,-9999.0,-9999.0,-9999.0,size,orientation,color,0.26,-16.0,16,male,0,2706.1785744,0,26
2739,-9999.0,-9999.0,-9999.0,-9999.0,-9999.0,-9999.0,-9999.0,-9999.0,-9999.0,size,orientation,color,0.26,-16.0,16,male,0,2706.1785744,0,26
2740,-9999.0,-9999.0,-9999.0,-9999.0,-9999.0,-9999.0,-9999.0,-9999.0,-9999.0,size,orientation,color,0.26,-16.0,16,male,0,2706.1785744,0,26
2741,-9999.0,-9999.0,-9999.0,-9999.0,-9999.0,-9999.0,-9999.0,-9999.0,-9999.0,size,orientation,color,0.26,-16.0,16,male,0,2706.1785744,0,26
2742,-9999.0,-9999.0,-9999.0,-9999.0,-9999.0,-9999.0,-9999.0,-9999.0,-9999.0,size,orientation,color,0.26,-16.0,16,male,0,2706.1785744,0,26
2743,-9999.0,-9999.0,-9999.0,-9999.0,-9999.0,-9999.0,-9999.0,-9999.0,-9999.0,size,orientation,color,0.26,-16.0,16,male,0,2706.1785744,0,26
2744,-9999.0,-9999.0,-9999.0,-9999.0,-9999.0,-9999.0,-9999.0,-9999.0,-9999.0,size,orientation,color,0.26,-16.0,16,male,0,2706.1785744,0,26
2745,-9999.0,-9999.0,-9999.0,-9999.0,-9999.0,-9999.0,-9999.0,-9999.0,-9999.0,size,orientation,color,0.26,-16.0,16,male,0,2706.1785744,0,26
2746,-9999.0,-9999.0,-9999.0,-9999.0,-9999.0,-9999.0,-9999.0,-9999.0,-9999.0,size,orientation,color,0.26,-16.0,16,male,0,2706.1785744,0,26
2747,-9999.0,-9999.0,-9999.0,-9999.0,-9999.0,-9999.0,-9999.0,-9999.0,-9999.0,size,orientation,color,0.26,-16.0,16,male,0,2706.1785744,0,26
2748,-9999.0,-9999.0,-9999.0,-9999.0,-9999.0,-9999.0,-9999.0,-9999.0,-9999.0,size,orientation,color,0.26,-16.0,16,male,0,2706.1785744,0,26
2749,-9999.0,-9999.0,-9999.0,-9999.0,-9999.0,-9999.0,-9999.0,-9999.0,-9999.0,size,orientation,color,0.26,-16.0,16,male,0,2706.1785744,0,26
2750,-9999.0,-9999.0,-9999.0,-9999.0,-9999.0,-9999.0,-9999.0,-9999.0,-9999.0,size,orientation,color,0.26,-16.0,16,male,0,2706.1785744,0,26
2751,-9999.0,-9999.0,-9999.0,-9999.0,-9999.0,-9999.0,-9999.0,-9999.0,-9999.0,size,orientation,color,0.26,-16.0,16,male,0,2706.1785744,0,26
2752,-9999.0,-9999.0,-9999.0,-9999.0,-9999.0,-9999.0,-9999.0,-9999.0,-9999.0,size,orientation,color,0.26,-16.0,16,male,0,2706.1785744,0,26
2753,-9999.0,-9999.0,-9999.0,-9999.0,-9999.0,-9999.0,-9999.0,-9999.0,-9999.0,size,orientation,color,0.26,-16.0,16,male,0,2706.1785744,0,26
2754,-9999.0,-9999.0,-9999.0,-9999.0,-9999.0,-9999.0,-9999.0,-9999.0,-9999.0,size,orientation,color,0.26,-16.0,16,male,0,2706.1785744,0,26
2755,-9999.0,-9999.0,-9999.0,-9999.0,-9999.0,-9999.0,-9999.0,-9999.0,-9999.0,size,orientation,color,0.26,-16.0,16,male,0,2706.1785744,0,26
2756,-9999.0,-9999.0,-9999.0,-9999.0,-9999.0,-9999.0,-9999.0,-9999.0,-9999.0,size,orientation,color,0.26,-16.0,16,male,0,2706.1785744,0,26
2757,-9999.0,-9999.0,-9999.0,-9999.0,-9999.0,-9999.0,-9999.0,-9999.0,-9999.0,size,orientation,color,0.26,-16.0,16,male,0,2706.1785744,0,26
2758,-9999.0,-9999.0,-9999.0,-9999.0,-9999.0,-9999.0,-9999.0,-9999.0,-9999.0,size,orientation,color,0.26,-16.0,16,male,0,2706.1785744,0,26
2759,-9999.0,-9999.0,-9999.0,-9999.0,-9999.0,-9999.0,-9999.0,-9999.0,-9999.0,size,orientation,color,0.26,-16.0,16,male,0,2706.1785744,0,26
2760,-9999.0,-9999.0,-9999.0,-9999.0,-9999.0,-9999.0,-9999.0,-9999.0,-9999.0,size,orientation,color,0.26,-16.0,16,male,0,2706.1785744,0,26
2761,-9999.0,-9999.0,-9999.0,-9999.0,-9999.0,-9999.0,-9999.0,-9999.0,-9999.0,size,orientation,color,0.26,-16.0,16,male,0,2706.1785744,0,26
2762,-9999.0,-9999.0,-9999.0,-9999.0,-9999.0,-9999.0,-9999.0,-9999.0,-9999.0,size,orientation,color,0.26,-16.0,16,male,0,2706.1785744,0,26
2763,-9999.0,-9999.0,-9999.0,-9999.0,-9999.0,-9999.0,-9999.0,-9999.0,-9999.0,size,orientation,color,0.26,-16.0,16,male,0,2706.1785744,0,26
2764,-9999.0,-9999.0,-9999.0,-9999.0,-9999.0,-9999.0,-9999.0,-9999.0,-9999.0,size,orientation,color,0.26,-16.0,16,male,0,2706.1785744,0,26
2765,-9999.0,-9999.0,-9999.0,-9999.0,-9999.0,-9999.0,-9999.0,-9999.0,-9999.0,size,orientation,color,0.26,-16.0,16,male,0,2706.1785744,0,26
2766,-9999.0,-9999.0,-9999.0,-9999.0,-9999.0,-9999.0,-9999.0,-9999.0,-9999.0,size,orientation,color,0.26,-16.0,16,male,0,2706.1785744,0,26
2767,-9999.0,-9999.0,-9999.0,-9999.0,-9999.0,-9999.0,-9999.0,-9999.0,-9999.0,size,orientation,color,0.26,-16.0,16,male,0,2706.1785744,0,26
2768,-9999.0,-9999.0,-9999.0,-9999.0,-9999.0,-9999.0,-9999.0,-9999.0,-9999.0,size,orientation,color,0.26,-16.0,16,male,0,2706.1785744,0,26
2769,-9999.0,-9999.0,-9999.0,-9999.0,-9999.0,-9999.0,-9999.0,-9999.0,-9999.0,size,orientation,color,0.26,-16.0,16,male,0,2706.1785744,0,26
2770,-9999.0,-9999.0,-9999.0,-9999.0,-9999.0,-9999.0,-9999.0,-9999.0,-9999.0,size,orientation,color,0.26,-16.0,16,male,0,2706.1785744,0,26
2771,-9999.0,-9999.0,-9999.0,-9999.0,-9999.0,-9999.0,-9999.0,-9999.0,-9999.0,size,orientation,color,0.26,-16.0,16,male,0,2706.1785744,0,26
2772,-9999.0,-9999.0,-9999.0,-9999.0,-9999.0,-9999.0,-9999.0,-9999.0,-9999.0,size,orientation,color,0.26,-16.0,16,male,0,2706.1785744,0,26
2773,-9999.0,-9999.0,-9999.0,-9999.0,-9999.0,-9999.0,-9999.0,-9999.0,-9999.0,size,orientation,color,0.26,-16.0,16,male,0,2706.1785744,0,26
2774,-9999.0,-9999.0,-9999.0,-9999.0,-9999.0,-9999.0,-9999.0,-9999.0,-9999.0,size,orientation,color,0.26,-16.0,16,male,0,2706.1785744,0,26
2775,-9999.0,-9999.0,-9999.0,-9999.0,-9999.0,-9999.0,-9999.0,-9999.0,-9999.0,size,orientation,color,0.26,-16.0,16,male,0,2706.1785744,0,26
2776,-9999.0,-9999.0,-9999.0,-9999.0,-9999.0,-9999.0,-9999.0,-9999.0,-9999.0,size,orientation,color,0.26,-16.0,16,male,0,2706.1785744,0,26
2777,-9999.0,-9999.0,-9999.0,-9999.0,-9999.0,-9999.0,-9999.0,-9999.0,-9999.0,size,orientation,color,0.26,-16.0,16,male,0,2706.1785744,0,26
2778,-9999.0,-9999.0,-9999.0,-9999.0,-9999.0,-9999.0,-9999.0,-9999.0,-9999.0,size,orientation,color,0.26,-16.0,16,male,0,2706.1785744,0,26
2779,-9999.0,-9999.0,-9999.0,-9999.0,-9999.0,-9999.0,-9999.0,-9999.0,-9999.0,size,orientation,color,0.26,-16.0,16,male,0,2706.1785744,0,26
2780,-9999.0,-9999.0,-9999.0,-9999.0,-9999.0,-9999.0,-9999.0,-9999.0,-9999.0,size,orientation,color,0.26,-16.0,16,male,0,2706.1785744,0,26
2781,-9999.0,-9999.0,-9999.0,-9999.0,-9999.0,-9999.0,-9999.0,-9999.0,-9999.0,size,orientation,color,0.26,-16.0,16,male,0,2706.1785744,0,26
2782,-9999.0,-9999.0,-9999.0,-9999.0,-9999.0,-9999.0,-9999.0,-9999.0,-9999.0,size,orientation,color,0.26,-16.0,16,male,0,2706.1785744,0,26
2783,-9999.0,-9999.0,-9999.0,-9999.0,-9999.0,-9999.0,-9999.0,-9999.0,-9999.0,size,orientation,color,0.26,-16.0,16,male,0,2706.1785744,0,26
2784,-9999.0,-9999.0,-9999.0,-9999.0,-9999.0,-9999.0,-9999.0,-9999.0,-9999.0,size,orientation,color,0.26,-16.0,16,male,0,2706.1785744,0,26
2785,-9999.0,-9999.0,-9999.0,-9999.0,-9999.0,-9999.0,-9999.0,-9999.0,-9999.0,size,orientation,color,0.26,-16.0,16,male,0,2706.1785744,0,26
2786,-9999.0,-9999.0,-9999.0,-9999.0,-9999.0,-9999.0,-9999.0,-9999.0,-9999.0,size,orientation,color,0.26,-16.0,16,male,0,2706.1785744,0,26
2787,-9999.0,-9999.0,-9999.0,-9999.0,-9999.0,-9999.0,-9999.0,-9999.0,-9999.0,size,orientation,color,0.26,-16.0,16,male,0,2706.1785744,0,26
2788,-9999.0,-9999.0,-9999.0,-9999.0,-9999.0,-9999.0,-9999.0,-9999.0,-9999.0,size,orientation,color,0.26,-16.0,16,male,0,2706.1785744,0,26
2789,-9999.0,-9999.0,-9999.0,-9999.0,-9999.0,-9999.0,-9999.0,-9999.0,-9999.0,size,orientation,color,0.26,-16.0,16,male,0,2706.1785744,0,26
2790,-9999.0,-9999.0,-9999.0,-9999.0,-9999.0,-9999.0,-9999.0,-9999.0,-9999.0,size,orientation,color,0.26,-16.0,16,male,0,2706.1785744,0,26
2791,-9999.0,-9999.0,-9999.0,-9999.0,-9999.0,-9999.0,-9999.0,-9999.0,-9999.0,size,orientation,color,0.26,-16.0,16,male,0,2706.1785744,0,26
2792,-9999.0,-9999.0,-9999.0,-9999.0,-9999.0,-9999.0,-9999.0,-9999.0,-9999.0,size,orientation,color,0.26,-16.0,16,male,0,2706.1785744,0,26
2793,-9999.0,-9999.0,-9999.0,-9999.0,-9999.0,-9999.0,-9999.0,-9999.0,-9999.0,size,orientation,color,0.26,-16.0,16,male,0,2706.1785744,0,26
2794,-9999.0,-9999.0,-9999.0,-9999.0,-9999.0,-9999.0,-9999.0,-9999.0,-9999.0,size,orientation,color,0.26,-16.0,16,male,0,2706.1785744,0,26
2795,-9999.0,-9999.0,-9999.0,-9999.0,-9999.0,-9999.0,-9999.0,-9999.0,-9999.0,size,orientation,color,0.26,-16.0,16,male,0,2706.1785744,0,26
2796,-9999.0,-9999.0,-9999.0,-9999.0,-9999.0,-9999.0,-9999.0,-9999.0,-9999.0,size,orientation,color,0.26,-16.0,16,male,0,2706.1785744,0,26
2797,-9999.0,-9999.0,-9999.0,-9999.0,-9999.0,-9999.0,-9999.0,-9999.0,-9999.0,size,orientation,color,0.26,-16.0,16,male,0,2706.1785744,0,26
2798,-9999.0,-9999.0,-9999.0,-9999.0,-9999.0,-9999.0,-9999.0,-9999.0,-9999.0,size,orientation,color,0.26,-16.0,16,male,0,2706.1785744,0,26
2799,-9999.0,-9999.0,-9999.0,-9999.0,-9999.0,-9999.0,-9999.0,-9999.0,-9999.0,size,orientation,color,0.26,-16.0,16,male,0,2706.1785744,0,26
2800,-9999.0,-9999.0,-9999.0,-9999.0,-9999.0,-9999.0,-9999.0,-9999.0,-9999.0,size,orientation,color,0.26,-16.0,16,male,0,2706.1785744,0,26
2801,-9999.0,-9999.0,-9999.0,-9999.0,-9999.0,-9999.0,-9999.0,-9999.0,-9999.0,size,orientation,color,0.26,-16.0,16,male,0,2706.1785744,0,26
2802,-9999.0,-9999.0,-9999.0,-9999.0,-9999.0,-9999.0,-9999.0,-9999.0,-9999.0,size,orientation,color,0.26,-16.0,16,male,0,2706.1785744,0,26
2803,-9999.0,-9999.0,-9999.0,-9999.0,-9999.0,-9999.0,-9999.0,-9999.0,-9999.0,size,orientation,color,0.26,-16.0,16,male,0,2706.1785744,0,26
2804,-9999.0,-9999.0,-9999.0,-9999.0,-9999.0,-9999.0,-9999.0,-9999.0,-9999.0,size,orientation,color,0.26,-16.0,16,male,0,2706.1785744,0,26
2805,-9999.0,-9999.0,-9999.0,-9999.0,-9999.0,-9999.0,-9999.0,-9999.0,-9999.0,size,orientation,color,0.26,-16.0,16,male,0,2706.1785744,0,26
2806,-9999.0,-9999.0,-9999.0,-9999.0,-9999.0,-9999.0,-9999.0,-9999.0,-9999.0,size,orientation,color,0.26,-16.0,16,male,0,2706.1785744,0,26
2807,-9999.0,-9999.0,-9999.0,-9999.0,-9999.0,-9999.0,-9999.0,-9999.0,-9999.0,size,orientation,color,0.26,-16.0,16,male,0,2706.1785744,0,26
2808,-9999.0,-9999.0,-9999.0,-9999.0,-9999.0,-9999.0,-9999.0,-9999.0,-9999.0,size,orientation,color,0.26,-16.0,16,male,0,2706.1785744,0,26
2809,-9999.0,-9999.0,-9999.0,-9999.0,-9999.0,-9999.0,-9999.0,-9999.0,-9999.0,size,orientation,color,0.26,-16.0,16,male,0,2706.1785744,0,26
2810,-9999.0,-9999.0,-9999.0,-9999.0,-9999.0,-9999.0,-9999.0,-9999.0,-9999.0,size,orientation,color,0.26,-16.0,16,male,0,2706.1785744,0,26
2811,-9999.0,-9999.0,-9999.0,-9999.0,-9999.0,-9999.0,-9999.0,-9999.0,-9999.0,size,orientation,color,0.26,-16.0,16,male,0,2706.1785744,0,26
2812,-9999.0,-9999.0,-9999.0,-9999.0,-9999.0,-9999.0,-9999.0,-9999.0,-9999.0,size,orientation,color,0.26,-16.0,16,male,0,2706.1785744,0,26
2813,-9999.0,-9999.0,-9999.0,-9999.0,-9999.0,-9999.0,-9999.0,-9999.0,-9999.0,size,orientation,color,0.26,-16.0,16,male,0,2706.1785744,0,26
2814,-9999.0,-9999.0,-9999.0,-9999.0,-9999.0,-9999.0,-9999.0,-9999.0,-9999.0,size,orientation,color,0.26,-16.0,16,male,0,2706.1785744,0,26
2815,-9999.0,-9999.0,-9999.0,-9999.0,-9999.0,-9999.0,-9999.0,-9999.0,-9999.0,size,orientation,color,0.26,-16.0,16,male,0,2706.1785744,0,26
2816,-9999.0,-9999.0,-9999.0,-9999.0,-9999.0,-9999.0,-9999.0,-9999.0,-9999.0,size,orientation,color,0.26,-16.0,16,male,0,2706.1785744,0,26
2817,-9999.0,-9999.0,-9999.0,-9999.0,-9999.0,-9999.0,-9999.0,-9999.0,-9999.0,size,orientation,color,0.26,-16.0,16,male,0,2706.1785744,0,26
2818,-9999.0,-9999.0,-9999.0,-9999.0,-9999.0,-9999.0,-9999.0,-9999.0,-9999.0,size,orientation,color,0.26,-16.0,16,male,0,2706.1785744,0,26
2819,-9999.0,-9999.0,-9999.0,-9999.0,-9999.0,-9999.0,-9999.0,-9999.0,-9999.0,size,orientation,color,0.26,-16.0,16,male,0,2706.1785744,0,26
2820,-9999.0,-9999.0,-9999.0,-9999.0,-9999.0,-9999.0,-9999.0,-9999.0,-9999.0,size,orientation,color,0.26,-16.0,16,male,0,2706.1785744,0,26
2821,-9999.0,-9999.0,-9999.0,-9999.0,-9999.0,-9999.0,-9999.0,-9999.0,-9999.0,size,orientation,color,0.26,-16.0,16,male,0,2706.1785744,0,26
2822,-9999.0,-9999.0,-9999.0,-9999.0,-9999.0,-9999.0,-9999.0,-9999.0,-9999.0,size,orientation,color,0.26,-16.0,16,male,0,2706.1785744,0,26
2823,-9999.0,-9999.0,-9999.0,-9999.0,-9999.0,-9999.0,-9999.0,-9999.0,-9999.0,size,orientation,color,0.26,-16.0,16,male,0,2706.1785744,0,26
2824,-9999.0,-9999.0,-9999.0,-9999.0,-9999.0,-9999.0,-9999.0,-9999.0,-9999.0,size,orientation,color,0.26,-16.0,16,male,0,2706.1785744,0,26
2825,-9999.0,-9999.0,-9999.0,-9999.0,-9999.0,-9999.0,-9999.0,-9999.0,-9999.0,size,orientation,color,0.26,-16.0,16,male,0,2706.1785744,0,26
2826,-9999.0,-9999.0,-9999.0,-9999.0,-9999.0,-9999.0,-9999.0,-9999.0,-9999.0,size,orientation,color,0.26,-16.0,16,male,0,2706.1785744,0,26
2827,-9999.0,-9999.0,-9999.0,-9999.0,-9999.0,-9999.0,-9999.0,-9999.0,-9999.0,size,orientation,color,0.26,-16.0,16,male,0,2706.1785744,0,26
2828,-9999.0,-9999.0,-9999.0,-9999.0,-9999.0,-9999.0,-9999.0,-9999.0,-9999.0,size,orientation,color,0.26,-16.0,16,male,0,2706.1785744,0,26
2829,-9999.0,-9999.0,-9999.0,-9999.0,-9999.0,-9999.0,-9999.0,-9999.0,-9999.0,size,orientation,color,0.26,-16.0,16,male,0,2706.1785744,0,26
2830,-9999.0,-9999.0,-9999.0,-9999.0,-9999.0,-9999.0,-9999.0,-9999.0,-9999.0,size,orientation,color,0.26,-16.0,16,male,0,2706.1785744,0,26
2831,-9999.0,-9999.0,-9999.0,-9999.0,-9999.0,-9999.0,-9999.0,-9999.0,-9999.0,size,orientation,color,0.26,-16.0,16,male,0,2706.1785744,0,26
2832,-9999.0,-9999.0,-9999.0,-9999.0,-9999.0,-9999.0,-9999.0,-9999.0,-9999.0,size,orientation,color,0.26,-16.0,16,male,0,2706.1785744,0,26
2833,-9999.0,-9999.0,-9999.0,-9999.0,-9999.0,-9999.0,-9999.0,-9999.0,-9999.0,size,orientation,color,0.26,-16.0,16,male,0,2706.1785744,0,26
2834,-9999.0,-9999.0,-9999.0,-9999.0,-9999.0,-9999.0,-9999.0,-9999.0,-9999.0,size,orientation,color,0.26,-16.0,16,male,0,2706.1785744,0,26
2835,-9999.0,-9999.0,-9999.0,-9999.0,-9999.0,-9999.0,-9999.0,-9999.0,-9999.0,size,orientation,color,0.26,-16.0,16,male,0,2706.1785744,0,26
2836,-9999.0,-9999.0,-9999.0,-9999.0,-9999.0,-9999.0,-9999.0,-9999.0,-9999.0,size,orientation,color,0.26,-16.0,16,male,0,2706.1785744,0,26
2837,-9999.0,-9999.0,-9999.0,-9999.0,-9999.0,-9999.0,-9999.0,-9999.0,-9999.0,size,orientation,color,0.26,-16.0,16,male,0,2706.1785744,0,26
2838,-9999.0,-9999.0,-9999.0,-9999.0,-9999.0,-9999.0,-9999.0,-9999.0,-9999.0,size,orientation,color,0.26,-16.0,16,male,0,2706.1785744,0,26
2839,-9999.0,-9999.0,-9999.0,-9999.0,-9999.0,-9999.0,-9999.0,-9999.0,-9999.0,size,orientation,color,0.26,-16.0,16,male,0,2706.1785744,0,26
2840,-9999.0,-9999.0,-9999.0,-9999.0,-9999.0,-9999.0,-9999.0,-9999.0,-9999.0,size,orientation,color,0.26,-16.0,16,male,0,2706.1785744,0,26
2841,-9999.0,-9999.0,-9999.0,-9999.0,-9999.0,-9999.0,-9999.0,-9999.0,-9999.0,size,orientation,color,0.26,-16.0,16,male,0,2706.1785744,0,26
2842,-9999.0,-9999.0,-9999.0,-9999.0,-9999.0,-9999.0,-9999.0,-9999.0,-9999.0,size,orientation,color,0.26,-16.0,16,male,0,2706.1785744,0,26
2843,-9999.0,-9999.0,-9999.0,-9999.0,-9999.0,-9999.0,-9999.0,-9999.0,-9999.0,size,orientation,color,0.26,-16.0,16,male,0,2706.1785744,0,26
2844,-9999.0,-9999.0,-9999.0,-9999.0,-9999.0,-9999.0,-9999.0,-9999.0,-9999.0,size,orientation,color,0.26,-16.0,16,male,0,2706.1785744,0,26
2845,-9999.0,-9999.0,-9999.0,-9999.0,-9999.0,-9999.0,-9999.0,-9999.0,-9999.0,size,orientation,color,0.26,-16.0,16,male,0,2706.1785744,0,26
2846,-9999.0,-9999.0,-9999.0,-9999.0,-9999.0,-9999.0,-9999.0,-9999.0,-9999.0,size,orientation,color,0.26,-16.0,16,male,0,2706.1785744,0,26
2847,-9999.0,-9999.0,-9999.0,-9999.0,-9999.0,-9999.0,-9999.0,-9999.0,-9999.0,size,orientation,color,0.26,-16.0,16,male,0,2706.1785744,0,26
2848,-9999.0,-9999.0,-9999.0,-9999.0,-9999.0,-9999.0,-9999.0,-9999.0,-9999.0,size,orientation,color,0.26,-16.0,16,male,0,2706.1785744,0,26
2849,-9999.0,-9999.0,-9999.0,-9999.0,-9999.0,-9999.0,-9999.0,-9999.0,-9999.0,size,orientation,color,0.26,-16.0,16,male,0,2706.1785744,0,26
2850,-9999.0,-9999.0,-9999.0,-9999.0,-9999.0,-9999.0,-9999.0,-9999.0,-9999.0,size,orientation,color,0.26,-16.0,16,male,0,2706.1785744,0,26
2851,-9999.0,-9999.0,-9999.0,-9999.0,-9999.0,-9999.0,-9999.0,-9999.0,-9999.0,size,orientation,color,0.26,-16.0,16,male,0,2706.1785744,0,26
2852,-9999.0,-9999.0,-9999.0,-9999.0,-9999.0,-9999.0,-9999.0,-9999.0,-9999.0,size,orientation,color,0.26,-16.0,16,male,0,2706.1785744,0,26
2853,-9999.0,-9999.0,-9999.0,-9999.0,-9999.0,-9999.0,-9999.0,-9999.0,-9999.0,size,orientation,color,0.26,-16.0,16,male,0,2706.1785744,0,26
2854,-9999.0,-9999.0,-9999.0,-9999.0,-9999.0,-9999.0,-9999.0,-9999.0,-9999.0,size,orientation,color,0.26,-16.0,16,male,0,2706.1785744,0,26
2855,-9999.0,-9999.0,-9999.0,-9999.0,-9999.0,-9999.0,-9999.0,-9999.0,-9999.0,size,orientation,color,0.26,-16.0,16,male,0,2706.1785744,0,26
2856,-9999.0,-9999.0,-9999.0,-9999.0,-9999.0,-9999.0,-9999.0,-9999.0,-9999.0,size,orientation,color,0.26,-16.0,16,male,0,2706.1785744,0,26
2857,-9999.0,-9999.0,-9999.0,-9999.0,-9999.0,-9999.0,-9999.0,-9999.0,-9999.0,size,orientation,color,0.26,-16.0,16,male,0,2706.1785744,0,26
2858,-9999.0,-9999.0,-9999.0,-9999.0,-9999.0,-9999.0,-9999.0,-9999.0,-9999.0,size,orientation,color,0.26,-16.0,16,male,0,2706.1785744,0,26
2859,-9999.0,-9999.0,-9999.0,-9999.0,-9999.0,-9999.0,-9999.0,-9999.0,-9999.0,size,orientation,color,0.26,-16.0,16,male,0,2706.1785744,0,26
2860,-9999.0,-9999.0,-9999.0,-9999.0,-9999.0,-9999.0,-9999.0,-9999.0,-9999.0,size,orientation,color,0.26,-16.0,16,male,0,2706.1785744,0,26
2861,-9999.0,-9999.0,-9999.0,-9999.0,-9999.0,-9999.0,-9999.0,-9999.0,-9999.0,size,orientation,color,0.26,-16.0,16,male,0,2706.1785744,0,26
2862,-9999.0,-9999.0,-9999.0,-9999.0,-9999.0,-9999.0,-9999.0,-9999.0,-9999.0,size,orientation,color,0.26,-16.0,16,male,0,2706.1785744,0,26
2863,-9999.0,-9999.0,-9999.0,-9999.0,-9999.0,-9999.0,-9999.0,-9999.0,-9999.0,size,orientation,color,0.26,-16.0,16,male,0,2706.1785744,0,26
2864,-9999.0,-9999.0,-9999.0,-9999.0,-9999.0,-9999.0,-9999.0,-9999.0,-9999.0,size,orientation,color,0.26,-16.0,16,male,0,2706.1785744,0,26
2865,-9999.0,-9999.0,-9999.0,-9999.0,-9999.0,-9999.0,-9999.0,-9999.0,-9999.0,size,orientation,color,0.26,-16.0,16,male,0,2706.1785744,0,26
2866,-9999.0,-9999.0,-9999.0,-9999.0,-9999.0,-9999.0,-9999.0,-9999.0,-9999.0,size,orientation,color,0.26,-16.0,16,male,0,2706.1785744,0,26
2867,-9999.0,-9999.0,-9999.0,-9999.0,-9999.0,-9999.0,-9999.0,-9999.0,-9999.0,size,orientation,color,0.26,-16.0,16,male,0,2706.1785744,0,26
2868,-9999.0,-9999.0,-9999.0,-9999.0,-9999.0,-9999.0,-9999.0,-9999.0,-9999.0,size,orientation,color,0.26,-16.0,16,male,0,2706.1785744,0,26
2869,-9999.0,-9999.0,-9999.0,-9999.0,-9999.0,-9999.0,-9999.0,-9999.0,-9999.0,size,orientation,color,0.26,-16.0,16,male,0,2706.1785744,0,26
2870,-9999.0,-9999.0,-9999.0,-9999.0,-9999.0,-9999.0,-9999.0,-9999.0,-9999.0,size,orientation,color,0.26,-16.0,16,male,0,2706.1785744,0,26
2871,-9999.0,-9999.0,-9999.0,-9999.0,-9999.0,-9999.0,-9999.0,-9999.0,-9999.0,size,orientation,color,0.26,-16.0,16,male,0,2706.1785744,0,26
2872,-9999.0,-9999.0,-9999.0,-9999.0,-9999.0,-9999.0,-9999.0,-9999.0,-9999.0,size,orientation,color,0.26,-16.0,16,male,0,2706.1785744,0,26
2873,-9999.0,-9999.0,-9999.0,-9999.0,-9999.0,-9999.0,-9999.0,-9999.0,-9999.0,size,orientation,color,0.26,-16.0,16,male,0,2706.1785744,0,26
2874,-9999.0,-9999.0,-9999.0,-9999.0,-9999.0,-9999.0,-9999.0,-9999.0,-9999.0,size,orientation,color,0.26,-16.0,16,male,0,2706.1785744,0,26
2875,-9999.0,-9999.0,-9999.0,-9999.0,-9999.0,-9999.0,-9999.0,-9999.0,-9999.0,size,orientation,color,0.26,-16.0,16,male,0,2706.1785744,0,26
2876,-9999.0,-9999.0,-9999.0,-9999.0,-9999.0,-9999.0,-9999.0,-9999.0,-9999.0,size,orientation,color,0.26,-16.0,16,male,0,2706.1785744,0,26
2877,-9999.0,-9999.0,-9999.0,-9999.0,-9999.0,-9999.0,-9999.0,-9999.0,-9999.0,size,orientation,color,0.26,-16.0,16,male,0,2706.1785744,0,26
2878,-9999.0,-9999.0,-9999.0,-9999.0,-9999.0,-9999.0,-9999.0,-9999.0,-9999.0,size,orientation,color,0.26,-16.0,16,male,0,2706.1785744,0,26
2879,-9999.0,-9999.0,-9999.0,-9999.0,-9999.0,-9999.0,-9999.0,-9999.0,-9999.0,size,orientation,color,0.26,-16.0,16,male,0,2706.1785744,0,26
2880,-9999.0,-9999.0,-9999.0,-9999.0,-9999.0,-9999.0,-9999.0,-9999.0,-9999.0,size,orientation,color,0.26,-16.0,16,male,0,2706.1785744,0,26
2881,-9999.0,-9999.0,-9999.0,-9999.0,-9999.0,-9999.0,-9999.0,-9999.0,-9999.0,size,orientation,color,0.26,-16.0,16,male,0,2706.1785744,0,26
2882,-9999.0,-9999.0,-9999.0,-9999.0,-9999.0,-9999.0,-9999.0,-9999.0,-9999.0,size,orientation,color,0.26,-16.0,16,male,0,2706.1785744,0,26
2883,-9999.0,-9999.0,-9999.0,-9999.0,-9999.0,-9999.0,-9999.0,-9999.0,-9999.0,size,orientation,color,0.26,-16.0,16,male,0,2706.1785744,0,26
2884,-9999.0,-9999.0,-9999.0,-9999.0,-9999.0,-9999.0,-9999.0,-9999.0,-9999.0,size,orientation,color,0.26,-16.0,16,male,0,2706.1785744,0,26
2885,-9999.0,-9999.0,-9999.0,-9999.0,-9999.0,-9999.0,-9999.0,-9999.0,-9999.0,size,orientation,color,0.26,-16.0,16,male,0,2706.1785744,0,26
2886,-9999.0,-9999.0,-9999.0,-9999.0,-9999.0,-9999.0,-9999.0,-9999.0,-9999.0,size,orientation,color,0.26,-16.0,16,male,0,2706.1785744,0,26
2887,-9999.0,-9999.0,-9999.0,-9999.0,-9999.0,-9999.0,-9999.0,-9999.0,-9999.0,size,orientation,color,0.26,-16.0,16,male,0,2706.1785744,0,26
2888,-9999.0,-9999.0,-9999.0,-9999.0,-9999.0,-9999.0,-9999.0,-9999.0,-9999.0,size,orientation,color,0.26,-16.0,16,male,0,2706.1785744,0,26
2889,-9999.0,-9999.0,-9999.0,-9999.0,-9999.0,-9999.0,-9999.0,-9999.0,-9999.0,size,orientation,color,0.26,-16.0,16,male,0,2706.1785744,0,26
2890,-9999.0,-9999.0,-9999.0,-9999.0,-9999.0,-9999.0,-9999.0,-9999.0,-9999.0,size,orientation,color,0.26,-16.0,16,male,0,2706.1785744,0,26
2891,-9999.0,-9999.0,-9999.0,-9999.0,-9999.0,-9999.0,-9999.0,-9999.0,-9999.0,size,orientation,color,0.26,-16.0,16,male,0,2706.1785744,0,26
2892,-9999.0,-9999.0,-9999.0,-9999.0,-9999.0,-9999.0,-9999.0,-9999.0,-9999.0,size,orientation,color,0.26,-16.0,16,male,0,2706.1785744,0,26
2893,-9999.0,-9999.0,-9999.0,-9999.0,-9999.0,-9999.0,-9999.0,-9999.0,-9999.0,size,orientation,color,0.26,-16.0,16,male,0,2706.1785744,0,26
2894,-9999.0,-9999.0,-9999.0,-9999.0,-9999.0,-9999.0,-9999.0,-9999.0,-9999.0,size,orientation,color,0.26,-16.0,16,male,0,2706.1785744,0,26
2895,-9999.0,-9999.0,-9999.0,-9999.0,-9999.0,-9999.0,-9999.0,-9999.0,-9999.0,size,orientation,color,0.26,-16.0,16,male,0,2706.1785744,0,26
2896,-9999.0,-9999.0,-9999.0,-9999.0,-9999.0,-9999.0,-9999.0,-9999.0,-9999.0,size,orientation,color,0.26,-16.0,16,male,0,2706.1785744,0,26
2897,-9999.0,-9999.0,-9999.0,-9999.0,-9999.0,-9999.0,-9999.0,-9999.0,-9999.0,size,orientation,color,0.26,-16.0,16,male,0,2706.1785744,0,26
2898,-9999.0,-9999.0,-9999.0,-9999.0,-9999.0,-9999.0,-9999.0,-9999.0,-9999.0,size,orientation,color,0.26,-16.0,16,male,0,2706.1785744,0,26
2899,-9999.0,-9999.0,-9999.0,-9999.0,-9999.0,-9999.0,-9999.0,-9999.0,-9999.0,size,orientation,color,0.26,-16.0,16,male,0,2706.1785744,0,26
2900,-9999.0,-9999.0,-9999.0,-9999.0,-9999.0,-9999.0,-9999.0,-9999.0,-9999.0,size,orientation,color,0.26,-16.0,16,male,0,2706.1785744,0,26
2901,-9999.0,-9999.0,-9999.0,-9999.0,-9999.0,-9999.0,-9999.0,-9999.0,-9999.0,size,orientation,color,0.26,-16.0,16,male,0,2706.1785744,0,26
2902,-9999.0,-9999.0,-9999.0,-9999.0,-9999.0,-9999.0,-9999.0,-9999.0,-9999.0,size,orientation,color,0.26,-16.0,16,male,0,2706.1785744,0,26
2903,-9999.0,-9999.0,-9999.0,-9999.0,-9999.0,-9999.0,-9999.0,-9999.0,-9999.0,size,orientation,color,0.26,-16.0,16,male,0,2706.1785744,0,26
2904,-9999.0,-9999.0,-9999.0,-9999.0,-9999.0,-9999.0,-9999.0,-9999.0,-9999.0,size,orientation,color,0.26,-16.0,16,male,0,2706.1785744,0,26
2905,-9999.0,-9999.0,-9999.0,-9999.0,-9999.0,-9999.0,-9999.0,-9999.0,-9999.0,size,orientation,color,0.26,-16.0,16,male,0,2706.1785744,0,26
2906,-9999.0,-9999.0,-9999.0,-9999.0,-9999.0,-9999.0,-9999.0,-9999.0,-9999.0,size,orientation,color,0.26,-16.0,16,male,0,2706.1785744,0,26
2907,-9999.0,-9999.0,-9999.0,-9999.0,-9999.0,-9999.0,-9999.0,-9999.0,-9999.0,size,orientation,color,0.26,-16.0,16,male,0,2706.1785744,0,26
2908,-9999.0,-9999.0,-9999.0,-9999.0,-9999.0,-9999.0,-9999.0,-9999.0,-9999.0,size,orientation,color,0.26,-16.0,16,male,0,2706.1785744,0,26
2909,-9999.0,-9999.0,-9999.0,-9999.0,-9999.0,-9999.0,-9999.0,-9999.0,-9999.0,size,orientation,color,0.26,-16.0,16,male,0,2706.1785744,0,26
2910,-9999.0,-9999.0,-9999.0,-9999.0,-9999.0,-9999.0,-9999.0,-9999.0,-9999.0,size,orientation,color,0.26,-16.0,16,male,0,2706.1785744,0,26
2911,-9999.0,-9999.0,-9999.0,-9999.0,-9999.0,-9999.0,-9999.0,-9999.0,-9999.0,size,orientation,color,0.26,-16.0,16,male,0,2706.1785744,0,26
2912,-9999.0,-9999.0,-9999.0,-9999.0,-9999.0,-9999.0,-9999.0,-9999.0,-9999.0,size,orientation,color,0.26,-16.0,16,male,0,2706.1785744,0,26
2913,-9999.0,-9999.0,-9999.0,-9999.0,-9999.0,-9999.0,-9999.0,-9999.0,-9999.0,size,orientation,color,0.26,-16.0,16,male,0,2706.1785744,0,26
2914,-9999.0,-9999.0,-9999.0,-9999.0,-9999.0,-9999.0,-9999.0,-9999.0,-9999.0,size,orientation,color,0.26,-16.0,16,male,0,2706.1785744,0,26
2915,-9999.0,-9999.0,-9999.0,-9999.0,-9999.0,-9999.0,-9999.0,-9999.0,-9999.0,size,orientation,color,0.26,-16.0,16,male,0,2706.1785744,0,26
2916,-9999.0,-9999.0,-9999.0,-9999.0,-9999.0,-9999.0,-9999.0,-9999.0,-9999.0,size,orientation,color,0.26,-16.0,16,male,0,2706.1785744,0,26
2917,-9999.0,-9999.0,-9999.0,-9999.0,-9999.0,-9999.0,-9999.0,-9999.0,-9999.0,size,orientation,color,0.26,-16.0,16,male,0,2706.1785744,0,26
2918,-9999.0,-9999.0,-9999.0,-9999.0,-9999.0,-9999.0,-9999.0,-9999.0,-9999.0,size,orientation,color,0.26,-16.0,16,male,0,2706.1785744,0,26
2919,-9999.0,-9999.0,-9999.0,-9999.0,-9999.0,-9999.0,-9999.0,-9999.0,-9999.0,size,orientation,color,0.26,-16.0,16,male,0,2706.1785744,0,26
2920,-9999.0,-9999.0,-9999.0,-9999.0,-9999.0,-9999.0,-9999.0,-9999.0,-9999.0,size,orientation,color,0.26,-16.0,16,male,0,2706.1785744,0,26
2921,-9999.0,-9999.0,-9999.0,-9999.0,-9999.0,-9999.0,-9999.0,-9999.0,-9999.0,size,orientation,color,0.26,-16.0,16,male,0,2706.1785744,0,26
2922,-9999.0,-9999.0,-9999.0,-9999.0,-9999.0,-9999.0,-9999.0,-9999.0,-9999.0,size,orientation,color,0.26,-16.0,16,male,0,2706.1785744,0,26
2923,-9999.0,-9999.0,-9999.0,-9999.0,-9999.0,-9999.0,-9999.0,-9999.0,-9999.0,size,orientation,color,0.26,-16.0,16,male,0,2706.1785744,0,26
2924,-9999.0,-9999.0,-9999.0,-9999.0,-9999.0,-9999.0,-9999.0,-9999.0,-9999.0,size,orientation,color,0.26,-16.0,16,male,0,2706.1785744,0,26
2925,-9999.0,-9999.0,-9999.0,-9999.0,-9999.0,-9999.0,-9999.0,-9999.0,-9999.0,size,orientation,color,0.26,-16.0,16,male,0,2706.1785744,0,26
2926,-9999.0,-9999.0,-9999.0,-9999.0,-9999.0,-9999.0,-9999.0,-9999.0,-9999.0,size,orientation,color,0.26,-16.0,16,male,0,2706.1785744,0,26
2927,-9999.0,-9999.0,-9999.0,-9999.0,-9999.0,-9999.0,-9999.0,-9999.0,-9999.0,size,orientation,color,0.26,-16.0,16,male,0,2706.1785744,0,26
2928,-9999.0,-9999.0,-9999.0,-9999.0,-9999.0,-9999.0,-9999.0,-9999.0,-9999.0,size,orientation,color,0.26,-16.0,16,male,0,2706.1785744,0,26
2929,-9999.0,-9999.0,-9999.0,-9999.0,-9999.0,-9999.0,-9999.0,-9999.0,-9999.0,size,orientation,color,0.26,-16.0,16,male,0,2706.1785744,0,26
2930,-9999.0,-9999.0,-9999.0,-9999.0,-9999.0,-9999.0,-9999.0,-9999.0,-9999.0,size,orientation,color,0.26,-16.0,16,male,0,2706.1785744,0,26
2931,-9999.0,-9999.0,-9999.0,-9999.0,-9999.0,-9999.0,-9999.0,-9999.0,-9999.0,size,orientation,color,0.26,-16.0,16,male,0,2706.1785744,0,26
2932,-9999.0,-9999.0,-9999.0,-9999.0,-9999.0,-9999.0,-9999.0,-9999.0,-9999.0,size,orientation,color,0.26,-16.0,16,male,0,2706.1785744,0,26
2933,-9999.0,-9999.0,-9999.0,-9999.0,-9999.0,-9999.0,-9999.0,-9999.0,-9999.0,size,orientation,color,0.26,-16.0,16,male,0,2706.1785744,0,26
2934,-9999.0,-9999.0,-9999.0,-9999.0,-9999.0,-9999.0,-9999.0,-9999.0,-9999.0,size,orientation,color,0.26,-16.0,16,male,0,2706.1785744,0,26
2935,-9999.0,-9999.0,-9999.0,-9999.0,-9999.0,-9999.0,-9999.0,-9999.0,-9999.0,size,orientation,color,0.26,-16.0,16,male,0,2706.1785744,0,26
2936,-9999.0,-9999.0,-9999.0,-9999.0,-9999.0,-9999.0,-9999.0,-9999.0,-9999.0,size,orientation,color,0.26,-16.0,16,male,0,2706.1785744,0,26
2937,-9999.0,-9999.0,-9999.0,-9999.0,-9999.0,-9999.0,-9999.0,-9999.0,-9999.0,size,orientation,color,0.26,-16.0,16,male,0,2706.1785744,0,26
2938,-9999.0,-9999.0,-9999.0,-9999.0,-9999.0,-9999.0,-9999.0,-9999.0,-9999.0,size,orientation,color,0.26,-16.0,16,male,0,2706.1785744,0,26
2939,-9999.0,-9999.0,-9999.0,-9999.0,-9999.0,-9999.0,-9999.0,-9999.0,-9999.0,size,orientation,color,0.26,-16.0,16,male,0,2706.1785744,0,26
2940,-9999.0,-9999.0,-9999.0,-9999.0,-9999.0,-9999.0,-9999.0,-9999.0,-9999.0,size,orientation,color,0.26,-16.0,16,male,0,2706.1785744,0,26
2941,-9999.0,-9999.0,-9999.0,-9999.0,-9999.0,-9999.0,-9999.0,-9999.0,-9999.0,size,orientation,color,0.26,-16.0,16,male,0,2706.1785744,0,26
2942,-9999.0,-9999.0,-9999.0,-9999.0,-9999.0,-9999.0,-9999.0,-9999.0,-9999.0,size,orientation,color,0.26,-16.0,16,male,0,2706.1785744,0,26
2943,-9999.0,-9999.0,-9999.0,-9999.0,-9999.0,-9999.0,-9999.0,-9999.0,-9999.0,size,orientation,color,0.26,-16.0,16,male,0,2706.1785744,0,26
2944,-9999.0,-9999.0,-9999.0,-9999.0,-9999.0,-9999.0,-9999.0,-9999.0,-9999.0,size,orientation,color,0.26,-16.0,16,male,0,2706.1785744,0,26
2945,-9999.0,-9999.0,-9999.0,-9999.0,-9999.0,-9999.0,-9999.0,-9999.0,-9999.0,size,orientation,color,0.26,-16.0,16,male,0,2706.1785744,0,26
2946,-9999.0,-9999.0,-9999.0,-9999.0,-9999.0,-9999.0,-9999.0,-9999.0,-9999.0,size,orientation,color,0.26,-16.0,16,male,0,2706.1785744,0,26
2947,-9999.0,-9999.0,-9999.0,-9999.0,-9999.0,-9999.0,-9999.0,-9999.0,-9999.0,size,orientation,color,0.26,-16.0,16,male,0,2706.1785744,0,26
2948,-9999.0,-9999.0,-9999.0,-9999.0,-9999.0,-9999.0,-9999.0,-9999.0,-9999.0,size,orientation,color,0.26,-16.0,16,male,0,2706.1785744,0,26
2949,-9999.0,-9999.0,-9999.0,-9999.0,-9999.0,-9999.0,-9999.0,-9999.0,-9999.0,size,orientation,color,0.26,-16.0,16,male,0,2706.1785744,0,26
2950,-9999.0,-9999.0,-9999.0,-9999.0,-9999.0,-9999.0,-9999.0,-9999.0,-9999.0,size,orientation,color,0.26,-16.0,16,male,0,2706.1785744,0,26
2951,-9999.0,-9999.0,-9999.0,-9999.0,-9999.0,-9999.0,-9999.0,-9999.0,-9999.0,size,orientation,color,0.26,-16.0,16,male,0,2706.1785744,0,26
2952,-9999.0,-9999.0,-9999.0,-9999.0,-9999.0,-9999.0,-9999.0,-9999.0,-9999.0,size,orientation,color,0.26,-16.0,16,male,0,2706.1785744,0,26
2953,-9999.0,-9999.0,-9999.0,-9999.0,-9999.0,-9999.0,-9999.0,-9999.0,-9999.0,size,orientation,color,0.26,-16.0,16,male,0,2706.1785744,0,26
2954,-9999.0,-9999.0,-9999.0,-9999.0,-9999.0,-9999.0,-9999.0,-9999.0,-9999.0,size,orientation,color,0.26,-16.0,16,male,0,2706.1785744,0,26
2955,-9999.0,-9999.0,-9999.0,-9999.0,-9999.0,-9999.0,-9999.0,-9999.0,-9999.0,size,orientation,color,0.26,-16.0,16,male,0,2706.1785744,0,26
2956,-9999.0,-9999.0,-9999.0,-9999.0,-9999.0,-9999.0,-9999.0,-9999.0,-9999.0,size,orientation,color,0.26,-16.0,16,male,0,2706.1785744,0,26
2957,-9999.0,-9999.0,-9999.0,-9999.0,-9999.0,-9999.0,-9999.0,-9999.0,-9999.0,size,orientation,color,0.26,-16.0,16,male,0,2706.1785744,0,26
2958,-9999.0,-9999.0,-9999.0,-9999.0,-9999.0,-9999.0,-9999.0,-9999.0,-9999.0,size,orientation,color,0.26,-16.0,16,male,0,2706.1785744,0,26
2959,-9999.0,-9999.0,-9999.0,-9999.0,-9999.0,-9999.0,-9999.0,-9999.0,-9999.0,size,orientation,color,0.26,-16.0,16,male,0,2706.1785744,0,26
2960,-9999.0,-9999.0,-9999.0,-9999.0,-9999.0,-9999.0,-9999.0,-9999.0,-9999.0,size,orientation,color,0.26,-16.0,16,male,0,2706.1785744,0,26
2961,-9999.0,-9999.0,-9999.0,-9999.0,-9999.0,-9999.0,-9999.0,-9999.0,-9999.0,size,orientation,color,0.26,-16.0,16,male,0,2706.1785744,0,26
2962,-9999.0,-9999.0,-9999.0,-9999.0,-9999.0,-9999.0,-9999.0,-9999.0,-9999.0,size,orientation,color,0.26,-16.0,16,male,0,2706.1785744,0,26
2963,-9999.0,-9999.0,-9999.0,-9999.0,-9999.0,-9999.0,-9999.0,-9999.0,-9999.0,size,orientation,color,0.26,-16.0,16,male,0,2706.1785744,0,26
2964,-9999.0,-9999.0,-9999.0,-9999.0,-9999.0,-9999.0,-9999.0,-9999.0,-9999.0,size,orientation,color,0.26,-16.0,16,male,0,2706.1785744,0,26
2965,-9999.0,-9999.0,-9999.0,-9999.0,-9999.0,-9999.0,-9999.0,-9999.0,-9999.0,size,orientation,color,0.26,-16.0,16,male,0,2706.1785744,0,26
2966,-9999.0,-9999.0,-9999.0,-9999.0,-9999.0,-9999.0,-9999.0,-9999.0,-9999.0,size,orientation,color,0.26,-16.0,16,male,0,2706.1785744,0,26
2967,-9999.0,-9999.0,-9999.0,-9999.0,-9999.0,-9999.0,-9999.0,-9999.0,-9999.0,size,orientation,color,0.26,-16.0,16,male,0,2706.1785744,0,26
2968,-9999.0,-9999.0,-9999.0,-9999.0,-9999.0,-9999.0,-9999.0,-9999.0,-9999.0,size,orientation,color,0.26,-16.0,16,male,0,2706.1785744,0,26
2969,-9999.0,-9999.0,-9999.0,-9999.0,-9999.0,-9999.0,-9999.0,-9999.0,-9999.0,size,orientation,color,0.26,-16.0,16,male,0,2706.1785744,0,26
2970,-9999.0,-9999.0,-9999.0,-9999.0,-9999.0,-9999.0,-9999.0,-9999.0,-9999.0,size,orientation,color,0.26,-16.0,16,male,0,2706.1785744,0,26
2971,-9999.0,-9999.0,-9999.0,-9999.0,-9999.0,-9999.0,-9999.0,-9999.0,-9999.0,size,orientation,color,0.26,-16.0,16,male,0,2706.1785744,0,26
2972,-9999.0,-9999.0,-9999.0,-9999.0,-9999.0,-9999.0,-9999.0,-9999.0,-9999.0,size,orientation,color,0.26,-16.0,16,male,0,2706.1785744,0,26
2973,-9999.0,-9999.0,-9999.0,-9999.0,-9999.0,-9999.0,-9999.0,-9999.0,-9999.0,size,orientation,color,0.26,-16.0,16,male,0,2706.1785744,0,26
2974,-9999.0,-9999.0,-9999.0,-9999.0,-9999.0,-9999.0,-9999.0,-9999.0,-9999.0,size,orientation,color,0.26,-16.0,16,male,0,2706.1785744,0,26
2975,-9999.0,-9999.0,-9999.0,-9999.0,-9999.0,-9999.0,-9999.0,-9999.0,-9999.0,size,orientation,color,0.26,-16.0,16,male,0,2706.1785744,0,26
2976,-9999.0,-9999.0,-9999.0,-9999.0,-9999.0,-9999.0,-9999.0,-9999.0,-9999.0,size,orientation,color,0.26,-16.0,16,male,0,2706.1785744,0,26
2977,-9999.0,-9999.0,-9999.0,-9999.0,-9999.0,-9999.0,-9999.0,-9999.0,-9999.0,size,orientation,color,0.26,-16.0,16,male,0,2706.1785744,0,26
2978,-9999.0,-9999.0,-9999.0,-9999.0,-9999.0,-9999.0,-9999.0,-9999.0,-9999.0,size,orientation,color,0.26,-16.0,16,male,0,2706.1785744,0,26
2979,-9999.0,-9999.0,-9999.0,-9999.0,-9999.0,-9999.0,-9999.0,-9999.0,-9999.0,size,orientation,color,0.26,-16.0,16,male,0,2706.1785744,0,26
2980,-9999.0,-9999.0,-9999.0,-9999.0,-9999.0,-9999.0,-9999.0,-9999.0,-9999.0,size,orientation,color,0.26,-16.0,16,male,0,2706.1785744,0,26
2981,-9999.0,-9999.0,-9999.0,-9999.0,-9999.0,-9999.0,-9999.0,-9999.0,-9999.0,size,orientation,color,0.26,-16.0,16,male,0,2706.1785744,0,26
2982,-9999.0,-9999.0,-9999.0,-9999.0,-9999.0,-9999.0,-9999.0,-9999.0,-9999.0,size,orientation,color,0.26,-16.0,16,male,0,2706.1785744,0,26
2983,-9999.0,-9999.0,-9999.0,-9999.0,-9999.0,-9999.0,-9999.0,-9999.0,-9999.0,size,orientation,color,0.26,-16.0,16,male,0,2706.1785744,0,26
2984,-9999.0,-9999.0,-9999.0,-9999.0,-9999.0,-9999.0,-9999.0,-9999.0,-9999.0,size,orientation,color,0.26,-16.0,16,male,0,2706.1785744,0,26
2985,-9999.0,-9999.0,-9999.0,-9999.0,-9999.0,-9999.0,-9999.0,-9999.0,-9999.0,size,orientation,color,0.26,-16.0,16,male,0,2706.1785744,0,26
2986,-9999.0,-9999.0,-9999.0,-9999.0,-9999.0,-9999.0,-9999.0,-9999.0,-9999.0,size,orientation,color,0.26,-16.0,16,male,0,2706.1785744,0,26
2987,-9999.0,-9999.0,-9999.0,-9999.0,-9999.0,-9999.0,-9999.0,-9999.0,-9999.0,size,orientation,color,0.26,-16.0,16,male,0,2706.1785744,0,26
2988,-9999.0,-9999.0,-9999.0,-9999.0,-9999.0,-9999.0,-9999.0,-9999.0,-9999.0,size,orientation,color,0.26,-16.0,16,male,0,2706.1785744,0,26
2989,-9999.0,-9999.0,-9999.0,-9999.0,-9999.0,-9999.0,-9999.0,-9999.0,-9999.0,size,orientation,color,0.26,-16.0,16,male,0,2706.1785744,0,26
2990,-9999.0,-9999.0,-9999.0,-9999.0,-9999.0,-9999.0,-9999.0,-9999.0,-9999.0,size,orientation,color,0.26,-16.0,16,male,0,2706.1785744,0,26
2991,-9999.0,-9999.0,-9999.0,-9999.0,-9999.0,-9999.0,-9999.0,-9999.0,-9999.0,size,orientation,color,0.26,-16.0,16,male,0,2706.1785744,0,26
2992,-9999.0,-9999.0,-9999.0,-9999.0,-9999.0,-9999.0,-9999.0,-9999.0,-9999.0,size,orientation,color,0.26,-16.0,16,male,0,2706.1785744,0,26
2993,-9999.0,-9999.0,-9999.0,-9999.0,-9999.0,-9999.0,-9999.0,-9999.0,-9999.0,size,orientation,color,0.26,-16.0,16,male,0,2706.1785744,0,26
2994,-9999.0,-9999.0,-9999.0,-9999.0,-9999.0,-9999.0,-9999.0,-9999.0,-9999.0,size,orientation,color,0.26,-16.0,16,male,0,2706.1785744,0,26
2995,-9999.0,-9999.0,-9999.0,-9999.0,-9999.0,-9999.0,-9999.0,-9999.0,-9999.0,size,orientation,color,0.26,-16.0,16,male,0,2706.1785744,0,26
2996,-9999.0,-9999.0,-9999.0,-9999.0,-9999.0,-9999.0,-9999.0,-9999.0,-9999.0,size,orientation,color,0.26,-16.0,16,male,0,2706.1785744,0,26
2997,-9999.0,-9999.0,-9999.0,-9999.0,-9999.0,-9999.0,-9999.0,-9999.0,-9999.0,size,orientation,color,0.26,-16.0,16,male,0,2706.1785744,0,26
2998,-9999.0,-9999.0,-9999.0,-9999.0,-9999.0,-9999.0,-9999.0,-9999.0,-9999.0,size,orientation,color,0.26,-16.0,16,male,0,2706.1785744,0,26
2999,-9999.0,-9999.0,-9999.0,-9999.0,-9999.0,-9999.0,-9999.0,-9999.0,-9999.0,size,orientation,color,0.26,-16.0,16,male,0,2706.1785744,0,26
3000,-9999.0,-9999.0,-9999.0,-9999.0,-9999.0,-9999.0,-9999.0,-9999.0,-9999.0,size,orientation,color,0.26,-16.0,16,male,0,2706.1785744,0,26
3001,-9999.0,-9999.0,-9999.0,-9999.0,-9999.0,-9999.0,-9999.0,-9999.0,-9999.0,size,orientation,color,0.26,-16.0,16,male,0,2706.1785744,0,26
3002,-9999.0,-9999.0,-9999.0,-9999.0,-9999.0,-9999.0,-9999.0,-9999.0,-9999.0,size,orientation,color,0.26,-16.0,16,male,0,2706.1785744,0,26
3003,-9999.0,-9999.0,-9999.0,-9999.0,-9999.0,-9999.0,-9999.0,-9999.0,-9999.0,size,orientation,color,0.26,-16.0,16,male,0,2706.1785744,0,26
3004,-9999.0,-9999.0,-9999.0,-9999.0,-9999.0,-9999.0,-9999.0,-9999.0,-9999.0,size,orientation,color,0.26,-16.0,16,male,0,2706.1785744,0,26
3005,-9999.0,-9999.0,-9999.0,-9999.0,-9999.0,-9999.0,-9999.0,-9999.0,-9999.0,size,orientation,color,0.26,-16.0,16,male,0,2706.1785744,0,26
3006,-9999.0,-9999.0,-9999.0,-9999.0,-9999.0,-9999.0,-9999.0,-9999.0,-9999.0,size,orientation,color,0.26,-16.0,16,male,0,2706.1785744,0,26
3007,-9999.0,-9999.0,-9999.0,-9999.0,-9999.0,-9999.0,-9999.0,-9999.0,-9999.0,size,orientation,color,0.26,-16.0,16,male,0,2706.1785744,0,26
3008,-9999.0,-9999.0,-9999.0,-9999.0,-9999.0,-9999.0,-9999.0,-9999.0,-9999.0,size,orientation,color,0.26,-16.0,16,male,0,2706.1785744,0,26
3009,-9999.0,-9999.0,-9999.0,-9999.0,-9999.0,-9999.0,-9999.0,-9999.0,-9999.0,size,orientation,color,0.26,-16.0,16,male,0,2706.1785744,0,26
3010,-9999.0,-9999.0,-9999.0,-9999.0,-9999.0,-9999.0,-9999.0,-9999.0,-9999.0,size,orientation,color,0.26,-16.0,16,male,0,2706.1785744,0,26
3011,-9999.0,-9999.0,-9999.0,-9999.0,-9999.0,-9999.0,-9999.0,-9999.0,-9999.0,size,orientation,color,0.26,-16.0,16,male,0,2706.1785744,0,26
3012,-9999.0,-9999.0,-9999.0,-9999.0,-9999.0,-9999.0,-9999.0,-9999.0,-9999.0,size,orientation,color,0.26,-16.0,16,male,0,2706.1785744,0,26
3013,-9999.0,-9999.0,-9999.0,-9999.0,-9999.0,-9999.0,-9999.0,-9999.0,-9999.0,size,orientation,color,0.26,-16.0,16,male,0,2706.1785744,0,26
3014,-9999.0,-9999.0,-9999.0,-9999.0,-9999.0,-9999.0,-9999.0,-9999.0,-9999.0,size,orientation,color,0.26,-16.0,16,male,0,2706.1785744,0,26
3015,-9999.0,-9999.0,-9999.0,-9999.0,-9999.0,-9999.0,-9999.0,-9999.0,-9999.0,size,orientation,color,0.26,-16.0,16,male,0,2706.1785744,0,26
3016,-9999.0,-9999.0,-9999.0,-9999.0,-9999.0,-9999.0,-9999.0,-9999.0,-9999.0,size,orientation,color,0.26,-16.0,16,male,0,2706.1785744,0,26
3017,-9999.0,-9999.0,-9999.0,-9999.0,-9999.0,-9999.0,-9999.0,-9999.0,-9999.0,size,orientation,color,0.26,-16.0,16,male,0,2706.1785744,0,26
3018,-9999.0,-9999.0,-9999.0,-9999.0,-9999.0,-9999.0,-9999.0,-9999.0,-9999.0,size,orientation,color,0.26,-16.0,16,male,0,2706.1785744,0,26
3019,-9999.0,-9999.0,-9999.0,-9999.0,-9999.0,-9999.0,-9999.0,-9999.0,-9999.0,size,orientation,color,0.26,-16.0,16,male,0,2706.1785744,0,26
3020,-9999.0,-9999.0,-9999.0,-9999.0,-9999.0,-9999.0,-9999.0,-9999.0,-9999.0,size,orientation,color,0.26,-16.0,16,male,0,2706.1785744,0,26
3021,-9999.0,-9999.0,-9999.0,-9999.0,-9999.0,-9999.0,-9999.0,-9999.0,-9999.0,size,orientation,color,0.26,-16.0,16,male,0,2706.1785744,0,26
3022,-9999.0,-9999.0,-9999.0,-9999.0,-9999.0,-9999.0,-9999.0,-9999.0,-9999.0,size,orientation,color,0.26,-16.0,16,male,0,2706.1785744,0,26
3023,-9999.0,-9999.0,-9999.0,-9999.0,-9999.0,-9999.0,-9999.0,-9999.0,-9999.0,size,orientation,color,0.26,-16.0,16,male,0,2706.1785744,0,26
3024,-9999.0,-9999.0,-9999.0,-9999.0,-9999.0,-9999.0,-9999.0,-9999.0,-9999.0,size,orientation,color,0.26,-16.0,16,male,0,2706.1785744,0,26
3025,-9999.0,-9999.0,-9999.0,-9999.0,-9999.0,-9999.0,-9999.0,-9999.0,-9999.0,size,orientation,color,0.26,-16.0,16,male,0,2706.1785744,0,26
3026,-9999.0,-9999.0,-9999.0,-9999.0,-9999.0,-9999.0,-9999.0,-9999.0,-9999.0,size,orientation,color,0.26,-16.0,16,male,0,2706.1785744,0,26
3027,-9999.0,-9999.0,-9999.0,-9999.0,-9999.0,-9999.0,-9999.0,-9999.0,-9999.0,size,orientation,color,0.26,-16.0,16,male,0,2706.1785744,0,26
3028,-9999.0,-9999.0,-9999.0,-9999.0,-9999.0,-9999.0,-9999.0,-9999.0,-9999.0,size,orientation,color,0.26,-16.0,16,male,0,2706.1785744,0,26
3029,-9999.0,-9999.0,-9999.0,-9999.0,-9999.0,-9999.0,-9999.0,-9999.0,-9999.0,size,orientation,color,0.26,-16.0,16,male,0,2706.1785744,0,26
3030,-9999.0,-9999.0,-9999.0,-9999.0,-9999.0,-9999.0,-9999.0,-9999.0,-9999.0,size,orientation,color,0.26,-16.0,16,male,0,2706.1785744,0,26
3031,-9999.0,-9999.0,-9999.0,-9999.0,-9999.0,-9999.0,-9999.0,-9999.0,-9999.0,size,orientation,color,0.26,-16.0,16,male,0,2706.1785744,0,26
3032,-9999.0,-9999.0,-9999.0,-9999.0,-9999.0,-9999.0,-9999.0,-9999.0,-9999.0,size,orientation,color,0.26,-16.0,16,male,0,2706.1785744,0,26
3033,-9999.0,-9999.0,-9999.0,-9999.0,-9999.0,-9999.0,-9999.0,-9999.0,-9999.0,size,orientation,color,0.26,-16.0,16,male,0,2706.1785744,0,26
3034,-9999.0,-9999.0,-9999.0,-9999.0,-9999.0,-9999.0,-9999.0,-9999.0,-9999.0,size,orientation,color,0.26,-16.0,16,male,0,2706.1785744,0,26
3035,-9999.0,-9999.0,-9999.0,-9999.0,-9999.0,-9999.0,-9999.0,-9999.0,-9999.0,size,orientation,color,0.26,-16.0,16,male,0,2706.1785744,0,26
3036,-9999.0,-9999.0,-9999.0,-9999.0,-9999.0,-9999.0,-9999.0,-9999.0,-9999.0,size,orientation,color,0.26,-16.0,16,male,0,2706.1785744,0,26
3037,-9999.0,-9999.0,-9999.0,-9999.0,-9999.0,-9999.0,-9999.0,-9999.0,-9999.0,size,orientation,color,0.26,-16.0,16,male,0,2706.1785744,0,26
3038,-9999.0,-9999.0,-9999.0,-9999.0,-9999.0,-9999.0,-9999.0,-9999.0,-9999.0,size,orientation,color,0.26,-16.0,16,male,0,2706.1785744,0,26
3039,-9999.0,-9999.0,-9999.0,-9999.0,-9999.0,-9999.0,-9999.0,-9999.0,-9999.0,size,orientation,color,0.26,-16.0,16,male,0,2706.1785744,0,26
3040,-9999.0,-9999.0,-9999.0,-9999.0,-9999.0,-9999.0,-9999.0,-9999.0,-9999.0,size,orientation,color,0.26,-16.0,16,male,0,2706.1785744,0,26
3041,-9999.0,-9999.0,-9999.0,-9999.0,-9999.0,-9999.0,-9999.0,-9999.0,-9999.0,size,orientation,color,0.26,-16.0,16,male,0,2706.1785744,0,26
3042,-9999.0,-9999.0,-9999.0,-9999.0,-9999.0,-9999.0,-9999.0,-9999.0,-9999.0,size,orientation,color,0.26,-16.0,16,male,0,2706.1785744,0,26
3043,-9999.0,-9999.0,-9999.0,-9999.0,-9999.0,-9999.0,-9999.0,-9999.0,-9999.0,size,orientation,color,0.26,-16.0,16,male,0,2706.1785744,0,26
3044,-9999.0,-9999.0,-9999.0,-9999.0,-9999.0,-9999.0,-9999.0,-9999.0,-9999.0,size,orientation,color,0.26,-16.0,16,male,0,2706.1785744,0,26
3045,-9999.0,-9999.0,-9999.0,-9999.0,-9999.0,-9999.0,-9999.0,-9999.0,-9999.0,size,orientation,color,0.26,-16.0,16,male,0,2706.1785744,0,26
3046,-9999.0,-9999.0,-9999.0,-9999.0,-9999.0,-9999.0,-9999.0,-9999.0,-9999.0,size,orientation,color,0.26,-16.0,16,male,0,2706.1785744,0,26
3047,-9999.0,-9999.0,-9999.0,-9999.0,-9999.0,-9999.0,-9999.0,-9999.0,-9999.0,size,orientation,color,0.26,-16.0,16,male,0,2706.1785744,0,26
3048,-9999.0,-9999.0,-9999.0,-9999.0,-9999.0,-9999.0,-9999.0,-9999.0,-9999.0,size,orientation,color,0.26,-16.0,16,male,0,2706.1785744,0,26
3049,-9999.0,-9999.0,-9999.0,-9999.0,-9999.0,-9999.0,-9999.0,-9999.0,-9999.0,size,orientation,color,0.26,-16.0,16,male,0,2706.1785744,0,26
3050,-9999.0,-9999.0,-9999.0,-9999.0,-9999.0,-9999.0,-9999.0,-9999.0,-9999.0,size,orientation,color,0.26,-16.0,16,male,0,2706.1785744,0,26
3051,-9999.0,-9999.0,-9999.0,-9999.0,-9999.0,-9999.0,-9999.0,-9999.0,-9999.0,size,orientation,color,0.26,-16.0,16,male,0,2706.1785744,0,26
3052,-9999.0,-9999.0,-9999.0,-9999.0,-9999.0,-9999.0,-9999.0,-9999.0,-9999.0,size,orientation,color,0.26,-16.0,16,male,0,2706.1785744,0,26
3053,-9999.0,-9999.0,-9999.0,-9999.0,-9999.0,-9999.0,-9999.0,-9999.0,-9999.0,size,orientation,color,0.26,-16.0,16,male,0,2706.1785744,0,26
3054,-9999.0,-9999.0,-9999.0,-9999.0,-9999.0,-9999.0,-9999.0,-9999.0,-9999.0,size,orientation,color,0.26,-16.0,16,male,0,2706.1785744,0,26
3055,-9999.0,-9999.0,-9999.0,-9999.0,-9999.0,-9999.0,-9999.0,-9999.0,-9999.0,size,orientation,color,0.26,-16.0,16,male,0,2706.1785744,0,26
3056,-9999.0,-9999.0,-9999.0,-9999.0,-9999.0,-9999.0,-9999.0,-9999.0,-9999.0,size,orientation,color,0.26,-16.0,16,male,0,2706.1785744,0,26
3057,-9999.0,-9999.0,-9999.0,-9999.0,-9999.0,-9999.0,-9999.0,-9999.0,-9999.0,size,orientation,color,0.26,-16.0,16,male,0,2706.1785744,0,26
3058,-9999.0,-9999.0,-9999.0,-9999.0,-9999.0,-9999.0,-9999.0,-9999.0,-9999.0,size,orientation,color,0.26,-16.0,16,male,0,2706.1785744,0,26
3059,-9999.0,-9999.0,-9999.0,-9999.0,-9999.0,-9999.0,-9999.0,-9999.0,-9999.0,size,orientation,color,0.26,-16.0,16,male,0,2706.1785744,0,26
3060,-9999.0,-9999.0,-9999.0,-9999.0,-9999.0,-9999.0,-9999.0,-9999.0,-9999.0,size,orientation,color,0.26,-16.0,16,male,0,2706.1785744,0,26
3061,-9999.0,-9999.0,-9999.0,-9999.0,-9999.0,-9999.0,-9999.0,-9999.0,-9999.0,size,orientation,color,0.26,-16.0,16,male,0,2706.1785744,0,26
3062,-9999.0,-9999.0,-9999.0,-9999.0,-9999.0,-9999.0,-9999.0,-9999.0,-9999.0,size,orientation,color,0.26,-16.0,16,male,0,2706.1785744,0,26
3063,-9999.0,-9999.0,-9999.0,-9999.0,-9999.0,-9999.0,-9999.0,-9999.0,-9999.0,size,orientation,color,0.26,-16.0,16,male,0,2706.1785744,0,26
3064,-9999.0,-9999.0,-9999.0,-9999.0,-9999.0,-9999.0,-9999.0,-9999.0,-9999.0,size,orientation,color,0.26,-16.0,16,male,0,2706.1785744,0,26
3065,-9999.0,-9999.0,-9999.0,-9999.0,-9999.0,-9999.0,-9999.0,-9999.0,-9999.0,size,orientation,color,0.26,-16.0,16,male,0,2706.1785744,0,26
3066,-9999.0,-9999.0,-9999.0,-9999.0,-9999.0,-9999.0,-9999.0,-9999.0,-9999.0,size,orientation,color,0.26,-16.0,16,male,0,2706.1785744,0,26
3067,-9999.0,-9999.0,-9999.0,-9999.0,-9999.0,-9999.0,-9999.0,-9999.0,-9999.0,size,orientation,color,0.26,-16.0,16,male,0,2706.1785744,0,26
3068,-9999.0,-9999.0,-9999.0,-9999.0,-9999.0,-9999.0,-9999.0,-9999.0,-9999.0,size,orientation,color,0.26,-16.0,16,male,0,2706.1785744,0,26
3069,-9999.0,-9999.0,-9999.0,-9999.0,-9999.0,-9999.0,-9999.0,-9999.0,-9999.0,size,orientation,color,0.26,-16.0,16,male,0,2706.1785744,0,26
3070,-9999.0,-9999.0,-9999.0,-9999.0,-9999.0,-9999.0,-9999.0,-9999.0,-9999.0,size,orientation,color,0.26,-16.0,16,male,0,2706.1785744,0,26
3071,-9999.0,-9999.0,-9999.0,-9999.0,-9999.0,-9999.0,-9999.0,-9999.0,-9999.0,size,orientation,color,0.26,-16.0,16,male,0,2706.1785744,0,26
3072,-9999.0,-9999.0,-9999.0,-9999.0,-9999.0,-9999.0,-9999.0,-9999.0,-9999.0,size,orientation,color,0.26,-16.0,16,male,0,2706.1785744,0,26
3073,-9999.0,-9999.0,-9999.0,-9999.0,-9999.0,-9999.0,-9999.0,-9999.0,-9999.0,size,orientation,color,0.26,-16.0,16,male,0,2706.1785744,0,26
3074,-9999.0,-9999.0,-9999.0,-9999.0,-9999.0,-9999.0,-9999.0,-9999.0,-9999.0,size,orientation,color,0.26,-16.0,16,male,0,2706.1785744,0,26
3075,-9999.0,-9999.0,-9999.0,-9999.0,-9999.0,-9999.0,-9999.0,-9999.0,-9999.0,size,orientation,color,0.26,-16.0,16,male,0,2706.1785744,0,26
3076,-9999.0,-9999.0,-9999.0,-9999.0,-9999.0,-9999.0,-9999.0,-9999.0,-9999.0,size,orientation,color,0.26,-16.0,16,male,0,2706.1785744,0,26
3077,-9999.0,-9999.0,-9999.0,-9999.0,-9999.0,-9999.0,-9999.0,-9999.0,-9999.0,size,orientation,color,0.26,-16.0,16,male,0,2706.1785744,0,26
3078,-9999.0,-9999.0,-9999.0,-9999.0,-9999.0,-9999.0,-9999.0,-9999.0,-9999.0,size,orientation,color,0.26,-16.0,16,male,0,2706.1785744,0,26
3079,-9999.0,-9999.0,-9999.0,-9999.0,-9999.0,-9999.0,-9999.0,-9999.0,-9999.0,size,orientation,color,0.26,-16.0,16,male,0,2706.1785744,0,26
3080,-9999.0,-9999.0,-9999.0,-9999.0,-9999.0,-9999.0,-9999.0,-9999.0,-9999.0,size,orientation,color,0.26,-16.0,16,male,0,2706.1785744,0,26
3081,-9999.0,-9999.0,-9999.0,-9999.0,-9999.0,-9999.0,-9999.0,-9999.0,-9999.0,size,orientation,color,0.26,-16.0,16,male,0,2706.1785744,0,26
3082,-9999.0,-9999.0,-9999.0,-9999.0,-9999.0,-9999.0,-9999.0,-9999.0,-9999.0,size,orientation,color,0.26,-16.0,16,male,0,2706.1785744,0,26
3083,-9999.0,-9999.0,-9999.0,-9999.0,-9999.0,-9999.0,-9999.0,-9999.0,-9999.0,size,orientation,color,0.26,-16.0,16,male,0,2706.1785744,0,26
3084,-9999.0,-9999.0,-9999.0,-9999.0,-9999.0,-9999.0,-9999.0,-9999.0,-9999.0,size,orientation,color,0.26,-16.0,16,male,0,2706.1785744,0,26
3085,-9999.0,-9999.0,-9999.0,-9999.0,-9999.0,-9999.0,-9999.0,-9999.0,-9999.0,size,orientation,color,0.26,-16.0,16,male,0,2706.1785744,0,26
3086,-9999.0,-9999.0,-9999.0,-9999.0,-9999.0,-9999.0,-9999.0,-9999.0,-9999.0,size,orientation,color,0.26,-16.0,16,male,0,2706.1785744,0,26
3087,-9999.0,-9999.0,-9999.0,-9999.0,-9999.0,-9999.0,-9999.0,-9999.0,-9999.0,size,orientation,color,0.26,-16.0,16,male,0,2706.1785744,0,26
3088,-9999.0,-9999.0,-9999.0,-9999.0,-9999.0,-9999.0,-9999.0,-9999.0,-9999.0,size,orientation,color,0.26,-16.0,16,male,0,2706.1785744,0,26
3089,-9999.0,-9999.0,-9999.0,-9999.0,-9999.0,-9999.0,-9999.0,-9999.0,-9999.0,size,orientation,color,0.26,-16.0,16,male,0,2706.1785744,0,26
3090,-9999.0,-9999.0,-9999.0,-9999.0,-9999.0,-9999.0,-9999.0,-9999.0,-9999.0,size,orientation,color,0.26,-16.0,16,male,0,2706.1785744,0,26
3091,-9999.0,-9999.0,-9999.0,-9999.0,-9999.0,-9999.0,-9999.0,-9999.0,-9999.0,size,orientation,color,0.26,-16.0,16,male,0,2706.1785744,0,26
3092,-9999.0,-9999.0,-9999.0,-9999.0,-9999.0,-9999.0,-9999.0,-9999.0,-9999.0,size,orientation,color,0.26,-16.0,16,male,0,2706.1785744,0,26
3093,-9999.0,-9999.0,-9999.0,-9999.0,-9999.0,-9999.0,-9999.0,-9999.0,-9999.0,size,orientation,color,0.26,-16.0,16,male,0,2706.1785744,0,26
3094,-9999.0,-9999.0,-9999.0,-9999.0,-9999.0,-9999.0,-9999.0,-9999.0,-9999.0,size,orientation,color,0.26,-16.0,16,male,0,2706.1785744,0,26
3095,-9999.0,-9999.0,-9999.0,-9999.0,-9999.0,-9999.0,-9999.0,-9999.0,-9999.0,size,orientation,color,0.26,-16.0,16,male,0,2706.1785744,0,26
3096,-9999.0,-9999.0,-9999.0,-9999.0,-9999.0,-9999.0,-9999.0,-9999.0,-9999.0,size,orientation,color,0.26,-16.0,16,male,0,2706.1785744,0,26
3097,-9999.0,-9999.0,-9999.0,-9999.0,-9999.0,-9999.0,-9999.0,-9999.0,-9999.0,size,orientation,color,0.26,-16.0,16,male,0,2706.1785744,0,26
3098,-9999.0,-9999.0,-9999.0,-9999.0,-9999.0,-9999.0,-9999.0,-9999.0,-9999.0,size,orientation,color,0.26,-16.0,16,male,0,2706.1785744,0,26
3099,-9999.0,-9999.0,-9999.0,-9999.0,-9999.0,-9999.0,-9999.0,-9999.0,-9999.0,size,orientation,color,0.26,-16.0,16,male,0,2706.1785744,0,26
3100,-9999.0,-9999.0,-9999.0,-9999.0,-9999.0,-9999.0,-9999.0,-9999.0,-9999.0,size,orientation,color,0.26,-16.0,16,male,0,2706.1785744,0,26
3101,-9999.0,-9999.0,-9999.0,-9999.0,-9999.0,-9999.0,-9999.0,-9999.0,-9999.0,size,orientation,color,0.26,-16.0,16,male,0,2706.1785744,0,26
3102,-9999.0,-9999.0,-9999.0,-9999.0,-9999.0,-9999.0,-9999.0,-9999.0,-9999.0,size,orientation,color,0.26,-16.0,16,male,0,2706.1785744,0,26
3103,-9999.0,-9999.0,-9999.0,-9999.0,-9999.0,-9999.0,-9999.0,-9999.0,-9999.0,size,orientation,color,0.26,-16.0,16,male,0,2706.1785744,0,26
3104,-9999.0,-9999.0,-9999.0,-9999.0,-9999.0,-9999.0,-9999.0,-9999.0,-9999.0,size,orientation,color,0.26,-16.0,16,male,0,2706.1785744,0,26
3105,-9999.0,-9999.0,-9999.0,-9999.0,-9999.0,-9999.0,-9999.0,-9999.0,-9999.0,size,orientation,color,0.26,-16.0,16,male,0,2706.1785744,0,26
3106,-9999.0,-9999.0,-9999.0,-9999.0,-9999.0,-9999.0,-9999.0,-9999.0,-9999.0,size,orientation,color,0.26,-16.0,16,male,0,2706.1785744,0,26
3107,-9999.0,-9999.0,-9999.0,-9999.0,-9999.0,-9999.0,-9999.0,-9999.0,-9999.0,size,orientation,color,0.26,-16.0,16,male,0,2706.1785744,0,26
3108,-9999.0,-9999.0,-9999.0,-9999.0,-9999.0,-9999.0,-9999.0,-9999.0,-9999.0,size,orientation,color,0.26,-16.0,16,male,0,2706.1785744,0,26
3109,-9999.0,-9999.0,-9999.0,-9999.0,-9999.0,-9999.0,-9999.0,-9999.0,-9999.0,size,orientation,color,0.26,-16.0,16,male,0,2706.1785744,0,26
3110,-9999.0,-9999.0,-9999.0,-9999.0,-9999.0,-9999.0,-9999.0,-9999.0,-9999.0,size,orientation,color,0.26,-16.0,16,male,0,2706.1785744,0,26
3111,-9999.0,-9999.0,-9999.0,-9999.0,-9999.0,-9999.0,-9999.0,-9999.0,-9999.0,size,orientation,color,0.26,-16.0,16,male,0,2706.1785744,0,26
3112,-9999.0,-9999.0,-9999.0,-9999.0,-9999.0,-9999.0,-9999.0,-9999.0,-9999.0,size,orientation,color,0.26,-16.0,16,male,0,2706.1785744,0,26
3113,-9999.0,-9999.0,-9999.0,-9999.0,-9999.0,-9999.0,-9999.0,-9999.0,-9999.0,size,orientation,color,0.26,-16.0,16,male,0,2706.1785744,0,26
3114,-9999.0,-9999.0,-9999.0,-9999.0,-9999.0,-9999.0,-9999.0,-9999.0,-9999.0,size,orientation,color,0.26,-16.0,16,male,0,2706.1785744,0,26
3115,-9999.0,-9999.0,-9999.0,-9999.0,-9999.0,-9999.0,-9999.0,-9999.0,-9999.0,size,orientation,color,0.26,-16.0,16,male,0,2706.1785744,0,26
3116,-9999.0,-9999.0,-9999.0,-9999.0,-9999.0,-9999.0,-9999.0,-9999.0,-9999.0,size,orientation,color,0.26,-16.0,16,male,0,2706.1785744,0,26
3117,-9999.0,-9999.0,-9999.0,-9999.0,-9999.0,-9999.0,-9999.0,-9999.0,-9999.0,size,orientation,color,0.26,-16.0,16,male,0,2706.1785744,0,26
3118,-9999.0,-9999.0,-9999.0,-9999.0,-9999.0,-9999.0,-9999.0,-9999.0,-9999.0,size,orientation,color,0.26,-16.0,16,male,0,2706.1785744,0,26
3119,-9999.0,-9999.0,-9999.0,-9999.0,-9999.0,-9999.0,-9999.0,-9999.0,-9999.0,size,orientation,color,0.26,-16.0,16,male,0,2706.1785744,0,26
3120,-9999.0,-9999.0,-9999.0,-9999.0,-9999.0,-9999.0,-9999.0,-9999.0,-9999.0,size,orientation,color,0.26,-16.0,16,male,0,2706.1785744,0,26
3121,-9999.0,-9999.0,-9999.0,-9999.0,-9999.0,-9999.0,-9999.0,-9999.0,-9999.0,size,orientation,color,0.26,-16.0,16,male,0,2706.1785744,0,26
3122,-9999.0,-9999.0,-9999.0,-9999.0,-9999.0,-9999.0,-9999.0,-9999.0,-9999.0,size,orientation,color,0.26,-16.0,16,male,0,2706.1785744,0,26
3123,-9999.0,-9999.0,-9999.0,-9999.0,-9999.0,-9999.0,-9999.0,-9999.0,-9999.0,size,orientation,color,0.26,-16.0,16,male,0,2706.1785744,0,26
3124,-9999.0,-9999.0,-9999.0,-9999.0,-9999.0,-9999.0,-9999.0,-9999.0,-9999.0,size,orientation,color,0.26,-16.0,16,male,0,2706.1785744,0,26
3125,-9999.0,-9999.0,-9999.0,-9999.0,-9999.0,-9999.0,-9999.0,-9999.0,-9999.0,size,orientation,color,0.26,-16.0,16,male,0,2706.1785744,0,26
3126,-9999.0,-9999.0,-9999.0,-9999.0,-9999.0,-9999.0,-9999.0,-9999.0,-9999.0,size,orientation,color,0.26,-16.0,16,male,0,2706.1785744,0,26
3127,-9999.0,-9999.0,-9999.0,-9999.0,-9999.0,-9999.0,-9999.0,-9999.0,-9999.0,size,orientation,color,0.26,-16.0,16,male,0,2706.1785744,0,26
3128,-9999.0,-9999.0,-9999.0,-9999.0,-9999.0,-9999.0,-9999.0,-9999.0,-9999.0,size,orientation,color,0.26,-16.0,16,male,0,2706.1785744,0,26
3129,-9999.0,-9999.0,-9999.0,-9999.0,-9999.0,-9999.0,-9999.0,-9999.0,-9999.0,size,orientation,color,0.26,-16.0,16,male,0,2706.1785744,0,26
3130,-9999.0,-9999.0,-9999.0,-9999.0,-9999.0,-9999.0,-9999.0,-9999.0,-9999.0,size,orientation,color,0.26,-16.0,16,male,0,2706.1785744,0,26
3131,-9999.0,-9999.0,-9999.0,-9999.0,-9999.0,-9999.0,-9999.0,-9999.0,-9999.0,size,orientation,color,0.26,-16.0,16,male,0,2706.1785744,0,26
3132,-9999.0,-9999.0,-9999.0,-9999.0,-9999.0,-9999.0,-9999.0,-9999.0,-9999.0,size,orientation,color,0.26,-16.0,16,male,0,2706.1785744,0,26
3133,-9999.0,-9999.0,-9999.0,-9999.0,-9999.0,-9999.0,-9999.0,-9999.0,-9999.0,size,orientation,color,0.26,-16.0,16,male,0,2706.1785744,0,26
3134,-9999.0,-9999.0,-9999.0,-9999.0,-9999.0,-9999.0,-9999.0,-9999.0,-9999.0,size,orientation,color,0.26,-16.0,16,male,0,2706.1785744,0,26
3135,-9999.0,-9999.0,-9999.0,-9999.0,-9999.0,-9999.0,-9999.0,-9999.0,-9999.0,size,orientation,color,0.26,-16.0,16,male,0,2706.1785744,0,26
3136,-9999.0,-9999.0,-9999.0,-9999.0,-9999.0,-9999.0,-9999.0,-9999.0,-9999.0,size,orientation,color,0.26,-16.0,16,male,0,2706.1785744,0,26
3137,-9999.0,-9999.0,-9999.0,-9999.0,-9999.0,-9999.0,-9999.0,-9999.0,-9999.0,size,orientation,color,0.26,-16.0,16,male,0,2706.1785744,0,26
3138,-9999.0,-9999.0,-9999.0,-9999.0,-9999.0,-9999.0,-9999.0,-9999.0,-9999.0,size,orientation,color,0.26,-16.0,16,male,0,2706.1785744,0,26
3139,-9999.0,-9999.0,-9999.0,-9999.0,-9999.0,-9999.0,-9999.0,-9999.0,-9999.0,size,orientation,color,0.26,-16.0,16,male,0,2706.1785744,0,26
3140,-9999.0,-9999.0,-9999.0,-9999.0,-9999.0,-9999.0,-9999.0,-9999.0,-9999.0,size,orientation,color,0.26,-16.0,16,male,0,2706.1785744,0,26
3141,-9999.0,-9999.0,-9999.0,-9999.0,-9999.0,-9999.0,-9999.0,-9999.0,-9999.0,size,orientation,color,0.26,-16.0,16,male,0,2706.1785744,0,26
3142,-9999.0,-9999.0,-9999.0,-9999.0,-9999.0,-9999.0,-9999.0,-9999.0,-9999.0,size,orientation,color,0.26,-16.0,16,male,0,2706.1785744,0,26
3143,-9999.0,-9999.0,-9999.0,-9999.0,-9999.0,-9999.0,-9999.0,-9999.0,-9999.0,size,orientation,color,0.26,-16.0,16,male,0,2706.1785744,0,26
3144,-9999.0,-9999.0,-9999.0,-9999.0,-9999.0,-9999.0,-9999.0,-9999.0,-9999.0,size,orientation,color,0.26,-16.0,16,male,0,2706.1785744,0,26
3145,-9999.0,-9999.0,-9999.0,-9999.0,-9999.0,-9999.0,-9999.0,-9999.0,-9999.0,size,orientation,color,0.26,-16.0,16,male,0,2706.1785744,0,26
3146,-9999.0,-9999.0,-9999.0,-9999.0,-9999.0,-9999.0,-9999.0,-9999.0,-9999.0,size,orientation,color,0.26,-16.0,16,male,0,2706.1785744,0,26
3147,-9999.0,-9999.0,-9999.0,-9999.0,-9999.0,-9999.0,-9999.0,-9999.0,-9999.0,size,orientation,color,0.26,-16.0,16,male,0,2706.1785744,0,26
3148,-9999.0,-9999.0,-9999.0,-9999.0,-9999.0,-9999.0,-9999.0,-9999.0,-9999.0,size,orientation,color,0.26,-16.0,16,male,0,2706.1785744,0,26
3149,-9999.0,-9999.0,-9999.0,-9999.0,-9999.0,-9999.0,-9999.0,-9999.0,-9999.0,size,orientation,color,0.26,-16.0,16,male,0,2706.1785744,0,26
3150,-9999.0,-9999.0,-9999.0,-9999.0,-9999.0,-9999.0,-9999.0,-9999.0,-9999.0,size,orientation,color,0.26,-16.0,16,male,0,2706.1785744,0,26
3151,-9999.0,-9999.0,-9999.0,-9999.0,-9999.0,-9999.0,-9999.0,-9999.0,-9999.0,size,orientation,color,0.26,-16.0,16,male,0,2706.1785744,0,26
3152,-9999.0,-9999.0,-9999.0,-9999.0,-9999.0,-9999.0,-9999.0,-9999.0,-9999.0,size,orientation,color,0.26,-16.0,16,male,0,2706.1785744,0,26
3153,-9999.0,-9999.0,-9999.0,-9999.0,-9999.0,-9999.0,-9999.0,-9999.0,-9999.0,size,orientation,color,0.26,-16.0,16,male,0,2706.1785744,0,26
3154,-9999.0,-9999.0,-9999.0,-9999.0,-9999.0,-9999.0,-9999.0,-9999.0,-9999.0,size,orientation,color,0.26,-16.0,16,male,0,2706.1785744,0,26
3155,-9999.0,-9999.0,-9999.0,-9999.0,-9999.0,-9999.0,-9999.0,-9999.0,-9999.0,size,orientation,color,0.26,-16.0,16,male,0,2706.1785744,0,26
3156,-9999.0,-9999.0,-9999.0,-9999.0,-9999.0,-9999.0,-9999.0,-9999.0,-9999.0,size,orientation,color,0.26,-16.0,16,male,0,2706.1785744,0,26
3157,-9999.0,-9999.0,-9999.0,-9999.0,-9999.0,-9999.0,-9999.0,-9999.0,-9999.0,size,orientation,color,0.26,-16.0,16,male,0,2706.1785744,0,26
3158,-9999.0,-9999.0,-9999.0,-9999.0,-9999.0,-9999.0,-9999.0,-9999.0,-9999.0,size,orientation,color,0.26,-16.0,16,male,0,2706.1785744,0,26
3159,-9999.0,-9999.0,-9999.0,-9999.0,-9999.0,-9999.0,-9999.0,-9999.0,-9999.0,size,orientation,color,0.26,-16.0,16,male,0,2706.1785744,0,26
3160,-9999.0,-9999.0,-9999.0,-9999.0,-9999.0,-9999.0,-9999.0,-9999.0,-9999.0,size,orientation,color,0.26,-16.0,16,male,0,2706.1785744,0,26
3161,-9999.0,-9999.0,-9999.0,-9999.0,-9999.0,-9999.0,-9999.0,-9999.0,-9999.0,size,orientation,color,0.26,-16.0,16,male,0,2706.1785744,0,26
3162,-9999.0,-9999.0,-9999.0,-9999.0,-9999.0,-9999.0,-9999.0,-9999.0,-9999.0,size,orientation,color,0.26,-16.0,16,male,0,2706.1785744,0,26
3163,-9999.0,-9999.0,-9999.0,-9999.0,-9999.0,-9999.0,-9999.0,-9999.0,-9999.0,size,orientation,color,0.26,-16.0,16,male,0,2706.1785744,0,26
3164,-9999.0,-9999.0,-9999.0,-9999.0,-9999.0,-9999.0,-9999.0,-9999.0,-9999.0,size,orientation,color,0.26,-16.0,16,male,0,2706.1785744,0,26
3165,-9999.0,-9999.0,-9999.0,-9999.0,-9999.0,-9999.0,-9999.0,-9999.0,-9999.0,size,orientation,color,0.26,-16.0,16,male,0,2706.1785744,0,26
3166,-9999.0,-9999.0,-9999.0,-9999.0,-9999.0,-9999.0,-9999.0,-9999.0,-9999.0,size,orientation,color,0.26,-16.0,16,male,0,2706.1785744,0,26
3167,-9999.0,-9999.0,-9999.0,-9999.0,-9999.0,-9999.0,-9999.0,-9999.0,-9999.0,size,orientation,color,0.26,-16.0,16,male,0,2706.1785744,0,26
3168,-9999.0,-9999.0,-9999.0,-9999.0,-9999.0,-9999.0,-9999.0,-9999.0,-9999.0,size,orientation,color,0.26,-16.0,16,male,0,2706.1785744,0,26
3169,-9999.0,-9999.0,-9999.0,-9999.0,-9999.0,-9999.0,-9999.0,-9999.0,-9999.0,size,orientation,color,0.26,-16.0,16,male,0,2706.1785744,0,26
3170,-9999.0,-9999.0,-9999.0,-9999.0,-9999.0,-9999.0,-9999.0,-9999.0,-9999.0,size,orientation,color,0.26,-16.0,16,male,0,2706.1785744,0,26
3171,-9999.0,-9999.0,-9999.0,-9999.0,-9999.0,-9999.0,-9999.0,-9999.0,-9999.0,size,orientation,color,0.26,-16.0,16,male,0,2706.1785744,0,26
3172,-9999.0,-9999.0,-9999.0,-9999.0,-9999.0,-9999.0,-9999.0,-9999.0,-9999.0,size,orientation,color,0.26,-16.0,16,male,0,2706.1785744,0,26
3173,-9999.0,-9999.0,-9999.0,-9999.0,-9999.0,-9999.0,-9999.0,-9999.0,-9999.0,size,orientation,color,0.26,-16.0,16,male,0,2706.1785744,0,26
3174,-9999.0,-9999.0,-9999.0,-9999.0,-9999.0,-9999.0,-9999.0,-9999.0,-9999.0,size,orientation,color,0.26,-16.0,16,male,0,2706.1785744,0,26
3175,-9999.0,-9999.0,-9999.0,-9999.0,-9999.0,-9999.0,-9999.0,-9999.0,-9999.0,size,orientation,color,0.26,-16.0,16,male,0,2706.1785744,0,26
3176,-9999.0,-9999.0,-9999.0,-9999.0,-9999.0,-9999.0,-9999.0,-9999.0,-9999.0,size,orientation,color,0.26,-16.0,16,male,0,2706.1785744,0,26
3177,-9999.0,-9999.0,-9999.0,-9999.0,-9999.0,-9999.0,-9999.0,-9999.0,-9999.0,size,orientation,color,0.26,-16.0,16,male,0,2706.1785744,0,26
3178,-9999.0,-9999.0,-9999.0,-9999.0,-9999.0,-9999.0,-9999.0,-9999.0,-9999.0,size,orientation,color,0.26,-16.0,16,male,0,2706.1785744,0,26
3179,-9999.0,-9999.0,-9999.0,-9999.0,-9999.0,-9999.0,-9999.0,-9999.0,-9999.0,size,orientation,color,0.26,-16.0,16,male,0,2706.1785744,0,26
3180,-9999.0,-9999.0,-9999.0,-9999.0,-9999.0,-9999.0,-9999.0,-9999.0,-9999.0,size,orientation,color,0.26,-16.0,16,male,0,2706.1785744,0,26
3181,-9999.0,-9999.0,-9999.0,-9999.0,-9999.0,-9999.0,-9999.0,-9999.0,-9999.0,size,orientation,color,0.26,-16.0,16,male,0,2706.1785744,0,26
3182,-9999.0,-9999.0,-9999.0,-9999.0,-9999.0,-9999.0,-9999.0,-9999.0,-9999.0,size,orientation,color,0.26,-16.0,16,male,0,2706.1785744,0,26
3183,-9999.0,-9999.0,-9999.0,-9999.0,-9999.0,-9999.0,-9999.0,-9999.0,-9999.0,size,orientation,color,0.26,-16.0,16,male,0,2706.1785744,0,26
3184,-9999.0,-9999.0,-9999.0,-9999.0,-9999.0,-9999.0,-9999.0,-9999.0,-9999.0,size,orientation,color,0.26,-16.0,16,male,0,2706.1785744,0,26
3185,-9999.0,-9999.0,-9999.0,-9999.0,-9999.0,-9999.0,-9999.0,-9999.0,-9999.0,size,orientation,color,0.26,-16.0,16,male,0,2706.1785744,0,26
3186,-9999.0,-9999.0,-9999.0,-9999.0,-9999.0,-9999.0,-9999.0,-9999.0,-9999.0,size,orientation,color,0.26,-16.0,16,male,0,2706.1785744,0,26
3187,-9999.0,-9999.0,-9999.0,-9999.0,-9999.0,-9999.0,-9999.0,-9999.0,-9999.0,size,orientation,color,0.26,-16.0,16,male,0,2706.1785744,0,26
3188,-9999.0,-9999.0,-9999.0,-9999.0,-9999.0,-9999.0,-9999.0,-9999.0,-9999.0,size,orientation,color,0.26,-16.0,16,male,0,2706.1785744,0,26
3189,-9999.0,-9999.0,-9999.0,-9999.0,-9999.0,-9999.0,-9999.0,-9999.0,-9999.0,size,orientation,color,0.26,-16.0,16,male,0,2706.1785744,0,26
3190,-9999.0,-9999.0,-9999.0,-9999.0,-9999.0,-9999.0,-9999.0,-9999.0,-9999.0,size,orientation,color,0.26,-16.0,16,male,0,2706.1785744,0,26
3191,-9999.0,-9999.0,-9999.0,-9999.0,-9999.0,-9999.0,-9999.0,-9999.0,-9999.0,size,orientation,color,0.26,-16.0,16,male,0,2706.1785744,0,26
3192,-9999.0,-9999.0,-9999.0,-9999.0,-9999.0,-9999.0,-9999.0,-9999.0,-9999.0,size,orientation,color,0.26,-16.0,16,male,0,2706.1785744,0,26
3193,-9999.0,-9999.0,-9999.0,-9999.0,-9999.0,-9999.0,-9999.0,-9999.0,-9999.0,size,orientation,color,0.26,-16.0,16,male,0,2706.1785744,0,26
3194,-9999.0,-9999.0,-9999.0,-9999.0,-9999.0,-9999.0,-9999.0,-9999.0,-9999.0,size,orientation,color,0.26,-16.0,16,male,0,2706.1785744,0,26
3195,-9999.0,-9999.0,-9999.0,-9999.0,-9999.0,-9999.0,-9999.0,-9999.0,-9999.0,size,orientation,color,0.26,-16.0,16,male,0,2706.1785744,0,26
3196,-9999.0,-9999.0,-9999.0,-9999.0,-9999.0,-9999.0,-9999.0,-9999.0,-9999.0,size,orientation,color,0.26,-16.0,16,male,0,2706.1785744,0,26
3197,-9999.0,-9999.0,-9999.0,-9999.0,-9999.0,-9999.0,-9999.0,-9999.0,-9999.0,size,orientation,color,0.26,-16.0,16,male,0,2706.1785744,0,26
3198,-9999.0,-9999.0,-9999.0,-9999.0,-9999.0,-9999.0,-9999.0,-9999.0,-9999.0,size,orientation,color,0.26,-16.0,16,male,0,2706.1785744,0,26
3199,-9999.0,-9999.0,-9999.0,-9999.0,-9999.0,-9999.0,-9999.0,-9999.0,-9999.0,size,orientation,color,0.26,-16.0,16,male,0,2706.1785744,0,26
3200,-9999.0,-9999.0,-9999.0,-9999.0,-9999.0,-9999.0,-9999.0,-9999.0,-9999.0,size,orientation,color,0.26,-16.0,16,male,0,2706.1785744,0,26
3201,-9999.0,-9999.0,-9999.0,-9999.0,-9999.0,-9999.0,-9999.0,-9999.0,-9999.0,size,orientation,color,0.26,-16.0,16,male,0,2706.1785744,0,26
3202,-9999.0,-9999.0,-9999.0,-9999.0,-9999.0,-9999.0,-9999.0,-9999.0,-9999.0,size,orientation,color,0.26,-16.0,16,male,0,2706.1785744,0,26
3203,-9999.0,-9999.0,-9999.0,-9999.0,-9999.0,-9999.0,-9999.0,-9999.0,-9999.0,size,orientation,color,0.26,-16.0,16,male,0,2706.1785744,0,26
3204,-9999.0,-9999.0,-9999.0,-9999.0,-9999.0,-9999.0,-9999.0,-9999.0,-9999.0,size,orientation,color,0.26,-16.0,16,male,0,2706.1785744,0,26
3205,-9999.0,-9999.0,-9999.0,-9999.0,-9999.0,-9999.0,-9999.0,-9999.0,-9999.0,size,orientation,color,0.26,-16.0,16,male,0,2706.1785744,0,26
3206,-9999.0,-9999.0,-9999.0,-9999.0,-9999.0,-9999.0,-9999.0,-9999.0,-9999.0,size,orientation,color,0.26,-16.0,16,male,0,2706.1785744,0,26
3207,-9999.0,-9999.0,-9999.0,-9999.0,-9999.0,-9999.0,-9999.0,-9999.0,-9999.0,size,orientation,color,0.26,-16.0,16,male,0,2706.1785744,0,26
3208,-9999.0,-9999.0,-9999.0,-9999.0,-9999.0,-9999.0,-9999.0,-9999.0,-9999.0,size,orientation,color,0.26,-16.0,16,male,0,2706.1785744,0,26
3209,-9999.0,-9999.0,-9999.0,-9999.0,-9999.0,-9999.0,-9999.0,-9999.0,-9999.0,size,orientation,color,0.26,-16.0,16,male,0,2706.1785744,0,26
3210,-9999.0,-9999.0,-9999.0,-9999.0,-9999.0,-9999.0,-9999.0,-9999.0,-9999.0,size,orientation,color,0.26,-16.0,16,male,0,2706.1785744,0,26
3211,-9999.0,-9999.0,-9999.0,-9999.0,-9999.0,-9999.0,-9999.0,-9999.0,-9999.0,size,orientation,color,0.26,-16.0,16,male,0,2706.1785744,0,26
3212,-9999.0,-9999.0,-9999.0,-9999.0,-9999.0,-9999.0,-9999.0,-9999.0,-9999.0,size,orientation,color,0.26,-16.0,16,male,0,2706.1785744,0,26
3213,-9999.0,-9999.0,-9999.0,-9999.0,-9999.0,-9999.0,-9999.0,-9999.0,-9999.0,size,orientation,color,0.26,-16.0,16,male,0,2706.1785744,0,26
3214,-9999.0,-9999.0,-9999.0,-9999.0,-9999.0,-9999.0,-9999.0,-9999.0,-9999.0,size,orientation,color,0.26,-16.0,16,male,0,2706.1785744,0,26
3215,-9999.0,-9999.0,-9999.0,-9999.0,-9999.0,-9999.0,-9999.0,-9999.0,-9999.0,size,orientation,color,0.26,-16.0,16,male,0,2706.1785744,0,26
3216,-9999.0,-9999.0,-9999.0,-9999.0,-9999.0,-9999.0,-9999.0,-9999.0,-9999.0,size,orientation,color,0.26,-16.0,16,male,0,2706.1785744,0,26
3217,-9999.0,-9999.0,-9999.0,-9999.0,-9999.0,-9999.0,-9999.0,-9999.0,-9999.0,size,orientation,color,0.26,-16.0,16,male,0,2706.1785744,0,26
3218,-9999.0,-9999.0,-9999.0,-9999.0,-9999.0,-9999.0,-9999.0,-9999.0,-9999.0,size,orientation,color,0.26,-16.0,16,male,0,2706.1785744,0,26
3219,-9999.0,-9999.0,-9999.0,-9999.0,-9999.0,-9999.0,-9999.0,-9999.0,-9999.0,size,orientation,color,0.26,-16.0,16,male,0,2706.1785744,0,26
3220,-9999.0,-9999.0,-9999.0,-9999.0,-9999.0,-9999.0,-9999.0,-9999.0,-9999.0,size,orientation,color,0.26,-16.0,16,male,0,2706.1785744,0,26
3221,-9999.0,-9999.0,-9999.0,-9999.0,-9999.0,-9999.0,-9999.0,-9999.0,-9999.0,size,orientation,color,0.26,-16.0,16,male,0,2706.1785744,0,26
3222,-9999.0,-9999.0,-9999.0,-9999.0,-9999.0,-9999.0,-9999.0,-9999.0,-9999.0,size,orientation,color,0.26,-16.0,16,male,0,2706.1785744,0,26
3223,-9999.0,-9999.0,-9999.0,-9999.0,-9999.0,-9999.0,-9999.0,-9999.0,-9999.0,size,orientation,color,0.26,-16.0,16,male,0,2706.1785744,0,26
3224,-9999.0,-9999.0,-9999.0,-9999.0,-9999.0,-9999.0,-9999.0,-9999.0,-9999.0,size,orientation,color,0.26,-16.0,16,male,0,2706.1785744,0,26
3225,-9999.0,-9999.0,-9999.0,-9999.0,-9999.0,-9999.0,-9999.0,-9999.0,-9999.0,size,orientation,color,0.26,-16.0,16,male,0,2706.1785744,0,26
3226,-9999.0,-9999.0,-9999.0,-9999.0,-9999.0,-9999.0,-9999.0,-9999.0,-9999.0,size,orientation,color,0.26,-16.0,16,male,0,2706.1785744,0,26
3227,-9999.0,-9999.0,-9999.0,-9999.0,-9999.0,-9999.0,-9999.0,-9999.0,-9999.0,size,orientation,color,0.26,-16.0,16,male,0,2706.1785744,0,26
3228,-9999.0,-9999.0,-9999.0,-9999.0,-9999.0,-9999.0,-9999.0,-9999.0,-9999.0,size,orientation,color,0.26,-16.0,16,male,0,2706.1785744,0,26
3229,-9999.0,-9999.0,-9999.0,-9999.0,-9999.0,-9999.0,-9999.0,-9999.0,-9999.0,size,orientation,color,0.26,-16.0,16,male,0,2706.1785744,0,26
3230,-9999.0,-9999.0,-9999.0,-9999.0,-9999.0,-9999.0,-9999.0,-9999.0,-9999.0,size,orientation,color,0.26,-16.0,16,male,0,2706.1785744,0,26
3231,-9999.0,-9999.0,-9999.0,-9999.0,-9999.0,-9999.0,-9999.0,-9999.0,-9999.0,size,orientation,color,0.26,-16.0,16,male,0,2706.1785744,0,26
3232,-9999.0,-9999.0,-9999.0,-9999.0,-9999.0,-9999.0,-9999.0,-9999.0,-9999.0,size,orientation,color,0.26,-16.0,16,male,0,2706.1785744,0,26
3233,-9999.0,-9999.0,-9999.0,-9999.0,-9999.0,-9999.0,-9999.0,-9999.0,-9999.0,size,orientation,color,0.26,-16.0,16,male,0,2706.1785744,0,26
3234,-9999.0,-9999.0,-9999.0,-9999.0,-9999.0,-9999.0,-9999.0,-9999.0,-9999.0,size,orientation,color,0.26,-16.0,16,male,0,2706.1785744,0,26
3235,-9999.0,-9999.0,-9999.0,-9999.0,-9999.0,-9999.0,-9999.0,-9999.0,-9999.0,size,orientation,color,0.26,-16.0,16,male,0,2706.1785744,0,26
3236,-9999.0,-9999.0,-9999.0,-9999.0,-9999.0,-9999.0,-9999.0,-9999.0,-9999.0,size,orientation,color,0.26,-16.0,16,male,0,2706.1785744,0,26
3237,-9999.0,-9999.0,-9999.0,-9999.0,-9999.0,-9999.0,-9999.0,-9999.0,-9999.0,size,orientation,color,0.26,-16.0,16,male,0,2706.1785744,0,26
3238,-9999.0,-9999.0,-9999.0,-9999.0,-9999.0,-9999.0,-9999.0,-9999.0,-9999.0,size,orientation,color,0.26,-16.0,16,male,0,2706.1785744,0,26
3239,-9999.0,-9999.0,-9999.0,-9999.0,-9999.0,-9999.0,-9999.0,-9999.0,-9999.0,size,orientation,color,0.26,-16.0,16,male,0,2706.1785744,0,26
3240,-9999.0,-9999.0,-9999.0,-9999.0,-9999.0,-9999.0,-9999.0,-9999.0,-9999.0,size,orientation,color,0.26,-16.0,16,male,0,2706.1785744,0,26
3241,-9999.0,-9999.0,-9999.0,-9999.0,-9999.0,-9999.0,-9999.0,-9999.0,-9999.0,size,orientation,color,0.26,-16.0,16,male,0,2706.1785744,0,26
3242,-9999.0,-9999.0,-9999.0,-9999.0,-9999.0,-9999.0,-9999.0,-9999.0,-9999.0,size,orientation,color,0.26,-16.0,16,male,0,2706.1785744,0,26
3243,-9999.0,-9999.0,-9999.0,-9999.0,-9999.0,-9999.0,-9999.0,-9999.0,-9999.0,size,orientation,color,0.26,-16.0,16,male,0,2706.1785744,0,26
3244,-9999.0,-9999.0,-9999.0,-9999.0,-9999.0,-9999.0,-9999.0,-9999.0,-9999.0,size,orientation,color,0.26,-16.0,16,male,0,2706.1785744,0,26
3245,-9999.0,-9999.0,-9999.0,-9999.0,-9999.0,-9999.0,-9999.0,-9999.0,-9999.0,size,orientation,color,0.26,-16.0,16,male,0,2706.1785744,0,26
3246,-9999.0,-9999.0,-9999.0,-9999.0,-9999.0,-9999.0,-9999.0,-9999.0,-9999.0,size,orientation,color,0.26,-16.0,16,male,0,2706.1785744,0,26
3247,-9999.0,-9999.0,-9999.0,-9999.0,-9999.0,-9999.0,-9999.0,-9999.0,-9999.0,size,orientation,color,0.26,-16.0,16,male,0,2706.1785744,0,26
3248,-9999.0,-9999.0,-9999.0,-9999.0,-9999.0,-9999.0,-9999.0,-9999.0,-9999.0,size,orientation,color,0.26,-16.0,16,male,0,2706.1785744,0,26
3249,-9999.0,-9999.0,-9999.0,-9999.0,-9999.0,-9999.0,-9999.0,-9999.0,-9999.0,size,orientation,color,0.26,-16.0,16,male,0,2706.1785744,0,26
3250,-9999.0,-9999.0,-9999.0,-9999.0,-9999.0,-9999.0,-9999.0,-9999.0,-9999.0,size,orientation,color,0.26,-16.0,16,male,0,2706.1785744,0,26
3251,-9999.0,-9999.0,-9999.0,-9999.0,-9999.0,-9999.0,-9999.0,-9999.0,-9999.0,size,orientation,color,0.26,-16.0,16,male,0,2706.1785744,0,26
3252,-9999.0,-9999.0,-9999.0,-9999.0,-9999.0,-9999.0,-9999.0,-9999.0,-9999.0,size,orientation,color,0.26,-16.0,16,male,0,2706.1785744,0,26
3253,-9999.0,-9999.0,-9999.0,-9999.0,-9999.0,-9999.0,-9999.0,-9999.0,-9999.0,size,orientation,color,0.26,-16.0,16,male,0,2706.1785744,0,26
3254,-9999.0,-9999.0,-9999.0,-9999.0,-9999.0,-9999.0,-9999.0,-9999.0,-9999.0,size,orientation,color,0.26,-16.0,16,male,0,2706.1785744,0,26
3255,-9999.0,-9999.0,-9999.0,-9999.0,-9999.0,-9999.0,-9999.0,-9999.0,-9999.0,size,orientation,color,0.26,-16.0,16,male,0,2706.1785744,0,26
3256,-9999.0,-9999.0,-9999.0,-9999.0,-9999.0,-9999.0,-9999.0,-9999.0,-9999.0,size,orientation,color,0.26,-16.0,16,male,0,2706.1785744,0,26
3257,-9999.0,-9999.0,-9999.0,-9999.0,-9999.0,-9999.0,-9999.0,-9999.0,-9999.0,size,orientation,color,0.26,-16.0,16,male,0,2706.1785744,0,26
3258,-9999.0,-9999.0,-9999.0,-9999.0,-9999.0,-9999.0,-9999.0,-9999.0,-9999.0,size,orientation,color,0.26,-16.0,16,male,0,2706.1785744,0,26
3259,-9999.0,-9999.0,-9999.0,-9999.0,-9999.0,-9999.0,-9999.0,-9999.0,-9999.0,size,orientation,color,0.26,-16.0,16,male,0,2706.1785744,0,26
3260,-9999.0,-9999.0,-9999.0,-9999.0,-9999.0,-9999.0,-9999.0,-9999.0,-9999.0,size,orientation,color,0.26,-16.0,16,male,0,2706.1785744,0,26
3261,-9999.0,-9999.0,-9999.0,-9999.0,-9999.0,-9999.0,-9999.0,-9999.0,-9999.0,size,orientation,color,0.26,-16.0,16,male,0,2706.1785744,0,26
3262,-9999.0,-9999.0,-9999.0,-9999.0,-9999.0,-9999.0,-9999.0,-9999.0,-9999.0,size,orientation,color,0.26,-16.0,16,male,0,2706.1785744,0,26
3263,-9999.0,-9999.0,-9999.0,-9999.0,-9999.0,-9999.0,-9999.0,-9999.0,-9999.0,size,orientation,color,0.26,-16.0,16,male,0,2706.1785744,0,26
3264,-9999.0,-9999.0,-9999.0,-9999.0,-9999.0,-9999.0,-9999.0,-9999.0,-9999.0,size,orientation,color,0.26,-16.0,16,male,0,2706.1785744,0,26
3265,-9999.0,-9999.0,-9999.0,-9999.0,-9999.0,-9999.0,-9999.0,-9999.0,-9999.0,size,orientation,color,0.26,-16.0,16,male,0,2706.1785744,0,26
3266,-9999.0,-9999.0,-9999.0,-9999.0,-9999.0,-9999.0,-9999.0,-9999.0,-9999.0,size,orientation,color,0.26,-16.0,16,male,0,2706.1785744,0,26
3267,-9999.0,-9999.0,-9999.0,-9999.0,-9999.0,-9999.0,-9999.0,-9999.0,-9999.0,size,orientation,color,0.26,-16.0,16,male,0,2706.1785744,0,26
3268,-9999.0,-9999.0,-9999.0,-9999.0,-9999.0,-9999.0,-9999.0,-9999.0,-9999.0,size,orientation,color,0.26,-16.0,16,male,0,2706.1785744,0,26
3269,-9999.0,-9999.0,-9999.0,-9999.0,-9999.0,-9999.0,-9999.0,-9999.0,-9999.0,size,orientation,color,0.26,-16.0,16,male,0,2706.1785744,0,26
3270,-9999.0,-9999.0,-9999.0,-9999.0,-9999.0,-9999.0,-9999.0,-9999.0,-9999.0,size,orientation,color,0.26,-16.0,16,male,0,2706.1785744,0,26
3271,-9999.0,-9999.0,-9999.0,-9999.0,-9999.0,-9999.0,-9999.0,-9999.0,-9999.0,size,orientation,color,0.26,-16.0,16,male,0,2706.1785744,0,26
3272,-9999.0,-9999.0,-9999.0,-9999.0,-9999.0,-9999.0,-9999.0,-9999.0,-9999.0,size,orientation,color,0.26,-16.0,16,male,0,2706.1785744,0,26
3273,-9999.0,-9999.0,-9999.0,-9999.0,-9999.0,-9999.0,-9999.0,-9999.0,-9999.0,size,orientation,color,0.26,-16.0,16,male,0,2706.1785744,0,26
3274,-9999.0,-9999.0,-9999.0,-9999.0,-9999.0,-9999.0,-9999.0,-9999.0,-9999.0,size,orientation,color,0.26,-16.0,16,male,0,2706.1785744,0,26
3275,-9999.0,-9999.0,-9999.0,-9999.0,-9999.0,-9999.0,-9999.0,-9999.0,-9999.0,size,orientation,color,0.26,-16.0,16,male,0,2706.1785744,0,26
3276,-9999.0,-9999.0,-9999.0,-9999.0,-9999.0,-9999.0,-9999.0,-9999.0,-9999.0,size,orientation,color,0.26,-16.0,16,male,0,2706.1785744,0,26
3277,-9999.0,-9999.0,-9999.0,-9999.0,-9999.0,-9999.0,-9999.0,-9999.0,-9999.0,size,orientation,color,0.26,-16.0,16,male,0,2706.1785744,0,26
3278,-9999.0,-9999.0,-9999.0,-9999.0,-9999.0,-9999.0,-9999.0,-9999.0,-9999.0,size,orientation,color,0.26,-16.0,16,male,0,2706.1785744,0,26
3279,-9999.0,-9999.0,-9999.0,-9999.0,-9999.0,-9999.0,-9999.0,-9999.0,-9999.0,size,orientation,color,0.26,-16.0,16,male,0,2706.1785744,0,26
3280,-9999.0,-9999.0,-9999.0,-9999.0,-9999.0,-9999.0,-9999.0,-9999.0,-9999.0,size,orientation,color,0.26,-16.0,16,male,0,2706.1785744,0,26
3281,-9999.0,-9999.0,-9999.0,-9999.0,-9999.0,-9999.0,-9999.0,-9999.0,-9999.0,size,orientation,color,0.26,-16.0,16,male,0,2706.1785744,0,26
3282,-9999.0,-9999.0,-9999.0,-9999.0,-9999.0,-9999.0,-9999.0,-9999.0,-9999.0,size,orientation,color,0.26,-16.0,16,male,0,2706.1785744,0,26
3283,-9999.0,-9999.0,-9999.0,-9999.0,-9999.0,-9999.0,-9999.0,-9999.0,-9999.0,size,orientation,color,0.26,-16.0,16,male,0,2706.1785744,0,26
3284,-9999.0,-9999.0,-9999.0,-9999.0,-9999.0,-9999.0,-9999.0,-9999.0,-9999.0,size,orientation,color,0.26,-16.0,16,male,0,2706.1785744,0,26
3285,-9999.0,-9999.0,-9999.0,-9999.0,-9999.0,-9999.0,-9999.0,-9999.0,-9999.0,size,orientation,color,0.26,-16.0,16,male,0,2706.1785744,0,26
3286,-9999.0,-9999.0,-9999.0,-9999.0,-9999.0,-9999.0,-9999.0,-9999.0,-9999.0,size,orientation,color,0.26,-16.0,16,male,0,2706.1785744,0,26
3287,-9999.0,-9999.0,-9999.0,-9999.0,-9999.0,-9999.0,-9999.0,-9999.0,-9999.0,size,orientation,color,0.26,-16.0,16,male,0,2706.1785744,0,26
3288,-9999.0,-9999.0,-9999.0,-9999.0,-9999.0,-9999.0,-9999.0,-9999.0,-9999.0,size,orientation,color,0.26,-16.0,16,male,0,2706.1785744,0,26
3289,-9999.0,-9999.0,-9999.0,-9999.0,-9999.0,-9999.0,-9999.0,-9999.0,-9999.0,size,orientation,color,0.26,-16.0,16,male,0,2706.1785744,0,26
3290,-9999.0,-9999.0,-9999.0,-9999.0,-9999.0,-9999.0,-9999.0,-9999.0,-9999.0,size,orientation,color,0.26,-16.0,16,male,0,2706.1785744,0,26
3291,-9999.0,-9999.0,-9999.0,-9999.0,-9999.0,-9999.0,-9999.0,-9999.0,-9999.0,size,orientation,color,0.26,-16.0,16,male,0,2706.1785744,0,26
3292,-9999.0,-9999.0,-9999.0,-9999.0,-9999.0,-9999.0,-9999.0,-9999.0,-9999.0,size,orientation,color,0.26,-16.0,16,male,0,2706.1785744,0,26
3293,-9999.0,-9999.0,-9999.0,-9999.0,-9999.0,-9999.0,-9999.0,-9999.0,-9999.0,size,orientation,color,0.26,-16.0,16,male,0,2706.1785744,0,26
3294,-9999.0,-9999.0,-9999.0,-9999.0,-9999.0,-9999.0,-9999.0,-9999.0,-9999.0,size,orientation,color,0.26,-16.0,16,male,0,2706.1785744,0,26
3295,-9999.0,-9999.0,-9999.0,-9999.0,-9999.0,-9999.0,-9999.0,-9999.0,-9999.0,size,orientation,color,0.26,-16.0,16,male,0,2706.1785744,0,26
3296,-9999.0,-9999.0,-9999.0,-9999.0,-9999.0,-9999.0,-9999.0,-9999.0,-9999.0,size,orientation,color,0.26,-16.0,16,male,0,2706.1785744,0,26
3297,-9999.0,-9999.0,-9999.0,-9999.0,-9999.0,-9999.0,-9999.0,-9999.0,-9999.0,size,orientation,color,0.26,-16.0,16,male,0,2706.1785744,0,26
3298,-9999.0,-9999.0,-9999.0,-9999.0,-9999.0,-9999.0,-9999.0,-9999.0,-9999.0,size,orientation,color,0.26,-16.0,16,male,0,2706.1785744,0,26
3299,-9999.0,-9999.0,-9999.0,-9999.0,-9999.0,-9999.0,-9999.0,-9999.0,-9999.0,size,orientation,color,0.26,-16.0,16,male,0,2706.1785744,0,26
3300,-9999.0,-9999.0,-9999.0,-9999.0,-9999.0,-9999.0,-9999.0,-9999.0,-9999.0,size,orientation,color,0.26,-16.0,16,male,0,2706.1785744,0,26
3301,-9999.0,-9999.0,-9999.0,-9999.0,-9999.0,-9999.0,-9999.0,-9999.0,-9999.0,size,orientation,color,0.26,-16.0,16,male,0,2706.1785744,0,26
3302,-9999.0,-9999.0,-9999.0,-9999.0,-9999.0,-9999.0,-9999.0,-9999.0,-9999.0,size,orientation,color,0.26,-16.0,16,male,0,2706.1785744,0,26
3303,-9999.0,-9999.0,-9999.0,-9999.0,-9999.0,-9999.0,-9999.0,-9999.0,-9999.0,size,orientation,color,0.26,-16.0,16,male,0,2706.1785744,0,26
3304,-9999.0,-9999.0,-9999.0,-9999.0,-9999.0,-9999.0,-9999.0,-9999.0,-9999.0,size,orientation,color,0.26,-16.0,16,male,0,2706.1785744,0,26
3305,-9999.0,-9999.0,-9999.0,-9999.0,-9999.0,-9999.0,-9999.0,-9999.0,-9999.0,size,orientation,color,0.26,-16.0,16,male,0,2706.1785744,0,26
3306,-9999.0,-9999.0,-9999.0,-9999.0,-9999.0,-9999.0,-9999.0,-9999.0,-9999.0,size,orientation,color,0.26,-16.0,16,male,0,2706.1785744,0,26
3307,-9999.0,-9999.0,-9999.0,-9999.0,-9999.0,-9999.0,-9999.0,-9999.0,-9999.0,size,orientation,color,0.26,-16.0,16,male,0,2706.1785744,0,26
3308,-9999.0,-9999.0,-9999.0,-9999.0,-9999.0,-9999.0,-9999.0,-9999.0,-9999.0,size,orientation,color,0.26,-16.0,16,male,0,2706.1785744,0,26
3309,-9999.0,-9999.0,-9999.0,-9999.0,-9999.0,-9999.0,-9999.0,-9999.0,-9999.0,size,orientation,color,0.26,-16.0,16,male,0,2706.1785744,0,26
3310,-9999.0,-9999.0,-9999.0,-9999.0,-9999.0,-9999.0,-9999.0,-9999.0,-9999.0,size,orientation,color,0.26,-16.0,16,male,0,2706.1785744,0,26
3311,-9999.0,-9999.0,-9999.0,-9999.0,-9999.0,-9999.0,-9999.0,-9999.0,-9999.0,size,orientation,color,0.26,-16.0,16,male,0,2706.1785744,0,26
3312,-9999.0,-9999.0,-9999.0,-9999.0,-9999.0,-9999.0,-9999.0,-9999.0,-9999.0,size,orientation,color,0.26,-16.0,16,male,0,2706.1785744,0,26
3313,-9999.0,-9999.0,-9999.0,-9999.0,-9999.0,-9999.0,-9999.0,-9999.0,-9999.0,size,orientation,color,0.26,-16.0,16,male,0,2706.1785744,0,26
3314,-9999.0,-9999.0,-9999.0,-9999.0,-9999.0,-9999.0,-9999.0,-9999.0,-9999.0,size,orientation,color,0.26,-16.0,16,male,0,2706.1785744,0,26
3315,-9999.0,-9999.0,-9999.0,-9999.0,-9999.0,-9999.0,-9999.0,-9999.0,-9999.0,size,orientation,color,0.26,-16.0,16,male,0,2706.1785744,0,26
3316,-9999.0,-9999.0,-9999.0,-9999.0,-9999.0,-9999.0,-9999.0,-9999.0,-9999.0,size,orientation,color,0.26,-16.0,16,male,0,2706.1785744,0,26
3317,-9999.0,-9999.0,-9999.0,-9999.0,-9999.0,-9999.0,-9999.0,-9999.0,-9999.0,size,orientation,color,0.26,-16.0,16,male,0,2706.1785744,0,26
3318,-9999.0,-9999.0,-9999.0,-9999.0,-9999.0,-9999.0,-9999.0,-9999.0,-9999.0,size,orientation,color,0.26,-16.0,16,male,0,2706.1785744,0,26
3319,-9999.0,-9999.0,-9999.0,-9999.0,-9999.0,-9999.0,-9999.0,-9999.0,-9999.0,size,orientation,color,0.26,-16.0,16,male,0,2706.1785744,0,26
3320,-9999.0,-9999.0,-9999.0,-9999.0,-9999.0,-9999.0,-9999.0,-9999.0,-9999.0,size,orientation,color,0.26,-16.0,16,male,0,2706.1785744,0,26
3321,-9999.0,-9999.0,-9999.0,-9999.0,-9999.0,-9999.0,-9999.0,-9999.0,-9999.0,size,orientation,color,0.26,-16.0,16,male,0,2706.1785744,0,26
3322,-9999.0,-9999.0,-9999.0,-9999.0,-9999.0,-9999.0,-9999.0,-9999.0,-9999.0,size,orientation,color,0.26,-16.0,16,male,0,2706.1785744,0,26
3323,-9999.0,-9999.0,-9999.0,-9999.0,-9999.0,-9999.0,-9999.0,-9999.0,-9999.0,size,orientation,color,0.26,-16.0,16,male,0,2706.1785744,0,26
3324,-9999.0,-9999.0,-9999.0,-9999.0,-9999.0,-9999.0,-9999.0,-9999.0,-9999.0,size,orientation,color,0.26,-16.0,16,male,0,2706.1785744,0,26
3325,-9999.0,-9999.0,-9999.0,-9999.0,-9999.0,-9999.0,-9999.0,-9999.0,-9999.0,size,orientation,color,0.26,-16.0,16,male,0,2706.1785744,0,26
3326,-9999.0,-9999.0,-9999.0,-9999.0,-9999.0,-9999.0,-9999.0,-9999.0,-9999.0,size,orientation,color,0.26,-16.0,16,male,0,2706.1785744,0,26
3327,-9999.0,-9999.0,-9999.0,-9999.0,-9999.0,-9999.0,-9999.0,-9999.0,-9999.0,size,orientation,color,0.26,-16.0,16,male,0,2706.1785744,0,26
3328,-9999.0,-9999.0,-9999.0,-9999.0,-9999.0,-9999.0,-9999.0,-9999.0,-9999.0,size,orientation,color,0.26,-16.0,16,male,0,2706.1785744,0,26
3329,-9999.0,-9999.0,-9999.0,-9999.0,-9999.0,-9999.0,-9999.0,-9999.0,-9999.0,size,orientation,color,0.26,-16.0,16,male,0,2706.1785744,0,26
3330,-9999.0,-9999.0,-9999.0,-9999.0,-9999.0,-9999.0,-9999.0,-9999.0,-9999.0,size,orientation,color,0.26,-16.0,16,male,0,2706.1785744,0,26
3331,-9999.0,-9999.0,-9999.0,-9999.0,-9999.0,-9999.0,-9999.0,-9999.0,-9999.0,size,orientation,color,0.26,-16.0,16,male,0,2706.1785744,0,26
3332,-9999.0,-9999.0,-9999.0,-9999.0,-9999.0,-9999.0,-9999.0,-9999.0,-9999.0,size,orientation,color,0.26,-16.0,16,male,0,2706.1785744,0,26
3333,-9999.0,-9999.0,-9999.0,-9999.0,-9999.0,-9999.0,-9999.0,-9999.0,-9999.0,size,orientation,color,0.26,-16.0,16,male,0,2706.1785744,0,26
3334,-9999.0,-9999.0,-9999.0,-9999.0,-9999.0,-9999.0,-9999.0,-9999.0,-9999.0,size,orientation,color,0.26,-16.0,16,male,0,2706.1785744,0,26
3335,-9999.0,-9999.0,-9999.0,-9999.0,-9999.0,-9999.0,-9999.0,-9999.0,-9999.0,size,orientation,color,0.26,-16.0,16,male,0,2706.1785744,0,26
3336,-9999.0,-9999.0,-9999.0,-9999.0,-9999.0,-9999.0,-9999.0,-9999.0,-9999.0,size,orientation,color,0.26,-16.0,16,male,0,2706.1785744,0,26
3337,-9999.0,-9999.0,-9999.0,-9999.0,-9999.0,-9999.0,-9999.0,-9999.0,-9999.0,size,orientation,color,0.26,-16.0,16,male,0,2706.1785744,0,26
3338,-9999.0,-9999.0,-9999.0,-9999.0,-9999.0,-9999.0,-9999.0,-9999.0,-9999.0,size,orientation,color,0.26,-16.0,16,male,0,2706.1785744,0,26
3339,-9999.0,-9999.0,-9999.0,-9999.0,-9999.0,-9999.0,-9999.0,-9999.0,-9999.0,size,orientation,color,0.26,-16.0,16,male,0,2706.1785744,0,26
3340,-9999.0,-9999.0,-9999.0,-9999.0,-9999.0,-9999.0,-9999.0,-9999.0,-9999.0,size,orientation,color,0.26,-16.0,16,male,0,2706.1785744,0,26
3341,-9999.0,-9999.0,-9999.0,-9999.0,-9999.0,-9999.0,-9999.0,-9999.0,-9999.0,size,orientation,color,0.26,-16.0,16,male,0,2706.1785744,0,26
3342,-9999.0,-9999.0,-9999.0,-9999.0,-9999.0,-9999.0,-9999.0,-9999.0,-9999.0,size,orientation,color,0.26,-16.0,16,male,0,2706.1785744,0,26
3343,-9999.0,-9999.0,-9999.0,-9999.0,-9999.0,-9999.0,-9999.0,-9999.0,-9999.0,size,orientation,color,0.26,-16.0,16,male,0,2706.1785744,0,26
3344,-9999.0,-9999.0,-9999.0,-9999.0,-9999.0,-9999.0,-9999.0,-9999.0,-9999.0,size,orientation,color,0.26,-16.0,16,male,0,2706.1785744,0,26
3345,-9999.0,-9999.0,-9999.0,-9999.0,-9999.0,-9999.0,-9999.0,-9999.0,-9999.0,size,orientation,color,0.26,-16.0,16,male,0,2706.1785744,0,26
3346,-9999.0,-9999.0,-9999.0,-9999.0,-9999.0,-9999.0,-9999.0,-9999.0,-9999.0,size,orientation,color,0.26,-16.0,16,male,0,2706.1785744,0,26
3347,-9999.0,-9999.0,-9999.0,-9999.0,-9999.0,-9999.0,-9999.0,-9999.0,-9999.0,size,orientation,color,0.26,-16.0,16,male,0,2706.1785744,0,26
3348,-9999.0,-9999.0,-9999.0,-9999.0,-9999.0,-9999.0,-9999.0,-9999.0,-9999.0,size,orientation,color,0.26,-16.0,16,male,0,2706.1785744,0,26
3349,-9999.0,-9999.0,-9999.0,-9999.0,-9999.0,-9999.0,-9999.0,-9999.0,-9999.0,size,orientation,color,0.26,-16.0,16,male,0,2706.1785744,0,26
3350,-9999.0,-9999.0,-9999.0,-9999.0,-9999.0,-9999.0,-9999.0,-9999.0,-9999.0,size,orientation,color,0.26,-16.0,16,male,0,2706.1785744,0,26
3351,-9999.0,-9999.0,-9999.0,-9999.0,-9999.0,-9999.0,-9999.0,-9999.0,-9999.0,size,orientation,color,0.26,-16.0,16,male,0,2706.1785744,0,26
3352,-9999.0,-9999.0,-9999.0,-9999.0,-9999.0,-9999.0,-9999.0,-9999.0,-9999.0,size,orientation,color,0.26,-16.0,16,male,0,2706.1785744,0,26
3353,-9999.0,-9999.0,-9999.0,-9999.0,-9999.0,-9999.0,-9999.0,-9999.0,-9999.0,size,orientation,color,0.26,-16.0,16,male,0,2706.1785744,0,26
3354,-9999.0,-9999.0,-9999.0,-9999.0,-9999.0,-9999.0,-9999.0,-9999.0,-9999.0,size,orientation,color,0.26,-16.0,16,male,0,2706.1785744,0,26
3355,-9999.0,-9999.0,-9999.0,-9999.0,-9999.0,-9999.0,-9999.0,-9999.0,-9999.0,size,orientation,color,0.26,-16.0,16,male,0,2706.1785744,0,26
3356,-9999.0,-9999.0,-9999.0,-9999.0,-9999.0,-9999.0,-9999.0,-9999.0,-9999.0,size,orientation,color,0.26,-16.0,16,male,0,2706.1785744,0,26
3357,-9999.0,-9999.0,-9999.0,-9999.0,-9999.0,-9999.0,-9999.0,-9999.0,-9999.0,size,orientation,color,0.26,-16.0,16,male,0,2706.1785744,0,26
3358,-9999.0,-9999.0,-9999.0,-9999.0,-9999.0,-9999.0,-9999.0,-9999.0,-9999.0,size,orientation,color,0.26,-16.0,16,male,0,2706.1785744,0,26
3359,-9999.0,-9999.0,-9999.0,-9999.0,-9999.0,-9999.0,-9999.0,-9999.0,-9999.0,size,orientation,color,0.26,-16.0,16,male,0,2706.1785744,0,26
3360,-9999.0,-9999.0,-9999.0,-9999.0,-9999.0,-9999.0,-9999.0,-9999.0,-9999.0,size,orientation,color,0.26,-16.0,16,male,0,2706.1785744,0,26
3361,-9999.0,-9999.0,-9999.0,-9999.0,-9999.0,-9999.0,-9999.0,-9999.0,-9999.0,size,orientation,color,0.26,-16.0,16,male,0,2706.1785744,0,26
3362,-9999.0,-9999.0,-9999.0,-9999.0,-9999.0,-9999.0,-9999.0,-9999.0,-9999.0,size,orientation,color,0.26,-16.0,16,male,0,2706.1785744,0,26
3363,-9999.0,-9999.0,-9999.0,-9999.0,-9999.0,-9999.0,-9999.0,-9999.0,-9999.0,size,orientation,color,0.26,-16.0,16,male,0,2706.1785744,0,26
3364,-9999.0,-9999.0,-9999.0,-9999.0,-9999.0,-9999.0,-9999.0,-9999.0,-9999.0,size,orientation,color,0.26,-16.0,16,male,0,2706.1785744,0,26
3365,-9999.0,-9999.0,-9999.0,-9999.0,-9999.0,-9999.0,-9999.0,-9999.0,-9999.0,size,orientation,color,0.26,-16.0,16,male,0,2706.1785744,0,26
3366,-9999.0,-9999.0,-9999.0,-9999.0,-9999.0,-9999.0,-9999.0,-9999.0,-9999.0,size,orientation,color,0.26,-16.0,16,male,0,2706.1785744,0,26
3367,-9999.0,-9999.0,-9999.0,-9999.0,-9999.0,-9999.0,-9999.0,-9999.0,-9999.0,size,orientation,color,0.26,-16.0,16,male,0,2706.1785744,0,26
3368,-9999.0,-9999.0,-9999.0,-9999.0,-9999.0,-9999.0,-9999.0,-9999.0,-9999.0,size,orientation,color,0.26,-16.0,16,male,0,2706.1785744,0,26
3369,-9999.0,-9999.0,-9999.0,-9999.0,-9999.0,-9999.0,-9999.0,-9999.0,-9999.0,size,orientation,color,0.26,-16.0,16,male,0,2706.1785744,0,26
3370,-9999.0,-9999.0,-9999.0,-9999.0,-9999.0,-9999.0,-9999.0,-9999.0,-9999.0,size,orientation,color,0.26,-16.0,16,male,0,2706.1785744,0,26
3371,-9999.0,-9999.0,-9999.0,-9999.0,-9999.0,-9999.0,-9999.0,-9999.0,-9999.0,size,orientation,color,0.26,-16.0,16,male,0,2706.1785744,0,26
3372,-9999.0,-9999.0,-9999.0,-9999.0,-9999.0,-9999.0,-9999.0,-9999.0,-9999.0,size,orientation,color,0.26,-16.0,16,male,0,2706.1785744,0,26
3373,-9999.0,-9999.0,-9999.0,-9999.0,-9999.0,-9999.0,-9999.0,-9999.0,-9999.0,size,orientation,color,0.26,-16.0,16,male,0,2706.1785744,0,26
3374,-9999.0,-9999.0,-9999.0,-9999.0,-9999.0,-9999.0,-9999.0,-9999.0,-9999.0,size,orientation,color,0.26,-16.0,16,male,0,2706.1785744,0,26
3375,-9999.0,-9999.0,-9999.0,-9999.0,-9999.0,-9999.0,-9999.0,-9999.0,-9999.0,size,orientation,color,0.26,-16.0,16,male,0,2706.1785744,0,26
3376,-9999.0,-9999.0,-9999.0,-9999.0,-9999.0,-9999.0,-9999.0,-9999.0,-9999.0,size,orientation,color,0.26,-16.0,16,male,0,2706.1785744,0,26
3377,-9999.0,-9999.0,-9999.0,-9999.0,-9999.0,-9999.0,-9999.0,-9999.0,-9999.0,size,orientation,color,0.26,-16.0,16,male,0,2706.1785744,0,26
3378,-9999.0,-9999.0,-9999.0,-9999.0,-9999.0,-9999.0,-9999.0,-9999.0,-9999.0,size,orientation,color,0.26,-16.0,16,male,0,2706.1785744,0,26
3379,-9999.0,-9999.0,-9999.0,-9999.0,-9999.0,-9999.0,-9999.0,-9999.0,-9999.0,size,orientation,color,0.26,-16.0,16,male,0,2706.1785744,0,26
3380,-9999.0,-9999.0,-9999.0,-9999.0,-9999.0,-9999.0,-9999.0,-9999.0,-9999.0,size,orientation,color,0.26,-16.0,16,male,0,2706.1785744,0,26
3381,-9999.0,-9999.0,-9999.0,-9999.0,-9999.0,-9999.0,-9999.0,-9999.0,-9999.0,size,orientation,color,0.26,-16.0,16,male,0,2706.1785744,0,26
3382,-9999.0,-9999.0,-9999.0,-9999.0,-9999.0,-9999.0,-9999.0,-9999.0,-9999.0,size,orientation,color,0.26,-16.0,16,male,0,2706.1785744,0,26
3383,-9999.0,-9999.0,-9999.0,-9999.0,-9999.0,-9999.0,-9999.0,-9999.0,-9999.0,size,orientation,color,0.26,-16.0,16,male,0,2706.1785744,0,26
3384,-9999.0,-9999.0,-9999.0,-9999.0,-9999.0,-9999.0,-9999.0,-9999.0,-9999.0,size,orientation,color,0.26,-16.0,16,male,0,2706.1785744,0,26
3385,-9999.0,-9999.0,-9999.0,-9999.0,-9999.0,-9999.0,-9999.0,-9999.0,-9999.0,size,orientation,color,0.26,-16.0,16,male,0,2706.1785744,0,26
3386,-9999.0,-9999.0,-9999.0,-9999.0,-9999.0,-9999.0,-9999.0,-9999.0,-9999.0,size,orientation,color,0.26,-16.0,16,male,0,2706.1785744,0,26
3387,-9999.0,-9999.0,-9999.0,-9999.0,-9999.0,-9999.0,-9999.0,-9999.0,-9999.0,size,orientation,color,0.26,-16.0,16,male,0,2706.1785744,0,26
3388,-9999.0,-9999.0,-9999.0,-9999.0,-9999.0,-9999.0,-9999.0,-9999.0,-9999.0,size,orientation,color,0.26,-16.0,16,male,0,2706.1785744,0,26
3389,-9999.0,-9999.0,-9999.0,-9999.0,-9999.0,-9999.0,-9999.0,-9999.0,-9999.0,size,orientation,color,0.26,-16.0,16,male,0,2706.1785744,0,26
3390,-9999.0,-9999.0,-9999.0,-9999.0,-9999.0,-9999.0,-9999.0,-9999.0,-9999.0,size,orientation,color,0.26,-16.0,16,male,0,2706.1785744,0,26
3391,-9999.0,-9999.0,-9999.0,-9999.0,-9999.0,-9999.0,-9999.0,-9999.0,-9999.0,size,orientation,color,0.26,-16.0,16,male,0,2706.1785744,0,26
3392,-9999.0,-9999.0,-9999.0,-9999.0,-9999.0,-9999.0,-9999.0,-9999.0,-9999.0,size,orientation,color,0.26,-16.0,16,male,0,2706.1785744,0,26
3393,-9999.0,-9999.0,-9999.0,-9999.0,-9999.0,-9999.0,-9999.0,-9999.0,-9999.0,size,orientation,color,0.26,-16.0,16,male,0,2706.1785744,0,26
3394,-9999.0,-9999.0,-9999.0,-9999.0,-9999.0,-9999.0,-9999.0,-9999.0,-9999.0,size,orientation,color,0.26,-16.0,16,male,0,2706.1785744,0,26
3395,-9999.0,-9999.0,-9999.0,-9999.0,-9999.0,-9999.0,-9999.0,-9999.0,-9999.0,size,orientation,color,0.26,-16.0,16,male,0,2706.1785744,0,26
3396,-9999.0,-9999.0,-9999.0,-9999.0,-9999.0,-9999.0,-9999.0,-9999.0,-9999.0,size,orientation,color,0.26,-16.0,16,male,0,2706.1785744,0,26
3397,-9999.0,-9999.0,-9999.0,-9999.0,-9999.0,-9999.0,-9999.0,-9999.0,-9999.0,size,orientation,color,0.26,-16.0,16,male,0,2706.1785744,0,26
3398,-9999.0,-9999.0,-9999.0,-9999.0,-9999.0,-9999.0,-9999.0,-9999.0,-9999.0,size,orientation,color,0.26,-16.0,16,male,0,2706.1785744,0,26
3399,-9999.0,-9999.0,-9999.0,-9999.0,-9999.0,-9999.0,-9999.0,-9999.0,-9999.0,size,orientation,color,0.26,-16.0,16,male,0,2706.1785744,0,26
3400,-9999.0,-9999.0,-9999.0,-9999.0,-9999.0,-9999.0,-9999.0,-9999.0,-9999.0,size,orientation,color,0.26,-16.0,16,male,0,2706.1785744,0,26
3401,-9999.0,-9999.0,-9999.0,-9999.0,-9999.0,-9999.0,-9999.0,-9999.0,-9999.0,size,orientation,color,0.26,-16.0,16,male,0,2706.1785744,0,26
3402,-9999.0,-9999.0,-9999.0,-9999.0,-9999.0,-9999.0,-9999.0,-9999.0,-9999.0,size,orientation,color,0.26,-16.0,16,male,0,2706.1785744,0,26
3403,-9999.0,-9999.0,-9999.0,-9999.0,-9999.0,-9999.0,-9999.0,-9999.0,-9999.0,size,orientation,color,0.26,-16.0,16,male,0,2706.1785744,0,26
3404,-9999.0,-9999.0,-9999.0,-9999.0,-9999.0,-9999.0,-9999.0,-9999.0,-9999.0,size,orientation,color,0.26,-16.0,16,male,0,2706.1785744,0,26
3405,-9999.0,-9999.0,-9999.0,-9999.0,-9999.0,-9999.0,-9999.0,-9999.0,-9999.0,size,orientation,color,0.26,-16.0,16,male,0,2706.1785744,0,26
3406,-9999.0,-9999.0,-9999.0,-9999.0,-9999.0,-9999.0,-9999.0,-9999.0,-9999.0,size,orientation,color,0.26,-16.0,16,male,0,2706.1785744,0,26
3407,-9999.0,-9999.0,-9999.0,-9999.0,-9999.0,-9999.0,-9999.0,-9999.0,-9999.0,size,orientation,color,0.26,-16.0,16,male,0,2706.1785744,0,26
3408,-9999.0,-9999.0,-9999.0,-9999.0,-9999.0,-9999.0,-9999.0,-9999.0,-9999.0,size,orientation,color,0.26,-16.0,16,male,0,2706.1785744,0,26
3409,-9999.0,-9999.0,-9999.0,-9999.0,-9999.0,-9999.0,-9999.0,-9999.0,-9999.0,size,orientation,color,0.26,-16.0,16,male,0,2706.1785744,0,26
3410,-9999.0,-9999.0,-9999.0,-9999.0,-9999.0,-9999.0,-9999.0,-9999.0,-9999.0,size,orientation,color,0.26,-16.0,16,male,0,2706.1785744,0,26
3411,-9999.0,-9999.0,-9999.0,-9999.0,-9999.0,-9999.0,-9999.0,-9999.0,-9999.0,size,orientation,color,0.26,-16.0,16,male,0,2706.1785744,0,26
3412,-9999.0,-9999.0,-9999.0,-9999.0,-9999.0,-9999.0,-9999.0,-9999.0,-9999.0,size,orientation,color,0.26,-16.0,16,male,0,2706.1785744,0,26
3413,-9999.0,-9999.0,-9999.0,-9999.0,-9999.0,-9999.0,-9999.0,-9999.0,-9999.0,size,orientation,color,0.26,-16.0,16,male,0,2706.1785744,0,26
3414,-9999.0,-9999.0,-9999.0,-9999.0,-9999.0,-9999.0,-9999.0,-9999.0,-9999.0,size,orientation,color,0.26,-16.0,16,male,0,2706.1785744,0,26
3415,-9999.0,-9999.0,-9999.0,-9999.0,-9999.0,-9999.0,-9999.0,-9999.0,-9999.0,size,orientation,color,0.26,-16.0,16,male,0,2706.1785744,0,26
3416,-9999.0,-9999.0,-9999.0,-9999.0,-9999.0,-9999.0,-9999.0,-9999.0,-9999.0,size,orientation,color,0.26,-16.0,16,male,0,2706.1785744,0,26
3417,-9999.0,-9999.0,-9999.0,-9999.0,-9999.0,-9999.0,-9999.0,-9999.0,-9999.0,size,orientation,color,0.26,-16.0,16,male,0,2706.1785744,0,26
3418,-9999.0,-9999.0,-9999.0,-9999.0,-9999.0,-9999.0,-9999.0,-9999.0,-9999.0,size,orientation,color,0.26,-16.0,16,male,0,2706.1785744,0,26
3419,-9999.0,-9999.0,-9999.0,-9999.0,-9999.0,-9999.0,-9999.0,-9999.0,-9999.0,size,orientation,color,0.26,-16.0,16,male,0,2706.1785744,0,26
3420,-9999.0,-9999.0,-9999.0,-9999.0,-9999.0,-9999.0,-9999.0,-9999.0,-9999.0,size,orientation,color,0.26,-16.0,16,male,0,2706.1785744,0,26
3421,-9999.0,-9999.0,-9999.0,-9999.0,-9999.0,-9999.0,-9999.0,-9999.0,-9999.0,size,orientation,color,0.26,-16.0,16,male,0,2706.1785744,0,26
3422,-9999.0,-9999.0,-9999.0,-9999.0,-9999.0,-9999.0,-9999.0,-9999.0,-9999.0,size,orientation,color,0.26,-16.0,16,male,0,2706.1785744,0,26
3423,-9999.0,-9999.0,-9999.0,-9999.0,-9999.0,-9999.0,-9999.0,-9999.0,-9999.0,size,orientation,color,0.26,-16.0,16,male,0,2706.1785744,0,26
3424,-9999.0,-9999.0,-9999.0,-9999.0,-9999.0,-9999.0,-9999.0,-9999.0,-9999.0,size,orientation,color,0.26,-16.0,16,male,0,2706.1785744,0,26
3425,-9999.0,-9999.0,-9999.0,-9999.0,-9999.0,-9999.0,-9999.0,-9999.0,-9999.0,size,orientation,color,0.26,-16.0,16,male,0,2706.1785744,0,26
3426,-9999.0,-9999.0,-9999.0,-9999.0,-9999.0,-9999.0,-9999.0,-9999.0,-9999.0,size,orientation,color,0.26,-16.0,16,male,0,2706.1785744,0,26
3427,-9999.0,-9999.0,-9999.0,-9999.0,-9999.0,-9999.0,-9999.0,-9999.0,-9999.0,size,orientation,color,0.26,-16.0,16,male,0,2706.1785744,0,26
3428,-9999.0,-9999.0,-9999.0,-9999.0,-9999.0,-9999.0,-9999.0,-9999.0,-9999.0,size,orientation,color,0.26,-16.0,16,male,0,2706.1785744,0,26
3429,-9999.0,-9999.0,-9999.0,-9999.0,-9999.0,-9999.0,-9999.0,-9999.0,-9999.0,size,orientation,color,0.26,-16.0,16,male,0,2706.1785744,0,26
3430,-9999.0,-9999.0,-9999.0,-9999.0,-9999.0,-9999.0,-9999.0,-9999.0,-9999.0,size,orientation,color,0.26,-16.0,16,male,0,2706.1785744,0,26
3431,-9999.0,-9999.0,-9999.0,-9999.0,-9999.0,-9999.0,-9999.0,-9999.0,-9999.0,size,orientation,color,0.26,-16.0,16,male,0,2706.1785744,0,26
3432,-9999.0,-9999.0,-9999.0,-9999.0,-9999.0,-9999.0,-9999.0,-9999.0,-9999.0,size,orientation,color,0.26,-16.0,16,male,0,2706.1785744,0,26
3433,-9999.0,-9999.0,-9999.0,-9999.0,-9999.0,-9999.0,-9999.0,-9999.0,-9999.0,size,orientation,color,0.26,-16.0,16,male,0,2706.1785744,0,26
3434,-9999.0,-9999.0,-9999.0,-9999.0,-9999.0,-9999.0,-9999.0,-9999.0,-9999.0,size,orientation,color,0.26,-16.0,16,male,0,2706.1785744,0,26
3435,-9999.0,-9999.0,-9999.0,-9999.0,-9999.0,-9999.0,-9999.0,-9999.0,-9999.0,size,orientation,color,0.26,-16.0,16,male,0,2706.1785744,0,26
3436,-9999.0,-9999.0,-9999.0,-9999.0,-9999.0,-9999.0,-9999.0,-9999.0,-9999.0,size,orientation,color,0.26,-16.0,16,male,0,2706.1785744,0,26
3437,-9999.0,-9999.0,-9999.0,-9999.0,-9999.0,-9999.0,-9999.0,-9999.0,-9999.0,size,orientation,color,0.26,-16.0,16,male,0,2706.1785744,0,26
3438,-9999.0,-9999.0,-9999.0,-9999.0,-9999.0,-9999.0,-9999.0,-9999.0,-9999.0,size,orientation,color,0.26,-16.0,16,male,0,2706.1785744,0,26
3439,-9999.0,-9999.0,-9999.0,-9999.0,-9999.0,-9999.0,-9999.0,-9999.0,-9999.0,size,orientation,color,0.26,-16.0,16,male,0,2706.1785744,0,26
3440,-9999.0,-9999.0,-9999.0,-9999.0,-9999.0,-9999.0,-9999.0,-9999.0,-9999.0,size,orientation,color,0.26,-16.0,16,male,0,2706.1785744,0,26
3441,-9999.0,-9999.0,-9999.0,-9999.0,-9999.0,-9999.0,-9999.0,-9999.0,-9999.0,size,orientation,color,0.26,-16.0,16,male,0,2706.1785744,0,26
3442,-9999.0,-9999.0,-9999.0,-9999.0,-9999.0,-9999.0,-9999.0,-9999.0,-9999.0,size,orientation,color,0.26,-16.0,16,male,0,2706.1785744,0,26
3443,-9999.0,-9999.0,-9999.0,-9999.0,-9999.0,-9999.0,-9999.0,-9999.0,-9999.0,size,orientation,color,0.26,-16.0,16,male,0,2706.1785744,0,26
3444,-9999.0,-9999.0,-9999.0,-9999.0,-9999.0,-9999.0,-9999.0,-9999.0,-9999.0,size,orientation,color,0.26,-16.0,16,male,0,2706.1785744,0,26
3445,-9999.0,-9999.0,-9999.0,-9999.0,-9999.0,-9999.0,-9999.0,-9999.0,-9999.0,size,orientation,color,0.26,-16.0,16,male,0,2706.1785744,0,26
3446,-9999.0,-9999.0,-9999.0,-9999.0,-9999.0,-9999.0,-9999.0,-9999.0,-9999.0,size,orientation,color,0.26,-16.0,16,male,0,2706.1785744,0,26
3447,-9999.0,-9999.0,-9999.0,-9999.0,-9999.0,-9999.0,-9999.0,-9999.0,-9999.0,size,orientation,color,0.26,-16.0,16,male,0,2706.1785744,0,26
3448,-9999.0,-9999.0,-9999.0,-9999.0,-9999.0,-9999.0,-9999.0,-9999.0,-9999.0,size,orientation,color,0.26,-16.0,16,male,0,2706.1785744,0,26
3449,-9999.0,-9999.0,-9999.0,-9999.0,-9999.0,-9999.0,-9999.0,-9999.0,-9999.0,size,orientation,color,0.26,-16.0,16,male,0,2706.1785744,0,26
3450,-9999.0,-9999.0,-9999.0,-9999.0,-9999.0,-9999.0,-9999.0,-9999.0,-9999.0,size,orientation,color,0.26,-16.0,16,male,0,2706.1785744,0,26
3451,-9999.0,-9999.0,-9999.0,-9999.0,-9999.0,-9999.0,-9999.0,-9999.0,-9999.0,size,orientation,color,0.26,-16.0,16,male,0,2706.1785744,0,26
3452,-9999.0,-9999.0,-9999.0,-9999.0,-9999.0,-9999.0,-9999.0,-9999.0,-9999.0,size,orientation,color,0.26,-16.0,16,male,0,2706.1785744,0,26
3453,-9999.0,-9999.0,-9999.0,-9999.0,-9999.0,-9999.0,-9999.0,-9999.0,-9999.0,size,orientation,color,0.26,-16.0,16,male,0,2706.1785744,0,26
3454,-9999.0,-9999.0,-9999.0,-9999.0,-9999.0,-9999.0,-9999.0,-9999.0,-9999.0,size,orientation,color,0.26,-16.0,16,male,0,2706.1785744,0,26
3455,-9999.0,-9999.0,-9999.0,-9999.0,-9999.0,-9999.0,-9999.0,-9999.0,-9999.0,size,orientation,color,0.26,-16.0,16,male,0,2706.1785744,0,26
3456,-9999.0,-9999.0,-9999.0,-9999.0,-9999.0,-9999.0,-9999.0,-9999.0,-9999.0,size,orientation,color,0.26,-16.0,16,male,0,2706.1785744,0,26
3457,-9999.0,-9999.0,-9999.0,-9999.0,-9999.0,-9999.0,-9999.0,-9999.0,-9999.0,size,orientation,color,0.26,-16.0,16,male,0,2706.1785744,0,26
3458,-9999.0,-9999.0,-9999.0,-9999.0,-9999.0,-9999.0,-9999.0,-9999.0,-9999.0,size,orientation,color,0.26,-16.0,16,male,0,2706.1785744,0,26
3459,-9999.0,-9999.0,-9999.0,-9999.0,-9999.0,-9999.0,-9999.0,-9999.0,-9999.0,size,orientation,color,0.26,-16.0,16,male,0,2706.1785744,0,26
3460,-9999.0,-9999.0,-9999.0,-9999.0,-9999.0,-9999.0,-9999.0,-9999.0,-9999.0,size,orientation,color,0.26,-16.0,16,male,0,2706.1785744,0,26
3461,-9999.0,-9999.0,-9999.0,-9999.0,-9999.0,-9999.0,-9999.0,-9999.0,-9999.0,size,orientation,color,0.26,-16.0,16,male,0,2706.1785744,0,26
3462,-9999.0,-9999.0,-9999.0,-9999.0,-9999.0,-9999.0,-9999.0,-9999.0,-9999.0,size,orientation,color,0.26,-16.0,16,male,0,2706.1785744,0,26
3463,-9999.0,-9999.0,-9999.0,-9999.0,-9999.0,-9999.0,-9999.0,-9999.0,-9999.0,size,orientation,color,0.26,-16.0,16,male,0,2706.1785744,0,26
3464,-9999.0,-9999.0,-9999.0,-9999.0,-9999.0,-9999.0,-9999.0,-9999.0,-9999.0,size,orientation,color,0.26,-16.0,16,male,0,2706.1785744,0,26
3465,-9999.0,-9999.0,-9999.0,-9999.0,-9999.0,-9999.0,-9999.0,-9999.0,-9999.0,size,orientation,color,0.26,-16.0,16,male,0,2706.1785744,0,26
3466,-9999.0,-9999.0,-9999.0,-9999.0,-9999.0,-9999.0,-9999.0,-9999.0,-9999.0,size,orientation,color,0.26,-16.0,16,male,0,2706.1785744,0,26
3467,-9999.0,-9999.0,-9999.0,-9999.0,-9999.0,-9999.0,-9999.0,-9999.0,-9999.0,size,orientation,color,0.26,-16.0,16,male,0,2706.1785744,0,26
3468,-9999.0,-9999.0,-9999.0,-9999.0,-9999.0,-9999.0,-9999.0,-9999.0,-9999.0,size,orientation,color,0.26,-16.0,16,male,0,2706.1785744,0,26
3469,-9999.0,-9999.0,-9999.0,-9999.0,-9999.0,-9999.0,-9999.0,-9999.0,-9999.0,size,orientation,color,0.26,-16.0,16,male,0,2706.1785744,0,26
3470,-9999.0,-9999.0,-9999.0,-9999.0,-9999.0,-9999.0,-9999.0,-9999.0,-9999.0,size,orientation,color,0.26,-16.0,16,male,0,2706.1785744,0,26
3471,-9999.0,-9999.0,-9999.0,-9999.0,-9999.0,-9999.0,-9999.0,-9999.0,-9999.0,size,orientation,color,0.26,-16.0,16,male,0,2706.1785744,0,26
3472,-9999.0,-9999.0,-9999.0,-9999.0,-9999.0,-9999.0,-9999.0,-9999.0,-9999.0,size,orientation,color,0.26,-16.0,16,male,0,2706.1785744,0,26
3473,-9999.0,-9999.0,-9999.0,-9999.0,-9999.0,-9999.0,-9999.0,-9999.0,-9999.0,size,orientation,color,0.26,-16.0,16,male,0,2706.1785744,0,26
3474,-9999.0,-9999.0,-9999.0,-9999.0,-9999.0,-9999.0,-9999.0,-9999.0,-9999.0,size,orientation,color,0.26,-16.0,16,male,0,2706.1785744,0,26
3475,-9999.0,-9999.0,-9999.0,-9999.0,-9999.0,-9999.0,-9999.0,-9999.0,-9999.0,size,orientation,color,0.26,-16.0,16,male,0,2706.1785744,0,26
3476,-9999.0,-9999.0,-9999.0,-9999.0,-9999.0,-9999.0,-9999.0,-9999.0,-9999.0,size,orientation,color,0.26,-16.0,16,male,0,2706.1785744,0,26
3477,-9999.0,-9999.0,-9999.0,-9999.0,-9999.0,-9999.0,-9999.0,-9999.0,-9999.0,size,orientation,color,0.26,-16.0,16,male,0,2706.1785744,0,26
3478,-9999.0,-9999.0,-9999.0,-9999.0,-9999.0,-9999.0,-9999.0,-9999.0,-9999.0,size,orientation,color,0.26,-16.0,16,male,0,2706.1785744,0,26
3479,-9999.0,-9999.0,-9999.0,-9999.0,-9999.0,-9999.0,-9999.0,-9999.0,-9999.0,size,orientation,color,0.26,-16.0,16,male,0,2706.1785744,0,26
3480,-9999.0,-9999.0,-9999.0,-9999.0,-9999.0,-9999.0,-9999.0,-9999.0,-9999.0,size,orientation,color,0.26,-16.0,16,male,0,2706.1785744,0,26
3481,-9999.0,-9999.0,-9999.0,-9999.0,-9999.0,-9999.0,-9999.0,-9999.0,-9999.0,size,orientation,color,0.26,-16.0,16,male,0,2706.1785744,0,26
3482,-9999.0,-9999.0,-9999.0,-9999.0,-9999.0,-9999.0,-9999.0,-9999.0,-9999.0,size,orientation,color,0.26,-16.0,16,male,0,2706.1785744,0,26
3483,-9999.0,-9999.0,-9999.0,-9999.0,-9999.0,-9999.0,-9999.0,-9999.0,-9999.0,size,orientation,color,0.26,-16.0,16,male,0,2706.1785744,0,26
3484,-9999.0,-9999.0,-9999.0,-9999.0,-9999.0,-9999.0,-9999.0,-9999.0,-9999.0,size,orientation,color,0.26,-16.0,16,male,0,2706.1785744,0,26
3485,-9999.0,-9999.0,-9999.0,-9999.0,-9999.0,-9999.0,-9999.0,-9999.0,-9999.0,size,orientation,color,0.26,-16.0,16,male,0,2706.1785744,0,26
3486,-9999.0,-9999.0,-9999.0,-9999.0,-9999.0,-9999.0,-9999.0,-9999.0,-9999.0,size,orientation,color,0.26,-16.0,16,male,0,2706.1785744,0,26
3487,-9999.0,-9999.0,-9999.0,-9999.0,-9999.0,-9999.0,-9999.0,-9999.0,-9999.0,size,orientation,color,0.26,-16.0,16,male,0,2706.1785744,0,26
3488,-9999.0,-9999.0,-9999.0,-9999.0,-9999.0,-9999.0,-9999.0,-9999.0,-9999.0,size,orientation,color,0.26,-16.0,16,male,0,2706.1785744,0,26
3489,-9999.0,-9999.0,-9999.0,-9999.0,-9999.0,-9999.0,-9999.0,-9999.0,-9999.0,size,orientation,color,0.26,-16.0,16,male,0,2706.1785744,0,26
3490,-9999.0,-9999.0,-9999.0,-9999.0,-9999.0,-9999.0,-9999.0,-9999.0,-9999.0,size,orientation,color,0.26,-16.0,16,male,0,2706.1785744,0,26
3491,-9999.0,-9999.0,-9999.0,-9999.0,-9999.0,-9999.0,-9999.0,-9999.0,-9999.0,size,orientation,color,0.26,-16.0,16,male,0,2706.1785744,0,26
3492,-9999.0,-9999.0,-9999.0,-9999.0,-9999.0,-9999.0,-9999.0,-9999.0,-9999.0,size,orientation,color,0.26,-16.0,16,male,0,2706.1785744,0,26
3493,-9999.0,-9999.0,-9999.0,-9999.0,-9999.0,-9999.0,-9999.0,-9999.0,-9999.0,size,orientation,color,0.26,-16.0,16,male,0,2706.1785744,0,26
3494,-9999.0,-9999.0,-9999.0,-9999.0,-9999.0,-9999.0,-9999.0,-9999.0,-9999.0,size,orientation,color,0.26,-16.0,16,male,0,2706.1785744,0,26
3495,-9999.0,-9999.0,-9999.0,-9999.0,-9999.0,-9999.0,-9999.0,-9999.0,-9999.0,size,orientation,color,0.26,-16.0,16,male,0,2706.1785744,0,26
3496,-9999.0,-9999.0,-9999.0,-9999.0,-9999.0,-9999.0,-9999.0,-9999.0,-9999.0,size,orientation,color,0.26,-16.0,16,male,0,2706.1785744,0,26
3497,-9999.0,-9999.0,-9999.0,-9999.0,-9999.0,-9999.0,-9999.0,-9999.0,-9999.0,size,orientation,color,0.26,-16.0,16,male,0,2706.1785744,0,26
3498,-9999.0,-9999.0,-9999.0,-9999.0,-9999.0,-9999.0,-9999.0,-9999.0,-9999.0,size,orientation,color,0.26,-16.0,16,male,0,2706.1785744,0,26
3499,-9999.0,-9999.0,-9999.0,-9999.0,-9999.0,-9999.0,-9999.0,-9999.0,-9999.0,size,orientation,color,0.26,-16.0,16,male,0,2706.1785744,0,26
3500,-9999.0,-9999.0,-9999.0,-9999.0,-9999.0,-9999.0,-9999.0,-9999.0,-9999.0,size,orientation,color,0.26,-16.0,16,male,0,2706.1785744,0,26
3501,-9999.0,-9999.0,-9999.0,-9999.0,-9999.0,-9999.0,-9999.0,-9999.0,-9999.0,size,orientation,color,0.26,-16.0,16,male,0,2706.1785744,0,26
3502,-9999.0,-9999.0,-9999.0,-9999.0,-9999.0,-9999.0,-9999.0,-9999.0,-9999.0,size,orientation,color,0.26,-16.0,16,male,0,2706.1785744,0,26
3503,-9999.0,-9999.0,-9999.0,-9999.0,-9999.0,-9999.0,-9999.0,-9999.0,-9999.0,size,orientation,color,0.26,-16.0,16,male,0,2706.1785744,0,26
3504,-9999.0,-9999.0,-9999.0,-9999.0,-9999.0,-9999.0,-9999.0,-9999.0,-9999.0,size,orientation,color,0.26,-16.0,16,male,0,2706.1785744,0,26
3505,-9999.0,-9999.0,-9999.0,-9999.0,-9999.0,-9999.0,-9999.0,-9999.0,-9999.0,size,orientation,color,0.26,-16.0,16,male,0,2706.1785744,0,26
3506,-9999.0,-9999.0,-9999.0,-9999.0,-9999.0,-9999.0,-9999.0,-9999.0,-9999.0,size,orientation,color,0.26,-16.0,16,male,0,2706.1785744,0,26
3507,-9999.0,-9999.0,-9999.0,-9999.0,-9999.0,-9999.0,-9999.0,-9999.0,-9999.0,size,orientation,color,0.26,-16.0,16,male,0,2706.1785744,0,26
3508,-9999.0,-9999.0,-9999.0,-9999.0,-9999.0,-9999.0,-9999.0,-9999.0,-9999.0,size,orientation,color,0.26,-16.0,16,male,0,2706.1785744,0,26
3509,-9999.0,-9999.0,-9999.0,-9999.0,-9999.0,-9999.0,-9999.0,-9999.0,-9999.0,size,orientation,color,0.26,-16.0,16,male,0,2706.1785744,0,26
3510,-9999.0,-9999.0,-9999.0,-9999.0,-9999.0,-9999.0,-9999.0,-9999.0,-9999.0,size,orientation,color,0.26,-16.0,16,male,0,2706.1785744,0,26
3511,-9999.0,-9999.0,-9999.0,-9999.0,-9999.0,-9999.0,-9999.0,-9999.0,-9999.0,size,orientation,color,0.26,-16.0,16,male,0,2706.1785744,0,26
3512,-9999.0,-9999.0,-9999.0,-9999.0,-9999.0,-9999.0,-9999.0,-9999.0,-9999.0,size,orientation,color,0.26,-16.0,16,male,0,2706.1785744,0,26
3513,-9999.0,-9999.0,-9999.0,-9999.0,-9999.0,-9999.0,-9999.0,-9999.0,-9999.0,size,orientation,color,0.26,-16.0,16,male,0,2706.1785744,0,26
3514,-9999.0,-9999.0,-9999.0,-9999.0,-9999.0,-9999.0,-9999.0,-9999.0,-9999.0,size,orientation,color,0.26,-16.0,16,male,0,2706.1785744,0,26
3515,-9999.0,-9999.0,-9999.0,-9999.0,-9999.0,-9999.0,-9999.0,-9999.0,-9999.0,size,orientation,color,0.26,-16.0,16,male,0,2706.1785744,0,26
3516,-9999.0,-9999.0,-9999.0,-9999.0,-9999.0,-9999.0,-9999.0,-9999.0,-9999.0,size,orientation,color,0.26,-16.0,16,male,0,2706.1785744,0,26
3517,-9999.0,-9999.0,-9999.0,-9999.0,-9999.0,-9999.0,-9999.0,-9999.0,-9999.0,size,orientation,color,0.26,-16.0,16,male,0,2706.1785744,0,26
3518,-9999.0,-9999.0,-9999.0,-9999.0,-9999.0,-9999.0,-9999.0,-9999.0,-9999.0,size,orientation,color,0.26,-16.0,16,male,0,2706.1785744,0,26
3519,-9999.0,-9999.0,-9999.0,-9999.0,-9999.0,-9999.0,-9999.0,-9999.0,-9999.0,size,orientation,color,0.26,-16.0,16,male,0,2706.1785744,0,26
3520,-9999.0,-9999.0,-9999.0,-9999.0,-9999.0,-9999.0,-9999.0,-9999.0,-9999.0,size,orientation,color,0.26,-16.0,16,male,0,2706.1785744,0,26
3521,-9999.0,-9999.0,-9999.0,-9999.0,-9999.0,-9999.0,-9999.0,-9999.0,-9999.0,size,orientation,color,0.26,-16.0,16,male,0,2706.1785744,0,26
3522,-9999.0,-9999.0,-9999.0,-9999.0,-9999.0,-9999.0,-9999.0,-9999.0,-9999.0,size,orientation,color,0.26,-16.0,16,male,0,2706.1785744,0,26
3523,-9999.0,-9999.0,-9999.0,-9999.0,-9999.0,-9999.0,-9999.0,-9999.0,-9999.0,size,orientation,color,0.26,-16.0,16,male,0,2706.1785744,0,26
3524,-9999.0,-9999.0,-9999.0,-9999.0,-9999.0,-9999.0,-9999.0,-9999.0,-9999.0,size,orientation,color,0.26,-16.0,16,male,0,2706.1785744,0,26
3525,-9999.0,-9999.0,-9999.0,-9999.0,-9999.0,-9999.0,-9999.0,-9999.0,-9999.0,size,orientation,color,0.26,-16.0,16,male,0,2706.1785744,0,26
3526,-9999.0,-9999.0,-9999.0,-9999.0,-9999.0,-9999.0,-9999.0,-9999.0,-9999.0,size,orientation,color,0.26,-16.0,16,male,0,2706.1785744,0,26
3527,-9999.0,-9999.0,-9999.0,-9999.0,-9999.0,-9999.0,-9999.0,-9999.0,-9999.0,size,orientation,color,0.26,-16.0,16,male,0,2706.1785744,0,26
3528,-9999.0,-9999.0,-9999.0,-9999.0,-9999.0,-9999.0,-9999.0,-9999.0,-9999.0,size,orientation,color,0.26,-16.0,16,male,0,2706.1785744,0,26
3529,-9999.0,-9999.0,-9999.0,-9999.0,-9999.0,-9999.0,-9999.0,-9999.0,-9999.0,size,orientation,color,0.26,-16.0,16,male,0,2706.1785744,0,26
3530,-9999.0,-9999.0,-9999.0,-9999.0,-9999.0,-9999.0,-9999.0,-9999.0,-9999.0,size,orientation,color,0.26,-16.0,16,male,0,2706.1785744,0,26
3531,-9999.0,-9999.0,-9999.0,-9999.0,-9999.0,-9999.0,-9999.0,-9999.0,-9999.0,size,orientation,color,0.26,-16.0,16,male,0,2706.1785744,0,26
3532,-9999.0,-9999.0,-9999.0,-9999.0,-9999.0,-9999.0,-9999.0,-9999.0,-9999.0,size,orientation,color,0.26,-16.0,16,male,0,2706.1785744,0,26
3533,-9999.0,-9999.0,-9999.0,-9999.0,-9999.0,-9999.0,-9999.0,-9999.0,-9999.0,size,orientation,color,0.26,-16.0,16,male,0,2706.1785744,0,26
3534,-9999.0,-9999.0,-9999.0,-9999.0,-9999.0,-9999.0,-9999.0,-9999.0,-9999.0,size,orientation,color,0.26,-16.0,16,male,0,2706.1785744,0,26
3535,-9999.0,-9999.0,-9999.0,-9999.0,-9999.0,-9999.0,-9999.0,-9999.0,-9999.0,size,orientation,color,0.26,-16.0,16,male,0,2706.1785744,0,26
3536,-9999.0,-9999.0,-9999.0,-9999.0,-9999.0,-9999.0,-9999.0,-9999.0,-9999.0,size,orientation,color,0.26,-16.0,16,male,0,2706.1785744,0,26
3537,-9999.0,-9999.0,-9999.0,-9999.0,-9999.0,-9999.0,-9999.0,-9999.0,-9999.0,size,orientation,color,0.26,-16.0,16,male,0,2706.1785744,0,26
3538,-9999.0,-9999.0,-9999.0,-9999.0,-9999.0,-9999.0,-9999.0,-9999.0,-9999.0,size,orientation,color,0.26,-16.0,16,male,0,2706.1785744,0,26
3539,-9999.0,-9999.0,-9999.0,-9999.0,-9999.0,-9999.0,-9999.0,-9999.0,-9999.0,size,orientation,color,0.26,-16.0,16,male,0,2706.1785744,0,26
3540,-9999.0,-9999.0,-9999.0,-9999.0,-9999.0,-9999.0,-9999.0,-9999.0,-9999.0,size,orientation,color,0.26,-16.0,16,male,0,2706.1785744,0,26
3541,-9999.0,-9999.0,-9999.0,-9999.0,-9999.0,-9999.0,-9999.0,-9999.0,-9999.0,size,orientation,color,0.26,-16.0,16,male,0,2706.1785744,0,26
3542,-9999.0,-9999.0,-9999.0,-9999.0,-9999.0,-9999.0,-9999.0,-9999.0,-9999.0,size,orientation,color,0.26,-16.0,16,male,0,2706.1785744,0,26
3543,-9999.0,-9999.0,-9999.0,-9999.0,-9999.0,-9999.0,-9999.0,-9999.0,-9999.0,size,orientation,color,0.26,-16.0,16,male,0,2706.1785744,0,26
3544,-9999.0,-9999.0,-9999.0,-9999.0,-9999.0,-9999.0,-9999.0,-9999.0,-9999.0,size,orientation,color,0.26,-16.0,16,male,0,2706.1785744,0,26
3545,-9999.0,-9999.0,-9999.0,-9999.0,-9999.0,-9999.0,-9999.0,-9999.0,-9999.0,size,orientation,color,0.26,-16.0,16,male,0,2706.1785744,0,26
3546,-9999.0,-9999.0,-9999.0,-9999.0,-9999.0,-9999.0,-9999.0,-9999.0,-9999.0,size,orientation,color,0.26,-16.0,16,male,0,2706.1785744,0,26
3547,-9999.0,-9999.0,-9999.0,-9999.0,-9999.0,-9999.0,-9999.0,-9999.0,-9999.0,size,orientation,color,0.26,-16.0,16,male,0,2706.1785744,0,26
3548,-9999.0,-9999.0,-9999.0,-9999.0,-9999.0,-9999.0,-9999.0,-9999.0,-9999.0,size,orientation,color,0.26,-16.0,16,male,0,2706.1785744,0,26
3549,-9999.0,-9999.0,-9999.0,-9999.0,-9999.0,-9999.0,-9999.0,-9999.0,-9999.0,size,orientation,color,0.26,-16.0,16,male,0,2706.1785744,0,26
3550,-9999.0,-9999.0,-9999.0,-9999.0,-9999.0,-9999.0,-9999.0,-9999.0,-9999.0,size,orientation,color,0.26,-16.0,16,male,0,2706.1785744,0,26
3551,-9999.0,-9999.0,-9999.0,-9999.0,-9999.0,-9999.0,-9999.0,-9999.0,-9999.0,size,orientation,color,0.26,-16.0,16,male,0,2706.1785744,0,26
3552,-9999.0,-9999.0,-9999.0,-9999.0,-9999.0,-9999.0,-9999.0,-9999.0,-9999.0,size,orientation,color,0.26,-16.0,16,male,0,2706.1785744,0,26
3553,-9999.0,-9999.0,-9999.0,-9999.0,-9999.0,-9999.0,-9999.0,-9999.0,-9999.0,size,orientation,color,0.26,-16.0,16,male,0,2706.1785744,0,26
3554,-9999.0,-9999.0,-9999.0,-9999.0,-9999.0,-9999.0,-9999.0,-9999.0,-9999.0,size,orientation,color,0.26,-16.0,16,male,0,2706.1785744,0,26
3555,-9999.0,-9999.0,-9999.0,-9999.0,-9999.0,-9999.0,-9999.0,-9999.0,-9999.0,size,orientation,color,0.26,-16.0,16,male,0,2706.1785744,0,26
3556,-9999.0,-9999.0,-9999.0,-9999.0,-9999.0,-9999.0,-9999.0,-9999.0,-9999.0,size,orientation,color,0.26,-16.0,16,male,0,2706.1785744,0,26
3557,-9999.0,-9999.0,-9999.0,-9999.0,-9999.0,-9999.0,-9999.0,-9999.0,-9999.0,size,orientation,color,0.26,-16.0,16,male,0,2706.1785744,0,26
3558,-9999.0,-9999.0,-9999.0,-9999.0,-9999.0,-9999.0,-9999.0,-9999.0,-9999.0,size,orientation,color,0.26,-16.0,16,male,0,2706.1785744,0,26
3559,-9999.0,-9999.0,-9999.0,-9999.0,-9999.0,-9999.0,-9999.0,-9999.0,-9999.0,size,orientation,color,0.26,-16.0,16,male,0,2706.1785744,0,26
3560,-9999.0,-9999.0,-9999.0,-9999.0,-9999.0,-9999.0,-9999.0,-9999.0,-9999.0,size,orientation,color,0.26,-16.0,16,male,0,2706.1785744,0,26
3561,-9999.0,-9999.0,-9999.0,-9999.0,-9999.0,-9999.0,-9999.0,-9999.0,-9999.0,size,orientation,color,0.26,-16.0,16,male,0,2706.1785744,0,26
3562,-9999.0,-9999.0,-9999.0,-9999.0,-9999.0,-9999.0,-9999.0,-9999.0,-9999.0,size,orientation,color,0.26,-16.0,16,male,0,2706.1785744,0,26
3563,-9999.0,-9999.0,-9999.0,-9999.0,-9999.0,-9999.0,-9999.0,-9999.0,-9999.0,size,orientation,color,0.26,-16.0,16,male,0,2706.1785744,0,26
3564,-9999.0,-9999.0,-9999.0,-9999.0,-9999.0,-9999.0,-9999.0,-9999.0,-9999.0,size,orientation,color,0.26,-16.0,16,male,0,2706.1785744,0,26
3565,-9999.0,-9999.0,-9999.0,-9999.0,-9999.0,-9999.0,-9999.0,-9999.0,-9999.0,size,orientation,color,0.26,-16.0,16,male,0,2706.1785744,0,26
3566,-9999.0,-9999.0,-9999.0,-9999.0,-9999.0,-9999.0,-9999.0,-9999.0,-9999.0,size,orientation,color,0.26,-16.0,16,male,0,2706.1785744,0,26
3567,-9999.0,-9999.0,-9999.0,-9999.0,-9999.0,-9999.0,-9999.0,-9999.0,-9999.0,size,orientation,color,0.26,-16.0,16,male,0,2706.1785744,0,26
3568,-9999.0,-9999.0,-9999.0,-9999.0,-9999.0,-9999.0,-9999.0,-9999.0,-9999.0,size,orientation,color,0.26,-16.0,16,male,0,2706.1785744,0,26
3569,-9999.0,-9999.0,-9999.0,-9999.0,-9999.0,-9999.0,-9999.0,-9999.0,-9999.0,size,orientation,color,0.26,-16.0,16,male,0,2706.1785744,0,26
3570,-9999.0,-9999.0,-9999.0,-9999.0,-9999.0,-9999.0,-9999.0,-9999.0,-9999.0,size,orientation,color,0.26,-16.0,16,male,0,2706.1785744,0,26
3571,-9999.0,-9999.0,-9999.0,-9999.0,-9999.0,-9999.0,-9999.0,-9999.0,-9999.0,size,orientation,color,0.26,-16.0,16,male,0,2706.1785744,0,26
3572,-9999.0,-9999.0,-9999.0,-9999.0,-9999.0,-9999.0,-9999.0,-9999.0,-9999.0,size,orientation,color,0.26,-16.0,16,male,0,2706.1785744,0,26
3573,-9999.0,-9999.0,-9999.0,-9999.0,-9999.0,-9999.0,-9999.0,-9999.0,-9999.0,size,orientation,color,0.26,-16.0,16,male,0,2706.1785744,0,26
3574,-9999.0,-9999.0,-9999.0,-9999.0,-9999.0,-9999.0,-9999.0,-9999.0,-9999.0,size,orientation,color,0.26,-16.0,16,male,0,2706.1785744,0,26
3575,-9999.0,-9999.0,-9999.0,-9999.0,-9999.0,-9999.0,-9999.0,-9999.0,-9999.0,size,orientation,color,0.26,-16.0,16,male,0,2706.1785744,0,26
3576,-9999.0,-9999.0,-9999.0,-9999.0,-9999.0,-9999.0,-9999.0,-9999.0,-9999.0,size,orientation,color,0.26,-16.0,16,male,0,2706.1785744,0,26
3577,-9999.0,-9999.0,-9999.0,-9999.0,-9999.0,-9999.0,-9999.0,-9999.0,-9999.0,size,orientation,color,0.26,-16.0,16,male,0,2706.1785744,0,26
3578,-9999.0,-9999.0,-9999.0,-9999.0,-9999.0,-9999.0,-9999.0,-9999.0,-9999.0,size,orientation,color,0.26,-16.0,16,male,0,2706.1785744,0,26
3579,-9999.0,-9999.0,-9999.0,-9999.0,-9999.0,-9999.0,-9999.0,-9999.0,-9999.0,size,orientation,color,0.26,-16.0,16,male,0,2706.1785744,0,26
3580,-9999.0,-9999.0,-9999.0,-9999.0,-9999.0,-9999.0,-9999.0,-9999.0,-9999.0,size,orientation,color,0.26,-16.0,16,male,0,2706.1785744,0,26
3581,-9999.0,-9999.0,-9999.0,-9999.0,-9999.0,-9999.0,-9999.0,-9999.0,-9999.0,size,orientation,color,0.26,-16.0,16,male,0,2706.1785744,0,26
3582,-9999.0,-9999.0,-9999.0,-9999.0,-9999.0,-9999.0,-9999.0,-9999.0,-9999.0,size,orientation,color,0.26,-16.0,16,male,0,2706.1785744,0,26
3583,-9999.0,-9999.0,-9999.0,-9999.0,-9999.0,-9999.0,-9999.0,-9999.0,-9999.0,size,orientation,color,0.26,-16.0,16,male,0,2706.1785744,0,26
3584,-9999.0,-9999.0,-9999.0,-9999.0,-9999.0,-9999.0,-9999.0,-9999.0,-9999.0,size,orientation,color,0.26,-16.0,16,male,0,2706.1785744,0,26
3585,-9999.0,-9999.0,-9999.0,-9999.0,-9999.0,-9999.0,-9999.0,-9999.0,-9999.0,size,orientation,color,0.26,-16.0,16,male,0,2706.1785744,0,26
3586,-9999.0,-9999.0,-9999.0,-9999.0,-9999.0,-9999.0,-9999.0,-9999.0,-9999.0,size,orientation,color,0.26,-16.0,16,male,0,2706.1785744,0,26
3587,-9999.0,-9999.0,-9999.0,-9999.0,-9999.0,-9999.0,-9999.0,-9999.0,-9999.0,size,orientation,color,0.26,-16.0,16,male,0,2706.1785744,0,26
3588,-9999.0,-9999.0,-9999.0,-9999.0,-9999.0,-9999.0,-9999.0,-9999.0,-9999.0,size,orientation,color,0.26,-16.0,16,male,0,2706.1785744,0,26
3589,-9999.0,-9999.0,-9999.0,-9999.0,-9999.0,-9999.0,-9999.0,-9999.0,-9999.0,size,orientation,color,0.26,-16.0,16,male,0,2706.1785744,0,26
3590,-9999.0,-9999.0,-9999.0,-9999.0,-9999.0,-9999.0,-9999.0,-9999.0,-9999.0,size,orientation,color,0.26,-16.0,16,male,0,2706.1785744,0,26
3591,-9999.0,-9999.0,-9999.0,-9999.0,-9999.0,-9999.0,-9999.0,-9999.0,-9999.0,size,orientation,color,0.26,-16.0,16,male,0,2706.1785744,0,26
3592,-9999.0,-9999.0,-9999.0,-9999.0,-9999.0,-9999.0,-9999.0,-9999.0,-9999.0,size,orientation,color,0.26,-16.0,16,male,0,2706.1785744,0,26
3593,-9999.0,-9999.0,-9999.0,-9999.0,-9999.0,-9999.0,-9999.0,-9999.0,-9999.0,size,orientation,color,0.26,-16.0,16,male,0,2706.1785744,0,26
3594,-9999.0,-9999.0,-9999.0,-9999.0,-9999.0,-9999.0,-9999.0,-9999.0,-9999.0,size,orientation,color,0.26,-16.0,16,male,0,2706.1785744,0,26
3595,-9999.0,-9999.0,-9999.0,-9999.0,-9999.0,-9999.0,-9999.0,-9999.0,-9999.0,size,orientation,color,0.26,-16.0,16,male,0,2706.1785744,0,26
3596,-9999.0,-9999.0,-9999.0,-9999.0,-9999.0,-9999.0,-9999.0,-9999.0,-9999.0,size,orientation,color,0.26,-16.0,16,male,0,2706.1785744,0,26
3597,-9999.0,-9999.0,-9999.0,-9999.0,-9999.0,-9999.0,-9999.0,-9999.0,-9999.0,size,orientation,color,0.26,-16.0,16,male,0,2706.1785744,0,26
3598,-9999.0,-9999.0,-9999.0,-9999.0,-9999.0,-9999.0,-9999.0,-9999.0,-9999.0,size,orientation,color,0.26,-16.0,16,male,0,2706.1785744,0,26
3599,-9999.0,-9999.0,-9999.0,-9999.0,-9999.0,-9999.0,-9999.0,-9999.0,-9999.0,size,orientation,color,0.26,-16.0,16,male,0,2706.1785744,0,26
3600,-9999.0,-9999.0,-9999.0,-9999.0,-9999.0,-9999.0,-9999.0,-9999.0,-9999.0,size,orientation,color,0.26,-16.0,16,male,0,2706.1785744,0,26
3601,-9999.0,-9999.0,-9999.0,-9999.0,-9999.0,-9999.0,-9999.0,-9999.0,-9999.0,size,orientation,color,0.26,-16.0,16,male,0,2706.1785744,0,26
3602,-9999.0,-9999.0,-9999.0,-9999.0,-9999.0,-9999.0,-9999.0,-9999.0,-9999.0,size,orientation,color,0.26,-16.0,16,male,0,2706.1785744,0,26
3603,-9999.0,-9999.0,-9999.0,-9999.0,-9999.0,-9999.0,-9999.0,-9999.0,-9999.0,size,orientation,color,0.26,-16.0,16,male,0,2706.1785744,0,26
3604,-9999.0,-9999.0,-9999.0,-9999.0,-9999.0,-9999.0,-9999.0,-9999.0,-9999.0,size,orientation,color,0.26,-16.0,16,male,0,2706.1785744,0,26
3605,-9999.0,-9999.0,-9999.0,-9999.0,-9999.0,-9999.0,-9999.0,-9999.0,-9999.0,size,orientation,color,0.26,-16.0,16,male,0,2706.1785744,0,26
3606,-9999.0,-9999.0,-9999.0,-9999.0,-9999.0,-9999.0,-9999.0,-9999.0,-9999.0,size,orientation,color,0.26,-16.0,16,male,0,2706.1785744,0,26
3607,-9999.0,-9999.0,-9999.0,-9999.0,-9999.0,-9999.0,-9999.0,-9999.0,-9999.0,size,orientation,color,0.26,-16.0,16,male,0,2706.1785744,0,26
3608,-9999.0,-9999.0,-9999.0,-9999.0,-9999.0,-9999.0,-9999.0,-9999.0,-9999.0,size,orientation,color,0.26,-16.0,16,male,0,2706.1785744,0,26
3609,-9999.0,-9999.0,-9999.0,-9999.0,-9999.0,-9999.0,-9999.0,-9999.0,-9999.0,size,orientation,color,0.26,-16.0,16,male,0,2706.1785744,0,26
3610,-9999.0,-9999.0,-9999.0,-9999.0,-9999.0,-9999.0,-9999.0,-9999.0,-9999.0,size,orientation,color,0.26,-16.0,16,male,0,2706.1785744,0,26
3611,-9999.0,-9999.0,-9999.0,-9999.0,-9999.0,-9999.0,-9999.0,-9999.0,-9999.0,size,orientation,color,0.26,-16.0,16,male,0,2706.1785744,0,26
3612,-9999.0,-9999.0,-9999.0,-9999.0,-9999.0,-9999.0,-9999.0,-9999.0,-9999.0,size,orientation,color,0.26,-16.0,16,male,0,2706.1785744,0,26
3613,-9999.0,-9999.0,-9999.0,-9999.0,-9999.0,-9999.0,-9999.0,-9999.0,-9999.0,size,orientation,color,0.26,-16.0,16,male,0,2706.1785744,0,26
3614,-9999.0,-9999.0,-9999.0,-9999.0,-9999.0,-9999.0,-9999.0,-9999.0,-9999.0,size,orientation,color,0.26,-16.0,16,male,0,2706.1785744,0,26
3615,-9999.0,-9999.0,-9999.0,-9999.0,-9999.0,-9999.0,-9999.0,-9999.0,-9999.0,size,orientation,color,0.26,-16.0,16,male,0,2706.1785744,0,26
3616,-9999.0,-9999.0,-9999.0,-9999.0,-9999.0,-9999.0,-9999.0,-9999.0,-9999.0,size,orientation,color,0.26,-16.0,16,male,0,2706.1785744,0,26
3617,-9999.0,-9999.0,-9999.0,-9999.0,-9999.0,-9999.0,-9999.0,-9999.0,-9999.0,size,orientation,color,0.26,-16.0,16,male,0,2706.1785744,0,26
3618,-9999.0,-9999.0,-9999.0,-9999.0,-9999.0,-9999.0,-9999.0,-9999.0,-9999.0,size,orientation,color,0.26,-16.0,16,male,0,2706.1785744,0,26
3619,-9999.0,-9999.0,-9999.0,-9999.0,-9999.0,-9999.0,-9999.0,-9999.0,-9999.0,size,orientation,color,0.26,-16.0,16,male,0,2706.1785744,0,26
3620,-9999.0,-9999.0,-9999.0,-9999.0,-9999.0,-9999.0,-9999.0,-9999.0,-9999.0,size,orientation,color,0.26,-16.0,16,male,0,2706.1785744,0,26
3621,-9999.0,-9999.0,-9999.0,-9999.0,-9999.0,-9999.0,-9999.0,-9999.0,-9999.0,size,orientation,color,0.26,-16.0,16,male,0,2706.1785744,0,26
3622,-9999.0,-9999.0,-9999.0,-9999.0,-9999.0,-9999.0,-9999.0,-9999.0,-9999.0,size,orientation,color,0.26,-16.0,16,male,0,2706.1785744,0,26
3623,-9999.0,-9999.0,-9999.0,-9999.0,-9999.0,-9999.0,-9999.0,-9999.0,-9999.0,size,orientation,color,0.26,-16.0,16,male,0,2706.1785744,0,26
3624,-9999.0,-9999.0,-9999.0,-9999.0,-9999.0,-9999.0,-9999.0,-9999.0,-9999.0,size,orientation,color,0.26,-16.0,16,male,0,2706.1785744,0,26
3625,-9999.0,-9999.0,-9999.0,-9999.0,-9999.0,-9999.0,-9999.0,-9999.0,-9999.0,size,orientation,color,0.26,-16.0,16,male,0,2706.1785744,0,26
3626,-9999.0,-9999.0,-9999.0,-9999.0,-9999.0,-9999.0,-9999.0,-9999.0,-9999.0,size,orientation,color,0.26,-16.0,16,male,0,2706.1785744,0,26
3627,-9999.0,-9999.0,-9999.0,-9999.0,-9999.0,-9999.0,-9999.0,-9999.0,-9999.0,size,orientation,color,0.26,-16.0,16,male,0,2706.1785744,0,26
3628,-9999.0,-9999.0,-9999.0,-9999.0,-9999.0,-9999.0,-9999.0,-9999.0,-9999.0,size,orientation,color,0.26,-16.0,16,male,0,2706.1785744,0,26
3629,-9999.0,-9999.0,-9999.0,-9999.0,-9999.0,-9999.0,-9999.0,-9999.0,-9999.0,size,orientation,color,0.26,-16.0,16,male,0,2706.1785744,0,26
3630,-9999.0,-9999.0,-9999.0,-9999.0,-9999.0,-9999.0,-9999.0,-9999.0,-9999.0,size,orientation,color,0.26,-16.0,16,male,0,2706.1785744,0,26
3631,-9999.0,-9999.0,-9999.0,-9999.0,-9999.0,-9999.0,-9999.0,-9999.0,-9999.0,size,orientation,color,0.26,-16.0,16,male,0,2706.1785744,0,26
3632,-9999.0,-9999.0,-9999.0,-9999.0,-9999.0,-9999.0,-9999.0,-9999.0,-9999.0,size,orientation,color,0.26,-16.0,16,male,0,2706.1785744,0,26
3633,-9999.0,-9999.0,-9999.0,-9999.0,-9999.0,-9999.0,-9999.0,-9999.0,-9999.0,size,orientation,color,0.26,-16.0,16,male,0,2706.1785744,0,26
3634,-9999.0,-9999.0,-9999.0,-9999.0,-9999.0,-9999.0,-9999.0,-9999.0,-9999.0,size,orientation,color,0.26,-16.0,16,male,0,2706.1785744,0,26
3635,-9999.0,-9999.0,-9999.0,-9999.0,-9999.0,-9999.0,-9999.0,-9999.0,-9999.0,size,orientation,color,0.26,-16.0,16,male,0,2706.1785744,0,26
3636,-9999.0,-9999.0,-9999.0,-9999.0,-9999.0,-9999.0,-9999.0,-9999.0,-9999.0,size,orientation,color,0.26,-16.0,16,male,0,2706.1785744,0,26
3637,-9999.0,-9999.0,-9999.0,-9999.0,-9999.0,-9999.0,-9999.0,-9999.0,-9999.0,size,orientation,color,0.26,-16.0,16,male,0,2706.1785744,0,26
3638,-9999.0,-9999.0,-9999.0,-9999.0,-9999.0,-9999.0,-9999.0,-9999.0,-9999.0,size,orientation,color,0.26,-16.0,16,male,0,2706.1785744,0,26
3639,-9999.0,-9999.0,-9999.0,-9999.0,-9999.0,-9999.0,-9999.0,-9999.0,-9999.0,size,orientation,color,0.26,-16.0,16,male,0,2706.1785744,0,26
3640,-9999.0,-9999.0,-9999.0,-9999.0,-9999.0,-9999.0,-9999.0,-9999.0,-9999.0,size,orientation,color,0.26,-16.0,16,male,0,2706.1785744,0,26
3641,-9999.0,-9999.0,-9999.0,-9999.0,-9999.0,-9999.0,-9999.0,-9999.0,-9999.0,size,orientation,color,0.26,-16.0,16,male,0,2706.1785744,0,26
3642,-9999.0,-9999.0,-9999.0,-9999.0,-9999.0,-9999.0,-9999.0,-9999.0,-9999.0,size,orientation,color,0.26,-16.0,16,male,0,2706.1785744,0,26
3643,-9999.0,-9999.0,-9999.0,-9999.0,-9999.0,-9999.0,-9999.0,-9999.0,-9999.0,size,orientation,color,0.26,-16.0,16,male,0,2706.1785744,0,26
3644,-9999.0,-9999.0,-9999.0,-9999.0,-9999.0,-9999.0,-9999.0,-9999.0,-9999.0,size,orientation,color,0.26,-16.0,16,male,0,2706.1785744,0,26
3645,-9999.0,-9999.0,-9999.0,-9999.0,-9999.0,-9999.0,-9999.0,-9999.0,-9999.0,size,orientation,color,0.26,-16.0,16,male,0,2706.1785744,0,26
3646,-9999.0,-9999.0,-9999.0,-9999.0,-9999.0,-9999.0,-9999.0,-9999.0,-9999.0,size,orientation,color,0.26,-16.0,16,male,0,2706.1785744,0,26
3647,-9999.0,-9999.0,-9999.0,-9999.0,-9999.0,-9999.0,-9999.0,-9999.0,-9999.0,size,orientation,color,0.26,-16.0,16,male,0,2706.1785744,0,26
3648,-9999.0,-9999.0,-9999.0,-9999.0,-9999.0,-9999.0,-9999.0,-9999.0,-9999.0,size,orientation,color,0.26,-16.0,16,male,0,2706.1785744,0,26
3649,-9999.0,-9999.0,-9999.0,-9999.0,-9999.0,-9999.0,-9999.0,-9999.0,-9999.0,size,orientation,color,0.26,-16.0,16,male,0,2706.1785744,0,26
3650,-9999.0,-9999.0,-9999.0,-9999.0,-9999.0,-9999.0,-9999.0,-9999.0,-9999.0,size,orientation,color,0.26,-16.0,16,male,0,2706.1785744,0,26
3651,-9999.0,-9999.0,-9999.0,-9999.0,-9999.0,-9999.0,-9999.0,-9999.0,-9999.0,size,orientation,color,0.26,-16.0,16,male,0,2706.1785744,0,26
3652,-9999.0,-9999.0,-9999.0,-9999.0,-9999.0,-9999.0,-9999.0,-9999.0,-9999.0,size,orientation,color,0.26,-16.0,16,male,0,2706.1785744,0,26
3653,-9999.0,-9999.0,-9999.0,-9999.0,-9999.0,-9999.0,-9999.0,-9999.0,-9999.0,size,orientation,color,0.26,-16.0,16,male,0,2706.1785744,0,26
3654,-9999.0,-9999.0,-9999.0,-9999.0,-9999.0,-9999.0,-9999.0,-9999.0,-9999.0,size,orientation,color,0.26,-16.0,16,male,0,2706.1785744,0,26
3655,-9999.0,-9999.0,-9999.0,-9999.0,-9999.0,-9999.0,-9999.0,-9999.0,-9999.0,size,orientation,color,0.26,-16.0,16,male,0,2706.1785744,0,26
3656,-9999.0,-9999.0,-9999.0,-9999.0,-9999.0,-9999.0,-9999.0,-9999.0,-9999.0,size,orientation,color,0.26,-16.0,16,male,0,2706.1785744,0,26
3657,-9999.0,-9999.0,-9999.0,-9999.0,-9999.0,-9999.0,-9999.0,-9999.0,-9999.0,size,orientation,color,0.26,-16.0,16,male,0,2706.1785744,0,26
3658,-9999.0,-9999.0,-9999.0,-9999.0,-9999.0,-9999.0,-9999.0,-9999.0,-9999.0,size,orientation,color,0.26,-16.0,16,male,0,2706.1785744,0,26
3659,-9999.0,-9999.0,-9999.0,-9999.0,-9999.0,-9999.0,-9999.0,-9999.0,-9999.0,size,orientation,color,0.26,-16.0,16,male,0,2706.1785744,0,26
3660,-9999.0,-9999.0,-9999.0,-9999.0,-9999.0,-9999.0,-9999.0,-9999.0,-9999.0,size,orientation,color,0.26,-16.0,16,male,0,2706.1785744,0,26
3661,-9999.0,-9999.0,-9999.0,-9999.0,-9999.0,-9999.0,-9999.0,-9999.0,-9999.0,size,orientation,color,0.26,-16.0,16,male,0,2706.1785744,0,26
3662,-9999.0,-9999.0,-9999.0,-9999.0,-9999.0,-9999.0,-9999.0,-9999.0,-9999.0,size,orientation,color,0.26,-16.0,16,male,0,2706.1785744,0,26
3663,-9999.0,-9999.0,-9999.0,-9999.0,-9999.0,-9999.0,-9999.0,-9999.0,-9999.0,size,orientation,color,0.26,-16.0,16,male,0,2706.1785744,0,26
3664,-9999.0,-9999.0,-9999.0,-9999.0,-9999.0,-9999.0,-9999.0,-9999.0,-9999.0,size,orientation,color,0.26,-16.0,16,male,0,2706.1785744,0,26
3665,-9999.0,-9999.0,-9999.0,-9999.0,-9999.0,-9999.0,-9999.0,-9999.0,-9999.0,size,orientation,color,0.26,-16.0,16,male,0,2706.1785744,0,26
3666,-9999.0,-9999.0,-9999.0,-9999.0,-9999.0,-9999.0,-9999.0,-9999.0,-9999.0,size,orientation,color,0.26,-16.0,16,male,0,2706.1785744,0,26
3667,-9999.0,-9999.0,-9999.0,-9999.0,-9999.0,-9999.0,-9999.0,-9999.0,-9999.0,size,orientation,color,0.26,-16.0,16,male,0,2706.1785744,0,26
3668,-9999.0,-9999.0,-9999.0,-9999.0,-9999.0,-9999.0,-9999.0,-9999.0,-9999.0,size,orientation,color,0.26,-16.0,16,male,0,2706.1785744,0,26
3669,-9999.0,-9999.0,-9999.0,-9999.0,-9999.0,-9999.0,-9999.0,-9999.0,-9999.0,size,orientation,color,0.26,-16.0,16,male,0,2706.1785744,0,26
3670,-9999.0,-9999.0,-9999.0,-9999.0,-9999.0,-9999.0,-9999.0,-9999.0,-9999.0,size,orientation,color,0.26,-16.0,16,male,0,2706.1785744,0,26
3671,-9999.0,-9999.0,-9999.0,-9999.0,-9999.0,-9999.0,-9999.0,-9999.0,-9999.0,size,orientation,color,0.26,-16.0,16,male,0,2706.1785744,0,26
3672,-9999.0,-9999.0,-9999.0,-9999.0,-9999.0,-9999.0,-9999.0,-9999.0,-9999.0,size,orientation,color,0.26,-16.0,16,male,0,2706.1785744,0,26
3673,-9999.0,-9999.0,-9999.0,-9999.0,-9999.0,-9999.0,-9999.0,-9999.0,-9999.0,size,orientation,color,0.26,-16.0,16,male,0,2706.1785744,0,26
3674,-9999.0,-9999.0,-9999.0,-9999.0,-9999.0,-9999.0,-9999.0,-9999.0,-9999.0,size,orientation,color,0.26,-16.0,16,male,0,2706.1785744,0,26
3675,-9999.0,-9999.0,-9999.0,-9999.0,-9999.0,-9999.0,-9999.0,-9999.0,-9999.0,size,orientation,color,0.26,-16.0,16,male,0,2706.1785744,0,26
3676,-9999.0,-9999.0,-9999.0,-9999.0,-9999.0,-9999.0,-9999.0,-9999.0,-9999.0,size,orientation,color,0.26,-16.0,16,male,0,2706.1785744,0,26
3677,-9999.0,-9999.0,-9999.0,-9999.0,-9999.0,-9999.0,-9999.0,-9999.0,-9999.0,size,orientation,color,0.26,-16.0,16,male,0,2706.1785744,0,26
3678,-9999.0,-9999.0,-9999.0,-9999.0,-9999.0,-9999.0,-9999.0,-9999.0,-9999.0,size,orientation,color,0.26,-16.0,16,male,0,2706.1785744,0,26
3679,-9999.0,-9999.0,-9999.0,-9999.0,-9999.0,-9999.0,-9999.0,-9999.0,-9999.0,size,orientation,color,0.26,-16.0,16,male,0,2706.1785744,0,26
3680,-9999.0,-9999.0,-9999.0,-9999.0,-9999.0,-9999.0,-9999.0,-9999.0,-9999.0,size,orientation,color,0.26,-16.0,16,male,0,2706.1785744,0,26
3681,-9999.0,-9999.0,-9999.0,-9999.0,-9999.0,-9999.0,-9999.0,-9999.0,-9999.0,size,orientation,color,0.26,-16.0,16,male,0,2706.1785744,0,26
3682,-9999.0,-9999.0,-9999.0,-9999.0,-9999.0,-9999.0,-9999.0,-9999.0,-9999.0,size,orientation,color,0.26,-16.0,16,male,0,2706.1785744,0,26
3683,-9999.0,-9999.0,-9999.0,-9999.0,-9999.0,-9999.0,-9999.0,-9999.0,-9999.0,size,orientation,color,0.26,-16.0,16,male,0,2706.1785744,0,26
3684,-9999.0,-9999.0,-9999.0,-9999.0,-9999.0,-9999.0,-9999.0,-9999.0,-9999.0,size,orientation,color,0.26,-16.0,16,male,0,2706.1785744,0,26
3685,-9999.0,-9999.0,-9999.0,-9999.0,-9999.0,-9999.0,-9999.0,-9999.0,-9999.0,size,orientation,color,0.26,-16.0,16,male,0,2706.1785744,0,26
3686,-9999.0,-9999.0,-9999.0,-9999.0,-9999.0,-9999.0,-9999.0,-9999.0,-9999.0,size,orientation,color,0.26,-16.0,16,male,0,2706.1785744,0,26
3687,-9999.0,-9999.0,-9999.0,-9999.0,-9999.0,-9999.0,-9999.0,-9999.0,-9999.0,size,orientation,color,0.26,-16.0,16,male,0,2706.1785744,0,26
3688,-9999.0,-9999.0,-9999.0,-9999.0,-9999.0,-9999.0,-9999.0,-9999.0,-9999.0,size,orientation,color,0.26,-16.0,16,male,0,2706.1785744,0,26
3689,-9999.0,-9999.0,-9999.0,-9999.0,-9999.0,-9999.0,-9999.0,-9999.0,-9999.0,size,orientation,color,0.26,-16.0,16,male,0,2706.1785744,0,26
3690,-9999.0,-9999.0,-9999.0,-9999.0,-9999.0,-9999.0,-9999.0,-9999.0,-9999.0,size,orientation,color,0.26,-16.0,16,male,0,2706.1785744,0,26
3691,-9999.0,-9999.0,-9999.0,-9999.0,-9999.0,-9999.0,-9999.0,-9999.0,-9999.0,size,orientation,color,0.26,-16.0,16,male,0,2706.1785744,0,26
3692,-9999.0,-9999.0,-9999.0,-9999.0,-9999.0,-9999.0,-9999.0,-9999.0,-9999.0,size,orientation,color,0.26,-16.0,16,male,0,2706.1785744,0,26
3693,-9999.0,-9999.0,-9999.0,-9999.0,-9999.0,-9999.0,-9999.0,-9999.0,-9999.0,size,orientation,color,0.26,-16.0,16,male,0,2706.1785744,0,26
3694,-9999.0,-9999.0,-9999.0,-9999.0,-9999.0,-9999.0,-9999.0,-9999.0,-9999.0,size,orientation,color,0.26,-16.0,16,male,0,2706.1785744,0,26
3695,-9999.0,-9999.0,-9999.0,-9999.0,-9999.0,-9999.0,-9999.0,-9999.0,-9999.0,size,orientation,color,0.26,-16.0,16,male,0,2706.1785744,0,26
3696,-9999.0,-9999.0,-9999.0,-9999.0,-9999.0,-9999.0,-9999.0,-9999.0,-9999.0,size,orientation,color,0.26,-16.0,16,male,0,2706.1785744,0,26
3697,-9999.0,-9999.0,-9999.0,-9999.0,-9999.0,-9999.0,-9999.0,-9999.0,-9999.0,size,orientation,color,0.26,-16.0,16,male,0,2706.1785744,0,26
3698,-9999.0,-9999.0,-9999.0,-9999.0,-9999.0,-9999.0,-9999.0,-9999.0,-9999.0,size,orientation,color,0.26,-16.0,16,male,0,2706.1785744,0,26
3699,-9999.0,-9999.0,-9999.0,-9999.0,-9999.0,-9999.0,-9999.0,-9999.0,-9999.0,size,orientation,color,0.26,-16.0,16,male,0,2706.1785744,0,26
3700,-9999.0,-9999.0,-9999.0,-9999.0,-9999.0,-9999.0,-9999.0,-9999.0,-9999.0,size,orientation,color,0.26,-16.0,16,male,0,2706.1785744,0,26
3701,-9999.0,-9999.0,-9999.0,-9999.0,-9999.0,-9999.0,-9999.0,-9999.0,-9999.0,size,orientation,color,0.26,-16.0,16,male,0,2706.1785744,0,26
3702,-9999.0,-9999.0,-9999.0,-9999.0,-9999.0,-9999.0,-9999.0,-9999.0,-9999.0,size,orientation,color,0.26,-16.0,16,male,0,2706.1785744,0,26
3703,-9999.0,-9999.0,-9999.0,-9999.0,-9999.0,-9999.0,-9999.0,-9999.0,-9999.0,size,orientation,color,0.26,-16.0,16,male,0,2706.1785744,0,26
3704,-9999.0,-9999.0,-9999.0,-9999.0,-9999.0,-9999.0,-9999.0,-9999.0,-9999.0,size,orientation,color,0.26,-16.0,16,male,0,2706.1785744,0,26
3705,-9999.0,-9999.0,-9999.0,-9999.0,-9999.0,-9999.0,-9999.0,-9999.0,-9999.0,size,orientation,color,0.26,-16.0,16,male,0,2706.1785744,0,26
3706,-9999.0,-9999.0,-9999.0,-9999.0,-9999.0,-9999.0,-9999.0,-9999.0,-9999.0,size,orientation,color,0.26,-16.0,16,male,0,2706.1785744,0,26
3707,-9999.0,-9999.0,-9999.0,-9999.0,-9999.0,-9999.0,-9999.0,-9999.0,-9999.0,size,orientation,color,0.26,-16.0,16,male,0,2706.1785744,0,26
3708,-9999.0,-9999.0,-9999.0,-9999.0,-9999.0,-9999.0,-9999.0,-9999.0,-9999.0,size,orientation,color,0.26,-16.0,16,male,0,2706.1785744,0,26
3709,-9999.0,-9999.0,-9999.0,-9999.0,-9999.0,-9999.0,-9999.0,-9999.0,-9999.0,size,orientation,color,0.26,-16.0,16,male,0,2706.1785744,0,26
3710,-9999.0,-9999.0,-9999.0,-9999.0,-9999.0,-9999.0,-9999.0,-9999.0,-9999.0,size,orientation,color,0.26,-16.0,16,male,0,2706.1785744,0,26
3711,-9999.0,-9999.0,-9999.0,-9999.0,-9999.0,-9999.0,-9999.0,-9999.0,-9999.0,size,orientation,color,0.26,-16.0,16,male,0,2706.1785744,0,26
3712,-9999.0,-9999.0,-9999.0,-9999.0,-9999.0,-9999.0,-9999.0,-9999.0,-9999.0,size,orientation,color,0.26,-16.0,16,male,0,2706.1785744,0,26
3713,-9999.0,-9999.0,-9999.0,-9999.0,-9999.0,-9999.0,-9999.0,-9999.0,-9999.0,size,orientation,color,0.26,-16.0,16,male,0,2706.1785744,0,26
3714,-9999.0,-9999.0,-9999.0,-9999.0,-9999.0,-9999.0,-9999.0,-9999.0,-9999.0,size,orientation,color,0.26,-16.0,16,male,0,2706.1785744,0,26
3715,-9999.0,-9999.0,-9999.0,-9999.0,-9999.0,-9999.0,-9999.0,-9999.0,-9999.0,size,orientation,color,0.26,-16.0,16,male,0,2706.1785744,0,26
3716,-9999.0,-9999.0,-9999.0,-9999.0,-9999.0,-9999.0,-9999.0,-9999.0,-9999.0,size,orientation,color,0.26,-16.0,16,male,0,2706.1785744,0,26
3717,-9999.0,-9999.0,-9999.0,-9999.0,-9999.0,-9999.0,-9999.0,-9999.0,-9999.0,size,orientation,color,0.26,-16.0,16,male,0,2706.1785744,0,26
3718,-9999.0,-9999.0,-9999.0,-9999.0,-9999.0,-9999.0,-9999.0,-9999.0,-9999.0,size,orientation,color,0.26,-16.0,16,male,0,2706.1785744,0,26
3719,-9999.0,-9999.0,-9999.0,-9999.0,-9999.0,-9999.0,-9999.0,-9999.0,-9999.0,size,orientation,color,0.26,-16.0,16,male,0,2706.1785744,0,26
3720,-9999.0,-9999.0,-9999.0,-9999.0,-9999.0,-9999.0,-9999.0,-9999.0,-9999.0,size,orientation,color,0.26,-16.0,16,male,0,2706.1785744,0,26
3721,-9999.0,-9999.0,-9999.0,-9999.0,-9999.0,-9999.0,-9999.0,-9999.0,-9999.0,size,orientation,color,0.26,-16.0,16,male,0,2706.1785744,0,26
3722,-9999.0,-9999.0,-9999.0,-9999.0,-9999.0,-9999.0,-9999.0,-9999.0,-9999.0,size,orientation,color,0.26,-16.0,16,male,0,2706.1785744,0,26
3723,-9999.0,-9999.0,-9999.0,-9999.0,-9999.0,-9999.0,-9999.0,-9999.0,-9999.0,size,orientation,color,0.26,-16.0,16,male,0,2706.1785744,0,26
3724,-9999.0,-9999.0,-9999.0,-9999.0,-9999.0,-9999.0,-9999.0,-9999.0,-9999.0,size,orientation,color,0.26,-16.0,16,male,0,2706.1785744,0,26
3725,-9999.0,-9999.0,-9999.0,-9999.0,-9999.0,-9999.0,-9999.0,-9999.0,-9999.0,size,orientation,color,0.26,-16.0,16,male,0,2706.1785744,0,26
3726,-9999.0,-9999.0,-9999.0,-9999.0,-9999.0,-9999.0,-9999.0,-9999.0,-9999.0,size,orientation,color,0.26,-16.0,16,male,0,2706.1785744,0,26
3727,-9999.0,-9999.0,-9999.0,-9999.0,-9999.0,-9999.0,-9999.0,-9999.0,-9999.0,size,orientation,color,0.26,-16.0,16,male,0,2706.1785744,0,26
3728,-9999.0,-9999.0,-9999.0,-9999.0,-9999.0,-9999.0,-9999.0,-9999.0,-9999.0,size,orientation,color,0.26,-16.0,16,male,0,2706.1785744,0,26
3729,-9999.0,-9999.0,-9999.0,-9999.0,-9999.0,-9999.0,-9999.0,-9999.0,-9999.0,size,orientation,color,0.26,-16.0,16,male,0,2706.1785744,0,26
3730,-9999.0,-9999.0,-9999.0,-9999.0,-9999.0,-9999.0,-9999.0,-9999.0,-9999.0,size,orientation,color,0.26,-16.0,16,male,0,2706.1785744,0,26
3731,-9999.0,-9999.0,-9999.0,-9999.0,-9999.0,-9999.0,-9999.0,-9999.0,-9999.0,size,orientation,color,0.26,-16.0,16,male,0,2706.1785744,0,26
3732,-9999.0,-9999.0,-9999.0,-9999.0,-9999.0,-9999.0,-9999.0,-9999.0,-9999.0,size,orientation,color,0.26,-16.0,16,male,0,2706.1785744,0,26
3733,-9999.0,-9999.0,-9999.0,-9999.0,-9999.0,-9999.0,-9999.0,-9999.0,-9999.0,size,orientation,color,0.26,-16.0,16,male,0,2706.1785744,0,26
3734,-9999.0,-9999.0,-9999.0,-9999.0,-9999.0,-9999.0,-9999.0,-9999.0,-9999.0,size,orientation,color,0.26,-16.0,16,male,0,2706.1785744,0,26
3735,-9999.0,-9999.0,-9999.0,-9999.0,-9999.0,-9999.0,-9999.0,-9999.0,-9999.0,size,orientation,color,0.26,-16.0,16,male,0,2706.1785744,0,26
3736,-9999.0,-9999.0,-9999.0,-9999.0,-9999.0,-9999.0,-9999.0,-9999.0,-9999.0,size,orientation,color,0.26,-16.0,16,male,0,2706.1785744,0,26
3737,-9999.0,-9999.0,-9999.0,-9999.0,-9999.0,-9999.0,-9999.0,-9999.0,-9999.0,size,orientation,color,0.26,-16.0,16,male,0,2706.1785744,0,26
3738,-9999.0,-9999.0,-9999.0,-9999.0,-9999.0,-9999.0,-9999.0,-9999.0,-9999.0,size,orientation,color,0.26,-16.0,16,male,0,2706.1785744,0,26
3739,-9999.0,-9999.0,-9999.0,-9999.0,-9999.0,-9999.0,-9999.0,-9999.0,-9999.0,size,orientation,color,0.26,-16.0,16,male,0,2706.1785744,0,26
3740,-9999.0,-9999.0,-9999.0,-9999.0,-9999.0,-9999.0,-9999.0,-9999.0,-9999.0,size,orientation,color,0.26,-16.0,16,male,0,2706.1785744,0,26
3741,-9999.0,-9999.0,-9999.0,-9999.0,-9999.0,-9999.0,-9999.0,-9999.0,-9999.0,size,orientation,color,0.26,-16.0,16,male,0,2706.1785744,0,26
3742,-9999.0,-9999.0,-9999.0,-9999.0,-9999.0,-9999.0,-9999.0,-9999.0,-9999.0,size,orientation,color,0.26,-16.0,16,male,0,2706.1785744,0,26
3743,-9999.0,-9999.0,-9999.0,-9999.0,-9999.0,-9999.0,-9999.0,-9999.0,-9999.0,size,orientation,color,0.26,-16.0,16,male,0,2706.1785744,0,26
3744,-9999.0,-9999.0,-9999.0,-9999.0,-9999.0,-9999.0,-9999.0,-9999.0,-9999.0,size,orientation,color,0.26,-16.0,16,male,0,2706.1785744,0,26
3745,-9999.0,-9999.0,-9999.0,-9999.0,-9999.0,-9999.0,-9999.0,-9999.0,-9999.0,size,orientation,color,0.26,-16.0,16,male,0,2706.1785744,0,26
3746,-9999.0,-9999.0,-9999.0,-9999.0,-9999.0,-9999.0,-9999.0,-9999.0,-9999.0,size,orientation,color,0.26,-16.0,16,male,0,2706.1785744,0,26
3747,-9999.0,-9999.0,-9999.0,-9999.0,-9999.0,-9999.0,-9999.0,-9999.0,-9999.0,size,orientation,color,0.26,-16.0,16,male,0,2706.1785744,0,26
3748,-9999.0,-9999.0,-9999.0,-9999.0,-9999.0,-9999.0,-9999.0,-9999.0,-9999.0,size,orientation,color,0.26,-16.0,16,male,0,2706.1785744,0,26
3749,-9999.0,-9999.0,-9999.0,-9999.0,-9999.0,-9999.0,-9999.0,-9999.0,-9999.0,size,orientation,color,0.26,-16.0,16,male,0,2706.1785744,0,26
3750,-9999.0,-9999.0,-9999.0,-9999.0,-9999.0,-9999.0,-9999.0,-9999.0,-9999.0,size,orientation,color,0.26,-16.0,16,male,0,2706.1785744,0,26
3751,-9999.0,-9999.0,-9999.0,-9999.0,-9999.0,-9999.0,-9999.0,-9999.0,-9999.0,size,orientation,color,0.26,-16.0,16,male,0,2706.1785744,0,26
3752,-9999.0,-9999.0,-9999.0,-9999.0,-9999.0,-9999.0,-9999.0,-9999.0,-9999.0,size,orientation,color,0.26,-16.0,16,male,0,2706.1785744,0,26
3753,-9999.0,-9999.0,-9999.0,-9999.0,-9999.0,-9999.0,-9999.0,-9999.0,-9999.0,size,orientation,color,0.26,-16.0,16,male,0,2706.1785744,0,26
3754,-9999.0,-9999.0,-9999.0,-9999.0,-9999.0,-9999.0,-9999.0,-9999.0,-9999.0,size,orientation,color,0.26,-16.0,16,male,0,2706.1785744,0,26
3755,-9999.0,-9999.0,-9999.0,-9999.0,-9999.0,-9999.0,-9999.0,-9999.0,-9999.0,size,orientation,color,0.26,-16.0,16,male,0,2706.1785744,0,26
3756,-9999.0,-9999.0,-9999.0,-9999.0,-9999.0,-9999.0,-9999.0,-9999.0,-9999.0,size,orientation,color,0.26,-16.0,16,male,0,2706.1785744,0,26
3757,-9999.0,-9999.0,-9999.0,-9999.0,-9999.0,-9999.0,-9999.0,-9999.0,-9999.0,size,orientation,color,0.26,-16.0,16,male,0,2706.1785744,0,26
3758,-9999.0,-9999.0,-9999.0,-9999.0,-9999.0,-9999.0,-9999.0,-9999.0,-9999.0,size,orientation,color,0.26,-16.0,16,male,0,2706.1785744,0,26
3759,-9999.0,-9999.0,-9999.0,-9999.0,-9999.0,-9999.0,-9999.0,-9999.0,-9999.0,size,orientation,color,0.26,-16.0,16,male,0,2706.1785744,0,26
3760,-9999.0,-9999.0,-9999.0,-9999.0,-9999.0,-9999.0,-9999.0,-9999.0,-9999.0,size,orientation,color,0.26,-16.0,16,male,0,2706.1785744,0,26
3761,-9999.0,-9999.0,-9999.0,-9999.0,-9999.0,-9999.0,-9999.0,-9999.0,-9999.0,size,orientation,color,0.26,-16.0,16,male,0,2706.1785744,0,26
3762,-9999.0,-9999.0,-9999.0,-9999.0,-9999.0,-9999.0,-9999.0,-9999.0,-9999.0,size,orientation,color,0.26,-16.0,16,male,0,2706.1785744,0,26
3763,-9999.0,-9999.0,-9999.0,-9999.0,-9999.0,-9999.0,-9999.0,-9999.0,-9999.0,size,orientation,color,0.26,-16.0,16,male,0,2706.1785744,0,26
3764,-9999.0,-9999.0,-9999.0,-9999.0,-9999.0,-9999.0,-9999.0,-9999.0,-9999.0,size,orientation,color,0.26,-16.0,16,male,0,2706.1785744,0,26
3765,-9999.0,-9999.0,-9999.0,-9999.0,-9999.0,-9999.0,-9999.0,-9999.0,-9999.0,size,orientation,color,0.26,-16.0,16,male,0,2706.1785744,0,26
3766,-9999.0,-9999.0,-9999.0,-9999.0,-9999.0,-9999.0,-9999.0,-9999.0,-9999.0,size,orientation,color,0.26,-16.0,16,male,0,2706.1785744,0,26
3767,-9999.0,-9999.0,-9999.0,-9999.0,-9999.0,-9999.0,-9999.0,-9999.0,-9999.0,size,orientation,color,0.26,-16.0,16,male,0,2706.1785744,0,26
3768,-9999.0,-9999.0,-9999.0,-9999.0,-9999.0,-9999.0,-9999.0,-9999.0,-9999.0,size,orientation,color,0.26,-16.0,16,male,0,2706.1785744,0,26
3769,-9999.0,-9999.0,-9999.0,-9999.0,-9999.0,-9999.0,-9999.0,-9999.0,-9999.0,size,orientation,color,0.26,-16.0,16,male,0,2706.1785744,0,26
3770,-9999.0,-9999.0,-9999.0,-9999.0,-9999.0,-9999.0,-9999.0,-9999.0,-9999.0,size,orientation,color,0.26,-16.0,16,male,0,2706.1785744,0,26
3771,-9999.0,-9999.0,-9999.0,-9999.0,-9999.0,-9999.0,-9999.0,-9999.0,-9999.0,size,orientation,color,0.26,-16.0,16,male,0,2706.1785744,0,26
3772,-9999.0,-9999.0,-9999.0,-9999.0,-9999.0,-9999.0,-9999.0,-9999.0,-9999.0,size,orientation,color,0.26,-16.0,16,male,0,2706.1785744,0,26
3773,-9999.0,-9999.0,-9999.0,-9999.0,-9999.0,-9999.0,-9999.0,-9999.0,-9999.0,size,orientation,color,0.26,-16.0,16,male,0,2706.1785744,0,26
3774,-9999.0,-9999.0,-9999.0,-9999.0,-9999.0,-9999.0,-9999.0,-9999.0,-9999.0,size,orientation,color,0.26,-16.0,16,male,0,2706.1785744,0,26
3775,-9999.0,-9999.0,-9999.0,-9999.0,-9999.0,-9999.0,-9999.0,-9999.0,-9999.0,size,orientation,color,0.26,-16.0,16,male,0,2706.1785744,0,26
3776,-9999.0,-9999.0,-9999.0,-9999.0,-9999.0,-9999.0,-9999.0,-9999.0,-9999.0,size,orientation,color,0.26,-16.0,16,male,0,2706.1785744,0,26
3777,-9999.0,-9999.0,-9999.0,-9999.0,-9999.0,-9999.0,-9999.0,-9999.0,-9999.0,size,orientation,color,0.26,-16.0,16,male,0,2706.1785744,0,26
3778,-9999.0,-9999.0,-9999.0,-9999.0,-9999.0,-9999.0,-9999.0,-9999.0,-9999.0,size,orientation,color,0.26,-16.0,16,male,0,2706.1785744,0,26
3779,-9999.0,-9999.0,-9999.0,-9999.0,-9999.0,-9999.0,-9999.0,-9999.0,-9999.0,size,orientation,color,0.26,-16.0,16,male,0,2706.1785744,0,26
3780,-9999.0,-9999.0,-9999.0,-9999.0,-9999.0,-9999.0,-9999.0,-9999.0,-9999.0,size,orientation,color,0.26,-16.0,16,male,0,2706.1785744,0,26
3781,-9999.0,-9999.0,-9999.0,-9999.0,-9999.0,-9999.0,-9999.0,-9999.0,-9999.0,size,orientation,color,0.26,-16.0,16,male,0,2706.1785744,0,26
3782,-9999.0,-9999.0,-9999.0,-9999.0,-9999.0,-9999.0,-9999.0,-9999.0,-9999.0,size,orientation,color,0.26,-16.0,16,male,0,2706.1785744,0,26
3783,-9999.0,-9999.0,-9999.0,-9999.0,-9999.0,-9999.0,-9999.0,-9999.0,-9999.0,size,orientation,color,0.26,-16.0,16,male,0,2706.1785744,0,26
3784,-9999.0,-9999.0,-9999.0,-9999.0,-9999.0,-9999.0,-9999.0,-9999.0,-9999.0,size,orientation,color,0.26,-16.0,16,male,0,2706.1785744,0,26
3785,-9999.0,-9999.0,-9999.0,-9999.0,-9999.0,-9999.0,-9999.0,-9999.0,-9999.0,size,orientation,color,0.26,-16.0,16,male,0,2706.1785744,0,26
3786,-9999.0,-9999.0,-9999.0,-9999.0,-9999.0,-9999.0,-9999.0,-9999.0,-9999.0,size,orientation,color,0.26,-16.0,16,male,0,2706.1785744,0,26
3787,-9999.0,-9999.0,-9999.0,-9999.0,-9999.0,-9999.0,-9999.0,-9999.0,-9999.0,size,orientation,color,0.26,-16.0,16,male,0,2706.1785744,0,26
3788,-9999.0,-9999.0,-9999.0,-9999.0,-9999.0,-9999.0,-9999.0,-9999.0,-9999.0,size,orientation,color,0.26,-16.0,16,male,0,2706.1785744,0,26
3789,-9999.0,-9999.0,-9999.0,-9999.0,-9999.0,-9999.0,-9999.0,-9999.0,-9999.0,size,orientation,color,0.26,-16.0,16,male,0,2706.1785744,0,26
3790,-9999.0,-9999.0,-9999.0,-9999.0,-9999.0,-9999.0,-9999.0,-9999.0,-9999.0,size,orientation,color,0.26,-16.0,16,male,0,2706.1785744,0,26
3791,-9999.0,-9999.0,-9999.0,-9999.0,-9999.0,-9999.0,-9999.0,-9999.0,-9999.0,size,orientation,color,0.26,-16.0,16,male,0,2706.1785744,0,26
3792,-9999.0,-9999.0,-9999.0,-9999.0,-9999.0,-9999.0,-9999.0,-9999.0,-9999.0,size,orientation,color,0.26,-16.0,16,male,0,2706.1785744,0,26
3793,-9999.0,-9999.0,-9999.0,-9999.0,-9999.0,-9999.0,-9999.0,-9999.0,-9999.0,size,orientation,color,0.26,-16.0,16,male,0,2706.1785744,0,26
3794,-9999.0,-9999.0,-9999.0,-9999.0,-9999.0,-9999.0,-9999.0,-9999.0,-9999.0,size,orientation,color,0.26,-16.0,16,male,0,2706.1785744,0,26
3795,-9999.0,-9999.0,-9999.0,-9999.0,-9999.0,-9999.0,-9999.0,-9999.0,-9999.0,size,orientation,color,0.26,-16.0,16,male,0,2706.1785744,0,26
3796,-9999.0,-9999.0,-9999.0,-9999.0,-9999.0,-9999.0,-9999.0,-9999.0,-9999.0,size,orientation,color,0.26,-16.0,16,male,0,2706.1785744,0,26
3797,-9999.0,-9999.0,-9999.0,-9999.0,-9999.0,-9999.0,-9999.0,-9999.0,-9999.0,size,orientation,color,0.26,-16.0,16,male,0,2706.1785744,0,26
3798,-9999.0,-9999.0,-9999.0,-9999.0,-9999.0,-9999.0,-9999.0,-9999.0,-9999.0,size,orientation,color,0.26,-16.0,16,male,0,2706.1785744,0,26
3799,-9999.0,-9999.0,-9999.0,-9999.0,-9999.0,-9999.0,-9999.0,-9999.0,-9999.0,size,orientation,color,0.26,-16.0,16,male,0,2706.1785744,0,26
3800,-9999.0,-9999.0,-9999.0,-9999.0,-9999.0,-9999.0,-9999.0,-9999.0,-9999.0,size,orientation,color,0.26,-16.0,16,male,0,2706.1785744,0,26
3801,-9999.0,-9999.0,-9999.0,-9999.0,-9999.0,-9999.0,-9999.0,-9999.0,-9999.0,size,orientation,color,0.26,-16.0,16,male,0,2706.1785744,0,26
3802,-9999.0,-9999.0,-9999.0,-9999.0,-9999.0,-9999.0,-9999.0,-9999.0,-9999.0,size,orientation,color,0.26,-16.0,16,male,0,2706.1785744,0,26
3803,-9999.0,-9999.0,-9999.0,-9999.0,-9999.0,-9999.0,-9999.0,-9999.0,-9999.0,size,orientation,color,0.26,-16.0,16,male,0,2706.1785744,0,26
3804,-9999.0,-9999.0,-9999.0,-9999.0,-9999.0,-9999.0,-9999.0,-9999.0,-9999.0,size,orientation,color,0.26,-16.0,16,male,0,2706.1785744,0,26
3805,-9999.0,-9999.0,-9999.0,-9999.0,-9999.0,-9999.0,-9999.0,-9999.0,-9999.0,size,orientation,color,0.26,-16.0,16,male,0,2706.1785744,0,26
3806,-9999.0,-9999.0,-9999.0,-9999.0,-9999.0,-9999.0,-9999.0,-9999.0,-9999.0,size,orientation,color,0.26,-16.0,16,male,0,2706.1785744,0,26
3807,-9999.0,-9999.0,-9999.0,-9999.0,-9999.0,-9999.0,-9999.0,-9999.0,-9999.0,size,orientation,color,0.26,-16.0,16,male,0,2706.1785744,0,26
3808,-9999.0,-9999.0,-9999.0,-9999.0,-9999.0,-9999.0,-9999.0,-9999.0,-9999.0,size,orientation,color,0.26,-16.0,16,male,0,2706.1785744,0,26
3809,-9999.0,-9999.0,-9999.0,-9999.0,-9999.0,-9999.0,-9999.0,-9999.0,-9999.0,size,orientation,color,0.26,-16.0,16,male,0,2706.1785744,0,26
3810,-9999.0,-9999.0,-9999.0,-9999.0,-9999.0,-9999.0,-9999.0,-9999.0,-9999.0,size,orientation,color,0.26,-16.0,16,male,0,2706.1785744,0,26
3811,-9999.0,-9999.0,-9999.0,-9999.0,-9999.0,-9999.0,-9999.0,-9999.0,-9999.0,size,orientation,color,0.26,-16.0,16,male,0,2706.1785744,0,26
3812,-9999.0,-9999.0,-9999.0,-9999.0,-9999.0,-9999.0,-9999.0,-9999.0,-9999.0,size,orientation,color,0.26,-16.0,16,male,0,2706.1785744,0,26
3813,-9999.0,-9999.0,-9999.0,-9999.0,-9999.0,-9999.0,-9999.0,-9999.0,-9999.0,size,orientation,color,0.26,-16.0,16,male,0,2706.1785744,0,26
3814,-9999.0,-9999.0,-9999.0,-9999.0,-9999.0,-9999.0,-9999.0,-9999.0,-9999.0,size,orientation,color,0.26,-16.0,16,male,0,2706.1785744,0,26
3815,-9999.0,-9999.0,-9999.0,-9999.0,-9999.0,-9999.0,-9999.0,-9999.0,-9999.0,size,orientation,color,0.26,-16.0,16,male,0,2706.1785744,0,26
3816,-9999.0,-9999.0,-9999.0,-9999.0,-9999.0,-9999.0,-9999.0,-9999.0,-9999.0,size,orientation,color,0.26,-16.0,16,male,0,2706.1785744,0,26
3817,-9999.0,-9999.0,-9999.0,-9999.0,-9999.0,-9999.0,-9999.0,-9999.0,-9999.0,size,orientation,color,0.26,-16.0,16,male,0,2706.1785744,0,26
3818,-9999.0,-9999.0,-9999.0,-9999.0,-9999.0,-9999.0,-9999.0,-9999.0,-9999.0,size,orientation,color,0.26,-16.0,16,male,0,2706.1785744,0,26
3819,-9999.0,-9999.0,-9999.0,-9999.0,-9999.0,-9999.0,-9999.0,-9999.0,-9999.0,size,orientation,color,0.26,-16.0,16,male,0,2706.1785744,0,26
3820,-9999.0,-9999.0,-9999.0,-9999.0,-9999.0,-9999.0,-9999.0,-9999.0,-9999.0,size,orientation,color,0.26,-16.0,16,male,0,2706.1785744,0,26
3821,-9999.0,-9999.0,-9999.0,-9999.0,-9999.0,-9999.0,-9999.0,-9999.0,-9999.0,size,orientation,color,0.26,-16.0,16,male,0,2706.1785744,0,26
3822,-9999.0,-9999.0,-9999.0,-9999.0,-9999.0,-9999.0,-9999.0,-9999.0,-9999.0,size,orientation,color,0.26,-16.0,16,male,0,2706.1785744,0,26
3823,-9999.0,-9999.0,-9999.0,-9999.0,-9999.0,-9999.0,-9999.0,-9999.0,-9999.0,size,orientation,color,0.26,-16.0,16,male,0,2706.1785744,0,26
3824,-9999.0,-9999.0,-9999.0,-9999.0,-9999.0,-9999.0,-9999.0,-9999.0,-9999.0,size,orientation,color,0.26,-16.0,16,male,0,2706.1785744,0,26
3825,-9999.0,-9999.0,-9999.0,-9999.0,-9999.0,-9999.0,-9999.0,-9999.0,-9999.0,size,orientation,color,0.26,-16.0,16,male,0,2706.1785744,0,26
3826,-9999.0,-9999.0,-9999.0,-9999.0,-9999.0,-9999.0,-9999.0,-9999.0,-9999.0,size,orientation,color,0.26,-16.0,16,male,0,2706.1785744,0,26
3827,-9999.0,-9999.0,-9999.0,-9999.0,-9999.0,-9999.0,-9999.0,-9999.0,-9999.0,size,orientation,color,0.26,-16.0,16,male,0,2706.1785744,0,26
3828,-9999.0,-9999.0,-9999.0,-9999.0,-9999.0,-9999.0,-9999.0,-9999.0,-9999.0,size,orientation,color,0.26,-16.0,16,male,0,2706.1785744,0,26
3829,-9999.0,-9999.0,-9999.0,-9999.0,-9999.0,-9999.0,-9999.0,-9999.0,-9999.0,size,orientation,color,0.26,-16.0,16,male,0,2706.1785744,0,26
3830,-9999.0,-9999.0,-9999.0,-9999.0,-9999.0,-9999.0,-9999.0,-9999.0,-9999.0,size,orientation,color,0.26,-16.0,16,male,0,2706.1785744,0,26
3831,-9999.0,-9999.0,-9999.0,-9999.0,-9999.0,-9999.0,-9999.0,-9999.0,-9999.0,size,orientation,color,0.26,-16.0,16,male,0,2706.1785744,0,26
3832,-9999.0,-9999.0,-9999.0,-9999.0,-9999.0,-9999.0,-9999.0,-9999.0,-9999.0,size,orientation,color,0.26,-16.0,16,male,0,2706.1785744,0,26
3833,-9999.0,-9999.0,-9999.0,-9999.0,-9999.0,-9999.0,-9999.0,-9999.0,-9999.0,size,orientation,color,0.26,-16.0,16,male,0,2706.1785744,0,26
3834,-9999.0,-9999.0,-9999.0,-9999.0,-9999.0,-9999.0,-9999.0,-9999.0,-9999.0,size,orientation,color,0.26,-16.0,16,male,0,2706.1785744,0,26
3835,-9999.0,-9999.0,-9999.0,-9999.0,-9999.0,-9999.0,-9999.0,-9999.0,-9999.0,size,orientation,color,0.26,-16.0,16,male,0,2706.1785744,0,26
3836,-9999.0,-9999.0,-9999.0,-9999.0,-9999.0,-9999.0,-9999.0,-9999.0,-9999.0,size,orientation,color,0.26,-16.0,16,male,0,2706.1785744,0,26
3837,-9999.0,-9999.0,-9999.0,-9999.0,-9999.0,-9999.0,-9999.0,-9999.0,-9999.0,size,orientation,color,0.26,-16.0,16,male,0,2706.1785744,0,26
3838,-9999.0,-9999.0,-9999.0,-9999.0,-9999.0,-9999.0,-9999.0,-9999.0,-9999.0,size,orientation,color,0.26,-16.0,16,male,0,2706.1785744,0,26
3839,-9999.0,-9999.0,-9999.0,-9999.0,-9999.0,-9999.0,-9999.0,-9999.0,-9999.0,size,orientation,color,0.26,-16.0,16,male,0,2706.1785744,0,26
3840,-9999.0,-9999.0,-9999.0,-9999.0,-9999.0,-9999.0,-9999.0,-9999.0,-9999.0,size,orientation,color,0.26,-16.0,16,male,0,2706.1785744,0,26
3841,-9999.0,-9999.0,-9999.0,-9999.0,-9999.0,-9999.0,-9999.0,-9999.0,-9999.0,size,orientation,color,0.26,-16.0,16,male,0,2706.1785744,0,26
3842,-9999.0,-9999.0,-9999.0,-9999.0,-9999.0,-9999.0,-9999.0,-9999.0,-9999.0,size,orientation,color,0.26,-16.0,16,male,0,2706.1785744,0,26
3843,-9999.0,-9999.0,-9999.0,-9999.0,-9999.0,-9999.0,-9999.0,-9999.0,-9999.0,size,orientation,color,0.26,-16.0,16,male,0,2706.1785744,0,26
3844,-9999.0,-9999.0,-9999.0,-9999.0,-9999.0,-9999.0,-9999.0,-9999.0,-9999.0,size,orientation,color,0.26,-16.0,16,male,0,2706.1785744,0,26
3845,-9999.0,-9999.0,-9999.0,-9999.0,-9999.0,-9999.0,-9999.0,-9999.0,-9999.0,size,orientation,color,0.26,-16.0,16,male,0,2706.1785744,0,26
3846,-9999.0,-9999.0,-9999.0,-9999.0,-9999.0,-9999.0,-9999.0,-9999.0,-9999.0,size,orientation,color,0.26,-16.0,16,male,0,2706.1785744,0,26
3847,-9999.0,-9999.0,-9999.0,-9999.0,-9999.0,-9999.0,-9999.0,-9999.0,-9999.0,size,orientation,color,0.26,-16.0,16,male,0,2706.1785744,0,26
3848,-9999.0,-9999.0,-9999.0,-9999.0,-9999.0,-9999.0,-9999.0,-9999.0,-9999.0,size,orientation,color,0.26,-16.0,16,male,0,2706.1785744,0,26
3849,-9999.0,-9999.0,-9999.0,-9999.0,-9999.0,-9999.0,-9999.0,-9999.0,-9999.0,size,orientation,color,0.26,-16.0,16,male,0,2706.1785744,0,26
3850,-9999.0,-9999.0,-9999.0,-9999.0,-9999.0,-9999.0,-9999.0,-9999.0,-9999.0,size,orientation,color,0.26,-16.0,16,male,0,2706.1785744,0,26
3851,-9999.0,-9999.0,-9999.0,-9999.0,-9999.0,-9999.0,-9999.0,-9999.0,-9999.0,size,orientation,color,0.26,-16.0,16,male,0,2706.1785744,0,26
3852,-9999.0,-9999.0,-9999.0,-9999.0,-9999.0,-9999.0,-9999.0,-9999.0,-9999.0,size,orientation,color,0.26,-16.0,16,male,0,2706.1785744,0,26
3853,-9999.0,-9999.0,-9999.0,-9999.0,-9999.0,-9999.0,-9999.0,-9999.0,-9999.0,size,orientation,color,0.26,-16.0,16,male,0,2706.1785744,0,26
3854,-9999.0,-9999.0,-9999.0,-9999.0,-9999.0,-9999.0,-9999.0,-9999.0,-9999.0,size,orientation,color,0.26,-16.0,16,male,0,2706.1785744,0,26
3855,-9999.0,-9999.0,-9999.0,-9999.0,-9999.0,-9999.0,-9999.0,-9999.0,-9999.0,size,orientation,color,0.26,-16.0,16,male,0,2706.1785744,0,26
3856,-9999.0,-9999.0,-9999.0,-9999.0,-9999.0,-9999.0,-9999.0,-9999.0,-9999.0,size,orientation,color,0.26,-16.0,16,male,0,2706.1785744,0,26
3857,-9999.0,-9999.0,-9999.0,-9999.0,-9999.0,-9999.0,-9999.0,-9999.0,-9999.0,size,orientation,color,0.26,-16.0,16,male,0,2706.1785744,0,26
3858,-9999.0,-9999.0,-9999.0,-9999.0,-9999.0,-9999.0,-9999.0,-9999.0,-9999.0,size,orientation,color,0.26,-16.0,16,male,0,2706.1785744,0,26
3859,-9999.0,-9999.0,-9999.0,-9999.0,-9999.0,-9999.0,-9999.0,-9999.0,-9999.0,size,orientation,color,0.26,-16.0,16,male,0,2706.1785744,0,26
3860,-9999.0,-9999.0,-9999.0,-9999.0,-9999.0,-9999.0,-9999.0,-9999.0,-9999.0,size,orientation,color,0.26,-16.0,16,male,0,2706.1785744,0,26
3861,-9999.0,-9999.0,-9999.0,-9999.0,-9999.0,-9999.0,-9999.0,-9999.0,-9999.0,size,orientation,color,0.26,-16.0,16,male,0,2706.1785744,0,26
3862,-9999.0,-9999.0,-9999.0,-9999.0,-9999.0,-9999.0,-9999.0,-9999.0,-9999.0,size,orientation,color,0.26,-16.0,16,male,0,2706.1785744,0,26
3863,-9999.0,-9999.0,-9999.0,-9999.0,-9999.0,-9999.0,-9999.0,-9999.0,-9999.0,size,orientation,color,0.26,-16.0,16,male,0,2706.1785744,0,26
3864,-9999.0,-9999.0,-9999.0,-9999.0,-9999.0,-9999.0,-9999.0,-9999.0,-9999.0,size,orientation,color,0.26,-16.0,16,male,0,2706.1785744,0,26
3865,-9999.0,-9999.0,-9999.0,-9999.0,-9999.0,-9999.0,-9999.0,-9999.0,-9999.0,size,orientation,color,0.26,-16.0,16,male,0,2706.1785744,0,26
3866,-9999.0,-9999.0,-9999.0,-9999.0,-9999.0,-9999.0,-9999.0,-9999.0,-9999.0,size,orientation,color,0.26,-16.0,16,male,0,2706.1785744,0,26
3867,-9999.0,-9999.0,-9999.0,-9999.0,-9999.0,-9999.0,-9999.0,-9999.0,-9999.0,size,orientation,color,0.26,-16.0,16,male,0,2706.1785744,0,26
3868,-9999.0,-9999.0,-9999.0,-9999.0,-9999.0,-9999.0,-9999.0,-9999.0,-9999.0,size,orientation,color,0.26,-16.0,16,male,0,2706.1785744,0,26
3869,-9999.0,-9999.0,-9999.0,-9999.0,-9999.0,-9999.0,-9999.0,-9999.0,-9999.0,size,orientation,color,0.26,-16.0,16,male,0,2706.1785744,0,26
3870,-9999.0,-9999.0,-9999.0,-9999.0,-9999.0,-9999.0,-9999.0,-9999.0,-9999.0,size,orientation,color,0.26,-16.0,16,male,0,2706.1785744,0,26
3871,-9999.0,-9999.0,-9999.0,-9999.0,-9999.0,-9999.0,-9999.0,-9999.0,-9999.0,size,orientation,color,0.26,-16.0,16,male,0,2706.1785744,0,26
3872,-9999.0,-9999.0,-9999.0,-9999.0,-9999.0,-9999.0,-9999.0,-9999.0,-9999.0,size,orientation,color,0.26,-16.0,16,male,0,2706.1785744,0,26
3873,-9999.0,-9999.0,-9999.0,-9999.0,-9999.0,-9999.0,-9999.0,-9999.0,-9999.0,size,orientation,color,0.26,-16.0,16,male,0,2706.1785744,0,26
3874,-9999.0,-9999.0,-9999.0,-9999.0,-9999.0,-9999.0,-9999.0,-9999.0,-9999.0,size,orientation,color,0.26,-16.0,16,male,0,2706.1785744,0,26
3875,-9999.0,-9999.0,-9999.0,-9999.0,-9999.0,-9999.0,-9999.0,-9999.0,-9999.0,size,orientation,color,0.26,-16.0,16,male,0,2706.1785744,0,26
3876,-9999.0,-9999.0,-9999.0,-9999.0,-9999.0,-9999.0,-9999.0,-9999.0,-9999.0,size,orientation,color,0.26,-16.0,16,male,0,2706.1785744,0,26
3877,-9999.0,-9999.0,-9999.0,-9999.0,-9999.0,-9999.0,-9999.0,-9999.0,-9999.0,size,orientation,color,0.26,-16.0,16,male,0,2706.1785744,0,26
3878,-9999.0,-9999.0,-9999.0,-9999.0,-9999.0,-9999.0,-9999.0,-9999.0,-9999.0,size,orientation,color,0.26,-16.0,16,male,0,2706.1785744,0,26
3879,-9999.0,-9999.0,-9999.0,-9999.0,-9999.0,-9999.0,-9999.0,-9999.0,-9999.0,size,orientation,color,0.26,-16.0,16,male,0,2706.1785744,0,26
3880,-9999.0,-9999.0,-9999.0,-9999.0,-9999.0,-9999.0,-9999.0,-9999.0,-9999.0,size,orientation,color,0.26,-16.0,16,male,0,2706.1785744,0,26
3881,-9999.0,-9999.0,-9999.0,-9999.0,-9999.0,-9999.0,-9999.0,-9999.0,-9999.0,size,orientation,color,0.26,-16.0,16,male,0,2706.1785744,0,26
3882,-9999.0,-9999.0,-9999.0,-9999.0,-9999.0,-9999.0,-9999.0,-9999.0,-9999.0,size,orientation,color,0.26,-16.0,16,male,0,2706.1785744,0,26
3883,-9999.0,-9999.0,-9999.0,-9999.0,-9999.0,-9999.0,-9999.0,-9999.0,-9999.0,size,orientation,color,0.26,-16.0,16,male,0,2706.1785744,0,26
3884,-9999.0,-9999.0,-9999.0,-9999.0,-9999.0,-9999.0,-9999.0,-9999.0,-9999.0,size,orientation,color,0.26,-16.0,16,male,0,2706.1785744,0,26
3885,-9999.0,-9999.0,-9999.0,-9999.0,-9999.0,-9999.0,-9999.0,-9999.0,-9999.0,size,orientation,color,0.26,-16.0,16,male,0,2706.1785744,0,26
3886,-9999.0,-9999.0,-9999.0,-9999.0,-9999.0,-9999.0,-9999.0,-9999.0,-9999.0,size,orientation,color,0.26,-16.0,16,male,0,2706.1785744,0,26
3887,-9999.0,-9999.0,-9999.0,-9999.0,-9999.0,-9999.0,-9999.0,-9999.0,-9999.0,size,orientation,color,0.26,-16.0,16,male,0,2706.1785744,0,26
3888,-9999.0,-9999.0,-9999.0,-9999.0,-9999.0,-9999.0,-9999.0,-9999.0,-9999.0,size,orientation,color,0.26,-16.0,16,male,0,2706.1785744,0,26
3889,-9999.0,-9999.0,-9999.0,-9999.0,-9999.0,-9999.0,-9999.0,-9999.0,-9999.0,size,orientation,color,0.26,-16.0,16,male,0,2706.1785744,0,26
3890,-9999.0,-9999.0,-9999.0,-9999.0,-9999.0,-9999.0,-9999.0,-9999.0,-9999.0,size,orientation,color,0.26,-16.0,16,male,0,2706.1785744,0,26
3891,-9999.0,-9999.0,-9999.0,-9999.0,-9999.0,-9999.0,-9999.0,-9999.0,-9999.0,size,orientation,color,0.26,-16.0,16,male,0,2706.1785744,0,26
3892,-9999.0,-9999.0,-9999.0,-9999.0,-9999.0,-9999.0,-9999.0,-9999.0,-9999.0,size,orientation,color,0.26,-16.0,16,male,0,2706.1785744,0,26
3893,-9999.0,-9999.0,-9999.0,-9999.0,-9999.0,-9999.0,-9999.0,-9999.0,-9999.0,size,orientation,color,0.26,-16.0,16,male,0,2706.1785744,0,26
3894,-9999.0,-9999.0,-9999.0,-9999.0,-9999.0,-9999.0,-9999.0,-9999.0,-9999.0,size,orientation,color,0.26,-16.0,16,male,0,2706.1785744,0,26
3895,-9999.0,-9999.0,-9999.0,-9999.0,-9999.0,-9999.0,-9999.0,-9999.0,-9999.0,size,orientation,color,0.26,-16.0,16,male,0,2706.1785744,0,26
3896,-9999.0,-9999.0,-9999.0,-9999.0,-9999.0,-9999.0,-9999.0,-9999.0,-9999.0,size,orientation,color,0.26,-16.0,16,male,0,2706.1785744,0,26
3897,-9999.0,-9999.0,-9999.0,-9999.0,-9999.0,-9999.0,-9999.0,-9999.0,-9999.0,size,orientation,color,0.26,-16.0,16,male,0,2706.1785744,0,26
3898,-9999.0,-9999.0,-9999.0,-9999.0,-9999.0,-9999.0,-9999.0,-9999.0,-9999.0,size,orientation,color,0.26,-16.0,16,male,0,2706.1785744,0,26
3899,-9999.0,-9999.0,-9999.0,-9999.0,-9999.0,-9999.0,-9999.0,-9999.0,-9999.0,size,orientation,color,0.26,-16.0,16,male,0,2706.1785744,0,26
3900,-9999.0,-9999.0,-9999.0,-9999.0,-9999.0,-9999.0,-9999.0,-9999.0,-9999.0,size,orientation,color,0.26,-16.0,16,male,0,2706.1785744,0,26
3901,-9999.0,-9999.0,-9999.0,-9999.0,-9999.0,-9999.0,-9999.0,-9999.0,-9999.0,size,orientation,color,0.26,-16.0,16,male,0,2706.1785744,0,26
3902,-9999.0,-9999.0,-9999.0,-9999.0,-9999.0,-9999.0,-9999.0,-9999.0,-9999.0,size,orientation,color,0.26,-16.0,16,male,0,2706.1785744,0,26
3903,-9999.0,-9999.0,-9999.0,-9999.0,-9999.0,-9999.0,-9999.0,-9999.0,-9999.0,size,orientation,color,0.26,-16.0,16,male,0,2706.1785744,0,26
3904,-9999.0,-9999.0,-9999.0,-9999.0,-9999.0,-9999.0,-9999.0,-9999.0,-9999.0,size,orientation,color,0.26,-16.0,16,male,0,2706.1785744,0,26
3905,-9999.0,-9999.0,-9999.0,-9999.0,-9999.0,-9999.0,-9999.0,-9999.0,-9999.0,size,orientation,color,0.26,-16.0,16,male,0,2706.1785744,0,26
3906,-9999.0,-9999.0,-9999.0,-9999.0,-9999.0,-9999.0,-9999.0,-9999.0,-9999.0,size,orientation,color,0.26,-16.0,16,male,0,2706.1785744,0,26
3907,-9999.0,-9999.0,-9999.0,-9999.0,-9999.0,-9999.0,-9999.0,-9999.0,-9999.0,size,orientation,color,0.26,-16.0,16,male,0,2706.1785744,0,26
3908,-9999.0,-9999.0,-9999.0,-9999.0,-9999.0,-9999.0,-9999.0,-9999.0,-9999.0,size,orientation,color,0.26,-16.0,16,male,0,2706.1785744,0,26
3909,-9999.0,-9999.0,-9999.0,-9999.0,-9999.0,-9999.0,-9999.0,-9999.0,-9999.0,size,orientation,color,0.26,-16.0,16,male,0,2706.1785744,0,26
3910,-9999.0,-9999.0,-9999.0,-9999.0,-9999.0,-9999.0,-9999.0,-9999.0,-9999.0,size,orientation,color,0.26,-16.0,16,male,0,2706.1785744,0,26
3911,-9999.0,-9999.0,-9999.0,-9999.0,-9999.0,-9999.0,-9999.0,-9999.0,-9999.0,size,orientation,color,0.26,-16.0,16,male,0,2706.1785744,0,26
3912,-9999.0,-9999.0,-9999.0,-9999.0,-9999.0,-9999.0,-9999.0,-9999.0,-9999.0,size,orientation,color,0.26,-16.0,16,male,0,2706.1785744,0,26
3913,-9999.0,-9999.0,-9999.0,-9999.0,-9999.0,-9999.0,-9999.0,-9999.0,-9999.0,size,orientation,color,0.26,-16.0,16,male,0,2706.1785744,0,26
3914,-9999.0,-9999.0,-9999.0,-9999.0,-9999.0,-9999.0,-9999.0,-9999.0,-9999.0,size,orientation,color,0.26,-16.0,16,male,0,2706.1785744,0,26
3915,-9999.0,-9999.0,-9999.0,-9999.0,-9999.0,-9999.0,-9999.0,-9999.0,-9999.0,size,orientation,color,0.26,-16.0,16,male,0,2706.1785744,0,26
3916,-9999.0,-9999.0,-9999.0,-9999.0,-9999.0,-9999.0,-9999.0,-9999.0,-9999.0,size,orientation,color,0.26,-16.0,16,male,0,2706.1785744,0,26
3917,-9999.0,-9999.0,-9999.0,-9999.0,-9999.0,-9999.0,-9999.0,-9999.0,-9999.0,size,orientation,color,0.26,-16.0,16,male,0,2706.1785744,0,26
3918,-9999.0,-9999.0,-9999.0,-9999.0,-9999.0,-9999.0,-9999.0,-9999.0,-9999.0,size,orientation,color,0.26,-16.0,16,male,0,2706.1785744,0,26
3919,-9999.0,-9999.0,-9999.0,-9999.0,-9999.0,-9999.0,-9999.0,-9999.0,-9999.0,size,orientation,color,0.26,-16.0,16,male,0,2706.1785744,0,26
3920,-9999.0,-9999.0,-9999.0,-9999.0,-9999.0,-9999.0,-9999.0,-9999.0,-9999.0,size,orientation,color,0.26,-16.0,16,male,0,2706.1785744,0,26
3921,-9999.0,-9999.0,-9999.0,-9999.0,-9999.0,-9999.0,-9999.0,-9999.0,-9999.0,size,orientation,color,0.26,-16.0,16,male,0,2706.1785744,0,26
3922,-9999.0,-9999.0,-9999.0,-9999.0,-9999.0,-9999.0,-9999.0,-9999.0,-9999.0,size,orientation,color,0.26,-16.0,16,male,0,2706.1785744,0,26
3923,-9999.0,-9999.0,-9999.0,-9999.0,-9999.0,-9999.0,-9999.0,-9999.0,-9999.0,size,orientation,color,0.26,-16.0,16,male,0,2706.1785744,0,26
3924,-9999.0,-9999.0,-9999.0,-9999.0,-9999.0,-9999.0,-9999.0,-9999.0,-9999.0,size,orientation,color,0.26,-16.0,16,male,0,2706.1785744,0,26
3925,-9999.0,-9999.0,-9999.0,-9999.0,-9999.0,-9999.0,-9999.0,-9999.0,-9999.0,size,orientation,color,0.26,-16.0,16,male,0,2706.1785744,0,26
3926,-9999.0,-9999.0,-9999.0,-9999.0,-9999.0,-9999.0,-9999.0,-9999.0,-9999.0,size,orientation,color,0.26,-16.0,16,male,0,2706.1785744,0,26
3927,-9999.0,-9999.0,-9999.0,-9999.0,-9999.0,-9999.0,-9999.0,-9999.0,-9999.0,size,orientation,color,0.26,-16.0,16,male,0,2706.1785744,0,26
3928,-9999.0,-9999.0,-9999.0,-9999.0,-9999.0,-9999.0,-9999.0,-9999.0,-9999.0,size,orientation,color,0.26,-16.0,16,male,0,2706.1785744,0,26
3929,-9999.0,-9999.0,-9999.0,-9999.0,-9999.0,-9999.0,-9999.0,-9999.0,-9999.0,size,orientation,color,0.26,-16.0,16,male,0,2706.1785744,0,26
3930,-9999.0,-9999.0,-9999.0,-9999.0,-9999.0,-9999.0,-9999.0,-9999.0,-9999.0,size,orientation,color,0.26,-16.0,16,male,0,2706.1785744,0,26
3931,-9999.0,-9999.0,-9999.0,-9999.0,-9999.0,-9999.0,-9999.0,-9999.0,-9999.0,size,orientation,color,0.26,-16.0,16,male,0,2706.1785744,0,26
3932,-9999.0,-9999.0,-9999.0,-9999.0,-9999.0,-9999.0,-9999.0,-9999.0,-9999.0,size,orientation,color,0.26,-16.0,16,male,0,2706.1785744,0,26
3933,-9999.0,-9999.0,-9999.0,-9999.0,-9999.0,-9999.0,-9999.0,-9999.0,-9999.0,size,orientation,color,0.26,-16.0,16,male,0,2706.1785744,0,26
3934,-9999.0,-9999.0,-9999.0,-9999.0,-9999.0,-9999.0,-9999.0,-9999.0,-9999.0,size,orientation,color,0.26,-16.0,16,male,0,2706.1785744,0,26
3935,-9999.0,-9999.0,-9999.0,-9999.0,-9999.0,-9999.0,-9999.0,-9999.0,-9999.0,size,orientation,color,0.26,-16.0,16,male,0,2706.1785744,0,26
3936,-9999.0,-9999.0,-9999.0,-9999.0,-9999.0,-9999.0,-9999.0,-9999.0,-9999.0,size,orientation,color,0.26,-16.0,16,male,0,2706.1785744,0,26
3937,-9999.0,-9999.0,-9999.0,-9999.0,-9999.0,-9999.0,-9999.0,-9999.0,-9999.0,size,orientation,color,0.26,-16.0,16,male,0,2706.1785744,0,26
3938,-9999.0,-9999.0,-9999.0,-9999.0,-9999.0,-9999.0,-9999.0,-9999.0,-9999.0,size,orientation,color,0.26,-16.0,16,male,0,2706.1785744,0,26
3939,-9999.0,-9999.0,-9999.0,-9999.0,-9999.0,-9999.0,-9999.0,-9999.0,-9999.0,size,orientation,color,0.26,-16.0,16,male,0,2706.1785744,0,26
3940,-9999.0,-9999.0,-9999.0,-9999.0,-9999.0,-9999.0,-9999.0,-9999.0,-9999.0,size,orientation,color,0.26,-16.0,16,male,0,2706.1785744,0,26
3941,-9999.0,-9999.0,-9999.0,-9999.0,-9999.0,-9999.0,-9999.0,-9999.0,-9999.0,size,orientation,color,0.26,-16.0,16,male,0,2706.1785744,0,26
3942,-9999.0,-9999.0,-9999.0,-9999.0,-9999.0,-9999.0,-9999.0,-9999.0,-9999.0,size,orientation,color,0.26,-16.0,16,male,0,2706.1785744,0,26
3943,-9999.0,-9999.0,-9999.0,-9999.0,-9999.0,-9999.0,-9999.0,-9999.0,-9999.0,size,orientation,color,0.26,-16.0,16,male,0,2706.1785744,0,26
3944,-9999.0,-9999.0,-9999.0,-9999.0,-9999.0,-9999.0,-9999.0,-9999.0,-9999.0,size,orientation,color,0.26,-16.0,16,male,0,2706.1785744,0,26
3945,-9999.0,-9999.0,-9999.0,-9999.0,-9999.0,-9999.0,-9999.0,-9999.0,-9999.0,size,orientation,color,0.26,-16.0,16,male,0,2706.1785744,0,26
3946,-9999.0,-9999.0,-9999.0,-9999.0,-9999.0,-9999.0,-9999.0,-9999.0,-9999.0,size,orientation,color,0.26,-16.0,16,male,0,2706.1785744,0,26
3947,-9999.0,-9999.0,-9999.0,-9999.0,-9999.0,-9999.0,-9999.0,-9999.0,-9999.0,size,orientation,color,0.26,-16.0,16,male,0,2706.1785744,0,26
3948,-9999.0,-9999.0,-9999.0,-9999.0,-9999.0,-9999.0,-9999.0,-9999.0,-9999.0,size,orientation,color,0.26,-16.0,16,male,0,2706.1785744,0,26
3949,-9999.0,-9999.0,-9999.0,-9999.0,-9999.0,-9999.0,-9999.0,-9999.0,-9999.0,size,orientation,color,0.26,-16.0,16,male,0,2706.1785744,0,26
3950,-9999.0,-9999.0,-9999.0,-9999.0,-9999.0,-9999.0,-9999.0,-9999.0,-9999.0,size,orientation,color,0.26,-16.0,16,male,0,2706.1785744,0,26
3951,-9999.0,-9999.0,-9999.0,-9999.0,-9999.0,-9999.0,-9999.0,-9999.0,-9999.0,size,orientation,color,0.26,-16.0,16,male,0,2706.1785744,0,26
3952,-9999.0,-9999.0,-9999.0,-9999.0,-9999.0,-9999.0,-9999.0,-9999.0,-9999.0,size,orientation,color,0.26,-16.0,16,male,0,2706.1785744,0,26
3953,-9999.0,-9999.0,-9999.0,-9999.0,-9999.0,-9999.0,-9999.0,-9999.0,-9999.0,size,orientation,color,0.26,-16.0,16,male,0,2706.1785744,0,26
3954,-9999.0,-9999.0,-9999.0,-9999.0,-9999.0,-9999.0,-9999.0,-9999.0,-9999.0,size,orientation,color,0.26,-16.0,16,male,0,2706.1785744,0,26
3955,-9999.0,-9999.0,-9999.0,-9999.0,-9999.0,-9999.0,-9999.0,-9999.0,-9999.0,size,orientation,color,0.26,-16.0,16,male,0,2706.1785744,0,26
3956,-9999.0,-9999.0,-9999.0,-9999.0,-9999.0,-9999.0,-9999.0,-9999.0,-9999.0,size,orientation,color,0.26,-16.0,16,male,0,2706.1785744,0,26
3957,-9999.0,-9999.0,-9999.0,-9999.0,-9999.0,-9999.0,-9999.0,-9999.0,-9999.0,size,orientation,color,0.26,-16.0,16,male,0,2706.1785744,0,26
3958,-9999.0,-9999.0,-9999.0,-9999.0,-9999.0,-9999.0,-9999.0,-9999.0,-9999.0,size,orientation,color,0.26,-16.0,16,male,0,2706.1785744,0,26
3959,-9999.0,-9999.0,-9999.0,-9999.0,-9999.0,-9999.0,-9999.0,-9999.0,-9999.0,size,orientation,color,0.26,-16.0,16,male,0,2706.1785744,0,26
3960,-9999.0,-9999.0,-9999.0,-9999.0,-9999.0,-9999.0,-9999.0,-9999.0,-9999.0,size,orientation,color,0.26,-16.0,16,male,0,2706.1785744,0,26
3961,-9999.0,-9999.0,-9999.0,-9999.0,-9999.0,-9999.0,-9999.0,-9999.0,-9999.0,size,orientation,color,0.26,-16.0,16,male,0,2706.1785744,0,26
3962,-9999.0,-9999.0,-9999.0,-9999.0,-9999.0,-9999.0,-9999.0,-9999.0,-9999.0,size,orientation,color,0.26,-16.0,16,male,0,2706.1785744,0,26
3963,-9999.0,-9999.0,-9999.0,-9999.0,-9999.0,-9999.0,-9999.0,-9999.0,-9999.0,size,orientation,color,0.26,-16.0,16,male,0,2706.1785744,0,26
3964,-9999.0,-9999.0,-9999.0,-9999.0,-9999.0,-9999.0,-9999.0,-9999.0,-9999.0,size,orientation,color,0.26,-16.0,16,male,0,2706.1785744,0,26
3965,-9999.0,-9999.0,-9999.0,-9999.0,-9999.0,-9999.0,-9999.0,-9999.0,-9999.0,size,orientation,color,0.26,-16.0,16,male,0,2706.1785744,0,26
3966,-9999.0,-9999.0,-9999.0,-9999.0,-9999.0,-9999.0,-9999.0,-9999.0,-9999.0,size,orientation,color,0.26,-16.0,16,male,0,2706.1785744,0,26
3967,-9999.0,-9999.0,-9999.0,-9999.0,-9999.0,-9999.0,-9999.0,-9999.0,-9999.0,size,orientation,color,0.26,-16.0,16,male,0,2706.1785744,0,26
3968,-9999.0,-9999.0,-9999.0,-9999.0,-9999.0,-9999.0,-9999.0,-9999.0,-9999.0,size,orientation,color,0.26,-16.0,16,male,0,2706.1785744,0,26
3969,-9999.0,-9999.0,-9999.0,-9999.0,-9999.0,-9999.0,-9999.0,-9999.0,-9999.0,size,orientation,color,0.26,-16.0,16,male,0,2706.1785744,0,26
3970,-9999.0,-9999.0,-9999.0,-9999.0,-9999.0,-9999.0,-9999.0,-9999.0,-9999.0,size,orientation,color,0.26,-16.0,16,male,0,2706.1785744,0,26
3971,-9999.0,-9999.0,-9999.0,-9999.0,-9999.0,-9999.0,-9999.0,-9999.0,-9999.0,size,orientation,color,0.26,-16.0,16,male,0,2706.1785744,0,26
3972,-9999.0,-9999.0,-9999.0,-9999.0,-9999.0,-9999.0,-9999.0,-9999.0,-9999.0,size,orientation,color,0.26,-16.0,16,male,0,2706.1785744,0,26
3973,-9999.0,-9999.0,-9999.0,-9999.0,-9999.0,-9999.0,-9999.0,-9999.0,-9999.0,size,orientation,color,0.26,-16.0,16,male,0,2706.1785744,0,26
3974,-9999.0,-9999.0,-9999.0,-9999.0,-9999.0,-9999.0,-9999.0,-9999.0,-9999.0,size,orientation,color,0.26,-16.0,16,male,0,2706.1785744,0,26
3975,-9999.0,-9999.0,-9999.0,-9999.0,-9999.0,-9999.0,-9999.0,-9999.0,-9999.0,size,orientation,color,0.26,-16.0,16,male,0,2706.1785744,0,26
3976,-9999.0,-9999.0,-9999.0,-9999.0,-9999.0,-9999.0,-9999.0,-9999.0,-9999.0,size,orientation,color,0.26,-16.0,16,male,0,2706.1785744,0,26
3977,-9999.0,-9999.0,-9999.0,-9999.0,-9999.0,-9999.0,-9999.0,-9999.0,-9999.0,size,orientation,color,0.26,-16.0,16,male,0,2706.1785744,0,26
3978,-9999.0,-9999.0,-9999.0,-9999.0,-9999.0,-9999.0,-9999.0,-9999.0,-9999.0,size,orientation,color,0.26,-16.0,16,male,0,2706.1785744,0,26
3979,-9999.0,-9999.0,-9999.0,-9999.0,-9999.0,-9999.0,-9999.0,-9999.0,-9999.0,size,orientation,color,0.26,-16.0,16,male,0,2706.1785744,0,26
3980,-9999.0,-9999.0,-9999.0,-9999.0,-9999.0,-9999.0,-9999.0,-9999.0,-9999.0,size,orientation,color,0.26,-16.0,16,male,0,2706.1785744,0,26
3981,-9999.0,-9999.0,-9999.0,-9999.0,-9999.0,-9999.0,-9999.0,-9999.0,-9999.0,size,orientation,color,0.26,-16.0,16,male,0,2706.1785744,0,26
3982,-9999.0,-9999.0,-9999.0,-9999.0,-9999.0,-9999.0,-9999.0,-9999.0,-9999.0,size,orientation,color,0.26,-16.0,16,male,0,2706.1785744,0,26
3983,-9999.0,-9999.0,-9999.0,-9999.0,-9999.0,-9999.0,-9999.0,-9999.0,-9999.0,size,orientation,color,0.26,-16.0,16,male,0,2706.1785744,0,26
3984,-9999.0,-9999.0,-9999.0,-9999.0,-9999.0,-9999.0,-9999.0,-9999.0,-9999.0,size,orientation,color,0.26,-16.0,16,male,0,2706.1785744,0,26
3985,-9999.0,-9999.0,-9999.0,-9999.0,-9999.0,-9999.0,-9999.0,-9999.0,-9999.0,size,orientation,color,0.26,-16.0,16,male,0,2706.1785744,0,26
3986,-9999.0,-9999.0,-9999.0,-9999.0,-9999.0,-9999.0,-9999.0,-9999.0,-9999.0,size,orientation,color,0.26,-16.0,16,male,0,2706.1785744,0,26
3987,-9999.0,-9999.0,-9999.0,-9999.0,-9999.0,-9999.0,-9999.0,-9999.0,-9999.0,size,orientation,color,0.26,-16.0,16,male,0,2706.1785744,0,26
3988,-9999.0,-9999.0,-9999.0,-9999.0,-9999.0,-9999.0,-9999.0,-9999.0,-9999.0,size,orientation,color,0.26,-16.0,16,male,0,2706.1785744,0,26
3989,-9999.0,-9999.0,-9999.0,-9999.0,-9999.0,-9999.0,-9999.0,-9999.0,-9999.0,size,orientation,color,0.26,-16.0,16,male,0,2706.1785744,0,26
3990,-9999.0,-9999.0,-9999.0,-9999.0,-9999.0,-9999.0,-9999.0,-9999.0,-9999.0,size,orientation,color,0.26,-16.0,16,male,0,2706.1785744,0,26
3991,-9999.0,-9999.0,-9999.0,-9999.0,-9999.0,-9999.0,-9999.0,-9999.0,-9999.0,size,orientation,color,0.26,-16.0,16,male,0,2706.1785744,0,26
3992,-9999.0,-9999.0,-9999.0,-9999.0,-9999.0,-9999.0,-9999.0,-9999.0,-9999.0,size,orientation,color,0.26,-16.0,16,male,0,2706.1785744,0,26
3993,-9999.0,-9999.0,-9999.0,-9999.0,-9999.0,-9999.0,-9999.0,-9999.0,-9999.0,size,orientation,color,0.26,-16.0,16,male,0,2706.1785744,0,26
3994,-9999.0,-9999.0,-9999.0,-9999.0,-9999.0,-9999.0,-9999.0,-9999.0,-9999.0,size,orientation,color,0.26,-16.0,16,male,0,2706.1785744,0,26
3995,-9999.0,-9999.0,-9999.0,-9999.0,-9999.0,-9999.0,-9999.0,-9999.0,-9999.0,size,orientation,color,0.26,-16.0,16,male,0,2706.1785744,0,26
3996,-9999.0,-9999.0,-9999.0,-9999.0,-9999.0,-9999.0,-9999.0,-9999.0,-9999.0,size,orientation,color,0.26,-16.0,16,male,0,2706.1785744,0,26
3997,-9999.0,-9999.0,-9999.0,-9999.0,-9999.0,-9999.0,-9999.0,-9999.0,-9999.0,size,orientation,color,0.26,-16.0,16,male,0,2706.1785744,0,26
3998,-9999.0,-9999.0,-9999.0,-9999.0,-9999.0,-9999.0,-9999.0,-9999.0,-9999.0,size,orientation,color,0.26,-16.0,16,male,0,2706.1785744,0,26
3999,-9999.0,-9999.0,-9999.0,-9999.0,-9999.0,-9999.0,-9999.0,-9999.0,-9999.0,size,orientation,color,0.26,-16.0,16,male,0,2706.1785744,0,26
4000,-9999.0,-9999.0,-9999.0,-9999.0,-9999.0,-9999.0,-9999.0,-9999.0,-9999.0,size,orientation,color,0.26,-16.0,16,male,0,2706.1785744,0,26
