Trial_number,Chosen_castle,Chosen_location,Correct_location,Accuracy,Number_of_doors,RT,Current_orientation,Current_color,Current_size,First_feature,Second_feature,Third_feature,Participant_size,Participant_orientation,Participant_number,Participant_gender,Early_exit,Training_time,Meta_trial,Participant_age
1,3,5,4,0,8,4.575850700000046,65.0,0,0.22000000000000003,orientation,color,size,0.3400000000000001,6.5,18,female,1,1913.8339991000003,1,22
2,2,2,3,0,4,3.4321838999994725,15.5,20,0.4600000000000001,orientation,color,size,0.3400000000000001,6.5,18,female,1,1913.8339991000003,1,22
3,2,1,3,0,4,4.649805699999888,74.0,16,0.18000000000000002,orientation,color,size,0.3400000000000001,6.5,18,female,1,1913.8339991000003,1,22
4,2,3,3,1,4,2.6993230000007316,29.0,14,0.26,orientation,color,size,0.3400000000000001,6.5,18,female,1,1913.8339991000003,1,22
5,2,3,2,0,4,2.7500075999996625,15.5,2,0.42000000000000004,orientation,color,size,0.3400000000000001,6.5,18,female,1,1913.8339991000003,0,22
6,2,0,0,1,4,3.4328028999998423,-34.0,0,0.26,orientation,color,size,0.3400000000000001,6.5,18,female,1,1913.8339991000003,1,22
7,2,2,3,0,4,4.916599099999985,33.5,20,0.4600000000000001,orientation,color,size,0.3400000000000001,6.5,18,female,1,1913.8339991000003,0,22
8,2,1,3,0,4,3.081826500000716,11.0,14,0.30000000000000004,orientation,color,size,0.3400000000000001,6.5,18,female,1,1913.8339991000003,1,22
9,2,2,0,0,4,5.698653600000398,-65.5,5,0.14,orientation,color,size,0.3400000000000001,6.5,18,female,1,1913.8339991000003,1,22
10,2,0,0,1,4,6.200498999999581,-29.5,0,0.26,orientation,color,size,0.3400000000000001,6.5,18,female,1,1913.8339991000003,1,22
11,2,2,2,1,4,6.9331529000000955,6.5,5,0.26,orientation,color,size,0.3400000000000001,6.5,18,female,1,1913.8339991000003,0,22
12,2,0,3,0,4,4.39983889999985,78.5,19,0.14,orientation,color,size,0.3400000000000001,6.5,18,female,1,1913.8339991000003,0,22
13,2,1,0,0,4,9.882125899999664,-43.0,6,0.26,orientation,color,size,0.3400000000000001,6.5,18,female,1,1913.8339991000003,1,22
14,2,2,1,0,4,5.698834900000293,-47.5,19,0.30000000000000004,orientation,color,size,0.3400000000000001,6.5,18,female,1,1913.8339991000003,1,22
15,2,2,3,0,4,7.015741000000162,51.5,17,0.42000000000000004,orientation,color,size,0.3400000000000001,6.5,18,female,1,1913.8339991000003,1,22
16,2,3,2,0,4,3.2830708000001323,11.0,0,0.22000000000000003,orientation,color,size,0.3400000000000001,6.5,18,female,1,1913.8339991000003,1,22
17,2,2,3,0,4,11.565550999999687,11.0,23,0.4600000000000001,orientation,color,size,0.3400000000000001,6.5,18,female,1,1913.8339991000003,1,22
18,2,0,0,1,4,2.6826842000000397,-20.5,1,0.42000000000000004,orientation,color,size,0.3400000000000001,6.5,18,female,1,1913.8339991000003,1,22
19,2,2,2,1,4,4.233488300000317,6.5,11,0.18000000000000002,orientation,color,size,0.3400000000000001,6.5,18,female,1,1913.8339991000003,0,22
20,2,1,1,1,4,9.567005099999733,-16.0,23,0.26,orientation,color,size,0.3400000000000001,6.5,18,female,1,1913.8339991000003,0,22
21,2,2,1,0,4,4.250126699999782,-65.5,13,0.30000000000000004,orientation,color,size,0.3400000000000001,6.5,18,female,1,1913.8339991000003,0,22
22,2,2,3,0,4,3.4156817000002775,78.5,13,0.22000000000000003,orientation,color,size,0.3400000000000001,6.5,18,female,1,1913.8339991000003,1,22
23,2,1,1,1,4,3.1665099000001646,-88.0,21,0.22000000000000003,orientation,color,size,0.3400000000000001,6.5,18,female,1,1913.8339991000003,1,22
24,2,3,3,1,4,2.816885799999909,20.0,17,0.38,orientation,color,size,0.3400000000000001,6.5,18,female,1,1913.8339991000003,0,22
25,2,2,3,0,4,4.534049000000778,11.0,18,0.1,orientation,color,size,0.3400000000000001,6.5,18,female,1,1913.8339991000003,0,22
26,2,1,3,0,4,2.566191599999911,65.0,24,0.38,orientation,color,size,0.3400000000000001,6.5,18,female,1,1913.8339991000003,1,22
27,2,3,2,0,4,1.7160241999999926,33.5,4,0.30000000000000004,orientation,color,size,0.3400000000000001,6.5,18,female,1,1913.8339991000003,1,22
28,2,0,2,0,4,1.348906100000022,74.0,8,0.14,orientation,color,size,0.3400000000000001,6.5,18,female,1,1913.8339991000003,1,22
29,2,1,3,0,4,4.815904600000067,74.0,18,0.38,orientation,color,size,0.3400000000000001,6.5,18,female,1,1913.8339991000003,1,22
30,2,1,3,0,4,9.048520600000302,74.0,15,0.4600000000000001,orientation,color,size,0.3400000000000001,6.5,18,female,1,1913.8339991000003,1,22
31,2,2,3,0,4,7.08210599999984,47.0,18,0.1,orientation,color,size,0.3400000000000001,6.5,18,female,1,1913.8339991000003,1,22
32,2,2,2,1,4,14.566367700000228,83.0,0,0.18000000000000002,orientation,color,size,0.3400000000000001,6.5,18,female,1,1913.8339991000003,1,22
33,2,0,1,0,4,4.617175700000189,-79.0,17,0.14,orientation,color,size,0.3400000000000001,6.5,18,female,1,1913.8339991000003,0,22
34,2,1,1,1,4,14.165941000000203,-38.5,24,0.42000000000000004,orientation,color,size,0.3400000000000001,6.5,18,female,1,1913.8339991000003,1,22
35,2,0,0,1,4,2.6677931999993234,-43.0,9,0.1,orientation,color,size,0.3400000000000001,6.5,18,female,1,1913.8339991000003,0,22
36,2,3,3,1,4,3.899642500000482,60.5,13,0.42000000000000004,orientation,color,size,0.3400000000000001,6.5,18,female,1,1913.8339991000003,0,22
37,2,2,2,1,4,3.8498545000002196,83.0,1,0.38,orientation,color,size,0.3400000000000001,6.5,18,female,1,1913.8339991000003,0,22
38,2,2,2,1,4,4.333298500000637,20.0,11,0.30000000000000004,orientation,color,size,0.3400000000000001,6.5,18,female,1,1913.8339991000003,0,22
39,2,3,3,1,4,2.450064999999995,78.5,23,0.3400000000000001,orientation,color,size,0.3400000000000001,6.5,18,female,1,1913.8339991000003,0,22
40,2,0,1,0,4,12.666969900000367,-70.0,22,0.38,orientation,color,size,0.3400000000000001,6.5,18,female,1,1913.8339991000003,0,22
41,2,1,0,0,4,3.199792699999307,-61.0,11,0.4600000000000001,orientation,color,size,0.3400000000000001,6.5,18,female,1,1913.8339991000003,1,22
42,2,1,0,0,4,1.8145204000002195,-61.0,1,0.42000000000000004,orientation,color,size,0.3400000000000001,6.5,18,female,1,1913.8339991000003,1,22
43,2,1,1,1,4,1.2653739999996105,-61.0,24,0.4600000000000001,orientation,color,size,0.3400000000000001,6.5,18,female,1,1913.8339991000003,1,22
44,2,2,3,0,4,4.933273499999814,47.0,23,0.42000000000000004,orientation,color,size,0.3400000000000001,6.5,18,female,1,1913.8339991000003,0,22
45,2,0,0,1,4,1.8321448999995482,-70.0,4,0.3400000000000001,orientation,color,size,0.3400000000000001,6.5,18,female,1,1913.8339991000003,1,22
46,2,2,3,0,4,3.332949699999517,24.5,20,0.14,orientation,color,size,0.3400000000000001,6.5,18,female,1,1913.8339991000003,0,22
47,2,1,1,1,4,2.250338400000146,-52.0,21,0.42000000000000004,orientation,color,size,0.3400000000000001,6.5,18,female,1,1913.8339991000003,1,22
48,2,1,1,1,4,1.8833152999995946,-7.0,18,0.4600000000000001,orientation,color,size,0.3400000000000001,6.5,18,female,1,1913.8339991000003,0,22
49,2,0,0,1,4,1.9993851999997787,-61.0,10,0.14,orientation,color,size,0.3400000000000001,6.5,18,female,1,1913.8339991000003,0,22
50,2,1,1,1,4,1.0833864000005633,-29.5,15,0.26,orientation,color,size,0.3400000000000001,6.5,18,female,1,1913.8339991000003,0,22
51,2,2,2,1,4,4.01668459999928,87.5,5,0.18000000000000002,orientation,color,size,0.3400000000000001,6.5,18,female,1,1913.8339991000003,0,22
52,2,0,0,1,4,4.133634599999823,-34.0,4,0.30000000000000004,orientation,color,size,0.3400000000000001,6.5,18,female,1,1913.8339991000003,0,22
53,2,2,2,1,4,8.532488200000444,78.5,9,0.26,orientation,color,size,0.3400000000000001,6.5,18,female,1,1913.8339991000003,0,22
54,2,1,1,1,4,3.00054689999979,-11.5,24,0.1,orientation,color,size,0.3400000000000001,6.5,18,female,1,1913.8339991000003,0,22
55,2,2,2,1,4,2.466572499999529,15.5,11,0.1,orientation,color,size,0.3400000000000001,6.5,18,female,1,1913.8339991000003,0,22
56,2,3,3,1,4,1.9171259999993708,69.5,13,0.18000000000000002,orientation,color,size,0.3400000000000001,6.5,18,female,1,1913.8339991000003,0,22
57,3,3,1,0,8,5.181449900000189,-2.5,3,0.4600000000000001,orientation,color,size,0.3400000000000001,6.5,18,female,1,1913.8339991000003,1,22
58,3,7,5,0,8,9.898322000000007,6.5,12,0.4600000000000001,orientation,color,size,0.3400000000000001,6.5,18,female,1,1913.8339991000003,1,22
59,3,6,6,1,8,6.8660421000004135,20.0,18,0.30000000000000004,orientation,color,size,0.3400000000000001,6.5,18,female,1,1913.8339991000003,1,22
60,3,7,4,0,8,3.134211100000357,15.5,0,0.30000000000000004,orientation,color,size,0.3400000000000001,6.5,18,female,1,1913.8339991000003,0,22
61,3,0,0,1,8,6.582685700000184,-38.5,11,0.26,orientation,color,size,0.3400000000000001,6.5,18,female,1,1913.8339991000003,1,22
62,3,6,4,0,8,8.300343599999906,24.5,3,0.30000000000000004,orientation,color,size,0.3400000000000001,6.5,18,female,1,1913.8339991000003,0,22
63,3,1,2,0,8,3.5654826999998477,-7.0,24,0.30000000000000004,orientation,color,size,0.3400000000000001,6.5,18,female,1,1913.8339991000003,1,22
64,3,1,0,0,8,5.115810299999794,-7.0,11,0.18000000000000002,orientation,color,size,0.3400000000000001,6.5,18,female,1,1913.8339991000003,1,22
65,3,0,0,1,8,1.8485119999995732,-7.0,12,0.18000000000000002,orientation,color,size,0.3400000000000001,6.5,18,female,1,1913.8339991000003,1,22
66,3,4,7,0,8,5.066312099999777,38.0,16,0.4600000000000001,orientation,color,size,0.3400000000000001,6.5,18,female,1,1913.8339991000003,0,22
67,3,0,0,1,8,1.2817354999997406,-20.5,7,0.26,orientation,color,size,0.3400000000000001,6.5,18,female,1,1913.8339991000003,1,22
68,3,2,1,0,8,2.716641700000764,-7.0,3,0.42000000000000004,orientation,color,size,0.3400000000000001,6.5,18,female,1,1913.8339991000003,0,22
69,3,0,0,1,8,1.3325406999992992,-52.0,6,0.22000000000000003,orientation,color,size,0.3400000000000001,6.5,18,female,1,1913.8339991000003,1,22
70,3,2,7,0,8,4.316131599999608,83.0,18,0.42000000000000004,orientation,color,size,0.3400000000000001,6.5,18,female,1,1913.8339991000003,0,22
71,3,2,4,0,8,9.165763799999695,60.5,1,0.18000000000000002,orientation,color,size,0.3400000000000001,6.5,18,female,1,1913.8339991000003,1,22
72,3,5,3,0,8,6.631915699999809,-25.0,16,0.38,orientation,color,size,0.3400000000000001,6.5,18,female,1,1913.8339991000003,1,22
73,3,7,7,1,8,3.2489001000003555,20.0,21,0.42000000000000004,orientation,color,size,0.3400000000000001,6.5,18,female,1,1913.8339991000003,1,22
74,3,0,0,1,8,2.600922000000537,-38.5,2,0.1,orientation,color,size,0.3400000000000001,6.5,18,female,1,1913.8339991000003,0,22
75,3,7,6,0,8,3.1670753000007608,51.5,17,0.14,orientation,color,size,0.3400000000000001,6.5,18,female,1,1913.8339991000003,0,22
76,3,3,2,0,8,3.1171487999999954,-11.5,24,0.1,orientation,color,size,0.3400000000000001,6.5,18,female,1,1913.8339991000003,1,22
77,3,4,4,1,8,4.632599099999425,47.0,5,0.26,orientation,color,size,0.3400000000000001,6.5,18,female,1,1913.8339991000003,1,22
78,3,2,3,0,8,3.0663189999995666,-29.5,18,0.3400000000000001,orientation,color,size,0.3400000000000001,6.5,18,female,1,1913.8339991000003,0,22
79,3,4,1,0,8,5.214341700000659,-88.0,9,0.42000000000000004,orientation,color,size,0.3400000000000001,6.5,18,female,1,1913.8339991000003,1,22
80,3,1,0,0,8,2.1479553999997734,-7.0,7,0.14,orientation,color,size,0.3400000000000001,6.5,18,female,1,1913.8339991000003,1,22
81,3,0,0,1,8,1.283053000000109,-16.0,3,0.26,orientation,color,size,0.3400000000000001,6.5,18,female,1,1913.8339991000003,1,22
82,3,1,0,0,8,5.499675299999581,-34.0,1,0.22000000000000003,orientation,color,size,0.3400000000000001,6.5,18,female,1,1913.8339991000003,0,22
83,3,4,5,0,8,2.5325900000007096,83.0,3,0.42000000000000004,orientation,color,size,0.3400000000000001,6.5,18,female,1,1913.8339991000003,1,22
84,3,0,0,1,8,2.732901800000036,-43.0,10,0.18000000000000002,orientation,color,size,0.3400000000000001,6.5,18,female,1,1913.8339991000003,1,22
85,3,0,0,1,8,2.466317500000514,-34.0,9,0.30000000000000004,orientation,color,size,0.3400000000000001,6.5,18,female,1,1913.8339991000003,0,22
86,3,5,5,1,8,2.7827556000002005,60.5,4,0.3400000000000001,orientation,color,size,0.3400000000000001,6.5,18,female,1,1913.8339991000003,0,22
87,3,2,3,0,8,3.4326012000001356,-74.5,22,0.3400000000000001,orientation,color,size,0.3400000000000001,6.5,18,female,1,1913.8339991000003,0,22
88,3,7,6,0,8,2.7156416000007084,42.5,23,0.1,orientation,color,size,0.3400000000000001,6.5,18,female,1,1913.8339991000003,1,22
89,3,2,2,1,8,3.0997991999993246,-34.0,13,0.1,orientation,color,size,0.3400000000000001,6.5,18,female,1,1913.8339991000003,1,22
90,3,5,5,1,8,7.266673600000104,78.5,10,0.4600000000000001,orientation,color,size,0.3400000000000001,6.5,18,female,1,1913.8339991000003,0,22
91,3,2,3,0,8,2.6159662000000026,-52.0,14,0.42000000000000004,orientation,color,size,0.3400000000000001,6.5,18,female,1,1913.8339991000003,0,22
92,3,5,5,1,8,2.6329310999999507,69.5,9,0.3400000000000001,orientation,color,size,0.3400000000000001,6.5,18,female,1,1913.8339991000003,1,22
93,3,6,5,0,8,4.917207800000142,20.0,3,0.4600000000000001,orientation,color,size,0.3400000000000001,6.5,18,female,1,1913.8339991000003,0,22
94,3,6,6,1,8,4.2162537000003795,20.0,21,0.30000000000000004,orientation,color,size,0.3400000000000001,6.5,18,female,1,1913.8339991000003,1,22
95,3,5,5,1,8,3.0833734999996523,47.0,3,0.4600000000000001,orientation,color,size,0.3400000000000001,6.5,18,female,1,1913.8339991000003,0,22
96,3,2,2,1,8,2.533703700000842,-70.0,14,0.26,orientation,color,size,0.3400000000000001,6.5,18,female,1,1913.8339991000003,0,22
97,3,5,4,0,8,6.365630199999941,65.0,3,0.18000000000000002,orientation,color,size,0.3400000000000001,6.5,18,female,1,1913.8339991000003,0,22
98,3,6,7,0,8,3.5663352000001396,20.0,24,0.4600000000000001,orientation,color,size,0.3400000000000001,6.5,18,female,1,1913.8339991000003,1,22
99,3,4,1,0,8,4.098899199999323,-88.0,9,0.42000000000000004,orientation,color,size,0.3400000000000001,6.5,18,female,1,1913.8339991000003,1,22
100,3,5,4,0,8,5.91521929999999,78.5,5,0.22000000000000003,orientation,color,size,0.3400000000000001,6.5,18,female,1,1913.8339991000003,1,22
101,3,0,0,1,8,5.098568399999749,-70.0,9,0.14,orientation,color,size,0.3400000000000001,6.5,18,female,1,1913.8339991000003,1,22
102,3,2,3,0,8,4.249720499999967,-7.0,13,0.38,orientation,color,size,0.3400000000000001,6.5,18,female,1,1913.8339991000003,0,22
103,3,7,6,0,8,4.74879989999954,33.5,24,0.22000000000000003,orientation,color,size,0.3400000000000001,6.5,18,female,1,1913.8339991000003,1,22
104,3,4,4,1,8,10.948218100000304,42.5,10,0.1,orientation,color,size,0.3400000000000001,6.5,18,female,1,1913.8339991000003,1,22
105,3,3,3,1,8,6.481925600000068,-2.5,17,0.3400000000000001,orientation,color,size,0.3400000000000001,6.5,18,female,1,1913.8339991000003,0,22
106,3,5,5,1,8,4.749687300000005,83.0,7,0.4600000000000001,orientation,color,size,0.3400000000000001,6.5,18,female,1,1913.8339991000003,0,22
107,3,6,6,1,8,9.399830100000145,6.5,22,0.18000000000000002,orientation,color,size,0.3400000000000001,6.5,18,female,1,1913.8339991000003,0,22
108,3,5,4,0,8,5.600130300000274,6.5,8,0.14,orientation,color,size,0.3400000000000001,6.5,18,female,1,1913.8339991000003,0,22
109,3,4,4,1,8,3.599249300000338,74.0,4,0.1,orientation,color,size,0.3400000000000001,6.5,18,female,1,1913.8339991000003,1,22
110,3,2,3,0,8,6.484601199999815,-79.0,23,0.4600000000000001,orientation,color,size,0.3400000000000001,6.5,18,female,1,1913.8339991000003,0,22
111,3,6,7,0,8,6.065125600000101,87.5,24,0.4600000000000001,orientation,color,size,0.3400000000000001,6.5,18,female,1,1913.8339991000003,1,22
112,3,1,0,0,8,7.232849400000305,-79.0,5,0.1,orientation,color,size,0.3400000000000001,6.5,18,female,1,1913.8339991000003,1,22
113,3,4,4,1,8,10.19857139999931,6.5,12,0.1,orientation,color,size,0.3400000000000001,6.5,18,female,1,1913.8339991000003,1,22
114,3,6,6,1,8,1.682406699999774,15.5,13,0.22000000000000003,orientation,color,size,0.3400000000000001,6.5,18,female,1,1913.8339991000003,0,22
115,3,7,6,0,8,1.966780600000675,24.5,20,0.1,orientation,color,size,0.3400000000000001,6.5,18,female,1,1913.8339991000003,0,22
116,3,2,3,0,8,1.6487041999998837,-38.5,20,0.42000000000000004,orientation,color,size,0.3400000000000001,6.5,18,female,1,1913.8339991000003,1,22
117,3,5,4,0,8,4.8819407000000865,47.0,11,0.26,orientation,color,size,0.3400000000000001,6.5,18,female,1,1913.8339991000003,1,22
118,3,2,3,0,8,1.7816909000002852,-7.0,22,0.4600000000000001,orientation,color,size,0.3400000000000001,6.5,18,female,1,1913.8339991000003,1,22
119,3,2,2,1,8,5.066006400000333,-65.5,15,0.22000000000000003,orientation,color,size,0.3400000000000001,6.5,18,female,1,1913.8339991000003,1,22
120,3,1,0,0,8,2.7328277999995407,-20.5,2,0.14,orientation,color,size,0.3400000000000001,6.5,18,female,1,1913.8339991000003,0,22
121,3,2,2,1,8,2.764210600000297,-16.0,15,0.22000000000000003,orientation,color,size,0.3400000000000001,6.5,18,female,1,1913.8339991000003,1,22
122,3,1,1,1,8,1.1509356999995362,-79.0,2,0.42000000000000004,orientation,color,size,0.3400000000000001,6.5,18,female,1,1913.8339991000003,0,22
123,3,5,4,0,8,3.3816335999999865,6.5,4,0.22000000000000003,orientation,color,size,0.3400000000000001,6.5,18,female,1,1913.8339991000003,0,22
124,3,6,6,1,8,3.04948289999993,51.5,24,0.1,orientation,color,size,0.3400000000000001,6.5,18,female,1,1913.8339991000003,1,22
125,3,1,0,0,8,5.5497488999999405,-7.0,2,0.14,orientation,color,size,0.3400000000000001,6.5,18,female,1,1913.8339991000003,0,22
126,3,1,1,1,8,7.89939239999967,-88.0,10,0.3400000000000001,orientation,color,size,0.3400000000000001,6.5,18,female,1,1913.8339991000003,1,22
127,3,5,5,1,8,9.350233899999694,83.0,11,0.42000000000000004,orientation,color,size,0.3400000000000001,6.5,18,female,1,1913.8339991000003,0,22
128,3,6,6,1,8,5.517420700000002,51.5,13,0.18000000000000002,orientation,color,size,0.3400000000000001,6.5,18,female,1,1913.8339991000003,0,22
129,3,5,5,1,8,4.166984899999989,65.0,5,0.3400000000000001,orientation,color,size,0.3400000000000001,6.5,18,female,1,1913.8339991000003,0,22
130,3,7,6,0,8,2.6173973999993905,42.5,15,0.14,orientation,color,size,0.3400000000000001,6.5,18,female,1,1913.8339991000003,0,22
131,3,5,5,1,8,2.4997290000001158,6.5,2,0.42000000000000004,orientation,color,size,0.3400000000000001,6.5,18,female,1,1913.8339991000003,1,22
132,3,6,6,1,8,1.3833881000000474,33.5,14,0.14,orientation,color,size,0.3400000000000001,6.5,18,female,1,1913.8339991000003,0,22
133,3,5,5,1,8,0.9163075999995272,65.0,0,0.4600000000000001,orientation,color,size,0.3400000000000001,6.5,18,female,1,1913.8339991000003,0,22
134,3,5,5,1,8,0.9999060999998619,42.5,4,0.42000000000000004,orientation,color,size,0.3400000000000001,6.5,18,female,1,1913.8339991000003,0,22
135,3,2,3,0,8,3.3167436999992788,-52.0,14,0.3400000000000001,orientation,color,size,0.3400000000000001,6.5,18,female,1,1913.8339991000003,0,22
136,3,6,7,0,8,1.6832784999996875,38.0,21,0.38,orientation,color,size,0.3400000000000001,6.5,18,female,1,1913.8339991000003,1,22
137,3,3,3,1,8,2.615372799999932,-34.0,14,0.4600000000000001,orientation,color,size,0.3400000000000001,6.5,18,female,1,1913.8339991000003,1,22
138,3,0,0,1,8,2.8831407999996372,-11.5,10,0.1,orientation,color,size,0.3400000000000001,6.5,18,female,1,1913.8339991000003,0,22
139,3,5,1,0,8,5.682697399999597,2.0,8,0.3400000000000001,orientation,color,size,0.3400000000000001,6.5,18,female,1,1913.8339991000003,0,22
140,3,6,6,1,8,6.28267760000017,11.0,16,0.18000000000000002,orientation,color,size,0.3400000000000001,6.5,18,female,1,1913.8339991000003,1,22
141,3,1,1,1,8,1.5493546999996397,-38.5,1,0.4600000000000001,orientation,color,size,0.3400000000000001,6.5,18,female,1,1913.8339991000003,0,22
142,3,1,1,1,8,2.3004854000000705,-61.0,12,0.42000000000000004,orientation,color,size,0.3400000000000001,6.5,18,female,1,1913.8339991000003,0,22
143,3,3,0,0,8,5.1845234000002165,-83.5,6,0.22000000000000003,orientation,color,size,0.3400000000000001,6.5,18,female,1,1913.8339991000003,0,22
144,3,6,6,1,8,2.166203800000403,38.0,19,0.18000000000000002,orientation,color,size,0.3400000000000001,6.5,18,female,1,1913.8339991000003,1,22
145,3,5,5,1,8,1.0000837999996293,42.5,0,0.42000000000000004,orientation,color,size,0.3400000000000001,6.5,18,female,1,1913.8339991000003,0,22
146,3,1,1,1,8,1.3000708999998096,-7.0,11,0.3400000000000001,orientation,color,size,0.3400000000000001,6.5,18,female,1,1913.8339991000003,0,22
147,3,2,2,1,8,2.733479799999259,-61.0,13,0.30000000000000004,orientation,color,size,0.3400000000000001,6.5,18,female,1,1913.8339991000003,0,22
148,3,1,1,1,8,2.5498631999998906,-43.0,8,0.3400000000000001,orientation,color,size,0.3400000000000001,6.5,18,female,1,1913.8339991000003,0,22
149,3,7,6,0,8,2.5996162999999797,74.0,13,0.18000000000000002,orientation,color,size,0.3400000000000001,6.5,18,female,1,1913.8339991000003,0,22
150,3,2,3,0,8,1.683390000000145,-11.5,23,0.3400000000000001,orientation,color,size,0.3400000000000001,6.5,18,female,1,1913.8339991000003,1,22
151,3,6,7,0,8,1.1321519000002809,29.0,13,0.4600000000000001,orientation,color,size,0.3400000000000001,6.5,18,female,1,1913.8339991000003,1,22
152,3,2,2,1,8,2.216716899999483,-2.5,14,0.14,orientation,color,size,0.3400000000000001,6.5,18,female,1,1913.8339991000003,1,22
153,3,1,1,1,8,1.8841978000000381,-56.5,7,0.3400000000000001,orientation,color,size,0.3400000000000001,6.5,18,female,1,1913.8339991000003,0,22
154,3,5,5,1,8,1.750108199999886,33.5,3,0.42000000000000004,orientation,color,size,0.3400000000000001,6.5,18,female,1,1913.8339991000003,0,22
155,3,2,3,0,8,1.7998741999999766,-38.5,23,0.3400000000000001,orientation,color,size,0.3400000000000001,6.5,18,female,1,1913.8339991000003,0,22
156,3,6,6,1,8,2.3483060000007754,56.0,17,0.22000000000000003,orientation,color,size,0.3400000000000001,6.5,18,female,1,1913.8339991000003,1,22
157,3,5,4,0,8,1.1335439999993469,83.0,11,0.30000000000000004,orientation,color,size,0.3400000000000001,6.5,18,female,1,1913.8339991000003,0,22
158,3,5,5,1,8,1.2660469000002195,60.5,7,0.38,orientation,color,size,0.3400000000000001,6.5,18,female,1,1913.8339991000003,1,22
159,3,6,7,0,8,1.350247099999251,20.0,15,0.3400000000000001,orientation,color,size,0.3400000000000001,6.5,18,female,1,1913.8339991000003,0,22
160,3,1,1,1,8,2.01595559999987,-20.5,8,0.3400000000000001,orientation,color,size,0.3400000000000001,6.5,18,female,1,1913.8339991000003,1,22
161,3,1,1,1,8,1.6667724999997517,-20.5,6,0.3400000000000001,orientation,color,size,0.3400000000000001,6.5,18,female,1,1913.8339991000003,0,22
162,3,6,6,1,8,4.115583900000274,24.5,24,0.14,orientation,color,size,0.3400000000000001,6.5,18,female,1,1913.8339991000003,0,22
163,3,5,4,0,8,5.000054400000408,24.5,2,0.1,orientation,color,size,0.3400000000000001,6.5,18,female,1,1913.8339991000003,0,22
164,3,7,7,1,8,2.9494784999997137,24.5,14,0.4600000000000001,orientation,color,size,0.3400000000000001,6.5,18,female,1,1913.8339991000003,1,22
165,3,5,4,0,8,2.348866899999848,74.0,6,0.30000000000000004,orientation,color,size,0.3400000000000001,6.5,18,female,1,1913.8339991000003,0,22
166,3,6,6,1,8,1.0665403000002698,65.0,21,0.26,orientation,color,size,0.3400000000000001,6.5,18,female,1,1913.8339991000003,1,22
167,3,5,4,0,8,4.250236500000028,78.5,9,0.22000000000000003,orientation,color,size,0.3400000000000001,6.5,18,female,1,1913.8339991000003,0,22
168,3,1,0,0,8,1.5159271999991688,-7.0,2,0.22000000000000003,orientation,color,size,0.3400000000000001,6.5,18,female,1,1913.8339991000003,1,22
169,3,0,0,1,8,1.282764199999292,-43.0,2,0.1,orientation,color,size,0.3400000000000001,6.5,18,female,1,1913.8339991000003,1,22
170,3,2,2,1,8,1.6168336999999156,-38.5,20,0.30000000000000004,orientation,color,size,0.3400000000000001,6.5,18,female,1,1913.8339991000003,0,22
171,3,1,1,1,8,1.367559400000573,-83.5,8,0.42000000000000004,orientation,color,size,0.3400000000000001,6.5,18,female,1,1913.8339991000003,0,22
172,3,3,2,0,8,1.5502308000004632,-74.5,20,0.18000000000000002,orientation,color,size,0.3400000000000001,6.5,18,female,1,1913.8339991000003,0,22
173,3,4,4,1,8,4.632044799999676,74.0,12,0.30000000000000004,orientation,color,size,0.3400000000000001,6.5,18,female,1,1913.8339991000003,1,22
174,3,7,6,0,8,6.817633300000125,29.0,16,0.14,orientation,color,size,0.3400000000000001,6.5,18,female,1,1913.8339991000003,0,22
175,3,2,2,1,8,2.332250700000259,-43.0,17,0.22000000000000003,orientation,color,size,0.3400000000000001,6.5,18,female,1,1913.8339991000003,1,22
176,3,2,2,1,8,3.7834812999999485,-25.0,21,0.14,orientation,color,size,0.3400000000000001,6.5,18,female,1,1913.8339991000003,0,22
177,3,1,0,0,8,2.732641199999307,-25.0,7,0.22000000000000003,orientation,color,size,0.3400000000000001,6.5,18,female,1,1913.8339991000003,0,22
178,3,3,3,1,8,2.282581599999503,-20.5,13,0.4600000000000001,orientation,color,size,0.3400000000000001,6.5,18,female,1,1913.8339991000003,1,22
179,3,4,4,1,8,5.23334370000066,24.5,5,0.18000000000000002,orientation,color,size,0.3400000000000001,6.5,18,female,1,1913.8339991000003,0,22
180,3,6,2,0,8,4.816532900000311,2.0,18,0.14,orientation,color,size,0.3400000000000001,6.5,18,female,1,1913.8339991000003,0,22
181,3,1,0,0,8,1.6329591000003347,-52.0,5,0.30000000000000004,orientation,color,size,0.3400000000000001,6.5,18,female,1,1913.8339991000003,1,22
182,3,0,0,1,8,2.4832273000001805,-56.5,0,0.1,orientation,color,size,0.3400000000000001,6.5,18,female,1,1913.8339991000003,1,22
183,3,2,7,0,8,2.0499931000003926,69.5,18,0.38,orientation,color,size,0.3400000000000001,6.5,18,female,1,1913.8339991000003,0,22
184,3,3,2,0,8,3.6495027000000846,-34.0,16,0.14,orientation,color,size,0.3400000000000001,6.5,18,female,1,1913.8339991000003,1,22
185,3,2,3,0,8,2.4992567999997846,-61.0,24,0.42000000000000004,orientation,color,size,0.3400000000000001,6.5,18,female,1,1913.8339991000003,1,22
186,3,7,7,1,8,3.198830899999848,56.0,14,0.38,orientation,color,size,0.3400000000000001,6.5,18,female,1,1913.8339991000003,1,22
187,3,2,2,1,8,2.5172167000000627,-70.0,22,0.22000000000000003,orientation,color,size,0.3400000000000001,6.5,18,female,1,1913.8339991000003,0,22
188,3,6,6,1,8,3.165708600000471,74.0,23,0.18000000000000002,orientation,color,size,0.3400000000000001,6.5,18,female,1,1913.8339991000003,0,22
189,3,4,5,0,8,5.716220700000122,78.5,11,0.4600000000000001,orientation,color,size,0.3400000000000001,6.5,18,female,1,1913.8339991000003,0,22
190,3,6,6,1,8,1.6990804000006392,11.0,22,0.22000000000000003,orientation,color,size,0.3400000000000001,6.5,18,female,1,1913.8339991000003,1,22
191,3,6,6,1,8,1.3999427999997351,33.5,23,0.26,orientation,color,size,0.3400000000000001,6.5,18,female,1,1913.8339991000003,0,22
192,3,1,1,1,8,4.215784899999562,-47.5,4,0.42000000000000004,orientation,color,size,0.3400000000000001,6.5,18,female,1,1913.8339991000003,0,22
193,3,4,5,0,8,8.132989400000042,87.5,9,0.4600000000000001,orientation,color,size,0.3400000000000001,6.5,18,female,1,1913.8339991000003,0,22
194,3,4,4,1,8,3.216240000000653,47.0,12,0.22000000000000003,orientation,color,size,0.3400000000000001,6.5,18,female,1,1913.8339991000003,1,22
195,3,4,4,1,8,1.0491706000002523,42.5,6,0.26,orientation,color,size,0.3400000000000001,6.5,18,female,1,1913.8339991000003,0,22
196,3,1,1,1,8,4.216258599999492,-34.0,11,0.4600000000000001,orientation,color,size,0.3400000000000001,6.5,18,female,1,1913.8339991000003,0,22
197,3,6,6,1,8,3.3667066999996678,65.0,19,0.22000000000000003,orientation,color,size,0.3400000000000001,6.5,18,female,1,1913.8339991000003,0,22
198,3,4,4,1,8,5.8996078000000125,56.0,9,0.26,orientation,color,size,0.3400000000000001,6.5,18,female,1,1913.8339991000003,0,22
199,3,1,1,1,8,3.999154500000259,-25.0,8,0.38,orientation,color,size,0.3400000000000001,6.5,18,female,1,1913.8339991000003,0,22
200,3,5,5,1,8,3.0995814999996583,42.5,11,0.4600000000000001,orientation,color,size,0.3400000000000001,6.5,18,female,1,1913.8339991000003,0,22
201,3,6,6,1,8,6.366927800000667,33.5,24,0.30000000000000004,orientation,color,size,0.3400000000000001,6.5,18,female,1,1913.8339991000003,0,22
202,3,6,6,1,8,2.449595500000214,11.0,23,0.1,orientation,color,size,0.3400000000000001,6.5,18,female,1,1913.8339991000003,0,22
203,3,5,5,1,8,3.1665837999998985,15.5,5,0.4600000000000001,orientation,color,size,0.3400000000000001,6.5,18,female,1,1913.8339991000003,0,22
204,1,1,1,1,2,2.9775559999998222,47.0,2,0.38,orientation,color,size,0.3400000000000001,6.5,18,female,1,1913.8339991000003,1,22
205,1,1,1,1,2,3.000552399999833,65.0,14,0.3400000000000001,orientation,color,size,0.3400000000000001,6.5,18,female,1,1913.8339991000003,0,22
206,1,0,0,1,2,1.1342236999998931,-20.5,8,0.22000000000000003,orientation,color,size,0.3400000000000001,6.5,18,female,1,1913.8339991000003,0,22
207,1,0,0,1,2,1.0006300000004558,-25.0,4,0.14,orientation,color,size,0.3400000000000001,6.5,18,female,1,1913.8339991000003,0,22
208,1,0,0,1,2,1.867067500000303,-2.5,5,0.4600000000000001,orientation,color,size,0.3400000000000001,6.5,18,female,1,1913.8339991000003,0,22
209,1,1,1,1,2,1.7004332999995313,60.5,24,0.38,orientation,color,size,0.3400000000000001,6.5,18,female,1,1913.8339991000003,0,22
210,1,1,1,1,2,1.450670700000046,65.0,6,0.14,orientation,color,size,0.3400000000000001,6.5,18,female,1,1913.8339991000003,0,22
211,1,0,0,1,2,1.0999390000006315,-52.0,21,0.1,orientation,color,size,0.3400000000000001,6.5,18,female,1,1913.8339991000003,0,22
212,1,1,0,0,2,8.118139499999415,2.0,17,0.18000000000000002,orientation,color,size,0.3400000000000001,6.5,18,female,1,1913.8339991000003,0,22
213,1,1,1,1,2,1.5280479000002742,83.0,11,0.22000000000000003,orientation,color,size,0.3400000000000001,6.5,18,female,1,1913.8339991000003,1,22
214,1,0,0,1,2,2.384178199999951,-52.0,13,0.30000000000000004,orientation,color,size,0.3400000000000001,6.5,18,female,1,1913.8339991000003,0,22
215,1,1,1,1,2,0.9332002999999531,56.0,9,0.38,orientation,color,size,0.3400000000000001,6.5,18,female,1,1913.8339991000003,0,22
216,1,1,1,1,2,0.8006630999998379,47.0,9,0.1,orientation,color,size,0.3400000000000001,6.5,18,female,1,1913.8339991000003,0,22
217,1,0,0,1,2,1.6163329999999405,-79.0,1,0.22000000000000003,orientation,color,size,0.3400000000000001,6.5,18,female,1,1913.8339991000003,0,22
218,1,0,0,1,2,1.1500321000003169,-65.5,23,0.26,orientation,color,size,0.3400000000000001,6.5,18,female,1,1913.8339991000003,0,22
219,1,1,1,1,2,1.6511936999995669,6.5,20,0.30000000000000004,orientation,color,size,0.3400000000000001,6.5,18,female,1,1913.8339991000003,0,22
220,1,0,0,1,2,1.250565800000004,-52.0,4,0.4600000000000001,orientation,color,size,0.3400000000000001,6.5,18,female,1,1913.8339991000003,0,22
221,1,1,1,1,2,1.0009225000003426,51.5,9,0.4600000000000001,orientation,color,size,0.3400000000000001,6.5,18,female,1,1913.8339991000003,0,22
222,1,1,1,1,2,0.7001313000000664,42.5,19,0.38,orientation,color,size,0.3400000000000001,6.5,18,female,1,1913.8339991000003,0,22
223,2,2,3,0,4,4.332705300000271,47.0,17,0.26,orientation,color,size,0.3400000000000001,6.5,18,female,1,1913.8339991000003,1,22
224,2,2,2,1,4,4.549199600000065,47.0,6,0.26,orientation,color,size,0.3400000000000001,6.5,18,female,1,1913.8339991000003,1,22
225,2,2,2,1,4,1.6347825000002558,24.5,9,0.18000000000000002,orientation,color,size,0.3400000000000001,6.5,18,female,1,1913.8339991000003,0,22
226,2,2,2,1,4,1.7000235000004977,83.0,6,0.14,orientation,color,size,0.3400000000000001,6.5,18,female,1,1913.8339991000003,0,22
227,2,3,3,1,4,1.9323191000003135,56.0,14,0.22000000000000003,orientation,color,size,0.3400000000000001,6.5,18,female,1,1913.8339991000003,0,22
228,2,3,3,1,4,1.9345812999999907,15.5,23,0.38,orientation,color,size,0.3400000000000001,6.5,18,female,1,1913.8339991000003,0,22
229,2,3,3,1,4,1.1337507999996888,38.0,16,0.22000000000000003,orientation,color,size,0.3400000000000001,6.5,18,female,1,1913.8339991000003,0,22
230,2,0,0,1,4,1.9672740000005433,-74.5,6,0.42000000000000004,orientation,color,size,0.3400000000000001,6.5,18,female,1,1913.8339991000003,0,22
231,2,0,0,1,4,1.1669226000003619,-20.5,10,0.4600000000000001,orientation,color,size,0.3400000000000001,6.5,18,female,1,1913.8339991000003,0,22
232,2,3,3,1,4,1.633690900000147,11.0,15,0.3400000000000001,orientation,color,size,0.3400000000000001,6.5,18,female,1,1913.8339991000003,0,22
233,2,0,0,1,4,5.066596799999388,-70.0,7,0.38,orientation,color,size,0.3400000000000001,6.5,18,female,1,1913.8339991000003,0,22
234,1,0,0,1,2,0.8289810999995098,-74.5,3,0.22000000000000003,orientation,color,size,0.3400000000000001,6.5,18,female,1,1913.8339991000003,1,22
235,1,0,0,1,2,2.8830238999998983,-7.0,13,0.18000000000000002,orientation,color,size,0.3400000000000001,6.5,18,female,1,1913.8339991000003,0,22
236,1,0,0,1,2,0.7998937000002115,-25.0,10,0.30000000000000004,orientation,color,size,0.3400000000000001,6.5,18,female,1,1913.8339991000003,0,22
237,1,0,0,1,2,0.6180076999999073,-47.5,16,0.18000000000000002,orientation,color,size,0.3400000000000001,6.5,18,female,1,1913.8339991000003,0,22
238,1,1,1,1,2,1.2508216999995057,33.5,13,0.30000000000000004,orientation,color,size,0.3400000000000001,6.5,18,female,1,1913.8339991000003,0,22
239,1,1,1,1,2,4.084148500000083,87.5,17,0.3400000000000001,orientation,color,size,0.3400000000000001,6.5,18,female,1,1913.8339991000003,0,22
240,1,0,0,1,2,1.683263299999453,-29.5,17,0.22000000000000003,orientation,color,size,0.3400000000000001,6.5,18,female,1,1913.8339991000003,0,22
241,1,1,1,1,2,1.0003209999995306,20.0,14,0.14,orientation,color,size,0.3400000000000001,6.5,18,female,1,1913.8339991000003,0,22
242,1,0,0,1,2,1.2008623000001535,-70.0,3,0.26,orientation,color,size,0.3400000000000001,6.5,18,female,1,1913.8339991000003,0,22
243,1,0,0,1,2,1.3832295000001977,-34.0,1,0.3400000000000001,orientation,color,size,0.3400000000000001,6.5,18,female,1,1913.8339991000003,0,22
244,3,1,1,1,8,7.782865700000002,-2.5,10,0.4600000000000001,orientation,color,size,0.3400000000000001,6.5,18,female,1,1913.8339991000003,1,22
245,3,2,2,1,8,3.065724699999919,-70.0,16,0.30000000000000004,orientation,color,size,0.3400000000000001,6.5,18,female,1,1913.8339991000003,0,22
246,3,3,3,1,8,1.400058600000193,-25.0,24,0.4600000000000001,orientation,color,size,0.3400000000000001,6.5,18,female,1,1913.8339991000003,0,22
247,3,4,4,1,8,4.016126299999996,78.5,5,0.30000000000000004,orientation,color,size,0.3400000000000001,6.5,18,female,1,1913.8339991000003,0,22
248,3,2,2,1,8,1.7162889999999607,-34.0,19,0.26,orientation,color,size,0.3400000000000001,6.5,18,female,1,1913.8339991000003,0,22
249,3,7,3,0,8,3.83234899999934,2.0,23,0.42000000000000004,orientation,color,size,0.3400000000000001,6.5,18,female,1,1913.8339991000003,0,22
250,3,2,2,1,8,3.0822964999997566,-74.5,14,0.26,orientation,color,size,0.3400000000000001,6.5,18,female,1,1913.8339991000003,1,22
251,3,2,2,1,8,1.083090699999957,-83.5,21,0.18000000000000002,orientation,color,size,0.3400000000000001,6.5,18,female,1,1913.8339991000003,0,22
252,3,2,2,1,8,0.9999510999996346,-29.5,14,0.14,orientation,color,size,0.3400000000000001,6.5,18,female,1,1913.8339991000003,0,22
253,3,6,6,1,8,4.5500970999992205,38.0,18,0.30000000000000004,orientation,color,size,0.3400000000000001,6.5,18,female,1,1913.8339991000003,0,22
254,3,6,6,1,8,1.7499307999996745,65.0,24,0.18000000000000002,orientation,color,size,0.3400000000000001,6.5,18,female,1,1913.8339991000003,0,22
255,3,2,2,1,8,1.9667701999997007,-20.5,18,0.18000000000000002,orientation,color,size,0.3400000000000001,6.5,18,female,1,1913.8339991000003,0,22
256,3,3,3,1,8,2.3006189999996423,-43.0,24,0.3400000000000001,orientation,color,size,0.3400000000000001,6.5,18,female,1,1913.8339991000003,0,22
257,3,4,4,1,8,4.850137500000528,20.0,10,0.1,orientation,color,size,0.3400000000000001,6.5,18,female,1,1913.8339991000003,0,22
258,3,5,5,1,8,1.5998628000006647,6.5,11,0.4600000000000001,orientation,color,size,0.3400000000000001,6.5,18,female,1,1913.8339991000003,0,22
259,3,2,3,0,8,2.9997223000000304,-34.0,16,0.3400000000000001,orientation,color,size,0.3400000000000001,6.5,18,female,1,1913.8339991000003,0,22
260,3,7,7,1,8,6.898182000000816,83.0,17,0.42000000000000004,orientation,color,size,0.3400000000000001,6.5,18,female,1,1913.8339991000003,1,22
261,3,3,3,1,8,3.533317999999781,-61.0,13,0.4600000000000001,orientation,color,size,0.3400000000000001,6.5,18,female,1,1913.8339991000003,0,22
262,3,4,4,1,8,3.750350399999661,47.0,1,0.26,orientation,color,size,0.3400000000000001,6.5,18,female,1,1913.8339991000003,0,22
263,3,6,6,1,8,1.600479599999744,65.0,15,0.14,orientation,color,size,0.3400000000000001,6.5,18,female,1,1913.8339991000003,0,22
264,3,2,2,1,8,12.000108700000055,-83.5,14,0.26,orientation,color,size,0.3400000000000001,6.5,18,female,1,1913.8339991000003,0,22
265,3,5,6,0,8,1.8333819999998013,47.0,14,0.22000000000000003,orientation,color,size,0.3400000000000001,6.5,18,female,1,1913.8339991000003,0,22
266,3,1,1,1,8,2.781784799999514,-74.5,7,0.4600000000000001,orientation,color,size,0.3400000000000001,6.5,18,female,1,1913.8339991000003,1,22
267,3,6,6,1,8,6.415935900000477,60.5,20,0.26,orientation,color,size,0.3400000000000001,6.5,18,female,1,1913.8339991000003,0,22
268,3,1,0,0,8,4.566428600000108,-88.0,0,0.1,orientation,color,size,0.3400000000000001,6.5,18,female,1,1913.8339991000003,0,22
269,3,2,2,1,8,6.398801999999705,-2.5,19,0.26,orientation,color,size,0.3400000000000001,6.5,18,female,1,1913.8339991000003,1,22
270,3,1,1,1,8,1.8177880000002915,-29.5,5,0.4600000000000001,orientation,color,size,0.3400000000000001,6.5,18,female,1,1913.8339991000003,0,22
271,3,4,4,1,8,3.4174396999997043,69.5,9,0.22000000000000003,orientation,color,size,0.3400000000000001,6.5,18,female,1,1913.8339991000003,0,22
272,3,5,5,1,8,2.166164000000208,20.0,1,0.4600000000000001,orientation,color,size,0.3400000000000001,6.5,18,female,1,1913.8339991000003,0,22
273,3,3,3,1,8,3.949165200000607,-65.5,22,0.42000000000000004,orientation,color,size,0.3400000000000001,6.5,18,female,1,1913.8339991000003,0,22
274,3,0,0,1,8,4.883509899999808,-61.0,1,0.30000000000000004,orientation,color,size,0.3400000000000001,6.5,18,female,1,1913.8339991000003,0,22
275,3,4,4,1,8,8.516224999999395,51.5,7,0.26,orientation,color,size,0.3400000000000001,6.5,18,female,1,1913.8339991000003,0,22
276,3,5,5,1,8,2.1996564999999464,33.5,7,0.38,orientation,color,size,0.3400000000000001,6.5,18,female,1,1913.8339991000003,0,22
277,3,2,2,1,8,4.700087600000188,-61.0,15,0.14,orientation,color,size,0.3400000000000001,6.5,18,female,1,1913.8339991000003,0,22
278,3,6,6,1,8,2.983071800000289,51.5,20,0.18000000000000002,orientation,color,size,0.3400000000000001,6.5,18,female,1,1913.8339991000003,0,22
279,2,1,1,1,4,4.066601600000467,-83.5,19,0.4600000000000001,orientation,color,size,0.3400000000000001,6.5,18,female,1,1913.8339991000003,1,22
280,2,0,0,1,4,1.1335128000000623,-52.0,9,0.38,orientation,color,size,0.3400000000000001,6.5,18,female,1,1913.8339991000003,0,22
281,2,3,3,1,4,1.9508328000001711,83.0,15,0.14,orientation,color,size,0.3400000000000001,6.5,18,female,1,1913.8339991000003,0,22
282,2,1,1,1,4,1.2831317000000126,-34.0,18,0.38,orientation,color,size,0.3400000000000001,6.5,18,female,1,1913.8339991000003,0,22
283,2,2,2,1,4,1.0671284000000014,11.0,1,0.22000000000000003,orientation,color,size,0.3400000000000001,6.5,18,female,1,1913.8339991000003,0,22
284,2,0,0,1,4,0.96737419999954,-38.5,5,0.18000000000000002,orientation,color,size,0.3400000000000001,6.5,18,female,1,1913.8339991000003,0,22
285,2,2,2,1,4,6.583321499999329,33.5,2,0.26,orientation,color,size,0.3400000000000001,6.5,18,female,1,1913.8339991000003,0,22
286,2,0,0,1,4,1.4508701999993718,-56.5,10,0.22000000000000003,orientation,color,size,0.3400000000000001,6.5,18,female,1,1913.8339991000003,0,22
287,2,3,3,1,4,1.9663518999996086,15.5,24,0.3400000000000001,orientation,color,size,0.3400000000000001,6.5,18,female,1,1913.8339991000003,0,22
288,2,3,3,1,4,1.9332574000000022,33.5,13,0.22000000000000003,orientation,color,size,0.3400000000000001,6.5,18,female,1,1913.8339991000003,0,22
289,1,0,0,1,2,0.9288550999999643,-70.0,0,0.22000000000000003,orientation,color,size,0.3400000000000001,6.5,18,female,1,1913.8339991000003,1,22
290,1,0,0,1,2,1.3168910000003962,-11.5,20,0.3400000000000001,orientation,color,size,0.3400000000000001,6.5,18,female,1,1913.8339991000003,0,22
291,1,1,1,1,2,1.9170993999996426,38.0,8,0.26,orientation,color,size,0.3400000000000001,6.5,18,female,1,1913.8339991000003,0,22
292,1,1,1,1,2,0.8343181000000186,24.5,3,0.38,orientation,color,size,0.3400000000000001,6.5,18,female,1,1913.8339991000003,0,22
293,1,1,1,1,2,0.7006052999995518,47.0,12,0.4600000000000001,orientation,color,size,0.3400000000000001,6.5,18,female,1,1913.8339991000003,0,22
294,1,0,0,1,2,1.300197799999296,-7.0,23,0.4600000000000001,orientation,color,size,0.3400000000000001,6.5,18,female,1,1913.8339991000003,0,22
295,1,0,0,1,2,0.9836225999997623,-25.0,20,0.14,orientation,color,size,0.3400000000000001,6.5,18,female,1,1913.8339991000003,0,22
296,1,0,0,1,2,0.9174130999999761,-83.5,5,0.3400000000000001,orientation,color,size,0.3400000000000001,6.5,18,female,1,1913.8339991000003,0,22
297,1,1,1,1,2,1.0833465999994587,51.5,9,0.4600000000000001,orientation,color,size,0.3400000000000001,6.5,18,female,1,1913.8339991000003,0,22
298,1,1,1,1,2,1.367208199999368,20.0,0,0.1,orientation,color,size,0.3400000000000001,6.5,18,female,1,1913.8339991000003,0,22
299,4,1,0,0,2,3.3374837999999727,2.0,22,0.30000000000000004,orientation,color,size,0.3400000000000001,6.5,18,female,1,1913.8339991000003,0,22
300,4,1,1,1,2,1.367650500000309,56.0,20,0.14,orientation,color,size,0.3400000000000001,6.5,18,female,1,1913.8339991000003,0,22
301,4,1,1,1,2,0.9684551000000283,60.5,22,0.14,orientation,color,size,0.3400000000000001,6.5,18,female,1,1913.8339991000003,0,22
302,4,0,0,1,2,1.0498733000003995,-79.0,8,0.18000000000000002,orientation,color,size,0.3400000000000001,6.5,18,female,1,1913.8339991000003,0,22
303,4,3,2,0,4,3.333755200000269,65.0,4,0.30000000000000004,orientation,color,size,0.3400000000000001,6.5,18,female,1,1913.8339991000003,0,22
304,4,1,1,1,2,2.2320503000000826,29.0,8,0.42000000000000004,orientation,color,size,0.3400000000000001,6.5,18,female,1,1913.8339991000003,0,22
305,4,1,1,1,4,2.3665942000006908,-47.5,17,0.26,orientation,color,size,0.3400000000000001,6.5,18,female,1,1913.8339991000003,0,22
306,4,3,2,0,4,1.5504664999998568,38.0,9,0.30000000000000004,orientation,color,size,0.3400000000000001,6.5,18,female,1,1913.8339991000003,0,22
307,4,0,0,1,8,4.2668397000006735,-65.5,4,0.1,orientation,color,size,0.3400000000000001,6.5,18,female,1,1913.8339991000003,0,22
308,4,0,0,1,2,1.299857000000884,-7.0,23,0.3400000000000001,orientation,color,size,0.3400000000000001,6.5,18,female,1,1913.8339991000003,0,22
309,4,1,1,1,8,6.100121200000103,-56.5,9,0.3400000000000001,orientation,color,size,0.3400000000000001,6.5,18,female,1,1913.8339991000003,0,22
310,4,7,7,1,8,6.350013900000704,56.0,15,0.4600000000000001,orientation,color,size,0.3400000000000001,6.5,18,female,1,1913.8339991000003,0,22
311,4,1,1,1,2,1.9841507999999521,33.5,3,0.1,orientation,color,size,0.3400000000000001,6.5,18,female,1,1913.8339991000003,0,22
312,4,1,1,1,2,1.1835588999992979,47.0,5,0.18000000000000002,orientation,color,size,0.3400000000000001,6.5,18,female,1,1913.8339991000003,0,22
313,4,3,3,1,4,2.5510771999997814,15.5,13,0.22000000000000003,orientation,color,size,0.3400000000000001,6.5,18,female,1,1913.8339991000003,0,22
314,4,0,0,1,2,1.2672935000000507,-34.0,6,0.26,orientation,color,size,0.3400000000000001,6.5,18,female,1,1913.8339991000003,0,22
315,4,3,3,1,8,3.100134600000274,-74.5,14,0.4600000000000001,orientation,color,size,0.3400000000000001,6.5,18,female,1,1913.8339991000003,0,22
316,4,4,4,1,8,4.816286499999478,6.5,4,0.14,orientation,color,size,0.3400000000000001,6.5,18,female,1,1913.8339991000003,0,22
317,4,3,3,1,4,4.833622199999809,56.0,13,0.18000000000000002,orientation,color,size,0.3400000000000001,6.5,18,female,1,1913.8339991000003,0,22
318,4,2,2,1,4,2.8998237000005247,47.0,8,0.4600000000000001,orientation,color,size,0.3400000000000001,6.5,18,female,1,1913.8339991000003,0,22
319,4,1,1,1,2,1.0833667999995669,65.0,12,0.3400000000000001,orientation,color,size,0.3400000000000001,6.5,18,female,1,1913.8339991000003,0,22
320,4,0,0,1,4,2.75011110000014,-74.5,1,0.1,orientation,color,size,0.3400000000000001,6.5,18,female,1,1913.8339991000003,0,22
321,4,4,4,1,8,4.149385400000028,78.5,12,0.30000000000000004,orientation,color,size,0.3400000000000001,6.5,18,female,1,1913.8339991000003,0,22
322,4,1,1,1,2,1.3164428999998563,6.5,22,0.22000000000000003,orientation,color,size,0.3400000000000001,6.5,18,female,1,1913.8339991000003,0,22
323,4,5,5,1,8,7.85038110000005,42.5,5,0.4600000000000001,orientation,color,size,0.3400000000000001,6.5,18,female,1,1913.8339991000003,0,22
324,4,0,0,1,2,1.1174834000003102,-47.5,22,0.38,orientation,color,size,0.3400000000000001,6.5,18,female,1,1913.8339991000003,0,22
325,4,1,1,1,2,24.16818779999994,87.5,22,0.26,orientation,color,size,0.3400000000000001,6.5,18,female,1,1913.8339991000003,0,22
326,4,0,0,1,8,3.699604100000215,-38.5,9,0.14,orientation,color,size,0.3400000000000001,6.5,18,female,1,1913.8339991000003,0,22
327,4,2,2,1,4,3.201097699999991,56.0,0,0.38,orientation,color,size,0.3400000000000001,6.5,18,female,1,1913.8339991000003,0,22
328,4,7,3,0,8,5.832338399999571,2.0,13,0.4600000000000001,orientation,color,size,0.3400000000000001,6.5,18,female,1,1913.8339991000003,0,22
329,4,0,0,1,8,2.0331171999996513,-47.5,1,0.1,orientation,color,size,0.3400000000000001,6.5,18,female,1,1913.8339991000003,0,22
330,4,2,2,1,4,4.08296319999954,6.5,3,0.38,orientation,color,size,0.3400000000000001,6.5,18,female,1,1913.8339991000003,0,22
331,4,3,1,0,4,1.8997595000000729,2.0,19,0.26,orientation,color,size,0.3400000000000001,6.5,18,female,1,1913.8339991000003,0,22
332,4,0,0,1,2,1.3002569000000221,-74.5,17,0.22000000000000003,orientation,color,size,0.3400000000000001,6.5,18,female,1,1913.8339991000003,0,22
333,4,1,1,1,2,1.7683021000002555,47.0,0,0.42000000000000004,orientation,color,size,0.3400000000000001,6.5,18,female,1,1913.8339991000003,0,22
334,4,3,3,1,4,1.4834064999995462,20.0,13,0.42000000000000004,orientation,color,size,0.3400000000000001,6.5,18,female,1,1913.8339991000003,0,22
335,4,0,0,1,2,1.1997666999996,-83.5,16,0.3400000000000001,orientation,color,size,0.3400000000000001,6.5,18,female,1,1913.8339991000003,0,22
336,4,1,1,1,4,6.767456700000366,-16.0,19,0.4600000000000001,orientation,color,size,0.3400000000000001,6.5,18,female,1,1913.8339991000003,0,22
337,4,1,1,1,8,8.99980719999985,-61.0,9,0.4600000000000001,orientation,color,size,0.3400000000000001,6.5,18,female,1,1913.8339991000003,0,22
338,4,0,0,1,8,2.5326705999996193,-83.5,8,0.26,orientation,color,size,0.3400000000000001,6.5,18,female,1,1913.8339991000003,0,22
339,4,0,0,1,2,1.199996100000135,-65.5,3,0.30000000000000004,orientation,color,size,0.3400000000000001,6.5,18,female,1,1913.8339991000003,0,22
340,4,2,2,1,4,2.100691000000552,83.0,2,0.26,orientation,color,size,0.3400000000000001,6.5,18,female,1,1913.8339991000003,0,22
341,4,3,3,1,8,2.600563300000431,-16.0,18,0.4600000000000001,orientation,color,size,0.3400000000000001,6.5,18,female,1,1913.8339991000003,0,22
342,4,3,3,1,4,2.5171928000008847,56.0,19,0.3400000000000001,orientation,color,size,0.3400000000000001,6.5,18,female,1,1913.8339991000003,0,22
343,4,6,2,0,8,2.3332664999998087,2.0,15,0.14,orientation,color,size,0.3400000000000001,6.5,18,female,1,1913.8339991000003,0,22
344,4,0,0,1,4,1.8508859000003213,-16.0,6,0.3400000000000001,orientation,color,size,0.3400000000000001,6.5,18,female,1,1913.8339991000003,0,22
345,4,0,0,1,8,1.7326471999995192,-7.0,5,0.18000000000000002,orientation,color,size,0.3400000000000001,6.5,18,female,1,1913.8339991000003,0,22
346,4,2,2,1,8,2.0658567000000403,-56.5,15,0.30000000000000004,orientation,color,size,0.3400000000000001,6.5,18,female,1,1913.8339991000003,0,22
347,4,1,1,1,2,1.0502466999996614,38.0,14,0.4600000000000001,orientation,color,size,0.3400000000000001,6.5,18,female,1,1913.8339991000003,0,22
348,4,1,1,1,2,1.032788000000437,69.5,1,0.26,orientation,color,size,0.3400000000000001,6.5,18,female,1,1913.8339991000003,0,22
349,4,2,2,1,8,2.0161050999995496,-25.0,14,0.26,orientation,color,size,0.3400000000000001,6.5,18,female,1,1913.8339991000003,0,22
350,4,2,2,1,8,2.7327196999995067,-61.0,21,0.22000000000000003,orientation,color,size,0.3400000000000001,6.5,18,female,1,1913.8339991000003,0,22
351,4,1,1,1,4,3.782591400000456,-74.5,19,0.3400000000000001,orientation,color,size,0.3400000000000001,6.5,18,female,1,1913.8339991000003,0,22
352,4,1,1,1,4,1.350760899999841,-65.5,20,0.18000000000000002,orientation,color,size,0.3400000000000001,6.5,18,female,1,1913.8339991000003,0,22
353,4,0,0,1,4,1.750104900000224,-70.0,2,0.1,orientation,color,size,0.3400000000000001,6.5,18,female,1,1913.8339991000003,0,22
354,4,3,3,1,4,1.4671592999993663,51.5,22,0.26,orientation,color,size,0.3400000000000001,6.5,18,female,1,1913.8339991000003,0,22
355,4,1,1,1,4,1.3846249999996871,-11.5,16,0.38,orientation,color,size,0.3400000000000001,6.5,18,female,1,1913.8339991000003,0,22
356,4,2,2,1,8,1.499397599999611,-61.0,13,0.30000000000000004,orientation,color,size,0.3400000000000001,6.5,18,female,1,1913.8339991000003,0,22
357,4,4,4,1,8,3.849337900000137,60.5,10,0.26,orientation,color,size,0.3400000000000001,6.5,18,female,1,1913.8339991000003,0,22
358,4,1,1,1,2,1.3002893000002587,60.5,10,0.3400000000000001,orientation,color,size,0.3400000000000001,6.5,18,female,1,1913.8339991000003,0,22
359,-9999.0,-9999.0,-9999.0,-9999.0,-9999.0,-9999.0,-9999.0,-9999.0,-9999.0,orientation,color,size,0.3400000000000001,6.5,18,female,1,1913.8339991000003,0,22
360,-9999.0,-9999.0,-9999.0,-9999.0,-9999.0,-9999.0,-9999.0,-9999.0,-9999.0,orientation,color,size,0.3400000000000001,6.5,18,female,1,1913.8339991000003,0,22
361,-9999.0,-9999.0,-9999.0,-9999.0,-9999.0,-9999.0,-9999.0,-9999.0,-9999.0,orientation,color,size,0.3400000000000001,6.5,18,female,1,1913.8339991000003,0,22
362,-9999.0,-9999.0,-9999.0,-9999.0,-9999.0,-9999.0,-9999.0,-9999.0,-9999.0,orientation,color,size,0.3400000000000001,6.5,18,female,1,1913.8339991000003,0,22
363,-9999.0,-9999.0,-9999.0,-9999.0,-9999.0,-9999.0,-9999.0,-9999.0,-9999.0,orientation,color,size,0.3400000000000001,6.5,18,female,1,1913.8339991000003,0,22
364,-9999.0,-9999.0,-9999.0,-9999.0,-9999.0,-9999.0,-9999.0,-9999.0,-9999.0,orientation,color,size,0.3400000000000001,6.5,18,female,1,1913.8339991000003,0,22
365,-9999.0,-9999.0,-9999.0,-9999.0,-9999.0,-9999.0,-9999.0,-9999.0,-9999.0,orientation,color,size,0.3400000000000001,6.5,18,female,1,1913.8339991000003,0,22
366,-9999.0,-9999.0,-9999.0,-9999.0,-9999.0,-9999.0,-9999.0,-9999.0,-9999.0,orientation,color,size,0.3400000000000001,6.5,18,female,1,1913.8339991000003,0,22
367,-9999.0,-9999.0,-9999.0,-9999.0,-9999.0,-9999.0,-9999.0,-9999.0,-9999.0,orientation,color,size,0.3400000000000001,6.5,18,female,1,1913.8339991000003,0,22
368,-9999.0,-9999.0,-9999.0,-9999.0,-9999.0,-9999.0,-9999.0,-9999.0,-9999.0,orientation,color,size,0.3400000000000001,6.5,18,female,1,1913.8339991000003,0,22
369,-9999.0,-9999.0,-9999.0,-9999.0,-9999.0,-9999.0,-9999.0,-9999.0,-9999.0,orientation,color,size,0.3400000000000001,6.5,18,female,1,1913.8339991000003,0,22
370,-9999.0,-9999.0,-9999.0,-9999.0,-9999.0,-9999.0,-9999.0,-9999.0,-9999.0,orientation,color,size,0.3400000000000001,6.5,18,female,1,1913.8339991000003,0,22
371,-9999.0,-9999.0,-9999.0,-9999.0,-9999.0,-9999.0,-9999.0,-9999.0,-9999.0,orientation,color,size,0.3400000000000001,6.5,18,female,1,1913.8339991000003,0,22
372,-9999.0,-9999.0,-9999.0,-9999.0,-9999.0,-9999.0,-9999.0,-9999.0,-9999.0,orientation,color,size,0.3400000000000001,6.5,18,female,1,1913.8339991000003,0,22
373,-9999.0,-9999.0,-9999.0,-9999.0,-9999.0,-9999.0,-9999.0,-9999.0,-9999.0,orientation,color,size,0.3400000000000001,6.5,18,female,1,1913.8339991000003,0,22
374,-9999.0,-9999.0,-9999.0,-9999.0,-9999.0,-9999.0,-9999.0,-9999.0,-9999.0,orientation,color,size,0.3400000000000001,6.5,18,female,1,1913.8339991000003,0,22
375,-9999.0,-9999.0,-9999.0,-9999.0,-9999.0,-9999.0,-9999.0,-9999.0,-9999.0,orientation,color,size,0.3400000000000001,6.5,18,female,1,1913.8339991000003,0,22
376,-9999.0,-9999.0,-9999.0,-9999.0,-9999.0,-9999.0,-9999.0,-9999.0,-9999.0,orientation,color,size,0.3400000000000001,6.5,18,female,1,1913.8339991000003,0,22
377,-9999.0,-9999.0,-9999.0,-9999.0,-9999.0,-9999.0,-9999.0,-9999.0,-9999.0,orientation,color,size,0.3400000000000001,6.5,18,female,1,1913.8339991000003,0,22
378,-9999.0,-9999.0,-9999.0,-9999.0,-9999.0,-9999.0,-9999.0,-9999.0,-9999.0,orientation,color,size,0.3400000000000001,6.5,18,female,1,1913.8339991000003,0,22
379,-9999.0,-9999.0,-9999.0,-9999.0,-9999.0,-9999.0,-9999.0,-9999.0,-9999.0,orientation,color,size,0.3400000000000001,6.5,18,female,1,1913.8339991000003,0,22
380,-9999.0,-9999.0,-9999.0,-9999.0,-9999.0,-9999.0,-9999.0,-9999.0,-9999.0,orientation,color,size,0.3400000000000001,6.5,18,female,1,1913.8339991000003,0,22
381,-9999.0,-9999.0,-9999.0,-9999.0,-9999.0,-9999.0,-9999.0,-9999.0,-9999.0,orientation,color,size,0.3400000000000001,6.5,18,female,1,1913.8339991000003,0,22
382,-9999.0,-9999.0,-9999.0,-9999.0,-9999.0,-9999.0,-9999.0,-9999.0,-9999.0,orientation,color,size,0.3400000000000001,6.5,18,female,1,1913.8339991000003,0,22
383,-9999.0,-9999.0,-9999.0,-9999.0,-9999.0,-9999.0,-9999.0,-9999.0,-9999.0,orientation,color,size,0.3400000000000001,6.5,18,female,1,1913.8339991000003,0,22
384,-9999.0,-9999.0,-9999.0,-9999.0,-9999.0,-9999.0,-9999.0,-9999.0,-9999.0,orientation,color,size,0.3400000000000001,6.5,18,female,1,1913.8339991000003,0,22
385,-9999.0,-9999.0,-9999.0,-9999.0,-9999.0,-9999.0,-9999.0,-9999.0,-9999.0,orientation,color,size,0.3400000000000001,6.5,18,female,1,1913.8339991000003,0,22
386,-9999.0,-9999.0,-9999.0,-9999.0,-9999.0,-9999.0,-9999.0,-9999.0,-9999.0,orientation,color,size,0.3400000000000001,6.5,18,female,1,1913.8339991000003,0,22
387,-9999.0,-9999.0,-9999.0,-9999.0,-9999.0,-9999.0,-9999.0,-9999.0,-9999.0,orientation,color,size,0.3400000000000001,6.5,18,female,1,1913.8339991000003,0,22
388,-9999.0,-9999.0,-9999.0,-9999.0,-9999.0,-9999.0,-9999.0,-9999.0,-9999.0,orientation,color,size,0.3400000000000001,6.5,18,female,1,1913.8339991000003,0,22
389,-9999.0,-9999.0,-9999.0,-9999.0,-9999.0,-9999.0,-9999.0,-9999.0,-9999.0,orientation,color,size,0.3400000000000001,6.5,18,female,1,1913.8339991000003,0,22
390,-9999.0,-9999.0,-9999.0,-9999.0,-9999.0,-9999.0,-9999.0,-9999.0,-9999.0,orientation,color,size,0.3400000000000001,6.5,18,female,1,1913.8339991000003,0,22
391,-9999.0,-9999.0,-9999.0,-9999.0,-9999.0,-9999.0,-9999.0,-9999.0,-9999.0,orientation,color,size,0.3400000000000001,6.5,18,female,1,1913.8339991000003,0,22
392,-9999.0,-9999.0,-9999.0,-9999.0,-9999.0,-9999.0,-9999.0,-9999.0,-9999.0,orientation,color,size,0.3400000000000001,6.5,18,female,1,1913.8339991000003,0,22
393,-9999.0,-9999.0,-9999.0,-9999.0,-9999.0,-9999.0,-9999.0,-9999.0,-9999.0,orientation,color,size,0.3400000000000001,6.5,18,female,1,1913.8339991000003,0,22
394,-9999.0,-9999.0,-9999.0,-9999.0,-9999.0,-9999.0,-9999.0,-9999.0,-9999.0,orientation,color,size,0.3400000000000001,6.5,18,female,1,1913.8339991000003,0,22
395,-9999.0,-9999.0,-9999.0,-9999.0,-9999.0,-9999.0,-9999.0,-9999.0,-9999.0,orientation,color,size,0.3400000000000001,6.5,18,female,1,1913.8339991000003,0,22
396,-9999.0,-9999.0,-9999.0,-9999.0,-9999.0,-9999.0,-9999.0,-9999.0,-9999.0,orientation,color,size,0.3400000000000001,6.5,18,female,1,1913.8339991000003,0,22
397,-9999.0,-9999.0,-9999.0,-9999.0,-9999.0,-9999.0,-9999.0,-9999.0,-9999.0,orientation,color,size,0.3400000000000001,6.5,18,female,1,1913.8339991000003,0,22
398,-9999.0,-9999.0,-9999.0,-9999.0,-9999.0,-9999.0,-9999.0,-9999.0,-9999.0,orientation,color,size,0.3400000000000001,6.5,18,female,1,1913.8339991000003,0,22
399,-9999.0,-9999.0,-9999.0,-9999.0,-9999.0,-9999.0,-9999.0,-9999.0,-9999.0,orientation,color,size,0.3400000000000001,6.5,18,female,1,1913.8339991000003,0,22
400,-9999.0,-9999.0,-9999.0,-9999.0,-9999.0,-9999.0,-9999.0,-9999.0,-9999.0,orientation,color,size,0.3400000000000001,6.5,18,female,1,1913.8339991000003,0,22
401,-9999.0,-9999.0,-9999.0,-9999.0,-9999.0,-9999.0,-9999.0,-9999.0,-9999.0,orientation,color,size,0.3400000000000001,6.5,18,female,1,1913.8339991000003,0,22
402,-9999.0,-9999.0,-9999.0,-9999.0,-9999.0,-9999.0,-9999.0,-9999.0,-9999.0,orientation,color,size,0.3400000000000001,6.5,18,female,1,1913.8339991000003,0,22
403,-9999.0,-9999.0,-9999.0,-9999.0,-9999.0,-9999.0,-9999.0,-9999.0,-9999.0,orientation,color,size,0.3400000000000001,6.5,18,female,1,1913.8339991000003,0,22
404,-9999.0,-9999.0,-9999.0,-9999.0,-9999.0,-9999.0,-9999.0,-9999.0,-9999.0,orientation,color,size,0.3400000000000001,6.5,18,female,1,1913.8339991000003,0,22
405,-9999.0,-9999.0,-9999.0,-9999.0,-9999.0,-9999.0,-9999.0,-9999.0,-9999.0,orientation,color,size,0.3400000000000001,6.5,18,female,1,1913.8339991000003,0,22
406,-9999.0,-9999.0,-9999.0,-9999.0,-9999.0,-9999.0,-9999.0,-9999.0,-9999.0,orientation,color,size,0.3400000000000001,6.5,18,female,1,1913.8339991000003,0,22
407,-9999.0,-9999.0,-9999.0,-9999.0,-9999.0,-9999.0,-9999.0,-9999.0,-9999.0,orientation,color,size,0.3400000000000001,6.5,18,female,1,1913.8339991000003,0,22
408,-9999.0,-9999.0,-9999.0,-9999.0,-9999.0,-9999.0,-9999.0,-9999.0,-9999.0,orientation,color,size,0.3400000000000001,6.5,18,female,1,1913.8339991000003,0,22
409,-9999.0,-9999.0,-9999.0,-9999.0,-9999.0,-9999.0,-9999.0,-9999.0,-9999.0,orientation,color,size,0.3400000000000001,6.5,18,female,1,1913.8339991000003,0,22
410,-9999.0,-9999.0,-9999.0,-9999.0,-9999.0,-9999.0,-9999.0,-9999.0,-9999.0,orientation,color,size,0.3400000000000001,6.5,18,female,1,1913.8339991000003,0,22
411,-9999.0,-9999.0,-9999.0,-9999.0,-9999.0,-9999.0,-9999.0,-9999.0,-9999.0,orientation,color,size,0.3400000000000001,6.5,18,female,1,1913.8339991000003,0,22
412,-9999.0,-9999.0,-9999.0,-9999.0,-9999.0,-9999.0,-9999.0,-9999.0,-9999.0,orientation,color,size,0.3400000000000001,6.5,18,female,1,1913.8339991000003,0,22
413,-9999.0,-9999.0,-9999.0,-9999.0,-9999.0,-9999.0,-9999.0,-9999.0,-9999.0,orientation,color,size,0.3400000000000001,6.5,18,female,1,1913.8339991000003,0,22
414,-9999.0,-9999.0,-9999.0,-9999.0,-9999.0,-9999.0,-9999.0,-9999.0,-9999.0,orientation,color,size,0.3400000000000001,6.5,18,female,1,1913.8339991000003,0,22
415,-9999.0,-9999.0,-9999.0,-9999.0,-9999.0,-9999.0,-9999.0,-9999.0,-9999.0,orientation,color,size,0.3400000000000001,6.5,18,female,1,1913.8339991000003,0,22
416,-9999.0,-9999.0,-9999.0,-9999.0,-9999.0,-9999.0,-9999.0,-9999.0,-9999.0,orientation,color,size,0.3400000000000001,6.5,18,female,1,1913.8339991000003,0,22
417,-9999.0,-9999.0,-9999.0,-9999.0,-9999.0,-9999.0,-9999.0,-9999.0,-9999.0,orientation,color,size,0.3400000000000001,6.5,18,female,1,1913.8339991000003,0,22
418,-9999.0,-9999.0,-9999.0,-9999.0,-9999.0,-9999.0,-9999.0,-9999.0,-9999.0,orientation,color,size,0.3400000000000001,6.5,18,female,1,1913.8339991000003,0,22
419,-9999.0,-9999.0,-9999.0,-9999.0,-9999.0,-9999.0,-9999.0,-9999.0,-9999.0,orientation,color,size,0.3400000000000001,6.5,18,female,1,1913.8339991000003,0,22
420,-9999.0,-9999.0,-9999.0,-9999.0,-9999.0,-9999.0,-9999.0,-9999.0,-9999.0,orientation,color,size,0.3400000000000001,6.5,18,female,1,1913.8339991000003,0,22
421,-9999.0,-9999.0,-9999.0,-9999.0,-9999.0,-9999.0,-9999.0,-9999.0,-9999.0,orientation,color,size,0.3400000000000001,6.5,18,female,1,1913.8339991000003,0,22
422,-9999.0,-9999.0,-9999.0,-9999.0,-9999.0,-9999.0,-9999.0,-9999.0,-9999.0,orientation,color,size,0.3400000000000001,6.5,18,female,1,1913.8339991000003,0,22
423,-9999.0,-9999.0,-9999.0,-9999.0,-9999.0,-9999.0,-9999.0,-9999.0,-9999.0,orientation,color,size,0.3400000000000001,6.5,18,female,1,1913.8339991000003,0,22
424,-9999.0,-9999.0,-9999.0,-9999.0,-9999.0,-9999.0,-9999.0,-9999.0,-9999.0,orientation,color,size,0.3400000000000001,6.5,18,female,1,1913.8339991000003,0,22
425,-9999.0,-9999.0,-9999.0,-9999.0,-9999.0,-9999.0,-9999.0,-9999.0,-9999.0,orientation,color,size,0.3400000000000001,6.5,18,female,1,1913.8339991000003,0,22
426,-9999.0,-9999.0,-9999.0,-9999.0,-9999.0,-9999.0,-9999.0,-9999.0,-9999.0,orientation,color,size,0.3400000000000001,6.5,18,female,1,1913.8339991000003,0,22
427,-9999.0,-9999.0,-9999.0,-9999.0,-9999.0,-9999.0,-9999.0,-9999.0,-9999.0,orientation,color,size,0.3400000000000001,6.5,18,female,1,1913.8339991000003,0,22
428,-9999.0,-9999.0,-9999.0,-9999.0,-9999.0,-9999.0,-9999.0,-9999.0,-9999.0,orientation,color,size,0.3400000000000001,6.5,18,female,1,1913.8339991000003,0,22
429,-9999.0,-9999.0,-9999.0,-9999.0,-9999.0,-9999.0,-9999.0,-9999.0,-9999.0,orientation,color,size,0.3400000000000001,6.5,18,female,1,1913.8339991000003,0,22
430,-9999.0,-9999.0,-9999.0,-9999.0,-9999.0,-9999.0,-9999.0,-9999.0,-9999.0,orientation,color,size,0.3400000000000001,6.5,18,female,1,1913.8339991000003,0,22
431,-9999.0,-9999.0,-9999.0,-9999.0,-9999.0,-9999.0,-9999.0,-9999.0,-9999.0,orientation,color,size,0.3400000000000001,6.5,18,female,1,1913.8339991000003,0,22
432,-9999.0,-9999.0,-9999.0,-9999.0,-9999.0,-9999.0,-9999.0,-9999.0,-9999.0,orientation,color,size,0.3400000000000001,6.5,18,female,1,1913.8339991000003,0,22
433,-9999.0,-9999.0,-9999.0,-9999.0,-9999.0,-9999.0,-9999.0,-9999.0,-9999.0,orientation,color,size,0.3400000000000001,6.5,18,female,1,1913.8339991000003,0,22
434,-9999.0,-9999.0,-9999.0,-9999.0,-9999.0,-9999.0,-9999.0,-9999.0,-9999.0,orientation,color,size,0.3400000000000001,6.5,18,female,1,1913.8339991000003,0,22
435,-9999.0,-9999.0,-9999.0,-9999.0,-9999.0,-9999.0,-9999.0,-9999.0,-9999.0,orientation,color,size,0.3400000000000001,6.5,18,female,1,1913.8339991000003,0,22
436,-9999.0,-9999.0,-9999.0,-9999.0,-9999.0,-9999.0,-9999.0,-9999.0,-9999.0,orientation,color,size,0.3400000000000001,6.5,18,female,1,1913.8339991000003,0,22
437,-9999.0,-9999.0,-9999.0,-9999.0,-9999.0,-9999.0,-9999.0,-9999.0,-9999.0,orientation,color,size,0.3400000000000001,6.5,18,female,1,1913.8339991000003,0,22
438,-9999.0,-9999.0,-9999.0,-9999.0,-9999.0,-9999.0,-9999.0,-9999.0,-9999.0,orientation,color,size,0.3400000000000001,6.5,18,female,1,1913.8339991000003,0,22
439,-9999.0,-9999.0,-9999.0,-9999.0,-9999.0,-9999.0,-9999.0,-9999.0,-9999.0,orientation,color,size,0.3400000000000001,6.5,18,female,1,1913.8339991000003,0,22
440,-9999.0,-9999.0,-9999.0,-9999.0,-9999.0,-9999.0,-9999.0,-9999.0,-9999.0,orientation,color,size,0.3400000000000001,6.5,18,female,1,1913.8339991000003,0,22
441,-9999.0,-9999.0,-9999.0,-9999.0,-9999.0,-9999.0,-9999.0,-9999.0,-9999.0,orientation,color,size,0.3400000000000001,6.5,18,female,1,1913.8339991000003,0,22
442,-9999.0,-9999.0,-9999.0,-9999.0,-9999.0,-9999.0,-9999.0,-9999.0,-9999.0,orientation,color,size,0.3400000000000001,6.5,18,female,1,1913.8339991000003,0,22
443,-9999.0,-9999.0,-9999.0,-9999.0,-9999.0,-9999.0,-9999.0,-9999.0,-9999.0,orientation,color,size,0.3400000000000001,6.5,18,female,1,1913.8339991000003,0,22
444,-9999.0,-9999.0,-9999.0,-9999.0,-9999.0,-9999.0,-9999.0,-9999.0,-9999.0,orientation,color,size,0.3400000000000001,6.5,18,female,1,1913.8339991000003,0,22
445,-9999.0,-9999.0,-9999.0,-9999.0,-9999.0,-9999.0,-9999.0,-9999.0,-9999.0,orientation,color,size,0.3400000000000001,6.5,18,female,1,1913.8339991000003,0,22
446,-9999.0,-9999.0,-9999.0,-9999.0,-9999.0,-9999.0,-9999.0,-9999.0,-9999.0,orientation,color,size,0.3400000000000001,6.5,18,female,1,1913.8339991000003,0,22
447,-9999.0,-9999.0,-9999.0,-9999.0,-9999.0,-9999.0,-9999.0,-9999.0,-9999.0,orientation,color,size,0.3400000000000001,6.5,18,female,1,1913.8339991000003,0,22
448,-9999.0,-9999.0,-9999.0,-9999.0,-9999.0,-9999.0,-9999.0,-9999.0,-9999.0,orientation,color,size,0.3400000000000001,6.5,18,female,1,1913.8339991000003,0,22
449,-9999.0,-9999.0,-9999.0,-9999.0,-9999.0,-9999.0,-9999.0,-9999.0,-9999.0,orientation,color,size,0.3400000000000001,6.5,18,female,1,1913.8339991000003,0,22
450,-9999.0,-9999.0,-9999.0,-9999.0,-9999.0,-9999.0,-9999.0,-9999.0,-9999.0,orientation,color,size,0.3400000000000001,6.5,18,female,1,1913.8339991000003,0,22
451,-9999.0,-9999.0,-9999.0,-9999.0,-9999.0,-9999.0,-9999.0,-9999.0,-9999.0,orientation,color,size,0.3400000000000001,6.5,18,female,1,1913.8339991000003,0,22
452,-9999.0,-9999.0,-9999.0,-9999.0,-9999.0,-9999.0,-9999.0,-9999.0,-9999.0,orientation,color,size,0.3400000000000001,6.5,18,female,1,1913.8339991000003,0,22
453,-9999.0,-9999.0,-9999.0,-9999.0,-9999.0,-9999.0,-9999.0,-9999.0,-9999.0,orientation,color,size,0.3400000000000001,6.5,18,female,1,1913.8339991000003,0,22
454,-9999.0,-9999.0,-9999.0,-9999.0,-9999.0,-9999.0,-9999.0,-9999.0,-9999.0,orientation,color,size,0.3400000000000001,6.5,18,female,1,1913.8339991000003,0,22
455,-9999.0,-9999.0,-9999.0,-9999.0,-9999.0,-9999.0,-9999.0,-9999.0,-9999.0,orientation,color,size,0.3400000000000001,6.5,18,female,1,1913.8339991000003,0,22
456,-9999.0,-9999.0,-9999.0,-9999.0,-9999.0,-9999.0,-9999.0,-9999.0,-9999.0,orientation,color,size,0.3400000000000001,6.5,18,female,1,1913.8339991000003,0,22
457,-9999.0,-9999.0,-9999.0,-9999.0,-9999.0,-9999.0,-9999.0,-9999.0,-9999.0,orientation,color,size,0.3400000000000001,6.5,18,female,1,1913.8339991000003,0,22
458,-9999.0,-9999.0,-9999.0,-9999.0,-9999.0,-9999.0,-9999.0,-9999.0,-9999.0,orientation,color,size,0.3400000000000001,6.5,18,female,1,1913.8339991000003,0,22
459,-9999.0,-9999.0,-9999.0,-9999.0,-9999.0,-9999.0,-9999.0,-9999.0,-9999.0,orientation,color,size,0.3400000000000001,6.5,18,female,1,1913.8339991000003,0,22
460,-9999.0,-9999.0,-9999.0,-9999.0,-9999.0,-9999.0,-9999.0,-9999.0,-9999.0,orientation,color,size,0.3400000000000001,6.5,18,female,1,1913.8339991000003,0,22
461,-9999.0,-9999.0,-9999.0,-9999.0,-9999.0,-9999.0,-9999.0,-9999.0,-9999.0,orientation,color,size,0.3400000000000001,6.5,18,female,1,1913.8339991000003,0,22
462,-9999.0,-9999.0,-9999.0,-9999.0,-9999.0,-9999.0,-9999.0,-9999.0,-9999.0,orientation,color,size,0.3400000000000001,6.5,18,female,1,1913.8339991000003,0,22
463,-9999.0,-9999.0,-9999.0,-9999.0,-9999.0,-9999.0,-9999.0,-9999.0,-9999.0,orientation,color,size,0.3400000000000001,6.5,18,female,1,1913.8339991000003,0,22
464,-9999.0,-9999.0,-9999.0,-9999.0,-9999.0,-9999.0,-9999.0,-9999.0,-9999.0,orientation,color,size,0.3400000000000001,6.5,18,female,1,1913.8339991000003,0,22
465,-9999.0,-9999.0,-9999.0,-9999.0,-9999.0,-9999.0,-9999.0,-9999.0,-9999.0,orientation,color,size,0.3400000000000001,6.5,18,female,1,1913.8339991000003,0,22
466,-9999.0,-9999.0,-9999.0,-9999.0,-9999.0,-9999.0,-9999.0,-9999.0,-9999.0,orientation,color,size,0.3400000000000001,6.5,18,female,1,1913.8339991000003,0,22
467,-9999.0,-9999.0,-9999.0,-9999.0,-9999.0,-9999.0,-9999.0,-9999.0,-9999.0,orientation,color,size,0.3400000000000001,6.5,18,female,1,1913.8339991000003,0,22
468,-9999.0,-9999.0,-9999.0,-9999.0,-9999.0,-9999.0,-9999.0,-9999.0,-9999.0,orientation,color,size,0.3400000000000001,6.5,18,female,1,1913.8339991000003,0,22
469,-9999.0,-9999.0,-9999.0,-9999.0,-9999.0,-9999.0,-9999.0,-9999.0,-9999.0,orientation,color,size,0.3400000000000001,6.5,18,female,1,1913.8339991000003,0,22
470,-9999.0,-9999.0,-9999.0,-9999.0,-9999.0,-9999.0,-9999.0,-9999.0,-9999.0,orientation,color,size,0.3400000000000001,6.5,18,female,1,1913.8339991000003,0,22
471,-9999.0,-9999.0,-9999.0,-9999.0,-9999.0,-9999.0,-9999.0,-9999.0,-9999.0,orientation,color,size,0.3400000000000001,6.5,18,female,1,1913.8339991000003,0,22
472,-9999.0,-9999.0,-9999.0,-9999.0,-9999.0,-9999.0,-9999.0,-9999.0,-9999.0,orientation,color,size,0.3400000000000001,6.5,18,female,1,1913.8339991000003,0,22
473,-9999.0,-9999.0,-9999.0,-9999.0,-9999.0,-9999.0,-9999.0,-9999.0,-9999.0,orientation,color,size,0.3400000000000001,6.5,18,female,1,1913.8339991000003,0,22
474,-9999.0,-9999.0,-9999.0,-9999.0,-9999.0,-9999.0,-9999.0,-9999.0,-9999.0,orientation,color,size,0.3400000000000001,6.5,18,female,1,1913.8339991000003,0,22
475,-9999.0,-9999.0,-9999.0,-9999.0,-9999.0,-9999.0,-9999.0,-9999.0,-9999.0,orientation,color,size,0.3400000000000001,6.5,18,female,1,1913.8339991000003,0,22
476,-9999.0,-9999.0,-9999.0,-9999.0,-9999.0,-9999.0,-9999.0,-9999.0,-9999.0,orientation,color,size,0.3400000000000001,6.5,18,female,1,1913.8339991000003,0,22
477,-9999.0,-9999.0,-9999.0,-9999.0,-9999.0,-9999.0,-9999.0,-9999.0,-9999.0,orientation,color,size,0.3400000000000001,6.5,18,female,1,1913.8339991000003,0,22
478,-9999.0,-9999.0,-9999.0,-9999.0,-9999.0,-9999.0,-9999.0,-9999.0,-9999.0,orientation,color,size,0.3400000000000001,6.5,18,female,1,1913.8339991000003,0,22
479,-9999.0,-9999.0,-9999.0,-9999.0,-9999.0,-9999.0,-9999.0,-9999.0,-9999.0,orientation,color,size,0.3400000000000001,6.5,18,female,1,1913.8339991000003,0,22
480,-9999.0,-9999.0,-9999.0,-9999.0,-9999.0,-9999.0,-9999.0,-9999.0,-9999.0,orientation,color,size,0.3400000000000001,6.5,18,female,1,1913.8339991000003,0,22
481,-9999.0,-9999.0,-9999.0,-9999.0,-9999.0,-9999.0,-9999.0,-9999.0,-9999.0,orientation,color,size,0.3400000000000001,6.5,18,female,1,1913.8339991000003,0,22
482,-9999.0,-9999.0,-9999.0,-9999.0,-9999.0,-9999.0,-9999.0,-9999.0,-9999.0,orientation,color,size,0.3400000000000001,6.5,18,female,1,1913.8339991000003,0,22
483,-9999.0,-9999.0,-9999.0,-9999.0,-9999.0,-9999.0,-9999.0,-9999.0,-9999.0,orientation,color,size,0.3400000000000001,6.5,18,female,1,1913.8339991000003,0,22
484,-9999.0,-9999.0,-9999.0,-9999.0,-9999.0,-9999.0,-9999.0,-9999.0,-9999.0,orientation,color,size,0.3400000000000001,6.5,18,female,1,1913.8339991000003,0,22
485,-9999.0,-9999.0,-9999.0,-9999.0,-9999.0,-9999.0,-9999.0,-9999.0,-9999.0,orientation,color,size,0.3400000000000001,6.5,18,female,1,1913.8339991000003,0,22
486,-9999.0,-9999.0,-9999.0,-9999.0,-9999.0,-9999.0,-9999.0,-9999.0,-9999.0,orientation,color,size,0.3400000000000001,6.5,18,female,1,1913.8339991000003,0,22
487,-9999.0,-9999.0,-9999.0,-9999.0,-9999.0,-9999.0,-9999.0,-9999.0,-9999.0,orientation,color,size,0.3400000000000001,6.5,18,female,1,1913.8339991000003,0,22
488,-9999.0,-9999.0,-9999.0,-9999.0,-9999.0,-9999.0,-9999.0,-9999.0,-9999.0,orientation,color,size,0.3400000000000001,6.5,18,female,1,1913.8339991000003,0,22
489,-9999.0,-9999.0,-9999.0,-9999.0,-9999.0,-9999.0,-9999.0,-9999.0,-9999.0,orientation,color,size,0.3400000000000001,6.5,18,female,1,1913.8339991000003,0,22
490,-9999.0,-9999.0,-9999.0,-9999.0,-9999.0,-9999.0,-9999.0,-9999.0,-9999.0,orientation,color,size,0.3400000000000001,6.5,18,female,1,1913.8339991000003,0,22
491,-9999.0,-9999.0,-9999.0,-9999.0,-9999.0,-9999.0,-9999.0,-9999.0,-9999.0,orientation,color,size,0.3400000000000001,6.5,18,female,1,1913.8339991000003,0,22
492,-9999.0,-9999.0,-9999.0,-9999.0,-9999.0,-9999.0,-9999.0,-9999.0,-9999.0,orientation,color,size,0.3400000000000001,6.5,18,female,1,1913.8339991000003,0,22
493,-9999.0,-9999.0,-9999.0,-9999.0,-9999.0,-9999.0,-9999.0,-9999.0,-9999.0,orientation,color,size,0.3400000000000001,6.5,18,female,1,1913.8339991000003,0,22
494,-9999.0,-9999.0,-9999.0,-9999.0,-9999.0,-9999.0,-9999.0,-9999.0,-9999.0,orientation,color,size,0.3400000000000001,6.5,18,female,1,1913.8339991000003,0,22
495,-9999.0,-9999.0,-9999.0,-9999.0,-9999.0,-9999.0,-9999.0,-9999.0,-9999.0,orientation,color,size,0.3400000000000001,6.5,18,female,1,1913.8339991000003,0,22
496,-9999.0,-9999.0,-9999.0,-9999.0,-9999.0,-9999.0,-9999.0,-9999.0,-9999.0,orientation,color,size,0.3400000000000001,6.5,18,female,1,1913.8339991000003,0,22
497,-9999.0,-9999.0,-9999.0,-9999.0,-9999.0,-9999.0,-9999.0,-9999.0,-9999.0,orientation,color,size,0.3400000000000001,6.5,18,female,1,1913.8339991000003,0,22
498,-9999.0,-9999.0,-9999.0,-9999.0,-9999.0,-9999.0,-9999.0,-9999.0,-9999.0,orientation,color,size,0.3400000000000001,6.5,18,female,1,1913.8339991000003,0,22
499,-9999.0,-9999.0,-9999.0,-9999.0,-9999.0,-9999.0,-9999.0,-9999.0,-9999.0,orientation,color,size,0.3400000000000001,6.5,18,female,1,1913.8339991000003,0,22
500,-9999.0,-9999.0,-9999.0,-9999.0,-9999.0,-9999.0,-9999.0,-9999.0,-9999.0,orientation,color,size,0.3400000000000001,6.5,18,female,1,1913.8339991000003,0,22
501,-9999.0,-9999.0,-9999.0,-9999.0,-9999.0,-9999.0,-9999.0,-9999.0,-9999.0,orientation,color,size,0.3400000000000001,6.5,18,female,1,1913.8339991000003,0,22
502,-9999.0,-9999.0,-9999.0,-9999.0,-9999.0,-9999.0,-9999.0,-9999.0,-9999.0,orientation,color,size,0.3400000000000001,6.5,18,female,1,1913.8339991000003,0,22
503,-9999.0,-9999.0,-9999.0,-9999.0,-9999.0,-9999.0,-9999.0,-9999.0,-9999.0,orientation,color,size,0.3400000000000001,6.5,18,female,1,1913.8339991000003,0,22
504,-9999.0,-9999.0,-9999.0,-9999.0,-9999.0,-9999.0,-9999.0,-9999.0,-9999.0,orientation,color,size,0.3400000000000001,6.5,18,female,1,1913.8339991000003,0,22
505,-9999.0,-9999.0,-9999.0,-9999.0,-9999.0,-9999.0,-9999.0,-9999.0,-9999.0,orientation,color,size,0.3400000000000001,6.5,18,female,1,1913.8339991000003,0,22
506,-9999.0,-9999.0,-9999.0,-9999.0,-9999.0,-9999.0,-9999.0,-9999.0,-9999.0,orientation,color,size,0.3400000000000001,6.5,18,female,1,1913.8339991000003,0,22
507,-9999.0,-9999.0,-9999.0,-9999.0,-9999.0,-9999.0,-9999.0,-9999.0,-9999.0,orientation,color,size,0.3400000000000001,6.5,18,female,1,1913.8339991000003,0,22
508,-9999.0,-9999.0,-9999.0,-9999.0,-9999.0,-9999.0,-9999.0,-9999.0,-9999.0,orientation,color,size,0.3400000000000001,6.5,18,female,1,1913.8339991000003,0,22
509,-9999.0,-9999.0,-9999.0,-9999.0,-9999.0,-9999.0,-9999.0,-9999.0,-9999.0,orientation,color,size,0.3400000000000001,6.5,18,female,1,1913.8339991000003,0,22
510,-9999.0,-9999.0,-9999.0,-9999.0,-9999.0,-9999.0,-9999.0,-9999.0,-9999.0,orientation,color,size,0.3400000000000001,6.5,18,female,1,1913.8339991000003,0,22
511,-9999.0,-9999.0,-9999.0,-9999.0,-9999.0,-9999.0,-9999.0,-9999.0,-9999.0,orientation,color,size,0.3400000000000001,6.5,18,female,1,1913.8339991000003,0,22
512,-9999.0,-9999.0,-9999.0,-9999.0,-9999.0,-9999.0,-9999.0,-9999.0,-9999.0,orientation,color,size,0.3400000000000001,6.5,18,female,1,1913.8339991000003,0,22
513,-9999.0,-9999.0,-9999.0,-9999.0,-9999.0,-9999.0,-9999.0,-9999.0,-9999.0,orientation,color,size,0.3400000000000001,6.5,18,female,1,1913.8339991000003,0,22
514,-9999.0,-9999.0,-9999.0,-9999.0,-9999.0,-9999.0,-9999.0,-9999.0,-9999.0,orientation,color,size,0.3400000000000001,6.5,18,female,1,1913.8339991000003,0,22
515,-9999.0,-9999.0,-9999.0,-9999.0,-9999.0,-9999.0,-9999.0,-9999.0,-9999.0,orientation,color,size,0.3400000000000001,6.5,18,female,1,1913.8339991000003,0,22
516,-9999.0,-9999.0,-9999.0,-9999.0,-9999.0,-9999.0,-9999.0,-9999.0,-9999.0,orientation,color,size,0.3400000000000001,6.5,18,female,1,1913.8339991000003,0,22
517,-9999.0,-9999.0,-9999.0,-9999.0,-9999.0,-9999.0,-9999.0,-9999.0,-9999.0,orientation,color,size,0.3400000000000001,6.5,18,female,1,1913.8339991000003,0,22
518,-9999.0,-9999.0,-9999.0,-9999.0,-9999.0,-9999.0,-9999.0,-9999.0,-9999.0,orientation,color,size,0.3400000000000001,6.5,18,female,1,1913.8339991000003,0,22
519,-9999.0,-9999.0,-9999.0,-9999.0,-9999.0,-9999.0,-9999.0,-9999.0,-9999.0,orientation,color,size,0.3400000000000001,6.5,18,female,1,1913.8339991000003,0,22
520,-9999.0,-9999.0,-9999.0,-9999.0,-9999.0,-9999.0,-9999.0,-9999.0,-9999.0,orientation,color,size,0.3400000000000001,6.5,18,female,1,1913.8339991000003,0,22
521,-9999.0,-9999.0,-9999.0,-9999.0,-9999.0,-9999.0,-9999.0,-9999.0,-9999.0,orientation,color,size,0.3400000000000001,6.5,18,female,1,1913.8339991000003,0,22
522,-9999.0,-9999.0,-9999.0,-9999.0,-9999.0,-9999.0,-9999.0,-9999.0,-9999.0,orientation,color,size,0.3400000000000001,6.5,18,female,1,1913.8339991000003,0,22
523,-9999.0,-9999.0,-9999.0,-9999.0,-9999.0,-9999.0,-9999.0,-9999.0,-9999.0,orientation,color,size,0.3400000000000001,6.5,18,female,1,1913.8339991000003,0,22
524,-9999.0,-9999.0,-9999.0,-9999.0,-9999.0,-9999.0,-9999.0,-9999.0,-9999.0,orientation,color,size,0.3400000000000001,6.5,18,female,1,1913.8339991000003,0,22
525,-9999.0,-9999.0,-9999.0,-9999.0,-9999.0,-9999.0,-9999.0,-9999.0,-9999.0,orientation,color,size,0.3400000000000001,6.5,18,female,1,1913.8339991000003,0,22
526,-9999.0,-9999.0,-9999.0,-9999.0,-9999.0,-9999.0,-9999.0,-9999.0,-9999.0,orientation,color,size,0.3400000000000001,6.5,18,female,1,1913.8339991000003,0,22
527,-9999.0,-9999.0,-9999.0,-9999.0,-9999.0,-9999.0,-9999.0,-9999.0,-9999.0,orientation,color,size,0.3400000000000001,6.5,18,female,1,1913.8339991000003,0,22
528,-9999.0,-9999.0,-9999.0,-9999.0,-9999.0,-9999.0,-9999.0,-9999.0,-9999.0,orientation,color,size,0.3400000000000001,6.5,18,female,1,1913.8339991000003,0,22
529,-9999.0,-9999.0,-9999.0,-9999.0,-9999.0,-9999.0,-9999.0,-9999.0,-9999.0,orientation,color,size,0.3400000000000001,6.5,18,female,1,1913.8339991000003,0,22
530,-9999.0,-9999.0,-9999.0,-9999.0,-9999.0,-9999.0,-9999.0,-9999.0,-9999.0,orientation,color,size,0.3400000000000001,6.5,18,female,1,1913.8339991000003,0,22
531,-9999.0,-9999.0,-9999.0,-9999.0,-9999.0,-9999.0,-9999.0,-9999.0,-9999.0,orientation,color,size,0.3400000000000001,6.5,18,female,1,1913.8339991000003,0,22
532,-9999.0,-9999.0,-9999.0,-9999.0,-9999.0,-9999.0,-9999.0,-9999.0,-9999.0,orientation,color,size,0.3400000000000001,6.5,18,female,1,1913.8339991000003,0,22
533,-9999.0,-9999.0,-9999.0,-9999.0,-9999.0,-9999.0,-9999.0,-9999.0,-9999.0,orientation,color,size,0.3400000000000001,6.5,18,female,1,1913.8339991000003,0,22
534,-9999.0,-9999.0,-9999.0,-9999.0,-9999.0,-9999.0,-9999.0,-9999.0,-9999.0,orientation,color,size,0.3400000000000001,6.5,18,female,1,1913.8339991000003,0,22
535,-9999.0,-9999.0,-9999.0,-9999.0,-9999.0,-9999.0,-9999.0,-9999.0,-9999.0,orientation,color,size,0.3400000000000001,6.5,18,female,1,1913.8339991000003,0,22
536,-9999.0,-9999.0,-9999.0,-9999.0,-9999.0,-9999.0,-9999.0,-9999.0,-9999.0,orientation,color,size,0.3400000000000001,6.5,18,female,1,1913.8339991000003,0,22
537,-9999.0,-9999.0,-9999.0,-9999.0,-9999.0,-9999.0,-9999.0,-9999.0,-9999.0,orientation,color,size,0.3400000000000001,6.5,18,female,1,1913.8339991000003,0,22
538,-9999.0,-9999.0,-9999.0,-9999.0,-9999.0,-9999.0,-9999.0,-9999.0,-9999.0,orientation,color,size,0.3400000000000001,6.5,18,female,1,1913.8339991000003,0,22
539,-9999.0,-9999.0,-9999.0,-9999.0,-9999.0,-9999.0,-9999.0,-9999.0,-9999.0,orientation,color,size,0.3400000000000001,6.5,18,female,1,1913.8339991000003,0,22
540,-9999.0,-9999.0,-9999.0,-9999.0,-9999.0,-9999.0,-9999.0,-9999.0,-9999.0,orientation,color,size,0.3400000000000001,6.5,18,female,1,1913.8339991000003,0,22
541,-9999.0,-9999.0,-9999.0,-9999.0,-9999.0,-9999.0,-9999.0,-9999.0,-9999.0,orientation,color,size,0.3400000000000001,6.5,18,female,1,1913.8339991000003,0,22
542,-9999.0,-9999.0,-9999.0,-9999.0,-9999.0,-9999.0,-9999.0,-9999.0,-9999.0,orientation,color,size,0.3400000000000001,6.5,18,female,1,1913.8339991000003,0,22
543,-9999.0,-9999.0,-9999.0,-9999.0,-9999.0,-9999.0,-9999.0,-9999.0,-9999.0,orientation,color,size,0.3400000000000001,6.5,18,female,1,1913.8339991000003,0,22
544,-9999.0,-9999.0,-9999.0,-9999.0,-9999.0,-9999.0,-9999.0,-9999.0,-9999.0,orientation,color,size,0.3400000000000001,6.5,18,female,1,1913.8339991000003,0,22
545,-9999.0,-9999.0,-9999.0,-9999.0,-9999.0,-9999.0,-9999.0,-9999.0,-9999.0,orientation,color,size,0.3400000000000001,6.5,18,female,1,1913.8339991000003,0,22
546,-9999.0,-9999.0,-9999.0,-9999.0,-9999.0,-9999.0,-9999.0,-9999.0,-9999.0,orientation,color,size,0.3400000000000001,6.5,18,female,1,1913.8339991000003,0,22
547,-9999.0,-9999.0,-9999.0,-9999.0,-9999.0,-9999.0,-9999.0,-9999.0,-9999.0,orientation,color,size,0.3400000000000001,6.5,18,female,1,1913.8339991000003,0,22
548,-9999.0,-9999.0,-9999.0,-9999.0,-9999.0,-9999.0,-9999.0,-9999.0,-9999.0,orientation,color,size,0.3400000000000001,6.5,18,female,1,1913.8339991000003,0,22
549,-9999.0,-9999.0,-9999.0,-9999.0,-9999.0,-9999.0,-9999.0,-9999.0,-9999.0,orientation,color,size,0.3400000000000001,6.5,18,female,1,1913.8339991000003,0,22
550,-9999.0,-9999.0,-9999.0,-9999.0,-9999.0,-9999.0,-9999.0,-9999.0,-9999.0,orientation,color,size,0.3400000000000001,6.5,18,female,1,1913.8339991000003,0,22
551,-9999.0,-9999.0,-9999.0,-9999.0,-9999.0,-9999.0,-9999.0,-9999.0,-9999.0,orientation,color,size,0.3400000000000001,6.5,18,female,1,1913.8339991000003,0,22
552,-9999.0,-9999.0,-9999.0,-9999.0,-9999.0,-9999.0,-9999.0,-9999.0,-9999.0,orientation,color,size,0.3400000000000001,6.5,18,female,1,1913.8339991000003,0,22
553,-9999.0,-9999.0,-9999.0,-9999.0,-9999.0,-9999.0,-9999.0,-9999.0,-9999.0,orientation,color,size,0.3400000000000001,6.5,18,female,1,1913.8339991000003,0,22
554,-9999.0,-9999.0,-9999.0,-9999.0,-9999.0,-9999.0,-9999.0,-9999.0,-9999.0,orientation,color,size,0.3400000000000001,6.5,18,female,1,1913.8339991000003,0,22
555,-9999.0,-9999.0,-9999.0,-9999.0,-9999.0,-9999.0,-9999.0,-9999.0,-9999.0,orientation,color,size,0.3400000000000001,6.5,18,female,1,1913.8339991000003,0,22
556,-9999.0,-9999.0,-9999.0,-9999.0,-9999.0,-9999.0,-9999.0,-9999.0,-9999.0,orientation,color,size,0.3400000000000001,6.5,18,female,1,1913.8339991000003,0,22
557,-9999.0,-9999.0,-9999.0,-9999.0,-9999.0,-9999.0,-9999.0,-9999.0,-9999.0,orientation,color,size,0.3400000000000001,6.5,18,female,1,1913.8339991000003,0,22
558,-9999.0,-9999.0,-9999.0,-9999.0,-9999.0,-9999.0,-9999.0,-9999.0,-9999.0,orientation,color,size,0.3400000000000001,6.5,18,female,1,1913.8339991000003,0,22
559,-9999.0,-9999.0,-9999.0,-9999.0,-9999.0,-9999.0,-9999.0,-9999.0,-9999.0,orientation,color,size,0.3400000000000001,6.5,18,female,1,1913.8339991000003,0,22
560,-9999.0,-9999.0,-9999.0,-9999.0,-9999.0,-9999.0,-9999.0,-9999.0,-9999.0,orientation,color,size,0.3400000000000001,6.5,18,female,1,1913.8339991000003,0,22
561,-9999.0,-9999.0,-9999.0,-9999.0,-9999.0,-9999.0,-9999.0,-9999.0,-9999.0,orientation,color,size,0.3400000000000001,6.5,18,female,1,1913.8339991000003,0,22
562,-9999.0,-9999.0,-9999.0,-9999.0,-9999.0,-9999.0,-9999.0,-9999.0,-9999.0,orientation,color,size,0.3400000000000001,6.5,18,female,1,1913.8339991000003,0,22
563,-9999.0,-9999.0,-9999.0,-9999.0,-9999.0,-9999.0,-9999.0,-9999.0,-9999.0,orientation,color,size,0.3400000000000001,6.5,18,female,1,1913.8339991000003,0,22
564,-9999.0,-9999.0,-9999.0,-9999.0,-9999.0,-9999.0,-9999.0,-9999.0,-9999.0,orientation,color,size,0.3400000000000001,6.5,18,female,1,1913.8339991000003,0,22
565,-9999.0,-9999.0,-9999.0,-9999.0,-9999.0,-9999.0,-9999.0,-9999.0,-9999.0,orientation,color,size,0.3400000000000001,6.5,18,female,1,1913.8339991000003,0,22
566,-9999.0,-9999.0,-9999.0,-9999.0,-9999.0,-9999.0,-9999.0,-9999.0,-9999.0,orientation,color,size,0.3400000000000001,6.5,18,female,1,1913.8339991000003,0,22
567,-9999.0,-9999.0,-9999.0,-9999.0,-9999.0,-9999.0,-9999.0,-9999.0,-9999.0,orientation,color,size,0.3400000000000001,6.5,18,female,1,1913.8339991000003,0,22
568,-9999.0,-9999.0,-9999.0,-9999.0,-9999.0,-9999.0,-9999.0,-9999.0,-9999.0,orientation,color,size,0.3400000000000001,6.5,18,female,1,1913.8339991000003,0,22
569,-9999.0,-9999.0,-9999.0,-9999.0,-9999.0,-9999.0,-9999.0,-9999.0,-9999.0,orientation,color,size,0.3400000000000001,6.5,18,female,1,1913.8339991000003,0,22
570,-9999.0,-9999.0,-9999.0,-9999.0,-9999.0,-9999.0,-9999.0,-9999.0,-9999.0,orientation,color,size,0.3400000000000001,6.5,18,female,1,1913.8339991000003,0,22
571,-9999.0,-9999.0,-9999.0,-9999.0,-9999.0,-9999.0,-9999.0,-9999.0,-9999.0,orientation,color,size,0.3400000000000001,6.5,18,female,1,1913.8339991000003,0,22
572,-9999.0,-9999.0,-9999.0,-9999.0,-9999.0,-9999.0,-9999.0,-9999.0,-9999.0,orientation,color,size,0.3400000000000001,6.5,18,female,1,1913.8339991000003,0,22
573,-9999.0,-9999.0,-9999.0,-9999.0,-9999.0,-9999.0,-9999.0,-9999.0,-9999.0,orientation,color,size,0.3400000000000001,6.5,18,female,1,1913.8339991000003,0,22
574,-9999.0,-9999.0,-9999.0,-9999.0,-9999.0,-9999.0,-9999.0,-9999.0,-9999.0,orientation,color,size,0.3400000000000001,6.5,18,female,1,1913.8339991000003,0,22
575,-9999.0,-9999.0,-9999.0,-9999.0,-9999.0,-9999.0,-9999.0,-9999.0,-9999.0,orientation,color,size,0.3400000000000001,6.5,18,female,1,1913.8339991000003,0,22
576,-9999.0,-9999.0,-9999.0,-9999.0,-9999.0,-9999.0,-9999.0,-9999.0,-9999.0,orientation,color,size,0.3400000000000001,6.5,18,female,1,1913.8339991000003,0,22
577,-9999.0,-9999.0,-9999.0,-9999.0,-9999.0,-9999.0,-9999.0,-9999.0,-9999.0,orientation,color,size,0.3400000000000001,6.5,18,female,1,1913.8339991000003,0,22
578,-9999.0,-9999.0,-9999.0,-9999.0,-9999.0,-9999.0,-9999.0,-9999.0,-9999.0,orientation,color,size,0.3400000000000001,6.5,18,female,1,1913.8339991000003,0,22
579,-9999.0,-9999.0,-9999.0,-9999.0,-9999.0,-9999.0,-9999.0,-9999.0,-9999.0,orientation,color,size,0.3400000000000001,6.5,18,female,1,1913.8339991000003,0,22
580,-9999.0,-9999.0,-9999.0,-9999.0,-9999.0,-9999.0,-9999.0,-9999.0,-9999.0,orientation,color,size,0.3400000000000001,6.5,18,female,1,1913.8339991000003,0,22
581,-9999.0,-9999.0,-9999.0,-9999.0,-9999.0,-9999.0,-9999.0,-9999.0,-9999.0,orientation,color,size,0.3400000000000001,6.5,18,female,1,1913.8339991000003,0,22
582,-9999.0,-9999.0,-9999.0,-9999.0,-9999.0,-9999.0,-9999.0,-9999.0,-9999.0,orientation,color,size,0.3400000000000001,6.5,18,female,1,1913.8339991000003,0,22
583,-9999.0,-9999.0,-9999.0,-9999.0,-9999.0,-9999.0,-9999.0,-9999.0,-9999.0,orientation,color,size,0.3400000000000001,6.5,18,female,1,1913.8339991000003,0,22
584,-9999.0,-9999.0,-9999.0,-9999.0,-9999.0,-9999.0,-9999.0,-9999.0,-9999.0,orientation,color,size,0.3400000000000001,6.5,18,female,1,1913.8339991000003,0,22
585,-9999.0,-9999.0,-9999.0,-9999.0,-9999.0,-9999.0,-9999.0,-9999.0,-9999.0,orientation,color,size,0.3400000000000001,6.5,18,female,1,1913.8339991000003,0,22
586,-9999.0,-9999.0,-9999.0,-9999.0,-9999.0,-9999.0,-9999.0,-9999.0,-9999.0,orientation,color,size,0.3400000000000001,6.5,18,female,1,1913.8339991000003,0,22
587,-9999.0,-9999.0,-9999.0,-9999.0,-9999.0,-9999.0,-9999.0,-9999.0,-9999.0,orientation,color,size,0.3400000000000001,6.5,18,female,1,1913.8339991000003,0,22
588,-9999.0,-9999.0,-9999.0,-9999.0,-9999.0,-9999.0,-9999.0,-9999.0,-9999.0,orientation,color,size,0.3400000000000001,6.5,18,female,1,1913.8339991000003,0,22
589,-9999.0,-9999.0,-9999.0,-9999.0,-9999.0,-9999.0,-9999.0,-9999.0,-9999.0,orientation,color,size,0.3400000000000001,6.5,18,female,1,1913.8339991000003,0,22
590,-9999.0,-9999.0,-9999.0,-9999.0,-9999.0,-9999.0,-9999.0,-9999.0,-9999.0,orientation,color,size,0.3400000000000001,6.5,18,female,1,1913.8339991000003,0,22
591,-9999.0,-9999.0,-9999.0,-9999.0,-9999.0,-9999.0,-9999.0,-9999.0,-9999.0,orientation,color,size,0.3400000000000001,6.5,18,female,1,1913.8339991000003,0,22
592,-9999.0,-9999.0,-9999.0,-9999.0,-9999.0,-9999.0,-9999.0,-9999.0,-9999.0,orientation,color,size,0.3400000000000001,6.5,18,female,1,1913.8339991000003,0,22
593,-9999.0,-9999.0,-9999.0,-9999.0,-9999.0,-9999.0,-9999.0,-9999.0,-9999.0,orientation,color,size,0.3400000000000001,6.5,18,female,1,1913.8339991000003,0,22
594,-9999.0,-9999.0,-9999.0,-9999.0,-9999.0,-9999.0,-9999.0,-9999.0,-9999.0,orientation,color,size,0.3400000000000001,6.5,18,female,1,1913.8339991000003,0,22
595,-9999.0,-9999.0,-9999.0,-9999.0,-9999.0,-9999.0,-9999.0,-9999.0,-9999.0,orientation,color,size,0.3400000000000001,6.5,18,female,1,1913.8339991000003,0,22
596,-9999.0,-9999.0,-9999.0,-9999.0,-9999.0,-9999.0,-9999.0,-9999.0,-9999.0,orientation,color,size,0.3400000000000001,6.5,18,female,1,1913.8339991000003,0,22
597,-9999.0,-9999.0,-9999.0,-9999.0,-9999.0,-9999.0,-9999.0,-9999.0,-9999.0,orientation,color,size,0.3400000000000001,6.5,18,female,1,1913.8339991000003,0,22
598,-9999.0,-9999.0,-9999.0,-9999.0,-9999.0,-9999.0,-9999.0,-9999.0,-9999.0,orientation,color,size,0.3400000000000001,6.5,18,female,1,1913.8339991000003,0,22
599,-9999.0,-9999.0,-9999.0,-9999.0,-9999.0,-9999.0,-9999.0,-9999.0,-9999.0,orientation,color,size,0.3400000000000001,6.5,18,female,1,1913.8339991000003,0,22
600,-9999.0,-9999.0,-9999.0,-9999.0,-9999.0,-9999.0,-9999.0,-9999.0,-9999.0,orientation,color,size,0.3400000000000001,6.5,18,female,1,1913.8339991000003,0,22
601,-9999.0,-9999.0,-9999.0,-9999.0,-9999.0,-9999.0,-9999.0,-9999.0,-9999.0,orientation,color,size,0.3400000000000001,6.5,18,female,1,1913.8339991000003,0,22
602,-9999.0,-9999.0,-9999.0,-9999.0,-9999.0,-9999.0,-9999.0,-9999.0,-9999.0,orientation,color,size,0.3400000000000001,6.5,18,female,1,1913.8339991000003,0,22
603,-9999.0,-9999.0,-9999.0,-9999.0,-9999.0,-9999.0,-9999.0,-9999.0,-9999.0,orientation,color,size,0.3400000000000001,6.5,18,female,1,1913.8339991000003,0,22
604,-9999.0,-9999.0,-9999.0,-9999.0,-9999.0,-9999.0,-9999.0,-9999.0,-9999.0,orientation,color,size,0.3400000000000001,6.5,18,female,1,1913.8339991000003,0,22
605,-9999.0,-9999.0,-9999.0,-9999.0,-9999.0,-9999.0,-9999.0,-9999.0,-9999.0,orientation,color,size,0.3400000000000001,6.5,18,female,1,1913.8339991000003,0,22
606,-9999.0,-9999.0,-9999.0,-9999.0,-9999.0,-9999.0,-9999.0,-9999.0,-9999.0,orientation,color,size,0.3400000000000001,6.5,18,female,1,1913.8339991000003,0,22
607,-9999.0,-9999.0,-9999.0,-9999.0,-9999.0,-9999.0,-9999.0,-9999.0,-9999.0,orientation,color,size,0.3400000000000001,6.5,18,female,1,1913.8339991000003,0,22
608,-9999.0,-9999.0,-9999.0,-9999.0,-9999.0,-9999.0,-9999.0,-9999.0,-9999.0,orientation,color,size,0.3400000000000001,6.5,18,female,1,1913.8339991000003,0,22
609,-9999.0,-9999.0,-9999.0,-9999.0,-9999.0,-9999.0,-9999.0,-9999.0,-9999.0,orientation,color,size,0.3400000000000001,6.5,18,female,1,1913.8339991000003,0,22
610,-9999.0,-9999.0,-9999.0,-9999.0,-9999.0,-9999.0,-9999.0,-9999.0,-9999.0,orientation,color,size,0.3400000000000001,6.5,18,female,1,1913.8339991000003,0,22
611,-9999.0,-9999.0,-9999.0,-9999.0,-9999.0,-9999.0,-9999.0,-9999.0,-9999.0,orientation,color,size,0.3400000000000001,6.5,18,female,1,1913.8339991000003,0,22
612,-9999.0,-9999.0,-9999.0,-9999.0,-9999.0,-9999.0,-9999.0,-9999.0,-9999.0,orientation,color,size,0.3400000000000001,6.5,18,female,1,1913.8339991000003,0,22
613,-9999.0,-9999.0,-9999.0,-9999.0,-9999.0,-9999.0,-9999.0,-9999.0,-9999.0,orientation,color,size,0.3400000000000001,6.5,18,female,1,1913.8339991000003,0,22
614,-9999.0,-9999.0,-9999.0,-9999.0,-9999.0,-9999.0,-9999.0,-9999.0,-9999.0,orientation,color,size,0.3400000000000001,6.5,18,female,1,1913.8339991000003,0,22
615,-9999.0,-9999.0,-9999.0,-9999.0,-9999.0,-9999.0,-9999.0,-9999.0,-9999.0,orientation,color,size,0.3400000000000001,6.5,18,female,1,1913.8339991000003,0,22
616,-9999.0,-9999.0,-9999.0,-9999.0,-9999.0,-9999.0,-9999.0,-9999.0,-9999.0,orientation,color,size,0.3400000000000001,6.5,18,female,1,1913.8339991000003,0,22
617,-9999.0,-9999.0,-9999.0,-9999.0,-9999.0,-9999.0,-9999.0,-9999.0,-9999.0,orientation,color,size,0.3400000000000001,6.5,18,female,1,1913.8339991000003,0,22
618,-9999.0,-9999.0,-9999.0,-9999.0,-9999.0,-9999.0,-9999.0,-9999.0,-9999.0,orientation,color,size,0.3400000000000001,6.5,18,female,1,1913.8339991000003,0,22
619,-9999.0,-9999.0,-9999.0,-9999.0,-9999.0,-9999.0,-9999.0,-9999.0,-9999.0,orientation,color,size,0.3400000000000001,6.5,18,female,1,1913.8339991000003,0,22
620,-9999.0,-9999.0,-9999.0,-9999.0,-9999.0,-9999.0,-9999.0,-9999.0,-9999.0,orientation,color,size,0.3400000000000001,6.5,18,female,1,1913.8339991000003,0,22
621,-9999.0,-9999.0,-9999.0,-9999.0,-9999.0,-9999.0,-9999.0,-9999.0,-9999.0,orientation,color,size,0.3400000000000001,6.5,18,female,1,1913.8339991000003,0,22
622,-9999.0,-9999.0,-9999.0,-9999.0,-9999.0,-9999.0,-9999.0,-9999.0,-9999.0,orientation,color,size,0.3400000000000001,6.5,18,female,1,1913.8339991000003,0,22
623,-9999.0,-9999.0,-9999.0,-9999.0,-9999.0,-9999.0,-9999.0,-9999.0,-9999.0,orientation,color,size,0.3400000000000001,6.5,18,female,1,1913.8339991000003,0,22
624,-9999.0,-9999.0,-9999.0,-9999.0,-9999.0,-9999.0,-9999.0,-9999.0,-9999.0,orientation,color,size,0.3400000000000001,6.5,18,female,1,1913.8339991000003,0,22
625,-9999.0,-9999.0,-9999.0,-9999.0,-9999.0,-9999.0,-9999.0,-9999.0,-9999.0,orientation,color,size,0.3400000000000001,6.5,18,female,1,1913.8339991000003,0,22
626,-9999.0,-9999.0,-9999.0,-9999.0,-9999.0,-9999.0,-9999.0,-9999.0,-9999.0,orientation,color,size,0.3400000000000001,6.5,18,female,1,1913.8339991000003,0,22
627,-9999.0,-9999.0,-9999.0,-9999.0,-9999.0,-9999.0,-9999.0,-9999.0,-9999.0,orientation,color,size,0.3400000000000001,6.5,18,female,1,1913.8339991000003,0,22
628,-9999.0,-9999.0,-9999.0,-9999.0,-9999.0,-9999.0,-9999.0,-9999.0,-9999.0,orientation,color,size,0.3400000000000001,6.5,18,female,1,1913.8339991000003,0,22
629,-9999.0,-9999.0,-9999.0,-9999.0,-9999.0,-9999.0,-9999.0,-9999.0,-9999.0,orientation,color,size,0.3400000000000001,6.5,18,female,1,1913.8339991000003,0,22
630,-9999.0,-9999.0,-9999.0,-9999.0,-9999.0,-9999.0,-9999.0,-9999.0,-9999.0,orientation,color,size,0.3400000000000001,6.5,18,female,1,1913.8339991000003,0,22
631,-9999.0,-9999.0,-9999.0,-9999.0,-9999.0,-9999.0,-9999.0,-9999.0,-9999.0,orientation,color,size,0.3400000000000001,6.5,18,female,1,1913.8339991000003,0,22
632,-9999.0,-9999.0,-9999.0,-9999.0,-9999.0,-9999.0,-9999.0,-9999.0,-9999.0,orientation,color,size,0.3400000000000001,6.5,18,female,1,1913.8339991000003,0,22
633,-9999.0,-9999.0,-9999.0,-9999.0,-9999.0,-9999.0,-9999.0,-9999.0,-9999.0,orientation,color,size,0.3400000000000001,6.5,18,female,1,1913.8339991000003,0,22
634,-9999.0,-9999.0,-9999.0,-9999.0,-9999.0,-9999.0,-9999.0,-9999.0,-9999.0,orientation,color,size,0.3400000000000001,6.5,18,female,1,1913.8339991000003,0,22
635,-9999.0,-9999.0,-9999.0,-9999.0,-9999.0,-9999.0,-9999.0,-9999.0,-9999.0,orientation,color,size,0.3400000000000001,6.5,18,female,1,1913.8339991000003,0,22
636,-9999.0,-9999.0,-9999.0,-9999.0,-9999.0,-9999.0,-9999.0,-9999.0,-9999.0,orientation,color,size,0.3400000000000001,6.5,18,female,1,1913.8339991000003,0,22
637,-9999.0,-9999.0,-9999.0,-9999.0,-9999.0,-9999.0,-9999.0,-9999.0,-9999.0,orientation,color,size,0.3400000000000001,6.5,18,female,1,1913.8339991000003,0,22
638,-9999.0,-9999.0,-9999.0,-9999.0,-9999.0,-9999.0,-9999.0,-9999.0,-9999.0,orientation,color,size,0.3400000000000001,6.5,18,female,1,1913.8339991000003,0,22
639,-9999.0,-9999.0,-9999.0,-9999.0,-9999.0,-9999.0,-9999.0,-9999.0,-9999.0,orientation,color,size,0.3400000000000001,6.5,18,female,1,1913.8339991000003,0,22
640,-9999.0,-9999.0,-9999.0,-9999.0,-9999.0,-9999.0,-9999.0,-9999.0,-9999.0,orientation,color,size,0.3400000000000001,6.5,18,female,1,1913.8339991000003,0,22
641,-9999.0,-9999.0,-9999.0,-9999.0,-9999.0,-9999.0,-9999.0,-9999.0,-9999.0,orientation,color,size,0.3400000000000001,6.5,18,female,1,1913.8339991000003,0,22
642,-9999.0,-9999.0,-9999.0,-9999.0,-9999.0,-9999.0,-9999.0,-9999.0,-9999.0,orientation,color,size,0.3400000000000001,6.5,18,female,1,1913.8339991000003,0,22
643,-9999.0,-9999.0,-9999.0,-9999.0,-9999.0,-9999.0,-9999.0,-9999.0,-9999.0,orientation,color,size,0.3400000000000001,6.5,18,female,1,1913.8339991000003,0,22
644,-9999.0,-9999.0,-9999.0,-9999.0,-9999.0,-9999.0,-9999.0,-9999.0,-9999.0,orientation,color,size,0.3400000000000001,6.5,18,female,1,1913.8339991000003,0,22
645,-9999.0,-9999.0,-9999.0,-9999.0,-9999.0,-9999.0,-9999.0,-9999.0,-9999.0,orientation,color,size,0.3400000000000001,6.5,18,female,1,1913.8339991000003,0,22
646,-9999.0,-9999.0,-9999.0,-9999.0,-9999.0,-9999.0,-9999.0,-9999.0,-9999.0,orientation,color,size,0.3400000000000001,6.5,18,female,1,1913.8339991000003,0,22
647,-9999.0,-9999.0,-9999.0,-9999.0,-9999.0,-9999.0,-9999.0,-9999.0,-9999.0,orientation,color,size,0.3400000000000001,6.5,18,female,1,1913.8339991000003,0,22
648,-9999.0,-9999.0,-9999.0,-9999.0,-9999.0,-9999.0,-9999.0,-9999.0,-9999.0,orientation,color,size,0.3400000000000001,6.5,18,female,1,1913.8339991000003,0,22
649,-9999.0,-9999.0,-9999.0,-9999.0,-9999.0,-9999.0,-9999.0,-9999.0,-9999.0,orientation,color,size,0.3400000000000001,6.5,18,female,1,1913.8339991000003,0,22
650,-9999.0,-9999.0,-9999.0,-9999.0,-9999.0,-9999.0,-9999.0,-9999.0,-9999.0,orientation,color,size,0.3400000000000001,6.5,18,female,1,1913.8339991000003,0,22
651,-9999.0,-9999.0,-9999.0,-9999.0,-9999.0,-9999.0,-9999.0,-9999.0,-9999.0,orientation,color,size,0.3400000000000001,6.5,18,female,1,1913.8339991000003,0,22
652,-9999.0,-9999.0,-9999.0,-9999.0,-9999.0,-9999.0,-9999.0,-9999.0,-9999.0,orientation,color,size,0.3400000000000001,6.5,18,female,1,1913.8339991000003,0,22
653,-9999.0,-9999.0,-9999.0,-9999.0,-9999.0,-9999.0,-9999.0,-9999.0,-9999.0,orientation,color,size,0.3400000000000001,6.5,18,female,1,1913.8339991000003,0,22
654,-9999.0,-9999.0,-9999.0,-9999.0,-9999.0,-9999.0,-9999.0,-9999.0,-9999.0,orientation,color,size,0.3400000000000001,6.5,18,female,1,1913.8339991000003,0,22
655,-9999.0,-9999.0,-9999.0,-9999.0,-9999.0,-9999.0,-9999.0,-9999.0,-9999.0,orientation,color,size,0.3400000000000001,6.5,18,female,1,1913.8339991000003,0,22
656,-9999.0,-9999.0,-9999.0,-9999.0,-9999.0,-9999.0,-9999.0,-9999.0,-9999.0,orientation,color,size,0.3400000000000001,6.5,18,female,1,1913.8339991000003,0,22
657,-9999.0,-9999.0,-9999.0,-9999.0,-9999.0,-9999.0,-9999.0,-9999.0,-9999.0,orientation,color,size,0.3400000000000001,6.5,18,female,1,1913.8339991000003,0,22
658,-9999.0,-9999.0,-9999.0,-9999.0,-9999.0,-9999.0,-9999.0,-9999.0,-9999.0,orientation,color,size,0.3400000000000001,6.5,18,female,1,1913.8339991000003,0,22
659,-9999.0,-9999.0,-9999.0,-9999.0,-9999.0,-9999.0,-9999.0,-9999.0,-9999.0,orientation,color,size,0.3400000000000001,6.5,18,female,1,1913.8339991000003,0,22
660,-9999.0,-9999.0,-9999.0,-9999.0,-9999.0,-9999.0,-9999.0,-9999.0,-9999.0,orientation,color,size,0.3400000000000001,6.5,18,female,1,1913.8339991000003,0,22
661,-9999.0,-9999.0,-9999.0,-9999.0,-9999.0,-9999.0,-9999.0,-9999.0,-9999.0,orientation,color,size,0.3400000000000001,6.5,18,female,1,1913.8339991000003,0,22
662,-9999.0,-9999.0,-9999.0,-9999.0,-9999.0,-9999.0,-9999.0,-9999.0,-9999.0,orientation,color,size,0.3400000000000001,6.5,18,female,1,1913.8339991000003,0,22
663,-9999.0,-9999.0,-9999.0,-9999.0,-9999.0,-9999.0,-9999.0,-9999.0,-9999.0,orientation,color,size,0.3400000000000001,6.5,18,female,1,1913.8339991000003,0,22
664,-9999.0,-9999.0,-9999.0,-9999.0,-9999.0,-9999.0,-9999.0,-9999.0,-9999.0,orientation,color,size,0.3400000000000001,6.5,18,female,1,1913.8339991000003,0,22
665,-9999.0,-9999.0,-9999.0,-9999.0,-9999.0,-9999.0,-9999.0,-9999.0,-9999.0,orientation,color,size,0.3400000000000001,6.5,18,female,1,1913.8339991000003,0,22
666,-9999.0,-9999.0,-9999.0,-9999.0,-9999.0,-9999.0,-9999.0,-9999.0,-9999.0,orientation,color,size,0.3400000000000001,6.5,18,female,1,1913.8339991000003,0,22
667,-9999.0,-9999.0,-9999.0,-9999.0,-9999.0,-9999.0,-9999.0,-9999.0,-9999.0,orientation,color,size,0.3400000000000001,6.5,18,female,1,1913.8339991000003,0,22
668,-9999.0,-9999.0,-9999.0,-9999.0,-9999.0,-9999.0,-9999.0,-9999.0,-9999.0,orientation,color,size,0.3400000000000001,6.5,18,female,1,1913.8339991000003,0,22
669,-9999.0,-9999.0,-9999.0,-9999.0,-9999.0,-9999.0,-9999.0,-9999.0,-9999.0,orientation,color,size,0.3400000000000001,6.5,18,female,1,1913.8339991000003,0,22
670,-9999.0,-9999.0,-9999.0,-9999.0,-9999.0,-9999.0,-9999.0,-9999.0,-9999.0,orientation,color,size,0.3400000000000001,6.5,18,female,1,1913.8339991000003,0,22
671,-9999.0,-9999.0,-9999.0,-9999.0,-9999.0,-9999.0,-9999.0,-9999.0,-9999.0,orientation,color,size,0.3400000000000001,6.5,18,female,1,1913.8339991000003,0,22
672,-9999.0,-9999.0,-9999.0,-9999.0,-9999.0,-9999.0,-9999.0,-9999.0,-9999.0,orientation,color,size,0.3400000000000001,6.5,18,female,1,1913.8339991000003,0,22
673,-9999.0,-9999.0,-9999.0,-9999.0,-9999.0,-9999.0,-9999.0,-9999.0,-9999.0,orientation,color,size,0.3400000000000001,6.5,18,female,1,1913.8339991000003,0,22
674,-9999.0,-9999.0,-9999.0,-9999.0,-9999.0,-9999.0,-9999.0,-9999.0,-9999.0,orientation,color,size,0.3400000000000001,6.5,18,female,1,1913.8339991000003,0,22
675,-9999.0,-9999.0,-9999.0,-9999.0,-9999.0,-9999.0,-9999.0,-9999.0,-9999.0,orientation,color,size,0.3400000000000001,6.5,18,female,1,1913.8339991000003,0,22
676,-9999.0,-9999.0,-9999.0,-9999.0,-9999.0,-9999.0,-9999.0,-9999.0,-9999.0,orientation,color,size,0.3400000000000001,6.5,18,female,1,1913.8339991000003,0,22
677,-9999.0,-9999.0,-9999.0,-9999.0,-9999.0,-9999.0,-9999.0,-9999.0,-9999.0,orientation,color,size,0.3400000000000001,6.5,18,female,1,1913.8339991000003,0,22
678,-9999.0,-9999.0,-9999.0,-9999.0,-9999.0,-9999.0,-9999.0,-9999.0,-9999.0,orientation,color,size,0.3400000000000001,6.5,18,female,1,1913.8339991000003,0,22
679,-9999.0,-9999.0,-9999.0,-9999.0,-9999.0,-9999.0,-9999.0,-9999.0,-9999.0,orientation,color,size,0.3400000000000001,6.5,18,female,1,1913.8339991000003,0,22
680,-9999.0,-9999.0,-9999.0,-9999.0,-9999.0,-9999.0,-9999.0,-9999.0,-9999.0,orientation,color,size,0.3400000000000001,6.5,18,female,1,1913.8339991000003,0,22
681,-9999.0,-9999.0,-9999.0,-9999.0,-9999.0,-9999.0,-9999.0,-9999.0,-9999.0,orientation,color,size,0.3400000000000001,6.5,18,female,1,1913.8339991000003,0,22
682,-9999.0,-9999.0,-9999.0,-9999.0,-9999.0,-9999.0,-9999.0,-9999.0,-9999.0,orientation,color,size,0.3400000000000001,6.5,18,female,1,1913.8339991000003,0,22
683,-9999.0,-9999.0,-9999.0,-9999.0,-9999.0,-9999.0,-9999.0,-9999.0,-9999.0,orientation,color,size,0.3400000000000001,6.5,18,female,1,1913.8339991000003,0,22
684,-9999.0,-9999.0,-9999.0,-9999.0,-9999.0,-9999.0,-9999.0,-9999.0,-9999.0,orientation,color,size,0.3400000000000001,6.5,18,female,1,1913.8339991000003,0,22
685,-9999.0,-9999.0,-9999.0,-9999.0,-9999.0,-9999.0,-9999.0,-9999.0,-9999.0,orientation,color,size,0.3400000000000001,6.5,18,female,1,1913.8339991000003,0,22
686,-9999.0,-9999.0,-9999.0,-9999.0,-9999.0,-9999.0,-9999.0,-9999.0,-9999.0,orientation,color,size,0.3400000000000001,6.5,18,female,1,1913.8339991000003,0,22
687,-9999.0,-9999.0,-9999.0,-9999.0,-9999.0,-9999.0,-9999.0,-9999.0,-9999.0,orientation,color,size,0.3400000000000001,6.5,18,female,1,1913.8339991000003,0,22
688,-9999.0,-9999.0,-9999.0,-9999.0,-9999.0,-9999.0,-9999.0,-9999.0,-9999.0,orientation,color,size,0.3400000000000001,6.5,18,female,1,1913.8339991000003,0,22
689,-9999.0,-9999.0,-9999.0,-9999.0,-9999.0,-9999.0,-9999.0,-9999.0,-9999.0,orientation,color,size,0.3400000000000001,6.5,18,female,1,1913.8339991000003,0,22
690,-9999.0,-9999.0,-9999.0,-9999.0,-9999.0,-9999.0,-9999.0,-9999.0,-9999.0,orientation,color,size,0.3400000000000001,6.5,18,female,1,1913.8339991000003,0,22
691,-9999.0,-9999.0,-9999.0,-9999.0,-9999.0,-9999.0,-9999.0,-9999.0,-9999.0,orientation,color,size,0.3400000000000001,6.5,18,female,1,1913.8339991000003,0,22
692,-9999.0,-9999.0,-9999.0,-9999.0,-9999.0,-9999.0,-9999.0,-9999.0,-9999.0,orientation,color,size,0.3400000000000001,6.5,18,female,1,1913.8339991000003,0,22
693,-9999.0,-9999.0,-9999.0,-9999.0,-9999.0,-9999.0,-9999.0,-9999.0,-9999.0,orientation,color,size,0.3400000000000001,6.5,18,female,1,1913.8339991000003,0,22
694,-9999.0,-9999.0,-9999.0,-9999.0,-9999.0,-9999.0,-9999.0,-9999.0,-9999.0,orientation,color,size,0.3400000000000001,6.5,18,female,1,1913.8339991000003,0,22
695,-9999.0,-9999.0,-9999.0,-9999.0,-9999.0,-9999.0,-9999.0,-9999.0,-9999.0,orientation,color,size,0.3400000000000001,6.5,18,female,1,1913.8339991000003,0,22
696,-9999.0,-9999.0,-9999.0,-9999.0,-9999.0,-9999.0,-9999.0,-9999.0,-9999.0,orientation,color,size,0.3400000000000001,6.5,18,female,1,1913.8339991000003,0,22
697,-9999.0,-9999.0,-9999.0,-9999.0,-9999.0,-9999.0,-9999.0,-9999.0,-9999.0,orientation,color,size,0.3400000000000001,6.5,18,female,1,1913.8339991000003,0,22
698,-9999.0,-9999.0,-9999.0,-9999.0,-9999.0,-9999.0,-9999.0,-9999.0,-9999.0,orientation,color,size,0.3400000000000001,6.5,18,female,1,1913.8339991000003,0,22
699,-9999.0,-9999.0,-9999.0,-9999.0,-9999.0,-9999.0,-9999.0,-9999.0,-9999.0,orientation,color,size,0.3400000000000001,6.5,18,female,1,1913.8339991000003,0,22
700,-9999.0,-9999.0,-9999.0,-9999.0,-9999.0,-9999.0,-9999.0,-9999.0,-9999.0,orientation,color,size,0.3400000000000001,6.5,18,female,1,1913.8339991000003,0,22
701,-9999.0,-9999.0,-9999.0,-9999.0,-9999.0,-9999.0,-9999.0,-9999.0,-9999.0,orientation,color,size,0.3400000000000001,6.5,18,female,1,1913.8339991000003,0,22
702,-9999.0,-9999.0,-9999.0,-9999.0,-9999.0,-9999.0,-9999.0,-9999.0,-9999.0,orientation,color,size,0.3400000000000001,6.5,18,female,1,1913.8339991000003,0,22
703,-9999.0,-9999.0,-9999.0,-9999.0,-9999.0,-9999.0,-9999.0,-9999.0,-9999.0,orientation,color,size,0.3400000000000001,6.5,18,female,1,1913.8339991000003,0,22
704,-9999.0,-9999.0,-9999.0,-9999.0,-9999.0,-9999.0,-9999.0,-9999.0,-9999.0,orientation,color,size,0.3400000000000001,6.5,18,female,1,1913.8339991000003,0,22
705,-9999.0,-9999.0,-9999.0,-9999.0,-9999.0,-9999.0,-9999.0,-9999.0,-9999.0,orientation,color,size,0.3400000000000001,6.5,18,female,1,1913.8339991000003,0,22
706,-9999.0,-9999.0,-9999.0,-9999.0,-9999.0,-9999.0,-9999.0,-9999.0,-9999.0,orientation,color,size,0.3400000000000001,6.5,18,female,1,1913.8339991000003,0,22
707,-9999.0,-9999.0,-9999.0,-9999.0,-9999.0,-9999.0,-9999.0,-9999.0,-9999.0,orientation,color,size,0.3400000000000001,6.5,18,female,1,1913.8339991000003,0,22
708,-9999.0,-9999.0,-9999.0,-9999.0,-9999.0,-9999.0,-9999.0,-9999.0,-9999.0,orientation,color,size,0.3400000000000001,6.5,18,female,1,1913.8339991000003,0,22
709,-9999.0,-9999.0,-9999.0,-9999.0,-9999.0,-9999.0,-9999.0,-9999.0,-9999.0,orientation,color,size,0.3400000000000001,6.5,18,female,1,1913.8339991000003,0,22
710,-9999.0,-9999.0,-9999.0,-9999.0,-9999.0,-9999.0,-9999.0,-9999.0,-9999.0,orientation,color,size,0.3400000000000001,6.5,18,female,1,1913.8339991000003,0,22
711,-9999.0,-9999.0,-9999.0,-9999.0,-9999.0,-9999.0,-9999.0,-9999.0,-9999.0,orientation,color,size,0.3400000000000001,6.5,18,female,1,1913.8339991000003,0,22
712,-9999.0,-9999.0,-9999.0,-9999.0,-9999.0,-9999.0,-9999.0,-9999.0,-9999.0,orientation,color,size,0.3400000000000001,6.5,18,female,1,1913.8339991000003,0,22
713,-9999.0,-9999.0,-9999.0,-9999.0,-9999.0,-9999.0,-9999.0,-9999.0,-9999.0,orientation,color,size,0.3400000000000001,6.5,18,female,1,1913.8339991000003,0,22
714,-9999.0,-9999.0,-9999.0,-9999.0,-9999.0,-9999.0,-9999.0,-9999.0,-9999.0,orientation,color,size,0.3400000000000001,6.5,18,female,1,1913.8339991000003,0,22
715,-9999.0,-9999.0,-9999.0,-9999.0,-9999.0,-9999.0,-9999.0,-9999.0,-9999.0,orientation,color,size,0.3400000000000001,6.5,18,female,1,1913.8339991000003,0,22
716,-9999.0,-9999.0,-9999.0,-9999.0,-9999.0,-9999.0,-9999.0,-9999.0,-9999.0,orientation,color,size,0.3400000000000001,6.5,18,female,1,1913.8339991000003,0,22
717,-9999.0,-9999.0,-9999.0,-9999.0,-9999.0,-9999.0,-9999.0,-9999.0,-9999.0,orientation,color,size,0.3400000000000001,6.5,18,female,1,1913.8339991000003,0,22
718,-9999.0,-9999.0,-9999.0,-9999.0,-9999.0,-9999.0,-9999.0,-9999.0,-9999.0,orientation,color,size,0.3400000000000001,6.5,18,female,1,1913.8339991000003,0,22
719,-9999.0,-9999.0,-9999.0,-9999.0,-9999.0,-9999.0,-9999.0,-9999.0,-9999.0,orientation,color,size,0.3400000000000001,6.5,18,female,1,1913.8339991000003,0,22
720,-9999.0,-9999.0,-9999.0,-9999.0,-9999.0,-9999.0,-9999.0,-9999.0,-9999.0,orientation,color,size,0.3400000000000001,6.5,18,female,1,1913.8339991000003,0,22
721,-9999.0,-9999.0,-9999.0,-9999.0,-9999.0,-9999.0,-9999.0,-9999.0,-9999.0,orientation,color,size,0.3400000000000001,6.5,18,female,1,1913.8339991000003,0,22
722,-9999.0,-9999.0,-9999.0,-9999.0,-9999.0,-9999.0,-9999.0,-9999.0,-9999.0,orientation,color,size,0.3400000000000001,6.5,18,female,1,1913.8339991000003,0,22
723,-9999.0,-9999.0,-9999.0,-9999.0,-9999.0,-9999.0,-9999.0,-9999.0,-9999.0,orientation,color,size,0.3400000000000001,6.5,18,female,1,1913.8339991000003,0,22
724,-9999.0,-9999.0,-9999.0,-9999.0,-9999.0,-9999.0,-9999.0,-9999.0,-9999.0,orientation,color,size,0.3400000000000001,6.5,18,female,1,1913.8339991000003,0,22
725,-9999.0,-9999.0,-9999.0,-9999.0,-9999.0,-9999.0,-9999.0,-9999.0,-9999.0,orientation,color,size,0.3400000000000001,6.5,18,female,1,1913.8339991000003,0,22
726,-9999.0,-9999.0,-9999.0,-9999.0,-9999.0,-9999.0,-9999.0,-9999.0,-9999.0,orientation,color,size,0.3400000000000001,6.5,18,female,1,1913.8339991000003,0,22
727,-9999.0,-9999.0,-9999.0,-9999.0,-9999.0,-9999.0,-9999.0,-9999.0,-9999.0,orientation,color,size,0.3400000000000001,6.5,18,female,1,1913.8339991000003,0,22
728,-9999.0,-9999.0,-9999.0,-9999.0,-9999.0,-9999.0,-9999.0,-9999.0,-9999.0,orientation,color,size,0.3400000000000001,6.5,18,female,1,1913.8339991000003,0,22
729,-9999.0,-9999.0,-9999.0,-9999.0,-9999.0,-9999.0,-9999.0,-9999.0,-9999.0,orientation,color,size,0.3400000000000001,6.5,18,female,1,1913.8339991000003,0,22
730,-9999.0,-9999.0,-9999.0,-9999.0,-9999.0,-9999.0,-9999.0,-9999.0,-9999.0,orientation,color,size,0.3400000000000001,6.5,18,female,1,1913.8339991000003,0,22
731,-9999.0,-9999.0,-9999.0,-9999.0,-9999.0,-9999.0,-9999.0,-9999.0,-9999.0,orientation,color,size,0.3400000000000001,6.5,18,female,1,1913.8339991000003,0,22
732,-9999.0,-9999.0,-9999.0,-9999.0,-9999.0,-9999.0,-9999.0,-9999.0,-9999.0,orientation,color,size,0.3400000000000001,6.5,18,female,1,1913.8339991000003,0,22
733,-9999.0,-9999.0,-9999.0,-9999.0,-9999.0,-9999.0,-9999.0,-9999.0,-9999.0,orientation,color,size,0.3400000000000001,6.5,18,female,1,1913.8339991000003,0,22
734,-9999.0,-9999.0,-9999.0,-9999.0,-9999.0,-9999.0,-9999.0,-9999.0,-9999.0,orientation,color,size,0.3400000000000001,6.5,18,female,1,1913.8339991000003,0,22
735,-9999.0,-9999.0,-9999.0,-9999.0,-9999.0,-9999.0,-9999.0,-9999.0,-9999.0,orientation,color,size,0.3400000000000001,6.5,18,female,1,1913.8339991000003,0,22
736,-9999.0,-9999.0,-9999.0,-9999.0,-9999.0,-9999.0,-9999.0,-9999.0,-9999.0,orientation,color,size,0.3400000000000001,6.5,18,female,1,1913.8339991000003,0,22
737,-9999.0,-9999.0,-9999.0,-9999.0,-9999.0,-9999.0,-9999.0,-9999.0,-9999.0,orientation,color,size,0.3400000000000001,6.5,18,female,1,1913.8339991000003,0,22
738,-9999.0,-9999.0,-9999.0,-9999.0,-9999.0,-9999.0,-9999.0,-9999.0,-9999.0,orientation,color,size,0.3400000000000001,6.5,18,female,1,1913.8339991000003,0,22
739,-9999.0,-9999.0,-9999.0,-9999.0,-9999.0,-9999.0,-9999.0,-9999.0,-9999.0,orientation,color,size,0.3400000000000001,6.5,18,female,1,1913.8339991000003,0,22
740,-9999.0,-9999.0,-9999.0,-9999.0,-9999.0,-9999.0,-9999.0,-9999.0,-9999.0,orientation,color,size,0.3400000000000001,6.5,18,female,1,1913.8339991000003,0,22
741,-9999.0,-9999.0,-9999.0,-9999.0,-9999.0,-9999.0,-9999.0,-9999.0,-9999.0,orientation,color,size,0.3400000000000001,6.5,18,female,1,1913.8339991000003,0,22
742,-9999.0,-9999.0,-9999.0,-9999.0,-9999.0,-9999.0,-9999.0,-9999.0,-9999.0,orientation,color,size,0.3400000000000001,6.5,18,female,1,1913.8339991000003,0,22
743,-9999.0,-9999.0,-9999.0,-9999.0,-9999.0,-9999.0,-9999.0,-9999.0,-9999.0,orientation,color,size,0.3400000000000001,6.5,18,female,1,1913.8339991000003,0,22
744,-9999.0,-9999.0,-9999.0,-9999.0,-9999.0,-9999.0,-9999.0,-9999.0,-9999.0,orientation,color,size,0.3400000000000001,6.5,18,female,1,1913.8339991000003,0,22
745,-9999.0,-9999.0,-9999.0,-9999.0,-9999.0,-9999.0,-9999.0,-9999.0,-9999.0,orientation,color,size,0.3400000000000001,6.5,18,female,1,1913.8339991000003,0,22
746,-9999.0,-9999.0,-9999.0,-9999.0,-9999.0,-9999.0,-9999.0,-9999.0,-9999.0,orientation,color,size,0.3400000000000001,6.5,18,female,1,1913.8339991000003,0,22
747,-9999.0,-9999.0,-9999.0,-9999.0,-9999.0,-9999.0,-9999.0,-9999.0,-9999.0,orientation,color,size,0.3400000000000001,6.5,18,female,1,1913.8339991000003,0,22
748,-9999.0,-9999.0,-9999.0,-9999.0,-9999.0,-9999.0,-9999.0,-9999.0,-9999.0,orientation,color,size,0.3400000000000001,6.5,18,female,1,1913.8339991000003,0,22
749,-9999.0,-9999.0,-9999.0,-9999.0,-9999.0,-9999.0,-9999.0,-9999.0,-9999.0,orientation,color,size,0.3400000000000001,6.5,18,female,1,1913.8339991000003,0,22
750,-9999.0,-9999.0,-9999.0,-9999.0,-9999.0,-9999.0,-9999.0,-9999.0,-9999.0,orientation,color,size,0.3400000000000001,6.5,18,female,1,1913.8339991000003,0,22
751,-9999.0,-9999.0,-9999.0,-9999.0,-9999.0,-9999.0,-9999.0,-9999.0,-9999.0,orientation,color,size,0.3400000000000001,6.5,18,female,1,1913.8339991000003,0,22
752,-9999.0,-9999.0,-9999.0,-9999.0,-9999.0,-9999.0,-9999.0,-9999.0,-9999.0,orientation,color,size,0.3400000000000001,6.5,18,female,1,1913.8339991000003,0,22
753,-9999.0,-9999.0,-9999.0,-9999.0,-9999.0,-9999.0,-9999.0,-9999.0,-9999.0,orientation,color,size,0.3400000000000001,6.5,18,female,1,1913.8339991000003,0,22
754,-9999.0,-9999.0,-9999.0,-9999.0,-9999.0,-9999.0,-9999.0,-9999.0,-9999.0,orientation,color,size,0.3400000000000001,6.5,18,female,1,1913.8339991000003,0,22
755,-9999.0,-9999.0,-9999.0,-9999.0,-9999.0,-9999.0,-9999.0,-9999.0,-9999.0,orientation,color,size,0.3400000000000001,6.5,18,female,1,1913.8339991000003,0,22
756,-9999.0,-9999.0,-9999.0,-9999.0,-9999.0,-9999.0,-9999.0,-9999.0,-9999.0,orientation,color,size,0.3400000000000001,6.5,18,female,1,1913.8339991000003,0,22
757,-9999.0,-9999.0,-9999.0,-9999.0,-9999.0,-9999.0,-9999.0,-9999.0,-9999.0,orientation,color,size,0.3400000000000001,6.5,18,female,1,1913.8339991000003,0,22
758,-9999.0,-9999.0,-9999.0,-9999.0,-9999.0,-9999.0,-9999.0,-9999.0,-9999.0,orientation,color,size,0.3400000000000001,6.5,18,female,1,1913.8339991000003,0,22
759,-9999.0,-9999.0,-9999.0,-9999.0,-9999.0,-9999.0,-9999.0,-9999.0,-9999.0,orientation,color,size,0.3400000000000001,6.5,18,female,1,1913.8339991000003,0,22
760,-9999.0,-9999.0,-9999.0,-9999.0,-9999.0,-9999.0,-9999.0,-9999.0,-9999.0,orientation,color,size,0.3400000000000001,6.5,18,female,1,1913.8339991000003,0,22
761,-9999.0,-9999.0,-9999.0,-9999.0,-9999.0,-9999.0,-9999.0,-9999.0,-9999.0,orientation,color,size,0.3400000000000001,6.5,18,female,1,1913.8339991000003,0,22
762,-9999.0,-9999.0,-9999.0,-9999.0,-9999.0,-9999.0,-9999.0,-9999.0,-9999.0,orientation,color,size,0.3400000000000001,6.5,18,female,1,1913.8339991000003,0,22
763,-9999.0,-9999.0,-9999.0,-9999.0,-9999.0,-9999.0,-9999.0,-9999.0,-9999.0,orientation,color,size,0.3400000000000001,6.5,18,female,1,1913.8339991000003,0,22
764,-9999.0,-9999.0,-9999.0,-9999.0,-9999.0,-9999.0,-9999.0,-9999.0,-9999.0,orientation,color,size,0.3400000000000001,6.5,18,female,1,1913.8339991000003,0,22
765,-9999.0,-9999.0,-9999.0,-9999.0,-9999.0,-9999.0,-9999.0,-9999.0,-9999.0,orientation,color,size,0.3400000000000001,6.5,18,female,1,1913.8339991000003,0,22
766,-9999.0,-9999.0,-9999.0,-9999.0,-9999.0,-9999.0,-9999.0,-9999.0,-9999.0,orientation,color,size,0.3400000000000001,6.5,18,female,1,1913.8339991000003,0,22
767,-9999.0,-9999.0,-9999.0,-9999.0,-9999.0,-9999.0,-9999.0,-9999.0,-9999.0,orientation,color,size,0.3400000000000001,6.5,18,female,1,1913.8339991000003,0,22
768,-9999.0,-9999.0,-9999.0,-9999.0,-9999.0,-9999.0,-9999.0,-9999.0,-9999.0,orientation,color,size,0.3400000000000001,6.5,18,female,1,1913.8339991000003,0,22
769,-9999.0,-9999.0,-9999.0,-9999.0,-9999.0,-9999.0,-9999.0,-9999.0,-9999.0,orientation,color,size,0.3400000000000001,6.5,18,female,1,1913.8339991000003,0,22
770,-9999.0,-9999.0,-9999.0,-9999.0,-9999.0,-9999.0,-9999.0,-9999.0,-9999.0,orientation,color,size,0.3400000000000001,6.5,18,female,1,1913.8339991000003,0,22
771,-9999.0,-9999.0,-9999.0,-9999.0,-9999.0,-9999.0,-9999.0,-9999.0,-9999.0,orientation,color,size,0.3400000000000001,6.5,18,female,1,1913.8339991000003,0,22
772,-9999.0,-9999.0,-9999.0,-9999.0,-9999.0,-9999.0,-9999.0,-9999.0,-9999.0,orientation,color,size,0.3400000000000001,6.5,18,female,1,1913.8339991000003,0,22
773,-9999.0,-9999.0,-9999.0,-9999.0,-9999.0,-9999.0,-9999.0,-9999.0,-9999.0,orientation,color,size,0.3400000000000001,6.5,18,female,1,1913.8339991000003,0,22
774,-9999.0,-9999.0,-9999.0,-9999.0,-9999.0,-9999.0,-9999.0,-9999.0,-9999.0,orientation,color,size,0.3400000000000001,6.5,18,female,1,1913.8339991000003,0,22
775,-9999.0,-9999.0,-9999.0,-9999.0,-9999.0,-9999.0,-9999.0,-9999.0,-9999.0,orientation,color,size,0.3400000000000001,6.5,18,female,1,1913.8339991000003,0,22
776,-9999.0,-9999.0,-9999.0,-9999.0,-9999.0,-9999.0,-9999.0,-9999.0,-9999.0,orientation,color,size,0.3400000000000001,6.5,18,female,1,1913.8339991000003,0,22
777,-9999.0,-9999.0,-9999.0,-9999.0,-9999.0,-9999.0,-9999.0,-9999.0,-9999.0,orientation,color,size,0.3400000000000001,6.5,18,female,1,1913.8339991000003,0,22
778,-9999.0,-9999.0,-9999.0,-9999.0,-9999.0,-9999.0,-9999.0,-9999.0,-9999.0,orientation,color,size,0.3400000000000001,6.5,18,female,1,1913.8339991000003,0,22
779,-9999.0,-9999.0,-9999.0,-9999.0,-9999.0,-9999.0,-9999.0,-9999.0,-9999.0,orientation,color,size,0.3400000000000001,6.5,18,female,1,1913.8339991000003,0,22
780,-9999.0,-9999.0,-9999.0,-9999.0,-9999.0,-9999.0,-9999.0,-9999.0,-9999.0,orientation,color,size,0.3400000000000001,6.5,18,female,1,1913.8339991000003,0,22
781,-9999.0,-9999.0,-9999.0,-9999.0,-9999.0,-9999.0,-9999.0,-9999.0,-9999.0,orientation,color,size,0.3400000000000001,6.5,18,female,1,1913.8339991000003,0,22
782,-9999.0,-9999.0,-9999.0,-9999.0,-9999.0,-9999.0,-9999.0,-9999.0,-9999.0,orientation,color,size,0.3400000000000001,6.5,18,female,1,1913.8339991000003,0,22
783,-9999.0,-9999.0,-9999.0,-9999.0,-9999.0,-9999.0,-9999.0,-9999.0,-9999.0,orientation,color,size,0.3400000000000001,6.5,18,female,1,1913.8339991000003,0,22
784,-9999.0,-9999.0,-9999.0,-9999.0,-9999.0,-9999.0,-9999.0,-9999.0,-9999.0,orientation,color,size,0.3400000000000001,6.5,18,female,1,1913.8339991000003,0,22
785,-9999.0,-9999.0,-9999.0,-9999.0,-9999.0,-9999.0,-9999.0,-9999.0,-9999.0,orientation,color,size,0.3400000000000001,6.5,18,female,1,1913.8339991000003,0,22
786,-9999.0,-9999.0,-9999.0,-9999.0,-9999.0,-9999.0,-9999.0,-9999.0,-9999.0,orientation,color,size,0.3400000000000001,6.5,18,female,1,1913.8339991000003,0,22
787,-9999.0,-9999.0,-9999.0,-9999.0,-9999.0,-9999.0,-9999.0,-9999.0,-9999.0,orientation,color,size,0.3400000000000001,6.5,18,female,1,1913.8339991000003,0,22
788,-9999.0,-9999.0,-9999.0,-9999.0,-9999.0,-9999.0,-9999.0,-9999.0,-9999.0,orientation,color,size,0.3400000000000001,6.5,18,female,1,1913.8339991000003,0,22
789,-9999.0,-9999.0,-9999.0,-9999.0,-9999.0,-9999.0,-9999.0,-9999.0,-9999.0,orientation,color,size,0.3400000000000001,6.5,18,female,1,1913.8339991000003,0,22
790,-9999.0,-9999.0,-9999.0,-9999.0,-9999.0,-9999.0,-9999.0,-9999.0,-9999.0,orientation,color,size,0.3400000000000001,6.5,18,female,1,1913.8339991000003,0,22
791,-9999.0,-9999.0,-9999.0,-9999.0,-9999.0,-9999.0,-9999.0,-9999.0,-9999.0,orientation,color,size,0.3400000000000001,6.5,18,female,1,1913.8339991000003,0,22
792,-9999.0,-9999.0,-9999.0,-9999.0,-9999.0,-9999.0,-9999.0,-9999.0,-9999.0,orientation,color,size,0.3400000000000001,6.5,18,female,1,1913.8339991000003,0,22
793,-9999.0,-9999.0,-9999.0,-9999.0,-9999.0,-9999.0,-9999.0,-9999.0,-9999.0,orientation,color,size,0.3400000000000001,6.5,18,female,1,1913.8339991000003,0,22
794,-9999.0,-9999.0,-9999.0,-9999.0,-9999.0,-9999.0,-9999.0,-9999.0,-9999.0,orientation,color,size,0.3400000000000001,6.5,18,female,1,1913.8339991000003,0,22
795,-9999.0,-9999.0,-9999.0,-9999.0,-9999.0,-9999.0,-9999.0,-9999.0,-9999.0,orientation,color,size,0.3400000000000001,6.5,18,female,1,1913.8339991000003,0,22
796,-9999.0,-9999.0,-9999.0,-9999.0,-9999.0,-9999.0,-9999.0,-9999.0,-9999.0,orientation,color,size,0.3400000000000001,6.5,18,female,1,1913.8339991000003,0,22
797,-9999.0,-9999.0,-9999.0,-9999.0,-9999.0,-9999.0,-9999.0,-9999.0,-9999.0,orientation,color,size,0.3400000000000001,6.5,18,female,1,1913.8339991000003,0,22
798,-9999.0,-9999.0,-9999.0,-9999.0,-9999.0,-9999.0,-9999.0,-9999.0,-9999.0,orientation,color,size,0.3400000000000001,6.5,18,female,1,1913.8339991000003,0,22
799,-9999.0,-9999.0,-9999.0,-9999.0,-9999.0,-9999.0,-9999.0,-9999.0,-9999.0,orientation,color,size,0.3400000000000001,6.5,18,female,1,1913.8339991000003,0,22
800,-9999.0,-9999.0,-9999.0,-9999.0,-9999.0,-9999.0,-9999.0,-9999.0,-9999.0,orientation,color,size,0.3400000000000001,6.5,18,female,1,1913.8339991000003,0,22
801,-9999.0,-9999.0,-9999.0,-9999.0,-9999.0,-9999.0,-9999.0,-9999.0,-9999.0,orientation,color,size,0.3400000000000001,6.5,18,female,1,1913.8339991000003,0,22
802,-9999.0,-9999.0,-9999.0,-9999.0,-9999.0,-9999.0,-9999.0,-9999.0,-9999.0,orientation,color,size,0.3400000000000001,6.5,18,female,1,1913.8339991000003,0,22
803,-9999.0,-9999.0,-9999.0,-9999.0,-9999.0,-9999.0,-9999.0,-9999.0,-9999.0,orientation,color,size,0.3400000000000001,6.5,18,female,1,1913.8339991000003,0,22
804,-9999.0,-9999.0,-9999.0,-9999.0,-9999.0,-9999.0,-9999.0,-9999.0,-9999.0,orientation,color,size,0.3400000000000001,6.5,18,female,1,1913.8339991000003,0,22
805,-9999.0,-9999.0,-9999.0,-9999.0,-9999.0,-9999.0,-9999.0,-9999.0,-9999.0,orientation,color,size,0.3400000000000001,6.5,18,female,1,1913.8339991000003,0,22
806,-9999.0,-9999.0,-9999.0,-9999.0,-9999.0,-9999.0,-9999.0,-9999.0,-9999.0,orientation,color,size,0.3400000000000001,6.5,18,female,1,1913.8339991000003,0,22
807,-9999.0,-9999.0,-9999.0,-9999.0,-9999.0,-9999.0,-9999.0,-9999.0,-9999.0,orientation,color,size,0.3400000000000001,6.5,18,female,1,1913.8339991000003,0,22
808,-9999.0,-9999.0,-9999.0,-9999.0,-9999.0,-9999.0,-9999.0,-9999.0,-9999.0,orientation,color,size,0.3400000000000001,6.5,18,female,1,1913.8339991000003,0,22
809,-9999.0,-9999.0,-9999.0,-9999.0,-9999.0,-9999.0,-9999.0,-9999.0,-9999.0,orientation,color,size,0.3400000000000001,6.5,18,female,1,1913.8339991000003,0,22
810,-9999.0,-9999.0,-9999.0,-9999.0,-9999.0,-9999.0,-9999.0,-9999.0,-9999.0,orientation,color,size,0.3400000000000001,6.5,18,female,1,1913.8339991000003,0,22
811,-9999.0,-9999.0,-9999.0,-9999.0,-9999.0,-9999.0,-9999.0,-9999.0,-9999.0,orientation,color,size,0.3400000000000001,6.5,18,female,1,1913.8339991000003,0,22
812,-9999.0,-9999.0,-9999.0,-9999.0,-9999.0,-9999.0,-9999.0,-9999.0,-9999.0,orientation,color,size,0.3400000000000001,6.5,18,female,1,1913.8339991000003,0,22
813,-9999.0,-9999.0,-9999.0,-9999.0,-9999.0,-9999.0,-9999.0,-9999.0,-9999.0,orientation,color,size,0.3400000000000001,6.5,18,female,1,1913.8339991000003,0,22
814,-9999.0,-9999.0,-9999.0,-9999.0,-9999.0,-9999.0,-9999.0,-9999.0,-9999.0,orientation,color,size,0.3400000000000001,6.5,18,female,1,1913.8339991000003,0,22
815,-9999.0,-9999.0,-9999.0,-9999.0,-9999.0,-9999.0,-9999.0,-9999.0,-9999.0,orientation,color,size,0.3400000000000001,6.5,18,female,1,1913.8339991000003,0,22
816,-9999.0,-9999.0,-9999.0,-9999.0,-9999.0,-9999.0,-9999.0,-9999.0,-9999.0,orientation,color,size,0.3400000000000001,6.5,18,female,1,1913.8339991000003,0,22
817,-9999.0,-9999.0,-9999.0,-9999.0,-9999.0,-9999.0,-9999.0,-9999.0,-9999.0,orientation,color,size,0.3400000000000001,6.5,18,female,1,1913.8339991000003,0,22
818,-9999.0,-9999.0,-9999.0,-9999.0,-9999.0,-9999.0,-9999.0,-9999.0,-9999.0,orientation,color,size,0.3400000000000001,6.5,18,female,1,1913.8339991000003,0,22
819,-9999.0,-9999.0,-9999.0,-9999.0,-9999.0,-9999.0,-9999.0,-9999.0,-9999.0,orientation,color,size,0.3400000000000001,6.5,18,female,1,1913.8339991000003,0,22
820,-9999.0,-9999.0,-9999.0,-9999.0,-9999.0,-9999.0,-9999.0,-9999.0,-9999.0,orientation,color,size,0.3400000000000001,6.5,18,female,1,1913.8339991000003,0,22
821,-9999.0,-9999.0,-9999.0,-9999.0,-9999.0,-9999.0,-9999.0,-9999.0,-9999.0,orientation,color,size,0.3400000000000001,6.5,18,female,1,1913.8339991000003,0,22
822,-9999.0,-9999.0,-9999.0,-9999.0,-9999.0,-9999.0,-9999.0,-9999.0,-9999.0,orientation,color,size,0.3400000000000001,6.5,18,female,1,1913.8339991000003,0,22
823,-9999.0,-9999.0,-9999.0,-9999.0,-9999.0,-9999.0,-9999.0,-9999.0,-9999.0,orientation,color,size,0.3400000000000001,6.5,18,female,1,1913.8339991000003,0,22
824,-9999.0,-9999.0,-9999.0,-9999.0,-9999.0,-9999.0,-9999.0,-9999.0,-9999.0,orientation,color,size,0.3400000000000001,6.5,18,female,1,1913.8339991000003,0,22
825,-9999.0,-9999.0,-9999.0,-9999.0,-9999.0,-9999.0,-9999.0,-9999.0,-9999.0,orientation,color,size,0.3400000000000001,6.5,18,female,1,1913.8339991000003,0,22
826,-9999.0,-9999.0,-9999.0,-9999.0,-9999.0,-9999.0,-9999.0,-9999.0,-9999.0,orientation,color,size,0.3400000000000001,6.5,18,female,1,1913.8339991000003,0,22
827,-9999.0,-9999.0,-9999.0,-9999.0,-9999.0,-9999.0,-9999.0,-9999.0,-9999.0,orientation,color,size,0.3400000000000001,6.5,18,female,1,1913.8339991000003,0,22
828,-9999.0,-9999.0,-9999.0,-9999.0,-9999.0,-9999.0,-9999.0,-9999.0,-9999.0,orientation,color,size,0.3400000000000001,6.5,18,female,1,1913.8339991000003,0,22
829,-9999.0,-9999.0,-9999.0,-9999.0,-9999.0,-9999.0,-9999.0,-9999.0,-9999.0,orientation,color,size,0.3400000000000001,6.5,18,female,1,1913.8339991000003,0,22
830,-9999.0,-9999.0,-9999.0,-9999.0,-9999.0,-9999.0,-9999.0,-9999.0,-9999.0,orientation,color,size,0.3400000000000001,6.5,18,female,1,1913.8339991000003,0,22
831,-9999.0,-9999.0,-9999.0,-9999.0,-9999.0,-9999.0,-9999.0,-9999.0,-9999.0,orientation,color,size,0.3400000000000001,6.5,18,female,1,1913.8339991000003,0,22
832,-9999.0,-9999.0,-9999.0,-9999.0,-9999.0,-9999.0,-9999.0,-9999.0,-9999.0,orientation,color,size,0.3400000000000001,6.5,18,female,1,1913.8339991000003,0,22
833,-9999.0,-9999.0,-9999.0,-9999.0,-9999.0,-9999.0,-9999.0,-9999.0,-9999.0,orientation,color,size,0.3400000000000001,6.5,18,female,1,1913.8339991000003,0,22
834,-9999.0,-9999.0,-9999.0,-9999.0,-9999.0,-9999.0,-9999.0,-9999.0,-9999.0,orientation,color,size,0.3400000000000001,6.5,18,female,1,1913.8339991000003,0,22
835,-9999.0,-9999.0,-9999.0,-9999.0,-9999.0,-9999.0,-9999.0,-9999.0,-9999.0,orientation,color,size,0.3400000000000001,6.5,18,female,1,1913.8339991000003,0,22
836,-9999.0,-9999.0,-9999.0,-9999.0,-9999.0,-9999.0,-9999.0,-9999.0,-9999.0,orientation,color,size,0.3400000000000001,6.5,18,female,1,1913.8339991000003,0,22
837,-9999.0,-9999.0,-9999.0,-9999.0,-9999.0,-9999.0,-9999.0,-9999.0,-9999.0,orientation,color,size,0.3400000000000001,6.5,18,female,1,1913.8339991000003,0,22
838,-9999.0,-9999.0,-9999.0,-9999.0,-9999.0,-9999.0,-9999.0,-9999.0,-9999.0,orientation,color,size,0.3400000000000001,6.5,18,female,1,1913.8339991000003,0,22
839,-9999.0,-9999.0,-9999.0,-9999.0,-9999.0,-9999.0,-9999.0,-9999.0,-9999.0,orientation,color,size,0.3400000000000001,6.5,18,female,1,1913.8339991000003,0,22
840,-9999.0,-9999.0,-9999.0,-9999.0,-9999.0,-9999.0,-9999.0,-9999.0,-9999.0,orientation,color,size,0.3400000000000001,6.5,18,female,1,1913.8339991000003,0,22
841,-9999.0,-9999.0,-9999.0,-9999.0,-9999.0,-9999.0,-9999.0,-9999.0,-9999.0,orientation,color,size,0.3400000000000001,6.5,18,female,1,1913.8339991000003,0,22
842,-9999.0,-9999.0,-9999.0,-9999.0,-9999.0,-9999.0,-9999.0,-9999.0,-9999.0,orientation,color,size,0.3400000000000001,6.5,18,female,1,1913.8339991000003,0,22
843,-9999.0,-9999.0,-9999.0,-9999.0,-9999.0,-9999.0,-9999.0,-9999.0,-9999.0,orientation,color,size,0.3400000000000001,6.5,18,female,1,1913.8339991000003,0,22
844,-9999.0,-9999.0,-9999.0,-9999.0,-9999.0,-9999.0,-9999.0,-9999.0,-9999.0,orientation,color,size,0.3400000000000001,6.5,18,female,1,1913.8339991000003,0,22
845,-9999.0,-9999.0,-9999.0,-9999.0,-9999.0,-9999.0,-9999.0,-9999.0,-9999.0,orientation,color,size,0.3400000000000001,6.5,18,female,1,1913.8339991000003,0,22
846,-9999.0,-9999.0,-9999.0,-9999.0,-9999.0,-9999.0,-9999.0,-9999.0,-9999.0,orientation,color,size,0.3400000000000001,6.5,18,female,1,1913.8339991000003,0,22
847,-9999.0,-9999.0,-9999.0,-9999.0,-9999.0,-9999.0,-9999.0,-9999.0,-9999.0,orientation,color,size,0.3400000000000001,6.5,18,female,1,1913.8339991000003,0,22
848,-9999.0,-9999.0,-9999.0,-9999.0,-9999.0,-9999.0,-9999.0,-9999.0,-9999.0,orientation,color,size,0.3400000000000001,6.5,18,female,1,1913.8339991000003,0,22
849,-9999.0,-9999.0,-9999.0,-9999.0,-9999.0,-9999.0,-9999.0,-9999.0,-9999.0,orientation,color,size,0.3400000000000001,6.5,18,female,1,1913.8339991000003,0,22
850,-9999.0,-9999.0,-9999.0,-9999.0,-9999.0,-9999.0,-9999.0,-9999.0,-9999.0,orientation,color,size,0.3400000000000001,6.5,18,female,1,1913.8339991000003,0,22
851,-9999.0,-9999.0,-9999.0,-9999.0,-9999.0,-9999.0,-9999.0,-9999.0,-9999.0,orientation,color,size,0.3400000000000001,6.5,18,female,1,1913.8339991000003,0,22
852,-9999.0,-9999.0,-9999.0,-9999.0,-9999.0,-9999.0,-9999.0,-9999.0,-9999.0,orientation,color,size,0.3400000000000001,6.5,18,female,1,1913.8339991000003,0,22
853,-9999.0,-9999.0,-9999.0,-9999.0,-9999.0,-9999.0,-9999.0,-9999.0,-9999.0,orientation,color,size,0.3400000000000001,6.5,18,female,1,1913.8339991000003,0,22
854,-9999.0,-9999.0,-9999.0,-9999.0,-9999.0,-9999.0,-9999.0,-9999.0,-9999.0,orientation,color,size,0.3400000000000001,6.5,18,female,1,1913.8339991000003,0,22
855,-9999.0,-9999.0,-9999.0,-9999.0,-9999.0,-9999.0,-9999.0,-9999.0,-9999.0,orientation,color,size,0.3400000000000001,6.5,18,female,1,1913.8339991000003,0,22
856,-9999.0,-9999.0,-9999.0,-9999.0,-9999.0,-9999.0,-9999.0,-9999.0,-9999.0,orientation,color,size,0.3400000000000001,6.5,18,female,1,1913.8339991000003,0,22
857,-9999.0,-9999.0,-9999.0,-9999.0,-9999.0,-9999.0,-9999.0,-9999.0,-9999.0,orientation,color,size,0.3400000000000001,6.5,18,female,1,1913.8339991000003,0,22
858,-9999.0,-9999.0,-9999.0,-9999.0,-9999.0,-9999.0,-9999.0,-9999.0,-9999.0,orientation,color,size,0.3400000000000001,6.5,18,female,1,1913.8339991000003,0,22
859,-9999.0,-9999.0,-9999.0,-9999.0,-9999.0,-9999.0,-9999.0,-9999.0,-9999.0,orientation,color,size,0.3400000000000001,6.5,18,female,1,1913.8339991000003,0,22
860,-9999.0,-9999.0,-9999.0,-9999.0,-9999.0,-9999.0,-9999.0,-9999.0,-9999.0,orientation,color,size,0.3400000000000001,6.5,18,female,1,1913.8339991000003,0,22
861,-9999.0,-9999.0,-9999.0,-9999.0,-9999.0,-9999.0,-9999.0,-9999.0,-9999.0,orientation,color,size,0.3400000000000001,6.5,18,female,1,1913.8339991000003,0,22
862,-9999.0,-9999.0,-9999.0,-9999.0,-9999.0,-9999.0,-9999.0,-9999.0,-9999.0,orientation,color,size,0.3400000000000001,6.5,18,female,1,1913.8339991000003,0,22
863,-9999.0,-9999.0,-9999.0,-9999.0,-9999.0,-9999.0,-9999.0,-9999.0,-9999.0,orientation,color,size,0.3400000000000001,6.5,18,female,1,1913.8339991000003,0,22
864,-9999.0,-9999.0,-9999.0,-9999.0,-9999.0,-9999.0,-9999.0,-9999.0,-9999.0,orientation,color,size,0.3400000000000001,6.5,18,female,1,1913.8339991000003,0,22
865,-9999.0,-9999.0,-9999.0,-9999.0,-9999.0,-9999.0,-9999.0,-9999.0,-9999.0,orientation,color,size,0.3400000000000001,6.5,18,female,1,1913.8339991000003,0,22
866,-9999.0,-9999.0,-9999.0,-9999.0,-9999.0,-9999.0,-9999.0,-9999.0,-9999.0,orientation,color,size,0.3400000000000001,6.5,18,female,1,1913.8339991000003,0,22
867,-9999.0,-9999.0,-9999.0,-9999.0,-9999.0,-9999.0,-9999.0,-9999.0,-9999.0,orientation,color,size,0.3400000000000001,6.5,18,female,1,1913.8339991000003,0,22
868,-9999.0,-9999.0,-9999.0,-9999.0,-9999.0,-9999.0,-9999.0,-9999.0,-9999.0,orientation,color,size,0.3400000000000001,6.5,18,female,1,1913.8339991000003,0,22
869,-9999.0,-9999.0,-9999.0,-9999.0,-9999.0,-9999.0,-9999.0,-9999.0,-9999.0,orientation,color,size,0.3400000000000001,6.5,18,female,1,1913.8339991000003,0,22
870,-9999.0,-9999.0,-9999.0,-9999.0,-9999.0,-9999.0,-9999.0,-9999.0,-9999.0,orientation,color,size,0.3400000000000001,6.5,18,female,1,1913.8339991000003,0,22
871,-9999.0,-9999.0,-9999.0,-9999.0,-9999.0,-9999.0,-9999.0,-9999.0,-9999.0,orientation,color,size,0.3400000000000001,6.5,18,female,1,1913.8339991000003,0,22
872,-9999.0,-9999.0,-9999.0,-9999.0,-9999.0,-9999.0,-9999.0,-9999.0,-9999.0,orientation,color,size,0.3400000000000001,6.5,18,female,1,1913.8339991000003,0,22
873,-9999.0,-9999.0,-9999.0,-9999.0,-9999.0,-9999.0,-9999.0,-9999.0,-9999.0,orientation,color,size,0.3400000000000001,6.5,18,female,1,1913.8339991000003,0,22
874,-9999.0,-9999.0,-9999.0,-9999.0,-9999.0,-9999.0,-9999.0,-9999.0,-9999.0,orientation,color,size,0.3400000000000001,6.5,18,female,1,1913.8339991000003,0,22
875,-9999.0,-9999.0,-9999.0,-9999.0,-9999.0,-9999.0,-9999.0,-9999.0,-9999.0,orientation,color,size,0.3400000000000001,6.5,18,female,1,1913.8339991000003,0,22
876,-9999.0,-9999.0,-9999.0,-9999.0,-9999.0,-9999.0,-9999.0,-9999.0,-9999.0,orientation,color,size,0.3400000000000001,6.5,18,female,1,1913.8339991000003,0,22
877,-9999.0,-9999.0,-9999.0,-9999.0,-9999.0,-9999.0,-9999.0,-9999.0,-9999.0,orientation,color,size,0.3400000000000001,6.5,18,female,1,1913.8339991000003,0,22
878,-9999.0,-9999.0,-9999.0,-9999.0,-9999.0,-9999.0,-9999.0,-9999.0,-9999.0,orientation,color,size,0.3400000000000001,6.5,18,female,1,1913.8339991000003,0,22
879,-9999.0,-9999.0,-9999.0,-9999.0,-9999.0,-9999.0,-9999.0,-9999.0,-9999.0,orientation,color,size,0.3400000000000001,6.5,18,female,1,1913.8339991000003,0,22
880,-9999.0,-9999.0,-9999.0,-9999.0,-9999.0,-9999.0,-9999.0,-9999.0,-9999.0,orientation,color,size,0.3400000000000001,6.5,18,female,1,1913.8339991000003,0,22
881,-9999.0,-9999.0,-9999.0,-9999.0,-9999.0,-9999.0,-9999.0,-9999.0,-9999.0,orientation,color,size,0.3400000000000001,6.5,18,female,1,1913.8339991000003,0,22
882,-9999.0,-9999.0,-9999.0,-9999.0,-9999.0,-9999.0,-9999.0,-9999.0,-9999.0,orientation,color,size,0.3400000000000001,6.5,18,female,1,1913.8339991000003,0,22
883,-9999.0,-9999.0,-9999.0,-9999.0,-9999.0,-9999.0,-9999.0,-9999.0,-9999.0,orientation,color,size,0.3400000000000001,6.5,18,female,1,1913.8339991000003,0,22
884,-9999.0,-9999.0,-9999.0,-9999.0,-9999.0,-9999.0,-9999.0,-9999.0,-9999.0,orientation,color,size,0.3400000000000001,6.5,18,female,1,1913.8339991000003,0,22
885,-9999.0,-9999.0,-9999.0,-9999.0,-9999.0,-9999.0,-9999.0,-9999.0,-9999.0,orientation,color,size,0.3400000000000001,6.5,18,female,1,1913.8339991000003,0,22
886,-9999.0,-9999.0,-9999.0,-9999.0,-9999.0,-9999.0,-9999.0,-9999.0,-9999.0,orientation,color,size,0.3400000000000001,6.5,18,female,1,1913.8339991000003,0,22
887,-9999.0,-9999.0,-9999.0,-9999.0,-9999.0,-9999.0,-9999.0,-9999.0,-9999.0,orientation,color,size,0.3400000000000001,6.5,18,female,1,1913.8339991000003,0,22
888,-9999.0,-9999.0,-9999.0,-9999.0,-9999.0,-9999.0,-9999.0,-9999.0,-9999.0,orientation,color,size,0.3400000000000001,6.5,18,female,1,1913.8339991000003,0,22
889,-9999.0,-9999.0,-9999.0,-9999.0,-9999.0,-9999.0,-9999.0,-9999.0,-9999.0,orientation,color,size,0.3400000000000001,6.5,18,female,1,1913.8339991000003,0,22
890,-9999.0,-9999.0,-9999.0,-9999.0,-9999.0,-9999.0,-9999.0,-9999.0,-9999.0,orientation,color,size,0.3400000000000001,6.5,18,female,1,1913.8339991000003,0,22
891,-9999.0,-9999.0,-9999.0,-9999.0,-9999.0,-9999.0,-9999.0,-9999.0,-9999.0,orientation,color,size,0.3400000000000001,6.5,18,female,1,1913.8339991000003,0,22
892,-9999.0,-9999.0,-9999.0,-9999.0,-9999.0,-9999.0,-9999.0,-9999.0,-9999.0,orientation,color,size,0.3400000000000001,6.5,18,female,1,1913.8339991000003,0,22
893,-9999.0,-9999.0,-9999.0,-9999.0,-9999.0,-9999.0,-9999.0,-9999.0,-9999.0,orientation,color,size,0.3400000000000001,6.5,18,female,1,1913.8339991000003,0,22
894,-9999.0,-9999.0,-9999.0,-9999.0,-9999.0,-9999.0,-9999.0,-9999.0,-9999.0,orientation,color,size,0.3400000000000001,6.5,18,female,1,1913.8339991000003,0,22
895,-9999.0,-9999.0,-9999.0,-9999.0,-9999.0,-9999.0,-9999.0,-9999.0,-9999.0,orientation,color,size,0.3400000000000001,6.5,18,female,1,1913.8339991000003,0,22
896,-9999.0,-9999.0,-9999.0,-9999.0,-9999.0,-9999.0,-9999.0,-9999.0,-9999.0,orientation,color,size,0.3400000000000001,6.5,18,female,1,1913.8339991000003,0,22
897,-9999.0,-9999.0,-9999.0,-9999.0,-9999.0,-9999.0,-9999.0,-9999.0,-9999.0,orientation,color,size,0.3400000000000001,6.5,18,female,1,1913.8339991000003,0,22
898,-9999.0,-9999.0,-9999.0,-9999.0,-9999.0,-9999.0,-9999.0,-9999.0,-9999.0,orientation,color,size,0.3400000000000001,6.5,18,female,1,1913.8339991000003,0,22
899,-9999.0,-9999.0,-9999.0,-9999.0,-9999.0,-9999.0,-9999.0,-9999.0,-9999.0,orientation,color,size,0.3400000000000001,6.5,18,female,1,1913.8339991000003,0,22
900,-9999.0,-9999.0,-9999.0,-9999.0,-9999.0,-9999.0,-9999.0,-9999.0,-9999.0,orientation,color,size,0.3400000000000001,6.5,18,female,1,1913.8339991000003,0,22
901,-9999.0,-9999.0,-9999.0,-9999.0,-9999.0,-9999.0,-9999.0,-9999.0,-9999.0,orientation,color,size,0.3400000000000001,6.5,18,female,1,1913.8339991000003,0,22
902,-9999.0,-9999.0,-9999.0,-9999.0,-9999.0,-9999.0,-9999.0,-9999.0,-9999.0,orientation,color,size,0.3400000000000001,6.5,18,female,1,1913.8339991000003,0,22
903,-9999.0,-9999.0,-9999.0,-9999.0,-9999.0,-9999.0,-9999.0,-9999.0,-9999.0,orientation,color,size,0.3400000000000001,6.5,18,female,1,1913.8339991000003,0,22
904,-9999.0,-9999.0,-9999.0,-9999.0,-9999.0,-9999.0,-9999.0,-9999.0,-9999.0,orientation,color,size,0.3400000000000001,6.5,18,female,1,1913.8339991000003,0,22
905,-9999.0,-9999.0,-9999.0,-9999.0,-9999.0,-9999.0,-9999.0,-9999.0,-9999.0,orientation,color,size,0.3400000000000001,6.5,18,female,1,1913.8339991000003,0,22
906,-9999.0,-9999.0,-9999.0,-9999.0,-9999.0,-9999.0,-9999.0,-9999.0,-9999.0,orientation,color,size,0.3400000000000001,6.5,18,female,1,1913.8339991000003,0,22
907,-9999.0,-9999.0,-9999.0,-9999.0,-9999.0,-9999.0,-9999.0,-9999.0,-9999.0,orientation,color,size,0.3400000000000001,6.5,18,female,1,1913.8339991000003,0,22
908,-9999.0,-9999.0,-9999.0,-9999.0,-9999.0,-9999.0,-9999.0,-9999.0,-9999.0,orientation,color,size,0.3400000000000001,6.5,18,female,1,1913.8339991000003,0,22
909,-9999.0,-9999.0,-9999.0,-9999.0,-9999.0,-9999.0,-9999.0,-9999.0,-9999.0,orientation,color,size,0.3400000000000001,6.5,18,female,1,1913.8339991000003,0,22
910,-9999.0,-9999.0,-9999.0,-9999.0,-9999.0,-9999.0,-9999.0,-9999.0,-9999.0,orientation,color,size,0.3400000000000001,6.5,18,female,1,1913.8339991000003,0,22
911,-9999.0,-9999.0,-9999.0,-9999.0,-9999.0,-9999.0,-9999.0,-9999.0,-9999.0,orientation,color,size,0.3400000000000001,6.5,18,female,1,1913.8339991000003,0,22
912,-9999.0,-9999.0,-9999.0,-9999.0,-9999.0,-9999.0,-9999.0,-9999.0,-9999.0,orientation,color,size,0.3400000000000001,6.5,18,female,1,1913.8339991000003,0,22
913,-9999.0,-9999.0,-9999.0,-9999.0,-9999.0,-9999.0,-9999.0,-9999.0,-9999.0,orientation,color,size,0.3400000000000001,6.5,18,female,1,1913.8339991000003,0,22
914,-9999.0,-9999.0,-9999.0,-9999.0,-9999.0,-9999.0,-9999.0,-9999.0,-9999.0,orientation,color,size,0.3400000000000001,6.5,18,female,1,1913.8339991000003,0,22
915,-9999.0,-9999.0,-9999.0,-9999.0,-9999.0,-9999.0,-9999.0,-9999.0,-9999.0,orientation,color,size,0.3400000000000001,6.5,18,female,1,1913.8339991000003,0,22
916,-9999.0,-9999.0,-9999.0,-9999.0,-9999.0,-9999.0,-9999.0,-9999.0,-9999.0,orientation,color,size,0.3400000000000001,6.5,18,female,1,1913.8339991000003,0,22
917,-9999.0,-9999.0,-9999.0,-9999.0,-9999.0,-9999.0,-9999.0,-9999.0,-9999.0,orientation,color,size,0.3400000000000001,6.5,18,female,1,1913.8339991000003,0,22
918,-9999.0,-9999.0,-9999.0,-9999.0,-9999.0,-9999.0,-9999.0,-9999.0,-9999.0,orientation,color,size,0.3400000000000001,6.5,18,female,1,1913.8339991000003,0,22
919,-9999.0,-9999.0,-9999.0,-9999.0,-9999.0,-9999.0,-9999.0,-9999.0,-9999.0,orientation,color,size,0.3400000000000001,6.5,18,female,1,1913.8339991000003,0,22
920,-9999.0,-9999.0,-9999.0,-9999.0,-9999.0,-9999.0,-9999.0,-9999.0,-9999.0,orientation,color,size,0.3400000000000001,6.5,18,female,1,1913.8339991000003,0,22
921,-9999.0,-9999.0,-9999.0,-9999.0,-9999.0,-9999.0,-9999.0,-9999.0,-9999.0,orientation,color,size,0.3400000000000001,6.5,18,female,1,1913.8339991000003,0,22
922,-9999.0,-9999.0,-9999.0,-9999.0,-9999.0,-9999.0,-9999.0,-9999.0,-9999.0,orientation,color,size,0.3400000000000001,6.5,18,female,1,1913.8339991000003,0,22
923,-9999.0,-9999.0,-9999.0,-9999.0,-9999.0,-9999.0,-9999.0,-9999.0,-9999.0,orientation,color,size,0.3400000000000001,6.5,18,female,1,1913.8339991000003,0,22
924,-9999.0,-9999.0,-9999.0,-9999.0,-9999.0,-9999.0,-9999.0,-9999.0,-9999.0,orientation,color,size,0.3400000000000001,6.5,18,female,1,1913.8339991000003,0,22
925,-9999.0,-9999.0,-9999.0,-9999.0,-9999.0,-9999.0,-9999.0,-9999.0,-9999.0,orientation,color,size,0.3400000000000001,6.5,18,female,1,1913.8339991000003,0,22
926,-9999.0,-9999.0,-9999.0,-9999.0,-9999.0,-9999.0,-9999.0,-9999.0,-9999.0,orientation,color,size,0.3400000000000001,6.5,18,female,1,1913.8339991000003,0,22
927,-9999.0,-9999.0,-9999.0,-9999.0,-9999.0,-9999.0,-9999.0,-9999.0,-9999.0,orientation,color,size,0.3400000000000001,6.5,18,female,1,1913.8339991000003,0,22
928,-9999.0,-9999.0,-9999.0,-9999.0,-9999.0,-9999.0,-9999.0,-9999.0,-9999.0,orientation,color,size,0.3400000000000001,6.5,18,female,1,1913.8339991000003,0,22
929,-9999.0,-9999.0,-9999.0,-9999.0,-9999.0,-9999.0,-9999.0,-9999.0,-9999.0,orientation,color,size,0.3400000000000001,6.5,18,female,1,1913.8339991000003,0,22
930,-9999.0,-9999.0,-9999.0,-9999.0,-9999.0,-9999.0,-9999.0,-9999.0,-9999.0,orientation,color,size,0.3400000000000001,6.5,18,female,1,1913.8339991000003,0,22
931,-9999.0,-9999.0,-9999.0,-9999.0,-9999.0,-9999.0,-9999.0,-9999.0,-9999.0,orientation,color,size,0.3400000000000001,6.5,18,female,1,1913.8339991000003,0,22
932,-9999.0,-9999.0,-9999.0,-9999.0,-9999.0,-9999.0,-9999.0,-9999.0,-9999.0,orientation,color,size,0.3400000000000001,6.5,18,female,1,1913.8339991000003,0,22
933,-9999.0,-9999.0,-9999.0,-9999.0,-9999.0,-9999.0,-9999.0,-9999.0,-9999.0,orientation,color,size,0.3400000000000001,6.5,18,female,1,1913.8339991000003,0,22
934,-9999.0,-9999.0,-9999.0,-9999.0,-9999.0,-9999.0,-9999.0,-9999.0,-9999.0,orientation,color,size,0.3400000000000001,6.5,18,female,1,1913.8339991000003,0,22
935,-9999.0,-9999.0,-9999.0,-9999.0,-9999.0,-9999.0,-9999.0,-9999.0,-9999.0,orientation,color,size,0.3400000000000001,6.5,18,female,1,1913.8339991000003,0,22
936,-9999.0,-9999.0,-9999.0,-9999.0,-9999.0,-9999.0,-9999.0,-9999.0,-9999.0,orientation,color,size,0.3400000000000001,6.5,18,female,1,1913.8339991000003,0,22
937,-9999.0,-9999.0,-9999.0,-9999.0,-9999.0,-9999.0,-9999.0,-9999.0,-9999.0,orientation,color,size,0.3400000000000001,6.5,18,female,1,1913.8339991000003,0,22
938,-9999.0,-9999.0,-9999.0,-9999.0,-9999.0,-9999.0,-9999.0,-9999.0,-9999.0,orientation,color,size,0.3400000000000001,6.5,18,female,1,1913.8339991000003,0,22
939,-9999.0,-9999.0,-9999.0,-9999.0,-9999.0,-9999.0,-9999.0,-9999.0,-9999.0,orientation,color,size,0.3400000000000001,6.5,18,female,1,1913.8339991000003,0,22
940,-9999.0,-9999.0,-9999.0,-9999.0,-9999.0,-9999.0,-9999.0,-9999.0,-9999.0,orientation,color,size,0.3400000000000001,6.5,18,female,1,1913.8339991000003,0,22
941,-9999.0,-9999.0,-9999.0,-9999.0,-9999.0,-9999.0,-9999.0,-9999.0,-9999.0,orientation,color,size,0.3400000000000001,6.5,18,female,1,1913.8339991000003,0,22
942,-9999.0,-9999.0,-9999.0,-9999.0,-9999.0,-9999.0,-9999.0,-9999.0,-9999.0,orientation,color,size,0.3400000000000001,6.5,18,female,1,1913.8339991000003,0,22
943,-9999.0,-9999.0,-9999.0,-9999.0,-9999.0,-9999.0,-9999.0,-9999.0,-9999.0,orientation,color,size,0.3400000000000001,6.5,18,female,1,1913.8339991000003,0,22
944,-9999.0,-9999.0,-9999.0,-9999.0,-9999.0,-9999.0,-9999.0,-9999.0,-9999.0,orientation,color,size,0.3400000000000001,6.5,18,female,1,1913.8339991000003,0,22
945,-9999.0,-9999.0,-9999.0,-9999.0,-9999.0,-9999.0,-9999.0,-9999.0,-9999.0,orientation,color,size,0.3400000000000001,6.5,18,female,1,1913.8339991000003,0,22
946,-9999.0,-9999.0,-9999.0,-9999.0,-9999.0,-9999.0,-9999.0,-9999.0,-9999.0,orientation,color,size,0.3400000000000001,6.5,18,female,1,1913.8339991000003,0,22
947,-9999.0,-9999.0,-9999.0,-9999.0,-9999.0,-9999.0,-9999.0,-9999.0,-9999.0,orientation,color,size,0.3400000000000001,6.5,18,female,1,1913.8339991000003,0,22
948,-9999.0,-9999.0,-9999.0,-9999.0,-9999.0,-9999.0,-9999.0,-9999.0,-9999.0,orientation,color,size,0.3400000000000001,6.5,18,female,1,1913.8339991000003,0,22
949,-9999.0,-9999.0,-9999.0,-9999.0,-9999.0,-9999.0,-9999.0,-9999.0,-9999.0,orientation,color,size,0.3400000000000001,6.5,18,female,1,1913.8339991000003,0,22
950,-9999.0,-9999.0,-9999.0,-9999.0,-9999.0,-9999.0,-9999.0,-9999.0,-9999.0,orientation,color,size,0.3400000000000001,6.5,18,female,1,1913.8339991000003,0,22
951,-9999.0,-9999.0,-9999.0,-9999.0,-9999.0,-9999.0,-9999.0,-9999.0,-9999.0,orientation,color,size,0.3400000000000001,6.5,18,female,1,1913.8339991000003,0,22
952,-9999.0,-9999.0,-9999.0,-9999.0,-9999.0,-9999.0,-9999.0,-9999.0,-9999.0,orientation,color,size,0.3400000000000001,6.5,18,female,1,1913.8339991000003,0,22
953,-9999.0,-9999.0,-9999.0,-9999.0,-9999.0,-9999.0,-9999.0,-9999.0,-9999.0,orientation,color,size,0.3400000000000001,6.5,18,female,1,1913.8339991000003,0,22
954,-9999.0,-9999.0,-9999.0,-9999.0,-9999.0,-9999.0,-9999.0,-9999.0,-9999.0,orientation,color,size,0.3400000000000001,6.5,18,female,1,1913.8339991000003,0,22
955,-9999.0,-9999.0,-9999.0,-9999.0,-9999.0,-9999.0,-9999.0,-9999.0,-9999.0,orientation,color,size,0.3400000000000001,6.5,18,female,1,1913.8339991000003,0,22
956,-9999.0,-9999.0,-9999.0,-9999.0,-9999.0,-9999.0,-9999.0,-9999.0,-9999.0,orientation,color,size,0.3400000000000001,6.5,18,female,1,1913.8339991000003,0,22
957,-9999.0,-9999.0,-9999.0,-9999.0,-9999.0,-9999.0,-9999.0,-9999.0,-9999.0,orientation,color,size,0.3400000000000001,6.5,18,female,1,1913.8339991000003,0,22
958,-9999.0,-9999.0,-9999.0,-9999.0,-9999.0,-9999.0,-9999.0,-9999.0,-9999.0,orientation,color,size,0.3400000000000001,6.5,18,female,1,1913.8339991000003,0,22
959,-9999.0,-9999.0,-9999.0,-9999.0,-9999.0,-9999.0,-9999.0,-9999.0,-9999.0,orientation,color,size,0.3400000000000001,6.5,18,female,1,1913.8339991000003,0,22
960,-9999.0,-9999.0,-9999.0,-9999.0,-9999.0,-9999.0,-9999.0,-9999.0,-9999.0,orientation,color,size,0.3400000000000001,6.5,18,female,1,1913.8339991000003,0,22
961,-9999.0,-9999.0,-9999.0,-9999.0,-9999.0,-9999.0,-9999.0,-9999.0,-9999.0,orientation,color,size,0.3400000000000001,6.5,18,female,1,1913.8339991000003,0,22
962,-9999.0,-9999.0,-9999.0,-9999.0,-9999.0,-9999.0,-9999.0,-9999.0,-9999.0,orientation,color,size,0.3400000000000001,6.5,18,female,1,1913.8339991000003,0,22
963,-9999.0,-9999.0,-9999.0,-9999.0,-9999.0,-9999.0,-9999.0,-9999.0,-9999.0,orientation,color,size,0.3400000000000001,6.5,18,female,1,1913.8339991000003,0,22
964,-9999.0,-9999.0,-9999.0,-9999.0,-9999.0,-9999.0,-9999.0,-9999.0,-9999.0,orientation,color,size,0.3400000000000001,6.5,18,female,1,1913.8339991000003,0,22
965,-9999.0,-9999.0,-9999.0,-9999.0,-9999.0,-9999.0,-9999.0,-9999.0,-9999.0,orientation,color,size,0.3400000000000001,6.5,18,female,1,1913.8339991000003,0,22
966,-9999.0,-9999.0,-9999.0,-9999.0,-9999.0,-9999.0,-9999.0,-9999.0,-9999.0,orientation,color,size,0.3400000000000001,6.5,18,female,1,1913.8339991000003,0,22
967,-9999.0,-9999.0,-9999.0,-9999.0,-9999.0,-9999.0,-9999.0,-9999.0,-9999.0,orientation,color,size,0.3400000000000001,6.5,18,female,1,1913.8339991000003,0,22
968,-9999.0,-9999.0,-9999.0,-9999.0,-9999.0,-9999.0,-9999.0,-9999.0,-9999.0,orientation,color,size,0.3400000000000001,6.5,18,female,1,1913.8339991000003,0,22
969,-9999.0,-9999.0,-9999.0,-9999.0,-9999.0,-9999.0,-9999.0,-9999.0,-9999.0,orientation,color,size,0.3400000000000001,6.5,18,female,1,1913.8339991000003,0,22
970,-9999.0,-9999.0,-9999.0,-9999.0,-9999.0,-9999.0,-9999.0,-9999.0,-9999.0,orientation,color,size,0.3400000000000001,6.5,18,female,1,1913.8339991000003,0,22
971,-9999.0,-9999.0,-9999.0,-9999.0,-9999.0,-9999.0,-9999.0,-9999.0,-9999.0,orientation,color,size,0.3400000000000001,6.5,18,female,1,1913.8339991000003,0,22
972,-9999.0,-9999.0,-9999.0,-9999.0,-9999.0,-9999.0,-9999.0,-9999.0,-9999.0,orientation,color,size,0.3400000000000001,6.5,18,female,1,1913.8339991000003,0,22
973,-9999.0,-9999.0,-9999.0,-9999.0,-9999.0,-9999.0,-9999.0,-9999.0,-9999.0,orientation,color,size,0.3400000000000001,6.5,18,female,1,1913.8339991000003,0,22
974,-9999.0,-9999.0,-9999.0,-9999.0,-9999.0,-9999.0,-9999.0,-9999.0,-9999.0,orientation,color,size,0.3400000000000001,6.5,18,female,1,1913.8339991000003,0,22
975,-9999.0,-9999.0,-9999.0,-9999.0,-9999.0,-9999.0,-9999.0,-9999.0,-9999.0,orientation,color,size,0.3400000000000001,6.5,18,female,1,1913.8339991000003,0,22
976,-9999.0,-9999.0,-9999.0,-9999.0,-9999.0,-9999.0,-9999.0,-9999.0,-9999.0,orientation,color,size,0.3400000000000001,6.5,18,female,1,1913.8339991000003,0,22
977,-9999.0,-9999.0,-9999.0,-9999.0,-9999.0,-9999.0,-9999.0,-9999.0,-9999.0,orientation,color,size,0.3400000000000001,6.5,18,female,1,1913.8339991000003,0,22
978,-9999.0,-9999.0,-9999.0,-9999.0,-9999.0,-9999.0,-9999.0,-9999.0,-9999.0,orientation,color,size,0.3400000000000001,6.5,18,female,1,1913.8339991000003,0,22
979,-9999.0,-9999.0,-9999.0,-9999.0,-9999.0,-9999.0,-9999.0,-9999.0,-9999.0,orientation,color,size,0.3400000000000001,6.5,18,female,1,1913.8339991000003,0,22
980,-9999.0,-9999.0,-9999.0,-9999.0,-9999.0,-9999.0,-9999.0,-9999.0,-9999.0,orientation,color,size,0.3400000000000001,6.5,18,female,1,1913.8339991000003,0,22
981,-9999.0,-9999.0,-9999.0,-9999.0,-9999.0,-9999.0,-9999.0,-9999.0,-9999.0,orientation,color,size,0.3400000000000001,6.5,18,female,1,1913.8339991000003,0,22
982,-9999.0,-9999.0,-9999.0,-9999.0,-9999.0,-9999.0,-9999.0,-9999.0,-9999.0,orientation,color,size,0.3400000000000001,6.5,18,female,1,1913.8339991000003,0,22
983,-9999.0,-9999.0,-9999.0,-9999.0,-9999.0,-9999.0,-9999.0,-9999.0,-9999.0,orientation,color,size,0.3400000000000001,6.5,18,female,1,1913.8339991000003,0,22
984,-9999.0,-9999.0,-9999.0,-9999.0,-9999.0,-9999.0,-9999.0,-9999.0,-9999.0,orientation,color,size,0.3400000000000001,6.5,18,female,1,1913.8339991000003,0,22
985,-9999.0,-9999.0,-9999.0,-9999.0,-9999.0,-9999.0,-9999.0,-9999.0,-9999.0,orientation,color,size,0.3400000000000001,6.5,18,female,1,1913.8339991000003,0,22
986,-9999.0,-9999.0,-9999.0,-9999.0,-9999.0,-9999.0,-9999.0,-9999.0,-9999.0,orientation,color,size,0.3400000000000001,6.5,18,female,1,1913.8339991000003,0,22
987,-9999.0,-9999.0,-9999.0,-9999.0,-9999.0,-9999.0,-9999.0,-9999.0,-9999.0,orientation,color,size,0.3400000000000001,6.5,18,female,1,1913.8339991000003,0,22
988,-9999.0,-9999.0,-9999.0,-9999.0,-9999.0,-9999.0,-9999.0,-9999.0,-9999.0,orientation,color,size,0.3400000000000001,6.5,18,female,1,1913.8339991000003,0,22
989,-9999.0,-9999.0,-9999.0,-9999.0,-9999.0,-9999.0,-9999.0,-9999.0,-9999.0,orientation,color,size,0.3400000000000001,6.5,18,female,1,1913.8339991000003,0,22
990,-9999.0,-9999.0,-9999.0,-9999.0,-9999.0,-9999.0,-9999.0,-9999.0,-9999.0,orientation,color,size,0.3400000000000001,6.5,18,female,1,1913.8339991000003,0,22
991,-9999.0,-9999.0,-9999.0,-9999.0,-9999.0,-9999.0,-9999.0,-9999.0,-9999.0,orientation,color,size,0.3400000000000001,6.5,18,female,1,1913.8339991000003,0,22
992,-9999.0,-9999.0,-9999.0,-9999.0,-9999.0,-9999.0,-9999.0,-9999.0,-9999.0,orientation,color,size,0.3400000000000001,6.5,18,female,1,1913.8339991000003,0,22
993,-9999.0,-9999.0,-9999.0,-9999.0,-9999.0,-9999.0,-9999.0,-9999.0,-9999.0,orientation,color,size,0.3400000000000001,6.5,18,female,1,1913.8339991000003,0,22
994,-9999.0,-9999.0,-9999.0,-9999.0,-9999.0,-9999.0,-9999.0,-9999.0,-9999.0,orientation,color,size,0.3400000000000001,6.5,18,female,1,1913.8339991000003,0,22
995,-9999.0,-9999.0,-9999.0,-9999.0,-9999.0,-9999.0,-9999.0,-9999.0,-9999.0,orientation,color,size,0.3400000000000001,6.5,18,female,1,1913.8339991000003,0,22
996,-9999.0,-9999.0,-9999.0,-9999.0,-9999.0,-9999.0,-9999.0,-9999.0,-9999.0,orientation,color,size,0.3400000000000001,6.5,18,female,1,1913.8339991000003,0,22
997,-9999.0,-9999.0,-9999.0,-9999.0,-9999.0,-9999.0,-9999.0,-9999.0,-9999.0,orientation,color,size,0.3400000000000001,6.5,18,female,1,1913.8339991000003,0,22
998,-9999.0,-9999.0,-9999.0,-9999.0,-9999.0,-9999.0,-9999.0,-9999.0,-9999.0,orientation,color,size,0.3400000000000001,6.5,18,female,1,1913.8339991000003,0,22
999,-9999.0,-9999.0,-9999.0,-9999.0,-9999.0,-9999.0,-9999.0,-9999.0,-9999.0,orientation,color,size,0.3400000000000001,6.5,18,female,1,1913.8339991000003,0,22
1000,-9999.0,-9999.0,-9999.0,-9999.0,-9999.0,-9999.0,-9999.0,-9999.0,-9999.0,orientation,color,size,0.3400000000000001,6.5,18,female,1,1913.8339991000003,0,22
1001,-9999.0,-9999.0,-9999.0,-9999.0,-9999.0,-9999.0,-9999.0,-9999.0,-9999.0,orientation,color,size,0.3400000000000001,6.5,18,female,1,1913.8339991000003,0,22
1002,-9999.0,-9999.0,-9999.0,-9999.0,-9999.0,-9999.0,-9999.0,-9999.0,-9999.0,orientation,color,size,0.3400000000000001,6.5,18,female,1,1913.8339991000003,0,22
1003,-9999.0,-9999.0,-9999.0,-9999.0,-9999.0,-9999.0,-9999.0,-9999.0,-9999.0,orientation,color,size,0.3400000000000001,6.5,18,female,1,1913.8339991000003,0,22
1004,-9999.0,-9999.0,-9999.0,-9999.0,-9999.0,-9999.0,-9999.0,-9999.0,-9999.0,orientation,color,size,0.3400000000000001,6.5,18,female,1,1913.8339991000003,0,22
1005,-9999.0,-9999.0,-9999.0,-9999.0,-9999.0,-9999.0,-9999.0,-9999.0,-9999.0,orientation,color,size,0.3400000000000001,6.5,18,female,1,1913.8339991000003,0,22
1006,-9999.0,-9999.0,-9999.0,-9999.0,-9999.0,-9999.0,-9999.0,-9999.0,-9999.0,orientation,color,size,0.3400000000000001,6.5,18,female,1,1913.8339991000003,0,22
1007,-9999.0,-9999.0,-9999.0,-9999.0,-9999.0,-9999.0,-9999.0,-9999.0,-9999.0,orientation,color,size,0.3400000000000001,6.5,18,female,1,1913.8339991000003,0,22
1008,-9999.0,-9999.0,-9999.0,-9999.0,-9999.0,-9999.0,-9999.0,-9999.0,-9999.0,orientation,color,size,0.3400000000000001,6.5,18,female,1,1913.8339991000003,0,22
1009,-9999.0,-9999.0,-9999.0,-9999.0,-9999.0,-9999.0,-9999.0,-9999.0,-9999.0,orientation,color,size,0.3400000000000001,6.5,18,female,1,1913.8339991000003,0,22
1010,-9999.0,-9999.0,-9999.0,-9999.0,-9999.0,-9999.0,-9999.0,-9999.0,-9999.0,orientation,color,size,0.3400000000000001,6.5,18,female,1,1913.8339991000003,0,22
1011,-9999.0,-9999.0,-9999.0,-9999.0,-9999.0,-9999.0,-9999.0,-9999.0,-9999.0,orientation,color,size,0.3400000000000001,6.5,18,female,1,1913.8339991000003,0,22
1012,-9999.0,-9999.0,-9999.0,-9999.0,-9999.0,-9999.0,-9999.0,-9999.0,-9999.0,orientation,color,size,0.3400000000000001,6.5,18,female,1,1913.8339991000003,0,22
1013,-9999.0,-9999.0,-9999.0,-9999.0,-9999.0,-9999.0,-9999.0,-9999.0,-9999.0,orientation,color,size,0.3400000000000001,6.5,18,female,1,1913.8339991000003,0,22
1014,-9999.0,-9999.0,-9999.0,-9999.0,-9999.0,-9999.0,-9999.0,-9999.0,-9999.0,orientation,color,size,0.3400000000000001,6.5,18,female,1,1913.8339991000003,0,22
1015,-9999.0,-9999.0,-9999.0,-9999.0,-9999.0,-9999.0,-9999.0,-9999.0,-9999.0,orientation,color,size,0.3400000000000001,6.5,18,female,1,1913.8339991000003,0,22
1016,-9999.0,-9999.0,-9999.0,-9999.0,-9999.0,-9999.0,-9999.0,-9999.0,-9999.0,orientation,color,size,0.3400000000000001,6.5,18,female,1,1913.8339991000003,0,22
1017,-9999.0,-9999.0,-9999.0,-9999.0,-9999.0,-9999.0,-9999.0,-9999.0,-9999.0,orientation,color,size,0.3400000000000001,6.5,18,female,1,1913.8339991000003,0,22
1018,-9999.0,-9999.0,-9999.0,-9999.0,-9999.0,-9999.0,-9999.0,-9999.0,-9999.0,orientation,color,size,0.3400000000000001,6.5,18,female,1,1913.8339991000003,0,22
1019,-9999.0,-9999.0,-9999.0,-9999.0,-9999.0,-9999.0,-9999.0,-9999.0,-9999.0,orientation,color,size,0.3400000000000001,6.5,18,female,1,1913.8339991000003,0,22
1020,-9999.0,-9999.0,-9999.0,-9999.0,-9999.0,-9999.0,-9999.0,-9999.0,-9999.0,orientation,color,size,0.3400000000000001,6.5,18,female,1,1913.8339991000003,0,22
1021,-9999.0,-9999.0,-9999.0,-9999.0,-9999.0,-9999.0,-9999.0,-9999.0,-9999.0,orientation,color,size,0.3400000000000001,6.5,18,female,1,1913.8339991000003,0,22
1022,-9999.0,-9999.0,-9999.0,-9999.0,-9999.0,-9999.0,-9999.0,-9999.0,-9999.0,orientation,color,size,0.3400000000000001,6.5,18,female,1,1913.8339991000003,0,22
1023,-9999.0,-9999.0,-9999.0,-9999.0,-9999.0,-9999.0,-9999.0,-9999.0,-9999.0,orientation,color,size,0.3400000000000001,6.5,18,female,1,1913.8339991000003,0,22
1024,-9999.0,-9999.0,-9999.0,-9999.0,-9999.0,-9999.0,-9999.0,-9999.0,-9999.0,orientation,color,size,0.3400000000000001,6.5,18,female,1,1913.8339991000003,0,22
1025,-9999.0,-9999.0,-9999.0,-9999.0,-9999.0,-9999.0,-9999.0,-9999.0,-9999.0,orientation,color,size,0.3400000000000001,6.5,18,female,1,1913.8339991000003,0,22
1026,-9999.0,-9999.0,-9999.0,-9999.0,-9999.0,-9999.0,-9999.0,-9999.0,-9999.0,orientation,color,size,0.3400000000000001,6.5,18,female,1,1913.8339991000003,0,22
1027,-9999.0,-9999.0,-9999.0,-9999.0,-9999.0,-9999.0,-9999.0,-9999.0,-9999.0,orientation,color,size,0.3400000000000001,6.5,18,female,1,1913.8339991000003,0,22
1028,-9999.0,-9999.0,-9999.0,-9999.0,-9999.0,-9999.0,-9999.0,-9999.0,-9999.0,orientation,color,size,0.3400000000000001,6.5,18,female,1,1913.8339991000003,0,22
1029,-9999.0,-9999.0,-9999.0,-9999.0,-9999.0,-9999.0,-9999.0,-9999.0,-9999.0,orientation,color,size,0.3400000000000001,6.5,18,female,1,1913.8339991000003,0,22
1030,-9999.0,-9999.0,-9999.0,-9999.0,-9999.0,-9999.0,-9999.0,-9999.0,-9999.0,orientation,color,size,0.3400000000000001,6.5,18,female,1,1913.8339991000003,0,22
1031,-9999.0,-9999.0,-9999.0,-9999.0,-9999.0,-9999.0,-9999.0,-9999.0,-9999.0,orientation,color,size,0.3400000000000001,6.5,18,female,1,1913.8339991000003,0,22
1032,-9999.0,-9999.0,-9999.0,-9999.0,-9999.0,-9999.0,-9999.0,-9999.0,-9999.0,orientation,color,size,0.3400000000000001,6.5,18,female,1,1913.8339991000003,0,22
1033,-9999.0,-9999.0,-9999.0,-9999.0,-9999.0,-9999.0,-9999.0,-9999.0,-9999.0,orientation,color,size,0.3400000000000001,6.5,18,female,1,1913.8339991000003,0,22
1034,-9999.0,-9999.0,-9999.0,-9999.0,-9999.0,-9999.0,-9999.0,-9999.0,-9999.0,orientation,color,size,0.3400000000000001,6.5,18,female,1,1913.8339991000003,0,22
1035,-9999.0,-9999.0,-9999.0,-9999.0,-9999.0,-9999.0,-9999.0,-9999.0,-9999.0,orientation,color,size,0.3400000000000001,6.5,18,female,1,1913.8339991000003,0,22
1036,-9999.0,-9999.0,-9999.0,-9999.0,-9999.0,-9999.0,-9999.0,-9999.0,-9999.0,orientation,color,size,0.3400000000000001,6.5,18,female,1,1913.8339991000003,0,22
1037,-9999.0,-9999.0,-9999.0,-9999.0,-9999.0,-9999.0,-9999.0,-9999.0,-9999.0,orientation,color,size,0.3400000000000001,6.5,18,female,1,1913.8339991000003,0,22
1038,-9999.0,-9999.0,-9999.0,-9999.0,-9999.0,-9999.0,-9999.0,-9999.0,-9999.0,orientation,color,size,0.3400000000000001,6.5,18,female,1,1913.8339991000003,0,22
1039,-9999.0,-9999.0,-9999.0,-9999.0,-9999.0,-9999.0,-9999.0,-9999.0,-9999.0,orientation,color,size,0.3400000000000001,6.5,18,female,1,1913.8339991000003,0,22
1040,-9999.0,-9999.0,-9999.0,-9999.0,-9999.0,-9999.0,-9999.0,-9999.0,-9999.0,orientation,color,size,0.3400000000000001,6.5,18,female,1,1913.8339991000003,0,22
1041,-9999.0,-9999.0,-9999.0,-9999.0,-9999.0,-9999.0,-9999.0,-9999.0,-9999.0,orientation,color,size,0.3400000000000001,6.5,18,female,1,1913.8339991000003,0,22
1042,-9999.0,-9999.0,-9999.0,-9999.0,-9999.0,-9999.0,-9999.0,-9999.0,-9999.0,orientation,color,size,0.3400000000000001,6.5,18,female,1,1913.8339991000003,0,22
1043,-9999.0,-9999.0,-9999.0,-9999.0,-9999.0,-9999.0,-9999.0,-9999.0,-9999.0,orientation,color,size,0.3400000000000001,6.5,18,female,1,1913.8339991000003,0,22
1044,-9999.0,-9999.0,-9999.0,-9999.0,-9999.0,-9999.0,-9999.0,-9999.0,-9999.0,orientation,color,size,0.3400000000000001,6.5,18,female,1,1913.8339991000003,0,22
1045,-9999.0,-9999.0,-9999.0,-9999.0,-9999.0,-9999.0,-9999.0,-9999.0,-9999.0,orientation,color,size,0.3400000000000001,6.5,18,female,1,1913.8339991000003,0,22
1046,-9999.0,-9999.0,-9999.0,-9999.0,-9999.0,-9999.0,-9999.0,-9999.0,-9999.0,orientation,color,size,0.3400000000000001,6.5,18,female,1,1913.8339991000003,0,22
1047,-9999.0,-9999.0,-9999.0,-9999.0,-9999.0,-9999.0,-9999.0,-9999.0,-9999.0,orientation,color,size,0.3400000000000001,6.5,18,female,1,1913.8339991000003,0,22
1048,-9999.0,-9999.0,-9999.0,-9999.0,-9999.0,-9999.0,-9999.0,-9999.0,-9999.0,orientation,color,size,0.3400000000000001,6.5,18,female,1,1913.8339991000003,0,22
1049,-9999.0,-9999.0,-9999.0,-9999.0,-9999.0,-9999.0,-9999.0,-9999.0,-9999.0,orientation,color,size,0.3400000000000001,6.5,18,female,1,1913.8339991000003,0,22
1050,-9999.0,-9999.0,-9999.0,-9999.0,-9999.0,-9999.0,-9999.0,-9999.0,-9999.0,orientation,color,size,0.3400000000000001,6.5,18,female,1,1913.8339991000003,0,22
1051,-9999.0,-9999.0,-9999.0,-9999.0,-9999.0,-9999.0,-9999.0,-9999.0,-9999.0,orientation,color,size,0.3400000000000001,6.5,18,female,1,1913.8339991000003,0,22
1052,-9999.0,-9999.0,-9999.0,-9999.0,-9999.0,-9999.0,-9999.0,-9999.0,-9999.0,orientation,color,size,0.3400000000000001,6.5,18,female,1,1913.8339991000003,0,22
1053,-9999.0,-9999.0,-9999.0,-9999.0,-9999.0,-9999.0,-9999.0,-9999.0,-9999.0,orientation,color,size,0.3400000000000001,6.5,18,female,1,1913.8339991000003,0,22
1054,-9999.0,-9999.0,-9999.0,-9999.0,-9999.0,-9999.0,-9999.0,-9999.0,-9999.0,orientation,color,size,0.3400000000000001,6.5,18,female,1,1913.8339991000003,0,22
1055,-9999.0,-9999.0,-9999.0,-9999.0,-9999.0,-9999.0,-9999.0,-9999.0,-9999.0,orientation,color,size,0.3400000000000001,6.5,18,female,1,1913.8339991000003,0,22
1056,-9999.0,-9999.0,-9999.0,-9999.0,-9999.0,-9999.0,-9999.0,-9999.0,-9999.0,orientation,color,size,0.3400000000000001,6.5,18,female,1,1913.8339991000003,0,22
1057,-9999.0,-9999.0,-9999.0,-9999.0,-9999.0,-9999.0,-9999.0,-9999.0,-9999.0,orientation,color,size,0.3400000000000001,6.5,18,female,1,1913.8339991000003,0,22
1058,-9999.0,-9999.0,-9999.0,-9999.0,-9999.0,-9999.0,-9999.0,-9999.0,-9999.0,orientation,color,size,0.3400000000000001,6.5,18,female,1,1913.8339991000003,0,22
1059,-9999.0,-9999.0,-9999.0,-9999.0,-9999.0,-9999.0,-9999.0,-9999.0,-9999.0,orientation,color,size,0.3400000000000001,6.5,18,female,1,1913.8339991000003,0,22
1060,-9999.0,-9999.0,-9999.0,-9999.0,-9999.0,-9999.0,-9999.0,-9999.0,-9999.0,orientation,color,size,0.3400000000000001,6.5,18,female,1,1913.8339991000003,0,22
1061,-9999.0,-9999.0,-9999.0,-9999.0,-9999.0,-9999.0,-9999.0,-9999.0,-9999.0,orientation,color,size,0.3400000000000001,6.5,18,female,1,1913.8339991000003,0,22
1062,-9999.0,-9999.0,-9999.0,-9999.0,-9999.0,-9999.0,-9999.0,-9999.0,-9999.0,orientation,color,size,0.3400000000000001,6.5,18,female,1,1913.8339991000003,0,22
1063,-9999.0,-9999.0,-9999.0,-9999.0,-9999.0,-9999.0,-9999.0,-9999.0,-9999.0,orientation,color,size,0.3400000000000001,6.5,18,female,1,1913.8339991000003,0,22
1064,-9999.0,-9999.0,-9999.0,-9999.0,-9999.0,-9999.0,-9999.0,-9999.0,-9999.0,orientation,color,size,0.3400000000000001,6.5,18,female,1,1913.8339991000003,0,22
1065,-9999.0,-9999.0,-9999.0,-9999.0,-9999.0,-9999.0,-9999.0,-9999.0,-9999.0,orientation,color,size,0.3400000000000001,6.5,18,female,1,1913.8339991000003,0,22
1066,-9999.0,-9999.0,-9999.0,-9999.0,-9999.0,-9999.0,-9999.0,-9999.0,-9999.0,orientation,color,size,0.3400000000000001,6.5,18,female,1,1913.8339991000003,0,22
1067,-9999.0,-9999.0,-9999.0,-9999.0,-9999.0,-9999.0,-9999.0,-9999.0,-9999.0,orientation,color,size,0.3400000000000001,6.5,18,female,1,1913.8339991000003,0,22
1068,-9999.0,-9999.0,-9999.0,-9999.0,-9999.0,-9999.0,-9999.0,-9999.0,-9999.0,orientation,color,size,0.3400000000000001,6.5,18,female,1,1913.8339991000003,0,22
1069,-9999.0,-9999.0,-9999.0,-9999.0,-9999.0,-9999.0,-9999.0,-9999.0,-9999.0,orientation,color,size,0.3400000000000001,6.5,18,female,1,1913.8339991000003,0,22
1070,-9999.0,-9999.0,-9999.0,-9999.0,-9999.0,-9999.0,-9999.0,-9999.0,-9999.0,orientation,color,size,0.3400000000000001,6.5,18,female,1,1913.8339991000003,0,22
1071,-9999.0,-9999.0,-9999.0,-9999.0,-9999.0,-9999.0,-9999.0,-9999.0,-9999.0,orientation,color,size,0.3400000000000001,6.5,18,female,1,1913.8339991000003,0,22
1072,-9999.0,-9999.0,-9999.0,-9999.0,-9999.0,-9999.0,-9999.0,-9999.0,-9999.0,orientation,color,size,0.3400000000000001,6.5,18,female,1,1913.8339991000003,0,22
1073,-9999.0,-9999.0,-9999.0,-9999.0,-9999.0,-9999.0,-9999.0,-9999.0,-9999.0,orientation,color,size,0.3400000000000001,6.5,18,female,1,1913.8339991000003,0,22
1074,-9999.0,-9999.0,-9999.0,-9999.0,-9999.0,-9999.0,-9999.0,-9999.0,-9999.0,orientation,color,size,0.3400000000000001,6.5,18,female,1,1913.8339991000003,0,22
1075,-9999.0,-9999.0,-9999.0,-9999.0,-9999.0,-9999.0,-9999.0,-9999.0,-9999.0,orientation,color,size,0.3400000000000001,6.5,18,female,1,1913.8339991000003,0,22
1076,-9999.0,-9999.0,-9999.0,-9999.0,-9999.0,-9999.0,-9999.0,-9999.0,-9999.0,orientation,color,size,0.3400000000000001,6.5,18,female,1,1913.8339991000003,0,22
1077,-9999.0,-9999.0,-9999.0,-9999.0,-9999.0,-9999.0,-9999.0,-9999.0,-9999.0,orientation,color,size,0.3400000000000001,6.5,18,female,1,1913.8339991000003,0,22
1078,-9999.0,-9999.0,-9999.0,-9999.0,-9999.0,-9999.0,-9999.0,-9999.0,-9999.0,orientation,color,size,0.3400000000000001,6.5,18,female,1,1913.8339991000003,0,22
1079,-9999.0,-9999.0,-9999.0,-9999.0,-9999.0,-9999.0,-9999.0,-9999.0,-9999.0,orientation,color,size,0.3400000000000001,6.5,18,female,1,1913.8339991000003,0,22
1080,-9999.0,-9999.0,-9999.0,-9999.0,-9999.0,-9999.0,-9999.0,-9999.0,-9999.0,orientation,color,size,0.3400000000000001,6.5,18,female,1,1913.8339991000003,0,22
1081,-9999.0,-9999.0,-9999.0,-9999.0,-9999.0,-9999.0,-9999.0,-9999.0,-9999.0,orientation,color,size,0.3400000000000001,6.5,18,female,1,1913.8339991000003,0,22
1082,-9999.0,-9999.0,-9999.0,-9999.0,-9999.0,-9999.0,-9999.0,-9999.0,-9999.0,orientation,color,size,0.3400000000000001,6.5,18,female,1,1913.8339991000003,0,22
1083,-9999.0,-9999.0,-9999.0,-9999.0,-9999.0,-9999.0,-9999.0,-9999.0,-9999.0,orientation,color,size,0.3400000000000001,6.5,18,female,1,1913.8339991000003,0,22
1084,-9999.0,-9999.0,-9999.0,-9999.0,-9999.0,-9999.0,-9999.0,-9999.0,-9999.0,orientation,color,size,0.3400000000000001,6.5,18,female,1,1913.8339991000003,0,22
1085,-9999.0,-9999.0,-9999.0,-9999.0,-9999.0,-9999.0,-9999.0,-9999.0,-9999.0,orientation,color,size,0.3400000000000001,6.5,18,female,1,1913.8339991000003,0,22
1086,-9999.0,-9999.0,-9999.0,-9999.0,-9999.0,-9999.0,-9999.0,-9999.0,-9999.0,orientation,color,size,0.3400000000000001,6.5,18,female,1,1913.8339991000003,0,22
1087,-9999.0,-9999.0,-9999.0,-9999.0,-9999.0,-9999.0,-9999.0,-9999.0,-9999.0,orientation,color,size,0.3400000000000001,6.5,18,female,1,1913.8339991000003,0,22
1088,-9999.0,-9999.0,-9999.0,-9999.0,-9999.0,-9999.0,-9999.0,-9999.0,-9999.0,orientation,color,size,0.3400000000000001,6.5,18,female,1,1913.8339991000003,0,22
1089,-9999.0,-9999.0,-9999.0,-9999.0,-9999.0,-9999.0,-9999.0,-9999.0,-9999.0,orientation,color,size,0.3400000000000001,6.5,18,female,1,1913.8339991000003,0,22
1090,-9999.0,-9999.0,-9999.0,-9999.0,-9999.0,-9999.0,-9999.0,-9999.0,-9999.0,orientation,color,size,0.3400000000000001,6.5,18,female,1,1913.8339991000003,0,22
1091,-9999.0,-9999.0,-9999.0,-9999.0,-9999.0,-9999.0,-9999.0,-9999.0,-9999.0,orientation,color,size,0.3400000000000001,6.5,18,female,1,1913.8339991000003,0,22
1092,-9999.0,-9999.0,-9999.0,-9999.0,-9999.0,-9999.0,-9999.0,-9999.0,-9999.0,orientation,color,size,0.3400000000000001,6.5,18,female,1,1913.8339991000003,0,22
1093,-9999.0,-9999.0,-9999.0,-9999.0,-9999.0,-9999.0,-9999.0,-9999.0,-9999.0,orientation,color,size,0.3400000000000001,6.5,18,female,1,1913.8339991000003,0,22
1094,-9999.0,-9999.0,-9999.0,-9999.0,-9999.0,-9999.0,-9999.0,-9999.0,-9999.0,orientation,color,size,0.3400000000000001,6.5,18,female,1,1913.8339991000003,0,22
1095,-9999.0,-9999.0,-9999.0,-9999.0,-9999.0,-9999.0,-9999.0,-9999.0,-9999.0,orientation,color,size,0.3400000000000001,6.5,18,female,1,1913.8339991000003,0,22
1096,-9999.0,-9999.0,-9999.0,-9999.0,-9999.0,-9999.0,-9999.0,-9999.0,-9999.0,orientation,color,size,0.3400000000000001,6.5,18,female,1,1913.8339991000003,0,22
1097,-9999.0,-9999.0,-9999.0,-9999.0,-9999.0,-9999.0,-9999.0,-9999.0,-9999.0,orientation,color,size,0.3400000000000001,6.5,18,female,1,1913.8339991000003,0,22
1098,-9999.0,-9999.0,-9999.0,-9999.0,-9999.0,-9999.0,-9999.0,-9999.0,-9999.0,orientation,color,size,0.3400000000000001,6.5,18,female,1,1913.8339991000003,0,22
1099,-9999.0,-9999.0,-9999.0,-9999.0,-9999.0,-9999.0,-9999.0,-9999.0,-9999.0,orientation,color,size,0.3400000000000001,6.5,18,female,1,1913.8339991000003,0,22
1100,-9999.0,-9999.0,-9999.0,-9999.0,-9999.0,-9999.0,-9999.0,-9999.0,-9999.0,orientation,color,size,0.3400000000000001,6.5,18,female,1,1913.8339991000003,0,22
1101,-9999.0,-9999.0,-9999.0,-9999.0,-9999.0,-9999.0,-9999.0,-9999.0,-9999.0,orientation,color,size,0.3400000000000001,6.5,18,female,1,1913.8339991000003,0,22
1102,-9999.0,-9999.0,-9999.0,-9999.0,-9999.0,-9999.0,-9999.0,-9999.0,-9999.0,orientation,color,size,0.3400000000000001,6.5,18,female,1,1913.8339991000003,0,22
1103,-9999.0,-9999.0,-9999.0,-9999.0,-9999.0,-9999.0,-9999.0,-9999.0,-9999.0,orientation,color,size,0.3400000000000001,6.5,18,female,1,1913.8339991000003,0,22
1104,-9999.0,-9999.0,-9999.0,-9999.0,-9999.0,-9999.0,-9999.0,-9999.0,-9999.0,orientation,color,size,0.3400000000000001,6.5,18,female,1,1913.8339991000003,0,22
1105,-9999.0,-9999.0,-9999.0,-9999.0,-9999.0,-9999.0,-9999.0,-9999.0,-9999.0,orientation,color,size,0.3400000000000001,6.5,18,female,1,1913.8339991000003,0,22
1106,-9999.0,-9999.0,-9999.0,-9999.0,-9999.0,-9999.0,-9999.0,-9999.0,-9999.0,orientation,color,size,0.3400000000000001,6.5,18,female,1,1913.8339991000003,0,22
1107,-9999.0,-9999.0,-9999.0,-9999.0,-9999.0,-9999.0,-9999.0,-9999.0,-9999.0,orientation,color,size,0.3400000000000001,6.5,18,female,1,1913.8339991000003,0,22
1108,-9999.0,-9999.0,-9999.0,-9999.0,-9999.0,-9999.0,-9999.0,-9999.0,-9999.0,orientation,color,size,0.3400000000000001,6.5,18,female,1,1913.8339991000003,0,22
1109,-9999.0,-9999.0,-9999.0,-9999.0,-9999.0,-9999.0,-9999.0,-9999.0,-9999.0,orientation,color,size,0.3400000000000001,6.5,18,female,1,1913.8339991000003,0,22
1110,-9999.0,-9999.0,-9999.0,-9999.0,-9999.0,-9999.0,-9999.0,-9999.0,-9999.0,orientation,color,size,0.3400000000000001,6.5,18,female,1,1913.8339991000003,0,22
1111,-9999.0,-9999.0,-9999.0,-9999.0,-9999.0,-9999.0,-9999.0,-9999.0,-9999.0,orientation,color,size,0.3400000000000001,6.5,18,female,1,1913.8339991000003,0,22
1112,-9999.0,-9999.0,-9999.0,-9999.0,-9999.0,-9999.0,-9999.0,-9999.0,-9999.0,orientation,color,size,0.3400000000000001,6.5,18,female,1,1913.8339991000003,0,22
1113,-9999.0,-9999.0,-9999.0,-9999.0,-9999.0,-9999.0,-9999.0,-9999.0,-9999.0,orientation,color,size,0.3400000000000001,6.5,18,female,1,1913.8339991000003,0,22
1114,-9999.0,-9999.0,-9999.0,-9999.0,-9999.0,-9999.0,-9999.0,-9999.0,-9999.0,orientation,color,size,0.3400000000000001,6.5,18,female,1,1913.8339991000003,0,22
1115,-9999.0,-9999.0,-9999.0,-9999.0,-9999.0,-9999.0,-9999.0,-9999.0,-9999.0,orientation,color,size,0.3400000000000001,6.5,18,female,1,1913.8339991000003,0,22
1116,-9999.0,-9999.0,-9999.0,-9999.0,-9999.0,-9999.0,-9999.0,-9999.0,-9999.0,orientation,color,size,0.3400000000000001,6.5,18,female,1,1913.8339991000003,0,22
1117,-9999.0,-9999.0,-9999.0,-9999.0,-9999.0,-9999.0,-9999.0,-9999.0,-9999.0,orientation,color,size,0.3400000000000001,6.5,18,female,1,1913.8339991000003,0,22
1118,-9999.0,-9999.0,-9999.0,-9999.0,-9999.0,-9999.0,-9999.0,-9999.0,-9999.0,orientation,color,size,0.3400000000000001,6.5,18,female,1,1913.8339991000003,0,22
1119,-9999.0,-9999.0,-9999.0,-9999.0,-9999.0,-9999.0,-9999.0,-9999.0,-9999.0,orientation,color,size,0.3400000000000001,6.5,18,female,1,1913.8339991000003,0,22
1120,-9999.0,-9999.0,-9999.0,-9999.0,-9999.0,-9999.0,-9999.0,-9999.0,-9999.0,orientation,color,size,0.3400000000000001,6.5,18,female,1,1913.8339991000003,0,22
1121,-9999.0,-9999.0,-9999.0,-9999.0,-9999.0,-9999.0,-9999.0,-9999.0,-9999.0,orientation,color,size,0.3400000000000001,6.5,18,female,1,1913.8339991000003,0,22
1122,-9999.0,-9999.0,-9999.0,-9999.0,-9999.0,-9999.0,-9999.0,-9999.0,-9999.0,orientation,color,size,0.3400000000000001,6.5,18,female,1,1913.8339991000003,0,22
1123,-9999.0,-9999.0,-9999.0,-9999.0,-9999.0,-9999.0,-9999.0,-9999.0,-9999.0,orientation,color,size,0.3400000000000001,6.5,18,female,1,1913.8339991000003,0,22
1124,-9999.0,-9999.0,-9999.0,-9999.0,-9999.0,-9999.0,-9999.0,-9999.0,-9999.0,orientation,color,size,0.3400000000000001,6.5,18,female,1,1913.8339991000003,0,22
1125,-9999.0,-9999.0,-9999.0,-9999.0,-9999.0,-9999.0,-9999.0,-9999.0,-9999.0,orientation,color,size,0.3400000000000001,6.5,18,female,1,1913.8339991000003,0,22
1126,-9999.0,-9999.0,-9999.0,-9999.0,-9999.0,-9999.0,-9999.0,-9999.0,-9999.0,orientation,color,size,0.3400000000000001,6.5,18,female,1,1913.8339991000003,0,22
1127,-9999.0,-9999.0,-9999.0,-9999.0,-9999.0,-9999.0,-9999.0,-9999.0,-9999.0,orientation,color,size,0.3400000000000001,6.5,18,female,1,1913.8339991000003,0,22
1128,-9999.0,-9999.0,-9999.0,-9999.0,-9999.0,-9999.0,-9999.0,-9999.0,-9999.0,orientation,color,size,0.3400000000000001,6.5,18,female,1,1913.8339991000003,0,22
1129,-9999.0,-9999.0,-9999.0,-9999.0,-9999.0,-9999.0,-9999.0,-9999.0,-9999.0,orientation,color,size,0.3400000000000001,6.5,18,female,1,1913.8339991000003,0,22
1130,-9999.0,-9999.0,-9999.0,-9999.0,-9999.0,-9999.0,-9999.0,-9999.0,-9999.0,orientation,color,size,0.3400000000000001,6.5,18,female,1,1913.8339991000003,0,22
1131,-9999.0,-9999.0,-9999.0,-9999.0,-9999.0,-9999.0,-9999.0,-9999.0,-9999.0,orientation,color,size,0.3400000000000001,6.5,18,female,1,1913.8339991000003,0,22
1132,-9999.0,-9999.0,-9999.0,-9999.0,-9999.0,-9999.0,-9999.0,-9999.0,-9999.0,orientation,color,size,0.3400000000000001,6.5,18,female,1,1913.8339991000003,0,22
1133,-9999.0,-9999.0,-9999.0,-9999.0,-9999.0,-9999.0,-9999.0,-9999.0,-9999.0,orientation,color,size,0.3400000000000001,6.5,18,female,1,1913.8339991000003,0,22
1134,-9999.0,-9999.0,-9999.0,-9999.0,-9999.0,-9999.0,-9999.0,-9999.0,-9999.0,orientation,color,size,0.3400000000000001,6.5,18,female,1,1913.8339991000003,0,22
1135,-9999.0,-9999.0,-9999.0,-9999.0,-9999.0,-9999.0,-9999.0,-9999.0,-9999.0,orientation,color,size,0.3400000000000001,6.5,18,female,1,1913.8339991000003,0,22
1136,-9999.0,-9999.0,-9999.0,-9999.0,-9999.0,-9999.0,-9999.0,-9999.0,-9999.0,orientation,color,size,0.3400000000000001,6.5,18,female,1,1913.8339991000003,0,22
1137,-9999.0,-9999.0,-9999.0,-9999.0,-9999.0,-9999.0,-9999.0,-9999.0,-9999.0,orientation,color,size,0.3400000000000001,6.5,18,female,1,1913.8339991000003,0,22
1138,-9999.0,-9999.0,-9999.0,-9999.0,-9999.0,-9999.0,-9999.0,-9999.0,-9999.0,orientation,color,size,0.3400000000000001,6.5,18,female,1,1913.8339991000003,0,22
1139,-9999.0,-9999.0,-9999.0,-9999.0,-9999.0,-9999.0,-9999.0,-9999.0,-9999.0,orientation,color,size,0.3400000000000001,6.5,18,female,1,1913.8339991000003,0,22
1140,-9999.0,-9999.0,-9999.0,-9999.0,-9999.0,-9999.0,-9999.0,-9999.0,-9999.0,orientation,color,size,0.3400000000000001,6.5,18,female,1,1913.8339991000003,0,22
1141,-9999.0,-9999.0,-9999.0,-9999.0,-9999.0,-9999.0,-9999.0,-9999.0,-9999.0,orientation,color,size,0.3400000000000001,6.5,18,female,1,1913.8339991000003,0,22
1142,-9999.0,-9999.0,-9999.0,-9999.0,-9999.0,-9999.0,-9999.0,-9999.0,-9999.0,orientation,color,size,0.3400000000000001,6.5,18,female,1,1913.8339991000003,0,22
1143,-9999.0,-9999.0,-9999.0,-9999.0,-9999.0,-9999.0,-9999.0,-9999.0,-9999.0,orientation,color,size,0.3400000000000001,6.5,18,female,1,1913.8339991000003,0,22
1144,-9999.0,-9999.0,-9999.0,-9999.0,-9999.0,-9999.0,-9999.0,-9999.0,-9999.0,orientation,color,size,0.3400000000000001,6.5,18,female,1,1913.8339991000003,0,22
1145,-9999.0,-9999.0,-9999.0,-9999.0,-9999.0,-9999.0,-9999.0,-9999.0,-9999.0,orientation,color,size,0.3400000000000001,6.5,18,female,1,1913.8339991000003,0,22
1146,-9999.0,-9999.0,-9999.0,-9999.0,-9999.0,-9999.0,-9999.0,-9999.0,-9999.0,orientation,color,size,0.3400000000000001,6.5,18,female,1,1913.8339991000003,0,22
1147,-9999.0,-9999.0,-9999.0,-9999.0,-9999.0,-9999.0,-9999.0,-9999.0,-9999.0,orientation,color,size,0.3400000000000001,6.5,18,female,1,1913.8339991000003,0,22
1148,-9999.0,-9999.0,-9999.0,-9999.0,-9999.0,-9999.0,-9999.0,-9999.0,-9999.0,orientation,color,size,0.3400000000000001,6.5,18,female,1,1913.8339991000003,0,22
1149,-9999.0,-9999.0,-9999.0,-9999.0,-9999.0,-9999.0,-9999.0,-9999.0,-9999.0,orientation,color,size,0.3400000000000001,6.5,18,female,1,1913.8339991000003,0,22
1150,-9999.0,-9999.0,-9999.0,-9999.0,-9999.0,-9999.0,-9999.0,-9999.0,-9999.0,orientation,color,size,0.3400000000000001,6.5,18,female,1,1913.8339991000003,0,22
1151,-9999.0,-9999.0,-9999.0,-9999.0,-9999.0,-9999.0,-9999.0,-9999.0,-9999.0,orientation,color,size,0.3400000000000001,6.5,18,female,1,1913.8339991000003,0,22
1152,-9999.0,-9999.0,-9999.0,-9999.0,-9999.0,-9999.0,-9999.0,-9999.0,-9999.0,orientation,color,size,0.3400000000000001,6.5,18,female,1,1913.8339991000003,0,22
1153,-9999.0,-9999.0,-9999.0,-9999.0,-9999.0,-9999.0,-9999.0,-9999.0,-9999.0,orientation,color,size,0.3400000000000001,6.5,18,female,1,1913.8339991000003,0,22
1154,-9999.0,-9999.0,-9999.0,-9999.0,-9999.0,-9999.0,-9999.0,-9999.0,-9999.0,orientation,color,size,0.3400000000000001,6.5,18,female,1,1913.8339991000003,0,22
1155,-9999.0,-9999.0,-9999.0,-9999.0,-9999.0,-9999.0,-9999.0,-9999.0,-9999.0,orientation,color,size,0.3400000000000001,6.5,18,female,1,1913.8339991000003,0,22
1156,-9999.0,-9999.0,-9999.0,-9999.0,-9999.0,-9999.0,-9999.0,-9999.0,-9999.0,orientation,color,size,0.3400000000000001,6.5,18,female,1,1913.8339991000003,0,22
1157,-9999.0,-9999.0,-9999.0,-9999.0,-9999.0,-9999.0,-9999.0,-9999.0,-9999.0,orientation,color,size,0.3400000000000001,6.5,18,female,1,1913.8339991000003,0,22
1158,-9999.0,-9999.0,-9999.0,-9999.0,-9999.0,-9999.0,-9999.0,-9999.0,-9999.0,orientation,color,size,0.3400000000000001,6.5,18,female,1,1913.8339991000003,0,22
1159,-9999.0,-9999.0,-9999.0,-9999.0,-9999.0,-9999.0,-9999.0,-9999.0,-9999.0,orientation,color,size,0.3400000000000001,6.5,18,female,1,1913.8339991000003,0,22
1160,-9999.0,-9999.0,-9999.0,-9999.0,-9999.0,-9999.0,-9999.0,-9999.0,-9999.0,orientation,color,size,0.3400000000000001,6.5,18,female,1,1913.8339991000003,0,22
1161,-9999.0,-9999.0,-9999.0,-9999.0,-9999.0,-9999.0,-9999.0,-9999.0,-9999.0,orientation,color,size,0.3400000000000001,6.5,18,female,1,1913.8339991000003,0,22
1162,-9999.0,-9999.0,-9999.0,-9999.0,-9999.0,-9999.0,-9999.0,-9999.0,-9999.0,orientation,color,size,0.3400000000000001,6.5,18,female,1,1913.8339991000003,0,22
1163,-9999.0,-9999.0,-9999.0,-9999.0,-9999.0,-9999.0,-9999.0,-9999.0,-9999.0,orientation,color,size,0.3400000000000001,6.5,18,female,1,1913.8339991000003,0,22
1164,-9999.0,-9999.0,-9999.0,-9999.0,-9999.0,-9999.0,-9999.0,-9999.0,-9999.0,orientation,color,size,0.3400000000000001,6.5,18,female,1,1913.8339991000003,0,22
1165,-9999.0,-9999.0,-9999.0,-9999.0,-9999.0,-9999.0,-9999.0,-9999.0,-9999.0,orientation,color,size,0.3400000000000001,6.5,18,female,1,1913.8339991000003,0,22
1166,-9999.0,-9999.0,-9999.0,-9999.0,-9999.0,-9999.0,-9999.0,-9999.0,-9999.0,orientation,color,size,0.3400000000000001,6.5,18,female,1,1913.8339991000003,0,22
1167,-9999.0,-9999.0,-9999.0,-9999.0,-9999.0,-9999.0,-9999.0,-9999.0,-9999.0,orientation,color,size,0.3400000000000001,6.5,18,female,1,1913.8339991000003,0,22
1168,-9999.0,-9999.0,-9999.0,-9999.0,-9999.0,-9999.0,-9999.0,-9999.0,-9999.0,orientation,color,size,0.3400000000000001,6.5,18,female,1,1913.8339991000003,0,22
1169,-9999.0,-9999.0,-9999.0,-9999.0,-9999.0,-9999.0,-9999.0,-9999.0,-9999.0,orientation,color,size,0.3400000000000001,6.5,18,female,1,1913.8339991000003,0,22
1170,-9999.0,-9999.0,-9999.0,-9999.0,-9999.0,-9999.0,-9999.0,-9999.0,-9999.0,orientation,color,size,0.3400000000000001,6.5,18,female,1,1913.8339991000003,0,22
1171,-9999.0,-9999.0,-9999.0,-9999.0,-9999.0,-9999.0,-9999.0,-9999.0,-9999.0,orientation,color,size,0.3400000000000001,6.5,18,female,1,1913.8339991000003,0,22
1172,-9999.0,-9999.0,-9999.0,-9999.0,-9999.0,-9999.0,-9999.0,-9999.0,-9999.0,orientation,color,size,0.3400000000000001,6.5,18,female,1,1913.8339991000003,0,22
1173,-9999.0,-9999.0,-9999.0,-9999.0,-9999.0,-9999.0,-9999.0,-9999.0,-9999.0,orientation,color,size,0.3400000000000001,6.5,18,female,1,1913.8339991000003,0,22
1174,-9999.0,-9999.0,-9999.0,-9999.0,-9999.0,-9999.0,-9999.0,-9999.0,-9999.0,orientation,color,size,0.3400000000000001,6.5,18,female,1,1913.8339991000003,0,22
1175,-9999.0,-9999.0,-9999.0,-9999.0,-9999.0,-9999.0,-9999.0,-9999.0,-9999.0,orientation,color,size,0.3400000000000001,6.5,18,female,1,1913.8339991000003,0,22
1176,-9999.0,-9999.0,-9999.0,-9999.0,-9999.0,-9999.0,-9999.0,-9999.0,-9999.0,orientation,color,size,0.3400000000000001,6.5,18,female,1,1913.8339991000003,0,22
1177,-9999.0,-9999.0,-9999.0,-9999.0,-9999.0,-9999.0,-9999.0,-9999.0,-9999.0,orientation,color,size,0.3400000000000001,6.5,18,female,1,1913.8339991000003,0,22
1178,-9999.0,-9999.0,-9999.0,-9999.0,-9999.0,-9999.0,-9999.0,-9999.0,-9999.0,orientation,color,size,0.3400000000000001,6.5,18,female,1,1913.8339991000003,0,22
1179,-9999.0,-9999.0,-9999.0,-9999.0,-9999.0,-9999.0,-9999.0,-9999.0,-9999.0,orientation,color,size,0.3400000000000001,6.5,18,female,1,1913.8339991000003,0,22
1180,-9999.0,-9999.0,-9999.0,-9999.0,-9999.0,-9999.0,-9999.0,-9999.0,-9999.0,orientation,color,size,0.3400000000000001,6.5,18,female,1,1913.8339991000003,0,22
1181,-9999.0,-9999.0,-9999.0,-9999.0,-9999.0,-9999.0,-9999.0,-9999.0,-9999.0,orientation,color,size,0.3400000000000001,6.5,18,female,1,1913.8339991000003,0,22
1182,-9999.0,-9999.0,-9999.0,-9999.0,-9999.0,-9999.0,-9999.0,-9999.0,-9999.0,orientation,color,size,0.3400000000000001,6.5,18,female,1,1913.8339991000003,0,22
1183,-9999.0,-9999.0,-9999.0,-9999.0,-9999.0,-9999.0,-9999.0,-9999.0,-9999.0,orientation,color,size,0.3400000000000001,6.5,18,female,1,1913.8339991000003,0,22
1184,-9999.0,-9999.0,-9999.0,-9999.0,-9999.0,-9999.0,-9999.0,-9999.0,-9999.0,orientation,color,size,0.3400000000000001,6.5,18,female,1,1913.8339991000003,0,22
1185,-9999.0,-9999.0,-9999.0,-9999.0,-9999.0,-9999.0,-9999.0,-9999.0,-9999.0,orientation,color,size,0.3400000000000001,6.5,18,female,1,1913.8339991000003,0,22
1186,-9999.0,-9999.0,-9999.0,-9999.0,-9999.0,-9999.0,-9999.0,-9999.0,-9999.0,orientation,color,size,0.3400000000000001,6.5,18,female,1,1913.8339991000003,0,22
1187,-9999.0,-9999.0,-9999.0,-9999.0,-9999.0,-9999.0,-9999.0,-9999.0,-9999.0,orientation,color,size,0.3400000000000001,6.5,18,female,1,1913.8339991000003,0,22
1188,-9999.0,-9999.0,-9999.0,-9999.0,-9999.0,-9999.0,-9999.0,-9999.0,-9999.0,orientation,color,size,0.3400000000000001,6.5,18,female,1,1913.8339991000003,0,22
1189,-9999.0,-9999.0,-9999.0,-9999.0,-9999.0,-9999.0,-9999.0,-9999.0,-9999.0,orientation,color,size,0.3400000000000001,6.5,18,female,1,1913.8339991000003,0,22
1190,-9999.0,-9999.0,-9999.0,-9999.0,-9999.0,-9999.0,-9999.0,-9999.0,-9999.0,orientation,color,size,0.3400000000000001,6.5,18,female,1,1913.8339991000003,0,22
1191,-9999.0,-9999.0,-9999.0,-9999.0,-9999.0,-9999.0,-9999.0,-9999.0,-9999.0,orientation,color,size,0.3400000000000001,6.5,18,female,1,1913.8339991000003,0,22
1192,-9999.0,-9999.0,-9999.0,-9999.0,-9999.0,-9999.0,-9999.0,-9999.0,-9999.0,orientation,color,size,0.3400000000000001,6.5,18,female,1,1913.8339991000003,0,22
1193,-9999.0,-9999.0,-9999.0,-9999.0,-9999.0,-9999.0,-9999.0,-9999.0,-9999.0,orientation,color,size,0.3400000000000001,6.5,18,female,1,1913.8339991000003,0,22
1194,-9999.0,-9999.0,-9999.0,-9999.0,-9999.0,-9999.0,-9999.0,-9999.0,-9999.0,orientation,color,size,0.3400000000000001,6.5,18,female,1,1913.8339991000003,0,22
1195,-9999.0,-9999.0,-9999.0,-9999.0,-9999.0,-9999.0,-9999.0,-9999.0,-9999.0,orientation,color,size,0.3400000000000001,6.5,18,female,1,1913.8339991000003,0,22
1196,-9999.0,-9999.0,-9999.0,-9999.0,-9999.0,-9999.0,-9999.0,-9999.0,-9999.0,orientation,color,size,0.3400000000000001,6.5,18,female,1,1913.8339991000003,0,22
1197,-9999.0,-9999.0,-9999.0,-9999.0,-9999.0,-9999.0,-9999.0,-9999.0,-9999.0,orientation,color,size,0.3400000000000001,6.5,18,female,1,1913.8339991000003,0,22
1198,-9999.0,-9999.0,-9999.0,-9999.0,-9999.0,-9999.0,-9999.0,-9999.0,-9999.0,orientation,color,size,0.3400000000000001,6.5,18,female,1,1913.8339991000003,0,22
1199,-9999.0,-9999.0,-9999.0,-9999.0,-9999.0,-9999.0,-9999.0,-9999.0,-9999.0,orientation,color,size,0.3400000000000001,6.5,18,female,1,1913.8339991000003,0,22
1200,-9999.0,-9999.0,-9999.0,-9999.0,-9999.0,-9999.0,-9999.0,-9999.0,-9999.0,orientation,color,size,0.3400000000000001,6.5,18,female,1,1913.8339991000003,0,22
1201,-9999.0,-9999.0,-9999.0,-9999.0,-9999.0,-9999.0,-9999.0,-9999.0,-9999.0,orientation,color,size,0.3400000000000001,6.5,18,female,1,1913.8339991000003,0,22
1202,-9999.0,-9999.0,-9999.0,-9999.0,-9999.0,-9999.0,-9999.0,-9999.0,-9999.0,orientation,color,size,0.3400000000000001,6.5,18,female,1,1913.8339991000003,0,22
1203,-9999.0,-9999.0,-9999.0,-9999.0,-9999.0,-9999.0,-9999.0,-9999.0,-9999.0,orientation,color,size,0.3400000000000001,6.5,18,female,1,1913.8339991000003,0,22
1204,-9999.0,-9999.0,-9999.0,-9999.0,-9999.0,-9999.0,-9999.0,-9999.0,-9999.0,orientation,color,size,0.3400000000000001,6.5,18,female,1,1913.8339991000003,0,22
1205,-9999.0,-9999.0,-9999.0,-9999.0,-9999.0,-9999.0,-9999.0,-9999.0,-9999.0,orientation,color,size,0.3400000000000001,6.5,18,female,1,1913.8339991000003,0,22
1206,-9999.0,-9999.0,-9999.0,-9999.0,-9999.0,-9999.0,-9999.0,-9999.0,-9999.0,orientation,color,size,0.3400000000000001,6.5,18,female,1,1913.8339991000003,0,22
1207,-9999.0,-9999.0,-9999.0,-9999.0,-9999.0,-9999.0,-9999.0,-9999.0,-9999.0,orientation,color,size,0.3400000000000001,6.5,18,female,1,1913.8339991000003,0,22
1208,-9999.0,-9999.0,-9999.0,-9999.0,-9999.0,-9999.0,-9999.0,-9999.0,-9999.0,orientation,color,size,0.3400000000000001,6.5,18,female,1,1913.8339991000003,0,22
1209,-9999.0,-9999.0,-9999.0,-9999.0,-9999.0,-9999.0,-9999.0,-9999.0,-9999.0,orientation,color,size,0.3400000000000001,6.5,18,female,1,1913.8339991000003,0,22
1210,-9999.0,-9999.0,-9999.0,-9999.0,-9999.0,-9999.0,-9999.0,-9999.0,-9999.0,orientation,color,size,0.3400000000000001,6.5,18,female,1,1913.8339991000003,0,22
1211,-9999.0,-9999.0,-9999.0,-9999.0,-9999.0,-9999.0,-9999.0,-9999.0,-9999.0,orientation,color,size,0.3400000000000001,6.5,18,female,1,1913.8339991000003,0,22
1212,-9999.0,-9999.0,-9999.0,-9999.0,-9999.0,-9999.0,-9999.0,-9999.0,-9999.0,orientation,color,size,0.3400000000000001,6.5,18,female,1,1913.8339991000003,0,22
1213,-9999.0,-9999.0,-9999.0,-9999.0,-9999.0,-9999.0,-9999.0,-9999.0,-9999.0,orientation,color,size,0.3400000000000001,6.5,18,female,1,1913.8339991000003,0,22
1214,-9999.0,-9999.0,-9999.0,-9999.0,-9999.0,-9999.0,-9999.0,-9999.0,-9999.0,orientation,color,size,0.3400000000000001,6.5,18,female,1,1913.8339991000003,0,22
1215,-9999.0,-9999.0,-9999.0,-9999.0,-9999.0,-9999.0,-9999.0,-9999.0,-9999.0,orientation,color,size,0.3400000000000001,6.5,18,female,1,1913.8339991000003,0,22
1216,-9999.0,-9999.0,-9999.0,-9999.0,-9999.0,-9999.0,-9999.0,-9999.0,-9999.0,orientation,color,size,0.3400000000000001,6.5,18,female,1,1913.8339991000003,0,22
1217,-9999.0,-9999.0,-9999.0,-9999.0,-9999.0,-9999.0,-9999.0,-9999.0,-9999.0,orientation,color,size,0.3400000000000001,6.5,18,female,1,1913.8339991000003,0,22
1218,-9999.0,-9999.0,-9999.0,-9999.0,-9999.0,-9999.0,-9999.0,-9999.0,-9999.0,orientation,color,size,0.3400000000000001,6.5,18,female,1,1913.8339991000003,0,22
1219,-9999.0,-9999.0,-9999.0,-9999.0,-9999.0,-9999.0,-9999.0,-9999.0,-9999.0,orientation,color,size,0.3400000000000001,6.5,18,female,1,1913.8339991000003,0,22
1220,-9999.0,-9999.0,-9999.0,-9999.0,-9999.0,-9999.0,-9999.0,-9999.0,-9999.0,orientation,color,size,0.3400000000000001,6.5,18,female,1,1913.8339991000003,0,22
1221,-9999.0,-9999.0,-9999.0,-9999.0,-9999.0,-9999.0,-9999.0,-9999.0,-9999.0,orientation,color,size,0.3400000000000001,6.5,18,female,1,1913.8339991000003,0,22
1222,-9999.0,-9999.0,-9999.0,-9999.0,-9999.0,-9999.0,-9999.0,-9999.0,-9999.0,orientation,color,size,0.3400000000000001,6.5,18,female,1,1913.8339991000003,0,22
1223,-9999.0,-9999.0,-9999.0,-9999.0,-9999.0,-9999.0,-9999.0,-9999.0,-9999.0,orientation,color,size,0.3400000000000001,6.5,18,female,1,1913.8339991000003,0,22
1224,-9999.0,-9999.0,-9999.0,-9999.0,-9999.0,-9999.0,-9999.0,-9999.0,-9999.0,orientation,color,size,0.3400000000000001,6.5,18,female,1,1913.8339991000003,0,22
1225,-9999.0,-9999.0,-9999.0,-9999.0,-9999.0,-9999.0,-9999.0,-9999.0,-9999.0,orientation,color,size,0.3400000000000001,6.5,18,female,1,1913.8339991000003,0,22
1226,-9999.0,-9999.0,-9999.0,-9999.0,-9999.0,-9999.0,-9999.0,-9999.0,-9999.0,orientation,color,size,0.3400000000000001,6.5,18,female,1,1913.8339991000003,0,22
1227,-9999.0,-9999.0,-9999.0,-9999.0,-9999.0,-9999.0,-9999.0,-9999.0,-9999.0,orientation,color,size,0.3400000000000001,6.5,18,female,1,1913.8339991000003,0,22
1228,-9999.0,-9999.0,-9999.0,-9999.0,-9999.0,-9999.0,-9999.0,-9999.0,-9999.0,orientation,color,size,0.3400000000000001,6.5,18,female,1,1913.8339991000003,0,22
1229,-9999.0,-9999.0,-9999.0,-9999.0,-9999.0,-9999.0,-9999.0,-9999.0,-9999.0,orientation,color,size,0.3400000000000001,6.5,18,female,1,1913.8339991000003,0,22
1230,-9999.0,-9999.0,-9999.0,-9999.0,-9999.0,-9999.0,-9999.0,-9999.0,-9999.0,orientation,color,size,0.3400000000000001,6.5,18,female,1,1913.8339991000003,0,22
1231,-9999.0,-9999.0,-9999.0,-9999.0,-9999.0,-9999.0,-9999.0,-9999.0,-9999.0,orientation,color,size,0.3400000000000001,6.5,18,female,1,1913.8339991000003,0,22
1232,-9999.0,-9999.0,-9999.0,-9999.0,-9999.0,-9999.0,-9999.0,-9999.0,-9999.0,orientation,color,size,0.3400000000000001,6.5,18,female,1,1913.8339991000003,0,22
1233,-9999.0,-9999.0,-9999.0,-9999.0,-9999.0,-9999.0,-9999.0,-9999.0,-9999.0,orientation,color,size,0.3400000000000001,6.5,18,female,1,1913.8339991000003,0,22
1234,-9999.0,-9999.0,-9999.0,-9999.0,-9999.0,-9999.0,-9999.0,-9999.0,-9999.0,orientation,color,size,0.3400000000000001,6.5,18,female,1,1913.8339991000003,0,22
1235,-9999.0,-9999.0,-9999.0,-9999.0,-9999.0,-9999.0,-9999.0,-9999.0,-9999.0,orientation,color,size,0.3400000000000001,6.5,18,female,1,1913.8339991000003,0,22
1236,-9999.0,-9999.0,-9999.0,-9999.0,-9999.0,-9999.0,-9999.0,-9999.0,-9999.0,orientation,color,size,0.3400000000000001,6.5,18,female,1,1913.8339991000003,0,22
1237,-9999.0,-9999.0,-9999.0,-9999.0,-9999.0,-9999.0,-9999.0,-9999.0,-9999.0,orientation,color,size,0.3400000000000001,6.5,18,female,1,1913.8339991000003,0,22
1238,-9999.0,-9999.0,-9999.0,-9999.0,-9999.0,-9999.0,-9999.0,-9999.0,-9999.0,orientation,color,size,0.3400000000000001,6.5,18,female,1,1913.8339991000003,0,22
1239,-9999.0,-9999.0,-9999.0,-9999.0,-9999.0,-9999.0,-9999.0,-9999.0,-9999.0,orientation,color,size,0.3400000000000001,6.5,18,female,1,1913.8339991000003,0,22
1240,-9999.0,-9999.0,-9999.0,-9999.0,-9999.0,-9999.0,-9999.0,-9999.0,-9999.0,orientation,color,size,0.3400000000000001,6.5,18,female,1,1913.8339991000003,0,22
1241,-9999.0,-9999.0,-9999.0,-9999.0,-9999.0,-9999.0,-9999.0,-9999.0,-9999.0,orientation,color,size,0.3400000000000001,6.5,18,female,1,1913.8339991000003,0,22
1242,-9999.0,-9999.0,-9999.0,-9999.0,-9999.0,-9999.0,-9999.0,-9999.0,-9999.0,orientation,color,size,0.3400000000000001,6.5,18,female,1,1913.8339991000003,0,22
1243,-9999.0,-9999.0,-9999.0,-9999.0,-9999.0,-9999.0,-9999.0,-9999.0,-9999.0,orientation,color,size,0.3400000000000001,6.5,18,female,1,1913.8339991000003,0,22
1244,-9999.0,-9999.0,-9999.0,-9999.0,-9999.0,-9999.0,-9999.0,-9999.0,-9999.0,orientation,color,size,0.3400000000000001,6.5,18,female,1,1913.8339991000003,0,22
1245,-9999.0,-9999.0,-9999.0,-9999.0,-9999.0,-9999.0,-9999.0,-9999.0,-9999.0,orientation,color,size,0.3400000000000001,6.5,18,female,1,1913.8339991000003,0,22
1246,-9999.0,-9999.0,-9999.0,-9999.0,-9999.0,-9999.0,-9999.0,-9999.0,-9999.0,orientation,color,size,0.3400000000000001,6.5,18,female,1,1913.8339991000003,0,22
1247,-9999.0,-9999.0,-9999.0,-9999.0,-9999.0,-9999.0,-9999.0,-9999.0,-9999.0,orientation,color,size,0.3400000000000001,6.5,18,female,1,1913.8339991000003,0,22
1248,-9999.0,-9999.0,-9999.0,-9999.0,-9999.0,-9999.0,-9999.0,-9999.0,-9999.0,orientation,color,size,0.3400000000000001,6.5,18,female,1,1913.8339991000003,0,22
1249,-9999.0,-9999.0,-9999.0,-9999.0,-9999.0,-9999.0,-9999.0,-9999.0,-9999.0,orientation,color,size,0.3400000000000001,6.5,18,female,1,1913.8339991000003,0,22
1250,-9999.0,-9999.0,-9999.0,-9999.0,-9999.0,-9999.0,-9999.0,-9999.0,-9999.0,orientation,color,size,0.3400000000000001,6.5,18,female,1,1913.8339991000003,0,22
1251,-9999.0,-9999.0,-9999.0,-9999.0,-9999.0,-9999.0,-9999.0,-9999.0,-9999.0,orientation,color,size,0.3400000000000001,6.5,18,female,1,1913.8339991000003,0,22
1252,-9999.0,-9999.0,-9999.0,-9999.0,-9999.0,-9999.0,-9999.0,-9999.0,-9999.0,orientation,color,size,0.3400000000000001,6.5,18,female,1,1913.8339991000003,0,22
1253,-9999.0,-9999.0,-9999.0,-9999.0,-9999.0,-9999.0,-9999.0,-9999.0,-9999.0,orientation,color,size,0.3400000000000001,6.5,18,female,1,1913.8339991000003,0,22
1254,-9999.0,-9999.0,-9999.0,-9999.0,-9999.0,-9999.0,-9999.0,-9999.0,-9999.0,orientation,color,size,0.3400000000000001,6.5,18,female,1,1913.8339991000003,0,22
1255,-9999.0,-9999.0,-9999.0,-9999.0,-9999.0,-9999.0,-9999.0,-9999.0,-9999.0,orientation,color,size,0.3400000000000001,6.5,18,female,1,1913.8339991000003,0,22
1256,-9999.0,-9999.0,-9999.0,-9999.0,-9999.0,-9999.0,-9999.0,-9999.0,-9999.0,orientation,color,size,0.3400000000000001,6.5,18,female,1,1913.8339991000003,0,22
1257,-9999.0,-9999.0,-9999.0,-9999.0,-9999.0,-9999.0,-9999.0,-9999.0,-9999.0,orientation,color,size,0.3400000000000001,6.5,18,female,1,1913.8339991000003,0,22
1258,-9999.0,-9999.0,-9999.0,-9999.0,-9999.0,-9999.0,-9999.0,-9999.0,-9999.0,orientation,color,size,0.3400000000000001,6.5,18,female,1,1913.8339991000003,0,22
1259,-9999.0,-9999.0,-9999.0,-9999.0,-9999.0,-9999.0,-9999.0,-9999.0,-9999.0,orientation,color,size,0.3400000000000001,6.5,18,female,1,1913.8339991000003,0,22
1260,-9999.0,-9999.0,-9999.0,-9999.0,-9999.0,-9999.0,-9999.0,-9999.0,-9999.0,orientation,color,size,0.3400000000000001,6.5,18,female,1,1913.8339991000003,0,22
1261,-9999.0,-9999.0,-9999.0,-9999.0,-9999.0,-9999.0,-9999.0,-9999.0,-9999.0,orientation,color,size,0.3400000000000001,6.5,18,female,1,1913.8339991000003,0,22
1262,-9999.0,-9999.0,-9999.0,-9999.0,-9999.0,-9999.0,-9999.0,-9999.0,-9999.0,orientation,color,size,0.3400000000000001,6.5,18,female,1,1913.8339991000003,0,22
1263,-9999.0,-9999.0,-9999.0,-9999.0,-9999.0,-9999.0,-9999.0,-9999.0,-9999.0,orientation,color,size,0.3400000000000001,6.5,18,female,1,1913.8339991000003,0,22
1264,-9999.0,-9999.0,-9999.0,-9999.0,-9999.0,-9999.0,-9999.0,-9999.0,-9999.0,orientation,color,size,0.3400000000000001,6.5,18,female,1,1913.8339991000003,0,22
1265,-9999.0,-9999.0,-9999.0,-9999.0,-9999.0,-9999.0,-9999.0,-9999.0,-9999.0,orientation,color,size,0.3400000000000001,6.5,18,female,1,1913.8339991000003,0,22
1266,-9999.0,-9999.0,-9999.0,-9999.0,-9999.0,-9999.0,-9999.0,-9999.0,-9999.0,orientation,color,size,0.3400000000000001,6.5,18,female,1,1913.8339991000003,0,22
1267,-9999.0,-9999.0,-9999.0,-9999.0,-9999.0,-9999.0,-9999.0,-9999.0,-9999.0,orientation,color,size,0.3400000000000001,6.5,18,female,1,1913.8339991000003,0,22
1268,-9999.0,-9999.0,-9999.0,-9999.0,-9999.0,-9999.0,-9999.0,-9999.0,-9999.0,orientation,color,size,0.3400000000000001,6.5,18,female,1,1913.8339991000003,0,22
1269,-9999.0,-9999.0,-9999.0,-9999.0,-9999.0,-9999.0,-9999.0,-9999.0,-9999.0,orientation,color,size,0.3400000000000001,6.5,18,female,1,1913.8339991000003,0,22
1270,-9999.0,-9999.0,-9999.0,-9999.0,-9999.0,-9999.0,-9999.0,-9999.0,-9999.0,orientation,color,size,0.3400000000000001,6.5,18,female,1,1913.8339991000003,0,22
1271,-9999.0,-9999.0,-9999.0,-9999.0,-9999.0,-9999.0,-9999.0,-9999.0,-9999.0,orientation,color,size,0.3400000000000001,6.5,18,female,1,1913.8339991000003,0,22
1272,-9999.0,-9999.0,-9999.0,-9999.0,-9999.0,-9999.0,-9999.0,-9999.0,-9999.0,orientation,color,size,0.3400000000000001,6.5,18,female,1,1913.8339991000003,0,22
1273,-9999.0,-9999.0,-9999.0,-9999.0,-9999.0,-9999.0,-9999.0,-9999.0,-9999.0,orientation,color,size,0.3400000000000001,6.5,18,female,1,1913.8339991000003,0,22
1274,-9999.0,-9999.0,-9999.0,-9999.0,-9999.0,-9999.0,-9999.0,-9999.0,-9999.0,orientation,color,size,0.3400000000000001,6.5,18,female,1,1913.8339991000003,0,22
1275,-9999.0,-9999.0,-9999.0,-9999.0,-9999.0,-9999.0,-9999.0,-9999.0,-9999.0,orientation,color,size,0.3400000000000001,6.5,18,female,1,1913.8339991000003,0,22
1276,-9999.0,-9999.0,-9999.0,-9999.0,-9999.0,-9999.0,-9999.0,-9999.0,-9999.0,orientation,color,size,0.3400000000000001,6.5,18,female,1,1913.8339991000003,0,22
1277,-9999.0,-9999.0,-9999.0,-9999.0,-9999.0,-9999.0,-9999.0,-9999.0,-9999.0,orientation,color,size,0.3400000000000001,6.5,18,female,1,1913.8339991000003,0,22
1278,-9999.0,-9999.0,-9999.0,-9999.0,-9999.0,-9999.0,-9999.0,-9999.0,-9999.0,orientation,color,size,0.3400000000000001,6.5,18,female,1,1913.8339991000003,0,22
1279,-9999.0,-9999.0,-9999.0,-9999.0,-9999.0,-9999.0,-9999.0,-9999.0,-9999.0,orientation,color,size,0.3400000000000001,6.5,18,female,1,1913.8339991000003,0,22
1280,-9999.0,-9999.0,-9999.0,-9999.0,-9999.0,-9999.0,-9999.0,-9999.0,-9999.0,orientation,color,size,0.3400000000000001,6.5,18,female,1,1913.8339991000003,0,22
1281,-9999.0,-9999.0,-9999.0,-9999.0,-9999.0,-9999.0,-9999.0,-9999.0,-9999.0,orientation,color,size,0.3400000000000001,6.5,18,female,1,1913.8339991000003,0,22
1282,-9999.0,-9999.0,-9999.0,-9999.0,-9999.0,-9999.0,-9999.0,-9999.0,-9999.0,orientation,color,size,0.3400000000000001,6.5,18,female,1,1913.8339991000003,0,22
1283,-9999.0,-9999.0,-9999.0,-9999.0,-9999.0,-9999.0,-9999.0,-9999.0,-9999.0,orientation,color,size,0.3400000000000001,6.5,18,female,1,1913.8339991000003,0,22
1284,-9999.0,-9999.0,-9999.0,-9999.0,-9999.0,-9999.0,-9999.0,-9999.0,-9999.0,orientation,color,size,0.3400000000000001,6.5,18,female,1,1913.8339991000003,0,22
1285,-9999.0,-9999.0,-9999.0,-9999.0,-9999.0,-9999.0,-9999.0,-9999.0,-9999.0,orientation,color,size,0.3400000000000001,6.5,18,female,1,1913.8339991000003,0,22
1286,-9999.0,-9999.0,-9999.0,-9999.0,-9999.0,-9999.0,-9999.0,-9999.0,-9999.0,orientation,color,size,0.3400000000000001,6.5,18,female,1,1913.8339991000003,0,22
1287,-9999.0,-9999.0,-9999.0,-9999.0,-9999.0,-9999.0,-9999.0,-9999.0,-9999.0,orientation,color,size,0.3400000000000001,6.5,18,female,1,1913.8339991000003,0,22
1288,-9999.0,-9999.0,-9999.0,-9999.0,-9999.0,-9999.0,-9999.0,-9999.0,-9999.0,orientation,color,size,0.3400000000000001,6.5,18,female,1,1913.8339991000003,0,22
1289,-9999.0,-9999.0,-9999.0,-9999.0,-9999.0,-9999.0,-9999.0,-9999.0,-9999.0,orientation,color,size,0.3400000000000001,6.5,18,female,1,1913.8339991000003,0,22
1290,-9999.0,-9999.0,-9999.0,-9999.0,-9999.0,-9999.0,-9999.0,-9999.0,-9999.0,orientation,color,size,0.3400000000000001,6.5,18,female,1,1913.8339991000003,0,22
1291,-9999.0,-9999.0,-9999.0,-9999.0,-9999.0,-9999.0,-9999.0,-9999.0,-9999.0,orientation,color,size,0.3400000000000001,6.5,18,female,1,1913.8339991000003,0,22
1292,-9999.0,-9999.0,-9999.0,-9999.0,-9999.0,-9999.0,-9999.0,-9999.0,-9999.0,orientation,color,size,0.3400000000000001,6.5,18,female,1,1913.8339991000003,0,22
1293,-9999.0,-9999.0,-9999.0,-9999.0,-9999.0,-9999.0,-9999.0,-9999.0,-9999.0,orientation,color,size,0.3400000000000001,6.5,18,female,1,1913.8339991000003,0,22
1294,-9999.0,-9999.0,-9999.0,-9999.0,-9999.0,-9999.0,-9999.0,-9999.0,-9999.0,orientation,color,size,0.3400000000000001,6.5,18,female,1,1913.8339991000003,0,22
1295,-9999.0,-9999.0,-9999.0,-9999.0,-9999.0,-9999.0,-9999.0,-9999.0,-9999.0,orientation,color,size,0.3400000000000001,6.5,18,female,1,1913.8339991000003,0,22
1296,-9999.0,-9999.0,-9999.0,-9999.0,-9999.0,-9999.0,-9999.0,-9999.0,-9999.0,orientation,color,size,0.3400000000000001,6.5,18,female,1,1913.8339991000003,0,22
1297,-9999.0,-9999.0,-9999.0,-9999.0,-9999.0,-9999.0,-9999.0,-9999.0,-9999.0,orientation,color,size,0.3400000000000001,6.5,18,female,1,1913.8339991000003,0,22
1298,-9999.0,-9999.0,-9999.0,-9999.0,-9999.0,-9999.0,-9999.0,-9999.0,-9999.0,orientation,color,size,0.3400000000000001,6.5,18,female,1,1913.8339991000003,0,22
1299,-9999.0,-9999.0,-9999.0,-9999.0,-9999.0,-9999.0,-9999.0,-9999.0,-9999.0,orientation,color,size,0.3400000000000001,6.5,18,female,1,1913.8339991000003,0,22
1300,-9999.0,-9999.0,-9999.0,-9999.0,-9999.0,-9999.0,-9999.0,-9999.0,-9999.0,orientation,color,size,0.3400000000000001,6.5,18,female,1,1913.8339991000003,0,22
1301,-9999.0,-9999.0,-9999.0,-9999.0,-9999.0,-9999.0,-9999.0,-9999.0,-9999.0,orientation,color,size,0.3400000000000001,6.5,18,female,1,1913.8339991000003,0,22
1302,-9999.0,-9999.0,-9999.0,-9999.0,-9999.0,-9999.0,-9999.0,-9999.0,-9999.0,orientation,color,size,0.3400000000000001,6.5,18,female,1,1913.8339991000003,0,22
1303,-9999.0,-9999.0,-9999.0,-9999.0,-9999.0,-9999.0,-9999.0,-9999.0,-9999.0,orientation,color,size,0.3400000000000001,6.5,18,female,1,1913.8339991000003,0,22
1304,-9999.0,-9999.0,-9999.0,-9999.0,-9999.0,-9999.0,-9999.0,-9999.0,-9999.0,orientation,color,size,0.3400000000000001,6.5,18,female,1,1913.8339991000003,0,22
1305,-9999.0,-9999.0,-9999.0,-9999.0,-9999.0,-9999.0,-9999.0,-9999.0,-9999.0,orientation,color,size,0.3400000000000001,6.5,18,female,1,1913.8339991000003,0,22
1306,-9999.0,-9999.0,-9999.0,-9999.0,-9999.0,-9999.0,-9999.0,-9999.0,-9999.0,orientation,color,size,0.3400000000000001,6.5,18,female,1,1913.8339991000003,0,22
1307,-9999.0,-9999.0,-9999.0,-9999.0,-9999.0,-9999.0,-9999.0,-9999.0,-9999.0,orientation,color,size,0.3400000000000001,6.5,18,female,1,1913.8339991000003,0,22
1308,-9999.0,-9999.0,-9999.0,-9999.0,-9999.0,-9999.0,-9999.0,-9999.0,-9999.0,orientation,color,size,0.3400000000000001,6.5,18,female,1,1913.8339991000003,0,22
1309,-9999.0,-9999.0,-9999.0,-9999.0,-9999.0,-9999.0,-9999.0,-9999.0,-9999.0,orientation,color,size,0.3400000000000001,6.5,18,female,1,1913.8339991000003,0,22
1310,-9999.0,-9999.0,-9999.0,-9999.0,-9999.0,-9999.0,-9999.0,-9999.0,-9999.0,orientation,color,size,0.3400000000000001,6.5,18,female,1,1913.8339991000003,0,22
1311,-9999.0,-9999.0,-9999.0,-9999.0,-9999.0,-9999.0,-9999.0,-9999.0,-9999.0,orientation,color,size,0.3400000000000001,6.5,18,female,1,1913.8339991000003,0,22
1312,-9999.0,-9999.0,-9999.0,-9999.0,-9999.0,-9999.0,-9999.0,-9999.0,-9999.0,orientation,color,size,0.3400000000000001,6.5,18,female,1,1913.8339991000003,0,22
1313,-9999.0,-9999.0,-9999.0,-9999.0,-9999.0,-9999.0,-9999.0,-9999.0,-9999.0,orientation,color,size,0.3400000000000001,6.5,18,female,1,1913.8339991000003,0,22
1314,-9999.0,-9999.0,-9999.0,-9999.0,-9999.0,-9999.0,-9999.0,-9999.0,-9999.0,orientation,color,size,0.3400000000000001,6.5,18,female,1,1913.8339991000003,0,22
1315,-9999.0,-9999.0,-9999.0,-9999.0,-9999.0,-9999.0,-9999.0,-9999.0,-9999.0,orientation,color,size,0.3400000000000001,6.5,18,female,1,1913.8339991000003,0,22
1316,-9999.0,-9999.0,-9999.0,-9999.0,-9999.0,-9999.0,-9999.0,-9999.0,-9999.0,orientation,color,size,0.3400000000000001,6.5,18,female,1,1913.8339991000003,0,22
1317,-9999.0,-9999.0,-9999.0,-9999.0,-9999.0,-9999.0,-9999.0,-9999.0,-9999.0,orientation,color,size,0.3400000000000001,6.5,18,female,1,1913.8339991000003,0,22
1318,-9999.0,-9999.0,-9999.0,-9999.0,-9999.0,-9999.0,-9999.0,-9999.0,-9999.0,orientation,color,size,0.3400000000000001,6.5,18,female,1,1913.8339991000003,0,22
1319,-9999.0,-9999.0,-9999.0,-9999.0,-9999.0,-9999.0,-9999.0,-9999.0,-9999.0,orientation,color,size,0.3400000000000001,6.5,18,female,1,1913.8339991000003,0,22
1320,-9999.0,-9999.0,-9999.0,-9999.0,-9999.0,-9999.0,-9999.0,-9999.0,-9999.0,orientation,color,size,0.3400000000000001,6.5,18,female,1,1913.8339991000003,0,22
1321,-9999.0,-9999.0,-9999.0,-9999.0,-9999.0,-9999.0,-9999.0,-9999.0,-9999.0,orientation,color,size,0.3400000000000001,6.5,18,female,1,1913.8339991000003,0,22
1322,-9999.0,-9999.0,-9999.0,-9999.0,-9999.0,-9999.0,-9999.0,-9999.0,-9999.0,orientation,color,size,0.3400000000000001,6.5,18,female,1,1913.8339991000003,0,22
1323,-9999.0,-9999.0,-9999.0,-9999.0,-9999.0,-9999.0,-9999.0,-9999.0,-9999.0,orientation,color,size,0.3400000000000001,6.5,18,female,1,1913.8339991000003,0,22
1324,-9999.0,-9999.0,-9999.0,-9999.0,-9999.0,-9999.0,-9999.0,-9999.0,-9999.0,orientation,color,size,0.3400000000000001,6.5,18,female,1,1913.8339991000003,0,22
1325,-9999.0,-9999.0,-9999.0,-9999.0,-9999.0,-9999.0,-9999.0,-9999.0,-9999.0,orientation,color,size,0.3400000000000001,6.5,18,female,1,1913.8339991000003,0,22
1326,-9999.0,-9999.0,-9999.0,-9999.0,-9999.0,-9999.0,-9999.0,-9999.0,-9999.0,orientation,color,size,0.3400000000000001,6.5,18,female,1,1913.8339991000003,0,22
1327,-9999.0,-9999.0,-9999.0,-9999.0,-9999.0,-9999.0,-9999.0,-9999.0,-9999.0,orientation,color,size,0.3400000000000001,6.5,18,female,1,1913.8339991000003,0,22
1328,-9999.0,-9999.0,-9999.0,-9999.0,-9999.0,-9999.0,-9999.0,-9999.0,-9999.0,orientation,color,size,0.3400000000000001,6.5,18,female,1,1913.8339991000003,0,22
1329,-9999.0,-9999.0,-9999.0,-9999.0,-9999.0,-9999.0,-9999.0,-9999.0,-9999.0,orientation,color,size,0.3400000000000001,6.5,18,female,1,1913.8339991000003,0,22
1330,-9999.0,-9999.0,-9999.0,-9999.0,-9999.0,-9999.0,-9999.0,-9999.0,-9999.0,orientation,color,size,0.3400000000000001,6.5,18,female,1,1913.8339991000003,0,22
1331,-9999.0,-9999.0,-9999.0,-9999.0,-9999.0,-9999.0,-9999.0,-9999.0,-9999.0,orientation,color,size,0.3400000000000001,6.5,18,female,1,1913.8339991000003,0,22
1332,-9999.0,-9999.0,-9999.0,-9999.0,-9999.0,-9999.0,-9999.0,-9999.0,-9999.0,orientation,color,size,0.3400000000000001,6.5,18,female,1,1913.8339991000003,0,22
1333,-9999.0,-9999.0,-9999.0,-9999.0,-9999.0,-9999.0,-9999.0,-9999.0,-9999.0,orientation,color,size,0.3400000000000001,6.5,18,female,1,1913.8339991000003,0,22
1334,-9999.0,-9999.0,-9999.0,-9999.0,-9999.0,-9999.0,-9999.0,-9999.0,-9999.0,orientation,color,size,0.3400000000000001,6.5,18,female,1,1913.8339991000003,0,22
1335,-9999.0,-9999.0,-9999.0,-9999.0,-9999.0,-9999.0,-9999.0,-9999.0,-9999.0,orientation,color,size,0.3400000000000001,6.5,18,female,1,1913.8339991000003,0,22
1336,-9999.0,-9999.0,-9999.0,-9999.0,-9999.0,-9999.0,-9999.0,-9999.0,-9999.0,orientation,color,size,0.3400000000000001,6.5,18,female,1,1913.8339991000003,0,22
1337,-9999.0,-9999.0,-9999.0,-9999.0,-9999.0,-9999.0,-9999.0,-9999.0,-9999.0,orientation,color,size,0.3400000000000001,6.5,18,female,1,1913.8339991000003,0,22
1338,-9999.0,-9999.0,-9999.0,-9999.0,-9999.0,-9999.0,-9999.0,-9999.0,-9999.0,orientation,color,size,0.3400000000000001,6.5,18,female,1,1913.8339991000003,0,22
1339,-9999.0,-9999.0,-9999.0,-9999.0,-9999.0,-9999.0,-9999.0,-9999.0,-9999.0,orientation,color,size,0.3400000000000001,6.5,18,female,1,1913.8339991000003,0,22
1340,-9999.0,-9999.0,-9999.0,-9999.0,-9999.0,-9999.0,-9999.0,-9999.0,-9999.0,orientation,color,size,0.3400000000000001,6.5,18,female,1,1913.8339991000003,0,22
1341,-9999.0,-9999.0,-9999.0,-9999.0,-9999.0,-9999.0,-9999.0,-9999.0,-9999.0,orientation,color,size,0.3400000000000001,6.5,18,female,1,1913.8339991000003,0,22
1342,-9999.0,-9999.0,-9999.0,-9999.0,-9999.0,-9999.0,-9999.0,-9999.0,-9999.0,orientation,color,size,0.3400000000000001,6.5,18,female,1,1913.8339991000003,0,22
1343,-9999.0,-9999.0,-9999.0,-9999.0,-9999.0,-9999.0,-9999.0,-9999.0,-9999.0,orientation,color,size,0.3400000000000001,6.5,18,female,1,1913.8339991000003,0,22
1344,-9999.0,-9999.0,-9999.0,-9999.0,-9999.0,-9999.0,-9999.0,-9999.0,-9999.0,orientation,color,size,0.3400000000000001,6.5,18,female,1,1913.8339991000003,0,22
1345,-9999.0,-9999.0,-9999.0,-9999.0,-9999.0,-9999.0,-9999.0,-9999.0,-9999.0,orientation,color,size,0.3400000000000001,6.5,18,female,1,1913.8339991000003,0,22
1346,-9999.0,-9999.0,-9999.0,-9999.0,-9999.0,-9999.0,-9999.0,-9999.0,-9999.0,orientation,color,size,0.3400000000000001,6.5,18,female,1,1913.8339991000003,0,22
1347,-9999.0,-9999.0,-9999.0,-9999.0,-9999.0,-9999.0,-9999.0,-9999.0,-9999.0,orientation,color,size,0.3400000000000001,6.5,18,female,1,1913.8339991000003,0,22
1348,-9999.0,-9999.0,-9999.0,-9999.0,-9999.0,-9999.0,-9999.0,-9999.0,-9999.0,orientation,color,size,0.3400000000000001,6.5,18,female,1,1913.8339991000003,0,22
1349,-9999.0,-9999.0,-9999.0,-9999.0,-9999.0,-9999.0,-9999.0,-9999.0,-9999.0,orientation,color,size,0.3400000000000001,6.5,18,female,1,1913.8339991000003,0,22
1350,-9999.0,-9999.0,-9999.0,-9999.0,-9999.0,-9999.0,-9999.0,-9999.0,-9999.0,orientation,color,size,0.3400000000000001,6.5,18,female,1,1913.8339991000003,0,22
1351,-9999.0,-9999.0,-9999.0,-9999.0,-9999.0,-9999.0,-9999.0,-9999.0,-9999.0,orientation,color,size,0.3400000000000001,6.5,18,female,1,1913.8339991000003,0,22
1352,-9999.0,-9999.0,-9999.0,-9999.0,-9999.0,-9999.0,-9999.0,-9999.0,-9999.0,orientation,color,size,0.3400000000000001,6.5,18,female,1,1913.8339991000003,0,22
1353,-9999.0,-9999.0,-9999.0,-9999.0,-9999.0,-9999.0,-9999.0,-9999.0,-9999.0,orientation,color,size,0.3400000000000001,6.5,18,female,1,1913.8339991000003,0,22
1354,-9999.0,-9999.0,-9999.0,-9999.0,-9999.0,-9999.0,-9999.0,-9999.0,-9999.0,orientation,color,size,0.3400000000000001,6.5,18,female,1,1913.8339991000003,0,22
1355,-9999.0,-9999.0,-9999.0,-9999.0,-9999.0,-9999.0,-9999.0,-9999.0,-9999.0,orientation,color,size,0.3400000000000001,6.5,18,female,1,1913.8339991000003,0,22
1356,-9999.0,-9999.0,-9999.0,-9999.0,-9999.0,-9999.0,-9999.0,-9999.0,-9999.0,orientation,color,size,0.3400000000000001,6.5,18,female,1,1913.8339991000003,0,22
1357,-9999.0,-9999.0,-9999.0,-9999.0,-9999.0,-9999.0,-9999.0,-9999.0,-9999.0,orientation,color,size,0.3400000000000001,6.5,18,female,1,1913.8339991000003,0,22
1358,-9999.0,-9999.0,-9999.0,-9999.0,-9999.0,-9999.0,-9999.0,-9999.0,-9999.0,orientation,color,size,0.3400000000000001,6.5,18,female,1,1913.8339991000003,0,22
1359,-9999.0,-9999.0,-9999.0,-9999.0,-9999.0,-9999.0,-9999.0,-9999.0,-9999.0,orientation,color,size,0.3400000000000001,6.5,18,female,1,1913.8339991000003,0,22
1360,-9999.0,-9999.0,-9999.0,-9999.0,-9999.0,-9999.0,-9999.0,-9999.0,-9999.0,orientation,color,size,0.3400000000000001,6.5,18,female,1,1913.8339991000003,0,22
1361,-9999.0,-9999.0,-9999.0,-9999.0,-9999.0,-9999.0,-9999.0,-9999.0,-9999.0,orientation,color,size,0.3400000000000001,6.5,18,female,1,1913.8339991000003,0,22
1362,-9999.0,-9999.0,-9999.0,-9999.0,-9999.0,-9999.0,-9999.0,-9999.0,-9999.0,orientation,color,size,0.3400000000000001,6.5,18,female,1,1913.8339991000003,0,22
1363,-9999.0,-9999.0,-9999.0,-9999.0,-9999.0,-9999.0,-9999.0,-9999.0,-9999.0,orientation,color,size,0.3400000000000001,6.5,18,female,1,1913.8339991000003,0,22
1364,-9999.0,-9999.0,-9999.0,-9999.0,-9999.0,-9999.0,-9999.0,-9999.0,-9999.0,orientation,color,size,0.3400000000000001,6.5,18,female,1,1913.8339991000003,0,22
1365,-9999.0,-9999.0,-9999.0,-9999.0,-9999.0,-9999.0,-9999.0,-9999.0,-9999.0,orientation,color,size,0.3400000000000001,6.5,18,female,1,1913.8339991000003,0,22
1366,-9999.0,-9999.0,-9999.0,-9999.0,-9999.0,-9999.0,-9999.0,-9999.0,-9999.0,orientation,color,size,0.3400000000000001,6.5,18,female,1,1913.8339991000003,0,22
1367,-9999.0,-9999.0,-9999.0,-9999.0,-9999.0,-9999.0,-9999.0,-9999.0,-9999.0,orientation,color,size,0.3400000000000001,6.5,18,female,1,1913.8339991000003,0,22
1368,-9999.0,-9999.0,-9999.0,-9999.0,-9999.0,-9999.0,-9999.0,-9999.0,-9999.0,orientation,color,size,0.3400000000000001,6.5,18,female,1,1913.8339991000003,0,22
1369,-9999.0,-9999.0,-9999.0,-9999.0,-9999.0,-9999.0,-9999.0,-9999.0,-9999.0,orientation,color,size,0.3400000000000001,6.5,18,female,1,1913.8339991000003,0,22
1370,-9999.0,-9999.0,-9999.0,-9999.0,-9999.0,-9999.0,-9999.0,-9999.0,-9999.0,orientation,color,size,0.3400000000000001,6.5,18,female,1,1913.8339991000003,0,22
1371,-9999.0,-9999.0,-9999.0,-9999.0,-9999.0,-9999.0,-9999.0,-9999.0,-9999.0,orientation,color,size,0.3400000000000001,6.5,18,female,1,1913.8339991000003,0,22
1372,-9999.0,-9999.0,-9999.0,-9999.0,-9999.0,-9999.0,-9999.0,-9999.0,-9999.0,orientation,color,size,0.3400000000000001,6.5,18,female,1,1913.8339991000003,0,22
1373,-9999.0,-9999.0,-9999.0,-9999.0,-9999.0,-9999.0,-9999.0,-9999.0,-9999.0,orientation,color,size,0.3400000000000001,6.5,18,female,1,1913.8339991000003,0,22
1374,-9999.0,-9999.0,-9999.0,-9999.0,-9999.0,-9999.0,-9999.0,-9999.0,-9999.0,orientation,color,size,0.3400000000000001,6.5,18,female,1,1913.8339991000003,0,22
1375,-9999.0,-9999.0,-9999.0,-9999.0,-9999.0,-9999.0,-9999.0,-9999.0,-9999.0,orientation,color,size,0.3400000000000001,6.5,18,female,1,1913.8339991000003,0,22
1376,-9999.0,-9999.0,-9999.0,-9999.0,-9999.0,-9999.0,-9999.0,-9999.0,-9999.0,orientation,color,size,0.3400000000000001,6.5,18,female,1,1913.8339991000003,0,22
1377,-9999.0,-9999.0,-9999.0,-9999.0,-9999.0,-9999.0,-9999.0,-9999.0,-9999.0,orientation,color,size,0.3400000000000001,6.5,18,female,1,1913.8339991000003,0,22
1378,-9999.0,-9999.0,-9999.0,-9999.0,-9999.0,-9999.0,-9999.0,-9999.0,-9999.0,orientation,color,size,0.3400000000000001,6.5,18,female,1,1913.8339991000003,0,22
1379,-9999.0,-9999.0,-9999.0,-9999.0,-9999.0,-9999.0,-9999.0,-9999.0,-9999.0,orientation,color,size,0.3400000000000001,6.5,18,female,1,1913.8339991000003,0,22
1380,-9999.0,-9999.0,-9999.0,-9999.0,-9999.0,-9999.0,-9999.0,-9999.0,-9999.0,orientation,color,size,0.3400000000000001,6.5,18,female,1,1913.8339991000003,0,22
1381,-9999.0,-9999.0,-9999.0,-9999.0,-9999.0,-9999.0,-9999.0,-9999.0,-9999.0,orientation,color,size,0.3400000000000001,6.5,18,female,1,1913.8339991000003,0,22
1382,-9999.0,-9999.0,-9999.0,-9999.0,-9999.0,-9999.0,-9999.0,-9999.0,-9999.0,orientation,color,size,0.3400000000000001,6.5,18,female,1,1913.8339991000003,0,22
1383,-9999.0,-9999.0,-9999.0,-9999.0,-9999.0,-9999.0,-9999.0,-9999.0,-9999.0,orientation,color,size,0.3400000000000001,6.5,18,female,1,1913.8339991000003,0,22
1384,-9999.0,-9999.0,-9999.0,-9999.0,-9999.0,-9999.0,-9999.0,-9999.0,-9999.0,orientation,color,size,0.3400000000000001,6.5,18,female,1,1913.8339991000003,0,22
1385,-9999.0,-9999.0,-9999.0,-9999.0,-9999.0,-9999.0,-9999.0,-9999.0,-9999.0,orientation,color,size,0.3400000000000001,6.5,18,female,1,1913.8339991000003,0,22
1386,-9999.0,-9999.0,-9999.0,-9999.0,-9999.0,-9999.0,-9999.0,-9999.0,-9999.0,orientation,color,size,0.3400000000000001,6.5,18,female,1,1913.8339991000003,0,22
1387,-9999.0,-9999.0,-9999.0,-9999.0,-9999.0,-9999.0,-9999.0,-9999.0,-9999.0,orientation,color,size,0.3400000000000001,6.5,18,female,1,1913.8339991000003,0,22
1388,-9999.0,-9999.0,-9999.0,-9999.0,-9999.0,-9999.0,-9999.0,-9999.0,-9999.0,orientation,color,size,0.3400000000000001,6.5,18,female,1,1913.8339991000003,0,22
1389,-9999.0,-9999.0,-9999.0,-9999.0,-9999.0,-9999.0,-9999.0,-9999.0,-9999.0,orientation,color,size,0.3400000000000001,6.5,18,female,1,1913.8339991000003,0,22
1390,-9999.0,-9999.0,-9999.0,-9999.0,-9999.0,-9999.0,-9999.0,-9999.0,-9999.0,orientation,color,size,0.3400000000000001,6.5,18,female,1,1913.8339991000003,0,22
1391,-9999.0,-9999.0,-9999.0,-9999.0,-9999.0,-9999.0,-9999.0,-9999.0,-9999.0,orientation,color,size,0.3400000000000001,6.5,18,female,1,1913.8339991000003,0,22
1392,-9999.0,-9999.0,-9999.0,-9999.0,-9999.0,-9999.0,-9999.0,-9999.0,-9999.0,orientation,color,size,0.3400000000000001,6.5,18,female,1,1913.8339991000003,0,22
1393,-9999.0,-9999.0,-9999.0,-9999.0,-9999.0,-9999.0,-9999.0,-9999.0,-9999.0,orientation,color,size,0.3400000000000001,6.5,18,female,1,1913.8339991000003,0,22
1394,-9999.0,-9999.0,-9999.0,-9999.0,-9999.0,-9999.0,-9999.0,-9999.0,-9999.0,orientation,color,size,0.3400000000000001,6.5,18,female,1,1913.8339991000003,0,22
1395,-9999.0,-9999.0,-9999.0,-9999.0,-9999.0,-9999.0,-9999.0,-9999.0,-9999.0,orientation,color,size,0.3400000000000001,6.5,18,female,1,1913.8339991000003,0,22
1396,-9999.0,-9999.0,-9999.0,-9999.0,-9999.0,-9999.0,-9999.0,-9999.0,-9999.0,orientation,color,size,0.3400000000000001,6.5,18,female,1,1913.8339991000003,0,22
1397,-9999.0,-9999.0,-9999.0,-9999.0,-9999.0,-9999.0,-9999.0,-9999.0,-9999.0,orientation,color,size,0.3400000000000001,6.5,18,female,1,1913.8339991000003,0,22
1398,-9999.0,-9999.0,-9999.0,-9999.0,-9999.0,-9999.0,-9999.0,-9999.0,-9999.0,orientation,color,size,0.3400000000000001,6.5,18,female,1,1913.8339991000003,0,22
1399,-9999.0,-9999.0,-9999.0,-9999.0,-9999.0,-9999.0,-9999.0,-9999.0,-9999.0,orientation,color,size,0.3400000000000001,6.5,18,female,1,1913.8339991000003,0,22
1400,-9999.0,-9999.0,-9999.0,-9999.0,-9999.0,-9999.0,-9999.0,-9999.0,-9999.0,orientation,color,size,0.3400000000000001,6.5,18,female,1,1913.8339991000003,0,22
1401,-9999.0,-9999.0,-9999.0,-9999.0,-9999.0,-9999.0,-9999.0,-9999.0,-9999.0,orientation,color,size,0.3400000000000001,6.5,18,female,1,1913.8339991000003,0,22
1402,-9999.0,-9999.0,-9999.0,-9999.0,-9999.0,-9999.0,-9999.0,-9999.0,-9999.0,orientation,color,size,0.3400000000000001,6.5,18,female,1,1913.8339991000003,0,22
1403,-9999.0,-9999.0,-9999.0,-9999.0,-9999.0,-9999.0,-9999.0,-9999.0,-9999.0,orientation,color,size,0.3400000000000001,6.5,18,female,1,1913.8339991000003,0,22
1404,-9999.0,-9999.0,-9999.0,-9999.0,-9999.0,-9999.0,-9999.0,-9999.0,-9999.0,orientation,color,size,0.3400000000000001,6.5,18,female,1,1913.8339991000003,0,22
1405,-9999.0,-9999.0,-9999.0,-9999.0,-9999.0,-9999.0,-9999.0,-9999.0,-9999.0,orientation,color,size,0.3400000000000001,6.5,18,female,1,1913.8339991000003,0,22
1406,-9999.0,-9999.0,-9999.0,-9999.0,-9999.0,-9999.0,-9999.0,-9999.0,-9999.0,orientation,color,size,0.3400000000000001,6.5,18,female,1,1913.8339991000003,0,22
1407,-9999.0,-9999.0,-9999.0,-9999.0,-9999.0,-9999.0,-9999.0,-9999.0,-9999.0,orientation,color,size,0.3400000000000001,6.5,18,female,1,1913.8339991000003,0,22
1408,-9999.0,-9999.0,-9999.0,-9999.0,-9999.0,-9999.0,-9999.0,-9999.0,-9999.0,orientation,color,size,0.3400000000000001,6.5,18,female,1,1913.8339991000003,0,22
1409,-9999.0,-9999.0,-9999.0,-9999.0,-9999.0,-9999.0,-9999.0,-9999.0,-9999.0,orientation,color,size,0.3400000000000001,6.5,18,female,1,1913.8339991000003,0,22
1410,-9999.0,-9999.0,-9999.0,-9999.0,-9999.0,-9999.0,-9999.0,-9999.0,-9999.0,orientation,color,size,0.3400000000000001,6.5,18,female,1,1913.8339991000003,0,22
1411,-9999.0,-9999.0,-9999.0,-9999.0,-9999.0,-9999.0,-9999.0,-9999.0,-9999.0,orientation,color,size,0.3400000000000001,6.5,18,female,1,1913.8339991000003,0,22
1412,-9999.0,-9999.0,-9999.0,-9999.0,-9999.0,-9999.0,-9999.0,-9999.0,-9999.0,orientation,color,size,0.3400000000000001,6.5,18,female,1,1913.8339991000003,0,22
1413,-9999.0,-9999.0,-9999.0,-9999.0,-9999.0,-9999.0,-9999.0,-9999.0,-9999.0,orientation,color,size,0.3400000000000001,6.5,18,female,1,1913.8339991000003,0,22
1414,-9999.0,-9999.0,-9999.0,-9999.0,-9999.0,-9999.0,-9999.0,-9999.0,-9999.0,orientation,color,size,0.3400000000000001,6.5,18,female,1,1913.8339991000003,0,22
1415,-9999.0,-9999.0,-9999.0,-9999.0,-9999.0,-9999.0,-9999.0,-9999.0,-9999.0,orientation,color,size,0.3400000000000001,6.5,18,female,1,1913.8339991000003,0,22
1416,-9999.0,-9999.0,-9999.0,-9999.0,-9999.0,-9999.0,-9999.0,-9999.0,-9999.0,orientation,color,size,0.3400000000000001,6.5,18,female,1,1913.8339991000003,0,22
1417,-9999.0,-9999.0,-9999.0,-9999.0,-9999.0,-9999.0,-9999.0,-9999.0,-9999.0,orientation,color,size,0.3400000000000001,6.5,18,female,1,1913.8339991000003,0,22
1418,-9999.0,-9999.0,-9999.0,-9999.0,-9999.0,-9999.0,-9999.0,-9999.0,-9999.0,orientation,color,size,0.3400000000000001,6.5,18,female,1,1913.8339991000003,0,22
1419,-9999.0,-9999.0,-9999.0,-9999.0,-9999.0,-9999.0,-9999.0,-9999.0,-9999.0,orientation,color,size,0.3400000000000001,6.5,18,female,1,1913.8339991000003,0,22
1420,-9999.0,-9999.0,-9999.0,-9999.0,-9999.0,-9999.0,-9999.0,-9999.0,-9999.0,orientation,color,size,0.3400000000000001,6.5,18,female,1,1913.8339991000003,0,22
1421,-9999.0,-9999.0,-9999.0,-9999.0,-9999.0,-9999.0,-9999.0,-9999.0,-9999.0,orientation,color,size,0.3400000000000001,6.5,18,female,1,1913.8339991000003,0,22
1422,-9999.0,-9999.0,-9999.0,-9999.0,-9999.0,-9999.0,-9999.0,-9999.0,-9999.0,orientation,color,size,0.3400000000000001,6.5,18,female,1,1913.8339991000003,0,22
1423,-9999.0,-9999.0,-9999.0,-9999.0,-9999.0,-9999.0,-9999.0,-9999.0,-9999.0,orientation,color,size,0.3400000000000001,6.5,18,female,1,1913.8339991000003,0,22
1424,-9999.0,-9999.0,-9999.0,-9999.0,-9999.0,-9999.0,-9999.0,-9999.0,-9999.0,orientation,color,size,0.3400000000000001,6.5,18,female,1,1913.8339991000003,0,22
1425,-9999.0,-9999.0,-9999.0,-9999.0,-9999.0,-9999.0,-9999.0,-9999.0,-9999.0,orientation,color,size,0.3400000000000001,6.5,18,female,1,1913.8339991000003,0,22
1426,-9999.0,-9999.0,-9999.0,-9999.0,-9999.0,-9999.0,-9999.0,-9999.0,-9999.0,orientation,color,size,0.3400000000000001,6.5,18,female,1,1913.8339991000003,0,22
1427,-9999.0,-9999.0,-9999.0,-9999.0,-9999.0,-9999.0,-9999.0,-9999.0,-9999.0,orientation,color,size,0.3400000000000001,6.5,18,female,1,1913.8339991000003,0,22
1428,-9999.0,-9999.0,-9999.0,-9999.0,-9999.0,-9999.0,-9999.0,-9999.0,-9999.0,orientation,color,size,0.3400000000000001,6.5,18,female,1,1913.8339991000003,0,22
1429,-9999.0,-9999.0,-9999.0,-9999.0,-9999.0,-9999.0,-9999.0,-9999.0,-9999.0,orientation,color,size,0.3400000000000001,6.5,18,female,1,1913.8339991000003,0,22
1430,-9999.0,-9999.0,-9999.0,-9999.0,-9999.0,-9999.0,-9999.0,-9999.0,-9999.0,orientation,color,size,0.3400000000000001,6.5,18,female,1,1913.8339991000003,0,22
1431,-9999.0,-9999.0,-9999.0,-9999.0,-9999.0,-9999.0,-9999.0,-9999.0,-9999.0,orientation,color,size,0.3400000000000001,6.5,18,female,1,1913.8339991000003,0,22
1432,-9999.0,-9999.0,-9999.0,-9999.0,-9999.0,-9999.0,-9999.0,-9999.0,-9999.0,orientation,color,size,0.3400000000000001,6.5,18,female,1,1913.8339991000003,0,22
1433,-9999.0,-9999.0,-9999.0,-9999.0,-9999.0,-9999.0,-9999.0,-9999.0,-9999.0,orientation,color,size,0.3400000000000001,6.5,18,female,1,1913.8339991000003,0,22
1434,-9999.0,-9999.0,-9999.0,-9999.0,-9999.0,-9999.0,-9999.0,-9999.0,-9999.0,orientation,color,size,0.3400000000000001,6.5,18,female,1,1913.8339991000003,0,22
1435,-9999.0,-9999.0,-9999.0,-9999.0,-9999.0,-9999.0,-9999.0,-9999.0,-9999.0,orientation,color,size,0.3400000000000001,6.5,18,female,1,1913.8339991000003,0,22
1436,-9999.0,-9999.0,-9999.0,-9999.0,-9999.0,-9999.0,-9999.0,-9999.0,-9999.0,orientation,color,size,0.3400000000000001,6.5,18,female,1,1913.8339991000003,0,22
1437,-9999.0,-9999.0,-9999.0,-9999.0,-9999.0,-9999.0,-9999.0,-9999.0,-9999.0,orientation,color,size,0.3400000000000001,6.5,18,female,1,1913.8339991000003,0,22
1438,-9999.0,-9999.0,-9999.0,-9999.0,-9999.0,-9999.0,-9999.0,-9999.0,-9999.0,orientation,color,size,0.3400000000000001,6.5,18,female,1,1913.8339991000003,0,22
1439,-9999.0,-9999.0,-9999.0,-9999.0,-9999.0,-9999.0,-9999.0,-9999.0,-9999.0,orientation,color,size,0.3400000000000001,6.5,18,female,1,1913.8339991000003,0,22
1440,-9999.0,-9999.0,-9999.0,-9999.0,-9999.0,-9999.0,-9999.0,-9999.0,-9999.0,orientation,color,size,0.3400000000000001,6.5,18,female,1,1913.8339991000003,0,22
1441,-9999.0,-9999.0,-9999.0,-9999.0,-9999.0,-9999.0,-9999.0,-9999.0,-9999.0,orientation,color,size,0.3400000000000001,6.5,18,female,1,1913.8339991000003,0,22
1442,-9999.0,-9999.0,-9999.0,-9999.0,-9999.0,-9999.0,-9999.0,-9999.0,-9999.0,orientation,color,size,0.3400000000000001,6.5,18,female,1,1913.8339991000003,0,22
1443,-9999.0,-9999.0,-9999.0,-9999.0,-9999.0,-9999.0,-9999.0,-9999.0,-9999.0,orientation,color,size,0.3400000000000001,6.5,18,female,1,1913.8339991000003,0,22
1444,-9999.0,-9999.0,-9999.0,-9999.0,-9999.0,-9999.0,-9999.0,-9999.0,-9999.0,orientation,color,size,0.3400000000000001,6.5,18,female,1,1913.8339991000003,0,22
1445,-9999.0,-9999.0,-9999.0,-9999.0,-9999.0,-9999.0,-9999.0,-9999.0,-9999.0,orientation,color,size,0.3400000000000001,6.5,18,female,1,1913.8339991000003,0,22
1446,-9999.0,-9999.0,-9999.0,-9999.0,-9999.0,-9999.0,-9999.0,-9999.0,-9999.0,orientation,color,size,0.3400000000000001,6.5,18,female,1,1913.8339991000003,0,22
1447,-9999.0,-9999.0,-9999.0,-9999.0,-9999.0,-9999.0,-9999.0,-9999.0,-9999.0,orientation,color,size,0.3400000000000001,6.5,18,female,1,1913.8339991000003,0,22
1448,-9999.0,-9999.0,-9999.0,-9999.0,-9999.0,-9999.0,-9999.0,-9999.0,-9999.0,orientation,color,size,0.3400000000000001,6.5,18,female,1,1913.8339991000003,0,22
1449,-9999.0,-9999.0,-9999.0,-9999.0,-9999.0,-9999.0,-9999.0,-9999.0,-9999.0,orientation,color,size,0.3400000000000001,6.5,18,female,1,1913.8339991000003,0,22
1450,-9999.0,-9999.0,-9999.0,-9999.0,-9999.0,-9999.0,-9999.0,-9999.0,-9999.0,orientation,color,size,0.3400000000000001,6.5,18,female,1,1913.8339991000003,0,22
1451,-9999.0,-9999.0,-9999.0,-9999.0,-9999.0,-9999.0,-9999.0,-9999.0,-9999.0,orientation,color,size,0.3400000000000001,6.5,18,female,1,1913.8339991000003,0,22
1452,-9999.0,-9999.0,-9999.0,-9999.0,-9999.0,-9999.0,-9999.0,-9999.0,-9999.0,orientation,color,size,0.3400000000000001,6.5,18,female,1,1913.8339991000003,0,22
1453,-9999.0,-9999.0,-9999.0,-9999.0,-9999.0,-9999.0,-9999.0,-9999.0,-9999.0,orientation,color,size,0.3400000000000001,6.5,18,female,1,1913.8339991000003,0,22
1454,-9999.0,-9999.0,-9999.0,-9999.0,-9999.0,-9999.0,-9999.0,-9999.0,-9999.0,orientation,color,size,0.3400000000000001,6.5,18,female,1,1913.8339991000003,0,22
1455,-9999.0,-9999.0,-9999.0,-9999.0,-9999.0,-9999.0,-9999.0,-9999.0,-9999.0,orientation,color,size,0.3400000000000001,6.5,18,female,1,1913.8339991000003,0,22
1456,-9999.0,-9999.0,-9999.0,-9999.0,-9999.0,-9999.0,-9999.0,-9999.0,-9999.0,orientation,color,size,0.3400000000000001,6.5,18,female,1,1913.8339991000003,0,22
1457,-9999.0,-9999.0,-9999.0,-9999.0,-9999.0,-9999.0,-9999.0,-9999.0,-9999.0,orientation,color,size,0.3400000000000001,6.5,18,female,1,1913.8339991000003,0,22
1458,-9999.0,-9999.0,-9999.0,-9999.0,-9999.0,-9999.0,-9999.0,-9999.0,-9999.0,orientation,color,size,0.3400000000000001,6.5,18,female,1,1913.8339991000003,0,22
1459,-9999.0,-9999.0,-9999.0,-9999.0,-9999.0,-9999.0,-9999.0,-9999.0,-9999.0,orientation,color,size,0.3400000000000001,6.5,18,female,1,1913.8339991000003,0,22
1460,-9999.0,-9999.0,-9999.0,-9999.0,-9999.0,-9999.0,-9999.0,-9999.0,-9999.0,orientation,color,size,0.3400000000000001,6.5,18,female,1,1913.8339991000003,0,22
1461,-9999.0,-9999.0,-9999.0,-9999.0,-9999.0,-9999.0,-9999.0,-9999.0,-9999.0,orientation,color,size,0.3400000000000001,6.5,18,female,1,1913.8339991000003,0,22
1462,-9999.0,-9999.0,-9999.0,-9999.0,-9999.0,-9999.0,-9999.0,-9999.0,-9999.0,orientation,color,size,0.3400000000000001,6.5,18,female,1,1913.8339991000003,0,22
1463,-9999.0,-9999.0,-9999.0,-9999.0,-9999.0,-9999.0,-9999.0,-9999.0,-9999.0,orientation,color,size,0.3400000000000001,6.5,18,female,1,1913.8339991000003,0,22
1464,-9999.0,-9999.0,-9999.0,-9999.0,-9999.0,-9999.0,-9999.0,-9999.0,-9999.0,orientation,color,size,0.3400000000000001,6.5,18,female,1,1913.8339991000003,0,22
1465,-9999.0,-9999.0,-9999.0,-9999.0,-9999.0,-9999.0,-9999.0,-9999.0,-9999.0,orientation,color,size,0.3400000000000001,6.5,18,female,1,1913.8339991000003,0,22
1466,-9999.0,-9999.0,-9999.0,-9999.0,-9999.0,-9999.0,-9999.0,-9999.0,-9999.0,orientation,color,size,0.3400000000000001,6.5,18,female,1,1913.8339991000003,0,22
1467,-9999.0,-9999.0,-9999.0,-9999.0,-9999.0,-9999.0,-9999.0,-9999.0,-9999.0,orientation,color,size,0.3400000000000001,6.5,18,female,1,1913.8339991000003,0,22
1468,-9999.0,-9999.0,-9999.0,-9999.0,-9999.0,-9999.0,-9999.0,-9999.0,-9999.0,orientation,color,size,0.3400000000000001,6.5,18,female,1,1913.8339991000003,0,22
1469,-9999.0,-9999.0,-9999.0,-9999.0,-9999.0,-9999.0,-9999.0,-9999.0,-9999.0,orientation,color,size,0.3400000000000001,6.5,18,female,1,1913.8339991000003,0,22
1470,-9999.0,-9999.0,-9999.0,-9999.0,-9999.0,-9999.0,-9999.0,-9999.0,-9999.0,orientation,color,size,0.3400000000000001,6.5,18,female,1,1913.8339991000003,0,22
1471,-9999.0,-9999.0,-9999.0,-9999.0,-9999.0,-9999.0,-9999.0,-9999.0,-9999.0,orientation,color,size,0.3400000000000001,6.5,18,female,1,1913.8339991000003,0,22
1472,-9999.0,-9999.0,-9999.0,-9999.0,-9999.0,-9999.0,-9999.0,-9999.0,-9999.0,orientation,color,size,0.3400000000000001,6.5,18,female,1,1913.8339991000003,0,22
1473,-9999.0,-9999.0,-9999.0,-9999.0,-9999.0,-9999.0,-9999.0,-9999.0,-9999.0,orientation,color,size,0.3400000000000001,6.5,18,female,1,1913.8339991000003,0,22
1474,-9999.0,-9999.0,-9999.0,-9999.0,-9999.0,-9999.0,-9999.0,-9999.0,-9999.0,orientation,color,size,0.3400000000000001,6.5,18,female,1,1913.8339991000003,0,22
1475,-9999.0,-9999.0,-9999.0,-9999.0,-9999.0,-9999.0,-9999.0,-9999.0,-9999.0,orientation,color,size,0.3400000000000001,6.5,18,female,1,1913.8339991000003,0,22
1476,-9999.0,-9999.0,-9999.0,-9999.0,-9999.0,-9999.0,-9999.0,-9999.0,-9999.0,orientation,color,size,0.3400000000000001,6.5,18,female,1,1913.8339991000003,0,22
1477,-9999.0,-9999.0,-9999.0,-9999.0,-9999.0,-9999.0,-9999.0,-9999.0,-9999.0,orientation,color,size,0.3400000000000001,6.5,18,female,1,1913.8339991000003,0,22
1478,-9999.0,-9999.0,-9999.0,-9999.0,-9999.0,-9999.0,-9999.0,-9999.0,-9999.0,orientation,color,size,0.3400000000000001,6.5,18,female,1,1913.8339991000003,0,22
1479,-9999.0,-9999.0,-9999.0,-9999.0,-9999.0,-9999.0,-9999.0,-9999.0,-9999.0,orientation,color,size,0.3400000000000001,6.5,18,female,1,1913.8339991000003,0,22
1480,-9999.0,-9999.0,-9999.0,-9999.0,-9999.0,-9999.0,-9999.0,-9999.0,-9999.0,orientation,color,size,0.3400000000000001,6.5,18,female,1,1913.8339991000003,0,22
1481,-9999.0,-9999.0,-9999.0,-9999.0,-9999.0,-9999.0,-9999.0,-9999.0,-9999.0,orientation,color,size,0.3400000000000001,6.5,18,female,1,1913.8339991000003,0,22
1482,-9999.0,-9999.0,-9999.0,-9999.0,-9999.0,-9999.0,-9999.0,-9999.0,-9999.0,orientation,color,size,0.3400000000000001,6.5,18,female,1,1913.8339991000003,0,22
1483,-9999.0,-9999.0,-9999.0,-9999.0,-9999.0,-9999.0,-9999.0,-9999.0,-9999.0,orientation,color,size,0.3400000000000001,6.5,18,female,1,1913.8339991000003,0,22
1484,-9999.0,-9999.0,-9999.0,-9999.0,-9999.0,-9999.0,-9999.0,-9999.0,-9999.0,orientation,color,size,0.3400000000000001,6.5,18,female,1,1913.8339991000003,0,22
1485,-9999.0,-9999.0,-9999.0,-9999.0,-9999.0,-9999.0,-9999.0,-9999.0,-9999.0,orientation,color,size,0.3400000000000001,6.5,18,female,1,1913.8339991000003,0,22
1486,-9999.0,-9999.0,-9999.0,-9999.0,-9999.0,-9999.0,-9999.0,-9999.0,-9999.0,orientation,color,size,0.3400000000000001,6.5,18,female,1,1913.8339991000003,0,22
1487,-9999.0,-9999.0,-9999.0,-9999.0,-9999.0,-9999.0,-9999.0,-9999.0,-9999.0,orientation,color,size,0.3400000000000001,6.5,18,female,1,1913.8339991000003,0,22
1488,-9999.0,-9999.0,-9999.0,-9999.0,-9999.0,-9999.0,-9999.0,-9999.0,-9999.0,orientation,color,size,0.3400000000000001,6.5,18,female,1,1913.8339991000003,0,22
1489,-9999.0,-9999.0,-9999.0,-9999.0,-9999.0,-9999.0,-9999.0,-9999.0,-9999.0,orientation,color,size,0.3400000000000001,6.5,18,female,1,1913.8339991000003,0,22
1490,-9999.0,-9999.0,-9999.0,-9999.0,-9999.0,-9999.0,-9999.0,-9999.0,-9999.0,orientation,color,size,0.3400000000000001,6.5,18,female,1,1913.8339991000003,0,22
1491,-9999.0,-9999.0,-9999.0,-9999.0,-9999.0,-9999.0,-9999.0,-9999.0,-9999.0,orientation,color,size,0.3400000000000001,6.5,18,female,1,1913.8339991000003,0,22
1492,-9999.0,-9999.0,-9999.0,-9999.0,-9999.0,-9999.0,-9999.0,-9999.0,-9999.0,orientation,color,size,0.3400000000000001,6.5,18,female,1,1913.8339991000003,0,22
1493,-9999.0,-9999.0,-9999.0,-9999.0,-9999.0,-9999.0,-9999.0,-9999.0,-9999.0,orientation,color,size,0.3400000000000001,6.5,18,female,1,1913.8339991000003,0,22
1494,-9999.0,-9999.0,-9999.0,-9999.0,-9999.0,-9999.0,-9999.0,-9999.0,-9999.0,orientation,color,size,0.3400000000000001,6.5,18,female,1,1913.8339991000003,0,22
1495,-9999.0,-9999.0,-9999.0,-9999.0,-9999.0,-9999.0,-9999.0,-9999.0,-9999.0,orientation,color,size,0.3400000000000001,6.5,18,female,1,1913.8339991000003,0,22
1496,-9999.0,-9999.0,-9999.0,-9999.0,-9999.0,-9999.0,-9999.0,-9999.0,-9999.0,orientation,color,size,0.3400000000000001,6.5,18,female,1,1913.8339991000003,0,22
1497,-9999.0,-9999.0,-9999.0,-9999.0,-9999.0,-9999.0,-9999.0,-9999.0,-9999.0,orientation,color,size,0.3400000000000001,6.5,18,female,1,1913.8339991000003,0,22
1498,-9999.0,-9999.0,-9999.0,-9999.0,-9999.0,-9999.0,-9999.0,-9999.0,-9999.0,orientation,color,size,0.3400000000000001,6.5,18,female,1,1913.8339991000003,0,22
1499,-9999.0,-9999.0,-9999.0,-9999.0,-9999.0,-9999.0,-9999.0,-9999.0,-9999.0,orientation,color,size,0.3400000000000001,6.5,18,female,1,1913.8339991000003,0,22
1500,-9999.0,-9999.0,-9999.0,-9999.0,-9999.0,-9999.0,-9999.0,-9999.0,-9999.0,orientation,color,size,0.3400000000000001,6.5,18,female,1,1913.8339991000003,0,22
1501,-9999.0,-9999.0,-9999.0,-9999.0,-9999.0,-9999.0,-9999.0,-9999.0,-9999.0,orientation,color,size,0.3400000000000001,6.5,18,female,1,1913.8339991000003,0,22
1502,-9999.0,-9999.0,-9999.0,-9999.0,-9999.0,-9999.0,-9999.0,-9999.0,-9999.0,orientation,color,size,0.3400000000000001,6.5,18,female,1,1913.8339991000003,0,22
1503,-9999.0,-9999.0,-9999.0,-9999.0,-9999.0,-9999.0,-9999.0,-9999.0,-9999.0,orientation,color,size,0.3400000000000001,6.5,18,female,1,1913.8339991000003,0,22
1504,-9999.0,-9999.0,-9999.0,-9999.0,-9999.0,-9999.0,-9999.0,-9999.0,-9999.0,orientation,color,size,0.3400000000000001,6.5,18,female,1,1913.8339991000003,0,22
1505,-9999.0,-9999.0,-9999.0,-9999.0,-9999.0,-9999.0,-9999.0,-9999.0,-9999.0,orientation,color,size,0.3400000000000001,6.5,18,female,1,1913.8339991000003,0,22
1506,-9999.0,-9999.0,-9999.0,-9999.0,-9999.0,-9999.0,-9999.0,-9999.0,-9999.0,orientation,color,size,0.3400000000000001,6.5,18,female,1,1913.8339991000003,0,22
1507,-9999.0,-9999.0,-9999.0,-9999.0,-9999.0,-9999.0,-9999.0,-9999.0,-9999.0,orientation,color,size,0.3400000000000001,6.5,18,female,1,1913.8339991000003,0,22
1508,-9999.0,-9999.0,-9999.0,-9999.0,-9999.0,-9999.0,-9999.0,-9999.0,-9999.0,orientation,color,size,0.3400000000000001,6.5,18,female,1,1913.8339991000003,0,22
1509,-9999.0,-9999.0,-9999.0,-9999.0,-9999.0,-9999.0,-9999.0,-9999.0,-9999.0,orientation,color,size,0.3400000000000001,6.5,18,female,1,1913.8339991000003,0,22
1510,-9999.0,-9999.0,-9999.0,-9999.0,-9999.0,-9999.0,-9999.0,-9999.0,-9999.0,orientation,color,size,0.3400000000000001,6.5,18,female,1,1913.8339991000003,0,22
1511,-9999.0,-9999.0,-9999.0,-9999.0,-9999.0,-9999.0,-9999.0,-9999.0,-9999.0,orientation,color,size,0.3400000000000001,6.5,18,female,1,1913.8339991000003,0,22
1512,-9999.0,-9999.0,-9999.0,-9999.0,-9999.0,-9999.0,-9999.0,-9999.0,-9999.0,orientation,color,size,0.3400000000000001,6.5,18,female,1,1913.8339991000003,0,22
1513,-9999.0,-9999.0,-9999.0,-9999.0,-9999.0,-9999.0,-9999.0,-9999.0,-9999.0,orientation,color,size,0.3400000000000001,6.5,18,female,1,1913.8339991000003,0,22
1514,-9999.0,-9999.0,-9999.0,-9999.0,-9999.0,-9999.0,-9999.0,-9999.0,-9999.0,orientation,color,size,0.3400000000000001,6.5,18,female,1,1913.8339991000003,0,22
1515,-9999.0,-9999.0,-9999.0,-9999.0,-9999.0,-9999.0,-9999.0,-9999.0,-9999.0,orientation,color,size,0.3400000000000001,6.5,18,female,1,1913.8339991000003,0,22
1516,-9999.0,-9999.0,-9999.0,-9999.0,-9999.0,-9999.0,-9999.0,-9999.0,-9999.0,orientation,color,size,0.3400000000000001,6.5,18,female,1,1913.8339991000003,0,22
1517,-9999.0,-9999.0,-9999.0,-9999.0,-9999.0,-9999.0,-9999.0,-9999.0,-9999.0,orientation,color,size,0.3400000000000001,6.5,18,female,1,1913.8339991000003,0,22
1518,-9999.0,-9999.0,-9999.0,-9999.0,-9999.0,-9999.0,-9999.0,-9999.0,-9999.0,orientation,color,size,0.3400000000000001,6.5,18,female,1,1913.8339991000003,0,22
1519,-9999.0,-9999.0,-9999.0,-9999.0,-9999.0,-9999.0,-9999.0,-9999.0,-9999.0,orientation,color,size,0.3400000000000001,6.5,18,female,1,1913.8339991000003,0,22
1520,-9999.0,-9999.0,-9999.0,-9999.0,-9999.0,-9999.0,-9999.0,-9999.0,-9999.0,orientation,color,size,0.3400000000000001,6.5,18,female,1,1913.8339991000003,0,22
1521,-9999.0,-9999.0,-9999.0,-9999.0,-9999.0,-9999.0,-9999.0,-9999.0,-9999.0,orientation,color,size,0.3400000000000001,6.5,18,female,1,1913.8339991000003,0,22
1522,-9999.0,-9999.0,-9999.0,-9999.0,-9999.0,-9999.0,-9999.0,-9999.0,-9999.0,orientation,color,size,0.3400000000000001,6.5,18,female,1,1913.8339991000003,0,22
1523,-9999.0,-9999.0,-9999.0,-9999.0,-9999.0,-9999.0,-9999.0,-9999.0,-9999.0,orientation,color,size,0.3400000000000001,6.5,18,female,1,1913.8339991000003,0,22
1524,-9999.0,-9999.0,-9999.0,-9999.0,-9999.0,-9999.0,-9999.0,-9999.0,-9999.0,orientation,color,size,0.3400000000000001,6.5,18,female,1,1913.8339991000003,0,22
1525,-9999.0,-9999.0,-9999.0,-9999.0,-9999.0,-9999.0,-9999.0,-9999.0,-9999.0,orientation,color,size,0.3400000000000001,6.5,18,female,1,1913.8339991000003,0,22
1526,-9999.0,-9999.0,-9999.0,-9999.0,-9999.0,-9999.0,-9999.0,-9999.0,-9999.0,orientation,color,size,0.3400000000000001,6.5,18,female,1,1913.8339991000003,0,22
1527,-9999.0,-9999.0,-9999.0,-9999.0,-9999.0,-9999.0,-9999.0,-9999.0,-9999.0,orientation,color,size,0.3400000000000001,6.5,18,female,1,1913.8339991000003,0,22
1528,-9999.0,-9999.0,-9999.0,-9999.0,-9999.0,-9999.0,-9999.0,-9999.0,-9999.0,orientation,color,size,0.3400000000000001,6.5,18,female,1,1913.8339991000003,0,22
1529,-9999.0,-9999.0,-9999.0,-9999.0,-9999.0,-9999.0,-9999.0,-9999.0,-9999.0,orientation,color,size,0.3400000000000001,6.5,18,female,1,1913.8339991000003,0,22
1530,-9999.0,-9999.0,-9999.0,-9999.0,-9999.0,-9999.0,-9999.0,-9999.0,-9999.0,orientation,color,size,0.3400000000000001,6.5,18,female,1,1913.8339991000003,0,22
1531,-9999.0,-9999.0,-9999.0,-9999.0,-9999.0,-9999.0,-9999.0,-9999.0,-9999.0,orientation,color,size,0.3400000000000001,6.5,18,female,1,1913.8339991000003,0,22
1532,-9999.0,-9999.0,-9999.0,-9999.0,-9999.0,-9999.0,-9999.0,-9999.0,-9999.0,orientation,color,size,0.3400000000000001,6.5,18,female,1,1913.8339991000003,0,22
1533,-9999.0,-9999.0,-9999.0,-9999.0,-9999.0,-9999.0,-9999.0,-9999.0,-9999.0,orientation,color,size,0.3400000000000001,6.5,18,female,1,1913.8339991000003,0,22
1534,-9999.0,-9999.0,-9999.0,-9999.0,-9999.0,-9999.0,-9999.0,-9999.0,-9999.0,orientation,color,size,0.3400000000000001,6.5,18,female,1,1913.8339991000003,0,22
1535,-9999.0,-9999.0,-9999.0,-9999.0,-9999.0,-9999.0,-9999.0,-9999.0,-9999.0,orientation,color,size,0.3400000000000001,6.5,18,female,1,1913.8339991000003,0,22
1536,-9999.0,-9999.0,-9999.0,-9999.0,-9999.0,-9999.0,-9999.0,-9999.0,-9999.0,orientation,color,size,0.3400000000000001,6.5,18,female,1,1913.8339991000003,0,22
1537,-9999.0,-9999.0,-9999.0,-9999.0,-9999.0,-9999.0,-9999.0,-9999.0,-9999.0,orientation,color,size,0.3400000000000001,6.5,18,female,1,1913.8339991000003,0,22
1538,-9999.0,-9999.0,-9999.0,-9999.0,-9999.0,-9999.0,-9999.0,-9999.0,-9999.0,orientation,color,size,0.3400000000000001,6.5,18,female,1,1913.8339991000003,0,22
1539,-9999.0,-9999.0,-9999.0,-9999.0,-9999.0,-9999.0,-9999.0,-9999.0,-9999.0,orientation,color,size,0.3400000000000001,6.5,18,female,1,1913.8339991000003,0,22
1540,-9999.0,-9999.0,-9999.0,-9999.0,-9999.0,-9999.0,-9999.0,-9999.0,-9999.0,orientation,color,size,0.3400000000000001,6.5,18,female,1,1913.8339991000003,0,22
1541,-9999.0,-9999.0,-9999.0,-9999.0,-9999.0,-9999.0,-9999.0,-9999.0,-9999.0,orientation,color,size,0.3400000000000001,6.5,18,female,1,1913.8339991000003,0,22
1542,-9999.0,-9999.0,-9999.0,-9999.0,-9999.0,-9999.0,-9999.0,-9999.0,-9999.0,orientation,color,size,0.3400000000000001,6.5,18,female,1,1913.8339991000003,0,22
1543,-9999.0,-9999.0,-9999.0,-9999.0,-9999.0,-9999.0,-9999.0,-9999.0,-9999.0,orientation,color,size,0.3400000000000001,6.5,18,female,1,1913.8339991000003,0,22
1544,-9999.0,-9999.0,-9999.0,-9999.0,-9999.0,-9999.0,-9999.0,-9999.0,-9999.0,orientation,color,size,0.3400000000000001,6.5,18,female,1,1913.8339991000003,0,22
1545,-9999.0,-9999.0,-9999.0,-9999.0,-9999.0,-9999.0,-9999.0,-9999.0,-9999.0,orientation,color,size,0.3400000000000001,6.5,18,female,1,1913.8339991000003,0,22
1546,-9999.0,-9999.0,-9999.0,-9999.0,-9999.0,-9999.0,-9999.0,-9999.0,-9999.0,orientation,color,size,0.3400000000000001,6.5,18,female,1,1913.8339991000003,0,22
1547,-9999.0,-9999.0,-9999.0,-9999.0,-9999.0,-9999.0,-9999.0,-9999.0,-9999.0,orientation,color,size,0.3400000000000001,6.5,18,female,1,1913.8339991000003,0,22
1548,-9999.0,-9999.0,-9999.0,-9999.0,-9999.0,-9999.0,-9999.0,-9999.0,-9999.0,orientation,color,size,0.3400000000000001,6.5,18,female,1,1913.8339991000003,0,22
1549,-9999.0,-9999.0,-9999.0,-9999.0,-9999.0,-9999.0,-9999.0,-9999.0,-9999.0,orientation,color,size,0.3400000000000001,6.5,18,female,1,1913.8339991000003,0,22
1550,-9999.0,-9999.0,-9999.0,-9999.0,-9999.0,-9999.0,-9999.0,-9999.0,-9999.0,orientation,color,size,0.3400000000000001,6.5,18,female,1,1913.8339991000003,0,22
1551,-9999.0,-9999.0,-9999.0,-9999.0,-9999.0,-9999.0,-9999.0,-9999.0,-9999.0,orientation,color,size,0.3400000000000001,6.5,18,female,1,1913.8339991000003,0,22
1552,-9999.0,-9999.0,-9999.0,-9999.0,-9999.0,-9999.0,-9999.0,-9999.0,-9999.0,orientation,color,size,0.3400000000000001,6.5,18,female,1,1913.8339991000003,0,22
1553,-9999.0,-9999.0,-9999.0,-9999.0,-9999.0,-9999.0,-9999.0,-9999.0,-9999.0,orientation,color,size,0.3400000000000001,6.5,18,female,1,1913.8339991000003,0,22
1554,-9999.0,-9999.0,-9999.0,-9999.0,-9999.0,-9999.0,-9999.0,-9999.0,-9999.0,orientation,color,size,0.3400000000000001,6.5,18,female,1,1913.8339991000003,0,22
1555,-9999.0,-9999.0,-9999.0,-9999.0,-9999.0,-9999.0,-9999.0,-9999.0,-9999.0,orientation,color,size,0.3400000000000001,6.5,18,female,1,1913.8339991000003,0,22
1556,-9999.0,-9999.0,-9999.0,-9999.0,-9999.0,-9999.0,-9999.0,-9999.0,-9999.0,orientation,color,size,0.3400000000000001,6.5,18,female,1,1913.8339991000003,0,22
1557,-9999.0,-9999.0,-9999.0,-9999.0,-9999.0,-9999.0,-9999.0,-9999.0,-9999.0,orientation,color,size,0.3400000000000001,6.5,18,female,1,1913.8339991000003,0,22
1558,-9999.0,-9999.0,-9999.0,-9999.0,-9999.0,-9999.0,-9999.0,-9999.0,-9999.0,orientation,color,size,0.3400000000000001,6.5,18,female,1,1913.8339991000003,0,22
1559,-9999.0,-9999.0,-9999.0,-9999.0,-9999.0,-9999.0,-9999.0,-9999.0,-9999.0,orientation,color,size,0.3400000000000001,6.5,18,female,1,1913.8339991000003,0,22
1560,-9999.0,-9999.0,-9999.0,-9999.0,-9999.0,-9999.0,-9999.0,-9999.0,-9999.0,orientation,color,size,0.3400000000000001,6.5,18,female,1,1913.8339991000003,0,22
1561,-9999.0,-9999.0,-9999.0,-9999.0,-9999.0,-9999.0,-9999.0,-9999.0,-9999.0,orientation,color,size,0.3400000000000001,6.5,18,female,1,1913.8339991000003,0,22
1562,-9999.0,-9999.0,-9999.0,-9999.0,-9999.0,-9999.0,-9999.0,-9999.0,-9999.0,orientation,color,size,0.3400000000000001,6.5,18,female,1,1913.8339991000003,0,22
1563,-9999.0,-9999.0,-9999.0,-9999.0,-9999.0,-9999.0,-9999.0,-9999.0,-9999.0,orientation,color,size,0.3400000000000001,6.5,18,female,1,1913.8339991000003,0,22
1564,-9999.0,-9999.0,-9999.0,-9999.0,-9999.0,-9999.0,-9999.0,-9999.0,-9999.0,orientation,color,size,0.3400000000000001,6.5,18,female,1,1913.8339991000003,0,22
1565,-9999.0,-9999.0,-9999.0,-9999.0,-9999.0,-9999.0,-9999.0,-9999.0,-9999.0,orientation,color,size,0.3400000000000001,6.5,18,female,1,1913.8339991000003,0,22
1566,-9999.0,-9999.0,-9999.0,-9999.0,-9999.0,-9999.0,-9999.0,-9999.0,-9999.0,orientation,color,size,0.3400000000000001,6.5,18,female,1,1913.8339991000003,0,22
1567,-9999.0,-9999.0,-9999.0,-9999.0,-9999.0,-9999.0,-9999.0,-9999.0,-9999.0,orientation,color,size,0.3400000000000001,6.5,18,female,1,1913.8339991000003,0,22
1568,-9999.0,-9999.0,-9999.0,-9999.0,-9999.0,-9999.0,-9999.0,-9999.0,-9999.0,orientation,color,size,0.3400000000000001,6.5,18,female,1,1913.8339991000003,0,22
1569,-9999.0,-9999.0,-9999.0,-9999.0,-9999.0,-9999.0,-9999.0,-9999.0,-9999.0,orientation,color,size,0.3400000000000001,6.5,18,female,1,1913.8339991000003,0,22
1570,-9999.0,-9999.0,-9999.0,-9999.0,-9999.0,-9999.0,-9999.0,-9999.0,-9999.0,orientation,color,size,0.3400000000000001,6.5,18,female,1,1913.8339991000003,0,22
1571,-9999.0,-9999.0,-9999.0,-9999.0,-9999.0,-9999.0,-9999.0,-9999.0,-9999.0,orientation,color,size,0.3400000000000001,6.5,18,female,1,1913.8339991000003,0,22
1572,-9999.0,-9999.0,-9999.0,-9999.0,-9999.0,-9999.0,-9999.0,-9999.0,-9999.0,orientation,color,size,0.3400000000000001,6.5,18,female,1,1913.8339991000003,0,22
1573,-9999.0,-9999.0,-9999.0,-9999.0,-9999.0,-9999.0,-9999.0,-9999.0,-9999.0,orientation,color,size,0.3400000000000001,6.5,18,female,1,1913.8339991000003,0,22
1574,-9999.0,-9999.0,-9999.0,-9999.0,-9999.0,-9999.0,-9999.0,-9999.0,-9999.0,orientation,color,size,0.3400000000000001,6.5,18,female,1,1913.8339991000003,0,22
1575,-9999.0,-9999.0,-9999.0,-9999.0,-9999.0,-9999.0,-9999.0,-9999.0,-9999.0,orientation,color,size,0.3400000000000001,6.5,18,female,1,1913.8339991000003,0,22
1576,-9999.0,-9999.0,-9999.0,-9999.0,-9999.0,-9999.0,-9999.0,-9999.0,-9999.0,orientation,color,size,0.3400000000000001,6.5,18,female,1,1913.8339991000003,0,22
1577,-9999.0,-9999.0,-9999.0,-9999.0,-9999.0,-9999.0,-9999.0,-9999.0,-9999.0,orientation,color,size,0.3400000000000001,6.5,18,female,1,1913.8339991000003,0,22
1578,-9999.0,-9999.0,-9999.0,-9999.0,-9999.0,-9999.0,-9999.0,-9999.0,-9999.0,orientation,color,size,0.3400000000000001,6.5,18,female,1,1913.8339991000003,0,22
1579,-9999.0,-9999.0,-9999.0,-9999.0,-9999.0,-9999.0,-9999.0,-9999.0,-9999.0,orientation,color,size,0.3400000000000001,6.5,18,female,1,1913.8339991000003,0,22
1580,-9999.0,-9999.0,-9999.0,-9999.0,-9999.0,-9999.0,-9999.0,-9999.0,-9999.0,orientation,color,size,0.3400000000000001,6.5,18,female,1,1913.8339991000003,0,22
1581,-9999.0,-9999.0,-9999.0,-9999.0,-9999.0,-9999.0,-9999.0,-9999.0,-9999.0,orientation,color,size,0.3400000000000001,6.5,18,female,1,1913.8339991000003,0,22
1582,-9999.0,-9999.0,-9999.0,-9999.0,-9999.0,-9999.0,-9999.0,-9999.0,-9999.0,orientation,color,size,0.3400000000000001,6.5,18,female,1,1913.8339991000003,0,22
1583,-9999.0,-9999.0,-9999.0,-9999.0,-9999.0,-9999.0,-9999.0,-9999.0,-9999.0,orientation,color,size,0.3400000000000001,6.5,18,female,1,1913.8339991000003,0,22
1584,-9999.0,-9999.0,-9999.0,-9999.0,-9999.0,-9999.0,-9999.0,-9999.0,-9999.0,orientation,color,size,0.3400000000000001,6.5,18,female,1,1913.8339991000003,0,22
1585,-9999.0,-9999.0,-9999.0,-9999.0,-9999.0,-9999.0,-9999.0,-9999.0,-9999.0,orientation,color,size,0.3400000000000001,6.5,18,female,1,1913.8339991000003,0,22
1586,-9999.0,-9999.0,-9999.0,-9999.0,-9999.0,-9999.0,-9999.0,-9999.0,-9999.0,orientation,color,size,0.3400000000000001,6.5,18,female,1,1913.8339991000003,0,22
1587,-9999.0,-9999.0,-9999.0,-9999.0,-9999.0,-9999.0,-9999.0,-9999.0,-9999.0,orientation,color,size,0.3400000000000001,6.5,18,female,1,1913.8339991000003,0,22
1588,-9999.0,-9999.0,-9999.0,-9999.0,-9999.0,-9999.0,-9999.0,-9999.0,-9999.0,orientation,color,size,0.3400000000000001,6.5,18,female,1,1913.8339991000003,0,22
1589,-9999.0,-9999.0,-9999.0,-9999.0,-9999.0,-9999.0,-9999.0,-9999.0,-9999.0,orientation,color,size,0.3400000000000001,6.5,18,female,1,1913.8339991000003,0,22
1590,-9999.0,-9999.0,-9999.0,-9999.0,-9999.0,-9999.0,-9999.0,-9999.0,-9999.0,orientation,color,size,0.3400000000000001,6.5,18,female,1,1913.8339991000003,0,22
1591,-9999.0,-9999.0,-9999.0,-9999.0,-9999.0,-9999.0,-9999.0,-9999.0,-9999.0,orientation,color,size,0.3400000000000001,6.5,18,female,1,1913.8339991000003,0,22
1592,-9999.0,-9999.0,-9999.0,-9999.0,-9999.0,-9999.0,-9999.0,-9999.0,-9999.0,orientation,color,size,0.3400000000000001,6.5,18,female,1,1913.8339991000003,0,22
1593,-9999.0,-9999.0,-9999.0,-9999.0,-9999.0,-9999.0,-9999.0,-9999.0,-9999.0,orientation,color,size,0.3400000000000001,6.5,18,female,1,1913.8339991000003,0,22
1594,-9999.0,-9999.0,-9999.0,-9999.0,-9999.0,-9999.0,-9999.0,-9999.0,-9999.0,orientation,color,size,0.3400000000000001,6.5,18,female,1,1913.8339991000003,0,22
1595,-9999.0,-9999.0,-9999.0,-9999.0,-9999.0,-9999.0,-9999.0,-9999.0,-9999.0,orientation,color,size,0.3400000000000001,6.5,18,female,1,1913.8339991000003,0,22
1596,-9999.0,-9999.0,-9999.0,-9999.0,-9999.0,-9999.0,-9999.0,-9999.0,-9999.0,orientation,color,size,0.3400000000000001,6.5,18,female,1,1913.8339991000003,0,22
1597,-9999.0,-9999.0,-9999.0,-9999.0,-9999.0,-9999.0,-9999.0,-9999.0,-9999.0,orientation,color,size,0.3400000000000001,6.5,18,female,1,1913.8339991000003,0,22
1598,-9999.0,-9999.0,-9999.0,-9999.0,-9999.0,-9999.0,-9999.0,-9999.0,-9999.0,orientation,color,size,0.3400000000000001,6.5,18,female,1,1913.8339991000003,0,22
1599,-9999.0,-9999.0,-9999.0,-9999.0,-9999.0,-9999.0,-9999.0,-9999.0,-9999.0,orientation,color,size,0.3400000000000001,6.5,18,female,1,1913.8339991000003,0,22
1600,-9999.0,-9999.0,-9999.0,-9999.0,-9999.0,-9999.0,-9999.0,-9999.0,-9999.0,orientation,color,size,0.3400000000000001,6.5,18,female,1,1913.8339991000003,0,22
1601,-9999.0,-9999.0,-9999.0,-9999.0,-9999.0,-9999.0,-9999.0,-9999.0,-9999.0,orientation,color,size,0.3400000000000001,6.5,18,female,1,1913.8339991000003,0,22
1602,-9999.0,-9999.0,-9999.0,-9999.0,-9999.0,-9999.0,-9999.0,-9999.0,-9999.0,orientation,color,size,0.3400000000000001,6.5,18,female,1,1913.8339991000003,0,22
1603,-9999.0,-9999.0,-9999.0,-9999.0,-9999.0,-9999.0,-9999.0,-9999.0,-9999.0,orientation,color,size,0.3400000000000001,6.5,18,female,1,1913.8339991000003,0,22
1604,-9999.0,-9999.0,-9999.0,-9999.0,-9999.0,-9999.0,-9999.0,-9999.0,-9999.0,orientation,color,size,0.3400000000000001,6.5,18,female,1,1913.8339991000003,0,22
1605,-9999.0,-9999.0,-9999.0,-9999.0,-9999.0,-9999.0,-9999.0,-9999.0,-9999.0,orientation,color,size,0.3400000000000001,6.5,18,female,1,1913.8339991000003,0,22
1606,-9999.0,-9999.0,-9999.0,-9999.0,-9999.0,-9999.0,-9999.0,-9999.0,-9999.0,orientation,color,size,0.3400000000000001,6.5,18,female,1,1913.8339991000003,0,22
1607,-9999.0,-9999.0,-9999.0,-9999.0,-9999.0,-9999.0,-9999.0,-9999.0,-9999.0,orientation,color,size,0.3400000000000001,6.5,18,female,1,1913.8339991000003,0,22
1608,-9999.0,-9999.0,-9999.0,-9999.0,-9999.0,-9999.0,-9999.0,-9999.0,-9999.0,orientation,color,size,0.3400000000000001,6.5,18,female,1,1913.8339991000003,0,22
1609,-9999.0,-9999.0,-9999.0,-9999.0,-9999.0,-9999.0,-9999.0,-9999.0,-9999.0,orientation,color,size,0.3400000000000001,6.5,18,female,1,1913.8339991000003,0,22
1610,-9999.0,-9999.0,-9999.0,-9999.0,-9999.0,-9999.0,-9999.0,-9999.0,-9999.0,orientation,color,size,0.3400000000000001,6.5,18,female,1,1913.8339991000003,0,22
1611,-9999.0,-9999.0,-9999.0,-9999.0,-9999.0,-9999.0,-9999.0,-9999.0,-9999.0,orientation,color,size,0.3400000000000001,6.5,18,female,1,1913.8339991000003,0,22
1612,-9999.0,-9999.0,-9999.0,-9999.0,-9999.0,-9999.0,-9999.0,-9999.0,-9999.0,orientation,color,size,0.3400000000000001,6.5,18,female,1,1913.8339991000003,0,22
1613,-9999.0,-9999.0,-9999.0,-9999.0,-9999.0,-9999.0,-9999.0,-9999.0,-9999.0,orientation,color,size,0.3400000000000001,6.5,18,female,1,1913.8339991000003,0,22
1614,-9999.0,-9999.0,-9999.0,-9999.0,-9999.0,-9999.0,-9999.0,-9999.0,-9999.0,orientation,color,size,0.3400000000000001,6.5,18,female,1,1913.8339991000003,0,22
1615,-9999.0,-9999.0,-9999.0,-9999.0,-9999.0,-9999.0,-9999.0,-9999.0,-9999.0,orientation,color,size,0.3400000000000001,6.5,18,female,1,1913.8339991000003,0,22
1616,-9999.0,-9999.0,-9999.0,-9999.0,-9999.0,-9999.0,-9999.0,-9999.0,-9999.0,orientation,color,size,0.3400000000000001,6.5,18,female,1,1913.8339991000003,0,22
1617,-9999.0,-9999.0,-9999.0,-9999.0,-9999.0,-9999.0,-9999.0,-9999.0,-9999.0,orientation,color,size,0.3400000000000001,6.5,18,female,1,1913.8339991000003,0,22
1618,-9999.0,-9999.0,-9999.0,-9999.0,-9999.0,-9999.0,-9999.0,-9999.0,-9999.0,orientation,color,size,0.3400000000000001,6.5,18,female,1,1913.8339991000003,0,22
1619,-9999.0,-9999.0,-9999.0,-9999.0,-9999.0,-9999.0,-9999.0,-9999.0,-9999.0,orientation,color,size,0.3400000000000001,6.5,18,female,1,1913.8339991000003,0,22
1620,-9999.0,-9999.0,-9999.0,-9999.0,-9999.0,-9999.0,-9999.0,-9999.0,-9999.0,orientation,color,size,0.3400000000000001,6.5,18,female,1,1913.8339991000003,0,22
1621,-9999.0,-9999.0,-9999.0,-9999.0,-9999.0,-9999.0,-9999.0,-9999.0,-9999.0,orientation,color,size,0.3400000000000001,6.5,18,female,1,1913.8339991000003,0,22
1622,-9999.0,-9999.0,-9999.0,-9999.0,-9999.0,-9999.0,-9999.0,-9999.0,-9999.0,orientation,color,size,0.3400000000000001,6.5,18,female,1,1913.8339991000003,0,22
1623,-9999.0,-9999.0,-9999.0,-9999.0,-9999.0,-9999.0,-9999.0,-9999.0,-9999.0,orientation,color,size,0.3400000000000001,6.5,18,female,1,1913.8339991000003,0,22
1624,-9999.0,-9999.0,-9999.0,-9999.0,-9999.0,-9999.0,-9999.0,-9999.0,-9999.0,orientation,color,size,0.3400000000000001,6.5,18,female,1,1913.8339991000003,0,22
1625,-9999.0,-9999.0,-9999.0,-9999.0,-9999.0,-9999.0,-9999.0,-9999.0,-9999.0,orientation,color,size,0.3400000000000001,6.5,18,female,1,1913.8339991000003,0,22
1626,-9999.0,-9999.0,-9999.0,-9999.0,-9999.0,-9999.0,-9999.0,-9999.0,-9999.0,orientation,color,size,0.3400000000000001,6.5,18,female,1,1913.8339991000003,0,22
1627,-9999.0,-9999.0,-9999.0,-9999.0,-9999.0,-9999.0,-9999.0,-9999.0,-9999.0,orientation,color,size,0.3400000000000001,6.5,18,female,1,1913.8339991000003,0,22
1628,-9999.0,-9999.0,-9999.0,-9999.0,-9999.0,-9999.0,-9999.0,-9999.0,-9999.0,orientation,color,size,0.3400000000000001,6.5,18,female,1,1913.8339991000003,0,22
1629,-9999.0,-9999.0,-9999.0,-9999.0,-9999.0,-9999.0,-9999.0,-9999.0,-9999.0,orientation,color,size,0.3400000000000001,6.5,18,female,1,1913.8339991000003,0,22
1630,-9999.0,-9999.0,-9999.0,-9999.0,-9999.0,-9999.0,-9999.0,-9999.0,-9999.0,orientation,color,size,0.3400000000000001,6.5,18,female,1,1913.8339991000003,0,22
1631,-9999.0,-9999.0,-9999.0,-9999.0,-9999.0,-9999.0,-9999.0,-9999.0,-9999.0,orientation,color,size,0.3400000000000001,6.5,18,female,1,1913.8339991000003,0,22
1632,-9999.0,-9999.0,-9999.0,-9999.0,-9999.0,-9999.0,-9999.0,-9999.0,-9999.0,orientation,color,size,0.3400000000000001,6.5,18,female,1,1913.8339991000003,0,22
1633,-9999.0,-9999.0,-9999.0,-9999.0,-9999.0,-9999.0,-9999.0,-9999.0,-9999.0,orientation,color,size,0.3400000000000001,6.5,18,female,1,1913.8339991000003,0,22
1634,-9999.0,-9999.0,-9999.0,-9999.0,-9999.0,-9999.0,-9999.0,-9999.0,-9999.0,orientation,color,size,0.3400000000000001,6.5,18,female,1,1913.8339991000003,0,22
1635,-9999.0,-9999.0,-9999.0,-9999.0,-9999.0,-9999.0,-9999.0,-9999.0,-9999.0,orientation,color,size,0.3400000000000001,6.5,18,female,1,1913.8339991000003,0,22
1636,-9999.0,-9999.0,-9999.0,-9999.0,-9999.0,-9999.0,-9999.0,-9999.0,-9999.0,orientation,color,size,0.3400000000000001,6.5,18,female,1,1913.8339991000003,0,22
1637,-9999.0,-9999.0,-9999.0,-9999.0,-9999.0,-9999.0,-9999.0,-9999.0,-9999.0,orientation,color,size,0.3400000000000001,6.5,18,female,1,1913.8339991000003,0,22
1638,-9999.0,-9999.0,-9999.0,-9999.0,-9999.0,-9999.0,-9999.0,-9999.0,-9999.0,orientation,color,size,0.3400000000000001,6.5,18,female,1,1913.8339991000003,0,22
1639,-9999.0,-9999.0,-9999.0,-9999.0,-9999.0,-9999.0,-9999.0,-9999.0,-9999.0,orientation,color,size,0.3400000000000001,6.5,18,female,1,1913.8339991000003,0,22
1640,-9999.0,-9999.0,-9999.0,-9999.0,-9999.0,-9999.0,-9999.0,-9999.0,-9999.0,orientation,color,size,0.3400000000000001,6.5,18,female,1,1913.8339991000003,0,22
1641,-9999.0,-9999.0,-9999.0,-9999.0,-9999.0,-9999.0,-9999.0,-9999.0,-9999.0,orientation,color,size,0.3400000000000001,6.5,18,female,1,1913.8339991000003,0,22
1642,-9999.0,-9999.0,-9999.0,-9999.0,-9999.0,-9999.0,-9999.0,-9999.0,-9999.0,orientation,color,size,0.3400000000000001,6.5,18,female,1,1913.8339991000003,0,22
1643,-9999.0,-9999.0,-9999.0,-9999.0,-9999.0,-9999.0,-9999.0,-9999.0,-9999.0,orientation,color,size,0.3400000000000001,6.5,18,female,1,1913.8339991000003,0,22
1644,-9999.0,-9999.0,-9999.0,-9999.0,-9999.0,-9999.0,-9999.0,-9999.0,-9999.0,orientation,color,size,0.3400000000000001,6.5,18,female,1,1913.8339991000003,0,22
1645,-9999.0,-9999.0,-9999.0,-9999.0,-9999.0,-9999.0,-9999.0,-9999.0,-9999.0,orientation,color,size,0.3400000000000001,6.5,18,female,1,1913.8339991000003,0,22
1646,-9999.0,-9999.0,-9999.0,-9999.0,-9999.0,-9999.0,-9999.0,-9999.0,-9999.0,orientation,color,size,0.3400000000000001,6.5,18,female,1,1913.8339991000003,0,22
1647,-9999.0,-9999.0,-9999.0,-9999.0,-9999.0,-9999.0,-9999.0,-9999.0,-9999.0,orientation,color,size,0.3400000000000001,6.5,18,female,1,1913.8339991000003,0,22
1648,-9999.0,-9999.0,-9999.0,-9999.0,-9999.0,-9999.0,-9999.0,-9999.0,-9999.0,orientation,color,size,0.3400000000000001,6.5,18,female,1,1913.8339991000003,0,22
1649,-9999.0,-9999.0,-9999.0,-9999.0,-9999.0,-9999.0,-9999.0,-9999.0,-9999.0,orientation,color,size,0.3400000000000001,6.5,18,female,1,1913.8339991000003,0,22
1650,-9999.0,-9999.0,-9999.0,-9999.0,-9999.0,-9999.0,-9999.0,-9999.0,-9999.0,orientation,color,size,0.3400000000000001,6.5,18,female,1,1913.8339991000003,0,22
1651,-9999.0,-9999.0,-9999.0,-9999.0,-9999.0,-9999.0,-9999.0,-9999.0,-9999.0,orientation,color,size,0.3400000000000001,6.5,18,female,1,1913.8339991000003,0,22
1652,-9999.0,-9999.0,-9999.0,-9999.0,-9999.0,-9999.0,-9999.0,-9999.0,-9999.0,orientation,color,size,0.3400000000000001,6.5,18,female,1,1913.8339991000003,0,22
1653,-9999.0,-9999.0,-9999.0,-9999.0,-9999.0,-9999.0,-9999.0,-9999.0,-9999.0,orientation,color,size,0.3400000000000001,6.5,18,female,1,1913.8339991000003,0,22
1654,-9999.0,-9999.0,-9999.0,-9999.0,-9999.0,-9999.0,-9999.0,-9999.0,-9999.0,orientation,color,size,0.3400000000000001,6.5,18,female,1,1913.8339991000003,0,22
1655,-9999.0,-9999.0,-9999.0,-9999.0,-9999.0,-9999.0,-9999.0,-9999.0,-9999.0,orientation,color,size,0.3400000000000001,6.5,18,female,1,1913.8339991000003,0,22
1656,-9999.0,-9999.0,-9999.0,-9999.0,-9999.0,-9999.0,-9999.0,-9999.0,-9999.0,orientation,color,size,0.3400000000000001,6.5,18,female,1,1913.8339991000003,0,22
1657,-9999.0,-9999.0,-9999.0,-9999.0,-9999.0,-9999.0,-9999.0,-9999.0,-9999.0,orientation,color,size,0.3400000000000001,6.5,18,female,1,1913.8339991000003,0,22
1658,-9999.0,-9999.0,-9999.0,-9999.0,-9999.0,-9999.0,-9999.0,-9999.0,-9999.0,orientation,color,size,0.3400000000000001,6.5,18,female,1,1913.8339991000003,0,22
1659,-9999.0,-9999.0,-9999.0,-9999.0,-9999.0,-9999.0,-9999.0,-9999.0,-9999.0,orientation,color,size,0.3400000000000001,6.5,18,female,1,1913.8339991000003,0,22
1660,-9999.0,-9999.0,-9999.0,-9999.0,-9999.0,-9999.0,-9999.0,-9999.0,-9999.0,orientation,color,size,0.3400000000000001,6.5,18,female,1,1913.8339991000003,0,22
1661,-9999.0,-9999.0,-9999.0,-9999.0,-9999.0,-9999.0,-9999.0,-9999.0,-9999.0,orientation,color,size,0.3400000000000001,6.5,18,female,1,1913.8339991000003,0,22
1662,-9999.0,-9999.0,-9999.0,-9999.0,-9999.0,-9999.0,-9999.0,-9999.0,-9999.0,orientation,color,size,0.3400000000000001,6.5,18,female,1,1913.8339991000003,0,22
1663,-9999.0,-9999.0,-9999.0,-9999.0,-9999.0,-9999.0,-9999.0,-9999.0,-9999.0,orientation,color,size,0.3400000000000001,6.5,18,female,1,1913.8339991000003,0,22
1664,-9999.0,-9999.0,-9999.0,-9999.0,-9999.0,-9999.0,-9999.0,-9999.0,-9999.0,orientation,color,size,0.3400000000000001,6.5,18,female,1,1913.8339991000003,0,22
1665,-9999.0,-9999.0,-9999.0,-9999.0,-9999.0,-9999.0,-9999.0,-9999.0,-9999.0,orientation,color,size,0.3400000000000001,6.5,18,female,1,1913.8339991000003,0,22
1666,-9999.0,-9999.0,-9999.0,-9999.0,-9999.0,-9999.0,-9999.0,-9999.0,-9999.0,orientation,color,size,0.3400000000000001,6.5,18,female,1,1913.8339991000003,0,22
1667,-9999.0,-9999.0,-9999.0,-9999.0,-9999.0,-9999.0,-9999.0,-9999.0,-9999.0,orientation,color,size,0.3400000000000001,6.5,18,female,1,1913.8339991000003,0,22
1668,-9999.0,-9999.0,-9999.0,-9999.0,-9999.0,-9999.0,-9999.0,-9999.0,-9999.0,orientation,color,size,0.3400000000000001,6.5,18,female,1,1913.8339991000003,0,22
1669,-9999.0,-9999.0,-9999.0,-9999.0,-9999.0,-9999.0,-9999.0,-9999.0,-9999.0,orientation,color,size,0.3400000000000001,6.5,18,female,1,1913.8339991000003,0,22
1670,-9999.0,-9999.0,-9999.0,-9999.0,-9999.0,-9999.0,-9999.0,-9999.0,-9999.0,orientation,color,size,0.3400000000000001,6.5,18,female,1,1913.8339991000003,0,22
1671,-9999.0,-9999.0,-9999.0,-9999.0,-9999.0,-9999.0,-9999.0,-9999.0,-9999.0,orientation,color,size,0.3400000000000001,6.5,18,female,1,1913.8339991000003,0,22
1672,-9999.0,-9999.0,-9999.0,-9999.0,-9999.0,-9999.0,-9999.0,-9999.0,-9999.0,orientation,color,size,0.3400000000000001,6.5,18,female,1,1913.8339991000003,0,22
1673,-9999.0,-9999.0,-9999.0,-9999.0,-9999.0,-9999.0,-9999.0,-9999.0,-9999.0,orientation,color,size,0.3400000000000001,6.5,18,female,1,1913.8339991000003,0,22
1674,-9999.0,-9999.0,-9999.0,-9999.0,-9999.0,-9999.0,-9999.0,-9999.0,-9999.0,orientation,color,size,0.3400000000000001,6.5,18,female,1,1913.8339991000003,0,22
1675,-9999.0,-9999.0,-9999.0,-9999.0,-9999.0,-9999.0,-9999.0,-9999.0,-9999.0,orientation,color,size,0.3400000000000001,6.5,18,female,1,1913.8339991000003,0,22
1676,-9999.0,-9999.0,-9999.0,-9999.0,-9999.0,-9999.0,-9999.0,-9999.0,-9999.0,orientation,color,size,0.3400000000000001,6.5,18,female,1,1913.8339991000003,0,22
1677,-9999.0,-9999.0,-9999.0,-9999.0,-9999.0,-9999.0,-9999.0,-9999.0,-9999.0,orientation,color,size,0.3400000000000001,6.5,18,female,1,1913.8339991000003,0,22
1678,-9999.0,-9999.0,-9999.0,-9999.0,-9999.0,-9999.0,-9999.0,-9999.0,-9999.0,orientation,color,size,0.3400000000000001,6.5,18,female,1,1913.8339991000003,0,22
1679,-9999.0,-9999.0,-9999.0,-9999.0,-9999.0,-9999.0,-9999.0,-9999.0,-9999.0,orientation,color,size,0.3400000000000001,6.5,18,female,1,1913.8339991000003,0,22
1680,-9999.0,-9999.0,-9999.0,-9999.0,-9999.0,-9999.0,-9999.0,-9999.0,-9999.0,orientation,color,size,0.3400000000000001,6.5,18,female,1,1913.8339991000003,0,22
1681,-9999.0,-9999.0,-9999.0,-9999.0,-9999.0,-9999.0,-9999.0,-9999.0,-9999.0,orientation,color,size,0.3400000000000001,6.5,18,female,1,1913.8339991000003,0,22
1682,-9999.0,-9999.0,-9999.0,-9999.0,-9999.0,-9999.0,-9999.0,-9999.0,-9999.0,orientation,color,size,0.3400000000000001,6.5,18,female,1,1913.8339991000003,0,22
1683,-9999.0,-9999.0,-9999.0,-9999.0,-9999.0,-9999.0,-9999.0,-9999.0,-9999.0,orientation,color,size,0.3400000000000001,6.5,18,female,1,1913.8339991000003,0,22
1684,-9999.0,-9999.0,-9999.0,-9999.0,-9999.0,-9999.0,-9999.0,-9999.0,-9999.0,orientation,color,size,0.3400000000000001,6.5,18,female,1,1913.8339991000003,0,22
1685,-9999.0,-9999.0,-9999.0,-9999.0,-9999.0,-9999.0,-9999.0,-9999.0,-9999.0,orientation,color,size,0.3400000000000001,6.5,18,female,1,1913.8339991000003,0,22
1686,-9999.0,-9999.0,-9999.0,-9999.0,-9999.0,-9999.0,-9999.0,-9999.0,-9999.0,orientation,color,size,0.3400000000000001,6.5,18,female,1,1913.8339991000003,0,22
1687,-9999.0,-9999.0,-9999.0,-9999.0,-9999.0,-9999.0,-9999.0,-9999.0,-9999.0,orientation,color,size,0.3400000000000001,6.5,18,female,1,1913.8339991000003,0,22
1688,-9999.0,-9999.0,-9999.0,-9999.0,-9999.0,-9999.0,-9999.0,-9999.0,-9999.0,orientation,color,size,0.3400000000000001,6.5,18,female,1,1913.8339991000003,0,22
1689,-9999.0,-9999.0,-9999.0,-9999.0,-9999.0,-9999.0,-9999.0,-9999.0,-9999.0,orientation,color,size,0.3400000000000001,6.5,18,female,1,1913.8339991000003,0,22
1690,-9999.0,-9999.0,-9999.0,-9999.0,-9999.0,-9999.0,-9999.0,-9999.0,-9999.0,orientation,color,size,0.3400000000000001,6.5,18,female,1,1913.8339991000003,0,22
1691,-9999.0,-9999.0,-9999.0,-9999.0,-9999.0,-9999.0,-9999.0,-9999.0,-9999.0,orientation,color,size,0.3400000000000001,6.5,18,female,1,1913.8339991000003,0,22
1692,-9999.0,-9999.0,-9999.0,-9999.0,-9999.0,-9999.0,-9999.0,-9999.0,-9999.0,orientation,color,size,0.3400000000000001,6.5,18,female,1,1913.8339991000003,0,22
1693,-9999.0,-9999.0,-9999.0,-9999.0,-9999.0,-9999.0,-9999.0,-9999.0,-9999.0,orientation,color,size,0.3400000000000001,6.5,18,female,1,1913.8339991000003,0,22
1694,-9999.0,-9999.0,-9999.0,-9999.0,-9999.0,-9999.0,-9999.0,-9999.0,-9999.0,orientation,color,size,0.3400000000000001,6.5,18,female,1,1913.8339991000003,0,22
1695,-9999.0,-9999.0,-9999.0,-9999.0,-9999.0,-9999.0,-9999.0,-9999.0,-9999.0,orientation,color,size,0.3400000000000001,6.5,18,female,1,1913.8339991000003,0,22
1696,-9999.0,-9999.0,-9999.0,-9999.0,-9999.0,-9999.0,-9999.0,-9999.0,-9999.0,orientation,color,size,0.3400000000000001,6.5,18,female,1,1913.8339991000003,0,22
1697,-9999.0,-9999.0,-9999.0,-9999.0,-9999.0,-9999.0,-9999.0,-9999.0,-9999.0,orientation,color,size,0.3400000000000001,6.5,18,female,1,1913.8339991000003,0,22
1698,-9999.0,-9999.0,-9999.0,-9999.0,-9999.0,-9999.0,-9999.0,-9999.0,-9999.0,orientation,color,size,0.3400000000000001,6.5,18,female,1,1913.8339991000003,0,22
1699,-9999.0,-9999.0,-9999.0,-9999.0,-9999.0,-9999.0,-9999.0,-9999.0,-9999.0,orientation,color,size,0.3400000000000001,6.5,18,female,1,1913.8339991000003,0,22
1700,-9999.0,-9999.0,-9999.0,-9999.0,-9999.0,-9999.0,-9999.0,-9999.0,-9999.0,orientation,color,size,0.3400000000000001,6.5,18,female,1,1913.8339991000003,0,22
1701,-9999.0,-9999.0,-9999.0,-9999.0,-9999.0,-9999.0,-9999.0,-9999.0,-9999.0,orientation,color,size,0.3400000000000001,6.5,18,female,1,1913.8339991000003,0,22
1702,-9999.0,-9999.0,-9999.0,-9999.0,-9999.0,-9999.0,-9999.0,-9999.0,-9999.0,orientation,color,size,0.3400000000000001,6.5,18,female,1,1913.8339991000003,0,22
1703,-9999.0,-9999.0,-9999.0,-9999.0,-9999.0,-9999.0,-9999.0,-9999.0,-9999.0,orientation,color,size,0.3400000000000001,6.5,18,female,1,1913.8339991000003,0,22
1704,-9999.0,-9999.0,-9999.0,-9999.0,-9999.0,-9999.0,-9999.0,-9999.0,-9999.0,orientation,color,size,0.3400000000000001,6.5,18,female,1,1913.8339991000003,0,22
1705,-9999.0,-9999.0,-9999.0,-9999.0,-9999.0,-9999.0,-9999.0,-9999.0,-9999.0,orientation,color,size,0.3400000000000001,6.5,18,female,1,1913.8339991000003,0,22
1706,-9999.0,-9999.0,-9999.0,-9999.0,-9999.0,-9999.0,-9999.0,-9999.0,-9999.0,orientation,color,size,0.3400000000000001,6.5,18,female,1,1913.8339991000003,0,22
1707,-9999.0,-9999.0,-9999.0,-9999.0,-9999.0,-9999.0,-9999.0,-9999.0,-9999.0,orientation,color,size,0.3400000000000001,6.5,18,female,1,1913.8339991000003,0,22
1708,-9999.0,-9999.0,-9999.0,-9999.0,-9999.0,-9999.0,-9999.0,-9999.0,-9999.0,orientation,color,size,0.3400000000000001,6.5,18,female,1,1913.8339991000003,0,22
1709,-9999.0,-9999.0,-9999.0,-9999.0,-9999.0,-9999.0,-9999.0,-9999.0,-9999.0,orientation,color,size,0.3400000000000001,6.5,18,female,1,1913.8339991000003,0,22
1710,-9999.0,-9999.0,-9999.0,-9999.0,-9999.0,-9999.0,-9999.0,-9999.0,-9999.0,orientation,color,size,0.3400000000000001,6.5,18,female,1,1913.8339991000003,0,22
1711,-9999.0,-9999.0,-9999.0,-9999.0,-9999.0,-9999.0,-9999.0,-9999.0,-9999.0,orientation,color,size,0.3400000000000001,6.5,18,female,1,1913.8339991000003,0,22
1712,-9999.0,-9999.0,-9999.0,-9999.0,-9999.0,-9999.0,-9999.0,-9999.0,-9999.0,orientation,color,size,0.3400000000000001,6.5,18,female,1,1913.8339991000003,0,22
1713,-9999.0,-9999.0,-9999.0,-9999.0,-9999.0,-9999.0,-9999.0,-9999.0,-9999.0,orientation,color,size,0.3400000000000001,6.5,18,female,1,1913.8339991000003,0,22
1714,-9999.0,-9999.0,-9999.0,-9999.0,-9999.0,-9999.0,-9999.0,-9999.0,-9999.0,orientation,color,size,0.3400000000000001,6.5,18,female,1,1913.8339991000003,0,22
1715,-9999.0,-9999.0,-9999.0,-9999.0,-9999.0,-9999.0,-9999.0,-9999.0,-9999.0,orientation,color,size,0.3400000000000001,6.5,18,female,1,1913.8339991000003,0,22
1716,-9999.0,-9999.0,-9999.0,-9999.0,-9999.0,-9999.0,-9999.0,-9999.0,-9999.0,orientation,color,size,0.3400000000000001,6.5,18,female,1,1913.8339991000003,0,22
1717,-9999.0,-9999.0,-9999.0,-9999.0,-9999.0,-9999.0,-9999.0,-9999.0,-9999.0,orientation,color,size,0.3400000000000001,6.5,18,female,1,1913.8339991000003,0,22
1718,-9999.0,-9999.0,-9999.0,-9999.0,-9999.0,-9999.0,-9999.0,-9999.0,-9999.0,orientation,color,size,0.3400000000000001,6.5,18,female,1,1913.8339991000003,0,22
1719,-9999.0,-9999.0,-9999.0,-9999.0,-9999.0,-9999.0,-9999.0,-9999.0,-9999.0,orientation,color,size,0.3400000000000001,6.5,18,female,1,1913.8339991000003,0,22
1720,-9999.0,-9999.0,-9999.0,-9999.0,-9999.0,-9999.0,-9999.0,-9999.0,-9999.0,orientation,color,size,0.3400000000000001,6.5,18,female,1,1913.8339991000003,0,22
1721,-9999.0,-9999.0,-9999.0,-9999.0,-9999.0,-9999.0,-9999.0,-9999.0,-9999.0,orientation,color,size,0.3400000000000001,6.5,18,female,1,1913.8339991000003,0,22
1722,-9999.0,-9999.0,-9999.0,-9999.0,-9999.0,-9999.0,-9999.0,-9999.0,-9999.0,orientation,color,size,0.3400000000000001,6.5,18,female,1,1913.8339991000003,0,22
1723,-9999.0,-9999.0,-9999.0,-9999.0,-9999.0,-9999.0,-9999.0,-9999.0,-9999.0,orientation,color,size,0.3400000000000001,6.5,18,female,1,1913.8339991000003,0,22
1724,-9999.0,-9999.0,-9999.0,-9999.0,-9999.0,-9999.0,-9999.0,-9999.0,-9999.0,orientation,color,size,0.3400000000000001,6.5,18,female,1,1913.8339991000003,0,22
1725,-9999.0,-9999.0,-9999.0,-9999.0,-9999.0,-9999.0,-9999.0,-9999.0,-9999.0,orientation,color,size,0.3400000000000001,6.5,18,female,1,1913.8339991000003,0,22
1726,-9999.0,-9999.0,-9999.0,-9999.0,-9999.0,-9999.0,-9999.0,-9999.0,-9999.0,orientation,color,size,0.3400000000000001,6.5,18,female,1,1913.8339991000003,0,22
1727,-9999.0,-9999.0,-9999.0,-9999.0,-9999.0,-9999.0,-9999.0,-9999.0,-9999.0,orientation,color,size,0.3400000000000001,6.5,18,female,1,1913.8339991000003,0,22
1728,-9999.0,-9999.0,-9999.0,-9999.0,-9999.0,-9999.0,-9999.0,-9999.0,-9999.0,orientation,color,size,0.3400000000000001,6.5,18,female,1,1913.8339991000003,0,22
1729,-9999.0,-9999.0,-9999.0,-9999.0,-9999.0,-9999.0,-9999.0,-9999.0,-9999.0,orientation,color,size,0.3400000000000001,6.5,18,female,1,1913.8339991000003,0,22
1730,-9999.0,-9999.0,-9999.0,-9999.0,-9999.0,-9999.0,-9999.0,-9999.0,-9999.0,orientation,color,size,0.3400000000000001,6.5,18,female,1,1913.8339991000003,0,22
1731,-9999.0,-9999.0,-9999.0,-9999.0,-9999.0,-9999.0,-9999.0,-9999.0,-9999.0,orientation,color,size,0.3400000000000001,6.5,18,female,1,1913.8339991000003,0,22
1732,-9999.0,-9999.0,-9999.0,-9999.0,-9999.0,-9999.0,-9999.0,-9999.0,-9999.0,orientation,color,size,0.3400000000000001,6.5,18,female,1,1913.8339991000003,0,22
1733,-9999.0,-9999.0,-9999.0,-9999.0,-9999.0,-9999.0,-9999.0,-9999.0,-9999.0,orientation,color,size,0.3400000000000001,6.5,18,female,1,1913.8339991000003,0,22
1734,-9999.0,-9999.0,-9999.0,-9999.0,-9999.0,-9999.0,-9999.0,-9999.0,-9999.0,orientation,color,size,0.3400000000000001,6.5,18,female,1,1913.8339991000003,0,22
1735,-9999.0,-9999.0,-9999.0,-9999.0,-9999.0,-9999.0,-9999.0,-9999.0,-9999.0,orientation,color,size,0.3400000000000001,6.5,18,female,1,1913.8339991000003,0,22
1736,-9999.0,-9999.0,-9999.0,-9999.0,-9999.0,-9999.0,-9999.0,-9999.0,-9999.0,orientation,color,size,0.3400000000000001,6.5,18,female,1,1913.8339991000003,0,22
1737,-9999.0,-9999.0,-9999.0,-9999.0,-9999.0,-9999.0,-9999.0,-9999.0,-9999.0,orientation,color,size,0.3400000000000001,6.5,18,female,1,1913.8339991000003,0,22
1738,-9999.0,-9999.0,-9999.0,-9999.0,-9999.0,-9999.0,-9999.0,-9999.0,-9999.0,orientation,color,size,0.3400000000000001,6.5,18,female,1,1913.8339991000003,0,22
1739,-9999.0,-9999.0,-9999.0,-9999.0,-9999.0,-9999.0,-9999.0,-9999.0,-9999.0,orientation,color,size,0.3400000000000001,6.5,18,female,1,1913.8339991000003,0,22
1740,-9999.0,-9999.0,-9999.0,-9999.0,-9999.0,-9999.0,-9999.0,-9999.0,-9999.0,orientation,color,size,0.3400000000000001,6.5,18,female,1,1913.8339991000003,0,22
1741,-9999.0,-9999.0,-9999.0,-9999.0,-9999.0,-9999.0,-9999.0,-9999.0,-9999.0,orientation,color,size,0.3400000000000001,6.5,18,female,1,1913.8339991000003,0,22
1742,-9999.0,-9999.0,-9999.0,-9999.0,-9999.0,-9999.0,-9999.0,-9999.0,-9999.0,orientation,color,size,0.3400000000000001,6.5,18,female,1,1913.8339991000003,0,22
1743,-9999.0,-9999.0,-9999.0,-9999.0,-9999.0,-9999.0,-9999.0,-9999.0,-9999.0,orientation,color,size,0.3400000000000001,6.5,18,female,1,1913.8339991000003,0,22
1744,-9999.0,-9999.0,-9999.0,-9999.0,-9999.0,-9999.0,-9999.0,-9999.0,-9999.0,orientation,color,size,0.3400000000000001,6.5,18,female,1,1913.8339991000003,0,22
1745,-9999.0,-9999.0,-9999.0,-9999.0,-9999.0,-9999.0,-9999.0,-9999.0,-9999.0,orientation,color,size,0.3400000000000001,6.5,18,female,1,1913.8339991000003,0,22
1746,-9999.0,-9999.0,-9999.0,-9999.0,-9999.0,-9999.0,-9999.0,-9999.0,-9999.0,orientation,color,size,0.3400000000000001,6.5,18,female,1,1913.8339991000003,0,22
1747,-9999.0,-9999.0,-9999.0,-9999.0,-9999.0,-9999.0,-9999.0,-9999.0,-9999.0,orientation,color,size,0.3400000000000001,6.5,18,female,1,1913.8339991000003,0,22
1748,-9999.0,-9999.0,-9999.0,-9999.0,-9999.0,-9999.0,-9999.0,-9999.0,-9999.0,orientation,color,size,0.3400000000000001,6.5,18,female,1,1913.8339991000003,0,22
1749,-9999.0,-9999.0,-9999.0,-9999.0,-9999.0,-9999.0,-9999.0,-9999.0,-9999.0,orientation,color,size,0.3400000000000001,6.5,18,female,1,1913.8339991000003,0,22
1750,-9999.0,-9999.0,-9999.0,-9999.0,-9999.0,-9999.0,-9999.0,-9999.0,-9999.0,orientation,color,size,0.3400000000000001,6.5,18,female,1,1913.8339991000003,0,22
1751,-9999.0,-9999.0,-9999.0,-9999.0,-9999.0,-9999.0,-9999.0,-9999.0,-9999.0,orientation,color,size,0.3400000000000001,6.5,18,female,1,1913.8339991000003,0,22
1752,-9999.0,-9999.0,-9999.0,-9999.0,-9999.0,-9999.0,-9999.0,-9999.0,-9999.0,orientation,color,size,0.3400000000000001,6.5,18,female,1,1913.8339991000003,0,22
1753,-9999.0,-9999.0,-9999.0,-9999.0,-9999.0,-9999.0,-9999.0,-9999.0,-9999.0,orientation,color,size,0.3400000000000001,6.5,18,female,1,1913.8339991000003,0,22
1754,-9999.0,-9999.0,-9999.0,-9999.0,-9999.0,-9999.0,-9999.0,-9999.0,-9999.0,orientation,color,size,0.3400000000000001,6.5,18,female,1,1913.8339991000003,0,22
1755,-9999.0,-9999.0,-9999.0,-9999.0,-9999.0,-9999.0,-9999.0,-9999.0,-9999.0,orientation,color,size,0.3400000000000001,6.5,18,female,1,1913.8339991000003,0,22
1756,-9999.0,-9999.0,-9999.0,-9999.0,-9999.0,-9999.0,-9999.0,-9999.0,-9999.0,orientation,color,size,0.3400000000000001,6.5,18,female,1,1913.8339991000003,0,22
1757,-9999.0,-9999.0,-9999.0,-9999.0,-9999.0,-9999.0,-9999.0,-9999.0,-9999.0,orientation,color,size,0.3400000000000001,6.5,18,female,1,1913.8339991000003,0,22
1758,-9999.0,-9999.0,-9999.0,-9999.0,-9999.0,-9999.0,-9999.0,-9999.0,-9999.0,orientation,color,size,0.3400000000000001,6.5,18,female,1,1913.8339991000003,0,22
1759,-9999.0,-9999.0,-9999.0,-9999.0,-9999.0,-9999.0,-9999.0,-9999.0,-9999.0,orientation,color,size,0.3400000000000001,6.5,18,female,1,1913.8339991000003,0,22
1760,-9999.0,-9999.0,-9999.0,-9999.0,-9999.0,-9999.0,-9999.0,-9999.0,-9999.0,orientation,color,size,0.3400000000000001,6.5,18,female,1,1913.8339991000003,0,22
1761,-9999.0,-9999.0,-9999.0,-9999.0,-9999.0,-9999.0,-9999.0,-9999.0,-9999.0,orientation,color,size,0.3400000000000001,6.5,18,female,1,1913.8339991000003,0,22
1762,-9999.0,-9999.0,-9999.0,-9999.0,-9999.0,-9999.0,-9999.0,-9999.0,-9999.0,orientation,color,size,0.3400000000000001,6.5,18,female,1,1913.8339991000003,0,22
1763,-9999.0,-9999.0,-9999.0,-9999.0,-9999.0,-9999.0,-9999.0,-9999.0,-9999.0,orientation,color,size,0.3400000000000001,6.5,18,female,1,1913.8339991000003,0,22
1764,-9999.0,-9999.0,-9999.0,-9999.0,-9999.0,-9999.0,-9999.0,-9999.0,-9999.0,orientation,color,size,0.3400000000000001,6.5,18,female,1,1913.8339991000003,0,22
1765,-9999.0,-9999.0,-9999.0,-9999.0,-9999.0,-9999.0,-9999.0,-9999.0,-9999.0,orientation,color,size,0.3400000000000001,6.5,18,female,1,1913.8339991000003,0,22
1766,-9999.0,-9999.0,-9999.0,-9999.0,-9999.0,-9999.0,-9999.0,-9999.0,-9999.0,orientation,color,size,0.3400000000000001,6.5,18,female,1,1913.8339991000003,0,22
1767,-9999.0,-9999.0,-9999.0,-9999.0,-9999.0,-9999.0,-9999.0,-9999.0,-9999.0,orientation,color,size,0.3400000000000001,6.5,18,female,1,1913.8339991000003,0,22
1768,-9999.0,-9999.0,-9999.0,-9999.0,-9999.0,-9999.0,-9999.0,-9999.0,-9999.0,orientation,color,size,0.3400000000000001,6.5,18,female,1,1913.8339991000003,0,22
1769,-9999.0,-9999.0,-9999.0,-9999.0,-9999.0,-9999.0,-9999.0,-9999.0,-9999.0,orientation,color,size,0.3400000000000001,6.5,18,female,1,1913.8339991000003,0,22
1770,-9999.0,-9999.0,-9999.0,-9999.0,-9999.0,-9999.0,-9999.0,-9999.0,-9999.0,orientation,color,size,0.3400000000000001,6.5,18,female,1,1913.8339991000003,0,22
1771,-9999.0,-9999.0,-9999.0,-9999.0,-9999.0,-9999.0,-9999.0,-9999.0,-9999.0,orientation,color,size,0.3400000000000001,6.5,18,female,1,1913.8339991000003,0,22
1772,-9999.0,-9999.0,-9999.0,-9999.0,-9999.0,-9999.0,-9999.0,-9999.0,-9999.0,orientation,color,size,0.3400000000000001,6.5,18,female,1,1913.8339991000003,0,22
1773,-9999.0,-9999.0,-9999.0,-9999.0,-9999.0,-9999.0,-9999.0,-9999.0,-9999.0,orientation,color,size,0.3400000000000001,6.5,18,female,1,1913.8339991000003,0,22
1774,-9999.0,-9999.0,-9999.0,-9999.0,-9999.0,-9999.0,-9999.0,-9999.0,-9999.0,orientation,color,size,0.3400000000000001,6.5,18,female,1,1913.8339991000003,0,22
1775,-9999.0,-9999.0,-9999.0,-9999.0,-9999.0,-9999.0,-9999.0,-9999.0,-9999.0,orientation,color,size,0.3400000000000001,6.5,18,female,1,1913.8339991000003,0,22
1776,-9999.0,-9999.0,-9999.0,-9999.0,-9999.0,-9999.0,-9999.0,-9999.0,-9999.0,orientation,color,size,0.3400000000000001,6.5,18,female,1,1913.8339991000003,0,22
1777,-9999.0,-9999.0,-9999.0,-9999.0,-9999.0,-9999.0,-9999.0,-9999.0,-9999.0,orientation,color,size,0.3400000000000001,6.5,18,female,1,1913.8339991000003,0,22
1778,-9999.0,-9999.0,-9999.0,-9999.0,-9999.0,-9999.0,-9999.0,-9999.0,-9999.0,orientation,color,size,0.3400000000000001,6.5,18,female,1,1913.8339991000003,0,22
1779,-9999.0,-9999.0,-9999.0,-9999.0,-9999.0,-9999.0,-9999.0,-9999.0,-9999.0,orientation,color,size,0.3400000000000001,6.5,18,female,1,1913.8339991000003,0,22
1780,-9999.0,-9999.0,-9999.0,-9999.0,-9999.0,-9999.0,-9999.0,-9999.0,-9999.0,orientation,color,size,0.3400000000000001,6.5,18,female,1,1913.8339991000003,0,22
1781,-9999.0,-9999.0,-9999.0,-9999.0,-9999.0,-9999.0,-9999.0,-9999.0,-9999.0,orientation,color,size,0.3400000000000001,6.5,18,female,1,1913.8339991000003,0,22
1782,-9999.0,-9999.0,-9999.0,-9999.0,-9999.0,-9999.0,-9999.0,-9999.0,-9999.0,orientation,color,size,0.3400000000000001,6.5,18,female,1,1913.8339991000003,0,22
1783,-9999.0,-9999.0,-9999.0,-9999.0,-9999.0,-9999.0,-9999.0,-9999.0,-9999.0,orientation,color,size,0.3400000000000001,6.5,18,female,1,1913.8339991000003,0,22
1784,-9999.0,-9999.0,-9999.0,-9999.0,-9999.0,-9999.0,-9999.0,-9999.0,-9999.0,orientation,color,size,0.3400000000000001,6.5,18,female,1,1913.8339991000003,0,22
1785,-9999.0,-9999.0,-9999.0,-9999.0,-9999.0,-9999.0,-9999.0,-9999.0,-9999.0,orientation,color,size,0.3400000000000001,6.5,18,female,1,1913.8339991000003,0,22
1786,-9999.0,-9999.0,-9999.0,-9999.0,-9999.0,-9999.0,-9999.0,-9999.0,-9999.0,orientation,color,size,0.3400000000000001,6.5,18,female,1,1913.8339991000003,0,22
1787,-9999.0,-9999.0,-9999.0,-9999.0,-9999.0,-9999.0,-9999.0,-9999.0,-9999.0,orientation,color,size,0.3400000000000001,6.5,18,female,1,1913.8339991000003,0,22
1788,-9999.0,-9999.0,-9999.0,-9999.0,-9999.0,-9999.0,-9999.0,-9999.0,-9999.0,orientation,color,size,0.3400000000000001,6.5,18,female,1,1913.8339991000003,0,22
1789,-9999.0,-9999.0,-9999.0,-9999.0,-9999.0,-9999.0,-9999.0,-9999.0,-9999.0,orientation,color,size,0.3400000000000001,6.5,18,female,1,1913.8339991000003,0,22
1790,-9999.0,-9999.0,-9999.0,-9999.0,-9999.0,-9999.0,-9999.0,-9999.0,-9999.0,orientation,color,size,0.3400000000000001,6.5,18,female,1,1913.8339991000003,0,22
1791,-9999.0,-9999.0,-9999.0,-9999.0,-9999.0,-9999.0,-9999.0,-9999.0,-9999.0,orientation,color,size,0.3400000000000001,6.5,18,female,1,1913.8339991000003,0,22
1792,-9999.0,-9999.0,-9999.0,-9999.0,-9999.0,-9999.0,-9999.0,-9999.0,-9999.0,orientation,color,size,0.3400000000000001,6.5,18,female,1,1913.8339991000003,0,22
1793,-9999.0,-9999.0,-9999.0,-9999.0,-9999.0,-9999.0,-9999.0,-9999.0,-9999.0,orientation,color,size,0.3400000000000001,6.5,18,female,1,1913.8339991000003,0,22
1794,-9999.0,-9999.0,-9999.0,-9999.0,-9999.0,-9999.0,-9999.0,-9999.0,-9999.0,orientation,color,size,0.3400000000000001,6.5,18,female,1,1913.8339991000003,0,22
1795,-9999.0,-9999.0,-9999.0,-9999.0,-9999.0,-9999.0,-9999.0,-9999.0,-9999.0,orientation,color,size,0.3400000000000001,6.5,18,female,1,1913.8339991000003,0,22
1796,-9999.0,-9999.0,-9999.0,-9999.0,-9999.0,-9999.0,-9999.0,-9999.0,-9999.0,orientation,color,size,0.3400000000000001,6.5,18,female,1,1913.8339991000003,0,22
1797,-9999.0,-9999.0,-9999.0,-9999.0,-9999.0,-9999.0,-9999.0,-9999.0,-9999.0,orientation,color,size,0.3400000000000001,6.5,18,female,1,1913.8339991000003,0,22
1798,-9999.0,-9999.0,-9999.0,-9999.0,-9999.0,-9999.0,-9999.0,-9999.0,-9999.0,orientation,color,size,0.3400000000000001,6.5,18,female,1,1913.8339991000003,0,22
1799,-9999.0,-9999.0,-9999.0,-9999.0,-9999.0,-9999.0,-9999.0,-9999.0,-9999.0,orientation,color,size,0.3400000000000001,6.5,18,female,1,1913.8339991000003,0,22
1800,-9999.0,-9999.0,-9999.0,-9999.0,-9999.0,-9999.0,-9999.0,-9999.0,-9999.0,orientation,color,size,0.3400000000000001,6.5,18,female,1,1913.8339991000003,0,22
1801,-9999.0,-9999.0,-9999.0,-9999.0,-9999.0,-9999.0,-9999.0,-9999.0,-9999.0,orientation,color,size,0.3400000000000001,6.5,18,female,1,1913.8339991000003,0,22
1802,-9999.0,-9999.0,-9999.0,-9999.0,-9999.0,-9999.0,-9999.0,-9999.0,-9999.0,orientation,color,size,0.3400000000000001,6.5,18,female,1,1913.8339991000003,0,22
1803,-9999.0,-9999.0,-9999.0,-9999.0,-9999.0,-9999.0,-9999.0,-9999.0,-9999.0,orientation,color,size,0.3400000000000001,6.5,18,female,1,1913.8339991000003,0,22
1804,-9999.0,-9999.0,-9999.0,-9999.0,-9999.0,-9999.0,-9999.0,-9999.0,-9999.0,orientation,color,size,0.3400000000000001,6.5,18,female,1,1913.8339991000003,0,22
1805,-9999.0,-9999.0,-9999.0,-9999.0,-9999.0,-9999.0,-9999.0,-9999.0,-9999.0,orientation,color,size,0.3400000000000001,6.5,18,female,1,1913.8339991000003,0,22
1806,-9999.0,-9999.0,-9999.0,-9999.0,-9999.0,-9999.0,-9999.0,-9999.0,-9999.0,orientation,color,size,0.3400000000000001,6.5,18,female,1,1913.8339991000003,0,22
1807,-9999.0,-9999.0,-9999.0,-9999.0,-9999.0,-9999.0,-9999.0,-9999.0,-9999.0,orientation,color,size,0.3400000000000001,6.5,18,female,1,1913.8339991000003,0,22
1808,-9999.0,-9999.0,-9999.0,-9999.0,-9999.0,-9999.0,-9999.0,-9999.0,-9999.0,orientation,color,size,0.3400000000000001,6.5,18,female,1,1913.8339991000003,0,22
1809,-9999.0,-9999.0,-9999.0,-9999.0,-9999.0,-9999.0,-9999.0,-9999.0,-9999.0,orientation,color,size,0.3400000000000001,6.5,18,female,1,1913.8339991000003,0,22
1810,-9999.0,-9999.0,-9999.0,-9999.0,-9999.0,-9999.0,-9999.0,-9999.0,-9999.0,orientation,color,size,0.3400000000000001,6.5,18,female,1,1913.8339991000003,0,22
1811,-9999.0,-9999.0,-9999.0,-9999.0,-9999.0,-9999.0,-9999.0,-9999.0,-9999.0,orientation,color,size,0.3400000000000001,6.5,18,female,1,1913.8339991000003,0,22
1812,-9999.0,-9999.0,-9999.0,-9999.0,-9999.0,-9999.0,-9999.0,-9999.0,-9999.0,orientation,color,size,0.3400000000000001,6.5,18,female,1,1913.8339991000003,0,22
1813,-9999.0,-9999.0,-9999.0,-9999.0,-9999.0,-9999.0,-9999.0,-9999.0,-9999.0,orientation,color,size,0.3400000000000001,6.5,18,female,1,1913.8339991000003,0,22
1814,-9999.0,-9999.0,-9999.0,-9999.0,-9999.0,-9999.0,-9999.0,-9999.0,-9999.0,orientation,color,size,0.3400000000000001,6.5,18,female,1,1913.8339991000003,0,22
1815,-9999.0,-9999.0,-9999.0,-9999.0,-9999.0,-9999.0,-9999.0,-9999.0,-9999.0,orientation,color,size,0.3400000000000001,6.5,18,female,1,1913.8339991000003,0,22
1816,-9999.0,-9999.0,-9999.0,-9999.0,-9999.0,-9999.0,-9999.0,-9999.0,-9999.0,orientation,color,size,0.3400000000000001,6.5,18,female,1,1913.8339991000003,0,22
1817,-9999.0,-9999.0,-9999.0,-9999.0,-9999.0,-9999.0,-9999.0,-9999.0,-9999.0,orientation,color,size,0.3400000000000001,6.5,18,female,1,1913.8339991000003,0,22
1818,-9999.0,-9999.0,-9999.0,-9999.0,-9999.0,-9999.0,-9999.0,-9999.0,-9999.0,orientation,color,size,0.3400000000000001,6.5,18,female,1,1913.8339991000003,0,22
1819,-9999.0,-9999.0,-9999.0,-9999.0,-9999.0,-9999.0,-9999.0,-9999.0,-9999.0,orientation,color,size,0.3400000000000001,6.5,18,female,1,1913.8339991000003,0,22
1820,-9999.0,-9999.0,-9999.0,-9999.0,-9999.0,-9999.0,-9999.0,-9999.0,-9999.0,orientation,color,size,0.3400000000000001,6.5,18,female,1,1913.8339991000003,0,22
1821,-9999.0,-9999.0,-9999.0,-9999.0,-9999.0,-9999.0,-9999.0,-9999.0,-9999.0,orientation,color,size,0.3400000000000001,6.5,18,female,1,1913.8339991000003,0,22
1822,-9999.0,-9999.0,-9999.0,-9999.0,-9999.0,-9999.0,-9999.0,-9999.0,-9999.0,orientation,color,size,0.3400000000000001,6.5,18,female,1,1913.8339991000003,0,22
1823,-9999.0,-9999.0,-9999.0,-9999.0,-9999.0,-9999.0,-9999.0,-9999.0,-9999.0,orientation,color,size,0.3400000000000001,6.5,18,female,1,1913.8339991000003,0,22
1824,-9999.0,-9999.0,-9999.0,-9999.0,-9999.0,-9999.0,-9999.0,-9999.0,-9999.0,orientation,color,size,0.3400000000000001,6.5,18,female,1,1913.8339991000003,0,22
1825,-9999.0,-9999.0,-9999.0,-9999.0,-9999.0,-9999.0,-9999.0,-9999.0,-9999.0,orientation,color,size,0.3400000000000001,6.5,18,female,1,1913.8339991000003,0,22
1826,-9999.0,-9999.0,-9999.0,-9999.0,-9999.0,-9999.0,-9999.0,-9999.0,-9999.0,orientation,color,size,0.3400000000000001,6.5,18,female,1,1913.8339991000003,0,22
1827,-9999.0,-9999.0,-9999.0,-9999.0,-9999.0,-9999.0,-9999.0,-9999.0,-9999.0,orientation,color,size,0.3400000000000001,6.5,18,female,1,1913.8339991000003,0,22
1828,-9999.0,-9999.0,-9999.0,-9999.0,-9999.0,-9999.0,-9999.0,-9999.0,-9999.0,orientation,color,size,0.3400000000000001,6.5,18,female,1,1913.8339991000003,0,22
1829,-9999.0,-9999.0,-9999.0,-9999.0,-9999.0,-9999.0,-9999.0,-9999.0,-9999.0,orientation,color,size,0.3400000000000001,6.5,18,female,1,1913.8339991000003,0,22
1830,-9999.0,-9999.0,-9999.0,-9999.0,-9999.0,-9999.0,-9999.0,-9999.0,-9999.0,orientation,color,size,0.3400000000000001,6.5,18,female,1,1913.8339991000003,0,22
1831,-9999.0,-9999.0,-9999.0,-9999.0,-9999.0,-9999.0,-9999.0,-9999.0,-9999.0,orientation,color,size,0.3400000000000001,6.5,18,female,1,1913.8339991000003,0,22
1832,-9999.0,-9999.0,-9999.0,-9999.0,-9999.0,-9999.0,-9999.0,-9999.0,-9999.0,orientation,color,size,0.3400000000000001,6.5,18,female,1,1913.8339991000003,0,22
1833,-9999.0,-9999.0,-9999.0,-9999.0,-9999.0,-9999.0,-9999.0,-9999.0,-9999.0,orientation,color,size,0.3400000000000001,6.5,18,female,1,1913.8339991000003,0,22
1834,-9999.0,-9999.0,-9999.0,-9999.0,-9999.0,-9999.0,-9999.0,-9999.0,-9999.0,orientation,color,size,0.3400000000000001,6.5,18,female,1,1913.8339991000003,0,22
1835,-9999.0,-9999.0,-9999.0,-9999.0,-9999.0,-9999.0,-9999.0,-9999.0,-9999.0,orientation,color,size,0.3400000000000001,6.5,18,female,1,1913.8339991000003,0,22
1836,-9999.0,-9999.0,-9999.0,-9999.0,-9999.0,-9999.0,-9999.0,-9999.0,-9999.0,orientation,color,size,0.3400000000000001,6.5,18,female,1,1913.8339991000003,0,22
1837,-9999.0,-9999.0,-9999.0,-9999.0,-9999.0,-9999.0,-9999.0,-9999.0,-9999.0,orientation,color,size,0.3400000000000001,6.5,18,female,1,1913.8339991000003,0,22
1838,-9999.0,-9999.0,-9999.0,-9999.0,-9999.0,-9999.0,-9999.0,-9999.0,-9999.0,orientation,color,size,0.3400000000000001,6.5,18,female,1,1913.8339991000003,0,22
1839,-9999.0,-9999.0,-9999.0,-9999.0,-9999.0,-9999.0,-9999.0,-9999.0,-9999.0,orientation,color,size,0.3400000000000001,6.5,18,female,1,1913.8339991000003,0,22
1840,-9999.0,-9999.0,-9999.0,-9999.0,-9999.0,-9999.0,-9999.0,-9999.0,-9999.0,orientation,color,size,0.3400000000000001,6.5,18,female,1,1913.8339991000003,0,22
1841,-9999.0,-9999.0,-9999.0,-9999.0,-9999.0,-9999.0,-9999.0,-9999.0,-9999.0,orientation,color,size,0.3400000000000001,6.5,18,female,1,1913.8339991000003,0,22
1842,-9999.0,-9999.0,-9999.0,-9999.0,-9999.0,-9999.0,-9999.0,-9999.0,-9999.0,orientation,color,size,0.3400000000000001,6.5,18,female,1,1913.8339991000003,0,22
1843,-9999.0,-9999.0,-9999.0,-9999.0,-9999.0,-9999.0,-9999.0,-9999.0,-9999.0,orientation,color,size,0.3400000000000001,6.5,18,female,1,1913.8339991000003,0,22
1844,-9999.0,-9999.0,-9999.0,-9999.0,-9999.0,-9999.0,-9999.0,-9999.0,-9999.0,orientation,color,size,0.3400000000000001,6.5,18,female,1,1913.8339991000003,0,22
1845,-9999.0,-9999.0,-9999.0,-9999.0,-9999.0,-9999.0,-9999.0,-9999.0,-9999.0,orientation,color,size,0.3400000000000001,6.5,18,female,1,1913.8339991000003,0,22
1846,-9999.0,-9999.0,-9999.0,-9999.0,-9999.0,-9999.0,-9999.0,-9999.0,-9999.0,orientation,color,size,0.3400000000000001,6.5,18,female,1,1913.8339991000003,0,22
1847,-9999.0,-9999.0,-9999.0,-9999.0,-9999.0,-9999.0,-9999.0,-9999.0,-9999.0,orientation,color,size,0.3400000000000001,6.5,18,female,1,1913.8339991000003,0,22
1848,-9999.0,-9999.0,-9999.0,-9999.0,-9999.0,-9999.0,-9999.0,-9999.0,-9999.0,orientation,color,size,0.3400000000000001,6.5,18,female,1,1913.8339991000003,0,22
1849,-9999.0,-9999.0,-9999.0,-9999.0,-9999.0,-9999.0,-9999.0,-9999.0,-9999.0,orientation,color,size,0.3400000000000001,6.5,18,female,1,1913.8339991000003,0,22
1850,-9999.0,-9999.0,-9999.0,-9999.0,-9999.0,-9999.0,-9999.0,-9999.0,-9999.0,orientation,color,size,0.3400000000000001,6.5,18,female,1,1913.8339991000003,0,22
1851,-9999.0,-9999.0,-9999.0,-9999.0,-9999.0,-9999.0,-9999.0,-9999.0,-9999.0,orientation,color,size,0.3400000000000001,6.5,18,female,1,1913.8339991000003,0,22
1852,-9999.0,-9999.0,-9999.0,-9999.0,-9999.0,-9999.0,-9999.0,-9999.0,-9999.0,orientation,color,size,0.3400000000000001,6.5,18,female,1,1913.8339991000003,0,22
1853,-9999.0,-9999.0,-9999.0,-9999.0,-9999.0,-9999.0,-9999.0,-9999.0,-9999.0,orientation,color,size,0.3400000000000001,6.5,18,female,1,1913.8339991000003,0,22
1854,-9999.0,-9999.0,-9999.0,-9999.0,-9999.0,-9999.0,-9999.0,-9999.0,-9999.0,orientation,color,size,0.3400000000000001,6.5,18,female,1,1913.8339991000003,0,22
1855,-9999.0,-9999.0,-9999.0,-9999.0,-9999.0,-9999.0,-9999.0,-9999.0,-9999.0,orientation,color,size,0.3400000000000001,6.5,18,female,1,1913.8339991000003,0,22
1856,-9999.0,-9999.0,-9999.0,-9999.0,-9999.0,-9999.0,-9999.0,-9999.0,-9999.0,orientation,color,size,0.3400000000000001,6.5,18,female,1,1913.8339991000003,0,22
1857,-9999.0,-9999.0,-9999.0,-9999.0,-9999.0,-9999.0,-9999.0,-9999.0,-9999.0,orientation,color,size,0.3400000000000001,6.5,18,female,1,1913.8339991000003,0,22
1858,-9999.0,-9999.0,-9999.0,-9999.0,-9999.0,-9999.0,-9999.0,-9999.0,-9999.0,orientation,color,size,0.3400000000000001,6.5,18,female,1,1913.8339991000003,0,22
1859,-9999.0,-9999.0,-9999.0,-9999.0,-9999.0,-9999.0,-9999.0,-9999.0,-9999.0,orientation,color,size,0.3400000000000001,6.5,18,female,1,1913.8339991000003,0,22
1860,-9999.0,-9999.0,-9999.0,-9999.0,-9999.0,-9999.0,-9999.0,-9999.0,-9999.0,orientation,color,size,0.3400000000000001,6.5,18,female,1,1913.8339991000003,0,22
1861,-9999.0,-9999.0,-9999.0,-9999.0,-9999.0,-9999.0,-9999.0,-9999.0,-9999.0,orientation,color,size,0.3400000000000001,6.5,18,female,1,1913.8339991000003,0,22
1862,-9999.0,-9999.0,-9999.0,-9999.0,-9999.0,-9999.0,-9999.0,-9999.0,-9999.0,orientation,color,size,0.3400000000000001,6.5,18,female,1,1913.8339991000003,0,22
1863,-9999.0,-9999.0,-9999.0,-9999.0,-9999.0,-9999.0,-9999.0,-9999.0,-9999.0,orientation,color,size,0.3400000000000001,6.5,18,female,1,1913.8339991000003,0,22
1864,-9999.0,-9999.0,-9999.0,-9999.0,-9999.0,-9999.0,-9999.0,-9999.0,-9999.0,orientation,color,size,0.3400000000000001,6.5,18,female,1,1913.8339991000003,0,22
1865,-9999.0,-9999.0,-9999.0,-9999.0,-9999.0,-9999.0,-9999.0,-9999.0,-9999.0,orientation,color,size,0.3400000000000001,6.5,18,female,1,1913.8339991000003,0,22
1866,-9999.0,-9999.0,-9999.0,-9999.0,-9999.0,-9999.0,-9999.0,-9999.0,-9999.0,orientation,color,size,0.3400000000000001,6.5,18,female,1,1913.8339991000003,0,22
1867,-9999.0,-9999.0,-9999.0,-9999.0,-9999.0,-9999.0,-9999.0,-9999.0,-9999.0,orientation,color,size,0.3400000000000001,6.5,18,female,1,1913.8339991000003,0,22
1868,-9999.0,-9999.0,-9999.0,-9999.0,-9999.0,-9999.0,-9999.0,-9999.0,-9999.0,orientation,color,size,0.3400000000000001,6.5,18,female,1,1913.8339991000003,0,22
1869,-9999.0,-9999.0,-9999.0,-9999.0,-9999.0,-9999.0,-9999.0,-9999.0,-9999.0,orientation,color,size,0.3400000000000001,6.5,18,female,1,1913.8339991000003,0,22
1870,-9999.0,-9999.0,-9999.0,-9999.0,-9999.0,-9999.0,-9999.0,-9999.0,-9999.0,orientation,color,size,0.3400000000000001,6.5,18,female,1,1913.8339991000003,0,22
1871,-9999.0,-9999.0,-9999.0,-9999.0,-9999.0,-9999.0,-9999.0,-9999.0,-9999.0,orientation,color,size,0.3400000000000001,6.5,18,female,1,1913.8339991000003,0,22
1872,-9999.0,-9999.0,-9999.0,-9999.0,-9999.0,-9999.0,-9999.0,-9999.0,-9999.0,orientation,color,size,0.3400000000000001,6.5,18,female,1,1913.8339991000003,0,22
1873,-9999.0,-9999.0,-9999.0,-9999.0,-9999.0,-9999.0,-9999.0,-9999.0,-9999.0,orientation,color,size,0.3400000000000001,6.5,18,female,1,1913.8339991000003,0,22
1874,-9999.0,-9999.0,-9999.0,-9999.0,-9999.0,-9999.0,-9999.0,-9999.0,-9999.0,orientation,color,size,0.3400000000000001,6.5,18,female,1,1913.8339991000003,0,22
1875,-9999.0,-9999.0,-9999.0,-9999.0,-9999.0,-9999.0,-9999.0,-9999.0,-9999.0,orientation,color,size,0.3400000000000001,6.5,18,female,1,1913.8339991000003,0,22
1876,-9999.0,-9999.0,-9999.0,-9999.0,-9999.0,-9999.0,-9999.0,-9999.0,-9999.0,orientation,color,size,0.3400000000000001,6.5,18,female,1,1913.8339991000003,0,22
1877,-9999.0,-9999.0,-9999.0,-9999.0,-9999.0,-9999.0,-9999.0,-9999.0,-9999.0,orientation,color,size,0.3400000000000001,6.5,18,female,1,1913.8339991000003,0,22
1878,-9999.0,-9999.0,-9999.0,-9999.0,-9999.0,-9999.0,-9999.0,-9999.0,-9999.0,orientation,color,size,0.3400000000000001,6.5,18,female,1,1913.8339991000003,0,22
1879,-9999.0,-9999.0,-9999.0,-9999.0,-9999.0,-9999.0,-9999.0,-9999.0,-9999.0,orientation,color,size,0.3400000000000001,6.5,18,female,1,1913.8339991000003,0,22
1880,-9999.0,-9999.0,-9999.0,-9999.0,-9999.0,-9999.0,-9999.0,-9999.0,-9999.0,orientation,color,size,0.3400000000000001,6.5,18,female,1,1913.8339991000003,0,22
1881,-9999.0,-9999.0,-9999.0,-9999.0,-9999.0,-9999.0,-9999.0,-9999.0,-9999.0,orientation,color,size,0.3400000000000001,6.5,18,female,1,1913.8339991000003,0,22
1882,-9999.0,-9999.0,-9999.0,-9999.0,-9999.0,-9999.0,-9999.0,-9999.0,-9999.0,orientation,color,size,0.3400000000000001,6.5,18,female,1,1913.8339991000003,0,22
1883,-9999.0,-9999.0,-9999.0,-9999.0,-9999.0,-9999.0,-9999.0,-9999.0,-9999.0,orientation,color,size,0.3400000000000001,6.5,18,female,1,1913.8339991000003,0,22
1884,-9999.0,-9999.0,-9999.0,-9999.0,-9999.0,-9999.0,-9999.0,-9999.0,-9999.0,orientation,color,size,0.3400000000000001,6.5,18,female,1,1913.8339991000003,0,22
1885,-9999.0,-9999.0,-9999.0,-9999.0,-9999.0,-9999.0,-9999.0,-9999.0,-9999.0,orientation,color,size,0.3400000000000001,6.5,18,female,1,1913.8339991000003,0,22
1886,-9999.0,-9999.0,-9999.0,-9999.0,-9999.0,-9999.0,-9999.0,-9999.0,-9999.0,orientation,color,size,0.3400000000000001,6.5,18,female,1,1913.8339991000003,0,22
1887,-9999.0,-9999.0,-9999.0,-9999.0,-9999.0,-9999.0,-9999.0,-9999.0,-9999.0,orientation,color,size,0.3400000000000001,6.5,18,female,1,1913.8339991000003,0,22
1888,-9999.0,-9999.0,-9999.0,-9999.0,-9999.0,-9999.0,-9999.0,-9999.0,-9999.0,orientation,color,size,0.3400000000000001,6.5,18,female,1,1913.8339991000003,0,22
1889,-9999.0,-9999.0,-9999.0,-9999.0,-9999.0,-9999.0,-9999.0,-9999.0,-9999.0,orientation,color,size,0.3400000000000001,6.5,18,female,1,1913.8339991000003,0,22
1890,-9999.0,-9999.0,-9999.0,-9999.0,-9999.0,-9999.0,-9999.0,-9999.0,-9999.0,orientation,color,size,0.3400000000000001,6.5,18,female,1,1913.8339991000003,0,22
1891,-9999.0,-9999.0,-9999.0,-9999.0,-9999.0,-9999.0,-9999.0,-9999.0,-9999.0,orientation,color,size,0.3400000000000001,6.5,18,female,1,1913.8339991000003,0,22
1892,-9999.0,-9999.0,-9999.0,-9999.0,-9999.0,-9999.0,-9999.0,-9999.0,-9999.0,orientation,color,size,0.3400000000000001,6.5,18,female,1,1913.8339991000003,0,22
1893,-9999.0,-9999.0,-9999.0,-9999.0,-9999.0,-9999.0,-9999.0,-9999.0,-9999.0,orientation,color,size,0.3400000000000001,6.5,18,female,1,1913.8339991000003,0,22
1894,-9999.0,-9999.0,-9999.0,-9999.0,-9999.0,-9999.0,-9999.0,-9999.0,-9999.0,orientation,color,size,0.3400000000000001,6.5,18,female,1,1913.8339991000003,0,22
1895,-9999.0,-9999.0,-9999.0,-9999.0,-9999.0,-9999.0,-9999.0,-9999.0,-9999.0,orientation,color,size,0.3400000000000001,6.5,18,female,1,1913.8339991000003,0,22
1896,-9999.0,-9999.0,-9999.0,-9999.0,-9999.0,-9999.0,-9999.0,-9999.0,-9999.0,orientation,color,size,0.3400000000000001,6.5,18,female,1,1913.8339991000003,0,22
1897,-9999.0,-9999.0,-9999.0,-9999.0,-9999.0,-9999.0,-9999.0,-9999.0,-9999.0,orientation,color,size,0.3400000000000001,6.5,18,female,1,1913.8339991000003,0,22
1898,-9999.0,-9999.0,-9999.0,-9999.0,-9999.0,-9999.0,-9999.0,-9999.0,-9999.0,orientation,color,size,0.3400000000000001,6.5,18,female,1,1913.8339991000003,0,22
1899,-9999.0,-9999.0,-9999.0,-9999.0,-9999.0,-9999.0,-9999.0,-9999.0,-9999.0,orientation,color,size,0.3400000000000001,6.5,18,female,1,1913.8339991000003,0,22
1900,-9999.0,-9999.0,-9999.0,-9999.0,-9999.0,-9999.0,-9999.0,-9999.0,-9999.0,orientation,color,size,0.3400000000000001,6.5,18,female,1,1913.8339991000003,0,22
1901,-9999.0,-9999.0,-9999.0,-9999.0,-9999.0,-9999.0,-9999.0,-9999.0,-9999.0,orientation,color,size,0.3400000000000001,6.5,18,female,1,1913.8339991000003,0,22
1902,-9999.0,-9999.0,-9999.0,-9999.0,-9999.0,-9999.0,-9999.0,-9999.0,-9999.0,orientation,color,size,0.3400000000000001,6.5,18,female,1,1913.8339991000003,0,22
1903,-9999.0,-9999.0,-9999.0,-9999.0,-9999.0,-9999.0,-9999.0,-9999.0,-9999.0,orientation,color,size,0.3400000000000001,6.5,18,female,1,1913.8339991000003,0,22
1904,-9999.0,-9999.0,-9999.0,-9999.0,-9999.0,-9999.0,-9999.0,-9999.0,-9999.0,orientation,color,size,0.3400000000000001,6.5,18,female,1,1913.8339991000003,0,22
1905,-9999.0,-9999.0,-9999.0,-9999.0,-9999.0,-9999.0,-9999.0,-9999.0,-9999.0,orientation,color,size,0.3400000000000001,6.5,18,female,1,1913.8339991000003,0,22
1906,-9999.0,-9999.0,-9999.0,-9999.0,-9999.0,-9999.0,-9999.0,-9999.0,-9999.0,orientation,color,size,0.3400000000000001,6.5,18,female,1,1913.8339991000003,0,22
1907,-9999.0,-9999.0,-9999.0,-9999.0,-9999.0,-9999.0,-9999.0,-9999.0,-9999.0,orientation,color,size,0.3400000000000001,6.5,18,female,1,1913.8339991000003,0,22
1908,-9999.0,-9999.0,-9999.0,-9999.0,-9999.0,-9999.0,-9999.0,-9999.0,-9999.0,orientation,color,size,0.3400000000000001,6.5,18,female,1,1913.8339991000003,0,22
1909,-9999.0,-9999.0,-9999.0,-9999.0,-9999.0,-9999.0,-9999.0,-9999.0,-9999.0,orientation,color,size,0.3400000000000001,6.5,18,female,1,1913.8339991000003,0,22
1910,-9999.0,-9999.0,-9999.0,-9999.0,-9999.0,-9999.0,-9999.0,-9999.0,-9999.0,orientation,color,size,0.3400000000000001,6.5,18,female,1,1913.8339991000003,0,22
1911,-9999.0,-9999.0,-9999.0,-9999.0,-9999.0,-9999.0,-9999.0,-9999.0,-9999.0,orientation,color,size,0.3400000000000001,6.5,18,female,1,1913.8339991000003,0,22
1912,-9999.0,-9999.0,-9999.0,-9999.0,-9999.0,-9999.0,-9999.0,-9999.0,-9999.0,orientation,color,size,0.3400000000000001,6.5,18,female,1,1913.8339991000003,0,22
1913,-9999.0,-9999.0,-9999.0,-9999.0,-9999.0,-9999.0,-9999.0,-9999.0,-9999.0,orientation,color,size,0.3400000000000001,6.5,18,female,1,1913.8339991000003,0,22
1914,-9999.0,-9999.0,-9999.0,-9999.0,-9999.0,-9999.0,-9999.0,-9999.0,-9999.0,orientation,color,size,0.3400000000000001,6.5,18,female,1,1913.8339991000003,0,22
1915,-9999.0,-9999.0,-9999.0,-9999.0,-9999.0,-9999.0,-9999.0,-9999.0,-9999.0,orientation,color,size,0.3400000000000001,6.5,18,female,1,1913.8339991000003,0,22
1916,-9999.0,-9999.0,-9999.0,-9999.0,-9999.0,-9999.0,-9999.0,-9999.0,-9999.0,orientation,color,size,0.3400000000000001,6.5,18,female,1,1913.8339991000003,0,22
1917,-9999.0,-9999.0,-9999.0,-9999.0,-9999.0,-9999.0,-9999.0,-9999.0,-9999.0,orientation,color,size,0.3400000000000001,6.5,18,female,1,1913.8339991000003,0,22
1918,-9999.0,-9999.0,-9999.0,-9999.0,-9999.0,-9999.0,-9999.0,-9999.0,-9999.0,orientation,color,size,0.3400000000000001,6.5,18,female,1,1913.8339991000003,0,22
1919,-9999.0,-9999.0,-9999.0,-9999.0,-9999.0,-9999.0,-9999.0,-9999.0,-9999.0,orientation,color,size,0.3400000000000001,6.5,18,female,1,1913.8339991000003,0,22
1920,-9999.0,-9999.0,-9999.0,-9999.0,-9999.0,-9999.0,-9999.0,-9999.0,-9999.0,orientation,color,size,0.3400000000000001,6.5,18,female,1,1913.8339991000003,0,22
1921,-9999.0,-9999.0,-9999.0,-9999.0,-9999.0,-9999.0,-9999.0,-9999.0,-9999.0,orientation,color,size,0.3400000000000001,6.5,18,female,1,1913.8339991000003,0,22
1922,-9999.0,-9999.0,-9999.0,-9999.0,-9999.0,-9999.0,-9999.0,-9999.0,-9999.0,orientation,color,size,0.3400000000000001,6.5,18,female,1,1913.8339991000003,0,22
1923,-9999.0,-9999.0,-9999.0,-9999.0,-9999.0,-9999.0,-9999.0,-9999.0,-9999.0,orientation,color,size,0.3400000000000001,6.5,18,female,1,1913.8339991000003,0,22
1924,-9999.0,-9999.0,-9999.0,-9999.0,-9999.0,-9999.0,-9999.0,-9999.0,-9999.0,orientation,color,size,0.3400000000000001,6.5,18,female,1,1913.8339991000003,0,22
1925,-9999.0,-9999.0,-9999.0,-9999.0,-9999.0,-9999.0,-9999.0,-9999.0,-9999.0,orientation,color,size,0.3400000000000001,6.5,18,female,1,1913.8339991000003,0,22
1926,-9999.0,-9999.0,-9999.0,-9999.0,-9999.0,-9999.0,-9999.0,-9999.0,-9999.0,orientation,color,size,0.3400000000000001,6.5,18,female,1,1913.8339991000003,0,22
1927,-9999.0,-9999.0,-9999.0,-9999.0,-9999.0,-9999.0,-9999.0,-9999.0,-9999.0,orientation,color,size,0.3400000000000001,6.5,18,female,1,1913.8339991000003,0,22
1928,-9999.0,-9999.0,-9999.0,-9999.0,-9999.0,-9999.0,-9999.0,-9999.0,-9999.0,orientation,color,size,0.3400000000000001,6.5,18,female,1,1913.8339991000003,0,22
1929,-9999.0,-9999.0,-9999.0,-9999.0,-9999.0,-9999.0,-9999.0,-9999.0,-9999.0,orientation,color,size,0.3400000000000001,6.5,18,female,1,1913.8339991000003,0,22
1930,-9999.0,-9999.0,-9999.0,-9999.0,-9999.0,-9999.0,-9999.0,-9999.0,-9999.0,orientation,color,size,0.3400000000000001,6.5,18,female,1,1913.8339991000003,0,22
1931,-9999.0,-9999.0,-9999.0,-9999.0,-9999.0,-9999.0,-9999.0,-9999.0,-9999.0,orientation,color,size,0.3400000000000001,6.5,18,female,1,1913.8339991000003,0,22
1932,-9999.0,-9999.0,-9999.0,-9999.0,-9999.0,-9999.0,-9999.0,-9999.0,-9999.0,orientation,color,size,0.3400000000000001,6.5,18,female,1,1913.8339991000003,0,22
1933,-9999.0,-9999.0,-9999.0,-9999.0,-9999.0,-9999.0,-9999.0,-9999.0,-9999.0,orientation,color,size,0.3400000000000001,6.5,18,female,1,1913.8339991000003,0,22
1934,-9999.0,-9999.0,-9999.0,-9999.0,-9999.0,-9999.0,-9999.0,-9999.0,-9999.0,orientation,color,size,0.3400000000000001,6.5,18,female,1,1913.8339991000003,0,22
1935,-9999.0,-9999.0,-9999.0,-9999.0,-9999.0,-9999.0,-9999.0,-9999.0,-9999.0,orientation,color,size,0.3400000000000001,6.5,18,female,1,1913.8339991000003,0,22
1936,-9999.0,-9999.0,-9999.0,-9999.0,-9999.0,-9999.0,-9999.0,-9999.0,-9999.0,orientation,color,size,0.3400000000000001,6.5,18,female,1,1913.8339991000003,0,22
1937,-9999.0,-9999.0,-9999.0,-9999.0,-9999.0,-9999.0,-9999.0,-9999.0,-9999.0,orientation,color,size,0.3400000000000001,6.5,18,female,1,1913.8339991000003,0,22
1938,-9999.0,-9999.0,-9999.0,-9999.0,-9999.0,-9999.0,-9999.0,-9999.0,-9999.0,orientation,color,size,0.3400000000000001,6.5,18,female,1,1913.8339991000003,0,22
1939,-9999.0,-9999.0,-9999.0,-9999.0,-9999.0,-9999.0,-9999.0,-9999.0,-9999.0,orientation,color,size,0.3400000000000001,6.5,18,female,1,1913.8339991000003,0,22
1940,-9999.0,-9999.0,-9999.0,-9999.0,-9999.0,-9999.0,-9999.0,-9999.0,-9999.0,orientation,color,size,0.3400000000000001,6.5,18,female,1,1913.8339991000003,0,22
1941,-9999.0,-9999.0,-9999.0,-9999.0,-9999.0,-9999.0,-9999.0,-9999.0,-9999.0,orientation,color,size,0.3400000000000001,6.5,18,female,1,1913.8339991000003,0,22
1942,-9999.0,-9999.0,-9999.0,-9999.0,-9999.0,-9999.0,-9999.0,-9999.0,-9999.0,orientation,color,size,0.3400000000000001,6.5,18,female,1,1913.8339991000003,0,22
1943,-9999.0,-9999.0,-9999.0,-9999.0,-9999.0,-9999.0,-9999.0,-9999.0,-9999.0,orientation,color,size,0.3400000000000001,6.5,18,female,1,1913.8339991000003,0,22
1944,-9999.0,-9999.0,-9999.0,-9999.0,-9999.0,-9999.0,-9999.0,-9999.0,-9999.0,orientation,color,size,0.3400000000000001,6.5,18,female,1,1913.8339991000003,0,22
1945,-9999.0,-9999.0,-9999.0,-9999.0,-9999.0,-9999.0,-9999.0,-9999.0,-9999.0,orientation,color,size,0.3400000000000001,6.5,18,female,1,1913.8339991000003,0,22
1946,-9999.0,-9999.0,-9999.0,-9999.0,-9999.0,-9999.0,-9999.0,-9999.0,-9999.0,orientation,color,size,0.3400000000000001,6.5,18,female,1,1913.8339991000003,0,22
1947,-9999.0,-9999.0,-9999.0,-9999.0,-9999.0,-9999.0,-9999.0,-9999.0,-9999.0,orientation,color,size,0.3400000000000001,6.5,18,female,1,1913.8339991000003,0,22
1948,-9999.0,-9999.0,-9999.0,-9999.0,-9999.0,-9999.0,-9999.0,-9999.0,-9999.0,orientation,color,size,0.3400000000000001,6.5,18,female,1,1913.8339991000003,0,22
1949,-9999.0,-9999.0,-9999.0,-9999.0,-9999.0,-9999.0,-9999.0,-9999.0,-9999.0,orientation,color,size,0.3400000000000001,6.5,18,female,1,1913.8339991000003,0,22
1950,-9999.0,-9999.0,-9999.0,-9999.0,-9999.0,-9999.0,-9999.0,-9999.0,-9999.0,orientation,color,size,0.3400000000000001,6.5,18,female,1,1913.8339991000003,0,22
1951,-9999.0,-9999.0,-9999.0,-9999.0,-9999.0,-9999.0,-9999.0,-9999.0,-9999.0,orientation,color,size,0.3400000000000001,6.5,18,female,1,1913.8339991000003,0,22
1952,-9999.0,-9999.0,-9999.0,-9999.0,-9999.0,-9999.0,-9999.0,-9999.0,-9999.0,orientation,color,size,0.3400000000000001,6.5,18,female,1,1913.8339991000003,0,22
1953,-9999.0,-9999.0,-9999.0,-9999.0,-9999.0,-9999.0,-9999.0,-9999.0,-9999.0,orientation,color,size,0.3400000000000001,6.5,18,female,1,1913.8339991000003,0,22
1954,-9999.0,-9999.0,-9999.0,-9999.0,-9999.0,-9999.0,-9999.0,-9999.0,-9999.0,orientation,color,size,0.3400000000000001,6.5,18,female,1,1913.8339991000003,0,22
1955,-9999.0,-9999.0,-9999.0,-9999.0,-9999.0,-9999.0,-9999.0,-9999.0,-9999.0,orientation,color,size,0.3400000000000001,6.5,18,female,1,1913.8339991000003,0,22
1956,-9999.0,-9999.0,-9999.0,-9999.0,-9999.0,-9999.0,-9999.0,-9999.0,-9999.0,orientation,color,size,0.3400000000000001,6.5,18,female,1,1913.8339991000003,0,22
1957,-9999.0,-9999.0,-9999.0,-9999.0,-9999.0,-9999.0,-9999.0,-9999.0,-9999.0,orientation,color,size,0.3400000000000001,6.5,18,female,1,1913.8339991000003,0,22
1958,-9999.0,-9999.0,-9999.0,-9999.0,-9999.0,-9999.0,-9999.0,-9999.0,-9999.0,orientation,color,size,0.3400000000000001,6.5,18,female,1,1913.8339991000003,0,22
1959,-9999.0,-9999.0,-9999.0,-9999.0,-9999.0,-9999.0,-9999.0,-9999.0,-9999.0,orientation,color,size,0.3400000000000001,6.5,18,female,1,1913.8339991000003,0,22
1960,-9999.0,-9999.0,-9999.0,-9999.0,-9999.0,-9999.0,-9999.0,-9999.0,-9999.0,orientation,color,size,0.3400000000000001,6.5,18,female,1,1913.8339991000003,0,22
1961,-9999.0,-9999.0,-9999.0,-9999.0,-9999.0,-9999.0,-9999.0,-9999.0,-9999.0,orientation,color,size,0.3400000000000001,6.5,18,female,1,1913.8339991000003,0,22
1962,-9999.0,-9999.0,-9999.0,-9999.0,-9999.0,-9999.0,-9999.0,-9999.0,-9999.0,orientation,color,size,0.3400000000000001,6.5,18,female,1,1913.8339991000003,0,22
1963,-9999.0,-9999.0,-9999.0,-9999.0,-9999.0,-9999.0,-9999.0,-9999.0,-9999.0,orientation,color,size,0.3400000000000001,6.5,18,female,1,1913.8339991000003,0,22
1964,-9999.0,-9999.0,-9999.0,-9999.0,-9999.0,-9999.0,-9999.0,-9999.0,-9999.0,orientation,color,size,0.3400000000000001,6.5,18,female,1,1913.8339991000003,0,22
1965,-9999.0,-9999.0,-9999.0,-9999.0,-9999.0,-9999.0,-9999.0,-9999.0,-9999.0,orientation,color,size,0.3400000000000001,6.5,18,female,1,1913.8339991000003,0,22
1966,-9999.0,-9999.0,-9999.0,-9999.0,-9999.0,-9999.0,-9999.0,-9999.0,-9999.0,orientation,color,size,0.3400000000000001,6.5,18,female,1,1913.8339991000003,0,22
1967,-9999.0,-9999.0,-9999.0,-9999.0,-9999.0,-9999.0,-9999.0,-9999.0,-9999.0,orientation,color,size,0.3400000000000001,6.5,18,female,1,1913.8339991000003,0,22
1968,-9999.0,-9999.0,-9999.0,-9999.0,-9999.0,-9999.0,-9999.0,-9999.0,-9999.0,orientation,color,size,0.3400000000000001,6.5,18,female,1,1913.8339991000003,0,22
1969,-9999.0,-9999.0,-9999.0,-9999.0,-9999.0,-9999.0,-9999.0,-9999.0,-9999.0,orientation,color,size,0.3400000000000001,6.5,18,female,1,1913.8339991000003,0,22
1970,-9999.0,-9999.0,-9999.0,-9999.0,-9999.0,-9999.0,-9999.0,-9999.0,-9999.0,orientation,color,size,0.3400000000000001,6.5,18,female,1,1913.8339991000003,0,22
1971,-9999.0,-9999.0,-9999.0,-9999.0,-9999.0,-9999.0,-9999.0,-9999.0,-9999.0,orientation,color,size,0.3400000000000001,6.5,18,female,1,1913.8339991000003,0,22
1972,-9999.0,-9999.0,-9999.0,-9999.0,-9999.0,-9999.0,-9999.0,-9999.0,-9999.0,orientation,color,size,0.3400000000000001,6.5,18,female,1,1913.8339991000003,0,22
1973,-9999.0,-9999.0,-9999.0,-9999.0,-9999.0,-9999.0,-9999.0,-9999.0,-9999.0,orientation,color,size,0.3400000000000001,6.5,18,female,1,1913.8339991000003,0,22
1974,-9999.0,-9999.0,-9999.0,-9999.0,-9999.0,-9999.0,-9999.0,-9999.0,-9999.0,orientation,color,size,0.3400000000000001,6.5,18,female,1,1913.8339991000003,0,22
1975,-9999.0,-9999.0,-9999.0,-9999.0,-9999.0,-9999.0,-9999.0,-9999.0,-9999.0,orientation,color,size,0.3400000000000001,6.5,18,female,1,1913.8339991000003,0,22
1976,-9999.0,-9999.0,-9999.0,-9999.0,-9999.0,-9999.0,-9999.0,-9999.0,-9999.0,orientation,color,size,0.3400000000000001,6.5,18,female,1,1913.8339991000003,0,22
1977,-9999.0,-9999.0,-9999.0,-9999.0,-9999.0,-9999.0,-9999.0,-9999.0,-9999.0,orientation,color,size,0.3400000000000001,6.5,18,female,1,1913.8339991000003,0,22
1978,-9999.0,-9999.0,-9999.0,-9999.0,-9999.0,-9999.0,-9999.0,-9999.0,-9999.0,orientation,color,size,0.3400000000000001,6.5,18,female,1,1913.8339991000003,0,22
1979,-9999.0,-9999.0,-9999.0,-9999.0,-9999.0,-9999.0,-9999.0,-9999.0,-9999.0,orientation,color,size,0.3400000000000001,6.5,18,female,1,1913.8339991000003,0,22
1980,-9999.0,-9999.0,-9999.0,-9999.0,-9999.0,-9999.0,-9999.0,-9999.0,-9999.0,orientation,color,size,0.3400000000000001,6.5,18,female,1,1913.8339991000003,0,22
1981,-9999.0,-9999.0,-9999.0,-9999.0,-9999.0,-9999.0,-9999.0,-9999.0,-9999.0,orientation,color,size,0.3400000000000001,6.5,18,female,1,1913.8339991000003,0,22
1982,-9999.0,-9999.0,-9999.0,-9999.0,-9999.0,-9999.0,-9999.0,-9999.0,-9999.0,orientation,color,size,0.3400000000000001,6.5,18,female,1,1913.8339991000003,0,22
1983,-9999.0,-9999.0,-9999.0,-9999.0,-9999.0,-9999.0,-9999.0,-9999.0,-9999.0,orientation,color,size,0.3400000000000001,6.5,18,female,1,1913.8339991000003,0,22
1984,-9999.0,-9999.0,-9999.0,-9999.0,-9999.0,-9999.0,-9999.0,-9999.0,-9999.0,orientation,color,size,0.3400000000000001,6.5,18,female,1,1913.8339991000003,0,22
1985,-9999.0,-9999.0,-9999.0,-9999.0,-9999.0,-9999.0,-9999.0,-9999.0,-9999.0,orientation,color,size,0.3400000000000001,6.5,18,female,1,1913.8339991000003,0,22
1986,-9999.0,-9999.0,-9999.0,-9999.0,-9999.0,-9999.0,-9999.0,-9999.0,-9999.0,orientation,color,size,0.3400000000000001,6.5,18,female,1,1913.8339991000003,0,22
1987,-9999.0,-9999.0,-9999.0,-9999.0,-9999.0,-9999.0,-9999.0,-9999.0,-9999.0,orientation,color,size,0.3400000000000001,6.5,18,female,1,1913.8339991000003,0,22
1988,-9999.0,-9999.0,-9999.0,-9999.0,-9999.0,-9999.0,-9999.0,-9999.0,-9999.0,orientation,color,size,0.3400000000000001,6.5,18,female,1,1913.8339991000003,0,22
1989,-9999.0,-9999.0,-9999.0,-9999.0,-9999.0,-9999.0,-9999.0,-9999.0,-9999.0,orientation,color,size,0.3400000000000001,6.5,18,female,1,1913.8339991000003,0,22
1990,-9999.0,-9999.0,-9999.0,-9999.0,-9999.0,-9999.0,-9999.0,-9999.0,-9999.0,orientation,color,size,0.3400000000000001,6.5,18,female,1,1913.8339991000003,0,22
1991,-9999.0,-9999.0,-9999.0,-9999.0,-9999.0,-9999.0,-9999.0,-9999.0,-9999.0,orientation,color,size,0.3400000000000001,6.5,18,female,1,1913.8339991000003,0,22
1992,-9999.0,-9999.0,-9999.0,-9999.0,-9999.0,-9999.0,-9999.0,-9999.0,-9999.0,orientation,color,size,0.3400000000000001,6.5,18,female,1,1913.8339991000003,0,22
1993,-9999.0,-9999.0,-9999.0,-9999.0,-9999.0,-9999.0,-9999.0,-9999.0,-9999.0,orientation,color,size,0.3400000000000001,6.5,18,female,1,1913.8339991000003,0,22
1994,-9999.0,-9999.0,-9999.0,-9999.0,-9999.0,-9999.0,-9999.0,-9999.0,-9999.0,orientation,color,size,0.3400000000000001,6.5,18,female,1,1913.8339991000003,0,22
1995,-9999.0,-9999.0,-9999.0,-9999.0,-9999.0,-9999.0,-9999.0,-9999.0,-9999.0,orientation,color,size,0.3400000000000001,6.5,18,female,1,1913.8339991000003,0,22
1996,-9999.0,-9999.0,-9999.0,-9999.0,-9999.0,-9999.0,-9999.0,-9999.0,-9999.0,orientation,color,size,0.3400000000000001,6.5,18,female,1,1913.8339991000003,0,22
1997,-9999.0,-9999.0,-9999.0,-9999.0,-9999.0,-9999.0,-9999.0,-9999.0,-9999.0,orientation,color,size,0.3400000000000001,6.5,18,female,1,1913.8339991000003,0,22
1998,-9999.0,-9999.0,-9999.0,-9999.0,-9999.0,-9999.0,-9999.0,-9999.0,-9999.0,orientation,color,size,0.3400000000000001,6.5,18,female,1,1913.8339991000003,0,22
1999,-9999.0,-9999.0,-9999.0,-9999.0,-9999.0,-9999.0,-9999.0,-9999.0,-9999.0,orientation,color,size,0.3400000000000001,6.5,18,female,1,1913.8339991000003,0,22
2000,-9999.0,-9999.0,-9999.0,-9999.0,-9999.0,-9999.0,-9999.0,-9999.0,-9999.0,orientation,color,size,0.3400000000000001,6.5,18,female,1,1913.8339991000003,0,22
2001,-9999.0,-9999.0,-9999.0,-9999.0,-9999.0,-9999.0,-9999.0,-9999.0,-9999.0,orientation,color,size,0.3400000000000001,6.5,18,female,1,1913.8339991000003,0,22
2002,-9999.0,-9999.0,-9999.0,-9999.0,-9999.0,-9999.0,-9999.0,-9999.0,-9999.0,orientation,color,size,0.3400000000000001,6.5,18,female,1,1913.8339991000003,0,22
2003,-9999.0,-9999.0,-9999.0,-9999.0,-9999.0,-9999.0,-9999.0,-9999.0,-9999.0,orientation,color,size,0.3400000000000001,6.5,18,female,1,1913.8339991000003,0,22
2004,-9999.0,-9999.0,-9999.0,-9999.0,-9999.0,-9999.0,-9999.0,-9999.0,-9999.0,orientation,color,size,0.3400000000000001,6.5,18,female,1,1913.8339991000003,0,22
2005,-9999.0,-9999.0,-9999.0,-9999.0,-9999.0,-9999.0,-9999.0,-9999.0,-9999.0,orientation,color,size,0.3400000000000001,6.5,18,female,1,1913.8339991000003,0,22
2006,-9999.0,-9999.0,-9999.0,-9999.0,-9999.0,-9999.0,-9999.0,-9999.0,-9999.0,orientation,color,size,0.3400000000000001,6.5,18,female,1,1913.8339991000003,0,22
2007,-9999.0,-9999.0,-9999.0,-9999.0,-9999.0,-9999.0,-9999.0,-9999.0,-9999.0,orientation,color,size,0.3400000000000001,6.5,18,female,1,1913.8339991000003,0,22
2008,-9999.0,-9999.0,-9999.0,-9999.0,-9999.0,-9999.0,-9999.0,-9999.0,-9999.0,orientation,color,size,0.3400000000000001,6.5,18,female,1,1913.8339991000003,0,22
2009,-9999.0,-9999.0,-9999.0,-9999.0,-9999.0,-9999.0,-9999.0,-9999.0,-9999.0,orientation,color,size,0.3400000000000001,6.5,18,female,1,1913.8339991000003,0,22
2010,-9999.0,-9999.0,-9999.0,-9999.0,-9999.0,-9999.0,-9999.0,-9999.0,-9999.0,orientation,color,size,0.3400000000000001,6.5,18,female,1,1913.8339991000003,0,22
2011,-9999.0,-9999.0,-9999.0,-9999.0,-9999.0,-9999.0,-9999.0,-9999.0,-9999.0,orientation,color,size,0.3400000000000001,6.5,18,female,1,1913.8339991000003,0,22
2012,-9999.0,-9999.0,-9999.0,-9999.0,-9999.0,-9999.0,-9999.0,-9999.0,-9999.0,orientation,color,size,0.3400000000000001,6.5,18,female,1,1913.8339991000003,0,22
2013,-9999.0,-9999.0,-9999.0,-9999.0,-9999.0,-9999.0,-9999.0,-9999.0,-9999.0,orientation,color,size,0.3400000000000001,6.5,18,female,1,1913.8339991000003,0,22
2014,-9999.0,-9999.0,-9999.0,-9999.0,-9999.0,-9999.0,-9999.0,-9999.0,-9999.0,orientation,color,size,0.3400000000000001,6.5,18,female,1,1913.8339991000003,0,22
2015,-9999.0,-9999.0,-9999.0,-9999.0,-9999.0,-9999.0,-9999.0,-9999.0,-9999.0,orientation,color,size,0.3400000000000001,6.5,18,female,1,1913.8339991000003,0,22
2016,-9999.0,-9999.0,-9999.0,-9999.0,-9999.0,-9999.0,-9999.0,-9999.0,-9999.0,orientation,color,size,0.3400000000000001,6.5,18,female,1,1913.8339991000003,0,22
2017,-9999.0,-9999.0,-9999.0,-9999.0,-9999.0,-9999.0,-9999.0,-9999.0,-9999.0,orientation,color,size,0.3400000000000001,6.5,18,female,1,1913.8339991000003,0,22
2018,-9999.0,-9999.0,-9999.0,-9999.0,-9999.0,-9999.0,-9999.0,-9999.0,-9999.0,orientation,color,size,0.3400000000000001,6.5,18,female,1,1913.8339991000003,0,22
2019,-9999.0,-9999.0,-9999.0,-9999.0,-9999.0,-9999.0,-9999.0,-9999.0,-9999.0,orientation,color,size,0.3400000000000001,6.5,18,female,1,1913.8339991000003,0,22
2020,-9999.0,-9999.0,-9999.0,-9999.0,-9999.0,-9999.0,-9999.0,-9999.0,-9999.0,orientation,color,size,0.3400000000000001,6.5,18,female,1,1913.8339991000003,0,22
2021,-9999.0,-9999.0,-9999.0,-9999.0,-9999.0,-9999.0,-9999.0,-9999.0,-9999.0,orientation,color,size,0.3400000000000001,6.5,18,female,1,1913.8339991000003,0,22
2022,-9999.0,-9999.0,-9999.0,-9999.0,-9999.0,-9999.0,-9999.0,-9999.0,-9999.0,orientation,color,size,0.3400000000000001,6.5,18,female,1,1913.8339991000003,0,22
2023,-9999.0,-9999.0,-9999.0,-9999.0,-9999.0,-9999.0,-9999.0,-9999.0,-9999.0,orientation,color,size,0.3400000000000001,6.5,18,female,1,1913.8339991000003,0,22
2024,-9999.0,-9999.0,-9999.0,-9999.0,-9999.0,-9999.0,-9999.0,-9999.0,-9999.0,orientation,color,size,0.3400000000000001,6.5,18,female,1,1913.8339991000003,0,22
2025,-9999.0,-9999.0,-9999.0,-9999.0,-9999.0,-9999.0,-9999.0,-9999.0,-9999.0,orientation,color,size,0.3400000000000001,6.5,18,female,1,1913.8339991000003,0,22
2026,-9999.0,-9999.0,-9999.0,-9999.0,-9999.0,-9999.0,-9999.0,-9999.0,-9999.0,orientation,color,size,0.3400000000000001,6.5,18,female,1,1913.8339991000003,0,22
2027,-9999.0,-9999.0,-9999.0,-9999.0,-9999.0,-9999.0,-9999.0,-9999.0,-9999.0,orientation,color,size,0.3400000000000001,6.5,18,female,1,1913.8339991000003,0,22
2028,-9999.0,-9999.0,-9999.0,-9999.0,-9999.0,-9999.0,-9999.0,-9999.0,-9999.0,orientation,color,size,0.3400000000000001,6.5,18,female,1,1913.8339991000003,0,22
2029,-9999.0,-9999.0,-9999.0,-9999.0,-9999.0,-9999.0,-9999.0,-9999.0,-9999.0,orientation,color,size,0.3400000000000001,6.5,18,female,1,1913.8339991000003,0,22
2030,-9999.0,-9999.0,-9999.0,-9999.0,-9999.0,-9999.0,-9999.0,-9999.0,-9999.0,orientation,color,size,0.3400000000000001,6.5,18,female,1,1913.8339991000003,0,22
2031,-9999.0,-9999.0,-9999.0,-9999.0,-9999.0,-9999.0,-9999.0,-9999.0,-9999.0,orientation,color,size,0.3400000000000001,6.5,18,female,1,1913.8339991000003,0,22
2032,-9999.0,-9999.0,-9999.0,-9999.0,-9999.0,-9999.0,-9999.0,-9999.0,-9999.0,orientation,color,size,0.3400000000000001,6.5,18,female,1,1913.8339991000003,0,22
2033,-9999.0,-9999.0,-9999.0,-9999.0,-9999.0,-9999.0,-9999.0,-9999.0,-9999.0,orientation,color,size,0.3400000000000001,6.5,18,female,1,1913.8339991000003,0,22
2034,-9999.0,-9999.0,-9999.0,-9999.0,-9999.0,-9999.0,-9999.0,-9999.0,-9999.0,orientation,color,size,0.3400000000000001,6.5,18,female,1,1913.8339991000003,0,22
2035,-9999.0,-9999.0,-9999.0,-9999.0,-9999.0,-9999.0,-9999.0,-9999.0,-9999.0,orientation,color,size,0.3400000000000001,6.5,18,female,1,1913.8339991000003,0,22
2036,-9999.0,-9999.0,-9999.0,-9999.0,-9999.0,-9999.0,-9999.0,-9999.0,-9999.0,orientation,color,size,0.3400000000000001,6.5,18,female,1,1913.8339991000003,0,22
2037,-9999.0,-9999.0,-9999.0,-9999.0,-9999.0,-9999.0,-9999.0,-9999.0,-9999.0,orientation,color,size,0.3400000000000001,6.5,18,female,1,1913.8339991000003,0,22
2038,-9999.0,-9999.0,-9999.0,-9999.0,-9999.0,-9999.0,-9999.0,-9999.0,-9999.0,orientation,color,size,0.3400000000000001,6.5,18,female,1,1913.8339991000003,0,22
2039,-9999.0,-9999.0,-9999.0,-9999.0,-9999.0,-9999.0,-9999.0,-9999.0,-9999.0,orientation,color,size,0.3400000000000001,6.5,18,female,1,1913.8339991000003,0,22
2040,-9999.0,-9999.0,-9999.0,-9999.0,-9999.0,-9999.0,-9999.0,-9999.0,-9999.0,orientation,color,size,0.3400000000000001,6.5,18,female,1,1913.8339991000003,0,22
2041,-9999.0,-9999.0,-9999.0,-9999.0,-9999.0,-9999.0,-9999.0,-9999.0,-9999.0,orientation,color,size,0.3400000000000001,6.5,18,female,1,1913.8339991000003,0,22
2042,-9999.0,-9999.0,-9999.0,-9999.0,-9999.0,-9999.0,-9999.0,-9999.0,-9999.0,orientation,color,size,0.3400000000000001,6.5,18,female,1,1913.8339991000003,0,22
2043,-9999.0,-9999.0,-9999.0,-9999.0,-9999.0,-9999.0,-9999.0,-9999.0,-9999.0,orientation,color,size,0.3400000000000001,6.5,18,female,1,1913.8339991000003,0,22
2044,-9999.0,-9999.0,-9999.0,-9999.0,-9999.0,-9999.0,-9999.0,-9999.0,-9999.0,orientation,color,size,0.3400000000000001,6.5,18,female,1,1913.8339991000003,0,22
2045,-9999.0,-9999.0,-9999.0,-9999.0,-9999.0,-9999.0,-9999.0,-9999.0,-9999.0,orientation,color,size,0.3400000000000001,6.5,18,female,1,1913.8339991000003,0,22
2046,-9999.0,-9999.0,-9999.0,-9999.0,-9999.0,-9999.0,-9999.0,-9999.0,-9999.0,orientation,color,size,0.3400000000000001,6.5,18,female,1,1913.8339991000003,0,22
2047,-9999.0,-9999.0,-9999.0,-9999.0,-9999.0,-9999.0,-9999.0,-9999.0,-9999.0,orientation,color,size,0.3400000000000001,6.5,18,female,1,1913.8339991000003,0,22
2048,-9999.0,-9999.0,-9999.0,-9999.0,-9999.0,-9999.0,-9999.0,-9999.0,-9999.0,orientation,color,size,0.3400000000000001,6.5,18,female,1,1913.8339991000003,0,22
2049,-9999.0,-9999.0,-9999.0,-9999.0,-9999.0,-9999.0,-9999.0,-9999.0,-9999.0,orientation,color,size,0.3400000000000001,6.5,18,female,1,1913.8339991000003,0,22
2050,-9999.0,-9999.0,-9999.0,-9999.0,-9999.0,-9999.0,-9999.0,-9999.0,-9999.0,orientation,color,size,0.3400000000000001,6.5,18,female,1,1913.8339991000003,0,22
2051,-9999.0,-9999.0,-9999.0,-9999.0,-9999.0,-9999.0,-9999.0,-9999.0,-9999.0,orientation,color,size,0.3400000000000001,6.5,18,female,1,1913.8339991000003,0,22
2052,-9999.0,-9999.0,-9999.0,-9999.0,-9999.0,-9999.0,-9999.0,-9999.0,-9999.0,orientation,color,size,0.3400000000000001,6.5,18,female,1,1913.8339991000003,0,22
2053,-9999.0,-9999.0,-9999.0,-9999.0,-9999.0,-9999.0,-9999.0,-9999.0,-9999.0,orientation,color,size,0.3400000000000001,6.5,18,female,1,1913.8339991000003,0,22
2054,-9999.0,-9999.0,-9999.0,-9999.0,-9999.0,-9999.0,-9999.0,-9999.0,-9999.0,orientation,color,size,0.3400000000000001,6.5,18,female,1,1913.8339991000003,0,22
2055,-9999.0,-9999.0,-9999.0,-9999.0,-9999.0,-9999.0,-9999.0,-9999.0,-9999.0,orientation,color,size,0.3400000000000001,6.5,18,female,1,1913.8339991000003,0,22
2056,-9999.0,-9999.0,-9999.0,-9999.0,-9999.0,-9999.0,-9999.0,-9999.0,-9999.0,orientation,color,size,0.3400000000000001,6.5,18,female,1,1913.8339991000003,0,22
2057,-9999.0,-9999.0,-9999.0,-9999.0,-9999.0,-9999.0,-9999.0,-9999.0,-9999.0,orientation,color,size,0.3400000000000001,6.5,18,female,1,1913.8339991000003,0,22
2058,-9999.0,-9999.0,-9999.0,-9999.0,-9999.0,-9999.0,-9999.0,-9999.0,-9999.0,orientation,color,size,0.3400000000000001,6.5,18,female,1,1913.8339991000003,0,22
2059,-9999.0,-9999.0,-9999.0,-9999.0,-9999.0,-9999.0,-9999.0,-9999.0,-9999.0,orientation,color,size,0.3400000000000001,6.5,18,female,1,1913.8339991000003,0,22
2060,-9999.0,-9999.0,-9999.0,-9999.0,-9999.0,-9999.0,-9999.0,-9999.0,-9999.0,orientation,color,size,0.3400000000000001,6.5,18,female,1,1913.8339991000003,0,22
2061,-9999.0,-9999.0,-9999.0,-9999.0,-9999.0,-9999.0,-9999.0,-9999.0,-9999.0,orientation,color,size,0.3400000000000001,6.5,18,female,1,1913.8339991000003,0,22
2062,-9999.0,-9999.0,-9999.0,-9999.0,-9999.0,-9999.0,-9999.0,-9999.0,-9999.0,orientation,color,size,0.3400000000000001,6.5,18,female,1,1913.8339991000003,0,22
2063,-9999.0,-9999.0,-9999.0,-9999.0,-9999.0,-9999.0,-9999.0,-9999.0,-9999.0,orientation,color,size,0.3400000000000001,6.5,18,female,1,1913.8339991000003,0,22
2064,-9999.0,-9999.0,-9999.0,-9999.0,-9999.0,-9999.0,-9999.0,-9999.0,-9999.0,orientation,color,size,0.3400000000000001,6.5,18,female,1,1913.8339991000003,0,22
2065,-9999.0,-9999.0,-9999.0,-9999.0,-9999.0,-9999.0,-9999.0,-9999.0,-9999.0,orientation,color,size,0.3400000000000001,6.5,18,female,1,1913.8339991000003,0,22
2066,-9999.0,-9999.0,-9999.0,-9999.0,-9999.0,-9999.0,-9999.0,-9999.0,-9999.0,orientation,color,size,0.3400000000000001,6.5,18,female,1,1913.8339991000003,0,22
2067,-9999.0,-9999.0,-9999.0,-9999.0,-9999.0,-9999.0,-9999.0,-9999.0,-9999.0,orientation,color,size,0.3400000000000001,6.5,18,female,1,1913.8339991000003,0,22
2068,-9999.0,-9999.0,-9999.0,-9999.0,-9999.0,-9999.0,-9999.0,-9999.0,-9999.0,orientation,color,size,0.3400000000000001,6.5,18,female,1,1913.8339991000003,0,22
2069,-9999.0,-9999.0,-9999.0,-9999.0,-9999.0,-9999.0,-9999.0,-9999.0,-9999.0,orientation,color,size,0.3400000000000001,6.5,18,female,1,1913.8339991000003,0,22
2070,-9999.0,-9999.0,-9999.0,-9999.0,-9999.0,-9999.0,-9999.0,-9999.0,-9999.0,orientation,color,size,0.3400000000000001,6.5,18,female,1,1913.8339991000003,0,22
2071,-9999.0,-9999.0,-9999.0,-9999.0,-9999.0,-9999.0,-9999.0,-9999.0,-9999.0,orientation,color,size,0.3400000000000001,6.5,18,female,1,1913.8339991000003,0,22
2072,-9999.0,-9999.0,-9999.0,-9999.0,-9999.0,-9999.0,-9999.0,-9999.0,-9999.0,orientation,color,size,0.3400000000000001,6.5,18,female,1,1913.8339991000003,0,22
2073,-9999.0,-9999.0,-9999.0,-9999.0,-9999.0,-9999.0,-9999.0,-9999.0,-9999.0,orientation,color,size,0.3400000000000001,6.5,18,female,1,1913.8339991000003,0,22
2074,-9999.0,-9999.0,-9999.0,-9999.0,-9999.0,-9999.0,-9999.0,-9999.0,-9999.0,orientation,color,size,0.3400000000000001,6.5,18,female,1,1913.8339991000003,0,22
2075,-9999.0,-9999.0,-9999.0,-9999.0,-9999.0,-9999.0,-9999.0,-9999.0,-9999.0,orientation,color,size,0.3400000000000001,6.5,18,female,1,1913.8339991000003,0,22
2076,-9999.0,-9999.0,-9999.0,-9999.0,-9999.0,-9999.0,-9999.0,-9999.0,-9999.0,orientation,color,size,0.3400000000000001,6.5,18,female,1,1913.8339991000003,0,22
2077,-9999.0,-9999.0,-9999.0,-9999.0,-9999.0,-9999.0,-9999.0,-9999.0,-9999.0,orientation,color,size,0.3400000000000001,6.5,18,female,1,1913.8339991000003,0,22
2078,-9999.0,-9999.0,-9999.0,-9999.0,-9999.0,-9999.0,-9999.0,-9999.0,-9999.0,orientation,color,size,0.3400000000000001,6.5,18,female,1,1913.8339991000003,0,22
2079,-9999.0,-9999.0,-9999.0,-9999.0,-9999.0,-9999.0,-9999.0,-9999.0,-9999.0,orientation,color,size,0.3400000000000001,6.5,18,female,1,1913.8339991000003,0,22
2080,-9999.0,-9999.0,-9999.0,-9999.0,-9999.0,-9999.0,-9999.0,-9999.0,-9999.0,orientation,color,size,0.3400000000000001,6.5,18,female,1,1913.8339991000003,0,22
2081,-9999.0,-9999.0,-9999.0,-9999.0,-9999.0,-9999.0,-9999.0,-9999.0,-9999.0,orientation,color,size,0.3400000000000001,6.5,18,female,1,1913.8339991000003,0,22
2082,-9999.0,-9999.0,-9999.0,-9999.0,-9999.0,-9999.0,-9999.0,-9999.0,-9999.0,orientation,color,size,0.3400000000000001,6.5,18,female,1,1913.8339991000003,0,22
2083,-9999.0,-9999.0,-9999.0,-9999.0,-9999.0,-9999.0,-9999.0,-9999.0,-9999.0,orientation,color,size,0.3400000000000001,6.5,18,female,1,1913.8339991000003,0,22
2084,-9999.0,-9999.0,-9999.0,-9999.0,-9999.0,-9999.0,-9999.0,-9999.0,-9999.0,orientation,color,size,0.3400000000000001,6.5,18,female,1,1913.8339991000003,0,22
2085,-9999.0,-9999.0,-9999.0,-9999.0,-9999.0,-9999.0,-9999.0,-9999.0,-9999.0,orientation,color,size,0.3400000000000001,6.5,18,female,1,1913.8339991000003,0,22
2086,-9999.0,-9999.0,-9999.0,-9999.0,-9999.0,-9999.0,-9999.0,-9999.0,-9999.0,orientation,color,size,0.3400000000000001,6.5,18,female,1,1913.8339991000003,0,22
2087,-9999.0,-9999.0,-9999.0,-9999.0,-9999.0,-9999.0,-9999.0,-9999.0,-9999.0,orientation,color,size,0.3400000000000001,6.5,18,female,1,1913.8339991000003,0,22
2088,-9999.0,-9999.0,-9999.0,-9999.0,-9999.0,-9999.0,-9999.0,-9999.0,-9999.0,orientation,color,size,0.3400000000000001,6.5,18,female,1,1913.8339991000003,0,22
2089,-9999.0,-9999.0,-9999.0,-9999.0,-9999.0,-9999.0,-9999.0,-9999.0,-9999.0,orientation,color,size,0.3400000000000001,6.5,18,female,1,1913.8339991000003,0,22
2090,-9999.0,-9999.0,-9999.0,-9999.0,-9999.0,-9999.0,-9999.0,-9999.0,-9999.0,orientation,color,size,0.3400000000000001,6.5,18,female,1,1913.8339991000003,0,22
2091,-9999.0,-9999.0,-9999.0,-9999.0,-9999.0,-9999.0,-9999.0,-9999.0,-9999.0,orientation,color,size,0.3400000000000001,6.5,18,female,1,1913.8339991000003,0,22
2092,-9999.0,-9999.0,-9999.0,-9999.0,-9999.0,-9999.0,-9999.0,-9999.0,-9999.0,orientation,color,size,0.3400000000000001,6.5,18,female,1,1913.8339991000003,0,22
2093,-9999.0,-9999.0,-9999.0,-9999.0,-9999.0,-9999.0,-9999.0,-9999.0,-9999.0,orientation,color,size,0.3400000000000001,6.5,18,female,1,1913.8339991000003,0,22
2094,-9999.0,-9999.0,-9999.0,-9999.0,-9999.0,-9999.0,-9999.0,-9999.0,-9999.0,orientation,color,size,0.3400000000000001,6.5,18,female,1,1913.8339991000003,0,22
2095,-9999.0,-9999.0,-9999.0,-9999.0,-9999.0,-9999.0,-9999.0,-9999.0,-9999.0,orientation,color,size,0.3400000000000001,6.5,18,female,1,1913.8339991000003,0,22
2096,-9999.0,-9999.0,-9999.0,-9999.0,-9999.0,-9999.0,-9999.0,-9999.0,-9999.0,orientation,color,size,0.3400000000000001,6.5,18,female,1,1913.8339991000003,0,22
2097,-9999.0,-9999.0,-9999.0,-9999.0,-9999.0,-9999.0,-9999.0,-9999.0,-9999.0,orientation,color,size,0.3400000000000001,6.5,18,female,1,1913.8339991000003,0,22
2098,-9999.0,-9999.0,-9999.0,-9999.0,-9999.0,-9999.0,-9999.0,-9999.0,-9999.0,orientation,color,size,0.3400000000000001,6.5,18,female,1,1913.8339991000003,0,22
2099,-9999.0,-9999.0,-9999.0,-9999.0,-9999.0,-9999.0,-9999.0,-9999.0,-9999.0,orientation,color,size,0.3400000000000001,6.5,18,female,1,1913.8339991000003,0,22
2100,-9999.0,-9999.0,-9999.0,-9999.0,-9999.0,-9999.0,-9999.0,-9999.0,-9999.0,orientation,color,size,0.3400000000000001,6.5,18,female,1,1913.8339991000003,0,22
2101,-9999.0,-9999.0,-9999.0,-9999.0,-9999.0,-9999.0,-9999.0,-9999.0,-9999.0,orientation,color,size,0.3400000000000001,6.5,18,female,1,1913.8339991000003,0,22
2102,-9999.0,-9999.0,-9999.0,-9999.0,-9999.0,-9999.0,-9999.0,-9999.0,-9999.0,orientation,color,size,0.3400000000000001,6.5,18,female,1,1913.8339991000003,0,22
2103,-9999.0,-9999.0,-9999.0,-9999.0,-9999.0,-9999.0,-9999.0,-9999.0,-9999.0,orientation,color,size,0.3400000000000001,6.5,18,female,1,1913.8339991000003,0,22
2104,-9999.0,-9999.0,-9999.0,-9999.0,-9999.0,-9999.0,-9999.0,-9999.0,-9999.0,orientation,color,size,0.3400000000000001,6.5,18,female,1,1913.8339991000003,0,22
2105,-9999.0,-9999.0,-9999.0,-9999.0,-9999.0,-9999.0,-9999.0,-9999.0,-9999.0,orientation,color,size,0.3400000000000001,6.5,18,female,1,1913.8339991000003,0,22
2106,-9999.0,-9999.0,-9999.0,-9999.0,-9999.0,-9999.0,-9999.0,-9999.0,-9999.0,orientation,color,size,0.3400000000000001,6.5,18,female,1,1913.8339991000003,0,22
2107,-9999.0,-9999.0,-9999.0,-9999.0,-9999.0,-9999.0,-9999.0,-9999.0,-9999.0,orientation,color,size,0.3400000000000001,6.5,18,female,1,1913.8339991000003,0,22
2108,-9999.0,-9999.0,-9999.0,-9999.0,-9999.0,-9999.0,-9999.0,-9999.0,-9999.0,orientation,color,size,0.3400000000000001,6.5,18,female,1,1913.8339991000003,0,22
2109,-9999.0,-9999.0,-9999.0,-9999.0,-9999.0,-9999.0,-9999.0,-9999.0,-9999.0,orientation,color,size,0.3400000000000001,6.5,18,female,1,1913.8339991000003,0,22
2110,-9999.0,-9999.0,-9999.0,-9999.0,-9999.0,-9999.0,-9999.0,-9999.0,-9999.0,orientation,color,size,0.3400000000000001,6.5,18,female,1,1913.8339991000003,0,22
2111,-9999.0,-9999.0,-9999.0,-9999.0,-9999.0,-9999.0,-9999.0,-9999.0,-9999.0,orientation,color,size,0.3400000000000001,6.5,18,female,1,1913.8339991000003,0,22
2112,-9999.0,-9999.0,-9999.0,-9999.0,-9999.0,-9999.0,-9999.0,-9999.0,-9999.0,orientation,color,size,0.3400000000000001,6.5,18,female,1,1913.8339991000003,0,22
2113,-9999.0,-9999.0,-9999.0,-9999.0,-9999.0,-9999.0,-9999.0,-9999.0,-9999.0,orientation,color,size,0.3400000000000001,6.5,18,female,1,1913.8339991000003,0,22
2114,-9999.0,-9999.0,-9999.0,-9999.0,-9999.0,-9999.0,-9999.0,-9999.0,-9999.0,orientation,color,size,0.3400000000000001,6.5,18,female,1,1913.8339991000003,0,22
2115,-9999.0,-9999.0,-9999.0,-9999.0,-9999.0,-9999.0,-9999.0,-9999.0,-9999.0,orientation,color,size,0.3400000000000001,6.5,18,female,1,1913.8339991000003,0,22
2116,-9999.0,-9999.0,-9999.0,-9999.0,-9999.0,-9999.0,-9999.0,-9999.0,-9999.0,orientation,color,size,0.3400000000000001,6.5,18,female,1,1913.8339991000003,0,22
2117,-9999.0,-9999.0,-9999.0,-9999.0,-9999.0,-9999.0,-9999.0,-9999.0,-9999.0,orientation,color,size,0.3400000000000001,6.5,18,female,1,1913.8339991000003,0,22
2118,-9999.0,-9999.0,-9999.0,-9999.0,-9999.0,-9999.0,-9999.0,-9999.0,-9999.0,orientation,color,size,0.3400000000000001,6.5,18,female,1,1913.8339991000003,0,22
2119,-9999.0,-9999.0,-9999.0,-9999.0,-9999.0,-9999.0,-9999.0,-9999.0,-9999.0,orientation,color,size,0.3400000000000001,6.5,18,female,1,1913.8339991000003,0,22
2120,-9999.0,-9999.0,-9999.0,-9999.0,-9999.0,-9999.0,-9999.0,-9999.0,-9999.0,orientation,color,size,0.3400000000000001,6.5,18,female,1,1913.8339991000003,0,22
2121,-9999.0,-9999.0,-9999.0,-9999.0,-9999.0,-9999.0,-9999.0,-9999.0,-9999.0,orientation,color,size,0.3400000000000001,6.5,18,female,1,1913.8339991000003,0,22
2122,-9999.0,-9999.0,-9999.0,-9999.0,-9999.0,-9999.0,-9999.0,-9999.0,-9999.0,orientation,color,size,0.3400000000000001,6.5,18,female,1,1913.8339991000003,0,22
2123,-9999.0,-9999.0,-9999.0,-9999.0,-9999.0,-9999.0,-9999.0,-9999.0,-9999.0,orientation,color,size,0.3400000000000001,6.5,18,female,1,1913.8339991000003,0,22
2124,-9999.0,-9999.0,-9999.0,-9999.0,-9999.0,-9999.0,-9999.0,-9999.0,-9999.0,orientation,color,size,0.3400000000000001,6.5,18,female,1,1913.8339991000003,0,22
2125,-9999.0,-9999.0,-9999.0,-9999.0,-9999.0,-9999.0,-9999.0,-9999.0,-9999.0,orientation,color,size,0.3400000000000001,6.5,18,female,1,1913.8339991000003,0,22
2126,-9999.0,-9999.0,-9999.0,-9999.0,-9999.0,-9999.0,-9999.0,-9999.0,-9999.0,orientation,color,size,0.3400000000000001,6.5,18,female,1,1913.8339991000003,0,22
2127,-9999.0,-9999.0,-9999.0,-9999.0,-9999.0,-9999.0,-9999.0,-9999.0,-9999.0,orientation,color,size,0.3400000000000001,6.5,18,female,1,1913.8339991000003,0,22
2128,-9999.0,-9999.0,-9999.0,-9999.0,-9999.0,-9999.0,-9999.0,-9999.0,-9999.0,orientation,color,size,0.3400000000000001,6.5,18,female,1,1913.8339991000003,0,22
2129,-9999.0,-9999.0,-9999.0,-9999.0,-9999.0,-9999.0,-9999.0,-9999.0,-9999.0,orientation,color,size,0.3400000000000001,6.5,18,female,1,1913.8339991000003,0,22
2130,-9999.0,-9999.0,-9999.0,-9999.0,-9999.0,-9999.0,-9999.0,-9999.0,-9999.0,orientation,color,size,0.3400000000000001,6.5,18,female,1,1913.8339991000003,0,22
2131,-9999.0,-9999.0,-9999.0,-9999.0,-9999.0,-9999.0,-9999.0,-9999.0,-9999.0,orientation,color,size,0.3400000000000001,6.5,18,female,1,1913.8339991000003,0,22
2132,-9999.0,-9999.0,-9999.0,-9999.0,-9999.0,-9999.0,-9999.0,-9999.0,-9999.0,orientation,color,size,0.3400000000000001,6.5,18,female,1,1913.8339991000003,0,22
2133,-9999.0,-9999.0,-9999.0,-9999.0,-9999.0,-9999.0,-9999.0,-9999.0,-9999.0,orientation,color,size,0.3400000000000001,6.5,18,female,1,1913.8339991000003,0,22
2134,-9999.0,-9999.0,-9999.0,-9999.0,-9999.0,-9999.0,-9999.0,-9999.0,-9999.0,orientation,color,size,0.3400000000000001,6.5,18,female,1,1913.8339991000003,0,22
2135,-9999.0,-9999.0,-9999.0,-9999.0,-9999.0,-9999.0,-9999.0,-9999.0,-9999.0,orientation,color,size,0.3400000000000001,6.5,18,female,1,1913.8339991000003,0,22
2136,-9999.0,-9999.0,-9999.0,-9999.0,-9999.0,-9999.0,-9999.0,-9999.0,-9999.0,orientation,color,size,0.3400000000000001,6.5,18,female,1,1913.8339991000003,0,22
2137,-9999.0,-9999.0,-9999.0,-9999.0,-9999.0,-9999.0,-9999.0,-9999.0,-9999.0,orientation,color,size,0.3400000000000001,6.5,18,female,1,1913.8339991000003,0,22
2138,-9999.0,-9999.0,-9999.0,-9999.0,-9999.0,-9999.0,-9999.0,-9999.0,-9999.0,orientation,color,size,0.3400000000000001,6.5,18,female,1,1913.8339991000003,0,22
2139,-9999.0,-9999.0,-9999.0,-9999.0,-9999.0,-9999.0,-9999.0,-9999.0,-9999.0,orientation,color,size,0.3400000000000001,6.5,18,female,1,1913.8339991000003,0,22
2140,-9999.0,-9999.0,-9999.0,-9999.0,-9999.0,-9999.0,-9999.0,-9999.0,-9999.0,orientation,color,size,0.3400000000000001,6.5,18,female,1,1913.8339991000003,0,22
2141,-9999.0,-9999.0,-9999.0,-9999.0,-9999.0,-9999.0,-9999.0,-9999.0,-9999.0,orientation,color,size,0.3400000000000001,6.5,18,female,1,1913.8339991000003,0,22
2142,-9999.0,-9999.0,-9999.0,-9999.0,-9999.0,-9999.0,-9999.0,-9999.0,-9999.0,orientation,color,size,0.3400000000000001,6.5,18,female,1,1913.8339991000003,0,22
2143,-9999.0,-9999.0,-9999.0,-9999.0,-9999.0,-9999.0,-9999.0,-9999.0,-9999.0,orientation,color,size,0.3400000000000001,6.5,18,female,1,1913.8339991000003,0,22
2144,-9999.0,-9999.0,-9999.0,-9999.0,-9999.0,-9999.0,-9999.0,-9999.0,-9999.0,orientation,color,size,0.3400000000000001,6.5,18,female,1,1913.8339991000003,0,22
2145,-9999.0,-9999.0,-9999.0,-9999.0,-9999.0,-9999.0,-9999.0,-9999.0,-9999.0,orientation,color,size,0.3400000000000001,6.5,18,female,1,1913.8339991000003,0,22
2146,-9999.0,-9999.0,-9999.0,-9999.0,-9999.0,-9999.0,-9999.0,-9999.0,-9999.0,orientation,color,size,0.3400000000000001,6.5,18,female,1,1913.8339991000003,0,22
2147,-9999.0,-9999.0,-9999.0,-9999.0,-9999.0,-9999.0,-9999.0,-9999.0,-9999.0,orientation,color,size,0.3400000000000001,6.5,18,female,1,1913.8339991000003,0,22
2148,-9999.0,-9999.0,-9999.0,-9999.0,-9999.0,-9999.0,-9999.0,-9999.0,-9999.0,orientation,color,size,0.3400000000000001,6.5,18,female,1,1913.8339991000003,0,22
2149,-9999.0,-9999.0,-9999.0,-9999.0,-9999.0,-9999.0,-9999.0,-9999.0,-9999.0,orientation,color,size,0.3400000000000001,6.5,18,female,1,1913.8339991000003,0,22
2150,-9999.0,-9999.0,-9999.0,-9999.0,-9999.0,-9999.0,-9999.0,-9999.0,-9999.0,orientation,color,size,0.3400000000000001,6.5,18,female,1,1913.8339991000003,0,22
2151,-9999.0,-9999.0,-9999.0,-9999.0,-9999.0,-9999.0,-9999.0,-9999.0,-9999.0,orientation,color,size,0.3400000000000001,6.5,18,female,1,1913.8339991000003,0,22
2152,-9999.0,-9999.0,-9999.0,-9999.0,-9999.0,-9999.0,-9999.0,-9999.0,-9999.0,orientation,color,size,0.3400000000000001,6.5,18,female,1,1913.8339991000003,0,22
2153,-9999.0,-9999.0,-9999.0,-9999.0,-9999.0,-9999.0,-9999.0,-9999.0,-9999.0,orientation,color,size,0.3400000000000001,6.5,18,female,1,1913.8339991000003,0,22
2154,-9999.0,-9999.0,-9999.0,-9999.0,-9999.0,-9999.0,-9999.0,-9999.0,-9999.0,orientation,color,size,0.3400000000000001,6.5,18,female,1,1913.8339991000003,0,22
2155,-9999.0,-9999.0,-9999.0,-9999.0,-9999.0,-9999.0,-9999.0,-9999.0,-9999.0,orientation,color,size,0.3400000000000001,6.5,18,female,1,1913.8339991000003,0,22
2156,-9999.0,-9999.0,-9999.0,-9999.0,-9999.0,-9999.0,-9999.0,-9999.0,-9999.0,orientation,color,size,0.3400000000000001,6.5,18,female,1,1913.8339991000003,0,22
2157,-9999.0,-9999.0,-9999.0,-9999.0,-9999.0,-9999.0,-9999.0,-9999.0,-9999.0,orientation,color,size,0.3400000000000001,6.5,18,female,1,1913.8339991000003,0,22
2158,-9999.0,-9999.0,-9999.0,-9999.0,-9999.0,-9999.0,-9999.0,-9999.0,-9999.0,orientation,color,size,0.3400000000000001,6.5,18,female,1,1913.8339991000003,0,22
2159,-9999.0,-9999.0,-9999.0,-9999.0,-9999.0,-9999.0,-9999.0,-9999.0,-9999.0,orientation,color,size,0.3400000000000001,6.5,18,female,1,1913.8339991000003,0,22
2160,-9999.0,-9999.0,-9999.0,-9999.0,-9999.0,-9999.0,-9999.0,-9999.0,-9999.0,orientation,color,size,0.3400000000000001,6.5,18,female,1,1913.8339991000003,0,22
2161,-9999.0,-9999.0,-9999.0,-9999.0,-9999.0,-9999.0,-9999.0,-9999.0,-9999.0,orientation,color,size,0.3400000000000001,6.5,18,female,1,1913.8339991000003,0,22
2162,-9999.0,-9999.0,-9999.0,-9999.0,-9999.0,-9999.0,-9999.0,-9999.0,-9999.0,orientation,color,size,0.3400000000000001,6.5,18,female,1,1913.8339991000003,0,22
2163,-9999.0,-9999.0,-9999.0,-9999.0,-9999.0,-9999.0,-9999.0,-9999.0,-9999.0,orientation,color,size,0.3400000000000001,6.5,18,female,1,1913.8339991000003,0,22
2164,-9999.0,-9999.0,-9999.0,-9999.0,-9999.0,-9999.0,-9999.0,-9999.0,-9999.0,orientation,color,size,0.3400000000000001,6.5,18,female,1,1913.8339991000003,0,22
2165,-9999.0,-9999.0,-9999.0,-9999.0,-9999.0,-9999.0,-9999.0,-9999.0,-9999.0,orientation,color,size,0.3400000000000001,6.5,18,female,1,1913.8339991000003,0,22
2166,-9999.0,-9999.0,-9999.0,-9999.0,-9999.0,-9999.0,-9999.0,-9999.0,-9999.0,orientation,color,size,0.3400000000000001,6.5,18,female,1,1913.8339991000003,0,22
2167,-9999.0,-9999.0,-9999.0,-9999.0,-9999.0,-9999.0,-9999.0,-9999.0,-9999.0,orientation,color,size,0.3400000000000001,6.5,18,female,1,1913.8339991000003,0,22
2168,-9999.0,-9999.0,-9999.0,-9999.0,-9999.0,-9999.0,-9999.0,-9999.0,-9999.0,orientation,color,size,0.3400000000000001,6.5,18,female,1,1913.8339991000003,0,22
2169,-9999.0,-9999.0,-9999.0,-9999.0,-9999.0,-9999.0,-9999.0,-9999.0,-9999.0,orientation,color,size,0.3400000000000001,6.5,18,female,1,1913.8339991000003,0,22
2170,-9999.0,-9999.0,-9999.0,-9999.0,-9999.0,-9999.0,-9999.0,-9999.0,-9999.0,orientation,color,size,0.3400000000000001,6.5,18,female,1,1913.8339991000003,0,22
2171,-9999.0,-9999.0,-9999.0,-9999.0,-9999.0,-9999.0,-9999.0,-9999.0,-9999.0,orientation,color,size,0.3400000000000001,6.5,18,female,1,1913.8339991000003,0,22
2172,-9999.0,-9999.0,-9999.0,-9999.0,-9999.0,-9999.0,-9999.0,-9999.0,-9999.0,orientation,color,size,0.3400000000000001,6.5,18,female,1,1913.8339991000003,0,22
2173,-9999.0,-9999.0,-9999.0,-9999.0,-9999.0,-9999.0,-9999.0,-9999.0,-9999.0,orientation,color,size,0.3400000000000001,6.5,18,female,1,1913.8339991000003,0,22
2174,-9999.0,-9999.0,-9999.0,-9999.0,-9999.0,-9999.0,-9999.0,-9999.0,-9999.0,orientation,color,size,0.3400000000000001,6.5,18,female,1,1913.8339991000003,0,22
2175,-9999.0,-9999.0,-9999.0,-9999.0,-9999.0,-9999.0,-9999.0,-9999.0,-9999.0,orientation,color,size,0.3400000000000001,6.5,18,female,1,1913.8339991000003,0,22
2176,-9999.0,-9999.0,-9999.0,-9999.0,-9999.0,-9999.0,-9999.0,-9999.0,-9999.0,orientation,color,size,0.3400000000000001,6.5,18,female,1,1913.8339991000003,0,22
2177,-9999.0,-9999.0,-9999.0,-9999.0,-9999.0,-9999.0,-9999.0,-9999.0,-9999.0,orientation,color,size,0.3400000000000001,6.5,18,female,1,1913.8339991000003,0,22
2178,-9999.0,-9999.0,-9999.0,-9999.0,-9999.0,-9999.0,-9999.0,-9999.0,-9999.0,orientation,color,size,0.3400000000000001,6.5,18,female,1,1913.8339991000003,0,22
2179,-9999.0,-9999.0,-9999.0,-9999.0,-9999.0,-9999.0,-9999.0,-9999.0,-9999.0,orientation,color,size,0.3400000000000001,6.5,18,female,1,1913.8339991000003,0,22
2180,-9999.0,-9999.0,-9999.0,-9999.0,-9999.0,-9999.0,-9999.0,-9999.0,-9999.0,orientation,color,size,0.3400000000000001,6.5,18,female,1,1913.8339991000003,0,22
2181,-9999.0,-9999.0,-9999.0,-9999.0,-9999.0,-9999.0,-9999.0,-9999.0,-9999.0,orientation,color,size,0.3400000000000001,6.5,18,female,1,1913.8339991000003,0,22
2182,-9999.0,-9999.0,-9999.0,-9999.0,-9999.0,-9999.0,-9999.0,-9999.0,-9999.0,orientation,color,size,0.3400000000000001,6.5,18,female,1,1913.8339991000003,0,22
2183,-9999.0,-9999.0,-9999.0,-9999.0,-9999.0,-9999.0,-9999.0,-9999.0,-9999.0,orientation,color,size,0.3400000000000001,6.5,18,female,1,1913.8339991000003,0,22
2184,-9999.0,-9999.0,-9999.0,-9999.0,-9999.0,-9999.0,-9999.0,-9999.0,-9999.0,orientation,color,size,0.3400000000000001,6.5,18,female,1,1913.8339991000003,0,22
2185,-9999.0,-9999.0,-9999.0,-9999.0,-9999.0,-9999.0,-9999.0,-9999.0,-9999.0,orientation,color,size,0.3400000000000001,6.5,18,female,1,1913.8339991000003,0,22
2186,-9999.0,-9999.0,-9999.0,-9999.0,-9999.0,-9999.0,-9999.0,-9999.0,-9999.0,orientation,color,size,0.3400000000000001,6.5,18,female,1,1913.8339991000003,0,22
2187,-9999.0,-9999.0,-9999.0,-9999.0,-9999.0,-9999.0,-9999.0,-9999.0,-9999.0,orientation,color,size,0.3400000000000001,6.5,18,female,1,1913.8339991000003,0,22
2188,-9999.0,-9999.0,-9999.0,-9999.0,-9999.0,-9999.0,-9999.0,-9999.0,-9999.0,orientation,color,size,0.3400000000000001,6.5,18,female,1,1913.8339991000003,0,22
2189,-9999.0,-9999.0,-9999.0,-9999.0,-9999.0,-9999.0,-9999.0,-9999.0,-9999.0,orientation,color,size,0.3400000000000001,6.5,18,female,1,1913.8339991000003,0,22
2190,-9999.0,-9999.0,-9999.0,-9999.0,-9999.0,-9999.0,-9999.0,-9999.0,-9999.0,orientation,color,size,0.3400000000000001,6.5,18,female,1,1913.8339991000003,0,22
2191,-9999.0,-9999.0,-9999.0,-9999.0,-9999.0,-9999.0,-9999.0,-9999.0,-9999.0,orientation,color,size,0.3400000000000001,6.5,18,female,1,1913.8339991000003,0,22
2192,-9999.0,-9999.0,-9999.0,-9999.0,-9999.0,-9999.0,-9999.0,-9999.0,-9999.0,orientation,color,size,0.3400000000000001,6.5,18,female,1,1913.8339991000003,0,22
2193,-9999.0,-9999.0,-9999.0,-9999.0,-9999.0,-9999.0,-9999.0,-9999.0,-9999.0,orientation,color,size,0.3400000000000001,6.5,18,female,1,1913.8339991000003,0,22
2194,-9999.0,-9999.0,-9999.0,-9999.0,-9999.0,-9999.0,-9999.0,-9999.0,-9999.0,orientation,color,size,0.3400000000000001,6.5,18,female,1,1913.8339991000003,0,22
2195,-9999.0,-9999.0,-9999.0,-9999.0,-9999.0,-9999.0,-9999.0,-9999.0,-9999.0,orientation,color,size,0.3400000000000001,6.5,18,female,1,1913.8339991000003,0,22
2196,-9999.0,-9999.0,-9999.0,-9999.0,-9999.0,-9999.0,-9999.0,-9999.0,-9999.0,orientation,color,size,0.3400000000000001,6.5,18,female,1,1913.8339991000003,0,22
2197,-9999.0,-9999.0,-9999.0,-9999.0,-9999.0,-9999.0,-9999.0,-9999.0,-9999.0,orientation,color,size,0.3400000000000001,6.5,18,female,1,1913.8339991000003,0,22
2198,-9999.0,-9999.0,-9999.0,-9999.0,-9999.0,-9999.0,-9999.0,-9999.0,-9999.0,orientation,color,size,0.3400000000000001,6.5,18,female,1,1913.8339991000003,0,22
2199,-9999.0,-9999.0,-9999.0,-9999.0,-9999.0,-9999.0,-9999.0,-9999.0,-9999.0,orientation,color,size,0.3400000000000001,6.5,18,female,1,1913.8339991000003,0,22
2200,-9999.0,-9999.0,-9999.0,-9999.0,-9999.0,-9999.0,-9999.0,-9999.0,-9999.0,orientation,color,size,0.3400000000000001,6.5,18,female,1,1913.8339991000003,0,22
2201,-9999.0,-9999.0,-9999.0,-9999.0,-9999.0,-9999.0,-9999.0,-9999.0,-9999.0,orientation,color,size,0.3400000000000001,6.5,18,female,1,1913.8339991000003,0,22
2202,-9999.0,-9999.0,-9999.0,-9999.0,-9999.0,-9999.0,-9999.0,-9999.0,-9999.0,orientation,color,size,0.3400000000000001,6.5,18,female,1,1913.8339991000003,0,22
2203,-9999.0,-9999.0,-9999.0,-9999.0,-9999.0,-9999.0,-9999.0,-9999.0,-9999.0,orientation,color,size,0.3400000000000001,6.5,18,female,1,1913.8339991000003,0,22
2204,-9999.0,-9999.0,-9999.0,-9999.0,-9999.0,-9999.0,-9999.0,-9999.0,-9999.0,orientation,color,size,0.3400000000000001,6.5,18,female,1,1913.8339991000003,0,22
2205,-9999.0,-9999.0,-9999.0,-9999.0,-9999.0,-9999.0,-9999.0,-9999.0,-9999.0,orientation,color,size,0.3400000000000001,6.5,18,female,1,1913.8339991000003,0,22
2206,-9999.0,-9999.0,-9999.0,-9999.0,-9999.0,-9999.0,-9999.0,-9999.0,-9999.0,orientation,color,size,0.3400000000000001,6.5,18,female,1,1913.8339991000003,0,22
2207,-9999.0,-9999.0,-9999.0,-9999.0,-9999.0,-9999.0,-9999.0,-9999.0,-9999.0,orientation,color,size,0.3400000000000001,6.5,18,female,1,1913.8339991000003,0,22
2208,-9999.0,-9999.0,-9999.0,-9999.0,-9999.0,-9999.0,-9999.0,-9999.0,-9999.0,orientation,color,size,0.3400000000000001,6.5,18,female,1,1913.8339991000003,0,22
2209,-9999.0,-9999.0,-9999.0,-9999.0,-9999.0,-9999.0,-9999.0,-9999.0,-9999.0,orientation,color,size,0.3400000000000001,6.5,18,female,1,1913.8339991000003,0,22
2210,-9999.0,-9999.0,-9999.0,-9999.0,-9999.0,-9999.0,-9999.0,-9999.0,-9999.0,orientation,color,size,0.3400000000000001,6.5,18,female,1,1913.8339991000003,0,22
2211,-9999.0,-9999.0,-9999.0,-9999.0,-9999.0,-9999.0,-9999.0,-9999.0,-9999.0,orientation,color,size,0.3400000000000001,6.5,18,female,1,1913.8339991000003,0,22
2212,-9999.0,-9999.0,-9999.0,-9999.0,-9999.0,-9999.0,-9999.0,-9999.0,-9999.0,orientation,color,size,0.3400000000000001,6.5,18,female,1,1913.8339991000003,0,22
2213,-9999.0,-9999.0,-9999.0,-9999.0,-9999.0,-9999.0,-9999.0,-9999.0,-9999.0,orientation,color,size,0.3400000000000001,6.5,18,female,1,1913.8339991000003,0,22
2214,-9999.0,-9999.0,-9999.0,-9999.0,-9999.0,-9999.0,-9999.0,-9999.0,-9999.0,orientation,color,size,0.3400000000000001,6.5,18,female,1,1913.8339991000003,0,22
2215,-9999.0,-9999.0,-9999.0,-9999.0,-9999.0,-9999.0,-9999.0,-9999.0,-9999.0,orientation,color,size,0.3400000000000001,6.5,18,female,1,1913.8339991000003,0,22
2216,-9999.0,-9999.0,-9999.0,-9999.0,-9999.0,-9999.0,-9999.0,-9999.0,-9999.0,orientation,color,size,0.3400000000000001,6.5,18,female,1,1913.8339991000003,0,22
2217,-9999.0,-9999.0,-9999.0,-9999.0,-9999.0,-9999.0,-9999.0,-9999.0,-9999.0,orientation,color,size,0.3400000000000001,6.5,18,female,1,1913.8339991000003,0,22
2218,-9999.0,-9999.0,-9999.0,-9999.0,-9999.0,-9999.0,-9999.0,-9999.0,-9999.0,orientation,color,size,0.3400000000000001,6.5,18,female,1,1913.8339991000003,0,22
2219,-9999.0,-9999.0,-9999.0,-9999.0,-9999.0,-9999.0,-9999.0,-9999.0,-9999.0,orientation,color,size,0.3400000000000001,6.5,18,female,1,1913.8339991000003,0,22
2220,-9999.0,-9999.0,-9999.0,-9999.0,-9999.0,-9999.0,-9999.0,-9999.0,-9999.0,orientation,color,size,0.3400000000000001,6.5,18,female,1,1913.8339991000003,0,22
2221,-9999.0,-9999.0,-9999.0,-9999.0,-9999.0,-9999.0,-9999.0,-9999.0,-9999.0,orientation,color,size,0.3400000000000001,6.5,18,female,1,1913.8339991000003,0,22
2222,-9999.0,-9999.0,-9999.0,-9999.0,-9999.0,-9999.0,-9999.0,-9999.0,-9999.0,orientation,color,size,0.3400000000000001,6.5,18,female,1,1913.8339991000003,0,22
2223,-9999.0,-9999.0,-9999.0,-9999.0,-9999.0,-9999.0,-9999.0,-9999.0,-9999.0,orientation,color,size,0.3400000000000001,6.5,18,female,1,1913.8339991000003,0,22
2224,-9999.0,-9999.0,-9999.0,-9999.0,-9999.0,-9999.0,-9999.0,-9999.0,-9999.0,orientation,color,size,0.3400000000000001,6.5,18,female,1,1913.8339991000003,0,22
2225,-9999.0,-9999.0,-9999.0,-9999.0,-9999.0,-9999.0,-9999.0,-9999.0,-9999.0,orientation,color,size,0.3400000000000001,6.5,18,female,1,1913.8339991000003,0,22
2226,-9999.0,-9999.0,-9999.0,-9999.0,-9999.0,-9999.0,-9999.0,-9999.0,-9999.0,orientation,color,size,0.3400000000000001,6.5,18,female,1,1913.8339991000003,0,22
2227,-9999.0,-9999.0,-9999.0,-9999.0,-9999.0,-9999.0,-9999.0,-9999.0,-9999.0,orientation,color,size,0.3400000000000001,6.5,18,female,1,1913.8339991000003,0,22
2228,-9999.0,-9999.0,-9999.0,-9999.0,-9999.0,-9999.0,-9999.0,-9999.0,-9999.0,orientation,color,size,0.3400000000000001,6.5,18,female,1,1913.8339991000003,0,22
2229,-9999.0,-9999.0,-9999.0,-9999.0,-9999.0,-9999.0,-9999.0,-9999.0,-9999.0,orientation,color,size,0.3400000000000001,6.5,18,female,1,1913.8339991000003,0,22
2230,-9999.0,-9999.0,-9999.0,-9999.0,-9999.0,-9999.0,-9999.0,-9999.0,-9999.0,orientation,color,size,0.3400000000000001,6.5,18,female,1,1913.8339991000003,0,22
2231,-9999.0,-9999.0,-9999.0,-9999.0,-9999.0,-9999.0,-9999.0,-9999.0,-9999.0,orientation,color,size,0.3400000000000001,6.5,18,female,1,1913.8339991000003,0,22
2232,-9999.0,-9999.0,-9999.0,-9999.0,-9999.0,-9999.0,-9999.0,-9999.0,-9999.0,orientation,color,size,0.3400000000000001,6.5,18,female,1,1913.8339991000003,0,22
2233,-9999.0,-9999.0,-9999.0,-9999.0,-9999.0,-9999.0,-9999.0,-9999.0,-9999.0,orientation,color,size,0.3400000000000001,6.5,18,female,1,1913.8339991000003,0,22
2234,-9999.0,-9999.0,-9999.0,-9999.0,-9999.0,-9999.0,-9999.0,-9999.0,-9999.0,orientation,color,size,0.3400000000000001,6.5,18,female,1,1913.8339991000003,0,22
2235,-9999.0,-9999.0,-9999.0,-9999.0,-9999.0,-9999.0,-9999.0,-9999.0,-9999.0,orientation,color,size,0.3400000000000001,6.5,18,female,1,1913.8339991000003,0,22
2236,-9999.0,-9999.0,-9999.0,-9999.0,-9999.0,-9999.0,-9999.0,-9999.0,-9999.0,orientation,color,size,0.3400000000000001,6.5,18,female,1,1913.8339991000003,0,22
2237,-9999.0,-9999.0,-9999.0,-9999.0,-9999.0,-9999.0,-9999.0,-9999.0,-9999.0,orientation,color,size,0.3400000000000001,6.5,18,female,1,1913.8339991000003,0,22
2238,-9999.0,-9999.0,-9999.0,-9999.0,-9999.0,-9999.0,-9999.0,-9999.0,-9999.0,orientation,color,size,0.3400000000000001,6.5,18,female,1,1913.8339991000003,0,22
2239,-9999.0,-9999.0,-9999.0,-9999.0,-9999.0,-9999.0,-9999.0,-9999.0,-9999.0,orientation,color,size,0.3400000000000001,6.5,18,female,1,1913.8339991000003,0,22
2240,-9999.0,-9999.0,-9999.0,-9999.0,-9999.0,-9999.0,-9999.0,-9999.0,-9999.0,orientation,color,size,0.3400000000000001,6.5,18,female,1,1913.8339991000003,0,22
2241,-9999.0,-9999.0,-9999.0,-9999.0,-9999.0,-9999.0,-9999.0,-9999.0,-9999.0,orientation,color,size,0.3400000000000001,6.5,18,female,1,1913.8339991000003,0,22
2242,-9999.0,-9999.0,-9999.0,-9999.0,-9999.0,-9999.0,-9999.0,-9999.0,-9999.0,orientation,color,size,0.3400000000000001,6.5,18,female,1,1913.8339991000003,0,22
2243,-9999.0,-9999.0,-9999.0,-9999.0,-9999.0,-9999.0,-9999.0,-9999.0,-9999.0,orientation,color,size,0.3400000000000001,6.5,18,female,1,1913.8339991000003,0,22
2244,-9999.0,-9999.0,-9999.0,-9999.0,-9999.0,-9999.0,-9999.0,-9999.0,-9999.0,orientation,color,size,0.3400000000000001,6.5,18,female,1,1913.8339991000003,0,22
2245,-9999.0,-9999.0,-9999.0,-9999.0,-9999.0,-9999.0,-9999.0,-9999.0,-9999.0,orientation,color,size,0.3400000000000001,6.5,18,female,1,1913.8339991000003,0,22
2246,-9999.0,-9999.0,-9999.0,-9999.0,-9999.0,-9999.0,-9999.0,-9999.0,-9999.0,orientation,color,size,0.3400000000000001,6.5,18,female,1,1913.8339991000003,0,22
2247,-9999.0,-9999.0,-9999.0,-9999.0,-9999.0,-9999.0,-9999.0,-9999.0,-9999.0,orientation,color,size,0.3400000000000001,6.5,18,female,1,1913.8339991000003,0,22
2248,-9999.0,-9999.0,-9999.0,-9999.0,-9999.0,-9999.0,-9999.0,-9999.0,-9999.0,orientation,color,size,0.3400000000000001,6.5,18,female,1,1913.8339991000003,0,22
2249,-9999.0,-9999.0,-9999.0,-9999.0,-9999.0,-9999.0,-9999.0,-9999.0,-9999.0,orientation,color,size,0.3400000000000001,6.5,18,female,1,1913.8339991000003,0,22
2250,-9999.0,-9999.0,-9999.0,-9999.0,-9999.0,-9999.0,-9999.0,-9999.0,-9999.0,orientation,color,size,0.3400000000000001,6.5,18,female,1,1913.8339991000003,0,22
2251,-9999.0,-9999.0,-9999.0,-9999.0,-9999.0,-9999.0,-9999.0,-9999.0,-9999.0,orientation,color,size,0.3400000000000001,6.5,18,female,1,1913.8339991000003,0,22
2252,-9999.0,-9999.0,-9999.0,-9999.0,-9999.0,-9999.0,-9999.0,-9999.0,-9999.0,orientation,color,size,0.3400000000000001,6.5,18,female,1,1913.8339991000003,0,22
2253,-9999.0,-9999.0,-9999.0,-9999.0,-9999.0,-9999.0,-9999.0,-9999.0,-9999.0,orientation,color,size,0.3400000000000001,6.5,18,female,1,1913.8339991000003,0,22
2254,-9999.0,-9999.0,-9999.0,-9999.0,-9999.0,-9999.0,-9999.0,-9999.0,-9999.0,orientation,color,size,0.3400000000000001,6.5,18,female,1,1913.8339991000003,0,22
2255,-9999.0,-9999.0,-9999.0,-9999.0,-9999.0,-9999.0,-9999.0,-9999.0,-9999.0,orientation,color,size,0.3400000000000001,6.5,18,female,1,1913.8339991000003,0,22
2256,-9999.0,-9999.0,-9999.0,-9999.0,-9999.0,-9999.0,-9999.0,-9999.0,-9999.0,orientation,color,size,0.3400000000000001,6.5,18,female,1,1913.8339991000003,0,22
2257,-9999.0,-9999.0,-9999.0,-9999.0,-9999.0,-9999.0,-9999.0,-9999.0,-9999.0,orientation,color,size,0.3400000000000001,6.5,18,female,1,1913.8339991000003,0,22
2258,-9999.0,-9999.0,-9999.0,-9999.0,-9999.0,-9999.0,-9999.0,-9999.0,-9999.0,orientation,color,size,0.3400000000000001,6.5,18,female,1,1913.8339991000003,0,22
2259,-9999.0,-9999.0,-9999.0,-9999.0,-9999.0,-9999.0,-9999.0,-9999.0,-9999.0,orientation,color,size,0.3400000000000001,6.5,18,female,1,1913.8339991000003,0,22
2260,-9999.0,-9999.0,-9999.0,-9999.0,-9999.0,-9999.0,-9999.0,-9999.0,-9999.0,orientation,color,size,0.3400000000000001,6.5,18,female,1,1913.8339991000003,0,22
2261,-9999.0,-9999.0,-9999.0,-9999.0,-9999.0,-9999.0,-9999.0,-9999.0,-9999.0,orientation,color,size,0.3400000000000001,6.5,18,female,1,1913.8339991000003,0,22
2262,-9999.0,-9999.0,-9999.0,-9999.0,-9999.0,-9999.0,-9999.0,-9999.0,-9999.0,orientation,color,size,0.3400000000000001,6.5,18,female,1,1913.8339991000003,0,22
2263,-9999.0,-9999.0,-9999.0,-9999.0,-9999.0,-9999.0,-9999.0,-9999.0,-9999.0,orientation,color,size,0.3400000000000001,6.5,18,female,1,1913.8339991000003,0,22
2264,-9999.0,-9999.0,-9999.0,-9999.0,-9999.0,-9999.0,-9999.0,-9999.0,-9999.0,orientation,color,size,0.3400000000000001,6.5,18,female,1,1913.8339991000003,0,22
2265,-9999.0,-9999.0,-9999.0,-9999.0,-9999.0,-9999.0,-9999.0,-9999.0,-9999.0,orientation,color,size,0.3400000000000001,6.5,18,female,1,1913.8339991000003,0,22
2266,-9999.0,-9999.0,-9999.0,-9999.0,-9999.0,-9999.0,-9999.0,-9999.0,-9999.0,orientation,color,size,0.3400000000000001,6.5,18,female,1,1913.8339991000003,0,22
2267,-9999.0,-9999.0,-9999.0,-9999.0,-9999.0,-9999.0,-9999.0,-9999.0,-9999.0,orientation,color,size,0.3400000000000001,6.5,18,female,1,1913.8339991000003,0,22
2268,-9999.0,-9999.0,-9999.0,-9999.0,-9999.0,-9999.0,-9999.0,-9999.0,-9999.0,orientation,color,size,0.3400000000000001,6.5,18,female,1,1913.8339991000003,0,22
2269,-9999.0,-9999.0,-9999.0,-9999.0,-9999.0,-9999.0,-9999.0,-9999.0,-9999.0,orientation,color,size,0.3400000000000001,6.5,18,female,1,1913.8339991000003,0,22
2270,-9999.0,-9999.0,-9999.0,-9999.0,-9999.0,-9999.0,-9999.0,-9999.0,-9999.0,orientation,color,size,0.3400000000000001,6.5,18,female,1,1913.8339991000003,0,22
2271,-9999.0,-9999.0,-9999.0,-9999.0,-9999.0,-9999.0,-9999.0,-9999.0,-9999.0,orientation,color,size,0.3400000000000001,6.5,18,female,1,1913.8339991000003,0,22
2272,-9999.0,-9999.0,-9999.0,-9999.0,-9999.0,-9999.0,-9999.0,-9999.0,-9999.0,orientation,color,size,0.3400000000000001,6.5,18,female,1,1913.8339991000003,0,22
2273,-9999.0,-9999.0,-9999.0,-9999.0,-9999.0,-9999.0,-9999.0,-9999.0,-9999.0,orientation,color,size,0.3400000000000001,6.5,18,female,1,1913.8339991000003,0,22
2274,-9999.0,-9999.0,-9999.0,-9999.0,-9999.0,-9999.0,-9999.0,-9999.0,-9999.0,orientation,color,size,0.3400000000000001,6.5,18,female,1,1913.8339991000003,0,22
2275,-9999.0,-9999.0,-9999.0,-9999.0,-9999.0,-9999.0,-9999.0,-9999.0,-9999.0,orientation,color,size,0.3400000000000001,6.5,18,female,1,1913.8339991000003,0,22
2276,-9999.0,-9999.0,-9999.0,-9999.0,-9999.0,-9999.0,-9999.0,-9999.0,-9999.0,orientation,color,size,0.3400000000000001,6.5,18,female,1,1913.8339991000003,0,22
2277,-9999.0,-9999.0,-9999.0,-9999.0,-9999.0,-9999.0,-9999.0,-9999.0,-9999.0,orientation,color,size,0.3400000000000001,6.5,18,female,1,1913.8339991000003,0,22
2278,-9999.0,-9999.0,-9999.0,-9999.0,-9999.0,-9999.0,-9999.0,-9999.0,-9999.0,orientation,color,size,0.3400000000000001,6.5,18,female,1,1913.8339991000003,0,22
2279,-9999.0,-9999.0,-9999.0,-9999.0,-9999.0,-9999.0,-9999.0,-9999.0,-9999.0,orientation,color,size,0.3400000000000001,6.5,18,female,1,1913.8339991000003,0,22
2280,-9999.0,-9999.0,-9999.0,-9999.0,-9999.0,-9999.0,-9999.0,-9999.0,-9999.0,orientation,color,size,0.3400000000000001,6.5,18,female,1,1913.8339991000003,0,22
2281,-9999.0,-9999.0,-9999.0,-9999.0,-9999.0,-9999.0,-9999.0,-9999.0,-9999.0,orientation,color,size,0.3400000000000001,6.5,18,female,1,1913.8339991000003,0,22
2282,-9999.0,-9999.0,-9999.0,-9999.0,-9999.0,-9999.0,-9999.0,-9999.0,-9999.0,orientation,color,size,0.3400000000000001,6.5,18,female,1,1913.8339991000003,0,22
2283,-9999.0,-9999.0,-9999.0,-9999.0,-9999.0,-9999.0,-9999.0,-9999.0,-9999.0,orientation,color,size,0.3400000000000001,6.5,18,female,1,1913.8339991000003,0,22
2284,-9999.0,-9999.0,-9999.0,-9999.0,-9999.0,-9999.0,-9999.0,-9999.0,-9999.0,orientation,color,size,0.3400000000000001,6.5,18,female,1,1913.8339991000003,0,22
2285,-9999.0,-9999.0,-9999.0,-9999.0,-9999.0,-9999.0,-9999.0,-9999.0,-9999.0,orientation,color,size,0.3400000000000001,6.5,18,female,1,1913.8339991000003,0,22
2286,-9999.0,-9999.0,-9999.0,-9999.0,-9999.0,-9999.0,-9999.0,-9999.0,-9999.0,orientation,color,size,0.3400000000000001,6.5,18,female,1,1913.8339991000003,0,22
2287,-9999.0,-9999.0,-9999.0,-9999.0,-9999.0,-9999.0,-9999.0,-9999.0,-9999.0,orientation,color,size,0.3400000000000001,6.5,18,female,1,1913.8339991000003,0,22
2288,-9999.0,-9999.0,-9999.0,-9999.0,-9999.0,-9999.0,-9999.0,-9999.0,-9999.0,orientation,color,size,0.3400000000000001,6.5,18,female,1,1913.8339991000003,0,22
2289,-9999.0,-9999.0,-9999.0,-9999.0,-9999.0,-9999.0,-9999.0,-9999.0,-9999.0,orientation,color,size,0.3400000000000001,6.5,18,female,1,1913.8339991000003,0,22
2290,-9999.0,-9999.0,-9999.0,-9999.0,-9999.0,-9999.0,-9999.0,-9999.0,-9999.0,orientation,color,size,0.3400000000000001,6.5,18,female,1,1913.8339991000003,0,22
2291,-9999.0,-9999.0,-9999.0,-9999.0,-9999.0,-9999.0,-9999.0,-9999.0,-9999.0,orientation,color,size,0.3400000000000001,6.5,18,female,1,1913.8339991000003,0,22
2292,-9999.0,-9999.0,-9999.0,-9999.0,-9999.0,-9999.0,-9999.0,-9999.0,-9999.0,orientation,color,size,0.3400000000000001,6.5,18,female,1,1913.8339991000003,0,22
2293,-9999.0,-9999.0,-9999.0,-9999.0,-9999.0,-9999.0,-9999.0,-9999.0,-9999.0,orientation,color,size,0.3400000000000001,6.5,18,female,1,1913.8339991000003,0,22
2294,-9999.0,-9999.0,-9999.0,-9999.0,-9999.0,-9999.0,-9999.0,-9999.0,-9999.0,orientation,color,size,0.3400000000000001,6.5,18,female,1,1913.8339991000003,0,22
2295,-9999.0,-9999.0,-9999.0,-9999.0,-9999.0,-9999.0,-9999.0,-9999.0,-9999.0,orientation,color,size,0.3400000000000001,6.5,18,female,1,1913.8339991000003,0,22
2296,-9999.0,-9999.0,-9999.0,-9999.0,-9999.0,-9999.0,-9999.0,-9999.0,-9999.0,orientation,color,size,0.3400000000000001,6.5,18,female,1,1913.8339991000003,0,22
2297,-9999.0,-9999.0,-9999.0,-9999.0,-9999.0,-9999.0,-9999.0,-9999.0,-9999.0,orientation,color,size,0.3400000000000001,6.5,18,female,1,1913.8339991000003,0,22
2298,-9999.0,-9999.0,-9999.0,-9999.0,-9999.0,-9999.0,-9999.0,-9999.0,-9999.0,orientation,color,size,0.3400000000000001,6.5,18,female,1,1913.8339991000003,0,22
2299,-9999.0,-9999.0,-9999.0,-9999.0,-9999.0,-9999.0,-9999.0,-9999.0,-9999.0,orientation,color,size,0.3400000000000001,6.5,18,female,1,1913.8339991000003,0,22
2300,-9999.0,-9999.0,-9999.0,-9999.0,-9999.0,-9999.0,-9999.0,-9999.0,-9999.0,orientation,color,size,0.3400000000000001,6.5,18,female,1,1913.8339991000003,0,22
2301,-9999.0,-9999.0,-9999.0,-9999.0,-9999.0,-9999.0,-9999.0,-9999.0,-9999.0,orientation,color,size,0.3400000000000001,6.5,18,female,1,1913.8339991000003,0,22
2302,-9999.0,-9999.0,-9999.0,-9999.0,-9999.0,-9999.0,-9999.0,-9999.0,-9999.0,orientation,color,size,0.3400000000000001,6.5,18,female,1,1913.8339991000003,0,22
2303,-9999.0,-9999.0,-9999.0,-9999.0,-9999.0,-9999.0,-9999.0,-9999.0,-9999.0,orientation,color,size,0.3400000000000001,6.5,18,female,1,1913.8339991000003,0,22
2304,-9999.0,-9999.0,-9999.0,-9999.0,-9999.0,-9999.0,-9999.0,-9999.0,-9999.0,orientation,color,size,0.3400000000000001,6.5,18,female,1,1913.8339991000003,0,22
2305,-9999.0,-9999.0,-9999.0,-9999.0,-9999.0,-9999.0,-9999.0,-9999.0,-9999.0,orientation,color,size,0.3400000000000001,6.5,18,female,1,1913.8339991000003,0,22
2306,-9999.0,-9999.0,-9999.0,-9999.0,-9999.0,-9999.0,-9999.0,-9999.0,-9999.0,orientation,color,size,0.3400000000000001,6.5,18,female,1,1913.8339991000003,0,22
2307,-9999.0,-9999.0,-9999.0,-9999.0,-9999.0,-9999.0,-9999.0,-9999.0,-9999.0,orientation,color,size,0.3400000000000001,6.5,18,female,1,1913.8339991000003,0,22
2308,-9999.0,-9999.0,-9999.0,-9999.0,-9999.0,-9999.0,-9999.0,-9999.0,-9999.0,orientation,color,size,0.3400000000000001,6.5,18,female,1,1913.8339991000003,0,22
2309,-9999.0,-9999.0,-9999.0,-9999.0,-9999.0,-9999.0,-9999.0,-9999.0,-9999.0,orientation,color,size,0.3400000000000001,6.5,18,female,1,1913.8339991000003,0,22
2310,-9999.0,-9999.0,-9999.0,-9999.0,-9999.0,-9999.0,-9999.0,-9999.0,-9999.0,orientation,color,size,0.3400000000000001,6.5,18,female,1,1913.8339991000003,0,22
2311,-9999.0,-9999.0,-9999.0,-9999.0,-9999.0,-9999.0,-9999.0,-9999.0,-9999.0,orientation,color,size,0.3400000000000001,6.5,18,female,1,1913.8339991000003,0,22
2312,-9999.0,-9999.0,-9999.0,-9999.0,-9999.0,-9999.0,-9999.0,-9999.0,-9999.0,orientation,color,size,0.3400000000000001,6.5,18,female,1,1913.8339991000003,0,22
2313,-9999.0,-9999.0,-9999.0,-9999.0,-9999.0,-9999.0,-9999.0,-9999.0,-9999.0,orientation,color,size,0.3400000000000001,6.5,18,female,1,1913.8339991000003,0,22
2314,-9999.0,-9999.0,-9999.0,-9999.0,-9999.0,-9999.0,-9999.0,-9999.0,-9999.0,orientation,color,size,0.3400000000000001,6.5,18,female,1,1913.8339991000003,0,22
2315,-9999.0,-9999.0,-9999.0,-9999.0,-9999.0,-9999.0,-9999.0,-9999.0,-9999.0,orientation,color,size,0.3400000000000001,6.5,18,female,1,1913.8339991000003,0,22
2316,-9999.0,-9999.0,-9999.0,-9999.0,-9999.0,-9999.0,-9999.0,-9999.0,-9999.0,orientation,color,size,0.3400000000000001,6.5,18,female,1,1913.8339991000003,0,22
2317,-9999.0,-9999.0,-9999.0,-9999.0,-9999.0,-9999.0,-9999.0,-9999.0,-9999.0,orientation,color,size,0.3400000000000001,6.5,18,female,1,1913.8339991000003,0,22
2318,-9999.0,-9999.0,-9999.0,-9999.0,-9999.0,-9999.0,-9999.0,-9999.0,-9999.0,orientation,color,size,0.3400000000000001,6.5,18,female,1,1913.8339991000003,0,22
2319,-9999.0,-9999.0,-9999.0,-9999.0,-9999.0,-9999.0,-9999.0,-9999.0,-9999.0,orientation,color,size,0.3400000000000001,6.5,18,female,1,1913.8339991000003,0,22
2320,-9999.0,-9999.0,-9999.0,-9999.0,-9999.0,-9999.0,-9999.0,-9999.0,-9999.0,orientation,color,size,0.3400000000000001,6.5,18,female,1,1913.8339991000003,0,22
2321,-9999.0,-9999.0,-9999.0,-9999.0,-9999.0,-9999.0,-9999.0,-9999.0,-9999.0,orientation,color,size,0.3400000000000001,6.5,18,female,1,1913.8339991000003,0,22
2322,-9999.0,-9999.0,-9999.0,-9999.0,-9999.0,-9999.0,-9999.0,-9999.0,-9999.0,orientation,color,size,0.3400000000000001,6.5,18,female,1,1913.8339991000003,0,22
2323,-9999.0,-9999.0,-9999.0,-9999.0,-9999.0,-9999.0,-9999.0,-9999.0,-9999.0,orientation,color,size,0.3400000000000001,6.5,18,female,1,1913.8339991000003,0,22
2324,-9999.0,-9999.0,-9999.0,-9999.0,-9999.0,-9999.0,-9999.0,-9999.0,-9999.0,orientation,color,size,0.3400000000000001,6.5,18,female,1,1913.8339991000003,0,22
2325,-9999.0,-9999.0,-9999.0,-9999.0,-9999.0,-9999.0,-9999.0,-9999.0,-9999.0,orientation,color,size,0.3400000000000001,6.5,18,female,1,1913.8339991000003,0,22
2326,-9999.0,-9999.0,-9999.0,-9999.0,-9999.0,-9999.0,-9999.0,-9999.0,-9999.0,orientation,color,size,0.3400000000000001,6.5,18,female,1,1913.8339991000003,0,22
2327,-9999.0,-9999.0,-9999.0,-9999.0,-9999.0,-9999.0,-9999.0,-9999.0,-9999.0,orientation,color,size,0.3400000000000001,6.5,18,female,1,1913.8339991000003,0,22
2328,-9999.0,-9999.0,-9999.0,-9999.0,-9999.0,-9999.0,-9999.0,-9999.0,-9999.0,orientation,color,size,0.3400000000000001,6.5,18,female,1,1913.8339991000003,0,22
2329,-9999.0,-9999.0,-9999.0,-9999.0,-9999.0,-9999.0,-9999.0,-9999.0,-9999.0,orientation,color,size,0.3400000000000001,6.5,18,female,1,1913.8339991000003,0,22
2330,-9999.0,-9999.0,-9999.0,-9999.0,-9999.0,-9999.0,-9999.0,-9999.0,-9999.0,orientation,color,size,0.3400000000000001,6.5,18,female,1,1913.8339991000003,0,22
2331,-9999.0,-9999.0,-9999.0,-9999.0,-9999.0,-9999.0,-9999.0,-9999.0,-9999.0,orientation,color,size,0.3400000000000001,6.5,18,female,1,1913.8339991000003,0,22
2332,-9999.0,-9999.0,-9999.0,-9999.0,-9999.0,-9999.0,-9999.0,-9999.0,-9999.0,orientation,color,size,0.3400000000000001,6.5,18,female,1,1913.8339991000003,0,22
2333,-9999.0,-9999.0,-9999.0,-9999.0,-9999.0,-9999.0,-9999.0,-9999.0,-9999.0,orientation,color,size,0.3400000000000001,6.5,18,female,1,1913.8339991000003,0,22
2334,-9999.0,-9999.0,-9999.0,-9999.0,-9999.0,-9999.0,-9999.0,-9999.0,-9999.0,orientation,color,size,0.3400000000000001,6.5,18,female,1,1913.8339991000003,0,22
2335,-9999.0,-9999.0,-9999.0,-9999.0,-9999.0,-9999.0,-9999.0,-9999.0,-9999.0,orientation,color,size,0.3400000000000001,6.5,18,female,1,1913.8339991000003,0,22
2336,-9999.0,-9999.0,-9999.0,-9999.0,-9999.0,-9999.0,-9999.0,-9999.0,-9999.0,orientation,color,size,0.3400000000000001,6.5,18,female,1,1913.8339991000003,0,22
2337,-9999.0,-9999.0,-9999.0,-9999.0,-9999.0,-9999.0,-9999.0,-9999.0,-9999.0,orientation,color,size,0.3400000000000001,6.5,18,female,1,1913.8339991000003,0,22
2338,-9999.0,-9999.0,-9999.0,-9999.0,-9999.0,-9999.0,-9999.0,-9999.0,-9999.0,orientation,color,size,0.3400000000000001,6.5,18,female,1,1913.8339991000003,0,22
2339,-9999.0,-9999.0,-9999.0,-9999.0,-9999.0,-9999.0,-9999.0,-9999.0,-9999.0,orientation,color,size,0.3400000000000001,6.5,18,female,1,1913.8339991000003,0,22
2340,-9999.0,-9999.0,-9999.0,-9999.0,-9999.0,-9999.0,-9999.0,-9999.0,-9999.0,orientation,color,size,0.3400000000000001,6.5,18,female,1,1913.8339991000003,0,22
2341,-9999.0,-9999.0,-9999.0,-9999.0,-9999.0,-9999.0,-9999.0,-9999.0,-9999.0,orientation,color,size,0.3400000000000001,6.5,18,female,1,1913.8339991000003,0,22
2342,-9999.0,-9999.0,-9999.0,-9999.0,-9999.0,-9999.0,-9999.0,-9999.0,-9999.0,orientation,color,size,0.3400000000000001,6.5,18,female,1,1913.8339991000003,0,22
2343,-9999.0,-9999.0,-9999.0,-9999.0,-9999.0,-9999.0,-9999.0,-9999.0,-9999.0,orientation,color,size,0.3400000000000001,6.5,18,female,1,1913.8339991000003,0,22
2344,-9999.0,-9999.0,-9999.0,-9999.0,-9999.0,-9999.0,-9999.0,-9999.0,-9999.0,orientation,color,size,0.3400000000000001,6.5,18,female,1,1913.8339991000003,0,22
2345,-9999.0,-9999.0,-9999.0,-9999.0,-9999.0,-9999.0,-9999.0,-9999.0,-9999.0,orientation,color,size,0.3400000000000001,6.5,18,female,1,1913.8339991000003,0,22
2346,-9999.0,-9999.0,-9999.0,-9999.0,-9999.0,-9999.0,-9999.0,-9999.0,-9999.0,orientation,color,size,0.3400000000000001,6.5,18,female,1,1913.8339991000003,0,22
2347,-9999.0,-9999.0,-9999.0,-9999.0,-9999.0,-9999.0,-9999.0,-9999.0,-9999.0,orientation,color,size,0.3400000000000001,6.5,18,female,1,1913.8339991000003,0,22
2348,-9999.0,-9999.0,-9999.0,-9999.0,-9999.0,-9999.0,-9999.0,-9999.0,-9999.0,orientation,color,size,0.3400000000000001,6.5,18,female,1,1913.8339991000003,0,22
2349,-9999.0,-9999.0,-9999.0,-9999.0,-9999.0,-9999.0,-9999.0,-9999.0,-9999.0,orientation,color,size,0.3400000000000001,6.5,18,female,1,1913.8339991000003,0,22
2350,-9999.0,-9999.0,-9999.0,-9999.0,-9999.0,-9999.0,-9999.0,-9999.0,-9999.0,orientation,color,size,0.3400000000000001,6.5,18,female,1,1913.8339991000003,0,22
2351,-9999.0,-9999.0,-9999.0,-9999.0,-9999.0,-9999.0,-9999.0,-9999.0,-9999.0,orientation,color,size,0.3400000000000001,6.5,18,female,1,1913.8339991000003,0,22
2352,-9999.0,-9999.0,-9999.0,-9999.0,-9999.0,-9999.0,-9999.0,-9999.0,-9999.0,orientation,color,size,0.3400000000000001,6.5,18,female,1,1913.8339991000003,0,22
2353,-9999.0,-9999.0,-9999.0,-9999.0,-9999.0,-9999.0,-9999.0,-9999.0,-9999.0,orientation,color,size,0.3400000000000001,6.5,18,female,1,1913.8339991000003,0,22
2354,-9999.0,-9999.0,-9999.0,-9999.0,-9999.0,-9999.0,-9999.0,-9999.0,-9999.0,orientation,color,size,0.3400000000000001,6.5,18,female,1,1913.8339991000003,0,22
2355,-9999.0,-9999.0,-9999.0,-9999.0,-9999.0,-9999.0,-9999.0,-9999.0,-9999.0,orientation,color,size,0.3400000000000001,6.5,18,female,1,1913.8339991000003,0,22
2356,-9999.0,-9999.0,-9999.0,-9999.0,-9999.0,-9999.0,-9999.0,-9999.0,-9999.0,orientation,color,size,0.3400000000000001,6.5,18,female,1,1913.8339991000003,0,22
2357,-9999.0,-9999.0,-9999.0,-9999.0,-9999.0,-9999.0,-9999.0,-9999.0,-9999.0,orientation,color,size,0.3400000000000001,6.5,18,female,1,1913.8339991000003,0,22
2358,-9999.0,-9999.0,-9999.0,-9999.0,-9999.0,-9999.0,-9999.0,-9999.0,-9999.0,orientation,color,size,0.3400000000000001,6.5,18,female,1,1913.8339991000003,0,22
2359,-9999.0,-9999.0,-9999.0,-9999.0,-9999.0,-9999.0,-9999.0,-9999.0,-9999.0,orientation,color,size,0.3400000000000001,6.5,18,female,1,1913.8339991000003,0,22
2360,-9999.0,-9999.0,-9999.0,-9999.0,-9999.0,-9999.0,-9999.0,-9999.0,-9999.0,orientation,color,size,0.3400000000000001,6.5,18,female,1,1913.8339991000003,0,22
2361,-9999.0,-9999.0,-9999.0,-9999.0,-9999.0,-9999.0,-9999.0,-9999.0,-9999.0,orientation,color,size,0.3400000000000001,6.5,18,female,1,1913.8339991000003,0,22
2362,-9999.0,-9999.0,-9999.0,-9999.0,-9999.0,-9999.0,-9999.0,-9999.0,-9999.0,orientation,color,size,0.3400000000000001,6.5,18,female,1,1913.8339991000003,0,22
2363,-9999.0,-9999.0,-9999.0,-9999.0,-9999.0,-9999.0,-9999.0,-9999.0,-9999.0,orientation,color,size,0.3400000000000001,6.5,18,female,1,1913.8339991000003,0,22
2364,-9999.0,-9999.0,-9999.0,-9999.0,-9999.0,-9999.0,-9999.0,-9999.0,-9999.0,orientation,color,size,0.3400000000000001,6.5,18,female,1,1913.8339991000003,0,22
2365,-9999.0,-9999.0,-9999.0,-9999.0,-9999.0,-9999.0,-9999.0,-9999.0,-9999.0,orientation,color,size,0.3400000000000001,6.5,18,female,1,1913.8339991000003,0,22
2366,-9999.0,-9999.0,-9999.0,-9999.0,-9999.0,-9999.0,-9999.0,-9999.0,-9999.0,orientation,color,size,0.3400000000000001,6.5,18,female,1,1913.8339991000003,0,22
2367,-9999.0,-9999.0,-9999.0,-9999.0,-9999.0,-9999.0,-9999.0,-9999.0,-9999.0,orientation,color,size,0.3400000000000001,6.5,18,female,1,1913.8339991000003,0,22
2368,-9999.0,-9999.0,-9999.0,-9999.0,-9999.0,-9999.0,-9999.0,-9999.0,-9999.0,orientation,color,size,0.3400000000000001,6.5,18,female,1,1913.8339991000003,0,22
2369,-9999.0,-9999.0,-9999.0,-9999.0,-9999.0,-9999.0,-9999.0,-9999.0,-9999.0,orientation,color,size,0.3400000000000001,6.5,18,female,1,1913.8339991000003,0,22
2370,-9999.0,-9999.0,-9999.0,-9999.0,-9999.0,-9999.0,-9999.0,-9999.0,-9999.0,orientation,color,size,0.3400000000000001,6.5,18,female,1,1913.8339991000003,0,22
2371,-9999.0,-9999.0,-9999.0,-9999.0,-9999.0,-9999.0,-9999.0,-9999.0,-9999.0,orientation,color,size,0.3400000000000001,6.5,18,female,1,1913.8339991000003,0,22
2372,-9999.0,-9999.0,-9999.0,-9999.0,-9999.0,-9999.0,-9999.0,-9999.0,-9999.0,orientation,color,size,0.3400000000000001,6.5,18,female,1,1913.8339991000003,0,22
2373,-9999.0,-9999.0,-9999.0,-9999.0,-9999.0,-9999.0,-9999.0,-9999.0,-9999.0,orientation,color,size,0.3400000000000001,6.5,18,female,1,1913.8339991000003,0,22
2374,-9999.0,-9999.0,-9999.0,-9999.0,-9999.0,-9999.0,-9999.0,-9999.0,-9999.0,orientation,color,size,0.3400000000000001,6.5,18,female,1,1913.8339991000003,0,22
2375,-9999.0,-9999.0,-9999.0,-9999.0,-9999.0,-9999.0,-9999.0,-9999.0,-9999.0,orientation,color,size,0.3400000000000001,6.5,18,female,1,1913.8339991000003,0,22
2376,-9999.0,-9999.0,-9999.0,-9999.0,-9999.0,-9999.0,-9999.0,-9999.0,-9999.0,orientation,color,size,0.3400000000000001,6.5,18,female,1,1913.8339991000003,0,22
2377,-9999.0,-9999.0,-9999.0,-9999.0,-9999.0,-9999.0,-9999.0,-9999.0,-9999.0,orientation,color,size,0.3400000000000001,6.5,18,female,1,1913.8339991000003,0,22
2378,-9999.0,-9999.0,-9999.0,-9999.0,-9999.0,-9999.0,-9999.0,-9999.0,-9999.0,orientation,color,size,0.3400000000000001,6.5,18,female,1,1913.8339991000003,0,22
2379,-9999.0,-9999.0,-9999.0,-9999.0,-9999.0,-9999.0,-9999.0,-9999.0,-9999.0,orientation,color,size,0.3400000000000001,6.5,18,female,1,1913.8339991000003,0,22
2380,-9999.0,-9999.0,-9999.0,-9999.0,-9999.0,-9999.0,-9999.0,-9999.0,-9999.0,orientation,color,size,0.3400000000000001,6.5,18,female,1,1913.8339991000003,0,22
2381,-9999.0,-9999.0,-9999.0,-9999.0,-9999.0,-9999.0,-9999.0,-9999.0,-9999.0,orientation,color,size,0.3400000000000001,6.5,18,female,1,1913.8339991000003,0,22
2382,-9999.0,-9999.0,-9999.0,-9999.0,-9999.0,-9999.0,-9999.0,-9999.0,-9999.0,orientation,color,size,0.3400000000000001,6.5,18,female,1,1913.8339991000003,0,22
2383,-9999.0,-9999.0,-9999.0,-9999.0,-9999.0,-9999.0,-9999.0,-9999.0,-9999.0,orientation,color,size,0.3400000000000001,6.5,18,female,1,1913.8339991000003,0,22
2384,-9999.0,-9999.0,-9999.0,-9999.0,-9999.0,-9999.0,-9999.0,-9999.0,-9999.0,orientation,color,size,0.3400000000000001,6.5,18,female,1,1913.8339991000003,0,22
2385,-9999.0,-9999.0,-9999.0,-9999.0,-9999.0,-9999.0,-9999.0,-9999.0,-9999.0,orientation,color,size,0.3400000000000001,6.5,18,female,1,1913.8339991000003,0,22
2386,-9999.0,-9999.0,-9999.0,-9999.0,-9999.0,-9999.0,-9999.0,-9999.0,-9999.0,orientation,color,size,0.3400000000000001,6.5,18,female,1,1913.8339991000003,0,22
2387,-9999.0,-9999.0,-9999.0,-9999.0,-9999.0,-9999.0,-9999.0,-9999.0,-9999.0,orientation,color,size,0.3400000000000001,6.5,18,female,1,1913.8339991000003,0,22
2388,-9999.0,-9999.0,-9999.0,-9999.0,-9999.0,-9999.0,-9999.0,-9999.0,-9999.0,orientation,color,size,0.3400000000000001,6.5,18,female,1,1913.8339991000003,0,22
2389,-9999.0,-9999.0,-9999.0,-9999.0,-9999.0,-9999.0,-9999.0,-9999.0,-9999.0,orientation,color,size,0.3400000000000001,6.5,18,female,1,1913.8339991000003,0,22
2390,-9999.0,-9999.0,-9999.0,-9999.0,-9999.0,-9999.0,-9999.0,-9999.0,-9999.0,orientation,color,size,0.3400000000000001,6.5,18,female,1,1913.8339991000003,0,22
2391,-9999.0,-9999.0,-9999.0,-9999.0,-9999.0,-9999.0,-9999.0,-9999.0,-9999.0,orientation,color,size,0.3400000000000001,6.5,18,female,1,1913.8339991000003,0,22
2392,-9999.0,-9999.0,-9999.0,-9999.0,-9999.0,-9999.0,-9999.0,-9999.0,-9999.0,orientation,color,size,0.3400000000000001,6.5,18,female,1,1913.8339991000003,0,22
2393,-9999.0,-9999.0,-9999.0,-9999.0,-9999.0,-9999.0,-9999.0,-9999.0,-9999.0,orientation,color,size,0.3400000000000001,6.5,18,female,1,1913.8339991000003,0,22
2394,-9999.0,-9999.0,-9999.0,-9999.0,-9999.0,-9999.0,-9999.0,-9999.0,-9999.0,orientation,color,size,0.3400000000000001,6.5,18,female,1,1913.8339991000003,0,22
2395,-9999.0,-9999.0,-9999.0,-9999.0,-9999.0,-9999.0,-9999.0,-9999.0,-9999.0,orientation,color,size,0.3400000000000001,6.5,18,female,1,1913.8339991000003,0,22
2396,-9999.0,-9999.0,-9999.0,-9999.0,-9999.0,-9999.0,-9999.0,-9999.0,-9999.0,orientation,color,size,0.3400000000000001,6.5,18,female,1,1913.8339991000003,0,22
2397,-9999.0,-9999.0,-9999.0,-9999.0,-9999.0,-9999.0,-9999.0,-9999.0,-9999.0,orientation,color,size,0.3400000000000001,6.5,18,female,1,1913.8339991000003,0,22
2398,-9999.0,-9999.0,-9999.0,-9999.0,-9999.0,-9999.0,-9999.0,-9999.0,-9999.0,orientation,color,size,0.3400000000000001,6.5,18,female,1,1913.8339991000003,0,22
2399,-9999.0,-9999.0,-9999.0,-9999.0,-9999.0,-9999.0,-9999.0,-9999.0,-9999.0,orientation,color,size,0.3400000000000001,6.5,18,female,1,1913.8339991000003,0,22
2400,-9999.0,-9999.0,-9999.0,-9999.0,-9999.0,-9999.0,-9999.0,-9999.0,-9999.0,orientation,color,size,0.3400000000000001,6.5,18,female,1,1913.8339991000003,0,22
2401,-9999.0,-9999.0,-9999.0,-9999.0,-9999.0,-9999.0,-9999.0,-9999.0,-9999.0,orientation,color,size,0.3400000000000001,6.5,18,female,1,1913.8339991000003,0,22
2402,-9999.0,-9999.0,-9999.0,-9999.0,-9999.0,-9999.0,-9999.0,-9999.0,-9999.0,orientation,color,size,0.3400000000000001,6.5,18,female,1,1913.8339991000003,0,22
2403,-9999.0,-9999.0,-9999.0,-9999.0,-9999.0,-9999.0,-9999.0,-9999.0,-9999.0,orientation,color,size,0.3400000000000001,6.5,18,female,1,1913.8339991000003,0,22
2404,-9999.0,-9999.0,-9999.0,-9999.0,-9999.0,-9999.0,-9999.0,-9999.0,-9999.0,orientation,color,size,0.3400000000000001,6.5,18,female,1,1913.8339991000003,0,22
2405,-9999.0,-9999.0,-9999.0,-9999.0,-9999.0,-9999.0,-9999.0,-9999.0,-9999.0,orientation,color,size,0.3400000000000001,6.5,18,female,1,1913.8339991000003,0,22
2406,-9999.0,-9999.0,-9999.0,-9999.0,-9999.0,-9999.0,-9999.0,-9999.0,-9999.0,orientation,color,size,0.3400000000000001,6.5,18,female,1,1913.8339991000003,0,22
2407,-9999.0,-9999.0,-9999.0,-9999.0,-9999.0,-9999.0,-9999.0,-9999.0,-9999.0,orientation,color,size,0.3400000000000001,6.5,18,female,1,1913.8339991000003,0,22
2408,-9999.0,-9999.0,-9999.0,-9999.0,-9999.0,-9999.0,-9999.0,-9999.0,-9999.0,orientation,color,size,0.3400000000000001,6.5,18,female,1,1913.8339991000003,0,22
2409,-9999.0,-9999.0,-9999.0,-9999.0,-9999.0,-9999.0,-9999.0,-9999.0,-9999.0,orientation,color,size,0.3400000000000001,6.5,18,female,1,1913.8339991000003,0,22
2410,-9999.0,-9999.0,-9999.0,-9999.0,-9999.0,-9999.0,-9999.0,-9999.0,-9999.0,orientation,color,size,0.3400000000000001,6.5,18,female,1,1913.8339991000003,0,22
2411,-9999.0,-9999.0,-9999.0,-9999.0,-9999.0,-9999.0,-9999.0,-9999.0,-9999.0,orientation,color,size,0.3400000000000001,6.5,18,female,1,1913.8339991000003,0,22
2412,-9999.0,-9999.0,-9999.0,-9999.0,-9999.0,-9999.0,-9999.0,-9999.0,-9999.0,orientation,color,size,0.3400000000000001,6.5,18,female,1,1913.8339991000003,0,22
2413,-9999.0,-9999.0,-9999.0,-9999.0,-9999.0,-9999.0,-9999.0,-9999.0,-9999.0,orientation,color,size,0.3400000000000001,6.5,18,female,1,1913.8339991000003,0,22
2414,-9999.0,-9999.0,-9999.0,-9999.0,-9999.0,-9999.0,-9999.0,-9999.0,-9999.0,orientation,color,size,0.3400000000000001,6.5,18,female,1,1913.8339991000003,0,22
2415,-9999.0,-9999.0,-9999.0,-9999.0,-9999.0,-9999.0,-9999.0,-9999.0,-9999.0,orientation,color,size,0.3400000000000001,6.5,18,female,1,1913.8339991000003,0,22
2416,-9999.0,-9999.0,-9999.0,-9999.0,-9999.0,-9999.0,-9999.0,-9999.0,-9999.0,orientation,color,size,0.3400000000000001,6.5,18,female,1,1913.8339991000003,0,22
2417,-9999.0,-9999.0,-9999.0,-9999.0,-9999.0,-9999.0,-9999.0,-9999.0,-9999.0,orientation,color,size,0.3400000000000001,6.5,18,female,1,1913.8339991000003,0,22
2418,-9999.0,-9999.0,-9999.0,-9999.0,-9999.0,-9999.0,-9999.0,-9999.0,-9999.0,orientation,color,size,0.3400000000000001,6.5,18,female,1,1913.8339991000003,0,22
2419,-9999.0,-9999.0,-9999.0,-9999.0,-9999.0,-9999.0,-9999.0,-9999.0,-9999.0,orientation,color,size,0.3400000000000001,6.5,18,female,1,1913.8339991000003,0,22
2420,-9999.0,-9999.0,-9999.0,-9999.0,-9999.0,-9999.0,-9999.0,-9999.0,-9999.0,orientation,color,size,0.3400000000000001,6.5,18,female,1,1913.8339991000003,0,22
2421,-9999.0,-9999.0,-9999.0,-9999.0,-9999.0,-9999.0,-9999.0,-9999.0,-9999.0,orientation,color,size,0.3400000000000001,6.5,18,female,1,1913.8339991000003,0,22
2422,-9999.0,-9999.0,-9999.0,-9999.0,-9999.0,-9999.0,-9999.0,-9999.0,-9999.0,orientation,color,size,0.3400000000000001,6.5,18,female,1,1913.8339991000003,0,22
2423,-9999.0,-9999.0,-9999.0,-9999.0,-9999.0,-9999.0,-9999.0,-9999.0,-9999.0,orientation,color,size,0.3400000000000001,6.5,18,female,1,1913.8339991000003,0,22
2424,-9999.0,-9999.0,-9999.0,-9999.0,-9999.0,-9999.0,-9999.0,-9999.0,-9999.0,orientation,color,size,0.3400000000000001,6.5,18,female,1,1913.8339991000003,0,22
2425,-9999.0,-9999.0,-9999.0,-9999.0,-9999.0,-9999.0,-9999.0,-9999.0,-9999.0,orientation,color,size,0.3400000000000001,6.5,18,female,1,1913.8339991000003,0,22
2426,-9999.0,-9999.0,-9999.0,-9999.0,-9999.0,-9999.0,-9999.0,-9999.0,-9999.0,orientation,color,size,0.3400000000000001,6.5,18,female,1,1913.8339991000003,0,22
2427,-9999.0,-9999.0,-9999.0,-9999.0,-9999.0,-9999.0,-9999.0,-9999.0,-9999.0,orientation,color,size,0.3400000000000001,6.5,18,female,1,1913.8339991000003,0,22
2428,-9999.0,-9999.0,-9999.0,-9999.0,-9999.0,-9999.0,-9999.0,-9999.0,-9999.0,orientation,color,size,0.3400000000000001,6.5,18,female,1,1913.8339991000003,0,22
2429,-9999.0,-9999.0,-9999.0,-9999.0,-9999.0,-9999.0,-9999.0,-9999.0,-9999.0,orientation,color,size,0.3400000000000001,6.5,18,female,1,1913.8339991000003,0,22
2430,-9999.0,-9999.0,-9999.0,-9999.0,-9999.0,-9999.0,-9999.0,-9999.0,-9999.0,orientation,color,size,0.3400000000000001,6.5,18,female,1,1913.8339991000003,0,22
2431,-9999.0,-9999.0,-9999.0,-9999.0,-9999.0,-9999.0,-9999.0,-9999.0,-9999.0,orientation,color,size,0.3400000000000001,6.5,18,female,1,1913.8339991000003,0,22
2432,-9999.0,-9999.0,-9999.0,-9999.0,-9999.0,-9999.0,-9999.0,-9999.0,-9999.0,orientation,color,size,0.3400000000000001,6.5,18,female,1,1913.8339991000003,0,22
2433,-9999.0,-9999.0,-9999.0,-9999.0,-9999.0,-9999.0,-9999.0,-9999.0,-9999.0,orientation,color,size,0.3400000000000001,6.5,18,female,1,1913.8339991000003,0,22
2434,-9999.0,-9999.0,-9999.0,-9999.0,-9999.0,-9999.0,-9999.0,-9999.0,-9999.0,orientation,color,size,0.3400000000000001,6.5,18,female,1,1913.8339991000003,0,22
2435,-9999.0,-9999.0,-9999.0,-9999.0,-9999.0,-9999.0,-9999.0,-9999.0,-9999.0,orientation,color,size,0.3400000000000001,6.5,18,female,1,1913.8339991000003,0,22
2436,-9999.0,-9999.0,-9999.0,-9999.0,-9999.0,-9999.0,-9999.0,-9999.0,-9999.0,orientation,color,size,0.3400000000000001,6.5,18,female,1,1913.8339991000003,0,22
2437,-9999.0,-9999.0,-9999.0,-9999.0,-9999.0,-9999.0,-9999.0,-9999.0,-9999.0,orientation,color,size,0.3400000000000001,6.5,18,female,1,1913.8339991000003,0,22
2438,-9999.0,-9999.0,-9999.0,-9999.0,-9999.0,-9999.0,-9999.0,-9999.0,-9999.0,orientation,color,size,0.3400000000000001,6.5,18,female,1,1913.8339991000003,0,22
2439,-9999.0,-9999.0,-9999.0,-9999.0,-9999.0,-9999.0,-9999.0,-9999.0,-9999.0,orientation,color,size,0.3400000000000001,6.5,18,female,1,1913.8339991000003,0,22
2440,-9999.0,-9999.0,-9999.0,-9999.0,-9999.0,-9999.0,-9999.0,-9999.0,-9999.0,orientation,color,size,0.3400000000000001,6.5,18,female,1,1913.8339991000003,0,22
2441,-9999.0,-9999.0,-9999.0,-9999.0,-9999.0,-9999.0,-9999.0,-9999.0,-9999.0,orientation,color,size,0.3400000000000001,6.5,18,female,1,1913.8339991000003,0,22
2442,-9999.0,-9999.0,-9999.0,-9999.0,-9999.0,-9999.0,-9999.0,-9999.0,-9999.0,orientation,color,size,0.3400000000000001,6.5,18,female,1,1913.8339991000003,0,22
2443,-9999.0,-9999.0,-9999.0,-9999.0,-9999.0,-9999.0,-9999.0,-9999.0,-9999.0,orientation,color,size,0.3400000000000001,6.5,18,female,1,1913.8339991000003,0,22
2444,-9999.0,-9999.0,-9999.0,-9999.0,-9999.0,-9999.0,-9999.0,-9999.0,-9999.0,orientation,color,size,0.3400000000000001,6.5,18,female,1,1913.8339991000003,0,22
2445,-9999.0,-9999.0,-9999.0,-9999.0,-9999.0,-9999.0,-9999.0,-9999.0,-9999.0,orientation,color,size,0.3400000000000001,6.5,18,female,1,1913.8339991000003,0,22
2446,-9999.0,-9999.0,-9999.0,-9999.0,-9999.0,-9999.0,-9999.0,-9999.0,-9999.0,orientation,color,size,0.3400000000000001,6.5,18,female,1,1913.8339991000003,0,22
2447,-9999.0,-9999.0,-9999.0,-9999.0,-9999.0,-9999.0,-9999.0,-9999.0,-9999.0,orientation,color,size,0.3400000000000001,6.5,18,female,1,1913.8339991000003,0,22
2448,-9999.0,-9999.0,-9999.0,-9999.0,-9999.0,-9999.0,-9999.0,-9999.0,-9999.0,orientation,color,size,0.3400000000000001,6.5,18,female,1,1913.8339991000003,0,22
2449,-9999.0,-9999.0,-9999.0,-9999.0,-9999.0,-9999.0,-9999.0,-9999.0,-9999.0,orientation,color,size,0.3400000000000001,6.5,18,female,1,1913.8339991000003,0,22
2450,-9999.0,-9999.0,-9999.0,-9999.0,-9999.0,-9999.0,-9999.0,-9999.0,-9999.0,orientation,color,size,0.3400000000000001,6.5,18,female,1,1913.8339991000003,0,22
2451,-9999.0,-9999.0,-9999.0,-9999.0,-9999.0,-9999.0,-9999.0,-9999.0,-9999.0,orientation,color,size,0.3400000000000001,6.5,18,female,1,1913.8339991000003,0,22
2452,-9999.0,-9999.0,-9999.0,-9999.0,-9999.0,-9999.0,-9999.0,-9999.0,-9999.0,orientation,color,size,0.3400000000000001,6.5,18,female,1,1913.8339991000003,0,22
2453,-9999.0,-9999.0,-9999.0,-9999.0,-9999.0,-9999.0,-9999.0,-9999.0,-9999.0,orientation,color,size,0.3400000000000001,6.5,18,female,1,1913.8339991000003,0,22
2454,-9999.0,-9999.0,-9999.0,-9999.0,-9999.0,-9999.0,-9999.0,-9999.0,-9999.0,orientation,color,size,0.3400000000000001,6.5,18,female,1,1913.8339991000003,0,22
2455,-9999.0,-9999.0,-9999.0,-9999.0,-9999.0,-9999.0,-9999.0,-9999.0,-9999.0,orientation,color,size,0.3400000000000001,6.5,18,female,1,1913.8339991000003,0,22
2456,-9999.0,-9999.0,-9999.0,-9999.0,-9999.0,-9999.0,-9999.0,-9999.0,-9999.0,orientation,color,size,0.3400000000000001,6.5,18,female,1,1913.8339991000003,0,22
2457,-9999.0,-9999.0,-9999.0,-9999.0,-9999.0,-9999.0,-9999.0,-9999.0,-9999.0,orientation,color,size,0.3400000000000001,6.5,18,female,1,1913.8339991000003,0,22
2458,-9999.0,-9999.0,-9999.0,-9999.0,-9999.0,-9999.0,-9999.0,-9999.0,-9999.0,orientation,color,size,0.3400000000000001,6.5,18,female,1,1913.8339991000003,0,22
2459,-9999.0,-9999.0,-9999.0,-9999.0,-9999.0,-9999.0,-9999.0,-9999.0,-9999.0,orientation,color,size,0.3400000000000001,6.5,18,female,1,1913.8339991000003,0,22
2460,-9999.0,-9999.0,-9999.0,-9999.0,-9999.0,-9999.0,-9999.0,-9999.0,-9999.0,orientation,color,size,0.3400000000000001,6.5,18,female,1,1913.8339991000003,0,22
2461,-9999.0,-9999.0,-9999.0,-9999.0,-9999.0,-9999.0,-9999.0,-9999.0,-9999.0,orientation,color,size,0.3400000000000001,6.5,18,female,1,1913.8339991000003,0,22
2462,-9999.0,-9999.0,-9999.0,-9999.0,-9999.0,-9999.0,-9999.0,-9999.0,-9999.0,orientation,color,size,0.3400000000000001,6.5,18,female,1,1913.8339991000003,0,22
2463,-9999.0,-9999.0,-9999.0,-9999.0,-9999.0,-9999.0,-9999.0,-9999.0,-9999.0,orientation,color,size,0.3400000000000001,6.5,18,female,1,1913.8339991000003,0,22
2464,-9999.0,-9999.0,-9999.0,-9999.0,-9999.0,-9999.0,-9999.0,-9999.0,-9999.0,orientation,color,size,0.3400000000000001,6.5,18,female,1,1913.8339991000003,0,22
2465,-9999.0,-9999.0,-9999.0,-9999.0,-9999.0,-9999.0,-9999.0,-9999.0,-9999.0,orientation,color,size,0.3400000000000001,6.5,18,female,1,1913.8339991000003,0,22
2466,-9999.0,-9999.0,-9999.0,-9999.0,-9999.0,-9999.0,-9999.0,-9999.0,-9999.0,orientation,color,size,0.3400000000000001,6.5,18,female,1,1913.8339991000003,0,22
2467,-9999.0,-9999.0,-9999.0,-9999.0,-9999.0,-9999.0,-9999.0,-9999.0,-9999.0,orientation,color,size,0.3400000000000001,6.5,18,female,1,1913.8339991000003,0,22
2468,-9999.0,-9999.0,-9999.0,-9999.0,-9999.0,-9999.0,-9999.0,-9999.0,-9999.0,orientation,color,size,0.3400000000000001,6.5,18,female,1,1913.8339991000003,0,22
2469,-9999.0,-9999.0,-9999.0,-9999.0,-9999.0,-9999.0,-9999.0,-9999.0,-9999.0,orientation,color,size,0.3400000000000001,6.5,18,female,1,1913.8339991000003,0,22
2470,-9999.0,-9999.0,-9999.0,-9999.0,-9999.0,-9999.0,-9999.0,-9999.0,-9999.0,orientation,color,size,0.3400000000000001,6.5,18,female,1,1913.8339991000003,0,22
2471,-9999.0,-9999.0,-9999.0,-9999.0,-9999.0,-9999.0,-9999.0,-9999.0,-9999.0,orientation,color,size,0.3400000000000001,6.5,18,female,1,1913.8339991000003,0,22
2472,-9999.0,-9999.0,-9999.0,-9999.0,-9999.0,-9999.0,-9999.0,-9999.0,-9999.0,orientation,color,size,0.3400000000000001,6.5,18,female,1,1913.8339991000003,0,22
2473,-9999.0,-9999.0,-9999.0,-9999.0,-9999.0,-9999.0,-9999.0,-9999.0,-9999.0,orientation,color,size,0.3400000000000001,6.5,18,female,1,1913.8339991000003,0,22
2474,-9999.0,-9999.0,-9999.0,-9999.0,-9999.0,-9999.0,-9999.0,-9999.0,-9999.0,orientation,color,size,0.3400000000000001,6.5,18,female,1,1913.8339991000003,0,22
2475,-9999.0,-9999.0,-9999.0,-9999.0,-9999.0,-9999.0,-9999.0,-9999.0,-9999.0,orientation,color,size,0.3400000000000001,6.5,18,female,1,1913.8339991000003,0,22
2476,-9999.0,-9999.0,-9999.0,-9999.0,-9999.0,-9999.0,-9999.0,-9999.0,-9999.0,orientation,color,size,0.3400000000000001,6.5,18,female,1,1913.8339991000003,0,22
2477,-9999.0,-9999.0,-9999.0,-9999.0,-9999.0,-9999.0,-9999.0,-9999.0,-9999.0,orientation,color,size,0.3400000000000001,6.5,18,female,1,1913.8339991000003,0,22
2478,-9999.0,-9999.0,-9999.0,-9999.0,-9999.0,-9999.0,-9999.0,-9999.0,-9999.0,orientation,color,size,0.3400000000000001,6.5,18,female,1,1913.8339991000003,0,22
2479,-9999.0,-9999.0,-9999.0,-9999.0,-9999.0,-9999.0,-9999.0,-9999.0,-9999.0,orientation,color,size,0.3400000000000001,6.5,18,female,1,1913.8339991000003,0,22
2480,-9999.0,-9999.0,-9999.0,-9999.0,-9999.0,-9999.0,-9999.0,-9999.0,-9999.0,orientation,color,size,0.3400000000000001,6.5,18,female,1,1913.8339991000003,0,22
2481,-9999.0,-9999.0,-9999.0,-9999.0,-9999.0,-9999.0,-9999.0,-9999.0,-9999.0,orientation,color,size,0.3400000000000001,6.5,18,female,1,1913.8339991000003,0,22
2482,-9999.0,-9999.0,-9999.0,-9999.0,-9999.0,-9999.0,-9999.0,-9999.0,-9999.0,orientation,color,size,0.3400000000000001,6.5,18,female,1,1913.8339991000003,0,22
2483,-9999.0,-9999.0,-9999.0,-9999.0,-9999.0,-9999.0,-9999.0,-9999.0,-9999.0,orientation,color,size,0.3400000000000001,6.5,18,female,1,1913.8339991000003,0,22
2484,-9999.0,-9999.0,-9999.0,-9999.0,-9999.0,-9999.0,-9999.0,-9999.0,-9999.0,orientation,color,size,0.3400000000000001,6.5,18,female,1,1913.8339991000003,0,22
2485,-9999.0,-9999.0,-9999.0,-9999.0,-9999.0,-9999.0,-9999.0,-9999.0,-9999.0,orientation,color,size,0.3400000000000001,6.5,18,female,1,1913.8339991000003,0,22
2486,-9999.0,-9999.0,-9999.0,-9999.0,-9999.0,-9999.0,-9999.0,-9999.0,-9999.0,orientation,color,size,0.3400000000000001,6.5,18,female,1,1913.8339991000003,0,22
2487,-9999.0,-9999.0,-9999.0,-9999.0,-9999.0,-9999.0,-9999.0,-9999.0,-9999.0,orientation,color,size,0.3400000000000001,6.5,18,female,1,1913.8339991000003,0,22
2488,-9999.0,-9999.0,-9999.0,-9999.0,-9999.0,-9999.0,-9999.0,-9999.0,-9999.0,orientation,color,size,0.3400000000000001,6.5,18,female,1,1913.8339991000003,0,22
2489,-9999.0,-9999.0,-9999.0,-9999.0,-9999.0,-9999.0,-9999.0,-9999.0,-9999.0,orientation,color,size,0.3400000000000001,6.5,18,female,1,1913.8339991000003,0,22
2490,-9999.0,-9999.0,-9999.0,-9999.0,-9999.0,-9999.0,-9999.0,-9999.0,-9999.0,orientation,color,size,0.3400000000000001,6.5,18,female,1,1913.8339991000003,0,22
2491,-9999.0,-9999.0,-9999.0,-9999.0,-9999.0,-9999.0,-9999.0,-9999.0,-9999.0,orientation,color,size,0.3400000000000001,6.5,18,female,1,1913.8339991000003,0,22
2492,-9999.0,-9999.0,-9999.0,-9999.0,-9999.0,-9999.0,-9999.0,-9999.0,-9999.0,orientation,color,size,0.3400000000000001,6.5,18,female,1,1913.8339991000003,0,22
2493,-9999.0,-9999.0,-9999.0,-9999.0,-9999.0,-9999.0,-9999.0,-9999.0,-9999.0,orientation,color,size,0.3400000000000001,6.5,18,female,1,1913.8339991000003,0,22
2494,-9999.0,-9999.0,-9999.0,-9999.0,-9999.0,-9999.0,-9999.0,-9999.0,-9999.0,orientation,color,size,0.3400000000000001,6.5,18,female,1,1913.8339991000003,0,22
2495,-9999.0,-9999.0,-9999.0,-9999.0,-9999.0,-9999.0,-9999.0,-9999.0,-9999.0,orientation,color,size,0.3400000000000001,6.5,18,female,1,1913.8339991000003,0,22
2496,-9999.0,-9999.0,-9999.0,-9999.0,-9999.0,-9999.0,-9999.0,-9999.0,-9999.0,orientation,color,size,0.3400000000000001,6.5,18,female,1,1913.8339991000003,0,22
2497,-9999.0,-9999.0,-9999.0,-9999.0,-9999.0,-9999.0,-9999.0,-9999.0,-9999.0,orientation,color,size,0.3400000000000001,6.5,18,female,1,1913.8339991000003,0,22
2498,-9999.0,-9999.0,-9999.0,-9999.0,-9999.0,-9999.0,-9999.0,-9999.0,-9999.0,orientation,color,size,0.3400000000000001,6.5,18,female,1,1913.8339991000003,0,22
2499,-9999.0,-9999.0,-9999.0,-9999.0,-9999.0,-9999.0,-9999.0,-9999.0,-9999.0,orientation,color,size,0.3400000000000001,6.5,18,female,1,1913.8339991000003,0,22
2500,-9999.0,-9999.0,-9999.0,-9999.0,-9999.0,-9999.0,-9999.0,-9999.0,-9999.0,orientation,color,size,0.3400000000000001,6.5,18,female,1,1913.8339991000003,0,22
2501,-9999.0,-9999.0,-9999.0,-9999.0,-9999.0,-9999.0,-9999.0,-9999.0,-9999.0,orientation,color,size,0.3400000000000001,6.5,18,female,1,1913.8339991000003,0,22
2502,-9999.0,-9999.0,-9999.0,-9999.0,-9999.0,-9999.0,-9999.0,-9999.0,-9999.0,orientation,color,size,0.3400000000000001,6.5,18,female,1,1913.8339991000003,0,22
2503,-9999.0,-9999.0,-9999.0,-9999.0,-9999.0,-9999.0,-9999.0,-9999.0,-9999.0,orientation,color,size,0.3400000000000001,6.5,18,female,1,1913.8339991000003,0,22
2504,-9999.0,-9999.0,-9999.0,-9999.0,-9999.0,-9999.0,-9999.0,-9999.0,-9999.0,orientation,color,size,0.3400000000000001,6.5,18,female,1,1913.8339991000003,0,22
2505,-9999.0,-9999.0,-9999.0,-9999.0,-9999.0,-9999.0,-9999.0,-9999.0,-9999.0,orientation,color,size,0.3400000000000001,6.5,18,female,1,1913.8339991000003,0,22
2506,-9999.0,-9999.0,-9999.0,-9999.0,-9999.0,-9999.0,-9999.0,-9999.0,-9999.0,orientation,color,size,0.3400000000000001,6.5,18,female,1,1913.8339991000003,0,22
2507,-9999.0,-9999.0,-9999.0,-9999.0,-9999.0,-9999.0,-9999.0,-9999.0,-9999.0,orientation,color,size,0.3400000000000001,6.5,18,female,1,1913.8339991000003,0,22
2508,-9999.0,-9999.0,-9999.0,-9999.0,-9999.0,-9999.0,-9999.0,-9999.0,-9999.0,orientation,color,size,0.3400000000000001,6.5,18,female,1,1913.8339991000003,0,22
2509,-9999.0,-9999.0,-9999.0,-9999.0,-9999.0,-9999.0,-9999.0,-9999.0,-9999.0,orientation,color,size,0.3400000000000001,6.5,18,female,1,1913.8339991000003,0,22
2510,-9999.0,-9999.0,-9999.0,-9999.0,-9999.0,-9999.0,-9999.0,-9999.0,-9999.0,orientation,color,size,0.3400000000000001,6.5,18,female,1,1913.8339991000003,0,22
2511,-9999.0,-9999.0,-9999.0,-9999.0,-9999.0,-9999.0,-9999.0,-9999.0,-9999.0,orientation,color,size,0.3400000000000001,6.5,18,female,1,1913.8339991000003,0,22
2512,-9999.0,-9999.0,-9999.0,-9999.0,-9999.0,-9999.0,-9999.0,-9999.0,-9999.0,orientation,color,size,0.3400000000000001,6.5,18,female,1,1913.8339991000003,0,22
2513,-9999.0,-9999.0,-9999.0,-9999.0,-9999.0,-9999.0,-9999.0,-9999.0,-9999.0,orientation,color,size,0.3400000000000001,6.5,18,female,1,1913.8339991000003,0,22
2514,-9999.0,-9999.0,-9999.0,-9999.0,-9999.0,-9999.0,-9999.0,-9999.0,-9999.0,orientation,color,size,0.3400000000000001,6.5,18,female,1,1913.8339991000003,0,22
2515,-9999.0,-9999.0,-9999.0,-9999.0,-9999.0,-9999.0,-9999.0,-9999.0,-9999.0,orientation,color,size,0.3400000000000001,6.5,18,female,1,1913.8339991000003,0,22
2516,-9999.0,-9999.0,-9999.0,-9999.0,-9999.0,-9999.0,-9999.0,-9999.0,-9999.0,orientation,color,size,0.3400000000000001,6.5,18,female,1,1913.8339991000003,0,22
2517,-9999.0,-9999.0,-9999.0,-9999.0,-9999.0,-9999.0,-9999.0,-9999.0,-9999.0,orientation,color,size,0.3400000000000001,6.5,18,female,1,1913.8339991000003,0,22
2518,-9999.0,-9999.0,-9999.0,-9999.0,-9999.0,-9999.0,-9999.0,-9999.0,-9999.0,orientation,color,size,0.3400000000000001,6.5,18,female,1,1913.8339991000003,0,22
2519,-9999.0,-9999.0,-9999.0,-9999.0,-9999.0,-9999.0,-9999.0,-9999.0,-9999.0,orientation,color,size,0.3400000000000001,6.5,18,female,1,1913.8339991000003,0,22
2520,-9999.0,-9999.0,-9999.0,-9999.0,-9999.0,-9999.0,-9999.0,-9999.0,-9999.0,orientation,color,size,0.3400000000000001,6.5,18,female,1,1913.8339991000003,0,22
2521,-9999.0,-9999.0,-9999.0,-9999.0,-9999.0,-9999.0,-9999.0,-9999.0,-9999.0,orientation,color,size,0.3400000000000001,6.5,18,female,1,1913.8339991000003,0,22
2522,-9999.0,-9999.0,-9999.0,-9999.0,-9999.0,-9999.0,-9999.0,-9999.0,-9999.0,orientation,color,size,0.3400000000000001,6.5,18,female,1,1913.8339991000003,0,22
2523,-9999.0,-9999.0,-9999.0,-9999.0,-9999.0,-9999.0,-9999.0,-9999.0,-9999.0,orientation,color,size,0.3400000000000001,6.5,18,female,1,1913.8339991000003,0,22
2524,-9999.0,-9999.0,-9999.0,-9999.0,-9999.0,-9999.0,-9999.0,-9999.0,-9999.0,orientation,color,size,0.3400000000000001,6.5,18,female,1,1913.8339991000003,0,22
2525,-9999.0,-9999.0,-9999.0,-9999.0,-9999.0,-9999.0,-9999.0,-9999.0,-9999.0,orientation,color,size,0.3400000000000001,6.5,18,female,1,1913.8339991000003,0,22
2526,-9999.0,-9999.0,-9999.0,-9999.0,-9999.0,-9999.0,-9999.0,-9999.0,-9999.0,orientation,color,size,0.3400000000000001,6.5,18,female,1,1913.8339991000003,0,22
2527,-9999.0,-9999.0,-9999.0,-9999.0,-9999.0,-9999.0,-9999.0,-9999.0,-9999.0,orientation,color,size,0.3400000000000001,6.5,18,female,1,1913.8339991000003,0,22
2528,-9999.0,-9999.0,-9999.0,-9999.0,-9999.0,-9999.0,-9999.0,-9999.0,-9999.0,orientation,color,size,0.3400000000000001,6.5,18,female,1,1913.8339991000003,0,22
2529,-9999.0,-9999.0,-9999.0,-9999.0,-9999.0,-9999.0,-9999.0,-9999.0,-9999.0,orientation,color,size,0.3400000000000001,6.5,18,female,1,1913.8339991000003,0,22
2530,-9999.0,-9999.0,-9999.0,-9999.0,-9999.0,-9999.0,-9999.0,-9999.0,-9999.0,orientation,color,size,0.3400000000000001,6.5,18,female,1,1913.8339991000003,0,22
2531,-9999.0,-9999.0,-9999.0,-9999.0,-9999.0,-9999.0,-9999.0,-9999.0,-9999.0,orientation,color,size,0.3400000000000001,6.5,18,female,1,1913.8339991000003,0,22
2532,-9999.0,-9999.0,-9999.0,-9999.0,-9999.0,-9999.0,-9999.0,-9999.0,-9999.0,orientation,color,size,0.3400000000000001,6.5,18,female,1,1913.8339991000003,0,22
2533,-9999.0,-9999.0,-9999.0,-9999.0,-9999.0,-9999.0,-9999.0,-9999.0,-9999.0,orientation,color,size,0.3400000000000001,6.5,18,female,1,1913.8339991000003,0,22
2534,-9999.0,-9999.0,-9999.0,-9999.0,-9999.0,-9999.0,-9999.0,-9999.0,-9999.0,orientation,color,size,0.3400000000000001,6.5,18,female,1,1913.8339991000003,0,22
2535,-9999.0,-9999.0,-9999.0,-9999.0,-9999.0,-9999.0,-9999.0,-9999.0,-9999.0,orientation,color,size,0.3400000000000001,6.5,18,female,1,1913.8339991000003,0,22
2536,-9999.0,-9999.0,-9999.0,-9999.0,-9999.0,-9999.0,-9999.0,-9999.0,-9999.0,orientation,color,size,0.3400000000000001,6.5,18,female,1,1913.8339991000003,0,22
2537,-9999.0,-9999.0,-9999.0,-9999.0,-9999.0,-9999.0,-9999.0,-9999.0,-9999.0,orientation,color,size,0.3400000000000001,6.5,18,female,1,1913.8339991000003,0,22
2538,-9999.0,-9999.0,-9999.0,-9999.0,-9999.0,-9999.0,-9999.0,-9999.0,-9999.0,orientation,color,size,0.3400000000000001,6.5,18,female,1,1913.8339991000003,0,22
2539,-9999.0,-9999.0,-9999.0,-9999.0,-9999.0,-9999.0,-9999.0,-9999.0,-9999.0,orientation,color,size,0.3400000000000001,6.5,18,female,1,1913.8339991000003,0,22
2540,-9999.0,-9999.0,-9999.0,-9999.0,-9999.0,-9999.0,-9999.0,-9999.0,-9999.0,orientation,color,size,0.3400000000000001,6.5,18,female,1,1913.8339991000003,0,22
2541,-9999.0,-9999.0,-9999.0,-9999.0,-9999.0,-9999.0,-9999.0,-9999.0,-9999.0,orientation,color,size,0.3400000000000001,6.5,18,female,1,1913.8339991000003,0,22
2542,-9999.0,-9999.0,-9999.0,-9999.0,-9999.0,-9999.0,-9999.0,-9999.0,-9999.0,orientation,color,size,0.3400000000000001,6.5,18,female,1,1913.8339991000003,0,22
2543,-9999.0,-9999.0,-9999.0,-9999.0,-9999.0,-9999.0,-9999.0,-9999.0,-9999.0,orientation,color,size,0.3400000000000001,6.5,18,female,1,1913.8339991000003,0,22
2544,-9999.0,-9999.0,-9999.0,-9999.0,-9999.0,-9999.0,-9999.0,-9999.0,-9999.0,orientation,color,size,0.3400000000000001,6.5,18,female,1,1913.8339991000003,0,22
2545,-9999.0,-9999.0,-9999.0,-9999.0,-9999.0,-9999.0,-9999.0,-9999.0,-9999.0,orientation,color,size,0.3400000000000001,6.5,18,female,1,1913.8339991000003,0,22
2546,-9999.0,-9999.0,-9999.0,-9999.0,-9999.0,-9999.0,-9999.0,-9999.0,-9999.0,orientation,color,size,0.3400000000000001,6.5,18,female,1,1913.8339991000003,0,22
2547,-9999.0,-9999.0,-9999.0,-9999.0,-9999.0,-9999.0,-9999.0,-9999.0,-9999.0,orientation,color,size,0.3400000000000001,6.5,18,female,1,1913.8339991000003,0,22
2548,-9999.0,-9999.0,-9999.0,-9999.0,-9999.0,-9999.0,-9999.0,-9999.0,-9999.0,orientation,color,size,0.3400000000000001,6.5,18,female,1,1913.8339991000003,0,22
2549,-9999.0,-9999.0,-9999.0,-9999.0,-9999.0,-9999.0,-9999.0,-9999.0,-9999.0,orientation,color,size,0.3400000000000001,6.5,18,female,1,1913.8339991000003,0,22
2550,-9999.0,-9999.0,-9999.0,-9999.0,-9999.0,-9999.0,-9999.0,-9999.0,-9999.0,orientation,color,size,0.3400000000000001,6.5,18,female,1,1913.8339991000003,0,22
2551,-9999.0,-9999.0,-9999.0,-9999.0,-9999.0,-9999.0,-9999.0,-9999.0,-9999.0,orientation,color,size,0.3400000000000001,6.5,18,female,1,1913.8339991000003,0,22
2552,-9999.0,-9999.0,-9999.0,-9999.0,-9999.0,-9999.0,-9999.0,-9999.0,-9999.0,orientation,color,size,0.3400000000000001,6.5,18,female,1,1913.8339991000003,0,22
2553,-9999.0,-9999.0,-9999.0,-9999.0,-9999.0,-9999.0,-9999.0,-9999.0,-9999.0,orientation,color,size,0.3400000000000001,6.5,18,female,1,1913.8339991000003,0,22
2554,-9999.0,-9999.0,-9999.0,-9999.0,-9999.0,-9999.0,-9999.0,-9999.0,-9999.0,orientation,color,size,0.3400000000000001,6.5,18,female,1,1913.8339991000003,0,22
2555,-9999.0,-9999.0,-9999.0,-9999.0,-9999.0,-9999.0,-9999.0,-9999.0,-9999.0,orientation,color,size,0.3400000000000001,6.5,18,female,1,1913.8339991000003,0,22
2556,-9999.0,-9999.0,-9999.0,-9999.0,-9999.0,-9999.0,-9999.0,-9999.0,-9999.0,orientation,color,size,0.3400000000000001,6.5,18,female,1,1913.8339991000003,0,22
2557,-9999.0,-9999.0,-9999.0,-9999.0,-9999.0,-9999.0,-9999.0,-9999.0,-9999.0,orientation,color,size,0.3400000000000001,6.5,18,female,1,1913.8339991000003,0,22
2558,-9999.0,-9999.0,-9999.0,-9999.0,-9999.0,-9999.0,-9999.0,-9999.0,-9999.0,orientation,color,size,0.3400000000000001,6.5,18,female,1,1913.8339991000003,0,22
2559,-9999.0,-9999.0,-9999.0,-9999.0,-9999.0,-9999.0,-9999.0,-9999.0,-9999.0,orientation,color,size,0.3400000000000001,6.5,18,female,1,1913.8339991000003,0,22
2560,-9999.0,-9999.0,-9999.0,-9999.0,-9999.0,-9999.0,-9999.0,-9999.0,-9999.0,orientation,color,size,0.3400000000000001,6.5,18,female,1,1913.8339991000003,0,22
2561,-9999.0,-9999.0,-9999.0,-9999.0,-9999.0,-9999.0,-9999.0,-9999.0,-9999.0,orientation,color,size,0.3400000000000001,6.5,18,female,1,1913.8339991000003,0,22
2562,-9999.0,-9999.0,-9999.0,-9999.0,-9999.0,-9999.0,-9999.0,-9999.0,-9999.0,orientation,color,size,0.3400000000000001,6.5,18,female,1,1913.8339991000003,0,22
2563,-9999.0,-9999.0,-9999.0,-9999.0,-9999.0,-9999.0,-9999.0,-9999.0,-9999.0,orientation,color,size,0.3400000000000001,6.5,18,female,1,1913.8339991000003,0,22
2564,-9999.0,-9999.0,-9999.0,-9999.0,-9999.0,-9999.0,-9999.0,-9999.0,-9999.0,orientation,color,size,0.3400000000000001,6.5,18,female,1,1913.8339991000003,0,22
2565,-9999.0,-9999.0,-9999.0,-9999.0,-9999.0,-9999.0,-9999.0,-9999.0,-9999.0,orientation,color,size,0.3400000000000001,6.5,18,female,1,1913.8339991000003,0,22
2566,-9999.0,-9999.0,-9999.0,-9999.0,-9999.0,-9999.0,-9999.0,-9999.0,-9999.0,orientation,color,size,0.3400000000000001,6.5,18,female,1,1913.8339991000003,0,22
2567,-9999.0,-9999.0,-9999.0,-9999.0,-9999.0,-9999.0,-9999.0,-9999.0,-9999.0,orientation,color,size,0.3400000000000001,6.5,18,female,1,1913.8339991000003,0,22
2568,-9999.0,-9999.0,-9999.0,-9999.0,-9999.0,-9999.0,-9999.0,-9999.0,-9999.0,orientation,color,size,0.3400000000000001,6.5,18,female,1,1913.8339991000003,0,22
2569,-9999.0,-9999.0,-9999.0,-9999.0,-9999.0,-9999.0,-9999.0,-9999.0,-9999.0,orientation,color,size,0.3400000000000001,6.5,18,female,1,1913.8339991000003,0,22
2570,-9999.0,-9999.0,-9999.0,-9999.0,-9999.0,-9999.0,-9999.0,-9999.0,-9999.0,orientation,color,size,0.3400000000000001,6.5,18,female,1,1913.8339991000003,0,22
2571,-9999.0,-9999.0,-9999.0,-9999.0,-9999.0,-9999.0,-9999.0,-9999.0,-9999.0,orientation,color,size,0.3400000000000001,6.5,18,female,1,1913.8339991000003,0,22
2572,-9999.0,-9999.0,-9999.0,-9999.0,-9999.0,-9999.0,-9999.0,-9999.0,-9999.0,orientation,color,size,0.3400000000000001,6.5,18,female,1,1913.8339991000003,0,22
2573,-9999.0,-9999.0,-9999.0,-9999.0,-9999.0,-9999.0,-9999.0,-9999.0,-9999.0,orientation,color,size,0.3400000000000001,6.5,18,female,1,1913.8339991000003,0,22
2574,-9999.0,-9999.0,-9999.0,-9999.0,-9999.0,-9999.0,-9999.0,-9999.0,-9999.0,orientation,color,size,0.3400000000000001,6.5,18,female,1,1913.8339991000003,0,22
2575,-9999.0,-9999.0,-9999.0,-9999.0,-9999.0,-9999.0,-9999.0,-9999.0,-9999.0,orientation,color,size,0.3400000000000001,6.5,18,female,1,1913.8339991000003,0,22
2576,-9999.0,-9999.0,-9999.0,-9999.0,-9999.0,-9999.0,-9999.0,-9999.0,-9999.0,orientation,color,size,0.3400000000000001,6.5,18,female,1,1913.8339991000003,0,22
2577,-9999.0,-9999.0,-9999.0,-9999.0,-9999.0,-9999.0,-9999.0,-9999.0,-9999.0,orientation,color,size,0.3400000000000001,6.5,18,female,1,1913.8339991000003,0,22
2578,-9999.0,-9999.0,-9999.0,-9999.0,-9999.0,-9999.0,-9999.0,-9999.0,-9999.0,orientation,color,size,0.3400000000000001,6.5,18,female,1,1913.8339991000003,0,22
2579,-9999.0,-9999.0,-9999.0,-9999.0,-9999.0,-9999.0,-9999.0,-9999.0,-9999.0,orientation,color,size,0.3400000000000001,6.5,18,female,1,1913.8339991000003,0,22
2580,-9999.0,-9999.0,-9999.0,-9999.0,-9999.0,-9999.0,-9999.0,-9999.0,-9999.0,orientation,color,size,0.3400000000000001,6.5,18,female,1,1913.8339991000003,0,22
2581,-9999.0,-9999.0,-9999.0,-9999.0,-9999.0,-9999.0,-9999.0,-9999.0,-9999.0,orientation,color,size,0.3400000000000001,6.5,18,female,1,1913.8339991000003,0,22
2582,-9999.0,-9999.0,-9999.0,-9999.0,-9999.0,-9999.0,-9999.0,-9999.0,-9999.0,orientation,color,size,0.3400000000000001,6.5,18,female,1,1913.8339991000003,0,22
2583,-9999.0,-9999.0,-9999.0,-9999.0,-9999.0,-9999.0,-9999.0,-9999.0,-9999.0,orientation,color,size,0.3400000000000001,6.5,18,female,1,1913.8339991000003,0,22
2584,-9999.0,-9999.0,-9999.0,-9999.0,-9999.0,-9999.0,-9999.0,-9999.0,-9999.0,orientation,color,size,0.3400000000000001,6.5,18,female,1,1913.8339991000003,0,22
2585,-9999.0,-9999.0,-9999.0,-9999.0,-9999.0,-9999.0,-9999.0,-9999.0,-9999.0,orientation,color,size,0.3400000000000001,6.5,18,female,1,1913.8339991000003,0,22
2586,-9999.0,-9999.0,-9999.0,-9999.0,-9999.0,-9999.0,-9999.0,-9999.0,-9999.0,orientation,color,size,0.3400000000000001,6.5,18,female,1,1913.8339991000003,0,22
2587,-9999.0,-9999.0,-9999.0,-9999.0,-9999.0,-9999.0,-9999.0,-9999.0,-9999.0,orientation,color,size,0.3400000000000001,6.5,18,female,1,1913.8339991000003,0,22
2588,-9999.0,-9999.0,-9999.0,-9999.0,-9999.0,-9999.0,-9999.0,-9999.0,-9999.0,orientation,color,size,0.3400000000000001,6.5,18,female,1,1913.8339991000003,0,22
2589,-9999.0,-9999.0,-9999.0,-9999.0,-9999.0,-9999.0,-9999.0,-9999.0,-9999.0,orientation,color,size,0.3400000000000001,6.5,18,female,1,1913.8339991000003,0,22
2590,-9999.0,-9999.0,-9999.0,-9999.0,-9999.0,-9999.0,-9999.0,-9999.0,-9999.0,orientation,color,size,0.3400000000000001,6.5,18,female,1,1913.8339991000003,0,22
2591,-9999.0,-9999.0,-9999.0,-9999.0,-9999.0,-9999.0,-9999.0,-9999.0,-9999.0,orientation,color,size,0.3400000000000001,6.5,18,female,1,1913.8339991000003,0,22
2592,-9999.0,-9999.0,-9999.0,-9999.0,-9999.0,-9999.0,-9999.0,-9999.0,-9999.0,orientation,color,size,0.3400000000000001,6.5,18,female,1,1913.8339991000003,0,22
2593,-9999.0,-9999.0,-9999.0,-9999.0,-9999.0,-9999.0,-9999.0,-9999.0,-9999.0,orientation,color,size,0.3400000000000001,6.5,18,female,1,1913.8339991000003,0,22
2594,-9999.0,-9999.0,-9999.0,-9999.0,-9999.0,-9999.0,-9999.0,-9999.0,-9999.0,orientation,color,size,0.3400000000000001,6.5,18,female,1,1913.8339991000003,0,22
2595,-9999.0,-9999.0,-9999.0,-9999.0,-9999.0,-9999.0,-9999.0,-9999.0,-9999.0,orientation,color,size,0.3400000000000001,6.5,18,female,1,1913.8339991000003,0,22
2596,-9999.0,-9999.0,-9999.0,-9999.0,-9999.0,-9999.0,-9999.0,-9999.0,-9999.0,orientation,color,size,0.3400000000000001,6.5,18,female,1,1913.8339991000003,0,22
2597,-9999.0,-9999.0,-9999.0,-9999.0,-9999.0,-9999.0,-9999.0,-9999.0,-9999.0,orientation,color,size,0.3400000000000001,6.5,18,female,1,1913.8339991000003,0,22
2598,-9999.0,-9999.0,-9999.0,-9999.0,-9999.0,-9999.0,-9999.0,-9999.0,-9999.0,orientation,color,size,0.3400000000000001,6.5,18,female,1,1913.8339991000003,0,22
2599,-9999.0,-9999.0,-9999.0,-9999.0,-9999.0,-9999.0,-9999.0,-9999.0,-9999.0,orientation,color,size,0.3400000000000001,6.5,18,female,1,1913.8339991000003,0,22
2600,-9999.0,-9999.0,-9999.0,-9999.0,-9999.0,-9999.0,-9999.0,-9999.0,-9999.0,orientation,color,size,0.3400000000000001,6.5,18,female,1,1913.8339991000003,0,22
2601,-9999.0,-9999.0,-9999.0,-9999.0,-9999.0,-9999.0,-9999.0,-9999.0,-9999.0,orientation,color,size,0.3400000000000001,6.5,18,female,1,1913.8339991000003,0,22
2602,-9999.0,-9999.0,-9999.0,-9999.0,-9999.0,-9999.0,-9999.0,-9999.0,-9999.0,orientation,color,size,0.3400000000000001,6.5,18,female,1,1913.8339991000003,0,22
2603,-9999.0,-9999.0,-9999.0,-9999.0,-9999.0,-9999.0,-9999.0,-9999.0,-9999.0,orientation,color,size,0.3400000000000001,6.5,18,female,1,1913.8339991000003,0,22
2604,-9999.0,-9999.0,-9999.0,-9999.0,-9999.0,-9999.0,-9999.0,-9999.0,-9999.0,orientation,color,size,0.3400000000000001,6.5,18,female,1,1913.8339991000003,0,22
2605,-9999.0,-9999.0,-9999.0,-9999.0,-9999.0,-9999.0,-9999.0,-9999.0,-9999.0,orientation,color,size,0.3400000000000001,6.5,18,female,1,1913.8339991000003,0,22
2606,-9999.0,-9999.0,-9999.0,-9999.0,-9999.0,-9999.0,-9999.0,-9999.0,-9999.0,orientation,color,size,0.3400000000000001,6.5,18,female,1,1913.8339991000003,0,22
2607,-9999.0,-9999.0,-9999.0,-9999.0,-9999.0,-9999.0,-9999.0,-9999.0,-9999.0,orientation,color,size,0.3400000000000001,6.5,18,female,1,1913.8339991000003,0,22
2608,-9999.0,-9999.0,-9999.0,-9999.0,-9999.0,-9999.0,-9999.0,-9999.0,-9999.0,orientation,color,size,0.3400000000000001,6.5,18,female,1,1913.8339991000003,0,22
2609,-9999.0,-9999.0,-9999.0,-9999.0,-9999.0,-9999.0,-9999.0,-9999.0,-9999.0,orientation,color,size,0.3400000000000001,6.5,18,female,1,1913.8339991000003,0,22
2610,-9999.0,-9999.0,-9999.0,-9999.0,-9999.0,-9999.0,-9999.0,-9999.0,-9999.0,orientation,color,size,0.3400000000000001,6.5,18,female,1,1913.8339991000003,0,22
2611,-9999.0,-9999.0,-9999.0,-9999.0,-9999.0,-9999.0,-9999.0,-9999.0,-9999.0,orientation,color,size,0.3400000000000001,6.5,18,female,1,1913.8339991000003,0,22
2612,-9999.0,-9999.0,-9999.0,-9999.0,-9999.0,-9999.0,-9999.0,-9999.0,-9999.0,orientation,color,size,0.3400000000000001,6.5,18,female,1,1913.8339991000003,0,22
2613,-9999.0,-9999.0,-9999.0,-9999.0,-9999.0,-9999.0,-9999.0,-9999.0,-9999.0,orientation,color,size,0.3400000000000001,6.5,18,female,1,1913.8339991000003,0,22
2614,-9999.0,-9999.0,-9999.0,-9999.0,-9999.0,-9999.0,-9999.0,-9999.0,-9999.0,orientation,color,size,0.3400000000000001,6.5,18,female,1,1913.8339991000003,0,22
2615,-9999.0,-9999.0,-9999.0,-9999.0,-9999.0,-9999.0,-9999.0,-9999.0,-9999.0,orientation,color,size,0.3400000000000001,6.5,18,female,1,1913.8339991000003,0,22
2616,-9999.0,-9999.0,-9999.0,-9999.0,-9999.0,-9999.0,-9999.0,-9999.0,-9999.0,orientation,color,size,0.3400000000000001,6.5,18,female,1,1913.8339991000003,0,22
2617,-9999.0,-9999.0,-9999.0,-9999.0,-9999.0,-9999.0,-9999.0,-9999.0,-9999.0,orientation,color,size,0.3400000000000001,6.5,18,female,1,1913.8339991000003,0,22
2618,-9999.0,-9999.0,-9999.0,-9999.0,-9999.0,-9999.0,-9999.0,-9999.0,-9999.0,orientation,color,size,0.3400000000000001,6.5,18,female,1,1913.8339991000003,0,22
2619,-9999.0,-9999.0,-9999.0,-9999.0,-9999.0,-9999.0,-9999.0,-9999.0,-9999.0,orientation,color,size,0.3400000000000001,6.5,18,female,1,1913.8339991000003,0,22
2620,-9999.0,-9999.0,-9999.0,-9999.0,-9999.0,-9999.0,-9999.0,-9999.0,-9999.0,orientation,color,size,0.3400000000000001,6.5,18,female,1,1913.8339991000003,0,22
2621,-9999.0,-9999.0,-9999.0,-9999.0,-9999.0,-9999.0,-9999.0,-9999.0,-9999.0,orientation,color,size,0.3400000000000001,6.5,18,female,1,1913.8339991000003,0,22
2622,-9999.0,-9999.0,-9999.0,-9999.0,-9999.0,-9999.0,-9999.0,-9999.0,-9999.0,orientation,color,size,0.3400000000000001,6.5,18,female,1,1913.8339991000003,0,22
2623,-9999.0,-9999.0,-9999.0,-9999.0,-9999.0,-9999.0,-9999.0,-9999.0,-9999.0,orientation,color,size,0.3400000000000001,6.5,18,female,1,1913.8339991000003,0,22
2624,-9999.0,-9999.0,-9999.0,-9999.0,-9999.0,-9999.0,-9999.0,-9999.0,-9999.0,orientation,color,size,0.3400000000000001,6.5,18,female,1,1913.8339991000003,0,22
2625,-9999.0,-9999.0,-9999.0,-9999.0,-9999.0,-9999.0,-9999.0,-9999.0,-9999.0,orientation,color,size,0.3400000000000001,6.5,18,female,1,1913.8339991000003,0,22
2626,-9999.0,-9999.0,-9999.0,-9999.0,-9999.0,-9999.0,-9999.0,-9999.0,-9999.0,orientation,color,size,0.3400000000000001,6.5,18,female,1,1913.8339991000003,0,22
2627,-9999.0,-9999.0,-9999.0,-9999.0,-9999.0,-9999.0,-9999.0,-9999.0,-9999.0,orientation,color,size,0.3400000000000001,6.5,18,female,1,1913.8339991000003,0,22
2628,-9999.0,-9999.0,-9999.0,-9999.0,-9999.0,-9999.0,-9999.0,-9999.0,-9999.0,orientation,color,size,0.3400000000000001,6.5,18,female,1,1913.8339991000003,0,22
2629,-9999.0,-9999.0,-9999.0,-9999.0,-9999.0,-9999.0,-9999.0,-9999.0,-9999.0,orientation,color,size,0.3400000000000001,6.5,18,female,1,1913.8339991000003,0,22
2630,-9999.0,-9999.0,-9999.0,-9999.0,-9999.0,-9999.0,-9999.0,-9999.0,-9999.0,orientation,color,size,0.3400000000000001,6.5,18,female,1,1913.8339991000003,0,22
2631,-9999.0,-9999.0,-9999.0,-9999.0,-9999.0,-9999.0,-9999.0,-9999.0,-9999.0,orientation,color,size,0.3400000000000001,6.5,18,female,1,1913.8339991000003,0,22
2632,-9999.0,-9999.0,-9999.0,-9999.0,-9999.0,-9999.0,-9999.0,-9999.0,-9999.0,orientation,color,size,0.3400000000000001,6.5,18,female,1,1913.8339991000003,0,22
2633,-9999.0,-9999.0,-9999.0,-9999.0,-9999.0,-9999.0,-9999.0,-9999.0,-9999.0,orientation,color,size,0.3400000000000001,6.5,18,female,1,1913.8339991000003,0,22
2634,-9999.0,-9999.0,-9999.0,-9999.0,-9999.0,-9999.0,-9999.0,-9999.0,-9999.0,orientation,color,size,0.3400000000000001,6.5,18,female,1,1913.8339991000003,0,22
2635,-9999.0,-9999.0,-9999.0,-9999.0,-9999.0,-9999.0,-9999.0,-9999.0,-9999.0,orientation,color,size,0.3400000000000001,6.5,18,female,1,1913.8339991000003,0,22
2636,-9999.0,-9999.0,-9999.0,-9999.0,-9999.0,-9999.0,-9999.0,-9999.0,-9999.0,orientation,color,size,0.3400000000000001,6.5,18,female,1,1913.8339991000003,0,22
2637,-9999.0,-9999.0,-9999.0,-9999.0,-9999.0,-9999.0,-9999.0,-9999.0,-9999.0,orientation,color,size,0.3400000000000001,6.5,18,female,1,1913.8339991000003,0,22
2638,-9999.0,-9999.0,-9999.0,-9999.0,-9999.0,-9999.0,-9999.0,-9999.0,-9999.0,orientation,color,size,0.3400000000000001,6.5,18,female,1,1913.8339991000003,0,22
2639,-9999.0,-9999.0,-9999.0,-9999.0,-9999.0,-9999.0,-9999.0,-9999.0,-9999.0,orientation,color,size,0.3400000000000001,6.5,18,female,1,1913.8339991000003,0,22
2640,-9999.0,-9999.0,-9999.0,-9999.0,-9999.0,-9999.0,-9999.0,-9999.0,-9999.0,orientation,color,size,0.3400000000000001,6.5,18,female,1,1913.8339991000003,0,22
2641,-9999.0,-9999.0,-9999.0,-9999.0,-9999.0,-9999.0,-9999.0,-9999.0,-9999.0,orientation,color,size,0.3400000000000001,6.5,18,female,1,1913.8339991000003,0,22
2642,-9999.0,-9999.0,-9999.0,-9999.0,-9999.0,-9999.0,-9999.0,-9999.0,-9999.0,orientation,color,size,0.3400000000000001,6.5,18,female,1,1913.8339991000003,0,22
2643,-9999.0,-9999.0,-9999.0,-9999.0,-9999.0,-9999.0,-9999.0,-9999.0,-9999.0,orientation,color,size,0.3400000000000001,6.5,18,female,1,1913.8339991000003,0,22
2644,-9999.0,-9999.0,-9999.0,-9999.0,-9999.0,-9999.0,-9999.0,-9999.0,-9999.0,orientation,color,size,0.3400000000000001,6.5,18,female,1,1913.8339991000003,0,22
2645,-9999.0,-9999.0,-9999.0,-9999.0,-9999.0,-9999.0,-9999.0,-9999.0,-9999.0,orientation,color,size,0.3400000000000001,6.5,18,female,1,1913.8339991000003,0,22
2646,-9999.0,-9999.0,-9999.0,-9999.0,-9999.0,-9999.0,-9999.0,-9999.0,-9999.0,orientation,color,size,0.3400000000000001,6.5,18,female,1,1913.8339991000003,0,22
2647,-9999.0,-9999.0,-9999.0,-9999.0,-9999.0,-9999.0,-9999.0,-9999.0,-9999.0,orientation,color,size,0.3400000000000001,6.5,18,female,1,1913.8339991000003,0,22
2648,-9999.0,-9999.0,-9999.0,-9999.0,-9999.0,-9999.0,-9999.0,-9999.0,-9999.0,orientation,color,size,0.3400000000000001,6.5,18,female,1,1913.8339991000003,0,22
2649,-9999.0,-9999.0,-9999.0,-9999.0,-9999.0,-9999.0,-9999.0,-9999.0,-9999.0,orientation,color,size,0.3400000000000001,6.5,18,female,1,1913.8339991000003,0,22
2650,-9999.0,-9999.0,-9999.0,-9999.0,-9999.0,-9999.0,-9999.0,-9999.0,-9999.0,orientation,color,size,0.3400000000000001,6.5,18,female,1,1913.8339991000003,0,22
2651,-9999.0,-9999.0,-9999.0,-9999.0,-9999.0,-9999.0,-9999.0,-9999.0,-9999.0,orientation,color,size,0.3400000000000001,6.5,18,female,1,1913.8339991000003,0,22
2652,-9999.0,-9999.0,-9999.0,-9999.0,-9999.0,-9999.0,-9999.0,-9999.0,-9999.0,orientation,color,size,0.3400000000000001,6.5,18,female,1,1913.8339991000003,0,22
2653,-9999.0,-9999.0,-9999.0,-9999.0,-9999.0,-9999.0,-9999.0,-9999.0,-9999.0,orientation,color,size,0.3400000000000001,6.5,18,female,1,1913.8339991000003,0,22
2654,-9999.0,-9999.0,-9999.0,-9999.0,-9999.0,-9999.0,-9999.0,-9999.0,-9999.0,orientation,color,size,0.3400000000000001,6.5,18,female,1,1913.8339991000003,0,22
2655,-9999.0,-9999.0,-9999.0,-9999.0,-9999.0,-9999.0,-9999.0,-9999.0,-9999.0,orientation,color,size,0.3400000000000001,6.5,18,female,1,1913.8339991000003,0,22
2656,-9999.0,-9999.0,-9999.0,-9999.0,-9999.0,-9999.0,-9999.0,-9999.0,-9999.0,orientation,color,size,0.3400000000000001,6.5,18,female,1,1913.8339991000003,0,22
2657,-9999.0,-9999.0,-9999.0,-9999.0,-9999.0,-9999.0,-9999.0,-9999.0,-9999.0,orientation,color,size,0.3400000000000001,6.5,18,female,1,1913.8339991000003,0,22
2658,-9999.0,-9999.0,-9999.0,-9999.0,-9999.0,-9999.0,-9999.0,-9999.0,-9999.0,orientation,color,size,0.3400000000000001,6.5,18,female,1,1913.8339991000003,0,22
2659,-9999.0,-9999.0,-9999.0,-9999.0,-9999.0,-9999.0,-9999.0,-9999.0,-9999.0,orientation,color,size,0.3400000000000001,6.5,18,female,1,1913.8339991000003,0,22
2660,-9999.0,-9999.0,-9999.0,-9999.0,-9999.0,-9999.0,-9999.0,-9999.0,-9999.0,orientation,color,size,0.3400000000000001,6.5,18,female,1,1913.8339991000003,0,22
2661,-9999.0,-9999.0,-9999.0,-9999.0,-9999.0,-9999.0,-9999.0,-9999.0,-9999.0,orientation,color,size,0.3400000000000001,6.5,18,female,1,1913.8339991000003,0,22
2662,-9999.0,-9999.0,-9999.0,-9999.0,-9999.0,-9999.0,-9999.0,-9999.0,-9999.0,orientation,color,size,0.3400000000000001,6.5,18,female,1,1913.8339991000003,0,22
2663,-9999.0,-9999.0,-9999.0,-9999.0,-9999.0,-9999.0,-9999.0,-9999.0,-9999.0,orientation,color,size,0.3400000000000001,6.5,18,female,1,1913.8339991000003,0,22
2664,-9999.0,-9999.0,-9999.0,-9999.0,-9999.0,-9999.0,-9999.0,-9999.0,-9999.0,orientation,color,size,0.3400000000000001,6.5,18,female,1,1913.8339991000003,0,22
2665,-9999.0,-9999.0,-9999.0,-9999.0,-9999.0,-9999.0,-9999.0,-9999.0,-9999.0,orientation,color,size,0.3400000000000001,6.5,18,female,1,1913.8339991000003,0,22
2666,-9999.0,-9999.0,-9999.0,-9999.0,-9999.0,-9999.0,-9999.0,-9999.0,-9999.0,orientation,color,size,0.3400000000000001,6.5,18,female,1,1913.8339991000003,0,22
2667,-9999.0,-9999.0,-9999.0,-9999.0,-9999.0,-9999.0,-9999.0,-9999.0,-9999.0,orientation,color,size,0.3400000000000001,6.5,18,female,1,1913.8339991000003,0,22
2668,-9999.0,-9999.0,-9999.0,-9999.0,-9999.0,-9999.0,-9999.0,-9999.0,-9999.0,orientation,color,size,0.3400000000000001,6.5,18,female,1,1913.8339991000003,0,22
2669,-9999.0,-9999.0,-9999.0,-9999.0,-9999.0,-9999.0,-9999.0,-9999.0,-9999.0,orientation,color,size,0.3400000000000001,6.5,18,female,1,1913.8339991000003,0,22
2670,-9999.0,-9999.0,-9999.0,-9999.0,-9999.0,-9999.0,-9999.0,-9999.0,-9999.0,orientation,color,size,0.3400000000000001,6.5,18,female,1,1913.8339991000003,0,22
2671,-9999.0,-9999.0,-9999.0,-9999.0,-9999.0,-9999.0,-9999.0,-9999.0,-9999.0,orientation,color,size,0.3400000000000001,6.5,18,female,1,1913.8339991000003,0,22
2672,-9999.0,-9999.0,-9999.0,-9999.0,-9999.0,-9999.0,-9999.0,-9999.0,-9999.0,orientation,color,size,0.3400000000000001,6.5,18,female,1,1913.8339991000003,0,22
2673,-9999.0,-9999.0,-9999.0,-9999.0,-9999.0,-9999.0,-9999.0,-9999.0,-9999.0,orientation,color,size,0.3400000000000001,6.5,18,female,1,1913.8339991000003,0,22
2674,-9999.0,-9999.0,-9999.0,-9999.0,-9999.0,-9999.0,-9999.0,-9999.0,-9999.0,orientation,color,size,0.3400000000000001,6.5,18,female,1,1913.8339991000003,0,22
2675,-9999.0,-9999.0,-9999.0,-9999.0,-9999.0,-9999.0,-9999.0,-9999.0,-9999.0,orientation,color,size,0.3400000000000001,6.5,18,female,1,1913.8339991000003,0,22
2676,-9999.0,-9999.0,-9999.0,-9999.0,-9999.0,-9999.0,-9999.0,-9999.0,-9999.0,orientation,color,size,0.3400000000000001,6.5,18,female,1,1913.8339991000003,0,22
2677,-9999.0,-9999.0,-9999.0,-9999.0,-9999.0,-9999.0,-9999.0,-9999.0,-9999.0,orientation,color,size,0.3400000000000001,6.5,18,female,1,1913.8339991000003,0,22
2678,-9999.0,-9999.0,-9999.0,-9999.0,-9999.0,-9999.0,-9999.0,-9999.0,-9999.0,orientation,color,size,0.3400000000000001,6.5,18,female,1,1913.8339991000003,0,22
2679,-9999.0,-9999.0,-9999.0,-9999.0,-9999.0,-9999.0,-9999.0,-9999.0,-9999.0,orientation,color,size,0.3400000000000001,6.5,18,female,1,1913.8339991000003,0,22
2680,-9999.0,-9999.0,-9999.0,-9999.0,-9999.0,-9999.0,-9999.0,-9999.0,-9999.0,orientation,color,size,0.3400000000000001,6.5,18,female,1,1913.8339991000003,0,22
2681,-9999.0,-9999.0,-9999.0,-9999.0,-9999.0,-9999.0,-9999.0,-9999.0,-9999.0,orientation,color,size,0.3400000000000001,6.5,18,female,1,1913.8339991000003,0,22
2682,-9999.0,-9999.0,-9999.0,-9999.0,-9999.0,-9999.0,-9999.0,-9999.0,-9999.0,orientation,color,size,0.3400000000000001,6.5,18,female,1,1913.8339991000003,0,22
2683,-9999.0,-9999.0,-9999.0,-9999.0,-9999.0,-9999.0,-9999.0,-9999.0,-9999.0,orientation,color,size,0.3400000000000001,6.5,18,female,1,1913.8339991000003,0,22
2684,-9999.0,-9999.0,-9999.0,-9999.0,-9999.0,-9999.0,-9999.0,-9999.0,-9999.0,orientation,color,size,0.3400000000000001,6.5,18,female,1,1913.8339991000003,0,22
2685,-9999.0,-9999.0,-9999.0,-9999.0,-9999.0,-9999.0,-9999.0,-9999.0,-9999.0,orientation,color,size,0.3400000000000001,6.5,18,female,1,1913.8339991000003,0,22
2686,-9999.0,-9999.0,-9999.0,-9999.0,-9999.0,-9999.0,-9999.0,-9999.0,-9999.0,orientation,color,size,0.3400000000000001,6.5,18,female,1,1913.8339991000003,0,22
2687,-9999.0,-9999.0,-9999.0,-9999.0,-9999.0,-9999.0,-9999.0,-9999.0,-9999.0,orientation,color,size,0.3400000000000001,6.5,18,female,1,1913.8339991000003,0,22
2688,-9999.0,-9999.0,-9999.0,-9999.0,-9999.0,-9999.0,-9999.0,-9999.0,-9999.0,orientation,color,size,0.3400000000000001,6.5,18,female,1,1913.8339991000003,0,22
2689,-9999.0,-9999.0,-9999.0,-9999.0,-9999.0,-9999.0,-9999.0,-9999.0,-9999.0,orientation,color,size,0.3400000000000001,6.5,18,female,1,1913.8339991000003,0,22
2690,-9999.0,-9999.0,-9999.0,-9999.0,-9999.0,-9999.0,-9999.0,-9999.0,-9999.0,orientation,color,size,0.3400000000000001,6.5,18,female,1,1913.8339991000003,0,22
2691,-9999.0,-9999.0,-9999.0,-9999.0,-9999.0,-9999.0,-9999.0,-9999.0,-9999.0,orientation,color,size,0.3400000000000001,6.5,18,female,1,1913.8339991000003,0,22
2692,-9999.0,-9999.0,-9999.0,-9999.0,-9999.0,-9999.0,-9999.0,-9999.0,-9999.0,orientation,color,size,0.3400000000000001,6.5,18,female,1,1913.8339991000003,0,22
2693,-9999.0,-9999.0,-9999.0,-9999.0,-9999.0,-9999.0,-9999.0,-9999.0,-9999.0,orientation,color,size,0.3400000000000001,6.5,18,female,1,1913.8339991000003,0,22
2694,-9999.0,-9999.0,-9999.0,-9999.0,-9999.0,-9999.0,-9999.0,-9999.0,-9999.0,orientation,color,size,0.3400000000000001,6.5,18,female,1,1913.8339991000003,0,22
2695,-9999.0,-9999.0,-9999.0,-9999.0,-9999.0,-9999.0,-9999.0,-9999.0,-9999.0,orientation,color,size,0.3400000000000001,6.5,18,female,1,1913.8339991000003,0,22
2696,-9999.0,-9999.0,-9999.0,-9999.0,-9999.0,-9999.0,-9999.0,-9999.0,-9999.0,orientation,color,size,0.3400000000000001,6.5,18,female,1,1913.8339991000003,0,22
2697,-9999.0,-9999.0,-9999.0,-9999.0,-9999.0,-9999.0,-9999.0,-9999.0,-9999.0,orientation,color,size,0.3400000000000001,6.5,18,female,1,1913.8339991000003,0,22
2698,-9999.0,-9999.0,-9999.0,-9999.0,-9999.0,-9999.0,-9999.0,-9999.0,-9999.0,orientation,color,size,0.3400000000000001,6.5,18,female,1,1913.8339991000003,0,22
2699,-9999.0,-9999.0,-9999.0,-9999.0,-9999.0,-9999.0,-9999.0,-9999.0,-9999.0,orientation,color,size,0.3400000000000001,6.5,18,female,1,1913.8339991000003,0,22
2700,-9999.0,-9999.0,-9999.0,-9999.0,-9999.0,-9999.0,-9999.0,-9999.0,-9999.0,orientation,color,size,0.3400000000000001,6.5,18,female,1,1913.8339991000003,0,22
2701,-9999.0,-9999.0,-9999.0,-9999.0,-9999.0,-9999.0,-9999.0,-9999.0,-9999.0,orientation,color,size,0.3400000000000001,6.5,18,female,1,1913.8339991000003,0,22
2702,-9999.0,-9999.0,-9999.0,-9999.0,-9999.0,-9999.0,-9999.0,-9999.0,-9999.0,orientation,color,size,0.3400000000000001,6.5,18,female,1,1913.8339991000003,0,22
2703,-9999.0,-9999.0,-9999.0,-9999.0,-9999.0,-9999.0,-9999.0,-9999.0,-9999.0,orientation,color,size,0.3400000000000001,6.5,18,female,1,1913.8339991000003,0,22
2704,-9999.0,-9999.0,-9999.0,-9999.0,-9999.0,-9999.0,-9999.0,-9999.0,-9999.0,orientation,color,size,0.3400000000000001,6.5,18,female,1,1913.8339991000003,0,22
2705,-9999.0,-9999.0,-9999.0,-9999.0,-9999.0,-9999.0,-9999.0,-9999.0,-9999.0,orientation,color,size,0.3400000000000001,6.5,18,female,1,1913.8339991000003,0,22
2706,-9999.0,-9999.0,-9999.0,-9999.0,-9999.0,-9999.0,-9999.0,-9999.0,-9999.0,orientation,color,size,0.3400000000000001,6.5,18,female,1,1913.8339991000003,0,22
2707,-9999.0,-9999.0,-9999.0,-9999.0,-9999.0,-9999.0,-9999.0,-9999.0,-9999.0,orientation,color,size,0.3400000000000001,6.5,18,female,1,1913.8339991000003,0,22
2708,-9999.0,-9999.0,-9999.0,-9999.0,-9999.0,-9999.0,-9999.0,-9999.0,-9999.0,orientation,color,size,0.3400000000000001,6.5,18,female,1,1913.8339991000003,0,22
2709,-9999.0,-9999.0,-9999.0,-9999.0,-9999.0,-9999.0,-9999.0,-9999.0,-9999.0,orientation,color,size,0.3400000000000001,6.5,18,female,1,1913.8339991000003,0,22
2710,-9999.0,-9999.0,-9999.0,-9999.0,-9999.0,-9999.0,-9999.0,-9999.0,-9999.0,orientation,color,size,0.3400000000000001,6.5,18,female,1,1913.8339991000003,0,22
2711,-9999.0,-9999.0,-9999.0,-9999.0,-9999.0,-9999.0,-9999.0,-9999.0,-9999.0,orientation,color,size,0.3400000000000001,6.5,18,female,1,1913.8339991000003,0,22
2712,-9999.0,-9999.0,-9999.0,-9999.0,-9999.0,-9999.0,-9999.0,-9999.0,-9999.0,orientation,color,size,0.3400000000000001,6.5,18,female,1,1913.8339991000003,0,22
2713,-9999.0,-9999.0,-9999.0,-9999.0,-9999.0,-9999.0,-9999.0,-9999.0,-9999.0,orientation,color,size,0.3400000000000001,6.5,18,female,1,1913.8339991000003,0,22
2714,-9999.0,-9999.0,-9999.0,-9999.0,-9999.0,-9999.0,-9999.0,-9999.0,-9999.0,orientation,color,size,0.3400000000000001,6.5,18,female,1,1913.8339991000003,0,22
2715,-9999.0,-9999.0,-9999.0,-9999.0,-9999.0,-9999.0,-9999.0,-9999.0,-9999.0,orientation,color,size,0.3400000000000001,6.5,18,female,1,1913.8339991000003,0,22
2716,-9999.0,-9999.0,-9999.0,-9999.0,-9999.0,-9999.0,-9999.0,-9999.0,-9999.0,orientation,color,size,0.3400000000000001,6.5,18,female,1,1913.8339991000003,0,22
2717,-9999.0,-9999.0,-9999.0,-9999.0,-9999.0,-9999.0,-9999.0,-9999.0,-9999.0,orientation,color,size,0.3400000000000001,6.5,18,female,1,1913.8339991000003,0,22
2718,-9999.0,-9999.0,-9999.0,-9999.0,-9999.0,-9999.0,-9999.0,-9999.0,-9999.0,orientation,color,size,0.3400000000000001,6.5,18,female,1,1913.8339991000003,0,22
2719,-9999.0,-9999.0,-9999.0,-9999.0,-9999.0,-9999.0,-9999.0,-9999.0,-9999.0,orientation,color,size,0.3400000000000001,6.5,18,female,1,1913.8339991000003,0,22
2720,-9999.0,-9999.0,-9999.0,-9999.0,-9999.0,-9999.0,-9999.0,-9999.0,-9999.0,orientation,color,size,0.3400000000000001,6.5,18,female,1,1913.8339991000003,0,22
2721,-9999.0,-9999.0,-9999.0,-9999.0,-9999.0,-9999.0,-9999.0,-9999.0,-9999.0,orientation,color,size,0.3400000000000001,6.5,18,female,1,1913.8339991000003,0,22
2722,-9999.0,-9999.0,-9999.0,-9999.0,-9999.0,-9999.0,-9999.0,-9999.0,-9999.0,orientation,color,size,0.3400000000000001,6.5,18,female,1,1913.8339991000003,0,22
2723,-9999.0,-9999.0,-9999.0,-9999.0,-9999.0,-9999.0,-9999.0,-9999.0,-9999.0,orientation,color,size,0.3400000000000001,6.5,18,female,1,1913.8339991000003,0,22
2724,-9999.0,-9999.0,-9999.0,-9999.0,-9999.0,-9999.0,-9999.0,-9999.0,-9999.0,orientation,color,size,0.3400000000000001,6.5,18,female,1,1913.8339991000003,0,22
2725,-9999.0,-9999.0,-9999.0,-9999.0,-9999.0,-9999.0,-9999.0,-9999.0,-9999.0,orientation,color,size,0.3400000000000001,6.5,18,female,1,1913.8339991000003,0,22
2726,-9999.0,-9999.0,-9999.0,-9999.0,-9999.0,-9999.0,-9999.0,-9999.0,-9999.0,orientation,color,size,0.3400000000000001,6.5,18,female,1,1913.8339991000003,0,22
2727,-9999.0,-9999.0,-9999.0,-9999.0,-9999.0,-9999.0,-9999.0,-9999.0,-9999.0,orientation,color,size,0.3400000000000001,6.5,18,female,1,1913.8339991000003,0,22
2728,-9999.0,-9999.0,-9999.0,-9999.0,-9999.0,-9999.0,-9999.0,-9999.0,-9999.0,orientation,color,size,0.3400000000000001,6.5,18,female,1,1913.8339991000003,0,22
2729,-9999.0,-9999.0,-9999.0,-9999.0,-9999.0,-9999.0,-9999.0,-9999.0,-9999.0,orientation,color,size,0.3400000000000001,6.5,18,female,1,1913.8339991000003,0,22
2730,-9999.0,-9999.0,-9999.0,-9999.0,-9999.0,-9999.0,-9999.0,-9999.0,-9999.0,orientation,color,size,0.3400000000000001,6.5,18,female,1,1913.8339991000003,0,22
2731,-9999.0,-9999.0,-9999.0,-9999.0,-9999.0,-9999.0,-9999.0,-9999.0,-9999.0,orientation,color,size,0.3400000000000001,6.5,18,female,1,1913.8339991000003,0,22
2732,-9999.0,-9999.0,-9999.0,-9999.0,-9999.0,-9999.0,-9999.0,-9999.0,-9999.0,orientation,color,size,0.3400000000000001,6.5,18,female,1,1913.8339991000003,0,22
2733,-9999.0,-9999.0,-9999.0,-9999.0,-9999.0,-9999.0,-9999.0,-9999.0,-9999.0,orientation,color,size,0.3400000000000001,6.5,18,female,1,1913.8339991000003,0,22
2734,-9999.0,-9999.0,-9999.0,-9999.0,-9999.0,-9999.0,-9999.0,-9999.0,-9999.0,orientation,color,size,0.3400000000000001,6.5,18,female,1,1913.8339991000003,0,22
2735,-9999.0,-9999.0,-9999.0,-9999.0,-9999.0,-9999.0,-9999.0,-9999.0,-9999.0,orientation,color,size,0.3400000000000001,6.5,18,female,1,1913.8339991000003,0,22
2736,-9999.0,-9999.0,-9999.0,-9999.0,-9999.0,-9999.0,-9999.0,-9999.0,-9999.0,orientation,color,size,0.3400000000000001,6.5,18,female,1,1913.8339991000003,0,22
2737,-9999.0,-9999.0,-9999.0,-9999.0,-9999.0,-9999.0,-9999.0,-9999.0,-9999.0,orientation,color,size,0.3400000000000001,6.5,18,female,1,1913.8339991000003,0,22
2738,-9999.0,-9999.0,-9999.0,-9999.0,-9999.0,-9999.0,-9999.0,-9999.0,-9999.0,orientation,color,size,0.3400000000000001,6.5,18,female,1,1913.8339991000003,0,22
2739,-9999.0,-9999.0,-9999.0,-9999.0,-9999.0,-9999.0,-9999.0,-9999.0,-9999.0,orientation,color,size,0.3400000000000001,6.5,18,female,1,1913.8339991000003,0,22
2740,-9999.0,-9999.0,-9999.0,-9999.0,-9999.0,-9999.0,-9999.0,-9999.0,-9999.0,orientation,color,size,0.3400000000000001,6.5,18,female,1,1913.8339991000003,0,22
2741,-9999.0,-9999.0,-9999.0,-9999.0,-9999.0,-9999.0,-9999.0,-9999.0,-9999.0,orientation,color,size,0.3400000000000001,6.5,18,female,1,1913.8339991000003,0,22
2742,-9999.0,-9999.0,-9999.0,-9999.0,-9999.0,-9999.0,-9999.0,-9999.0,-9999.0,orientation,color,size,0.3400000000000001,6.5,18,female,1,1913.8339991000003,0,22
2743,-9999.0,-9999.0,-9999.0,-9999.0,-9999.0,-9999.0,-9999.0,-9999.0,-9999.0,orientation,color,size,0.3400000000000001,6.5,18,female,1,1913.8339991000003,0,22
2744,-9999.0,-9999.0,-9999.0,-9999.0,-9999.0,-9999.0,-9999.0,-9999.0,-9999.0,orientation,color,size,0.3400000000000001,6.5,18,female,1,1913.8339991000003,0,22
2745,-9999.0,-9999.0,-9999.0,-9999.0,-9999.0,-9999.0,-9999.0,-9999.0,-9999.0,orientation,color,size,0.3400000000000001,6.5,18,female,1,1913.8339991000003,0,22
2746,-9999.0,-9999.0,-9999.0,-9999.0,-9999.0,-9999.0,-9999.0,-9999.0,-9999.0,orientation,color,size,0.3400000000000001,6.5,18,female,1,1913.8339991000003,0,22
2747,-9999.0,-9999.0,-9999.0,-9999.0,-9999.0,-9999.0,-9999.0,-9999.0,-9999.0,orientation,color,size,0.3400000000000001,6.5,18,female,1,1913.8339991000003,0,22
2748,-9999.0,-9999.0,-9999.0,-9999.0,-9999.0,-9999.0,-9999.0,-9999.0,-9999.0,orientation,color,size,0.3400000000000001,6.5,18,female,1,1913.8339991000003,0,22
2749,-9999.0,-9999.0,-9999.0,-9999.0,-9999.0,-9999.0,-9999.0,-9999.0,-9999.0,orientation,color,size,0.3400000000000001,6.5,18,female,1,1913.8339991000003,0,22
2750,-9999.0,-9999.0,-9999.0,-9999.0,-9999.0,-9999.0,-9999.0,-9999.0,-9999.0,orientation,color,size,0.3400000000000001,6.5,18,female,1,1913.8339991000003,0,22
2751,-9999.0,-9999.0,-9999.0,-9999.0,-9999.0,-9999.0,-9999.0,-9999.0,-9999.0,orientation,color,size,0.3400000000000001,6.5,18,female,1,1913.8339991000003,0,22
2752,-9999.0,-9999.0,-9999.0,-9999.0,-9999.0,-9999.0,-9999.0,-9999.0,-9999.0,orientation,color,size,0.3400000000000001,6.5,18,female,1,1913.8339991000003,0,22
2753,-9999.0,-9999.0,-9999.0,-9999.0,-9999.0,-9999.0,-9999.0,-9999.0,-9999.0,orientation,color,size,0.3400000000000001,6.5,18,female,1,1913.8339991000003,0,22
2754,-9999.0,-9999.0,-9999.0,-9999.0,-9999.0,-9999.0,-9999.0,-9999.0,-9999.0,orientation,color,size,0.3400000000000001,6.5,18,female,1,1913.8339991000003,0,22
2755,-9999.0,-9999.0,-9999.0,-9999.0,-9999.0,-9999.0,-9999.0,-9999.0,-9999.0,orientation,color,size,0.3400000000000001,6.5,18,female,1,1913.8339991000003,0,22
2756,-9999.0,-9999.0,-9999.0,-9999.0,-9999.0,-9999.0,-9999.0,-9999.0,-9999.0,orientation,color,size,0.3400000000000001,6.5,18,female,1,1913.8339991000003,0,22
2757,-9999.0,-9999.0,-9999.0,-9999.0,-9999.0,-9999.0,-9999.0,-9999.0,-9999.0,orientation,color,size,0.3400000000000001,6.5,18,female,1,1913.8339991000003,0,22
2758,-9999.0,-9999.0,-9999.0,-9999.0,-9999.0,-9999.0,-9999.0,-9999.0,-9999.0,orientation,color,size,0.3400000000000001,6.5,18,female,1,1913.8339991000003,0,22
2759,-9999.0,-9999.0,-9999.0,-9999.0,-9999.0,-9999.0,-9999.0,-9999.0,-9999.0,orientation,color,size,0.3400000000000001,6.5,18,female,1,1913.8339991000003,0,22
2760,-9999.0,-9999.0,-9999.0,-9999.0,-9999.0,-9999.0,-9999.0,-9999.0,-9999.0,orientation,color,size,0.3400000000000001,6.5,18,female,1,1913.8339991000003,0,22
2761,-9999.0,-9999.0,-9999.0,-9999.0,-9999.0,-9999.0,-9999.0,-9999.0,-9999.0,orientation,color,size,0.3400000000000001,6.5,18,female,1,1913.8339991000003,0,22
2762,-9999.0,-9999.0,-9999.0,-9999.0,-9999.0,-9999.0,-9999.0,-9999.0,-9999.0,orientation,color,size,0.3400000000000001,6.5,18,female,1,1913.8339991000003,0,22
2763,-9999.0,-9999.0,-9999.0,-9999.0,-9999.0,-9999.0,-9999.0,-9999.0,-9999.0,orientation,color,size,0.3400000000000001,6.5,18,female,1,1913.8339991000003,0,22
2764,-9999.0,-9999.0,-9999.0,-9999.0,-9999.0,-9999.0,-9999.0,-9999.0,-9999.0,orientation,color,size,0.3400000000000001,6.5,18,female,1,1913.8339991000003,0,22
2765,-9999.0,-9999.0,-9999.0,-9999.0,-9999.0,-9999.0,-9999.0,-9999.0,-9999.0,orientation,color,size,0.3400000000000001,6.5,18,female,1,1913.8339991000003,0,22
2766,-9999.0,-9999.0,-9999.0,-9999.0,-9999.0,-9999.0,-9999.0,-9999.0,-9999.0,orientation,color,size,0.3400000000000001,6.5,18,female,1,1913.8339991000003,0,22
2767,-9999.0,-9999.0,-9999.0,-9999.0,-9999.0,-9999.0,-9999.0,-9999.0,-9999.0,orientation,color,size,0.3400000000000001,6.5,18,female,1,1913.8339991000003,0,22
2768,-9999.0,-9999.0,-9999.0,-9999.0,-9999.0,-9999.0,-9999.0,-9999.0,-9999.0,orientation,color,size,0.3400000000000001,6.5,18,female,1,1913.8339991000003,0,22
2769,-9999.0,-9999.0,-9999.0,-9999.0,-9999.0,-9999.0,-9999.0,-9999.0,-9999.0,orientation,color,size,0.3400000000000001,6.5,18,female,1,1913.8339991000003,0,22
2770,-9999.0,-9999.0,-9999.0,-9999.0,-9999.0,-9999.0,-9999.0,-9999.0,-9999.0,orientation,color,size,0.3400000000000001,6.5,18,female,1,1913.8339991000003,0,22
2771,-9999.0,-9999.0,-9999.0,-9999.0,-9999.0,-9999.0,-9999.0,-9999.0,-9999.0,orientation,color,size,0.3400000000000001,6.5,18,female,1,1913.8339991000003,0,22
2772,-9999.0,-9999.0,-9999.0,-9999.0,-9999.0,-9999.0,-9999.0,-9999.0,-9999.0,orientation,color,size,0.3400000000000001,6.5,18,female,1,1913.8339991000003,0,22
2773,-9999.0,-9999.0,-9999.0,-9999.0,-9999.0,-9999.0,-9999.0,-9999.0,-9999.0,orientation,color,size,0.3400000000000001,6.5,18,female,1,1913.8339991000003,0,22
2774,-9999.0,-9999.0,-9999.0,-9999.0,-9999.0,-9999.0,-9999.0,-9999.0,-9999.0,orientation,color,size,0.3400000000000001,6.5,18,female,1,1913.8339991000003,0,22
2775,-9999.0,-9999.0,-9999.0,-9999.0,-9999.0,-9999.0,-9999.0,-9999.0,-9999.0,orientation,color,size,0.3400000000000001,6.5,18,female,1,1913.8339991000003,0,22
2776,-9999.0,-9999.0,-9999.0,-9999.0,-9999.0,-9999.0,-9999.0,-9999.0,-9999.0,orientation,color,size,0.3400000000000001,6.5,18,female,1,1913.8339991000003,0,22
2777,-9999.0,-9999.0,-9999.0,-9999.0,-9999.0,-9999.0,-9999.0,-9999.0,-9999.0,orientation,color,size,0.3400000000000001,6.5,18,female,1,1913.8339991000003,0,22
2778,-9999.0,-9999.0,-9999.0,-9999.0,-9999.0,-9999.0,-9999.0,-9999.0,-9999.0,orientation,color,size,0.3400000000000001,6.5,18,female,1,1913.8339991000003,0,22
2779,-9999.0,-9999.0,-9999.0,-9999.0,-9999.0,-9999.0,-9999.0,-9999.0,-9999.0,orientation,color,size,0.3400000000000001,6.5,18,female,1,1913.8339991000003,0,22
2780,-9999.0,-9999.0,-9999.0,-9999.0,-9999.0,-9999.0,-9999.0,-9999.0,-9999.0,orientation,color,size,0.3400000000000001,6.5,18,female,1,1913.8339991000003,0,22
2781,-9999.0,-9999.0,-9999.0,-9999.0,-9999.0,-9999.0,-9999.0,-9999.0,-9999.0,orientation,color,size,0.3400000000000001,6.5,18,female,1,1913.8339991000003,0,22
2782,-9999.0,-9999.0,-9999.0,-9999.0,-9999.0,-9999.0,-9999.0,-9999.0,-9999.0,orientation,color,size,0.3400000000000001,6.5,18,female,1,1913.8339991000003,0,22
2783,-9999.0,-9999.0,-9999.0,-9999.0,-9999.0,-9999.0,-9999.0,-9999.0,-9999.0,orientation,color,size,0.3400000000000001,6.5,18,female,1,1913.8339991000003,0,22
2784,-9999.0,-9999.0,-9999.0,-9999.0,-9999.0,-9999.0,-9999.0,-9999.0,-9999.0,orientation,color,size,0.3400000000000001,6.5,18,female,1,1913.8339991000003,0,22
2785,-9999.0,-9999.0,-9999.0,-9999.0,-9999.0,-9999.0,-9999.0,-9999.0,-9999.0,orientation,color,size,0.3400000000000001,6.5,18,female,1,1913.8339991000003,0,22
2786,-9999.0,-9999.0,-9999.0,-9999.0,-9999.0,-9999.0,-9999.0,-9999.0,-9999.0,orientation,color,size,0.3400000000000001,6.5,18,female,1,1913.8339991000003,0,22
2787,-9999.0,-9999.0,-9999.0,-9999.0,-9999.0,-9999.0,-9999.0,-9999.0,-9999.0,orientation,color,size,0.3400000000000001,6.5,18,female,1,1913.8339991000003,0,22
2788,-9999.0,-9999.0,-9999.0,-9999.0,-9999.0,-9999.0,-9999.0,-9999.0,-9999.0,orientation,color,size,0.3400000000000001,6.5,18,female,1,1913.8339991000003,0,22
2789,-9999.0,-9999.0,-9999.0,-9999.0,-9999.0,-9999.0,-9999.0,-9999.0,-9999.0,orientation,color,size,0.3400000000000001,6.5,18,female,1,1913.8339991000003,0,22
2790,-9999.0,-9999.0,-9999.0,-9999.0,-9999.0,-9999.0,-9999.0,-9999.0,-9999.0,orientation,color,size,0.3400000000000001,6.5,18,female,1,1913.8339991000003,0,22
2791,-9999.0,-9999.0,-9999.0,-9999.0,-9999.0,-9999.0,-9999.0,-9999.0,-9999.0,orientation,color,size,0.3400000000000001,6.5,18,female,1,1913.8339991000003,0,22
2792,-9999.0,-9999.0,-9999.0,-9999.0,-9999.0,-9999.0,-9999.0,-9999.0,-9999.0,orientation,color,size,0.3400000000000001,6.5,18,female,1,1913.8339991000003,0,22
2793,-9999.0,-9999.0,-9999.0,-9999.0,-9999.0,-9999.0,-9999.0,-9999.0,-9999.0,orientation,color,size,0.3400000000000001,6.5,18,female,1,1913.8339991000003,0,22
2794,-9999.0,-9999.0,-9999.0,-9999.0,-9999.0,-9999.0,-9999.0,-9999.0,-9999.0,orientation,color,size,0.3400000000000001,6.5,18,female,1,1913.8339991000003,0,22
2795,-9999.0,-9999.0,-9999.0,-9999.0,-9999.0,-9999.0,-9999.0,-9999.0,-9999.0,orientation,color,size,0.3400000000000001,6.5,18,female,1,1913.8339991000003,0,22
2796,-9999.0,-9999.0,-9999.0,-9999.0,-9999.0,-9999.0,-9999.0,-9999.0,-9999.0,orientation,color,size,0.3400000000000001,6.5,18,female,1,1913.8339991000003,0,22
2797,-9999.0,-9999.0,-9999.0,-9999.0,-9999.0,-9999.0,-9999.0,-9999.0,-9999.0,orientation,color,size,0.3400000000000001,6.5,18,female,1,1913.8339991000003,0,22
2798,-9999.0,-9999.0,-9999.0,-9999.0,-9999.0,-9999.0,-9999.0,-9999.0,-9999.0,orientation,color,size,0.3400000000000001,6.5,18,female,1,1913.8339991000003,0,22
2799,-9999.0,-9999.0,-9999.0,-9999.0,-9999.0,-9999.0,-9999.0,-9999.0,-9999.0,orientation,color,size,0.3400000000000001,6.5,18,female,1,1913.8339991000003,0,22
2800,-9999.0,-9999.0,-9999.0,-9999.0,-9999.0,-9999.0,-9999.0,-9999.0,-9999.0,orientation,color,size,0.3400000000000001,6.5,18,female,1,1913.8339991000003,0,22
2801,-9999.0,-9999.0,-9999.0,-9999.0,-9999.0,-9999.0,-9999.0,-9999.0,-9999.0,orientation,color,size,0.3400000000000001,6.5,18,female,1,1913.8339991000003,0,22
2802,-9999.0,-9999.0,-9999.0,-9999.0,-9999.0,-9999.0,-9999.0,-9999.0,-9999.0,orientation,color,size,0.3400000000000001,6.5,18,female,1,1913.8339991000003,0,22
2803,-9999.0,-9999.0,-9999.0,-9999.0,-9999.0,-9999.0,-9999.0,-9999.0,-9999.0,orientation,color,size,0.3400000000000001,6.5,18,female,1,1913.8339991000003,0,22
2804,-9999.0,-9999.0,-9999.0,-9999.0,-9999.0,-9999.0,-9999.0,-9999.0,-9999.0,orientation,color,size,0.3400000000000001,6.5,18,female,1,1913.8339991000003,0,22
2805,-9999.0,-9999.0,-9999.0,-9999.0,-9999.0,-9999.0,-9999.0,-9999.0,-9999.0,orientation,color,size,0.3400000000000001,6.5,18,female,1,1913.8339991000003,0,22
2806,-9999.0,-9999.0,-9999.0,-9999.0,-9999.0,-9999.0,-9999.0,-9999.0,-9999.0,orientation,color,size,0.3400000000000001,6.5,18,female,1,1913.8339991000003,0,22
2807,-9999.0,-9999.0,-9999.0,-9999.0,-9999.0,-9999.0,-9999.0,-9999.0,-9999.0,orientation,color,size,0.3400000000000001,6.5,18,female,1,1913.8339991000003,0,22
2808,-9999.0,-9999.0,-9999.0,-9999.0,-9999.0,-9999.0,-9999.0,-9999.0,-9999.0,orientation,color,size,0.3400000000000001,6.5,18,female,1,1913.8339991000003,0,22
2809,-9999.0,-9999.0,-9999.0,-9999.0,-9999.0,-9999.0,-9999.0,-9999.0,-9999.0,orientation,color,size,0.3400000000000001,6.5,18,female,1,1913.8339991000003,0,22
2810,-9999.0,-9999.0,-9999.0,-9999.0,-9999.0,-9999.0,-9999.0,-9999.0,-9999.0,orientation,color,size,0.3400000000000001,6.5,18,female,1,1913.8339991000003,0,22
2811,-9999.0,-9999.0,-9999.0,-9999.0,-9999.0,-9999.0,-9999.0,-9999.0,-9999.0,orientation,color,size,0.3400000000000001,6.5,18,female,1,1913.8339991000003,0,22
2812,-9999.0,-9999.0,-9999.0,-9999.0,-9999.0,-9999.0,-9999.0,-9999.0,-9999.0,orientation,color,size,0.3400000000000001,6.5,18,female,1,1913.8339991000003,0,22
2813,-9999.0,-9999.0,-9999.0,-9999.0,-9999.0,-9999.0,-9999.0,-9999.0,-9999.0,orientation,color,size,0.3400000000000001,6.5,18,female,1,1913.8339991000003,0,22
2814,-9999.0,-9999.0,-9999.0,-9999.0,-9999.0,-9999.0,-9999.0,-9999.0,-9999.0,orientation,color,size,0.3400000000000001,6.5,18,female,1,1913.8339991000003,0,22
2815,-9999.0,-9999.0,-9999.0,-9999.0,-9999.0,-9999.0,-9999.0,-9999.0,-9999.0,orientation,color,size,0.3400000000000001,6.5,18,female,1,1913.8339991000003,0,22
2816,-9999.0,-9999.0,-9999.0,-9999.0,-9999.0,-9999.0,-9999.0,-9999.0,-9999.0,orientation,color,size,0.3400000000000001,6.5,18,female,1,1913.8339991000003,0,22
2817,-9999.0,-9999.0,-9999.0,-9999.0,-9999.0,-9999.0,-9999.0,-9999.0,-9999.0,orientation,color,size,0.3400000000000001,6.5,18,female,1,1913.8339991000003,0,22
2818,-9999.0,-9999.0,-9999.0,-9999.0,-9999.0,-9999.0,-9999.0,-9999.0,-9999.0,orientation,color,size,0.3400000000000001,6.5,18,female,1,1913.8339991000003,0,22
2819,-9999.0,-9999.0,-9999.0,-9999.0,-9999.0,-9999.0,-9999.0,-9999.0,-9999.0,orientation,color,size,0.3400000000000001,6.5,18,female,1,1913.8339991000003,0,22
2820,-9999.0,-9999.0,-9999.0,-9999.0,-9999.0,-9999.0,-9999.0,-9999.0,-9999.0,orientation,color,size,0.3400000000000001,6.5,18,female,1,1913.8339991000003,0,22
2821,-9999.0,-9999.0,-9999.0,-9999.0,-9999.0,-9999.0,-9999.0,-9999.0,-9999.0,orientation,color,size,0.3400000000000001,6.5,18,female,1,1913.8339991000003,0,22
2822,-9999.0,-9999.0,-9999.0,-9999.0,-9999.0,-9999.0,-9999.0,-9999.0,-9999.0,orientation,color,size,0.3400000000000001,6.5,18,female,1,1913.8339991000003,0,22
2823,-9999.0,-9999.0,-9999.0,-9999.0,-9999.0,-9999.0,-9999.0,-9999.0,-9999.0,orientation,color,size,0.3400000000000001,6.5,18,female,1,1913.8339991000003,0,22
2824,-9999.0,-9999.0,-9999.0,-9999.0,-9999.0,-9999.0,-9999.0,-9999.0,-9999.0,orientation,color,size,0.3400000000000001,6.5,18,female,1,1913.8339991000003,0,22
2825,-9999.0,-9999.0,-9999.0,-9999.0,-9999.0,-9999.0,-9999.0,-9999.0,-9999.0,orientation,color,size,0.3400000000000001,6.5,18,female,1,1913.8339991000003,0,22
2826,-9999.0,-9999.0,-9999.0,-9999.0,-9999.0,-9999.0,-9999.0,-9999.0,-9999.0,orientation,color,size,0.3400000000000001,6.5,18,female,1,1913.8339991000003,0,22
2827,-9999.0,-9999.0,-9999.0,-9999.0,-9999.0,-9999.0,-9999.0,-9999.0,-9999.0,orientation,color,size,0.3400000000000001,6.5,18,female,1,1913.8339991000003,0,22
2828,-9999.0,-9999.0,-9999.0,-9999.0,-9999.0,-9999.0,-9999.0,-9999.0,-9999.0,orientation,color,size,0.3400000000000001,6.5,18,female,1,1913.8339991000003,0,22
2829,-9999.0,-9999.0,-9999.0,-9999.0,-9999.0,-9999.0,-9999.0,-9999.0,-9999.0,orientation,color,size,0.3400000000000001,6.5,18,female,1,1913.8339991000003,0,22
2830,-9999.0,-9999.0,-9999.0,-9999.0,-9999.0,-9999.0,-9999.0,-9999.0,-9999.0,orientation,color,size,0.3400000000000001,6.5,18,female,1,1913.8339991000003,0,22
2831,-9999.0,-9999.0,-9999.0,-9999.0,-9999.0,-9999.0,-9999.0,-9999.0,-9999.0,orientation,color,size,0.3400000000000001,6.5,18,female,1,1913.8339991000003,0,22
2832,-9999.0,-9999.0,-9999.0,-9999.0,-9999.0,-9999.0,-9999.0,-9999.0,-9999.0,orientation,color,size,0.3400000000000001,6.5,18,female,1,1913.8339991000003,0,22
2833,-9999.0,-9999.0,-9999.0,-9999.0,-9999.0,-9999.0,-9999.0,-9999.0,-9999.0,orientation,color,size,0.3400000000000001,6.5,18,female,1,1913.8339991000003,0,22
2834,-9999.0,-9999.0,-9999.0,-9999.0,-9999.0,-9999.0,-9999.0,-9999.0,-9999.0,orientation,color,size,0.3400000000000001,6.5,18,female,1,1913.8339991000003,0,22
2835,-9999.0,-9999.0,-9999.0,-9999.0,-9999.0,-9999.0,-9999.0,-9999.0,-9999.0,orientation,color,size,0.3400000000000001,6.5,18,female,1,1913.8339991000003,0,22
2836,-9999.0,-9999.0,-9999.0,-9999.0,-9999.0,-9999.0,-9999.0,-9999.0,-9999.0,orientation,color,size,0.3400000000000001,6.5,18,female,1,1913.8339991000003,0,22
2837,-9999.0,-9999.0,-9999.0,-9999.0,-9999.0,-9999.0,-9999.0,-9999.0,-9999.0,orientation,color,size,0.3400000000000001,6.5,18,female,1,1913.8339991000003,0,22
2838,-9999.0,-9999.0,-9999.0,-9999.0,-9999.0,-9999.0,-9999.0,-9999.0,-9999.0,orientation,color,size,0.3400000000000001,6.5,18,female,1,1913.8339991000003,0,22
2839,-9999.0,-9999.0,-9999.0,-9999.0,-9999.0,-9999.0,-9999.0,-9999.0,-9999.0,orientation,color,size,0.3400000000000001,6.5,18,female,1,1913.8339991000003,0,22
2840,-9999.0,-9999.0,-9999.0,-9999.0,-9999.0,-9999.0,-9999.0,-9999.0,-9999.0,orientation,color,size,0.3400000000000001,6.5,18,female,1,1913.8339991000003,0,22
2841,-9999.0,-9999.0,-9999.0,-9999.0,-9999.0,-9999.0,-9999.0,-9999.0,-9999.0,orientation,color,size,0.3400000000000001,6.5,18,female,1,1913.8339991000003,0,22
2842,-9999.0,-9999.0,-9999.0,-9999.0,-9999.0,-9999.0,-9999.0,-9999.0,-9999.0,orientation,color,size,0.3400000000000001,6.5,18,female,1,1913.8339991000003,0,22
2843,-9999.0,-9999.0,-9999.0,-9999.0,-9999.0,-9999.0,-9999.0,-9999.0,-9999.0,orientation,color,size,0.3400000000000001,6.5,18,female,1,1913.8339991000003,0,22
2844,-9999.0,-9999.0,-9999.0,-9999.0,-9999.0,-9999.0,-9999.0,-9999.0,-9999.0,orientation,color,size,0.3400000000000001,6.5,18,female,1,1913.8339991000003,0,22
2845,-9999.0,-9999.0,-9999.0,-9999.0,-9999.0,-9999.0,-9999.0,-9999.0,-9999.0,orientation,color,size,0.3400000000000001,6.5,18,female,1,1913.8339991000003,0,22
2846,-9999.0,-9999.0,-9999.0,-9999.0,-9999.0,-9999.0,-9999.0,-9999.0,-9999.0,orientation,color,size,0.3400000000000001,6.5,18,female,1,1913.8339991000003,0,22
2847,-9999.0,-9999.0,-9999.0,-9999.0,-9999.0,-9999.0,-9999.0,-9999.0,-9999.0,orientation,color,size,0.3400000000000001,6.5,18,female,1,1913.8339991000003,0,22
2848,-9999.0,-9999.0,-9999.0,-9999.0,-9999.0,-9999.0,-9999.0,-9999.0,-9999.0,orientation,color,size,0.3400000000000001,6.5,18,female,1,1913.8339991000003,0,22
2849,-9999.0,-9999.0,-9999.0,-9999.0,-9999.0,-9999.0,-9999.0,-9999.0,-9999.0,orientation,color,size,0.3400000000000001,6.5,18,female,1,1913.8339991000003,0,22
2850,-9999.0,-9999.0,-9999.0,-9999.0,-9999.0,-9999.0,-9999.0,-9999.0,-9999.0,orientation,color,size,0.3400000000000001,6.5,18,female,1,1913.8339991000003,0,22
2851,-9999.0,-9999.0,-9999.0,-9999.0,-9999.0,-9999.0,-9999.0,-9999.0,-9999.0,orientation,color,size,0.3400000000000001,6.5,18,female,1,1913.8339991000003,0,22
2852,-9999.0,-9999.0,-9999.0,-9999.0,-9999.0,-9999.0,-9999.0,-9999.0,-9999.0,orientation,color,size,0.3400000000000001,6.5,18,female,1,1913.8339991000003,0,22
2853,-9999.0,-9999.0,-9999.0,-9999.0,-9999.0,-9999.0,-9999.0,-9999.0,-9999.0,orientation,color,size,0.3400000000000001,6.5,18,female,1,1913.8339991000003,0,22
2854,-9999.0,-9999.0,-9999.0,-9999.0,-9999.0,-9999.0,-9999.0,-9999.0,-9999.0,orientation,color,size,0.3400000000000001,6.5,18,female,1,1913.8339991000003,0,22
2855,-9999.0,-9999.0,-9999.0,-9999.0,-9999.0,-9999.0,-9999.0,-9999.0,-9999.0,orientation,color,size,0.3400000000000001,6.5,18,female,1,1913.8339991000003,0,22
2856,-9999.0,-9999.0,-9999.0,-9999.0,-9999.0,-9999.0,-9999.0,-9999.0,-9999.0,orientation,color,size,0.3400000000000001,6.5,18,female,1,1913.8339991000003,0,22
2857,-9999.0,-9999.0,-9999.0,-9999.0,-9999.0,-9999.0,-9999.0,-9999.0,-9999.0,orientation,color,size,0.3400000000000001,6.5,18,female,1,1913.8339991000003,0,22
2858,-9999.0,-9999.0,-9999.0,-9999.0,-9999.0,-9999.0,-9999.0,-9999.0,-9999.0,orientation,color,size,0.3400000000000001,6.5,18,female,1,1913.8339991000003,0,22
2859,-9999.0,-9999.0,-9999.0,-9999.0,-9999.0,-9999.0,-9999.0,-9999.0,-9999.0,orientation,color,size,0.3400000000000001,6.5,18,female,1,1913.8339991000003,0,22
2860,-9999.0,-9999.0,-9999.0,-9999.0,-9999.0,-9999.0,-9999.0,-9999.0,-9999.0,orientation,color,size,0.3400000000000001,6.5,18,female,1,1913.8339991000003,0,22
2861,-9999.0,-9999.0,-9999.0,-9999.0,-9999.0,-9999.0,-9999.0,-9999.0,-9999.0,orientation,color,size,0.3400000000000001,6.5,18,female,1,1913.8339991000003,0,22
2862,-9999.0,-9999.0,-9999.0,-9999.0,-9999.0,-9999.0,-9999.0,-9999.0,-9999.0,orientation,color,size,0.3400000000000001,6.5,18,female,1,1913.8339991000003,0,22
2863,-9999.0,-9999.0,-9999.0,-9999.0,-9999.0,-9999.0,-9999.0,-9999.0,-9999.0,orientation,color,size,0.3400000000000001,6.5,18,female,1,1913.8339991000003,0,22
2864,-9999.0,-9999.0,-9999.0,-9999.0,-9999.0,-9999.0,-9999.0,-9999.0,-9999.0,orientation,color,size,0.3400000000000001,6.5,18,female,1,1913.8339991000003,0,22
2865,-9999.0,-9999.0,-9999.0,-9999.0,-9999.0,-9999.0,-9999.0,-9999.0,-9999.0,orientation,color,size,0.3400000000000001,6.5,18,female,1,1913.8339991000003,0,22
2866,-9999.0,-9999.0,-9999.0,-9999.0,-9999.0,-9999.0,-9999.0,-9999.0,-9999.0,orientation,color,size,0.3400000000000001,6.5,18,female,1,1913.8339991000003,0,22
2867,-9999.0,-9999.0,-9999.0,-9999.0,-9999.0,-9999.0,-9999.0,-9999.0,-9999.0,orientation,color,size,0.3400000000000001,6.5,18,female,1,1913.8339991000003,0,22
2868,-9999.0,-9999.0,-9999.0,-9999.0,-9999.0,-9999.0,-9999.0,-9999.0,-9999.0,orientation,color,size,0.3400000000000001,6.5,18,female,1,1913.8339991000003,0,22
2869,-9999.0,-9999.0,-9999.0,-9999.0,-9999.0,-9999.0,-9999.0,-9999.0,-9999.0,orientation,color,size,0.3400000000000001,6.5,18,female,1,1913.8339991000003,0,22
2870,-9999.0,-9999.0,-9999.0,-9999.0,-9999.0,-9999.0,-9999.0,-9999.0,-9999.0,orientation,color,size,0.3400000000000001,6.5,18,female,1,1913.8339991000003,0,22
2871,-9999.0,-9999.0,-9999.0,-9999.0,-9999.0,-9999.0,-9999.0,-9999.0,-9999.0,orientation,color,size,0.3400000000000001,6.5,18,female,1,1913.8339991000003,0,22
2872,-9999.0,-9999.0,-9999.0,-9999.0,-9999.0,-9999.0,-9999.0,-9999.0,-9999.0,orientation,color,size,0.3400000000000001,6.5,18,female,1,1913.8339991000003,0,22
2873,-9999.0,-9999.0,-9999.0,-9999.0,-9999.0,-9999.0,-9999.0,-9999.0,-9999.0,orientation,color,size,0.3400000000000001,6.5,18,female,1,1913.8339991000003,0,22
2874,-9999.0,-9999.0,-9999.0,-9999.0,-9999.0,-9999.0,-9999.0,-9999.0,-9999.0,orientation,color,size,0.3400000000000001,6.5,18,female,1,1913.8339991000003,0,22
2875,-9999.0,-9999.0,-9999.0,-9999.0,-9999.0,-9999.0,-9999.0,-9999.0,-9999.0,orientation,color,size,0.3400000000000001,6.5,18,female,1,1913.8339991000003,0,22
2876,-9999.0,-9999.0,-9999.0,-9999.0,-9999.0,-9999.0,-9999.0,-9999.0,-9999.0,orientation,color,size,0.3400000000000001,6.5,18,female,1,1913.8339991000003,0,22
2877,-9999.0,-9999.0,-9999.0,-9999.0,-9999.0,-9999.0,-9999.0,-9999.0,-9999.0,orientation,color,size,0.3400000000000001,6.5,18,female,1,1913.8339991000003,0,22
2878,-9999.0,-9999.0,-9999.0,-9999.0,-9999.0,-9999.0,-9999.0,-9999.0,-9999.0,orientation,color,size,0.3400000000000001,6.5,18,female,1,1913.8339991000003,0,22
2879,-9999.0,-9999.0,-9999.0,-9999.0,-9999.0,-9999.0,-9999.0,-9999.0,-9999.0,orientation,color,size,0.3400000000000001,6.5,18,female,1,1913.8339991000003,0,22
2880,-9999.0,-9999.0,-9999.0,-9999.0,-9999.0,-9999.0,-9999.0,-9999.0,-9999.0,orientation,color,size,0.3400000000000001,6.5,18,female,1,1913.8339991000003,0,22
2881,-9999.0,-9999.0,-9999.0,-9999.0,-9999.0,-9999.0,-9999.0,-9999.0,-9999.0,orientation,color,size,0.3400000000000001,6.5,18,female,1,1913.8339991000003,0,22
2882,-9999.0,-9999.0,-9999.0,-9999.0,-9999.0,-9999.0,-9999.0,-9999.0,-9999.0,orientation,color,size,0.3400000000000001,6.5,18,female,1,1913.8339991000003,0,22
2883,-9999.0,-9999.0,-9999.0,-9999.0,-9999.0,-9999.0,-9999.0,-9999.0,-9999.0,orientation,color,size,0.3400000000000001,6.5,18,female,1,1913.8339991000003,0,22
2884,-9999.0,-9999.0,-9999.0,-9999.0,-9999.0,-9999.0,-9999.0,-9999.0,-9999.0,orientation,color,size,0.3400000000000001,6.5,18,female,1,1913.8339991000003,0,22
2885,-9999.0,-9999.0,-9999.0,-9999.0,-9999.0,-9999.0,-9999.0,-9999.0,-9999.0,orientation,color,size,0.3400000000000001,6.5,18,female,1,1913.8339991000003,0,22
2886,-9999.0,-9999.0,-9999.0,-9999.0,-9999.0,-9999.0,-9999.0,-9999.0,-9999.0,orientation,color,size,0.3400000000000001,6.5,18,female,1,1913.8339991000003,0,22
2887,-9999.0,-9999.0,-9999.0,-9999.0,-9999.0,-9999.0,-9999.0,-9999.0,-9999.0,orientation,color,size,0.3400000000000001,6.5,18,female,1,1913.8339991000003,0,22
2888,-9999.0,-9999.0,-9999.0,-9999.0,-9999.0,-9999.0,-9999.0,-9999.0,-9999.0,orientation,color,size,0.3400000000000001,6.5,18,female,1,1913.8339991000003,0,22
2889,-9999.0,-9999.0,-9999.0,-9999.0,-9999.0,-9999.0,-9999.0,-9999.0,-9999.0,orientation,color,size,0.3400000000000001,6.5,18,female,1,1913.8339991000003,0,22
2890,-9999.0,-9999.0,-9999.0,-9999.0,-9999.0,-9999.0,-9999.0,-9999.0,-9999.0,orientation,color,size,0.3400000000000001,6.5,18,female,1,1913.8339991000003,0,22
2891,-9999.0,-9999.0,-9999.0,-9999.0,-9999.0,-9999.0,-9999.0,-9999.0,-9999.0,orientation,color,size,0.3400000000000001,6.5,18,female,1,1913.8339991000003,0,22
2892,-9999.0,-9999.0,-9999.0,-9999.0,-9999.0,-9999.0,-9999.0,-9999.0,-9999.0,orientation,color,size,0.3400000000000001,6.5,18,female,1,1913.8339991000003,0,22
2893,-9999.0,-9999.0,-9999.0,-9999.0,-9999.0,-9999.0,-9999.0,-9999.0,-9999.0,orientation,color,size,0.3400000000000001,6.5,18,female,1,1913.8339991000003,0,22
2894,-9999.0,-9999.0,-9999.0,-9999.0,-9999.0,-9999.0,-9999.0,-9999.0,-9999.0,orientation,color,size,0.3400000000000001,6.5,18,female,1,1913.8339991000003,0,22
2895,-9999.0,-9999.0,-9999.0,-9999.0,-9999.0,-9999.0,-9999.0,-9999.0,-9999.0,orientation,color,size,0.3400000000000001,6.5,18,female,1,1913.8339991000003,0,22
2896,-9999.0,-9999.0,-9999.0,-9999.0,-9999.0,-9999.0,-9999.0,-9999.0,-9999.0,orientation,color,size,0.3400000000000001,6.5,18,female,1,1913.8339991000003,0,22
2897,-9999.0,-9999.0,-9999.0,-9999.0,-9999.0,-9999.0,-9999.0,-9999.0,-9999.0,orientation,color,size,0.3400000000000001,6.5,18,female,1,1913.8339991000003,0,22
2898,-9999.0,-9999.0,-9999.0,-9999.0,-9999.0,-9999.0,-9999.0,-9999.0,-9999.0,orientation,color,size,0.3400000000000001,6.5,18,female,1,1913.8339991000003,0,22
2899,-9999.0,-9999.0,-9999.0,-9999.0,-9999.0,-9999.0,-9999.0,-9999.0,-9999.0,orientation,color,size,0.3400000000000001,6.5,18,female,1,1913.8339991000003,0,22
2900,-9999.0,-9999.0,-9999.0,-9999.0,-9999.0,-9999.0,-9999.0,-9999.0,-9999.0,orientation,color,size,0.3400000000000001,6.5,18,female,1,1913.8339991000003,0,22
2901,-9999.0,-9999.0,-9999.0,-9999.0,-9999.0,-9999.0,-9999.0,-9999.0,-9999.0,orientation,color,size,0.3400000000000001,6.5,18,female,1,1913.8339991000003,0,22
2902,-9999.0,-9999.0,-9999.0,-9999.0,-9999.0,-9999.0,-9999.0,-9999.0,-9999.0,orientation,color,size,0.3400000000000001,6.5,18,female,1,1913.8339991000003,0,22
2903,-9999.0,-9999.0,-9999.0,-9999.0,-9999.0,-9999.0,-9999.0,-9999.0,-9999.0,orientation,color,size,0.3400000000000001,6.5,18,female,1,1913.8339991000003,0,22
2904,-9999.0,-9999.0,-9999.0,-9999.0,-9999.0,-9999.0,-9999.0,-9999.0,-9999.0,orientation,color,size,0.3400000000000001,6.5,18,female,1,1913.8339991000003,0,22
2905,-9999.0,-9999.0,-9999.0,-9999.0,-9999.0,-9999.0,-9999.0,-9999.0,-9999.0,orientation,color,size,0.3400000000000001,6.5,18,female,1,1913.8339991000003,0,22
2906,-9999.0,-9999.0,-9999.0,-9999.0,-9999.0,-9999.0,-9999.0,-9999.0,-9999.0,orientation,color,size,0.3400000000000001,6.5,18,female,1,1913.8339991000003,0,22
2907,-9999.0,-9999.0,-9999.0,-9999.0,-9999.0,-9999.0,-9999.0,-9999.0,-9999.0,orientation,color,size,0.3400000000000001,6.5,18,female,1,1913.8339991000003,0,22
2908,-9999.0,-9999.0,-9999.0,-9999.0,-9999.0,-9999.0,-9999.0,-9999.0,-9999.0,orientation,color,size,0.3400000000000001,6.5,18,female,1,1913.8339991000003,0,22
2909,-9999.0,-9999.0,-9999.0,-9999.0,-9999.0,-9999.0,-9999.0,-9999.0,-9999.0,orientation,color,size,0.3400000000000001,6.5,18,female,1,1913.8339991000003,0,22
2910,-9999.0,-9999.0,-9999.0,-9999.0,-9999.0,-9999.0,-9999.0,-9999.0,-9999.0,orientation,color,size,0.3400000000000001,6.5,18,female,1,1913.8339991000003,0,22
2911,-9999.0,-9999.0,-9999.0,-9999.0,-9999.0,-9999.0,-9999.0,-9999.0,-9999.0,orientation,color,size,0.3400000000000001,6.5,18,female,1,1913.8339991000003,0,22
2912,-9999.0,-9999.0,-9999.0,-9999.0,-9999.0,-9999.0,-9999.0,-9999.0,-9999.0,orientation,color,size,0.3400000000000001,6.5,18,female,1,1913.8339991000003,0,22
2913,-9999.0,-9999.0,-9999.0,-9999.0,-9999.0,-9999.0,-9999.0,-9999.0,-9999.0,orientation,color,size,0.3400000000000001,6.5,18,female,1,1913.8339991000003,0,22
2914,-9999.0,-9999.0,-9999.0,-9999.0,-9999.0,-9999.0,-9999.0,-9999.0,-9999.0,orientation,color,size,0.3400000000000001,6.5,18,female,1,1913.8339991000003,0,22
2915,-9999.0,-9999.0,-9999.0,-9999.0,-9999.0,-9999.0,-9999.0,-9999.0,-9999.0,orientation,color,size,0.3400000000000001,6.5,18,female,1,1913.8339991000003,0,22
2916,-9999.0,-9999.0,-9999.0,-9999.0,-9999.0,-9999.0,-9999.0,-9999.0,-9999.0,orientation,color,size,0.3400000000000001,6.5,18,female,1,1913.8339991000003,0,22
2917,-9999.0,-9999.0,-9999.0,-9999.0,-9999.0,-9999.0,-9999.0,-9999.0,-9999.0,orientation,color,size,0.3400000000000001,6.5,18,female,1,1913.8339991000003,0,22
2918,-9999.0,-9999.0,-9999.0,-9999.0,-9999.0,-9999.0,-9999.0,-9999.0,-9999.0,orientation,color,size,0.3400000000000001,6.5,18,female,1,1913.8339991000003,0,22
2919,-9999.0,-9999.0,-9999.0,-9999.0,-9999.0,-9999.0,-9999.0,-9999.0,-9999.0,orientation,color,size,0.3400000000000001,6.5,18,female,1,1913.8339991000003,0,22
2920,-9999.0,-9999.0,-9999.0,-9999.0,-9999.0,-9999.0,-9999.0,-9999.0,-9999.0,orientation,color,size,0.3400000000000001,6.5,18,female,1,1913.8339991000003,0,22
2921,-9999.0,-9999.0,-9999.0,-9999.0,-9999.0,-9999.0,-9999.0,-9999.0,-9999.0,orientation,color,size,0.3400000000000001,6.5,18,female,1,1913.8339991000003,0,22
2922,-9999.0,-9999.0,-9999.0,-9999.0,-9999.0,-9999.0,-9999.0,-9999.0,-9999.0,orientation,color,size,0.3400000000000001,6.5,18,female,1,1913.8339991000003,0,22
2923,-9999.0,-9999.0,-9999.0,-9999.0,-9999.0,-9999.0,-9999.0,-9999.0,-9999.0,orientation,color,size,0.3400000000000001,6.5,18,female,1,1913.8339991000003,0,22
2924,-9999.0,-9999.0,-9999.0,-9999.0,-9999.0,-9999.0,-9999.0,-9999.0,-9999.0,orientation,color,size,0.3400000000000001,6.5,18,female,1,1913.8339991000003,0,22
2925,-9999.0,-9999.0,-9999.0,-9999.0,-9999.0,-9999.0,-9999.0,-9999.0,-9999.0,orientation,color,size,0.3400000000000001,6.5,18,female,1,1913.8339991000003,0,22
2926,-9999.0,-9999.0,-9999.0,-9999.0,-9999.0,-9999.0,-9999.0,-9999.0,-9999.0,orientation,color,size,0.3400000000000001,6.5,18,female,1,1913.8339991000003,0,22
2927,-9999.0,-9999.0,-9999.0,-9999.0,-9999.0,-9999.0,-9999.0,-9999.0,-9999.0,orientation,color,size,0.3400000000000001,6.5,18,female,1,1913.8339991000003,0,22
2928,-9999.0,-9999.0,-9999.0,-9999.0,-9999.0,-9999.0,-9999.0,-9999.0,-9999.0,orientation,color,size,0.3400000000000001,6.5,18,female,1,1913.8339991000003,0,22
2929,-9999.0,-9999.0,-9999.0,-9999.0,-9999.0,-9999.0,-9999.0,-9999.0,-9999.0,orientation,color,size,0.3400000000000001,6.5,18,female,1,1913.8339991000003,0,22
2930,-9999.0,-9999.0,-9999.0,-9999.0,-9999.0,-9999.0,-9999.0,-9999.0,-9999.0,orientation,color,size,0.3400000000000001,6.5,18,female,1,1913.8339991000003,0,22
2931,-9999.0,-9999.0,-9999.0,-9999.0,-9999.0,-9999.0,-9999.0,-9999.0,-9999.0,orientation,color,size,0.3400000000000001,6.5,18,female,1,1913.8339991000003,0,22
2932,-9999.0,-9999.0,-9999.0,-9999.0,-9999.0,-9999.0,-9999.0,-9999.0,-9999.0,orientation,color,size,0.3400000000000001,6.5,18,female,1,1913.8339991000003,0,22
2933,-9999.0,-9999.0,-9999.0,-9999.0,-9999.0,-9999.0,-9999.0,-9999.0,-9999.0,orientation,color,size,0.3400000000000001,6.5,18,female,1,1913.8339991000003,0,22
2934,-9999.0,-9999.0,-9999.0,-9999.0,-9999.0,-9999.0,-9999.0,-9999.0,-9999.0,orientation,color,size,0.3400000000000001,6.5,18,female,1,1913.8339991000003,0,22
2935,-9999.0,-9999.0,-9999.0,-9999.0,-9999.0,-9999.0,-9999.0,-9999.0,-9999.0,orientation,color,size,0.3400000000000001,6.5,18,female,1,1913.8339991000003,0,22
2936,-9999.0,-9999.0,-9999.0,-9999.0,-9999.0,-9999.0,-9999.0,-9999.0,-9999.0,orientation,color,size,0.3400000000000001,6.5,18,female,1,1913.8339991000003,0,22
2937,-9999.0,-9999.0,-9999.0,-9999.0,-9999.0,-9999.0,-9999.0,-9999.0,-9999.0,orientation,color,size,0.3400000000000001,6.5,18,female,1,1913.8339991000003,0,22
2938,-9999.0,-9999.0,-9999.0,-9999.0,-9999.0,-9999.0,-9999.0,-9999.0,-9999.0,orientation,color,size,0.3400000000000001,6.5,18,female,1,1913.8339991000003,0,22
2939,-9999.0,-9999.0,-9999.0,-9999.0,-9999.0,-9999.0,-9999.0,-9999.0,-9999.0,orientation,color,size,0.3400000000000001,6.5,18,female,1,1913.8339991000003,0,22
2940,-9999.0,-9999.0,-9999.0,-9999.0,-9999.0,-9999.0,-9999.0,-9999.0,-9999.0,orientation,color,size,0.3400000000000001,6.5,18,female,1,1913.8339991000003,0,22
2941,-9999.0,-9999.0,-9999.0,-9999.0,-9999.0,-9999.0,-9999.0,-9999.0,-9999.0,orientation,color,size,0.3400000000000001,6.5,18,female,1,1913.8339991000003,0,22
2942,-9999.0,-9999.0,-9999.0,-9999.0,-9999.0,-9999.0,-9999.0,-9999.0,-9999.0,orientation,color,size,0.3400000000000001,6.5,18,female,1,1913.8339991000003,0,22
2943,-9999.0,-9999.0,-9999.0,-9999.0,-9999.0,-9999.0,-9999.0,-9999.0,-9999.0,orientation,color,size,0.3400000000000001,6.5,18,female,1,1913.8339991000003,0,22
2944,-9999.0,-9999.0,-9999.0,-9999.0,-9999.0,-9999.0,-9999.0,-9999.0,-9999.0,orientation,color,size,0.3400000000000001,6.5,18,female,1,1913.8339991000003,0,22
2945,-9999.0,-9999.0,-9999.0,-9999.0,-9999.0,-9999.0,-9999.0,-9999.0,-9999.0,orientation,color,size,0.3400000000000001,6.5,18,female,1,1913.8339991000003,0,22
2946,-9999.0,-9999.0,-9999.0,-9999.0,-9999.0,-9999.0,-9999.0,-9999.0,-9999.0,orientation,color,size,0.3400000000000001,6.5,18,female,1,1913.8339991000003,0,22
2947,-9999.0,-9999.0,-9999.0,-9999.0,-9999.0,-9999.0,-9999.0,-9999.0,-9999.0,orientation,color,size,0.3400000000000001,6.5,18,female,1,1913.8339991000003,0,22
2948,-9999.0,-9999.0,-9999.0,-9999.0,-9999.0,-9999.0,-9999.0,-9999.0,-9999.0,orientation,color,size,0.3400000000000001,6.5,18,female,1,1913.8339991000003,0,22
2949,-9999.0,-9999.0,-9999.0,-9999.0,-9999.0,-9999.0,-9999.0,-9999.0,-9999.0,orientation,color,size,0.3400000000000001,6.5,18,female,1,1913.8339991000003,0,22
2950,-9999.0,-9999.0,-9999.0,-9999.0,-9999.0,-9999.0,-9999.0,-9999.0,-9999.0,orientation,color,size,0.3400000000000001,6.5,18,female,1,1913.8339991000003,0,22
2951,-9999.0,-9999.0,-9999.0,-9999.0,-9999.0,-9999.0,-9999.0,-9999.0,-9999.0,orientation,color,size,0.3400000000000001,6.5,18,female,1,1913.8339991000003,0,22
2952,-9999.0,-9999.0,-9999.0,-9999.0,-9999.0,-9999.0,-9999.0,-9999.0,-9999.0,orientation,color,size,0.3400000000000001,6.5,18,female,1,1913.8339991000003,0,22
2953,-9999.0,-9999.0,-9999.0,-9999.0,-9999.0,-9999.0,-9999.0,-9999.0,-9999.0,orientation,color,size,0.3400000000000001,6.5,18,female,1,1913.8339991000003,0,22
2954,-9999.0,-9999.0,-9999.0,-9999.0,-9999.0,-9999.0,-9999.0,-9999.0,-9999.0,orientation,color,size,0.3400000000000001,6.5,18,female,1,1913.8339991000003,0,22
2955,-9999.0,-9999.0,-9999.0,-9999.0,-9999.0,-9999.0,-9999.0,-9999.0,-9999.0,orientation,color,size,0.3400000000000001,6.5,18,female,1,1913.8339991000003,0,22
2956,-9999.0,-9999.0,-9999.0,-9999.0,-9999.0,-9999.0,-9999.0,-9999.0,-9999.0,orientation,color,size,0.3400000000000001,6.5,18,female,1,1913.8339991000003,0,22
2957,-9999.0,-9999.0,-9999.0,-9999.0,-9999.0,-9999.0,-9999.0,-9999.0,-9999.0,orientation,color,size,0.3400000000000001,6.5,18,female,1,1913.8339991000003,0,22
2958,-9999.0,-9999.0,-9999.0,-9999.0,-9999.0,-9999.0,-9999.0,-9999.0,-9999.0,orientation,color,size,0.3400000000000001,6.5,18,female,1,1913.8339991000003,0,22
2959,-9999.0,-9999.0,-9999.0,-9999.0,-9999.0,-9999.0,-9999.0,-9999.0,-9999.0,orientation,color,size,0.3400000000000001,6.5,18,female,1,1913.8339991000003,0,22
2960,-9999.0,-9999.0,-9999.0,-9999.0,-9999.0,-9999.0,-9999.0,-9999.0,-9999.0,orientation,color,size,0.3400000000000001,6.5,18,female,1,1913.8339991000003,0,22
2961,-9999.0,-9999.0,-9999.0,-9999.0,-9999.0,-9999.0,-9999.0,-9999.0,-9999.0,orientation,color,size,0.3400000000000001,6.5,18,female,1,1913.8339991000003,0,22
2962,-9999.0,-9999.0,-9999.0,-9999.0,-9999.0,-9999.0,-9999.0,-9999.0,-9999.0,orientation,color,size,0.3400000000000001,6.5,18,female,1,1913.8339991000003,0,22
2963,-9999.0,-9999.0,-9999.0,-9999.0,-9999.0,-9999.0,-9999.0,-9999.0,-9999.0,orientation,color,size,0.3400000000000001,6.5,18,female,1,1913.8339991000003,0,22
2964,-9999.0,-9999.0,-9999.0,-9999.0,-9999.0,-9999.0,-9999.0,-9999.0,-9999.0,orientation,color,size,0.3400000000000001,6.5,18,female,1,1913.8339991000003,0,22
2965,-9999.0,-9999.0,-9999.0,-9999.0,-9999.0,-9999.0,-9999.0,-9999.0,-9999.0,orientation,color,size,0.3400000000000001,6.5,18,female,1,1913.8339991000003,0,22
2966,-9999.0,-9999.0,-9999.0,-9999.0,-9999.0,-9999.0,-9999.0,-9999.0,-9999.0,orientation,color,size,0.3400000000000001,6.5,18,female,1,1913.8339991000003,0,22
2967,-9999.0,-9999.0,-9999.0,-9999.0,-9999.0,-9999.0,-9999.0,-9999.0,-9999.0,orientation,color,size,0.3400000000000001,6.5,18,female,1,1913.8339991000003,0,22
2968,-9999.0,-9999.0,-9999.0,-9999.0,-9999.0,-9999.0,-9999.0,-9999.0,-9999.0,orientation,color,size,0.3400000000000001,6.5,18,female,1,1913.8339991000003,0,22
2969,-9999.0,-9999.0,-9999.0,-9999.0,-9999.0,-9999.0,-9999.0,-9999.0,-9999.0,orientation,color,size,0.3400000000000001,6.5,18,female,1,1913.8339991000003,0,22
2970,-9999.0,-9999.0,-9999.0,-9999.0,-9999.0,-9999.0,-9999.0,-9999.0,-9999.0,orientation,color,size,0.3400000000000001,6.5,18,female,1,1913.8339991000003,0,22
2971,-9999.0,-9999.0,-9999.0,-9999.0,-9999.0,-9999.0,-9999.0,-9999.0,-9999.0,orientation,color,size,0.3400000000000001,6.5,18,female,1,1913.8339991000003,0,22
2972,-9999.0,-9999.0,-9999.0,-9999.0,-9999.0,-9999.0,-9999.0,-9999.0,-9999.0,orientation,color,size,0.3400000000000001,6.5,18,female,1,1913.8339991000003,0,22
2973,-9999.0,-9999.0,-9999.0,-9999.0,-9999.0,-9999.0,-9999.0,-9999.0,-9999.0,orientation,color,size,0.3400000000000001,6.5,18,female,1,1913.8339991000003,0,22
2974,-9999.0,-9999.0,-9999.0,-9999.0,-9999.0,-9999.0,-9999.0,-9999.0,-9999.0,orientation,color,size,0.3400000000000001,6.5,18,female,1,1913.8339991000003,0,22
2975,-9999.0,-9999.0,-9999.0,-9999.0,-9999.0,-9999.0,-9999.0,-9999.0,-9999.0,orientation,color,size,0.3400000000000001,6.5,18,female,1,1913.8339991000003,0,22
2976,-9999.0,-9999.0,-9999.0,-9999.0,-9999.0,-9999.0,-9999.0,-9999.0,-9999.0,orientation,color,size,0.3400000000000001,6.5,18,female,1,1913.8339991000003,0,22
2977,-9999.0,-9999.0,-9999.0,-9999.0,-9999.0,-9999.0,-9999.0,-9999.0,-9999.0,orientation,color,size,0.3400000000000001,6.5,18,female,1,1913.8339991000003,0,22
2978,-9999.0,-9999.0,-9999.0,-9999.0,-9999.0,-9999.0,-9999.0,-9999.0,-9999.0,orientation,color,size,0.3400000000000001,6.5,18,female,1,1913.8339991000003,0,22
2979,-9999.0,-9999.0,-9999.0,-9999.0,-9999.0,-9999.0,-9999.0,-9999.0,-9999.0,orientation,color,size,0.3400000000000001,6.5,18,female,1,1913.8339991000003,0,22
2980,-9999.0,-9999.0,-9999.0,-9999.0,-9999.0,-9999.0,-9999.0,-9999.0,-9999.0,orientation,color,size,0.3400000000000001,6.5,18,female,1,1913.8339991000003,0,22
2981,-9999.0,-9999.0,-9999.0,-9999.0,-9999.0,-9999.0,-9999.0,-9999.0,-9999.0,orientation,color,size,0.3400000000000001,6.5,18,female,1,1913.8339991000003,0,22
2982,-9999.0,-9999.0,-9999.0,-9999.0,-9999.0,-9999.0,-9999.0,-9999.0,-9999.0,orientation,color,size,0.3400000000000001,6.5,18,female,1,1913.8339991000003,0,22
2983,-9999.0,-9999.0,-9999.0,-9999.0,-9999.0,-9999.0,-9999.0,-9999.0,-9999.0,orientation,color,size,0.3400000000000001,6.5,18,female,1,1913.8339991000003,0,22
2984,-9999.0,-9999.0,-9999.0,-9999.0,-9999.0,-9999.0,-9999.0,-9999.0,-9999.0,orientation,color,size,0.3400000000000001,6.5,18,female,1,1913.8339991000003,0,22
2985,-9999.0,-9999.0,-9999.0,-9999.0,-9999.0,-9999.0,-9999.0,-9999.0,-9999.0,orientation,color,size,0.3400000000000001,6.5,18,female,1,1913.8339991000003,0,22
2986,-9999.0,-9999.0,-9999.0,-9999.0,-9999.0,-9999.0,-9999.0,-9999.0,-9999.0,orientation,color,size,0.3400000000000001,6.5,18,female,1,1913.8339991000003,0,22
2987,-9999.0,-9999.0,-9999.0,-9999.0,-9999.0,-9999.0,-9999.0,-9999.0,-9999.0,orientation,color,size,0.3400000000000001,6.5,18,female,1,1913.8339991000003,0,22
2988,-9999.0,-9999.0,-9999.0,-9999.0,-9999.0,-9999.0,-9999.0,-9999.0,-9999.0,orientation,color,size,0.3400000000000001,6.5,18,female,1,1913.8339991000003,0,22
2989,-9999.0,-9999.0,-9999.0,-9999.0,-9999.0,-9999.0,-9999.0,-9999.0,-9999.0,orientation,color,size,0.3400000000000001,6.5,18,female,1,1913.8339991000003,0,22
2990,-9999.0,-9999.0,-9999.0,-9999.0,-9999.0,-9999.0,-9999.0,-9999.0,-9999.0,orientation,color,size,0.3400000000000001,6.5,18,female,1,1913.8339991000003,0,22
2991,-9999.0,-9999.0,-9999.0,-9999.0,-9999.0,-9999.0,-9999.0,-9999.0,-9999.0,orientation,color,size,0.3400000000000001,6.5,18,female,1,1913.8339991000003,0,22
2992,-9999.0,-9999.0,-9999.0,-9999.0,-9999.0,-9999.0,-9999.0,-9999.0,-9999.0,orientation,color,size,0.3400000000000001,6.5,18,female,1,1913.8339991000003,0,22
2993,-9999.0,-9999.0,-9999.0,-9999.0,-9999.0,-9999.0,-9999.0,-9999.0,-9999.0,orientation,color,size,0.3400000000000001,6.5,18,female,1,1913.8339991000003,0,22
2994,-9999.0,-9999.0,-9999.0,-9999.0,-9999.0,-9999.0,-9999.0,-9999.0,-9999.0,orientation,color,size,0.3400000000000001,6.5,18,female,1,1913.8339991000003,0,22
2995,-9999.0,-9999.0,-9999.0,-9999.0,-9999.0,-9999.0,-9999.0,-9999.0,-9999.0,orientation,color,size,0.3400000000000001,6.5,18,female,1,1913.8339991000003,0,22
2996,-9999.0,-9999.0,-9999.0,-9999.0,-9999.0,-9999.0,-9999.0,-9999.0,-9999.0,orientation,color,size,0.3400000000000001,6.5,18,female,1,1913.8339991000003,0,22
2997,-9999.0,-9999.0,-9999.0,-9999.0,-9999.0,-9999.0,-9999.0,-9999.0,-9999.0,orientation,color,size,0.3400000000000001,6.5,18,female,1,1913.8339991000003,0,22
2998,-9999.0,-9999.0,-9999.0,-9999.0,-9999.0,-9999.0,-9999.0,-9999.0,-9999.0,orientation,color,size,0.3400000000000001,6.5,18,female,1,1913.8339991000003,0,22
2999,-9999.0,-9999.0,-9999.0,-9999.0,-9999.0,-9999.0,-9999.0,-9999.0,-9999.0,orientation,color,size,0.3400000000000001,6.5,18,female,1,1913.8339991000003,0,22
3000,-9999.0,-9999.0,-9999.0,-9999.0,-9999.0,-9999.0,-9999.0,-9999.0,-9999.0,orientation,color,size,0.3400000000000001,6.5,18,female,1,1913.8339991000003,0,22
3001,-9999.0,-9999.0,-9999.0,-9999.0,-9999.0,-9999.0,-9999.0,-9999.0,-9999.0,orientation,color,size,0.3400000000000001,6.5,18,female,1,1913.8339991000003,0,22
3002,-9999.0,-9999.0,-9999.0,-9999.0,-9999.0,-9999.0,-9999.0,-9999.0,-9999.0,orientation,color,size,0.3400000000000001,6.5,18,female,1,1913.8339991000003,0,22
3003,-9999.0,-9999.0,-9999.0,-9999.0,-9999.0,-9999.0,-9999.0,-9999.0,-9999.0,orientation,color,size,0.3400000000000001,6.5,18,female,1,1913.8339991000003,0,22
3004,-9999.0,-9999.0,-9999.0,-9999.0,-9999.0,-9999.0,-9999.0,-9999.0,-9999.0,orientation,color,size,0.3400000000000001,6.5,18,female,1,1913.8339991000003,0,22
3005,-9999.0,-9999.0,-9999.0,-9999.0,-9999.0,-9999.0,-9999.0,-9999.0,-9999.0,orientation,color,size,0.3400000000000001,6.5,18,female,1,1913.8339991000003,0,22
3006,-9999.0,-9999.0,-9999.0,-9999.0,-9999.0,-9999.0,-9999.0,-9999.0,-9999.0,orientation,color,size,0.3400000000000001,6.5,18,female,1,1913.8339991000003,0,22
3007,-9999.0,-9999.0,-9999.0,-9999.0,-9999.0,-9999.0,-9999.0,-9999.0,-9999.0,orientation,color,size,0.3400000000000001,6.5,18,female,1,1913.8339991000003,0,22
3008,-9999.0,-9999.0,-9999.0,-9999.0,-9999.0,-9999.0,-9999.0,-9999.0,-9999.0,orientation,color,size,0.3400000000000001,6.5,18,female,1,1913.8339991000003,0,22
3009,-9999.0,-9999.0,-9999.0,-9999.0,-9999.0,-9999.0,-9999.0,-9999.0,-9999.0,orientation,color,size,0.3400000000000001,6.5,18,female,1,1913.8339991000003,0,22
3010,-9999.0,-9999.0,-9999.0,-9999.0,-9999.0,-9999.0,-9999.0,-9999.0,-9999.0,orientation,color,size,0.3400000000000001,6.5,18,female,1,1913.8339991000003,0,22
3011,-9999.0,-9999.0,-9999.0,-9999.0,-9999.0,-9999.0,-9999.0,-9999.0,-9999.0,orientation,color,size,0.3400000000000001,6.5,18,female,1,1913.8339991000003,0,22
3012,-9999.0,-9999.0,-9999.0,-9999.0,-9999.0,-9999.0,-9999.0,-9999.0,-9999.0,orientation,color,size,0.3400000000000001,6.5,18,female,1,1913.8339991000003,0,22
3013,-9999.0,-9999.0,-9999.0,-9999.0,-9999.0,-9999.0,-9999.0,-9999.0,-9999.0,orientation,color,size,0.3400000000000001,6.5,18,female,1,1913.8339991000003,0,22
3014,-9999.0,-9999.0,-9999.0,-9999.0,-9999.0,-9999.0,-9999.0,-9999.0,-9999.0,orientation,color,size,0.3400000000000001,6.5,18,female,1,1913.8339991000003,0,22
3015,-9999.0,-9999.0,-9999.0,-9999.0,-9999.0,-9999.0,-9999.0,-9999.0,-9999.0,orientation,color,size,0.3400000000000001,6.5,18,female,1,1913.8339991000003,0,22
3016,-9999.0,-9999.0,-9999.0,-9999.0,-9999.0,-9999.0,-9999.0,-9999.0,-9999.0,orientation,color,size,0.3400000000000001,6.5,18,female,1,1913.8339991000003,0,22
3017,-9999.0,-9999.0,-9999.0,-9999.0,-9999.0,-9999.0,-9999.0,-9999.0,-9999.0,orientation,color,size,0.3400000000000001,6.5,18,female,1,1913.8339991000003,0,22
3018,-9999.0,-9999.0,-9999.0,-9999.0,-9999.0,-9999.0,-9999.0,-9999.0,-9999.0,orientation,color,size,0.3400000000000001,6.5,18,female,1,1913.8339991000003,0,22
3019,-9999.0,-9999.0,-9999.0,-9999.0,-9999.0,-9999.0,-9999.0,-9999.0,-9999.0,orientation,color,size,0.3400000000000001,6.5,18,female,1,1913.8339991000003,0,22
3020,-9999.0,-9999.0,-9999.0,-9999.0,-9999.0,-9999.0,-9999.0,-9999.0,-9999.0,orientation,color,size,0.3400000000000001,6.5,18,female,1,1913.8339991000003,0,22
3021,-9999.0,-9999.0,-9999.0,-9999.0,-9999.0,-9999.0,-9999.0,-9999.0,-9999.0,orientation,color,size,0.3400000000000001,6.5,18,female,1,1913.8339991000003,0,22
3022,-9999.0,-9999.0,-9999.0,-9999.0,-9999.0,-9999.0,-9999.0,-9999.0,-9999.0,orientation,color,size,0.3400000000000001,6.5,18,female,1,1913.8339991000003,0,22
3023,-9999.0,-9999.0,-9999.0,-9999.0,-9999.0,-9999.0,-9999.0,-9999.0,-9999.0,orientation,color,size,0.3400000000000001,6.5,18,female,1,1913.8339991000003,0,22
3024,-9999.0,-9999.0,-9999.0,-9999.0,-9999.0,-9999.0,-9999.0,-9999.0,-9999.0,orientation,color,size,0.3400000000000001,6.5,18,female,1,1913.8339991000003,0,22
3025,-9999.0,-9999.0,-9999.0,-9999.0,-9999.0,-9999.0,-9999.0,-9999.0,-9999.0,orientation,color,size,0.3400000000000001,6.5,18,female,1,1913.8339991000003,0,22
3026,-9999.0,-9999.0,-9999.0,-9999.0,-9999.0,-9999.0,-9999.0,-9999.0,-9999.0,orientation,color,size,0.3400000000000001,6.5,18,female,1,1913.8339991000003,0,22
3027,-9999.0,-9999.0,-9999.0,-9999.0,-9999.0,-9999.0,-9999.0,-9999.0,-9999.0,orientation,color,size,0.3400000000000001,6.5,18,female,1,1913.8339991000003,0,22
3028,-9999.0,-9999.0,-9999.0,-9999.0,-9999.0,-9999.0,-9999.0,-9999.0,-9999.0,orientation,color,size,0.3400000000000001,6.5,18,female,1,1913.8339991000003,0,22
3029,-9999.0,-9999.0,-9999.0,-9999.0,-9999.0,-9999.0,-9999.0,-9999.0,-9999.0,orientation,color,size,0.3400000000000001,6.5,18,female,1,1913.8339991000003,0,22
3030,-9999.0,-9999.0,-9999.0,-9999.0,-9999.0,-9999.0,-9999.0,-9999.0,-9999.0,orientation,color,size,0.3400000000000001,6.5,18,female,1,1913.8339991000003,0,22
3031,-9999.0,-9999.0,-9999.0,-9999.0,-9999.0,-9999.0,-9999.0,-9999.0,-9999.0,orientation,color,size,0.3400000000000001,6.5,18,female,1,1913.8339991000003,0,22
3032,-9999.0,-9999.0,-9999.0,-9999.0,-9999.0,-9999.0,-9999.0,-9999.0,-9999.0,orientation,color,size,0.3400000000000001,6.5,18,female,1,1913.8339991000003,0,22
3033,-9999.0,-9999.0,-9999.0,-9999.0,-9999.0,-9999.0,-9999.0,-9999.0,-9999.0,orientation,color,size,0.3400000000000001,6.5,18,female,1,1913.8339991000003,0,22
3034,-9999.0,-9999.0,-9999.0,-9999.0,-9999.0,-9999.0,-9999.0,-9999.0,-9999.0,orientation,color,size,0.3400000000000001,6.5,18,female,1,1913.8339991000003,0,22
3035,-9999.0,-9999.0,-9999.0,-9999.0,-9999.0,-9999.0,-9999.0,-9999.0,-9999.0,orientation,color,size,0.3400000000000001,6.5,18,female,1,1913.8339991000003,0,22
3036,-9999.0,-9999.0,-9999.0,-9999.0,-9999.0,-9999.0,-9999.0,-9999.0,-9999.0,orientation,color,size,0.3400000000000001,6.5,18,female,1,1913.8339991000003,0,22
3037,-9999.0,-9999.0,-9999.0,-9999.0,-9999.0,-9999.0,-9999.0,-9999.0,-9999.0,orientation,color,size,0.3400000000000001,6.5,18,female,1,1913.8339991000003,0,22
3038,-9999.0,-9999.0,-9999.0,-9999.0,-9999.0,-9999.0,-9999.0,-9999.0,-9999.0,orientation,color,size,0.3400000000000001,6.5,18,female,1,1913.8339991000003,0,22
3039,-9999.0,-9999.0,-9999.0,-9999.0,-9999.0,-9999.0,-9999.0,-9999.0,-9999.0,orientation,color,size,0.3400000000000001,6.5,18,female,1,1913.8339991000003,0,22
3040,-9999.0,-9999.0,-9999.0,-9999.0,-9999.0,-9999.0,-9999.0,-9999.0,-9999.0,orientation,color,size,0.3400000000000001,6.5,18,female,1,1913.8339991000003,0,22
3041,-9999.0,-9999.0,-9999.0,-9999.0,-9999.0,-9999.0,-9999.0,-9999.0,-9999.0,orientation,color,size,0.3400000000000001,6.5,18,female,1,1913.8339991000003,0,22
3042,-9999.0,-9999.0,-9999.0,-9999.0,-9999.0,-9999.0,-9999.0,-9999.0,-9999.0,orientation,color,size,0.3400000000000001,6.5,18,female,1,1913.8339991000003,0,22
3043,-9999.0,-9999.0,-9999.0,-9999.0,-9999.0,-9999.0,-9999.0,-9999.0,-9999.0,orientation,color,size,0.3400000000000001,6.5,18,female,1,1913.8339991000003,0,22
3044,-9999.0,-9999.0,-9999.0,-9999.0,-9999.0,-9999.0,-9999.0,-9999.0,-9999.0,orientation,color,size,0.3400000000000001,6.5,18,female,1,1913.8339991000003,0,22
3045,-9999.0,-9999.0,-9999.0,-9999.0,-9999.0,-9999.0,-9999.0,-9999.0,-9999.0,orientation,color,size,0.3400000000000001,6.5,18,female,1,1913.8339991000003,0,22
3046,-9999.0,-9999.0,-9999.0,-9999.0,-9999.0,-9999.0,-9999.0,-9999.0,-9999.0,orientation,color,size,0.3400000000000001,6.5,18,female,1,1913.8339991000003,0,22
3047,-9999.0,-9999.0,-9999.0,-9999.0,-9999.0,-9999.0,-9999.0,-9999.0,-9999.0,orientation,color,size,0.3400000000000001,6.5,18,female,1,1913.8339991000003,0,22
3048,-9999.0,-9999.0,-9999.0,-9999.0,-9999.0,-9999.0,-9999.0,-9999.0,-9999.0,orientation,color,size,0.3400000000000001,6.5,18,female,1,1913.8339991000003,0,22
3049,-9999.0,-9999.0,-9999.0,-9999.0,-9999.0,-9999.0,-9999.0,-9999.0,-9999.0,orientation,color,size,0.3400000000000001,6.5,18,female,1,1913.8339991000003,0,22
3050,-9999.0,-9999.0,-9999.0,-9999.0,-9999.0,-9999.0,-9999.0,-9999.0,-9999.0,orientation,color,size,0.3400000000000001,6.5,18,female,1,1913.8339991000003,0,22
3051,-9999.0,-9999.0,-9999.0,-9999.0,-9999.0,-9999.0,-9999.0,-9999.0,-9999.0,orientation,color,size,0.3400000000000001,6.5,18,female,1,1913.8339991000003,0,22
3052,-9999.0,-9999.0,-9999.0,-9999.0,-9999.0,-9999.0,-9999.0,-9999.0,-9999.0,orientation,color,size,0.3400000000000001,6.5,18,female,1,1913.8339991000003,0,22
3053,-9999.0,-9999.0,-9999.0,-9999.0,-9999.0,-9999.0,-9999.0,-9999.0,-9999.0,orientation,color,size,0.3400000000000001,6.5,18,female,1,1913.8339991000003,0,22
3054,-9999.0,-9999.0,-9999.0,-9999.0,-9999.0,-9999.0,-9999.0,-9999.0,-9999.0,orientation,color,size,0.3400000000000001,6.5,18,female,1,1913.8339991000003,0,22
3055,-9999.0,-9999.0,-9999.0,-9999.0,-9999.0,-9999.0,-9999.0,-9999.0,-9999.0,orientation,color,size,0.3400000000000001,6.5,18,female,1,1913.8339991000003,0,22
3056,-9999.0,-9999.0,-9999.0,-9999.0,-9999.0,-9999.0,-9999.0,-9999.0,-9999.0,orientation,color,size,0.3400000000000001,6.5,18,female,1,1913.8339991000003,0,22
3057,-9999.0,-9999.0,-9999.0,-9999.0,-9999.0,-9999.0,-9999.0,-9999.0,-9999.0,orientation,color,size,0.3400000000000001,6.5,18,female,1,1913.8339991000003,0,22
3058,-9999.0,-9999.0,-9999.0,-9999.0,-9999.0,-9999.0,-9999.0,-9999.0,-9999.0,orientation,color,size,0.3400000000000001,6.5,18,female,1,1913.8339991000003,0,22
3059,-9999.0,-9999.0,-9999.0,-9999.0,-9999.0,-9999.0,-9999.0,-9999.0,-9999.0,orientation,color,size,0.3400000000000001,6.5,18,female,1,1913.8339991000003,0,22
3060,-9999.0,-9999.0,-9999.0,-9999.0,-9999.0,-9999.0,-9999.0,-9999.0,-9999.0,orientation,color,size,0.3400000000000001,6.5,18,female,1,1913.8339991000003,0,22
3061,-9999.0,-9999.0,-9999.0,-9999.0,-9999.0,-9999.0,-9999.0,-9999.0,-9999.0,orientation,color,size,0.3400000000000001,6.5,18,female,1,1913.8339991000003,0,22
3062,-9999.0,-9999.0,-9999.0,-9999.0,-9999.0,-9999.0,-9999.0,-9999.0,-9999.0,orientation,color,size,0.3400000000000001,6.5,18,female,1,1913.8339991000003,0,22
3063,-9999.0,-9999.0,-9999.0,-9999.0,-9999.0,-9999.0,-9999.0,-9999.0,-9999.0,orientation,color,size,0.3400000000000001,6.5,18,female,1,1913.8339991000003,0,22
3064,-9999.0,-9999.0,-9999.0,-9999.0,-9999.0,-9999.0,-9999.0,-9999.0,-9999.0,orientation,color,size,0.3400000000000001,6.5,18,female,1,1913.8339991000003,0,22
3065,-9999.0,-9999.0,-9999.0,-9999.0,-9999.0,-9999.0,-9999.0,-9999.0,-9999.0,orientation,color,size,0.3400000000000001,6.5,18,female,1,1913.8339991000003,0,22
3066,-9999.0,-9999.0,-9999.0,-9999.0,-9999.0,-9999.0,-9999.0,-9999.0,-9999.0,orientation,color,size,0.3400000000000001,6.5,18,female,1,1913.8339991000003,0,22
3067,-9999.0,-9999.0,-9999.0,-9999.0,-9999.0,-9999.0,-9999.0,-9999.0,-9999.0,orientation,color,size,0.3400000000000001,6.5,18,female,1,1913.8339991000003,0,22
3068,-9999.0,-9999.0,-9999.0,-9999.0,-9999.0,-9999.0,-9999.0,-9999.0,-9999.0,orientation,color,size,0.3400000000000001,6.5,18,female,1,1913.8339991000003,0,22
3069,-9999.0,-9999.0,-9999.0,-9999.0,-9999.0,-9999.0,-9999.0,-9999.0,-9999.0,orientation,color,size,0.3400000000000001,6.5,18,female,1,1913.8339991000003,0,22
3070,-9999.0,-9999.0,-9999.0,-9999.0,-9999.0,-9999.0,-9999.0,-9999.0,-9999.0,orientation,color,size,0.3400000000000001,6.5,18,female,1,1913.8339991000003,0,22
3071,-9999.0,-9999.0,-9999.0,-9999.0,-9999.0,-9999.0,-9999.0,-9999.0,-9999.0,orientation,color,size,0.3400000000000001,6.5,18,female,1,1913.8339991000003,0,22
3072,-9999.0,-9999.0,-9999.0,-9999.0,-9999.0,-9999.0,-9999.0,-9999.0,-9999.0,orientation,color,size,0.3400000000000001,6.5,18,female,1,1913.8339991000003,0,22
3073,-9999.0,-9999.0,-9999.0,-9999.0,-9999.0,-9999.0,-9999.0,-9999.0,-9999.0,orientation,color,size,0.3400000000000001,6.5,18,female,1,1913.8339991000003,0,22
3074,-9999.0,-9999.0,-9999.0,-9999.0,-9999.0,-9999.0,-9999.0,-9999.0,-9999.0,orientation,color,size,0.3400000000000001,6.5,18,female,1,1913.8339991000003,0,22
3075,-9999.0,-9999.0,-9999.0,-9999.0,-9999.0,-9999.0,-9999.0,-9999.0,-9999.0,orientation,color,size,0.3400000000000001,6.5,18,female,1,1913.8339991000003,0,22
3076,-9999.0,-9999.0,-9999.0,-9999.0,-9999.0,-9999.0,-9999.0,-9999.0,-9999.0,orientation,color,size,0.3400000000000001,6.5,18,female,1,1913.8339991000003,0,22
3077,-9999.0,-9999.0,-9999.0,-9999.0,-9999.0,-9999.0,-9999.0,-9999.0,-9999.0,orientation,color,size,0.3400000000000001,6.5,18,female,1,1913.8339991000003,0,22
3078,-9999.0,-9999.0,-9999.0,-9999.0,-9999.0,-9999.0,-9999.0,-9999.0,-9999.0,orientation,color,size,0.3400000000000001,6.5,18,female,1,1913.8339991000003,0,22
3079,-9999.0,-9999.0,-9999.0,-9999.0,-9999.0,-9999.0,-9999.0,-9999.0,-9999.0,orientation,color,size,0.3400000000000001,6.5,18,female,1,1913.8339991000003,0,22
3080,-9999.0,-9999.0,-9999.0,-9999.0,-9999.0,-9999.0,-9999.0,-9999.0,-9999.0,orientation,color,size,0.3400000000000001,6.5,18,female,1,1913.8339991000003,0,22
3081,-9999.0,-9999.0,-9999.0,-9999.0,-9999.0,-9999.0,-9999.0,-9999.0,-9999.0,orientation,color,size,0.3400000000000001,6.5,18,female,1,1913.8339991000003,0,22
3082,-9999.0,-9999.0,-9999.0,-9999.0,-9999.0,-9999.0,-9999.0,-9999.0,-9999.0,orientation,color,size,0.3400000000000001,6.5,18,female,1,1913.8339991000003,0,22
3083,-9999.0,-9999.0,-9999.0,-9999.0,-9999.0,-9999.0,-9999.0,-9999.0,-9999.0,orientation,color,size,0.3400000000000001,6.5,18,female,1,1913.8339991000003,0,22
3084,-9999.0,-9999.0,-9999.0,-9999.0,-9999.0,-9999.0,-9999.0,-9999.0,-9999.0,orientation,color,size,0.3400000000000001,6.5,18,female,1,1913.8339991000003,0,22
3085,-9999.0,-9999.0,-9999.0,-9999.0,-9999.0,-9999.0,-9999.0,-9999.0,-9999.0,orientation,color,size,0.3400000000000001,6.5,18,female,1,1913.8339991000003,0,22
3086,-9999.0,-9999.0,-9999.0,-9999.0,-9999.0,-9999.0,-9999.0,-9999.0,-9999.0,orientation,color,size,0.3400000000000001,6.5,18,female,1,1913.8339991000003,0,22
3087,-9999.0,-9999.0,-9999.0,-9999.0,-9999.0,-9999.0,-9999.0,-9999.0,-9999.0,orientation,color,size,0.3400000000000001,6.5,18,female,1,1913.8339991000003,0,22
3088,-9999.0,-9999.0,-9999.0,-9999.0,-9999.0,-9999.0,-9999.0,-9999.0,-9999.0,orientation,color,size,0.3400000000000001,6.5,18,female,1,1913.8339991000003,0,22
3089,-9999.0,-9999.0,-9999.0,-9999.0,-9999.0,-9999.0,-9999.0,-9999.0,-9999.0,orientation,color,size,0.3400000000000001,6.5,18,female,1,1913.8339991000003,0,22
3090,-9999.0,-9999.0,-9999.0,-9999.0,-9999.0,-9999.0,-9999.0,-9999.0,-9999.0,orientation,color,size,0.3400000000000001,6.5,18,female,1,1913.8339991000003,0,22
3091,-9999.0,-9999.0,-9999.0,-9999.0,-9999.0,-9999.0,-9999.0,-9999.0,-9999.0,orientation,color,size,0.3400000000000001,6.5,18,female,1,1913.8339991000003,0,22
3092,-9999.0,-9999.0,-9999.0,-9999.0,-9999.0,-9999.0,-9999.0,-9999.0,-9999.0,orientation,color,size,0.3400000000000001,6.5,18,female,1,1913.8339991000003,0,22
3093,-9999.0,-9999.0,-9999.0,-9999.0,-9999.0,-9999.0,-9999.0,-9999.0,-9999.0,orientation,color,size,0.3400000000000001,6.5,18,female,1,1913.8339991000003,0,22
3094,-9999.0,-9999.0,-9999.0,-9999.0,-9999.0,-9999.0,-9999.0,-9999.0,-9999.0,orientation,color,size,0.3400000000000001,6.5,18,female,1,1913.8339991000003,0,22
3095,-9999.0,-9999.0,-9999.0,-9999.0,-9999.0,-9999.0,-9999.0,-9999.0,-9999.0,orientation,color,size,0.3400000000000001,6.5,18,female,1,1913.8339991000003,0,22
3096,-9999.0,-9999.0,-9999.0,-9999.0,-9999.0,-9999.0,-9999.0,-9999.0,-9999.0,orientation,color,size,0.3400000000000001,6.5,18,female,1,1913.8339991000003,0,22
3097,-9999.0,-9999.0,-9999.0,-9999.0,-9999.0,-9999.0,-9999.0,-9999.0,-9999.0,orientation,color,size,0.3400000000000001,6.5,18,female,1,1913.8339991000003,0,22
3098,-9999.0,-9999.0,-9999.0,-9999.0,-9999.0,-9999.0,-9999.0,-9999.0,-9999.0,orientation,color,size,0.3400000000000001,6.5,18,female,1,1913.8339991000003,0,22
3099,-9999.0,-9999.0,-9999.0,-9999.0,-9999.0,-9999.0,-9999.0,-9999.0,-9999.0,orientation,color,size,0.3400000000000001,6.5,18,female,1,1913.8339991000003,0,22
3100,-9999.0,-9999.0,-9999.0,-9999.0,-9999.0,-9999.0,-9999.0,-9999.0,-9999.0,orientation,color,size,0.3400000000000001,6.5,18,female,1,1913.8339991000003,0,22
3101,-9999.0,-9999.0,-9999.0,-9999.0,-9999.0,-9999.0,-9999.0,-9999.0,-9999.0,orientation,color,size,0.3400000000000001,6.5,18,female,1,1913.8339991000003,0,22
3102,-9999.0,-9999.0,-9999.0,-9999.0,-9999.0,-9999.0,-9999.0,-9999.0,-9999.0,orientation,color,size,0.3400000000000001,6.5,18,female,1,1913.8339991000003,0,22
3103,-9999.0,-9999.0,-9999.0,-9999.0,-9999.0,-9999.0,-9999.0,-9999.0,-9999.0,orientation,color,size,0.3400000000000001,6.5,18,female,1,1913.8339991000003,0,22
3104,-9999.0,-9999.0,-9999.0,-9999.0,-9999.0,-9999.0,-9999.0,-9999.0,-9999.0,orientation,color,size,0.3400000000000001,6.5,18,female,1,1913.8339991000003,0,22
3105,-9999.0,-9999.0,-9999.0,-9999.0,-9999.0,-9999.0,-9999.0,-9999.0,-9999.0,orientation,color,size,0.3400000000000001,6.5,18,female,1,1913.8339991000003,0,22
3106,-9999.0,-9999.0,-9999.0,-9999.0,-9999.0,-9999.0,-9999.0,-9999.0,-9999.0,orientation,color,size,0.3400000000000001,6.5,18,female,1,1913.8339991000003,0,22
3107,-9999.0,-9999.0,-9999.0,-9999.0,-9999.0,-9999.0,-9999.0,-9999.0,-9999.0,orientation,color,size,0.3400000000000001,6.5,18,female,1,1913.8339991000003,0,22
3108,-9999.0,-9999.0,-9999.0,-9999.0,-9999.0,-9999.0,-9999.0,-9999.0,-9999.0,orientation,color,size,0.3400000000000001,6.5,18,female,1,1913.8339991000003,0,22
3109,-9999.0,-9999.0,-9999.0,-9999.0,-9999.0,-9999.0,-9999.0,-9999.0,-9999.0,orientation,color,size,0.3400000000000001,6.5,18,female,1,1913.8339991000003,0,22
3110,-9999.0,-9999.0,-9999.0,-9999.0,-9999.0,-9999.0,-9999.0,-9999.0,-9999.0,orientation,color,size,0.3400000000000001,6.5,18,female,1,1913.8339991000003,0,22
3111,-9999.0,-9999.0,-9999.0,-9999.0,-9999.0,-9999.0,-9999.0,-9999.0,-9999.0,orientation,color,size,0.3400000000000001,6.5,18,female,1,1913.8339991000003,0,22
3112,-9999.0,-9999.0,-9999.0,-9999.0,-9999.0,-9999.0,-9999.0,-9999.0,-9999.0,orientation,color,size,0.3400000000000001,6.5,18,female,1,1913.8339991000003,0,22
3113,-9999.0,-9999.0,-9999.0,-9999.0,-9999.0,-9999.0,-9999.0,-9999.0,-9999.0,orientation,color,size,0.3400000000000001,6.5,18,female,1,1913.8339991000003,0,22
3114,-9999.0,-9999.0,-9999.0,-9999.0,-9999.0,-9999.0,-9999.0,-9999.0,-9999.0,orientation,color,size,0.3400000000000001,6.5,18,female,1,1913.8339991000003,0,22
3115,-9999.0,-9999.0,-9999.0,-9999.0,-9999.0,-9999.0,-9999.0,-9999.0,-9999.0,orientation,color,size,0.3400000000000001,6.5,18,female,1,1913.8339991000003,0,22
3116,-9999.0,-9999.0,-9999.0,-9999.0,-9999.0,-9999.0,-9999.0,-9999.0,-9999.0,orientation,color,size,0.3400000000000001,6.5,18,female,1,1913.8339991000003,0,22
3117,-9999.0,-9999.0,-9999.0,-9999.0,-9999.0,-9999.0,-9999.0,-9999.0,-9999.0,orientation,color,size,0.3400000000000001,6.5,18,female,1,1913.8339991000003,0,22
3118,-9999.0,-9999.0,-9999.0,-9999.0,-9999.0,-9999.0,-9999.0,-9999.0,-9999.0,orientation,color,size,0.3400000000000001,6.5,18,female,1,1913.8339991000003,0,22
3119,-9999.0,-9999.0,-9999.0,-9999.0,-9999.0,-9999.0,-9999.0,-9999.0,-9999.0,orientation,color,size,0.3400000000000001,6.5,18,female,1,1913.8339991000003,0,22
3120,-9999.0,-9999.0,-9999.0,-9999.0,-9999.0,-9999.0,-9999.0,-9999.0,-9999.0,orientation,color,size,0.3400000000000001,6.5,18,female,1,1913.8339991000003,0,22
3121,-9999.0,-9999.0,-9999.0,-9999.0,-9999.0,-9999.0,-9999.0,-9999.0,-9999.0,orientation,color,size,0.3400000000000001,6.5,18,female,1,1913.8339991000003,0,22
3122,-9999.0,-9999.0,-9999.0,-9999.0,-9999.0,-9999.0,-9999.0,-9999.0,-9999.0,orientation,color,size,0.3400000000000001,6.5,18,female,1,1913.8339991000003,0,22
3123,-9999.0,-9999.0,-9999.0,-9999.0,-9999.0,-9999.0,-9999.0,-9999.0,-9999.0,orientation,color,size,0.3400000000000001,6.5,18,female,1,1913.8339991000003,0,22
3124,-9999.0,-9999.0,-9999.0,-9999.0,-9999.0,-9999.0,-9999.0,-9999.0,-9999.0,orientation,color,size,0.3400000000000001,6.5,18,female,1,1913.8339991000003,0,22
3125,-9999.0,-9999.0,-9999.0,-9999.0,-9999.0,-9999.0,-9999.0,-9999.0,-9999.0,orientation,color,size,0.3400000000000001,6.5,18,female,1,1913.8339991000003,0,22
3126,-9999.0,-9999.0,-9999.0,-9999.0,-9999.0,-9999.0,-9999.0,-9999.0,-9999.0,orientation,color,size,0.3400000000000001,6.5,18,female,1,1913.8339991000003,0,22
3127,-9999.0,-9999.0,-9999.0,-9999.0,-9999.0,-9999.0,-9999.0,-9999.0,-9999.0,orientation,color,size,0.3400000000000001,6.5,18,female,1,1913.8339991000003,0,22
3128,-9999.0,-9999.0,-9999.0,-9999.0,-9999.0,-9999.0,-9999.0,-9999.0,-9999.0,orientation,color,size,0.3400000000000001,6.5,18,female,1,1913.8339991000003,0,22
3129,-9999.0,-9999.0,-9999.0,-9999.0,-9999.0,-9999.0,-9999.0,-9999.0,-9999.0,orientation,color,size,0.3400000000000001,6.5,18,female,1,1913.8339991000003,0,22
3130,-9999.0,-9999.0,-9999.0,-9999.0,-9999.0,-9999.0,-9999.0,-9999.0,-9999.0,orientation,color,size,0.3400000000000001,6.5,18,female,1,1913.8339991000003,0,22
3131,-9999.0,-9999.0,-9999.0,-9999.0,-9999.0,-9999.0,-9999.0,-9999.0,-9999.0,orientation,color,size,0.3400000000000001,6.5,18,female,1,1913.8339991000003,0,22
3132,-9999.0,-9999.0,-9999.0,-9999.0,-9999.0,-9999.0,-9999.0,-9999.0,-9999.0,orientation,color,size,0.3400000000000001,6.5,18,female,1,1913.8339991000003,0,22
3133,-9999.0,-9999.0,-9999.0,-9999.0,-9999.0,-9999.0,-9999.0,-9999.0,-9999.0,orientation,color,size,0.3400000000000001,6.5,18,female,1,1913.8339991000003,0,22
3134,-9999.0,-9999.0,-9999.0,-9999.0,-9999.0,-9999.0,-9999.0,-9999.0,-9999.0,orientation,color,size,0.3400000000000001,6.5,18,female,1,1913.8339991000003,0,22
3135,-9999.0,-9999.0,-9999.0,-9999.0,-9999.0,-9999.0,-9999.0,-9999.0,-9999.0,orientation,color,size,0.3400000000000001,6.5,18,female,1,1913.8339991000003,0,22
3136,-9999.0,-9999.0,-9999.0,-9999.0,-9999.0,-9999.0,-9999.0,-9999.0,-9999.0,orientation,color,size,0.3400000000000001,6.5,18,female,1,1913.8339991000003,0,22
3137,-9999.0,-9999.0,-9999.0,-9999.0,-9999.0,-9999.0,-9999.0,-9999.0,-9999.0,orientation,color,size,0.3400000000000001,6.5,18,female,1,1913.8339991000003,0,22
3138,-9999.0,-9999.0,-9999.0,-9999.0,-9999.0,-9999.0,-9999.0,-9999.0,-9999.0,orientation,color,size,0.3400000000000001,6.5,18,female,1,1913.8339991000003,0,22
3139,-9999.0,-9999.0,-9999.0,-9999.0,-9999.0,-9999.0,-9999.0,-9999.0,-9999.0,orientation,color,size,0.3400000000000001,6.5,18,female,1,1913.8339991000003,0,22
3140,-9999.0,-9999.0,-9999.0,-9999.0,-9999.0,-9999.0,-9999.0,-9999.0,-9999.0,orientation,color,size,0.3400000000000001,6.5,18,female,1,1913.8339991000003,0,22
3141,-9999.0,-9999.0,-9999.0,-9999.0,-9999.0,-9999.0,-9999.0,-9999.0,-9999.0,orientation,color,size,0.3400000000000001,6.5,18,female,1,1913.8339991000003,0,22
3142,-9999.0,-9999.0,-9999.0,-9999.0,-9999.0,-9999.0,-9999.0,-9999.0,-9999.0,orientation,color,size,0.3400000000000001,6.5,18,female,1,1913.8339991000003,0,22
3143,-9999.0,-9999.0,-9999.0,-9999.0,-9999.0,-9999.0,-9999.0,-9999.0,-9999.0,orientation,color,size,0.3400000000000001,6.5,18,female,1,1913.8339991000003,0,22
3144,-9999.0,-9999.0,-9999.0,-9999.0,-9999.0,-9999.0,-9999.0,-9999.0,-9999.0,orientation,color,size,0.3400000000000001,6.5,18,female,1,1913.8339991000003,0,22
3145,-9999.0,-9999.0,-9999.0,-9999.0,-9999.0,-9999.0,-9999.0,-9999.0,-9999.0,orientation,color,size,0.3400000000000001,6.5,18,female,1,1913.8339991000003,0,22
3146,-9999.0,-9999.0,-9999.0,-9999.0,-9999.0,-9999.0,-9999.0,-9999.0,-9999.0,orientation,color,size,0.3400000000000001,6.5,18,female,1,1913.8339991000003,0,22
3147,-9999.0,-9999.0,-9999.0,-9999.0,-9999.0,-9999.0,-9999.0,-9999.0,-9999.0,orientation,color,size,0.3400000000000001,6.5,18,female,1,1913.8339991000003,0,22
3148,-9999.0,-9999.0,-9999.0,-9999.0,-9999.0,-9999.0,-9999.0,-9999.0,-9999.0,orientation,color,size,0.3400000000000001,6.5,18,female,1,1913.8339991000003,0,22
3149,-9999.0,-9999.0,-9999.0,-9999.0,-9999.0,-9999.0,-9999.0,-9999.0,-9999.0,orientation,color,size,0.3400000000000001,6.5,18,female,1,1913.8339991000003,0,22
3150,-9999.0,-9999.0,-9999.0,-9999.0,-9999.0,-9999.0,-9999.0,-9999.0,-9999.0,orientation,color,size,0.3400000000000001,6.5,18,female,1,1913.8339991000003,0,22
3151,-9999.0,-9999.0,-9999.0,-9999.0,-9999.0,-9999.0,-9999.0,-9999.0,-9999.0,orientation,color,size,0.3400000000000001,6.5,18,female,1,1913.8339991000003,0,22
3152,-9999.0,-9999.0,-9999.0,-9999.0,-9999.0,-9999.0,-9999.0,-9999.0,-9999.0,orientation,color,size,0.3400000000000001,6.5,18,female,1,1913.8339991000003,0,22
3153,-9999.0,-9999.0,-9999.0,-9999.0,-9999.0,-9999.0,-9999.0,-9999.0,-9999.0,orientation,color,size,0.3400000000000001,6.5,18,female,1,1913.8339991000003,0,22
3154,-9999.0,-9999.0,-9999.0,-9999.0,-9999.0,-9999.0,-9999.0,-9999.0,-9999.0,orientation,color,size,0.3400000000000001,6.5,18,female,1,1913.8339991000003,0,22
3155,-9999.0,-9999.0,-9999.0,-9999.0,-9999.0,-9999.0,-9999.0,-9999.0,-9999.0,orientation,color,size,0.3400000000000001,6.5,18,female,1,1913.8339991000003,0,22
3156,-9999.0,-9999.0,-9999.0,-9999.0,-9999.0,-9999.0,-9999.0,-9999.0,-9999.0,orientation,color,size,0.3400000000000001,6.5,18,female,1,1913.8339991000003,0,22
3157,-9999.0,-9999.0,-9999.0,-9999.0,-9999.0,-9999.0,-9999.0,-9999.0,-9999.0,orientation,color,size,0.3400000000000001,6.5,18,female,1,1913.8339991000003,0,22
3158,-9999.0,-9999.0,-9999.0,-9999.0,-9999.0,-9999.0,-9999.0,-9999.0,-9999.0,orientation,color,size,0.3400000000000001,6.5,18,female,1,1913.8339991000003,0,22
3159,-9999.0,-9999.0,-9999.0,-9999.0,-9999.0,-9999.0,-9999.0,-9999.0,-9999.0,orientation,color,size,0.3400000000000001,6.5,18,female,1,1913.8339991000003,0,22
3160,-9999.0,-9999.0,-9999.0,-9999.0,-9999.0,-9999.0,-9999.0,-9999.0,-9999.0,orientation,color,size,0.3400000000000001,6.5,18,female,1,1913.8339991000003,0,22
3161,-9999.0,-9999.0,-9999.0,-9999.0,-9999.0,-9999.0,-9999.0,-9999.0,-9999.0,orientation,color,size,0.3400000000000001,6.5,18,female,1,1913.8339991000003,0,22
3162,-9999.0,-9999.0,-9999.0,-9999.0,-9999.0,-9999.0,-9999.0,-9999.0,-9999.0,orientation,color,size,0.3400000000000001,6.5,18,female,1,1913.8339991000003,0,22
3163,-9999.0,-9999.0,-9999.0,-9999.0,-9999.0,-9999.0,-9999.0,-9999.0,-9999.0,orientation,color,size,0.3400000000000001,6.5,18,female,1,1913.8339991000003,0,22
3164,-9999.0,-9999.0,-9999.0,-9999.0,-9999.0,-9999.0,-9999.0,-9999.0,-9999.0,orientation,color,size,0.3400000000000001,6.5,18,female,1,1913.8339991000003,0,22
3165,-9999.0,-9999.0,-9999.0,-9999.0,-9999.0,-9999.0,-9999.0,-9999.0,-9999.0,orientation,color,size,0.3400000000000001,6.5,18,female,1,1913.8339991000003,0,22
3166,-9999.0,-9999.0,-9999.0,-9999.0,-9999.0,-9999.0,-9999.0,-9999.0,-9999.0,orientation,color,size,0.3400000000000001,6.5,18,female,1,1913.8339991000003,0,22
3167,-9999.0,-9999.0,-9999.0,-9999.0,-9999.0,-9999.0,-9999.0,-9999.0,-9999.0,orientation,color,size,0.3400000000000001,6.5,18,female,1,1913.8339991000003,0,22
3168,-9999.0,-9999.0,-9999.0,-9999.0,-9999.0,-9999.0,-9999.0,-9999.0,-9999.0,orientation,color,size,0.3400000000000001,6.5,18,female,1,1913.8339991000003,0,22
3169,-9999.0,-9999.0,-9999.0,-9999.0,-9999.0,-9999.0,-9999.0,-9999.0,-9999.0,orientation,color,size,0.3400000000000001,6.5,18,female,1,1913.8339991000003,0,22
3170,-9999.0,-9999.0,-9999.0,-9999.0,-9999.0,-9999.0,-9999.0,-9999.0,-9999.0,orientation,color,size,0.3400000000000001,6.5,18,female,1,1913.8339991000003,0,22
3171,-9999.0,-9999.0,-9999.0,-9999.0,-9999.0,-9999.0,-9999.0,-9999.0,-9999.0,orientation,color,size,0.3400000000000001,6.5,18,female,1,1913.8339991000003,0,22
3172,-9999.0,-9999.0,-9999.0,-9999.0,-9999.0,-9999.0,-9999.0,-9999.0,-9999.0,orientation,color,size,0.3400000000000001,6.5,18,female,1,1913.8339991000003,0,22
3173,-9999.0,-9999.0,-9999.0,-9999.0,-9999.0,-9999.0,-9999.0,-9999.0,-9999.0,orientation,color,size,0.3400000000000001,6.5,18,female,1,1913.8339991000003,0,22
3174,-9999.0,-9999.0,-9999.0,-9999.0,-9999.0,-9999.0,-9999.0,-9999.0,-9999.0,orientation,color,size,0.3400000000000001,6.5,18,female,1,1913.8339991000003,0,22
3175,-9999.0,-9999.0,-9999.0,-9999.0,-9999.0,-9999.0,-9999.0,-9999.0,-9999.0,orientation,color,size,0.3400000000000001,6.5,18,female,1,1913.8339991000003,0,22
3176,-9999.0,-9999.0,-9999.0,-9999.0,-9999.0,-9999.0,-9999.0,-9999.0,-9999.0,orientation,color,size,0.3400000000000001,6.5,18,female,1,1913.8339991000003,0,22
3177,-9999.0,-9999.0,-9999.0,-9999.0,-9999.0,-9999.0,-9999.0,-9999.0,-9999.0,orientation,color,size,0.3400000000000001,6.5,18,female,1,1913.8339991000003,0,22
3178,-9999.0,-9999.0,-9999.0,-9999.0,-9999.0,-9999.0,-9999.0,-9999.0,-9999.0,orientation,color,size,0.3400000000000001,6.5,18,female,1,1913.8339991000003,0,22
3179,-9999.0,-9999.0,-9999.0,-9999.0,-9999.0,-9999.0,-9999.0,-9999.0,-9999.0,orientation,color,size,0.3400000000000001,6.5,18,female,1,1913.8339991000003,0,22
3180,-9999.0,-9999.0,-9999.0,-9999.0,-9999.0,-9999.0,-9999.0,-9999.0,-9999.0,orientation,color,size,0.3400000000000001,6.5,18,female,1,1913.8339991000003,0,22
3181,-9999.0,-9999.0,-9999.0,-9999.0,-9999.0,-9999.0,-9999.0,-9999.0,-9999.0,orientation,color,size,0.3400000000000001,6.5,18,female,1,1913.8339991000003,0,22
3182,-9999.0,-9999.0,-9999.0,-9999.0,-9999.0,-9999.0,-9999.0,-9999.0,-9999.0,orientation,color,size,0.3400000000000001,6.5,18,female,1,1913.8339991000003,0,22
3183,-9999.0,-9999.0,-9999.0,-9999.0,-9999.0,-9999.0,-9999.0,-9999.0,-9999.0,orientation,color,size,0.3400000000000001,6.5,18,female,1,1913.8339991000003,0,22
3184,-9999.0,-9999.0,-9999.0,-9999.0,-9999.0,-9999.0,-9999.0,-9999.0,-9999.0,orientation,color,size,0.3400000000000001,6.5,18,female,1,1913.8339991000003,0,22
3185,-9999.0,-9999.0,-9999.0,-9999.0,-9999.0,-9999.0,-9999.0,-9999.0,-9999.0,orientation,color,size,0.3400000000000001,6.5,18,female,1,1913.8339991000003,0,22
3186,-9999.0,-9999.0,-9999.0,-9999.0,-9999.0,-9999.0,-9999.0,-9999.0,-9999.0,orientation,color,size,0.3400000000000001,6.5,18,female,1,1913.8339991000003,0,22
3187,-9999.0,-9999.0,-9999.0,-9999.0,-9999.0,-9999.0,-9999.0,-9999.0,-9999.0,orientation,color,size,0.3400000000000001,6.5,18,female,1,1913.8339991000003,0,22
3188,-9999.0,-9999.0,-9999.0,-9999.0,-9999.0,-9999.0,-9999.0,-9999.0,-9999.0,orientation,color,size,0.3400000000000001,6.5,18,female,1,1913.8339991000003,0,22
3189,-9999.0,-9999.0,-9999.0,-9999.0,-9999.0,-9999.0,-9999.0,-9999.0,-9999.0,orientation,color,size,0.3400000000000001,6.5,18,female,1,1913.8339991000003,0,22
3190,-9999.0,-9999.0,-9999.0,-9999.0,-9999.0,-9999.0,-9999.0,-9999.0,-9999.0,orientation,color,size,0.3400000000000001,6.5,18,female,1,1913.8339991000003,0,22
3191,-9999.0,-9999.0,-9999.0,-9999.0,-9999.0,-9999.0,-9999.0,-9999.0,-9999.0,orientation,color,size,0.3400000000000001,6.5,18,female,1,1913.8339991000003,0,22
3192,-9999.0,-9999.0,-9999.0,-9999.0,-9999.0,-9999.0,-9999.0,-9999.0,-9999.0,orientation,color,size,0.3400000000000001,6.5,18,female,1,1913.8339991000003,0,22
3193,-9999.0,-9999.0,-9999.0,-9999.0,-9999.0,-9999.0,-9999.0,-9999.0,-9999.0,orientation,color,size,0.3400000000000001,6.5,18,female,1,1913.8339991000003,0,22
3194,-9999.0,-9999.0,-9999.0,-9999.0,-9999.0,-9999.0,-9999.0,-9999.0,-9999.0,orientation,color,size,0.3400000000000001,6.5,18,female,1,1913.8339991000003,0,22
3195,-9999.0,-9999.0,-9999.0,-9999.0,-9999.0,-9999.0,-9999.0,-9999.0,-9999.0,orientation,color,size,0.3400000000000001,6.5,18,female,1,1913.8339991000003,0,22
3196,-9999.0,-9999.0,-9999.0,-9999.0,-9999.0,-9999.0,-9999.0,-9999.0,-9999.0,orientation,color,size,0.3400000000000001,6.5,18,female,1,1913.8339991000003,0,22
3197,-9999.0,-9999.0,-9999.0,-9999.0,-9999.0,-9999.0,-9999.0,-9999.0,-9999.0,orientation,color,size,0.3400000000000001,6.5,18,female,1,1913.8339991000003,0,22
3198,-9999.0,-9999.0,-9999.0,-9999.0,-9999.0,-9999.0,-9999.0,-9999.0,-9999.0,orientation,color,size,0.3400000000000001,6.5,18,female,1,1913.8339991000003,0,22
3199,-9999.0,-9999.0,-9999.0,-9999.0,-9999.0,-9999.0,-9999.0,-9999.0,-9999.0,orientation,color,size,0.3400000000000001,6.5,18,female,1,1913.8339991000003,0,22
3200,-9999.0,-9999.0,-9999.0,-9999.0,-9999.0,-9999.0,-9999.0,-9999.0,-9999.0,orientation,color,size,0.3400000000000001,6.5,18,female,1,1913.8339991000003,0,22
3201,-9999.0,-9999.0,-9999.0,-9999.0,-9999.0,-9999.0,-9999.0,-9999.0,-9999.0,orientation,color,size,0.3400000000000001,6.5,18,female,1,1913.8339991000003,0,22
3202,-9999.0,-9999.0,-9999.0,-9999.0,-9999.0,-9999.0,-9999.0,-9999.0,-9999.0,orientation,color,size,0.3400000000000001,6.5,18,female,1,1913.8339991000003,0,22
3203,-9999.0,-9999.0,-9999.0,-9999.0,-9999.0,-9999.0,-9999.0,-9999.0,-9999.0,orientation,color,size,0.3400000000000001,6.5,18,female,1,1913.8339991000003,0,22
3204,-9999.0,-9999.0,-9999.0,-9999.0,-9999.0,-9999.0,-9999.0,-9999.0,-9999.0,orientation,color,size,0.3400000000000001,6.5,18,female,1,1913.8339991000003,0,22
3205,-9999.0,-9999.0,-9999.0,-9999.0,-9999.0,-9999.0,-9999.0,-9999.0,-9999.0,orientation,color,size,0.3400000000000001,6.5,18,female,1,1913.8339991000003,0,22
3206,-9999.0,-9999.0,-9999.0,-9999.0,-9999.0,-9999.0,-9999.0,-9999.0,-9999.0,orientation,color,size,0.3400000000000001,6.5,18,female,1,1913.8339991000003,0,22
3207,-9999.0,-9999.0,-9999.0,-9999.0,-9999.0,-9999.0,-9999.0,-9999.0,-9999.0,orientation,color,size,0.3400000000000001,6.5,18,female,1,1913.8339991000003,0,22
3208,-9999.0,-9999.0,-9999.0,-9999.0,-9999.0,-9999.0,-9999.0,-9999.0,-9999.0,orientation,color,size,0.3400000000000001,6.5,18,female,1,1913.8339991000003,0,22
3209,-9999.0,-9999.0,-9999.0,-9999.0,-9999.0,-9999.0,-9999.0,-9999.0,-9999.0,orientation,color,size,0.3400000000000001,6.5,18,female,1,1913.8339991000003,0,22
3210,-9999.0,-9999.0,-9999.0,-9999.0,-9999.0,-9999.0,-9999.0,-9999.0,-9999.0,orientation,color,size,0.3400000000000001,6.5,18,female,1,1913.8339991000003,0,22
3211,-9999.0,-9999.0,-9999.0,-9999.0,-9999.0,-9999.0,-9999.0,-9999.0,-9999.0,orientation,color,size,0.3400000000000001,6.5,18,female,1,1913.8339991000003,0,22
3212,-9999.0,-9999.0,-9999.0,-9999.0,-9999.0,-9999.0,-9999.0,-9999.0,-9999.0,orientation,color,size,0.3400000000000001,6.5,18,female,1,1913.8339991000003,0,22
3213,-9999.0,-9999.0,-9999.0,-9999.0,-9999.0,-9999.0,-9999.0,-9999.0,-9999.0,orientation,color,size,0.3400000000000001,6.5,18,female,1,1913.8339991000003,0,22
3214,-9999.0,-9999.0,-9999.0,-9999.0,-9999.0,-9999.0,-9999.0,-9999.0,-9999.0,orientation,color,size,0.3400000000000001,6.5,18,female,1,1913.8339991000003,0,22
3215,-9999.0,-9999.0,-9999.0,-9999.0,-9999.0,-9999.0,-9999.0,-9999.0,-9999.0,orientation,color,size,0.3400000000000001,6.5,18,female,1,1913.8339991000003,0,22
3216,-9999.0,-9999.0,-9999.0,-9999.0,-9999.0,-9999.0,-9999.0,-9999.0,-9999.0,orientation,color,size,0.3400000000000001,6.5,18,female,1,1913.8339991000003,0,22
3217,-9999.0,-9999.0,-9999.0,-9999.0,-9999.0,-9999.0,-9999.0,-9999.0,-9999.0,orientation,color,size,0.3400000000000001,6.5,18,female,1,1913.8339991000003,0,22
3218,-9999.0,-9999.0,-9999.0,-9999.0,-9999.0,-9999.0,-9999.0,-9999.0,-9999.0,orientation,color,size,0.3400000000000001,6.5,18,female,1,1913.8339991000003,0,22
3219,-9999.0,-9999.0,-9999.0,-9999.0,-9999.0,-9999.0,-9999.0,-9999.0,-9999.0,orientation,color,size,0.3400000000000001,6.5,18,female,1,1913.8339991000003,0,22
3220,-9999.0,-9999.0,-9999.0,-9999.0,-9999.0,-9999.0,-9999.0,-9999.0,-9999.0,orientation,color,size,0.3400000000000001,6.5,18,female,1,1913.8339991000003,0,22
3221,-9999.0,-9999.0,-9999.0,-9999.0,-9999.0,-9999.0,-9999.0,-9999.0,-9999.0,orientation,color,size,0.3400000000000001,6.5,18,female,1,1913.8339991000003,0,22
3222,-9999.0,-9999.0,-9999.0,-9999.0,-9999.0,-9999.0,-9999.0,-9999.0,-9999.0,orientation,color,size,0.3400000000000001,6.5,18,female,1,1913.8339991000003,0,22
3223,-9999.0,-9999.0,-9999.0,-9999.0,-9999.0,-9999.0,-9999.0,-9999.0,-9999.0,orientation,color,size,0.3400000000000001,6.5,18,female,1,1913.8339991000003,0,22
3224,-9999.0,-9999.0,-9999.0,-9999.0,-9999.0,-9999.0,-9999.0,-9999.0,-9999.0,orientation,color,size,0.3400000000000001,6.5,18,female,1,1913.8339991000003,0,22
3225,-9999.0,-9999.0,-9999.0,-9999.0,-9999.0,-9999.0,-9999.0,-9999.0,-9999.0,orientation,color,size,0.3400000000000001,6.5,18,female,1,1913.8339991000003,0,22
3226,-9999.0,-9999.0,-9999.0,-9999.0,-9999.0,-9999.0,-9999.0,-9999.0,-9999.0,orientation,color,size,0.3400000000000001,6.5,18,female,1,1913.8339991000003,0,22
3227,-9999.0,-9999.0,-9999.0,-9999.0,-9999.0,-9999.0,-9999.0,-9999.0,-9999.0,orientation,color,size,0.3400000000000001,6.5,18,female,1,1913.8339991000003,0,22
3228,-9999.0,-9999.0,-9999.0,-9999.0,-9999.0,-9999.0,-9999.0,-9999.0,-9999.0,orientation,color,size,0.3400000000000001,6.5,18,female,1,1913.8339991000003,0,22
3229,-9999.0,-9999.0,-9999.0,-9999.0,-9999.0,-9999.0,-9999.0,-9999.0,-9999.0,orientation,color,size,0.3400000000000001,6.5,18,female,1,1913.8339991000003,0,22
3230,-9999.0,-9999.0,-9999.0,-9999.0,-9999.0,-9999.0,-9999.0,-9999.0,-9999.0,orientation,color,size,0.3400000000000001,6.5,18,female,1,1913.8339991000003,0,22
3231,-9999.0,-9999.0,-9999.0,-9999.0,-9999.0,-9999.0,-9999.0,-9999.0,-9999.0,orientation,color,size,0.3400000000000001,6.5,18,female,1,1913.8339991000003,0,22
3232,-9999.0,-9999.0,-9999.0,-9999.0,-9999.0,-9999.0,-9999.0,-9999.0,-9999.0,orientation,color,size,0.3400000000000001,6.5,18,female,1,1913.8339991000003,0,22
3233,-9999.0,-9999.0,-9999.0,-9999.0,-9999.0,-9999.0,-9999.0,-9999.0,-9999.0,orientation,color,size,0.3400000000000001,6.5,18,female,1,1913.8339991000003,0,22
3234,-9999.0,-9999.0,-9999.0,-9999.0,-9999.0,-9999.0,-9999.0,-9999.0,-9999.0,orientation,color,size,0.3400000000000001,6.5,18,female,1,1913.8339991000003,0,22
3235,-9999.0,-9999.0,-9999.0,-9999.0,-9999.0,-9999.0,-9999.0,-9999.0,-9999.0,orientation,color,size,0.3400000000000001,6.5,18,female,1,1913.8339991000003,0,22
3236,-9999.0,-9999.0,-9999.0,-9999.0,-9999.0,-9999.0,-9999.0,-9999.0,-9999.0,orientation,color,size,0.3400000000000001,6.5,18,female,1,1913.8339991000003,0,22
3237,-9999.0,-9999.0,-9999.0,-9999.0,-9999.0,-9999.0,-9999.0,-9999.0,-9999.0,orientation,color,size,0.3400000000000001,6.5,18,female,1,1913.8339991000003,0,22
3238,-9999.0,-9999.0,-9999.0,-9999.0,-9999.0,-9999.0,-9999.0,-9999.0,-9999.0,orientation,color,size,0.3400000000000001,6.5,18,female,1,1913.8339991000003,0,22
3239,-9999.0,-9999.0,-9999.0,-9999.0,-9999.0,-9999.0,-9999.0,-9999.0,-9999.0,orientation,color,size,0.3400000000000001,6.5,18,female,1,1913.8339991000003,0,22
3240,-9999.0,-9999.0,-9999.0,-9999.0,-9999.0,-9999.0,-9999.0,-9999.0,-9999.0,orientation,color,size,0.3400000000000001,6.5,18,female,1,1913.8339991000003,0,22
3241,-9999.0,-9999.0,-9999.0,-9999.0,-9999.0,-9999.0,-9999.0,-9999.0,-9999.0,orientation,color,size,0.3400000000000001,6.5,18,female,1,1913.8339991000003,0,22
3242,-9999.0,-9999.0,-9999.0,-9999.0,-9999.0,-9999.0,-9999.0,-9999.0,-9999.0,orientation,color,size,0.3400000000000001,6.5,18,female,1,1913.8339991000003,0,22
3243,-9999.0,-9999.0,-9999.0,-9999.0,-9999.0,-9999.0,-9999.0,-9999.0,-9999.0,orientation,color,size,0.3400000000000001,6.5,18,female,1,1913.8339991000003,0,22
3244,-9999.0,-9999.0,-9999.0,-9999.0,-9999.0,-9999.0,-9999.0,-9999.0,-9999.0,orientation,color,size,0.3400000000000001,6.5,18,female,1,1913.8339991000003,0,22
3245,-9999.0,-9999.0,-9999.0,-9999.0,-9999.0,-9999.0,-9999.0,-9999.0,-9999.0,orientation,color,size,0.3400000000000001,6.5,18,female,1,1913.8339991000003,0,22
3246,-9999.0,-9999.0,-9999.0,-9999.0,-9999.0,-9999.0,-9999.0,-9999.0,-9999.0,orientation,color,size,0.3400000000000001,6.5,18,female,1,1913.8339991000003,0,22
3247,-9999.0,-9999.0,-9999.0,-9999.0,-9999.0,-9999.0,-9999.0,-9999.0,-9999.0,orientation,color,size,0.3400000000000001,6.5,18,female,1,1913.8339991000003,0,22
3248,-9999.0,-9999.0,-9999.0,-9999.0,-9999.0,-9999.0,-9999.0,-9999.0,-9999.0,orientation,color,size,0.3400000000000001,6.5,18,female,1,1913.8339991000003,0,22
3249,-9999.0,-9999.0,-9999.0,-9999.0,-9999.0,-9999.0,-9999.0,-9999.0,-9999.0,orientation,color,size,0.3400000000000001,6.5,18,female,1,1913.8339991000003,0,22
3250,-9999.0,-9999.0,-9999.0,-9999.0,-9999.0,-9999.0,-9999.0,-9999.0,-9999.0,orientation,color,size,0.3400000000000001,6.5,18,female,1,1913.8339991000003,0,22
3251,-9999.0,-9999.0,-9999.0,-9999.0,-9999.0,-9999.0,-9999.0,-9999.0,-9999.0,orientation,color,size,0.3400000000000001,6.5,18,female,1,1913.8339991000003,0,22
3252,-9999.0,-9999.0,-9999.0,-9999.0,-9999.0,-9999.0,-9999.0,-9999.0,-9999.0,orientation,color,size,0.3400000000000001,6.5,18,female,1,1913.8339991000003,0,22
3253,-9999.0,-9999.0,-9999.0,-9999.0,-9999.0,-9999.0,-9999.0,-9999.0,-9999.0,orientation,color,size,0.3400000000000001,6.5,18,female,1,1913.8339991000003,0,22
3254,-9999.0,-9999.0,-9999.0,-9999.0,-9999.0,-9999.0,-9999.0,-9999.0,-9999.0,orientation,color,size,0.3400000000000001,6.5,18,female,1,1913.8339991000003,0,22
3255,-9999.0,-9999.0,-9999.0,-9999.0,-9999.0,-9999.0,-9999.0,-9999.0,-9999.0,orientation,color,size,0.3400000000000001,6.5,18,female,1,1913.8339991000003,0,22
3256,-9999.0,-9999.0,-9999.0,-9999.0,-9999.0,-9999.0,-9999.0,-9999.0,-9999.0,orientation,color,size,0.3400000000000001,6.5,18,female,1,1913.8339991000003,0,22
3257,-9999.0,-9999.0,-9999.0,-9999.0,-9999.0,-9999.0,-9999.0,-9999.0,-9999.0,orientation,color,size,0.3400000000000001,6.5,18,female,1,1913.8339991000003,0,22
3258,-9999.0,-9999.0,-9999.0,-9999.0,-9999.0,-9999.0,-9999.0,-9999.0,-9999.0,orientation,color,size,0.3400000000000001,6.5,18,female,1,1913.8339991000003,0,22
3259,-9999.0,-9999.0,-9999.0,-9999.0,-9999.0,-9999.0,-9999.0,-9999.0,-9999.0,orientation,color,size,0.3400000000000001,6.5,18,female,1,1913.8339991000003,0,22
3260,-9999.0,-9999.0,-9999.0,-9999.0,-9999.0,-9999.0,-9999.0,-9999.0,-9999.0,orientation,color,size,0.3400000000000001,6.5,18,female,1,1913.8339991000003,0,22
3261,-9999.0,-9999.0,-9999.0,-9999.0,-9999.0,-9999.0,-9999.0,-9999.0,-9999.0,orientation,color,size,0.3400000000000001,6.5,18,female,1,1913.8339991000003,0,22
3262,-9999.0,-9999.0,-9999.0,-9999.0,-9999.0,-9999.0,-9999.0,-9999.0,-9999.0,orientation,color,size,0.3400000000000001,6.5,18,female,1,1913.8339991000003,0,22
3263,-9999.0,-9999.0,-9999.0,-9999.0,-9999.0,-9999.0,-9999.0,-9999.0,-9999.0,orientation,color,size,0.3400000000000001,6.5,18,female,1,1913.8339991000003,0,22
3264,-9999.0,-9999.0,-9999.0,-9999.0,-9999.0,-9999.0,-9999.0,-9999.0,-9999.0,orientation,color,size,0.3400000000000001,6.5,18,female,1,1913.8339991000003,0,22
3265,-9999.0,-9999.0,-9999.0,-9999.0,-9999.0,-9999.0,-9999.0,-9999.0,-9999.0,orientation,color,size,0.3400000000000001,6.5,18,female,1,1913.8339991000003,0,22
3266,-9999.0,-9999.0,-9999.0,-9999.0,-9999.0,-9999.0,-9999.0,-9999.0,-9999.0,orientation,color,size,0.3400000000000001,6.5,18,female,1,1913.8339991000003,0,22
3267,-9999.0,-9999.0,-9999.0,-9999.0,-9999.0,-9999.0,-9999.0,-9999.0,-9999.0,orientation,color,size,0.3400000000000001,6.5,18,female,1,1913.8339991000003,0,22
3268,-9999.0,-9999.0,-9999.0,-9999.0,-9999.0,-9999.0,-9999.0,-9999.0,-9999.0,orientation,color,size,0.3400000000000001,6.5,18,female,1,1913.8339991000003,0,22
3269,-9999.0,-9999.0,-9999.0,-9999.0,-9999.0,-9999.0,-9999.0,-9999.0,-9999.0,orientation,color,size,0.3400000000000001,6.5,18,female,1,1913.8339991000003,0,22
3270,-9999.0,-9999.0,-9999.0,-9999.0,-9999.0,-9999.0,-9999.0,-9999.0,-9999.0,orientation,color,size,0.3400000000000001,6.5,18,female,1,1913.8339991000003,0,22
3271,-9999.0,-9999.0,-9999.0,-9999.0,-9999.0,-9999.0,-9999.0,-9999.0,-9999.0,orientation,color,size,0.3400000000000001,6.5,18,female,1,1913.8339991000003,0,22
3272,-9999.0,-9999.0,-9999.0,-9999.0,-9999.0,-9999.0,-9999.0,-9999.0,-9999.0,orientation,color,size,0.3400000000000001,6.5,18,female,1,1913.8339991000003,0,22
3273,-9999.0,-9999.0,-9999.0,-9999.0,-9999.0,-9999.0,-9999.0,-9999.0,-9999.0,orientation,color,size,0.3400000000000001,6.5,18,female,1,1913.8339991000003,0,22
3274,-9999.0,-9999.0,-9999.0,-9999.0,-9999.0,-9999.0,-9999.0,-9999.0,-9999.0,orientation,color,size,0.3400000000000001,6.5,18,female,1,1913.8339991000003,0,22
3275,-9999.0,-9999.0,-9999.0,-9999.0,-9999.0,-9999.0,-9999.0,-9999.0,-9999.0,orientation,color,size,0.3400000000000001,6.5,18,female,1,1913.8339991000003,0,22
3276,-9999.0,-9999.0,-9999.0,-9999.0,-9999.0,-9999.0,-9999.0,-9999.0,-9999.0,orientation,color,size,0.3400000000000001,6.5,18,female,1,1913.8339991000003,0,22
3277,-9999.0,-9999.0,-9999.0,-9999.0,-9999.0,-9999.0,-9999.0,-9999.0,-9999.0,orientation,color,size,0.3400000000000001,6.5,18,female,1,1913.8339991000003,0,22
3278,-9999.0,-9999.0,-9999.0,-9999.0,-9999.0,-9999.0,-9999.0,-9999.0,-9999.0,orientation,color,size,0.3400000000000001,6.5,18,female,1,1913.8339991000003,0,22
3279,-9999.0,-9999.0,-9999.0,-9999.0,-9999.0,-9999.0,-9999.0,-9999.0,-9999.0,orientation,color,size,0.3400000000000001,6.5,18,female,1,1913.8339991000003,0,22
3280,-9999.0,-9999.0,-9999.0,-9999.0,-9999.0,-9999.0,-9999.0,-9999.0,-9999.0,orientation,color,size,0.3400000000000001,6.5,18,female,1,1913.8339991000003,0,22
3281,-9999.0,-9999.0,-9999.0,-9999.0,-9999.0,-9999.0,-9999.0,-9999.0,-9999.0,orientation,color,size,0.3400000000000001,6.5,18,female,1,1913.8339991000003,0,22
3282,-9999.0,-9999.0,-9999.0,-9999.0,-9999.0,-9999.0,-9999.0,-9999.0,-9999.0,orientation,color,size,0.3400000000000001,6.5,18,female,1,1913.8339991000003,0,22
3283,-9999.0,-9999.0,-9999.0,-9999.0,-9999.0,-9999.0,-9999.0,-9999.0,-9999.0,orientation,color,size,0.3400000000000001,6.5,18,female,1,1913.8339991000003,0,22
3284,-9999.0,-9999.0,-9999.0,-9999.0,-9999.0,-9999.0,-9999.0,-9999.0,-9999.0,orientation,color,size,0.3400000000000001,6.5,18,female,1,1913.8339991000003,0,22
3285,-9999.0,-9999.0,-9999.0,-9999.0,-9999.0,-9999.0,-9999.0,-9999.0,-9999.0,orientation,color,size,0.3400000000000001,6.5,18,female,1,1913.8339991000003,0,22
3286,-9999.0,-9999.0,-9999.0,-9999.0,-9999.0,-9999.0,-9999.0,-9999.0,-9999.0,orientation,color,size,0.3400000000000001,6.5,18,female,1,1913.8339991000003,0,22
3287,-9999.0,-9999.0,-9999.0,-9999.0,-9999.0,-9999.0,-9999.0,-9999.0,-9999.0,orientation,color,size,0.3400000000000001,6.5,18,female,1,1913.8339991000003,0,22
3288,-9999.0,-9999.0,-9999.0,-9999.0,-9999.0,-9999.0,-9999.0,-9999.0,-9999.0,orientation,color,size,0.3400000000000001,6.5,18,female,1,1913.8339991000003,0,22
3289,-9999.0,-9999.0,-9999.0,-9999.0,-9999.0,-9999.0,-9999.0,-9999.0,-9999.0,orientation,color,size,0.3400000000000001,6.5,18,female,1,1913.8339991000003,0,22
3290,-9999.0,-9999.0,-9999.0,-9999.0,-9999.0,-9999.0,-9999.0,-9999.0,-9999.0,orientation,color,size,0.3400000000000001,6.5,18,female,1,1913.8339991000003,0,22
3291,-9999.0,-9999.0,-9999.0,-9999.0,-9999.0,-9999.0,-9999.0,-9999.0,-9999.0,orientation,color,size,0.3400000000000001,6.5,18,female,1,1913.8339991000003,0,22
3292,-9999.0,-9999.0,-9999.0,-9999.0,-9999.0,-9999.0,-9999.0,-9999.0,-9999.0,orientation,color,size,0.3400000000000001,6.5,18,female,1,1913.8339991000003,0,22
3293,-9999.0,-9999.0,-9999.0,-9999.0,-9999.0,-9999.0,-9999.0,-9999.0,-9999.0,orientation,color,size,0.3400000000000001,6.5,18,female,1,1913.8339991000003,0,22
3294,-9999.0,-9999.0,-9999.0,-9999.0,-9999.0,-9999.0,-9999.0,-9999.0,-9999.0,orientation,color,size,0.3400000000000001,6.5,18,female,1,1913.8339991000003,0,22
3295,-9999.0,-9999.0,-9999.0,-9999.0,-9999.0,-9999.0,-9999.0,-9999.0,-9999.0,orientation,color,size,0.3400000000000001,6.5,18,female,1,1913.8339991000003,0,22
3296,-9999.0,-9999.0,-9999.0,-9999.0,-9999.0,-9999.0,-9999.0,-9999.0,-9999.0,orientation,color,size,0.3400000000000001,6.5,18,female,1,1913.8339991000003,0,22
3297,-9999.0,-9999.0,-9999.0,-9999.0,-9999.0,-9999.0,-9999.0,-9999.0,-9999.0,orientation,color,size,0.3400000000000001,6.5,18,female,1,1913.8339991000003,0,22
3298,-9999.0,-9999.0,-9999.0,-9999.0,-9999.0,-9999.0,-9999.0,-9999.0,-9999.0,orientation,color,size,0.3400000000000001,6.5,18,female,1,1913.8339991000003,0,22
3299,-9999.0,-9999.0,-9999.0,-9999.0,-9999.0,-9999.0,-9999.0,-9999.0,-9999.0,orientation,color,size,0.3400000000000001,6.5,18,female,1,1913.8339991000003,0,22
3300,-9999.0,-9999.0,-9999.0,-9999.0,-9999.0,-9999.0,-9999.0,-9999.0,-9999.0,orientation,color,size,0.3400000000000001,6.5,18,female,1,1913.8339991000003,0,22
3301,-9999.0,-9999.0,-9999.0,-9999.0,-9999.0,-9999.0,-9999.0,-9999.0,-9999.0,orientation,color,size,0.3400000000000001,6.5,18,female,1,1913.8339991000003,0,22
3302,-9999.0,-9999.0,-9999.0,-9999.0,-9999.0,-9999.0,-9999.0,-9999.0,-9999.0,orientation,color,size,0.3400000000000001,6.5,18,female,1,1913.8339991000003,0,22
3303,-9999.0,-9999.0,-9999.0,-9999.0,-9999.0,-9999.0,-9999.0,-9999.0,-9999.0,orientation,color,size,0.3400000000000001,6.5,18,female,1,1913.8339991000003,0,22
3304,-9999.0,-9999.0,-9999.0,-9999.0,-9999.0,-9999.0,-9999.0,-9999.0,-9999.0,orientation,color,size,0.3400000000000001,6.5,18,female,1,1913.8339991000003,0,22
3305,-9999.0,-9999.0,-9999.0,-9999.0,-9999.0,-9999.0,-9999.0,-9999.0,-9999.0,orientation,color,size,0.3400000000000001,6.5,18,female,1,1913.8339991000003,0,22
3306,-9999.0,-9999.0,-9999.0,-9999.0,-9999.0,-9999.0,-9999.0,-9999.0,-9999.0,orientation,color,size,0.3400000000000001,6.5,18,female,1,1913.8339991000003,0,22
3307,-9999.0,-9999.0,-9999.0,-9999.0,-9999.0,-9999.0,-9999.0,-9999.0,-9999.0,orientation,color,size,0.3400000000000001,6.5,18,female,1,1913.8339991000003,0,22
3308,-9999.0,-9999.0,-9999.0,-9999.0,-9999.0,-9999.0,-9999.0,-9999.0,-9999.0,orientation,color,size,0.3400000000000001,6.5,18,female,1,1913.8339991000003,0,22
3309,-9999.0,-9999.0,-9999.0,-9999.0,-9999.0,-9999.0,-9999.0,-9999.0,-9999.0,orientation,color,size,0.3400000000000001,6.5,18,female,1,1913.8339991000003,0,22
3310,-9999.0,-9999.0,-9999.0,-9999.0,-9999.0,-9999.0,-9999.0,-9999.0,-9999.0,orientation,color,size,0.3400000000000001,6.5,18,female,1,1913.8339991000003,0,22
3311,-9999.0,-9999.0,-9999.0,-9999.0,-9999.0,-9999.0,-9999.0,-9999.0,-9999.0,orientation,color,size,0.3400000000000001,6.5,18,female,1,1913.8339991000003,0,22
3312,-9999.0,-9999.0,-9999.0,-9999.0,-9999.0,-9999.0,-9999.0,-9999.0,-9999.0,orientation,color,size,0.3400000000000001,6.5,18,female,1,1913.8339991000003,0,22
3313,-9999.0,-9999.0,-9999.0,-9999.0,-9999.0,-9999.0,-9999.0,-9999.0,-9999.0,orientation,color,size,0.3400000000000001,6.5,18,female,1,1913.8339991000003,0,22
3314,-9999.0,-9999.0,-9999.0,-9999.0,-9999.0,-9999.0,-9999.0,-9999.0,-9999.0,orientation,color,size,0.3400000000000001,6.5,18,female,1,1913.8339991000003,0,22
3315,-9999.0,-9999.0,-9999.0,-9999.0,-9999.0,-9999.0,-9999.0,-9999.0,-9999.0,orientation,color,size,0.3400000000000001,6.5,18,female,1,1913.8339991000003,0,22
3316,-9999.0,-9999.0,-9999.0,-9999.0,-9999.0,-9999.0,-9999.0,-9999.0,-9999.0,orientation,color,size,0.3400000000000001,6.5,18,female,1,1913.8339991000003,0,22
3317,-9999.0,-9999.0,-9999.0,-9999.0,-9999.0,-9999.0,-9999.0,-9999.0,-9999.0,orientation,color,size,0.3400000000000001,6.5,18,female,1,1913.8339991000003,0,22
3318,-9999.0,-9999.0,-9999.0,-9999.0,-9999.0,-9999.0,-9999.0,-9999.0,-9999.0,orientation,color,size,0.3400000000000001,6.5,18,female,1,1913.8339991000003,0,22
3319,-9999.0,-9999.0,-9999.0,-9999.0,-9999.0,-9999.0,-9999.0,-9999.0,-9999.0,orientation,color,size,0.3400000000000001,6.5,18,female,1,1913.8339991000003,0,22
3320,-9999.0,-9999.0,-9999.0,-9999.0,-9999.0,-9999.0,-9999.0,-9999.0,-9999.0,orientation,color,size,0.3400000000000001,6.5,18,female,1,1913.8339991000003,0,22
3321,-9999.0,-9999.0,-9999.0,-9999.0,-9999.0,-9999.0,-9999.0,-9999.0,-9999.0,orientation,color,size,0.3400000000000001,6.5,18,female,1,1913.8339991000003,0,22
3322,-9999.0,-9999.0,-9999.0,-9999.0,-9999.0,-9999.0,-9999.0,-9999.0,-9999.0,orientation,color,size,0.3400000000000001,6.5,18,female,1,1913.8339991000003,0,22
3323,-9999.0,-9999.0,-9999.0,-9999.0,-9999.0,-9999.0,-9999.0,-9999.0,-9999.0,orientation,color,size,0.3400000000000001,6.5,18,female,1,1913.8339991000003,0,22
3324,-9999.0,-9999.0,-9999.0,-9999.0,-9999.0,-9999.0,-9999.0,-9999.0,-9999.0,orientation,color,size,0.3400000000000001,6.5,18,female,1,1913.8339991000003,0,22
3325,-9999.0,-9999.0,-9999.0,-9999.0,-9999.0,-9999.0,-9999.0,-9999.0,-9999.0,orientation,color,size,0.3400000000000001,6.5,18,female,1,1913.8339991000003,0,22
3326,-9999.0,-9999.0,-9999.0,-9999.0,-9999.0,-9999.0,-9999.0,-9999.0,-9999.0,orientation,color,size,0.3400000000000001,6.5,18,female,1,1913.8339991000003,0,22
3327,-9999.0,-9999.0,-9999.0,-9999.0,-9999.0,-9999.0,-9999.0,-9999.0,-9999.0,orientation,color,size,0.3400000000000001,6.5,18,female,1,1913.8339991000003,0,22
3328,-9999.0,-9999.0,-9999.0,-9999.0,-9999.0,-9999.0,-9999.0,-9999.0,-9999.0,orientation,color,size,0.3400000000000001,6.5,18,female,1,1913.8339991000003,0,22
3329,-9999.0,-9999.0,-9999.0,-9999.0,-9999.0,-9999.0,-9999.0,-9999.0,-9999.0,orientation,color,size,0.3400000000000001,6.5,18,female,1,1913.8339991000003,0,22
3330,-9999.0,-9999.0,-9999.0,-9999.0,-9999.0,-9999.0,-9999.0,-9999.0,-9999.0,orientation,color,size,0.3400000000000001,6.5,18,female,1,1913.8339991000003,0,22
3331,-9999.0,-9999.0,-9999.0,-9999.0,-9999.0,-9999.0,-9999.0,-9999.0,-9999.0,orientation,color,size,0.3400000000000001,6.5,18,female,1,1913.8339991000003,0,22
3332,-9999.0,-9999.0,-9999.0,-9999.0,-9999.0,-9999.0,-9999.0,-9999.0,-9999.0,orientation,color,size,0.3400000000000001,6.5,18,female,1,1913.8339991000003,0,22
3333,-9999.0,-9999.0,-9999.0,-9999.0,-9999.0,-9999.0,-9999.0,-9999.0,-9999.0,orientation,color,size,0.3400000000000001,6.5,18,female,1,1913.8339991000003,0,22
3334,-9999.0,-9999.0,-9999.0,-9999.0,-9999.0,-9999.0,-9999.0,-9999.0,-9999.0,orientation,color,size,0.3400000000000001,6.5,18,female,1,1913.8339991000003,0,22
3335,-9999.0,-9999.0,-9999.0,-9999.0,-9999.0,-9999.0,-9999.0,-9999.0,-9999.0,orientation,color,size,0.3400000000000001,6.5,18,female,1,1913.8339991000003,0,22
3336,-9999.0,-9999.0,-9999.0,-9999.0,-9999.0,-9999.0,-9999.0,-9999.0,-9999.0,orientation,color,size,0.3400000000000001,6.5,18,female,1,1913.8339991000003,0,22
3337,-9999.0,-9999.0,-9999.0,-9999.0,-9999.0,-9999.0,-9999.0,-9999.0,-9999.0,orientation,color,size,0.3400000000000001,6.5,18,female,1,1913.8339991000003,0,22
3338,-9999.0,-9999.0,-9999.0,-9999.0,-9999.0,-9999.0,-9999.0,-9999.0,-9999.0,orientation,color,size,0.3400000000000001,6.5,18,female,1,1913.8339991000003,0,22
3339,-9999.0,-9999.0,-9999.0,-9999.0,-9999.0,-9999.0,-9999.0,-9999.0,-9999.0,orientation,color,size,0.3400000000000001,6.5,18,female,1,1913.8339991000003,0,22
3340,-9999.0,-9999.0,-9999.0,-9999.0,-9999.0,-9999.0,-9999.0,-9999.0,-9999.0,orientation,color,size,0.3400000000000001,6.5,18,female,1,1913.8339991000003,0,22
3341,-9999.0,-9999.0,-9999.0,-9999.0,-9999.0,-9999.0,-9999.0,-9999.0,-9999.0,orientation,color,size,0.3400000000000001,6.5,18,female,1,1913.8339991000003,0,22
3342,-9999.0,-9999.0,-9999.0,-9999.0,-9999.0,-9999.0,-9999.0,-9999.0,-9999.0,orientation,color,size,0.3400000000000001,6.5,18,female,1,1913.8339991000003,0,22
3343,-9999.0,-9999.0,-9999.0,-9999.0,-9999.0,-9999.0,-9999.0,-9999.0,-9999.0,orientation,color,size,0.3400000000000001,6.5,18,female,1,1913.8339991000003,0,22
3344,-9999.0,-9999.0,-9999.0,-9999.0,-9999.0,-9999.0,-9999.0,-9999.0,-9999.0,orientation,color,size,0.3400000000000001,6.5,18,female,1,1913.8339991000003,0,22
3345,-9999.0,-9999.0,-9999.0,-9999.0,-9999.0,-9999.0,-9999.0,-9999.0,-9999.0,orientation,color,size,0.3400000000000001,6.5,18,female,1,1913.8339991000003,0,22
3346,-9999.0,-9999.0,-9999.0,-9999.0,-9999.0,-9999.0,-9999.0,-9999.0,-9999.0,orientation,color,size,0.3400000000000001,6.5,18,female,1,1913.8339991000003,0,22
3347,-9999.0,-9999.0,-9999.0,-9999.0,-9999.0,-9999.0,-9999.0,-9999.0,-9999.0,orientation,color,size,0.3400000000000001,6.5,18,female,1,1913.8339991000003,0,22
3348,-9999.0,-9999.0,-9999.0,-9999.0,-9999.0,-9999.0,-9999.0,-9999.0,-9999.0,orientation,color,size,0.3400000000000001,6.5,18,female,1,1913.8339991000003,0,22
3349,-9999.0,-9999.0,-9999.0,-9999.0,-9999.0,-9999.0,-9999.0,-9999.0,-9999.0,orientation,color,size,0.3400000000000001,6.5,18,female,1,1913.8339991000003,0,22
3350,-9999.0,-9999.0,-9999.0,-9999.0,-9999.0,-9999.0,-9999.0,-9999.0,-9999.0,orientation,color,size,0.3400000000000001,6.5,18,female,1,1913.8339991000003,0,22
3351,-9999.0,-9999.0,-9999.0,-9999.0,-9999.0,-9999.0,-9999.0,-9999.0,-9999.0,orientation,color,size,0.3400000000000001,6.5,18,female,1,1913.8339991000003,0,22
3352,-9999.0,-9999.0,-9999.0,-9999.0,-9999.0,-9999.0,-9999.0,-9999.0,-9999.0,orientation,color,size,0.3400000000000001,6.5,18,female,1,1913.8339991000003,0,22
3353,-9999.0,-9999.0,-9999.0,-9999.0,-9999.0,-9999.0,-9999.0,-9999.0,-9999.0,orientation,color,size,0.3400000000000001,6.5,18,female,1,1913.8339991000003,0,22
3354,-9999.0,-9999.0,-9999.0,-9999.0,-9999.0,-9999.0,-9999.0,-9999.0,-9999.0,orientation,color,size,0.3400000000000001,6.5,18,female,1,1913.8339991000003,0,22
3355,-9999.0,-9999.0,-9999.0,-9999.0,-9999.0,-9999.0,-9999.0,-9999.0,-9999.0,orientation,color,size,0.3400000000000001,6.5,18,female,1,1913.8339991000003,0,22
3356,-9999.0,-9999.0,-9999.0,-9999.0,-9999.0,-9999.0,-9999.0,-9999.0,-9999.0,orientation,color,size,0.3400000000000001,6.5,18,female,1,1913.8339991000003,0,22
3357,-9999.0,-9999.0,-9999.0,-9999.0,-9999.0,-9999.0,-9999.0,-9999.0,-9999.0,orientation,color,size,0.3400000000000001,6.5,18,female,1,1913.8339991000003,0,22
3358,-9999.0,-9999.0,-9999.0,-9999.0,-9999.0,-9999.0,-9999.0,-9999.0,-9999.0,orientation,color,size,0.3400000000000001,6.5,18,female,1,1913.8339991000003,0,22
3359,-9999.0,-9999.0,-9999.0,-9999.0,-9999.0,-9999.0,-9999.0,-9999.0,-9999.0,orientation,color,size,0.3400000000000001,6.5,18,female,1,1913.8339991000003,0,22
3360,-9999.0,-9999.0,-9999.0,-9999.0,-9999.0,-9999.0,-9999.0,-9999.0,-9999.0,orientation,color,size,0.3400000000000001,6.5,18,female,1,1913.8339991000003,0,22
3361,-9999.0,-9999.0,-9999.0,-9999.0,-9999.0,-9999.0,-9999.0,-9999.0,-9999.0,orientation,color,size,0.3400000000000001,6.5,18,female,1,1913.8339991000003,0,22
3362,-9999.0,-9999.0,-9999.0,-9999.0,-9999.0,-9999.0,-9999.0,-9999.0,-9999.0,orientation,color,size,0.3400000000000001,6.5,18,female,1,1913.8339991000003,0,22
3363,-9999.0,-9999.0,-9999.0,-9999.0,-9999.0,-9999.0,-9999.0,-9999.0,-9999.0,orientation,color,size,0.3400000000000001,6.5,18,female,1,1913.8339991000003,0,22
3364,-9999.0,-9999.0,-9999.0,-9999.0,-9999.0,-9999.0,-9999.0,-9999.0,-9999.0,orientation,color,size,0.3400000000000001,6.5,18,female,1,1913.8339991000003,0,22
3365,-9999.0,-9999.0,-9999.0,-9999.0,-9999.0,-9999.0,-9999.0,-9999.0,-9999.0,orientation,color,size,0.3400000000000001,6.5,18,female,1,1913.8339991000003,0,22
3366,-9999.0,-9999.0,-9999.0,-9999.0,-9999.0,-9999.0,-9999.0,-9999.0,-9999.0,orientation,color,size,0.3400000000000001,6.5,18,female,1,1913.8339991000003,0,22
3367,-9999.0,-9999.0,-9999.0,-9999.0,-9999.0,-9999.0,-9999.0,-9999.0,-9999.0,orientation,color,size,0.3400000000000001,6.5,18,female,1,1913.8339991000003,0,22
3368,-9999.0,-9999.0,-9999.0,-9999.0,-9999.0,-9999.0,-9999.0,-9999.0,-9999.0,orientation,color,size,0.3400000000000001,6.5,18,female,1,1913.8339991000003,0,22
3369,-9999.0,-9999.0,-9999.0,-9999.0,-9999.0,-9999.0,-9999.0,-9999.0,-9999.0,orientation,color,size,0.3400000000000001,6.5,18,female,1,1913.8339991000003,0,22
3370,-9999.0,-9999.0,-9999.0,-9999.0,-9999.0,-9999.0,-9999.0,-9999.0,-9999.0,orientation,color,size,0.3400000000000001,6.5,18,female,1,1913.8339991000003,0,22
3371,-9999.0,-9999.0,-9999.0,-9999.0,-9999.0,-9999.0,-9999.0,-9999.0,-9999.0,orientation,color,size,0.3400000000000001,6.5,18,female,1,1913.8339991000003,0,22
3372,-9999.0,-9999.0,-9999.0,-9999.0,-9999.0,-9999.0,-9999.0,-9999.0,-9999.0,orientation,color,size,0.3400000000000001,6.5,18,female,1,1913.8339991000003,0,22
3373,-9999.0,-9999.0,-9999.0,-9999.0,-9999.0,-9999.0,-9999.0,-9999.0,-9999.0,orientation,color,size,0.3400000000000001,6.5,18,female,1,1913.8339991000003,0,22
3374,-9999.0,-9999.0,-9999.0,-9999.0,-9999.0,-9999.0,-9999.0,-9999.0,-9999.0,orientation,color,size,0.3400000000000001,6.5,18,female,1,1913.8339991000003,0,22
3375,-9999.0,-9999.0,-9999.0,-9999.0,-9999.0,-9999.0,-9999.0,-9999.0,-9999.0,orientation,color,size,0.3400000000000001,6.5,18,female,1,1913.8339991000003,0,22
3376,-9999.0,-9999.0,-9999.0,-9999.0,-9999.0,-9999.0,-9999.0,-9999.0,-9999.0,orientation,color,size,0.3400000000000001,6.5,18,female,1,1913.8339991000003,0,22
3377,-9999.0,-9999.0,-9999.0,-9999.0,-9999.0,-9999.0,-9999.0,-9999.0,-9999.0,orientation,color,size,0.3400000000000001,6.5,18,female,1,1913.8339991000003,0,22
3378,-9999.0,-9999.0,-9999.0,-9999.0,-9999.0,-9999.0,-9999.0,-9999.0,-9999.0,orientation,color,size,0.3400000000000001,6.5,18,female,1,1913.8339991000003,0,22
3379,-9999.0,-9999.0,-9999.0,-9999.0,-9999.0,-9999.0,-9999.0,-9999.0,-9999.0,orientation,color,size,0.3400000000000001,6.5,18,female,1,1913.8339991000003,0,22
3380,-9999.0,-9999.0,-9999.0,-9999.0,-9999.0,-9999.0,-9999.0,-9999.0,-9999.0,orientation,color,size,0.3400000000000001,6.5,18,female,1,1913.8339991000003,0,22
3381,-9999.0,-9999.0,-9999.0,-9999.0,-9999.0,-9999.0,-9999.0,-9999.0,-9999.0,orientation,color,size,0.3400000000000001,6.5,18,female,1,1913.8339991000003,0,22
3382,-9999.0,-9999.0,-9999.0,-9999.0,-9999.0,-9999.0,-9999.0,-9999.0,-9999.0,orientation,color,size,0.3400000000000001,6.5,18,female,1,1913.8339991000003,0,22
3383,-9999.0,-9999.0,-9999.0,-9999.0,-9999.0,-9999.0,-9999.0,-9999.0,-9999.0,orientation,color,size,0.3400000000000001,6.5,18,female,1,1913.8339991000003,0,22
3384,-9999.0,-9999.0,-9999.0,-9999.0,-9999.0,-9999.0,-9999.0,-9999.0,-9999.0,orientation,color,size,0.3400000000000001,6.5,18,female,1,1913.8339991000003,0,22
3385,-9999.0,-9999.0,-9999.0,-9999.0,-9999.0,-9999.0,-9999.0,-9999.0,-9999.0,orientation,color,size,0.3400000000000001,6.5,18,female,1,1913.8339991000003,0,22
3386,-9999.0,-9999.0,-9999.0,-9999.0,-9999.0,-9999.0,-9999.0,-9999.0,-9999.0,orientation,color,size,0.3400000000000001,6.5,18,female,1,1913.8339991000003,0,22
3387,-9999.0,-9999.0,-9999.0,-9999.0,-9999.0,-9999.0,-9999.0,-9999.0,-9999.0,orientation,color,size,0.3400000000000001,6.5,18,female,1,1913.8339991000003,0,22
3388,-9999.0,-9999.0,-9999.0,-9999.0,-9999.0,-9999.0,-9999.0,-9999.0,-9999.0,orientation,color,size,0.3400000000000001,6.5,18,female,1,1913.8339991000003,0,22
3389,-9999.0,-9999.0,-9999.0,-9999.0,-9999.0,-9999.0,-9999.0,-9999.0,-9999.0,orientation,color,size,0.3400000000000001,6.5,18,female,1,1913.8339991000003,0,22
3390,-9999.0,-9999.0,-9999.0,-9999.0,-9999.0,-9999.0,-9999.0,-9999.0,-9999.0,orientation,color,size,0.3400000000000001,6.5,18,female,1,1913.8339991000003,0,22
3391,-9999.0,-9999.0,-9999.0,-9999.0,-9999.0,-9999.0,-9999.0,-9999.0,-9999.0,orientation,color,size,0.3400000000000001,6.5,18,female,1,1913.8339991000003,0,22
3392,-9999.0,-9999.0,-9999.0,-9999.0,-9999.0,-9999.0,-9999.0,-9999.0,-9999.0,orientation,color,size,0.3400000000000001,6.5,18,female,1,1913.8339991000003,0,22
3393,-9999.0,-9999.0,-9999.0,-9999.0,-9999.0,-9999.0,-9999.0,-9999.0,-9999.0,orientation,color,size,0.3400000000000001,6.5,18,female,1,1913.8339991000003,0,22
3394,-9999.0,-9999.0,-9999.0,-9999.0,-9999.0,-9999.0,-9999.0,-9999.0,-9999.0,orientation,color,size,0.3400000000000001,6.5,18,female,1,1913.8339991000003,0,22
3395,-9999.0,-9999.0,-9999.0,-9999.0,-9999.0,-9999.0,-9999.0,-9999.0,-9999.0,orientation,color,size,0.3400000000000001,6.5,18,female,1,1913.8339991000003,0,22
3396,-9999.0,-9999.0,-9999.0,-9999.0,-9999.0,-9999.0,-9999.0,-9999.0,-9999.0,orientation,color,size,0.3400000000000001,6.5,18,female,1,1913.8339991000003,0,22
3397,-9999.0,-9999.0,-9999.0,-9999.0,-9999.0,-9999.0,-9999.0,-9999.0,-9999.0,orientation,color,size,0.3400000000000001,6.5,18,female,1,1913.8339991000003,0,22
3398,-9999.0,-9999.0,-9999.0,-9999.0,-9999.0,-9999.0,-9999.0,-9999.0,-9999.0,orientation,color,size,0.3400000000000001,6.5,18,female,1,1913.8339991000003,0,22
3399,-9999.0,-9999.0,-9999.0,-9999.0,-9999.0,-9999.0,-9999.0,-9999.0,-9999.0,orientation,color,size,0.3400000000000001,6.5,18,female,1,1913.8339991000003,0,22
3400,-9999.0,-9999.0,-9999.0,-9999.0,-9999.0,-9999.0,-9999.0,-9999.0,-9999.0,orientation,color,size,0.3400000000000001,6.5,18,female,1,1913.8339991000003,0,22
3401,-9999.0,-9999.0,-9999.0,-9999.0,-9999.0,-9999.0,-9999.0,-9999.0,-9999.0,orientation,color,size,0.3400000000000001,6.5,18,female,1,1913.8339991000003,0,22
3402,-9999.0,-9999.0,-9999.0,-9999.0,-9999.0,-9999.0,-9999.0,-9999.0,-9999.0,orientation,color,size,0.3400000000000001,6.5,18,female,1,1913.8339991000003,0,22
3403,-9999.0,-9999.0,-9999.0,-9999.0,-9999.0,-9999.0,-9999.0,-9999.0,-9999.0,orientation,color,size,0.3400000000000001,6.5,18,female,1,1913.8339991000003,0,22
3404,-9999.0,-9999.0,-9999.0,-9999.0,-9999.0,-9999.0,-9999.0,-9999.0,-9999.0,orientation,color,size,0.3400000000000001,6.5,18,female,1,1913.8339991000003,0,22
3405,-9999.0,-9999.0,-9999.0,-9999.0,-9999.0,-9999.0,-9999.0,-9999.0,-9999.0,orientation,color,size,0.3400000000000001,6.5,18,female,1,1913.8339991000003,0,22
3406,-9999.0,-9999.0,-9999.0,-9999.0,-9999.0,-9999.0,-9999.0,-9999.0,-9999.0,orientation,color,size,0.3400000000000001,6.5,18,female,1,1913.8339991000003,0,22
3407,-9999.0,-9999.0,-9999.0,-9999.0,-9999.0,-9999.0,-9999.0,-9999.0,-9999.0,orientation,color,size,0.3400000000000001,6.5,18,female,1,1913.8339991000003,0,22
3408,-9999.0,-9999.0,-9999.0,-9999.0,-9999.0,-9999.0,-9999.0,-9999.0,-9999.0,orientation,color,size,0.3400000000000001,6.5,18,female,1,1913.8339991000003,0,22
3409,-9999.0,-9999.0,-9999.0,-9999.0,-9999.0,-9999.0,-9999.0,-9999.0,-9999.0,orientation,color,size,0.3400000000000001,6.5,18,female,1,1913.8339991000003,0,22
3410,-9999.0,-9999.0,-9999.0,-9999.0,-9999.0,-9999.0,-9999.0,-9999.0,-9999.0,orientation,color,size,0.3400000000000001,6.5,18,female,1,1913.8339991000003,0,22
3411,-9999.0,-9999.0,-9999.0,-9999.0,-9999.0,-9999.0,-9999.0,-9999.0,-9999.0,orientation,color,size,0.3400000000000001,6.5,18,female,1,1913.8339991000003,0,22
3412,-9999.0,-9999.0,-9999.0,-9999.0,-9999.0,-9999.0,-9999.0,-9999.0,-9999.0,orientation,color,size,0.3400000000000001,6.5,18,female,1,1913.8339991000003,0,22
3413,-9999.0,-9999.0,-9999.0,-9999.0,-9999.0,-9999.0,-9999.0,-9999.0,-9999.0,orientation,color,size,0.3400000000000001,6.5,18,female,1,1913.8339991000003,0,22
3414,-9999.0,-9999.0,-9999.0,-9999.0,-9999.0,-9999.0,-9999.0,-9999.0,-9999.0,orientation,color,size,0.3400000000000001,6.5,18,female,1,1913.8339991000003,0,22
3415,-9999.0,-9999.0,-9999.0,-9999.0,-9999.0,-9999.0,-9999.0,-9999.0,-9999.0,orientation,color,size,0.3400000000000001,6.5,18,female,1,1913.8339991000003,0,22
3416,-9999.0,-9999.0,-9999.0,-9999.0,-9999.0,-9999.0,-9999.0,-9999.0,-9999.0,orientation,color,size,0.3400000000000001,6.5,18,female,1,1913.8339991000003,0,22
3417,-9999.0,-9999.0,-9999.0,-9999.0,-9999.0,-9999.0,-9999.0,-9999.0,-9999.0,orientation,color,size,0.3400000000000001,6.5,18,female,1,1913.8339991000003,0,22
3418,-9999.0,-9999.0,-9999.0,-9999.0,-9999.0,-9999.0,-9999.0,-9999.0,-9999.0,orientation,color,size,0.3400000000000001,6.5,18,female,1,1913.8339991000003,0,22
3419,-9999.0,-9999.0,-9999.0,-9999.0,-9999.0,-9999.0,-9999.0,-9999.0,-9999.0,orientation,color,size,0.3400000000000001,6.5,18,female,1,1913.8339991000003,0,22
3420,-9999.0,-9999.0,-9999.0,-9999.0,-9999.0,-9999.0,-9999.0,-9999.0,-9999.0,orientation,color,size,0.3400000000000001,6.5,18,female,1,1913.8339991000003,0,22
3421,-9999.0,-9999.0,-9999.0,-9999.0,-9999.0,-9999.0,-9999.0,-9999.0,-9999.0,orientation,color,size,0.3400000000000001,6.5,18,female,1,1913.8339991000003,0,22
3422,-9999.0,-9999.0,-9999.0,-9999.0,-9999.0,-9999.0,-9999.0,-9999.0,-9999.0,orientation,color,size,0.3400000000000001,6.5,18,female,1,1913.8339991000003,0,22
3423,-9999.0,-9999.0,-9999.0,-9999.0,-9999.0,-9999.0,-9999.0,-9999.0,-9999.0,orientation,color,size,0.3400000000000001,6.5,18,female,1,1913.8339991000003,0,22
3424,-9999.0,-9999.0,-9999.0,-9999.0,-9999.0,-9999.0,-9999.0,-9999.0,-9999.0,orientation,color,size,0.3400000000000001,6.5,18,female,1,1913.8339991000003,0,22
3425,-9999.0,-9999.0,-9999.0,-9999.0,-9999.0,-9999.0,-9999.0,-9999.0,-9999.0,orientation,color,size,0.3400000000000001,6.5,18,female,1,1913.8339991000003,0,22
3426,-9999.0,-9999.0,-9999.0,-9999.0,-9999.0,-9999.0,-9999.0,-9999.0,-9999.0,orientation,color,size,0.3400000000000001,6.5,18,female,1,1913.8339991000003,0,22
3427,-9999.0,-9999.0,-9999.0,-9999.0,-9999.0,-9999.0,-9999.0,-9999.0,-9999.0,orientation,color,size,0.3400000000000001,6.5,18,female,1,1913.8339991000003,0,22
3428,-9999.0,-9999.0,-9999.0,-9999.0,-9999.0,-9999.0,-9999.0,-9999.0,-9999.0,orientation,color,size,0.3400000000000001,6.5,18,female,1,1913.8339991000003,0,22
3429,-9999.0,-9999.0,-9999.0,-9999.0,-9999.0,-9999.0,-9999.0,-9999.0,-9999.0,orientation,color,size,0.3400000000000001,6.5,18,female,1,1913.8339991000003,0,22
3430,-9999.0,-9999.0,-9999.0,-9999.0,-9999.0,-9999.0,-9999.0,-9999.0,-9999.0,orientation,color,size,0.3400000000000001,6.5,18,female,1,1913.8339991000003,0,22
3431,-9999.0,-9999.0,-9999.0,-9999.0,-9999.0,-9999.0,-9999.0,-9999.0,-9999.0,orientation,color,size,0.3400000000000001,6.5,18,female,1,1913.8339991000003,0,22
3432,-9999.0,-9999.0,-9999.0,-9999.0,-9999.0,-9999.0,-9999.0,-9999.0,-9999.0,orientation,color,size,0.3400000000000001,6.5,18,female,1,1913.8339991000003,0,22
3433,-9999.0,-9999.0,-9999.0,-9999.0,-9999.0,-9999.0,-9999.0,-9999.0,-9999.0,orientation,color,size,0.3400000000000001,6.5,18,female,1,1913.8339991000003,0,22
3434,-9999.0,-9999.0,-9999.0,-9999.0,-9999.0,-9999.0,-9999.0,-9999.0,-9999.0,orientation,color,size,0.3400000000000001,6.5,18,female,1,1913.8339991000003,0,22
3435,-9999.0,-9999.0,-9999.0,-9999.0,-9999.0,-9999.0,-9999.0,-9999.0,-9999.0,orientation,color,size,0.3400000000000001,6.5,18,female,1,1913.8339991000003,0,22
3436,-9999.0,-9999.0,-9999.0,-9999.0,-9999.0,-9999.0,-9999.0,-9999.0,-9999.0,orientation,color,size,0.3400000000000001,6.5,18,female,1,1913.8339991000003,0,22
3437,-9999.0,-9999.0,-9999.0,-9999.0,-9999.0,-9999.0,-9999.0,-9999.0,-9999.0,orientation,color,size,0.3400000000000001,6.5,18,female,1,1913.8339991000003,0,22
3438,-9999.0,-9999.0,-9999.0,-9999.0,-9999.0,-9999.0,-9999.0,-9999.0,-9999.0,orientation,color,size,0.3400000000000001,6.5,18,female,1,1913.8339991000003,0,22
3439,-9999.0,-9999.0,-9999.0,-9999.0,-9999.0,-9999.0,-9999.0,-9999.0,-9999.0,orientation,color,size,0.3400000000000001,6.5,18,female,1,1913.8339991000003,0,22
3440,-9999.0,-9999.0,-9999.0,-9999.0,-9999.0,-9999.0,-9999.0,-9999.0,-9999.0,orientation,color,size,0.3400000000000001,6.5,18,female,1,1913.8339991000003,0,22
3441,-9999.0,-9999.0,-9999.0,-9999.0,-9999.0,-9999.0,-9999.0,-9999.0,-9999.0,orientation,color,size,0.3400000000000001,6.5,18,female,1,1913.8339991000003,0,22
3442,-9999.0,-9999.0,-9999.0,-9999.0,-9999.0,-9999.0,-9999.0,-9999.0,-9999.0,orientation,color,size,0.3400000000000001,6.5,18,female,1,1913.8339991000003,0,22
3443,-9999.0,-9999.0,-9999.0,-9999.0,-9999.0,-9999.0,-9999.0,-9999.0,-9999.0,orientation,color,size,0.3400000000000001,6.5,18,female,1,1913.8339991000003,0,22
3444,-9999.0,-9999.0,-9999.0,-9999.0,-9999.0,-9999.0,-9999.0,-9999.0,-9999.0,orientation,color,size,0.3400000000000001,6.5,18,female,1,1913.8339991000003,0,22
3445,-9999.0,-9999.0,-9999.0,-9999.0,-9999.0,-9999.0,-9999.0,-9999.0,-9999.0,orientation,color,size,0.3400000000000001,6.5,18,female,1,1913.8339991000003,0,22
3446,-9999.0,-9999.0,-9999.0,-9999.0,-9999.0,-9999.0,-9999.0,-9999.0,-9999.0,orientation,color,size,0.3400000000000001,6.5,18,female,1,1913.8339991000003,0,22
3447,-9999.0,-9999.0,-9999.0,-9999.0,-9999.0,-9999.0,-9999.0,-9999.0,-9999.0,orientation,color,size,0.3400000000000001,6.5,18,female,1,1913.8339991000003,0,22
3448,-9999.0,-9999.0,-9999.0,-9999.0,-9999.0,-9999.0,-9999.0,-9999.0,-9999.0,orientation,color,size,0.3400000000000001,6.5,18,female,1,1913.8339991000003,0,22
3449,-9999.0,-9999.0,-9999.0,-9999.0,-9999.0,-9999.0,-9999.0,-9999.0,-9999.0,orientation,color,size,0.3400000000000001,6.5,18,female,1,1913.8339991000003,0,22
3450,-9999.0,-9999.0,-9999.0,-9999.0,-9999.0,-9999.0,-9999.0,-9999.0,-9999.0,orientation,color,size,0.3400000000000001,6.5,18,female,1,1913.8339991000003,0,22
3451,-9999.0,-9999.0,-9999.0,-9999.0,-9999.0,-9999.0,-9999.0,-9999.0,-9999.0,orientation,color,size,0.3400000000000001,6.5,18,female,1,1913.8339991000003,0,22
3452,-9999.0,-9999.0,-9999.0,-9999.0,-9999.0,-9999.0,-9999.0,-9999.0,-9999.0,orientation,color,size,0.3400000000000001,6.5,18,female,1,1913.8339991000003,0,22
3453,-9999.0,-9999.0,-9999.0,-9999.0,-9999.0,-9999.0,-9999.0,-9999.0,-9999.0,orientation,color,size,0.3400000000000001,6.5,18,female,1,1913.8339991000003,0,22
3454,-9999.0,-9999.0,-9999.0,-9999.0,-9999.0,-9999.0,-9999.0,-9999.0,-9999.0,orientation,color,size,0.3400000000000001,6.5,18,female,1,1913.8339991000003,0,22
3455,-9999.0,-9999.0,-9999.0,-9999.0,-9999.0,-9999.0,-9999.0,-9999.0,-9999.0,orientation,color,size,0.3400000000000001,6.5,18,female,1,1913.8339991000003,0,22
3456,-9999.0,-9999.0,-9999.0,-9999.0,-9999.0,-9999.0,-9999.0,-9999.0,-9999.0,orientation,color,size,0.3400000000000001,6.5,18,female,1,1913.8339991000003,0,22
3457,-9999.0,-9999.0,-9999.0,-9999.0,-9999.0,-9999.0,-9999.0,-9999.0,-9999.0,orientation,color,size,0.3400000000000001,6.5,18,female,1,1913.8339991000003,0,22
3458,-9999.0,-9999.0,-9999.0,-9999.0,-9999.0,-9999.0,-9999.0,-9999.0,-9999.0,orientation,color,size,0.3400000000000001,6.5,18,female,1,1913.8339991000003,0,22
3459,-9999.0,-9999.0,-9999.0,-9999.0,-9999.0,-9999.0,-9999.0,-9999.0,-9999.0,orientation,color,size,0.3400000000000001,6.5,18,female,1,1913.8339991000003,0,22
3460,-9999.0,-9999.0,-9999.0,-9999.0,-9999.0,-9999.0,-9999.0,-9999.0,-9999.0,orientation,color,size,0.3400000000000001,6.5,18,female,1,1913.8339991000003,0,22
3461,-9999.0,-9999.0,-9999.0,-9999.0,-9999.0,-9999.0,-9999.0,-9999.0,-9999.0,orientation,color,size,0.3400000000000001,6.5,18,female,1,1913.8339991000003,0,22
3462,-9999.0,-9999.0,-9999.0,-9999.0,-9999.0,-9999.0,-9999.0,-9999.0,-9999.0,orientation,color,size,0.3400000000000001,6.5,18,female,1,1913.8339991000003,0,22
3463,-9999.0,-9999.0,-9999.0,-9999.0,-9999.0,-9999.0,-9999.0,-9999.0,-9999.0,orientation,color,size,0.3400000000000001,6.5,18,female,1,1913.8339991000003,0,22
3464,-9999.0,-9999.0,-9999.0,-9999.0,-9999.0,-9999.0,-9999.0,-9999.0,-9999.0,orientation,color,size,0.3400000000000001,6.5,18,female,1,1913.8339991000003,0,22
3465,-9999.0,-9999.0,-9999.0,-9999.0,-9999.0,-9999.0,-9999.0,-9999.0,-9999.0,orientation,color,size,0.3400000000000001,6.5,18,female,1,1913.8339991000003,0,22
3466,-9999.0,-9999.0,-9999.0,-9999.0,-9999.0,-9999.0,-9999.0,-9999.0,-9999.0,orientation,color,size,0.3400000000000001,6.5,18,female,1,1913.8339991000003,0,22
3467,-9999.0,-9999.0,-9999.0,-9999.0,-9999.0,-9999.0,-9999.0,-9999.0,-9999.0,orientation,color,size,0.3400000000000001,6.5,18,female,1,1913.8339991000003,0,22
3468,-9999.0,-9999.0,-9999.0,-9999.0,-9999.0,-9999.0,-9999.0,-9999.0,-9999.0,orientation,color,size,0.3400000000000001,6.5,18,female,1,1913.8339991000003,0,22
3469,-9999.0,-9999.0,-9999.0,-9999.0,-9999.0,-9999.0,-9999.0,-9999.0,-9999.0,orientation,color,size,0.3400000000000001,6.5,18,female,1,1913.8339991000003,0,22
3470,-9999.0,-9999.0,-9999.0,-9999.0,-9999.0,-9999.0,-9999.0,-9999.0,-9999.0,orientation,color,size,0.3400000000000001,6.5,18,female,1,1913.8339991000003,0,22
3471,-9999.0,-9999.0,-9999.0,-9999.0,-9999.0,-9999.0,-9999.0,-9999.0,-9999.0,orientation,color,size,0.3400000000000001,6.5,18,female,1,1913.8339991000003,0,22
3472,-9999.0,-9999.0,-9999.0,-9999.0,-9999.0,-9999.0,-9999.0,-9999.0,-9999.0,orientation,color,size,0.3400000000000001,6.5,18,female,1,1913.8339991000003,0,22
3473,-9999.0,-9999.0,-9999.0,-9999.0,-9999.0,-9999.0,-9999.0,-9999.0,-9999.0,orientation,color,size,0.3400000000000001,6.5,18,female,1,1913.8339991000003,0,22
3474,-9999.0,-9999.0,-9999.0,-9999.0,-9999.0,-9999.0,-9999.0,-9999.0,-9999.0,orientation,color,size,0.3400000000000001,6.5,18,female,1,1913.8339991000003,0,22
3475,-9999.0,-9999.0,-9999.0,-9999.0,-9999.0,-9999.0,-9999.0,-9999.0,-9999.0,orientation,color,size,0.3400000000000001,6.5,18,female,1,1913.8339991000003,0,22
3476,-9999.0,-9999.0,-9999.0,-9999.0,-9999.0,-9999.0,-9999.0,-9999.0,-9999.0,orientation,color,size,0.3400000000000001,6.5,18,female,1,1913.8339991000003,0,22
3477,-9999.0,-9999.0,-9999.0,-9999.0,-9999.0,-9999.0,-9999.0,-9999.0,-9999.0,orientation,color,size,0.3400000000000001,6.5,18,female,1,1913.8339991000003,0,22
3478,-9999.0,-9999.0,-9999.0,-9999.0,-9999.0,-9999.0,-9999.0,-9999.0,-9999.0,orientation,color,size,0.3400000000000001,6.5,18,female,1,1913.8339991000003,0,22
3479,-9999.0,-9999.0,-9999.0,-9999.0,-9999.0,-9999.0,-9999.0,-9999.0,-9999.0,orientation,color,size,0.3400000000000001,6.5,18,female,1,1913.8339991000003,0,22
3480,-9999.0,-9999.0,-9999.0,-9999.0,-9999.0,-9999.0,-9999.0,-9999.0,-9999.0,orientation,color,size,0.3400000000000001,6.5,18,female,1,1913.8339991000003,0,22
3481,-9999.0,-9999.0,-9999.0,-9999.0,-9999.0,-9999.0,-9999.0,-9999.0,-9999.0,orientation,color,size,0.3400000000000001,6.5,18,female,1,1913.8339991000003,0,22
3482,-9999.0,-9999.0,-9999.0,-9999.0,-9999.0,-9999.0,-9999.0,-9999.0,-9999.0,orientation,color,size,0.3400000000000001,6.5,18,female,1,1913.8339991000003,0,22
3483,-9999.0,-9999.0,-9999.0,-9999.0,-9999.0,-9999.0,-9999.0,-9999.0,-9999.0,orientation,color,size,0.3400000000000001,6.5,18,female,1,1913.8339991000003,0,22
3484,-9999.0,-9999.0,-9999.0,-9999.0,-9999.0,-9999.0,-9999.0,-9999.0,-9999.0,orientation,color,size,0.3400000000000001,6.5,18,female,1,1913.8339991000003,0,22
3485,-9999.0,-9999.0,-9999.0,-9999.0,-9999.0,-9999.0,-9999.0,-9999.0,-9999.0,orientation,color,size,0.3400000000000001,6.5,18,female,1,1913.8339991000003,0,22
3486,-9999.0,-9999.0,-9999.0,-9999.0,-9999.0,-9999.0,-9999.0,-9999.0,-9999.0,orientation,color,size,0.3400000000000001,6.5,18,female,1,1913.8339991000003,0,22
3487,-9999.0,-9999.0,-9999.0,-9999.0,-9999.0,-9999.0,-9999.0,-9999.0,-9999.0,orientation,color,size,0.3400000000000001,6.5,18,female,1,1913.8339991000003,0,22
3488,-9999.0,-9999.0,-9999.0,-9999.0,-9999.0,-9999.0,-9999.0,-9999.0,-9999.0,orientation,color,size,0.3400000000000001,6.5,18,female,1,1913.8339991000003,0,22
3489,-9999.0,-9999.0,-9999.0,-9999.0,-9999.0,-9999.0,-9999.0,-9999.0,-9999.0,orientation,color,size,0.3400000000000001,6.5,18,female,1,1913.8339991000003,0,22
3490,-9999.0,-9999.0,-9999.0,-9999.0,-9999.0,-9999.0,-9999.0,-9999.0,-9999.0,orientation,color,size,0.3400000000000001,6.5,18,female,1,1913.8339991000003,0,22
3491,-9999.0,-9999.0,-9999.0,-9999.0,-9999.0,-9999.0,-9999.0,-9999.0,-9999.0,orientation,color,size,0.3400000000000001,6.5,18,female,1,1913.8339991000003,0,22
3492,-9999.0,-9999.0,-9999.0,-9999.0,-9999.0,-9999.0,-9999.0,-9999.0,-9999.0,orientation,color,size,0.3400000000000001,6.5,18,female,1,1913.8339991000003,0,22
3493,-9999.0,-9999.0,-9999.0,-9999.0,-9999.0,-9999.0,-9999.0,-9999.0,-9999.0,orientation,color,size,0.3400000000000001,6.5,18,female,1,1913.8339991000003,0,22
3494,-9999.0,-9999.0,-9999.0,-9999.0,-9999.0,-9999.0,-9999.0,-9999.0,-9999.0,orientation,color,size,0.3400000000000001,6.5,18,female,1,1913.8339991000003,0,22
3495,-9999.0,-9999.0,-9999.0,-9999.0,-9999.0,-9999.0,-9999.0,-9999.0,-9999.0,orientation,color,size,0.3400000000000001,6.5,18,female,1,1913.8339991000003,0,22
3496,-9999.0,-9999.0,-9999.0,-9999.0,-9999.0,-9999.0,-9999.0,-9999.0,-9999.0,orientation,color,size,0.3400000000000001,6.5,18,female,1,1913.8339991000003,0,22
3497,-9999.0,-9999.0,-9999.0,-9999.0,-9999.0,-9999.0,-9999.0,-9999.0,-9999.0,orientation,color,size,0.3400000000000001,6.5,18,female,1,1913.8339991000003,0,22
3498,-9999.0,-9999.0,-9999.0,-9999.0,-9999.0,-9999.0,-9999.0,-9999.0,-9999.0,orientation,color,size,0.3400000000000001,6.5,18,female,1,1913.8339991000003,0,22
3499,-9999.0,-9999.0,-9999.0,-9999.0,-9999.0,-9999.0,-9999.0,-9999.0,-9999.0,orientation,color,size,0.3400000000000001,6.5,18,female,1,1913.8339991000003,0,22
3500,-9999.0,-9999.0,-9999.0,-9999.0,-9999.0,-9999.0,-9999.0,-9999.0,-9999.0,orientation,color,size,0.3400000000000001,6.5,18,female,1,1913.8339991000003,0,22
3501,-9999.0,-9999.0,-9999.0,-9999.0,-9999.0,-9999.0,-9999.0,-9999.0,-9999.0,orientation,color,size,0.3400000000000001,6.5,18,female,1,1913.8339991000003,0,22
3502,-9999.0,-9999.0,-9999.0,-9999.0,-9999.0,-9999.0,-9999.0,-9999.0,-9999.0,orientation,color,size,0.3400000000000001,6.5,18,female,1,1913.8339991000003,0,22
3503,-9999.0,-9999.0,-9999.0,-9999.0,-9999.0,-9999.0,-9999.0,-9999.0,-9999.0,orientation,color,size,0.3400000000000001,6.5,18,female,1,1913.8339991000003,0,22
3504,-9999.0,-9999.0,-9999.0,-9999.0,-9999.0,-9999.0,-9999.0,-9999.0,-9999.0,orientation,color,size,0.3400000000000001,6.5,18,female,1,1913.8339991000003,0,22
3505,-9999.0,-9999.0,-9999.0,-9999.0,-9999.0,-9999.0,-9999.0,-9999.0,-9999.0,orientation,color,size,0.3400000000000001,6.5,18,female,1,1913.8339991000003,0,22
3506,-9999.0,-9999.0,-9999.0,-9999.0,-9999.0,-9999.0,-9999.0,-9999.0,-9999.0,orientation,color,size,0.3400000000000001,6.5,18,female,1,1913.8339991000003,0,22
3507,-9999.0,-9999.0,-9999.0,-9999.0,-9999.0,-9999.0,-9999.0,-9999.0,-9999.0,orientation,color,size,0.3400000000000001,6.5,18,female,1,1913.8339991000003,0,22
3508,-9999.0,-9999.0,-9999.0,-9999.0,-9999.0,-9999.0,-9999.0,-9999.0,-9999.0,orientation,color,size,0.3400000000000001,6.5,18,female,1,1913.8339991000003,0,22
3509,-9999.0,-9999.0,-9999.0,-9999.0,-9999.0,-9999.0,-9999.0,-9999.0,-9999.0,orientation,color,size,0.3400000000000001,6.5,18,female,1,1913.8339991000003,0,22
3510,-9999.0,-9999.0,-9999.0,-9999.0,-9999.0,-9999.0,-9999.0,-9999.0,-9999.0,orientation,color,size,0.3400000000000001,6.5,18,female,1,1913.8339991000003,0,22
3511,-9999.0,-9999.0,-9999.0,-9999.0,-9999.0,-9999.0,-9999.0,-9999.0,-9999.0,orientation,color,size,0.3400000000000001,6.5,18,female,1,1913.8339991000003,0,22
3512,-9999.0,-9999.0,-9999.0,-9999.0,-9999.0,-9999.0,-9999.0,-9999.0,-9999.0,orientation,color,size,0.3400000000000001,6.5,18,female,1,1913.8339991000003,0,22
3513,-9999.0,-9999.0,-9999.0,-9999.0,-9999.0,-9999.0,-9999.0,-9999.0,-9999.0,orientation,color,size,0.3400000000000001,6.5,18,female,1,1913.8339991000003,0,22
3514,-9999.0,-9999.0,-9999.0,-9999.0,-9999.0,-9999.0,-9999.0,-9999.0,-9999.0,orientation,color,size,0.3400000000000001,6.5,18,female,1,1913.8339991000003,0,22
3515,-9999.0,-9999.0,-9999.0,-9999.0,-9999.0,-9999.0,-9999.0,-9999.0,-9999.0,orientation,color,size,0.3400000000000001,6.5,18,female,1,1913.8339991000003,0,22
3516,-9999.0,-9999.0,-9999.0,-9999.0,-9999.0,-9999.0,-9999.0,-9999.0,-9999.0,orientation,color,size,0.3400000000000001,6.5,18,female,1,1913.8339991000003,0,22
3517,-9999.0,-9999.0,-9999.0,-9999.0,-9999.0,-9999.0,-9999.0,-9999.0,-9999.0,orientation,color,size,0.3400000000000001,6.5,18,female,1,1913.8339991000003,0,22
3518,-9999.0,-9999.0,-9999.0,-9999.0,-9999.0,-9999.0,-9999.0,-9999.0,-9999.0,orientation,color,size,0.3400000000000001,6.5,18,female,1,1913.8339991000003,0,22
3519,-9999.0,-9999.0,-9999.0,-9999.0,-9999.0,-9999.0,-9999.0,-9999.0,-9999.0,orientation,color,size,0.3400000000000001,6.5,18,female,1,1913.8339991000003,0,22
3520,-9999.0,-9999.0,-9999.0,-9999.0,-9999.0,-9999.0,-9999.0,-9999.0,-9999.0,orientation,color,size,0.3400000000000001,6.5,18,female,1,1913.8339991000003,0,22
3521,-9999.0,-9999.0,-9999.0,-9999.0,-9999.0,-9999.0,-9999.0,-9999.0,-9999.0,orientation,color,size,0.3400000000000001,6.5,18,female,1,1913.8339991000003,0,22
3522,-9999.0,-9999.0,-9999.0,-9999.0,-9999.0,-9999.0,-9999.0,-9999.0,-9999.0,orientation,color,size,0.3400000000000001,6.5,18,female,1,1913.8339991000003,0,22
3523,-9999.0,-9999.0,-9999.0,-9999.0,-9999.0,-9999.0,-9999.0,-9999.0,-9999.0,orientation,color,size,0.3400000000000001,6.5,18,female,1,1913.8339991000003,0,22
3524,-9999.0,-9999.0,-9999.0,-9999.0,-9999.0,-9999.0,-9999.0,-9999.0,-9999.0,orientation,color,size,0.3400000000000001,6.5,18,female,1,1913.8339991000003,0,22
3525,-9999.0,-9999.0,-9999.0,-9999.0,-9999.0,-9999.0,-9999.0,-9999.0,-9999.0,orientation,color,size,0.3400000000000001,6.5,18,female,1,1913.8339991000003,0,22
3526,-9999.0,-9999.0,-9999.0,-9999.0,-9999.0,-9999.0,-9999.0,-9999.0,-9999.0,orientation,color,size,0.3400000000000001,6.5,18,female,1,1913.8339991000003,0,22
3527,-9999.0,-9999.0,-9999.0,-9999.0,-9999.0,-9999.0,-9999.0,-9999.0,-9999.0,orientation,color,size,0.3400000000000001,6.5,18,female,1,1913.8339991000003,0,22
3528,-9999.0,-9999.0,-9999.0,-9999.0,-9999.0,-9999.0,-9999.0,-9999.0,-9999.0,orientation,color,size,0.3400000000000001,6.5,18,female,1,1913.8339991000003,0,22
3529,-9999.0,-9999.0,-9999.0,-9999.0,-9999.0,-9999.0,-9999.0,-9999.0,-9999.0,orientation,color,size,0.3400000000000001,6.5,18,female,1,1913.8339991000003,0,22
3530,-9999.0,-9999.0,-9999.0,-9999.0,-9999.0,-9999.0,-9999.0,-9999.0,-9999.0,orientation,color,size,0.3400000000000001,6.5,18,female,1,1913.8339991000003,0,22
3531,-9999.0,-9999.0,-9999.0,-9999.0,-9999.0,-9999.0,-9999.0,-9999.0,-9999.0,orientation,color,size,0.3400000000000001,6.5,18,female,1,1913.8339991000003,0,22
3532,-9999.0,-9999.0,-9999.0,-9999.0,-9999.0,-9999.0,-9999.0,-9999.0,-9999.0,orientation,color,size,0.3400000000000001,6.5,18,female,1,1913.8339991000003,0,22
3533,-9999.0,-9999.0,-9999.0,-9999.0,-9999.0,-9999.0,-9999.0,-9999.0,-9999.0,orientation,color,size,0.3400000000000001,6.5,18,female,1,1913.8339991000003,0,22
3534,-9999.0,-9999.0,-9999.0,-9999.0,-9999.0,-9999.0,-9999.0,-9999.0,-9999.0,orientation,color,size,0.3400000000000001,6.5,18,female,1,1913.8339991000003,0,22
3535,-9999.0,-9999.0,-9999.0,-9999.0,-9999.0,-9999.0,-9999.0,-9999.0,-9999.0,orientation,color,size,0.3400000000000001,6.5,18,female,1,1913.8339991000003,0,22
3536,-9999.0,-9999.0,-9999.0,-9999.0,-9999.0,-9999.0,-9999.0,-9999.0,-9999.0,orientation,color,size,0.3400000000000001,6.5,18,female,1,1913.8339991000003,0,22
3537,-9999.0,-9999.0,-9999.0,-9999.0,-9999.0,-9999.0,-9999.0,-9999.0,-9999.0,orientation,color,size,0.3400000000000001,6.5,18,female,1,1913.8339991000003,0,22
3538,-9999.0,-9999.0,-9999.0,-9999.0,-9999.0,-9999.0,-9999.0,-9999.0,-9999.0,orientation,color,size,0.3400000000000001,6.5,18,female,1,1913.8339991000003,0,22
3539,-9999.0,-9999.0,-9999.0,-9999.0,-9999.0,-9999.0,-9999.0,-9999.0,-9999.0,orientation,color,size,0.3400000000000001,6.5,18,female,1,1913.8339991000003,0,22
3540,-9999.0,-9999.0,-9999.0,-9999.0,-9999.0,-9999.0,-9999.0,-9999.0,-9999.0,orientation,color,size,0.3400000000000001,6.5,18,female,1,1913.8339991000003,0,22
3541,-9999.0,-9999.0,-9999.0,-9999.0,-9999.0,-9999.0,-9999.0,-9999.0,-9999.0,orientation,color,size,0.3400000000000001,6.5,18,female,1,1913.8339991000003,0,22
3542,-9999.0,-9999.0,-9999.0,-9999.0,-9999.0,-9999.0,-9999.0,-9999.0,-9999.0,orientation,color,size,0.3400000000000001,6.5,18,female,1,1913.8339991000003,0,22
3543,-9999.0,-9999.0,-9999.0,-9999.0,-9999.0,-9999.0,-9999.0,-9999.0,-9999.0,orientation,color,size,0.3400000000000001,6.5,18,female,1,1913.8339991000003,0,22
3544,-9999.0,-9999.0,-9999.0,-9999.0,-9999.0,-9999.0,-9999.0,-9999.0,-9999.0,orientation,color,size,0.3400000000000001,6.5,18,female,1,1913.8339991000003,0,22
3545,-9999.0,-9999.0,-9999.0,-9999.0,-9999.0,-9999.0,-9999.0,-9999.0,-9999.0,orientation,color,size,0.3400000000000001,6.5,18,female,1,1913.8339991000003,0,22
3546,-9999.0,-9999.0,-9999.0,-9999.0,-9999.0,-9999.0,-9999.0,-9999.0,-9999.0,orientation,color,size,0.3400000000000001,6.5,18,female,1,1913.8339991000003,0,22
3547,-9999.0,-9999.0,-9999.0,-9999.0,-9999.0,-9999.0,-9999.0,-9999.0,-9999.0,orientation,color,size,0.3400000000000001,6.5,18,female,1,1913.8339991000003,0,22
3548,-9999.0,-9999.0,-9999.0,-9999.0,-9999.0,-9999.0,-9999.0,-9999.0,-9999.0,orientation,color,size,0.3400000000000001,6.5,18,female,1,1913.8339991000003,0,22
3549,-9999.0,-9999.0,-9999.0,-9999.0,-9999.0,-9999.0,-9999.0,-9999.0,-9999.0,orientation,color,size,0.3400000000000001,6.5,18,female,1,1913.8339991000003,0,22
3550,-9999.0,-9999.0,-9999.0,-9999.0,-9999.0,-9999.0,-9999.0,-9999.0,-9999.0,orientation,color,size,0.3400000000000001,6.5,18,female,1,1913.8339991000003,0,22
3551,-9999.0,-9999.0,-9999.0,-9999.0,-9999.0,-9999.0,-9999.0,-9999.0,-9999.0,orientation,color,size,0.3400000000000001,6.5,18,female,1,1913.8339991000003,0,22
3552,-9999.0,-9999.0,-9999.0,-9999.0,-9999.0,-9999.0,-9999.0,-9999.0,-9999.0,orientation,color,size,0.3400000000000001,6.5,18,female,1,1913.8339991000003,0,22
3553,-9999.0,-9999.0,-9999.0,-9999.0,-9999.0,-9999.0,-9999.0,-9999.0,-9999.0,orientation,color,size,0.3400000000000001,6.5,18,female,1,1913.8339991000003,0,22
3554,-9999.0,-9999.0,-9999.0,-9999.0,-9999.0,-9999.0,-9999.0,-9999.0,-9999.0,orientation,color,size,0.3400000000000001,6.5,18,female,1,1913.8339991000003,0,22
3555,-9999.0,-9999.0,-9999.0,-9999.0,-9999.0,-9999.0,-9999.0,-9999.0,-9999.0,orientation,color,size,0.3400000000000001,6.5,18,female,1,1913.8339991000003,0,22
3556,-9999.0,-9999.0,-9999.0,-9999.0,-9999.0,-9999.0,-9999.0,-9999.0,-9999.0,orientation,color,size,0.3400000000000001,6.5,18,female,1,1913.8339991000003,0,22
3557,-9999.0,-9999.0,-9999.0,-9999.0,-9999.0,-9999.0,-9999.0,-9999.0,-9999.0,orientation,color,size,0.3400000000000001,6.5,18,female,1,1913.8339991000003,0,22
3558,-9999.0,-9999.0,-9999.0,-9999.0,-9999.0,-9999.0,-9999.0,-9999.0,-9999.0,orientation,color,size,0.3400000000000001,6.5,18,female,1,1913.8339991000003,0,22
3559,-9999.0,-9999.0,-9999.0,-9999.0,-9999.0,-9999.0,-9999.0,-9999.0,-9999.0,orientation,color,size,0.3400000000000001,6.5,18,female,1,1913.8339991000003,0,22
3560,-9999.0,-9999.0,-9999.0,-9999.0,-9999.0,-9999.0,-9999.0,-9999.0,-9999.0,orientation,color,size,0.3400000000000001,6.5,18,female,1,1913.8339991000003,0,22
3561,-9999.0,-9999.0,-9999.0,-9999.0,-9999.0,-9999.0,-9999.0,-9999.0,-9999.0,orientation,color,size,0.3400000000000001,6.5,18,female,1,1913.8339991000003,0,22
3562,-9999.0,-9999.0,-9999.0,-9999.0,-9999.0,-9999.0,-9999.0,-9999.0,-9999.0,orientation,color,size,0.3400000000000001,6.5,18,female,1,1913.8339991000003,0,22
3563,-9999.0,-9999.0,-9999.0,-9999.0,-9999.0,-9999.0,-9999.0,-9999.0,-9999.0,orientation,color,size,0.3400000000000001,6.5,18,female,1,1913.8339991000003,0,22
3564,-9999.0,-9999.0,-9999.0,-9999.0,-9999.0,-9999.0,-9999.0,-9999.0,-9999.0,orientation,color,size,0.3400000000000001,6.5,18,female,1,1913.8339991000003,0,22
3565,-9999.0,-9999.0,-9999.0,-9999.0,-9999.0,-9999.0,-9999.0,-9999.0,-9999.0,orientation,color,size,0.3400000000000001,6.5,18,female,1,1913.8339991000003,0,22
3566,-9999.0,-9999.0,-9999.0,-9999.0,-9999.0,-9999.0,-9999.0,-9999.0,-9999.0,orientation,color,size,0.3400000000000001,6.5,18,female,1,1913.8339991000003,0,22
3567,-9999.0,-9999.0,-9999.0,-9999.0,-9999.0,-9999.0,-9999.0,-9999.0,-9999.0,orientation,color,size,0.3400000000000001,6.5,18,female,1,1913.8339991000003,0,22
3568,-9999.0,-9999.0,-9999.0,-9999.0,-9999.0,-9999.0,-9999.0,-9999.0,-9999.0,orientation,color,size,0.3400000000000001,6.5,18,female,1,1913.8339991000003,0,22
3569,-9999.0,-9999.0,-9999.0,-9999.0,-9999.0,-9999.0,-9999.0,-9999.0,-9999.0,orientation,color,size,0.3400000000000001,6.5,18,female,1,1913.8339991000003,0,22
3570,-9999.0,-9999.0,-9999.0,-9999.0,-9999.0,-9999.0,-9999.0,-9999.0,-9999.0,orientation,color,size,0.3400000000000001,6.5,18,female,1,1913.8339991000003,0,22
3571,-9999.0,-9999.0,-9999.0,-9999.0,-9999.0,-9999.0,-9999.0,-9999.0,-9999.0,orientation,color,size,0.3400000000000001,6.5,18,female,1,1913.8339991000003,0,22
3572,-9999.0,-9999.0,-9999.0,-9999.0,-9999.0,-9999.0,-9999.0,-9999.0,-9999.0,orientation,color,size,0.3400000000000001,6.5,18,female,1,1913.8339991000003,0,22
3573,-9999.0,-9999.0,-9999.0,-9999.0,-9999.0,-9999.0,-9999.0,-9999.0,-9999.0,orientation,color,size,0.3400000000000001,6.5,18,female,1,1913.8339991000003,0,22
3574,-9999.0,-9999.0,-9999.0,-9999.0,-9999.0,-9999.0,-9999.0,-9999.0,-9999.0,orientation,color,size,0.3400000000000001,6.5,18,female,1,1913.8339991000003,0,22
3575,-9999.0,-9999.0,-9999.0,-9999.0,-9999.0,-9999.0,-9999.0,-9999.0,-9999.0,orientation,color,size,0.3400000000000001,6.5,18,female,1,1913.8339991000003,0,22
3576,-9999.0,-9999.0,-9999.0,-9999.0,-9999.0,-9999.0,-9999.0,-9999.0,-9999.0,orientation,color,size,0.3400000000000001,6.5,18,female,1,1913.8339991000003,0,22
3577,-9999.0,-9999.0,-9999.0,-9999.0,-9999.0,-9999.0,-9999.0,-9999.0,-9999.0,orientation,color,size,0.3400000000000001,6.5,18,female,1,1913.8339991000003,0,22
3578,-9999.0,-9999.0,-9999.0,-9999.0,-9999.0,-9999.0,-9999.0,-9999.0,-9999.0,orientation,color,size,0.3400000000000001,6.5,18,female,1,1913.8339991000003,0,22
3579,-9999.0,-9999.0,-9999.0,-9999.0,-9999.0,-9999.0,-9999.0,-9999.0,-9999.0,orientation,color,size,0.3400000000000001,6.5,18,female,1,1913.8339991000003,0,22
3580,-9999.0,-9999.0,-9999.0,-9999.0,-9999.0,-9999.0,-9999.0,-9999.0,-9999.0,orientation,color,size,0.3400000000000001,6.5,18,female,1,1913.8339991000003,0,22
3581,-9999.0,-9999.0,-9999.0,-9999.0,-9999.0,-9999.0,-9999.0,-9999.0,-9999.0,orientation,color,size,0.3400000000000001,6.5,18,female,1,1913.8339991000003,0,22
3582,-9999.0,-9999.0,-9999.0,-9999.0,-9999.0,-9999.0,-9999.0,-9999.0,-9999.0,orientation,color,size,0.3400000000000001,6.5,18,female,1,1913.8339991000003,0,22
3583,-9999.0,-9999.0,-9999.0,-9999.0,-9999.0,-9999.0,-9999.0,-9999.0,-9999.0,orientation,color,size,0.3400000000000001,6.5,18,female,1,1913.8339991000003,0,22
3584,-9999.0,-9999.0,-9999.0,-9999.0,-9999.0,-9999.0,-9999.0,-9999.0,-9999.0,orientation,color,size,0.3400000000000001,6.5,18,female,1,1913.8339991000003,0,22
3585,-9999.0,-9999.0,-9999.0,-9999.0,-9999.0,-9999.0,-9999.0,-9999.0,-9999.0,orientation,color,size,0.3400000000000001,6.5,18,female,1,1913.8339991000003,0,22
3586,-9999.0,-9999.0,-9999.0,-9999.0,-9999.0,-9999.0,-9999.0,-9999.0,-9999.0,orientation,color,size,0.3400000000000001,6.5,18,female,1,1913.8339991000003,0,22
3587,-9999.0,-9999.0,-9999.0,-9999.0,-9999.0,-9999.0,-9999.0,-9999.0,-9999.0,orientation,color,size,0.3400000000000001,6.5,18,female,1,1913.8339991000003,0,22
3588,-9999.0,-9999.0,-9999.0,-9999.0,-9999.0,-9999.0,-9999.0,-9999.0,-9999.0,orientation,color,size,0.3400000000000001,6.5,18,female,1,1913.8339991000003,0,22
3589,-9999.0,-9999.0,-9999.0,-9999.0,-9999.0,-9999.0,-9999.0,-9999.0,-9999.0,orientation,color,size,0.3400000000000001,6.5,18,female,1,1913.8339991000003,0,22
3590,-9999.0,-9999.0,-9999.0,-9999.0,-9999.0,-9999.0,-9999.0,-9999.0,-9999.0,orientation,color,size,0.3400000000000001,6.5,18,female,1,1913.8339991000003,0,22
3591,-9999.0,-9999.0,-9999.0,-9999.0,-9999.0,-9999.0,-9999.0,-9999.0,-9999.0,orientation,color,size,0.3400000000000001,6.5,18,female,1,1913.8339991000003,0,22
3592,-9999.0,-9999.0,-9999.0,-9999.0,-9999.0,-9999.0,-9999.0,-9999.0,-9999.0,orientation,color,size,0.3400000000000001,6.5,18,female,1,1913.8339991000003,0,22
3593,-9999.0,-9999.0,-9999.0,-9999.0,-9999.0,-9999.0,-9999.0,-9999.0,-9999.0,orientation,color,size,0.3400000000000001,6.5,18,female,1,1913.8339991000003,0,22
3594,-9999.0,-9999.0,-9999.0,-9999.0,-9999.0,-9999.0,-9999.0,-9999.0,-9999.0,orientation,color,size,0.3400000000000001,6.5,18,female,1,1913.8339991000003,0,22
3595,-9999.0,-9999.0,-9999.0,-9999.0,-9999.0,-9999.0,-9999.0,-9999.0,-9999.0,orientation,color,size,0.3400000000000001,6.5,18,female,1,1913.8339991000003,0,22
3596,-9999.0,-9999.0,-9999.0,-9999.0,-9999.0,-9999.0,-9999.0,-9999.0,-9999.0,orientation,color,size,0.3400000000000001,6.5,18,female,1,1913.8339991000003,0,22
3597,-9999.0,-9999.0,-9999.0,-9999.0,-9999.0,-9999.0,-9999.0,-9999.0,-9999.0,orientation,color,size,0.3400000000000001,6.5,18,female,1,1913.8339991000003,0,22
3598,-9999.0,-9999.0,-9999.0,-9999.0,-9999.0,-9999.0,-9999.0,-9999.0,-9999.0,orientation,color,size,0.3400000000000001,6.5,18,female,1,1913.8339991000003,0,22
3599,-9999.0,-9999.0,-9999.0,-9999.0,-9999.0,-9999.0,-9999.0,-9999.0,-9999.0,orientation,color,size,0.3400000000000001,6.5,18,female,1,1913.8339991000003,0,22
3600,-9999.0,-9999.0,-9999.0,-9999.0,-9999.0,-9999.0,-9999.0,-9999.0,-9999.0,orientation,color,size,0.3400000000000001,6.5,18,female,1,1913.8339991000003,0,22
3601,-9999.0,-9999.0,-9999.0,-9999.0,-9999.0,-9999.0,-9999.0,-9999.0,-9999.0,orientation,color,size,0.3400000000000001,6.5,18,female,1,1913.8339991000003,0,22
3602,-9999.0,-9999.0,-9999.0,-9999.0,-9999.0,-9999.0,-9999.0,-9999.0,-9999.0,orientation,color,size,0.3400000000000001,6.5,18,female,1,1913.8339991000003,0,22
3603,-9999.0,-9999.0,-9999.0,-9999.0,-9999.0,-9999.0,-9999.0,-9999.0,-9999.0,orientation,color,size,0.3400000000000001,6.5,18,female,1,1913.8339991000003,0,22
3604,-9999.0,-9999.0,-9999.0,-9999.0,-9999.0,-9999.0,-9999.0,-9999.0,-9999.0,orientation,color,size,0.3400000000000001,6.5,18,female,1,1913.8339991000003,0,22
3605,-9999.0,-9999.0,-9999.0,-9999.0,-9999.0,-9999.0,-9999.0,-9999.0,-9999.0,orientation,color,size,0.3400000000000001,6.5,18,female,1,1913.8339991000003,0,22
3606,-9999.0,-9999.0,-9999.0,-9999.0,-9999.0,-9999.0,-9999.0,-9999.0,-9999.0,orientation,color,size,0.3400000000000001,6.5,18,female,1,1913.8339991000003,0,22
3607,-9999.0,-9999.0,-9999.0,-9999.0,-9999.0,-9999.0,-9999.0,-9999.0,-9999.0,orientation,color,size,0.3400000000000001,6.5,18,female,1,1913.8339991000003,0,22
3608,-9999.0,-9999.0,-9999.0,-9999.0,-9999.0,-9999.0,-9999.0,-9999.0,-9999.0,orientation,color,size,0.3400000000000001,6.5,18,female,1,1913.8339991000003,0,22
3609,-9999.0,-9999.0,-9999.0,-9999.0,-9999.0,-9999.0,-9999.0,-9999.0,-9999.0,orientation,color,size,0.3400000000000001,6.5,18,female,1,1913.8339991000003,0,22
3610,-9999.0,-9999.0,-9999.0,-9999.0,-9999.0,-9999.0,-9999.0,-9999.0,-9999.0,orientation,color,size,0.3400000000000001,6.5,18,female,1,1913.8339991000003,0,22
3611,-9999.0,-9999.0,-9999.0,-9999.0,-9999.0,-9999.0,-9999.0,-9999.0,-9999.0,orientation,color,size,0.3400000000000001,6.5,18,female,1,1913.8339991000003,0,22
3612,-9999.0,-9999.0,-9999.0,-9999.0,-9999.0,-9999.0,-9999.0,-9999.0,-9999.0,orientation,color,size,0.3400000000000001,6.5,18,female,1,1913.8339991000003,0,22
3613,-9999.0,-9999.0,-9999.0,-9999.0,-9999.0,-9999.0,-9999.0,-9999.0,-9999.0,orientation,color,size,0.3400000000000001,6.5,18,female,1,1913.8339991000003,0,22
3614,-9999.0,-9999.0,-9999.0,-9999.0,-9999.0,-9999.0,-9999.0,-9999.0,-9999.0,orientation,color,size,0.3400000000000001,6.5,18,female,1,1913.8339991000003,0,22
3615,-9999.0,-9999.0,-9999.0,-9999.0,-9999.0,-9999.0,-9999.0,-9999.0,-9999.0,orientation,color,size,0.3400000000000001,6.5,18,female,1,1913.8339991000003,0,22
3616,-9999.0,-9999.0,-9999.0,-9999.0,-9999.0,-9999.0,-9999.0,-9999.0,-9999.0,orientation,color,size,0.3400000000000001,6.5,18,female,1,1913.8339991000003,0,22
3617,-9999.0,-9999.0,-9999.0,-9999.0,-9999.0,-9999.0,-9999.0,-9999.0,-9999.0,orientation,color,size,0.3400000000000001,6.5,18,female,1,1913.8339991000003,0,22
3618,-9999.0,-9999.0,-9999.0,-9999.0,-9999.0,-9999.0,-9999.0,-9999.0,-9999.0,orientation,color,size,0.3400000000000001,6.5,18,female,1,1913.8339991000003,0,22
3619,-9999.0,-9999.0,-9999.0,-9999.0,-9999.0,-9999.0,-9999.0,-9999.0,-9999.0,orientation,color,size,0.3400000000000001,6.5,18,female,1,1913.8339991000003,0,22
3620,-9999.0,-9999.0,-9999.0,-9999.0,-9999.0,-9999.0,-9999.0,-9999.0,-9999.0,orientation,color,size,0.3400000000000001,6.5,18,female,1,1913.8339991000003,0,22
3621,-9999.0,-9999.0,-9999.0,-9999.0,-9999.0,-9999.0,-9999.0,-9999.0,-9999.0,orientation,color,size,0.3400000000000001,6.5,18,female,1,1913.8339991000003,0,22
3622,-9999.0,-9999.0,-9999.0,-9999.0,-9999.0,-9999.0,-9999.0,-9999.0,-9999.0,orientation,color,size,0.3400000000000001,6.5,18,female,1,1913.8339991000003,0,22
3623,-9999.0,-9999.0,-9999.0,-9999.0,-9999.0,-9999.0,-9999.0,-9999.0,-9999.0,orientation,color,size,0.3400000000000001,6.5,18,female,1,1913.8339991000003,0,22
3624,-9999.0,-9999.0,-9999.0,-9999.0,-9999.0,-9999.0,-9999.0,-9999.0,-9999.0,orientation,color,size,0.3400000000000001,6.5,18,female,1,1913.8339991000003,0,22
3625,-9999.0,-9999.0,-9999.0,-9999.0,-9999.0,-9999.0,-9999.0,-9999.0,-9999.0,orientation,color,size,0.3400000000000001,6.5,18,female,1,1913.8339991000003,0,22
3626,-9999.0,-9999.0,-9999.0,-9999.0,-9999.0,-9999.0,-9999.0,-9999.0,-9999.0,orientation,color,size,0.3400000000000001,6.5,18,female,1,1913.8339991000003,0,22
3627,-9999.0,-9999.0,-9999.0,-9999.0,-9999.0,-9999.0,-9999.0,-9999.0,-9999.0,orientation,color,size,0.3400000000000001,6.5,18,female,1,1913.8339991000003,0,22
3628,-9999.0,-9999.0,-9999.0,-9999.0,-9999.0,-9999.0,-9999.0,-9999.0,-9999.0,orientation,color,size,0.3400000000000001,6.5,18,female,1,1913.8339991000003,0,22
3629,-9999.0,-9999.0,-9999.0,-9999.0,-9999.0,-9999.0,-9999.0,-9999.0,-9999.0,orientation,color,size,0.3400000000000001,6.5,18,female,1,1913.8339991000003,0,22
3630,-9999.0,-9999.0,-9999.0,-9999.0,-9999.0,-9999.0,-9999.0,-9999.0,-9999.0,orientation,color,size,0.3400000000000001,6.5,18,female,1,1913.8339991000003,0,22
3631,-9999.0,-9999.0,-9999.0,-9999.0,-9999.0,-9999.0,-9999.0,-9999.0,-9999.0,orientation,color,size,0.3400000000000001,6.5,18,female,1,1913.8339991000003,0,22
3632,-9999.0,-9999.0,-9999.0,-9999.0,-9999.0,-9999.0,-9999.0,-9999.0,-9999.0,orientation,color,size,0.3400000000000001,6.5,18,female,1,1913.8339991000003,0,22
3633,-9999.0,-9999.0,-9999.0,-9999.0,-9999.0,-9999.0,-9999.0,-9999.0,-9999.0,orientation,color,size,0.3400000000000001,6.5,18,female,1,1913.8339991000003,0,22
3634,-9999.0,-9999.0,-9999.0,-9999.0,-9999.0,-9999.0,-9999.0,-9999.0,-9999.0,orientation,color,size,0.3400000000000001,6.5,18,female,1,1913.8339991000003,0,22
3635,-9999.0,-9999.0,-9999.0,-9999.0,-9999.0,-9999.0,-9999.0,-9999.0,-9999.0,orientation,color,size,0.3400000000000001,6.5,18,female,1,1913.8339991000003,0,22
3636,-9999.0,-9999.0,-9999.0,-9999.0,-9999.0,-9999.0,-9999.0,-9999.0,-9999.0,orientation,color,size,0.3400000000000001,6.5,18,female,1,1913.8339991000003,0,22
3637,-9999.0,-9999.0,-9999.0,-9999.0,-9999.0,-9999.0,-9999.0,-9999.0,-9999.0,orientation,color,size,0.3400000000000001,6.5,18,female,1,1913.8339991000003,0,22
3638,-9999.0,-9999.0,-9999.0,-9999.0,-9999.0,-9999.0,-9999.0,-9999.0,-9999.0,orientation,color,size,0.3400000000000001,6.5,18,female,1,1913.8339991000003,0,22
3639,-9999.0,-9999.0,-9999.0,-9999.0,-9999.0,-9999.0,-9999.0,-9999.0,-9999.0,orientation,color,size,0.3400000000000001,6.5,18,female,1,1913.8339991000003,0,22
3640,-9999.0,-9999.0,-9999.0,-9999.0,-9999.0,-9999.0,-9999.0,-9999.0,-9999.0,orientation,color,size,0.3400000000000001,6.5,18,female,1,1913.8339991000003,0,22
3641,-9999.0,-9999.0,-9999.0,-9999.0,-9999.0,-9999.0,-9999.0,-9999.0,-9999.0,orientation,color,size,0.3400000000000001,6.5,18,female,1,1913.8339991000003,0,22
3642,-9999.0,-9999.0,-9999.0,-9999.0,-9999.0,-9999.0,-9999.0,-9999.0,-9999.0,orientation,color,size,0.3400000000000001,6.5,18,female,1,1913.8339991000003,0,22
3643,-9999.0,-9999.0,-9999.0,-9999.0,-9999.0,-9999.0,-9999.0,-9999.0,-9999.0,orientation,color,size,0.3400000000000001,6.5,18,female,1,1913.8339991000003,0,22
3644,-9999.0,-9999.0,-9999.0,-9999.0,-9999.0,-9999.0,-9999.0,-9999.0,-9999.0,orientation,color,size,0.3400000000000001,6.5,18,female,1,1913.8339991000003,0,22
3645,-9999.0,-9999.0,-9999.0,-9999.0,-9999.0,-9999.0,-9999.0,-9999.0,-9999.0,orientation,color,size,0.3400000000000001,6.5,18,female,1,1913.8339991000003,0,22
3646,-9999.0,-9999.0,-9999.0,-9999.0,-9999.0,-9999.0,-9999.0,-9999.0,-9999.0,orientation,color,size,0.3400000000000001,6.5,18,female,1,1913.8339991000003,0,22
3647,-9999.0,-9999.0,-9999.0,-9999.0,-9999.0,-9999.0,-9999.0,-9999.0,-9999.0,orientation,color,size,0.3400000000000001,6.5,18,female,1,1913.8339991000003,0,22
3648,-9999.0,-9999.0,-9999.0,-9999.0,-9999.0,-9999.0,-9999.0,-9999.0,-9999.0,orientation,color,size,0.3400000000000001,6.5,18,female,1,1913.8339991000003,0,22
3649,-9999.0,-9999.0,-9999.0,-9999.0,-9999.0,-9999.0,-9999.0,-9999.0,-9999.0,orientation,color,size,0.3400000000000001,6.5,18,female,1,1913.8339991000003,0,22
3650,-9999.0,-9999.0,-9999.0,-9999.0,-9999.0,-9999.0,-9999.0,-9999.0,-9999.0,orientation,color,size,0.3400000000000001,6.5,18,female,1,1913.8339991000003,0,22
3651,-9999.0,-9999.0,-9999.0,-9999.0,-9999.0,-9999.0,-9999.0,-9999.0,-9999.0,orientation,color,size,0.3400000000000001,6.5,18,female,1,1913.8339991000003,0,22
3652,-9999.0,-9999.0,-9999.0,-9999.0,-9999.0,-9999.0,-9999.0,-9999.0,-9999.0,orientation,color,size,0.3400000000000001,6.5,18,female,1,1913.8339991000003,0,22
3653,-9999.0,-9999.0,-9999.0,-9999.0,-9999.0,-9999.0,-9999.0,-9999.0,-9999.0,orientation,color,size,0.3400000000000001,6.5,18,female,1,1913.8339991000003,0,22
3654,-9999.0,-9999.0,-9999.0,-9999.0,-9999.0,-9999.0,-9999.0,-9999.0,-9999.0,orientation,color,size,0.3400000000000001,6.5,18,female,1,1913.8339991000003,0,22
3655,-9999.0,-9999.0,-9999.0,-9999.0,-9999.0,-9999.0,-9999.0,-9999.0,-9999.0,orientation,color,size,0.3400000000000001,6.5,18,female,1,1913.8339991000003,0,22
3656,-9999.0,-9999.0,-9999.0,-9999.0,-9999.0,-9999.0,-9999.0,-9999.0,-9999.0,orientation,color,size,0.3400000000000001,6.5,18,female,1,1913.8339991000003,0,22
3657,-9999.0,-9999.0,-9999.0,-9999.0,-9999.0,-9999.0,-9999.0,-9999.0,-9999.0,orientation,color,size,0.3400000000000001,6.5,18,female,1,1913.8339991000003,0,22
3658,-9999.0,-9999.0,-9999.0,-9999.0,-9999.0,-9999.0,-9999.0,-9999.0,-9999.0,orientation,color,size,0.3400000000000001,6.5,18,female,1,1913.8339991000003,0,22
3659,-9999.0,-9999.0,-9999.0,-9999.0,-9999.0,-9999.0,-9999.0,-9999.0,-9999.0,orientation,color,size,0.3400000000000001,6.5,18,female,1,1913.8339991000003,0,22
3660,-9999.0,-9999.0,-9999.0,-9999.0,-9999.0,-9999.0,-9999.0,-9999.0,-9999.0,orientation,color,size,0.3400000000000001,6.5,18,female,1,1913.8339991000003,0,22
3661,-9999.0,-9999.0,-9999.0,-9999.0,-9999.0,-9999.0,-9999.0,-9999.0,-9999.0,orientation,color,size,0.3400000000000001,6.5,18,female,1,1913.8339991000003,0,22
3662,-9999.0,-9999.0,-9999.0,-9999.0,-9999.0,-9999.0,-9999.0,-9999.0,-9999.0,orientation,color,size,0.3400000000000001,6.5,18,female,1,1913.8339991000003,0,22
3663,-9999.0,-9999.0,-9999.0,-9999.0,-9999.0,-9999.0,-9999.0,-9999.0,-9999.0,orientation,color,size,0.3400000000000001,6.5,18,female,1,1913.8339991000003,0,22
3664,-9999.0,-9999.0,-9999.0,-9999.0,-9999.0,-9999.0,-9999.0,-9999.0,-9999.0,orientation,color,size,0.3400000000000001,6.5,18,female,1,1913.8339991000003,0,22
3665,-9999.0,-9999.0,-9999.0,-9999.0,-9999.0,-9999.0,-9999.0,-9999.0,-9999.0,orientation,color,size,0.3400000000000001,6.5,18,female,1,1913.8339991000003,0,22
3666,-9999.0,-9999.0,-9999.0,-9999.0,-9999.0,-9999.0,-9999.0,-9999.0,-9999.0,orientation,color,size,0.3400000000000001,6.5,18,female,1,1913.8339991000003,0,22
3667,-9999.0,-9999.0,-9999.0,-9999.0,-9999.0,-9999.0,-9999.0,-9999.0,-9999.0,orientation,color,size,0.3400000000000001,6.5,18,female,1,1913.8339991000003,0,22
3668,-9999.0,-9999.0,-9999.0,-9999.0,-9999.0,-9999.0,-9999.0,-9999.0,-9999.0,orientation,color,size,0.3400000000000001,6.5,18,female,1,1913.8339991000003,0,22
3669,-9999.0,-9999.0,-9999.0,-9999.0,-9999.0,-9999.0,-9999.0,-9999.0,-9999.0,orientation,color,size,0.3400000000000001,6.5,18,female,1,1913.8339991000003,0,22
3670,-9999.0,-9999.0,-9999.0,-9999.0,-9999.0,-9999.0,-9999.0,-9999.0,-9999.0,orientation,color,size,0.3400000000000001,6.5,18,female,1,1913.8339991000003,0,22
3671,-9999.0,-9999.0,-9999.0,-9999.0,-9999.0,-9999.0,-9999.0,-9999.0,-9999.0,orientation,color,size,0.3400000000000001,6.5,18,female,1,1913.8339991000003,0,22
3672,-9999.0,-9999.0,-9999.0,-9999.0,-9999.0,-9999.0,-9999.0,-9999.0,-9999.0,orientation,color,size,0.3400000000000001,6.5,18,female,1,1913.8339991000003,0,22
3673,-9999.0,-9999.0,-9999.0,-9999.0,-9999.0,-9999.0,-9999.0,-9999.0,-9999.0,orientation,color,size,0.3400000000000001,6.5,18,female,1,1913.8339991000003,0,22
3674,-9999.0,-9999.0,-9999.0,-9999.0,-9999.0,-9999.0,-9999.0,-9999.0,-9999.0,orientation,color,size,0.3400000000000001,6.5,18,female,1,1913.8339991000003,0,22
3675,-9999.0,-9999.0,-9999.0,-9999.0,-9999.0,-9999.0,-9999.0,-9999.0,-9999.0,orientation,color,size,0.3400000000000001,6.5,18,female,1,1913.8339991000003,0,22
3676,-9999.0,-9999.0,-9999.0,-9999.0,-9999.0,-9999.0,-9999.0,-9999.0,-9999.0,orientation,color,size,0.3400000000000001,6.5,18,female,1,1913.8339991000003,0,22
3677,-9999.0,-9999.0,-9999.0,-9999.0,-9999.0,-9999.0,-9999.0,-9999.0,-9999.0,orientation,color,size,0.3400000000000001,6.5,18,female,1,1913.8339991000003,0,22
3678,-9999.0,-9999.0,-9999.0,-9999.0,-9999.0,-9999.0,-9999.0,-9999.0,-9999.0,orientation,color,size,0.3400000000000001,6.5,18,female,1,1913.8339991000003,0,22
3679,-9999.0,-9999.0,-9999.0,-9999.0,-9999.0,-9999.0,-9999.0,-9999.0,-9999.0,orientation,color,size,0.3400000000000001,6.5,18,female,1,1913.8339991000003,0,22
3680,-9999.0,-9999.0,-9999.0,-9999.0,-9999.0,-9999.0,-9999.0,-9999.0,-9999.0,orientation,color,size,0.3400000000000001,6.5,18,female,1,1913.8339991000003,0,22
3681,-9999.0,-9999.0,-9999.0,-9999.0,-9999.0,-9999.0,-9999.0,-9999.0,-9999.0,orientation,color,size,0.3400000000000001,6.5,18,female,1,1913.8339991000003,0,22
3682,-9999.0,-9999.0,-9999.0,-9999.0,-9999.0,-9999.0,-9999.0,-9999.0,-9999.0,orientation,color,size,0.3400000000000001,6.5,18,female,1,1913.8339991000003,0,22
3683,-9999.0,-9999.0,-9999.0,-9999.0,-9999.0,-9999.0,-9999.0,-9999.0,-9999.0,orientation,color,size,0.3400000000000001,6.5,18,female,1,1913.8339991000003,0,22
3684,-9999.0,-9999.0,-9999.0,-9999.0,-9999.0,-9999.0,-9999.0,-9999.0,-9999.0,orientation,color,size,0.3400000000000001,6.5,18,female,1,1913.8339991000003,0,22
3685,-9999.0,-9999.0,-9999.0,-9999.0,-9999.0,-9999.0,-9999.0,-9999.0,-9999.0,orientation,color,size,0.3400000000000001,6.5,18,female,1,1913.8339991000003,0,22
3686,-9999.0,-9999.0,-9999.0,-9999.0,-9999.0,-9999.0,-9999.0,-9999.0,-9999.0,orientation,color,size,0.3400000000000001,6.5,18,female,1,1913.8339991000003,0,22
3687,-9999.0,-9999.0,-9999.0,-9999.0,-9999.0,-9999.0,-9999.0,-9999.0,-9999.0,orientation,color,size,0.3400000000000001,6.5,18,female,1,1913.8339991000003,0,22
3688,-9999.0,-9999.0,-9999.0,-9999.0,-9999.0,-9999.0,-9999.0,-9999.0,-9999.0,orientation,color,size,0.3400000000000001,6.5,18,female,1,1913.8339991000003,0,22
3689,-9999.0,-9999.0,-9999.0,-9999.0,-9999.0,-9999.0,-9999.0,-9999.0,-9999.0,orientation,color,size,0.3400000000000001,6.5,18,female,1,1913.8339991000003,0,22
3690,-9999.0,-9999.0,-9999.0,-9999.0,-9999.0,-9999.0,-9999.0,-9999.0,-9999.0,orientation,color,size,0.3400000000000001,6.5,18,female,1,1913.8339991000003,0,22
3691,-9999.0,-9999.0,-9999.0,-9999.0,-9999.0,-9999.0,-9999.0,-9999.0,-9999.0,orientation,color,size,0.3400000000000001,6.5,18,female,1,1913.8339991000003,0,22
3692,-9999.0,-9999.0,-9999.0,-9999.0,-9999.0,-9999.0,-9999.0,-9999.0,-9999.0,orientation,color,size,0.3400000000000001,6.5,18,female,1,1913.8339991000003,0,22
3693,-9999.0,-9999.0,-9999.0,-9999.0,-9999.0,-9999.0,-9999.0,-9999.0,-9999.0,orientation,color,size,0.3400000000000001,6.5,18,female,1,1913.8339991000003,0,22
3694,-9999.0,-9999.0,-9999.0,-9999.0,-9999.0,-9999.0,-9999.0,-9999.0,-9999.0,orientation,color,size,0.3400000000000001,6.5,18,female,1,1913.8339991000003,0,22
3695,-9999.0,-9999.0,-9999.0,-9999.0,-9999.0,-9999.0,-9999.0,-9999.0,-9999.0,orientation,color,size,0.3400000000000001,6.5,18,female,1,1913.8339991000003,0,22
3696,-9999.0,-9999.0,-9999.0,-9999.0,-9999.0,-9999.0,-9999.0,-9999.0,-9999.0,orientation,color,size,0.3400000000000001,6.5,18,female,1,1913.8339991000003,0,22
3697,-9999.0,-9999.0,-9999.0,-9999.0,-9999.0,-9999.0,-9999.0,-9999.0,-9999.0,orientation,color,size,0.3400000000000001,6.5,18,female,1,1913.8339991000003,0,22
3698,-9999.0,-9999.0,-9999.0,-9999.0,-9999.0,-9999.0,-9999.0,-9999.0,-9999.0,orientation,color,size,0.3400000000000001,6.5,18,female,1,1913.8339991000003,0,22
3699,-9999.0,-9999.0,-9999.0,-9999.0,-9999.0,-9999.0,-9999.0,-9999.0,-9999.0,orientation,color,size,0.3400000000000001,6.5,18,female,1,1913.8339991000003,0,22
3700,-9999.0,-9999.0,-9999.0,-9999.0,-9999.0,-9999.0,-9999.0,-9999.0,-9999.0,orientation,color,size,0.3400000000000001,6.5,18,female,1,1913.8339991000003,0,22
3701,-9999.0,-9999.0,-9999.0,-9999.0,-9999.0,-9999.0,-9999.0,-9999.0,-9999.0,orientation,color,size,0.3400000000000001,6.5,18,female,1,1913.8339991000003,0,22
3702,-9999.0,-9999.0,-9999.0,-9999.0,-9999.0,-9999.0,-9999.0,-9999.0,-9999.0,orientation,color,size,0.3400000000000001,6.5,18,female,1,1913.8339991000003,0,22
3703,-9999.0,-9999.0,-9999.0,-9999.0,-9999.0,-9999.0,-9999.0,-9999.0,-9999.0,orientation,color,size,0.3400000000000001,6.5,18,female,1,1913.8339991000003,0,22
3704,-9999.0,-9999.0,-9999.0,-9999.0,-9999.0,-9999.0,-9999.0,-9999.0,-9999.0,orientation,color,size,0.3400000000000001,6.5,18,female,1,1913.8339991000003,0,22
3705,-9999.0,-9999.0,-9999.0,-9999.0,-9999.0,-9999.0,-9999.0,-9999.0,-9999.0,orientation,color,size,0.3400000000000001,6.5,18,female,1,1913.8339991000003,0,22
3706,-9999.0,-9999.0,-9999.0,-9999.0,-9999.0,-9999.0,-9999.0,-9999.0,-9999.0,orientation,color,size,0.3400000000000001,6.5,18,female,1,1913.8339991000003,0,22
3707,-9999.0,-9999.0,-9999.0,-9999.0,-9999.0,-9999.0,-9999.0,-9999.0,-9999.0,orientation,color,size,0.3400000000000001,6.5,18,female,1,1913.8339991000003,0,22
3708,-9999.0,-9999.0,-9999.0,-9999.0,-9999.0,-9999.0,-9999.0,-9999.0,-9999.0,orientation,color,size,0.3400000000000001,6.5,18,female,1,1913.8339991000003,0,22
3709,-9999.0,-9999.0,-9999.0,-9999.0,-9999.0,-9999.0,-9999.0,-9999.0,-9999.0,orientation,color,size,0.3400000000000001,6.5,18,female,1,1913.8339991000003,0,22
3710,-9999.0,-9999.0,-9999.0,-9999.0,-9999.0,-9999.0,-9999.0,-9999.0,-9999.0,orientation,color,size,0.3400000000000001,6.5,18,female,1,1913.8339991000003,0,22
3711,-9999.0,-9999.0,-9999.0,-9999.0,-9999.0,-9999.0,-9999.0,-9999.0,-9999.0,orientation,color,size,0.3400000000000001,6.5,18,female,1,1913.8339991000003,0,22
3712,-9999.0,-9999.0,-9999.0,-9999.0,-9999.0,-9999.0,-9999.0,-9999.0,-9999.0,orientation,color,size,0.3400000000000001,6.5,18,female,1,1913.8339991000003,0,22
3713,-9999.0,-9999.0,-9999.0,-9999.0,-9999.0,-9999.0,-9999.0,-9999.0,-9999.0,orientation,color,size,0.3400000000000001,6.5,18,female,1,1913.8339991000003,0,22
3714,-9999.0,-9999.0,-9999.0,-9999.0,-9999.0,-9999.0,-9999.0,-9999.0,-9999.0,orientation,color,size,0.3400000000000001,6.5,18,female,1,1913.8339991000003,0,22
3715,-9999.0,-9999.0,-9999.0,-9999.0,-9999.0,-9999.0,-9999.0,-9999.0,-9999.0,orientation,color,size,0.3400000000000001,6.5,18,female,1,1913.8339991000003,0,22
3716,-9999.0,-9999.0,-9999.0,-9999.0,-9999.0,-9999.0,-9999.0,-9999.0,-9999.0,orientation,color,size,0.3400000000000001,6.5,18,female,1,1913.8339991000003,0,22
3717,-9999.0,-9999.0,-9999.0,-9999.0,-9999.0,-9999.0,-9999.0,-9999.0,-9999.0,orientation,color,size,0.3400000000000001,6.5,18,female,1,1913.8339991000003,0,22
3718,-9999.0,-9999.0,-9999.0,-9999.0,-9999.0,-9999.0,-9999.0,-9999.0,-9999.0,orientation,color,size,0.3400000000000001,6.5,18,female,1,1913.8339991000003,0,22
3719,-9999.0,-9999.0,-9999.0,-9999.0,-9999.0,-9999.0,-9999.0,-9999.0,-9999.0,orientation,color,size,0.3400000000000001,6.5,18,female,1,1913.8339991000003,0,22
3720,-9999.0,-9999.0,-9999.0,-9999.0,-9999.0,-9999.0,-9999.0,-9999.0,-9999.0,orientation,color,size,0.3400000000000001,6.5,18,female,1,1913.8339991000003,0,22
3721,-9999.0,-9999.0,-9999.0,-9999.0,-9999.0,-9999.0,-9999.0,-9999.0,-9999.0,orientation,color,size,0.3400000000000001,6.5,18,female,1,1913.8339991000003,0,22
3722,-9999.0,-9999.0,-9999.0,-9999.0,-9999.0,-9999.0,-9999.0,-9999.0,-9999.0,orientation,color,size,0.3400000000000001,6.5,18,female,1,1913.8339991000003,0,22
3723,-9999.0,-9999.0,-9999.0,-9999.0,-9999.0,-9999.0,-9999.0,-9999.0,-9999.0,orientation,color,size,0.3400000000000001,6.5,18,female,1,1913.8339991000003,0,22
3724,-9999.0,-9999.0,-9999.0,-9999.0,-9999.0,-9999.0,-9999.0,-9999.0,-9999.0,orientation,color,size,0.3400000000000001,6.5,18,female,1,1913.8339991000003,0,22
3725,-9999.0,-9999.0,-9999.0,-9999.0,-9999.0,-9999.0,-9999.0,-9999.0,-9999.0,orientation,color,size,0.3400000000000001,6.5,18,female,1,1913.8339991000003,0,22
3726,-9999.0,-9999.0,-9999.0,-9999.0,-9999.0,-9999.0,-9999.0,-9999.0,-9999.0,orientation,color,size,0.3400000000000001,6.5,18,female,1,1913.8339991000003,0,22
3727,-9999.0,-9999.0,-9999.0,-9999.0,-9999.0,-9999.0,-9999.0,-9999.0,-9999.0,orientation,color,size,0.3400000000000001,6.5,18,female,1,1913.8339991000003,0,22
3728,-9999.0,-9999.0,-9999.0,-9999.0,-9999.0,-9999.0,-9999.0,-9999.0,-9999.0,orientation,color,size,0.3400000000000001,6.5,18,female,1,1913.8339991000003,0,22
3729,-9999.0,-9999.0,-9999.0,-9999.0,-9999.0,-9999.0,-9999.0,-9999.0,-9999.0,orientation,color,size,0.3400000000000001,6.5,18,female,1,1913.8339991000003,0,22
3730,-9999.0,-9999.0,-9999.0,-9999.0,-9999.0,-9999.0,-9999.0,-9999.0,-9999.0,orientation,color,size,0.3400000000000001,6.5,18,female,1,1913.8339991000003,0,22
3731,-9999.0,-9999.0,-9999.0,-9999.0,-9999.0,-9999.0,-9999.0,-9999.0,-9999.0,orientation,color,size,0.3400000000000001,6.5,18,female,1,1913.8339991000003,0,22
3732,-9999.0,-9999.0,-9999.0,-9999.0,-9999.0,-9999.0,-9999.0,-9999.0,-9999.0,orientation,color,size,0.3400000000000001,6.5,18,female,1,1913.8339991000003,0,22
3733,-9999.0,-9999.0,-9999.0,-9999.0,-9999.0,-9999.0,-9999.0,-9999.0,-9999.0,orientation,color,size,0.3400000000000001,6.5,18,female,1,1913.8339991000003,0,22
3734,-9999.0,-9999.0,-9999.0,-9999.0,-9999.0,-9999.0,-9999.0,-9999.0,-9999.0,orientation,color,size,0.3400000000000001,6.5,18,female,1,1913.8339991000003,0,22
3735,-9999.0,-9999.0,-9999.0,-9999.0,-9999.0,-9999.0,-9999.0,-9999.0,-9999.0,orientation,color,size,0.3400000000000001,6.5,18,female,1,1913.8339991000003,0,22
3736,-9999.0,-9999.0,-9999.0,-9999.0,-9999.0,-9999.0,-9999.0,-9999.0,-9999.0,orientation,color,size,0.3400000000000001,6.5,18,female,1,1913.8339991000003,0,22
3737,-9999.0,-9999.0,-9999.0,-9999.0,-9999.0,-9999.0,-9999.0,-9999.0,-9999.0,orientation,color,size,0.3400000000000001,6.5,18,female,1,1913.8339991000003,0,22
3738,-9999.0,-9999.0,-9999.0,-9999.0,-9999.0,-9999.0,-9999.0,-9999.0,-9999.0,orientation,color,size,0.3400000000000001,6.5,18,female,1,1913.8339991000003,0,22
3739,-9999.0,-9999.0,-9999.0,-9999.0,-9999.0,-9999.0,-9999.0,-9999.0,-9999.0,orientation,color,size,0.3400000000000001,6.5,18,female,1,1913.8339991000003,0,22
3740,-9999.0,-9999.0,-9999.0,-9999.0,-9999.0,-9999.0,-9999.0,-9999.0,-9999.0,orientation,color,size,0.3400000000000001,6.5,18,female,1,1913.8339991000003,0,22
3741,-9999.0,-9999.0,-9999.0,-9999.0,-9999.0,-9999.0,-9999.0,-9999.0,-9999.0,orientation,color,size,0.3400000000000001,6.5,18,female,1,1913.8339991000003,0,22
3742,-9999.0,-9999.0,-9999.0,-9999.0,-9999.0,-9999.0,-9999.0,-9999.0,-9999.0,orientation,color,size,0.3400000000000001,6.5,18,female,1,1913.8339991000003,0,22
3743,-9999.0,-9999.0,-9999.0,-9999.0,-9999.0,-9999.0,-9999.0,-9999.0,-9999.0,orientation,color,size,0.3400000000000001,6.5,18,female,1,1913.8339991000003,0,22
3744,-9999.0,-9999.0,-9999.0,-9999.0,-9999.0,-9999.0,-9999.0,-9999.0,-9999.0,orientation,color,size,0.3400000000000001,6.5,18,female,1,1913.8339991000003,0,22
3745,-9999.0,-9999.0,-9999.0,-9999.0,-9999.0,-9999.0,-9999.0,-9999.0,-9999.0,orientation,color,size,0.3400000000000001,6.5,18,female,1,1913.8339991000003,0,22
3746,-9999.0,-9999.0,-9999.0,-9999.0,-9999.0,-9999.0,-9999.0,-9999.0,-9999.0,orientation,color,size,0.3400000000000001,6.5,18,female,1,1913.8339991000003,0,22
3747,-9999.0,-9999.0,-9999.0,-9999.0,-9999.0,-9999.0,-9999.0,-9999.0,-9999.0,orientation,color,size,0.3400000000000001,6.5,18,female,1,1913.8339991000003,0,22
3748,-9999.0,-9999.0,-9999.0,-9999.0,-9999.0,-9999.0,-9999.0,-9999.0,-9999.0,orientation,color,size,0.3400000000000001,6.5,18,female,1,1913.8339991000003,0,22
3749,-9999.0,-9999.0,-9999.0,-9999.0,-9999.0,-9999.0,-9999.0,-9999.0,-9999.0,orientation,color,size,0.3400000000000001,6.5,18,female,1,1913.8339991000003,0,22
3750,-9999.0,-9999.0,-9999.0,-9999.0,-9999.0,-9999.0,-9999.0,-9999.0,-9999.0,orientation,color,size,0.3400000000000001,6.5,18,female,1,1913.8339991000003,0,22
3751,-9999.0,-9999.0,-9999.0,-9999.0,-9999.0,-9999.0,-9999.0,-9999.0,-9999.0,orientation,color,size,0.3400000000000001,6.5,18,female,1,1913.8339991000003,0,22
3752,-9999.0,-9999.0,-9999.0,-9999.0,-9999.0,-9999.0,-9999.0,-9999.0,-9999.0,orientation,color,size,0.3400000000000001,6.5,18,female,1,1913.8339991000003,0,22
3753,-9999.0,-9999.0,-9999.0,-9999.0,-9999.0,-9999.0,-9999.0,-9999.0,-9999.0,orientation,color,size,0.3400000000000001,6.5,18,female,1,1913.8339991000003,0,22
3754,-9999.0,-9999.0,-9999.0,-9999.0,-9999.0,-9999.0,-9999.0,-9999.0,-9999.0,orientation,color,size,0.3400000000000001,6.5,18,female,1,1913.8339991000003,0,22
3755,-9999.0,-9999.0,-9999.0,-9999.0,-9999.0,-9999.0,-9999.0,-9999.0,-9999.0,orientation,color,size,0.3400000000000001,6.5,18,female,1,1913.8339991000003,0,22
3756,-9999.0,-9999.0,-9999.0,-9999.0,-9999.0,-9999.0,-9999.0,-9999.0,-9999.0,orientation,color,size,0.3400000000000001,6.5,18,female,1,1913.8339991000003,0,22
3757,-9999.0,-9999.0,-9999.0,-9999.0,-9999.0,-9999.0,-9999.0,-9999.0,-9999.0,orientation,color,size,0.3400000000000001,6.5,18,female,1,1913.8339991000003,0,22
3758,-9999.0,-9999.0,-9999.0,-9999.0,-9999.0,-9999.0,-9999.0,-9999.0,-9999.0,orientation,color,size,0.3400000000000001,6.5,18,female,1,1913.8339991000003,0,22
3759,-9999.0,-9999.0,-9999.0,-9999.0,-9999.0,-9999.0,-9999.0,-9999.0,-9999.0,orientation,color,size,0.3400000000000001,6.5,18,female,1,1913.8339991000003,0,22
3760,-9999.0,-9999.0,-9999.0,-9999.0,-9999.0,-9999.0,-9999.0,-9999.0,-9999.0,orientation,color,size,0.3400000000000001,6.5,18,female,1,1913.8339991000003,0,22
3761,-9999.0,-9999.0,-9999.0,-9999.0,-9999.0,-9999.0,-9999.0,-9999.0,-9999.0,orientation,color,size,0.3400000000000001,6.5,18,female,1,1913.8339991000003,0,22
3762,-9999.0,-9999.0,-9999.0,-9999.0,-9999.0,-9999.0,-9999.0,-9999.0,-9999.0,orientation,color,size,0.3400000000000001,6.5,18,female,1,1913.8339991000003,0,22
3763,-9999.0,-9999.0,-9999.0,-9999.0,-9999.0,-9999.0,-9999.0,-9999.0,-9999.0,orientation,color,size,0.3400000000000001,6.5,18,female,1,1913.8339991000003,0,22
3764,-9999.0,-9999.0,-9999.0,-9999.0,-9999.0,-9999.0,-9999.0,-9999.0,-9999.0,orientation,color,size,0.3400000000000001,6.5,18,female,1,1913.8339991000003,0,22
3765,-9999.0,-9999.0,-9999.0,-9999.0,-9999.0,-9999.0,-9999.0,-9999.0,-9999.0,orientation,color,size,0.3400000000000001,6.5,18,female,1,1913.8339991000003,0,22
3766,-9999.0,-9999.0,-9999.0,-9999.0,-9999.0,-9999.0,-9999.0,-9999.0,-9999.0,orientation,color,size,0.3400000000000001,6.5,18,female,1,1913.8339991000003,0,22
3767,-9999.0,-9999.0,-9999.0,-9999.0,-9999.0,-9999.0,-9999.0,-9999.0,-9999.0,orientation,color,size,0.3400000000000001,6.5,18,female,1,1913.8339991000003,0,22
3768,-9999.0,-9999.0,-9999.0,-9999.0,-9999.0,-9999.0,-9999.0,-9999.0,-9999.0,orientation,color,size,0.3400000000000001,6.5,18,female,1,1913.8339991000003,0,22
3769,-9999.0,-9999.0,-9999.0,-9999.0,-9999.0,-9999.0,-9999.0,-9999.0,-9999.0,orientation,color,size,0.3400000000000001,6.5,18,female,1,1913.8339991000003,0,22
3770,-9999.0,-9999.0,-9999.0,-9999.0,-9999.0,-9999.0,-9999.0,-9999.0,-9999.0,orientation,color,size,0.3400000000000001,6.5,18,female,1,1913.8339991000003,0,22
3771,-9999.0,-9999.0,-9999.0,-9999.0,-9999.0,-9999.0,-9999.0,-9999.0,-9999.0,orientation,color,size,0.3400000000000001,6.5,18,female,1,1913.8339991000003,0,22
3772,-9999.0,-9999.0,-9999.0,-9999.0,-9999.0,-9999.0,-9999.0,-9999.0,-9999.0,orientation,color,size,0.3400000000000001,6.5,18,female,1,1913.8339991000003,0,22
3773,-9999.0,-9999.0,-9999.0,-9999.0,-9999.0,-9999.0,-9999.0,-9999.0,-9999.0,orientation,color,size,0.3400000000000001,6.5,18,female,1,1913.8339991000003,0,22
3774,-9999.0,-9999.0,-9999.0,-9999.0,-9999.0,-9999.0,-9999.0,-9999.0,-9999.0,orientation,color,size,0.3400000000000001,6.5,18,female,1,1913.8339991000003,0,22
3775,-9999.0,-9999.0,-9999.0,-9999.0,-9999.0,-9999.0,-9999.0,-9999.0,-9999.0,orientation,color,size,0.3400000000000001,6.5,18,female,1,1913.8339991000003,0,22
3776,-9999.0,-9999.0,-9999.0,-9999.0,-9999.0,-9999.0,-9999.0,-9999.0,-9999.0,orientation,color,size,0.3400000000000001,6.5,18,female,1,1913.8339991000003,0,22
3777,-9999.0,-9999.0,-9999.0,-9999.0,-9999.0,-9999.0,-9999.0,-9999.0,-9999.0,orientation,color,size,0.3400000000000001,6.5,18,female,1,1913.8339991000003,0,22
3778,-9999.0,-9999.0,-9999.0,-9999.0,-9999.0,-9999.0,-9999.0,-9999.0,-9999.0,orientation,color,size,0.3400000000000001,6.5,18,female,1,1913.8339991000003,0,22
3779,-9999.0,-9999.0,-9999.0,-9999.0,-9999.0,-9999.0,-9999.0,-9999.0,-9999.0,orientation,color,size,0.3400000000000001,6.5,18,female,1,1913.8339991000003,0,22
3780,-9999.0,-9999.0,-9999.0,-9999.0,-9999.0,-9999.0,-9999.0,-9999.0,-9999.0,orientation,color,size,0.3400000000000001,6.5,18,female,1,1913.8339991000003,0,22
3781,-9999.0,-9999.0,-9999.0,-9999.0,-9999.0,-9999.0,-9999.0,-9999.0,-9999.0,orientation,color,size,0.3400000000000001,6.5,18,female,1,1913.8339991000003,0,22
3782,-9999.0,-9999.0,-9999.0,-9999.0,-9999.0,-9999.0,-9999.0,-9999.0,-9999.0,orientation,color,size,0.3400000000000001,6.5,18,female,1,1913.8339991000003,0,22
3783,-9999.0,-9999.0,-9999.0,-9999.0,-9999.0,-9999.0,-9999.0,-9999.0,-9999.0,orientation,color,size,0.3400000000000001,6.5,18,female,1,1913.8339991000003,0,22
3784,-9999.0,-9999.0,-9999.0,-9999.0,-9999.0,-9999.0,-9999.0,-9999.0,-9999.0,orientation,color,size,0.3400000000000001,6.5,18,female,1,1913.8339991000003,0,22
3785,-9999.0,-9999.0,-9999.0,-9999.0,-9999.0,-9999.0,-9999.0,-9999.0,-9999.0,orientation,color,size,0.3400000000000001,6.5,18,female,1,1913.8339991000003,0,22
3786,-9999.0,-9999.0,-9999.0,-9999.0,-9999.0,-9999.0,-9999.0,-9999.0,-9999.0,orientation,color,size,0.3400000000000001,6.5,18,female,1,1913.8339991000003,0,22
3787,-9999.0,-9999.0,-9999.0,-9999.0,-9999.0,-9999.0,-9999.0,-9999.0,-9999.0,orientation,color,size,0.3400000000000001,6.5,18,female,1,1913.8339991000003,0,22
3788,-9999.0,-9999.0,-9999.0,-9999.0,-9999.0,-9999.0,-9999.0,-9999.0,-9999.0,orientation,color,size,0.3400000000000001,6.5,18,female,1,1913.8339991000003,0,22
3789,-9999.0,-9999.0,-9999.0,-9999.0,-9999.0,-9999.0,-9999.0,-9999.0,-9999.0,orientation,color,size,0.3400000000000001,6.5,18,female,1,1913.8339991000003,0,22
3790,-9999.0,-9999.0,-9999.0,-9999.0,-9999.0,-9999.0,-9999.0,-9999.0,-9999.0,orientation,color,size,0.3400000000000001,6.5,18,female,1,1913.8339991000003,0,22
3791,-9999.0,-9999.0,-9999.0,-9999.0,-9999.0,-9999.0,-9999.0,-9999.0,-9999.0,orientation,color,size,0.3400000000000001,6.5,18,female,1,1913.8339991000003,0,22
3792,-9999.0,-9999.0,-9999.0,-9999.0,-9999.0,-9999.0,-9999.0,-9999.0,-9999.0,orientation,color,size,0.3400000000000001,6.5,18,female,1,1913.8339991000003,0,22
3793,-9999.0,-9999.0,-9999.0,-9999.0,-9999.0,-9999.0,-9999.0,-9999.0,-9999.0,orientation,color,size,0.3400000000000001,6.5,18,female,1,1913.8339991000003,0,22
3794,-9999.0,-9999.0,-9999.0,-9999.0,-9999.0,-9999.0,-9999.0,-9999.0,-9999.0,orientation,color,size,0.3400000000000001,6.5,18,female,1,1913.8339991000003,0,22
3795,-9999.0,-9999.0,-9999.0,-9999.0,-9999.0,-9999.0,-9999.0,-9999.0,-9999.0,orientation,color,size,0.3400000000000001,6.5,18,female,1,1913.8339991000003,0,22
3796,-9999.0,-9999.0,-9999.0,-9999.0,-9999.0,-9999.0,-9999.0,-9999.0,-9999.0,orientation,color,size,0.3400000000000001,6.5,18,female,1,1913.8339991000003,0,22
3797,-9999.0,-9999.0,-9999.0,-9999.0,-9999.0,-9999.0,-9999.0,-9999.0,-9999.0,orientation,color,size,0.3400000000000001,6.5,18,female,1,1913.8339991000003,0,22
3798,-9999.0,-9999.0,-9999.0,-9999.0,-9999.0,-9999.0,-9999.0,-9999.0,-9999.0,orientation,color,size,0.3400000000000001,6.5,18,female,1,1913.8339991000003,0,22
3799,-9999.0,-9999.0,-9999.0,-9999.0,-9999.0,-9999.0,-9999.0,-9999.0,-9999.0,orientation,color,size,0.3400000000000001,6.5,18,female,1,1913.8339991000003,0,22
3800,-9999.0,-9999.0,-9999.0,-9999.0,-9999.0,-9999.0,-9999.0,-9999.0,-9999.0,orientation,color,size,0.3400000000000001,6.5,18,female,1,1913.8339991000003,0,22
3801,-9999.0,-9999.0,-9999.0,-9999.0,-9999.0,-9999.0,-9999.0,-9999.0,-9999.0,orientation,color,size,0.3400000000000001,6.5,18,female,1,1913.8339991000003,0,22
3802,-9999.0,-9999.0,-9999.0,-9999.0,-9999.0,-9999.0,-9999.0,-9999.0,-9999.0,orientation,color,size,0.3400000000000001,6.5,18,female,1,1913.8339991000003,0,22
3803,-9999.0,-9999.0,-9999.0,-9999.0,-9999.0,-9999.0,-9999.0,-9999.0,-9999.0,orientation,color,size,0.3400000000000001,6.5,18,female,1,1913.8339991000003,0,22
3804,-9999.0,-9999.0,-9999.0,-9999.0,-9999.0,-9999.0,-9999.0,-9999.0,-9999.0,orientation,color,size,0.3400000000000001,6.5,18,female,1,1913.8339991000003,0,22
3805,-9999.0,-9999.0,-9999.0,-9999.0,-9999.0,-9999.0,-9999.0,-9999.0,-9999.0,orientation,color,size,0.3400000000000001,6.5,18,female,1,1913.8339991000003,0,22
3806,-9999.0,-9999.0,-9999.0,-9999.0,-9999.0,-9999.0,-9999.0,-9999.0,-9999.0,orientation,color,size,0.3400000000000001,6.5,18,female,1,1913.8339991000003,0,22
3807,-9999.0,-9999.0,-9999.0,-9999.0,-9999.0,-9999.0,-9999.0,-9999.0,-9999.0,orientation,color,size,0.3400000000000001,6.5,18,female,1,1913.8339991000003,0,22
3808,-9999.0,-9999.0,-9999.0,-9999.0,-9999.0,-9999.0,-9999.0,-9999.0,-9999.0,orientation,color,size,0.3400000000000001,6.5,18,female,1,1913.8339991000003,0,22
3809,-9999.0,-9999.0,-9999.0,-9999.0,-9999.0,-9999.0,-9999.0,-9999.0,-9999.0,orientation,color,size,0.3400000000000001,6.5,18,female,1,1913.8339991000003,0,22
3810,-9999.0,-9999.0,-9999.0,-9999.0,-9999.0,-9999.0,-9999.0,-9999.0,-9999.0,orientation,color,size,0.3400000000000001,6.5,18,female,1,1913.8339991000003,0,22
3811,-9999.0,-9999.0,-9999.0,-9999.0,-9999.0,-9999.0,-9999.0,-9999.0,-9999.0,orientation,color,size,0.3400000000000001,6.5,18,female,1,1913.8339991000003,0,22
3812,-9999.0,-9999.0,-9999.0,-9999.0,-9999.0,-9999.0,-9999.0,-9999.0,-9999.0,orientation,color,size,0.3400000000000001,6.5,18,female,1,1913.8339991000003,0,22
3813,-9999.0,-9999.0,-9999.0,-9999.0,-9999.0,-9999.0,-9999.0,-9999.0,-9999.0,orientation,color,size,0.3400000000000001,6.5,18,female,1,1913.8339991000003,0,22
3814,-9999.0,-9999.0,-9999.0,-9999.0,-9999.0,-9999.0,-9999.0,-9999.0,-9999.0,orientation,color,size,0.3400000000000001,6.5,18,female,1,1913.8339991000003,0,22
3815,-9999.0,-9999.0,-9999.0,-9999.0,-9999.0,-9999.0,-9999.0,-9999.0,-9999.0,orientation,color,size,0.3400000000000001,6.5,18,female,1,1913.8339991000003,0,22
3816,-9999.0,-9999.0,-9999.0,-9999.0,-9999.0,-9999.0,-9999.0,-9999.0,-9999.0,orientation,color,size,0.3400000000000001,6.5,18,female,1,1913.8339991000003,0,22
3817,-9999.0,-9999.0,-9999.0,-9999.0,-9999.0,-9999.0,-9999.0,-9999.0,-9999.0,orientation,color,size,0.3400000000000001,6.5,18,female,1,1913.8339991000003,0,22
3818,-9999.0,-9999.0,-9999.0,-9999.0,-9999.0,-9999.0,-9999.0,-9999.0,-9999.0,orientation,color,size,0.3400000000000001,6.5,18,female,1,1913.8339991000003,0,22
3819,-9999.0,-9999.0,-9999.0,-9999.0,-9999.0,-9999.0,-9999.0,-9999.0,-9999.0,orientation,color,size,0.3400000000000001,6.5,18,female,1,1913.8339991000003,0,22
3820,-9999.0,-9999.0,-9999.0,-9999.0,-9999.0,-9999.0,-9999.0,-9999.0,-9999.0,orientation,color,size,0.3400000000000001,6.5,18,female,1,1913.8339991000003,0,22
3821,-9999.0,-9999.0,-9999.0,-9999.0,-9999.0,-9999.0,-9999.0,-9999.0,-9999.0,orientation,color,size,0.3400000000000001,6.5,18,female,1,1913.8339991000003,0,22
3822,-9999.0,-9999.0,-9999.0,-9999.0,-9999.0,-9999.0,-9999.0,-9999.0,-9999.0,orientation,color,size,0.3400000000000001,6.5,18,female,1,1913.8339991000003,0,22
3823,-9999.0,-9999.0,-9999.0,-9999.0,-9999.0,-9999.0,-9999.0,-9999.0,-9999.0,orientation,color,size,0.3400000000000001,6.5,18,female,1,1913.8339991000003,0,22
3824,-9999.0,-9999.0,-9999.0,-9999.0,-9999.0,-9999.0,-9999.0,-9999.0,-9999.0,orientation,color,size,0.3400000000000001,6.5,18,female,1,1913.8339991000003,0,22
3825,-9999.0,-9999.0,-9999.0,-9999.0,-9999.0,-9999.0,-9999.0,-9999.0,-9999.0,orientation,color,size,0.3400000000000001,6.5,18,female,1,1913.8339991000003,0,22
3826,-9999.0,-9999.0,-9999.0,-9999.0,-9999.0,-9999.0,-9999.0,-9999.0,-9999.0,orientation,color,size,0.3400000000000001,6.5,18,female,1,1913.8339991000003,0,22
3827,-9999.0,-9999.0,-9999.0,-9999.0,-9999.0,-9999.0,-9999.0,-9999.0,-9999.0,orientation,color,size,0.3400000000000001,6.5,18,female,1,1913.8339991000003,0,22
3828,-9999.0,-9999.0,-9999.0,-9999.0,-9999.0,-9999.0,-9999.0,-9999.0,-9999.0,orientation,color,size,0.3400000000000001,6.5,18,female,1,1913.8339991000003,0,22
3829,-9999.0,-9999.0,-9999.0,-9999.0,-9999.0,-9999.0,-9999.0,-9999.0,-9999.0,orientation,color,size,0.3400000000000001,6.5,18,female,1,1913.8339991000003,0,22
3830,-9999.0,-9999.0,-9999.0,-9999.0,-9999.0,-9999.0,-9999.0,-9999.0,-9999.0,orientation,color,size,0.3400000000000001,6.5,18,female,1,1913.8339991000003,0,22
3831,-9999.0,-9999.0,-9999.0,-9999.0,-9999.0,-9999.0,-9999.0,-9999.0,-9999.0,orientation,color,size,0.3400000000000001,6.5,18,female,1,1913.8339991000003,0,22
3832,-9999.0,-9999.0,-9999.0,-9999.0,-9999.0,-9999.0,-9999.0,-9999.0,-9999.0,orientation,color,size,0.3400000000000001,6.5,18,female,1,1913.8339991000003,0,22
3833,-9999.0,-9999.0,-9999.0,-9999.0,-9999.0,-9999.0,-9999.0,-9999.0,-9999.0,orientation,color,size,0.3400000000000001,6.5,18,female,1,1913.8339991000003,0,22
3834,-9999.0,-9999.0,-9999.0,-9999.0,-9999.0,-9999.0,-9999.0,-9999.0,-9999.0,orientation,color,size,0.3400000000000001,6.5,18,female,1,1913.8339991000003,0,22
3835,-9999.0,-9999.0,-9999.0,-9999.0,-9999.0,-9999.0,-9999.0,-9999.0,-9999.0,orientation,color,size,0.3400000000000001,6.5,18,female,1,1913.8339991000003,0,22
3836,-9999.0,-9999.0,-9999.0,-9999.0,-9999.0,-9999.0,-9999.0,-9999.0,-9999.0,orientation,color,size,0.3400000000000001,6.5,18,female,1,1913.8339991000003,0,22
3837,-9999.0,-9999.0,-9999.0,-9999.0,-9999.0,-9999.0,-9999.0,-9999.0,-9999.0,orientation,color,size,0.3400000000000001,6.5,18,female,1,1913.8339991000003,0,22
3838,-9999.0,-9999.0,-9999.0,-9999.0,-9999.0,-9999.0,-9999.0,-9999.0,-9999.0,orientation,color,size,0.3400000000000001,6.5,18,female,1,1913.8339991000003,0,22
3839,-9999.0,-9999.0,-9999.0,-9999.0,-9999.0,-9999.0,-9999.0,-9999.0,-9999.0,orientation,color,size,0.3400000000000001,6.5,18,female,1,1913.8339991000003,0,22
3840,-9999.0,-9999.0,-9999.0,-9999.0,-9999.0,-9999.0,-9999.0,-9999.0,-9999.0,orientation,color,size,0.3400000000000001,6.5,18,female,1,1913.8339991000003,0,22
3841,-9999.0,-9999.0,-9999.0,-9999.0,-9999.0,-9999.0,-9999.0,-9999.0,-9999.0,orientation,color,size,0.3400000000000001,6.5,18,female,1,1913.8339991000003,0,22
3842,-9999.0,-9999.0,-9999.0,-9999.0,-9999.0,-9999.0,-9999.0,-9999.0,-9999.0,orientation,color,size,0.3400000000000001,6.5,18,female,1,1913.8339991000003,0,22
3843,-9999.0,-9999.0,-9999.0,-9999.0,-9999.0,-9999.0,-9999.0,-9999.0,-9999.0,orientation,color,size,0.3400000000000001,6.5,18,female,1,1913.8339991000003,0,22
3844,-9999.0,-9999.0,-9999.0,-9999.0,-9999.0,-9999.0,-9999.0,-9999.0,-9999.0,orientation,color,size,0.3400000000000001,6.5,18,female,1,1913.8339991000003,0,22
3845,-9999.0,-9999.0,-9999.0,-9999.0,-9999.0,-9999.0,-9999.0,-9999.0,-9999.0,orientation,color,size,0.3400000000000001,6.5,18,female,1,1913.8339991000003,0,22
3846,-9999.0,-9999.0,-9999.0,-9999.0,-9999.0,-9999.0,-9999.0,-9999.0,-9999.0,orientation,color,size,0.3400000000000001,6.5,18,female,1,1913.8339991000003,0,22
3847,-9999.0,-9999.0,-9999.0,-9999.0,-9999.0,-9999.0,-9999.0,-9999.0,-9999.0,orientation,color,size,0.3400000000000001,6.5,18,female,1,1913.8339991000003,0,22
3848,-9999.0,-9999.0,-9999.0,-9999.0,-9999.0,-9999.0,-9999.0,-9999.0,-9999.0,orientation,color,size,0.3400000000000001,6.5,18,female,1,1913.8339991000003,0,22
3849,-9999.0,-9999.0,-9999.0,-9999.0,-9999.0,-9999.0,-9999.0,-9999.0,-9999.0,orientation,color,size,0.3400000000000001,6.5,18,female,1,1913.8339991000003,0,22
3850,-9999.0,-9999.0,-9999.0,-9999.0,-9999.0,-9999.0,-9999.0,-9999.0,-9999.0,orientation,color,size,0.3400000000000001,6.5,18,female,1,1913.8339991000003,0,22
3851,-9999.0,-9999.0,-9999.0,-9999.0,-9999.0,-9999.0,-9999.0,-9999.0,-9999.0,orientation,color,size,0.3400000000000001,6.5,18,female,1,1913.8339991000003,0,22
3852,-9999.0,-9999.0,-9999.0,-9999.0,-9999.0,-9999.0,-9999.0,-9999.0,-9999.0,orientation,color,size,0.3400000000000001,6.5,18,female,1,1913.8339991000003,0,22
3853,-9999.0,-9999.0,-9999.0,-9999.0,-9999.0,-9999.0,-9999.0,-9999.0,-9999.0,orientation,color,size,0.3400000000000001,6.5,18,female,1,1913.8339991000003,0,22
3854,-9999.0,-9999.0,-9999.0,-9999.0,-9999.0,-9999.0,-9999.0,-9999.0,-9999.0,orientation,color,size,0.3400000000000001,6.5,18,female,1,1913.8339991000003,0,22
3855,-9999.0,-9999.0,-9999.0,-9999.0,-9999.0,-9999.0,-9999.0,-9999.0,-9999.0,orientation,color,size,0.3400000000000001,6.5,18,female,1,1913.8339991000003,0,22
3856,-9999.0,-9999.0,-9999.0,-9999.0,-9999.0,-9999.0,-9999.0,-9999.0,-9999.0,orientation,color,size,0.3400000000000001,6.5,18,female,1,1913.8339991000003,0,22
3857,-9999.0,-9999.0,-9999.0,-9999.0,-9999.0,-9999.0,-9999.0,-9999.0,-9999.0,orientation,color,size,0.3400000000000001,6.5,18,female,1,1913.8339991000003,0,22
3858,-9999.0,-9999.0,-9999.0,-9999.0,-9999.0,-9999.0,-9999.0,-9999.0,-9999.0,orientation,color,size,0.3400000000000001,6.5,18,female,1,1913.8339991000003,0,22
3859,-9999.0,-9999.0,-9999.0,-9999.0,-9999.0,-9999.0,-9999.0,-9999.0,-9999.0,orientation,color,size,0.3400000000000001,6.5,18,female,1,1913.8339991000003,0,22
3860,-9999.0,-9999.0,-9999.0,-9999.0,-9999.0,-9999.0,-9999.0,-9999.0,-9999.0,orientation,color,size,0.3400000000000001,6.5,18,female,1,1913.8339991000003,0,22
3861,-9999.0,-9999.0,-9999.0,-9999.0,-9999.0,-9999.0,-9999.0,-9999.0,-9999.0,orientation,color,size,0.3400000000000001,6.5,18,female,1,1913.8339991000003,0,22
3862,-9999.0,-9999.0,-9999.0,-9999.0,-9999.0,-9999.0,-9999.0,-9999.0,-9999.0,orientation,color,size,0.3400000000000001,6.5,18,female,1,1913.8339991000003,0,22
3863,-9999.0,-9999.0,-9999.0,-9999.0,-9999.0,-9999.0,-9999.0,-9999.0,-9999.0,orientation,color,size,0.3400000000000001,6.5,18,female,1,1913.8339991000003,0,22
3864,-9999.0,-9999.0,-9999.0,-9999.0,-9999.0,-9999.0,-9999.0,-9999.0,-9999.0,orientation,color,size,0.3400000000000001,6.5,18,female,1,1913.8339991000003,0,22
3865,-9999.0,-9999.0,-9999.0,-9999.0,-9999.0,-9999.0,-9999.0,-9999.0,-9999.0,orientation,color,size,0.3400000000000001,6.5,18,female,1,1913.8339991000003,0,22
3866,-9999.0,-9999.0,-9999.0,-9999.0,-9999.0,-9999.0,-9999.0,-9999.0,-9999.0,orientation,color,size,0.3400000000000001,6.5,18,female,1,1913.8339991000003,0,22
3867,-9999.0,-9999.0,-9999.0,-9999.0,-9999.0,-9999.0,-9999.0,-9999.0,-9999.0,orientation,color,size,0.3400000000000001,6.5,18,female,1,1913.8339991000003,0,22
3868,-9999.0,-9999.0,-9999.0,-9999.0,-9999.0,-9999.0,-9999.0,-9999.0,-9999.0,orientation,color,size,0.3400000000000001,6.5,18,female,1,1913.8339991000003,0,22
3869,-9999.0,-9999.0,-9999.0,-9999.0,-9999.0,-9999.0,-9999.0,-9999.0,-9999.0,orientation,color,size,0.3400000000000001,6.5,18,female,1,1913.8339991000003,0,22
3870,-9999.0,-9999.0,-9999.0,-9999.0,-9999.0,-9999.0,-9999.0,-9999.0,-9999.0,orientation,color,size,0.3400000000000001,6.5,18,female,1,1913.8339991000003,0,22
3871,-9999.0,-9999.0,-9999.0,-9999.0,-9999.0,-9999.0,-9999.0,-9999.0,-9999.0,orientation,color,size,0.3400000000000001,6.5,18,female,1,1913.8339991000003,0,22
3872,-9999.0,-9999.0,-9999.0,-9999.0,-9999.0,-9999.0,-9999.0,-9999.0,-9999.0,orientation,color,size,0.3400000000000001,6.5,18,female,1,1913.8339991000003,0,22
3873,-9999.0,-9999.0,-9999.0,-9999.0,-9999.0,-9999.0,-9999.0,-9999.0,-9999.0,orientation,color,size,0.3400000000000001,6.5,18,female,1,1913.8339991000003,0,22
3874,-9999.0,-9999.0,-9999.0,-9999.0,-9999.0,-9999.0,-9999.0,-9999.0,-9999.0,orientation,color,size,0.3400000000000001,6.5,18,female,1,1913.8339991000003,0,22
3875,-9999.0,-9999.0,-9999.0,-9999.0,-9999.0,-9999.0,-9999.0,-9999.0,-9999.0,orientation,color,size,0.3400000000000001,6.5,18,female,1,1913.8339991000003,0,22
3876,-9999.0,-9999.0,-9999.0,-9999.0,-9999.0,-9999.0,-9999.0,-9999.0,-9999.0,orientation,color,size,0.3400000000000001,6.5,18,female,1,1913.8339991000003,0,22
3877,-9999.0,-9999.0,-9999.0,-9999.0,-9999.0,-9999.0,-9999.0,-9999.0,-9999.0,orientation,color,size,0.3400000000000001,6.5,18,female,1,1913.8339991000003,0,22
3878,-9999.0,-9999.0,-9999.0,-9999.0,-9999.0,-9999.0,-9999.0,-9999.0,-9999.0,orientation,color,size,0.3400000000000001,6.5,18,female,1,1913.8339991000003,0,22
3879,-9999.0,-9999.0,-9999.0,-9999.0,-9999.0,-9999.0,-9999.0,-9999.0,-9999.0,orientation,color,size,0.3400000000000001,6.5,18,female,1,1913.8339991000003,0,22
3880,-9999.0,-9999.0,-9999.0,-9999.0,-9999.0,-9999.0,-9999.0,-9999.0,-9999.0,orientation,color,size,0.3400000000000001,6.5,18,female,1,1913.8339991000003,0,22
3881,-9999.0,-9999.0,-9999.0,-9999.0,-9999.0,-9999.0,-9999.0,-9999.0,-9999.0,orientation,color,size,0.3400000000000001,6.5,18,female,1,1913.8339991000003,0,22
3882,-9999.0,-9999.0,-9999.0,-9999.0,-9999.0,-9999.0,-9999.0,-9999.0,-9999.0,orientation,color,size,0.3400000000000001,6.5,18,female,1,1913.8339991000003,0,22
3883,-9999.0,-9999.0,-9999.0,-9999.0,-9999.0,-9999.0,-9999.0,-9999.0,-9999.0,orientation,color,size,0.3400000000000001,6.5,18,female,1,1913.8339991000003,0,22
3884,-9999.0,-9999.0,-9999.0,-9999.0,-9999.0,-9999.0,-9999.0,-9999.0,-9999.0,orientation,color,size,0.3400000000000001,6.5,18,female,1,1913.8339991000003,0,22
3885,-9999.0,-9999.0,-9999.0,-9999.0,-9999.0,-9999.0,-9999.0,-9999.0,-9999.0,orientation,color,size,0.3400000000000001,6.5,18,female,1,1913.8339991000003,0,22
3886,-9999.0,-9999.0,-9999.0,-9999.0,-9999.0,-9999.0,-9999.0,-9999.0,-9999.0,orientation,color,size,0.3400000000000001,6.5,18,female,1,1913.8339991000003,0,22
3887,-9999.0,-9999.0,-9999.0,-9999.0,-9999.0,-9999.0,-9999.0,-9999.0,-9999.0,orientation,color,size,0.3400000000000001,6.5,18,female,1,1913.8339991000003,0,22
3888,-9999.0,-9999.0,-9999.0,-9999.0,-9999.0,-9999.0,-9999.0,-9999.0,-9999.0,orientation,color,size,0.3400000000000001,6.5,18,female,1,1913.8339991000003,0,22
3889,-9999.0,-9999.0,-9999.0,-9999.0,-9999.0,-9999.0,-9999.0,-9999.0,-9999.0,orientation,color,size,0.3400000000000001,6.5,18,female,1,1913.8339991000003,0,22
3890,-9999.0,-9999.0,-9999.0,-9999.0,-9999.0,-9999.0,-9999.0,-9999.0,-9999.0,orientation,color,size,0.3400000000000001,6.5,18,female,1,1913.8339991000003,0,22
3891,-9999.0,-9999.0,-9999.0,-9999.0,-9999.0,-9999.0,-9999.0,-9999.0,-9999.0,orientation,color,size,0.3400000000000001,6.5,18,female,1,1913.8339991000003,0,22
3892,-9999.0,-9999.0,-9999.0,-9999.0,-9999.0,-9999.0,-9999.0,-9999.0,-9999.0,orientation,color,size,0.3400000000000001,6.5,18,female,1,1913.8339991000003,0,22
3893,-9999.0,-9999.0,-9999.0,-9999.0,-9999.0,-9999.0,-9999.0,-9999.0,-9999.0,orientation,color,size,0.3400000000000001,6.5,18,female,1,1913.8339991000003,0,22
3894,-9999.0,-9999.0,-9999.0,-9999.0,-9999.0,-9999.0,-9999.0,-9999.0,-9999.0,orientation,color,size,0.3400000000000001,6.5,18,female,1,1913.8339991000003,0,22
3895,-9999.0,-9999.0,-9999.0,-9999.0,-9999.0,-9999.0,-9999.0,-9999.0,-9999.0,orientation,color,size,0.3400000000000001,6.5,18,female,1,1913.8339991000003,0,22
3896,-9999.0,-9999.0,-9999.0,-9999.0,-9999.0,-9999.0,-9999.0,-9999.0,-9999.0,orientation,color,size,0.3400000000000001,6.5,18,female,1,1913.8339991000003,0,22
3897,-9999.0,-9999.0,-9999.0,-9999.0,-9999.0,-9999.0,-9999.0,-9999.0,-9999.0,orientation,color,size,0.3400000000000001,6.5,18,female,1,1913.8339991000003,0,22
3898,-9999.0,-9999.0,-9999.0,-9999.0,-9999.0,-9999.0,-9999.0,-9999.0,-9999.0,orientation,color,size,0.3400000000000001,6.5,18,female,1,1913.8339991000003,0,22
3899,-9999.0,-9999.0,-9999.0,-9999.0,-9999.0,-9999.0,-9999.0,-9999.0,-9999.0,orientation,color,size,0.3400000000000001,6.5,18,female,1,1913.8339991000003,0,22
3900,-9999.0,-9999.0,-9999.0,-9999.0,-9999.0,-9999.0,-9999.0,-9999.0,-9999.0,orientation,color,size,0.3400000000000001,6.5,18,female,1,1913.8339991000003,0,22
3901,-9999.0,-9999.0,-9999.0,-9999.0,-9999.0,-9999.0,-9999.0,-9999.0,-9999.0,orientation,color,size,0.3400000000000001,6.5,18,female,1,1913.8339991000003,0,22
3902,-9999.0,-9999.0,-9999.0,-9999.0,-9999.0,-9999.0,-9999.0,-9999.0,-9999.0,orientation,color,size,0.3400000000000001,6.5,18,female,1,1913.8339991000003,0,22
3903,-9999.0,-9999.0,-9999.0,-9999.0,-9999.0,-9999.0,-9999.0,-9999.0,-9999.0,orientation,color,size,0.3400000000000001,6.5,18,female,1,1913.8339991000003,0,22
3904,-9999.0,-9999.0,-9999.0,-9999.0,-9999.0,-9999.0,-9999.0,-9999.0,-9999.0,orientation,color,size,0.3400000000000001,6.5,18,female,1,1913.8339991000003,0,22
3905,-9999.0,-9999.0,-9999.0,-9999.0,-9999.0,-9999.0,-9999.0,-9999.0,-9999.0,orientation,color,size,0.3400000000000001,6.5,18,female,1,1913.8339991000003,0,22
3906,-9999.0,-9999.0,-9999.0,-9999.0,-9999.0,-9999.0,-9999.0,-9999.0,-9999.0,orientation,color,size,0.3400000000000001,6.5,18,female,1,1913.8339991000003,0,22
3907,-9999.0,-9999.0,-9999.0,-9999.0,-9999.0,-9999.0,-9999.0,-9999.0,-9999.0,orientation,color,size,0.3400000000000001,6.5,18,female,1,1913.8339991000003,0,22
3908,-9999.0,-9999.0,-9999.0,-9999.0,-9999.0,-9999.0,-9999.0,-9999.0,-9999.0,orientation,color,size,0.3400000000000001,6.5,18,female,1,1913.8339991000003,0,22
3909,-9999.0,-9999.0,-9999.0,-9999.0,-9999.0,-9999.0,-9999.0,-9999.0,-9999.0,orientation,color,size,0.3400000000000001,6.5,18,female,1,1913.8339991000003,0,22
3910,-9999.0,-9999.0,-9999.0,-9999.0,-9999.0,-9999.0,-9999.0,-9999.0,-9999.0,orientation,color,size,0.3400000000000001,6.5,18,female,1,1913.8339991000003,0,22
3911,-9999.0,-9999.0,-9999.0,-9999.0,-9999.0,-9999.0,-9999.0,-9999.0,-9999.0,orientation,color,size,0.3400000000000001,6.5,18,female,1,1913.8339991000003,0,22
3912,-9999.0,-9999.0,-9999.0,-9999.0,-9999.0,-9999.0,-9999.0,-9999.0,-9999.0,orientation,color,size,0.3400000000000001,6.5,18,female,1,1913.8339991000003,0,22
3913,-9999.0,-9999.0,-9999.0,-9999.0,-9999.0,-9999.0,-9999.0,-9999.0,-9999.0,orientation,color,size,0.3400000000000001,6.5,18,female,1,1913.8339991000003,0,22
3914,-9999.0,-9999.0,-9999.0,-9999.0,-9999.0,-9999.0,-9999.0,-9999.0,-9999.0,orientation,color,size,0.3400000000000001,6.5,18,female,1,1913.8339991000003,0,22
3915,-9999.0,-9999.0,-9999.0,-9999.0,-9999.0,-9999.0,-9999.0,-9999.0,-9999.0,orientation,color,size,0.3400000000000001,6.5,18,female,1,1913.8339991000003,0,22
3916,-9999.0,-9999.0,-9999.0,-9999.0,-9999.0,-9999.0,-9999.0,-9999.0,-9999.0,orientation,color,size,0.3400000000000001,6.5,18,female,1,1913.8339991000003,0,22
3917,-9999.0,-9999.0,-9999.0,-9999.0,-9999.0,-9999.0,-9999.0,-9999.0,-9999.0,orientation,color,size,0.3400000000000001,6.5,18,female,1,1913.8339991000003,0,22
3918,-9999.0,-9999.0,-9999.0,-9999.0,-9999.0,-9999.0,-9999.0,-9999.0,-9999.0,orientation,color,size,0.3400000000000001,6.5,18,female,1,1913.8339991000003,0,22
3919,-9999.0,-9999.0,-9999.0,-9999.0,-9999.0,-9999.0,-9999.0,-9999.0,-9999.0,orientation,color,size,0.3400000000000001,6.5,18,female,1,1913.8339991000003,0,22
3920,-9999.0,-9999.0,-9999.0,-9999.0,-9999.0,-9999.0,-9999.0,-9999.0,-9999.0,orientation,color,size,0.3400000000000001,6.5,18,female,1,1913.8339991000003,0,22
3921,-9999.0,-9999.0,-9999.0,-9999.0,-9999.0,-9999.0,-9999.0,-9999.0,-9999.0,orientation,color,size,0.3400000000000001,6.5,18,female,1,1913.8339991000003,0,22
3922,-9999.0,-9999.0,-9999.0,-9999.0,-9999.0,-9999.0,-9999.0,-9999.0,-9999.0,orientation,color,size,0.3400000000000001,6.5,18,female,1,1913.8339991000003,0,22
3923,-9999.0,-9999.0,-9999.0,-9999.0,-9999.0,-9999.0,-9999.0,-9999.0,-9999.0,orientation,color,size,0.3400000000000001,6.5,18,female,1,1913.8339991000003,0,22
3924,-9999.0,-9999.0,-9999.0,-9999.0,-9999.0,-9999.0,-9999.0,-9999.0,-9999.0,orientation,color,size,0.3400000000000001,6.5,18,female,1,1913.8339991000003,0,22
3925,-9999.0,-9999.0,-9999.0,-9999.0,-9999.0,-9999.0,-9999.0,-9999.0,-9999.0,orientation,color,size,0.3400000000000001,6.5,18,female,1,1913.8339991000003,0,22
3926,-9999.0,-9999.0,-9999.0,-9999.0,-9999.0,-9999.0,-9999.0,-9999.0,-9999.0,orientation,color,size,0.3400000000000001,6.5,18,female,1,1913.8339991000003,0,22
3927,-9999.0,-9999.0,-9999.0,-9999.0,-9999.0,-9999.0,-9999.0,-9999.0,-9999.0,orientation,color,size,0.3400000000000001,6.5,18,female,1,1913.8339991000003,0,22
3928,-9999.0,-9999.0,-9999.0,-9999.0,-9999.0,-9999.0,-9999.0,-9999.0,-9999.0,orientation,color,size,0.3400000000000001,6.5,18,female,1,1913.8339991000003,0,22
3929,-9999.0,-9999.0,-9999.0,-9999.0,-9999.0,-9999.0,-9999.0,-9999.0,-9999.0,orientation,color,size,0.3400000000000001,6.5,18,female,1,1913.8339991000003,0,22
3930,-9999.0,-9999.0,-9999.0,-9999.0,-9999.0,-9999.0,-9999.0,-9999.0,-9999.0,orientation,color,size,0.3400000000000001,6.5,18,female,1,1913.8339991000003,0,22
3931,-9999.0,-9999.0,-9999.0,-9999.0,-9999.0,-9999.0,-9999.0,-9999.0,-9999.0,orientation,color,size,0.3400000000000001,6.5,18,female,1,1913.8339991000003,0,22
3932,-9999.0,-9999.0,-9999.0,-9999.0,-9999.0,-9999.0,-9999.0,-9999.0,-9999.0,orientation,color,size,0.3400000000000001,6.5,18,female,1,1913.8339991000003,0,22
3933,-9999.0,-9999.0,-9999.0,-9999.0,-9999.0,-9999.0,-9999.0,-9999.0,-9999.0,orientation,color,size,0.3400000000000001,6.5,18,female,1,1913.8339991000003,0,22
3934,-9999.0,-9999.0,-9999.0,-9999.0,-9999.0,-9999.0,-9999.0,-9999.0,-9999.0,orientation,color,size,0.3400000000000001,6.5,18,female,1,1913.8339991000003,0,22
3935,-9999.0,-9999.0,-9999.0,-9999.0,-9999.0,-9999.0,-9999.0,-9999.0,-9999.0,orientation,color,size,0.3400000000000001,6.5,18,female,1,1913.8339991000003,0,22
3936,-9999.0,-9999.0,-9999.0,-9999.0,-9999.0,-9999.0,-9999.0,-9999.0,-9999.0,orientation,color,size,0.3400000000000001,6.5,18,female,1,1913.8339991000003,0,22
3937,-9999.0,-9999.0,-9999.0,-9999.0,-9999.0,-9999.0,-9999.0,-9999.0,-9999.0,orientation,color,size,0.3400000000000001,6.5,18,female,1,1913.8339991000003,0,22
3938,-9999.0,-9999.0,-9999.0,-9999.0,-9999.0,-9999.0,-9999.0,-9999.0,-9999.0,orientation,color,size,0.3400000000000001,6.5,18,female,1,1913.8339991000003,0,22
3939,-9999.0,-9999.0,-9999.0,-9999.0,-9999.0,-9999.0,-9999.0,-9999.0,-9999.0,orientation,color,size,0.3400000000000001,6.5,18,female,1,1913.8339991000003,0,22
3940,-9999.0,-9999.0,-9999.0,-9999.0,-9999.0,-9999.0,-9999.0,-9999.0,-9999.0,orientation,color,size,0.3400000000000001,6.5,18,female,1,1913.8339991000003,0,22
3941,-9999.0,-9999.0,-9999.0,-9999.0,-9999.0,-9999.0,-9999.0,-9999.0,-9999.0,orientation,color,size,0.3400000000000001,6.5,18,female,1,1913.8339991000003,0,22
3942,-9999.0,-9999.0,-9999.0,-9999.0,-9999.0,-9999.0,-9999.0,-9999.0,-9999.0,orientation,color,size,0.3400000000000001,6.5,18,female,1,1913.8339991000003,0,22
3943,-9999.0,-9999.0,-9999.0,-9999.0,-9999.0,-9999.0,-9999.0,-9999.0,-9999.0,orientation,color,size,0.3400000000000001,6.5,18,female,1,1913.8339991000003,0,22
3944,-9999.0,-9999.0,-9999.0,-9999.0,-9999.0,-9999.0,-9999.0,-9999.0,-9999.0,orientation,color,size,0.3400000000000001,6.5,18,female,1,1913.8339991000003,0,22
3945,-9999.0,-9999.0,-9999.0,-9999.0,-9999.0,-9999.0,-9999.0,-9999.0,-9999.0,orientation,color,size,0.3400000000000001,6.5,18,female,1,1913.8339991000003,0,22
3946,-9999.0,-9999.0,-9999.0,-9999.0,-9999.0,-9999.0,-9999.0,-9999.0,-9999.0,orientation,color,size,0.3400000000000001,6.5,18,female,1,1913.8339991000003,0,22
3947,-9999.0,-9999.0,-9999.0,-9999.0,-9999.0,-9999.0,-9999.0,-9999.0,-9999.0,orientation,color,size,0.3400000000000001,6.5,18,female,1,1913.8339991000003,0,22
3948,-9999.0,-9999.0,-9999.0,-9999.0,-9999.0,-9999.0,-9999.0,-9999.0,-9999.0,orientation,color,size,0.3400000000000001,6.5,18,female,1,1913.8339991000003,0,22
3949,-9999.0,-9999.0,-9999.0,-9999.0,-9999.0,-9999.0,-9999.0,-9999.0,-9999.0,orientation,color,size,0.3400000000000001,6.5,18,female,1,1913.8339991000003,0,22
3950,-9999.0,-9999.0,-9999.0,-9999.0,-9999.0,-9999.0,-9999.0,-9999.0,-9999.0,orientation,color,size,0.3400000000000001,6.5,18,female,1,1913.8339991000003,0,22
3951,-9999.0,-9999.0,-9999.0,-9999.0,-9999.0,-9999.0,-9999.0,-9999.0,-9999.0,orientation,color,size,0.3400000000000001,6.5,18,female,1,1913.8339991000003,0,22
3952,-9999.0,-9999.0,-9999.0,-9999.0,-9999.0,-9999.0,-9999.0,-9999.0,-9999.0,orientation,color,size,0.3400000000000001,6.5,18,female,1,1913.8339991000003,0,22
3953,-9999.0,-9999.0,-9999.0,-9999.0,-9999.0,-9999.0,-9999.0,-9999.0,-9999.0,orientation,color,size,0.3400000000000001,6.5,18,female,1,1913.8339991000003,0,22
3954,-9999.0,-9999.0,-9999.0,-9999.0,-9999.0,-9999.0,-9999.0,-9999.0,-9999.0,orientation,color,size,0.3400000000000001,6.5,18,female,1,1913.8339991000003,0,22
3955,-9999.0,-9999.0,-9999.0,-9999.0,-9999.0,-9999.0,-9999.0,-9999.0,-9999.0,orientation,color,size,0.3400000000000001,6.5,18,female,1,1913.8339991000003,0,22
3956,-9999.0,-9999.0,-9999.0,-9999.0,-9999.0,-9999.0,-9999.0,-9999.0,-9999.0,orientation,color,size,0.3400000000000001,6.5,18,female,1,1913.8339991000003,0,22
3957,-9999.0,-9999.0,-9999.0,-9999.0,-9999.0,-9999.0,-9999.0,-9999.0,-9999.0,orientation,color,size,0.3400000000000001,6.5,18,female,1,1913.8339991000003,0,22
3958,-9999.0,-9999.0,-9999.0,-9999.0,-9999.0,-9999.0,-9999.0,-9999.0,-9999.0,orientation,color,size,0.3400000000000001,6.5,18,female,1,1913.8339991000003,0,22
3959,-9999.0,-9999.0,-9999.0,-9999.0,-9999.0,-9999.0,-9999.0,-9999.0,-9999.0,orientation,color,size,0.3400000000000001,6.5,18,female,1,1913.8339991000003,0,22
3960,-9999.0,-9999.0,-9999.0,-9999.0,-9999.0,-9999.0,-9999.0,-9999.0,-9999.0,orientation,color,size,0.3400000000000001,6.5,18,female,1,1913.8339991000003,0,22
3961,-9999.0,-9999.0,-9999.0,-9999.0,-9999.0,-9999.0,-9999.0,-9999.0,-9999.0,orientation,color,size,0.3400000000000001,6.5,18,female,1,1913.8339991000003,0,22
3962,-9999.0,-9999.0,-9999.0,-9999.0,-9999.0,-9999.0,-9999.0,-9999.0,-9999.0,orientation,color,size,0.3400000000000001,6.5,18,female,1,1913.8339991000003,0,22
3963,-9999.0,-9999.0,-9999.0,-9999.0,-9999.0,-9999.0,-9999.0,-9999.0,-9999.0,orientation,color,size,0.3400000000000001,6.5,18,female,1,1913.8339991000003,0,22
3964,-9999.0,-9999.0,-9999.0,-9999.0,-9999.0,-9999.0,-9999.0,-9999.0,-9999.0,orientation,color,size,0.3400000000000001,6.5,18,female,1,1913.8339991000003,0,22
3965,-9999.0,-9999.0,-9999.0,-9999.0,-9999.0,-9999.0,-9999.0,-9999.0,-9999.0,orientation,color,size,0.3400000000000001,6.5,18,female,1,1913.8339991000003,0,22
3966,-9999.0,-9999.0,-9999.0,-9999.0,-9999.0,-9999.0,-9999.0,-9999.0,-9999.0,orientation,color,size,0.3400000000000001,6.5,18,female,1,1913.8339991000003,0,22
3967,-9999.0,-9999.0,-9999.0,-9999.0,-9999.0,-9999.0,-9999.0,-9999.0,-9999.0,orientation,color,size,0.3400000000000001,6.5,18,female,1,1913.8339991000003,0,22
3968,-9999.0,-9999.0,-9999.0,-9999.0,-9999.0,-9999.0,-9999.0,-9999.0,-9999.0,orientation,color,size,0.3400000000000001,6.5,18,female,1,1913.8339991000003,0,22
3969,-9999.0,-9999.0,-9999.0,-9999.0,-9999.0,-9999.0,-9999.0,-9999.0,-9999.0,orientation,color,size,0.3400000000000001,6.5,18,female,1,1913.8339991000003,0,22
3970,-9999.0,-9999.0,-9999.0,-9999.0,-9999.0,-9999.0,-9999.0,-9999.0,-9999.0,orientation,color,size,0.3400000000000001,6.5,18,female,1,1913.8339991000003,0,22
3971,-9999.0,-9999.0,-9999.0,-9999.0,-9999.0,-9999.0,-9999.0,-9999.0,-9999.0,orientation,color,size,0.3400000000000001,6.5,18,female,1,1913.8339991000003,0,22
3972,-9999.0,-9999.0,-9999.0,-9999.0,-9999.0,-9999.0,-9999.0,-9999.0,-9999.0,orientation,color,size,0.3400000000000001,6.5,18,female,1,1913.8339991000003,0,22
3973,-9999.0,-9999.0,-9999.0,-9999.0,-9999.0,-9999.0,-9999.0,-9999.0,-9999.0,orientation,color,size,0.3400000000000001,6.5,18,female,1,1913.8339991000003,0,22
3974,-9999.0,-9999.0,-9999.0,-9999.0,-9999.0,-9999.0,-9999.0,-9999.0,-9999.0,orientation,color,size,0.3400000000000001,6.5,18,female,1,1913.8339991000003,0,22
3975,-9999.0,-9999.0,-9999.0,-9999.0,-9999.0,-9999.0,-9999.0,-9999.0,-9999.0,orientation,color,size,0.3400000000000001,6.5,18,female,1,1913.8339991000003,0,22
3976,-9999.0,-9999.0,-9999.0,-9999.0,-9999.0,-9999.0,-9999.0,-9999.0,-9999.0,orientation,color,size,0.3400000000000001,6.5,18,female,1,1913.8339991000003,0,22
3977,-9999.0,-9999.0,-9999.0,-9999.0,-9999.0,-9999.0,-9999.0,-9999.0,-9999.0,orientation,color,size,0.3400000000000001,6.5,18,female,1,1913.8339991000003,0,22
3978,-9999.0,-9999.0,-9999.0,-9999.0,-9999.0,-9999.0,-9999.0,-9999.0,-9999.0,orientation,color,size,0.3400000000000001,6.5,18,female,1,1913.8339991000003,0,22
3979,-9999.0,-9999.0,-9999.0,-9999.0,-9999.0,-9999.0,-9999.0,-9999.0,-9999.0,orientation,color,size,0.3400000000000001,6.5,18,female,1,1913.8339991000003,0,22
3980,-9999.0,-9999.0,-9999.0,-9999.0,-9999.0,-9999.0,-9999.0,-9999.0,-9999.0,orientation,color,size,0.3400000000000001,6.5,18,female,1,1913.8339991000003,0,22
3981,-9999.0,-9999.0,-9999.0,-9999.0,-9999.0,-9999.0,-9999.0,-9999.0,-9999.0,orientation,color,size,0.3400000000000001,6.5,18,female,1,1913.8339991000003,0,22
3982,-9999.0,-9999.0,-9999.0,-9999.0,-9999.0,-9999.0,-9999.0,-9999.0,-9999.0,orientation,color,size,0.3400000000000001,6.5,18,female,1,1913.8339991000003,0,22
3983,-9999.0,-9999.0,-9999.0,-9999.0,-9999.0,-9999.0,-9999.0,-9999.0,-9999.0,orientation,color,size,0.3400000000000001,6.5,18,female,1,1913.8339991000003,0,22
3984,-9999.0,-9999.0,-9999.0,-9999.0,-9999.0,-9999.0,-9999.0,-9999.0,-9999.0,orientation,color,size,0.3400000000000001,6.5,18,female,1,1913.8339991000003,0,22
3985,-9999.0,-9999.0,-9999.0,-9999.0,-9999.0,-9999.0,-9999.0,-9999.0,-9999.0,orientation,color,size,0.3400000000000001,6.5,18,female,1,1913.8339991000003,0,22
3986,-9999.0,-9999.0,-9999.0,-9999.0,-9999.0,-9999.0,-9999.0,-9999.0,-9999.0,orientation,color,size,0.3400000000000001,6.5,18,female,1,1913.8339991000003,0,22
3987,-9999.0,-9999.0,-9999.0,-9999.0,-9999.0,-9999.0,-9999.0,-9999.0,-9999.0,orientation,color,size,0.3400000000000001,6.5,18,female,1,1913.8339991000003,0,22
3988,-9999.0,-9999.0,-9999.0,-9999.0,-9999.0,-9999.0,-9999.0,-9999.0,-9999.0,orientation,color,size,0.3400000000000001,6.5,18,female,1,1913.8339991000003,0,22
3989,-9999.0,-9999.0,-9999.0,-9999.0,-9999.0,-9999.0,-9999.0,-9999.0,-9999.0,orientation,color,size,0.3400000000000001,6.5,18,female,1,1913.8339991000003,0,22
3990,-9999.0,-9999.0,-9999.0,-9999.0,-9999.0,-9999.0,-9999.0,-9999.0,-9999.0,orientation,color,size,0.3400000000000001,6.5,18,female,1,1913.8339991000003,0,22
3991,-9999.0,-9999.0,-9999.0,-9999.0,-9999.0,-9999.0,-9999.0,-9999.0,-9999.0,orientation,color,size,0.3400000000000001,6.5,18,female,1,1913.8339991000003,0,22
3992,-9999.0,-9999.0,-9999.0,-9999.0,-9999.0,-9999.0,-9999.0,-9999.0,-9999.0,orientation,color,size,0.3400000000000001,6.5,18,female,1,1913.8339991000003,0,22
3993,-9999.0,-9999.0,-9999.0,-9999.0,-9999.0,-9999.0,-9999.0,-9999.0,-9999.0,orientation,color,size,0.3400000000000001,6.5,18,female,1,1913.8339991000003,0,22
3994,-9999.0,-9999.0,-9999.0,-9999.0,-9999.0,-9999.0,-9999.0,-9999.0,-9999.0,orientation,color,size,0.3400000000000001,6.5,18,female,1,1913.8339991000003,0,22
3995,-9999.0,-9999.0,-9999.0,-9999.0,-9999.0,-9999.0,-9999.0,-9999.0,-9999.0,orientation,color,size,0.3400000000000001,6.5,18,female,1,1913.8339991000003,0,22
3996,-9999.0,-9999.0,-9999.0,-9999.0,-9999.0,-9999.0,-9999.0,-9999.0,-9999.0,orientation,color,size,0.3400000000000001,6.5,18,female,1,1913.8339991000003,0,22
3997,-9999.0,-9999.0,-9999.0,-9999.0,-9999.0,-9999.0,-9999.0,-9999.0,-9999.0,orientation,color,size,0.3400000000000001,6.5,18,female,1,1913.8339991000003,0,22
3998,-9999.0,-9999.0,-9999.0,-9999.0,-9999.0,-9999.0,-9999.0,-9999.0,-9999.0,orientation,color,size,0.3400000000000001,6.5,18,female,1,1913.8339991000003,0,22
3999,-9999.0,-9999.0,-9999.0,-9999.0,-9999.0,-9999.0,-9999.0,-9999.0,-9999.0,orientation,color,size,0.3400000000000001,6.5,18,female,1,1913.8339991000003,0,22
4000,-9999.0,-9999.0,-9999.0,-9999.0,-9999.0,-9999.0,-9999.0,-9999.0,-9999.0,orientation,color,size,0.3400000000000001,6.5,18,female,1,1913.8339991000003,0,22
