Trial_number,Chosen_castle,Chosen_location,Correct_location,Accuracy,Number_of_doors,RT,Current_orientation,Current_color,Current_size,First_feature,Second_feature,Third_feature,Participant_size,Participant_orientation,Participant_number,Participant_gender,Early_exit,Training_time,Meta_trial,Participant_age
1,3,4,6,0,8,6.28226810000001,83.0,12,0.38,orientation,size,color,0.38,11.0,2,female,1,2537.0593455999997,1,21
2,3,1,2,0,8,1.532795999999962,-83.5,2,0.4600000000000001,orientation,size,color,0.38,11.0,2,female,1,2537.0593455999997,1,21
3,3,1,1,1,8,4.850579599999946,-65.5,17,0.3400000000000001,orientation,size,color,0.38,11.0,2,female,1,2537.0593455999997,1,21
4,3,7,4,0,8,1.8838459000000967,33.5,11,0.22000000000000003,orientation,size,color,0.38,11.0,2,female,1,2537.0593455999997,0,21
5,3,3,2,0,8,3.549712199999931,-38.5,3,0.4600000000000001,orientation,size,color,0.38,11.0,2,female,1,2537.0593455999997,1,21
6,3,4,6,0,8,2.816337400000066,78.5,7,0.4600000000000001,orientation,size,color,0.38,11.0,2,female,1,2537.0593455999997,1,21
7,3,0,1,0,8,2.4332864000000427,-43.0,16,0.18000000000000002,orientation,size,color,0.38,11.0,2,female,1,2537.0593455999997,1,21
8,3,1,1,1,8,9.848931700000094,-56.5,23,0.22000000000000003,orientation,size,color,0.38,11.0,2,female,1,2537.0593455999997,1,21
9,3,6,5,0,8,3.0505328000001555,29.0,24,0.30000000000000004,orientation,size,color,0.38,11.0,2,female,1,2537.0593455999997,0,21
10,3,2,2,1,8,4.033349999999928,-38.5,1,0.38,orientation,size,color,0.38,11.0,2,female,1,2537.0593455999997,1,21
11,3,3,0,0,8,1.1501160000000255,-70.0,8,0.22000000000000003,orientation,size,color,0.38,11.0,2,female,1,2537.0593455999997,0,21
12,3,5,7,0,8,2.632393200000024,60.5,19,0.4600000000000001,orientation,size,color,0.38,11.0,2,female,1,2537.0593455999997,1,21
13,3,3,0,0,8,7.983484499999804,-20.5,5,0.18000000000000002,orientation,size,color,0.38,11.0,2,female,1,2537.0593455999997,1,21
14,3,0,1,0,8,6.515989300000001,-43.0,14,0.14,orientation,size,color,0.38,11.0,2,female,1,2537.0593455999997,1,21
15,3,7,7,1,8,2.082884199999853,78.5,16,0.38,orientation,size,color,0.38,11.0,2,female,1,2537.0593455999997,1,21
16,3,6,5,0,8,6.232701399999996,69.5,21,0.22000000000000003,orientation,size,color,0.38,11.0,2,female,1,2537.0593455999997,0,21
17,3,4,6,0,8,1.4656443000001218,78.5,12,0.38,orientation,size,color,0.38,11.0,2,female,1,2537.0593455999997,1,21
18,3,4,6,0,8,5.699390699999867,83.0,7,0.38,orientation,size,color,0.38,11.0,2,female,1,2537.0593455999997,1,21
19,3,1,2,0,8,1.733270100000027,-56.5,9,0.4600000000000001,orientation,size,color,0.38,11.0,2,female,1,2537.0593455999997,1,21
20,3,7,5,0,8,9.499962000000096,65.0,14,0.18000000000000002,orientation,size,color,0.38,11.0,2,female,1,2537.0593455999997,1,21
21,3,3,5,0,8,6.533500700000104,60.5,13,0.1,orientation,size,color,0.38,11.0,2,female,1,2537.0593455999997,1,21
22,3,5,7,0,8,3.398615800000016,69.5,20,0.38,orientation,size,color,0.38,11.0,2,female,1,2537.0593455999997,1,21
23,3,7,7,1,8,1.3158270000001266,51.5,24,0.42000000000000004,orientation,size,color,0.38,11.0,2,female,1,2537.0593455999997,1,21
24,3,6,6,1,8,2.250408200000038,29.0,6,0.4600000000000001,orientation,size,color,0.38,11.0,2,female,1,2537.0593455999997,0,21
25,3,4,4,1,8,2.934089399999948,78.5,11,0.3400000000000001,orientation,size,color,0.38,11.0,2,female,1,2537.0593455999997,0,21
26,3,2,0,0,8,8.465427500000033,-52.0,8,0.14,orientation,size,color,0.38,11.0,2,female,1,2537.0593455999997,0,21
27,3,2,0,0,8,1.983907299999828,-38.5,2,0.22000000000000003,orientation,size,color,0.38,11.0,2,female,1,2537.0593455999997,1,21
28,3,6,6,1,8,3.4491048999998384,60.5,2,0.42000000000000004,orientation,size,color,0.38,11.0,2,female,1,2537.0593455999997,1,21
29,3,4,0,0,8,3.3161497999999483,-88.0,9,0.1,orientation,size,color,0.38,11.0,2,female,1,2537.0593455999997,0,21
30,3,6,4,0,8,4.11677050000003,60.5,4,0.18000000000000002,orientation,size,color,0.38,11.0,2,female,1,2537.0593455999997,1,21
31,3,7,4,0,8,9.482619500000055,47.0,8,0.1,orientation,size,color,0.38,11.0,2,female,1,2537.0593455999997,1,21
32,3,6,7,0,8,1.4331952000000001,69.5,16,0.4600000000000001,orientation,size,color,0.38,11.0,2,female,1,2537.0593455999997,1,21
33,3,7,5,0,8,1.3492113000002064,47.0,20,0.26,orientation,size,color,0.38,11.0,2,female,1,2537.0593455999997,1,21
34,3,2,2,1,8,5.733358599999974,-11.5,0,0.4600000000000001,orientation,size,color,0.38,11.0,2,female,1,2537.0593455999997,1,21
35,3,7,5,0,8,6.816693500000156,42.5,21,0.1,orientation,size,color,0.38,11.0,2,female,1,2537.0593455999997,0,21
36,2,0,0,1,4,3.400535199999922,-34.0,3,0.30000000000000004,orientation,size,color,0.38,11.0,2,female,1,2537.0593455999997,1,21
37,2,3,3,1,4,1.2335680999999568,65.0,18,0.38,orientation,size,color,0.38,11.0,2,female,1,2537.0593455999997,0,21
38,2,1,1,1,4,1.5665328000000045,-88.0,9,0.38,orientation,size,color,0.38,11.0,2,female,1,2537.0593455999997,0,21
39,2,2,3,0,4,0.7013730999999552,74.0,19,0.38,orientation,size,color,0.38,11.0,2,female,1,2537.0593455999997,0,21
40,1,1,1,1,2,3.3028644000000895,56.0,10,0.30000000000000004,orientation,size,color,0.38,11.0,2,female,1,2537.0593455999997,1,21
41,1,1,1,1,2,1.0328713999999763,60.5,8,0.18000000000000002,orientation,size,color,0.38,11.0,2,female,1,2537.0593455999997,0,21
42,1,0,0,1,2,1.4666522999998506,-11.5,14,0.18000000000000002,orientation,size,color,0.38,11.0,2,female,1,2537.0593455999997,0,21
43,1,1,1,1,2,1.000030899999956,83.0,1,0.4600000000000001,orientation,size,color,0.38,11.0,2,female,1,2537.0593455999997,0,21
44,1,1,1,1,2,0.966878700000052,87.5,10,0.1,orientation,size,color,0.38,11.0,2,female,1,2537.0593455999997,0,21
45,1,1,1,1,2,0.6177279999999428,33.5,4,0.1,orientation,size,color,0.38,11.0,2,female,1,2537.0593455999997,0,21
46,1,1,1,1,2,0.7672741999999744,20.0,2,0.3400000000000001,orientation,size,color,0.38,11.0,2,female,1,2537.0593455999997,0,21
47,1,0,0,1,2,0.9170106999999916,-38.5,22,0.42000000000000004,orientation,size,color,0.38,11.0,2,female,1,2537.0593455999997,0,21
48,1,0,1,0,2,0.43333060000009027,65.0,13,0.3400000000000001,orientation,size,color,0.38,11.0,2,female,1,2537.0593455999997,0,21
49,1,1,1,1,2,0.8402326000000357,69.5,3,0.42000000000000004,orientation,size,color,0.38,11.0,2,female,1,2537.0593455999997,1,21
50,1,1,1,1,2,0.3838557999999921,51.5,10,0.18000000000000002,orientation,size,color,0.38,11.0,2,female,1,2537.0593455999997,0,21
51,1,0,0,1,2,1.9840014999999767,-2.5,17,0.3400000000000001,orientation,size,color,0.38,11.0,2,female,1,2537.0593455999997,0,21
52,1,1,0,0,2,1.1833954999999605,2.0,10,0.4600000000000001,orientation,size,color,0.38,11.0,2,female,1,2537.0593455999997,0,21
53,1,0,0,1,2,1.3402951000000485,-43.0,10,0.3400000000000001,orientation,size,color,0.38,11.0,2,female,1,2537.0593455999997,1,21
54,1,0,0,1,2,1.0839223999998921,-47.5,14,0.42000000000000004,orientation,size,color,0.38,11.0,2,female,1,2537.0593455999997,0,21
55,1,0,0,1,2,0.5336539000002176,-38.5,1,0.3400000000000001,orientation,size,color,0.38,11.0,2,female,1,2537.0593455999997,0,21
56,1,0,0,1,2,0.7846253000000161,-7.0,7,0.38,orientation,size,color,0.38,11.0,2,female,1,2537.0593455999997,0,21
57,1,1,0,0,2,1.1001092999999855,2.0,21,0.4600000000000001,orientation,size,color,0.38,11.0,2,female,1,2537.0593455999997,0,21
58,1,0,0,1,2,0.6740939999999682,-38.5,19,0.22000000000000003,orientation,size,color,0.38,11.0,2,female,1,2537.0593455999997,1,21
59,1,0,0,1,2,0.8167146999999204,-74.5,2,0.26,orientation,size,color,0.38,11.0,2,female,1,2537.0593455999997,0,21
60,1,1,1,1,2,0.8503534999999829,51.5,13,0.4600000000000001,orientation,size,color,0.38,11.0,2,female,1,2537.0593455999997,0,21
61,1,1,0,0,2,0.6168921000000864,6.5,11,0.26,orientation,size,color,0.38,11.0,2,female,1,2537.0593455999997,0,21
62,1,0,0,1,2,0.9544893999998294,-34.0,10,0.38,orientation,size,color,0.38,11.0,2,female,1,2537.0593455999997,1,21
63,1,0,0,1,2,1.2841809999999896,-7.0,21,0.1,orientation,size,color,0.38,11.0,2,female,1,2537.0593455999997,0,21
64,1,0,0,1,2,0.7000302999999803,-70.0,19,0.26,orientation,size,color,0.38,11.0,2,female,1,2537.0593455999997,0,21
65,1,0,0,1,2,0.5176394999998593,-34.0,9,0.3400000000000001,orientation,size,color,0.38,11.0,2,female,1,2537.0593455999997,0,21
66,1,1,1,1,2,1.134346800000003,38.0,7,0.30000000000000004,orientation,size,color,0.38,11.0,2,female,1,2537.0593455999997,0,21
67,1,0,0,1,2,1.2508306000001994,-56.5,1,0.3400000000000001,orientation,size,color,0.38,11.0,2,female,1,2537.0593455999997,0,21
68,1,1,1,1,2,2.1838509000001523,87.5,8,0.26,orientation,size,color,0.38,11.0,2,female,1,2537.0593455999997,0,21
69,1,0,0,1,2,1.1340181000000484,-79.0,9,0.30000000000000004,orientation,size,color,0.38,11.0,2,female,1,2537.0593455999997,0,21
70,1,1,1,1,2,0.966660499999989,38.0,9,0.42000000000000004,orientation,size,color,0.38,11.0,2,female,1,2537.0593455999997,0,21
71,1,0,0,1,2,0.9503030999999282,-11.5,13,0.18000000000000002,orientation,size,color,0.38,11.0,2,female,1,2537.0593455999997,0,21
72,2,3,2,0,4,1.1998382000001584,20.0,9,0.22000000000000003,orientation,size,color,0.38,11.0,2,female,1,2537.0593455999997,1,21
73,2,1,1,1,4,1.2502619000001687,-88.0,19,0.42000000000000004,orientation,size,color,0.38,11.0,2,female,1,2537.0593455999997,1,21
74,2,2,3,0,4,0.8002087999998366,87.5,7,0.4600000000000001,orientation,size,color,0.38,11.0,2,female,1,2537.0593455999997,0,21
75,2,0,0,1,4,1.8666395999998713,-25.0,15,0.3400000000000001,orientation,size,color,0.38,11.0,2,female,1,2537.0593455999997,1,21
76,2,1,0,0,4,1.6340708999996423,-16.0,16,0.1,orientation,size,color,0.38,11.0,2,female,1,2537.0593455999997,0,21
77,2,3,2,0,4,3.0674191999996765,87.5,3,0.30000000000000004,orientation,size,color,0.38,11.0,2,female,1,2537.0593455999997,1,21
78,2,3,0,0,4,2.682839299999614,6.5,16,0.22000000000000003,orientation,size,color,0.38,11.0,2,female,1,2537.0593455999997,1,21
79,2,1,2,0,4,1.2997387999998864,87.5,16,0.30000000000000004,orientation,size,color,0.38,11.0,2,female,1,2537.0593455999997,1,21
80,2,1,0,0,4,1.3991509000002225,-16.0,7,0.14,orientation,size,color,0.38,11.0,2,female,1,2537.0593455999997,1,21
81,2,1,0,0,4,1.515670499999942,-70.0,8,0.30000000000000004,orientation,size,color,0.38,11.0,2,female,1,2537.0593455999997,1,21
82,2,0,1,0,4,1.3002341999999771,-74.5,8,0.38,orientation,size,color,0.38,11.0,2,female,1,2537.0593455999997,1,21
83,2,3,0,0,4,1.1833237999999255,2.0,19,0.26,orientation,size,color,0.38,11.0,2,female,1,2537.0593455999997,1,21
84,2,1,1,1,4,5.517014600000039,-83.5,4,0.4600000000000001,orientation,size,color,0.38,11.0,2,female,1,2537.0593455999997,1,21
85,2,0,0,1,4,1.6172481999997217,-25.0,3,0.3400000000000001,orientation,size,color,0.38,11.0,2,female,1,2537.0593455999997,0,21
86,2,2,0,0,4,2.166283900000053,2.0,24,0.3400000000000001,orientation,size,color,0.38,11.0,2,female,1,2537.0593455999997,0,21
87,2,2,0,0,4,1.7502325999998902,6.5,19,0.14,orientation,size,color,0.38,11.0,2,female,1,2537.0593455999997,1,21
88,2,1,1,1,4,1.3000435999997535,-70.0,16,0.42000000000000004,orientation,size,color,0.38,11.0,2,female,1,2537.0593455999997,1,21
89,2,2,3,0,4,1.8013507000000573,15.5,13,0.4600000000000001,orientation,size,color,0.38,11.0,2,female,1,2537.0593455999997,0,21
90,2,3,3,1,4,1.5328706999998758,51.5,2,0.42000000000000004,orientation,size,color,0.38,11.0,2,female,1,2537.0593455999997,1,21
91,2,1,0,0,4,2.267268700000386,-83.5,7,0.22000000000000003,orientation,size,color,0.38,11.0,2,female,1,2537.0593455999997,0,21
92,2,0,0,1,4,3.09950230000004,-88.0,16,0.18000000000000002,orientation,size,color,0.38,11.0,2,female,1,2537.0593455999997,1,21
93,2,0,0,1,4,1.4171094999996967,-7.0,24,0.14,orientation,size,color,0.38,11.0,2,female,1,2537.0593455999997,0,21
94,2,1,0,0,4,2.950741900000139,-65.5,6,0.30000000000000004,orientation,size,color,0.38,11.0,2,female,1,2537.0593455999997,0,21
95,2,1,1,1,4,3.283691699999963,-11.5,22,0.42000000000000004,orientation,size,color,0.38,11.0,2,female,1,2537.0593455999997,1,21
96,2,0,0,1,4,3.732546600000205,-56.5,4,0.18000000000000002,orientation,size,color,0.38,11.0,2,female,1,2537.0593455999997,0,21
97,2,1,0,0,4,6.050642599999719,-11.5,23,0.30000000000000004,orientation,size,color,0.38,11.0,2,female,1,2537.0593455999997,0,21
98,2,3,2,0,4,2.6664749999999913,15.5,17,0.14,orientation,size,color,0.38,11.0,2,female,1,2537.0593455999997,1,21
99,2,0,0,1,4,1.9332871999999952,-29.5,24,0.18000000000000002,orientation,size,color,0.38,11.0,2,female,1,2537.0593455999997,1,21
100,2,0,0,1,4,1.86696400000028,-34.0,5,0.30000000000000004,orientation,size,color,0.38,11.0,2,female,1,2537.0593455999997,0,21
101,2,0,1,0,4,0.8833615999997164,-34.0,9,0.38,orientation,size,color,0.38,11.0,2,female,1,2537.0593455999997,0,21
102,2,3,2,0,4,2.4345032000001083,11.0,14,0.22000000000000003,orientation,size,color,0.38,11.0,2,female,1,2537.0593455999997,1,21
103,2,1,1,1,4,1.632679399999688,-83.5,0,0.38,orientation,size,color,0.38,11.0,2,female,1,2537.0593455999997,1,21
104,2,0,0,1,4,7.332686399999602,-25.0,21,0.3400000000000001,orientation,size,color,0.38,11.0,2,female,1,2537.0593455999997,0,21
105,2,2,3,0,4,4.200087000000167,38.0,8,0.42000000000000004,orientation,size,color,0.38,11.0,2,female,1,2537.0593455999997,0,21
106,2,2,2,1,4,1.1175162999998065,78.5,5,0.18000000000000002,orientation,size,color,0.38,11.0,2,female,1,2537.0593455999997,1,21
107,2,1,1,1,4,4.517010500000197,-47.5,21,0.42000000000000004,orientation,size,color,0.38,11.0,2,female,1,2537.0593455999997,0,21
108,2,2,2,1,4,1.7011963999998443,78.5,7,0.1,orientation,size,color,0.38,11.0,2,female,1,2537.0593455999997,0,21
109,2,1,1,1,4,2.251024900000175,-74.5,7,0.4600000000000001,orientation,size,color,0.38,11.0,2,female,1,2537.0593455999997,0,21
110,2,3,2,0,4,1.9495748000003914,65.0,7,0.30000000000000004,orientation,size,color,0.38,11.0,2,female,1,2537.0593455999997,0,21
111,2,0,0,1,4,9.300544700000046,-65.5,8,0.1,orientation,size,color,0.38,11.0,2,female,1,2537.0593455999997,1,21
112,2,0,0,1,4,5.366801499999838,-83.5,11,0.3400000000000001,orientation,size,color,0.38,11.0,2,female,1,2537.0593455999997,0,21
113,2,0,0,1,4,1.9173311999998077,-7.0,0,0.26,orientation,size,color,0.38,11.0,2,female,1,2537.0593455999997,0,21
114,2,1,1,1,4,1.2007088000000294,-47.5,11,0.4600000000000001,orientation,size,color,0.38,11.0,2,female,1,2537.0593455999997,0,21
115,2,0,0,1,4,1.4004516999998486,-65.5,6,0.30000000000000004,orientation,size,color,0.38,11.0,2,female,1,2537.0593455999997,0,21
116,2,0,0,1,4,2.0006766000001335,-47.5,14,0.26,orientation,size,color,0.38,11.0,2,female,1,2537.0593455999997,0,21
117,2,2,2,1,4,4.150807500000155,29.0,17,0.1,orientation,size,color,0.38,11.0,2,female,1,2537.0593455999997,0,21
118,2,2,2,1,4,0.86709350000001,51.5,9,0.14,orientation,size,color,0.38,11.0,2,female,1,2537.0593455999997,0,21
119,2,1,1,1,4,8.33335999999963,-34.0,9,0.38,orientation,size,color,0.38,11.0,2,female,1,2537.0593455999997,0,21
120,2,2,2,1,4,5.38342560000001,65.0,10,0.26,orientation,size,color,0.38,11.0,2,female,1,2537.0593455999997,0,21
121,1,1,1,1,2,2.669059400000151,56.0,18,0.4600000000000001,orientation,size,color,0.38,11.0,2,female,1,2537.0593455999997,1,21
122,1,1,1,1,2,0.466550599999664,42.5,18,0.4600000000000001,orientation,size,color,0.38,11.0,2,female,1,2537.0593455999997,0,21
123,1,1,1,1,2,1.0504393999999593,65.0,9,0.38,orientation,size,color,0.38,11.0,2,female,1,2537.0593455999997,0,21
124,1,0,0,1,2,1.00052740000001,-7.0,6,0.30000000000000004,orientation,size,color,0.38,11.0,2,female,1,2537.0593455999997,0,21
125,1,0,0,1,2,0.4502419000000373,-25.0,22,0.26,orientation,size,color,0.38,11.0,2,female,1,2537.0593455999997,0,21
126,1,0,0,1,2,1.4172555999998622,-88.0,6,0.42000000000000004,orientation,size,color,0.38,11.0,2,female,1,2537.0593455999997,0,21
127,1,0,0,1,2,0.7335692000001472,-25.0,24,0.26,orientation,size,color,0.38,11.0,2,female,1,2537.0593455999997,0,21
128,1,1,1,1,2,1.933074200000192,78.5,16,0.26,orientation,size,color,0.38,11.0,2,female,1,2537.0593455999997,0,21
129,1,0,0,1,2,1.0680677000000287,-20.5,24,0.4600000000000001,orientation,size,color,0.38,11.0,2,female,1,2537.0593455999997,0,21
130,1,1,1,1,2,1.2673313000000235,47.0,24,0.14,orientation,size,color,0.38,11.0,2,female,1,2537.0593455999997,0,21
131,2,1,1,1,4,2.9839414999996734,-7.0,19,0.42000000000000004,orientation,size,color,0.38,11.0,2,female,1,2537.0593455999997,1,21
132,2,2,2,1,4,1.06656380000004,47.0,6,0.22000000000000003,orientation,size,color,0.38,11.0,2,female,1,2537.0593455999997,0,21
133,2,0,0,1,4,1.5836362999998528,-61.0,15,0.30000000000000004,orientation,size,color,0.38,11.0,2,female,1,2537.0593455999997,0,21
134,2,2,2,1,4,1.8337337999996635,11.0,17,0.22000000000000003,orientation,size,color,0.38,11.0,2,female,1,2537.0593455999997,0,21
135,2,2,2,1,4,0.7325937000000522,65.0,24,0.14,orientation,size,color,0.38,11.0,2,female,1,2537.0593455999997,0,21
136,2,3,0,0,4,1.8336762999997518,2.0,16,0.3400000000000001,orientation,size,color,0.38,11.0,2,female,1,2537.0593455999997,0,21
137,2,1,0,0,4,1.4340822999997727,-47.5,15,0.30000000000000004,orientation,size,color,0.38,11.0,2,female,1,2537.0593455999997,1,21
138,2,0,0,1,4,1.5664068000000952,-11.5,4,0.18000000000000002,orientation,size,color,0.38,11.0,2,female,1,2537.0593455999997,1,21
139,2,2,2,1,4,2.6173807999998644,74.0,2,0.30000000000000004,orientation,size,color,0.38,11.0,2,female,1,2537.0593455999997,0,21
140,2,2,2,1,4,2.416472700000213,20.0,19,0.3400000000000001,orientation,size,color,0.38,11.0,2,female,1,2537.0593455999997,0,21
141,2,0,0,1,4,2.3166728999999577,-7.0,16,0.1,orientation,size,color,0.38,11.0,2,female,1,2537.0593455999997,0,21
142,2,0,0,1,4,2.633642200000395,-29.5,16,0.1,orientation,size,color,0.38,11.0,2,female,1,2537.0593455999997,0,21
143,2,1,1,1,4,1.2502937999997812,-56.5,17,0.4600000000000001,orientation,size,color,0.38,11.0,2,female,1,2537.0593455999997,0,21
144,2,0,0,1,4,1.4837576999998419,-16.0,12,0.22000000000000003,orientation,size,color,0.38,11.0,2,female,1,2537.0593455999997,0,21
145,2,2,2,1,4,2.08407649999981,56.0,22,0.18000000000000002,orientation,size,color,0.38,11.0,2,female,1,2537.0593455999997,0,21
146,2,1,1,1,4,2.7170014000002993,-88.0,11,0.4600000000000001,orientation,size,color,0.38,11.0,2,female,1,2537.0593455999997,0,21
147,2,0,0,1,4,3.5676069999999527,6.5,24,0.30000000000000004,orientation,size,color,0.38,11.0,2,female,1,2537.0593455999997,0,21
148,3,2,0,0,8,9.44909430000007,-88.0,1,0.1,orientation,size,color,0.38,11.0,2,female,1,2537.0593455999997,1,21
149,3,3,3,1,8,5.70036970000001,-47.5,13,0.4600000000000001,orientation,size,color,0.38,11.0,2,female,1,2537.0593455999997,1,21
150,3,4,6,0,8,1.3670452000001205,33.5,9,0.4600000000000001,orientation,size,color,0.38,11.0,2,female,1,2537.0593455999997,0,21
151,3,2,2,1,8,5.516599199999746,-65.5,1,0.38,orientation,size,color,0.38,11.0,2,female,1,2537.0593455999997,1,21
152,3,4,4,1,8,6.517443199999889,33.5,3,0.14,orientation,size,color,0.38,11.0,2,female,1,2537.0593455999997,0,21
153,3,6,4,0,8,20.784070200000315,83.0,0,0.3400000000000001,orientation,size,color,0.38,11.0,2,female,1,2537.0593455999997,0,21
154,3,6,7,0,8,2.8505630999998175,60.5,23,0.38,orientation,size,color,0.38,11.0,2,female,1,2537.0593455999997,1,21
155,3,1,1,1,8,6.199667999999747,-38.5,16,0.18000000000000002,orientation,size,color,0.38,11.0,2,female,1,2537.0593455999997,1,21
156,3,0,0,1,8,3.265844300000026,-47.5,9,0.1,orientation,size,color,0.38,11.0,2,female,1,2537.0593455999997,0,21
157,3,2,0,0,8,1.333523100000093,-38.5,4,0.18000000000000002,orientation,size,color,0.38,11.0,2,female,1,2537.0593455999997,0,21
158,3,7,5,0,8,2.2001036999999997,69.5,21,0.1,orientation,size,color,0.38,11.0,2,female,1,2537.0593455999997,1,21
159,3,7,1,0,8,1.6159166000002188,6.5,14,0.18000000000000002,orientation,size,color,0.38,11.0,2,female,1,2537.0593455999997,1,21
160,3,6,4,0,8,3.1666167000003043,60.5,11,0.26,orientation,size,color,0.38,11.0,2,female,1,2537.0593455999997,1,21
161,3,4,4,1,8,5.467175299999781,69.5,5,0.22000000000000003,orientation,size,color,0.38,11.0,2,female,1,2537.0593455999997,1,21
162,3,5,7,0,8,2.383100999999897,69.5,14,0.4600000000000001,orientation,size,color,0.38,11.0,2,female,1,2537.0593455999997,0,21
163,3,1,1,1,8,6.849741800000174,-38.5,13,0.26,orientation,size,color,0.38,11.0,2,female,1,2537.0593455999997,1,21
164,3,7,1,0,8,9.650458300000082,-2.5,24,0.22000000000000003,orientation,size,color,0.38,11.0,2,female,1,2537.0593455999997,0,21
165,3,5,5,1,8,2.332877499999995,51.5,15,0.30000000000000004,orientation,size,color,0.38,11.0,2,female,1,2537.0593455999997,1,21
166,3,0,0,1,8,6.650496499999917,-7.0,3,0.14,orientation,size,color,0.38,11.0,2,female,1,2537.0593455999997,0,21
167,3,2,0,0,8,5.917240299999776,-70.0,6,0.22000000000000003,orientation,size,color,0.38,11.0,2,female,1,2537.0593455999997,0,21
168,3,6,6,1,8,2.6166690000000017,60.5,8,0.42000000000000004,orientation,size,color,0.38,11.0,2,female,1,2537.0593455999997,1,21
169,3,1,1,1,8,5.249748700000055,-11.5,13,0.18000000000000002,orientation,size,color,0.38,11.0,2,female,1,2537.0593455999997,0,21
170,3,5,5,1,8,7.682789500000126,69.5,14,0.1,orientation,size,color,0.38,11.0,2,female,1,2537.0593455999997,0,21
171,3,4,6,0,8,3.683335100000022,87.5,9,0.42000000000000004,orientation,size,color,0.38,11.0,2,female,1,2537.0593455999997,0,21
172,3,5,5,1,8,28.983775499999865,60.5,13,0.1,orientation,size,color,0.38,11.0,2,female,1,2537.0593455999997,1,21
173,3,7,7,1,8,1.6324803000002248,15.5,21,0.42000000000000004,orientation,size,color,0.38,11.0,2,female,1,2537.0593455999997,0,21
174,3,7,7,1,8,1.0348314000002574,56.0,21,0.4600000000000001,orientation,size,color,0.38,11.0,2,female,1,2537.0593455999997,0,21
175,3,1,1,1,8,3.0335406000003786,-20.5,13,0.3400000000000001,orientation,size,color,0.38,11.0,2,female,1,2537.0593455999997,0,21
176,3,1,3,0,8,0.9831856999999218,-20.5,16,0.4600000000000001,orientation,size,color,0.38,11.0,2,female,1,2537.0593455999997,0,21
177,3,4,4,1,8,13.633767100000114,74.0,5,0.22000000000000003,orientation,size,color,0.38,11.0,2,female,1,2537.0593455999997,1,21
178,3,6,4,0,8,2.451049299999795,20.0,4,0.26,orientation,size,color,0.38,11.0,2,female,1,2537.0593455999997,0,21
179,3,4,4,1,8,1.216184500000054,60.5,9,0.18000000000000002,orientation,size,color,0.38,11.0,2,female,1,2537.0593455999997,1,21
180,3,6,4,0,8,1.3344927000002826,29.0,9,0.18000000000000002,orientation,size,color,0.38,11.0,2,female,1,2537.0593455999997,0,21
181,3,5,5,1,8,2.9482326000002104,74.0,15,0.1,orientation,size,color,0.38,11.0,2,female,1,2537.0593455999997,1,21
182,3,1,1,1,8,2.55054089999976,-70.0,22,0.26,orientation,size,color,0.38,11.0,2,female,1,2537.0593455999997,0,21
183,3,6,4,0,8,5.750513800000135,51.5,5,0.18000000000000002,orientation,size,color,0.38,11.0,2,female,1,2537.0593455999997,0,21
184,3,4,4,1,8,1.7342428000001746,51.5,11,0.14,orientation,size,color,0.38,11.0,2,female,1,2537.0593455999997,1,21
185,3,1,1,1,8,2.6838715999997476,-25.0,21,0.22000000000000003,orientation,size,color,0.38,11.0,2,female,1,2537.0593455999997,0,21
186,3,1,0,0,8,8.63346270000011,-34.0,12,0.1,orientation,size,color,0.38,11.0,2,female,1,2537.0593455999997,0,21
187,3,7,1,0,8,4.566940799999884,2.0,20,0.26,orientation,size,color,0.38,11.0,2,female,1,2537.0593455999997,1,21
188,3,4,4,1,8,2.4166101999999228,69.5,11,0.22000000000000003,orientation,size,color,0.38,11.0,2,female,1,2537.0593455999997,1,21
189,3,5,5,1,8,3.1505906999996114,78.5,23,0.22000000000000003,orientation,size,color,0.38,11.0,2,female,1,2537.0593455999997,0,21
190,3,3,1,0,8,1.5340424999999414,-88.0,16,0.1,orientation,size,color,0.38,11.0,2,female,1,2537.0593455999997,0,21
191,3,6,6,1,8,2.0171198000002732,11.0,6,0.4600000000000001,orientation,size,color,0.38,11.0,2,female,1,2537.0593455999997,1,21
192,3,6,6,1,8,3.166828699999769,65.0,2,0.42000000000000004,orientation,size,color,0.38,11.0,2,female,1,2537.0593455999997,0,21
193,3,4,6,0,8,2.750872199999776,83.0,5,0.38,orientation,size,color,0.38,11.0,2,female,1,2537.0593455999997,0,21
194,3,3,1,0,8,4.800419900000179,-65.5,13,0.14,orientation,size,color,0.38,11.0,2,female,1,2537.0593455999997,1,21
195,3,4,4,1,8,6.450122999999621,83.0,4,0.3400000000000001,orientation,size,color,0.38,11.0,2,female,1,2537.0593455999997,1,21
196,3,2,2,1,8,2.099857300000167,-79.0,10,0.4600000000000001,orientation,size,color,0.38,11.0,2,female,1,2537.0593455999997,0,21
197,3,6,6,1,8,1.850880099999813,51.5,12,0.42000000000000004,orientation,size,color,0.38,11.0,2,female,1,2537.0593455999997,0,21
198,3,6,4,0,8,1.5169448999999986,11.0,12,0.22000000000000003,orientation,size,color,0.38,11.0,2,female,1,2537.0593455999997,0,21
199,3,2,1,0,8,4.849101400000109,-83.5,16,0.18000000000000002,orientation,size,color,0.38,11.0,2,female,1,2537.0593455999997,1,21
200,3,7,5,0,8,4.665752699999757,15.5,19,0.3400000000000001,orientation,size,color,0.38,11.0,2,female,1,2537.0593455999997,1,21
201,3,2,0,0,8,11.1336096,-25.0,10,0.14,orientation,size,color,0.38,11.0,2,female,1,2537.0593455999997,1,21
202,3,3,1,0,8,11.34987289999981,-56.5,17,0.30000000000000004,orientation,size,color,0.38,11.0,2,female,1,2537.0593455999997,1,21
203,3,1,1,1,8,1.6664858999997705,-65.5,18,0.26,orientation,size,color,0.38,11.0,2,female,1,2537.0593455999997,1,21
204,3,6,4,0,8,2.000227900000027,20.0,8,0.30000000000000004,orientation,size,color,0.38,11.0,2,female,1,2537.0593455999997,0,21
205,3,0,0,1,8,2.883339800000158,-38.5,6,0.1,orientation,size,color,0.38,11.0,2,female,1,2537.0593455999997,1,21
206,3,2,2,1,8,3.700388599999769,-25.0,12,0.42000000000000004,orientation,size,color,0.38,11.0,2,female,1,2537.0593455999997,0,21
207,3,1,1,1,8,2.700859799999762,-2.5,13,0.30000000000000004,orientation,size,color,0.38,11.0,2,female,1,2537.0593455999997,0,21
208,3,2,2,1,8,3.1181235999997625,-47.5,0,0.42000000000000004,orientation,size,color,0.38,11.0,2,female,1,2537.0593455999997,0,21
209,3,1,1,1,8,1.6158156999999846,-16.0,20,0.14,orientation,size,color,0.38,11.0,2,female,1,2537.0593455999997,0,21
210,3,6,4,0,8,8.25074820000009,51.5,2,0.22000000000000003,orientation,size,color,0.38,11.0,2,female,1,2537.0593455999997,0,21
211,3,1,1,1,8,2.098834700000225,-11.5,21,0.14,orientation,size,color,0.38,11.0,2,female,1,2537.0593455999997,1,21
212,3,4,4,1,8,4.565795600000001,87.5,6,0.26,orientation,size,color,0.38,11.0,2,female,1,2537.0593455999997,0,21
213,3,1,1,1,8,2.449111500000072,-16.0,13,0.1,orientation,size,color,0.38,11.0,2,female,1,2537.0593455999997,0,21
214,3,5,5,1,8,3.6669487999997727,56.0,20,0.14,orientation,size,color,0.38,11.0,2,female,1,2537.0593455999997,0,21
215,3,2,0,0,8,6.217582200000379,-56.5,9,0.18000000000000002,orientation,size,color,0.38,11.0,2,female,1,2537.0593455999997,0,21
216,3,6,6,1,8,7.899952199999916,29.0,9,0.4600000000000001,orientation,size,color,0.38,11.0,2,female,1,2537.0593455999997,1,21
217,3,1,3,0,8,2.0839108000000124,-20.5,22,0.42000000000000004,orientation,size,color,0.38,11.0,2,female,1,2537.0593455999997,0,21
218,3,5,5,1,8,4.416584900000089,20.0,24,0.26,orientation,size,color,0.38,11.0,2,female,1,2537.0593455999997,1,21
219,3,2,2,1,8,4.86730499999976,-74.5,2,0.38,orientation,size,color,0.38,11.0,2,female,1,2537.0593455999997,0,21
220,3,2,0,0,8,1.4160554000000047,-70.0,3,0.26,orientation,size,color,0.38,11.0,2,female,1,2537.0593455999997,0,21
221,3,2,0,0,8,1.8324944999999389,-65.5,2,0.30000000000000004,orientation,size,color,0.38,11.0,2,female,1,2537.0593455999997,1,21
222,3,1,3,0,8,1.3326796999999715,-65.5,20,0.42000000000000004,orientation,size,color,0.38,11.0,2,female,1,2537.0593455999997,1,21
223,3,3,3,1,8,2.5327806999998757,-65.5,20,0.42000000000000004,orientation,size,color,0.38,11.0,2,female,1,2537.0593455999997,1,21
224,3,1,3,0,8,1.3006532999997944,-25.0,13,0.42000000000000004,orientation,size,color,0.38,11.0,2,female,1,2537.0593455999997,0,21
225,3,6,4,0,8,14.533091699999659,47.0,9,0.14,orientation,size,color,0.38,11.0,2,female,1,2537.0593455999997,1,21
226,3,1,1,1,8,5.667302000000291,-11.5,22,0.14,orientation,size,color,0.38,11.0,2,female,1,2537.0593455999997,1,21
227,3,0,2,0,8,4.650014199999987,-7.0,12,0.4600000000000001,orientation,size,color,0.38,11.0,2,female,1,2537.0593455999997,0,21
228,3,2,2,1,8,6.415371699999923,-70.0,5,0.4600000000000001,orientation,size,color,0.38,11.0,2,female,1,2537.0593455999997,1,21
229,3,1,1,1,8,4.866822800000136,-2.5,18,0.30000000000000004,orientation,size,color,0.38,11.0,2,female,1,2537.0593455999997,0,21
230,3,0,0,1,8,1.7170387000001028,-52.0,0,0.18000000000000002,orientation,size,color,0.38,11.0,2,female,1,2537.0593455999997,0,21
231,3,4,4,1,8,4.68464270000004,42.5,11,0.22000000000000003,orientation,size,color,0.38,11.0,2,female,1,2537.0593455999997,0,21
232,3,0,0,1,8,1.9000043999999434,-25.0,5,0.1,orientation,size,color,0.38,11.0,2,female,1,2537.0593455999997,0,21
233,3,6,2,0,8,3.7167132999998103,2.0,1,0.4600000000000001,orientation,size,color,0.38,11.0,2,female,1,2537.0593455999997,0,21
234,3,4,4,1,8,4.300162900000032,60.5,1,0.26,orientation,size,color,0.38,11.0,2,female,1,2537.0593455999997,1,21
235,3,2,0,0,8,2.815703499999927,-29.5,11,0.26,orientation,size,color,0.38,11.0,2,female,1,2537.0593455999997,0,21
236,3,3,2,0,8,1.583236499999657,-88.0,5,0.38,orientation,size,color,0.38,11.0,2,female,1,2537.0593455999997,1,21
237,3,1,1,1,8,1.9171301999999741,-11.5,16,0.3400000000000001,orientation,size,color,0.38,11.0,2,female,1,2537.0593455999997,1,21
238,3,7,7,1,8,5.9667624999997315,11.0,24,0.42000000000000004,orientation,size,color,0.38,11.0,2,female,1,2537.0593455999997,0,21
239,3,5,5,1,8,3.9002543999999943,60.5,19,0.26,orientation,size,color,0.38,11.0,2,female,1,2537.0593455999997,0,21
240,3,5,7,0,8,1.433508300000085,65.0,18,0.42000000000000004,orientation,size,color,0.38,11.0,2,female,1,2537.0593455999997,0,21
241,3,7,3,0,8,1.5337188000003152,6.5,22,0.42000000000000004,orientation,size,color,0.38,11.0,2,female,1,2537.0593455999997,1,21
242,3,5,5,1,8,12.066159099999823,65.0,14,0.22000000000000003,orientation,size,color,0.38,11.0,2,female,1,2537.0593455999997,1,21
243,3,7,5,0,8,2.116589700000077,11.0,20,0.1,orientation,size,color,0.38,11.0,2,female,1,2537.0593455999997,0,21
244,3,3,2,0,8,2.299893699999757,-70.0,12,0.4600000000000001,orientation,size,color,0.38,11.0,2,female,1,2537.0593455999997,1,21
245,3,7,5,0,8,2.7836883999998463,20.0,23,0.30000000000000004,orientation,size,color,0.38,11.0,2,female,1,2537.0593455999997,1,21
246,3,0,0,1,8,3.9992771000001994,-2.5,12,0.26,orientation,size,color,0.38,11.0,2,female,1,2537.0593455999997,1,21
247,3,5,5,1,8,3.4666415000001507,11.0,13,0.18000000000000002,orientation,size,color,0.38,11.0,2,female,1,2537.0593455999997,0,21
248,3,5,5,1,8,3.5511491000002025,78.5,20,0.26,orientation,size,color,0.38,11.0,2,female,1,2537.0593455999997,0,21
249,3,1,3,0,8,2.9009313999999904,-7.0,15,0.4600000000000001,orientation,size,color,0.38,11.0,2,female,1,2537.0593455999997,0,21
250,3,1,1,1,8,6.065978499999801,-65.5,14,0.14,orientation,size,color,0.38,11.0,2,female,1,2537.0593455999997,1,21
251,3,2,2,1,8,3.850378300000102,-83.5,9,0.38,orientation,size,color,0.38,11.0,2,female,1,2537.0593455999997,0,21
252,3,1,1,1,8,2.766589400000157,-61.0,16,0.1,orientation,size,color,0.38,11.0,2,female,1,2537.0593455999997,0,21
253,3,1,1,1,8,2.5998648999998295,-70.0,15,0.22000000000000003,orientation,size,color,0.38,11.0,2,female,1,2537.0593455999997,0,21
254,3,5,5,1,8,4.266593599999851,87.5,23,0.26,orientation,size,color,0.38,11.0,2,female,1,2537.0593455999997,0,21
255,3,5,7,0,8,4.3323145999997905,24.5,22,0.42000000000000004,orientation,size,color,0.38,11.0,2,female,1,2537.0593455999997,0,21
256,3,5,5,1,8,1.8655029000001377,33.5,14,0.22000000000000003,orientation,size,color,0.38,11.0,2,female,1,2537.0593455999997,1,21
257,3,2,2,1,8,6.200280399999883,-83.5,4,0.38,orientation,size,color,0.38,11.0,2,female,1,2537.0593455999997,0,21
258,3,4,4,1,8,8.68396810000013,51.5,2,0.1,orientation,size,color,0.38,11.0,2,female,1,2537.0593455999997,0,21
259,3,3,1,0,8,7.316675600000053,-56.5,18,0.3400000000000001,orientation,size,color,0.38,11.0,2,female,1,2537.0593455999997,0,21
260,3,6,5,0,8,2.7331214000000728,11.0,17,0.14,orientation,size,color,0.38,11.0,2,female,1,2537.0593455999997,1,21
261,3,2,1,0,8,5.716777099999945,-52.0,15,0.22000000000000003,orientation,size,color,0.38,11.0,2,female,1,2537.0593455999997,1,21
262,3,6,0,0,8,2.2830369000002975,6.5,12,0.3400000000000001,orientation,size,color,0.38,11.0,2,female,1,2537.0593455999997,1,21
263,3,3,1,0,8,4.199724300000071,-74.5,13,0.22000000000000003,orientation,size,color,0.38,11.0,2,female,1,2537.0593455999997,1,21
264,3,1,1,1,8,1.5166620999998486,-65.5,21,0.18000000000000002,orientation,size,color,0.38,11.0,2,female,1,2537.0593455999997,1,21
265,3,2,0,0,8,3.2167914000001474,-16.0,12,0.3400000000000001,orientation,size,color,0.38,11.0,2,female,1,2537.0593455999997,0,21
266,3,0,0,1,8,1.5829781000002185,-7.0,8,0.3400000000000001,orientation,size,color,0.38,11.0,2,female,1,2537.0593455999997,1,21
267,3,0,0,1,8,1.4839559000001827,-29.5,12,0.1,orientation,size,color,0.38,11.0,2,female,1,2537.0593455999997,0,21
268,3,4,4,1,8,17.18445070000007,87.5,0,0.1,orientation,size,color,0.38,11.0,2,female,1,2537.0593455999997,0,21
269,3,2,0,0,8,2.4165561999998317,-56.5,2,0.26,orientation,size,color,0.38,11.0,2,female,1,2537.0593455999997,0,21
270,3,1,1,1,8,9.650279800000135,-52.0,15,0.14,orientation,size,color,0.38,11.0,2,female,1,2537.0593455999997,1,21
271,3,3,1,0,8,1.9671196999997846,-83.5,15,0.30000000000000004,orientation,size,color,0.38,11.0,2,female,1,2537.0593455999997,0,21
272,3,3,1,0,8,7.016712199999802,-88.0,16,0.26,orientation,size,color,0.38,11.0,2,female,1,2537.0593455999997,1,21
273,3,2,0,0,8,11.798827300000085,-79.0,7,0.3400000000000001,orientation,size,color,0.38,11.0,2,female,1,2537.0593455999997,1,21
274,3,6,4,0,8,4.034158299999945,56.0,1,0.18000000000000002,orientation,size,color,0.38,11.0,2,female,1,2537.0593455999997,1,21
275,3,3,1,0,8,3.11667849999958,-74.5,23,0.3400000000000001,orientation,size,color,0.38,11.0,2,female,1,2537.0593455999997,1,21
276,3,4,4,1,8,27.0327870000001,56.0,0,0.26,orientation,size,color,0.38,11.0,2,female,1,2537.0593455999997,1,21
277,3,5,7,0,8,3.1838918999997077,42.5,24,0.38,orientation,size,color,0.38,11.0,2,female,1,2537.0593455999997,0,21
278,3,2,0,0,8,4.166300599999886,2.0,6,0.22000000000000003,orientation,size,color,0.38,11.0,2,female,1,2537.0593455999997,1,21
279,3,6,4,0,8,11.882598499999858,38.0,4,0.1,orientation,size,color,0.38,11.0,2,female,1,2537.0593455999997,1,21
280,3,1,1,1,8,3.8662662000001546,-20.5,23,0.26,orientation,size,color,0.38,11.0,2,female,1,2537.0593455999997,1,21
281,3,3,1,0,8,3.951139499999954,-74.5,19,0.14,orientation,size,color,0.38,11.0,2,female,1,2537.0593455999997,0,21
282,3,3,1,0,8,3.533500499999718,-88.0,22,0.3400000000000001,orientation,size,color,0.38,11.0,2,female,1,2537.0593455999997,1,21
283,3,1,1,1,8,1.2001915999999255,-47.5,18,0.30000000000000004,orientation,size,color,0.38,11.0,2,female,1,2537.0593455999997,1,21
284,3,4,6,0,8,2.733516900000268,56.0,7,0.38,orientation,size,color,0.38,11.0,2,female,1,2537.0593455999997,0,21
285,3,6,6,1,8,1.617281400000138,11.0,8,0.42000000000000004,orientation,size,color,0.38,11.0,2,female,1,2537.0593455999997,1,21
286,3,2,0,0,8,2.6848313000000417,-29.5,1,0.3400000000000001,orientation,size,color,0.38,11.0,2,female,1,2537.0593455999997,0,21
287,3,1,1,1,8,4.3667412999998305,-38.5,19,0.1,orientation,size,color,0.38,11.0,2,female,1,2537.0593455999997,1,21
288,3,0,0,1,8,4.184191599999849,-7.0,10,0.30000000000000004,orientation,size,color,0.38,11.0,2,female,1,2537.0593455999997,0,21
289,3,5,7,0,8,8.849703200000022,60.5,23,0.38,orientation,size,color,0.38,11.0,2,female,1,2537.0593455999997,0,21
290,3,1,3,0,8,6.9830911999997625,-74.5,18,0.4600000000000001,orientation,size,color,0.38,11.0,2,female,1,2537.0593455999997,1,21
291,3,5,7,0,8,8.250214799999867,29.0,13,0.4600000000000001,orientation,size,color,0.38,11.0,2,female,1,2537.0593455999997,1,21
292,3,0,0,1,8,12.200425100000302,-25.0,11,0.30000000000000004,orientation,size,color,0.38,11.0,2,female,1,2537.0593455999997,1,21
293,3,7,5,0,8,5.700388799999928,15.5,22,0.14,orientation,size,color,0.38,11.0,2,female,1,2537.0593455999997,0,21
294,3,0,2,0,8,12.365752900000189,-16.0,0,0.4600000000000001,orientation,size,color,0.38,11.0,2,female,1,2537.0593455999997,1,21
295,3,7,5,0,8,7.33350240000027,38.0,17,0.30000000000000004,orientation,size,color,0.38,11.0,2,female,1,2537.0593455999997,1,21
296,3,2,0,0,8,5.750188299999991,-83.5,6,0.18000000000000002,orientation,size,color,0.38,11.0,2,female,1,2537.0593455999997,1,21
297,3,2,2,1,8,2.450860399999783,-70.0,4,0.4600000000000001,orientation,size,color,0.38,11.0,2,female,1,2537.0593455999997,1,21
298,3,1,1,1,8,8.151112499999726,-25.0,21,0.26,orientation,size,color,0.38,11.0,2,female,1,2537.0593455999997,0,21
299,3,1,3,0,8,3.9502315999998245,-47.5,18,0.4600000000000001,orientation,size,color,0.38,11.0,2,female,1,2537.0593455999997,0,21
300,3,4,4,1,8,10.299852600000122,87.5,2,0.26,orientation,size,color,0.38,11.0,2,female,1,2537.0593455999997,1,21
301,3,1,1,1,8,6.033921400000054,-20.5,18,0.18000000000000002,orientation,size,color,0.38,11.0,2,female,1,2537.0593455999997,0,21
302,3,2,2,1,8,4.732817799999793,-11.5,10,0.4600000000000001,orientation,size,color,0.38,11.0,2,female,1,2537.0593455999997,0,21
303,3,1,1,1,8,2.999485100000129,-52.0,17,0.30000000000000004,orientation,size,color,0.38,11.0,2,female,1,2537.0593455999997,0,21
304,3,5,7,0,8,6.300406500000008,29.0,15,0.42000000000000004,orientation,size,color,0.38,11.0,2,female,1,2537.0593455999997,0,21
305,3,0,0,1,8,9.516126100000292,-56.5,9,0.22000000000000003,orientation,size,color,0.38,11.0,2,female,1,2537.0593455999997,1,21
306,3,6,6,1,8,3.1999822000002496,60.5,10,0.4600000000000001,orientation,size,color,0.38,11.0,2,female,1,2537.0593455999997,0,21
307,3,2,2,1,8,2.766497200000231,-70.0,0,0.4600000000000001,orientation,size,color,0.38,11.0,2,female,1,2537.0593455999997,0,21
308,3,6,4,0,8,3.617070799999965,65.0,6,0.14,orientation,size,color,0.38,11.0,2,female,1,2537.0593455999997,0,21
309,3,4,5,0,8,6.849933599999986,83.0,20,0.22000000000000003,orientation,size,color,0.38,11.0,2,female,1,2537.0593455999997,1,21
310,3,1,3,0,8,7.433031399999891,-61.0,14,0.42000000000000004,orientation,size,color,0.38,11.0,2,female,1,2537.0593455999997,1,21
311,3,0,0,1,8,1.4999084999999468,-16.0,12,0.18000000000000002,orientation,size,color,0.38,11.0,2,female,1,2537.0593455999997,1,21
312,3,1,3,0,8,2.317512000000079,-7.0,19,0.38,orientation,size,color,0.38,11.0,2,female,1,2537.0593455999997,0,21
313,3,0,0,1,8,2.9156944999999723,-83.5,2,0.1,orientation,size,color,0.38,11.0,2,female,1,2537.0593455999997,1,21
314,3,2,2,1,8,6.700022900000022,2.0,10,0.42000000000000004,orientation,size,color,0.38,11.0,2,female,1,2537.0593455999997,0,21
315,3,5,5,1,8,10.649657099999786,42.5,15,0.1,orientation,size,color,0.38,11.0,2,female,1,2537.0593455999997,0,21
316,3,1,1,1,8,6.000762300000133,-16.0,23,0.18000000000000002,orientation,size,color,0.38,11.0,2,female,1,2537.0593455999997,0,21
317,3,3,3,1,8,6.21725779999997,-56.5,24,0.42000000000000004,orientation,size,color,0.38,11.0,2,female,1,2537.0593455999997,0,21
318,3,3,3,1,8,2.7340641999999207,-83.5,23,0.38,orientation,size,color,0.38,11.0,2,female,1,2537.0593455999997,0,21
319,3,7,7,1,8,7.699291699999776,24.5,21,0.4600000000000001,orientation,size,color,0.38,11.0,2,female,1,2537.0593455999997,0,21
320,3,5,5,1,8,3.6159100999998373,42.5,22,0.1,orientation,size,color,0.38,11.0,2,female,1,2537.0593455999997,0,21
321,3,1,3,0,8,4.86853659999997,-20.5,22,0.38,orientation,size,color,0.38,11.0,2,female,1,2537.0593455999997,0,21
322,3,1,3,0,8,1.3844263999999384,-2.5,19,0.38,orientation,size,color,0.38,11.0,2,female,1,2537.0593455999997,1,21
323,3,0,0,1,8,1.465610100000049,-34.0,5,0.22000000000000003,orientation,size,color,0.38,11.0,2,female,1,2537.0593455999997,1,21
324,3,2,0,0,8,1.8999927999998363,-25.0,3,0.3400000000000001,orientation,size,color,0.38,11.0,2,female,1,2537.0593455999997,0,21
325,3,7,5,0,8,2.1001522000001387,20.0,19,0.1,orientation,size,color,0.38,11.0,2,female,1,2537.0593455999997,1,21
326,3,3,1,0,8,4.017067199999929,-34.0,18,0.18000000000000002,orientation,size,color,0.38,11.0,2,female,1,2537.0593455999997,1,21
327,3,6,5,0,8,1.317374700000073,51.5,20,0.30000000000000004,orientation,size,color,0.38,11.0,2,female,1,2537.0593455999997,1,21
328,3,7,4,0,8,9.166390800000045,47.0,6,0.14,orientation,size,color,0.38,11.0,2,female,1,2537.0593455999997,1,21
329,3,1,1,1,8,3.0325085000004037,-83.5,21,0.1,orientation,size,color,0.38,11.0,2,female,1,2537.0593455999997,1,21
330,3,1,1,1,8,2.383809900000415,-70.0,17,0.1,orientation,size,color,0.38,11.0,2,female,1,2537.0593455999997,0,21
331,3,6,4,0,8,8.68405709999979,33.5,8,0.26,orientation,size,color,0.38,11.0,2,female,1,2537.0593455999997,0,21
332,3,6,4,0,8,7.584301100000175,69.5,4,0.26,orientation,size,color,0.38,11.0,2,female,1,2537.0593455999997,1,21
333,3,2,2,1,8,18.966476500000226,-16.0,1,0.4600000000000001,orientation,size,color,0.38,11.0,2,female,1,2537.0593455999997,1,21
334,3,4,4,1,8,5.800429599999916,56.0,1,0.14,orientation,size,color,0.38,11.0,2,female,1,2537.0593455999997,0,21
335,3,1,3,0,8,4.932954999999765,-83.5,18,0.42000000000000004,orientation,size,color,0.38,11.0,2,female,1,2537.0593455999997,0,21
336,3,6,4,0,8,9.817644300000211,33.5,9,0.14,orientation,size,color,0.38,11.0,2,female,1,2537.0593455999997,1,21
337,3,5,5,1,8,8.699976000000333,83.0,22,0.14,orientation,size,color,0.38,11.0,2,female,1,2537.0593455999997,1,21
338,3,5,5,1,8,3.5825479000000087,15.5,16,0.18000000000000002,orientation,size,color,0.38,11.0,2,female,1,2537.0593455999997,0,21
339,3,0,0,1,8,2.3345196000000215,-25.0,7,0.18000000000000002,orientation,size,color,0.38,11.0,2,female,1,2537.0593455999997,0,21
340,3,2,0,0,8,3.400585200000023,-65.5,2,0.30000000000000004,orientation,size,color,0.38,11.0,2,female,1,2537.0593455999997,0,21
341,3,3,1,0,8,2.600299900000209,-79.0,18,0.18000000000000002,orientation,size,color,0.38,11.0,2,female,1,2537.0593455999997,1,21
342,3,6,6,1,8,3.4001398000000336,24.5,4,0.42000000000000004,orientation,size,color,0.38,11.0,2,female,1,2537.0593455999997,1,21
343,3,0,0,1,8,3.816895399999794,-47.5,8,0.22000000000000003,orientation,size,color,0.38,11.0,2,female,1,2537.0593455999997,0,21
344,3,6,6,1,8,4.949887199999921,47.0,6,0.4600000000000001,orientation,size,color,0.38,11.0,2,female,1,2537.0593455999997,0,21
345,3,4,4,1,8,1.9172060000000783,87.5,1,0.18000000000000002,orientation,size,color,0.38,11.0,2,female,1,2537.0593455999997,0,21
346,3,2,0,0,8,5.267660599999999,-25.0,9,0.30000000000000004,orientation,size,color,0.38,11.0,2,female,1,2537.0593455999997,0,21
347,3,0,0,1,8,1.3174017000001186,-16.0,9,0.1,orientation,size,color,0.38,11.0,2,female,1,2537.0593455999997,1,21
348,3,1,3,0,8,2.2341984999998203,-16.0,17,0.4600000000000001,orientation,size,color,0.38,11.0,2,female,1,2537.0593455999997,0,21
349,3,5,5,1,8,1.8166699999997036,29.0,17,0.26,orientation,size,color,0.38,11.0,2,female,1,2537.0593455999997,1,21
350,3,1,1,1,8,7.350858900000276,-74.5,14,0.14,orientation,size,color,0.38,11.0,2,female,1,2537.0593455999997,0,21
351,3,1,3,0,8,2.6342319999998836,-7.0,24,0.38,orientation,size,color,0.38,11.0,2,female,1,2537.0593455999997,0,21
352,3,4,6,0,8,10.133595100000093,56.0,8,0.38,orientation,size,color,0.38,11.0,2,female,1,2537.0593455999997,1,21
353,3,0,0,1,8,2.798776000000089,-20.5,10,0.30000000000000004,orientation,size,color,0.38,11.0,2,female,1,2537.0593455999997,1,21
354,3,6,4,0,8,2.501136299999871,24.5,11,0.14,orientation,size,color,0.38,11.0,2,female,1,2537.0593455999997,0,21
355,3,2,2,1,8,1.6325644999997166,-29.5,12,0.42000000000000004,orientation,size,color,0.38,11.0,2,female,1,2537.0593455999997,1,21
356,3,2,0,0,8,6.850654800000029,6.5,9,0.26,orientation,size,color,0.38,11.0,2,female,1,2537.0593455999997,0,21
357,3,7,7,1,8,22.40019489999986,56.0,18,0.42000000000000004,orientation,size,color,0.38,11.0,2,female,1,2537.0593455999997,1,21
358,3,0,0,1,8,1.9329400000001442,-65.5,8,0.14,orientation,size,color,0.38,11.0,2,female,1,2537.0593455999997,0,21
359,3,5,5,1,8,6.367478099999971,83.0,20,0.1,orientation,size,color,0.38,11.0,2,female,1,2537.0593455999997,0,21
360,3,7,7,1,8,3.0995355000000018,11.0,15,0.4600000000000001,orientation,size,color,0.38,11.0,2,female,1,2537.0593455999997,0,21
361,3,6,4,0,8,6.049599200000102,33.5,2,0.26,orientation,size,color,0.38,11.0,2,female,1,2537.0593455999997,0,21
362,3,0,0,1,8,2.75053619999926,-74.5,11,0.30000000000000004,orientation,size,color,0.38,11.0,2,female,1,2537.0593455999997,1,21
363,3,7,7,1,8,2.850088700000015,29.0,15,0.38,orientation,size,color,0.38,11.0,2,female,1,2537.0593455999997,0,21
364,3,6,6,1,8,4.616819599999872,29.0,4,0.4600000000000001,orientation,size,color,0.38,11.0,2,female,1,2537.0593455999997,0,21
365,3,5,5,1,8,4.450998999999683,29.0,20,0.14,orientation,size,color,0.38,11.0,2,female,1,2537.0593455999997,0,21
366,3,0,0,1,8,2.167975000000297,-29.5,7,0.30000000000000004,orientation,size,color,0.38,11.0,2,female,1,2537.0593455999997,0,21
367,3,1,1,1,8,8.083616099999745,-83.5,18,0.1,orientation,size,color,0.38,11.0,2,female,1,2537.0593455999997,0,21
368,3,6,6,1,8,7.666845799999464,69.5,4,0.38,orientation,size,color,0.38,11.0,2,female,1,2537.0593455999997,0,21
369,3,0,0,1,8,4.066403299999365,-25.0,6,0.26,orientation,size,color,0.38,11.0,2,female,1,2537.0593455999997,0,21
370,3,1,1,1,8,7.200274400000126,-74.5,13,0.26,orientation,size,color,0.38,11.0,2,female,1,2537.0593455999997,0,21
371,3,6,6,1,8,3.816296599999987,11.0,12,0.38,orientation,size,color,0.38,11.0,2,female,1,2537.0593455999997,0,21
372,4,3,1,0,8,10.180418400000235,-88.0,13,0.30000000000000004,orientation,size,color,0.38,11.0,2,female,1,2537.0593455999997,0,21
373,4,3,2,0,4,13.768265400000018,20.0,2,0.3400000000000001,orientation,size,color,0.38,11.0,2,female,1,2537.0593455999997,0,21
374,4,1,1,1,2,1.599805799999558,11.0,4,0.14,orientation,size,color,0.38,11.0,2,female,1,2537.0593455999997,0,21
375,4,2,2,1,4,6.201172199999746,38.0,6,0.3400000000000001,orientation,size,color,0.38,11.0,2,female,1,2537.0593455999997,0,21
376,4,0,0,1,2,1.5838886999999886,-7.0,4,0.22000000000000003,orientation,size,color,0.38,11.0,2,female,1,2537.0593455999997,0,21
377,4,2,2,1,4,1.2165439999998853,65.0,7,0.30000000000000004,orientation,size,color,0.38,11.0,2,female,1,2537.0593455999997,0,21
378,4,1,1,1,8,11.033451700000114,-7.0,20,0.18000000000000002,orientation,size,color,0.38,11.0,2,female,1,2537.0593455999997,0,21
379,4,0,0,1,2,0.9167562000002363,-38.5,1,0.38,orientation,size,color,0.38,11.0,2,female,1,2537.0593455999997,0,21
380,4,6,4,0,8,8.000170299999809,65.0,8,0.30000000000000004,orientation,size,color,0.38,11.0,2,female,1,2537.0593455999997,0,21
381,4,5,7,0,8,8.199920199999724,83.0,13,0.38,orientation,size,color,0.38,11.0,2,female,1,2537.0593455999997,0,21
382,4,6,4,0,8,4.3494490999992195,47.0,0,0.3400000000000001,orientation,size,color,0.38,11.0,2,female,1,2537.0593455999997,0,21
383,4,0,0,1,2,1.667420900000252,-34.0,19,0.22000000000000003,orientation,size,color,0.38,11.0,2,female,1,2537.0593455999997,0,21
384,4,1,1,1,2,2.383649299999888,38.0,0,0.14,orientation,size,color,0.38,11.0,2,female,1,2537.0593455999997,0,21
385,4,0,0,1,8,8.532651999999871,-88.0,11,0.18000000000000002,orientation,size,color,0.38,11.0,2,female,1,2537.0593455999997,0,21
386,4,7,5,0,8,9.484521499999573,60.5,21,0.3400000000000001,orientation,size,color,0.38,11.0,2,female,1,2537.0593455999997,0,21
387,4,6,4,0,8,2.3176771999997072,69.5,1,0.26,orientation,size,color,0.38,11.0,2,female,1,2537.0593455999997,0,21
388,4,2,3,0,4,23.96672789999957,51.5,19,0.42000000000000004,orientation,size,color,0.38,11.0,2,female,1,2537.0593455999997,0,21
389,4,1,0,0,4,3.4168902000001253,-29.5,20,0.26,orientation,size,color,0.38,11.0,2,female,1,2537.0593455999997,0,21
390,4,0,0,1,4,1.6998616000000766,-29.5,4,0.1,orientation,size,color,0.38,11.0,2,female,1,2537.0593455999997,0,21
391,4,0,0,1,2,1.1175911999998789,-74.5,0,0.1,orientation,size,color,0.38,11.0,2,female,1,2537.0593455999997,0,21
392,4,0,0,1,4,1.232856499999798,-11.5,19,0.26,orientation,size,color,0.38,11.0,2,female,1,2537.0593455999997,0,21
393,4,0,0,1,2,0.8496973000001162,-38.5,5,0.18000000000000002,orientation,size,color,0.38,11.0,2,female,1,2537.0593455999997,0,21
394,4,1,1,1,2,0.9670802000000549,29.0,10,0.42000000000000004,orientation,size,color,0.38,11.0,2,female,1,2537.0593455999997,0,21
395,4,3,3,1,8,4.751244799999768,-47.5,23,0.42000000000000004,orientation,size,color,0.38,11.0,2,female,1,2537.0593455999997,0,21
396,4,5,1,0,8,4.466571200000544,2.0,18,0.14,orientation,size,color,0.38,11.0,2,female,1,2537.0593455999997,0,21
397,4,1,0,0,2,0.9840260000000853,6.5,18,0.4600000000000001,orientation,size,color,0.38,11.0,2,female,1,2537.0593455999997,0,21
398,4,1,0,0,4,1.2169458999997005,-52.0,19,0.1,orientation,size,color,0.38,11.0,2,female,1,2537.0593455999997,0,21
399,4,2,3,0,4,0.816683699999885,83.0,14,0.38,orientation,size,color,0.38,11.0,2,female,1,2537.0593455999997,0,21
400,4,0,0,1,2,0.9336503999993511,-79.0,16,0.42000000000000004,orientation,size,color,0.38,11.0,2,female,1,2537.0593455999997,0,21
401,4,1,0,0,4,1.7003367999996044,-65.5,24,0.26,orientation,size,color,0.38,11.0,2,female,1,2537.0593455999997,0,21
402,4,1,1,1,4,0.8001244999995833,-65.5,7,0.38,orientation,size,color,0.38,11.0,2,female,1,2537.0593455999997,0,21
403,4,5,5,1,8,2.433973299999707,29.0,19,0.26,orientation,size,color,0.38,11.0,2,female,1,2537.0593455999997,0,21
404,4,1,3,0,8,2.3838232000007338,-52.0,16,0.38,orientation,size,color,0.38,11.0,2,female,1,2537.0593455999997,0,21
405,4,6,6,1,8,3.049917999999707,56.0,7,0.38,orientation,size,color,0.38,11.0,2,female,1,2537.0593455999997,0,21
406,4,0,1,0,4,1.8175834000003306,-38.5,10,0.42000000000000004,orientation,size,color,0.38,11.0,2,female,1,2537.0593455999997,0,21
407,4,0,1,0,4,0.9334988000000521,-25.0,14,0.4600000000000001,orientation,size,color,0.38,11.0,2,female,1,2537.0593455999997,0,21
408,4,1,1,1,2,1.0007290000003195,11.0,18,0.4600000000000001,orientation,size,color,0.38,11.0,2,female,1,2537.0593455999997,0,21
409,4,1,1,1,2,0.6827673000007053,38.0,24,0.38,orientation,size,color,0.38,11.0,2,female,1,2537.0593455999997,0,21
410,4,1,0,0,2,0.5330267999997886,6.5,7,0.38,orientation,size,color,0.38,11.0,2,female,1,2537.0593455999997,0,21
411,4,1,0,0,4,1.0006247999999687,-20.5,17,0.14,orientation,size,color,0.38,11.0,2,female,1,2537.0593455999997,0,21
412,4,1,1,1,2,2.1337587999996686,87.5,24,0.26,orientation,size,color,0.38,11.0,2,female,1,2537.0593455999997,0,21
413,4,0,0,1,2,0.8836203000000751,-70.0,24,0.4600000000000001,orientation,size,color,0.38,11.0,2,female,1,2537.0593455999997,0,21
414,4,1,3,0,8,2.1666948000001867,-34.0,24,0.4600000000000001,orientation,size,color,0.38,11.0,2,female,1,2537.0593455999997,0,21
415,4,1,1,1,8,2.2841066000000865,-88.0,15,0.26,orientation,size,color,0.38,11.0,2,female,1,2537.0593455999997,0,21
416,4,0,0,1,2,0.7836940999995932,-2.5,8,0.4600000000000001,orientation,size,color,0.38,11.0,2,female,1,2537.0593455999997,0,21
417,4,2,2,1,4,1.184747299999799,20.0,1,0.22000000000000003,orientation,size,color,0.38,11.0,2,female,1,2537.0593455999997,0,21
418,4,2,3,0,4,0.9006029000001945,87.5,22,0.4600000000000001,orientation,size,color,0.38,11.0,2,female,1,2537.0593455999997,0,21
419,4,7,3,0,8,3.0667881999997917,6.5,21,0.4600000000000001,orientation,size,color,0.38,11.0,2,female,1,2537.0593455999997,0,21
420,4,1,0,0,4,1.2164599000007001,-43.0,1,0.26,orientation,size,color,0.38,11.0,2,female,1,2537.0593455999997,0,21
421,4,1,1,1,4,0.7842113000006066,-7.0,21,0.4600000000000001,orientation,size,color,0.38,11.0,2,female,1,2537.0593455999997,0,21
422,4,6,6,1,8,3.4336143000000448,74.0,8,0.38,orientation,size,color,0.38,11.0,2,female,1,2537.0593455999997,0,21
423,4,4,4,1,8,8.867417399999795,87.5,4,0.26,orientation,size,color,0.38,11.0,2,female,1,2537.0593455999997,0,21
424,4,0,1,0,4,1.3674967999995715,-34.0,9,0.42000000000000004,orientation,size,color,0.38,11.0,2,female,1,2537.0593455999997,0,21
425,4,1,1,1,2,0.9831945999994787,56.0,17,0.1,orientation,size,color,0.38,11.0,2,female,1,2537.0593455999997,0,21
426,4,1,1,1,2,0.5500591999998505,83.0,15,0.1,orientation,size,color,0.38,11.0,2,female,1,2537.0593455999997,0,21
427,4,1,1,1,4,1.0340679000000819,-70.0,24,0.38,orientation,size,color,0.38,11.0,2,female,1,2537.0593455999997,0,21
428,4,1,1,1,2,0.7843518999998196,78.5,23,0.18000000000000002,orientation,size,color,0.38,11.0,2,female,1,2537.0593455999997,0,21
429,4,7,7,1,8,4.8504635999997845,20.0,17,0.4600000000000001,orientation,size,color,0.38,11.0,2,female,1,2537.0593455999997,0,21
430,4,0,0,1,2,0.9002528999999413,-25.0,16,0.1,orientation,size,color,0.38,11.0,2,female,1,2537.0593455999997,0,21
431,4,0,0,1,8,2.565813100000014,-88.0,4,0.14,orientation,size,color,0.38,11.0,2,female,1,2537.0593455999997,0,21
432,-9999.0,-9999.0,-9999.0,-9999.0,-9999.0,-9999.0,-9999.0,-9999.0,-9999.0,orientation,size,color,0.38,11.0,2,female,1,2537.0593455999997,0,21
433,-9999.0,-9999.0,-9999.0,-9999.0,-9999.0,-9999.0,-9999.0,-9999.0,-9999.0,orientation,size,color,0.38,11.0,2,female,1,2537.0593455999997,0,21
434,-9999.0,-9999.0,-9999.0,-9999.0,-9999.0,-9999.0,-9999.0,-9999.0,-9999.0,orientation,size,color,0.38,11.0,2,female,1,2537.0593455999997,0,21
435,-9999.0,-9999.0,-9999.0,-9999.0,-9999.0,-9999.0,-9999.0,-9999.0,-9999.0,orientation,size,color,0.38,11.0,2,female,1,2537.0593455999997,0,21
436,-9999.0,-9999.0,-9999.0,-9999.0,-9999.0,-9999.0,-9999.0,-9999.0,-9999.0,orientation,size,color,0.38,11.0,2,female,1,2537.0593455999997,0,21
437,-9999.0,-9999.0,-9999.0,-9999.0,-9999.0,-9999.0,-9999.0,-9999.0,-9999.0,orientation,size,color,0.38,11.0,2,female,1,2537.0593455999997,0,21
438,-9999.0,-9999.0,-9999.0,-9999.0,-9999.0,-9999.0,-9999.0,-9999.0,-9999.0,orientation,size,color,0.38,11.0,2,female,1,2537.0593455999997,0,21
439,-9999.0,-9999.0,-9999.0,-9999.0,-9999.0,-9999.0,-9999.0,-9999.0,-9999.0,orientation,size,color,0.38,11.0,2,female,1,2537.0593455999997,0,21
440,-9999.0,-9999.0,-9999.0,-9999.0,-9999.0,-9999.0,-9999.0,-9999.0,-9999.0,orientation,size,color,0.38,11.0,2,female,1,2537.0593455999997,0,21
441,-9999.0,-9999.0,-9999.0,-9999.0,-9999.0,-9999.0,-9999.0,-9999.0,-9999.0,orientation,size,color,0.38,11.0,2,female,1,2537.0593455999997,0,21
442,-9999.0,-9999.0,-9999.0,-9999.0,-9999.0,-9999.0,-9999.0,-9999.0,-9999.0,orientation,size,color,0.38,11.0,2,female,1,2537.0593455999997,0,21
443,-9999.0,-9999.0,-9999.0,-9999.0,-9999.0,-9999.0,-9999.0,-9999.0,-9999.0,orientation,size,color,0.38,11.0,2,female,1,2537.0593455999997,0,21
444,-9999.0,-9999.0,-9999.0,-9999.0,-9999.0,-9999.0,-9999.0,-9999.0,-9999.0,orientation,size,color,0.38,11.0,2,female,1,2537.0593455999997,0,21
445,-9999.0,-9999.0,-9999.0,-9999.0,-9999.0,-9999.0,-9999.0,-9999.0,-9999.0,orientation,size,color,0.38,11.0,2,female,1,2537.0593455999997,0,21
446,-9999.0,-9999.0,-9999.0,-9999.0,-9999.0,-9999.0,-9999.0,-9999.0,-9999.0,orientation,size,color,0.38,11.0,2,female,1,2537.0593455999997,0,21
447,-9999.0,-9999.0,-9999.0,-9999.0,-9999.0,-9999.0,-9999.0,-9999.0,-9999.0,orientation,size,color,0.38,11.0,2,female,1,2537.0593455999997,0,21
448,-9999.0,-9999.0,-9999.0,-9999.0,-9999.0,-9999.0,-9999.0,-9999.0,-9999.0,orientation,size,color,0.38,11.0,2,female,1,2537.0593455999997,0,21
449,-9999.0,-9999.0,-9999.0,-9999.0,-9999.0,-9999.0,-9999.0,-9999.0,-9999.0,orientation,size,color,0.38,11.0,2,female,1,2537.0593455999997,0,21
450,-9999.0,-9999.0,-9999.0,-9999.0,-9999.0,-9999.0,-9999.0,-9999.0,-9999.0,orientation,size,color,0.38,11.0,2,female,1,2537.0593455999997,0,21
451,-9999.0,-9999.0,-9999.0,-9999.0,-9999.0,-9999.0,-9999.0,-9999.0,-9999.0,orientation,size,color,0.38,11.0,2,female,1,2537.0593455999997,0,21
452,-9999.0,-9999.0,-9999.0,-9999.0,-9999.0,-9999.0,-9999.0,-9999.0,-9999.0,orientation,size,color,0.38,11.0,2,female,1,2537.0593455999997,0,21
453,-9999.0,-9999.0,-9999.0,-9999.0,-9999.0,-9999.0,-9999.0,-9999.0,-9999.0,orientation,size,color,0.38,11.0,2,female,1,2537.0593455999997,0,21
454,-9999.0,-9999.0,-9999.0,-9999.0,-9999.0,-9999.0,-9999.0,-9999.0,-9999.0,orientation,size,color,0.38,11.0,2,female,1,2537.0593455999997,0,21
455,-9999.0,-9999.0,-9999.0,-9999.0,-9999.0,-9999.0,-9999.0,-9999.0,-9999.0,orientation,size,color,0.38,11.0,2,female,1,2537.0593455999997,0,21
456,-9999.0,-9999.0,-9999.0,-9999.0,-9999.0,-9999.0,-9999.0,-9999.0,-9999.0,orientation,size,color,0.38,11.0,2,female,1,2537.0593455999997,0,21
457,-9999.0,-9999.0,-9999.0,-9999.0,-9999.0,-9999.0,-9999.0,-9999.0,-9999.0,orientation,size,color,0.38,11.0,2,female,1,2537.0593455999997,0,21
458,-9999.0,-9999.0,-9999.0,-9999.0,-9999.0,-9999.0,-9999.0,-9999.0,-9999.0,orientation,size,color,0.38,11.0,2,female,1,2537.0593455999997,0,21
459,-9999.0,-9999.0,-9999.0,-9999.0,-9999.0,-9999.0,-9999.0,-9999.0,-9999.0,orientation,size,color,0.38,11.0,2,female,1,2537.0593455999997,0,21
460,-9999.0,-9999.0,-9999.0,-9999.0,-9999.0,-9999.0,-9999.0,-9999.0,-9999.0,orientation,size,color,0.38,11.0,2,female,1,2537.0593455999997,0,21
461,-9999.0,-9999.0,-9999.0,-9999.0,-9999.0,-9999.0,-9999.0,-9999.0,-9999.0,orientation,size,color,0.38,11.0,2,female,1,2537.0593455999997,0,21
462,-9999.0,-9999.0,-9999.0,-9999.0,-9999.0,-9999.0,-9999.0,-9999.0,-9999.0,orientation,size,color,0.38,11.0,2,female,1,2537.0593455999997,0,21
463,-9999.0,-9999.0,-9999.0,-9999.0,-9999.0,-9999.0,-9999.0,-9999.0,-9999.0,orientation,size,color,0.38,11.0,2,female,1,2537.0593455999997,0,21
464,-9999.0,-9999.0,-9999.0,-9999.0,-9999.0,-9999.0,-9999.0,-9999.0,-9999.0,orientation,size,color,0.38,11.0,2,female,1,2537.0593455999997,0,21
465,-9999.0,-9999.0,-9999.0,-9999.0,-9999.0,-9999.0,-9999.0,-9999.0,-9999.0,orientation,size,color,0.38,11.0,2,female,1,2537.0593455999997,0,21
466,-9999.0,-9999.0,-9999.0,-9999.0,-9999.0,-9999.0,-9999.0,-9999.0,-9999.0,orientation,size,color,0.38,11.0,2,female,1,2537.0593455999997,0,21
467,-9999.0,-9999.0,-9999.0,-9999.0,-9999.0,-9999.0,-9999.0,-9999.0,-9999.0,orientation,size,color,0.38,11.0,2,female,1,2537.0593455999997,0,21
468,-9999.0,-9999.0,-9999.0,-9999.0,-9999.0,-9999.0,-9999.0,-9999.0,-9999.0,orientation,size,color,0.38,11.0,2,female,1,2537.0593455999997,0,21
469,-9999.0,-9999.0,-9999.0,-9999.0,-9999.0,-9999.0,-9999.0,-9999.0,-9999.0,orientation,size,color,0.38,11.0,2,female,1,2537.0593455999997,0,21
470,-9999.0,-9999.0,-9999.0,-9999.0,-9999.0,-9999.0,-9999.0,-9999.0,-9999.0,orientation,size,color,0.38,11.0,2,female,1,2537.0593455999997,0,21
471,-9999.0,-9999.0,-9999.0,-9999.0,-9999.0,-9999.0,-9999.0,-9999.0,-9999.0,orientation,size,color,0.38,11.0,2,female,1,2537.0593455999997,0,21
472,-9999.0,-9999.0,-9999.0,-9999.0,-9999.0,-9999.0,-9999.0,-9999.0,-9999.0,orientation,size,color,0.38,11.0,2,female,1,2537.0593455999997,0,21
473,-9999.0,-9999.0,-9999.0,-9999.0,-9999.0,-9999.0,-9999.0,-9999.0,-9999.0,orientation,size,color,0.38,11.0,2,female,1,2537.0593455999997,0,21
474,-9999.0,-9999.0,-9999.0,-9999.0,-9999.0,-9999.0,-9999.0,-9999.0,-9999.0,orientation,size,color,0.38,11.0,2,female,1,2537.0593455999997,0,21
475,-9999.0,-9999.0,-9999.0,-9999.0,-9999.0,-9999.0,-9999.0,-9999.0,-9999.0,orientation,size,color,0.38,11.0,2,female,1,2537.0593455999997,0,21
476,-9999.0,-9999.0,-9999.0,-9999.0,-9999.0,-9999.0,-9999.0,-9999.0,-9999.0,orientation,size,color,0.38,11.0,2,female,1,2537.0593455999997,0,21
477,-9999.0,-9999.0,-9999.0,-9999.0,-9999.0,-9999.0,-9999.0,-9999.0,-9999.0,orientation,size,color,0.38,11.0,2,female,1,2537.0593455999997,0,21
478,-9999.0,-9999.0,-9999.0,-9999.0,-9999.0,-9999.0,-9999.0,-9999.0,-9999.0,orientation,size,color,0.38,11.0,2,female,1,2537.0593455999997,0,21
479,-9999.0,-9999.0,-9999.0,-9999.0,-9999.0,-9999.0,-9999.0,-9999.0,-9999.0,orientation,size,color,0.38,11.0,2,female,1,2537.0593455999997,0,21
480,-9999.0,-9999.0,-9999.0,-9999.0,-9999.0,-9999.0,-9999.0,-9999.0,-9999.0,orientation,size,color,0.38,11.0,2,female,1,2537.0593455999997,0,21
481,-9999.0,-9999.0,-9999.0,-9999.0,-9999.0,-9999.0,-9999.0,-9999.0,-9999.0,orientation,size,color,0.38,11.0,2,female,1,2537.0593455999997,0,21
482,-9999.0,-9999.0,-9999.0,-9999.0,-9999.0,-9999.0,-9999.0,-9999.0,-9999.0,orientation,size,color,0.38,11.0,2,female,1,2537.0593455999997,0,21
483,-9999.0,-9999.0,-9999.0,-9999.0,-9999.0,-9999.0,-9999.0,-9999.0,-9999.0,orientation,size,color,0.38,11.0,2,female,1,2537.0593455999997,0,21
484,-9999.0,-9999.0,-9999.0,-9999.0,-9999.0,-9999.0,-9999.0,-9999.0,-9999.0,orientation,size,color,0.38,11.0,2,female,1,2537.0593455999997,0,21
485,-9999.0,-9999.0,-9999.0,-9999.0,-9999.0,-9999.0,-9999.0,-9999.0,-9999.0,orientation,size,color,0.38,11.0,2,female,1,2537.0593455999997,0,21
486,-9999.0,-9999.0,-9999.0,-9999.0,-9999.0,-9999.0,-9999.0,-9999.0,-9999.0,orientation,size,color,0.38,11.0,2,female,1,2537.0593455999997,0,21
487,-9999.0,-9999.0,-9999.0,-9999.0,-9999.0,-9999.0,-9999.0,-9999.0,-9999.0,orientation,size,color,0.38,11.0,2,female,1,2537.0593455999997,0,21
488,-9999.0,-9999.0,-9999.0,-9999.0,-9999.0,-9999.0,-9999.0,-9999.0,-9999.0,orientation,size,color,0.38,11.0,2,female,1,2537.0593455999997,0,21
489,-9999.0,-9999.0,-9999.0,-9999.0,-9999.0,-9999.0,-9999.0,-9999.0,-9999.0,orientation,size,color,0.38,11.0,2,female,1,2537.0593455999997,0,21
490,-9999.0,-9999.0,-9999.0,-9999.0,-9999.0,-9999.0,-9999.0,-9999.0,-9999.0,orientation,size,color,0.38,11.0,2,female,1,2537.0593455999997,0,21
491,-9999.0,-9999.0,-9999.0,-9999.0,-9999.0,-9999.0,-9999.0,-9999.0,-9999.0,orientation,size,color,0.38,11.0,2,female,1,2537.0593455999997,0,21
492,-9999.0,-9999.0,-9999.0,-9999.0,-9999.0,-9999.0,-9999.0,-9999.0,-9999.0,orientation,size,color,0.38,11.0,2,female,1,2537.0593455999997,0,21
493,-9999.0,-9999.0,-9999.0,-9999.0,-9999.0,-9999.0,-9999.0,-9999.0,-9999.0,orientation,size,color,0.38,11.0,2,female,1,2537.0593455999997,0,21
494,-9999.0,-9999.0,-9999.0,-9999.0,-9999.0,-9999.0,-9999.0,-9999.0,-9999.0,orientation,size,color,0.38,11.0,2,female,1,2537.0593455999997,0,21
495,-9999.0,-9999.0,-9999.0,-9999.0,-9999.0,-9999.0,-9999.0,-9999.0,-9999.0,orientation,size,color,0.38,11.0,2,female,1,2537.0593455999997,0,21
496,-9999.0,-9999.0,-9999.0,-9999.0,-9999.0,-9999.0,-9999.0,-9999.0,-9999.0,orientation,size,color,0.38,11.0,2,female,1,2537.0593455999997,0,21
497,-9999.0,-9999.0,-9999.0,-9999.0,-9999.0,-9999.0,-9999.0,-9999.0,-9999.0,orientation,size,color,0.38,11.0,2,female,1,2537.0593455999997,0,21
498,-9999.0,-9999.0,-9999.0,-9999.0,-9999.0,-9999.0,-9999.0,-9999.0,-9999.0,orientation,size,color,0.38,11.0,2,female,1,2537.0593455999997,0,21
499,-9999.0,-9999.0,-9999.0,-9999.0,-9999.0,-9999.0,-9999.0,-9999.0,-9999.0,orientation,size,color,0.38,11.0,2,female,1,2537.0593455999997,0,21
500,-9999.0,-9999.0,-9999.0,-9999.0,-9999.0,-9999.0,-9999.0,-9999.0,-9999.0,orientation,size,color,0.38,11.0,2,female,1,2537.0593455999997,0,21
501,-9999.0,-9999.0,-9999.0,-9999.0,-9999.0,-9999.0,-9999.0,-9999.0,-9999.0,orientation,size,color,0.38,11.0,2,female,1,2537.0593455999997,0,21
502,-9999.0,-9999.0,-9999.0,-9999.0,-9999.0,-9999.0,-9999.0,-9999.0,-9999.0,orientation,size,color,0.38,11.0,2,female,1,2537.0593455999997,0,21
503,-9999.0,-9999.0,-9999.0,-9999.0,-9999.0,-9999.0,-9999.0,-9999.0,-9999.0,orientation,size,color,0.38,11.0,2,female,1,2537.0593455999997,0,21
504,-9999.0,-9999.0,-9999.0,-9999.0,-9999.0,-9999.0,-9999.0,-9999.0,-9999.0,orientation,size,color,0.38,11.0,2,female,1,2537.0593455999997,0,21
505,-9999.0,-9999.0,-9999.0,-9999.0,-9999.0,-9999.0,-9999.0,-9999.0,-9999.0,orientation,size,color,0.38,11.0,2,female,1,2537.0593455999997,0,21
506,-9999.0,-9999.0,-9999.0,-9999.0,-9999.0,-9999.0,-9999.0,-9999.0,-9999.0,orientation,size,color,0.38,11.0,2,female,1,2537.0593455999997,0,21
507,-9999.0,-9999.0,-9999.0,-9999.0,-9999.0,-9999.0,-9999.0,-9999.0,-9999.0,orientation,size,color,0.38,11.0,2,female,1,2537.0593455999997,0,21
508,-9999.0,-9999.0,-9999.0,-9999.0,-9999.0,-9999.0,-9999.0,-9999.0,-9999.0,orientation,size,color,0.38,11.0,2,female,1,2537.0593455999997,0,21
509,-9999.0,-9999.0,-9999.0,-9999.0,-9999.0,-9999.0,-9999.0,-9999.0,-9999.0,orientation,size,color,0.38,11.0,2,female,1,2537.0593455999997,0,21
510,-9999.0,-9999.0,-9999.0,-9999.0,-9999.0,-9999.0,-9999.0,-9999.0,-9999.0,orientation,size,color,0.38,11.0,2,female,1,2537.0593455999997,0,21
511,-9999.0,-9999.0,-9999.0,-9999.0,-9999.0,-9999.0,-9999.0,-9999.0,-9999.0,orientation,size,color,0.38,11.0,2,female,1,2537.0593455999997,0,21
512,-9999.0,-9999.0,-9999.0,-9999.0,-9999.0,-9999.0,-9999.0,-9999.0,-9999.0,orientation,size,color,0.38,11.0,2,female,1,2537.0593455999997,0,21
513,-9999.0,-9999.0,-9999.0,-9999.0,-9999.0,-9999.0,-9999.0,-9999.0,-9999.0,orientation,size,color,0.38,11.0,2,female,1,2537.0593455999997,0,21
514,-9999.0,-9999.0,-9999.0,-9999.0,-9999.0,-9999.0,-9999.0,-9999.0,-9999.0,orientation,size,color,0.38,11.0,2,female,1,2537.0593455999997,0,21
515,-9999.0,-9999.0,-9999.0,-9999.0,-9999.0,-9999.0,-9999.0,-9999.0,-9999.0,orientation,size,color,0.38,11.0,2,female,1,2537.0593455999997,0,21
516,-9999.0,-9999.0,-9999.0,-9999.0,-9999.0,-9999.0,-9999.0,-9999.0,-9999.0,orientation,size,color,0.38,11.0,2,female,1,2537.0593455999997,0,21
517,-9999.0,-9999.0,-9999.0,-9999.0,-9999.0,-9999.0,-9999.0,-9999.0,-9999.0,orientation,size,color,0.38,11.0,2,female,1,2537.0593455999997,0,21
518,-9999.0,-9999.0,-9999.0,-9999.0,-9999.0,-9999.0,-9999.0,-9999.0,-9999.0,orientation,size,color,0.38,11.0,2,female,1,2537.0593455999997,0,21
519,-9999.0,-9999.0,-9999.0,-9999.0,-9999.0,-9999.0,-9999.0,-9999.0,-9999.0,orientation,size,color,0.38,11.0,2,female,1,2537.0593455999997,0,21
520,-9999.0,-9999.0,-9999.0,-9999.0,-9999.0,-9999.0,-9999.0,-9999.0,-9999.0,orientation,size,color,0.38,11.0,2,female,1,2537.0593455999997,0,21
521,-9999.0,-9999.0,-9999.0,-9999.0,-9999.0,-9999.0,-9999.0,-9999.0,-9999.0,orientation,size,color,0.38,11.0,2,female,1,2537.0593455999997,0,21
522,-9999.0,-9999.0,-9999.0,-9999.0,-9999.0,-9999.0,-9999.0,-9999.0,-9999.0,orientation,size,color,0.38,11.0,2,female,1,2537.0593455999997,0,21
523,-9999.0,-9999.0,-9999.0,-9999.0,-9999.0,-9999.0,-9999.0,-9999.0,-9999.0,orientation,size,color,0.38,11.0,2,female,1,2537.0593455999997,0,21
524,-9999.0,-9999.0,-9999.0,-9999.0,-9999.0,-9999.0,-9999.0,-9999.0,-9999.0,orientation,size,color,0.38,11.0,2,female,1,2537.0593455999997,0,21
525,-9999.0,-9999.0,-9999.0,-9999.0,-9999.0,-9999.0,-9999.0,-9999.0,-9999.0,orientation,size,color,0.38,11.0,2,female,1,2537.0593455999997,0,21
526,-9999.0,-9999.0,-9999.0,-9999.0,-9999.0,-9999.0,-9999.0,-9999.0,-9999.0,orientation,size,color,0.38,11.0,2,female,1,2537.0593455999997,0,21
527,-9999.0,-9999.0,-9999.0,-9999.0,-9999.0,-9999.0,-9999.0,-9999.0,-9999.0,orientation,size,color,0.38,11.0,2,female,1,2537.0593455999997,0,21
528,-9999.0,-9999.0,-9999.0,-9999.0,-9999.0,-9999.0,-9999.0,-9999.0,-9999.0,orientation,size,color,0.38,11.0,2,female,1,2537.0593455999997,0,21
529,-9999.0,-9999.0,-9999.0,-9999.0,-9999.0,-9999.0,-9999.0,-9999.0,-9999.0,orientation,size,color,0.38,11.0,2,female,1,2537.0593455999997,0,21
530,-9999.0,-9999.0,-9999.0,-9999.0,-9999.0,-9999.0,-9999.0,-9999.0,-9999.0,orientation,size,color,0.38,11.0,2,female,1,2537.0593455999997,0,21
531,-9999.0,-9999.0,-9999.0,-9999.0,-9999.0,-9999.0,-9999.0,-9999.0,-9999.0,orientation,size,color,0.38,11.0,2,female,1,2537.0593455999997,0,21
532,-9999.0,-9999.0,-9999.0,-9999.0,-9999.0,-9999.0,-9999.0,-9999.0,-9999.0,orientation,size,color,0.38,11.0,2,female,1,2537.0593455999997,0,21
533,-9999.0,-9999.0,-9999.0,-9999.0,-9999.0,-9999.0,-9999.0,-9999.0,-9999.0,orientation,size,color,0.38,11.0,2,female,1,2537.0593455999997,0,21
534,-9999.0,-9999.0,-9999.0,-9999.0,-9999.0,-9999.0,-9999.0,-9999.0,-9999.0,orientation,size,color,0.38,11.0,2,female,1,2537.0593455999997,0,21
535,-9999.0,-9999.0,-9999.0,-9999.0,-9999.0,-9999.0,-9999.0,-9999.0,-9999.0,orientation,size,color,0.38,11.0,2,female,1,2537.0593455999997,0,21
536,-9999.0,-9999.0,-9999.0,-9999.0,-9999.0,-9999.0,-9999.0,-9999.0,-9999.0,orientation,size,color,0.38,11.0,2,female,1,2537.0593455999997,0,21
537,-9999.0,-9999.0,-9999.0,-9999.0,-9999.0,-9999.0,-9999.0,-9999.0,-9999.0,orientation,size,color,0.38,11.0,2,female,1,2537.0593455999997,0,21
538,-9999.0,-9999.0,-9999.0,-9999.0,-9999.0,-9999.0,-9999.0,-9999.0,-9999.0,orientation,size,color,0.38,11.0,2,female,1,2537.0593455999997,0,21
539,-9999.0,-9999.0,-9999.0,-9999.0,-9999.0,-9999.0,-9999.0,-9999.0,-9999.0,orientation,size,color,0.38,11.0,2,female,1,2537.0593455999997,0,21
540,-9999.0,-9999.0,-9999.0,-9999.0,-9999.0,-9999.0,-9999.0,-9999.0,-9999.0,orientation,size,color,0.38,11.0,2,female,1,2537.0593455999997,0,21
541,-9999.0,-9999.0,-9999.0,-9999.0,-9999.0,-9999.0,-9999.0,-9999.0,-9999.0,orientation,size,color,0.38,11.0,2,female,1,2537.0593455999997,0,21
542,-9999.0,-9999.0,-9999.0,-9999.0,-9999.0,-9999.0,-9999.0,-9999.0,-9999.0,orientation,size,color,0.38,11.0,2,female,1,2537.0593455999997,0,21
543,-9999.0,-9999.0,-9999.0,-9999.0,-9999.0,-9999.0,-9999.0,-9999.0,-9999.0,orientation,size,color,0.38,11.0,2,female,1,2537.0593455999997,0,21
544,-9999.0,-9999.0,-9999.0,-9999.0,-9999.0,-9999.0,-9999.0,-9999.0,-9999.0,orientation,size,color,0.38,11.0,2,female,1,2537.0593455999997,0,21
545,-9999.0,-9999.0,-9999.0,-9999.0,-9999.0,-9999.0,-9999.0,-9999.0,-9999.0,orientation,size,color,0.38,11.0,2,female,1,2537.0593455999997,0,21
546,-9999.0,-9999.0,-9999.0,-9999.0,-9999.0,-9999.0,-9999.0,-9999.0,-9999.0,orientation,size,color,0.38,11.0,2,female,1,2537.0593455999997,0,21
547,-9999.0,-9999.0,-9999.0,-9999.0,-9999.0,-9999.0,-9999.0,-9999.0,-9999.0,orientation,size,color,0.38,11.0,2,female,1,2537.0593455999997,0,21
548,-9999.0,-9999.0,-9999.0,-9999.0,-9999.0,-9999.0,-9999.0,-9999.0,-9999.0,orientation,size,color,0.38,11.0,2,female,1,2537.0593455999997,0,21
549,-9999.0,-9999.0,-9999.0,-9999.0,-9999.0,-9999.0,-9999.0,-9999.0,-9999.0,orientation,size,color,0.38,11.0,2,female,1,2537.0593455999997,0,21
550,-9999.0,-9999.0,-9999.0,-9999.0,-9999.0,-9999.0,-9999.0,-9999.0,-9999.0,orientation,size,color,0.38,11.0,2,female,1,2537.0593455999997,0,21
551,-9999.0,-9999.0,-9999.0,-9999.0,-9999.0,-9999.0,-9999.0,-9999.0,-9999.0,orientation,size,color,0.38,11.0,2,female,1,2537.0593455999997,0,21
552,-9999.0,-9999.0,-9999.0,-9999.0,-9999.0,-9999.0,-9999.0,-9999.0,-9999.0,orientation,size,color,0.38,11.0,2,female,1,2537.0593455999997,0,21
553,-9999.0,-9999.0,-9999.0,-9999.0,-9999.0,-9999.0,-9999.0,-9999.0,-9999.0,orientation,size,color,0.38,11.0,2,female,1,2537.0593455999997,0,21
554,-9999.0,-9999.0,-9999.0,-9999.0,-9999.0,-9999.0,-9999.0,-9999.0,-9999.0,orientation,size,color,0.38,11.0,2,female,1,2537.0593455999997,0,21
555,-9999.0,-9999.0,-9999.0,-9999.0,-9999.0,-9999.0,-9999.0,-9999.0,-9999.0,orientation,size,color,0.38,11.0,2,female,1,2537.0593455999997,0,21
556,-9999.0,-9999.0,-9999.0,-9999.0,-9999.0,-9999.0,-9999.0,-9999.0,-9999.0,orientation,size,color,0.38,11.0,2,female,1,2537.0593455999997,0,21
557,-9999.0,-9999.0,-9999.0,-9999.0,-9999.0,-9999.0,-9999.0,-9999.0,-9999.0,orientation,size,color,0.38,11.0,2,female,1,2537.0593455999997,0,21
558,-9999.0,-9999.0,-9999.0,-9999.0,-9999.0,-9999.0,-9999.0,-9999.0,-9999.0,orientation,size,color,0.38,11.0,2,female,1,2537.0593455999997,0,21
559,-9999.0,-9999.0,-9999.0,-9999.0,-9999.0,-9999.0,-9999.0,-9999.0,-9999.0,orientation,size,color,0.38,11.0,2,female,1,2537.0593455999997,0,21
560,-9999.0,-9999.0,-9999.0,-9999.0,-9999.0,-9999.0,-9999.0,-9999.0,-9999.0,orientation,size,color,0.38,11.0,2,female,1,2537.0593455999997,0,21
561,-9999.0,-9999.0,-9999.0,-9999.0,-9999.0,-9999.0,-9999.0,-9999.0,-9999.0,orientation,size,color,0.38,11.0,2,female,1,2537.0593455999997,0,21
562,-9999.0,-9999.0,-9999.0,-9999.0,-9999.0,-9999.0,-9999.0,-9999.0,-9999.0,orientation,size,color,0.38,11.0,2,female,1,2537.0593455999997,0,21
563,-9999.0,-9999.0,-9999.0,-9999.0,-9999.0,-9999.0,-9999.0,-9999.0,-9999.0,orientation,size,color,0.38,11.0,2,female,1,2537.0593455999997,0,21
564,-9999.0,-9999.0,-9999.0,-9999.0,-9999.0,-9999.0,-9999.0,-9999.0,-9999.0,orientation,size,color,0.38,11.0,2,female,1,2537.0593455999997,0,21
565,-9999.0,-9999.0,-9999.0,-9999.0,-9999.0,-9999.0,-9999.0,-9999.0,-9999.0,orientation,size,color,0.38,11.0,2,female,1,2537.0593455999997,0,21
566,-9999.0,-9999.0,-9999.0,-9999.0,-9999.0,-9999.0,-9999.0,-9999.0,-9999.0,orientation,size,color,0.38,11.0,2,female,1,2537.0593455999997,0,21
567,-9999.0,-9999.0,-9999.0,-9999.0,-9999.0,-9999.0,-9999.0,-9999.0,-9999.0,orientation,size,color,0.38,11.0,2,female,1,2537.0593455999997,0,21
568,-9999.0,-9999.0,-9999.0,-9999.0,-9999.0,-9999.0,-9999.0,-9999.0,-9999.0,orientation,size,color,0.38,11.0,2,female,1,2537.0593455999997,0,21
569,-9999.0,-9999.0,-9999.0,-9999.0,-9999.0,-9999.0,-9999.0,-9999.0,-9999.0,orientation,size,color,0.38,11.0,2,female,1,2537.0593455999997,0,21
570,-9999.0,-9999.0,-9999.0,-9999.0,-9999.0,-9999.0,-9999.0,-9999.0,-9999.0,orientation,size,color,0.38,11.0,2,female,1,2537.0593455999997,0,21
571,-9999.0,-9999.0,-9999.0,-9999.0,-9999.0,-9999.0,-9999.0,-9999.0,-9999.0,orientation,size,color,0.38,11.0,2,female,1,2537.0593455999997,0,21
572,-9999.0,-9999.0,-9999.0,-9999.0,-9999.0,-9999.0,-9999.0,-9999.0,-9999.0,orientation,size,color,0.38,11.0,2,female,1,2537.0593455999997,0,21
573,-9999.0,-9999.0,-9999.0,-9999.0,-9999.0,-9999.0,-9999.0,-9999.0,-9999.0,orientation,size,color,0.38,11.0,2,female,1,2537.0593455999997,0,21
574,-9999.0,-9999.0,-9999.0,-9999.0,-9999.0,-9999.0,-9999.0,-9999.0,-9999.0,orientation,size,color,0.38,11.0,2,female,1,2537.0593455999997,0,21
575,-9999.0,-9999.0,-9999.0,-9999.0,-9999.0,-9999.0,-9999.0,-9999.0,-9999.0,orientation,size,color,0.38,11.0,2,female,1,2537.0593455999997,0,21
576,-9999.0,-9999.0,-9999.0,-9999.0,-9999.0,-9999.0,-9999.0,-9999.0,-9999.0,orientation,size,color,0.38,11.0,2,female,1,2537.0593455999997,0,21
577,-9999.0,-9999.0,-9999.0,-9999.0,-9999.0,-9999.0,-9999.0,-9999.0,-9999.0,orientation,size,color,0.38,11.0,2,female,1,2537.0593455999997,0,21
578,-9999.0,-9999.0,-9999.0,-9999.0,-9999.0,-9999.0,-9999.0,-9999.0,-9999.0,orientation,size,color,0.38,11.0,2,female,1,2537.0593455999997,0,21
579,-9999.0,-9999.0,-9999.0,-9999.0,-9999.0,-9999.0,-9999.0,-9999.0,-9999.0,orientation,size,color,0.38,11.0,2,female,1,2537.0593455999997,0,21
580,-9999.0,-9999.0,-9999.0,-9999.0,-9999.0,-9999.0,-9999.0,-9999.0,-9999.0,orientation,size,color,0.38,11.0,2,female,1,2537.0593455999997,0,21
581,-9999.0,-9999.0,-9999.0,-9999.0,-9999.0,-9999.0,-9999.0,-9999.0,-9999.0,orientation,size,color,0.38,11.0,2,female,1,2537.0593455999997,0,21
582,-9999.0,-9999.0,-9999.0,-9999.0,-9999.0,-9999.0,-9999.0,-9999.0,-9999.0,orientation,size,color,0.38,11.0,2,female,1,2537.0593455999997,0,21
583,-9999.0,-9999.0,-9999.0,-9999.0,-9999.0,-9999.0,-9999.0,-9999.0,-9999.0,orientation,size,color,0.38,11.0,2,female,1,2537.0593455999997,0,21
584,-9999.0,-9999.0,-9999.0,-9999.0,-9999.0,-9999.0,-9999.0,-9999.0,-9999.0,orientation,size,color,0.38,11.0,2,female,1,2537.0593455999997,0,21
585,-9999.0,-9999.0,-9999.0,-9999.0,-9999.0,-9999.0,-9999.0,-9999.0,-9999.0,orientation,size,color,0.38,11.0,2,female,1,2537.0593455999997,0,21
586,-9999.0,-9999.0,-9999.0,-9999.0,-9999.0,-9999.0,-9999.0,-9999.0,-9999.0,orientation,size,color,0.38,11.0,2,female,1,2537.0593455999997,0,21
587,-9999.0,-9999.0,-9999.0,-9999.0,-9999.0,-9999.0,-9999.0,-9999.0,-9999.0,orientation,size,color,0.38,11.0,2,female,1,2537.0593455999997,0,21
588,-9999.0,-9999.0,-9999.0,-9999.0,-9999.0,-9999.0,-9999.0,-9999.0,-9999.0,orientation,size,color,0.38,11.0,2,female,1,2537.0593455999997,0,21
589,-9999.0,-9999.0,-9999.0,-9999.0,-9999.0,-9999.0,-9999.0,-9999.0,-9999.0,orientation,size,color,0.38,11.0,2,female,1,2537.0593455999997,0,21
590,-9999.0,-9999.0,-9999.0,-9999.0,-9999.0,-9999.0,-9999.0,-9999.0,-9999.0,orientation,size,color,0.38,11.0,2,female,1,2537.0593455999997,0,21
591,-9999.0,-9999.0,-9999.0,-9999.0,-9999.0,-9999.0,-9999.0,-9999.0,-9999.0,orientation,size,color,0.38,11.0,2,female,1,2537.0593455999997,0,21
592,-9999.0,-9999.0,-9999.0,-9999.0,-9999.0,-9999.0,-9999.0,-9999.0,-9999.0,orientation,size,color,0.38,11.0,2,female,1,2537.0593455999997,0,21
593,-9999.0,-9999.0,-9999.0,-9999.0,-9999.0,-9999.0,-9999.0,-9999.0,-9999.0,orientation,size,color,0.38,11.0,2,female,1,2537.0593455999997,0,21
594,-9999.0,-9999.0,-9999.0,-9999.0,-9999.0,-9999.0,-9999.0,-9999.0,-9999.0,orientation,size,color,0.38,11.0,2,female,1,2537.0593455999997,0,21
595,-9999.0,-9999.0,-9999.0,-9999.0,-9999.0,-9999.0,-9999.0,-9999.0,-9999.0,orientation,size,color,0.38,11.0,2,female,1,2537.0593455999997,0,21
596,-9999.0,-9999.0,-9999.0,-9999.0,-9999.0,-9999.0,-9999.0,-9999.0,-9999.0,orientation,size,color,0.38,11.0,2,female,1,2537.0593455999997,0,21
597,-9999.0,-9999.0,-9999.0,-9999.0,-9999.0,-9999.0,-9999.0,-9999.0,-9999.0,orientation,size,color,0.38,11.0,2,female,1,2537.0593455999997,0,21
598,-9999.0,-9999.0,-9999.0,-9999.0,-9999.0,-9999.0,-9999.0,-9999.0,-9999.0,orientation,size,color,0.38,11.0,2,female,1,2537.0593455999997,0,21
599,-9999.0,-9999.0,-9999.0,-9999.0,-9999.0,-9999.0,-9999.0,-9999.0,-9999.0,orientation,size,color,0.38,11.0,2,female,1,2537.0593455999997,0,21
600,-9999.0,-9999.0,-9999.0,-9999.0,-9999.0,-9999.0,-9999.0,-9999.0,-9999.0,orientation,size,color,0.38,11.0,2,female,1,2537.0593455999997,0,21
601,-9999.0,-9999.0,-9999.0,-9999.0,-9999.0,-9999.0,-9999.0,-9999.0,-9999.0,orientation,size,color,0.38,11.0,2,female,1,2537.0593455999997,0,21
602,-9999.0,-9999.0,-9999.0,-9999.0,-9999.0,-9999.0,-9999.0,-9999.0,-9999.0,orientation,size,color,0.38,11.0,2,female,1,2537.0593455999997,0,21
603,-9999.0,-9999.0,-9999.0,-9999.0,-9999.0,-9999.0,-9999.0,-9999.0,-9999.0,orientation,size,color,0.38,11.0,2,female,1,2537.0593455999997,0,21
604,-9999.0,-9999.0,-9999.0,-9999.0,-9999.0,-9999.0,-9999.0,-9999.0,-9999.0,orientation,size,color,0.38,11.0,2,female,1,2537.0593455999997,0,21
605,-9999.0,-9999.0,-9999.0,-9999.0,-9999.0,-9999.0,-9999.0,-9999.0,-9999.0,orientation,size,color,0.38,11.0,2,female,1,2537.0593455999997,0,21
606,-9999.0,-9999.0,-9999.0,-9999.0,-9999.0,-9999.0,-9999.0,-9999.0,-9999.0,orientation,size,color,0.38,11.0,2,female,1,2537.0593455999997,0,21
607,-9999.0,-9999.0,-9999.0,-9999.0,-9999.0,-9999.0,-9999.0,-9999.0,-9999.0,orientation,size,color,0.38,11.0,2,female,1,2537.0593455999997,0,21
608,-9999.0,-9999.0,-9999.0,-9999.0,-9999.0,-9999.0,-9999.0,-9999.0,-9999.0,orientation,size,color,0.38,11.0,2,female,1,2537.0593455999997,0,21
609,-9999.0,-9999.0,-9999.0,-9999.0,-9999.0,-9999.0,-9999.0,-9999.0,-9999.0,orientation,size,color,0.38,11.0,2,female,1,2537.0593455999997,0,21
610,-9999.0,-9999.0,-9999.0,-9999.0,-9999.0,-9999.0,-9999.0,-9999.0,-9999.0,orientation,size,color,0.38,11.0,2,female,1,2537.0593455999997,0,21
611,-9999.0,-9999.0,-9999.0,-9999.0,-9999.0,-9999.0,-9999.0,-9999.0,-9999.0,orientation,size,color,0.38,11.0,2,female,1,2537.0593455999997,0,21
612,-9999.0,-9999.0,-9999.0,-9999.0,-9999.0,-9999.0,-9999.0,-9999.0,-9999.0,orientation,size,color,0.38,11.0,2,female,1,2537.0593455999997,0,21
613,-9999.0,-9999.0,-9999.0,-9999.0,-9999.0,-9999.0,-9999.0,-9999.0,-9999.0,orientation,size,color,0.38,11.0,2,female,1,2537.0593455999997,0,21
614,-9999.0,-9999.0,-9999.0,-9999.0,-9999.0,-9999.0,-9999.0,-9999.0,-9999.0,orientation,size,color,0.38,11.0,2,female,1,2537.0593455999997,0,21
615,-9999.0,-9999.0,-9999.0,-9999.0,-9999.0,-9999.0,-9999.0,-9999.0,-9999.0,orientation,size,color,0.38,11.0,2,female,1,2537.0593455999997,0,21
616,-9999.0,-9999.0,-9999.0,-9999.0,-9999.0,-9999.0,-9999.0,-9999.0,-9999.0,orientation,size,color,0.38,11.0,2,female,1,2537.0593455999997,0,21
617,-9999.0,-9999.0,-9999.0,-9999.0,-9999.0,-9999.0,-9999.0,-9999.0,-9999.0,orientation,size,color,0.38,11.0,2,female,1,2537.0593455999997,0,21
618,-9999.0,-9999.0,-9999.0,-9999.0,-9999.0,-9999.0,-9999.0,-9999.0,-9999.0,orientation,size,color,0.38,11.0,2,female,1,2537.0593455999997,0,21
619,-9999.0,-9999.0,-9999.0,-9999.0,-9999.0,-9999.0,-9999.0,-9999.0,-9999.0,orientation,size,color,0.38,11.0,2,female,1,2537.0593455999997,0,21
620,-9999.0,-9999.0,-9999.0,-9999.0,-9999.0,-9999.0,-9999.0,-9999.0,-9999.0,orientation,size,color,0.38,11.0,2,female,1,2537.0593455999997,0,21
621,-9999.0,-9999.0,-9999.0,-9999.0,-9999.0,-9999.0,-9999.0,-9999.0,-9999.0,orientation,size,color,0.38,11.0,2,female,1,2537.0593455999997,0,21
622,-9999.0,-9999.0,-9999.0,-9999.0,-9999.0,-9999.0,-9999.0,-9999.0,-9999.0,orientation,size,color,0.38,11.0,2,female,1,2537.0593455999997,0,21
623,-9999.0,-9999.0,-9999.0,-9999.0,-9999.0,-9999.0,-9999.0,-9999.0,-9999.0,orientation,size,color,0.38,11.0,2,female,1,2537.0593455999997,0,21
624,-9999.0,-9999.0,-9999.0,-9999.0,-9999.0,-9999.0,-9999.0,-9999.0,-9999.0,orientation,size,color,0.38,11.0,2,female,1,2537.0593455999997,0,21
625,-9999.0,-9999.0,-9999.0,-9999.0,-9999.0,-9999.0,-9999.0,-9999.0,-9999.0,orientation,size,color,0.38,11.0,2,female,1,2537.0593455999997,0,21
626,-9999.0,-9999.0,-9999.0,-9999.0,-9999.0,-9999.0,-9999.0,-9999.0,-9999.0,orientation,size,color,0.38,11.0,2,female,1,2537.0593455999997,0,21
627,-9999.0,-9999.0,-9999.0,-9999.0,-9999.0,-9999.0,-9999.0,-9999.0,-9999.0,orientation,size,color,0.38,11.0,2,female,1,2537.0593455999997,0,21
628,-9999.0,-9999.0,-9999.0,-9999.0,-9999.0,-9999.0,-9999.0,-9999.0,-9999.0,orientation,size,color,0.38,11.0,2,female,1,2537.0593455999997,0,21
629,-9999.0,-9999.0,-9999.0,-9999.0,-9999.0,-9999.0,-9999.0,-9999.0,-9999.0,orientation,size,color,0.38,11.0,2,female,1,2537.0593455999997,0,21
630,-9999.0,-9999.0,-9999.0,-9999.0,-9999.0,-9999.0,-9999.0,-9999.0,-9999.0,orientation,size,color,0.38,11.0,2,female,1,2537.0593455999997,0,21
631,-9999.0,-9999.0,-9999.0,-9999.0,-9999.0,-9999.0,-9999.0,-9999.0,-9999.0,orientation,size,color,0.38,11.0,2,female,1,2537.0593455999997,0,21
632,-9999.0,-9999.0,-9999.0,-9999.0,-9999.0,-9999.0,-9999.0,-9999.0,-9999.0,orientation,size,color,0.38,11.0,2,female,1,2537.0593455999997,0,21
633,-9999.0,-9999.0,-9999.0,-9999.0,-9999.0,-9999.0,-9999.0,-9999.0,-9999.0,orientation,size,color,0.38,11.0,2,female,1,2537.0593455999997,0,21
634,-9999.0,-9999.0,-9999.0,-9999.0,-9999.0,-9999.0,-9999.0,-9999.0,-9999.0,orientation,size,color,0.38,11.0,2,female,1,2537.0593455999997,0,21
635,-9999.0,-9999.0,-9999.0,-9999.0,-9999.0,-9999.0,-9999.0,-9999.0,-9999.0,orientation,size,color,0.38,11.0,2,female,1,2537.0593455999997,0,21
636,-9999.0,-9999.0,-9999.0,-9999.0,-9999.0,-9999.0,-9999.0,-9999.0,-9999.0,orientation,size,color,0.38,11.0,2,female,1,2537.0593455999997,0,21
637,-9999.0,-9999.0,-9999.0,-9999.0,-9999.0,-9999.0,-9999.0,-9999.0,-9999.0,orientation,size,color,0.38,11.0,2,female,1,2537.0593455999997,0,21
638,-9999.0,-9999.0,-9999.0,-9999.0,-9999.0,-9999.0,-9999.0,-9999.0,-9999.0,orientation,size,color,0.38,11.0,2,female,1,2537.0593455999997,0,21
639,-9999.0,-9999.0,-9999.0,-9999.0,-9999.0,-9999.0,-9999.0,-9999.0,-9999.0,orientation,size,color,0.38,11.0,2,female,1,2537.0593455999997,0,21
640,-9999.0,-9999.0,-9999.0,-9999.0,-9999.0,-9999.0,-9999.0,-9999.0,-9999.0,orientation,size,color,0.38,11.0,2,female,1,2537.0593455999997,0,21
641,-9999.0,-9999.0,-9999.0,-9999.0,-9999.0,-9999.0,-9999.0,-9999.0,-9999.0,orientation,size,color,0.38,11.0,2,female,1,2537.0593455999997,0,21
642,-9999.0,-9999.0,-9999.0,-9999.0,-9999.0,-9999.0,-9999.0,-9999.0,-9999.0,orientation,size,color,0.38,11.0,2,female,1,2537.0593455999997,0,21
643,-9999.0,-9999.0,-9999.0,-9999.0,-9999.0,-9999.0,-9999.0,-9999.0,-9999.0,orientation,size,color,0.38,11.0,2,female,1,2537.0593455999997,0,21
644,-9999.0,-9999.0,-9999.0,-9999.0,-9999.0,-9999.0,-9999.0,-9999.0,-9999.0,orientation,size,color,0.38,11.0,2,female,1,2537.0593455999997,0,21
645,-9999.0,-9999.0,-9999.0,-9999.0,-9999.0,-9999.0,-9999.0,-9999.0,-9999.0,orientation,size,color,0.38,11.0,2,female,1,2537.0593455999997,0,21
646,-9999.0,-9999.0,-9999.0,-9999.0,-9999.0,-9999.0,-9999.0,-9999.0,-9999.0,orientation,size,color,0.38,11.0,2,female,1,2537.0593455999997,0,21
647,-9999.0,-9999.0,-9999.0,-9999.0,-9999.0,-9999.0,-9999.0,-9999.0,-9999.0,orientation,size,color,0.38,11.0,2,female,1,2537.0593455999997,0,21
648,-9999.0,-9999.0,-9999.0,-9999.0,-9999.0,-9999.0,-9999.0,-9999.0,-9999.0,orientation,size,color,0.38,11.0,2,female,1,2537.0593455999997,0,21
649,-9999.0,-9999.0,-9999.0,-9999.0,-9999.0,-9999.0,-9999.0,-9999.0,-9999.0,orientation,size,color,0.38,11.0,2,female,1,2537.0593455999997,0,21
650,-9999.0,-9999.0,-9999.0,-9999.0,-9999.0,-9999.0,-9999.0,-9999.0,-9999.0,orientation,size,color,0.38,11.0,2,female,1,2537.0593455999997,0,21
651,-9999.0,-9999.0,-9999.0,-9999.0,-9999.0,-9999.0,-9999.0,-9999.0,-9999.0,orientation,size,color,0.38,11.0,2,female,1,2537.0593455999997,0,21
652,-9999.0,-9999.0,-9999.0,-9999.0,-9999.0,-9999.0,-9999.0,-9999.0,-9999.0,orientation,size,color,0.38,11.0,2,female,1,2537.0593455999997,0,21
653,-9999.0,-9999.0,-9999.0,-9999.0,-9999.0,-9999.0,-9999.0,-9999.0,-9999.0,orientation,size,color,0.38,11.0,2,female,1,2537.0593455999997,0,21
654,-9999.0,-9999.0,-9999.0,-9999.0,-9999.0,-9999.0,-9999.0,-9999.0,-9999.0,orientation,size,color,0.38,11.0,2,female,1,2537.0593455999997,0,21
655,-9999.0,-9999.0,-9999.0,-9999.0,-9999.0,-9999.0,-9999.0,-9999.0,-9999.0,orientation,size,color,0.38,11.0,2,female,1,2537.0593455999997,0,21
656,-9999.0,-9999.0,-9999.0,-9999.0,-9999.0,-9999.0,-9999.0,-9999.0,-9999.0,orientation,size,color,0.38,11.0,2,female,1,2537.0593455999997,0,21
657,-9999.0,-9999.0,-9999.0,-9999.0,-9999.0,-9999.0,-9999.0,-9999.0,-9999.0,orientation,size,color,0.38,11.0,2,female,1,2537.0593455999997,0,21
658,-9999.0,-9999.0,-9999.0,-9999.0,-9999.0,-9999.0,-9999.0,-9999.0,-9999.0,orientation,size,color,0.38,11.0,2,female,1,2537.0593455999997,0,21
659,-9999.0,-9999.0,-9999.0,-9999.0,-9999.0,-9999.0,-9999.0,-9999.0,-9999.0,orientation,size,color,0.38,11.0,2,female,1,2537.0593455999997,0,21
660,-9999.0,-9999.0,-9999.0,-9999.0,-9999.0,-9999.0,-9999.0,-9999.0,-9999.0,orientation,size,color,0.38,11.0,2,female,1,2537.0593455999997,0,21
661,-9999.0,-9999.0,-9999.0,-9999.0,-9999.0,-9999.0,-9999.0,-9999.0,-9999.0,orientation,size,color,0.38,11.0,2,female,1,2537.0593455999997,0,21
662,-9999.0,-9999.0,-9999.0,-9999.0,-9999.0,-9999.0,-9999.0,-9999.0,-9999.0,orientation,size,color,0.38,11.0,2,female,1,2537.0593455999997,0,21
663,-9999.0,-9999.0,-9999.0,-9999.0,-9999.0,-9999.0,-9999.0,-9999.0,-9999.0,orientation,size,color,0.38,11.0,2,female,1,2537.0593455999997,0,21
664,-9999.0,-9999.0,-9999.0,-9999.0,-9999.0,-9999.0,-9999.0,-9999.0,-9999.0,orientation,size,color,0.38,11.0,2,female,1,2537.0593455999997,0,21
665,-9999.0,-9999.0,-9999.0,-9999.0,-9999.0,-9999.0,-9999.0,-9999.0,-9999.0,orientation,size,color,0.38,11.0,2,female,1,2537.0593455999997,0,21
666,-9999.0,-9999.0,-9999.0,-9999.0,-9999.0,-9999.0,-9999.0,-9999.0,-9999.0,orientation,size,color,0.38,11.0,2,female,1,2537.0593455999997,0,21
667,-9999.0,-9999.0,-9999.0,-9999.0,-9999.0,-9999.0,-9999.0,-9999.0,-9999.0,orientation,size,color,0.38,11.0,2,female,1,2537.0593455999997,0,21
668,-9999.0,-9999.0,-9999.0,-9999.0,-9999.0,-9999.0,-9999.0,-9999.0,-9999.0,orientation,size,color,0.38,11.0,2,female,1,2537.0593455999997,0,21
669,-9999.0,-9999.0,-9999.0,-9999.0,-9999.0,-9999.0,-9999.0,-9999.0,-9999.0,orientation,size,color,0.38,11.0,2,female,1,2537.0593455999997,0,21
670,-9999.0,-9999.0,-9999.0,-9999.0,-9999.0,-9999.0,-9999.0,-9999.0,-9999.0,orientation,size,color,0.38,11.0,2,female,1,2537.0593455999997,0,21
671,-9999.0,-9999.0,-9999.0,-9999.0,-9999.0,-9999.0,-9999.0,-9999.0,-9999.0,orientation,size,color,0.38,11.0,2,female,1,2537.0593455999997,0,21
672,-9999.0,-9999.0,-9999.0,-9999.0,-9999.0,-9999.0,-9999.0,-9999.0,-9999.0,orientation,size,color,0.38,11.0,2,female,1,2537.0593455999997,0,21
673,-9999.0,-9999.0,-9999.0,-9999.0,-9999.0,-9999.0,-9999.0,-9999.0,-9999.0,orientation,size,color,0.38,11.0,2,female,1,2537.0593455999997,0,21
674,-9999.0,-9999.0,-9999.0,-9999.0,-9999.0,-9999.0,-9999.0,-9999.0,-9999.0,orientation,size,color,0.38,11.0,2,female,1,2537.0593455999997,0,21
675,-9999.0,-9999.0,-9999.0,-9999.0,-9999.0,-9999.0,-9999.0,-9999.0,-9999.0,orientation,size,color,0.38,11.0,2,female,1,2537.0593455999997,0,21
676,-9999.0,-9999.0,-9999.0,-9999.0,-9999.0,-9999.0,-9999.0,-9999.0,-9999.0,orientation,size,color,0.38,11.0,2,female,1,2537.0593455999997,0,21
677,-9999.0,-9999.0,-9999.0,-9999.0,-9999.0,-9999.0,-9999.0,-9999.0,-9999.0,orientation,size,color,0.38,11.0,2,female,1,2537.0593455999997,0,21
678,-9999.0,-9999.0,-9999.0,-9999.0,-9999.0,-9999.0,-9999.0,-9999.0,-9999.0,orientation,size,color,0.38,11.0,2,female,1,2537.0593455999997,0,21
679,-9999.0,-9999.0,-9999.0,-9999.0,-9999.0,-9999.0,-9999.0,-9999.0,-9999.0,orientation,size,color,0.38,11.0,2,female,1,2537.0593455999997,0,21
680,-9999.0,-9999.0,-9999.0,-9999.0,-9999.0,-9999.0,-9999.0,-9999.0,-9999.0,orientation,size,color,0.38,11.0,2,female,1,2537.0593455999997,0,21
681,-9999.0,-9999.0,-9999.0,-9999.0,-9999.0,-9999.0,-9999.0,-9999.0,-9999.0,orientation,size,color,0.38,11.0,2,female,1,2537.0593455999997,0,21
682,-9999.0,-9999.0,-9999.0,-9999.0,-9999.0,-9999.0,-9999.0,-9999.0,-9999.0,orientation,size,color,0.38,11.0,2,female,1,2537.0593455999997,0,21
683,-9999.0,-9999.0,-9999.0,-9999.0,-9999.0,-9999.0,-9999.0,-9999.0,-9999.0,orientation,size,color,0.38,11.0,2,female,1,2537.0593455999997,0,21
684,-9999.0,-9999.0,-9999.0,-9999.0,-9999.0,-9999.0,-9999.0,-9999.0,-9999.0,orientation,size,color,0.38,11.0,2,female,1,2537.0593455999997,0,21
685,-9999.0,-9999.0,-9999.0,-9999.0,-9999.0,-9999.0,-9999.0,-9999.0,-9999.0,orientation,size,color,0.38,11.0,2,female,1,2537.0593455999997,0,21
686,-9999.0,-9999.0,-9999.0,-9999.0,-9999.0,-9999.0,-9999.0,-9999.0,-9999.0,orientation,size,color,0.38,11.0,2,female,1,2537.0593455999997,0,21
687,-9999.0,-9999.0,-9999.0,-9999.0,-9999.0,-9999.0,-9999.0,-9999.0,-9999.0,orientation,size,color,0.38,11.0,2,female,1,2537.0593455999997,0,21
688,-9999.0,-9999.0,-9999.0,-9999.0,-9999.0,-9999.0,-9999.0,-9999.0,-9999.0,orientation,size,color,0.38,11.0,2,female,1,2537.0593455999997,0,21
689,-9999.0,-9999.0,-9999.0,-9999.0,-9999.0,-9999.0,-9999.0,-9999.0,-9999.0,orientation,size,color,0.38,11.0,2,female,1,2537.0593455999997,0,21
690,-9999.0,-9999.0,-9999.0,-9999.0,-9999.0,-9999.0,-9999.0,-9999.0,-9999.0,orientation,size,color,0.38,11.0,2,female,1,2537.0593455999997,0,21
691,-9999.0,-9999.0,-9999.0,-9999.0,-9999.0,-9999.0,-9999.0,-9999.0,-9999.0,orientation,size,color,0.38,11.0,2,female,1,2537.0593455999997,0,21
692,-9999.0,-9999.0,-9999.0,-9999.0,-9999.0,-9999.0,-9999.0,-9999.0,-9999.0,orientation,size,color,0.38,11.0,2,female,1,2537.0593455999997,0,21
693,-9999.0,-9999.0,-9999.0,-9999.0,-9999.0,-9999.0,-9999.0,-9999.0,-9999.0,orientation,size,color,0.38,11.0,2,female,1,2537.0593455999997,0,21
694,-9999.0,-9999.0,-9999.0,-9999.0,-9999.0,-9999.0,-9999.0,-9999.0,-9999.0,orientation,size,color,0.38,11.0,2,female,1,2537.0593455999997,0,21
695,-9999.0,-9999.0,-9999.0,-9999.0,-9999.0,-9999.0,-9999.0,-9999.0,-9999.0,orientation,size,color,0.38,11.0,2,female,1,2537.0593455999997,0,21
696,-9999.0,-9999.0,-9999.0,-9999.0,-9999.0,-9999.0,-9999.0,-9999.0,-9999.0,orientation,size,color,0.38,11.0,2,female,1,2537.0593455999997,0,21
697,-9999.0,-9999.0,-9999.0,-9999.0,-9999.0,-9999.0,-9999.0,-9999.0,-9999.0,orientation,size,color,0.38,11.0,2,female,1,2537.0593455999997,0,21
698,-9999.0,-9999.0,-9999.0,-9999.0,-9999.0,-9999.0,-9999.0,-9999.0,-9999.0,orientation,size,color,0.38,11.0,2,female,1,2537.0593455999997,0,21
699,-9999.0,-9999.0,-9999.0,-9999.0,-9999.0,-9999.0,-9999.0,-9999.0,-9999.0,orientation,size,color,0.38,11.0,2,female,1,2537.0593455999997,0,21
700,-9999.0,-9999.0,-9999.0,-9999.0,-9999.0,-9999.0,-9999.0,-9999.0,-9999.0,orientation,size,color,0.38,11.0,2,female,1,2537.0593455999997,0,21
701,-9999.0,-9999.0,-9999.0,-9999.0,-9999.0,-9999.0,-9999.0,-9999.0,-9999.0,orientation,size,color,0.38,11.0,2,female,1,2537.0593455999997,0,21
702,-9999.0,-9999.0,-9999.0,-9999.0,-9999.0,-9999.0,-9999.0,-9999.0,-9999.0,orientation,size,color,0.38,11.0,2,female,1,2537.0593455999997,0,21
703,-9999.0,-9999.0,-9999.0,-9999.0,-9999.0,-9999.0,-9999.0,-9999.0,-9999.0,orientation,size,color,0.38,11.0,2,female,1,2537.0593455999997,0,21
704,-9999.0,-9999.0,-9999.0,-9999.0,-9999.0,-9999.0,-9999.0,-9999.0,-9999.0,orientation,size,color,0.38,11.0,2,female,1,2537.0593455999997,0,21
705,-9999.0,-9999.0,-9999.0,-9999.0,-9999.0,-9999.0,-9999.0,-9999.0,-9999.0,orientation,size,color,0.38,11.0,2,female,1,2537.0593455999997,0,21
706,-9999.0,-9999.0,-9999.0,-9999.0,-9999.0,-9999.0,-9999.0,-9999.0,-9999.0,orientation,size,color,0.38,11.0,2,female,1,2537.0593455999997,0,21
707,-9999.0,-9999.0,-9999.0,-9999.0,-9999.0,-9999.0,-9999.0,-9999.0,-9999.0,orientation,size,color,0.38,11.0,2,female,1,2537.0593455999997,0,21
708,-9999.0,-9999.0,-9999.0,-9999.0,-9999.0,-9999.0,-9999.0,-9999.0,-9999.0,orientation,size,color,0.38,11.0,2,female,1,2537.0593455999997,0,21
709,-9999.0,-9999.0,-9999.0,-9999.0,-9999.0,-9999.0,-9999.0,-9999.0,-9999.0,orientation,size,color,0.38,11.0,2,female,1,2537.0593455999997,0,21
710,-9999.0,-9999.0,-9999.0,-9999.0,-9999.0,-9999.0,-9999.0,-9999.0,-9999.0,orientation,size,color,0.38,11.0,2,female,1,2537.0593455999997,0,21
711,-9999.0,-9999.0,-9999.0,-9999.0,-9999.0,-9999.0,-9999.0,-9999.0,-9999.0,orientation,size,color,0.38,11.0,2,female,1,2537.0593455999997,0,21
712,-9999.0,-9999.0,-9999.0,-9999.0,-9999.0,-9999.0,-9999.0,-9999.0,-9999.0,orientation,size,color,0.38,11.0,2,female,1,2537.0593455999997,0,21
713,-9999.0,-9999.0,-9999.0,-9999.0,-9999.0,-9999.0,-9999.0,-9999.0,-9999.0,orientation,size,color,0.38,11.0,2,female,1,2537.0593455999997,0,21
714,-9999.0,-9999.0,-9999.0,-9999.0,-9999.0,-9999.0,-9999.0,-9999.0,-9999.0,orientation,size,color,0.38,11.0,2,female,1,2537.0593455999997,0,21
715,-9999.0,-9999.0,-9999.0,-9999.0,-9999.0,-9999.0,-9999.0,-9999.0,-9999.0,orientation,size,color,0.38,11.0,2,female,1,2537.0593455999997,0,21
716,-9999.0,-9999.0,-9999.0,-9999.0,-9999.0,-9999.0,-9999.0,-9999.0,-9999.0,orientation,size,color,0.38,11.0,2,female,1,2537.0593455999997,0,21
717,-9999.0,-9999.0,-9999.0,-9999.0,-9999.0,-9999.0,-9999.0,-9999.0,-9999.0,orientation,size,color,0.38,11.0,2,female,1,2537.0593455999997,0,21
718,-9999.0,-9999.0,-9999.0,-9999.0,-9999.0,-9999.0,-9999.0,-9999.0,-9999.0,orientation,size,color,0.38,11.0,2,female,1,2537.0593455999997,0,21
719,-9999.0,-9999.0,-9999.0,-9999.0,-9999.0,-9999.0,-9999.0,-9999.0,-9999.0,orientation,size,color,0.38,11.0,2,female,1,2537.0593455999997,0,21
720,-9999.0,-9999.0,-9999.0,-9999.0,-9999.0,-9999.0,-9999.0,-9999.0,-9999.0,orientation,size,color,0.38,11.0,2,female,1,2537.0593455999997,0,21
721,-9999.0,-9999.0,-9999.0,-9999.0,-9999.0,-9999.0,-9999.0,-9999.0,-9999.0,orientation,size,color,0.38,11.0,2,female,1,2537.0593455999997,0,21
722,-9999.0,-9999.0,-9999.0,-9999.0,-9999.0,-9999.0,-9999.0,-9999.0,-9999.0,orientation,size,color,0.38,11.0,2,female,1,2537.0593455999997,0,21
723,-9999.0,-9999.0,-9999.0,-9999.0,-9999.0,-9999.0,-9999.0,-9999.0,-9999.0,orientation,size,color,0.38,11.0,2,female,1,2537.0593455999997,0,21
724,-9999.0,-9999.0,-9999.0,-9999.0,-9999.0,-9999.0,-9999.0,-9999.0,-9999.0,orientation,size,color,0.38,11.0,2,female,1,2537.0593455999997,0,21
725,-9999.0,-9999.0,-9999.0,-9999.0,-9999.0,-9999.0,-9999.0,-9999.0,-9999.0,orientation,size,color,0.38,11.0,2,female,1,2537.0593455999997,0,21
726,-9999.0,-9999.0,-9999.0,-9999.0,-9999.0,-9999.0,-9999.0,-9999.0,-9999.0,orientation,size,color,0.38,11.0,2,female,1,2537.0593455999997,0,21
727,-9999.0,-9999.0,-9999.0,-9999.0,-9999.0,-9999.0,-9999.0,-9999.0,-9999.0,orientation,size,color,0.38,11.0,2,female,1,2537.0593455999997,0,21
728,-9999.0,-9999.0,-9999.0,-9999.0,-9999.0,-9999.0,-9999.0,-9999.0,-9999.0,orientation,size,color,0.38,11.0,2,female,1,2537.0593455999997,0,21
729,-9999.0,-9999.0,-9999.0,-9999.0,-9999.0,-9999.0,-9999.0,-9999.0,-9999.0,orientation,size,color,0.38,11.0,2,female,1,2537.0593455999997,0,21
730,-9999.0,-9999.0,-9999.0,-9999.0,-9999.0,-9999.0,-9999.0,-9999.0,-9999.0,orientation,size,color,0.38,11.0,2,female,1,2537.0593455999997,0,21
731,-9999.0,-9999.0,-9999.0,-9999.0,-9999.0,-9999.0,-9999.0,-9999.0,-9999.0,orientation,size,color,0.38,11.0,2,female,1,2537.0593455999997,0,21
732,-9999.0,-9999.0,-9999.0,-9999.0,-9999.0,-9999.0,-9999.0,-9999.0,-9999.0,orientation,size,color,0.38,11.0,2,female,1,2537.0593455999997,0,21
733,-9999.0,-9999.0,-9999.0,-9999.0,-9999.0,-9999.0,-9999.0,-9999.0,-9999.0,orientation,size,color,0.38,11.0,2,female,1,2537.0593455999997,0,21
734,-9999.0,-9999.0,-9999.0,-9999.0,-9999.0,-9999.0,-9999.0,-9999.0,-9999.0,orientation,size,color,0.38,11.0,2,female,1,2537.0593455999997,0,21
735,-9999.0,-9999.0,-9999.0,-9999.0,-9999.0,-9999.0,-9999.0,-9999.0,-9999.0,orientation,size,color,0.38,11.0,2,female,1,2537.0593455999997,0,21
736,-9999.0,-9999.0,-9999.0,-9999.0,-9999.0,-9999.0,-9999.0,-9999.0,-9999.0,orientation,size,color,0.38,11.0,2,female,1,2537.0593455999997,0,21
737,-9999.0,-9999.0,-9999.0,-9999.0,-9999.0,-9999.0,-9999.0,-9999.0,-9999.0,orientation,size,color,0.38,11.0,2,female,1,2537.0593455999997,0,21
738,-9999.0,-9999.0,-9999.0,-9999.0,-9999.0,-9999.0,-9999.0,-9999.0,-9999.0,orientation,size,color,0.38,11.0,2,female,1,2537.0593455999997,0,21
739,-9999.0,-9999.0,-9999.0,-9999.0,-9999.0,-9999.0,-9999.0,-9999.0,-9999.0,orientation,size,color,0.38,11.0,2,female,1,2537.0593455999997,0,21
740,-9999.0,-9999.0,-9999.0,-9999.0,-9999.0,-9999.0,-9999.0,-9999.0,-9999.0,orientation,size,color,0.38,11.0,2,female,1,2537.0593455999997,0,21
741,-9999.0,-9999.0,-9999.0,-9999.0,-9999.0,-9999.0,-9999.0,-9999.0,-9999.0,orientation,size,color,0.38,11.0,2,female,1,2537.0593455999997,0,21
742,-9999.0,-9999.0,-9999.0,-9999.0,-9999.0,-9999.0,-9999.0,-9999.0,-9999.0,orientation,size,color,0.38,11.0,2,female,1,2537.0593455999997,0,21
743,-9999.0,-9999.0,-9999.0,-9999.0,-9999.0,-9999.0,-9999.0,-9999.0,-9999.0,orientation,size,color,0.38,11.0,2,female,1,2537.0593455999997,0,21
744,-9999.0,-9999.0,-9999.0,-9999.0,-9999.0,-9999.0,-9999.0,-9999.0,-9999.0,orientation,size,color,0.38,11.0,2,female,1,2537.0593455999997,0,21
745,-9999.0,-9999.0,-9999.0,-9999.0,-9999.0,-9999.0,-9999.0,-9999.0,-9999.0,orientation,size,color,0.38,11.0,2,female,1,2537.0593455999997,0,21
746,-9999.0,-9999.0,-9999.0,-9999.0,-9999.0,-9999.0,-9999.0,-9999.0,-9999.0,orientation,size,color,0.38,11.0,2,female,1,2537.0593455999997,0,21
747,-9999.0,-9999.0,-9999.0,-9999.0,-9999.0,-9999.0,-9999.0,-9999.0,-9999.0,orientation,size,color,0.38,11.0,2,female,1,2537.0593455999997,0,21
748,-9999.0,-9999.0,-9999.0,-9999.0,-9999.0,-9999.0,-9999.0,-9999.0,-9999.0,orientation,size,color,0.38,11.0,2,female,1,2537.0593455999997,0,21
749,-9999.0,-9999.0,-9999.0,-9999.0,-9999.0,-9999.0,-9999.0,-9999.0,-9999.0,orientation,size,color,0.38,11.0,2,female,1,2537.0593455999997,0,21
750,-9999.0,-9999.0,-9999.0,-9999.0,-9999.0,-9999.0,-9999.0,-9999.0,-9999.0,orientation,size,color,0.38,11.0,2,female,1,2537.0593455999997,0,21
751,-9999.0,-9999.0,-9999.0,-9999.0,-9999.0,-9999.0,-9999.0,-9999.0,-9999.0,orientation,size,color,0.38,11.0,2,female,1,2537.0593455999997,0,21
752,-9999.0,-9999.0,-9999.0,-9999.0,-9999.0,-9999.0,-9999.0,-9999.0,-9999.0,orientation,size,color,0.38,11.0,2,female,1,2537.0593455999997,0,21
753,-9999.0,-9999.0,-9999.0,-9999.0,-9999.0,-9999.0,-9999.0,-9999.0,-9999.0,orientation,size,color,0.38,11.0,2,female,1,2537.0593455999997,0,21
754,-9999.0,-9999.0,-9999.0,-9999.0,-9999.0,-9999.0,-9999.0,-9999.0,-9999.0,orientation,size,color,0.38,11.0,2,female,1,2537.0593455999997,0,21
755,-9999.0,-9999.0,-9999.0,-9999.0,-9999.0,-9999.0,-9999.0,-9999.0,-9999.0,orientation,size,color,0.38,11.0,2,female,1,2537.0593455999997,0,21
756,-9999.0,-9999.0,-9999.0,-9999.0,-9999.0,-9999.0,-9999.0,-9999.0,-9999.0,orientation,size,color,0.38,11.0,2,female,1,2537.0593455999997,0,21
757,-9999.0,-9999.0,-9999.0,-9999.0,-9999.0,-9999.0,-9999.0,-9999.0,-9999.0,orientation,size,color,0.38,11.0,2,female,1,2537.0593455999997,0,21
758,-9999.0,-9999.0,-9999.0,-9999.0,-9999.0,-9999.0,-9999.0,-9999.0,-9999.0,orientation,size,color,0.38,11.0,2,female,1,2537.0593455999997,0,21
759,-9999.0,-9999.0,-9999.0,-9999.0,-9999.0,-9999.0,-9999.0,-9999.0,-9999.0,orientation,size,color,0.38,11.0,2,female,1,2537.0593455999997,0,21
760,-9999.0,-9999.0,-9999.0,-9999.0,-9999.0,-9999.0,-9999.0,-9999.0,-9999.0,orientation,size,color,0.38,11.0,2,female,1,2537.0593455999997,0,21
761,-9999.0,-9999.0,-9999.0,-9999.0,-9999.0,-9999.0,-9999.0,-9999.0,-9999.0,orientation,size,color,0.38,11.0,2,female,1,2537.0593455999997,0,21
762,-9999.0,-9999.0,-9999.0,-9999.0,-9999.0,-9999.0,-9999.0,-9999.0,-9999.0,orientation,size,color,0.38,11.0,2,female,1,2537.0593455999997,0,21
763,-9999.0,-9999.0,-9999.0,-9999.0,-9999.0,-9999.0,-9999.0,-9999.0,-9999.0,orientation,size,color,0.38,11.0,2,female,1,2537.0593455999997,0,21
764,-9999.0,-9999.0,-9999.0,-9999.0,-9999.0,-9999.0,-9999.0,-9999.0,-9999.0,orientation,size,color,0.38,11.0,2,female,1,2537.0593455999997,0,21
765,-9999.0,-9999.0,-9999.0,-9999.0,-9999.0,-9999.0,-9999.0,-9999.0,-9999.0,orientation,size,color,0.38,11.0,2,female,1,2537.0593455999997,0,21
766,-9999.0,-9999.0,-9999.0,-9999.0,-9999.0,-9999.0,-9999.0,-9999.0,-9999.0,orientation,size,color,0.38,11.0,2,female,1,2537.0593455999997,0,21
767,-9999.0,-9999.0,-9999.0,-9999.0,-9999.0,-9999.0,-9999.0,-9999.0,-9999.0,orientation,size,color,0.38,11.0,2,female,1,2537.0593455999997,0,21
768,-9999.0,-9999.0,-9999.0,-9999.0,-9999.0,-9999.0,-9999.0,-9999.0,-9999.0,orientation,size,color,0.38,11.0,2,female,1,2537.0593455999997,0,21
769,-9999.0,-9999.0,-9999.0,-9999.0,-9999.0,-9999.0,-9999.0,-9999.0,-9999.0,orientation,size,color,0.38,11.0,2,female,1,2537.0593455999997,0,21
770,-9999.0,-9999.0,-9999.0,-9999.0,-9999.0,-9999.0,-9999.0,-9999.0,-9999.0,orientation,size,color,0.38,11.0,2,female,1,2537.0593455999997,0,21
771,-9999.0,-9999.0,-9999.0,-9999.0,-9999.0,-9999.0,-9999.0,-9999.0,-9999.0,orientation,size,color,0.38,11.0,2,female,1,2537.0593455999997,0,21
772,-9999.0,-9999.0,-9999.0,-9999.0,-9999.0,-9999.0,-9999.0,-9999.0,-9999.0,orientation,size,color,0.38,11.0,2,female,1,2537.0593455999997,0,21
773,-9999.0,-9999.0,-9999.0,-9999.0,-9999.0,-9999.0,-9999.0,-9999.0,-9999.0,orientation,size,color,0.38,11.0,2,female,1,2537.0593455999997,0,21
774,-9999.0,-9999.0,-9999.0,-9999.0,-9999.0,-9999.0,-9999.0,-9999.0,-9999.0,orientation,size,color,0.38,11.0,2,female,1,2537.0593455999997,0,21
775,-9999.0,-9999.0,-9999.0,-9999.0,-9999.0,-9999.0,-9999.0,-9999.0,-9999.0,orientation,size,color,0.38,11.0,2,female,1,2537.0593455999997,0,21
776,-9999.0,-9999.0,-9999.0,-9999.0,-9999.0,-9999.0,-9999.0,-9999.0,-9999.0,orientation,size,color,0.38,11.0,2,female,1,2537.0593455999997,0,21
777,-9999.0,-9999.0,-9999.0,-9999.0,-9999.0,-9999.0,-9999.0,-9999.0,-9999.0,orientation,size,color,0.38,11.0,2,female,1,2537.0593455999997,0,21
778,-9999.0,-9999.0,-9999.0,-9999.0,-9999.0,-9999.0,-9999.0,-9999.0,-9999.0,orientation,size,color,0.38,11.0,2,female,1,2537.0593455999997,0,21
779,-9999.0,-9999.0,-9999.0,-9999.0,-9999.0,-9999.0,-9999.0,-9999.0,-9999.0,orientation,size,color,0.38,11.0,2,female,1,2537.0593455999997,0,21
780,-9999.0,-9999.0,-9999.0,-9999.0,-9999.0,-9999.0,-9999.0,-9999.0,-9999.0,orientation,size,color,0.38,11.0,2,female,1,2537.0593455999997,0,21
781,-9999.0,-9999.0,-9999.0,-9999.0,-9999.0,-9999.0,-9999.0,-9999.0,-9999.0,orientation,size,color,0.38,11.0,2,female,1,2537.0593455999997,0,21
782,-9999.0,-9999.0,-9999.0,-9999.0,-9999.0,-9999.0,-9999.0,-9999.0,-9999.0,orientation,size,color,0.38,11.0,2,female,1,2537.0593455999997,0,21
783,-9999.0,-9999.0,-9999.0,-9999.0,-9999.0,-9999.0,-9999.0,-9999.0,-9999.0,orientation,size,color,0.38,11.0,2,female,1,2537.0593455999997,0,21
784,-9999.0,-9999.0,-9999.0,-9999.0,-9999.0,-9999.0,-9999.0,-9999.0,-9999.0,orientation,size,color,0.38,11.0,2,female,1,2537.0593455999997,0,21
785,-9999.0,-9999.0,-9999.0,-9999.0,-9999.0,-9999.0,-9999.0,-9999.0,-9999.0,orientation,size,color,0.38,11.0,2,female,1,2537.0593455999997,0,21
786,-9999.0,-9999.0,-9999.0,-9999.0,-9999.0,-9999.0,-9999.0,-9999.0,-9999.0,orientation,size,color,0.38,11.0,2,female,1,2537.0593455999997,0,21
787,-9999.0,-9999.0,-9999.0,-9999.0,-9999.0,-9999.0,-9999.0,-9999.0,-9999.0,orientation,size,color,0.38,11.0,2,female,1,2537.0593455999997,0,21
788,-9999.0,-9999.0,-9999.0,-9999.0,-9999.0,-9999.0,-9999.0,-9999.0,-9999.0,orientation,size,color,0.38,11.0,2,female,1,2537.0593455999997,0,21
789,-9999.0,-9999.0,-9999.0,-9999.0,-9999.0,-9999.0,-9999.0,-9999.0,-9999.0,orientation,size,color,0.38,11.0,2,female,1,2537.0593455999997,0,21
790,-9999.0,-9999.0,-9999.0,-9999.0,-9999.0,-9999.0,-9999.0,-9999.0,-9999.0,orientation,size,color,0.38,11.0,2,female,1,2537.0593455999997,0,21
791,-9999.0,-9999.0,-9999.0,-9999.0,-9999.0,-9999.0,-9999.0,-9999.0,-9999.0,orientation,size,color,0.38,11.0,2,female,1,2537.0593455999997,0,21
792,-9999.0,-9999.0,-9999.0,-9999.0,-9999.0,-9999.0,-9999.0,-9999.0,-9999.0,orientation,size,color,0.38,11.0,2,female,1,2537.0593455999997,0,21
793,-9999.0,-9999.0,-9999.0,-9999.0,-9999.0,-9999.0,-9999.0,-9999.0,-9999.0,orientation,size,color,0.38,11.0,2,female,1,2537.0593455999997,0,21
794,-9999.0,-9999.0,-9999.0,-9999.0,-9999.0,-9999.0,-9999.0,-9999.0,-9999.0,orientation,size,color,0.38,11.0,2,female,1,2537.0593455999997,0,21
795,-9999.0,-9999.0,-9999.0,-9999.0,-9999.0,-9999.0,-9999.0,-9999.0,-9999.0,orientation,size,color,0.38,11.0,2,female,1,2537.0593455999997,0,21
796,-9999.0,-9999.0,-9999.0,-9999.0,-9999.0,-9999.0,-9999.0,-9999.0,-9999.0,orientation,size,color,0.38,11.0,2,female,1,2537.0593455999997,0,21
797,-9999.0,-9999.0,-9999.0,-9999.0,-9999.0,-9999.0,-9999.0,-9999.0,-9999.0,orientation,size,color,0.38,11.0,2,female,1,2537.0593455999997,0,21
798,-9999.0,-9999.0,-9999.0,-9999.0,-9999.0,-9999.0,-9999.0,-9999.0,-9999.0,orientation,size,color,0.38,11.0,2,female,1,2537.0593455999997,0,21
799,-9999.0,-9999.0,-9999.0,-9999.0,-9999.0,-9999.0,-9999.0,-9999.0,-9999.0,orientation,size,color,0.38,11.0,2,female,1,2537.0593455999997,0,21
800,-9999.0,-9999.0,-9999.0,-9999.0,-9999.0,-9999.0,-9999.0,-9999.0,-9999.0,orientation,size,color,0.38,11.0,2,female,1,2537.0593455999997,0,21
801,-9999.0,-9999.0,-9999.0,-9999.0,-9999.0,-9999.0,-9999.0,-9999.0,-9999.0,orientation,size,color,0.38,11.0,2,female,1,2537.0593455999997,0,21
802,-9999.0,-9999.0,-9999.0,-9999.0,-9999.0,-9999.0,-9999.0,-9999.0,-9999.0,orientation,size,color,0.38,11.0,2,female,1,2537.0593455999997,0,21
803,-9999.0,-9999.0,-9999.0,-9999.0,-9999.0,-9999.0,-9999.0,-9999.0,-9999.0,orientation,size,color,0.38,11.0,2,female,1,2537.0593455999997,0,21
804,-9999.0,-9999.0,-9999.0,-9999.0,-9999.0,-9999.0,-9999.0,-9999.0,-9999.0,orientation,size,color,0.38,11.0,2,female,1,2537.0593455999997,0,21
805,-9999.0,-9999.0,-9999.0,-9999.0,-9999.0,-9999.0,-9999.0,-9999.0,-9999.0,orientation,size,color,0.38,11.0,2,female,1,2537.0593455999997,0,21
806,-9999.0,-9999.0,-9999.0,-9999.0,-9999.0,-9999.0,-9999.0,-9999.0,-9999.0,orientation,size,color,0.38,11.0,2,female,1,2537.0593455999997,0,21
807,-9999.0,-9999.0,-9999.0,-9999.0,-9999.0,-9999.0,-9999.0,-9999.0,-9999.0,orientation,size,color,0.38,11.0,2,female,1,2537.0593455999997,0,21
808,-9999.0,-9999.0,-9999.0,-9999.0,-9999.0,-9999.0,-9999.0,-9999.0,-9999.0,orientation,size,color,0.38,11.0,2,female,1,2537.0593455999997,0,21
809,-9999.0,-9999.0,-9999.0,-9999.0,-9999.0,-9999.0,-9999.0,-9999.0,-9999.0,orientation,size,color,0.38,11.0,2,female,1,2537.0593455999997,0,21
810,-9999.0,-9999.0,-9999.0,-9999.0,-9999.0,-9999.0,-9999.0,-9999.0,-9999.0,orientation,size,color,0.38,11.0,2,female,1,2537.0593455999997,0,21
811,-9999.0,-9999.0,-9999.0,-9999.0,-9999.0,-9999.0,-9999.0,-9999.0,-9999.0,orientation,size,color,0.38,11.0,2,female,1,2537.0593455999997,0,21
812,-9999.0,-9999.0,-9999.0,-9999.0,-9999.0,-9999.0,-9999.0,-9999.0,-9999.0,orientation,size,color,0.38,11.0,2,female,1,2537.0593455999997,0,21
813,-9999.0,-9999.0,-9999.0,-9999.0,-9999.0,-9999.0,-9999.0,-9999.0,-9999.0,orientation,size,color,0.38,11.0,2,female,1,2537.0593455999997,0,21
814,-9999.0,-9999.0,-9999.0,-9999.0,-9999.0,-9999.0,-9999.0,-9999.0,-9999.0,orientation,size,color,0.38,11.0,2,female,1,2537.0593455999997,0,21
815,-9999.0,-9999.0,-9999.0,-9999.0,-9999.0,-9999.0,-9999.0,-9999.0,-9999.0,orientation,size,color,0.38,11.0,2,female,1,2537.0593455999997,0,21
816,-9999.0,-9999.0,-9999.0,-9999.0,-9999.0,-9999.0,-9999.0,-9999.0,-9999.0,orientation,size,color,0.38,11.0,2,female,1,2537.0593455999997,0,21
817,-9999.0,-9999.0,-9999.0,-9999.0,-9999.0,-9999.0,-9999.0,-9999.0,-9999.0,orientation,size,color,0.38,11.0,2,female,1,2537.0593455999997,0,21
818,-9999.0,-9999.0,-9999.0,-9999.0,-9999.0,-9999.0,-9999.0,-9999.0,-9999.0,orientation,size,color,0.38,11.0,2,female,1,2537.0593455999997,0,21
819,-9999.0,-9999.0,-9999.0,-9999.0,-9999.0,-9999.0,-9999.0,-9999.0,-9999.0,orientation,size,color,0.38,11.0,2,female,1,2537.0593455999997,0,21
820,-9999.0,-9999.0,-9999.0,-9999.0,-9999.0,-9999.0,-9999.0,-9999.0,-9999.0,orientation,size,color,0.38,11.0,2,female,1,2537.0593455999997,0,21
821,-9999.0,-9999.0,-9999.0,-9999.0,-9999.0,-9999.0,-9999.0,-9999.0,-9999.0,orientation,size,color,0.38,11.0,2,female,1,2537.0593455999997,0,21
822,-9999.0,-9999.0,-9999.0,-9999.0,-9999.0,-9999.0,-9999.0,-9999.0,-9999.0,orientation,size,color,0.38,11.0,2,female,1,2537.0593455999997,0,21
823,-9999.0,-9999.0,-9999.0,-9999.0,-9999.0,-9999.0,-9999.0,-9999.0,-9999.0,orientation,size,color,0.38,11.0,2,female,1,2537.0593455999997,0,21
824,-9999.0,-9999.0,-9999.0,-9999.0,-9999.0,-9999.0,-9999.0,-9999.0,-9999.0,orientation,size,color,0.38,11.0,2,female,1,2537.0593455999997,0,21
825,-9999.0,-9999.0,-9999.0,-9999.0,-9999.0,-9999.0,-9999.0,-9999.0,-9999.0,orientation,size,color,0.38,11.0,2,female,1,2537.0593455999997,0,21
826,-9999.0,-9999.0,-9999.0,-9999.0,-9999.0,-9999.0,-9999.0,-9999.0,-9999.0,orientation,size,color,0.38,11.0,2,female,1,2537.0593455999997,0,21
827,-9999.0,-9999.0,-9999.0,-9999.0,-9999.0,-9999.0,-9999.0,-9999.0,-9999.0,orientation,size,color,0.38,11.0,2,female,1,2537.0593455999997,0,21
828,-9999.0,-9999.0,-9999.0,-9999.0,-9999.0,-9999.0,-9999.0,-9999.0,-9999.0,orientation,size,color,0.38,11.0,2,female,1,2537.0593455999997,0,21
829,-9999.0,-9999.0,-9999.0,-9999.0,-9999.0,-9999.0,-9999.0,-9999.0,-9999.0,orientation,size,color,0.38,11.0,2,female,1,2537.0593455999997,0,21
830,-9999.0,-9999.0,-9999.0,-9999.0,-9999.0,-9999.0,-9999.0,-9999.0,-9999.0,orientation,size,color,0.38,11.0,2,female,1,2537.0593455999997,0,21
831,-9999.0,-9999.0,-9999.0,-9999.0,-9999.0,-9999.0,-9999.0,-9999.0,-9999.0,orientation,size,color,0.38,11.0,2,female,1,2537.0593455999997,0,21
832,-9999.0,-9999.0,-9999.0,-9999.0,-9999.0,-9999.0,-9999.0,-9999.0,-9999.0,orientation,size,color,0.38,11.0,2,female,1,2537.0593455999997,0,21
833,-9999.0,-9999.0,-9999.0,-9999.0,-9999.0,-9999.0,-9999.0,-9999.0,-9999.0,orientation,size,color,0.38,11.0,2,female,1,2537.0593455999997,0,21
834,-9999.0,-9999.0,-9999.0,-9999.0,-9999.0,-9999.0,-9999.0,-9999.0,-9999.0,orientation,size,color,0.38,11.0,2,female,1,2537.0593455999997,0,21
835,-9999.0,-9999.0,-9999.0,-9999.0,-9999.0,-9999.0,-9999.0,-9999.0,-9999.0,orientation,size,color,0.38,11.0,2,female,1,2537.0593455999997,0,21
836,-9999.0,-9999.0,-9999.0,-9999.0,-9999.0,-9999.0,-9999.0,-9999.0,-9999.0,orientation,size,color,0.38,11.0,2,female,1,2537.0593455999997,0,21
837,-9999.0,-9999.0,-9999.0,-9999.0,-9999.0,-9999.0,-9999.0,-9999.0,-9999.0,orientation,size,color,0.38,11.0,2,female,1,2537.0593455999997,0,21
838,-9999.0,-9999.0,-9999.0,-9999.0,-9999.0,-9999.0,-9999.0,-9999.0,-9999.0,orientation,size,color,0.38,11.0,2,female,1,2537.0593455999997,0,21
839,-9999.0,-9999.0,-9999.0,-9999.0,-9999.0,-9999.0,-9999.0,-9999.0,-9999.0,orientation,size,color,0.38,11.0,2,female,1,2537.0593455999997,0,21
840,-9999.0,-9999.0,-9999.0,-9999.0,-9999.0,-9999.0,-9999.0,-9999.0,-9999.0,orientation,size,color,0.38,11.0,2,female,1,2537.0593455999997,0,21
841,-9999.0,-9999.0,-9999.0,-9999.0,-9999.0,-9999.0,-9999.0,-9999.0,-9999.0,orientation,size,color,0.38,11.0,2,female,1,2537.0593455999997,0,21
842,-9999.0,-9999.0,-9999.0,-9999.0,-9999.0,-9999.0,-9999.0,-9999.0,-9999.0,orientation,size,color,0.38,11.0,2,female,1,2537.0593455999997,0,21
843,-9999.0,-9999.0,-9999.0,-9999.0,-9999.0,-9999.0,-9999.0,-9999.0,-9999.0,orientation,size,color,0.38,11.0,2,female,1,2537.0593455999997,0,21
844,-9999.0,-9999.0,-9999.0,-9999.0,-9999.0,-9999.0,-9999.0,-9999.0,-9999.0,orientation,size,color,0.38,11.0,2,female,1,2537.0593455999997,0,21
845,-9999.0,-9999.0,-9999.0,-9999.0,-9999.0,-9999.0,-9999.0,-9999.0,-9999.0,orientation,size,color,0.38,11.0,2,female,1,2537.0593455999997,0,21
846,-9999.0,-9999.0,-9999.0,-9999.0,-9999.0,-9999.0,-9999.0,-9999.0,-9999.0,orientation,size,color,0.38,11.0,2,female,1,2537.0593455999997,0,21
847,-9999.0,-9999.0,-9999.0,-9999.0,-9999.0,-9999.0,-9999.0,-9999.0,-9999.0,orientation,size,color,0.38,11.0,2,female,1,2537.0593455999997,0,21
848,-9999.0,-9999.0,-9999.0,-9999.0,-9999.0,-9999.0,-9999.0,-9999.0,-9999.0,orientation,size,color,0.38,11.0,2,female,1,2537.0593455999997,0,21
849,-9999.0,-9999.0,-9999.0,-9999.0,-9999.0,-9999.0,-9999.0,-9999.0,-9999.0,orientation,size,color,0.38,11.0,2,female,1,2537.0593455999997,0,21
850,-9999.0,-9999.0,-9999.0,-9999.0,-9999.0,-9999.0,-9999.0,-9999.0,-9999.0,orientation,size,color,0.38,11.0,2,female,1,2537.0593455999997,0,21
851,-9999.0,-9999.0,-9999.0,-9999.0,-9999.0,-9999.0,-9999.0,-9999.0,-9999.0,orientation,size,color,0.38,11.0,2,female,1,2537.0593455999997,0,21
852,-9999.0,-9999.0,-9999.0,-9999.0,-9999.0,-9999.0,-9999.0,-9999.0,-9999.0,orientation,size,color,0.38,11.0,2,female,1,2537.0593455999997,0,21
853,-9999.0,-9999.0,-9999.0,-9999.0,-9999.0,-9999.0,-9999.0,-9999.0,-9999.0,orientation,size,color,0.38,11.0,2,female,1,2537.0593455999997,0,21
854,-9999.0,-9999.0,-9999.0,-9999.0,-9999.0,-9999.0,-9999.0,-9999.0,-9999.0,orientation,size,color,0.38,11.0,2,female,1,2537.0593455999997,0,21
855,-9999.0,-9999.0,-9999.0,-9999.0,-9999.0,-9999.0,-9999.0,-9999.0,-9999.0,orientation,size,color,0.38,11.0,2,female,1,2537.0593455999997,0,21
856,-9999.0,-9999.0,-9999.0,-9999.0,-9999.0,-9999.0,-9999.0,-9999.0,-9999.0,orientation,size,color,0.38,11.0,2,female,1,2537.0593455999997,0,21
857,-9999.0,-9999.0,-9999.0,-9999.0,-9999.0,-9999.0,-9999.0,-9999.0,-9999.0,orientation,size,color,0.38,11.0,2,female,1,2537.0593455999997,0,21
858,-9999.0,-9999.0,-9999.0,-9999.0,-9999.0,-9999.0,-9999.0,-9999.0,-9999.0,orientation,size,color,0.38,11.0,2,female,1,2537.0593455999997,0,21
859,-9999.0,-9999.0,-9999.0,-9999.0,-9999.0,-9999.0,-9999.0,-9999.0,-9999.0,orientation,size,color,0.38,11.0,2,female,1,2537.0593455999997,0,21
860,-9999.0,-9999.0,-9999.0,-9999.0,-9999.0,-9999.0,-9999.0,-9999.0,-9999.0,orientation,size,color,0.38,11.0,2,female,1,2537.0593455999997,0,21
861,-9999.0,-9999.0,-9999.0,-9999.0,-9999.0,-9999.0,-9999.0,-9999.0,-9999.0,orientation,size,color,0.38,11.0,2,female,1,2537.0593455999997,0,21
862,-9999.0,-9999.0,-9999.0,-9999.0,-9999.0,-9999.0,-9999.0,-9999.0,-9999.0,orientation,size,color,0.38,11.0,2,female,1,2537.0593455999997,0,21
863,-9999.0,-9999.0,-9999.0,-9999.0,-9999.0,-9999.0,-9999.0,-9999.0,-9999.0,orientation,size,color,0.38,11.0,2,female,1,2537.0593455999997,0,21
864,-9999.0,-9999.0,-9999.0,-9999.0,-9999.0,-9999.0,-9999.0,-9999.0,-9999.0,orientation,size,color,0.38,11.0,2,female,1,2537.0593455999997,0,21
865,-9999.0,-9999.0,-9999.0,-9999.0,-9999.0,-9999.0,-9999.0,-9999.0,-9999.0,orientation,size,color,0.38,11.0,2,female,1,2537.0593455999997,0,21
866,-9999.0,-9999.0,-9999.0,-9999.0,-9999.0,-9999.0,-9999.0,-9999.0,-9999.0,orientation,size,color,0.38,11.0,2,female,1,2537.0593455999997,0,21
867,-9999.0,-9999.0,-9999.0,-9999.0,-9999.0,-9999.0,-9999.0,-9999.0,-9999.0,orientation,size,color,0.38,11.0,2,female,1,2537.0593455999997,0,21
868,-9999.0,-9999.0,-9999.0,-9999.0,-9999.0,-9999.0,-9999.0,-9999.0,-9999.0,orientation,size,color,0.38,11.0,2,female,1,2537.0593455999997,0,21
869,-9999.0,-9999.0,-9999.0,-9999.0,-9999.0,-9999.0,-9999.0,-9999.0,-9999.0,orientation,size,color,0.38,11.0,2,female,1,2537.0593455999997,0,21
870,-9999.0,-9999.0,-9999.0,-9999.0,-9999.0,-9999.0,-9999.0,-9999.0,-9999.0,orientation,size,color,0.38,11.0,2,female,1,2537.0593455999997,0,21
871,-9999.0,-9999.0,-9999.0,-9999.0,-9999.0,-9999.0,-9999.0,-9999.0,-9999.0,orientation,size,color,0.38,11.0,2,female,1,2537.0593455999997,0,21
872,-9999.0,-9999.0,-9999.0,-9999.0,-9999.0,-9999.0,-9999.0,-9999.0,-9999.0,orientation,size,color,0.38,11.0,2,female,1,2537.0593455999997,0,21
873,-9999.0,-9999.0,-9999.0,-9999.0,-9999.0,-9999.0,-9999.0,-9999.0,-9999.0,orientation,size,color,0.38,11.0,2,female,1,2537.0593455999997,0,21
874,-9999.0,-9999.0,-9999.0,-9999.0,-9999.0,-9999.0,-9999.0,-9999.0,-9999.0,orientation,size,color,0.38,11.0,2,female,1,2537.0593455999997,0,21
875,-9999.0,-9999.0,-9999.0,-9999.0,-9999.0,-9999.0,-9999.0,-9999.0,-9999.0,orientation,size,color,0.38,11.0,2,female,1,2537.0593455999997,0,21
876,-9999.0,-9999.0,-9999.0,-9999.0,-9999.0,-9999.0,-9999.0,-9999.0,-9999.0,orientation,size,color,0.38,11.0,2,female,1,2537.0593455999997,0,21
877,-9999.0,-9999.0,-9999.0,-9999.0,-9999.0,-9999.0,-9999.0,-9999.0,-9999.0,orientation,size,color,0.38,11.0,2,female,1,2537.0593455999997,0,21
878,-9999.0,-9999.0,-9999.0,-9999.0,-9999.0,-9999.0,-9999.0,-9999.0,-9999.0,orientation,size,color,0.38,11.0,2,female,1,2537.0593455999997,0,21
879,-9999.0,-9999.0,-9999.0,-9999.0,-9999.0,-9999.0,-9999.0,-9999.0,-9999.0,orientation,size,color,0.38,11.0,2,female,1,2537.0593455999997,0,21
880,-9999.0,-9999.0,-9999.0,-9999.0,-9999.0,-9999.0,-9999.0,-9999.0,-9999.0,orientation,size,color,0.38,11.0,2,female,1,2537.0593455999997,0,21
881,-9999.0,-9999.0,-9999.0,-9999.0,-9999.0,-9999.0,-9999.0,-9999.0,-9999.0,orientation,size,color,0.38,11.0,2,female,1,2537.0593455999997,0,21
882,-9999.0,-9999.0,-9999.0,-9999.0,-9999.0,-9999.0,-9999.0,-9999.0,-9999.0,orientation,size,color,0.38,11.0,2,female,1,2537.0593455999997,0,21
883,-9999.0,-9999.0,-9999.0,-9999.0,-9999.0,-9999.0,-9999.0,-9999.0,-9999.0,orientation,size,color,0.38,11.0,2,female,1,2537.0593455999997,0,21
884,-9999.0,-9999.0,-9999.0,-9999.0,-9999.0,-9999.0,-9999.0,-9999.0,-9999.0,orientation,size,color,0.38,11.0,2,female,1,2537.0593455999997,0,21
885,-9999.0,-9999.0,-9999.0,-9999.0,-9999.0,-9999.0,-9999.0,-9999.0,-9999.0,orientation,size,color,0.38,11.0,2,female,1,2537.0593455999997,0,21
886,-9999.0,-9999.0,-9999.0,-9999.0,-9999.0,-9999.0,-9999.0,-9999.0,-9999.0,orientation,size,color,0.38,11.0,2,female,1,2537.0593455999997,0,21
887,-9999.0,-9999.0,-9999.0,-9999.0,-9999.0,-9999.0,-9999.0,-9999.0,-9999.0,orientation,size,color,0.38,11.0,2,female,1,2537.0593455999997,0,21
888,-9999.0,-9999.0,-9999.0,-9999.0,-9999.0,-9999.0,-9999.0,-9999.0,-9999.0,orientation,size,color,0.38,11.0,2,female,1,2537.0593455999997,0,21
889,-9999.0,-9999.0,-9999.0,-9999.0,-9999.0,-9999.0,-9999.0,-9999.0,-9999.0,orientation,size,color,0.38,11.0,2,female,1,2537.0593455999997,0,21
890,-9999.0,-9999.0,-9999.0,-9999.0,-9999.0,-9999.0,-9999.0,-9999.0,-9999.0,orientation,size,color,0.38,11.0,2,female,1,2537.0593455999997,0,21
891,-9999.0,-9999.0,-9999.0,-9999.0,-9999.0,-9999.0,-9999.0,-9999.0,-9999.0,orientation,size,color,0.38,11.0,2,female,1,2537.0593455999997,0,21
892,-9999.0,-9999.0,-9999.0,-9999.0,-9999.0,-9999.0,-9999.0,-9999.0,-9999.0,orientation,size,color,0.38,11.0,2,female,1,2537.0593455999997,0,21
893,-9999.0,-9999.0,-9999.0,-9999.0,-9999.0,-9999.0,-9999.0,-9999.0,-9999.0,orientation,size,color,0.38,11.0,2,female,1,2537.0593455999997,0,21
894,-9999.0,-9999.0,-9999.0,-9999.0,-9999.0,-9999.0,-9999.0,-9999.0,-9999.0,orientation,size,color,0.38,11.0,2,female,1,2537.0593455999997,0,21
895,-9999.0,-9999.0,-9999.0,-9999.0,-9999.0,-9999.0,-9999.0,-9999.0,-9999.0,orientation,size,color,0.38,11.0,2,female,1,2537.0593455999997,0,21
896,-9999.0,-9999.0,-9999.0,-9999.0,-9999.0,-9999.0,-9999.0,-9999.0,-9999.0,orientation,size,color,0.38,11.0,2,female,1,2537.0593455999997,0,21
897,-9999.0,-9999.0,-9999.0,-9999.0,-9999.0,-9999.0,-9999.0,-9999.0,-9999.0,orientation,size,color,0.38,11.0,2,female,1,2537.0593455999997,0,21
898,-9999.0,-9999.0,-9999.0,-9999.0,-9999.0,-9999.0,-9999.0,-9999.0,-9999.0,orientation,size,color,0.38,11.0,2,female,1,2537.0593455999997,0,21
899,-9999.0,-9999.0,-9999.0,-9999.0,-9999.0,-9999.0,-9999.0,-9999.0,-9999.0,orientation,size,color,0.38,11.0,2,female,1,2537.0593455999997,0,21
900,-9999.0,-9999.0,-9999.0,-9999.0,-9999.0,-9999.0,-9999.0,-9999.0,-9999.0,orientation,size,color,0.38,11.0,2,female,1,2537.0593455999997,0,21
901,-9999.0,-9999.0,-9999.0,-9999.0,-9999.0,-9999.0,-9999.0,-9999.0,-9999.0,orientation,size,color,0.38,11.0,2,female,1,2537.0593455999997,0,21
902,-9999.0,-9999.0,-9999.0,-9999.0,-9999.0,-9999.0,-9999.0,-9999.0,-9999.0,orientation,size,color,0.38,11.0,2,female,1,2537.0593455999997,0,21
903,-9999.0,-9999.0,-9999.0,-9999.0,-9999.0,-9999.0,-9999.0,-9999.0,-9999.0,orientation,size,color,0.38,11.0,2,female,1,2537.0593455999997,0,21
904,-9999.0,-9999.0,-9999.0,-9999.0,-9999.0,-9999.0,-9999.0,-9999.0,-9999.0,orientation,size,color,0.38,11.0,2,female,1,2537.0593455999997,0,21
905,-9999.0,-9999.0,-9999.0,-9999.0,-9999.0,-9999.0,-9999.0,-9999.0,-9999.0,orientation,size,color,0.38,11.0,2,female,1,2537.0593455999997,0,21
906,-9999.0,-9999.0,-9999.0,-9999.0,-9999.0,-9999.0,-9999.0,-9999.0,-9999.0,orientation,size,color,0.38,11.0,2,female,1,2537.0593455999997,0,21
907,-9999.0,-9999.0,-9999.0,-9999.0,-9999.0,-9999.0,-9999.0,-9999.0,-9999.0,orientation,size,color,0.38,11.0,2,female,1,2537.0593455999997,0,21
908,-9999.0,-9999.0,-9999.0,-9999.0,-9999.0,-9999.0,-9999.0,-9999.0,-9999.0,orientation,size,color,0.38,11.0,2,female,1,2537.0593455999997,0,21
909,-9999.0,-9999.0,-9999.0,-9999.0,-9999.0,-9999.0,-9999.0,-9999.0,-9999.0,orientation,size,color,0.38,11.0,2,female,1,2537.0593455999997,0,21
910,-9999.0,-9999.0,-9999.0,-9999.0,-9999.0,-9999.0,-9999.0,-9999.0,-9999.0,orientation,size,color,0.38,11.0,2,female,1,2537.0593455999997,0,21
911,-9999.0,-9999.0,-9999.0,-9999.0,-9999.0,-9999.0,-9999.0,-9999.0,-9999.0,orientation,size,color,0.38,11.0,2,female,1,2537.0593455999997,0,21
912,-9999.0,-9999.0,-9999.0,-9999.0,-9999.0,-9999.0,-9999.0,-9999.0,-9999.0,orientation,size,color,0.38,11.0,2,female,1,2537.0593455999997,0,21
913,-9999.0,-9999.0,-9999.0,-9999.0,-9999.0,-9999.0,-9999.0,-9999.0,-9999.0,orientation,size,color,0.38,11.0,2,female,1,2537.0593455999997,0,21
914,-9999.0,-9999.0,-9999.0,-9999.0,-9999.0,-9999.0,-9999.0,-9999.0,-9999.0,orientation,size,color,0.38,11.0,2,female,1,2537.0593455999997,0,21
915,-9999.0,-9999.0,-9999.0,-9999.0,-9999.0,-9999.0,-9999.0,-9999.0,-9999.0,orientation,size,color,0.38,11.0,2,female,1,2537.0593455999997,0,21
916,-9999.0,-9999.0,-9999.0,-9999.0,-9999.0,-9999.0,-9999.0,-9999.0,-9999.0,orientation,size,color,0.38,11.0,2,female,1,2537.0593455999997,0,21
917,-9999.0,-9999.0,-9999.0,-9999.0,-9999.0,-9999.0,-9999.0,-9999.0,-9999.0,orientation,size,color,0.38,11.0,2,female,1,2537.0593455999997,0,21
918,-9999.0,-9999.0,-9999.0,-9999.0,-9999.0,-9999.0,-9999.0,-9999.0,-9999.0,orientation,size,color,0.38,11.0,2,female,1,2537.0593455999997,0,21
919,-9999.0,-9999.0,-9999.0,-9999.0,-9999.0,-9999.0,-9999.0,-9999.0,-9999.0,orientation,size,color,0.38,11.0,2,female,1,2537.0593455999997,0,21
920,-9999.0,-9999.0,-9999.0,-9999.0,-9999.0,-9999.0,-9999.0,-9999.0,-9999.0,orientation,size,color,0.38,11.0,2,female,1,2537.0593455999997,0,21
921,-9999.0,-9999.0,-9999.0,-9999.0,-9999.0,-9999.0,-9999.0,-9999.0,-9999.0,orientation,size,color,0.38,11.0,2,female,1,2537.0593455999997,0,21
922,-9999.0,-9999.0,-9999.0,-9999.0,-9999.0,-9999.0,-9999.0,-9999.0,-9999.0,orientation,size,color,0.38,11.0,2,female,1,2537.0593455999997,0,21
923,-9999.0,-9999.0,-9999.0,-9999.0,-9999.0,-9999.0,-9999.0,-9999.0,-9999.0,orientation,size,color,0.38,11.0,2,female,1,2537.0593455999997,0,21
924,-9999.0,-9999.0,-9999.0,-9999.0,-9999.0,-9999.0,-9999.0,-9999.0,-9999.0,orientation,size,color,0.38,11.0,2,female,1,2537.0593455999997,0,21
925,-9999.0,-9999.0,-9999.0,-9999.0,-9999.0,-9999.0,-9999.0,-9999.0,-9999.0,orientation,size,color,0.38,11.0,2,female,1,2537.0593455999997,0,21
926,-9999.0,-9999.0,-9999.0,-9999.0,-9999.0,-9999.0,-9999.0,-9999.0,-9999.0,orientation,size,color,0.38,11.0,2,female,1,2537.0593455999997,0,21
927,-9999.0,-9999.0,-9999.0,-9999.0,-9999.0,-9999.0,-9999.0,-9999.0,-9999.0,orientation,size,color,0.38,11.0,2,female,1,2537.0593455999997,0,21
928,-9999.0,-9999.0,-9999.0,-9999.0,-9999.0,-9999.0,-9999.0,-9999.0,-9999.0,orientation,size,color,0.38,11.0,2,female,1,2537.0593455999997,0,21
929,-9999.0,-9999.0,-9999.0,-9999.0,-9999.0,-9999.0,-9999.0,-9999.0,-9999.0,orientation,size,color,0.38,11.0,2,female,1,2537.0593455999997,0,21
930,-9999.0,-9999.0,-9999.0,-9999.0,-9999.0,-9999.0,-9999.0,-9999.0,-9999.0,orientation,size,color,0.38,11.0,2,female,1,2537.0593455999997,0,21
931,-9999.0,-9999.0,-9999.0,-9999.0,-9999.0,-9999.0,-9999.0,-9999.0,-9999.0,orientation,size,color,0.38,11.0,2,female,1,2537.0593455999997,0,21
932,-9999.0,-9999.0,-9999.0,-9999.0,-9999.0,-9999.0,-9999.0,-9999.0,-9999.0,orientation,size,color,0.38,11.0,2,female,1,2537.0593455999997,0,21
933,-9999.0,-9999.0,-9999.0,-9999.0,-9999.0,-9999.0,-9999.0,-9999.0,-9999.0,orientation,size,color,0.38,11.0,2,female,1,2537.0593455999997,0,21
934,-9999.0,-9999.0,-9999.0,-9999.0,-9999.0,-9999.0,-9999.0,-9999.0,-9999.0,orientation,size,color,0.38,11.0,2,female,1,2537.0593455999997,0,21
935,-9999.0,-9999.0,-9999.0,-9999.0,-9999.0,-9999.0,-9999.0,-9999.0,-9999.0,orientation,size,color,0.38,11.0,2,female,1,2537.0593455999997,0,21
936,-9999.0,-9999.0,-9999.0,-9999.0,-9999.0,-9999.0,-9999.0,-9999.0,-9999.0,orientation,size,color,0.38,11.0,2,female,1,2537.0593455999997,0,21
937,-9999.0,-9999.0,-9999.0,-9999.0,-9999.0,-9999.0,-9999.0,-9999.0,-9999.0,orientation,size,color,0.38,11.0,2,female,1,2537.0593455999997,0,21
938,-9999.0,-9999.0,-9999.0,-9999.0,-9999.0,-9999.0,-9999.0,-9999.0,-9999.0,orientation,size,color,0.38,11.0,2,female,1,2537.0593455999997,0,21
939,-9999.0,-9999.0,-9999.0,-9999.0,-9999.0,-9999.0,-9999.0,-9999.0,-9999.0,orientation,size,color,0.38,11.0,2,female,1,2537.0593455999997,0,21
940,-9999.0,-9999.0,-9999.0,-9999.0,-9999.0,-9999.0,-9999.0,-9999.0,-9999.0,orientation,size,color,0.38,11.0,2,female,1,2537.0593455999997,0,21
941,-9999.0,-9999.0,-9999.0,-9999.0,-9999.0,-9999.0,-9999.0,-9999.0,-9999.0,orientation,size,color,0.38,11.0,2,female,1,2537.0593455999997,0,21
942,-9999.0,-9999.0,-9999.0,-9999.0,-9999.0,-9999.0,-9999.0,-9999.0,-9999.0,orientation,size,color,0.38,11.0,2,female,1,2537.0593455999997,0,21
943,-9999.0,-9999.0,-9999.0,-9999.0,-9999.0,-9999.0,-9999.0,-9999.0,-9999.0,orientation,size,color,0.38,11.0,2,female,1,2537.0593455999997,0,21
944,-9999.0,-9999.0,-9999.0,-9999.0,-9999.0,-9999.0,-9999.0,-9999.0,-9999.0,orientation,size,color,0.38,11.0,2,female,1,2537.0593455999997,0,21
945,-9999.0,-9999.0,-9999.0,-9999.0,-9999.0,-9999.0,-9999.0,-9999.0,-9999.0,orientation,size,color,0.38,11.0,2,female,1,2537.0593455999997,0,21
946,-9999.0,-9999.0,-9999.0,-9999.0,-9999.0,-9999.0,-9999.0,-9999.0,-9999.0,orientation,size,color,0.38,11.0,2,female,1,2537.0593455999997,0,21
947,-9999.0,-9999.0,-9999.0,-9999.0,-9999.0,-9999.0,-9999.0,-9999.0,-9999.0,orientation,size,color,0.38,11.0,2,female,1,2537.0593455999997,0,21
948,-9999.0,-9999.0,-9999.0,-9999.0,-9999.0,-9999.0,-9999.0,-9999.0,-9999.0,orientation,size,color,0.38,11.0,2,female,1,2537.0593455999997,0,21
949,-9999.0,-9999.0,-9999.0,-9999.0,-9999.0,-9999.0,-9999.0,-9999.0,-9999.0,orientation,size,color,0.38,11.0,2,female,1,2537.0593455999997,0,21
950,-9999.0,-9999.0,-9999.0,-9999.0,-9999.0,-9999.0,-9999.0,-9999.0,-9999.0,orientation,size,color,0.38,11.0,2,female,1,2537.0593455999997,0,21
951,-9999.0,-9999.0,-9999.0,-9999.0,-9999.0,-9999.0,-9999.0,-9999.0,-9999.0,orientation,size,color,0.38,11.0,2,female,1,2537.0593455999997,0,21
952,-9999.0,-9999.0,-9999.0,-9999.0,-9999.0,-9999.0,-9999.0,-9999.0,-9999.0,orientation,size,color,0.38,11.0,2,female,1,2537.0593455999997,0,21
953,-9999.0,-9999.0,-9999.0,-9999.0,-9999.0,-9999.0,-9999.0,-9999.0,-9999.0,orientation,size,color,0.38,11.0,2,female,1,2537.0593455999997,0,21
954,-9999.0,-9999.0,-9999.0,-9999.0,-9999.0,-9999.0,-9999.0,-9999.0,-9999.0,orientation,size,color,0.38,11.0,2,female,1,2537.0593455999997,0,21
955,-9999.0,-9999.0,-9999.0,-9999.0,-9999.0,-9999.0,-9999.0,-9999.0,-9999.0,orientation,size,color,0.38,11.0,2,female,1,2537.0593455999997,0,21
956,-9999.0,-9999.0,-9999.0,-9999.0,-9999.0,-9999.0,-9999.0,-9999.0,-9999.0,orientation,size,color,0.38,11.0,2,female,1,2537.0593455999997,0,21
957,-9999.0,-9999.0,-9999.0,-9999.0,-9999.0,-9999.0,-9999.0,-9999.0,-9999.0,orientation,size,color,0.38,11.0,2,female,1,2537.0593455999997,0,21
958,-9999.0,-9999.0,-9999.0,-9999.0,-9999.0,-9999.0,-9999.0,-9999.0,-9999.0,orientation,size,color,0.38,11.0,2,female,1,2537.0593455999997,0,21
959,-9999.0,-9999.0,-9999.0,-9999.0,-9999.0,-9999.0,-9999.0,-9999.0,-9999.0,orientation,size,color,0.38,11.0,2,female,1,2537.0593455999997,0,21
960,-9999.0,-9999.0,-9999.0,-9999.0,-9999.0,-9999.0,-9999.0,-9999.0,-9999.0,orientation,size,color,0.38,11.0,2,female,1,2537.0593455999997,0,21
961,-9999.0,-9999.0,-9999.0,-9999.0,-9999.0,-9999.0,-9999.0,-9999.0,-9999.0,orientation,size,color,0.38,11.0,2,female,1,2537.0593455999997,0,21
962,-9999.0,-9999.0,-9999.0,-9999.0,-9999.0,-9999.0,-9999.0,-9999.0,-9999.0,orientation,size,color,0.38,11.0,2,female,1,2537.0593455999997,0,21
963,-9999.0,-9999.0,-9999.0,-9999.0,-9999.0,-9999.0,-9999.0,-9999.0,-9999.0,orientation,size,color,0.38,11.0,2,female,1,2537.0593455999997,0,21
964,-9999.0,-9999.0,-9999.0,-9999.0,-9999.0,-9999.0,-9999.0,-9999.0,-9999.0,orientation,size,color,0.38,11.0,2,female,1,2537.0593455999997,0,21
965,-9999.0,-9999.0,-9999.0,-9999.0,-9999.0,-9999.0,-9999.0,-9999.0,-9999.0,orientation,size,color,0.38,11.0,2,female,1,2537.0593455999997,0,21
966,-9999.0,-9999.0,-9999.0,-9999.0,-9999.0,-9999.0,-9999.0,-9999.0,-9999.0,orientation,size,color,0.38,11.0,2,female,1,2537.0593455999997,0,21
967,-9999.0,-9999.0,-9999.0,-9999.0,-9999.0,-9999.0,-9999.0,-9999.0,-9999.0,orientation,size,color,0.38,11.0,2,female,1,2537.0593455999997,0,21
968,-9999.0,-9999.0,-9999.0,-9999.0,-9999.0,-9999.0,-9999.0,-9999.0,-9999.0,orientation,size,color,0.38,11.0,2,female,1,2537.0593455999997,0,21
969,-9999.0,-9999.0,-9999.0,-9999.0,-9999.0,-9999.0,-9999.0,-9999.0,-9999.0,orientation,size,color,0.38,11.0,2,female,1,2537.0593455999997,0,21
970,-9999.0,-9999.0,-9999.0,-9999.0,-9999.0,-9999.0,-9999.0,-9999.0,-9999.0,orientation,size,color,0.38,11.0,2,female,1,2537.0593455999997,0,21
971,-9999.0,-9999.0,-9999.0,-9999.0,-9999.0,-9999.0,-9999.0,-9999.0,-9999.0,orientation,size,color,0.38,11.0,2,female,1,2537.0593455999997,0,21
972,-9999.0,-9999.0,-9999.0,-9999.0,-9999.0,-9999.0,-9999.0,-9999.0,-9999.0,orientation,size,color,0.38,11.0,2,female,1,2537.0593455999997,0,21
973,-9999.0,-9999.0,-9999.0,-9999.0,-9999.0,-9999.0,-9999.0,-9999.0,-9999.0,orientation,size,color,0.38,11.0,2,female,1,2537.0593455999997,0,21
974,-9999.0,-9999.0,-9999.0,-9999.0,-9999.0,-9999.0,-9999.0,-9999.0,-9999.0,orientation,size,color,0.38,11.0,2,female,1,2537.0593455999997,0,21
975,-9999.0,-9999.0,-9999.0,-9999.0,-9999.0,-9999.0,-9999.0,-9999.0,-9999.0,orientation,size,color,0.38,11.0,2,female,1,2537.0593455999997,0,21
976,-9999.0,-9999.0,-9999.0,-9999.0,-9999.0,-9999.0,-9999.0,-9999.0,-9999.0,orientation,size,color,0.38,11.0,2,female,1,2537.0593455999997,0,21
977,-9999.0,-9999.0,-9999.0,-9999.0,-9999.0,-9999.0,-9999.0,-9999.0,-9999.0,orientation,size,color,0.38,11.0,2,female,1,2537.0593455999997,0,21
978,-9999.0,-9999.0,-9999.0,-9999.0,-9999.0,-9999.0,-9999.0,-9999.0,-9999.0,orientation,size,color,0.38,11.0,2,female,1,2537.0593455999997,0,21
979,-9999.0,-9999.0,-9999.0,-9999.0,-9999.0,-9999.0,-9999.0,-9999.0,-9999.0,orientation,size,color,0.38,11.0,2,female,1,2537.0593455999997,0,21
980,-9999.0,-9999.0,-9999.0,-9999.0,-9999.0,-9999.0,-9999.0,-9999.0,-9999.0,orientation,size,color,0.38,11.0,2,female,1,2537.0593455999997,0,21
981,-9999.0,-9999.0,-9999.0,-9999.0,-9999.0,-9999.0,-9999.0,-9999.0,-9999.0,orientation,size,color,0.38,11.0,2,female,1,2537.0593455999997,0,21
982,-9999.0,-9999.0,-9999.0,-9999.0,-9999.0,-9999.0,-9999.0,-9999.0,-9999.0,orientation,size,color,0.38,11.0,2,female,1,2537.0593455999997,0,21
983,-9999.0,-9999.0,-9999.0,-9999.0,-9999.0,-9999.0,-9999.0,-9999.0,-9999.0,orientation,size,color,0.38,11.0,2,female,1,2537.0593455999997,0,21
984,-9999.0,-9999.0,-9999.0,-9999.0,-9999.0,-9999.0,-9999.0,-9999.0,-9999.0,orientation,size,color,0.38,11.0,2,female,1,2537.0593455999997,0,21
985,-9999.0,-9999.0,-9999.0,-9999.0,-9999.0,-9999.0,-9999.0,-9999.0,-9999.0,orientation,size,color,0.38,11.0,2,female,1,2537.0593455999997,0,21
986,-9999.0,-9999.0,-9999.0,-9999.0,-9999.0,-9999.0,-9999.0,-9999.0,-9999.0,orientation,size,color,0.38,11.0,2,female,1,2537.0593455999997,0,21
987,-9999.0,-9999.0,-9999.0,-9999.0,-9999.0,-9999.0,-9999.0,-9999.0,-9999.0,orientation,size,color,0.38,11.0,2,female,1,2537.0593455999997,0,21
988,-9999.0,-9999.0,-9999.0,-9999.0,-9999.0,-9999.0,-9999.0,-9999.0,-9999.0,orientation,size,color,0.38,11.0,2,female,1,2537.0593455999997,0,21
989,-9999.0,-9999.0,-9999.0,-9999.0,-9999.0,-9999.0,-9999.0,-9999.0,-9999.0,orientation,size,color,0.38,11.0,2,female,1,2537.0593455999997,0,21
990,-9999.0,-9999.0,-9999.0,-9999.0,-9999.0,-9999.0,-9999.0,-9999.0,-9999.0,orientation,size,color,0.38,11.0,2,female,1,2537.0593455999997,0,21
991,-9999.0,-9999.0,-9999.0,-9999.0,-9999.0,-9999.0,-9999.0,-9999.0,-9999.0,orientation,size,color,0.38,11.0,2,female,1,2537.0593455999997,0,21
992,-9999.0,-9999.0,-9999.0,-9999.0,-9999.0,-9999.0,-9999.0,-9999.0,-9999.0,orientation,size,color,0.38,11.0,2,female,1,2537.0593455999997,0,21
993,-9999.0,-9999.0,-9999.0,-9999.0,-9999.0,-9999.0,-9999.0,-9999.0,-9999.0,orientation,size,color,0.38,11.0,2,female,1,2537.0593455999997,0,21
994,-9999.0,-9999.0,-9999.0,-9999.0,-9999.0,-9999.0,-9999.0,-9999.0,-9999.0,orientation,size,color,0.38,11.0,2,female,1,2537.0593455999997,0,21
995,-9999.0,-9999.0,-9999.0,-9999.0,-9999.0,-9999.0,-9999.0,-9999.0,-9999.0,orientation,size,color,0.38,11.0,2,female,1,2537.0593455999997,0,21
996,-9999.0,-9999.0,-9999.0,-9999.0,-9999.0,-9999.0,-9999.0,-9999.0,-9999.0,orientation,size,color,0.38,11.0,2,female,1,2537.0593455999997,0,21
997,-9999.0,-9999.0,-9999.0,-9999.0,-9999.0,-9999.0,-9999.0,-9999.0,-9999.0,orientation,size,color,0.38,11.0,2,female,1,2537.0593455999997,0,21
998,-9999.0,-9999.0,-9999.0,-9999.0,-9999.0,-9999.0,-9999.0,-9999.0,-9999.0,orientation,size,color,0.38,11.0,2,female,1,2537.0593455999997,0,21
999,-9999.0,-9999.0,-9999.0,-9999.0,-9999.0,-9999.0,-9999.0,-9999.0,-9999.0,orientation,size,color,0.38,11.0,2,female,1,2537.0593455999997,0,21
1000,-9999.0,-9999.0,-9999.0,-9999.0,-9999.0,-9999.0,-9999.0,-9999.0,-9999.0,orientation,size,color,0.38,11.0,2,female,1,2537.0593455999997,0,21
1001,-9999.0,-9999.0,-9999.0,-9999.0,-9999.0,-9999.0,-9999.0,-9999.0,-9999.0,orientation,size,color,0.38,11.0,2,female,1,2537.0593455999997,0,21
1002,-9999.0,-9999.0,-9999.0,-9999.0,-9999.0,-9999.0,-9999.0,-9999.0,-9999.0,orientation,size,color,0.38,11.0,2,female,1,2537.0593455999997,0,21
1003,-9999.0,-9999.0,-9999.0,-9999.0,-9999.0,-9999.0,-9999.0,-9999.0,-9999.0,orientation,size,color,0.38,11.0,2,female,1,2537.0593455999997,0,21
1004,-9999.0,-9999.0,-9999.0,-9999.0,-9999.0,-9999.0,-9999.0,-9999.0,-9999.0,orientation,size,color,0.38,11.0,2,female,1,2537.0593455999997,0,21
1005,-9999.0,-9999.0,-9999.0,-9999.0,-9999.0,-9999.0,-9999.0,-9999.0,-9999.0,orientation,size,color,0.38,11.0,2,female,1,2537.0593455999997,0,21
1006,-9999.0,-9999.0,-9999.0,-9999.0,-9999.0,-9999.0,-9999.0,-9999.0,-9999.0,orientation,size,color,0.38,11.0,2,female,1,2537.0593455999997,0,21
1007,-9999.0,-9999.0,-9999.0,-9999.0,-9999.0,-9999.0,-9999.0,-9999.0,-9999.0,orientation,size,color,0.38,11.0,2,female,1,2537.0593455999997,0,21
1008,-9999.0,-9999.0,-9999.0,-9999.0,-9999.0,-9999.0,-9999.0,-9999.0,-9999.0,orientation,size,color,0.38,11.0,2,female,1,2537.0593455999997,0,21
1009,-9999.0,-9999.0,-9999.0,-9999.0,-9999.0,-9999.0,-9999.0,-9999.0,-9999.0,orientation,size,color,0.38,11.0,2,female,1,2537.0593455999997,0,21
1010,-9999.0,-9999.0,-9999.0,-9999.0,-9999.0,-9999.0,-9999.0,-9999.0,-9999.0,orientation,size,color,0.38,11.0,2,female,1,2537.0593455999997,0,21
1011,-9999.0,-9999.0,-9999.0,-9999.0,-9999.0,-9999.0,-9999.0,-9999.0,-9999.0,orientation,size,color,0.38,11.0,2,female,1,2537.0593455999997,0,21
1012,-9999.0,-9999.0,-9999.0,-9999.0,-9999.0,-9999.0,-9999.0,-9999.0,-9999.0,orientation,size,color,0.38,11.0,2,female,1,2537.0593455999997,0,21
1013,-9999.0,-9999.0,-9999.0,-9999.0,-9999.0,-9999.0,-9999.0,-9999.0,-9999.0,orientation,size,color,0.38,11.0,2,female,1,2537.0593455999997,0,21
1014,-9999.0,-9999.0,-9999.0,-9999.0,-9999.0,-9999.0,-9999.0,-9999.0,-9999.0,orientation,size,color,0.38,11.0,2,female,1,2537.0593455999997,0,21
1015,-9999.0,-9999.0,-9999.0,-9999.0,-9999.0,-9999.0,-9999.0,-9999.0,-9999.0,orientation,size,color,0.38,11.0,2,female,1,2537.0593455999997,0,21
1016,-9999.0,-9999.0,-9999.0,-9999.0,-9999.0,-9999.0,-9999.0,-9999.0,-9999.0,orientation,size,color,0.38,11.0,2,female,1,2537.0593455999997,0,21
1017,-9999.0,-9999.0,-9999.0,-9999.0,-9999.0,-9999.0,-9999.0,-9999.0,-9999.0,orientation,size,color,0.38,11.0,2,female,1,2537.0593455999997,0,21
1018,-9999.0,-9999.0,-9999.0,-9999.0,-9999.0,-9999.0,-9999.0,-9999.0,-9999.0,orientation,size,color,0.38,11.0,2,female,1,2537.0593455999997,0,21
1019,-9999.0,-9999.0,-9999.0,-9999.0,-9999.0,-9999.0,-9999.0,-9999.0,-9999.0,orientation,size,color,0.38,11.0,2,female,1,2537.0593455999997,0,21
1020,-9999.0,-9999.0,-9999.0,-9999.0,-9999.0,-9999.0,-9999.0,-9999.0,-9999.0,orientation,size,color,0.38,11.0,2,female,1,2537.0593455999997,0,21
1021,-9999.0,-9999.0,-9999.0,-9999.0,-9999.0,-9999.0,-9999.0,-9999.0,-9999.0,orientation,size,color,0.38,11.0,2,female,1,2537.0593455999997,0,21
1022,-9999.0,-9999.0,-9999.0,-9999.0,-9999.0,-9999.0,-9999.0,-9999.0,-9999.0,orientation,size,color,0.38,11.0,2,female,1,2537.0593455999997,0,21
1023,-9999.0,-9999.0,-9999.0,-9999.0,-9999.0,-9999.0,-9999.0,-9999.0,-9999.0,orientation,size,color,0.38,11.0,2,female,1,2537.0593455999997,0,21
1024,-9999.0,-9999.0,-9999.0,-9999.0,-9999.0,-9999.0,-9999.0,-9999.0,-9999.0,orientation,size,color,0.38,11.0,2,female,1,2537.0593455999997,0,21
1025,-9999.0,-9999.0,-9999.0,-9999.0,-9999.0,-9999.0,-9999.0,-9999.0,-9999.0,orientation,size,color,0.38,11.0,2,female,1,2537.0593455999997,0,21
1026,-9999.0,-9999.0,-9999.0,-9999.0,-9999.0,-9999.0,-9999.0,-9999.0,-9999.0,orientation,size,color,0.38,11.0,2,female,1,2537.0593455999997,0,21
1027,-9999.0,-9999.0,-9999.0,-9999.0,-9999.0,-9999.0,-9999.0,-9999.0,-9999.0,orientation,size,color,0.38,11.0,2,female,1,2537.0593455999997,0,21
1028,-9999.0,-9999.0,-9999.0,-9999.0,-9999.0,-9999.0,-9999.0,-9999.0,-9999.0,orientation,size,color,0.38,11.0,2,female,1,2537.0593455999997,0,21
1029,-9999.0,-9999.0,-9999.0,-9999.0,-9999.0,-9999.0,-9999.0,-9999.0,-9999.0,orientation,size,color,0.38,11.0,2,female,1,2537.0593455999997,0,21
1030,-9999.0,-9999.0,-9999.0,-9999.0,-9999.0,-9999.0,-9999.0,-9999.0,-9999.0,orientation,size,color,0.38,11.0,2,female,1,2537.0593455999997,0,21
1031,-9999.0,-9999.0,-9999.0,-9999.0,-9999.0,-9999.0,-9999.0,-9999.0,-9999.0,orientation,size,color,0.38,11.0,2,female,1,2537.0593455999997,0,21
1032,-9999.0,-9999.0,-9999.0,-9999.0,-9999.0,-9999.0,-9999.0,-9999.0,-9999.0,orientation,size,color,0.38,11.0,2,female,1,2537.0593455999997,0,21
1033,-9999.0,-9999.0,-9999.0,-9999.0,-9999.0,-9999.0,-9999.0,-9999.0,-9999.0,orientation,size,color,0.38,11.0,2,female,1,2537.0593455999997,0,21
1034,-9999.0,-9999.0,-9999.0,-9999.0,-9999.0,-9999.0,-9999.0,-9999.0,-9999.0,orientation,size,color,0.38,11.0,2,female,1,2537.0593455999997,0,21
1035,-9999.0,-9999.0,-9999.0,-9999.0,-9999.0,-9999.0,-9999.0,-9999.0,-9999.0,orientation,size,color,0.38,11.0,2,female,1,2537.0593455999997,0,21
1036,-9999.0,-9999.0,-9999.0,-9999.0,-9999.0,-9999.0,-9999.0,-9999.0,-9999.0,orientation,size,color,0.38,11.0,2,female,1,2537.0593455999997,0,21
1037,-9999.0,-9999.0,-9999.0,-9999.0,-9999.0,-9999.0,-9999.0,-9999.0,-9999.0,orientation,size,color,0.38,11.0,2,female,1,2537.0593455999997,0,21
1038,-9999.0,-9999.0,-9999.0,-9999.0,-9999.0,-9999.0,-9999.0,-9999.0,-9999.0,orientation,size,color,0.38,11.0,2,female,1,2537.0593455999997,0,21
1039,-9999.0,-9999.0,-9999.0,-9999.0,-9999.0,-9999.0,-9999.0,-9999.0,-9999.0,orientation,size,color,0.38,11.0,2,female,1,2537.0593455999997,0,21
1040,-9999.0,-9999.0,-9999.0,-9999.0,-9999.0,-9999.0,-9999.0,-9999.0,-9999.0,orientation,size,color,0.38,11.0,2,female,1,2537.0593455999997,0,21
1041,-9999.0,-9999.0,-9999.0,-9999.0,-9999.0,-9999.0,-9999.0,-9999.0,-9999.0,orientation,size,color,0.38,11.0,2,female,1,2537.0593455999997,0,21
1042,-9999.0,-9999.0,-9999.0,-9999.0,-9999.0,-9999.0,-9999.0,-9999.0,-9999.0,orientation,size,color,0.38,11.0,2,female,1,2537.0593455999997,0,21
1043,-9999.0,-9999.0,-9999.0,-9999.0,-9999.0,-9999.0,-9999.0,-9999.0,-9999.0,orientation,size,color,0.38,11.0,2,female,1,2537.0593455999997,0,21
1044,-9999.0,-9999.0,-9999.0,-9999.0,-9999.0,-9999.0,-9999.0,-9999.0,-9999.0,orientation,size,color,0.38,11.0,2,female,1,2537.0593455999997,0,21
1045,-9999.0,-9999.0,-9999.0,-9999.0,-9999.0,-9999.0,-9999.0,-9999.0,-9999.0,orientation,size,color,0.38,11.0,2,female,1,2537.0593455999997,0,21
1046,-9999.0,-9999.0,-9999.0,-9999.0,-9999.0,-9999.0,-9999.0,-9999.0,-9999.0,orientation,size,color,0.38,11.0,2,female,1,2537.0593455999997,0,21
1047,-9999.0,-9999.0,-9999.0,-9999.0,-9999.0,-9999.0,-9999.0,-9999.0,-9999.0,orientation,size,color,0.38,11.0,2,female,1,2537.0593455999997,0,21
1048,-9999.0,-9999.0,-9999.0,-9999.0,-9999.0,-9999.0,-9999.0,-9999.0,-9999.0,orientation,size,color,0.38,11.0,2,female,1,2537.0593455999997,0,21
1049,-9999.0,-9999.0,-9999.0,-9999.0,-9999.0,-9999.0,-9999.0,-9999.0,-9999.0,orientation,size,color,0.38,11.0,2,female,1,2537.0593455999997,0,21
1050,-9999.0,-9999.0,-9999.0,-9999.0,-9999.0,-9999.0,-9999.0,-9999.0,-9999.0,orientation,size,color,0.38,11.0,2,female,1,2537.0593455999997,0,21
1051,-9999.0,-9999.0,-9999.0,-9999.0,-9999.0,-9999.0,-9999.0,-9999.0,-9999.0,orientation,size,color,0.38,11.0,2,female,1,2537.0593455999997,0,21
1052,-9999.0,-9999.0,-9999.0,-9999.0,-9999.0,-9999.0,-9999.0,-9999.0,-9999.0,orientation,size,color,0.38,11.0,2,female,1,2537.0593455999997,0,21
1053,-9999.0,-9999.0,-9999.0,-9999.0,-9999.0,-9999.0,-9999.0,-9999.0,-9999.0,orientation,size,color,0.38,11.0,2,female,1,2537.0593455999997,0,21
1054,-9999.0,-9999.0,-9999.0,-9999.0,-9999.0,-9999.0,-9999.0,-9999.0,-9999.0,orientation,size,color,0.38,11.0,2,female,1,2537.0593455999997,0,21
1055,-9999.0,-9999.0,-9999.0,-9999.0,-9999.0,-9999.0,-9999.0,-9999.0,-9999.0,orientation,size,color,0.38,11.0,2,female,1,2537.0593455999997,0,21
1056,-9999.0,-9999.0,-9999.0,-9999.0,-9999.0,-9999.0,-9999.0,-9999.0,-9999.0,orientation,size,color,0.38,11.0,2,female,1,2537.0593455999997,0,21
1057,-9999.0,-9999.0,-9999.0,-9999.0,-9999.0,-9999.0,-9999.0,-9999.0,-9999.0,orientation,size,color,0.38,11.0,2,female,1,2537.0593455999997,0,21
1058,-9999.0,-9999.0,-9999.0,-9999.0,-9999.0,-9999.0,-9999.0,-9999.0,-9999.0,orientation,size,color,0.38,11.0,2,female,1,2537.0593455999997,0,21
1059,-9999.0,-9999.0,-9999.0,-9999.0,-9999.0,-9999.0,-9999.0,-9999.0,-9999.0,orientation,size,color,0.38,11.0,2,female,1,2537.0593455999997,0,21
1060,-9999.0,-9999.0,-9999.0,-9999.0,-9999.0,-9999.0,-9999.0,-9999.0,-9999.0,orientation,size,color,0.38,11.0,2,female,1,2537.0593455999997,0,21
1061,-9999.0,-9999.0,-9999.0,-9999.0,-9999.0,-9999.0,-9999.0,-9999.0,-9999.0,orientation,size,color,0.38,11.0,2,female,1,2537.0593455999997,0,21
1062,-9999.0,-9999.0,-9999.0,-9999.0,-9999.0,-9999.0,-9999.0,-9999.0,-9999.0,orientation,size,color,0.38,11.0,2,female,1,2537.0593455999997,0,21
1063,-9999.0,-9999.0,-9999.0,-9999.0,-9999.0,-9999.0,-9999.0,-9999.0,-9999.0,orientation,size,color,0.38,11.0,2,female,1,2537.0593455999997,0,21
1064,-9999.0,-9999.0,-9999.0,-9999.0,-9999.0,-9999.0,-9999.0,-9999.0,-9999.0,orientation,size,color,0.38,11.0,2,female,1,2537.0593455999997,0,21
1065,-9999.0,-9999.0,-9999.0,-9999.0,-9999.0,-9999.0,-9999.0,-9999.0,-9999.0,orientation,size,color,0.38,11.0,2,female,1,2537.0593455999997,0,21
1066,-9999.0,-9999.0,-9999.0,-9999.0,-9999.0,-9999.0,-9999.0,-9999.0,-9999.0,orientation,size,color,0.38,11.0,2,female,1,2537.0593455999997,0,21
1067,-9999.0,-9999.0,-9999.0,-9999.0,-9999.0,-9999.0,-9999.0,-9999.0,-9999.0,orientation,size,color,0.38,11.0,2,female,1,2537.0593455999997,0,21
1068,-9999.0,-9999.0,-9999.0,-9999.0,-9999.0,-9999.0,-9999.0,-9999.0,-9999.0,orientation,size,color,0.38,11.0,2,female,1,2537.0593455999997,0,21
1069,-9999.0,-9999.0,-9999.0,-9999.0,-9999.0,-9999.0,-9999.0,-9999.0,-9999.0,orientation,size,color,0.38,11.0,2,female,1,2537.0593455999997,0,21
1070,-9999.0,-9999.0,-9999.0,-9999.0,-9999.0,-9999.0,-9999.0,-9999.0,-9999.0,orientation,size,color,0.38,11.0,2,female,1,2537.0593455999997,0,21
1071,-9999.0,-9999.0,-9999.0,-9999.0,-9999.0,-9999.0,-9999.0,-9999.0,-9999.0,orientation,size,color,0.38,11.0,2,female,1,2537.0593455999997,0,21
1072,-9999.0,-9999.0,-9999.0,-9999.0,-9999.0,-9999.0,-9999.0,-9999.0,-9999.0,orientation,size,color,0.38,11.0,2,female,1,2537.0593455999997,0,21
1073,-9999.0,-9999.0,-9999.0,-9999.0,-9999.0,-9999.0,-9999.0,-9999.0,-9999.0,orientation,size,color,0.38,11.0,2,female,1,2537.0593455999997,0,21
1074,-9999.0,-9999.0,-9999.0,-9999.0,-9999.0,-9999.0,-9999.0,-9999.0,-9999.0,orientation,size,color,0.38,11.0,2,female,1,2537.0593455999997,0,21
1075,-9999.0,-9999.0,-9999.0,-9999.0,-9999.0,-9999.0,-9999.0,-9999.0,-9999.0,orientation,size,color,0.38,11.0,2,female,1,2537.0593455999997,0,21
1076,-9999.0,-9999.0,-9999.0,-9999.0,-9999.0,-9999.0,-9999.0,-9999.0,-9999.0,orientation,size,color,0.38,11.0,2,female,1,2537.0593455999997,0,21
1077,-9999.0,-9999.0,-9999.0,-9999.0,-9999.0,-9999.0,-9999.0,-9999.0,-9999.0,orientation,size,color,0.38,11.0,2,female,1,2537.0593455999997,0,21
1078,-9999.0,-9999.0,-9999.0,-9999.0,-9999.0,-9999.0,-9999.0,-9999.0,-9999.0,orientation,size,color,0.38,11.0,2,female,1,2537.0593455999997,0,21
1079,-9999.0,-9999.0,-9999.0,-9999.0,-9999.0,-9999.0,-9999.0,-9999.0,-9999.0,orientation,size,color,0.38,11.0,2,female,1,2537.0593455999997,0,21
1080,-9999.0,-9999.0,-9999.0,-9999.0,-9999.0,-9999.0,-9999.0,-9999.0,-9999.0,orientation,size,color,0.38,11.0,2,female,1,2537.0593455999997,0,21
1081,-9999.0,-9999.0,-9999.0,-9999.0,-9999.0,-9999.0,-9999.0,-9999.0,-9999.0,orientation,size,color,0.38,11.0,2,female,1,2537.0593455999997,0,21
1082,-9999.0,-9999.0,-9999.0,-9999.0,-9999.0,-9999.0,-9999.0,-9999.0,-9999.0,orientation,size,color,0.38,11.0,2,female,1,2537.0593455999997,0,21
1083,-9999.0,-9999.0,-9999.0,-9999.0,-9999.0,-9999.0,-9999.0,-9999.0,-9999.0,orientation,size,color,0.38,11.0,2,female,1,2537.0593455999997,0,21
1084,-9999.0,-9999.0,-9999.0,-9999.0,-9999.0,-9999.0,-9999.0,-9999.0,-9999.0,orientation,size,color,0.38,11.0,2,female,1,2537.0593455999997,0,21
1085,-9999.0,-9999.0,-9999.0,-9999.0,-9999.0,-9999.0,-9999.0,-9999.0,-9999.0,orientation,size,color,0.38,11.0,2,female,1,2537.0593455999997,0,21
1086,-9999.0,-9999.0,-9999.0,-9999.0,-9999.0,-9999.0,-9999.0,-9999.0,-9999.0,orientation,size,color,0.38,11.0,2,female,1,2537.0593455999997,0,21
1087,-9999.0,-9999.0,-9999.0,-9999.0,-9999.0,-9999.0,-9999.0,-9999.0,-9999.0,orientation,size,color,0.38,11.0,2,female,1,2537.0593455999997,0,21
1088,-9999.0,-9999.0,-9999.0,-9999.0,-9999.0,-9999.0,-9999.0,-9999.0,-9999.0,orientation,size,color,0.38,11.0,2,female,1,2537.0593455999997,0,21
1089,-9999.0,-9999.0,-9999.0,-9999.0,-9999.0,-9999.0,-9999.0,-9999.0,-9999.0,orientation,size,color,0.38,11.0,2,female,1,2537.0593455999997,0,21
1090,-9999.0,-9999.0,-9999.0,-9999.0,-9999.0,-9999.0,-9999.0,-9999.0,-9999.0,orientation,size,color,0.38,11.0,2,female,1,2537.0593455999997,0,21
1091,-9999.0,-9999.0,-9999.0,-9999.0,-9999.0,-9999.0,-9999.0,-9999.0,-9999.0,orientation,size,color,0.38,11.0,2,female,1,2537.0593455999997,0,21
1092,-9999.0,-9999.0,-9999.0,-9999.0,-9999.0,-9999.0,-9999.0,-9999.0,-9999.0,orientation,size,color,0.38,11.0,2,female,1,2537.0593455999997,0,21
1093,-9999.0,-9999.0,-9999.0,-9999.0,-9999.0,-9999.0,-9999.0,-9999.0,-9999.0,orientation,size,color,0.38,11.0,2,female,1,2537.0593455999997,0,21
1094,-9999.0,-9999.0,-9999.0,-9999.0,-9999.0,-9999.0,-9999.0,-9999.0,-9999.0,orientation,size,color,0.38,11.0,2,female,1,2537.0593455999997,0,21
1095,-9999.0,-9999.0,-9999.0,-9999.0,-9999.0,-9999.0,-9999.0,-9999.0,-9999.0,orientation,size,color,0.38,11.0,2,female,1,2537.0593455999997,0,21
1096,-9999.0,-9999.0,-9999.0,-9999.0,-9999.0,-9999.0,-9999.0,-9999.0,-9999.0,orientation,size,color,0.38,11.0,2,female,1,2537.0593455999997,0,21
1097,-9999.0,-9999.0,-9999.0,-9999.0,-9999.0,-9999.0,-9999.0,-9999.0,-9999.0,orientation,size,color,0.38,11.0,2,female,1,2537.0593455999997,0,21
1098,-9999.0,-9999.0,-9999.0,-9999.0,-9999.0,-9999.0,-9999.0,-9999.0,-9999.0,orientation,size,color,0.38,11.0,2,female,1,2537.0593455999997,0,21
1099,-9999.0,-9999.0,-9999.0,-9999.0,-9999.0,-9999.0,-9999.0,-9999.0,-9999.0,orientation,size,color,0.38,11.0,2,female,1,2537.0593455999997,0,21
1100,-9999.0,-9999.0,-9999.0,-9999.0,-9999.0,-9999.0,-9999.0,-9999.0,-9999.0,orientation,size,color,0.38,11.0,2,female,1,2537.0593455999997,0,21
1101,-9999.0,-9999.0,-9999.0,-9999.0,-9999.0,-9999.0,-9999.0,-9999.0,-9999.0,orientation,size,color,0.38,11.0,2,female,1,2537.0593455999997,0,21
1102,-9999.0,-9999.0,-9999.0,-9999.0,-9999.0,-9999.0,-9999.0,-9999.0,-9999.0,orientation,size,color,0.38,11.0,2,female,1,2537.0593455999997,0,21
1103,-9999.0,-9999.0,-9999.0,-9999.0,-9999.0,-9999.0,-9999.0,-9999.0,-9999.0,orientation,size,color,0.38,11.0,2,female,1,2537.0593455999997,0,21
1104,-9999.0,-9999.0,-9999.0,-9999.0,-9999.0,-9999.0,-9999.0,-9999.0,-9999.0,orientation,size,color,0.38,11.0,2,female,1,2537.0593455999997,0,21
1105,-9999.0,-9999.0,-9999.0,-9999.0,-9999.0,-9999.0,-9999.0,-9999.0,-9999.0,orientation,size,color,0.38,11.0,2,female,1,2537.0593455999997,0,21
1106,-9999.0,-9999.0,-9999.0,-9999.0,-9999.0,-9999.0,-9999.0,-9999.0,-9999.0,orientation,size,color,0.38,11.0,2,female,1,2537.0593455999997,0,21
1107,-9999.0,-9999.0,-9999.0,-9999.0,-9999.0,-9999.0,-9999.0,-9999.0,-9999.0,orientation,size,color,0.38,11.0,2,female,1,2537.0593455999997,0,21
1108,-9999.0,-9999.0,-9999.0,-9999.0,-9999.0,-9999.0,-9999.0,-9999.0,-9999.0,orientation,size,color,0.38,11.0,2,female,1,2537.0593455999997,0,21
1109,-9999.0,-9999.0,-9999.0,-9999.0,-9999.0,-9999.0,-9999.0,-9999.0,-9999.0,orientation,size,color,0.38,11.0,2,female,1,2537.0593455999997,0,21
1110,-9999.0,-9999.0,-9999.0,-9999.0,-9999.0,-9999.0,-9999.0,-9999.0,-9999.0,orientation,size,color,0.38,11.0,2,female,1,2537.0593455999997,0,21
1111,-9999.0,-9999.0,-9999.0,-9999.0,-9999.0,-9999.0,-9999.0,-9999.0,-9999.0,orientation,size,color,0.38,11.0,2,female,1,2537.0593455999997,0,21
1112,-9999.0,-9999.0,-9999.0,-9999.0,-9999.0,-9999.0,-9999.0,-9999.0,-9999.0,orientation,size,color,0.38,11.0,2,female,1,2537.0593455999997,0,21
1113,-9999.0,-9999.0,-9999.0,-9999.0,-9999.0,-9999.0,-9999.0,-9999.0,-9999.0,orientation,size,color,0.38,11.0,2,female,1,2537.0593455999997,0,21
1114,-9999.0,-9999.0,-9999.0,-9999.0,-9999.0,-9999.0,-9999.0,-9999.0,-9999.0,orientation,size,color,0.38,11.0,2,female,1,2537.0593455999997,0,21
1115,-9999.0,-9999.0,-9999.0,-9999.0,-9999.0,-9999.0,-9999.0,-9999.0,-9999.0,orientation,size,color,0.38,11.0,2,female,1,2537.0593455999997,0,21
1116,-9999.0,-9999.0,-9999.0,-9999.0,-9999.0,-9999.0,-9999.0,-9999.0,-9999.0,orientation,size,color,0.38,11.0,2,female,1,2537.0593455999997,0,21
1117,-9999.0,-9999.0,-9999.0,-9999.0,-9999.0,-9999.0,-9999.0,-9999.0,-9999.0,orientation,size,color,0.38,11.0,2,female,1,2537.0593455999997,0,21
1118,-9999.0,-9999.0,-9999.0,-9999.0,-9999.0,-9999.0,-9999.0,-9999.0,-9999.0,orientation,size,color,0.38,11.0,2,female,1,2537.0593455999997,0,21
1119,-9999.0,-9999.0,-9999.0,-9999.0,-9999.0,-9999.0,-9999.0,-9999.0,-9999.0,orientation,size,color,0.38,11.0,2,female,1,2537.0593455999997,0,21
1120,-9999.0,-9999.0,-9999.0,-9999.0,-9999.0,-9999.0,-9999.0,-9999.0,-9999.0,orientation,size,color,0.38,11.0,2,female,1,2537.0593455999997,0,21
1121,-9999.0,-9999.0,-9999.0,-9999.0,-9999.0,-9999.0,-9999.0,-9999.0,-9999.0,orientation,size,color,0.38,11.0,2,female,1,2537.0593455999997,0,21
1122,-9999.0,-9999.0,-9999.0,-9999.0,-9999.0,-9999.0,-9999.0,-9999.0,-9999.0,orientation,size,color,0.38,11.0,2,female,1,2537.0593455999997,0,21
1123,-9999.0,-9999.0,-9999.0,-9999.0,-9999.0,-9999.0,-9999.0,-9999.0,-9999.0,orientation,size,color,0.38,11.0,2,female,1,2537.0593455999997,0,21
1124,-9999.0,-9999.0,-9999.0,-9999.0,-9999.0,-9999.0,-9999.0,-9999.0,-9999.0,orientation,size,color,0.38,11.0,2,female,1,2537.0593455999997,0,21
1125,-9999.0,-9999.0,-9999.0,-9999.0,-9999.0,-9999.0,-9999.0,-9999.0,-9999.0,orientation,size,color,0.38,11.0,2,female,1,2537.0593455999997,0,21
1126,-9999.0,-9999.0,-9999.0,-9999.0,-9999.0,-9999.0,-9999.0,-9999.0,-9999.0,orientation,size,color,0.38,11.0,2,female,1,2537.0593455999997,0,21
1127,-9999.0,-9999.0,-9999.0,-9999.0,-9999.0,-9999.0,-9999.0,-9999.0,-9999.0,orientation,size,color,0.38,11.0,2,female,1,2537.0593455999997,0,21
1128,-9999.0,-9999.0,-9999.0,-9999.0,-9999.0,-9999.0,-9999.0,-9999.0,-9999.0,orientation,size,color,0.38,11.0,2,female,1,2537.0593455999997,0,21
1129,-9999.0,-9999.0,-9999.0,-9999.0,-9999.0,-9999.0,-9999.0,-9999.0,-9999.0,orientation,size,color,0.38,11.0,2,female,1,2537.0593455999997,0,21
1130,-9999.0,-9999.0,-9999.0,-9999.0,-9999.0,-9999.0,-9999.0,-9999.0,-9999.0,orientation,size,color,0.38,11.0,2,female,1,2537.0593455999997,0,21
1131,-9999.0,-9999.0,-9999.0,-9999.0,-9999.0,-9999.0,-9999.0,-9999.0,-9999.0,orientation,size,color,0.38,11.0,2,female,1,2537.0593455999997,0,21
1132,-9999.0,-9999.0,-9999.0,-9999.0,-9999.0,-9999.0,-9999.0,-9999.0,-9999.0,orientation,size,color,0.38,11.0,2,female,1,2537.0593455999997,0,21
1133,-9999.0,-9999.0,-9999.0,-9999.0,-9999.0,-9999.0,-9999.0,-9999.0,-9999.0,orientation,size,color,0.38,11.0,2,female,1,2537.0593455999997,0,21
1134,-9999.0,-9999.0,-9999.0,-9999.0,-9999.0,-9999.0,-9999.0,-9999.0,-9999.0,orientation,size,color,0.38,11.0,2,female,1,2537.0593455999997,0,21
1135,-9999.0,-9999.0,-9999.0,-9999.0,-9999.0,-9999.0,-9999.0,-9999.0,-9999.0,orientation,size,color,0.38,11.0,2,female,1,2537.0593455999997,0,21
1136,-9999.0,-9999.0,-9999.0,-9999.0,-9999.0,-9999.0,-9999.0,-9999.0,-9999.0,orientation,size,color,0.38,11.0,2,female,1,2537.0593455999997,0,21
1137,-9999.0,-9999.0,-9999.0,-9999.0,-9999.0,-9999.0,-9999.0,-9999.0,-9999.0,orientation,size,color,0.38,11.0,2,female,1,2537.0593455999997,0,21
1138,-9999.0,-9999.0,-9999.0,-9999.0,-9999.0,-9999.0,-9999.0,-9999.0,-9999.0,orientation,size,color,0.38,11.0,2,female,1,2537.0593455999997,0,21
1139,-9999.0,-9999.0,-9999.0,-9999.0,-9999.0,-9999.0,-9999.0,-9999.0,-9999.0,orientation,size,color,0.38,11.0,2,female,1,2537.0593455999997,0,21
1140,-9999.0,-9999.0,-9999.0,-9999.0,-9999.0,-9999.0,-9999.0,-9999.0,-9999.0,orientation,size,color,0.38,11.0,2,female,1,2537.0593455999997,0,21
1141,-9999.0,-9999.0,-9999.0,-9999.0,-9999.0,-9999.0,-9999.0,-9999.0,-9999.0,orientation,size,color,0.38,11.0,2,female,1,2537.0593455999997,0,21
1142,-9999.0,-9999.0,-9999.0,-9999.0,-9999.0,-9999.0,-9999.0,-9999.0,-9999.0,orientation,size,color,0.38,11.0,2,female,1,2537.0593455999997,0,21
1143,-9999.0,-9999.0,-9999.0,-9999.0,-9999.0,-9999.0,-9999.0,-9999.0,-9999.0,orientation,size,color,0.38,11.0,2,female,1,2537.0593455999997,0,21
1144,-9999.0,-9999.0,-9999.0,-9999.0,-9999.0,-9999.0,-9999.0,-9999.0,-9999.0,orientation,size,color,0.38,11.0,2,female,1,2537.0593455999997,0,21
1145,-9999.0,-9999.0,-9999.0,-9999.0,-9999.0,-9999.0,-9999.0,-9999.0,-9999.0,orientation,size,color,0.38,11.0,2,female,1,2537.0593455999997,0,21
1146,-9999.0,-9999.0,-9999.0,-9999.0,-9999.0,-9999.0,-9999.0,-9999.0,-9999.0,orientation,size,color,0.38,11.0,2,female,1,2537.0593455999997,0,21
1147,-9999.0,-9999.0,-9999.0,-9999.0,-9999.0,-9999.0,-9999.0,-9999.0,-9999.0,orientation,size,color,0.38,11.0,2,female,1,2537.0593455999997,0,21
1148,-9999.0,-9999.0,-9999.0,-9999.0,-9999.0,-9999.0,-9999.0,-9999.0,-9999.0,orientation,size,color,0.38,11.0,2,female,1,2537.0593455999997,0,21
1149,-9999.0,-9999.0,-9999.0,-9999.0,-9999.0,-9999.0,-9999.0,-9999.0,-9999.0,orientation,size,color,0.38,11.0,2,female,1,2537.0593455999997,0,21
1150,-9999.0,-9999.0,-9999.0,-9999.0,-9999.0,-9999.0,-9999.0,-9999.0,-9999.0,orientation,size,color,0.38,11.0,2,female,1,2537.0593455999997,0,21
1151,-9999.0,-9999.0,-9999.0,-9999.0,-9999.0,-9999.0,-9999.0,-9999.0,-9999.0,orientation,size,color,0.38,11.0,2,female,1,2537.0593455999997,0,21
1152,-9999.0,-9999.0,-9999.0,-9999.0,-9999.0,-9999.0,-9999.0,-9999.0,-9999.0,orientation,size,color,0.38,11.0,2,female,1,2537.0593455999997,0,21
1153,-9999.0,-9999.0,-9999.0,-9999.0,-9999.0,-9999.0,-9999.0,-9999.0,-9999.0,orientation,size,color,0.38,11.0,2,female,1,2537.0593455999997,0,21
1154,-9999.0,-9999.0,-9999.0,-9999.0,-9999.0,-9999.0,-9999.0,-9999.0,-9999.0,orientation,size,color,0.38,11.0,2,female,1,2537.0593455999997,0,21
1155,-9999.0,-9999.0,-9999.0,-9999.0,-9999.0,-9999.0,-9999.0,-9999.0,-9999.0,orientation,size,color,0.38,11.0,2,female,1,2537.0593455999997,0,21
1156,-9999.0,-9999.0,-9999.0,-9999.0,-9999.0,-9999.0,-9999.0,-9999.0,-9999.0,orientation,size,color,0.38,11.0,2,female,1,2537.0593455999997,0,21
1157,-9999.0,-9999.0,-9999.0,-9999.0,-9999.0,-9999.0,-9999.0,-9999.0,-9999.0,orientation,size,color,0.38,11.0,2,female,1,2537.0593455999997,0,21
1158,-9999.0,-9999.0,-9999.0,-9999.0,-9999.0,-9999.0,-9999.0,-9999.0,-9999.0,orientation,size,color,0.38,11.0,2,female,1,2537.0593455999997,0,21
1159,-9999.0,-9999.0,-9999.0,-9999.0,-9999.0,-9999.0,-9999.0,-9999.0,-9999.0,orientation,size,color,0.38,11.0,2,female,1,2537.0593455999997,0,21
1160,-9999.0,-9999.0,-9999.0,-9999.0,-9999.0,-9999.0,-9999.0,-9999.0,-9999.0,orientation,size,color,0.38,11.0,2,female,1,2537.0593455999997,0,21
1161,-9999.0,-9999.0,-9999.0,-9999.0,-9999.0,-9999.0,-9999.0,-9999.0,-9999.0,orientation,size,color,0.38,11.0,2,female,1,2537.0593455999997,0,21
1162,-9999.0,-9999.0,-9999.0,-9999.0,-9999.0,-9999.0,-9999.0,-9999.0,-9999.0,orientation,size,color,0.38,11.0,2,female,1,2537.0593455999997,0,21
1163,-9999.0,-9999.0,-9999.0,-9999.0,-9999.0,-9999.0,-9999.0,-9999.0,-9999.0,orientation,size,color,0.38,11.0,2,female,1,2537.0593455999997,0,21
1164,-9999.0,-9999.0,-9999.0,-9999.0,-9999.0,-9999.0,-9999.0,-9999.0,-9999.0,orientation,size,color,0.38,11.0,2,female,1,2537.0593455999997,0,21
1165,-9999.0,-9999.0,-9999.0,-9999.0,-9999.0,-9999.0,-9999.0,-9999.0,-9999.0,orientation,size,color,0.38,11.0,2,female,1,2537.0593455999997,0,21
1166,-9999.0,-9999.0,-9999.0,-9999.0,-9999.0,-9999.0,-9999.0,-9999.0,-9999.0,orientation,size,color,0.38,11.0,2,female,1,2537.0593455999997,0,21
1167,-9999.0,-9999.0,-9999.0,-9999.0,-9999.0,-9999.0,-9999.0,-9999.0,-9999.0,orientation,size,color,0.38,11.0,2,female,1,2537.0593455999997,0,21
1168,-9999.0,-9999.0,-9999.0,-9999.0,-9999.0,-9999.0,-9999.0,-9999.0,-9999.0,orientation,size,color,0.38,11.0,2,female,1,2537.0593455999997,0,21
1169,-9999.0,-9999.0,-9999.0,-9999.0,-9999.0,-9999.0,-9999.0,-9999.0,-9999.0,orientation,size,color,0.38,11.0,2,female,1,2537.0593455999997,0,21
1170,-9999.0,-9999.0,-9999.0,-9999.0,-9999.0,-9999.0,-9999.0,-9999.0,-9999.0,orientation,size,color,0.38,11.0,2,female,1,2537.0593455999997,0,21
1171,-9999.0,-9999.0,-9999.0,-9999.0,-9999.0,-9999.0,-9999.0,-9999.0,-9999.0,orientation,size,color,0.38,11.0,2,female,1,2537.0593455999997,0,21
1172,-9999.0,-9999.0,-9999.0,-9999.0,-9999.0,-9999.0,-9999.0,-9999.0,-9999.0,orientation,size,color,0.38,11.0,2,female,1,2537.0593455999997,0,21
1173,-9999.0,-9999.0,-9999.0,-9999.0,-9999.0,-9999.0,-9999.0,-9999.0,-9999.0,orientation,size,color,0.38,11.0,2,female,1,2537.0593455999997,0,21
1174,-9999.0,-9999.0,-9999.0,-9999.0,-9999.0,-9999.0,-9999.0,-9999.0,-9999.0,orientation,size,color,0.38,11.0,2,female,1,2537.0593455999997,0,21
1175,-9999.0,-9999.0,-9999.0,-9999.0,-9999.0,-9999.0,-9999.0,-9999.0,-9999.0,orientation,size,color,0.38,11.0,2,female,1,2537.0593455999997,0,21
1176,-9999.0,-9999.0,-9999.0,-9999.0,-9999.0,-9999.0,-9999.0,-9999.0,-9999.0,orientation,size,color,0.38,11.0,2,female,1,2537.0593455999997,0,21
1177,-9999.0,-9999.0,-9999.0,-9999.0,-9999.0,-9999.0,-9999.0,-9999.0,-9999.0,orientation,size,color,0.38,11.0,2,female,1,2537.0593455999997,0,21
1178,-9999.0,-9999.0,-9999.0,-9999.0,-9999.0,-9999.0,-9999.0,-9999.0,-9999.0,orientation,size,color,0.38,11.0,2,female,1,2537.0593455999997,0,21
1179,-9999.0,-9999.0,-9999.0,-9999.0,-9999.0,-9999.0,-9999.0,-9999.0,-9999.0,orientation,size,color,0.38,11.0,2,female,1,2537.0593455999997,0,21
1180,-9999.0,-9999.0,-9999.0,-9999.0,-9999.0,-9999.0,-9999.0,-9999.0,-9999.0,orientation,size,color,0.38,11.0,2,female,1,2537.0593455999997,0,21
1181,-9999.0,-9999.0,-9999.0,-9999.0,-9999.0,-9999.0,-9999.0,-9999.0,-9999.0,orientation,size,color,0.38,11.0,2,female,1,2537.0593455999997,0,21
1182,-9999.0,-9999.0,-9999.0,-9999.0,-9999.0,-9999.0,-9999.0,-9999.0,-9999.0,orientation,size,color,0.38,11.0,2,female,1,2537.0593455999997,0,21
1183,-9999.0,-9999.0,-9999.0,-9999.0,-9999.0,-9999.0,-9999.0,-9999.0,-9999.0,orientation,size,color,0.38,11.0,2,female,1,2537.0593455999997,0,21
1184,-9999.0,-9999.0,-9999.0,-9999.0,-9999.0,-9999.0,-9999.0,-9999.0,-9999.0,orientation,size,color,0.38,11.0,2,female,1,2537.0593455999997,0,21
1185,-9999.0,-9999.0,-9999.0,-9999.0,-9999.0,-9999.0,-9999.0,-9999.0,-9999.0,orientation,size,color,0.38,11.0,2,female,1,2537.0593455999997,0,21
1186,-9999.0,-9999.0,-9999.0,-9999.0,-9999.0,-9999.0,-9999.0,-9999.0,-9999.0,orientation,size,color,0.38,11.0,2,female,1,2537.0593455999997,0,21
1187,-9999.0,-9999.0,-9999.0,-9999.0,-9999.0,-9999.0,-9999.0,-9999.0,-9999.0,orientation,size,color,0.38,11.0,2,female,1,2537.0593455999997,0,21
1188,-9999.0,-9999.0,-9999.0,-9999.0,-9999.0,-9999.0,-9999.0,-9999.0,-9999.0,orientation,size,color,0.38,11.0,2,female,1,2537.0593455999997,0,21
1189,-9999.0,-9999.0,-9999.0,-9999.0,-9999.0,-9999.0,-9999.0,-9999.0,-9999.0,orientation,size,color,0.38,11.0,2,female,1,2537.0593455999997,0,21
1190,-9999.0,-9999.0,-9999.0,-9999.0,-9999.0,-9999.0,-9999.0,-9999.0,-9999.0,orientation,size,color,0.38,11.0,2,female,1,2537.0593455999997,0,21
1191,-9999.0,-9999.0,-9999.0,-9999.0,-9999.0,-9999.0,-9999.0,-9999.0,-9999.0,orientation,size,color,0.38,11.0,2,female,1,2537.0593455999997,0,21
1192,-9999.0,-9999.0,-9999.0,-9999.0,-9999.0,-9999.0,-9999.0,-9999.0,-9999.0,orientation,size,color,0.38,11.0,2,female,1,2537.0593455999997,0,21
1193,-9999.0,-9999.0,-9999.0,-9999.0,-9999.0,-9999.0,-9999.0,-9999.0,-9999.0,orientation,size,color,0.38,11.0,2,female,1,2537.0593455999997,0,21
1194,-9999.0,-9999.0,-9999.0,-9999.0,-9999.0,-9999.0,-9999.0,-9999.0,-9999.0,orientation,size,color,0.38,11.0,2,female,1,2537.0593455999997,0,21
1195,-9999.0,-9999.0,-9999.0,-9999.0,-9999.0,-9999.0,-9999.0,-9999.0,-9999.0,orientation,size,color,0.38,11.0,2,female,1,2537.0593455999997,0,21
1196,-9999.0,-9999.0,-9999.0,-9999.0,-9999.0,-9999.0,-9999.0,-9999.0,-9999.0,orientation,size,color,0.38,11.0,2,female,1,2537.0593455999997,0,21
1197,-9999.0,-9999.0,-9999.0,-9999.0,-9999.0,-9999.0,-9999.0,-9999.0,-9999.0,orientation,size,color,0.38,11.0,2,female,1,2537.0593455999997,0,21
1198,-9999.0,-9999.0,-9999.0,-9999.0,-9999.0,-9999.0,-9999.0,-9999.0,-9999.0,orientation,size,color,0.38,11.0,2,female,1,2537.0593455999997,0,21
1199,-9999.0,-9999.0,-9999.0,-9999.0,-9999.0,-9999.0,-9999.0,-9999.0,-9999.0,orientation,size,color,0.38,11.0,2,female,1,2537.0593455999997,0,21
1200,-9999.0,-9999.0,-9999.0,-9999.0,-9999.0,-9999.0,-9999.0,-9999.0,-9999.0,orientation,size,color,0.38,11.0,2,female,1,2537.0593455999997,0,21
1201,-9999.0,-9999.0,-9999.0,-9999.0,-9999.0,-9999.0,-9999.0,-9999.0,-9999.0,orientation,size,color,0.38,11.0,2,female,1,2537.0593455999997,0,21
1202,-9999.0,-9999.0,-9999.0,-9999.0,-9999.0,-9999.0,-9999.0,-9999.0,-9999.0,orientation,size,color,0.38,11.0,2,female,1,2537.0593455999997,0,21
1203,-9999.0,-9999.0,-9999.0,-9999.0,-9999.0,-9999.0,-9999.0,-9999.0,-9999.0,orientation,size,color,0.38,11.0,2,female,1,2537.0593455999997,0,21
1204,-9999.0,-9999.0,-9999.0,-9999.0,-9999.0,-9999.0,-9999.0,-9999.0,-9999.0,orientation,size,color,0.38,11.0,2,female,1,2537.0593455999997,0,21
1205,-9999.0,-9999.0,-9999.0,-9999.0,-9999.0,-9999.0,-9999.0,-9999.0,-9999.0,orientation,size,color,0.38,11.0,2,female,1,2537.0593455999997,0,21
1206,-9999.0,-9999.0,-9999.0,-9999.0,-9999.0,-9999.0,-9999.0,-9999.0,-9999.0,orientation,size,color,0.38,11.0,2,female,1,2537.0593455999997,0,21
1207,-9999.0,-9999.0,-9999.0,-9999.0,-9999.0,-9999.0,-9999.0,-9999.0,-9999.0,orientation,size,color,0.38,11.0,2,female,1,2537.0593455999997,0,21
1208,-9999.0,-9999.0,-9999.0,-9999.0,-9999.0,-9999.0,-9999.0,-9999.0,-9999.0,orientation,size,color,0.38,11.0,2,female,1,2537.0593455999997,0,21
1209,-9999.0,-9999.0,-9999.0,-9999.0,-9999.0,-9999.0,-9999.0,-9999.0,-9999.0,orientation,size,color,0.38,11.0,2,female,1,2537.0593455999997,0,21
1210,-9999.0,-9999.0,-9999.0,-9999.0,-9999.0,-9999.0,-9999.0,-9999.0,-9999.0,orientation,size,color,0.38,11.0,2,female,1,2537.0593455999997,0,21
1211,-9999.0,-9999.0,-9999.0,-9999.0,-9999.0,-9999.0,-9999.0,-9999.0,-9999.0,orientation,size,color,0.38,11.0,2,female,1,2537.0593455999997,0,21
1212,-9999.0,-9999.0,-9999.0,-9999.0,-9999.0,-9999.0,-9999.0,-9999.0,-9999.0,orientation,size,color,0.38,11.0,2,female,1,2537.0593455999997,0,21
1213,-9999.0,-9999.0,-9999.0,-9999.0,-9999.0,-9999.0,-9999.0,-9999.0,-9999.0,orientation,size,color,0.38,11.0,2,female,1,2537.0593455999997,0,21
1214,-9999.0,-9999.0,-9999.0,-9999.0,-9999.0,-9999.0,-9999.0,-9999.0,-9999.0,orientation,size,color,0.38,11.0,2,female,1,2537.0593455999997,0,21
1215,-9999.0,-9999.0,-9999.0,-9999.0,-9999.0,-9999.0,-9999.0,-9999.0,-9999.0,orientation,size,color,0.38,11.0,2,female,1,2537.0593455999997,0,21
1216,-9999.0,-9999.0,-9999.0,-9999.0,-9999.0,-9999.0,-9999.0,-9999.0,-9999.0,orientation,size,color,0.38,11.0,2,female,1,2537.0593455999997,0,21
1217,-9999.0,-9999.0,-9999.0,-9999.0,-9999.0,-9999.0,-9999.0,-9999.0,-9999.0,orientation,size,color,0.38,11.0,2,female,1,2537.0593455999997,0,21
1218,-9999.0,-9999.0,-9999.0,-9999.0,-9999.0,-9999.0,-9999.0,-9999.0,-9999.0,orientation,size,color,0.38,11.0,2,female,1,2537.0593455999997,0,21
1219,-9999.0,-9999.0,-9999.0,-9999.0,-9999.0,-9999.0,-9999.0,-9999.0,-9999.0,orientation,size,color,0.38,11.0,2,female,1,2537.0593455999997,0,21
1220,-9999.0,-9999.0,-9999.0,-9999.0,-9999.0,-9999.0,-9999.0,-9999.0,-9999.0,orientation,size,color,0.38,11.0,2,female,1,2537.0593455999997,0,21
1221,-9999.0,-9999.0,-9999.0,-9999.0,-9999.0,-9999.0,-9999.0,-9999.0,-9999.0,orientation,size,color,0.38,11.0,2,female,1,2537.0593455999997,0,21
1222,-9999.0,-9999.0,-9999.0,-9999.0,-9999.0,-9999.0,-9999.0,-9999.0,-9999.0,orientation,size,color,0.38,11.0,2,female,1,2537.0593455999997,0,21
1223,-9999.0,-9999.0,-9999.0,-9999.0,-9999.0,-9999.0,-9999.0,-9999.0,-9999.0,orientation,size,color,0.38,11.0,2,female,1,2537.0593455999997,0,21
1224,-9999.0,-9999.0,-9999.0,-9999.0,-9999.0,-9999.0,-9999.0,-9999.0,-9999.0,orientation,size,color,0.38,11.0,2,female,1,2537.0593455999997,0,21
1225,-9999.0,-9999.0,-9999.0,-9999.0,-9999.0,-9999.0,-9999.0,-9999.0,-9999.0,orientation,size,color,0.38,11.0,2,female,1,2537.0593455999997,0,21
1226,-9999.0,-9999.0,-9999.0,-9999.0,-9999.0,-9999.0,-9999.0,-9999.0,-9999.0,orientation,size,color,0.38,11.0,2,female,1,2537.0593455999997,0,21
1227,-9999.0,-9999.0,-9999.0,-9999.0,-9999.0,-9999.0,-9999.0,-9999.0,-9999.0,orientation,size,color,0.38,11.0,2,female,1,2537.0593455999997,0,21
1228,-9999.0,-9999.0,-9999.0,-9999.0,-9999.0,-9999.0,-9999.0,-9999.0,-9999.0,orientation,size,color,0.38,11.0,2,female,1,2537.0593455999997,0,21
1229,-9999.0,-9999.0,-9999.0,-9999.0,-9999.0,-9999.0,-9999.0,-9999.0,-9999.0,orientation,size,color,0.38,11.0,2,female,1,2537.0593455999997,0,21
1230,-9999.0,-9999.0,-9999.0,-9999.0,-9999.0,-9999.0,-9999.0,-9999.0,-9999.0,orientation,size,color,0.38,11.0,2,female,1,2537.0593455999997,0,21
1231,-9999.0,-9999.0,-9999.0,-9999.0,-9999.0,-9999.0,-9999.0,-9999.0,-9999.0,orientation,size,color,0.38,11.0,2,female,1,2537.0593455999997,0,21
1232,-9999.0,-9999.0,-9999.0,-9999.0,-9999.0,-9999.0,-9999.0,-9999.0,-9999.0,orientation,size,color,0.38,11.0,2,female,1,2537.0593455999997,0,21
1233,-9999.0,-9999.0,-9999.0,-9999.0,-9999.0,-9999.0,-9999.0,-9999.0,-9999.0,orientation,size,color,0.38,11.0,2,female,1,2537.0593455999997,0,21
1234,-9999.0,-9999.0,-9999.0,-9999.0,-9999.0,-9999.0,-9999.0,-9999.0,-9999.0,orientation,size,color,0.38,11.0,2,female,1,2537.0593455999997,0,21
1235,-9999.0,-9999.0,-9999.0,-9999.0,-9999.0,-9999.0,-9999.0,-9999.0,-9999.0,orientation,size,color,0.38,11.0,2,female,1,2537.0593455999997,0,21
1236,-9999.0,-9999.0,-9999.0,-9999.0,-9999.0,-9999.0,-9999.0,-9999.0,-9999.0,orientation,size,color,0.38,11.0,2,female,1,2537.0593455999997,0,21
1237,-9999.0,-9999.0,-9999.0,-9999.0,-9999.0,-9999.0,-9999.0,-9999.0,-9999.0,orientation,size,color,0.38,11.0,2,female,1,2537.0593455999997,0,21
1238,-9999.0,-9999.0,-9999.0,-9999.0,-9999.0,-9999.0,-9999.0,-9999.0,-9999.0,orientation,size,color,0.38,11.0,2,female,1,2537.0593455999997,0,21
1239,-9999.0,-9999.0,-9999.0,-9999.0,-9999.0,-9999.0,-9999.0,-9999.0,-9999.0,orientation,size,color,0.38,11.0,2,female,1,2537.0593455999997,0,21
1240,-9999.0,-9999.0,-9999.0,-9999.0,-9999.0,-9999.0,-9999.0,-9999.0,-9999.0,orientation,size,color,0.38,11.0,2,female,1,2537.0593455999997,0,21
1241,-9999.0,-9999.0,-9999.0,-9999.0,-9999.0,-9999.0,-9999.0,-9999.0,-9999.0,orientation,size,color,0.38,11.0,2,female,1,2537.0593455999997,0,21
1242,-9999.0,-9999.0,-9999.0,-9999.0,-9999.0,-9999.0,-9999.0,-9999.0,-9999.0,orientation,size,color,0.38,11.0,2,female,1,2537.0593455999997,0,21
1243,-9999.0,-9999.0,-9999.0,-9999.0,-9999.0,-9999.0,-9999.0,-9999.0,-9999.0,orientation,size,color,0.38,11.0,2,female,1,2537.0593455999997,0,21
1244,-9999.0,-9999.0,-9999.0,-9999.0,-9999.0,-9999.0,-9999.0,-9999.0,-9999.0,orientation,size,color,0.38,11.0,2,female,1,2537.0593455999997,0,21
1245,-9999.0,-9999.0,-9999.0,-9999.0,-9999.0,-9999.0,-9999.0,-9999.0,-9999.0,orientation,size,color,0.38,11.0,2,female,1,2537.0593455999997,0,21
1246,-9999.0,-9999.0,-9999.0,-9999.0,-9999.0,-9999.0,-9999.0,-9999.0,-9999.0,orientation,size,color,0.38,11.0,2,female,1,2537.0593455999997,0,21
1247,-9999.0,-9999.0,-9999.0,-9999.0,-9999.0,-9999.0,-9999.0,-9999.0,-9999.0,orientation,size,color,0.38,11.0,2,female,1,2537.0593455999997,0,21
1248,-9999.0,-9999.0,-9999.0,-9999.0,-9999.0,-9999.0,-9999.0,-9999.0,-9999.0,orientation,size,color,0.38,11.0,2,female,1,2537.0593455999997,0,21
1249,-9999.0,-9999.0,-9999.0,-9999.0,-9999.0,-9999.0,-9999.0,-9999.0,-9999.0,orientation,size,color,0.38,11.0,2,female,1,2537.0593455999997,0,21
1250,-9999.0,-9999.0,-9999.0,-9999.0,-9999.0,-9999.0,-9999.0,-9999.0,-9999.0,orientation,size,color,0.38,11.0,2,female,1,2537.0593455999997,0,21
1251,-9999.0,-9999.0,-9999.0,-9999.0,-9999.0,-9999.0,-9999.0,-9999.0,-9999.0,orientation,size,color,0.38,11.0,2,female,1,2537.0593455999997,0,21
1252,-9999.0,-9999.0,-9999.0,-9999.0,-9999.0,-9999.0,-9999.0,-9999.0,-9999.0,orientation,size,color,0.38,11.0,2,female,1,2537.0593455999997,0,21
1253,-9999.0,-9999.0,-9999.0,-9999.0,-9999.0,-9999.0,-9999.0,-9999.0,-9999.0,orientation,size,color,0.38,11.0,2,female,1,2537.0593455999997,0,21
1254,-9999.0,-9999.0,-9999.0,-9999.0,-9999.0,-9999.0,-9999.0,-9999.0,-9999.0,orientation,size,color,0.38,11.0,2,female,1,2537.0593455999997,0,21
1255,-9999.0,-9999.0,-9999.0,-9999.0,-9999.0,-9999.0,-9999.0,-9999.0,-9999.0,orientation,size,color,0.38,11.0,2,female,1,2537.0593455999997,0,21
1256,-9999.0,-9999.0,-9999.0,-9999.0,-9999.0,-9999.0,-9999.0,-9999.0,-9999.0,orientation,size,color,0.38,11.0,2,female,1,2537.0593455999997,0,21
1257,-9999.0,-9999.0,-9999.0,-9999.0,-9999.0,-9999.0,-9999.0,-9999.0,-9999.0,orientation,size,color,0.38,11.0,2,female,1,2537.0593455999997,0,21
1258,-9999.0,-9999.0,-9999.0,-9999.0,-9999.0,-9999.0,-9999.0,-9999.0,-9999.0,orientation,size,color,0.38,11.0,2,female,1,2537.0593455999997,0,21
1259,-9999.0,-9999.0,-9999.0,-9999.0,-9999.0,-9999.0,-9999.0,-9999.0,-9999.0,orientation,size,color,0.38,11.0,2,female,1,2537.0593455999997,0,21
1260,-9999.0,-9999.0,-9999.0,-9999.0,-9999.0,-9999.0,-9999.0,-9999.0,-9999.0,orientation,size,color,0.38,11.0,2,female,1,2537.0593455999997,0,21
1261,-9999.0,-9999.0,-9999.0,-9999.0,-9999.0,-9999.0,-9999.0,-9999.0,-9999.0,orientation,size,color,0.38,11.0,2,female,1,2537.0593455999997,0,21
1262,-9999.0,-9999.0,-9999.0,-9999.0,-9999.0,-9999.0,-9999.0,-9999.0,-9999.0,orientation,size,color,0.38,11.0,2,female,1,2537.0593455999997,0,21
1263,-9999.0,-9999.0,-9999.0,-9999.0,-9999.0,-9999.0,-9999.0,-9999.0,-9999.0,orientation,size,color,0.38,11.0,2,female,1,2537.0593455999997,0,21
1264,-9999.0,-9999.0,-9999.0,-9999.0,-9999.0,-9999.0,-9999.0,-9999.0,-9999.0,orientation,size,color,0.38,11.0,2,female,1,2537.0593455999997,0,21
1265,-9999.0,-9999.0,-9999.0,-9999.0,-9999.0,-9999.0,-9999.0,-9999.0,-9999.0,orientation,size,color,0.38,11.0,2,female,1,2537.0593455999997,0,21
1266,-9999.0,-9999.0,-9999.0,-9999.0,-9999.0,-9999.0,-9999.0,-9999.0,-9999.0,orientation,size,color,0.38,11.0,2,female,1,2537.0593455999997,0,21
1267,-9999.0,-9999.0,-9999.0,-9999.0,-9999.0,-9999.0,-9999.0,-9999.0,-9999.0,orientation,size,color,0.38,11.0,2,female,1,2537.0593455999997,0,21
1268,-9999.0,-9999.0,-9999.0,-9999.0,-9999.0,-9999.0,-9999.0,-9999.0,-9999.0,orientation,size,color,0.38,11.0,2,female,1,2537.0593455999997,0,21
1269,-9999.0,-9999.0,-9999.0,-9999.0,-9999.0,-9999.0,-9999.0,-9999.0,-9999.0,orientation,size,color,0.38,11.0,2,female,1,2537.0593455999997,0,21
1270,-9999.0,-9999.0,-9999.0,-9999.0,-9999.0,-9999.0,-9999.0,-9999.0,-9999.0,orientation,size,color,0.38,11.0,2,female,1,2537.0593455999997,0,21
1271,-9999.0,-9999.0,-9999.0,-9999.0,-9999.0,-9999.0,-9999.0,-9999.0,-9999.0,orientation,size,color,0.38,11.0,2,female,1,2537.0593455999997,0,21
1272,-9999.0,-9999.0,-9999.0,-9999.0,-9999.0,-9999.0,-9999.0,-9999.0,-9999.0,orientation,size,color,0.38,11.0,2,female,1,2537.0593455999997,0,21
1273,-9999.0,-9999.0,-9999.0,-9999.0,-9999.0,-9999.0,-9999.0,-9999.0,-9999.0,orientation,size,color,0.38,11.0,2,female,1,2537.0593455999997,0,21
1274,-9999.0,-9999.0,-9999.0,-9999.0,-9999.0,-9999.0,-9999.0,-9999.0,-9999.0,orientation,size,color,0.38,11.0,2,female,1,2537.0593455999997,0,21
1275,-9999.0,-9999.0,-9999.0,-9999.0,-9999.0,-9999.0,-9999.0,-9999.0,-9999.0,orientation,size,color,0.38,11.0,2,female,1,2537.0593455999997,0,21
1276,-9999.0,-9999.0,-9999.0,-9999.0,-9999.0,-9999.0,-9999.0,-9999.0,-9999.0,orientation,size,color,0.38,11.0,2,female,1,2537.0593455999997,0,21
1277,-9999.0,-9999.0,-9999.0,-9999.0,-9999.0,-9999.0,-9999.0,-9999.0,-9999.0,orientation,size,color,0.38,11.0,2,female,1,2537.0593455999997,0,21
1278,-9999.0,-9999.0,-9999.0,-9999.0,-9999.0,-9999.0,-9999.0,-9999.0,-9999.0,orientation,size,color,0.38,11.0,2,female,1,2537.0593455999997,0,21
1279,-9999.0,-9999.0,-9999.0,-9999.0,-9999.0,-9999.0,-9999.0,-9999.0,-9999.0,orientation,size,color,0.38,11.0,2,female,1,2537.0593455999997,0,21
1280,-9999.0,-9999.0,-9999.0,-9999.0,-9999.0,-9999.0,-9999.0,-9999.0,-9999.0,orientation,size,color,0.38,11.0,2,female,1,2537.0593455999997,0,21
1281,-9999.0,-9999.0,-9999.0,-9999.0,-9999.0,-9999.0,-9999.0,-9999.0,-9999.0,orientation,size,color,0.38,11.0,2,female,1,2537.0593455999997,0,21
1282,-9999.0,-9999.0,-9999.0,-9999.0,-9999.0,-9999.0,-9999.0,-9999.0,-9999.0,orientation,size,color,0.38,11.0,2,female,1,2537.0593455999997,0,21
1283,-9999.0,-9999.0,-9999.0,-9999.0,-9999.0,-9999.0,-9999.0,-9999.0,-9999.0,orientation,size,color,0.38,11.0,2,female,1,2537.0593455999997,0,21
1284,-9999.0,-9999.0,-9999.0,-9999.0,-9999.0,-9999.0,-9999.0,-9999.0,-9999.0,orientation,size,color,0.38,11.0,2,female,1,2537.0593455999997,0,21
1285,-9999.0,-9999.0,-9999.0,-9999.0,-9999.0,-9999.0,-9999.0,-9999.0,-9999.0,orientation,size,color,0.38,11.0,2,female,1,2537.0593455999997,0,21
1286,-9999.0,-9999.0,-9999.0,-9999.0,-9999.0,-9999.0,-9999.0,-9999.0,-9999.0,orientation,size,color,0.38,11.0,2,female,1,2537.0593455999997,0,21
1287,-9999.0,-9999.0,-9999.0,-9999.0,-9999.0,-9999.0,-9999.0,-9999.0,-9999.0,orientation,size,color,0.38,11.0,2,female,1,2537.0593455999997,0,21
1288,-9999.0,-9999.0,-9999.0,-9999.0,-9999.0,-9999.0,-9999.0,-9999.0,-9999.0,orientation,size,color,0.38,11.0,2,female,1,2537.0593455999997,0,21
1289,-9999.0,-9999.0,-9999.0,-9999.0,-9999.0,-9999.0,-9999.0,-9999.0,-9999.0,orientation,size,color,0.38,11.0,2,female,1,2537.0593455999997,0,21
1290,-9999.0,-9999.0,-9999.0,-9999.0,-9999.0,-9999.0,-9999.0,-9999.0,-9999.0,orientation,size,color,0.38,11.0,2,female,1,2537.0593455999997,0,21
1291,-9999.0,-9999.0,-9999.0,-9999.0,-9999.0,-9999.0,-9999.0,-9999.0,-9999.0,orientation,size,color,0.38,11.0,2,female,1,2537.0593455999997,0,21
1292,-9999.0,-9999.0,-9999.0,-9999.0,-9999.0,-9999.0,-9999.0,-9999.0,-9999.0,orientation,size,color,0.38,11.0,2,female,1,2537.0593455999997,0,21
1293,-9999.0,-9999.0,-9999.0,-9999.0,-9999.0,-9999.0,-9999.0,-9999.0,-9999.0,orientation,size,color,0.38,11.0,2,female,1,2537.0593455999997,0,21
1294,-9999.0,-9999.0,-9999.0,-9999.0,-9999.0,-9999.0,-9999.0,-9999.0,-9999.0,orientation,size,color,0.38,11.0,2,female,1,2537.0593455999997,0,21
1295,-9999.0,-9999.0,-9999.0,-9999.0,-9999.0,-9999.0,-9999.0,-9999.0,-9999.0,orientation,size,color,0.38,11.0,2,female,1,2537.0593455999997,0,21
1296,-9999.0,-9999.0,-9999.0,-9999.0,-9999.0,-9999.0,-9999.0,-9999.0,-9999.0,orientation,size,color,0.38,11.0,2,female,1,2537.0593455999997,0,21
1297,-9999.0,-9999.0,-9999.0,-9999.0,-9999.0,-9999.0,-9999.0,-9999.0,-9999.0,orientation,size,color,0.38,11.0,2,female,1,2537.0593455999997,0,21
1298,-9999.0,-9999.0,-9999.0,-9999.0,-9999.0,-9999.0,-9999.0,-9999.0,-9999.0,orientation,size,color,0.38,11.0,2,female,1,2537.0593455999997,0,21
1299,-9999.0,-9999.0,-9999.0,-9999.0,-9999.0,-9999.0,-9999.0,-9999.0,-9999.0,orientation,size,color,0.38,11.0,2,female,1,2537.0593455999997,0,21
1300,-9999.0,-9999.0,-9999.0,-9999.0,-9999.0,-9999.0,-9999.0,-9999.0,-9999.0,orientation,size,color,0.38,11.0,2,female,1,2537.0593455999997,0,21
1301,-9999.0,-9999.0,-9999.0,-9999.0,-9999.0,-9999.0,-9999.0,-9999.0,-9999.0,orientation,size,color,0.38,11.0,2,female,1,2537.0593455999997,0,21
1302,-9999.0,-9999.0,-9999.0,-9999.0,-9999.0,-9999.0,-9999.0,-9999.0,-9999.0,orientation,size,color,0.38,11.0,2,female,1,2537.0593455999997,0,21
1303,-9999.0,-9999.0,-9999.0,-9999.0,-9999.0,-9999.0,-9999.0,-9999.0,-9999.0,orientation,size,color,0.38,11.0,2,female,1,2537.0593455999997,0,21
1304,-9999.0,-9999.0,-9999.0,-9999.0,-9999.0,-9999.0,-9999.0,-9999.0,-9999.0,orientation,size,color,0.38,11.0,2,female,1,2537.0593455999997,0,21
1305,-9999.0,-9999.0,-9999.0,-9999.0,-9999.0,-9999.0,-9999.0,-9999.0,-9999.0,orientation,size,color,0.38,11.0,2,female,1,2537.0593455999997,0,21
1306,-9999.0,-9999.0,-9999.0,-9999.0,-9999.0,-9999.0,-9999.0,-9999.0,-9999.0,orientation,size,color,0.38,11.0,2,female,1,2537.0593455999997,0,21
1307,-9999.0,-9999.0,-9999.0,-9999.0,-9999.0,-9999.0,-9999.0,-9999.0,-9999.0,orientation,size,color,0.38,11.0,2,female,1,2537.0593455999997,0,21
1308,-9999.0,-9999.0,-9999.0,-9999.0,-9999.0,-9999.0,-9999.0,-9999.0,-9999.0,orientation,size,color,0.38,11.0,2,female,1,2537.0593455999997,0,21
1309,-9999.0,-9999.0,-9999.0,-9999.0,-9999.0,-9999.0,-9999.0,-9999.0,-9999.0,orientation,size,color,0.38,11.0,2,female,1,2537.0593455999997,0,21
1310,-9999.0,-9999.0,-9999.0,-9999.0,-9999.0,-9999.0,-9999.0,-9999.0,-9999.0,orientation,size,color,0.38,11.0,2,female,1,2537.0593455999997,0,21
1311,-9999.0,-9999.0,-9999.0,-9999.0,-9999.0,-9999.0,-9999.0,-9999.0,-9999.0,orientation,size,color,0.38,11.0,2,female,1,2537.0593455999997,0,21
1312,-9999.0,-9999.0,-9999.0,-9999.0,-9999.0,-9999.0,-9999.0,-9999.0,-9999.0,orientation,size,color,0.38,11.0,2,female,1,2537.0593455999997,0,21
1313,-9999.0,-9999.0,-9999.0,-9999.0,-9999.0,-9999.0,-9999.0,-9999.0,-9999.0,orientation,size,color,0.38,11.0,2,female,1,2537.0593455999997,0,21
1314,-9999.0,-9999.0,-9999.0,-9999.0,-9999.0,-9999.0,-9999.0,-9999.0,-9999.0,orientation,size,color,0.38,11.0,2,female,1,2537.0593455999997,0,21
1315,-9999.0,-9999.0,-9999.0,-9999.0,-9999.0,-9999.0,-9999.0,-9999.0,-9999.0,orientation,size,color,0.38,11.0,2,female,1,2537.0593455999997,0,21
1316,-9999.0,-9999.0,-9999.0,-9999.0,-9999.0,-9999.0,-9999.0,-9999.0,-9999.0,orientation,size,color,0.38,11.0,2,female,1,2537.0593455999997,0,21
1317,-9999.0,-9999.0,-9999.0,-9999.0,-9999.0,-9999.0,-9999.0,-9999.0,-9999.0,orientation,size,color,0.38,11.0,2,female,1,2537.0593455999997,0,21
1318,-9999.0,-9999.0,-9999.0,-9999.0,-9999.0,-9999.0,-9999.0,-9999.0,-9999.0,orientation,size,color,0.38,11.0,2,female,1,2537.0593455999997,0,21
1319,-9999.0,-9999.0,-9999.0,-9999.0,-9999.0,-9999.0,-9999.0,-9999.0,-9999.0,orientation,size,color,0.38,11.0,2,female,1,2537.0593455999997,0,21
1320,-9999.0,-9999.0,-9999.0,-9999.0,-9999.0,-9999.0,-9999.0,-9999.0,-9999.0,orientation,size,color,0.38,11.0,2,female,1,2537.0593455999997,0,21
1321,-9999.0,-9999.0,-9999.0,-9999.0,-9999.0,-9999.0,-9999.0,-9999.0,-9999.0,orientation,size,color,0.38,11.0,2,female,1,2537.0593455999997,0,21
1322,-9999.0,-9999.0,-9999.0,-9999.0,-9999.0,-9999.0,-9999.0,-9999.0,-9999.0,orientation,size,color,0.38,11.0,2,female,1,2537.0593455999997,0,21
1323,-9999.0,-9999.0,-9999.0,-9999.0,-9999.0,-9999.0,-9999.0,-9999.0,-9999.0,orientation,size,color,0.38,11.0,2,female,1,2537.0593455999997,0,21
1324,-9999.0,-9999.0,-9999.0,-9999.0,-9999.0,-9999.0,-9999.0,-9999.0,-9999.0,orientation,size,color,0.38,11.0,2,female,1,2537.0593455999997,0,21
1325,-9999.0,-9999.0,-9999.0,-9999.0,-9999.0,-9999.0,-9999.0,-9999.0,-9999.0,orientation,size,color,0.38,11.0,2,female,1,2537.0593455999997,0,21
1326,-9999.0,-9999.0,-9999.0,-9999.0,-9999.0,-9999.0,-9999.0,-9999.0,-9999.0,orientation,size,color,0.38,11.0,2,female,1,2537.0593455999997,0,21
1327,-9999.0,-9999.0,-9999.0,-9999.0,-9999.0,-9999.0,-9999.0,-9999.0,-9999.0,orientation,size,color,0.38,11.0,2,female,1,2537.0593455999997,0,21
1328,-9999.0,-9999.0,-9999.0,-9999.0,-9999.0,-9999.0,-9999.0,-9999.0,-9999.0,orientation,size,color,0.38,11.0,2,female,1,2537.0593455999997,0,21
1329,-9999.0,-9999.0,-9999.0,-9999.0,-9999.0,-9999.0,-9999.0,-9999.0,-9999.0,orientation,size,color,0.38,11.0,2,female,1,2537.0593455999997,0,21
1330,-9999.0,-9999.0,-9999.0,-9999.0,-9999.0,-9999.0,-9999.0,-9999.0,-9999.0,orientation,size,color,0.38,11.0,2,female,1,2537.0593455999997,0,21
1331,-9999.0,-9999.0,-9999.0,-9999.0,-9999.0,-9999.0,-9999.0,-9999.0,-9999.0,orientation,size,color,0.38,11.0,2,female,1,2537.0593455999997,0,21
1332,-9999.0,-9999.0,-9999.0,-9999.0,-9999.0,-9999.0,-9999.0,-9999.0,-9999.0,orientation,size,color,0.38,11.0,2,female,1,2537.0593455999997,0,21
1333,-9999.0,-9999.0,-9999.0,-9999.0,-9999.0,-9999.0,-9999.0,-9999.0,-9999.0,orientation,size,color,0.38,11.0,2,female,1,2537.0593455999997,0,21
1334,-9999.0,-9999.0,-9999.0,-9999.0,-9999.0,-9999.0,-9999.0,-9999.0,-9999.0,orientation,size,color,0.38,11.0,2,female,1,2537.0593455999997,0,21
1335,-9999.0,-9999.0,-9999.0,-9999.0,-9999.0,-9999.0,-9999.0,-9999.0,-9999.0,orientation,size,color,0.38,11.0,2,female,1,2537.0593455999997,0,21
1336,-9999.0,-9999.0,-9999.0,-9999.0,-9999.0,-9999.0,-9999.0,-9999.0,-9999.0,orientation,size,color,0.38,11.0,2,female,1,2537.0593455999997,0,21
1337,-9999.0,-9999.0,-9999.0,-9999.0,-9999.0,-9999.0,-9999.0,-9999.0,-9999.0,orientation,size,color,0.38,11.0,2,female,1,2537.0593455999997,0,21
1338,-9999.0,-9999.0,-9999.0,-9999.0,-9999.0,-9999.0,-9999.0,-9999.0,-9999.0,orientation,size,color,0.38,11.0,2,female,1,2537.0593455999997,0,21
1339,-9999.0,-9999.0,-9999.0,-9999.0,-9999.0,-9999.0,-9999.0,-9999.0,-9999.0,orientation,size,color,0.38,11.0,2,female,1,2537.0593455999997,0,21
1340,-9999.0,-9999.0,-9999.0,-9999.0,-9999.0,-9999.0,-9999.0,-9999.0,-9999.0,orientation,size,color,0.38,11.0,2,female,1,2537.0593455999997,0,21
1341,-9999.0,-9999.0,-9999.0,-9999.0,-9999.0,-9999.0,-9999.0,-9999.0,-9999.0,orientation,size,color,0.38,11.0,2,female,1,2537.0593455999997,0,21
1342,-9999.0,-9999.0,-9999.0,-9999.0,-9999.0,-9999.0,-9999.0,-9999.0,-9999.0,orientation,size,color,0.38,11.0,2,female,1,2537.0593455999997,0,21
1343,-9999.0,-9999.0,-9999.0,-9999.0,-9999.0,-9999.0,-9999.0,-9999.0,-9999.0,orientation,size,color,0.38,11.0,2,female,1,2537.0593455999997,0,21
1344,-9999.0,-9999.0,-9999.0,-9999.0,-9999.0,-9999.0,-9999.0,-9999.0,-9999.0,orientation,size,color,0.38,11.0,2,female,1,2537.0593455999997,0,21
1345,-9999.0,-9999.0,-9999.0,-9999.0,-9999.0,-9999.0,-9999.0,-9999.0,-9999.0,orientation,size,color,0.38,11.0,2,female,1,2537.0593455999997,0,21
1346,-9999.0,-9999.0,-9999.0,-9999.0,-9999.0,-9999.0,-9999.0,-9999.0,-9999.0,orientation,size,color,0.38,11.0,2,female,1,2537.0593455999997,0,21
1347,-9999.0,-9999.0,-9999.0,-9999.0,-9999.0,-9999.0,-9999.0,-9999.0,-9999.0,orientation,size,color,0.38,11.0,2,female,1,2537.0593455999997,0,21
1348,-9999.0,-9999.0,-9999.0,-9999.0,-9999.0,-9999.0,-9999.0,-9999.0,-9999.0,orientation,size,color,0.38,11.0,2,female,1,2537.0593455999997,0,21
1349,-9999.0,-9999.0,-9999.0,-9999.0,-9999.0,-9999.0,-9999.0,-9999.0,-9999.0,orientation,size,color,0.38,11.0,2,female,1,2537.0593455999997,0,21
1350,-9999.0,-9999.0,-9999.0,-9999.0,-9999.0,-9999.0,-9999.0,-9999.0,-9999.0,orientation,size,color,0.38,11.0,2,female,1,2537.0593455999997,0,21
1351,-9999.0,-9999.0,-9999.0,-9999.0,-9999.0,-9999.0,-9999.0,-9999.0,-9999.0,orientation,size,color,0.38,11.0,2,female,1,2537.0593455999997,0,21
1352,-9999.0,-9999.0,-9999.0,-9999.0,-9999.0,-9999.0,-9999.0,-9999.0,-9999.0,orientation,size,color,0.38,11.0,2,female,1,2537.0593455999997,0,21
1353,-9999.0,-9999.0,-9999.0,-9999.0,-9999.0,-9999.0,-9999.0,-9999.0,-9999.0,orientation,size,color,0.38,11.0,2,female,1,2537.0593455999997,0,21
1354,-9999.0,-9999.0,-9999.0,-9999.0,-9999.0,-9999.0,-9999.0,-9999.0,-9999.0,orientation,size,color,0.38,11.0,2,female,1,2537.0593455999997,0,21
1355,-9999.0,-9999.0,-9999.0,-9999.0,-9999.0,-9999.0,-9999.0,-9999.0,-9999.0,orientation,size,color,0.38,11.0,2,female,1,2537.0593455999997,0,21
1356,-9999.0,-9999.0,-9999.0,-9999.0,-9999.0,-9999.0,-9999.0,-9999.0,-9999.0,orientation,size,color,0.38,11.0,2,female,1,2537.0593455999997,0,21
1357,-9999.0,-9999.0,-9999.0,-9999.0,-9999.0,-9999.0,-9999.0,-9999.0,-9999.0,orientation,size,color,0.38,11.0,2,female,1,2537.0593455999997,0,21
1358,-9999.0,-9999.0,-9999.0,-9999.0,-9999.0,-9999.0,-9999.0,-9999.0,-9999.0,orientation,size,color,0.38,11.0,2,female,1,2537.0593455999997,0,21
1359,-9999.0,-9999.0,-9999.0,-9999.0,-9999.0,-9999.0,-9999.0,-9999.0,-9999.0,orientation,size,color,0.38,11.0,2,female,1,2537.0593455999997,0,21
1360,-9999.0,-9999.0,-9999.0,-9999.0,-9999.0,-9999.0,-9999.0,-9999.0,-9999.0,orientation,size,color,0.38,11.0,2,female,1,2537.0593455999997,0,21
1361,-9999.0,-9999.0,-9999.0,-9999.0,-9999.0,-9999.0,-9999.0,-9999.0,-9999.0,orientation,size,color,0.38,11.0,2,female,1,2537.0593455999997,0,21
1362,-9999.0,-9999.0,-9999.0,-9999.0,-9999.0,-9999.0,-9999.0,-9999.0,-9999.0,orientation,size,color,0.38,11.0,2,female,1,2537.0593455999997,0,21
1363,-9999.0,-9999.0,-9999.0,-9999.0,-9999.0,-9999.0,-9999.0,-9999.0,-9999.0,orientation,size,color,0.38,11.0,2,female,1,2537.0593455999997,0,21
1364,-9999.0,-9999.0,-9999.0,-9999.0,-9999.0,-9999.0,-9999.0,-9999.0,-9999.0,orientation,size,color,0.38,11.0,2,female,1,2537.0593455999997,0,21
1365,-9999.0,-9999.0,-9999.0,-9999.0,-9999.0,-9999.0,-9999.0,-9999.0,-9999.0,orientation,size,color,0.38,11.0,2,female,1,2537.0593455999997,0,21
1366,-9999.0,-9999.0,-9999.0,-9999.0,-9999.0,-9999.0,-9999.0,-9999.0,-9999.0,orientation,size,color,0.38,11.0,2,female,1,2537.0593455999997,0,21
1367,-9999.0,-9999.0,-9999.0,-9999.0,-9999.0,-9999.0,-9999.0,-9999.0,-9999.0,orientation,size,color,0.38,11.0,2,female,1,2537.0593455999997,0,21
1368,-9999.0,-9999.0,-9999.0,-9999.0,-9999.0,-9999.0,-9999.0,-9999.0,-9999.0,orientation,size,color,0.38,11.0,2,female,1,2537.0593455999997,0,21
1369,-9999.0,-9999.0,-9999.0,-9999.0,-9999.0,-9999.0,-9999.0,-9999.0,-9999.0,orientation,size,color,0.38,11.0,2,female,1,2537.0593455999997,0,21
1370,-9999.0,-9999.0,-9999.0,-9999.0,-9999.0,-9999.0,-9999.0,-9999.0,-9999.0,orientation,size,color,0.38,11.0,2,female,1,2537.0593455999997,0,21
1371,-9999.0,-9999.0,-9999.0,-9999.0,-9999.0,-9999.0,-9999.0,-9999.0,-9999.0,orientation,size,color,0.38,11.0,2,female,1,2537.0593455999997,0,21
1372,-9999.0,-9999.0,-9999.0,-9999.0,-9999.0,-9999.0,-9999.0,-9999.0,-9999.0,orientation,size,color,0.38,11.0,2,female,1,2537.0593455999997,0,21
1373,-9999.0,-9999.0,-9999.0,-9999.0,-9999.0,-9999.0,-9999.0,-9999.0,-9999.0,orientation,size,color,0.38,11.0,2,female,1,2537.0593455999997,0,21
1374,-9999.0,-9999.0,-9999.0,-9999.0,-9999.0,-9999.0,-9999.0,-9999.0,-9999.0,orientation,size,color,0.38,11.0,2,female,1,2537.0593455999997,0,21
1375,-9999.0,-9999.0,-9999.0,-9999.0,-9999.0,-9999.0,-9999.0,-9999.0,-9999.0,orientation,size,color,0.38,11.0,2,female,1,2537.0593455999997,0,21
1376,-9999.0,-9999.0,-9999.0,-9999.0,-9999.0,-9999.0,-9999.0,-9999.0,-9999.0,orientation,size,color,0.38,11.0,2,female,1,2537.0593455999997,0,21
1377,-9999.0,-9999.0,-9999.0,-9999.0,-9999.0,-9999.0,-9999.0,-9999.0,-9999.0,orientation,size,color,0.38,11.0,2,female,1,2537.0593455999997,0,21
1378,-9999.0,-9999.0,-9999.0,-9999.0,-9999.0,-9999.0,-9999.0,-9999.0,-9999.0,orientation,size,color,0.38,11.0,2,female,1,2537.0593455999997,0,21
1379,-9999.0,-9999.0,-9999.0,-9999.0,-9999.0,-9999.0,-9999.0,-9999.0,-9999.0,orientation,size,color,0.38,11.0,2,female,1,2537.0593455999997,0,21
1380,-9999.0,-9999.0,-9999.0,-9999.0,-9999.0,-9999.0,-9999.0,-9999.0,-9999.0,orientation,size,color,0.38,11.0,2,female,1,2537.0593455999997,0,21
1381,-9999.0,-9999.0,-9999.0,-9999.0,-9999.0,-9999.0,-9999.0,-9999.0,-9999.0,orientation,size,color,0.38,11.0,2,female,1,2537.0593455999997,0,21
1382,-9999.0,-9999.0,-9999.0,-9999.0,-9999.0,-9999.0,-9999.0,-9999.0,-9999.0,orientation,size,color,0.38,11.0,2,female,1,2537.0593455999997,0,21
1383,-9999.0,-9999.0,-9999.0,-9999.0,-9999.0,-9999.0,-9999.0,-9999.0,-9999.0,orientation,size,color,0.38,11.0,2,female,1,2537.0593455999997,0,21
1384,-9999.0,-9999.0,-9999.0,-9999.0,-9999.0,-9999.0,-9999.0,-9999.0,-9999.0,orientation,size,color,0.38,11.0,2,female,1,2537.0593455999997,0,21
1385,-9999.0,-9999.0,-9999.0,-9999.0,-9999.0,-9999.0,-9999.0,-9999.0,-9999.0,orientation,size,color,0.38,11.0,2,female,1,2537.0593455999997,0,21
1386,-9999.0,-9999.0,-9999.0,-9999.0,-9999.0,-9999.0,-9999.0,-9999.0,-9999.0,orientation,size,color,0.38,11.0,2,female,1,2537.0593455999997,0,21
1387,-9999.0,-9999.0,-9999.0,-9999.0,-9999.0,-9999.0,-9999.0,-9999.0,-9999.0,orientation,size,color,0.38,11.0,2,female,1,2537.0593455999997,0,21
1388,-9999.0,-9999.0,-9999.0,-9999.0,-9999.0,-9999.0,-9999.0,-9999.0,-9999.0,orientation,size,color,0.38,11.0,2,female,1,2537.0593455999997,0,21
1389,-9999.0,-9999.0,-9999.0,-9999.0,-9999.0,-9999.0,-9999.0,-9999.0,-9999.0,orientation,size,color,0.38,11.0,2,female,1,2537.0593455999997,0,21
1390,-9999.0,-9999.0,-9999.0,-9999.0,-9999.0,-9999.0,-9999.0,-9999.0,-9999.0,orientation,size,color,0.38,11.0,2,female,1,2537.0593455999997,0,21
1391,-9999.0,-9999.0,-9999.0,-9999.0,-9999.0,-9999.0,-9999.0,-9999.0,-9999.0,orientation,size,color,0.38,11.0,2,female,1,2537.0593455999997,0,21
1392,-9999.0,-9999.0,-9999.0,-9999.0,-9999.0,-9999.0,-9999.0,-9999.0,-9999.0,orientation,size,color,0.38,11.0,2,female,1,2537.0593455999997,0,21
1393,-9999.0,-9999.0,-9999.0,-9999.0,-9999.0,-9999.0,-9999.0,-9999.0,-9999.0,orientation,size,color,0.38,11.0,2,female,1,2537.0593455999997,0,21
1394,-9999.0,-9999.0,-9999.0,-9999.0,-9999.0,-9999.0,-9999.0,-9999.0,-9999.0,orientation,size,color,0.38,11.0,2,female,1,2537.0593455999997,0,21
1395,-9999.0,-9999.0,-9999.0,-9999.0,-9999.0,-9999.0,-9999.0,-9999.0,-9999.0,orientation,size,color,0.38,11.0,2,female,1,2537.0593455999997,0,21
1396,-9999.0,-9999.0,-9999.0,-9999.0,-9999.0,-9999.0,-9999.0,-9999.0,-9999.0,orientation,size,color,0.38,11.0,2,female,1,2537.0593455999997,0,21
1397,-9999.0,-9999.0,-9999.0,-9999.0,-9999.0,-9999.0,-9999.0,-9999.0,-9999.0,orientation,size,color,0.38,11.0,2,female,1,2537.0593455999997,0,21
1398,-9999.0,-9999.0,-9999.0,-9999.0,-9999.0,-9999.0,-9999.0,-9999.0,-9999.0,orientation,size,color,0.38,11.0,2,female,1,2537.0593455999997,0,21
1399,-9999.0,-9999.0,-9999.0,-9999.0,-9999.0,-9999.0,-9999.0,-9999.0,-9999.0,orientation,size,color,0.38,11.0,2,female,1,2537.0593455999997,0,21
1400,-9999.0,-9999.0,-9999.0,-9999.0,-9999.0,-9999.0,-9999.0,-9999.0,-9999.0,orientation,size,color,0.38,11.0,2,female,1,2537.0593455999997,0,21
1401,-9999.0,-9999.0,-9999.0,-9999.0,-9999.0,-9999.0,-9999.0,-9999.0,-9999.0,orientation,size,color,0.38,11.0,2,female,1,2537.0593455999997,0,21
1402,-9999.0,-9999.0,-9999.0,-9999.0,-9999.0,-9999.0,-9999.0,-9999.0,-9999.0,orientation,size,color,0.38,11.0,2,female,1,2537.0593455999997,0,21
1403,-9999.0,-9999.0,-9999.0,-9999.0,-9999.0,-9999.0,-9999.0,-9999.0,-9999.0,orientation,size,color,0.38,11.0,2,female,1,2537.0593455999997,0,21
1404,-9999.0,-9999.0,-9999.0,-9999.0,-9999.0,-9999.0,-9999.0,-9999.0,-9999.0,orientation,size,color,0.38,11.0,2,female,1,2537.0593455999997,0,21
1405,-9999.0,-9999.0,-9999.0,-9999.0,-9999.0,-9999.0,-9999.0,-9999.0,-9999.0,orientation,size,color,0.38,11.0,2,female,1,2537.0593455999997,0,21
1406,-9999.0,-9999.0,-9999.0,-9999.0,-9999.0,-9999.0,-9999.0,-9999.0,-9999.0,orientation,size,color,0.38,11.0,2,female,1,2537.0593455999997,0,21
1407,-9999.0,-9999.0,-9999.0,-9999.0,-9999.0,-9999.0,-9999.0,-9999.0,-9999.0,orientation,size,color,0.38,11.0,2,female,1,2537.0593455999997,0,21
1408,-9999.0,-9999.0,-9999.0,-9999.0,-9999.0,-9999.0,-9999.0,-9999.0,-9999.0,orientation,size,color,0.38,11.0,2,female,1,2537.0593455999997,0,21
1409,-9999.0,-9999.0,-9999.0,-9999.0,-9999.0,-9999.0,-9999.0,-9999.0,-9999.0,orientation,size,color,0.38,11.0,2,female,1,2537.0593455999997,0,21
1410,-9999.0,-9999.0,-9999.0,-9999.0,-9999.0,-9999.0,-9999.0,-9999.0,-9999.0,orientation,size,color,0.38,11.0,2,female,1,2537.0593455999997,0,21
1411,-9999.0,-9999.0,-9999.0,-9999.0,-9999.0,-9999.0,-9999.0,-9999.0,-9999.0,orientation,size,color,0.38,11.0,2,female,1,2537.0593455999997,0,21
1412,-9999.0,-9999.0,-9999.0,-9999.0,-9999.0,-9999.0,-9999.0,-9999.0,-9999.0,orientation,size,color,0.38,11.0,2,female,1,2537.0593455999997,0,21
1413,-9999.0,-9999.0,-9999.0,-9999.0,-9999.0,-9999.0,-9999.0,-9999.0,-9999.0,orientation,size,color,0.38,11.0,2,female,1,2537.0593455999997,0,21
1414,-9999.0,-9999.0,-9999.0,-9999.0,-9999.0,-9999.0,-9999.0,-9999.0,-9999.0,orientation,size,color,0.38,11.0,2,female,1,2537.0593455999997,0,21
1415,-9999.0,-9999.0,-9999.0,-9999.0,-9999.0,-9999.0,-9999.0,-9999.0,-9999.0,orientation,size,color,0.38,11.0,2,female,1,2537.0593455999997,0,21
1416,-9999.0,-9999.0,-9999.0,-9999.0,-9999.0,-9999.0,-9999.0,-9999.0,-9999.0,orientation,size,color,0.38,11.0,2,female,1,2537.0593455999997,0,21
1417,-9999.0,-9999.0,-9999.0,-9999.0,-9999.0,-9999.0,-9999.0,-9999.0,-9999.0,orientation,size,color,0.38,11.0,2,female,1,2537.0593455999997,0,21
1418,-9999.0,-9999.0,-9999.0,-9999.0,-9999.0,-9999.0,-9999.0,-9999.0,-9999.0,orientation,size,color,0.38,11.0,2,female,1,2537.0593455999997,0,21
1419,-9999.0,-9999.0,-9999.0,-9999.0,-9999.0,-9999.0,-9999.0,-9999.0,-9999.0,orientation,size,color,0.38,11.0,2,female,1,2537.0593455999997,0,21
1420,-9999.0,-9999.0,-9999.0,-9999.0,-9999.0,-9999.0,-9999.0,-9999.0,-9999.0,orientation,size,color,0.38,11.0,2,female,1,2537.0593455999997,0,21
1421,-9999.0,-9999.0,-9999.0,-9999.0,-9999.0,-9999.0,-9999.0,-9999.0,-9999.0,orientation,size,color,0.38,11.0,2,female,1,2537.0593455999997,0,21
1422,-9999.0,-9999.0,-9999.0,-9999.0,-9999.0,-9999.0,-9999.0,-9999.0,-9999.0,orientation,size,color,0.38,11.0,2,female,1,2537.0593455999997,0,21
1423,-9999.0,-9999.0,-9999.0,-9999.0,-9999.0,-9999.0,-9999.0,-9999.0,-9999.0,orientation,size,color,0.38,11.0,2,female,1,2537.0593455999997,0,21
1424,-9999.0,-9999.0,-9999.0,-9999.0,-9999.0,-9999.0,-9999.0,-9999.0,-9999.0,orientation,size,color,0.38,11.0,2,female,1,2537.0593455999997,0,21
1425,-9999.0,-9999.0,-9999.0,-9999.0,-9999.0,-9999.0,-9999.0,-9999.0,-9999.0,orientation,size,color,0.38,11.0,2,female,1,2537.0593455999997,0,21
1426,-9999.0,-9999.0,-9999.0,-9999.0,-9999.0,-9999.0,-9999.0,-9999.0,-9999.0,orientation,size,color,0.38,11.0,2,female,1,2537.0593455999997,0,21
1427,-9999.0,-9999.0,-9999.0,-9999.0,-9999.0,-9999.0,-9999.0,-9999.0,-9999.0,orientation,size,color,0.38,11.0,2,female,1,2537.0593455999997,0,21
1428,-9999.0,-9999.0,-9999.0,-9999.0,-9999.0,-9999.0,-9999.0,-9999.0,-9999.0,orientation,size,color,0.38,11.0,2,female,1,2537.0593455999997,0,21
1429,-9999.0,-9999.0,-9999.0,-9999.0,-9999.0,-9999.0,-9999.0,-9999.0,-9999.0,orientation,size,color,0.38,11.0,2,female,1,2537.0593455999997,0,21
1430,-9999.0,-9999.0,-9999.0,-9999.0,-9999.0,-9999.0,-9999.0,-9999.0,-9999.0,orientation,size,color,0.38,11.0,2,female,1,2537.0593455999997,0,21
1431,-9999.0,-9999.0,-9999.0,-9999.0,-9999.0,-9999.0,-9999.0,-9999.0,-9999.0,orientation,size,color,0.38,11.0,2,female,1,2537.0593455999997,0,21
1432,-9999.0,-9999.0,-9999.0,-9999.0,-9999.0,-9999.0,-9999.0,-9999.0,-9999.0,orientation,size,color,0.38,11.0,2,female,1,2537.0593455999997,0,21
1433,-9999.0,-9999.0,-9999.0,-9999.0,-9999.0,-9999.0,-9999.0,-9999.0,-9999.0,orientation,size,color,0.38,11.0,2,female,1,2537.0593455999997,0,21
1434,-9999.0,-9999.0,-9999.0,-9999.0,-9999.0,-9999.0,-9999.0,-9999.0,-9999.0,orientation,size,color,0.38,11.0,2,female,1,2537.0593455999997,0,21
1435,-9999.0,-9999.0,-9999.0,-9999.0,-9999.0,-9999.0,-9999.0,-9999.0,-9999.0,orientation,size,color,0.38,11.0,2,female,1,2537.0593455999997,0,21
1436,-9999.0,-9999.0,-9999.0,-9999.0,-9999.0,-9999.0,-9999.0,-9999.0,-9999.0,orientation,size,color,0.38,11.0,2,female,1,2537.0593455999997,0,21
1437,-9999.0,-9999.0,-9999.0,-9999.0,-9999.0,-9999.0,-9999.0,-9999.0,-9999.0,orientation,size,color,0.38,11.0,2,female,1,2537.0593455999997,0,21
1438,-9999.0,-9999.0,-9999.0,-9999.0,-9999.0,-9999.0,-9999.0,-9999.0,-9999.0,orientation,size,color,0.38,11.0,2,female,1,2537.0593455999997,0,21
1439,-9999.0,-9999.0,-9999.0,-9999.0,-9999.0,-9999.0,-9999.0,-9999.0,-9999.0,orientation,size,color,0.38,11.0,2,female,1,2537.0593455999997,0,21
1440,-9999.0,-9999.0,-9999.0,-9999.0,-9999.0,-9999.0,-9999.0,-9999.0,-9999.0,orientation,size,color,0.38,11.0,2,female,1,2537.0593455999997,0,21
1441,-9999.0,-9999.0,-9999.0,-9999.0,-9999.0,-9999.0,-9999.0,-9999.0,-9999.0,orientation,size,color,0.38,11.0,2,female,1,2537.0593455999997,0,21
1442,-9999.0,-9999.0,-9999.0,-9999.0,-9999.0,-9999.0,-9999.0,-9999.0,-9999.0,orientation,size,color,0.38,11.0,2,female,1,2537.0593455999997,0,21
1443,-9999.0,-9999.0,-9999.0,-9999.0,-9999.0,-9999.0,-9999.0,-9999.0,-9999.0,orientation,size,color,0.38,11.0,2,female,1,2537.0593455999997,0,21
1444,-9999.0,-9999.0,-9999.0,-9999.0,-9999.0,-9999.0,-9999.0,-9999.0,-9999.0,orientation,size,color,0.38,11.0,2,female,1,2537.0593455999997,0,21
1445,-9999.0,-9999.0,-9999.0,-9999.0,-9999.0,-9999.0,-9999.0,-9999.0,-9999.0,orientation,size,color,0.38,11.0,2,female,1,2537.0593455999997,0,21
1446,-9999.0,-9999.0,-9999.0,-9999.0,-9999.0,-9999.0,-9999.0,-9999.0,-9999.0,orientation,size,color,0.38,11.0,2,female,1,2537.0593455999997,0,21
1447,-9999.0,-9999.0,-9999.0,-9999.0,-9999.0,-9999.0,-9999.0,-9999.0,-9999.0,orientation,size,color,0.38,11.0,2,female,1,2537.0593455999997,0,21
1448,-9999.0,-9999.0,-9999.0,-9999.0,-9999.0,-9999.0,-9999.0,-9999.0,-9999.0,orientation,size,color,0.38,11.0,2,female,1,2537.0593455999997,0,21
1449,-9999.0,-9999.0,-9999.0,-9999.0,-9999.0,-9999.0,-9999.0,-9999.0,-9999.0,orientation,size,color,0.38,11.0,2,female,1,2537.0593455999997,0,21
1450,-9999.0,-9999.0,-9999.0,-9999.0,-9999.0,-9999.0,-9999.0,-9999.0,-9999.0,orientation,size,color,0.38,11.0,2,female,1,2537.0593455999997,0,21
1451,-9999.0,-9999.0,-9999.0,-9999.0,-9999.0,-9999.0,-9999.0,-9999.0,-9999.0,orientation,size,color,0.38,11.0,2,female,1,2537.0593455999997,0,21
1452,-9999.0,-9999.0,-9999.0,-9999.0,-9999.0,-9999.0,-9999.0,-9999.0,-9999.0,orientation,size,color,0.38,11.0,2,female,1,2537.0593455999997,0,21
1453,-9999.0,-9999.0,-9999.0,-9999.0,-9999.0,-9999.0,-9999.0,-9999.0,-9999.0,orientation,size,color,0.38,11.0,2,female,1,2537.0593455999997,0,21
1454,-9999.0,-9999.0,-9999.0,-9999.0,-9999.0,-9999.0,-9999.0,-9999.0,-9999.0,orientation,size,color,0.38,11.0,2,female,1,2537.0593455999997,0,21
1455,-9999.0,-9999.0,-9999.0,-9999.0,-9999.0,-9999.0,-9999.0,-9999.0,-9999.0,orientation,size,color,0.38,11.0,2,female,1,2537.0593455999997,0,21
1456,-9999.0,-9999.0,-9999.0,-9999.0,-9999.0,-9999.0,-9999.0,-9999.0,-9999.0,orientation,size,color,0.38,11.0,2,female,1,2537.0593455999997,0,21
1457,-9999.0,-9999.0,-9999.0,-9999.0,-9999.0,-9999.0,-9999.0,-9999.0,-9999.0,orientation,size,color,0.38,11.0,2,female,1,2537.0593455999997,0,21
1458,-9999.0,-9999.0,-9999.0,-9999.0,-9999.0,-9999.0,-9999.0,-9999.0,-9999.0,orientation,size,color,0.38,11.0,2,female,1,2537.0593455999997,0,21
1459,-9999.0,-9999.0,-9999.0,-9999.0,-9999.0,-9999.0,-9999.0,-9999.0,-9999.0,orientation,size,color,0.38,11.0,2,female,1,2537.0593455999997,0,21
1460,-9999.0,-9999.0,-9999.0,-9999.0,-9999.0,-9999.0,-9999.0,-9999.0,-9999.0,orientation,size,color,0.38,11.0,2,female,1,2537.0593455999997,0,21
1461,-9999.0,-9999.0,-9999.0,-9999.0,-9999.0,-9999.0,-9999.0,-9999.0,-9999.0,orientation,size,color,0.38,11.0,2,female,1,2537.0593455999997,0,21
1462,-9999.0,-9999.0,-9999.0,-9999.0,-9999.0,-9999.0,-9999.0,-9999.0,-9999.0,orientation,size,color,0.38,11.0,2,female,1,2537.0593455999997,0,21
1463,-9999.0,-9999.0,-9999.0,-9999.0,-9999.0,-9999.0,-9999.0,-9999.0,-9999.0,orientation,size,color,0.38,11.0,2,female,1,2537.0593455999997,0,21
1464,-9999.0,-9999.0,-9999.0,-9999.0,-9999.0,-9999.0,-9999.0,-9999.0,-9999.0,orientation,size,color,0.38,11.0,2,female,1,2537.0593455999997,0,21
1465,-9999.0,-9999.0,-9999.0,-9999.0,-9999.0,-9999.0,-9999.0,-9999.0,-9999.0,orientation,size,color,0.38,11.0,2,female,1,2537.0593455999997,0,21
1466,-9999.0,-9999.0,-9999.0,-9999.0,-9999.0,-9999.0,-9999.0,-9999.0,-9999.0,orientation,size,color,0.38,11.0,2,female,1,2537.0593455999997,0,21
1467,-9999.0,-9999.0,-9999.0,-9999.0,-9999.0,-9999.0,-9999.0,-9999.0,-9999.0,orientation,size,color,0.38,11.0,2,female,1,2537.0593455999997,0,21
1468,-9999.0,-9999.0,-9999.0,-9999.0,-9999.0,-9999.0,-9999.0,-9999.0,-9999.0,orientation,size,color,0.38,11.0,2,female,1,2537.0593455999997,0,21
1469,-9999.0,-9999.0,-9999.0,-9999.0,-9999.0,-9999.0,-9999.0,-9999.0,-9999.0,orientation,size,color,0.38,11.0,2,female,1,2537.0593455999997,0,21
1470,-9999.0,-9999.0,-9999.0,-9999.0,-9999.0,-9999.0,-9999.0,-9999.0,-9999.0,orientation,size,color,0.38,11.0,2,female,1,2537.0593455999997,0,21
1471,-9999.0,-9999.0,-9999.0,-9999.0,-9999.0,-9999.0,-9999.0,-9999.0,-9999.0,orientation,size,color,0.38,11.0,2,female,1,2537.0593455999997,0,21
1472,-9999.0,-9999.0,-9999.0,-9999.0,-9999.0,-9999.0,-9999.0,-9999.0,-9999.0,orientation,size,color,0.38,11.0,2,female,1,2537.0593455999997,0,21
1473,-9999.0,-9999.0,-9999.0,-9999.0,-9999.0,-9999.0,-9999.0,-9999.0,-9999.0,orientation,size,color,0.38,11.0,2,female,1,2537.0593455999997,0,21
1474,-9999.0,-9999.0,-9999.0,-9999.0,-9999.0,-9999.0,-9999.0,-9999.0,-9999.0,orientation,size,color,0.38,11.0,2,female,1,2537.0593455999997,0,21
1475,-9999.0,-9999.0,-9999.0,-9999.0,-9999.0,-9999.0,-9999.0,-9999.0,-9999.0,orientation,size,color,0.38,11.0,2,female,1,2537.0593455999997,0,21
1476,-9999.0,-9999.0,-9999.0,-9999.0,-9999.0,-9999.0,-9999.0,-9999.0,-9999.0,orientation,size,color,0.38,11.0,2,female,1,2537.0593455999997,0,21
1477,-9999.0,-9999.0,-9999.0,-9999.0,-9999.0,-9999.0,-9999.0,-9999.0,-9999.0,orientation,size,color,0.38,11.0,2,female,1,2537.0593455999997,0,21
1478,-9999.0,-9999.0,-9999.0,-9999.0,-9999.0,-9999.0,-9999.0,-9999.0,-9999.0,orientation,size,color,0.38,11.0,2,female,1,2537.0593455999997,0,21
1479,-9999.0,-9999.0,-9999.0,-9999.0,-9999.0,-9999.0,-9999.0,-9999.0,-9999.0,orientation,size,color,0.38,11.0,2,female,1,2537.0593455999997,0,21
1480,-9999.0,-9999.0,-9999.0,-9999.0,-9999.0,-9999.0,-9999.0,-9999.0,-9999.0,orientation,size,color,0.38,11.0,2,female,1,2537.0593455999997,0,21
1481,-9999.0,-9999.0,-9999.0,-9999.0,-9999.0,-9999.0,-9999.0,-9999.0,-9999.0,orientation,size,color,0.38,11.0,2,female,1,2537.0593455999997,0,21
1482,-9999.0,-9999.0,-9999.0,-9999.0,-9999.0,-9999.0,-9999.0,-9999.0,-9999.0,orientation,size,color,0.38,11.0,2,female,1,2537.0593455999997,0,21
1483,-9999.0,-9999.0,-9999.0,-9999.0,-9999.0,-9999.0,-9999.0,-9999.0,-9999.0,orientation,size,color,0.38,11.0,2,female,1,2537.0593455999997,0,21
1484,-9999.0,-9999.0,-9999.0,-9999.0,-9999.0,-9999.0,-9999.0,-9999.0,-9999.0,orientation,size,color,0.38,11.0,2,female,1,2537.0593455999997,0,21
1485,-9999.0,-9999.0,-9999.0,-9999.0,-9999.0,-9999.0,-9999.0,-9999.0,-9999.0,orientation,size,color,0.38,11.0,2,female,1,2537.0593455999997,0,21
1486,-9999.0,-9999.0,-9999.0,-9999.0,-9999.0,-9999.0,-9999.0,-9999.0,-9999.0,orientation,size,color,0.38,11.0,2,female,1,2537.0593455999997,0,21
1487,-9999.0,-9999.0,-9999.0,-9999.0,-9999.0,-9999.0,-9999.0,-9999.0,-9999.0,orientation,size,color,0.38,11.0,2,female,1,2537.0593455999997,0,21
1488,-9999.0,-9999.0,-9999.0,-9999.0,-9999.0,-9999.0,-9999.0,-9999.0,-9999.0,orientation,size,color,0.38,11.0,2,female,1,2537.0593455999997,0,21
1489,-9999.0,-9999.0,-9999.0,-9999.0,-9999.0,-9999.0,-9999.0,-9999.0,-9999.0,orientation,size,color,0.38,11.0,2,female,1,2537.0593455999997,0,21
1490,-9999.0,-9999.0,-9999.0,-9999.0,-9999.0,-9999.0,-9999.0,-9999.0,-9999.0,orientation,size,color,0.38,11.0,2,female,1,2537.0593455999997,0,21
1491,-9999.0,-9999.0,-9999.0,-9999.0,-9999.0,-9999.0,-9999.0,-9999.0,-9999.0,orientation,size,color,0.38,11.0,2,female,1,2537.0593455999997,0,21
1492,-9999.0,-9999.0,-9999.0,-9999.0,-9999.0,-9999.0,-9999.0,-9999.0,-9999.0,orientation,size,color,0.38,11.0,2,female,1,2537.0593455999997,0,21
1493,-9999.0,-9999.0,-9999.0,-9999.0,-9999.0,-9999.0,-9999.0,-9999.0,-9999.0,orientation,size,color,0.38,11.0,2,female,1,2537.0593455999997,0,21
1494,-9999.0,-9999.0,-9999.0,-9999.0,-9999.0,-9999.0,-9999.0,-9999.0,-9999.0,orientation,size,color,0.38,11.0,2,female,1,2537.0593455999997,0,21
1495,-9999.0,-9999.0,-9999.0,-9999.0,-9999.0,-9999.0,-9999.0,-9999.0,-9999.0,orientation,size,color,0.38,11.0,2,female,1,2537.0593455999997,0,21
1496,-9999.0,-9999.0,-9999.0,-9999.0,-9999.0,-9999.0,-9999.0,-9999.0,-9999.0,orientation,size,color,0.38,11.0,2,female,1,2537.0593455999997,0,21
1497,-9999.0,-9999.0,-9999.0,-9999.0,-9999.0,-9999.0,-9999.0,-9999.0,-9999.0,orientation,size,color,0.38,11.0,2,female,1,2537.0593455999997,0,21
1498,-9999.0,-9999.0,-9999.0,-9999.0,-9999.0,-9999.0,-9999.0,-9999.0,-9999.0,orientation,size,color,0.38,11.0,2,female,1,2537.0593455999997,0,21
1499,-9999.0,-9999.0,-9999.0,-9999.0,-9999.0,-9999.0,-9999.0,-9999.0,-9999.0,orientation,size,color,0.38,11.0,2,female,1,2537.0593455999997,0,21
1500,-9999.0,-9999.0,-9999.0,-9999.0,-9999.0,-9999.0,-9999.0,-9999.0,-9999.0,orientation,size,color,0.38,11.0,2,female,1,2537.0593455999997,0,21
1501,-9999.0,-9999.0,-9999.0,-9999.0,-9999.0,-9999.0,-9999.0,-9999.0,-9999.0,orientation,size,color,0.38,11.0,2,female,1,2537.0593455999997,0,21
1502,-9999.0,-9999.0,-9999.0,-9999.0,-9999.0,-9999.0,-9999.0,-9999.0,-9999.0,orientation,size,color,0.38,11.0,2,female,1,2537.0593455999997,0,21
1503,-9999.0,-9999.0,-9999.0,-9999.0,-9999.0,-9999.0,-9999.0,-9999.0,-9999.0,orientation,size,color,0.38,11.0,2,female,1,2537.0593455999997,0,21
1504,-9999.0,-9999.0,-9999.0,-9999.0,-9999.0,-9999.0,-9999.0,-9999.0,-9999.0,orientation,size,color,0.38,11.0,2,female,1,2537.0593455999997,0,21
1505,-9999.0,-9999.0,-9999.0,-9999.0,-9999.0,-9999.0,-9999.0,-9999.0,-9999.0,orientation,size,color,0.38,11.0,2,female,1,2537.0593455999997,0,21
1506,-9999.0,-9999.0,-9999.0,-9999.0,-9999.0,-9999.0,-9999.0,-9999.0,-9999.0,orientation,size,color,0.38,11.0,2,female,1,2537.0593455999997,0,21
1507,-9999.0,-9999.0,-9999.0,-9999.0,-9999.0,-9999.0,-9999.0,-9999.0,-9999.0,orientation,size,color,0.38,11.0,2,female,1,2537.0593455999997,0,21
1508,-9999.0,-9999.0,-9999.0,-9999.0,-9999.0,-9999.0,-9999.0,-9999.0,-9999.0,orientation,size,color,0.38,11.0,2,female,1,2537.0593455999997,0,21
1509,-9999.0,-9999.0,-9999.0,-9999.0,-9999.0,-9999.0,-9999.0,-9999.0,-9999.0,orientation,size,color,0.38,11.0,2,female,1,2537.0593455999997,0,21
1510,-9999.0,-9999.0,-9999.0,-9999.0,-9999.0,-9999.0,-9999.0,-9999.0,-9999.0,orientation,size,color,0.38,11.0,2,female,1,2537.0593455999997,0,21
1511,-9999.0,-9999.0,-9999.0,-9999.0,-9999.0,-9999.0,-9999.0,-9999.0,-9999.0,orientation,size,color,0.38,11.0,2,female,1,2537.0593455999997,0,21
1512,-9999.0,-9999.0,-9999.0,-9999.0,-9999.0,-9999.0,-9999.0,-9999.0,-9999.0,orientation,size,color,0.38,11.0,2,female,1,2537.0593455999997,0,21
1513,-9999.0,-9999.0,-9999.0,-9999.0,-9999.0,-9999.0,-9999.0,-9999.0,-9999.0,orientation,size,color,0.38,11.0,2,female,1,2537.0593455999997,0,21
1514,-9999.0,-9999.0,-9999.0,-9999.0,-9999.0,-9999.0,-9999.0,-9999.0,-9999.0,orientation,size,color,0.38,11.0,2,female,1,2537.0593455999997,0,21
1515,-9999.0,-9999.0,-9999.0,-9999.0,-9999.0,-9999.0,-9999.0,-9999.0,-9999.0,orientation,size,color,0.38,11.0,2,female,1,2537.0593455999997,0,21
1516,-9999.0,-9999.0,-9999.0,-9999.0,-9999.0,-9999.0,-9999.0,-9999.0,-9999.0,orientation,size,color,0.38,11.0,2,female,1,2537.0593455999997,0,21
1517,-9999.0,-9999.0,-9999.0,-9999.0,-9999.0,-9999.0,-9999.0,-9999.0,-9999.0,orientation,size,color,0.38,11.0,2,female,1,2537.0593455999997,0,21
1518,-9999.0,-9999.0,-9999.0,-9999.0,-9999.0,-9999.0,-9999.0,-9999.0,-9999.0,orientation,size,color,0.38,11.0,2,female,1,2537.0593455999997,0,21
1519,-9999.0,-9999.0,-9999.0,-9999.0,-9999.0,-9999.0,-9999.0,-9999.0,-9999.0,orientation,size,color,0.38,11.0,2,female,1,2537.0593455999997,0,21
1520,-9999.0,-9999.0,-9999.0,-9999.0,-9999.0,-9999.0,-9999.0,-9999.0,-9999.0,orientation,size,color,0.38,11.0,2,female,1,2537.0593455999997,0,21
1521,-9999.0,-9999.0,-9999.0,-9999.0,-9999.0,-9999.0,-9999.0,-9999.0,-9999.0,orientation,size,color,0.38,11.0,2,female,1,2537.0593455999997,0,21
1522,-9999.0,-9999.0,-9999.0,-9999.0,-9999.0,-9999.0,-9999.0,-9999.0,-9999.0,orientation,size,color,0.38,11.0,2,female,1,2537.0593455999997,0,21
1523,-9999.0,-9999.0,-9999.0,-9999.0,-9999.0,-9999.0,-9999.0,-9999.0,-9999.0,orientation,size,color,0.38,11.0,2,female,1,2537.0593455999997,0,21
1524,-9999.0,-9999.0,-9999.0,-9999.0,-9999.0,-9999.0,-9999.0,-9999.0,-9999.0,orientation,size,color,0.38,11.0,2,female,1,2537.0593455999997,0,21
1525,-9999.0,-9999.0,-9999.0,-9999.0,-9999.0,-9999.0,-9999.0,-9999.0,-9999.0,orientation,size,color,0.38,11.0,2,female,1,2537.0593455999997,0,21
1526,-9999.0,-9999.0,-9999.0,-9999.0,-9999.0,-9999.0,-9999.0,-9999.0,-9999.0,orientation,size,color,0.38,11.0,2,female,1,2537.0593455999997,0,21
1527,-9999.0,-9999.0,-9999.0,-9999.0,-9999.0,-9999.0,-9999.0,-9999.0,-9999.0,orientation,size,color,0.38,11.0,2,female,1,2537.0593455999997,0,21
1528,-9999.0,-9999.0,-9999.0,-9999.0,-9999.0,-9999.0,-9999.0,-9999.0,-9999.0,orientation,size,color,0.38,11.0,2,female,1,2537.0593455999997,0,21
1529,-9999.0,-9999.0,-9999.0,-9999.0,-9999.0,-9999.0,-9999.0,-9999.0,-9999.0,orientation,size,color,0.38,11.0,2,female,1,2537.0593455999997,0,21
1530,-9999.0,-9999.0,-9999.0,-9999.0,-9999.0,-9999.0,-9999.0,-9999.0,-9999.0,orientation,size,color,0.38,11.0,2,female,1,2537.0593455999997,0,21
1531,-9999.0,-9999.0,-9999.0,-9999.0,-9999.0,-9999.0,-9999.0,-9999.0,-9999.0,orientation,size,color,0.38,11.0,2,female,1,2537.0593455999997,0,21
1532,-9999.0,-9999.0,-9999.0,-9999.0,-9999.0,-9999.0,-9999.0,-9999.0,-9999.0,orientation,size,color,0.38,11.0,2,female,1,2537.0593455999997,0,21
1533,-9999.0,-9999.0,-9999.0,-9999.0,-9999.0,-9999.0,-9999.0,-9999.0,-9999.0,orientation,size,color,0.38,11.0,2,female,1,2537.0593455999997,0,21
1534,-9999.0,-9999.0,-9999.0,-9999.0,-9999.0,-9999.0,-9999.0,-9999.0,-9999.0,orientation,size,color,0.38,11.0,2,female,1,2537.0593455999997,0,21
1535,-9999.0,-9999.0,-9999.0,-9999.0,-9999.0,-9999.0,-9999.0,-9999.0,-9999.0,orientation,size,color,0.38,11.0,2,female,1,2537.0593455999997,0,21
1536,-9999.0,-9999.0,-9999.0,-9999.0,-9999.0,-9999.0,-9999.0,-9999.0,-9999.0,orientation,size,color,0.38,11.0,2,female,1,2537.0593455999997,0,21
1537,-9999.0,-9999.0,-9999.0,-9999.0,-9999.0,-9999.0,-9999.0,-9999.0,-9999.0,orientation,size,color,0.38,11.0,2,female,1,2537.0593455999997,0,21
1538,-9999.0,-9999.0,-9999.0,-9999.0,-9999.0,-9999.0,-9999.0,-9999.0,-9999.0,orientation,size,color,0.38,11.0,2,female,1,2537.0593455999997,0,21
1539,-9999.0,-9999.0,-9999.0,-9999.0,-9999.0,-9999.0,-9999.0,-9999.0,-9999.0,orientation,size,color,0.38,11.0,2,female,1,2537.0593455999997,0,21
1540,-9999.0,-9999.0,-9999.0,-9999.0,-9999.0,-9999.0,-9999.0,-9999.0,-9999.0,orientation,size,color,0.38,11.0,2,female,1,2537.0593455999997,0,21
1541,-9999.0,-9999.0,-9999.0,-9999.0,-9999.0,-9999.0,-9999.0,-9999.0,-9999.0,orientation,size,color,0.38,11.0,2,female,1,2537.0593455999997,0,21
1542,-9999.0,-9999.0,-9999.0,-9999.0,-9999.0,-9999.0,-9999.0,-9999.0,-9999.0,orientation,size,color,0.38,11.0,2,female,1,2537.0593455999997,0,21
1543,-9999.0,-9999.0,-9999.0,-9999.0,-9999.0,-9999.0,-9999.0,-9999.0,-9999.0,orientation,size,color,0.38,11.0,2,female,1,2537.0593455999997,0,21
1544,-9999.0,-9999.0,-9999.0,-9999.0,-9999.0,-9999.0,-9999.0,-9999.0,-9999.0,orientation,size,color,0.38,11.0,2,female,1,2537.0593455999997,0,21
1545,-9999.0,-9999.0,-9999.0,-9999.0,-9999.0,-9999.0,-9999.0,-9999.0,-9999.0,orientation,size,color,0.38,11.0,2,female,1,2537.0593455999997,0,21
1546,-9999.0,-9999.0,-9999.0,-9999.0,-9999.0,-9999.0,-9999.0,-9999.0,-9999.0,orientation,size,color,0.38,11.0,2,female,1,2537.0593455999997,0,21
1547,-9999.0,-9999.0,-9999.0,-9999.0,-9999.0,-9999.0,-9999.0,-9999.0,-9999.0,orientation,size,color,0.38,11.0,2,female,1,2537.0593455999997,0,21
1548,-9999.0,-9999.0,-9999.0,-9999.0,-9999.0,-9999.0,-9999.0,-9999.0,-9999.0,orientation,size,color,0.38,11.0,2,female,1,2537.0593455999997,0,21
1549,-9999.0,-9999.0,-9999.0,-9999.0,-9999.0,-9999.0,-9999.0,-9999.0,-9999.0,orientation,size,color,0.38,11.0,2,female,1,2537.0593455999997,0,21
1550,-9999.0,-9999.0,-9999.0,-9999.0,-9999.0,-9999.0,-9999.0,-9999.0,-9999.0,orientation,size,color,0.38,11.0,2,female,1,2537.0593455999997,0,21
1551,-9999.0,-9999.0,-9999.0,-9999.0,-9999.0,-9999.0,-9999.0,-9999.0,-9999.0,orientation,size,color,0.38,11.0,2,female,1,2537.0593455999997,0,21
1552,-9999.0,-9999.0,-9999.0,-9999.0,-9999.0,-9999.0,-9999.0,-9999.0,-9999.0,orientation,size,color,0.38,11.0,2,female,1,2537.0593455999997,0,21
1553,-9999.0,-9999.0,-9999.0,-9999.0,-9999.0,-9999.0,-9999.0,-9999.0,-9999.0,orientation,size,color,0.38,11.0,2,female,1,2537.0593455999997,0,21
1554,-9999.0,-9999.0,-9999.0,-9999.0,-9999.0,-9999.0,-9999.0,-9999.0,-9999.0,orientation,size,color,0.38,11.0,2,female,1,2537.0593455999997,0,21
1555,-9999.0,-9999.0,-9999.0,-9999.0,-9999.0,-9999.0,-9999.0,-9999.0,-9999.0,orientation,size,color,0.38,11.0,2,female,1,2537.0593455999997,0,21
1556,-9999.0,-9999.0,-9999.0,-9999.0,-9999.0,-9999.0,-9999.0,-9999.0,-9999.0,orientation,size,color,0.38,11.0,2,female,1,2537.0593455999997,0,21
1557,-9999.0,-9999.0,-9999.0,-9999.0,-9999.0,-9999.0,-9999.0,-9999.0,-9999.0,orientation,size,color,0.38,11.0,2,female,1,2537.0593455999997,0,21
1558,-9999.0,-9999.0,-9999.0,-9999.0,-9999.0,-9999.0,-9999.0,-9999.0,-9999.0,orientation,size,color,0.38,11.0,2,female,1,2537.0593455999997,0,21
1559,-9999.0,-9999.0,-9999.0,-9999.0,-9999.0,-9999.0,-9999.0,-9999.0,-9999.0,orientation,size,color,0.38,11.0,2,female,1,2537.0593455999997,0,21
1560,-9999.0,-9999.0,-9999.0,-9999.0,-9999.0,-9999.0,-9999.0,-9999.0,-9999.0,orientation,size,color,0.38,11.0,2,female,1,2537.0593455999997,0,21
1561,-9999.0,-9999.0,-9999.0,-9999.0,-9999.0,-9999.0,-9999.0,-9999.0,-9999.0,orientation,size,color,0.38,11.0,2,female,1,2537.0593455999997,0,21
1562,-9999.0,-9999.0,-9999.0,-9999.0,-9999.0,-9999.0,-9999.0,-9999.0,-9999.0,orientation,size,color,0.38,11.0,2,female,1,2537.0593455999997,0,21
1563,-9999.0,-9999.0,-9999.0,-9999.0,-9999.0,-9999.0,-9999.0,-9999.0,-9999.0,orientation,size,color,0.38,11.0,2,female,1,2537.0593455999997,0,21
1564,-9999.0,-9999.0,-9999.0,-9999.0,-9999.0,-9999.0,-9999.0,-9999.0,-9999.0,orientation,size,color,0.38,11.0,2,female,1,2537.0593455999997,0,21
1565,-9999.0,-9999.0,-9999.0,-9999.0,-9999.0,-9999.0,-9999.0,-9999.0,-9999.0,orientation,size,color,0.38,11.0,2,female,1,2537.0593455999997,0,21
1566,-9999.0,-9999.0,-9999.0,-9999.0,-9999.0,-9999.0,-9999.0,-9999.0,-9999.0,orientation,size,color,0.38,11.0,2,female,1,2537.0593455999997,0,21
1567,-9999.0,-9999.0,-9999.0,-9999.0,-9999.0,-9999.0,-9999.0,-9999.0,-9999.0,orientation,size,color,0.38,11.0,2,female,1,2537.0593455999997,0,21
1568,-9999.0,-9999.0,-9999.0,-9999.0,-9999.0,-9999.0,-9999.0,-9999.0,-9999.0,orientation,size,color,0.38,11.0,2,female,1,2537.0593455999997,0,21
1569,-9999.0,-9999.0,-9999.0,-9999.0,-9999.0,-9999.0,-9999.0,-9999.0,-9999.0,orientation,size,color,0.38,11.0,2,female,1,2537.0593455999997,0,21
1570,-9999.0,-9999.0,-9999.0,-9999.0,-9999.0,-9999.0,-9999.0,-9999.0,-9999.0,orientation,size,color,0.38,11.0,2,female,1,2537.0593455999997,0,21
1571,-9999.0,-9999.0,-9999.0,-9999.0,-9999.0,-9999.0,-9999.0,-9999.0,-9999.0,orientation,size,color,0.38,11.0,2,female,1,2537.0593455999997,0,21
1572,-9999.0,-9999.0,-9999.0,-9999.0,-9999.0,-9999.0,-9999.0,-9999.0,-9999.0,orientation,size,color,0.38,11.0,2,female,1,2537.0593455999997,0,21
1573,-9999.0,-9999.0,-9999.0,-9999.0,-9999.0,-9999.0,-9999.0,-9999.0,-9999.0,orientation,size,color,0.38,11.0,2,female,1,2537.0593455999997,0,21
1574,-9999.0,-9999.0,-9999.0,-9999.0,-9999.0,-9999.0,-9999.0,-9999.0,-9999.0,orientation,size,color,0.38,11.0,2,female,1,2537.0593455999997,0,21
1575,-9999.0,-9999.0,-9999.0,-9999.0,-9999.0,-9999.0,-9999.0,-9999.0,-9999.0,orientation,size,color,0.38,11.0,2,female,1,2537.0593455999997,0,21
1576,-9999.0,-9999.0,-9999.0,-9999.0,-9999.0,-9999.0,-9999.0,-9999.0,-9999.0,orientation,size,color,0.38,11.0,2,female,1,2537.0593455999997,0,21
1577,-9999.0,-9999.0,-9999.0,-9999.0,-9999.0,-9999.0,-9999.0,-9999.0,-9999.0,orientation,size,color,0.38,11.0,2,female,1,2537.0593455999997,0,21
1578,-9999.0,-9999.0,-9999.0,-9999.0,-9999.0,-9999.0,-9999.0,-9999.0,-9999.0,orientation,size,color,0.38,11.0,2,female,1,2537.0593455999997,0,21
1579,-9999.0,-9999.0,-9999.0,-9999.0,-9999.0,-9999.0,-9999.0,-9999.0,-9999.0,orientation,size,color,0.38,11.0,2,female,1,2537.0593455999997,0,21
1580,-9999.0,-9999.0,-9999.0,-9999.0,-9999.0,-9999.0,-9999.0,-9999.0,-9999.0,orientation,size,color,0.38,11.0,2,female,1,2537.0593455999997,0,21
1581,-9999.0,-9999.0,-9999.0,-9999.0,-9999.0,-9999.0,-9999.0,-9999.0,-9999.0,orientation,size,color,0.38,11.0,2,female,1,2537.0593455999997,0,21
1582,-9999.0,-9999.0,-9999.0,-9999.0,-9999.0,-9999.0,-9999.0,-9999.0,-9999.0,orientation,size,color,0.38,11.0,2,female,1,2537.0593455999997,0,21
1583,-9999.0,-9999.0,-9999.0,-9999.0,-9999.0,-9999.0,-9999.0,-9999.0,-9999.0,orientation,size,color,0.38,11.0,2,female,1,2537.0593455999997,0,21
1584,-9999.0,-9999.0,-9999.0,-9999.0,-9999.0,-9999.0,-9999.0,-9999.0,-9999.0,orientation,size,color,0.38,11.0,2,female,1,2537.0593455999997,0,21
1585,-9999.0,-9999.0,-9999.0,-9999.0,-9999.0,-9999.0,-9999.0,-9999.0,-9999.0,orientation,size,color,0.38,11.0,2,female,1,2537.0593455999997,0,21
1586,-9999.0,-9999.0,-9999.0,-9999.0,-9999.0,-9999.0,-9999.0,-9999.0,-9999.0,orientation,size,color,0.38,11.0,2,female,1,2537.0593455999997,0,21
1587,-9999.0,-9999.0,-9999.0,-9999.0,-9999.0,-9999.0,-9999.0,-9999.0,-9999.0,orientation,size,color,0.38,11.0,2,female,1,2537.0593455999997,0,21
1588,-9999.0,-9999.0,-9999.0,-9999.0,-9999.0,-9999.0,-9999.0,-9999.0,-9999.0,orientation,size,color,0.38,11.0,2,female,1,2537.0593455999997,0,21
1589,-9999.0,-9999.0,-9999.0,-9999.0,-9999.0,-9999.0,-9999.0,-9999.0,-9999.0,orientation,size,color,0.38,11.0,2,female,1,2537.0593455999997,0,21
1590,-9999.0,-9999.0,-9999.0,-9999.0,-9999.0,-9999.0,-9999.0,-9999.0,-9999.0,orientation,size,color,0.38,11.0,2,female,1,2537.0593455999997,0,21
1591,-9999.0,-9999.0,-9999.0,-9999.0,-9999.0,-9999.0,-9999.0,-9999.0,-9999.0,orientation,size,color,0.38,11.0,2,female,1,2537.0593455999997,0,21
1592,-9999.0,-9999.0,-9999.0,-9999.0,-9999.0,-9999.0,-9999.0,-9999.0,-9999.0,orientation,size,color,0.38,11.0,2,female,1,2537.0593455999997,0,21
1593,-9999.0,-9999.0,-9999.0,-9999.0,-9999.0,-9999.0,-9999.0,-9999.0,-9999.0,orientation,size,color,0.38,11.0,2,female,1,2537.0593455999997,0,21
1594,-9999.0,-9999.0,-9999.0,-9999.0,-9999.0,-9999.0,-9999.0,-9999.0,-9999.0,orientation,size,color,0.38,11.0,2,female,1,2537.0593455999997,0,21
1595,-9999.0,-9999.0,-9999.0,-9999.0,-9999.0,-9999.0,-9999.0,-9999.0,-9999.0,orientation,size,color,0.38,11.0,2,female,1,2537.0593455999997,0,21
1596,-9999.0,-9999.0,-9999.0,-9999.0,-9999.0,-9999.0,-9999.0,-9999.0,-9999.0,orientation,size,color,0.38,11.0,2,female,1,2537.0593455999997,0,21
1597,-9999.0,-9999.0,-9999.0,-9999.0,-9999.0,-9999.0,-9999.0,-9999.0,-9999.0,orientation,size,color,0.38,11.0,2,female,1,2537.0593455999997,0,21
1598,-9999.0,-9999.0,-9999.0,-9999.0,-9999.0,-9999.0,-9999.0,-9999.0,-9999.0,orientation,size,color,0.38,11.0,2,female,1,2537.0593455999997,0,21
1599,-9999.0,-9999.0,-9999.0,-9999.0,-9999.0,-9999.0,-9999.0,-9999.0,-9999.0,orientation,size,color,0.38,11.0,2,female,1,2537.0593455999997,0,21
1600,-9999.0,-9999.0,-9999.0,-9999.0,-9999.0,-9999.0,-9999.0,-9999.0,-9999.0,orientation,size,color,0.38,11.0,2,female,1,2537.0593455999997,0,21
1601,-9999.0,-9999.0,-9999.0,-9999.0,-9999.0,-9999.0,-9999.0,-9999.0,-9999.0,orientation,size,color,0.38,11.0,2,female,1,2537.0593455999997,0,21
1602,-9999.0,-9999.0,-9999.0,-9999.0,-9999.0,-9999.0,-9999.0,-9999.0,-9999.0,orientation,size,color,0.38,11.0,2,female,1,2537.0593455999997,0,21
1603,-9999.0,-9999.0,-9999.0,-9999.0,-9999.0,-9999.0,-9999.0,-9999.0,-9999.0,orientation,size,color,0.38,11.0,2,female,1,2537.0593455999997,0,21
1604,-9999.0,-9999.0,-9999.0,-9999.0,-9999.0,-9999.0,-9999.0,-9999.0,-9999.0,orientation,size,color,0.38,11.0,2,female,1,2537.0593455999997,0,21
1605,-9999.0,-9999.0,-9999.0,-9999.0,-9999.0,-9999.0,-9999.0,-9999.0,-9999.0,orientation,size,color,0.38,11.0,2,female,1,2537.0593455999997,0,21
1606,-9999.0,-9999.0,-9999.0,-9999.0,-9999.0,-9999.0,-9999.0,-9999.0,-9999.0,orientation,size,color,0.38,11.0,2,female,1,2537.0593455999997,0,21
1607,-9999.0,-9999.0,-9999.0,-9999.0,-9999.0,-9999.0,-9999.0,-9999.0,-9999.0,orientation,size,color,0.38,11.0,2,female,1,2537.0593455999997,0,21
1608,-9999.0,-9999.0,-9999.0,-9999.0,-9999.0,-9999.0,-9999.0,-9999.0,-9999.0,orientation,size,color,0.38,11.0,2,female,1,2537.0593455999997,0,21
1609,-9999.0,-9999.0,-9999.0,-9999.0,-9999.0,-9999.0,-9999.0,-9999.0,-9999.0,orientation,size,color,0.38,11.0,2,female,1,2537.0593455999997,0,21
1610,-9999.0,-9999.0,-9999.0,-9999.0,-9999.0,-9999.0,-9999.0,-9999.0,-9999.0,orientation,size,color,0.38,11.0,2,female,1,2537.0593455999997,0,21
1611,-9999.0,-9999.0,-9999.0,-9999.0,-9999.0,-9999.0,-9999.0,-9999.0,-9999.0,orientation,size,color,0.38,11.0,2,female,1,2537.0593455999997,0,21
1612,-9999.0,-9999.0,-9999.0,-9999.0,-9999.0,-9999.0,-9999.0,-9999.0,-9999.0,orientation,size,color,0.38,11.0,2,female,1,2537.0593455999997,0,21
1613,-9999.0,-9999.0,-9999.0,-9999.0,-9999.0,-9999.0,-9999.0,-9999.0,-9999.0,orientation,size,color,0.38,11.0,2,female,1,2537.0593455999997,0,21
1614,-9999.0,-9999.0,-9999.0,-9999.0,-9999.0,-9999.0,-9999.0,-9999.0,-9999.0,orientation,size,color,0.38,11.0,2,female,1,2537.0593455999997,0,21
1615,-9999.0,-9999.0,-9999.0,-9999.0,-9999.0,-9999.0,-9999.0,-9999.0,-9999.0,orientation,size,color,0.38,11.0,2,female,1,2537.0593455999997,0,21
1616,-9999.0,-9999.0,-9999.0,-9999.0,-9999.0,-9999.0,-9999.0,-9999.0,-9999.0,orientation,size,color,0.38,11.0,2,female,1,2537.0593455999997,0,21
1617,-9999.0,-9999.0,-9999.0,-9999.0,-9999.0,-9999.0,-9999.0,-9999.0,-9999.0,orientation,size,color,0.38,11.0,2,female,1,2537.0593455999997,0,21
1618,-9999.0,-9999.0,-9999.0,-9999.0,-9999.0,-9999.0,-9999.0,-9999.0,-9999.0,orientation,size,color,0.38,11.0,2,female,1,2537.0593455999997,0,21
1619,-9999.0,-9999.0,-9999.0,-9999.0,-9999.0,-9999.0,-9999.0,-9999.0,-9999.0,orientation,size,color,0.38,11.0,2,female,1,2537.0593455999997,0,21
1620,-9999.0,-9999.0,-9999.0,-9999.0,-9999.0,-9999.0,-9999.0,-9999.0,-9999.0,orientation,size,color,0.38,11.0,2,female,1,2537.0593455999997,0,21
1621,-9999.0,-9999.0,-9999.0,-9999.0,-9999.0,-9999.0,-9999.0,-9999.0,-9999.0,orientation,size,color,0.38,11.0,2,female,1,2537.0593455999997,0,21
1622,-9999.0,-9999.0,-9999.0,-9999.0,-9999.0,-9999.0,-9999.0,-9999.0,-9999.0,orientation,size,color,0.38,11.0,2,female,1,2537.0593455999997,0,21
1623,-9999.0,-9999.0,-9999.0,-9999.0,-9999.0,-9999.0,-9999.0,-9999.0,-9999.0,orientation,size,color,0.38,11.0,2,female,1,2537.0593455999997,0,21
1624,-9999.0,-9999.0,-9999.0,-9999.0,-9999.0,-9999.0,-9999.0,-9999.0,-9999.0,orientation,size,color,0.38,11.0,2,female,1,2537.0593455999997,0,21
1625,-9999.0,-9999.0,-9999.0,-9999.0,-9999.0,-9999.0,-9999.0,-9999.0,-9999.0,orientation,size,color,0.38,11.0,2,female,1,2537.0593455999997,0,21
1626,-9999.0,-9999.0,-9999.0,-9999.0,-9999.0,-9999.0,-9999.0,-9999.0,-9999.0,orientation,size,color,0.38,11.0,2,female,1,2537.0593455999997,0,21
1627,-9999.0,-9999.0,-9999.0,-9999.0,-9999.0,-9999.0,-9999.0,-9999.0,-9999.0,orientation,size,color,0.38,11.0,2,female,1,2537.0593455999997,0,21
1628,-9999.0,-9999.0,-9999.0,-9999.0,-9999.0,-9999.0,-9999.0,-9999.0,-9999.0,orientation,size,color,0.38,11.0,2,female,1,2537.0593455999997,0,21
1629,-9999.0,-9999.0,-9999.0,-9999.0,-9999.0,-9999.0,-9999.0,-9999.0,-9999.0,orientation,size,color,0.38,11.0,2,female,1,2537.0593455999997,0,21
1630,-9999.0,-9999.0,-9999.0,-9999.0,-9999.0,-9999.0,-9999.0,-9999.0,-9999.0,orientation,size,color,0.38,11.0,2,female,1,2537.0593455999997,0,21
1631,-9999.0,-9999.0,-9999.0,-9999.0,-9999.0,-9999.0,-9999.0,-9999.0,-9999.0,orientation,size,color,0.38,11.0,2,female,1,2537.0593455999997,0,21
1632,-9999.0,-9999.0,-9999.0,-9999.0,-9999.0,-9999.0,-9999.0,-9999.0,-9999.0,orientation,size,color,0.38,11.0,2,female,1,2537.0593455999997,0,21
1633,-9999.0,-9999.0,-9999.0,-9999.0,-9999.0,-9999.0,-9999.0,-9999.0,-9999.0,orientation,size,color,0.38,11.0,2,female,1,2537.0593455999997,0,21
1634,-9999.0,-9999.0,-9999.0,-9999.0,-9999.0,-9999.0,-9999.0,-9999.0,-9999.0,orientation,size,color,0.38,11.0,2,female,1,2537.0593455999997,0,21
1635,-9999.0,-9999.0,-9999.0,-9999.0,-9999.0,-9999.0,-9999.0,-9999.0,-9999.0,orientation,size,color,0.38,11.0,2,female,1,2537.0593455999997,0,21
1636,-9999.0,-9999.0,-9999.0,-9999.0,-9999.0,-9999.0,-9999.0,-9999.0,-9999.0,orientation,size,color,0.38,11.0,2,female,1,2537.0593455999997,0,21
1637,-9999.0,-9999.0,-9999.0,-9999.0,-9999.0,-9999.0,-9999.0,-9999.0,-9999.0,orientation,size,color,0.38,11.0,2,female,1,2537.0593455999997,0,21
1638,-9999.0,-9999.0,-9999.0,-9999.0,-9999.0,-9999.0,-9999.0,-9999.0,-9999.0,orientation,size,color,0.38,11.0,2,female,1,2537.0593455999997,0,21
1639,-9999.0,-9999.0,-9999.0,-9999.0,-9999.0,-9999.0,-9999.0,-9999.0,-9999.0,orientation,size,color,0.38,11.0,2,female,1,2537.0593455999997,0,21
1640,-9999.0,-9999.0,-9999.0,-9999.0,-9999.0,-9999.0,-9999.0,-9999.0,-9999.0,orientation,size,color,0.38,11.0,2,female,1,2537.0593455999997,0,21
1641,-9999.0,-9999.0,-9999.0,-9999.0,-9999.0,-9999.0,-9999.0,-9999.0,-9999.0,orientation,size,color,0.38,11.0,2,female,1,2537.0593455999997,0,21
1642,-9999.0,-9999.0,-9999.0,-9999.0,-9999.0,-9999.0,-9999.0,-9999.0,-9999.0,orientation,size,color,0.38,11.0,2,female,1,2537.0593455999997,0,21
1643,-9999.0,-9999.0,-9999.0,-9999.0,-9999.0,-9999.0,-9999.0,-9999.0,-9999.0,orientation,size,color,0.38,11.0,2,female,1,2537.0593455999997,0,21
1644,-9999.0,-9999.0,-9999.0,-9999.0,-9999.0,-9999.0,-9999.0,-9999.0,-9999.0,orientation,size,color,0.38,11.0,2,female,1,2537.0593455999997,0,21
1645,-9999.0,-9999.0,-9999.0,-9999.0,-9999.0,-9999.0,-9999.0,-9999.0,-9999.0,orientation,size,color,0.38,11.0,2,female,1,2537.0593455999997,0,21
1646,-9999.0,-9999.0,-9999.0,-9999.0,-9999.0,-9999.0,-9999.0,-9999.0,-9999.0,orientation,size,color,0.38,11.0,2,female,1,2537.0593455999997,0,21
1647,-9999.0,-9999.0,-9999.0,-9999.0,-9999.0,-9999.0,-9999.0,-9999.0,-9999.0,orientation,size,color,0.38,11.0,2,female,1,2537.0593455999997,0,21
1648,-9999.0,-9999.0,-9999.0,-9999.0,-9999.0,-9999.0,-9999.0,-9999.0,-9999.0,orientation,size,color,0.38,11.0,2,female,1,2537.0593455999997,0,21
1649,-9999.0,-9999.0,-9999.0,-9999.0,-9999.0,-9999.0,-9999.0,-9999.0,-9999.0,orientation,size,color,0.38,11.0,2,female,1,2537.0593455999997,0,21
1650,-9999.0,-9999.0,-9999.0,-9999.0,-9999.0,-9999.0,-9999.0,-9999.0,-9999.0,orientation,size,color,0.38,11.0,2,female,1,2537.0593455999997,0,21
1651,-9999.0,-9999.0,-9999.0,-9999.0,-9999.0,-9999.0,-9999.0,-9999.0,-9999.0,orientation,size,color,0.38,11.0,2,female,1,2537.0593455999997,0,21
1652,-9999.0,-9999.0,-9999.0,-9999.0,-9999.0,-9999.0,-9999.0,-9999.0,-9999.0,orientation,size,color,0.38,11.0,2,female,1,2537.0593455999997,0,21
1653,-9999.0,-9999.0,-9999.0,-9999.0,-9999.0,-9999.0,-9999.0,-9999.0,-9999.0,orientation,size,color,0.38,11.0,2,female,1,2537.0593455999997,0,21
1654,-9999.0,-9999.0,-9999.0,-9999.0,-9999.0,-9999.0,-9999.0,-9999.0,-9999.0,orientation,size,color,0.38,11.0,2,female,1,2537.0593455999997,0,21
1655,-9999.0,-9999.0,-9999.0,-9999.0,-9999.0,-9999.0,-9999.0,-9999.0,-9999.0,orientation,size,color,0.38,11.0,2,female,1,2537.0593455999997,0,21
1656,-9999.0,-9999.0,-9999.0,-9999.0,-9999.0,-9999.0,-9999.0,-9999.0,-9999.0,orientation,size,color,0.38,11.0,2,female,1,2537.0593455999997,0,21
1657,-9999.0,-9999.0,-9999.0,-9999.0,-9999.0,-9999.0,-9999.0,-9999.0,-9999.0,orientation,size,color,0.38,11.0,2,female,1,2537.0593455999997,0,21
1658,-9999.0,-9999.0,-9999.0,-9999.0,-9999.0,-9999.0,-9999.0,-9999.0,-9999.0,orientation,size,color,0.38,11.0,2,female,1,2537.0593455999997,0,21
1659,-9999.0,-9999.0,-9999.0,-9999.0,-9999.0,-9999.0,-9999.0,-9999.0,-9999.0,orientation,size,color,0.38,11.0,2,female,1,2537.0593455999997,0,21
1660,-9999.0,-9999.0,-9999.0,-9999.0,-9999.0,-9999.0,-9999.0,-9999.0,-9999.0,orientation,size,color,0.38,11.0,2,female,1,2537.0593455999997,0,21
1661,-9999.0,-9999.0,-9999.0,-9999.0,-9999.0,-9999.0,-9999.0,-9999.0,-9999.0,orientation,size,color,0.38,11.0,2,female,1,2537.0593455999997,0,21
1662,-9999.0,-9999.0,-9999.0,-9999.0,-9999.0,-9999.0,-9999.0,-9999.0,-9999.0,orientation,size,color,0.38,11.0,2,female,1,2537.0593455999997,0,21
1663,-9999.0,-9999.0,-9999.0,-9999.0,-9999.0,-9999.0,-9999.0,-9999.0,-9999.0,orientation,size,color,0.38,11.0,2,female,1,2537.0593455999997,0,21
1664,-9999.0,-9999.0,-9999.0,-9999.0,-9999.0,-9999.0,-9999.0,-9999.0,-9999.0,orientation,size,color,0.38,11.0,2,female,1,2537.0593455999997,0,21
1665,-9999.0,-9999.0,-9999.0,-9999.0,-9999.0,-9999.0,-9999.0,-9999.0,-9999.0,orientation,size,color,0.38,11.0,2,female,1,2537.0593455999997,0,21
1666,-9999.0,-9999.0,-9999.0,-9999.0,-9999.0,-9999.0,-9999.0,-9999.0,-9999.0,orientation,size,color,0.38,11.0,2,female,1,2537.0593455999997,0,21
1667,-9999.0,-9999.0,-9999.0,-9999.0,-9999.0,-9999.0,-9999.0,-9999.0,-9999.0,orientation,size,color,0.38,11.0,2,female,1,2537.0593455999997,0,21
1668,-9999.0,-9999.0,-9999.0,-9999.0,-9999.0,-9999.0,-9999.0,-9999.0,-9999.0,orientation,size,color,0.38,11.0,2,female,1,2537.0593455999997,0,21
1669,-9999.0,-9999.0,-9999.0,-9999.0,-9999.0,-9999.0,-9999.0,-9999.0,-9999.0,orientation,size,color,0.38,11.0,2,female,1,2537.0593455999997,0,21
1670,-9999.0,-9999.0,-9999.0,-9999.0,-9999.0,-9999.0,-9999.0,-9999.0,-9999.0,orientation,size,color,0.38,11.0,2,female,1,2537.0593455999997,0,21
1671,-9999.0,-9999.0,-9999.0,-9999.0,-9999.0,-9999.0,-9999.0,-9999.0,-9999.0,orientation,size,color,0.38,11.0,2,female,1,2537.0593455999997,0,21
1672,-9999.0,-9999.0,-9999.0,-9999.0,-9999.0,-9999.0,-9999.0,-9999.0,-9999.0,orientation,size,color,0.38,11.0,2,female,1,2537.0593455999997,0,21
1673,-9999.0,-9999.0,-9999.0,-9999.0,-9999.0,-9999.0,-9999.0,-9999.0,-9999.0,orientation,size,color,0.38,11.0,2,female,1,2537.0593455999997,0,21
1674,-9999.0,-9999.0,-9999.0,-9999.0,-9999.0,-9999.0,-9999.0,-9999.0,-9999.0,orientation,size,color,0.38,11.0,2,female,1,2537.0593455999997,0,21
1675,-9999.0,-9999.0,-9999.0,-9999.0,-9999.0,-9999.0,-9999.0,-9999.0,-9999.0,orientation,size,color,0.38,11.0,2,female,1,2537.0593455999997,0,21
1676,-9999.0,-9999.0,-9999.0,-9999.0,-9999.0,-9999.0,-9999.0,-9999.0,-9999.0,orientation,size,color,0.38,11.0,2,female,1,2537.0593455999997,0,21
1677,-9999.0,-9999.0,-9999.0,-9999.0,-9999.0,-9999.0,-9999.0,-9999.0,-9999.0,orientation,size,color,0.38,11.0,2,female,1,2537.0593455999997,0,21
1678,-9999.0,-9999.0,-9999.0,-9999.0,-9999.0,-9999.0,-9999.0,-9999.0,-9999.0,orientation,size,color,0.38,11.0,2,female,1,2537.0593455999997,0,21
1679,-9999.0,-9999.0,-9999.0,-9999.0,-9999.0,-9999.0,-9999.0,-9999.0,-9999.0,orientation,size,color,0.38,11.0,2,female,1,2537.0593455999997,0,21
1680,-9999.0,-9999.0,-9999.0,-9999.0,-9999.0,-9999.0,-9999.0,-9999.0,-9999.0,orientation,size,color,0.38,11.0,2,female,1,2537.0593455999997,0,21
1681,-9999.0,-9999.0,-9999.0,-9999.0,-9999.0,-9999.0,-9999.0,-9999.0,-9999.0,orientation,size,color,0.38,11.0,2,female,1,2537.0593455999997,0,21
1682,-9999.0,-9999.0,-9999.0,-9999.0,-9999.0,-9999.0,-9999.0,-9999.0,-9999.0,orientation,size,color,0.38,11.0,2,female,1,2537.0593455999997,0,21
1683,-9999.0,-9999.0,-9999.0,-9999.0,-9999.0,-9999.0,-9999.0,-9999.0,-9999.0,orientation,size,color,0.38,11.0,2,female,1,2537.0593455999997,0,21
1684,-9999.0,-9999.0,-9999.0,-9999.0,-9999.0,-9999.0,-9999.0,-9999.0,-9999.0,orientation,size,color,0.38,11.0,2,female,1,2537.0593455999997,0,21
1685,-9999.0,-9999.0,-9999.0,-9999.0,-9999.0,-9999.0,-9999.0,-9999.0,-9999.0,orientation,size,color,0.38,11.0,2,female,1,2537.0593455999997,0,21
1686,-9999.0,-9999.0,-9999.0,-9999.0,-9999.0,-9999.0,-9999.0,-9999.0,-9999.0,orientation,size,color,0.38,11.0,2,female,1,2537.0593455999997,0,21
1687,-9999.0,-9999.0,-9999.0,-9999.0,-9999.0,-9999.0,-9999.0,-9999.0,-9999.0,orientation,size,color,0.38,11.0,2,female,1,2537.0593455999997,0,21
1688,-9999.0,-9999.0,-9999.0,-9999.0,-9999.0,-9999.0,-9999.0,-9999.0,-9999.0,orientation,size,color,0.38,11.0,2,female,1,2537.0593455999997,0,21
1689,-9999.0,-9999.0,-9999.0,-9999.0,-9999.0,-9999.0,-9999.0,-9999.0,-9999.0,orientation,size,color,0.38,11.0,2,female,1,2537.0593455999997,0,21
1690,-9999.0,-9999.0,-9999.0,-9999.0,-9999.0,-9999.0,-9999.0,-9999.0,-9999.0,orientation,size,color,0.38,11.0,2,female,1,2537.0593455999997,0,21
1691,-9999.0,-9999.0,-9999.0,-9999.0,-9999.0,-9999.0,-9999.0,-9999.0,-9999.0,orientation,size,color,0.38,11.0,2,female,1,2537.0593455999997,0,21
1692,-9999.0,-9999.0,-9999.0,-9999.0,-9999.0,-9999.0,-9999.0,-9999.0,-9999.0,orientation,size,color,0.38,11.0,2,female,1,2537.0593455999997,0,21
1693,-9999.0,-9999.0,-9999.0,-9999.0,-9999.0,-9999.0,-9999.0,-9999.0,-9999.0,orientation,size,color,0.38,11.0,2,female,1,2537.0593455999997,0,21
1694,-9999.0,-9999.0,-9999.0,-9999.0,-9999.0,-9999.0,-9999.0,-9999.0,-9999.0,orientation,size,color,0.38,11.0,2,female,1,2537.0593455999997,0,21
1695,-9999.0,-9999.0,-9999.0,-9999.0,-9999.0,-9999.0,-9999.0,-9999.0,-9999.0,orientation,size,color,0.38,11.0,2,female,1,2537.0593455999997,0,21
1696,-9999.0,-9999.0,-9999.0,-9999.0,-9999.0,-9999.0,-9999.0,-9999.0,-9999.0,orientation,size,color,0.38,11.0,2,female,1,2537.0593455999997,0,21
1697,-9999.0,-9999.0,-9999.0,-9999.0,-9999.0,-9999.0,-9999.0,-9999.0,-9999.0,orientation,size,color,0.38,11.0,2,female,1,2537.0593455999997,0,21
1698,-9999.0,-9999.0,-9999.0,-9999.0,-9999.0,-9999.0,-9999.0,-9999.0,-9999.0,orientation,size,color,0.38,11.0,2,female,1,2537.0593455999997,0,21
1699,-9999.0,-9999.0,-9999.0,-9999.0,-9999.0,-9999.0,-9999.0,-9999.0,-9999.0,orientation,size,color,0.38,11.0,2,female,1,2537.0593455999997,0,21
1700,-9999.0,-9999.0,-9999.0,-9999.0,-9999.0,-9999.0,-9999.0,-9999.0,-9999.0,orientation,size,color,0.38,11.0,2,female,1,2537.0593455999997,0,21
1701,-9999.0,-9999.0,-9999.0,-9999.0,-9999.0,-9999.0,-9999.0,-9999.0,-9999.0,orientation,size,color,0.38,11.0,2,female,1,2537.0593455999997,0,21
1702,-9999.0,-9999.0,-9999.0,-9999.0,-9999.0,-9999.0,-9999.0,-9999.0,-9999.0,orientation,size,color,0.38,11.0,2,female,1,2537.0593455999997,0,21
1703,-9999.0,-9999.0,-9999.0,-9999.0,-9999.0,-9999.0,-9999.0,-9999.0,-9999.0,orientation,size,color,0.38,11.0,2,female,1,2537.0593455999997,0,21
1704,-9999.0,-9999.0,-9999.0,-9999.0,-9999.0,-9999.0,-9999.0,-9999.0,-9999.0,orientation,size,color,0.38,11.0,2,female,1,2537.0593455999997,0,21
1705,-9999.0,-9999.0,-9999.0,-9999.0,-9999.0,-9999.0,-9999.0,-9999.0,-9999.0,orientation,size,color,0.38,11.0,2,female,1,2537.0593455999997,0,21
1706,-9999.0,-9999.0,-9999.0,-9999.0,-9999.0,-9999.0,-9999.0,-9999.0,-9999.0,orientation,size,color,0.38,11.0,2,female,1,2537.0593455999997,0,21
1707,-9999.0,-9999.0,-9999.0,-9999.0,-9999.0,-9999.0,-9999.0,-9999.0,-9999.0,orientation,size,color,0.38,11.0,2,female,1,2537.0593455999997,0,21
1708,-9999.0,-9999.0,-9999.0,-9999.0,-9999.0,-9999.0,-9999.0,-9999.0,-9999.0,orientation,size,color,0.38,11.0,2,female,1,2537.0593455999997,0,21
1709,-9999.0,-9999.0,-9999.0,-9999.0,-9999.0,-9999.0,-9999.0,-9999.0,-9999.0,orientation,size,color,0.38,11.0,2,female,1,2537.0593455999997,0,21
1710,-9999.0,-9999.0,-9999.0,-9999.0,-9999.0,-9999.0,-9999.0,-9999.0,-9999.0,orientation,size,color,0.38,11.0,2,female,1,2537.0593455999997,0,21
1711,-9999.0,-9999.0,-9999.0,-9999.0,-9999.0,-9999.0,-9999.0,-9999.0,-9999.0,orientation,size,color,0.38,11.0,2,female,1,2537.0593455999997,0,21
1712,-9999.0,-9999.0,-9999.0,-9999.0,-9999.0,-9999.0,-9999.0,-9999.0,-9999.0,orientation,size,color,0.38,11.0,2,female,1,2537.0593455999997,0,21
1713,-9999.0,-9999.0,-9999.0,-9999.0,-9999.0,-9999.0,-9999.0,-9999.0,-9999.0,orientation,size,color,0.38,11.0,2,female,1,2537.0593455999997,0,21
1714,-9999.0,-9999.0,-9999.0,-9999.0,-9999.0,-9999.0,-9999.0,-9999.0,-9999.0,orientation,size,color,0.38,11.0,2,female,1,2537.0593455999997,0,21
1715,-9999.0,-9999.0,-9999.0,-9999.0,-9999.0,-9999.0,-9999.0,-9999.0,-9999.0,orientation,size,color,0.38,11.0,2,female,1,2537.0593455999997,0,21
1716,-9999.0,-9999.0,-9999.0,-9999.0,-9999.0,-9999.0,-9999.0,-9999.0,-9999.0,orientation,size,color,0.38,11.0,2,female,1,2537.0593455999997,0,21
1717,-9999.0,-9999.0,-9999.0,-9999.0,-9999.0,-9999.0,-9999.0,-9999.0,-9999.0,orientation,size,color,0.38,11.0,2,female,1,2537.0593455999997,0,21
1718,-9999.0,-9999.0,-9999.0,-9999.0,-9999.0,-9999.0,-9999.0,-9999.0,-9999.0,orientation,size,color,0.38,11.0,2,female,1,2537.0593455999997,0,21
1719,-9999.0,-9999.0,-9999.0,-9999.0,-9999.0,-9999.0,-9999.0,-9999.0,-9999.0,orientation,size,color,0.38,11.0,2,female,1,2537.0593455999997,0,21
1720,-9999.0,-9999.0,-9999.0,-9999.0,-9999.0,-9999.0,-9999.0,-9999.0,-9999.0,orientation,size,color,0.38,11.0,2,female,1,2537.0593455999997,0,21
1721,-9999.0,-9999.0,-9999.0,-9999.0,-9999.0,-9999.0,-9999.0,-9999.0,-9999.0,orientation,size,color,0.38,11.0,2,female,1,2537.0593455999997,0,21
1722,-9999.0,-9999.0,-9999.0,-9999.0,-9999.0,-9999.0,-9999.0,-9999.0,-9999.0,orientation,size,color,0.38,11.0,2,female,1,2537.0593455999997,0,21
1723,-9999.0,-9999.0,-9999.0,-9999.0,-9999.0,-9999.0,-9999.0,-9999.0,-9999.0,orientation,size,color,0.38,11.0,2,female,1,2537.0593455999997,0,21
1724,-9999.0,-9999.0,-9999.0,-9999.0,-9999.0,-9999.0,-9999.0,-9999.0,-9999.0,orientation,size,color,0.38,11.0,2,female,1,2537.0593455999997,0,21
1725,-9999.0,-9999.0,-9999.0,-9999.0,-9999.0,-9999.0,-9999.0,-9999.0,-9999.0,orientation,size,color,0.38,11.0,2,female,1,2537.0593455999997,0,21
1726,-9999.0,-9999.0,-9999.0,-9999.0,-9999.0,-9999.0,-9999.0,-9999.0,-9999.0,orientation,size,color,0.38,11.0,2,female,1,2537.0593455999997,0,21
1727,-9999.0,-9999.0,-9999.0,-9999.0,-9999.0,-9999.0,-9999.0,-9999.0,-9999.0,orientation,size,color,0.38,11.0,2,female,1,2537.0593455999997,0,21
1728,-9999.0,-9999.0,-9999.0,-9999.0,-9999.0,-9999.0,-9999.0,-9999.0,-9999.0,orientation,size,color,0.38,11.0,2,female,1,2537.0593455999997,0,21
1729,-9999.0,-9999.0,-9999.0,-9999.0,-9999.0,-9999.0,-9999.0,-9999.0,-9999.0,orientation,size,color,0.38,11.0,2,female,1,2537.0593455999997,0,21
1730,-9999.0,-9999.0,-9999.0,-9999.0,-9999.0,-9999.0,-9999.0,-9999.0,-9999.0,orientation,size,color,0.38,11.0,2,female,1,2537.0593455999997,0,21
1731,-9999.0,-9999.0,-9999.0,-9999.0,-9999.0,-9999.0,-9999.0,-9999.0,-9999.0,orientation,size,color,0.38,11.0,2,female,1,2537.0593455999997,0,21
1732,-9999.0,-9999.0,-9999.0,-9999.0,-9999.0,-9999.0,-9999.0,-9999.0,-9999.0,orientation,size,color,0.38,11.0,2,female,1,2537.0593455999997,0,21
1733,-9999.0,-9999.0,-9999.0,-9999.0,-9999.0,-9999.0,-9999.0,-9999.0,-9999.0,orientation,size,color,0.38,11.0,2,female,1,2537.0593455999997,0,21
1734,-9999.0,-9999.0,-9999.0,-9999.0,-9999.0,-9999.0,-9999.0,-9999.0,-9999.0,orientation,size,color,0.38,11.0,2,female,1,2537.0593455999997,0,21
1735,-9999.0,-9999.0,-9999.0,-9999.0,-9999.0,-9999.0,-9999.0,-9999.0,-9999.0,orientation,size,color,0.38,11.0,2,female,1,2537.0593455999997,0,21
1736,-9999.0,-9999.0,-9999.0,-9999.0,-9999.0,-9999.0,-9999.0,-9999.0,-9999.0,orientation,size,color,0.38,11.0,2,female,1,2537.0593455999997,0,21
1737,-9999.0,-9999.0,-9999.0,-9999.0,-9999.0,-9999.0,-9999.0,-9999.0,-9999.0,orientation,size,color,0.38,11.0,2,female,1,2537.0593455999997,0,21
1738,-9999.0,-9999.0,-9999.0,-9999.0,-9999.0,-9999.0,-9999.0,-9999.0,-9999.0,orientation,size,color,0.38,11.0,2,female,1,2537.0593455999997,0,21
1739,-9999.0,-9999.0,-9999.0,-9999.0,-9999.0,-9999.0,-9999.0,-9999.0,-9999.0,orientation,size,color,0.38,11.0,2,female,1,2537.0593455999997,0,21
1740,-9999.0,-9999.0,-9999.0,-9999.0,-9999.0,-9999.0,-9999.0,-9999.0,-9999.0,orientation,size,color,0.38,11.0,2,female,1,2537.0593455999997,0,21
1741,-9999.0,-9999.0,-9999.0,-9999.0,-9999.0,-9999.0,-9999.0,-9999.0,-9999.0,orientation,size,color,0.38,11.0,2,female,1,2537.0593455999997,0,21
1742,-9999.0,-9999.0,-9999.0,-9999.0,-9999.0,-9999.0,-9999.0,-9999.0,-9999.0,orientation,size,color,0.38,11.0,2,female,1,2537.0593455999997,0,21
1743,-9999.0,-9999.0,-9999.0,-9999.0,-9999.0,-9999.0,-9999.0,-9999.0,-9999.0,orientation,size,color,0.38,11.0,2,female,1,2537.0593455999997,0,21
1744,-9999.0,-9999.0,-9999.0,-9999.0,-9999.0,-9999.0,-9999.0,-9999.0,-9999.0,orientation,size,color,0.38,11.0,2,female,1,2537.0593455999997,0,21
1745,-9999.0,-9999.0,-9999.0,-9999.0,-9999.0,-9999.0,-9999.0,-9999.0,-9999.0,orientation,size,color,0.38,11.0,2,female,1,2537.0593455999997,0,21
1746,-9999.0,-9999.0,-9999.0,-9999.0,-9999.0,-9999.0,-9999.0,-9999.0,-9999.0,orientation,size,color,0.38,11.0,2,female,1,2537.0593455999997,0,21
1747,-9999.0,-9999.0,-9999.0,-9999.0,-9999.0,-9999.0,-9999.0,-9999.0,-9999.0,orientation,size,color,0.38,11.0,2,female,1,2537.0593455999997,0,21
1748,-9999.0,-9999.0,-9999.0,-9999.0,-9999.0,-9999.0,-9999.0,-9999.0,-9999.0,orientation,size,color,0.38,11.0,2,female,1,2537.0593455999997,0,21
1749,-9999.0,-9999.0,-9999.0,-9999.0,-9999.0,-9999.0,-9999.0,-9999.0,-9999.0,orientation,size,color,0.38,11.0,2,female,1,2537.0593455999997,0,21
1750,-9999.0,-9999.0,-9999.0,-9999.0,-9999.0,-9999.0,-9999.0,-9999.0,-9999.0,orientation,size,color,0.38,11.0,2,female,1,2537.0593455999997,0,21
1751,-9999.0,-9999.0,-9999.0,-9999.0,-9999.0,-9999.0,-9999.0,-9999.0,-9999.0,orientation,size,color,0.38,11.0,2,female,1,2537.0593455999997,0,21
1752,-9999.0,-9999.0,-9999.0,-9999.0,-9999.0,-9999.0,-9999.0,-9999.0,-9999.0,orientation,size,color,0.38,11.0,2,female,1,2537.0593455999997,0,21
1753,-9999.0,-9999.0,-9999.0,-9999.0,-9999.0,-9999.0,-9999.0,-9999.0,-9999.0,orientation,size,color,0.38,11.0,2,female,1,2537.0593455999997,0,21
1754,-9999.0,-9999.0,-9999.0,-9999.0,-9999.0,-9999.0,-9999.0,-9999.0,-9999.0,orientation,size,color,0.38,11.0,2,female,1,2537.0593455999997,0,21
1755,-9999.0,-9999.0,-9999.0,-9999.0,-9999.0,-9999.0,-9999.0,-9999.0,-9999.0,orientation,size,color,0.38,11.0,2,female,1,2537.0593455999997,0,21
1756,-9999.0,-9999.0,-9999.0,-9999.0,-9999.0,-9999.0,-9999.0,-9999.0,-9999.0,orientation,size,color,0.38,11.0,2,female,1,2537.0593455999997,0,21
1757,-9999.0,-9999.0,-9999.0,-9999.0,-9999.0,-9999.0,-9999.0,-9999.0,-9999.0,orientation,size,color,0.38,11.0,2,female,1,2537.0593455999997,0,21
1758,-9999.0,-9999.0,-9999.0,-9999.0,-9999.0,-9999.0,-9999.0,-9999.0,-9999.0,orientation,size,color,0.38,11.0,2,female,1,2537.0593455999997,0,21
1759,-9999.0,-9999.0,-9999.0,-9999.0,-9999.0,-9999.0,-9999.0,-9999.0,-9999.0,orientation,size,color,0.38,11.0,2,female,1,2537.0593455999997,0,21
1760,-9999.0,-9999.0,-9999.0,-9999.0,-9999.0,-9999.0,-9999.0,-9999.0,-9999.0,orientation,size,color,0.38,11.0,2,female,1,2537.0593455999997,0,21
1761,-9999.0,-9999.0,-9999.0,-9999.0,-9999.0,-9999.0,-9999.0,-9999.0,-9999.0,orientation,size,color,0.38,11.0,2,female,1,2537.0593455999997,0,21
1762,-9999.0,-9999.0,-9999.0,-9999.0,-9999.0,-9999.0,-9999.0,-9999.0,-9999.0,orientation,size,color,0.38,11.0,2,female,1,2537.0593455999997,0,21
1763,-9999.0,-9999.0,-9999.0,-9999.0,-9999.0,-9999.0,-9999.0,-9999.0,-9999.0,orientation,size,color,0.38,11.0,2,female,1,2537.0593455999997,0,21
1764,-9999.0,-9999.0,-9999.0,-9999.0,-9999.0,-9999.0,-9999.0,-9999.0,-9999.0,orientation,size,color,0.38,11.0,2,female,1,2537.0593455999997,0,21
1765,-9999.0,-9999.0,-9999.0,-9999.0,-9999.0,-9999.0,-9999.0,-9999.0,-9999.0,orientation,size,color,0.38,11.0,2,female,1,2537.0593455999997,0,21
1766,-9999.0,-9999.0,-9999.0,-9999.0,-9999.0,-9999.0,-9999.0,-9999.0,-9999.0,orientation,size,color,0.38,11.0,2,female,1,2537.0593455999997,0,21
1767,-9999.0,-9999.0,-9999.0,-9999.0,-9999.0,-9999.0,-9999.0,-9999.0,-9999.0,orientation,size,color,0.38,11.0,2,female,1,2537.0593455999997,0,21
1768,-9999.0,-9999.0,-9999.0,-9999.0,-9999.0,-9999.0,-9999.0,-9999.0,-9999.0,orientation,size,color,0.38,11.0,2,female,1,2537.0593455999997,0,21
1769,-9999.0,-9999.0,-9999.0,-9999.0,-9999.0,-9999.0,-9999.0,-9999.0,-9999.0,orientation,size,color,0.38,11.0,2,female,1,2537.0593455999997,0,21
1770,-9999.0,-9999.0,-9999.0,-9999.0,-9999.0,-9999.0,-9999.0,-9999.0,-9999.0,orientation,size,color,0.38,11.0,2,female,1,2537.0593455999997,0,21
1771,-9999.0,-9999.0,-9999.0,-9999.0,-9999.0,-9999.0,-9999.0,-9999.0,-9999.0,orientation,size,color,0.38,11.0,2,female,1,2537.0593455999997,0,21
1772,-9999.0,-9999.0,-9999.0,-9999.0,-9999.0,-9999.0,-9999.0,-9999.0,-9999.0,orientation,size,color,0.38,11.0,2,female,1,2537.0593455999997,0,21
1773,-9999.0,-9999.0,-9999.0,-9999.0,-9999.0,-9999.0,-9999.0,-9999.0,-9999.0,orientation,size,color,0.38,11.0,2,female,1,2537.0593455999997,0,21
1774,-9999.0,-9999.0,-9999.0,-9999.0,-9999.0,-9999.0,-9999.0,-9999.0,-9999.0,orientation,size,color,0.38,11.0,2,female,1,2537.0593455999997,0,21
1775,-9999.0,-9999.0,-9999.0,-9999.0,-9999.0,-9999.0,-9999.0,-9999.0,-9999.0,orientation,size,color,0.38,11.0,2,female,1,2537.0593455999997,0,21
1776,-9999.0,-9999.0,-9999.0,-9999.0,-9999.0,-9999.0,-9999.0,-9999.0,-9999.0,orientation,size,color,0.38,11.0,2,female,1,2537.0593455999997,0,21
1777,-9999.0,-9999.0,-9999.0,-9999.0,-9999.0,-9999.0,-9999.0,-9999.0,-9999.0,orientation,size,color,0.38,11.0,2,female,1,2537.0593455999997,0,21
1778,-9999.0,-9999.0,-9999.0,-9999.0,-9999.0,-9999.0,-9999.0,-9999.0,-9999.0,orientation,size,color,0.38,11.0,2,female,1,2537.0593455999997,0,21
1779,-9999.0,-9999.0,-9999.0,-9999.0,-9999.0,-9999.0,-9999.0,-9999.0,-9999.0,orientation,size,color,0.38,11.0,2,female,1,2537.0593455999997,0,21
1780,-9999.0,-9999.0,-9999.0,-9999.0,-9999.0,-9999.0,-9999.0,-9999.0,-9999.0,orientation,size,color,0.38,11.0,2,female,1,2537.0593455999997,0,21
1781,-9999.0,-9999.0,-9999.0,-9999.0,-9999.0,-9999.0,-9999.0,-9999.0,-9999.0,orientation,size,color,0.38,11.0,2,female,1,2537.0593455999997,0,21
1782,-9999.0,-9999.0,-9999.0,-9999.0,-9999.0,-9999.0,-9999.0,-9999.0,-9999.0,orientation,size,color,0.38,11.0,2,female,1,2537.0593455999997,0,21
1783,-9999.0,-9999.0,-9999.0,-9999.0,-9999.0,-9999.0,-9999.0,-9999.0,-9999.0,orientation,size,color,0.38,11.0,2,female,1,2537.0593455999997,0,21
1784,-9999.0,-9999.0,-9999.0,-9999.0,-9999.0,-9999.0,-9999.0,-9999.0,-9999.0,orientation,size,color,0.38,11.0,2,female,1,2537.0593455999997,0,21
1785,-9999.0,-9999.0,-9999.0,-9999.0,-9999.0,-9999.0,-9999.0,-9999.0,-9999.0,orientation,size,color,0.38,11.0,2,female,1,2537.0593455999997,0,21
1786,-9999.0,-9999.0,-9999.0,-9999.0,-9999.0,-9999.0,-9999.0,-9999.0,-9999.0,orientation,size,color,0.38,11.0,2,female,1,2537.0593455999997,0,21
1787,-9999.0,-9999.0,-9999.0,-9999.0,-9999.0,-9999.0,-9999.0,-9999.0,-9999.0,orientation,size,color,0.38,11.0,2,female,1,2537.0593455999997,0,21
1788,-9999.0,-9999.0,-9999.0,-9999.0,-9999.0,-9999.0,-9999.0,-9999.0,-9999.0,orientation,size,color,0.38,11.0,2,female,1,2537.0593455999997,0,21
1789,-9999.0,-9999.0,-9999.0,-9999.0,-9999.0,-9999.0,-9999.0,-9999.0,-9999.0,orientation,size,color,0.38,11.0,2,female,1,2537.0593455999997,0,21
1790,-9999.0,-9999.0,-9999.0,-9999.0,-9999.0,-9999.0,-9999.0,-9999.0,-9999.0,orientation,size,color,0.38,11.0,2,female,1,2537.0593455999997,0,21
1791,-9999.0,-9999.0,-9999.0,-9999.0,-9999.0,-9999.0,-9999.0,-9999.0,-9999.0,orientation,size,color,0.38,11.0,2,female,1,2537.0593455999997,0,21
1792,-9999.0,-9999.0,-9999.0,-9999.0,-9999.0,-9999.0,-9999.0,-9999.0,-9999.0,orientation,size,color,0.38,11.0,2,female,1,2537.0593455999997,0,21
1793,-9999.0,-9999.0,-9999.0,-9999.0,-9999.0,-9999.0,-9999.0,-9999.0,-9999.0,orientation,size,color,0.38,11.0,2,female,1,2537.0593455999997,0,21
1794,-9999.0,-9999.0,-9999.0,-9999.0,-9999.0,-9999.0,-9999.0,-9999.0,-9999.0,orientation,size,color,0.38,11.0,2,female,1,2537.0593455999997,0,21
1795,-9999.0,-9999.0,-9999.0,-9999.0,-9999.0,-9999.0,-9999.0,-9999.0,-9999.0,orientation,size,color,0.38,11.0,2,female,1,2537.0593455999997,0,21
1796,-9999.0,-9999.0,-9999.0,-9999.0,-9999.0,-9999.0,-9999.0,-9999.0,-9999.0,orientation,size,color,0.38,11.0,2,female,1,2537.0593455999997,0,21
1797,-9999.0,-9999.0,-9999.0,-9999.0,-9999.0,-9999.0,-9999.0,-9999.0,-9999.0,orientation,size,color,0.38,11.0,2,female,1,2537.0593455999997,0,21
1798,-9999.0,-9999.0,-9999.0,-9999.0,-9999.0,-9999.0,-9999.0,-9999.0,-9999.0,orientation,size,color,0.38,11.0,2,female,1,2537.0593455999997,0,21
1799,-9999.0,-9999.0,-9999.0,-9999.0,-9999.0,-9999.0,-9999.0,-9999.0,-9999.0,orientation,size,color,0.38,11.0,2,female,1,2537.0593455999997,0,21
1800,-9999.0,-9999.0,-9999.0,-9999.0,-9999.0,-9999.0,-9999.0,-9999.0,-9999.0,orientation,size,color,0.38,11.0,2,female,1,2537.0593455999997,0,21
1801,-9999.0,-9999.0,-9999.0,-9999.0,-9999.0,-9999.0,-9999.0,-9999.0,-9999.0,orientation,size,color,0.38,11.0,2,female,1,2537.0593455999997,0,21
1802,-9999.0,-9999.0,-9999.0,-9999.0,-9999.0,-9999.0,-9999.0,-9999.0,-9999.0,orientation,size,color,0.38,11.0,2,female,1,2537.0593455999997,0,21
1803,-9999.0,-9999.0,-9999.0,-9999.0,-9999.0,-9999.0,-9999.0,-9999.0,-9999.0,orientation,size,color,0.38,11.0,2,female,1,2537.0593455999997,0,21
1804,-9999.0,-9999.0,-9999.0,-9999.0,-9999.0,-9999.0,-9999.0,-9999.0,-9999.0,orientation,size,color,0.38,11.0,2,female,1,2537.0593455999997,0,21
1805,-9999.0,-9999.0,-9999.0,-9999.0,-9999.0,-9999.0,-9999.0,-9999.0,-9999.0,orientation,size,color,0.38,11.0,2,female,1,2537.0593455999997,0,21
1806,-9999.0,-9999.0,-9999.0,-9999.0,-9999.0,-9999.0,-9999.0,-9999.0,-9999.0,orientation,size,color,0.38,11.0,2,female,1,2537.0593455999997,0,21
1807,-9999.0,-9999.0,-9999.0,-9999.0,-9999.0,-9999.0,-9999.0,-9999.0,-9999.0,orientation,size,color,0.38,11.0,2,female,1,2537.0593455999997,0,21
1808,-9999.0,-9999.0,-9999.0,-9999.0,-9999.0,-9999.0,-9999.0,-9999.0,-9999.0,orientation,size,color,0.38,11.0,2,female,1,2537.0593455999997,0,21
1809,-9999.0,-9999.0,-9999.0,-9999.0,-9999.0,-9999.0,-9999.0,-9999.0,-9999.0,orientation,size,color,0.38,11.0,2,female,1,2537.0593455999997,0,21
1810,-9999.0,-9999.0,-9999.0,-9999.0,-9999.0,-9999.0,-9999.0,-9999.0,-9999.0,orientation,size,color,0.38,11.0,2,female,1,2537.0593455999997,0,21
1811,-9999.0,-9999.0,-9999.0,-9999.0,-9999.0,-9999.0,-9999.0,-9999.0,-9999.0,orientation,size,color,0.38,11.0,2,female,1,2537.0593455999997,0,21
1812,-9999.0,-9999.0,-9999.0,-9999.0,-9999.0,-9999.0,-9999.0,-9999.0,-9999.0,orientation,size,color,0.38,11.0,2,female,1,2537.0593455999997,0,21
1813,-9999.0,-9999.0,-9999.0,-9999.0,-9999.0,-9999.0,-9999.0,-9999.0,-9999.0,orientation,size,color,0.38,11.0,2,female,1,2537.0593455999997,0,21
1814,-9999.0,-9999.0,-9999.0,-9999.0,-9999.0,-9999.0,-9999.0,-9999.0,-9999.0,orientation,size,color,0.38,11.0,2,female,1,2537.0593455999997,0,21
1815,-9999.0,-9999.0,-9999.0,-9999.0,-9999.0,-9999.0,-9999.0,-9999.0,-9999.0,orientation,size,color,0.38,11.0,2,female,1,2537.0593455999997,0,21
1816,-9999.0,-9999.0,-9999.0,-9999.0,-9999.0,-9999.0,-9999.0,-9999.0,-9999.0,orientation,size,color,0.38,11.0,2,female,1,2537.0593455999997,0,21
1817,-9999.0,-9999.0,-9999.0,-9999.0,-9999.0,-9999.0,-9999.0,-9999.0,-9999.0,orientation,size,color,0.38,11.0,2,female,1,2537.0593455999997,0,21
1818,-9999.0,-9999.0,-9999.0,-9999.0,-9999.0,-9999.0,-9999.0,-9999.0,-9999.0,orientation,size,color,0.38,11.0,2,female,1,2537.0593455999997,0,21
1819,-9999.0,-9999.0,-9999.0,-9999.0,-9999.0,-9999.0,-9999.0,-9999.0,-9999.0,orientation,size,color,0.38,11.0,2,female,1,2537.0593455999997,0,21
1820,-9999.0,-9999.0,-9999.0,-9999.0,-9999.0,-9999.0,-9999.0,-9999.0,-9999.0,orientation,size,color,0.38,11.0,2,female,1,2537.0593455999997,0,21
1821,-9999.0,-9999.0,-9999.0,-9999.0,-9999.0,-9999.0,-9999.0,-9999.0,-9999.0,orientation,size,color,0.38,11.0,2,female,1,2537.0593455999997,0,21
1822,-9999.0,-9999.0,-9999.0,-9999.0,-9999.0,-9999.0,-9999.0,-9999.0,-9999.0,orientation,size,color,0.38,11.0,2,female,1,2537.0593455999997,0,21
1823,-9999.0,-9999.0,-9999.0,-9999.0,-9999.0,-9999.0,-9999.0,-9999.0,-9999.0,orientation,size,color,0.38,11.0,2,female,1,2537.0593455999997,0,21
1824,-9999.0,-9999.0,-9999.0,-9999.0,-9999.0,-9999.0,-9999.0,-9999.0,-9999.0,orientation,size,color,0.38,11.0,2,female,1,2537.0593455999997,0,21
1825,-9999.0,-9999.0,-9999.0,-9999.0,-9999.0,-9999.0,-9999.0,-9999.0,-9999.0,orientation,size,color,0.38,11.0,2,female,1,2537.0593455999997,0,21
1826,-9999.0,-9999.0,-9999.0,-9999.0,-9999.0,-9999.0,-9999.0,-9999.0,-9999.0,orientation,size,color,0.38,11.0,2,female,1,2537.0593455999997,0,21
1827,-9999.0,-9999.0,-9999.0,-9999.0,-9999.0,-9999.0,-9999.0,-9999.0,-9999.0,orientation,size,color,0.38,11.0,2,female,1,2537.0593455999997,0,21
1828,-9999.0,-9999.0,-9999.0,-9999.0,-9999.0,-9999.0,-9999.0,-9999.0,-9999.0,orientation,size,color,0.38,11.0,2,female,1,2537.0593455999997,0,21
1829,-9999.0,-9999.0,-9999.0,-9999.0,-9999.0,-9999.0,-9999.0,-9999.0,-9999.0,orientation,size,color,0.38,11.0,2,female,1,2537.0593455999997,0,21
1830,-9999.0,-9999.0,-9999.0,-9999.0,-9999.0,-9999.0,-9999.0,-9999.0,-9999.0,orientation,size,color,0.38,11.0,2,female,1,2537.0593455999997,0,21
1831,-9999.0,-9999.0,-9999.0,-9999.0,-9999.0,-9999.0,-9999.0,-9999.0,-9999.0,orientation,size,color,0.38,11.0,2,female,1,2537.0593455999997,0,21
1832,-9999.0,-9999.0,-9999.0,-9999.0,-9999.0,-9999.0,-9999.0,-9999.0,-9999.0,orientation,size,color,0.38,11.0,2,female,1,2537.0593455999997,0,21
1833,-9999.0,-9999.0,-9999.0,-9999.0,-9999.0,-9999.0,-9999.0,-9999.0,-9999.0,orientation,size,color,0.38,11.0,2,female,1,2537.0593455999997,0,21
1834,-9999.0,-9999.0,-9999.0,-9999.0,-9999.0,-9999.0,-9999.0,-9999.0,-9999.0,orientation,size,color,0.38,11.0,2,female,1,2537.0593455999997,0,21
1835,-9999.0,-9999.0,-9999.0,-9999.0,-9999.0,-9999.0,-9999.0,-9999.0,-9999.0,orientation,size,color,0.38,11.0,2,female,1,2537.0593455999997,0,21
1836,-9999.0,-9999.0,-9999.0,-9999.0,-9999.0,-9999.0,-9999.0,-9999.0,-9999.0,orientation,size,color,0.38,11.0,2,female,1,2537.0593455999997,0,21
1837,-9999.0,-9999.0,-9999.0,-9999.0,-9999.0,-9999.0,-9999.0,-9999.0,-9999.0,orientation,size,color,0.38,11.0,2,female,1,2537.0593455999997,0,21
1838,-9999.0,-9999.0,-9999.0,-9999.0,-9999.0,-9999.0,-9999.0,-9999.0,-9999.0,orientation,size,color,0.38,11.0,2,female,1,2537.0593455999997,0,21
1839,-9999.0,-9999.0,-9999.0,-9999.0,-9999.0,-9999.0,-9999.0,-9999.0,-9999.0,orientation,size,color,0.38,11.0,2,female,1,2537.0593455999997,0,21
1840,-9999.0,-9999.0,-9999.0,-9999.0,-9999.0,-9999.0,-9999.0,-9999.0,-9999.0,orientation,size,color,0.38,11.0,2,female,1,2537.0593455999997,0,21
1841,-9999.0,-9999.0,-9999.0,-9999.0,-9999.0,-9999.0,-9999.0,-9999.0,-9999.0,orientation,size,color,0.38,11.0,2,female,1,2537.0593455999997,0,21
1842,-9999.0,-9999.0,-9999.0,-9999.0,-9999.0,-9999.0,-9999.0,-9999.0,-9999.0,orientation,size,color,0.38,11.0,2,female,1,2537.0593455999997,0,21
1843,-9999.0,-9999.0,-9999.0,-9999.0,-9999.0,-9999.0,-9999.0,-9999.0,-9999.0,orientation,size,color,0.38,11.0,2,female,1,2537.0593455999997,0,21
1844,-9999.0,-9999.0,-9999.0,-9999.0,-9999.0,-9999.0,-9999.0,-9999.0,-9999.0,orientation,size,color,0.38,11.0,2,female,1,2537.0593455999997,0,21
1845,-9999.0,-9999.0,-9999.0,-9999.0,-9999.0,-9999.0,-9999.0,-9999.0,-9999.0,orientation,size,color,0.38,11.0,2,female,1,2537.0593455999997,0,21
1846,-9999.0,-9999.0,-9999.0,-9999.0,-9999.0,-9999.0,-9999.0,-9999.0,-9999.0,orientation,size,color,0.38,11.0,2,female,1,2537.0593455999997,0,21
1847,-9999.0,-9999.0,-9999.0,-9999.0,-9999.0,-9999.0,-9999.0,-9999.0,-9999.0,orientation,size,color,0.38,11.0,2,female,1,2537.0593455999997,0,21
1848,-9999.0,-9999.0,-9999.0,-9999.0,-9999.0,-9999.0,-9999.0,-9999.0,-9999.0,orientation,size,color,0.38,11.0,2,female,1,2537.0593455999997,0,21
1849,-9999.0,-9999.0,-9999.0,-9999.0,-9999.0,-9999.0,-9999.0,-9999.0,-9999.0,orientation,size,color,0.38,11.0,2,female,1,2537.0593455999997,0,21
1850,-9999.0,-9999.0,-9999.0,-9999.0,-9999.0,-9999.0,-9999.0,-9999.0,-9999.0,orientation,size,color,0.38,11.0,2,female,1,2537.0593455999997,0,21
1851,-9999.0,-9999.0,-9999.0,-9999.0,-9999.0,-9999.0,-9999.0,-9999.0,-9999.0,orientation,size,color,0.38,11.0,2,female,1,2537.0593455999997,0,21
1852,-9999.0,-9999.0,-9999.0,-9999.0,-9999.0,-9999.0,-9999.0,-9999.0,-9999.0,orientation,size,color,0.38,11.0,2,female,1,2537.0593455999997,0,21
1853,-9999.0,-9999.0,-9999.0,-9999.0,-9999.0,-9999.0,-9999.0,-9999.0,-9999.0,orientation,size,color,0.38,11.0,2,female,1,2537.0593455999997,0,21
1854,-9999.0,-9999.0,-9999.0,-9999.0,-9999.0,-9999.0,-9999.0,-9999.0,-9999.0,orientation,size,color,0.38,11.0,2,female,1,2537.0593455999997,0,21
1855,-9999.0,-9999.0,-9999.0,-9999.0,-9999.0,-9999.0,-9999.0,-9999.0,-9999.0,orientation,size,color,0.38,11.0,2,female,1,2537.0593455999997,0,21
1856,-9999.0,-9999.0,-9999.0,-9999.0,-9999.0,-9999.0,-9999.0,-9999.0,-9999.0,orientation,size,color,0.38,11.0,2,female,1,2537.0593455999997,0,21
1857,-9999.0,-9999.0,-9999.0,-9999.0,-9999.0,-9999.0,-9999.0,-9999.0,-9999.0,orientation,size,color,0.38,11.0,2,female,1,2537.0593455999997,0,21
1858,-9999.0,-9999.0,-9999.0,-9999.0,-9999.0,-9999.0,-9999.0,-9999.0,-9999.0,orientation,size,color,0.38,11.0,2,female,1,2537.0593455999997,0,21
1859,-9999.0,-9999.0,-9999.0,-9999.0,-9999.0,-9999.0,-9999.0,-9999.0,-9999.0,orientation,size,color,0.38,11.0,2,female,1,2537.0593455999997,0,21
1860,-9999.0,-9999.0,-9999.0,-9999.0,-9999.0,-9999.0,-9999.0,-9999.0,-9999.0,orientation,size,color,0.38,11.0,2,female,1,2537.0593455999997,0,21
1861,-9999.0,-9999.0,-9999.0,-9999.0,-9999.0,-9999.0,-9999.0,-9999.0,-9999.0,orientation,size,color,0.38,11.0,2,female,1,2537.0593455999997,0,21
1862,-9999.0,-9999.0,-9999.0,-9999.0,-9999.0,-9999.0,-9999.0,-9999.0,-9999.0,orientation,size,color,0.38,11.0,2,female,1,2537.0593455999997,0,21
1863,-9999.0,-9999.0,-9999.0,-9999.0,-9999.0,-9999.0,-9999.0,-9999.0,-9999.0,orientation,size,color,0.38,11.0,2,female,1,2537.0593455999997,0,21
1864,-9999.0,-9999.0,-9999.0,-9999.0,-9999.0,-9999.0,-9999.0,-9999.0,-9999.0,orientation,size,color,0.38,11.0,2,female,1,2537.0593455999997,0,21
1865,-9999.0,-9999.0,-9999.0,-9999.0,-9999.0,-9999.0,-9999.0,-9999.0,-9999.0,orientation,size,color,0.38,11.0,2,female,1,2537.0593455999997,0,21
1866,-9999.0,-9999.0,-9999.0,-9999.0,-9999.0,-9999.0,-9999.0,-9999.0,-9999.0,orientation,size,color,0.38,11.0,2,female,1,2537.0593455999997,0,21
1867,-9999.0,-9999.0,-9999.0,-9999.0,-9999.0,-9999.0,-9999.0,-9999.0,-9999.0,orientation,size,color,0.38,11.0,2,female,1,2537.0593455999997,0,21
1868,-9999.0,-9999.0,-9999.0,-9999.0,-9999.0,-9999.0,-9999.0,-9999.0,-9999.0,orientation,size,color,0.38,11.0,2,female,1,2537.0593455999997,0,21
1869,-9999.0,-9999.0,-9999.0,-9999.0,-9999.0,-9999.0,-9999.0,-9999.0,-9999.0,orientation,size,color,0.38,11.0,2,female,1,2537.0593455999997,0,21
1870,-9999.0,-9999.0,-9999.0,-9999.0,-9999.0,-9999.0,-9999.0,-9999.0,-9999.0,orientation,size,color,0.38,11.0,2,female,1,2537.0593455999997,0,21
1871,-9999.0,-9999.0,-9999.0,-9999.0,-9999.0,-9999.0,-9999.0,-9999.0,-9999.0,orientation,size,color,0.38,11.0,2,female,1,2537.0593455999997,0,21
1872,-9999.0,-9999.0,-9999.0,-9999.0,-9999.0,-9999.0,-9999.0,-9999.0,-9999.0,orientation,size,color,0.38,11.0,2,female,1,2537.0593455999997,0,21
1873,-9999.0,-9999.0,-9999.0,-9999.0,-9999.0,-9999.0,-9999.0,-9999.0,-9999.0,orientation,size,color,0.38,11.0,2,female,1,2537.0593455999997,0,21
1874,-9999.0,-9999.0,-9999.0,-9999.0,-9999.0,-9999.0,-9999.0,-9999.0,-9999.0,orientation,size,color,0.38,11.0,2,female,1,2537.0593455999997,0,21
1875,-9999.0,-9999.0,-9999.0,-9999.0,-9999.0,-9999.0,-9999.0,-9999.0,-9999.0,orientation,size,color,0.38,11.0,2,female,1,2537.0593455999997,0,21
1876,-9999.0,-9999.0,-9999.0,-9999.0,-9999.0,-9999.0,-9999.0,-9999.0,-9999.0,orientation,size,color,0.38,11.0,2,female,1,2537.0593455999997,0,21
1877,-9999.0,-9999.0,-9999.0,-9999.0,-9999.0,-9999.0,-9999.0,-9999.0,-9999.0,orientation,size,color,0.38,11.0,2,female,1,2537.0593455999997,0,21
1878,-9999.0,-9999.0,-9999.0,-9999.0,-9999.0,-9999.0,-9999.0,-9999.0,-9999.0,orientation,size,color,0.38,11.0,2,female,1,2537.0593455999997,0,21
1879,-9999.0,-9999.0,-9999.0,-9999.0,-9999.0,-9999.0,-9999.0,-9999.0,-9999.0,orientation,size,color,0.38,11.0,2,female,1,2537.0593455999997,0,21
1880,-9999.0,-9999.0,-9999.0,-9999.0,-9999.0,-9999.0,-9999.0,-9999.0,-9999.0,orientation,size,color,0.38,11.0,2,female,1,2537.0593455999997,0,21
1881,-9999.0,-9999.0,-9999.0,-9999.0,-9999.0,-9999.0,-9999.0,-9999.0,-9999.0,orientation,size,color,0.38,11.0,2,female,1,2537.0593455999997,0,21
1882,-9999.0,-9999.0,-9999.0,-9999.0,-9999.0,-9999.0,-9999.0,-9999.0,-9999.0,orientation,size,color,0.38,11.0,2,female,1,2537.0593455999997,0,21
1883,-9999.0,-9999.0,-9999.0,-9999.0,-9999.0,-9999.0,-9999.0,-9999.0,-9999.0,orientation,size,color,0.38,11.0,2,female,1,2537.0593455999997,0,21
1884,-9999.0,-9999.0,-9999.0,-9999.0,-9999.0,-9999.0,-9999.0,-9999.0,-9999.0,orientation,size,color,0.38,11.0,2,female,1,2537.0593455999997,0,21
1885,-9999.0,-9999.0,-9999.0,-9999.0,-9999.0,-9999.0,-9999.0,-9999.0,-9999.0,orientation,size,color,0.38,11.0,2,female,1,2537.0593455999997,0,21
1886,-9999.0,-9999.0,-9999.0,-9999.0,-9999.0,-9999.0,-9999.0,-9999.0,-9999.0,orientation,size,color,0.38,11.0,2,female,1,2537.0593455999997,0,21
1887,-9999.0,-9999.0,-9999.0,-9999.0,-9999.0,-9999.0,-9999.0,-9999.0,-9999.0,orientation,size,color,0.38,11.0,2,female,1,2537.0593455999997,0,21
1888,-9999.0,-9999.0,-9999.0,-9999.0,-9999.0,-9999.0,-9999.0,-9999.0,-9999.0,orientation,size,color,0.38,11.0,2,female,1,2537.0593455999997,0,21
1889,-9999.0,-9999.0,-9999.0,-9999.0,-9999.0,-9999.0,-9999.0,-9999.0,-9999.0,orientation,size,color,0.38,11.0,2,female,1,2537.0593455999997,0,21
1890,-9999.0,-9999.0,-9999.0,-9999.0,-9999.0,-9999.0,-9999.0,-9999.0,-9999.0,orientation,size,color,0.38,11.0,2,female,1,2537.0593455999997,0,21
1891,-9999.0,-9999.0,-9999.0,-9999.0,-9999.0,-9999.0,-9999.0,-9999.0,-9999.0,orientation,size,color,0.38,11.0,2,female,1,2537.0593455999997,0,21
1892,-9999.0,-9999.0,-9999.0,-9999.0,-9999.0,-9999.0,-9999.0,-9999.0,-9999.0,orientation,size,color,0.38,11.0,2,female,1,2537.0593455999997,0,21
1893,-9999.0,-9999.0,-9999.0,-9999.0,-9999.0,-9999.0,-9999.0,-9999.0,-9999.0,orientation,size,color,0.38,11.0,2,female,1,2537.0593455999997,0,21
1894,-9999.0,-9999.0,-9999.0,-9999.0,-9999.0,-9999.0,-9999.0,-9999.0,-9999.0,orientation,size,color,0.38,11.0,2,female,1,2537.0593455999997,0,21
1895,-9999.0,-9999.0,-9999.0,-9999.0,-9999.0,-9999.0,-9999.0,-9999.0,-9999.0,orientation,size,color,0.38,11.0,2,female,1,2537.0593455999997,0,21
1896,-9999.0,-9999.0,-9999.0,-9999.0,-9999.0,-9999.0,-9999.0,-9999.0,-9999.0,orientation,size,color,0.38,11.0,2,female,1,2537.0593455999997,0,21
1897,-9999.0,-9999.0,-9999.0,-9999.0,-9999.0,-9999.0,-9999.0,-9999.0,-9999.0,orientation,size,color,0.38,11.0,2,female,1,2537.0593455999997,0,21
1898,-9999.0,-9999.0,-9999.0,-9999.0,-9999.0,-9999.0,-9999.0,-9999.0,-9999.0,orientation,size,color,0.38,11.0,2,female,1,2537.0593455999997,0,21
1899,-9999.0,-9999.0,-9999.0,-9999.0,-9999.0,-9999.0,-9999.0,-9999.0,-9999.0,orientation,size,color,0.38,11.0,2,female,1,2537.0593455999997,0,21
1900,-9999.0,-9999.0,-9999.0,-9999.0,-9999.0,-9999.0,-9999.0,-9999.0,-9999.0,orientation,size,color,0.38,11.0,2,female,1,2537.0593455999997,0,21
1901,-9999.0,-9999.0,-9999.0,-9999.0,-9999.0,-9999.0,-9999.0,-9999.0,-9999.0,orientation,size,color,0.38,11.0,2,female,1,2537.0593455999997,0,21
1902,-9999.0,-9999.0,-9999.0,-9999.0,-9999.0,-9999.0,-9999.0,-9999.0,-9999.0,orientation,size,color,0.38,11.0,2,female,1,2537.0593455999997,0,21
1903,-9999.0,-9999.0,-9999.0,-9999.0,-9999.0,-9999.0,-9999.0,-9999.0,-9999.0,orientation,size,color,0.38,11.0,2,female,1,2537.0593455999997,0,21
1904,-9999.0,-9999.0,-9999.0,-9999.0,-9999.0,-9999.0,-9999.0,-9999.0,-9999.0,orientation,size,color,0.38,11.0,2,female,1,2537.0593455999997,0,21
1905,-9999.0,-9999.0,-9999.0,-9999.0,-9999.0,-9999.0,-9999.0,-9999.0,-9999.0,orientation,size,color,0.38,11.0,2,female,1,2537.0593455999997,0,21
1906,-9999.0,-9999.0,-9999.0,-9999.0,-9999.0,-9999.0,-9999.0,-9999.0,-9999.0,orientation,size,color,0.38,11.0,2,female,1,2537.0593455999997,0,21
1907,-9999.0,-9999.0,-9999.0,-9999.0,-9999.0,-9999.0,-9999.0,-9999.0,-9999.0,orientation,size,color,0.38,11.0,2,female,1,2537.0593455999997,0,21
1908,-9999.0,-9999.0,-9999.0,-9999.0,-9999.0,-9999.0,-9999.0,-9999.0,-9999.0,orientation,size,color,0.38,11.0,2,female,1,2537.0593455999997,0,21
1909,-9999.0,-9999.0,-9999.0,-9999.0,-9999.0,-9999.0,-9999.0,-9999.0,-9999.0,orientation,size,color,0.38,11.0,2,female,1,2537.0593455999997,0,21
1910,-9999.0,-9999.0,-9999.0,-9999.0,-9999.0,-9999.0,-9999.0,-9999.0,-9999.0,orientation,size,color,0.38,11.0,2,female,1,2537.0593455999997,0,21
1911,-9999.0,-9999.0,-9999.0,-9999.0,-9999.0,-9999.0,-9999.0,-9999.0,-9999.0,orientation,size,color,0.38,11.0,2,female,1,2537.0593455999997,0,21
1912,-9999.0,-9999.0,-9999.0,-9999.0,-9999.0,-9999.0,-9999.0,-9999.0,-9999.0,orientation,size,color,0.38,11.0,2,female,1,2537.0593455999997,0,21
1913,-9999.0,-9999.0,-9999.0,-9999.0,-9999.0,-9999.0,-9999.0,-9999.0,-9999.0,orientation,size,color,0.38,11.0,2,female,1,2537.0593455999997,0,21
1914,-9999.0,-9999.0,-9999.0,-9999.0,-9999.0,-9999.0,-9999.0,-9999.0,-9999.0,orientation,size,color,0.38,11.0,2,female,1,2537.0593455999997,0,21
1915,-9999.0,-9999.0,-9999.0,-9999.0,-9999.0,-9999.0,-9999.0,-9999.0,-9999.0,orientation,size,color,0.38,11.0,2,female,1,2537.0593455999997,0,21
1916,-9999.0,-9999.0,-9999.0,-9999.0,-9999.0,-9999.0,-9999.0,-9999.0,-9999.0,orientation,size,color,0.38,11.0,2,female,1,2537.0593455999997,0,21
1917,-9999.0,-9999.0,-9999.0,-9999.0,-9999.0,-9999.0,-9999.0,-9999.0,-9999.0,orientation,size,color,0.38,11.0,2,female,1,2537.0593455999997,0,21
1918,-9999.0,-9999.0,-9999.0,-9999.0,-9999.0,-9999.0,-9999.0,-9999.0,-9999.0,orientation,size,color,0.38,11.0,2,female,1,2537.0593455999997,0,21
1919,-9999.0,-9999.0,-9999.0,-9999.0,-9999.0,-9999.0,-9999.0,-9999.0,-9999.0,orientation,size,color,0.38,11.0,2,female,1,2537.0593455999997,0,21
1920,-9999.0,-9999.0,-9999.0,-9999.0,-9999.0,-9999.0,-9999.0,-9999.0,-9999.0,orientation,size,color,0.38,11.0,2,female,1,2537.0593455999997,0,21
1921,-9999.0,-9999.0,-9999.0,-9999.0,-9999.0,-9999.0,-9999.0,-9999.0,-9999.0,orientation,size,color,0.38,11.0,2,female,1,2537.0593455999997,0,21
1922,-9999.0,-9999.0,-9999.0,-9999.0,-9999.0,-9999.0,-9999.0,-9999.0,-9999.0,orientation,size,color,0.38,11.0,2,female,1,2537.0593455999997,0,21
1923,-9999.0,-9999.0,-9999.0,-9999.0,-9999.0,-9999.0,-9999.0,-9999.0,-9999.0,orientation,size,color,0.38,11.0,2,female,1,2537.0593455999997,0,21
1924,-9999.0,-9999.0,-9999.0,-9999.0,-9999.0,-9999.0,-9999.0,-9999.0,-9999.0,orientation,size,color,0.38,11.0,2,female,1,2537.0593455999997,0,21
1925,-9999.0,-9999.0,-9999.0,-9999.0,-9999.0,-9999.0,-9999.0,-9999.0,-9999.0,orientation,size,color,0.38,11.0,2,female,1,2537.0593455999997,0,21
1926,-9999.0,-9999.0,-9999.0,-9999.0,-9999.0,-9999.0,-9999.0,-9999.0,-9999.0,orientation,size,color,0.38,11.0,2,female,1,2537.0593455999997,0,21
1927,-9999.0,-9999.0,-9999.0,-9999.0,-9999.0,-9999.0,-9999.0,-9999.0,-9999.0,orientation,size,color,0.38,11.0,2,female,1,2537.0593455999997,0,21
1928,-9999.0,-9999.0,-9999.0,-9999.0,-9999.0,-9999.0,-9999.0,-9999.0,-9999.0,orientation,size,color,0.38,11.0,2,female,1,2537.0593455999997,0,21
1929,-9999.0,-9999.0,-9999.0,-9999.0,-9999.0,-9999.0,-9999.0,-9999.0,-9999.0,orientation,size,color,0.38,11.0,2,female,1,2537.0593455999997,0,21
1930,-9999.0,-9999.0,-9999.0,-9999.0,-9999.0,-9999.0,-9999.0,-9999.0,-9999.0,orientation,size,color,0.38,11.0,2,female,1,2537.0593455999997,0,21
1931,-9999.0,-9999.0,-9999.0,-9999.0,-9999.0,-9999.0,-9999.0,-9999.0,-9999.0,orientation,size,color,0.38,11.0,2,female,1,2537.0593455999997,0,21
1932,-9999.0,-9999.0,-9999.0,-9999.0,-9999.0,-9999.0,-9999.0,-9999.0,-9999.0,orientation,size,color,0.38,11.0,2,female,1,2537.0593455999997,0,21
1933,-9999.0,-9999.0,-9999.0,-9999.0,-9999.0,-9999.0,-9999.0,-9999.0,-9999.0,orientation,size,color,0.38,11.0,2,female,1,2537.0593455999997,0,21
1934,-9999.0,-9999.0,-9999.0,-9999.0,-9999.0,-9999.0,-9999.0,-9999.0,-9999.0,orientation,size,color,0.38,11.0,2,female,1,2537.0593455999997,0,21
1935,-9999.0,-9999.0,-9999.0,-9999.0,-9999.0,-9999.0,-9999.0,-9999.0,-9999.0,orientation,size,color,0.38,11.0,2,female,1,2537.0593455999997,0,21
1936,-9999.0,-9999.0,-9999.0,-9999.0,-9999.0,-9999.0,-9999.0,-9999.0,-9999.0,orientation,size,color,0.38,11.0,2,female,1,2537.0593455999997,0,21
1937,-9999.0,-9999.0,-9999.0,-9999.0,-9999.0,-9999.0,-9999.0,-9999.0,-9999.0,orientation,size,color,0.38,11.0,2,female,1,2537.0593455999997,0,21
1938,-9999.0,-9999.0,-9999.0,-9999.0,-9999.0,-9999.0,-9999.0,-9999.0,-9999.0,orientation,size,color,0.38,11.0,2,female,1,2537.0593455999997,0,21
1939,-9999.0,-9999.0,-9999.0,-9999.0,-9999.0,-9999.0,-9999.0,-9999.0,-9999.0,orientation,size,color,0.38,11.0,2,female,1,2537.0593455999997,0,21
1940,-9999.0,-9999.0,-9999.0,-9999.0,-9999.0,-9999.0,-9999.0,-9999.0,-9999.0,orientation,size,color,0.38,11.0,2,female,1,2537.0593455999997,0,21
1941,-9999.0,-9999.0,-9999.0,-9999.0,-9999.0,-9999.0,-9999.0,-9999.0,-9999.0,orientation,size,color,0.38,11.0,2,female,1,2537.0593455999997,0,21
1942,-9999.0,-9999.0,-9999.0,-9999.0,-9999.0,-9999.0,-9999.0,-9999.0,-9999.0,orientation,size,color,0.38,11.0,2,female,1,2537.0593455999997,0,21
1943,-9999.0,-9999.0,-9999.0,-9999.0,-9999.0,-9999.0,-9999.0,-9999.0,-9999.0,orientation,size,color,0.38,11.0,2,female,1,2537.0593455999997,0,21
1944,-9999.0,-9999.0,-9999.0,-9999.0,-9999.0,-9999.0,-9999.0,-9999.0,-9999.0,orientation,size,color,0.38,11.0,2,female,1,2537.0593455999997,0,21
1945,-9999.0,-9999.0,-9999.0,-9999.0,-9999.0,-9999.0,-9999.0,-9999.0,-9999.0,orientation,size,color,0.38,11.0,2,female,1,2537.0593455999997,0,21
1946,-9999.0,-9999.0,-9999.0,-9999.0,-9999.0,-9999.0,-9999.0,-9999.0,-9999.0,orientation,size,color,0.38,11.0,2,female,1,2537.0593455999997,0,21
1947,-9999.0,-9999.0,-9999.0,-9999.0,-9999.0,-9999.0,-9999.0,-9999.0,-9999.0,orientation,size,color,0.38,11.0,2,female,1,2537.0593455999997,0,21
1948,-9999.0,-9999.0,-9999.0,-9999.0,-9999.0,-9999.0,-9999.0,-9999.0,-9999.0,orientation,size,color,0.38,11.0,2,female,1,2537.0593455999997,0,21
1949,-9999.0,-9999.0,-9999.0,-9999.0,-9999.0,-9999.0,-9999.0,-9999.0,-9999.0,orientation,size,color,0.38,11.0,2,female,1,2537.0593455999997,0,21
1950,-9999.0,-9999.0,-9999.0,-9999.0,-9999.0,-9999.0,-9999.0,-9999.0,-9999.0,orientation,size,color,0.38,11.0,2,female,1,2537.0593455999997,0,21
1951,-9999.0,-9999.0,-9999.0,-9999.0,-9999.0,-9999.0,-9999.0,-9999.0,-9999.0,orientation,size,color,0.38,11.0,2,female,1,2537.0593455999997,0,21
1952,-9999.0,-9999.0,-9999.0,-9999.0,-9999.0,-9999.0,-9999.0,-9999.0,-9999.0,orientation,size,color,0.38,11.0,2,female,1,2537.0593455999997,0,21
1953,-9999.0,-9999.0,-9999.0,-9999.0,-9999.0,-9999.0,-9999.0,-9999.0,-9999.0,orientation,size,color,0.38,11.0,2,female,1,2537.0593455999997,0,21
1954,-9999.0,-9999.0,-9999.0,-9999.0,-9999.0,-9999.0,-9999.0,-9999.0,-9999.0,orientation,size,color,0.38,11.0,2,female,1,2537.0593455999997,0,21
1955,-9999.0,-9999.0,-9999.0,-9999.0,-9999.0,-9999.0,-9999.0,-9999.0,-9999.0,orientation,size,color,0.38,11.0,2,female,1,2537.0593455999997,0,21
1956,-9999.0,-9999.0,-9999.0,-9999.0,-9999.0,-9999.0,-9999.0,-9999.0,-9999.0,orientation,size,color,0.38,11.0,2,female,1,2537.0593455999997,0,21
1957,-9999.0,-9999.0,-9999.0,-9999.0,-9999.0,-9999.0,-9999.0,-9999.0,-9999.0,orientation,size,color,0.38,11.0,2,female,1,2537.0593455999997,0,21
1958,-9999.0,-9999.0,-9999.0,-9999.0,-9999.0,-9999.0,-9999.0,-9999.0,-9999.0,orientation,size,color,0.38,11.0,2,female,1,2537.0593455999997,0,21
1959,-9999.0,-9999.0,-9999.0,-9999.0,-9999.0,-9999.0,-9999.0,-9999.0,-9999.0,orientation,size,color,0.38,11.0,2,female,1,2537.0593455999997,0,21
1960,-9999.0,-9999.0,-9999.0,-9999.0,-9999.0,-9999.0,-9999.0,-9999.0,-9999.0,orientation,size,color,0.38,11.0,2,female,1,2537.0593455999997,0,21
1961,-9999.0,-9999.0,-9999.0,-9999.0,-9999.0,-9999.0,-9999.0,-9999.0,-9999.0,orientation,size,color,0.38,11.0,2,female,1,2537.0593455999997,0,21
1962,-9999.0,-9999.0,-9999.0,-9999.0,-9999.0,-9999.0,-9999.0,-9999.0,-9999.0,orientation,size,color,0.38,11.0,2,female,1,2537.0593455999997,0,21
1963,-9999.0,-9999.0,-9999.0,-9999.0,-9999.0,-9999.0,-9999.0,-9999.0,-9999.0,orientation,size,color,0.38,11.0,2,female,1,2537.0593455999997,0,21
1964,-9999.0,-9999.0,-9999.0,-9999.0,-9999.0,-9999.0,-9999.0,-9999.0,-9999.0,orientation,size,color,0.38,11.0,2,female,1,2537.0593455999997,0,21
1965,-9999.0,-9999.0,-9999.0,-9999.0,-9999.0,-9999.0,-9999.0,-9999.0,-9999.0,orientation,size,color,0.38,11.0,2,female,1,2537.0593455999997,0,21
1966,-9999.0,-9999.0,-9999.0,-9999.0,-9999.0,-9999.0,-9999.0,-9999.0,-9999.0,orientation,size,color,0.38,11.0,2,female,1,2537.0593455999997,0,21
1967,-9999.0,-9999.0,-9999.0,-9999.0,-9999.0,-9999.0,-9999.0,-9999.0,-9999.0,orientation,size,color,0.38,11.0,2,female,1,2537.0593455999997,0,21
1968,-9999.0,-9999.0,-9999.0,-9999.0,-9999.0,-9999.0,-9999.0,-9999.0,-9999.0,orientation,size,color,0.38,11.0,2,female,1,2537.0593455999997,0,21
1969,-9999.0,-9999.0,-9999.0,-9999.0,-9999.0,-9999.0,-9999.0,-9999.0,-9999.0,orientation,size,color,0.38,11.0,2,female,1,2537.0593455999997,0,21
1970,-9999.0,-9999.0,-9999.0,-9999.0,-9999.0,-9999.0,-9999.0,-9999.0,-9999.0,orientation,size,color,0.38,11.0,2,female,1,2537.0593455999997,0,21
1971,-9999.0,-9999.0,-9999.0,-9999.0,-9999.0,-9999.0,-9999.0,-9999.0,-9999.0,orientation,size,color,0.38,11.0,2,female,1,2537.0593455999997,0,21
1972,-9999.0,-9999.0,-9999.0,-9999.0,-9999.0,-9999.0,-9999.0,-9999.0,-9999.0,orientation,size,color,0.38,11.0,2,female,1,2537.0593455999997,0,21
1973,-9999.0,-9999.0,-9999.0,-9999.0,-9999.0,-9999.0,-9999.0,-9999.0,-9999.0,orientation,size,color,0.38,11.0,2,female,1,2537.0593455999997,0,21
1974,-9999.0,-9999.0,-9999.0,-9999.0,-9999.0,-9999.0,-9999.0,-9999.0,-9999.0,orientation,size,color,0.38,11.0,2,female,1,2537.0593455999997,0,21
1975,-9999.0,-9999.0,-9999.0,-9999.0,-9999.0,-9999.0,-9999.0,-9999.0,-9999.0,orientation,size,color,0.38,11.0,2,female,1,2537.0593455999997,0,21
1976,-9999.0,-9999.0,-9999.0,-9999.0,-9999.0,-9999.0,-9999.0,-9999.0,-9999.0,orientation,size,color,0.38,11.0,2,female,1,2537.0593455999997,0,21
1977,-9999.0,-9999.0,-9999.0,-9999.0,-9999.0,-9999.0,-9999.0,-9999.0,-9999.0,orientation,size,color,0.38,11.0,2,female,1,2537.0593455999997,0,21
1978,-9999.0,-9999.0,-9999.0,-9999.0,-9999.0,-9999.0,-9999.0,-9999.0,-9999.0,orientation,size,color,0.38,11.0,2,female,1,2537.0593455999997,0,21
1979,-9999.0,-9999.0,-9999.0,-9999.0,-9999.0,-9999.0,-9999.0,-9999.0,-9999.0,orientation,size,color,0.38,11.0,2,female,1,2537.0593455999997,0,21
1980,-9999.0,-9999.0,-9999.0,-9999.0,-9999.0,-9999.0,-9999.0,-9999.0,-9999.0,orientation,size,color,0.38,11.0,2,female,1,2537.0593455999997,0,21
1981,-9999.0,-9999.0,-9999.0,-9999.0,-9999.0,-9999.0,-9999.0,-9999.0,-9999.0,orientation,size,color,0.38,11.0,2,female,1,2537.0593455999997,0,21
1982,-9999.0,-9999.0,-9999.0,-9999.0,-9999.0,-9999.0,-9999.0,-9999.0,-9999.0,orientation,size,color,0.38,11.0,2,female,1,2537.0593455999997,0,21
1983,-9999.0,-9999.0,-9999.0,-9999.0,-9999.0,-9999.0,-9999.0,-9999.0,-9999.0,orientation,size,color,0.38,11.0,2,female,1,2537.0593455999997,0,21
1984,-9999.0,-9999.0,-9999.0,-9999.0,-9999.0,-9999.0,-9999.0,-9999.0,-9999.0,orientation,size,color,0.38,11.0,2,female,1,2537.0593455999997,0,21
1985,-9999.0,-9999.0,-9999.0,-9999.0,-9999.0,-9999.0,-9999.0,-9999.0,-9999.0,orientation,size,color,0.38,11.0,2,female,1,2537.0593455999997,0,21
1986,-9999.0,-9999.0,-9999.0,-9999.0,-9999.0,-9999.0,-9999.0,-9999.0,-9999.0,orientation,size,color,0.38,11.0,2,female,1,2537.0593455999997,0,21
1987,-9999.0,-9999.0,-9999.0,-9999.0,-9999.0,-9999.0,-9999.0,-9999.0,-9999.0,orientation,size,color,0.38,11.0,2,female,1,2537.0593455999997,0,21
1988,-9999.0,-9999.0,-9999.0,-9999.0,-9999.0,-9999.0,-9999.0,-9999.0,-9999.0,orientation,size,color,0.38,11.0,2,female,1,2537.0593455999997,0,21
1989,-9999.0,-9999.0,-9999.0,-9999.0,-9999.0,-9999.0,-9999.0,-9999.0,-9999.0,orientation,size,color,0.38,11.0,2,female,1,2537.0593455999997,0,21
1990,-9999.0,-9999.0,-9999.0,-9999.0,-9999.0,-9999.0,-9999.0,-9999.0,-9999.0,orientation,size,color,0.38,11.0,2,female,1,2537.0593455999997,0,21
1991,-9999.0,-9999.0,-9999.0,-9999.0,-9999.0,-9999.0,-9999.0,-9999.0,-9999.0,orientation,size,color,0.38,11.0,2,female,1,2537.0593455999997,0,21
1992,-9999.0,-9999.0,-9999.0,-9999.0,-9999.0,-9999.0,-9999.0,-9999.0,-9999.0,orientation,size,color,0.38,11.0,2,female,1,2537.0593455999997,0,21
1993,-9999.0,-9999.0,-9999.0,-9999.0,-9999.0,-9999.0,-9999.0,-9999.0,-9999.0,orientation,size,color,0.38,11.0,2,female,1,2537.0593455999997,0,21
1994,-9999.0,-9999.0,-9999.0,-9999.0,-9999.0,-9999.0,-9999.0,-9999.0,-9999.0,orientation,size,color,0.38,11.0,2,female,1,2537.0593455999997,0,21
1995,-9999.0,-9999.0,-9999.0,-9999.0,-9999.0,-9999.0,-9999.0,-9999.0,-9999.0,orientation,size,color,0.38,11.0,2,female,1,2537.0593455999997,0,21
1996,-9999.0,-9999.0,-9999.0,-9999.0,-9999.0,-9999.0,-9999.0,-9999.0,-9999.0,orientation,size,color,0.38,11.0,2,female,1,2537.0593455999997,0,21
1997,-9999.0,-9999.0,-9999.0,-9999.0,-9999.0,-9999.0,-9999.0,-9999.0,-9999.0,orientation,size,color,0.38,11.0,2,female,1,2537.0593455999997,0,21
1998,-9999.0,-9999.0,-9999.0,-9999.0,-9999.0,-9999.0,-9999.0,-9999.0,-9999.0,orientation,size,color,0.38,11.0,2,female,1,2537.0593455999997,0,21
1999,-9999.0,-9999.0,-9999.0,-9999.0,-9999.0,-9999.0,-9999.0,-9999.0,-9999.0,orientation,size,color,0.38,11.0,2,female,1,2537.0593455999997,0,21
2000,-9999.0,-9999.0,-9999.0,-9999.0,-9999.0,-9999.0,-9999.0,-9999.0,-9999.0,orientation,size,color,0.38,11.0,2,female,1,2537.0593455999997,0,21
2001,-9999.0,-9999.0,-9999.0,-9999.0,-9999.0,-9999.0,-9999.0,-9999.0,-9999.0,orientation,size,color,0.38,11.0,2,female,1,2537.0593455999997,0,21
2002,-9999.0,-9999.0,-9999.0,-9999.0,-9999.0,-9999.0,-9999.0,-9999.0,-9999.0,orientation,size,color,0.38,11.0,2,female,1,2537.0593455999997,0,21
2003,-9999.0,-9999.0,-9999.0,-9999.0,-9999.0,-9999.0,-9999.0,-9999.0,-9999.0,orientation,size,color,0.38,11.0,2,female,1,2537.0593455999997,0,21
2004,-9999.0,-9999.0,-9999.0,-9999.0,-9999.0,-9999.0,-9999.0,-9999.0,-9999.0,orientation,size,color,0.38,11.0,2,female,1,2537.0593455999997,0,21
2005,-9999.0,-9999.0,-9999.0,-9999.0,-9999.0,-9999.0,-9999.0,-9999.0,-9999.0,orientation,size,color,0.38,11.0,2,female,1,2537.0593455999997,0,21
2006,-9999.0,-9999.0,-9999.0,-9999.0,-9999.0,-9999.0,-9999.0,-9999.0,-9999.0,orientation,size,color,0.38,11.0,2,female,1,2537.0593455999997,0,21
2007,-9999.0,-9999.0,-9999.0,-9999.0,-9999.0,-9999.0,-9999.0,-9999.0,-9999.0,orientation,size,color,0.38,11.0,2,female,1,2537.0593455999997,0,21
2008,-9999.0,-9999.0,-9999.0,-9999.0,-9999.0,-9999.0,-9999.0,-9999.0,-9999.0,orientation,size,color,0.38,11.0,2,female,1,2537.0593455999997,0,21
2009,-9999.0,-9999.0,-9999.0,-9999.0,-9999.0,-9999.0,-9999.0,-9999.0,-9999.0,orientation,size,color,0.38,11.0,2,female,1,2537.0593455999997,0,21
2010,-9999.0,-9999.0,-9999.0,-9999.0,-9999.0,-9999.0,-9999.0,-9999.0,-9999.0,orientation,size,color,0.38,11.0,2,female,1,2537.0593455999997,0,21
2011,-9999.0,-9999.0,-9999.0,-9999.0,-9999.0,-9999.0,-9999.0,-9999.0,-9999.0,orientation,size,color,0.38,11.0,2,female,1,2537.0593455999997,0,21
2012,-9999.0,-9999.0,-9999.0,-9999.0,-9999.0,-9999.0,-9999.0,-9999.0,-9999.0,orientation,size,color,0.38,11.0,2,female,1,2537.0593455999997,0,21
2013,-9999.0,-9999.0,-9999.0,-9999.0,-9999.0,-9999.0,-9999.0,-9999.0,-9999.0,orientation,size,color,0.38,11.0,2,female,1,2537.0593455999997,0,21
2014,-9999.0,-9999.0,-9999.0,-9999.0,-9999.0,-9999.0,-9999.0,-9999.0,-9999.0,orientation,size,color,0.38,11.0,2,female,1,2537.0593455999997,0,21
2015,-9999.0,-9999.0,-9999.0,-9999.0,-9999.0,-9999.0,-9999.0,-9999.0,-9999.0,orientation,size,color,0.38,11.0,2,female,1,2537.0593455999997,0,21
2016,-9999.0,-9999.0,-9999.0,-9999.0,-9999.0,-9999.0,-9999.0,-9999.0,-9999.0,orientation,size,color,0.38,11.0,2,female,1,2537.0593455999997,0,21
2017,-9999.0,-9999.0,-9999.0,-9999.0,-9999.0,-9999.0,-9999.0,-9999.0,-9999.0,orientation,size,color,0.38,11.0,2,female,1,2537.0593455999997,0,21
2018,-9999.0,-9999.0,-9999.0,-9999.0,-9999.0,-9999.0,-9999.0,-9999.0,-9999.0,orientation,size,color,0.38,11.0,2,female,1,2537.0593455999997,0,21
2019,-9999.0,-9999.0,-9999.0,-9999.0,-9999.0,-9999.0,-9999.0,-9999.0,-9999.0,orientation,size,color,0.38,11.0,2,female,1,2537.0593455999997,0,21
2020,-9999.0,-9999.0,-9999.0,-9999.0,-9999.0,-9999.0,-9999.0,-9999.0,-9999.0,orientation,size,color,0.38,11.0,2,female,1,2537.0593455999997,0,21
2021,-9999.0,-9999.0,-9999.0,-9999.0,-9999.0,-9999.0,-9999.0,-9999.0,-9999.0,orientation,size,color,0.38,11.0,2,female,1,2537.0593455999997,0,21
2022,-9999.0,-9999.0,-9999.0,-9999.0,-9999.0,-9999.0,-9999.0,-9999.0,-9999.0,orientation,size,color,0.38,11.0,2,female,1,2537.0593455999997,0,21
2023,-9999.0,-9999.0,-9999.0,-9999.0,-9999.0,-9999.0,-9999.0,-9999.0,-9999.0,orientation,size,color,0.38,11.0,2,female,1,2537.0593455999997,0,21
2024,-9999.0,-9999.0,-9999.0,-9999.0,-9999.0,-9999.0,-9999.0,-9999.0,-9999.0,orientation,size,color,0.38,11.0,2,female,1,2537.0593455999997,0,21
2025,-9999.0,-9999.0,-9999.0,-9999.0,-9999.0,-9999.0,-9999.0,-9999.0,-9999.0,orientation,size,color,0.38,11.0,2,female,1,2537.0593455999997,0,21
2026,-9999.0,-9999.0,-9999.0,-9999.0,-9999.0,-9999.0,-9999.0,-9999.0,-9999.0,orientation,size,color,0.38,11.0,2,female,1,2537.0593455999997,0,21
2027,-9999.0,-9999.0,-9999.0,-9999.0,-9999.0,-9999.0,-9999.0,-9999.0,-9999.0,orientation,size,color,0.38,11.0,2,female,1,2537.0593455999997,0,21
2028,-9999.0,-9999.0,-9999.0,-9999.0,-9999.0,-9999.0,-9999.0,-9999.0,-9999.0,orientation,size,color,0.38,11.0,2,female,1,2537.0593455999997,0,21
2029,-9999.0,-9999.0,-9999.0,-9999.0,-9999.0,-9999.0,-9999.0,-9999.0,-9999.0,orientation,size,color,0.38,11.0,2,female,1,2537.0593455999997,0,21
2030,-9999.0,-9999.0,-9999.0,-9999.0,-9999.0,-9999.0,-9999.0,-9999.0,-9999.0,orientation,size,color,0.38,11.0,2,female,1,2537.0593455999997,0,21
2031,-9999.0,-9999.0,-9999.0,-9999.0,-9999.0,-9999.0,-9999.0,-9999.0,-9999.0,orientation,size,color,0.38,11.0,2,female,1,2537.0593455999997,0,21
2032,-9999.0,-9999.0,-9999.0,-9999.0,-9999.0,-9999.0,-9999.0,-9999.0,-9999.0,orientation,size,color,0.38,11.0,2,female,1,2537.0593455999997,0,21
2033,-9999.0,-9999.0,-9999.0,-9999.0,-9999.0,-9999.0,-9999.0,-9999.0,-9999.0,orientation,size,color,0.38,11.0,2,female,1,2537.0593455999997,0,21
2034,-9999.0,-9999.0,-9999.0,-9999.0,-9999.0,-9999.0,-9999.0,-9999.0,-9999.0,orientation,size,color,0.38,11.0,2,female,1,2537.0593455999997,0,21
2035,-9999.0,-9999.0,-9999.0,-9999.0,-9999.0,-9999.0,-9999.0,-9999.0,-9999.0,orientation,size,color,0.38,11.0,2,female,1,2537.0593455999997,0,21
2036,-9999.0,-9999.0,-9999.0,-9999.0,-9999.0,-9999.0,-9999.0,-9999.0,-9999.0,orientation,size,color,0.38,11.0,2,female,1,2537.0593455999997,0,21
2037,-9999.0,-9999.0,-9999.0,-9999.0,-9999.0,-9999.0,-9999.0,-9999.0,-9999.0,orientation,size,color,0.38,11.0,2,female,1,2537.0593455999997,0,21
2038,-9999.0,-9999.0,-9999.0,-9999.0,-9999.0,-9999.0,-9999.0,-9999.0,-9999.0,orientation,size,color,0.38,11.0,2,female,1,2537.0593455999997,0,21
2039,-9999.0,-9999.0,-9999.0,-9999.0,-9999.0,-9999.0,-9999.0,-9999.0,-9999.0,orientation,size,color,0.38,11.0,2,female,1,2537.0593455999997,0,21
2040,-9999.0,-9999.0,-9999.0,-9999.0,-9999.0,-9999.0,-9999.0,-9999.0,-9999.0,orientation,size,color,0.38,11.0,2,female,1,2537.0593455999997,0,21
2041,-9999.0,-9999.0,-9999.0,-9999.0,-9999.0,-9999.0,-9999.0,-9999.0,-9999.0,orientation,size,color,0.38,11.0,2,female,1,2537.0593455999997,0,21
2042,-9999.0,-9999.0,-9999.0,-9999.0,-9999.0,-9999.0,-9999.0,-9999.0,-9999.0,orientation,size,color,0.38,11.0,2,female,1,2537.0593455999997,0,21
2043,-9999.0,-9999.0,-9999.0,-9999.0,-9999.0,-9999.0,-9999.0,-9999.0,-9999.0,orientation,size,color,0.38,11.0,2,female,1,2537.0593455999997,0,21
2044,-9999.0,-9999.0,-9999.0,-9999.0,-9999.0,-9999.0,-9999.0,-9999.0,-9999.0,orientation,size,color,0.38,11.0,2,female,1,2537.0593455999997,0,21
2045,-9999.0,-9999.0,-9999.0,-9999.0,-9999.0,-9999.0,-9999.0,-9999.0,-9999.0,orientation,size,color,0.38,11.0,2,female,1,2537.0593455999997,0,21
2046,-9999.0,-9999.0,-9999.0,-9999.0,-9999.0,-9999.0,-9999.0,-9999.0,-9999.0,orientation,size,color,0.38,11.0,2,female,1,2537.0593455999997,0,21
2047,-9999.0,-9999.0,-9999.0,-9999.0,-9999.0,-9999.0,-9999.0,-9999.0,-9999.0,orientation,size,color,0.38,11.0,2,female,1,2537.0593455999997,0,21
2048,-9999.0,-9999.0,-9999.0,-9999.0,-9999.0,-9999.0,-9999.0,-9999.0,-9999.0,orientation,size,color,0.38,11.0,2,female,1,2537.0593455999997,0,21
2049,-9999.0,-9999.0,-9999.0,-9999.0,-9999.0,-9999.0,-9999.0,-9999.0,-9999.0,orientation,size,color,0.38,11.0,2,female,1,2537.0593455999997,0,21
2050,-9999.0,-9999.0,-9999.0,-9999.0,-9999.0,-9999.0,-9999.0,-9999.0,-9999.0,orientation,size,color,0.38,11.0,2,female,1,2537.0593455999997,0,21
2051,-9999.0,-9999.0,-9999.0,-9999.0,-9999.0,-9999.0,-9999.0,-9999.0,-9999.0,orientation,size,color,0.38,11.0,2,female,1,2537.0593455999997,0,21
2052,-9999.0,-9999.0,-9999.0,-9999.0,-9999.0,-9999.0,-9999.0,-9999.0,-9999.0,orientation,size,color,0.38,11.0,2,female,1,2537.0593455999997,0,21
2053,-9999.0,-9999.0,-9999.0,-9999.0,-9999.0,-9999.0,-9999.0,-9999.0,-9999.0,orientation,size,color,0.38,11.0,2,female,1,2537.0593455999997,0,21
2054,-9999.0,-9999.0,-9999.0,-9999.0,-9999.0,-9999.0,-9999.0,-9999.0,-9999.0,orientation,size,color,0.38,11.0,2,female,1,2537.0593455999997,0,21
2055,-9999.0,-9999.0,-9999.0,-9999.0,-9999.0,-9999.0,-9999.0,-9999.0,-9999.0,orientation,size,color,0.38,11.0,2,female,1,2537.0593455999997,0,21
2056,-9999.0,-9999.0,-9999.0,-9999.0,-9999.0,-9999.0,-9999.0,-9999.0,-9999.0,orientation,size,color,0.38,11.0,2,female,1,2537.0593455999997,0,21
2057,-9999.0,-9999.0,-9999.0,-9999.0,-9999.0,-9999.0,-9999.0,-9999.0,-9999.0,orientation,size,color,0.38,11.0,2,female,1,2537.0593455999997,0,21
2058,-9999.0,-9999.0,-9999.0,-9999.0,-9999.0,-9999.0,-9999.0,-9999.0,-9999.0,orientation,size,color,0.38,11.0,2,female,1,2537.0593455999997,0,21
2059,-9999.0,-9999.0,-9999.0,-9999.0,-9999.0,-9999.0,-9999.0,-9999.0,-9999.0,orientation,size,color,0.38,11.0,2,female,1,2537.0593455999997,0,21
2060,-9999.0,-9999.0,-9999.0,-9999.0,-9999.0,-9999.0,-9999.0,-9999.0,-9999.0,orientation,size,color,0.38,11.0,2,female,1,2537.0593455999997,0,21
2061,-9999.0,-9999.0,-9999.0,-9999.0,-9999.0,-9999.0,-9999.0,-9999.0,-9999.0,orientation,size,color,0.38,11.0,2,female,1,2537.0593455999997,0,21
2062,-9999.0,-9999.0,-9999.0,-9999.0,-9999.0,-9999.0,-9999.0,-9999.0,-9999.0,orientation,size,color,0.38,11.0,2,female,1,2537.0593455999997,0,21
2063,-9999.0,-9999.0,-9999.0,-9999.0,-9999.0,-9999.0,-9999.0,-9999.0,-9999.0,orientation,size,color,0.38,11.0,2,female,1,2537.0593455999997,0,21
2064,-9999.0,-9999.0,-9999.0,-9999.0,-9999.0,-9999.0,-9999.0,-9999.0,-9999.0,orientation,size,color,0.38,11.0,2,female,1,2537.0593455999997,0,21
2065,-9999.0,-9999.0,-9999.0,-9999.0,-9999.0,-9999.0,-9999.0,-9999.0,-9999.0,orientation,size,color,0.38,11.0,2,female,1,2537.0593455999997,0,21
2066,-9999.0,-9999.0,-9999.0,-9999.0,-9999.0,-9999.0,-9999.0,-9999.0,-9999.0,orientation,size,color,0.38,11.0,2,female,1,2537.0593455999997,0,21
2067,-9999.0,-9999.0,-9999.0,-9999.0,-9999.0,-9999.0,-9999.0,-9999.0,-9999.0,orientation,size,color,0.38,11.0,2,female,1,2537.0593455999997,0,21
2068,-9999.0,-9999.0,-9999.0,-9999.0,-9999.0,-9999.0,-9999.0,-9999.0,-9999.0,orientation,size,color,0.38,11.0,2,female,1,2537.0593455999997,0,21
2069,-9999.0,-9999.0,-9999.0,-9999.0,-9999.0,-9999.0,-9999.0,-9999.0,-9999.0,orientation,size,color,0.38,11.0,2,female,1,2537.0593455999997,0,21
2070,-9999.0,-9999.0,-9999.0,-9999.0,-9999.0,-9999.0,-9999.0,-9999.0,-9999.0,orientation,size,color,0.38,11.0,2,female,1,2537.0593455999997,0,21
2071,-9999.0,-9999.0,-9999.0,-9999.0,-9999.0,-9999.0,-9999.0,-9999.0,-9999.0,orientation,size,color,0.38,11.0,2,female,1,2537.0593455999997,0,21
2072,-9999.0,-9999.0,-9999.0,-9999.0,-9999.0,-9999.0,-9999.0,-9999.0,-9999.0,orientation,size,color,0.38,11.0,2,female,1,2537.0593455999997,0,21
2073,-9999.0,-9999.0,-9999.0,-9999.0,-9999.0,-9999.0,-9999.0,-9999.0,-9999.0,orientation,size,color,0.38,11.0,2,female,1,2537.0593455999997,0,21
2074,-9999.0,-9999.0,-9999.0,-9999.0,-9999.0,-9999.0,-9999.0,-9999.0,-9999.0,orientation,size,color,0.38,11.0,2,female,1,2537.0593455999997,0,21
2075,-9999.0,-9999.0,-9999.0,-9999.0,-9999.0,-9999.0,-9999.0,-9999.0,-9999.0,orientation,size,color,0.38,11.0,2,female,1,2537.0593455999997,0,21
2076,-9999.0,-9999.0,-9999.0,-9999.0,-9999.0,-9999.0,-9999.0,-9999.0,-9999.0,orientation,size,color,0.38,11.0,2,female,1,2537.0593455999997,0,21
2077,-9999.0,-9999.0,-9999.0,-9999.0,-9999.0,-9999.0,-9999.0,-9999.0,-9999.0,orientation,size,color,0.38,11.0,2,female,1,2537.0593455999997,0,21
2078,-9999.0,-9999.0,-9999.0,-9999.0,-9999.0,-9999.0,-9999.0,-9999.0,-9999.0,orientation,size,color,0.38,11.0,2,female,1,2537.0593455999997,0,21
2079,-9999.0,-9999.0,-9999.0,-9999.0,-9999.0,-9999.0,-9999.0,-9999.0,-9999.0,orientation,size,color,0.38,11.0,2,female,1,2537.0593455999997,0,21
2080,-9999.0,-9999.0,-9999.0,-9999.0,-9999.0,-9999.0,-9999.0,-9999.0,-9999.0,orientation,size,color,0.38,11.0,2,female,1,2537.0593455999997,0,21
2081,-9999.0,-9999.0,-9999.0,-9999.0,-9999.0,-9999.0,-9999.0,-9999.0,-9999.0,orientation,size,color,0.38,11.0,2,female,1,2537.0593455999997,0,21
2082,-9999.0,-9999.0,-9999.0,-9999.0,-9999.0,-9999.0,-9999.0,-9999.0,-9999.0,orientation,size,color,0.38,11.0,2,female,1,2537.0593455999997,0,21
2083,-9999.0,-9999.0,-9999.0,-9999.0,-9999.0,-9999.0,-9999.0,-9999.0,-9999.0,orientation,size,color,0.38,11.0,2,female,1,2537.0593455999997,0,21
2084,-9999.0,-9999.0,-9999.0,-9999.0,-9999.0,-9999.0,-9999.0,-9999.0,-9999.0,orientation,size,color,0.38,11.0,2,female,1,2537.0593455999997,0,21
2085,-9999.0,-9999.0,-9999.0,-9999.0,-9999.0,-9999.0,-9999.0,-9999.0,-9999.0,orientation,size,color,0.38,11.0,2,female,1,2537.0593455999997,0,21
2086,-9999.0,-9999.0,-9999.0,-9999.0,-9999.0,-9999.0,-9999.0,-9999.0,-9999.0,orientation,size,color,0.38,11.0,2,female,1,2537.0593455999997,0,21
2087,-9999.0,-9999.0,-9999.0,-9999.0,-9999.0,-9999.0,-9999.0,-9999.0,-9999.0,orientation,size,color,0.38,11.0,2,female,1,2537.0593455999997,0,21
2088,-9999.0,-9999.0,-9999.0,-9999.0,-9999.0,-9999.0,-9999.0,-9999.0,-9999.0,orientation,size,color,0.38,11.0,2,female,1,2537.0593455999997,0,21
2089,-9999.0,-9999.0,-9999.0,-9999.0,-9999.0,-9999.0,-9999.0,-9999.0,-9999.0,orientation,size,color,0.38,11.0,2,female,1,2537.0593455999997,0,21
2090,-9999.0,-9999.0,-9999.0,-9999.0,-9999.0,-9999.0,-9999.0,-9999.0,-9999.0,orientation,size,color,0.38,11.0,2,female,1,2537.0593455999997,0,21
2091,-9999.0,-9999.0,-9999.0,-9999.0,-9999.0,-9999.0,-9999.0,-9999.0,-9999.0,orientation,size,color,0.38,11.0,2,female,1,2537.0593455999997,0,21
2092,-9999.0,-9999.0,-9999.0,-9999.0,-9999.0,-9999.0,-9999.0,-9999.0,-9999.0,orientation,size,color,0.38,11.0,2,female,1,2537.0593455999997,0,21
2093,-9999.0,-9999.0,-9999.0,-9999.0,-9999.0,-9999.0,-9999.0,-9999.0,-9999.0,orientation,size,color,0.38,11.0,2,female,1,2537.0593455999997,0,21
2094,-9999.0,-9999.0,-9999.0,-9999.0,-9999.0,-9999.0,-9999.0,-9999.0,-9999.0,orientation,size,color,0.38,11.0,2,female,1,2537.0593455999997,0,21
2095,-9999.0,-9999.0,-9999.0,-9999.0,-9999.0,-9999.0,-9999.0,-9999.0,-9999.0,orientation,size,color,0.38,11.0,2,female,1,2537.0593455999997,0,21
2096,-9999.0,-9999.0,-9999.0,-9999.0,-9999.0,-9999.0,-9999.0,-9999.0,-9999.0,orientation,size,color,0.38,11.0,2,female,1,2537.0593455999997,0,21
2097,-9999.0,-9999.0,-9999.0,-9999.0,-9999.0,-9999.0,-9999.0,-9999.0,-9999.0,orientation,size,color,0.38,11.0,2,female,1,2537.0593455999997,0,21
2098,-9999.0,-9999.0,-9999.0,-9999.0,-9999.0,-9999.0,-9999.0,-9999.0,-9999.0,orientation,size,color,0.38,11.0,2,female,1,2537.0593455999997,0,21
2099,-9999.0,-9999.0,-9999.0,-9999.0,-9999.0,-9999.0,-9999.0,-9999.0,-9999.0,orientation,size,color,0.38,11.0,2,female,1,2537.0593455999997,0,21
2100,-9999.0,-9999.0,-9999.0,-9999.0,-9999.0,-9999.0,-9999.0,-9999.0,-9999.0,orientation,size,color,0.38,11.0,2,female,1,2537.0593455999997,0,21
2101,-9999.0,-9999.0,-9999.0,-9999.0,-9999.0,-9999.0,-9999.0,-9999.0,-9999.0,orientation,size,color,0.38,11.0,2,female,1,2537.0593455999997,0,21
2102,-9999.0,-9999.0,-9999.0,-9999.0,-9999.0,-9999.0,-9999.0,-9999.0,-9999.0,orientation,size,color,0.38,11.0,2,female,1,2537.0593455999997,0,21
2103,-9999.0,-9999.0,-9999.0,-9999.0,-9999.0,-9999.0,-9999.0,-9999.0,-9999.0,orientation,size,color,0.38,11.0,2,female,1,2537.0593455999997,0,21
2104,-9999.0,-9999.0,-9999.0,-9999.0,-9999.0,-9999.0,-9999.0,-9999.0,-9999.0,orientation,size,color,0.38,11.0,2,female,1,2537.0593455999997,0,21
2105,-9999.0,-9999.0,-9999.0,-9999.0,-9999.0,-9999.0,-9999.0,-9999.0,-9999.0,orientation,size,color,0.38,11.0,2,female,1,2537.0593455999997,0,21
2106,-9999.0,-9999.0,-9999.0,-9999.0,-9999.0,-9999.0,-9999.0,-9999.0,-9999.0,orientation,size,color,0.38,11.0,2,female,1,2537.0593455999997,0,21
2107,-9999.0,-9999.0,-9999.0,-9999.0,-9999.0,-9999.0,-9999.0,-9999.0,-9999.0,orientation,size,color,0.38,11.0,2,female,1,2537.0593455999997,0,21
2108,-9999.0,-9999.0,-9999.0,-9999.0,-9999.0,-9999.0,-9999.0,-9999.0,-9999.0,orientation,size,color,0.38,11.0,2,female,1,2537.0593455999997,0,21
2109,-9999.0,-9999.0,-9999.0,-9999.0,-9999.0,-9999.0,-9999.0,-9999.0,-9999.0,orientation,size,color,0.38,11.0,2,female,1,2537.0593455999997,0,21
2110,-9999.0,-9999.0,-9999.0,-9999.0,-9999.0,-9999.0,-9999.0,-9999.0,-9999.0,orientation,size,color,0.38,11.0,2,female,1,2537.0593455999997,0,21
2111,-9999.0,-9999.0,-9999.0,-9999.0,-9999.0,-9999.0,-9999.0,-9999.0,-9999.0,orientation,size,color,0.38,11.0,2,female,1,2537.0593455999997,0,21
2112,-9999.0,-9999.0,-9999.0,-9999.0,-9999.0,-9999.0,-9999.0,-9999.0,-9999.0,orientation,size,color,0.38,11.0,2,female,1,2537.0593455999997,0,21
2113,-9999.0,-9999.0,-9999.0,-9999.0,-9999.0,-9999.0,-9999.0,-9999.0,-9999.0,orientation,size,color,0.38,11.0,2,female,1,2537.0593455999997,0,21
2114,-9999.0,-9999.0,-9999.0,-9999.0,-9999.0,-9999.0,-9999.0,-9999.0,-9999.0,orientation,size,color,0.38,11.0,2,female,1,2537.0593455999997,0,21
2115,-9999.0,-9999.0,-9999.0,-9999.0,-9999.0,-9999.0,-9999.0,-9999.0,-9999.0,orientation,size,color,0.38,11.0,2,female,1,2537.0593455999997,0,21
2116,-9999.0,-9999.0,-9999.0,-9999.0,-9999.0,-9999.0,-9999.0,-9999.0,-9999.0,orientation,size,color,0.38,11.0,2,female,1,2537.0593455999997,0,21
2117,-9999.0,-9999.0,-9999.0,-9999.0,-9999.0,-9999.0,-9999.0,-9999.0,-9999.0,orientation,size,color,0.38,11.0,2,female,1,2537.0593455999997,0,21
2118,-9999.0,-9999.0,-9999.0,-9999.0,-9999.0,-9999.0,-9999.0,-9999.0,-9999.0,orientation,size,color,0.38,11.0,2,female,1,2537.0593455999997,0,21
2119,-9999.0,-9999.0,-9999.0,-9999.0,-9999.0,-9999.0,-9999.0,-9999.0,-9999.0,orientation,size,color,0.38,11.0,2,female,1,2537.0593455999997,0,21
2120,-9999.0,-9999.0,-9999.0,-9999.0,-9999.0,-9999.0,-9999.0,-9999.0,-9999.0,orientation,size,color,0.38,11.0,2,female,1,2537.0593455999997,0,21
2121,-9999.0,-9999.0,-9999.0,-9999.0,-9999.0,-9999.0,-9999.0,-9999.0,-9999.0,orientation,size,color,0.38,11.0,2,female,1,2537.0593455999997,0,21
2122,-9999.0,-9999.0,-9999.0,-9999.0,-9999.0,-9999.0,-9999.0,-9999.0,-9999.0,orientation,size,color,0.38,11.0,2,female,1,2537.0593455999997,0,21
2123,-9999.0,-9999.0,-9999.0,-9999.0,-9999.0,-9999.0,-9999.0,-9999.0,-9999.0,orientation,size,color,0.38,11.0,2,female,1,2537.0593455999997,0,21
2124,-9999.0,-9999.0,-9999.0,-9999.0,-9999.0,-9999.0,-9999.0,-9999.0,-9999.0,orientation,size,color,0.38,11.0,2,female,1,2537.0593455999997,0,21
2125,-9999.0,-9999.0,-9999.0,-9999.0,-9999.0,-9999.0,-9999.0,-9999.0,-9999.0,orientation,size,color,0.38,11.0,2,female,1,2537.0593455999997,0,21
2126,-9999.0,-9999.0,-9999.0,-9999.0,-9999.0,-9999.0,-9999.0,-9999.0,-9999.0,orientation,size,color,0.38,11.0,2,female,1,2537.0593455999997,0,21
2127,-9999.0,-9999.0,-9999.0,-9999.0,-9999.0,-9999.0,-9999.0,-9999.0,-9999.0,orientation,size,color,0.38,11.0,2,female,1,2537.0593455999997,0,21
2128,-9999.0,-9999.0,-9999.0,-9999.0,-9999.0,-9999.0,-9999.0,-9999.0,-9999.0,orientation,size,color,0.38,11.0,2,female,1,2537.0593455999997,0,21
2129,-9999.0,-9999.0,-9999.0,-9999.0,-9999.0,-9999.0,-9999.0,-9999.0,-9999.0,orientation,size,color,0.38,11.0,2,female,1,2537.0593455999997,0,21
2130,-9999.0,-9999.0,-9999.0,-9999.0,-9999.0,-9999.0,-9999.0,-9999.0,-9999.0,orientation,size,color,0.38,11.0,2,female,1,2537.0593455999997,0,21
2131,-9999.0,-9999.0,-9999.0,-9999.0,-9999.0,-9999.0,-9999.0,-9999.0,-9999.0,orientation,size,color,0.38,11.0,2,female,1,2537.0593455999997,0,21
2132,-9999.0,-9999.0,-9999.0,-9999.0,-9999.0,-9999.0,-9999.0,-9999.0,-9999.0,orientation,size,color,0.38,11.0,2,female,1,2537.0593455999997,0,21
2133,-9999.0,-9999.0,-9999.0,-9999.0,-9999.0,-9999.0,-9999.0,-9999.0,-9999.0,orientation,size,color,0.38,11.0,2,female,1,2537.0593455999997,0,21
2134,-9999.0,-9999.0,-9999.0,-9999.0,-9999.0,-9999.0,-9999.0,-9999.0,-9999.0,orientation,size,color,0.38,11.0,2,female,1,2537.0593455999997,0,21
2135,-9999.0,-9999.0,-9999.0,-9999.0,-9999.0,-9999.0,-9999.0,-9999.0,-9999.0,orientation,size,color,0.38,11.0,2,female,1,2537.0593455999997,0,21
2136,-9999.0,-9999.0,-9999.0,-9999.0,-9999.0,-9999.0,-9999.0,-9999.0,-9999.0,orientation,size,color,0.38,11.0,2,female,1,2537.0593455999997,0,21
2137,-9999.0,-9999.0,-9999.0,-9999.0,-9999.0,-9999.0,-9999.0,-9999.0,-9999.0,orientation,size,color,0.38,11.0,2,female,1,2537.0593455999997,0,21
2138,-9999.0,-9999.0,-9999.0,-9999.0,-9999.0,-9999.0,-9999.0,-9999.0,-9999.0,orientation,size,color,0.38,11.0,2,female,1,2537.0593455999997,0,21
2139,-9999.0,-9999.0,-9999.0,-9999.0,-9999.0,-9999.0,-9999.0,-9999.0,-9999.0,orientation,size,color,0.38,11.0,2,female,1,2537.0593455999997,0,21
2140,-9999.0,-9999.0,-9999.0,-9999.0,-9999.0,-9999.0,-9999.0,-9999.0,-9999.0,orientation,size,color,0.38,11.0,2,female,1,2537.0593455999997,0,21
2141,-9999.0,-9999.0,-9999.0,-9999.0,-9999.0,-9999.0,-9999.0,-9999.0,-9999.0,orientation,size,color,0.38,11.0,2,female,1,2537.0593455999997,0,21
2142,-9999.0,-9999.0,-9999.0,-9999.0,-9999.0,-9999.0,-9999.0,-9999.0,-9999.0,orientation,size,color,0.38,11.0,2,female,1,2537.0593455999997,0,21
2143,-9999.0,-9999.0,-9999.0,-9999.0,-9999.0,-9999.0,-9999.0,-9999.0,-9999.0,orientation,size,color,0.38,11.0,2,female,1,2537.0593455999997,0,21
2144,-9999.0,-9999.0,-9999.0,-9999.0,-9999.0,-9999.0,-9999.0,-9999.0,-9999.0,orientation,size,color,0.38,11.0,2,female,1,2537.0593455999997,0,21
2145,-9999.0,-9999.0,-9999.0,-9999.0,-9999.0,-9999.0,-9999.0,-9999.0,-9999.0,orientation,size,color,0.38,11.0,2,female,1,2537.0593455999997,0,21
2146,-9999.0,-9999.0,-9999.0,-9999.0,-9999.0,-9999.0,-9999.0,-9999.0,-9999.0,orientation,size,color,0.38,11.0,2,female,1,2537.0593455999997,0,21
2147,-9999.0,-9999.0,-9999.0,-9999.0,-9999.0,-9999.0,-9999.0,-9999.0,-9999.0,orientation,size,color,0.38,11.0,2,female,1,2537.0593455999997,0,21
2148,-9999.0,-9999.0,-9999.0,-9999.0,-9999.0,-9999.0,-9999.0,-9999.0,-9999.0,orientation,size,color,0.38,11.0,2,female,1,2537.0593455999997,0,21
2149,-9999.0,-9999.0,-9999.0,-9999.0,-9999.0,-9999.0,-9999.0,-9999.0,-9999.0,orientation,size,color,0.38,11.0,2,female,1,2537.0593455999997,0,21
2150,-9999.0,-9999.0,-9999.0,-9999.0,-9999.0,-9999.0,-9999.0,-9999.0,-9999.0,orientation,size,color,0.38,11.0,2,female,1,2537.0593455999997,0,21
2151,-9999.0,-9999.0,-9999.0,-9999.0,-9999.0,-9999.0,-9999.0,-9999.0,-9999.0,orientation,size,color,0.38,11.0,2,female,1,2537.0593455999997,0,21
2152,-9999.0,-9999.0,-9999.0,-9999.0,-9999.0,-9999.0,-9999.0,-9999.0,-9999.0,orientation,size,color,0.38,11.0,2,female,1,2537.0593455999997,0,21
2153,-9999.0,-9999.0,-9999.0,-9999.0,-9999.0,-9999.0,-9999.0,-9999.0,-9999.0,orientation,size,color,0.38,11.0,2,female,1,2537.0593455999997,0,21
2154,-9999.0,-9999.0,-9999.0,-9999.0,-9999.0,-9999.0,-9999.0,-9999.0,-9999.0,orientation,size,color,0.38,11.0,2,female,1,2537.0593455999997,0,21
2155,-9999.0,-9999.0,-9999.0,-9999.0,-9999.0,-9999.0,-9999.0,-9999.0,-9999.0,orientation,size,color,0.38,11.0,2,female,1,2537.0593455999997,0,21
2156,-9999.0,-9999.0,-9999.0,-9999.0,-9999.0,-9999.0,-9999.0,-9999.0,-9999.0,orientation,size,color,0.38,11.0,2,female,1,2537.0593455999997,0,21
2157,-9999.0,-9999.0,-9999.0,-9999.0,-9999.0,-9999.0,-9999.0,-9999.0,-9999.0,orientation,size,color,0.38,11.0,2,female,1,2537.0593455999997,0,21
2158,-9999.0,-9999.0,-9999.0,-9999.0,-9999.0,-9999.0,-9999.0,-9999.0,-9999.0,orientation,size,color,0.38,11.0,2,female,1,2537.0593455999997,0,21
2159,-9999.0,-9999.0,-9999.0,-9999.0,-9999.0,-9999.0,-9999.0,-9999.0,-9999.0,orientation,size,color,0.38,11.0,2,female,1,2537.0593455999997,0,21
2160,-9999.0,-9999.0,-9999.0,-9999.0,-9999.0,-9999.0,-9999.0,-9999.0,-9999.0,orientation,size,color,0.38,11.0,2,female,1,2537.0593455999997,0,21
2161,-9999.0,-9999.0,-9999.0,-9999.0,-9999.0,-9999.0,-9999.0,-9999.0,-9999.0,orientation,size,color,0.38,11.0,2,female,1,2537.0593455999997,0,21
2162,-9999.0,-9999.0,-9999.0,-9999.0,-9999.0,-9999.0,-9999.0,-9999.0,-9999.0,orientation,size,color,0.38,11.0,2,female,1,2537.0593455999997,0,21
2163,-9999.0,-9999.0,-9999.0,-9999.0,-9999.0,-9999.0,-9999.0,-9999.0,-9999.0,orientation,size,color,0.38,11.0,2,female,1,2537.0593455999997,0,21
2164,-9999.0,-9999.0,-9999.0,-9999.0,-9999.0,-9999.0,-9999.0,-9999.0,-9999.0,orientation,size,color,0.38,11.0,2,female,1,2537.0593455999997,0,21
2165,-9999.0,-9999.0,-9999.0,-9999.0,-9999.0,-9999.0,-9999.0,-9999.0,-9999.0,orientation,size,color,0.38,11.0,2,female,1,2537.0593455999997,0,21
2166,-9999.0,-9999.0,-9999.0,-9999.0,-9999.0,-9999.0,-9999.0,-9999.0,-9999.0,orientation,size,color,0.38,11.0,2,female,1,2537.0593455999997,0,21
2167,-9999.0,-9999.0,-9999.0,-9999.0,-9999.0,-9999.0,-9999.0,-9999.0,-9999.0,orientation,size,color,0.38,11.0,2,female,1,2537.0593455999997,0,21
2168,-9999.0,-9999.0,-9999.0,-9999.0,-9999.0,-9999.0,-9999.0,-9999.0,-9999.0,orientation,size,color,0.38,11.0,2,female,1,2537.0593455999997,0,21
2169,-9999.0,-9999.0,-9999.0,-9999.0,-9999.0,-9999.0,-9999.0,-9999.0,-9999.0,orientation,size,color,0.38,11.0,2,female,1,2537.0593455999997,0,21
2170,-9999.0,-9999.0,-9999.0,-9999.0,-9999.0,-9999.0,-9999.0,-9999.0,-9999.0,orientation,size,color,0.38,11.0,2,female,1,2537.0593455999997,0,21
2171,-9999.0,-9999.0,-9999.0,-9999.0,-9999.0,-9999.0,-9999.0,-9999.0,-9999.0,orientation,size,color,0.38,11.0,2,female,1,2537.0593455999997,0,21
2172,-9999.0,-9999.0,-9999.0,-9999.0,-9999.0,-9999.0,-9999.0,-9999.0,-9999.0,orientation,size,color,0.38,11.0,2,female,1,2537.0593455999997,0,21
2173,-9999.0,-9999.0,-9999.0,-9999.0,-9999.0,-9999.0,-9999.0,-9999.0,-9999.0,orientation,size,color,0.38,11.0,2,female,1,2537.0593455999997,0,21
2174,-9999.0,-9999.0,-9999.0,-9999.0,-9999.0,-9999.0,-9999.0,-9999.0,-9999.0,orientation,size,color,0.38,11.0,2,female,1,2537.0593455999997,0,21
2175,-9999.0,-9999.0,-9999.0,-9999.0,-9999.0,-9999.0,-9999.0,-9999.0,-9999.0,orientation,size,color,0.38,11.0,2,female,1,2537.0593455999997,0,21
2176,-9999.0,-9999.0,-9999.0,-9999.0,-9999.0,-9999.0,-9999.0,-9999.0,-9999.0,orientation,size,color,0.38,11.0,2,female,1,2537.0593455999997,0,21
2177,-9999.0,-9999.0,-9999.0,-9999.0,-9999.0,-9999.0,-9999.0,-9999.0,-9999.0,orientation,size,color,0.38,11.0,2,female,1,2537.0593455999997,0,21
2178,-9999.0,-9999.0,-9999.0,-9999.0,-9999.0,-9999.0,-9999.0,-9999.0,-9999.0,orientation,size,color,0.38,11.0,2,female,1,2537.0593455999997,0,21
2179,-9999.0,-9999.0,-9999.0,-9999.0,-9999.0,-9999.0,-9999.0,-9999.0,-9999.0,orientation,size,color,0.38,11.0,2,female,1,2537.0593455999997,0,21
2180,-9999.0,-9999.0,-9999.0,-9999.0,-9999.0,-9999.0,-9999.0,-9999.0,-9999.0,orientation,size,color,0.38,11.0,2,female,1,2537.0593455999997,0,21
2181,-9999.0,-9999.0,-9999.0,-9999.0,-9999.0,-9999.0,-9999.0,-9999.0,-9999.0,orientation,size,color,0.38,11.0,2,female,1,2537.0593455999997,0,21
2182,-9999.0,-9999.0,-9999.0,-9999.0,-9999.0,-9999.0,-9999.0,-9999.0,-9999.0,orientation,size,color,0.38,11.0,2,female,1,2537.0593455999997,0,21
2183,-9999.0,-9999.0,-9999.0,-9999.0,-9999.0,-9999.0,-9999.0,-9999.0,-9999.0,orientation,size,color,0.38,11.0,2,female,1,2537.0593455999997,0,21
2184,-9999.0,-9999.0,-9999.0,-9999.0,-9999.0,-9999.0,-9999.0,-9999.0,-9999.0,orientation,size,color,0.38,11.0,2,female,1,2537.0593455999997,0,21
2185,-9999.0,-9999.0,-9999.0,-9999.0,-9999.0,-9999.0,-9999.0,-9999.0,-9999.0,orientation,size,color,0.38,11.0,2,female,1,2537.0593455999997,0,21
2186,-9999.0,-9999.0,-9999.0,-9999.0,-9999.0,-9999.0,-9999.0,-9999.0,-9999.0,orientation,size,color,0.38,11.0,2,female,1,2537.0593455999997,0,21
2187,-9999.0,-9999.0,-9999.0,-9999.0,-9999.0,-9999.0,-9999.0,-9999.0,-9999.0,orientation,size,color,0.38,11.0,2,female,1,2537.0593455999997,0,21
2188,-9999.0,-9999.0,-9999.0,-9999.0,-9999.0,-9999.0,-9999.0,-9999.0,-9999.0,orientation,size,color,0.38,11.0,2,female,1,2537.0593455999997,0,21
2189,-9999.0,-9999.0,-9999.0,-9999.0,-9999.0,-9999.0,-9999.0,-9999.0,-9999.0,orientation,size,color,0.38,11.0,2,female,1,2537.0593455999997,0,21
2190,-9999.0,-9999.0,-9999.0,-9999.0,-9999.0,-9999.0,-9999.0,-9999.0,-9999.0,orientation,size,color,0.38,11.0,2,female,1,2537.0593455999997,0,21
2191,-9999.0,-9999.0,-9999.0,-9999.0,-9999.0,-9999.0,-9999.0,-9999.0,-9999.0,orientation,size,color,0.38,11.0,2,female,1,2537.0593455999997,0,21
2192,-9999.0,-9999.0,-9999.0,-9999.0,-9999.0,-9999.0,-9999.0,-9999.0,-9999.0,orientation,size,color,0.38,11.0,2,female,1,2537.0593455999997,0,21
2193,-9999.0,-9999.0,-9999.0,-9999.0,-9999.0,-9999.0,-9999.0,-9999.0,-9999.0,orientation,size,color,0.38,11.0,2,female,1,2537.0593455999997,0,21
2194,-9999.0,-9999.0,-9999.0,-9999.0,-9999.0,-9999.0,-9999.0,-9999.0,-9999.0,orientation,size,color,0.38,11.0,2,female,1,2537.0593455999997,0,21
2195,-9999.0,-9999.0,-9999.0,-9999.0,-9999.0,-9999.0,-9999.0,-9999.0,-9999.0,orientation,size,color,0.38,11.0,2,female,1,2537.0593455999997,0,21
2196,-9999.0,-9999.0,-9999.0,-9999.0,-9999.0,-9999.0,-9999.0,-9999.0,-9999.0,orientation,size,color,0.38,11.0,2,female,1,2537.0593455999997,0,21
2197,-9999.0,-9999.0,-9999.0,-9999.0,-9999.0,-9999.0,-9999.0,-9999.0,-9999.0,orientation,size,color,0.38,11.0,2,female,1,2537.0593455999997,0,21
2198,-9999.0,-9999.0,-9999.0,-9999.0,-9999.0,-9999.0,-9999.0,-9999.0,-9999.0,orientation,size,color,0.38,11.0,2,female,1,2537.0593455999997,0,21
2199,-9999.0,-9999.0,-9999.0,-9999.0,-9999.0,-9999.0,-9999.0,-9999.0,-9999.0,orientation,size,color,0.38,11.0,2,female,1,2537.0593455999997,0,21
2200,-9999.0,-9999.0,-9999.0,-9999.0,-9999.0,-9999.0,-9999.0,-9999.0,-9999.0,orientation,size,color,0.38,11.0,2,female,1,2537.0593455999997,0,21
2201,-9999.0,-9999.0,-9999.0,-9999.0,-9999.0,-9999.0,-9999.0,-9999.0,-9999.0,orientation,size,color,0.38,11.0,2,female,1,2537.0593455999997,0,21
2202,-9999.0,-9999.0,-9999.0,-9999.0,-9999.0,-9999.0,-9999.0,-9999.0,-9999.0,orientation,size,color,0.38,11.0,2,female,1,2537.0593455999997,0,21
2203,-9999.0,-9999.0,-9999.0,-9999.0,-9999.0,-9999.0,-9999.0,-9999.0,-9999.0,orientation,size,color,0.38,11.0,2,female,1,2537.0593455999997,0,21
2204,-9999.0,-9999.0,-9999.0,-9999.0,-9999.0,-9999.0,-9999.0,-9999.0,-9999.0,orientation,size,color,0.38,11.0,2,female,1,2537.0593455999997,0,21
2205,-9999.0,-9999.0,-9999.0,-9999.0,-9999.0,-9999.0,-9999.0,-9999.0,-9999.0,orientation,size,color,0.38,11.0,2,female,1,2537.0593455999997,0,21
2206,-9999.0,-9999.0,-9999.0,-9999.0,-9999.0,-9999.0,-9999.0,-9999.0,-9999.0,orientation,size,color,0.38,11.0,2,female,1,2537.0593455999997,0,21
2207,-9999.0,-9999.0,-9999.0,-9999.0,-9999.0,-9999.0,-9999.0,-9999.0,-9999.0,orientation,size,color,0.38,11.0,2,female,1,2537.0593455999997,0,21
2208,-9999.0,-9999.0,-9999.0,-9999.0,-9999.0,-9999.0,-9999.0,-9999.0,-9999.0,orientation,size,color,0.38,11.0,2,female,1,2537.0593455999997,0,21
2209,-9999.0,-9999.0,-9999.0,-9999.0,-9999.0,-9999.0,-9999.0,-9999.0,-9999.0,orientation,size,color,0.38,11.0,2,female,1,2537.0593455999997,0,21
2210,-9999.0,-9999.0,-9999.0,-9999.0,-9999.0,-9999.0,-9999.0,-9999.0,-9999.0,orientation,size,color,0.38,11.0,2,female,1,2537.0593455999997,0,21
2211,-9999.0,-9999.0,-9999.0,-9999.0,-9999.0,-9999.0,-9999.0,-9999.0,-9999.0,orientation,size,color,0.38,11.0,2,female,1,2537.0593455999997,0,21
2212,-9999.0,-9999.0,-9999.0,-9999.0,-9999.0,-9999.0,-9999.0,-9999.0,-9999.0,orientation,size,color,0.38,11.0,2,female,1,2537.0593455999997,0,21
2213,-9999.0,-9999.0,-9999.0,-9999.0,-9999.0,-9999.0,-9999.0,-9999.0,-9999.0,orientation,size,color,0.38,11.0,2,female,1,2537.0593455999997,0,21
2214,-9999.0,-9999.0,-9999.0,-9999.0,-9999.0,-9999.0,-9999.0,-9999.0,-9999.0,orientation,size,color,0.38,11.0,2,female,1,2537.0593455999997,0,21
2215,-9999.0,-9999.0,-9999.0,-9999.0,-9999.0,-9999.0,-9999.0,-9999.0,-9999.0,orientation,size,color,0.38,11.0,2,female,1,2537.0593455999997,0,21
2216,-9999.0,-9999.0,-9999.0,-9999.0,-9999.0,-9999.0,-9999.0,-9999.0,-9999.0,orientation,size,color,0.38,11.0,2,female,1,2537.0593455999997,0,21
2217,-9999.0,-9999.0,-9999.0,-9999.0,-9999.0,-9999.0,-9999.0,-9999.0,-9999.0,orientation,size,color,0.38,11.0,2,female,1,2537.0593455999997,0,21
2218,-9999.0,-9999.0,-9999.0,-9999.0,-9999.0,-9999.0,-9999.0,-9999.0,-9999.0,orientation,size,color,0.38,11.0,2,female,1,2537.0593455999997,0,21
2219,-9999.0,-9999.0,-9999.0,-9999.0,-9999.0,-9999.0,-9999.0,-9999.0,-9999.0,orientation,size,color,0.38,11.0,2,female,1,2537.0593455999997,0,21
2220,-9999.0,-9999.0,-9999.0,-9999.0,-9999.0,-9999.0,-9999.0,-9999.0,-9999.0,orientation,size,color,0.38,11.0,2,female,1,2537.0593455999997,0,21
2221,-9999.0,-9999.0,-9999.0,-9999.0,-9999.0,-9999.0,-9999.0,-9999.0,-9999.0,orientation,size,color,0.38,11.0,2,female,1,2537.0593455999997,0,21
2222,-9999.0,-9999.0,-9999.0,-9999.0,-9999.0,-9999.0,-9999.0,-9999.0,-9999.0,orientation,size,color,0.38,11.0,2,female,1,2537.0593455999997,0,21
2223,-9999.0,-9999.0,-9999.0,-9999.0,-9999.0,-9999.0,-9999.0,-9999.0,-9999.0,orientation,size,color,0.38,11.0,2,female,1,2537.0593455999997,0,21
2224,-9999.0,-9999.0,-9999.0,-9999.0,-9999.0,-9999.0,-9999.0,-9999.0,-9999.0,orientation,size,color,0.38,11.0,2,female,1,2537.0593455999997,0,21
2225,-9999.0,-9999.0,-9999.0,-9999.0,-9999.0,-9999.0,-9999.0,-9999.0,-9999.0,orientation,size,color,0.38,11.0,2,female,1,2537.0593455999997,0,21
2226,-9999.0,-9999.0,-9999.0,-9999.0,-9999.0,-9999.0,-9999.0,-9999.0,-9999.0,orientation,size,color,0.38,11.0,2,female,1,2537.0593455999997,0,21
2227,-9999.0,-9999.0,-9999.0,-9999.0,-9999.0,-9999.0,-9999.0,-9999.0,-9999.0,orientation,size,color,0.38,11.0,2,female,1,2537.0593455999997,0,21
2228,-9999.0,-9999.0,-9999.0,-9999.0,-9999.0,-9999.0,-9999.0,-9999.0,-9999.0,orientation,size,color,0.38,11.0,2,female,1,2537.0593455999997,0,21
2229,-9999.0,-9999.0,-9999.0,-9999.0,-9999.0,-9999.0,-9999.0,-9999.0,-9999.0,orientation,size,color,0.38,11.0,2,female,1,2537.0593455999997,0,21
2230,-9999.0,-9999.0,-9999.0,-9999.0,-9999.0,-9999.0,-9999.0,-9999.0,-9999.0,orientation,size,color,0.38,11.0,2,female,1,2537.0593455999997,0,21
2231,-9999.0,-9999.0,-9999.0,-9999.0,-9999.0,-9999.0,-9999.0,-9999.0,-9999.0,orientation,size,color,0.38,11.0,2,female,1,2537.0593455999997,0,21
2232,-9999.0,-9999.0,-9999.0,-9999.0,-9999.0,-9999.0,-9999.0,-9999.0,-9999.0,orientation,size,color,0.38,11.0,2,female,1,2537.0593455999997,0,21
2233,-9999.0,-9999.0,-9999.0,-9999.0,-9999.0,-9999.0,-9999.0,-9999.0,-9999.0,orientation,size,color,0.38,11.0,2,female,1,2537.0593455999997,0,21
2234,-9999.0,-9999.0,-9999.0,-9999.0,-9999.0,-9999.0,-9999.0,-9999.0,-9999.0,orientation,size,color,0.38,11.0,2,female,1,2537.0593455999997,0,21
2235,-9999.0,-9999.0,-9999.0,-9999.0,-9999.0,-9999.0,-9999.0,-9999.0,-9999.0,orientation,size,color,0.38,11.0,2,female,1,2537.0593455999997,0,21
2236,-9999.0,-9999.0,-9999.0,-9999.0,-9999.0,-9999.0,-9999.0,-9999.0,-9999.0,orientation,size,color,0.38,11.0,2,female,1,2537.0593455999997,0,21
2237,-9999.0,-9999.0,-9999.0,-9999.0,-9999.0,-9999.0,-9999.0,-9999.0,-9999.0,orientation,size,color,0.38,11.0,2,female,1,2537.0593455999997,0,21
2238,-9999.0,-9999.0,-9999.0,-9999.0,-9999.0,-9999.0,-9999.0,-9999.0,-9999.0,orientation,size,color,0.38,11.0,2,female,1,2537.0593455999997,0,21
2239,-9999.0,-9999.0,-9999.0,-9999.0,-9999.0,-9999.0,-9999.0,-9999.0,-9999.0,orientation,size,color,0.38,11.0,2,female,1,2537.0593455999997,0,21
2240,-9999.0,-9999.0,-9999.0,-9999.0,-9999.0,-9999.0,-9999.0,-9999.0,-9999.0,orientation,size,color,0.38,11.0,2,female,1,2537.0593455999997,0,21
2241,-9999.0,-9999.0,-9999.0,-9999.0,-9999.0,-9999.0,-9999.0,-9999.0,-9999.0,orientation,size,color,0.38,11.0,2,female,1,2537.0593455999997,0,21
2242,-9999.0,-9999.0,-9999.0,-9999.0,-9999.0,-9999.0,-9999.0,-9999.0,-9999.0,orientation,size,color,0.38,11.0,2,female,1,2537.0593455999997,0,21
2243,-9999.0,-9999.0,-9999.0,-9999.0,-9999.0,-9999.0,-9999.0,-9999.0,-9999.0,orientation,size,color,0.38,11.0,2,female,1,2537.0593455999997,0,21
2244,-9999.0,-9999.0,-9999.0,-9999.0,-9999.0,-9999.0,-9999.0,-9999.0,-9999.0,orientation,size,color,0.38,11.0,2,female,1,2537.0593455999997,0,21
2245,-9999.0,-9999.0,-9999.0,-9999.0,-9999.0,-9999.0,-9999.0,-9999.0,-9999.0,orientation,size,color,0.38,11.0,2,female,1,2537.0593455999997,0,21
2246,-9999.0,-9999.0,-9999.0,-9999.0,-9999.0,-9999.0,-9999.0,-9999.0,-9999.0,orientation,size,color,0.38,11.0,2,female,1,2537.0593455999997,0,21
2247,-9999.0,-9999.0,-9999.0,-9999.0,-9999.0,-9999.0,-9999.0,-9999.0,-9999.0,orientation,size,color,0.38,11.0,2,female,1,2537.0593455999997,0,21
2248,-9999.0,-9999.0,-9999.0,-9999.0,-9999.0,-9999.0,-9999.0,-9999.0,-9999.0,orientation,size,color,0.38,11.0,2,female,1,2537.0593455999997,0,21
2249,-9999.0,-9999.0,-9999.0,-9999.0,-9999.0,-9999.0,-9999.0,-9999.0,-9999.0,orientation,size,color,0.38,11.0,2,female,1,2537.0593455999997,0,21
2250,-9999.0,-9999.0,-9999.0,-9999.0,-9999.0,-9999.0,-9999.0,-9999.0,-9999.0,orientation,size,color,0.38,11.0,2,female,1,2537.0593455999997,0,21
2251,-9999.0,-9999.0,-9999.0,-9999.0,-9999.0,-9999.0,-9999.0,-9999.0,-9999.0,orientation,size,color,0.38,11.0,2,female,1,2537.0593455999997,0,21
2252,-9999.0,-9999.0,-9999.0,-9999.0,-9999.0,-9999.0,-9999.0,-9999.0,-9999.0,orientation,size,color,0.38,11.0,2,female,1,2537.0593455999997,0,21
2253,-9999.0,-9999.0,-9999.0,-9999.0,-9999.0,-9999.0,-9999.0,-9999.0,-9999.0,orientation,size,color,0.38,11.0,2,female,1,2537.0593455999997,0,21
2254,-9999.0,-9999.0,-9999.0,-9999.0,-9999.0,-9999.0,-9999.0,-9999.0,-9999.0,orientation,size,color,0.38,11.0,2,female,1,2537.0593455999997,0,21
2255,-9999.0,-9999.0,-9999.0,-9999.0,-9999.0,-9999.0,-9999.0,-9999.0,-9999.0,orientation,size,color,0.38,11.0,2,female,1,2537.0593455999997,0,21
2256,-9999.0,-9999.0,-9999.0,-9999.0,-9999.0,-9999.0,-9999.0,-9999.0,-9999.0,orientation,size,color,0.38,11.0,2,female,1,2537.0593455999997,0,21
2257,-9999.0,-9999.0,-9999.0,-9999.0,-9999.0,-9999.0,-9999.0,-9999.0,-9999.0,orientation,size,color,0.38,11.0,2,female,1,2537.0593455999997,0,21
2258,-9999.0,-9999.0,-9999.0,-9999.0,-9999.0,-9999.0,-9999.0,-9999.0,-9999.0,orientation,size,color,0.38,11.0,2,female,1,2537.0593455999997,0,21
2259,-9999.0,-9999.0,-9999.0,-9999.0,-9999.0,-9999.0,-9999.0,-9999.0,-9999.0,orientation,size,color,0.38,11.0,2,female,1,2537.0593455999997,0,21
2260,-9999.0,-9999.0,-9999.0,-9999.0,-9999.0,-9999.0,-9999.0,-9999.0,-9999.0,orientation,size,color,0.38,11.0,2,female,1,2537.0593455999997,0,21
2261,-9999.0,-9999.0,-9999.0,-9999.0,-9999.0,-9999.0,-9999.0,-9999.0,-9999.0,orientation,size,color,0.38,11.0,2,female,1,2537.0593455999997,0,21
2262,-9999.0,-9999.0,-9999.0,-9999.0,-9999.0,-9999.0,-9999.0,-9999.0,-9999.0,orientation,size,color,0.38,11.0,2,female,1,2537.0593455999997,0,21
2263,-9999.0,-9999.0,-9999.0,-9999.0,-9999.0,-9999.0,-9999.0,-9999.0,-9999.0,orientation,size,color,0.38,11.0,2,female,1,2537.0593455999997,0,21
2264,-9999.0,-9999.0,-9999.0,-9999.0,-9999.0,-9999.0,-9999.0,-9999.0,-9999.0,orientation,size,color,0.38,11.0,2,female,1,2537.0593455999997,0,21
2265,-9999.0,-9999.0,-9999.0,-9999.0,-9999.0,-9999.0,-9999.0,-9999.0,-9999.0,orientation,size,color,0.38,11.0,2,female,1,2537.0593455999997,0,21
2266,-9999.0,-9999.0,-9999.0,-9999.0,-9999.0,-9999.0,-9999.0,-9999.0,-9999.0,orientation,size,color,0.38,11.0,2,female,1,2537.0593455999997,0,21
2267,-9999.0,-9999.0,-9999.0,-9999.0,-9999.0,-9999.0,-9999.0,-9999.0,-9999.0,orientation,size,color,0.38,11.0,2,female,1,2537.0593455999997,0,21
2268,-9999.0,-9999.0,-9999.0,-9999.0,-9999.0,-9999.0,-9999.0,-9999.0,-9999.0,orientation,size,color,0.38,11.0,2,female,1,2537.0593455999997,0,21
2269,-9999.0,-9999.0,-9999.0,-9999.0,-9999.0,-9999.0,-9999.0,-9999.0,-9999.0,orientation,size,color,0.38,11.0,2,female,1,2537.0593455999997,0,21
2270,-9999.0,-9999.0,-9999.0,-9999.0,-9999.0,-9999.0,-9999.0,-9999.0,-9999.0,orientation,size,color,0.38,11.0,2,female,1,2537.0593455999997,0,21
2271,-9999.0,-9999.0,-9999.0,-9999.0,-9999.0,-9999.0,-9999.0,-9999.0,-9999.0,orientation,size,color,0.38,11.0,2,female,1,2537.0593455999997,0,21
2272,-9999.0,-9999.0,-9999.0,-9999.0,-9999.0,-9999.0,-9999.0,-9999.0,-9999.0,orientation,size,color,0.38,11.0,2,female,1,2537.0593455999997,0,21
2273,-9999.0,-9999.0,-9999.0,-9999.0,-9999.0,-9999.0,-9999.0,-9999.0,-9999.0,orientation,size,color,0.38,11.0,2,female,1,2537.0593455999997,0,21
2274,-9999.0,-9999.0,-9999.0,-9999.0,-9999.0,-9999.0,-9999.0,-9999.0,-9999.0,orientation,size,color,0.38,11.0,2,female,1,2537.0593455999997,0,21
2275,-9999.0,-9999.0,-9999.0,-9999.0,-9999.0,-9999.0,-9999.0,-9999.0,-9999.0,orientation,size,color,0.38,11.0,2,female,1,2537.0593455999997,0,21
2276,-9999.0,-9999.0,-9999.0,-9999.0,-9999.0,-9999.0,-9999.0,-9999.0,-9999.0,orientation,size,color,0.38,11.0,2,female,1,2537.0593455999997,0,21
2277,-9999.0,-9999.0,-9999.0,-9999.0,-9999.0,-9999.0,-9999.0,-9999.0,-9999.0,orientation,size,color,0.38,11.0,2,female,1,2537.0593455999997,0,21
2278,-9999.0,-9999.0,-9999.0,-9999.0,-9999.0,-9999.0,-9999.0,-9999.0,-9999.0,orientation,size,color,0.38,11.0,2,female,1,2537.0593455999997,0,21
2279,-9999.0,-9999.0,-9999.0,-9999.0,-9999.0,-9999.0,-9999.0,-9999.0,-9999.0,orientation,size,color,0.38,11.0,2,female,1,2537.0593455999997,0,21
2280,-9999.0,-9999.0,-9999.0,-9999.0,-9999.0,-9999.0,-9999.0,-9999.0,-9999.0,orientation,size,color,0.38,11.0,2,female,1,2537.0593455999997,0,21
2281,-9999.0,-9999.0,-9999.0,-9999.0,-9999.0,-9999.0,-9999.0,-9999.0,-9999.0,orientation,size,color,0.38,11.0,2,female,1,2537.0593455999997,0,21
2282,-9999.0,-9999.0,-9999.0,-9999.0,-9999.0,-9999.0,-9999.0,-9999.0,-9999.0,orientation,size,color,0.38,11.0,2,female,1,2537.0593455999997,0,21
2283,-9999.0,-9999.0,-9999.0,-9999.0,-9999.0,-9999.0,-9999.0,-9999.0,-9999.0,orientation,size,color,0.38,11.0,2,female,1,2537.0593455999997,0,21
2284,-9999.0,-9999.0,-9999.0,-9999.0,-9999.0,-9999.0,-9999.0,-9999.0,-9999.0,orientation,size,color,0.38,11.0,2,female,1,2537.0593455999997,0,21
2285,-9999.0,-9999.0,-9999.0,-9999.0,-9999.0,-9999.0,-9999.0,-9999.0,-9999.0,orientation,size,color,0.38,11.0,2,female,1,2537.0593455999997,0,21
2286,-9999.0,-9999.0,-9999.0,-9999.0,-9999.0,-9999.0,-9999.0,-9999.0,-9999.0,orientation,size,color,0.38,11.0,2,female,1,2537.0593455999997,0,21
2287,-9999.0,-9999.0,-9999.0,-9999.0,-9999.0,-9999.0,-9999.0,-9999.0,-9999.0,orientation,size,color,0.38,11.0,2,female,1,2537.0593455999997,0,21
2288,-9999.0,-9999.0,-9999.0,-9999.0,-9999.0,-9999.0,-9999.0,-9999.0,-9999.0,orientation,size,color,0.38,11.0,2,female,1,2537.0593455999997,0,21
2289,-9999.0,-9999.0,-9999.0,-9999.0,-9999.0,-9999.0,-9999.0,-9999.0,-9999.0,orientation,size,color,0.38,11.0,2,female,1,2537.0593455999997,0,21
2290,-9999.0,-9999.0,-9999.0,-9999.0,-9999.0,-9999.0,-9999.0,-9999.0,-9999.0,orientation,size,color,0.38,11.0,2,female,1,2537.0593455999997,0,21
2291,-9999.0,-9999.0,-9999.0,-9999.0,-9999.0,-9999.0,-9999.0,-9999.0,-9999.0,orientation,size,color,0.38,11.0,2,female,1,2537.0593455999997,0,21
2292,-9999.0,-9999.0,-9999.0,-9999.0,-9999.0,-9999.0,-9999.0,-9999.0,-9999.0,orientation,size,color,0.38,11.0,2,female,1,2537.0593455999997,0,21
2293,-9999.0,-9999.0,-9999.0,-9999.0,-9999.0,-9999.0,-9999.0,-9999.0,-9999.0,orientation,size,color,0.38,11.0,2,female,1,2537.0593455999997,0,21
2294,-9999.0,-9999.0,-9999.0,-9999.0,-9999.0,-9999.0,-9999.0,-9999.0,-9999.0,orientation,size,color,0.38,11.0,2,female,1,2537.0593455999997,0,21
2295,-9999.0,-9999.0,-9999.0,-9999.0,-9999.0,-9999.0,-9999.0,-9999.0,-9999.0,orientation,size,color,0.38,11.0,2,female,1,2537.0593455999997,0,21
2296,-9999.0,-9999.0,-9999.0,-9999.0,-9999.0,-9999.0,-9999.0,-9999.0,-9999.0,orientation,size,color,0.38,11.0,2,female,1,2537.0593455999997,0,21
2297,-9999.0,-9999.0,-9999.0,-9999.0,-9999.0,-9999.0,-9999.0,-9999.0,-9999.0,orientation,size,color,0.38,11.0,2,female,1,2537.0593455999997,0,21
2298,-9999.0,-9999.0,-9999.0,-9999.0,-9999.0,-9999.0,-9999.0,-9999.0,-9999.0,orientation,size,color,0.38,11.0,2,female,1,2537.0593455999997,0,21
2299,-9999.0,-9999.0,-9999.0,-9999.0,-9999.0,-9999.0,-9999.0,-9999.0,-9999.0,orientation,size,color,0.38,11.0,2,female,1,2537.0593455999997,0,21
2300,-9999.0,-9999.0,-9999.0,-9999.0,-9999.0,-9999.0,-9999.0,-9999.0,-9999.0,orientation,size,color,0.38,11.0,2,female,1,2537.0593455999997,0,21
2301,-9999.0,-9999.0,-9999.0,-9999.0,-9999.0,-9999.0,-9999.0,-9999.0,-9999.0,orientation,size,color,0.38,11.0,2,female,1,2537.0593455999997,0,21
2302,-9999.0,-9999.0,-9999.0,-9999.0,-9999.0,-9999.0,-9999.0,-9999.0,-9999.0,orientation,size,color,0.38,11.0,2,female,1,2537.0593455999997,0,21
2303,-9999.0,-9999.0,-9999.0,-9999.0,-9999.0,-9999.0,-9999.0,-9999.0,-9999.0,orientation,size,color,0.38,11.0,2,female,1,2537.0593455999997,0,21
2304,-9999.0,-9999.0,-9999.0,-9999.0,-9999.0,-9999.0,-9999.0,-9999.0,-9999.0,orientation,size,color,0.38,11.0,2,female,1,2537.0593455999997,0,21
2305,-9999.0,-9999.0,-9999.0,-9999.0,-9999.0,-9999.0,-9999.0,-9999.0,-9999.0,orientation,size,color,0.38,11.0,2,female,1,2537.0593455999997,0,21
2306,-9999.0,-9999.0,-9999.0,-9999.0,-9999.0,-9999.0,-9999.0,-9999.0,-9999.0,orientation,size,color,0.38,11.0,2,female,1,2537.0593455999997,0,21
2307,-9999.0,-9999.0,-9999.0,-9999.0,-9999.0,-9999.0,-9999.0,-9999.0,-9999.0,orientation,size,color,0.38,11.0,2,female,1,2537.0593455999997,0,21
2308,-9999.0,-9999.0,-9999.0,-9999.0,-9999.0,-9999.0,-9999.0,-9999.0,-9999.0,orientation,size,color,0.38,11.0,2,female,1,2537.0593455999997,0,21
2309,-9999.0,-9999.0,-9999.0,-9999.0,-9999.0,-9999.0,-9999.0,-9999.0,-9999.0,orientation,size,color,0.38,11.0,2,female,1,2537.0593455999997,0,21
2310,-9999.0,-9999.0,-9999.0,-9999.0,-9999.0,-9999.0,-9999.0,-9999.0,-9999.0,orientation,size,color,0.38,11.0,2,female,1,2537.0593455999997,0,21
2311,-9999.0,-9999.0,-9999.0,-9999.0,-9999.0,-9999.0,-9999.0,-9999.0,-9999.0,orientation,size,color,0.38,11.0,2,female,1,2537.0593455999997,0,21
2312,-9999.0,-9999.0,-9999.0,-9999.0,-9999.0,-9999.0,-9999.0,-9999.0,-9999.0,orientation,size,color,0.38,11.0,2,female,1,2537.0593455999997,0,21
2313,-9999.0,-9999.0,-9999.0,-9999.0,-9999.0,-9999.0,-9999.0,-9999.0,-9999.0,orientation,size,color,0.38,11.0,2,female,1,2537.0593455999997,0,21
2314,-9999.0,-9999.0,-9999.0,-9999.0,-9999.0,-9999.0,-9999.0,-9999.0,-9999.0,orientation,size,color,0.38,11.0,2,female,1,2537.0593455999997,0,21
2315,-9999.0,-9999.0,-9999.0,-9999.0,-9999.0,-9999.0,-9999.0,-9999.0,-9999.0,orientation,size,color,0.38,11.0,2,female,1,2537.0593455999997,0,21
2316,-9999.0,-9999.0,-9999.0,-9999.0,-9999.0,-9999.0,-9999.0,-9999.0,-9999.0,orientation,size,color,0.38,11.0,2,female,1,2537.0593455999997,0,21
2317,-9999.0,-9999.0,-9999.0,-9999.0,-9999.0,-9999.0,-9999.0,-9999.0,-9999.0,orientation,size,color,0.38,11.0,2,female,1,2537.0593455999997,0,21
2318,-9999.0,-9999.0,-9999.0,-9999.0,-9999.0,-9999.0,-9999.0,-9999.0,-9999.0,orientation,size,color,0.38,11.0,2,female,1,2537.0593455999997,0,21
2319,-9999.0,-9999.0,-9999.0,-9999.0,-9999.0,-9999.0,-9999.0,-9999.0,-9999.0,orientation,size,color,0.38,11.0,2,female,1,2537.0593455999997,0,21
2320,-9999.0,-9999.0,-9999.0,-9999.0,-9999.0,-9999.0,-9999.0,-9999.0,-9999.0,orientation,size,color,0.38,11.0,2,female,1,2537.0593455999997,0,21
2321,-9999.0,-9999.0,-9999.0,-9999.0,-9999.0,-9999.0,-9999.0,-9999.0,-9999.0,orientation,size,color,0.38,11.0,2,female,1,2537.0593455999997,0,21
2322,-9999.0,-9999.0,-9999.0,-9999.0,-9999.0,-9999.0,-9999.0,-9999.0,-9999.0,orientation,size,color,0.38,11.0,2,female,1,2537.0593455999997,0,21
2323,-9999.0,-9999.0,-9999.0,-9999.0,-9999.0,-9999.0,-9999.0,-9999.0,-9999.0,orientation,size,color,0.38,11.0,2,female,1,2537.0593455999997,0,21
2324,-9999.0,-9999.0,-9999.0,-9999.0,-9999.0,-9999.0,-9999.0,-9999.0,-9999.0,orientation,size,color,0.38,11.0,2,female,1,2537.0593455999997,0,21
2325,-9999.0,-9999.0,-9999.0,-9999.0,-9999.0,-9999.0,-9999.0,-9999.0,-9999.0,orientation,size,color,0.38,11.0,2,female,1,2537.0593455999997,0,21
2326,-9999.0,-9999.0,-9999.0,-9999.0,-9999.0,-9999.0,-9999.0,-9999.0,-9999.0,orientation,size,color,0.38,11.0,2,female,1,2537.0593455999997,0,21
2327,-9999.0,-9999.0,-9999.0,-9999.0,-9999.0,-9999.0,-9999.0,-9999.0,-9999.0,orientation,size,color,0.38,11.0,2,female,1,2537.0593455999997,0,21
2328,-9999.0,-9999.0,-9999.0,-9999.0,-9999.0,-9999.0,-9999.0,-9999.0,-9999.0,orientation,size,color,0.38,11.0,2,female,1,2537.0593455999997,0,21
2329,-9999.0,-9999.0,-9999.0,-9999.0,-9999.0,-9999.0,-9999.0,-9999.0,-9999.0,orientation,size,color,0.38,11.0,2,female,1,2537.0593455999997,0,21
2330,-9999.0,-9999.0,-9999.0,-9999.0,-9999.0,-9999.0,-9999.0,-9999.0,-9999.0,orientation,size,color,0.38,11.0,2,female,1,2537.0593455999997,0,21
2331,-9999.0,-9999.0,-9999.0,-9999.0,-9999.0,-9999.0,-9999.0,-9999.0,-9999.0,orientation,size,color,0.38,11.0,2,female,1,2537.0593455999997,0,21
2332,-9999.0,-9999.0,-9999.0,-9999.0,-9999.0,-9999.0,-9999.0,-9999.0,-9999.0,orientation,size,color,0.38,11.0,2,female,1,2537.0593455999997,0,21
2333,-9999.0,-9999.0,-9999.0,-9999.0,-9999.0,-9999.0,-9999.0,-9999.0,-9999.0,orientation,size,color,0.38,11.0,2,female,1,2537.0593455999997,0,21
2334,-9999.0,-9999.0,-9999.0,-9999.0,-9999.0,-9999.0,-9999.0,-9999.0,-9999.0,orientation,size,color,0.38,11.0,2,female,1,2537.0593455999997,0,21
2335,-9999.0,-9999.0,-9999.0,-9999.0,-9999.0,-9999.0,-9999.0,-9999.0,-9999.0,orientation,size,color,0.38,11.0,2,female,1,2537.0593455999997,0,21
2336,-9999.0,-9999.0,-9999.0,-9999.0,-9999.0,-9999.0,-9999.0,-9999.0,-9999.0,orientation,size,color,0.38,11.0,2,female,1,2537.0593455999997,0,21
2337,-9999.0,-9999.0,-9999.0,-9999.0,-9999.0,-9999.0,-9999.0,-9999.0,-9999.0,orientation,size,color,0.38,11.0,2,female,1,2537.0593455999997,0,21
2338,-9999.0,-9999.0,-9999.0,-9999.0,-9999.0,-9999.0,-9999.0,-9999.0,-9999.0,orientation,size,color,0.38,11.0,2,female,1,2537.0593455999997,0,21
2339,-9999.0,-9999.0,-9999.0,-9999.0,-9999.0,-9999.0,-9999.0,-9999.0,-9999.0,orientation,size,color,0.38,11.0,2,female,1,2537.0593455999997,0,21
2340,-9999.0,-9999.0,-9999.0,-9999.0,-9999.0,-9999.0,-9999.0,-9999.0,-9999.0,orientation,size,color,0.38,11.0,2,female,1,2537.0593455999997,0,21
2341,-9999.0,-9999.0,-9999.0,-9999.0,-9999.0,-9999.0,-9999.0,-9999.0,-9999.0,orientation,size,color,0.38,11.0,2,female,1,2537.0593455999997,0,21
2342,-9999.0,-9999.0,-9999.0,-9999.0,-9999.0,-9999.0,-9999.0,-9999.0,-9999.0,orientation,size,color,0.38,11.0,2,female,1,2537.0593455999997,0,21
2343,-9999.0,-9999.0,-9999.0,-9999.0,-9999.0,-9999.0,-9999.0,-9999.0,-9999.0,orientation,size,color,0.38,11.0,2,female,1,2537.0593455999997,0,21
2344,-9999.0,-9999.0,-9999.0,-9999.0,-9999.0,-9999.0,-9999.0,-9999.0,-9999.0,orientation,size,color,0.38,11.0,2,female,1,2537.0593455999997,0,21
2345,-9999.0,-9999.0,-9999.0,-9999.0,-9999.0,-9999.0,-9999.0,-9999.0,-9999.0,orientation,size,color,0.38,11.0,2,female,1,2537.0593455999997,0,21
2346,-9999.0,-9999.0,-9999.0,-9999.0,-9999.0,-9999.0,-9999.0,-9999.0,-9999.0,orientation,size,color,0.38,11.0,2,female,1,2537.0593455999997,0,21
2347,-9999.0,-9999.0,-9999.0,-9999.0,-9999.0,-9999.0,-9999.0,-9999.0,-9999.0,orientation,size,color,0.38,11.0,2,female,1,2537.0593455999997,0,21
2348,-9999.0,-9999.0,-9999.0,-9999.0,-9999.0,-9999.0,-9999.0,-9999.0,-9999.0,orientation,size,color,0.38,11.0,2,female,1,2537.0593455999997,0,21
2349,-9999.0,-9999.0,-9999.0,-9999.0,-9999.0,-9999.0,-9999.0,-9999.0,-9999.0,orientation,size,color,0.38,11.0,2,female,1,2537.0593455999997,0,21
2350,-9999.0,-9999.0,-9999.0,-9999.0,-9999.0,-9999.0,-9999.0,-9999.0,-9999.0,orientation,size,color,0.38,11.0,2,female,1,2537.0593455999997,0,21
2351,-9999.0,-9999.0,-9999.0,-9999.0,-9999.0,-9999.0,-9999.0,-9999.0,-9999.0,orientation,size,color,0.38,11.0,2,female,1,2537.0593455999997,0,21
2352,-9999.0,-9999.0,-9999.0,-9999.0,-9999.0,-9999.0,-9999.0,-9999.0,-9999.0,orientation,size,color,0.38,11.0,2,female,1,2537.0593455999997,0,21
2353,-9999.0,-9999.0,-9999.0,-9999.0,-9999.0,-9999.0,-9999.0,-9999.0,-9999.0,orientation,size,color,0.38,11.0,2,female,1,2537.0593455999997,0,21
2354,-9999.0,-9999.0,-9999.0,-9999.0,-9999.0,-9999.0,-9999.0,-9999.0,-9999.0,orientation,size,color,0.38,11.0,2,female,1,2537.0593455999997,0,21
2355,-9999.0,-9999.0,-9999.0,-9999.0,-9999.0,-9999.0,-9999.0,-9999.0,-9999.0,orientation,size,color,0.38,11.0,2,female,1,2537.0593455999997,0,21
2356,-9999.0,-9999.0,-9999.0,-9999.0,-9999.0,-9999.0,-9999.0,-9999.0,-9999.0,orientation,size,color,0.38,11.0,2,female,1,2537.0593455999997,0,21
2357,-9999.0,-9999.0,-9999.0,-9999.0,-9999.0,-9999.0,-9999.0,-9999.0,-9999.0,orientation,size,color,0.38,11.0,2,female,1,2537.0593455999997,0,21
2358,-9999.0,-9999.0,-9999.0,-9999.0,-9999.0,-9999.0,-9999.0,-9999.0,-9999.0,orientation,size,color,0.38,11.0,2,female,1,2537.0593455999997,0,21
2359,-9999.0,-9999.0,-9999.0,-9999.0,-9999.0,-9999.0,-9999.0,-9999.0,-9999.0,orientation,size,color,0.38,11.0,2,female,1,2537.0593455999997,0,21
2360,-9999.0,-9999.0,-9999.0,-9999.0,-9999.0,-9999.0,-9999.0,-9999.0,-9999.0,orientation,size,color,0.38,11.0,2,female,1,2537.0593455999997,0,21
2361,-9999.0,-9999.0,-9999.0,-9999.0,-9999.0,-9999.0,-9999.0,-9999.0,-9999.0,orientation,size,color,0.38,11.0,2,female,1,2537.0593455999997,0,21
2362,-9999.0,-9999.0,-9999.0,-9999.0,-9999.0,-9999.0,-9999.0,-9999.0,-9999.0,orientation,size,color,0.38,11.0,2,female,1,2537.0593455999997,0,21
2363,-9999.0,-9999.0,-9999.0,-9999.0,-9999.0,-9999.0,-9999.0,-9999.0,-9999.0,orientation,size,color,0.38,11.0,2,female,1,2537.0593455999997,0,21
2364,-9999.0,-9999.0,-9999.0,-9999.0,-9999.0,-9999.0,-9999.0,-9999.0,-9999.0,orientation,size,color,0.38,11.0,2,female,1,2537.0593455999997,0,21
2365,-9999.0,-9999.0,-9999.0,-9999.0,-9999.0,-9999.0,-9999.0,-9999.0,-9999.0,orientation,size,color,0.38,11.0,2,female,1,2537.0593455999997,0,21
2366,-9999.0,-9999.0,-9999.0,-9999.0,-9999.0,-9999.0,-9999.0,-9999.0,-9999.0,orientation,size,color,0.38,11.0,2,female,1,2537.0593455999997,0,21
2367,-9999.0,-9999.0,-9999.0,-9999.0,-9999.0,-9999.0,-9999.0,-9999.0,-9999.0,orientation,size,color,0.38,11.0,2,female,1,2537.0593455999997,0,21
2368,-9999.0,-9999.0,-9999.0,-9999.0,-9999.0,-9999.0,-9999.0,-9999.0,-9999.0,orientation,size,color,0.38,11.0,2,female,1,2537.0593455999997,0,21
2369,-9999.0,-9999.0,-9999.0,-9999.0,-9999.0,-9999.0,-9999.0,-9999.0,-9999.0,orientation,size,color,0.38,11.0,2,female,1,2537.0593455999997,0,21
2370,-9999.0,-9999.0,-9999.0,-9999.0,-9999.0,-9999.0,-9999.0,-9999.0,-9999.0,orientation,size,color,0.38,11.0,2,female,1,2537.0593455999997,0,21
2371,-9999.0,-9999.0,-9999.0,-9999.0,-9999.0,-9999.0,-9999.0,-9999.0,-9999.0,orientation,size,color,0.38,11.0,2,female,1,2537.0593455999997,0,21
2372,-9999.0,-9999.0,-9999.0,-9999.0,-9999.0,-9999.0,-9999.0,-9999.0,-9999.0,orientation,size,color,0.38,11.0,2,female,1,2537.0593455999997,0,21
2373,-9999.0,-9999.0,-9999.0,-9999.0,-9999.0,-9999.0,-9999.0,-9999.0,-9999.0,orientation,size,color,0.38,11.0,2,female,1,2537.0593455999997,0,21
2374,-9999.0,-9999.0,-9999.0,-9999.0,-9999.0,-9999.0,-9999.0,-9999.0,-9999.0,orientation,size,color,0.38,11.0,2,female,1,2537.0593455999997,0,21
2375,-9999.0,-9999.0,-9999.0,-9999.0,-9999.0,-9999.0,-9999.0,-9999.0,-9999.0,orientation,size,color,0.38,11.0,2,female,1,2537.0593455999997,0,21
2376,-9999.0,-9999.0,-9999.0,-9999.0,-9999.0,-9999.0,-9999.0,-9999.0,-9999.0,orientation,size,color,0.38,11.0,2,female,1,2537.0593455999997,0,21
2377,-9999.0,-9999.0,-9999.0,-9999.0,-9999.0,-9999.0,-9999.0,-9999.0,-9999.0,orientation,size,color,0.38,11.0,2,female,1,2537.0593455999997,0,21
2378,-9999.0,-9999.0,-9999.0,-9999.0,-9999.0,-9999.0,-9999.0,-9999.0,-9999.0,orientation,size,color,0.38,11.0,2,female,1,2537.0593455999997,0,21
2379,-9999.0,-9999.0,-9999.0,-9999.0,-9999.0,-9999.0,-9999.0,-9999.0,-9999.0,orientation,size,color,0.38,11.0,2,female,1,2537.0593455999997,0,21
2380,-9999.0,-9999.0,-9999.0,-9999.0,-9999.0,-9999.0,-9999.0,-9999.0,-9999.0,orientation,size,color,0.38,11.0,2,female,1,2537.0593455999997,0,21
2381,-9999.0,-9999.0,-9999.0,-9999.0,-9999.0,-9999.0,-9999.0,-9999.0,-9999.0,orientation,size,color,0.38,11.0,2,female,1,2537.0593455999997,0,21
2382,-9999.0,-9999.0,-9999.0,-9999.0,-9999.0,-9999.0,-9999.0,-9999.0,-9999.0,orientation,size,color,0.38,11.0,2,female,1,2537.0593455999997,0,21
2383,-9999.0,-9999.0,-9999.0,-9999.0,-9999.0,-9999.0,-9999.0,-9999.0,-9999.0,orientation,size,color,0.38,11.0,2,female,1,2537.0593455999997,0,21
2384,-9999.0,-9999.0,-9999.0,-9999.0,-9999.0,-9999.0,-9999.0,-9999.0,-9999.0,orientation,size,color,0.38,11.0,2,female,1,2537.0593455999997,0,21
2385,-9999.0,-9999.0,-9999.0,-9999.0,-9999.0,-9999.0,-9999.0,-9999.0,-9999.0,orientation,size,color,0.38,11.0,2,female,1,2537.0593455999997,0,21
2386,-9999.0,-9999.0,-9999.0,-9999.0,-9999.0,-9999.0,-9999.0,-9999.0,-9999.0,orientation,size,color,0.38,11.0,2,female,1,2537.0593455999997,0,21
2387,-9999.0,-9999.0,-9999.0,-9999.0,-9999.0,-9999.0,-9999.0,-9999.0,-9999.0,orientation,size,color,0.38,11.0,2,female,1,2537.0593455999997,0,21
2388,-9999.0,-9999.0,-9999.0,-9999.0,-9999.0,-9999.0,-9999.0,-9999.0,-9999.0,orientation,size,color,0.38,11.0,2,female,1,2537.0593455999997,0,21
2389,-9999.0,-9999.0,-9999.0,-9999.0,-9999.0,-9999.0,-9999.0,-9999.0,-9999.0,orientation,size,color,0.38,11.0,2,female,1,2537.0593455999997,0,21
2390,-9999.0,-9999.0,-9999.0,-9999.0,-9999.0,-9999.0,-9999.0,-9999.0,-9999.0,orientation,size,color,0.38,11.0,2,female,1,2537.0593455999997,0,21
2391,-9999.0,-9999.0,-9999.0,-9999.0,-9999.0,-9999.0,-9999.0,-9999.0,-9999.0,orientation,size,color,0.38,11.0,2,female,1,2537.0593455999997,0,21
2392,-9999.0,-9999.0,-9999.0,-9999.0,-9999.0,-9999.0,-9999.0,-9999.0,-9999.0,orientation,size,color,0.38,11.0,2,female,1,2537.0593455999997,0,21
2393,-9999.0,-9999.0,-9999.0,-9999.0,-9999.0,-9999.0,-9999.0,-9999.0,-9999.0,orientation,size,color,0.38,11.0,2,female,1,2537.0593455999997,0,21
2394,-9999.0,-9999.0,-9999.0,-9999.0,-9999.0,-9999.0,-9999.0,-9999.0,-9999.0,orientation,size,color,0.38,11.0,2,female,1,2537.0593455999997,0,21
2395,-9999.0,-9999.0,-9999.0,-9999.0,-9999.0,-9999.0,-9999.0,-9999.0,-9999.0,orientation,size,color,0.38,11.0,2,female,1,2537.0593455999997,0,21
2396,-9999.0,-9999.0,-9999.0,-9999.0,-9999.0,-9999.0,-9999.0,-9999.0,-9999.0,orientation,size,color,0.38,11.0,2,female,1,2537.0593455999997,0,21
2397,-9999.0,-9999.0,-9999.0,-9999.0,-9999.0,-9999.0,-9999.0,-9999.0,-9999.0,orientation,size,color,0.38,11.0,2,female,1,2537.0593455999997,0,21
2398,-9999.0,-9999.0,-9999.0,-9999.0,-9999.0,-9999.0,-9999.0,-9999.0,-9999.0,orientation,size,color,0.38,11.0,2,female,1,2537.0593455999997,0,21
2399,-9999.0,-9999.0,-9999.0,-9999.0,-9999.0,-9999.0,-9999.0,-9999.0,-9999.0,orientation,size,color,0.38,11.0,2,female,1,2537.0593455999997,0,21
2400,-9999.0,-9999.0,-9999.0,-9999.0,-9999.0,-9999.0,-9999.0,-9999.0,-9999.0,orientation,size,color,0.38,11.0,2,female,1,2537.0593455999997,0,21
2401,-9999.0,-9999.0,-9999.0,-9999.0,-9999.0,-9999.0,-9999.0,-9999.0,-9999.0,orientation,size,color,0.38,11.0,2,female,1,2537.0593455999997,0,21
2402,-9999.0,-9999.0,-9999.0,-9999.0,-9999.0,-9999.0,-9999.0,-9999.0,-9999.0,orientation,size,color,0.38,11.0,2,female,1,2537.0593455999997,0,21
2403,-9999.0,-9999.0,-9999.0,-9999.0,-9999.0,-9999.0,-9999.0,-9999.0,-9999.0,orientation,size,color,0.38,11.0,2,female,1,2537.0593455999997,0,21
2404,-9999.0,-9999.0,-9999.0,-9999.0,-9999.0,-9999.0,-9999.0,-9999.0,-9999.0,orientation,size,color,0.38,11.0,2,female,1,2537.0593455999997,0,21
2405,-9999.0,-9999.0,-9999.0,-9999.0,-9999.0,-9999.0,-9999.0,-9999.0,-9999.0,orientation,size,color,0.38,11.0,2,female,1,2537.0593455999997,0,21
2406,-9999.0,-9999.0,-9999.0,-9999.0,-9999.0,-9999.0,-9999.0,-9999.0,-9999.0,orientation,size,color,0.38,11.0,2,female,1,2537.0593455999997,0,21
2407,-9999.0,-9999.0,-9999.0,-9999.0,-9999.0,-9999.0,-9999.0,-9999.0,-9999.0,orientation,size,color,0.38,11.0,2,female,1,2537.0593455999997,0,21
2408,-9999.0,-9999.0,-9999.0,-9999.0,-9999.0,-9999.0,-9999.0,-9999.0,-9999.0,orientation,size,color,0.38,11.0,2,female,1,2537.0593455999997,0,21
2409,-9999.0,-9999.0,-9999.0,-9999.0,-9999.0,-9999.0,-9999.0,-9999.0,-9999.0,orientation,size,color,0.38,11.0,2,female,1,2537.0593455999997,0,21
2410,-9999.0,-9999.0,-9999.0,-9999.0,-9999.0,-9999.0,-9999.0,-9999.0,-9999.0,orientation,size,color,0.38,11.0,2,female,1,2537.0593455999997,0,21
2411,-9999.0,-9999.0,-9999.0,-9999.0,-9999.0,-9999.0,-9999.0,-9999.0,-9999.0,orientation,size,color,0.38,11.0,2,female,1,2537.0593455999997,0,21
2412,-9999.0,-9999.0,-9999.0,-9999.0,-9999.0,-9999.0,-9999.0,-9999.0,-9999.0,orientation,size,color,0.38,11.0,2,female,1,2537.0593455999997,0,21
2413,-9999.0,-9999.0,-9999.0,-9999.0,-9999.0,-9999.0,-9999.0,-9999.0,-9999.0,orientation,size,color,0.38,11.0,2,female,1,2537.0593455999997,0,21
2414,-9999.0,-9999.0,-9999.0,-9999.0,-9999.0,-9999.0,-9999.0,-9999.0,-9999.0,orientation,size,color,0.38,11.0,2,female,1,2537.0593455999997,0,21
2415,-9999.0,-9999.0,-9999.0,-9999.0,-9999.0,-9999.0,-9999.0,-9999.0,-9999.0,orientation,size,color,0.38,11.0,2,female,1,2537.0593455999997,0,21
2416,-9999.0,-9999.0,-9999.0,-9999.0,-9999.0,-9999.0,-9999.0,-9999.0,-9999.0,orientation,size,color,0.38,11.0,2,female,1,2537.0593455999997,0,21
2417,-9999.0,-9999.0,-9999.0,-9999.0,-9999.0,-9999.0,-9999.0,-9999.0,-9999.0,orientation,size,color,0.38,11.0,2,female,1,2537.0593455999997,0,21
2418,-9999.0,-9999.0,-9999.0,-9999.0,-9999.0,-9999.0,-9999.0,-9999.0,-9999.0,orientation,size,color,0.38,11.0,2,female,1,2537.0593455999997,0,21
2419,-9999.0,-9999.0,-9999.0,-9999.0,-9999.0,-9999.0,-9999.0,-9999.0,-9999.0,orientation,size,color,0.38,11.0,2,female,1,2537.0593455999997,0,21
2420,-9999.0,-9999.0,-9999.0,-9999.0,-9999.0,-9999.0,-9999.0,-9999.0,-9999.0,orientation,size,color,0.38,11.0,2,female,1,2537.0593455999997,0,21
2421,-9999.0,-9999.0,-9999.0,-9999.0,-9999.0,-9999.0,-9999.0,-9999.0,-9999.0,orientation,size,color,0.38,11.0,2,female,1,2537.0593455999997,0,21
2422,-9999.0,-9999.0,-9999.0,-9999.0,-9999.0,-9999.0,-9999.0,-9999.0,-9999.0,orientation,size,color,0.38,11.0,2,female,1,2537.0593455999997,0,21
2423,-9999.0,-9999.0,-9999.0,-9999.0,-9999.0,-9999.0,-9999.0,-9999.0,-9999.0,orientation,size,color,0.38,11.0,2,female,1,2537.0593455999997,0,21
2424,-9999.0,-9999.0,-9999.0,-9999.0,-9999.0,-9999.0,-9999.0,-9999.0,-9999.0,orientation,size,color,0.38,11.0,2,female,1,2537.0593455999997,0,21
2425,-9999.0,-9999.0,-9999.0,-9999.0,-9999.0,-9999.0,-9999.0,-9999.0,-9999.0,orientation,size,color,0.38,11.0,2,female,1,2537.0593455999997,0,21
2426,-9999.0,-9999.0,-9999.0,-9999.0,-9999.0,-9999.0,-9999.0,-9999.0,-9999.0,orientation,size,color,0.38,11.0,2,female,1,2537.0593455999997,0,21
2427,-9999.0,-9999.0,-9999.0,-9999.0,-9999.0,-9999.0,-9999.0,-9999.0,-9999.0,orientation,size,color,0.38,11.0,2,female,1,2537.0593455999997,0,21
2428,-9999.0,-9999.0,-9999.0,-9999.0,-9999.0,-9999.0,-9999.0,-9999.0,-9999.0,orientation,size,color,0.38,11.0,2,female,1,2537.0593455999997,0,21
2429,-9999.0,-9999.0,-9999.0,-9999.0,-9999.0,-9999.0,-9999.0,-9999.0,-9999.0,orientation,size,color,0.38,11.0,2,female,1,2537.0593455999997,0,21
2430,-9999.0,-9999.0,-9999.0,-9999.0,-9999.0,-9999.0,-9999.0,-9999.0,-9999.0,orientation,size,color,0.38,11.0,2,female,1,2537.0593455999997,0,21
2431,-9999.0,-9999.0,-9999.0,-9999.0,-9999.0,-9999.0,-9999.0,-9999.0,-9999.0,orientation,size,color,0.38,11.0,2,female,1,2537.0593455999997,0,21
2432,-9999.0,-9999.0,-9999.0,-9999.0,-9999.0,-9999.0,-9999.0,-9999.0,-9999.0,orientation,size,color,0.38,11.0,2,female,1,2537.0593455999997,0,21
2433,-9999.0,-9999.0,-9999.0,-9999.0,-9999.0,-9999.0,-9999.0,-9999.0,-9999.0,orientation,size,color,0.38,11.0,2,female,1,2537.0593455999997,0,21
2434,-9999.0,-9999.0,-9999.0,-9999.0,-9999.0,-9999.0,-9999.0,-9999.0,-9999.0,orientation,size,color,0.38,11.0,2,female,1,2537.0593455999997,0,21
2435,-9999.0,-9999.0,-9999.0,-9999.0,-9999.0,-9999.0,-9999.0,-9999.0,-9999.0,orientation,size,color,0.38,11.0,2,female,1,2537.0593455999997,0,21
2436,-9999.0,-9999.0,-9999.0,-9999.0,-9999.0,-9999.0,-9999.0,-9999.0,-9999.0,orientation,size,color,0.38,11.0,2,female,1,2537.0593455999997,0,21
2437,-9999.0,-9999.0,-9999.0,-9999.0,-9999.0,-9999.0,-9999.0,-9999.0,-9999.0,orientation,size,color,0.38,11.0,2,female,1,2537.0593455999997,0,21
2438,-9999.0,-9999.0,-9999.0,-9999.0,-9999.0,-9999.0,-9999.0,-9999.0,-9999.0,orientation,size,color,0.38,11.0,2,female,1,2537.0593455999997,0,21
2439,-9999.0,-9999.0,-9999.0,-9999.0,-9999.0,-9999.0,-9999.0,-9999.0,-9999.0,orientation,size,color,0.38,11.0,2,female,1,2537.0593455999997,0,21
2440,-9999.0,-9999.0,-9999.0,-9999.0,-9999.0,-9999.0,-9999.0,-9999.0,-9999.0,orientation,size,color,0.38,11.0,2,female,1,2537.0593455999997,0,21
2441,-9999.0,-9999.0,-9999.0,-9999.0,-9999.0,-9999.0,-9999.0,-9999.0,-9999.0,orientation,size,color,0.38,11.0,2,female,1,2537.0593455999997,0,21
2442,-9999.0,-9999.0,-9999.0,-9999.0,-9999.0,-9999.0,-9999.0,-9999.0,-9999.0,orientation,size,color,0.38,11.0,2,female,1,2537.0593455999997,0,21
2443,-9999.0,-9999.0,-9999.0,-9999.0,-9999.0,-9999.0,-9999.0,-9999.0,-9999.0,orientation,size,color,0.38,11.0,2,female,1,2537.0593455999997,0,21
2444,-9999.0,-9999.0,-9999.0,-9999.0,-9999.0,-9999.0,-9999.0,-9999.0,-9999.0,orientation,size,color,0.38,11.0,2,female,1,2537.0593455999997,0,21
2445,-9999.0,-9999.0,-9999.0,-9999.0,-9999.0,-9999.0,-9999.0,-9999.0,-9999.0,orientation,size,color,0.38,11.0,2,female,1,2537.0593455999997,0,21
2446,-9999.0,-9999.0,-9999.0,-9999.0,-9999.0,-9999.0,-9999.0,-9999.0,-9999.0,orientation,size,color,0.38,11.0,2,female,1,2537.0593455999997,0,21
2447,-9999.0,-9999.0,-9999.0,-9999.0,-9999.0,-9999.0,-9999.0,-9999.0,-9999.0,orientation,size,color,0.38,11.0,2,female,1,2537.0593455999997,0,21
2448,-9999.0,-9999.0,-9999.0,-9999.0,-9999.0,-9999.0,-9999.0,-9999.0,-9999.0,orientation,size,color,0.38,11.0,2,female,1,2537.0593455999997,0,21
2449,-9999.0,-9999.0,-9999.0,-9999.0,-9999.0,-9999.0,-9999.0,-9999.0,-9999.0,orientation,size,color,0.38,11.0,2,female,1,2537.0593455999997,0,21
2450,-9999.0,-9999.0,-9999.0,-9999.0,-9999.0,-9999.0,-9999.0,-9999.0,-9999.0,orientation,size,color,0.38,11.0,2,female,1,2537.0593455999997,0,21
2451,-9999.0,-9999.0,-9999.0,-9999.0,-9999.0,-9999.0,-9999.0,-9999.0,-9999.0,orientation,size,color,0.38,11.0,2,female,1,2537.0593455999997,0,21
2452,-9999.0,-9999.0,-9999.0,-9999.0,-9999.0,-9999.0,-9999.0,-9999.0,-9999.0,orientation,size,color,0.38,11.0,2,female,1,2537.0593455999997,0,21
2453,-9999.0,-9999.0,-9999.0,-9999.0,-9999.0,-9999.0,-9999.0,-9999.0,-9999.0,orientation,size,color,0.38,11.0,2,female,1,2537.0593455999997,0,21
2454,-9999.0,-9999.0,-9999.0,-9999.0,-9999.0,-9999.0,-9999.0,-9999.0,-9999.0,orientation,size,color,0.38,11.0,2,female,1,2537.0593455999997,0,21
2455,-9999.0,-9999.0,-9999.0,-9999.0,-9999.0,-9999.0,-9999.0,-9999.0,-9999.0,orientation,size,color,0.38,11.0,2,female,1,2537.0593455999997,0,21
2456,-9999.0,-9999.0,-9999.0,-9999.0,-9999.0,-9999.0,-9999.0,-9999.0,-9999.0,orientation,size,color,0.38,11.0,2,female,1,2537.0593455999997,0,21
2457,-9999.0,-9999.0,-9999.0,-9999.0,-9999.0,-9999.0,-9999.0,-9999.0,-9999.0,orientation,size,color,0.38,11.0,2,female,1,2537.0593455999997,0,21
2458,-9999.0,-9999.0,-9999.0,-9999.0,-9999.0,-9999.0,-9999.0,-9999.0,-9999.0,orientation,size,color,0.38,11.0,2,female,1,2537.0593455999997,0,21
2459,-9999.0,-9999.0,-9999.0,-9999.0,-9999.0,-9999.0,-9999.0,-9999.0,-9999.0,orientation,size,color,0.38,11.0,2,female,1,2537.0593455999997,0,21
2460,-9999.0,-9999.0,-9999.0,-9999.0,-9999.0,-9999.0,-9999.0,-9999.0,-9999.0,orientation,size,color,0.38,11.0,2,female,1,2537.0593455999997,0,21
2461,-9999.0,-9999.0,-9999.0,-9999.0,-9999.0,-9999.0,-9999.0,-9999.0,-9999.0,orientation,size,color,0.38,11.0,2,female,1,2537.0593455999997,0,21
2462,-9999.0,-9999.0,-9999.0,-9999.0,-9999.0,-9999.0,-9999.0,-9999.0,-9999.0,orientation,size,color,0.38,11.0,2,female,1,2537.0593455999997,0,21
2463,-9999.0,-9999.0,-9999.0,-9999.0,-9999.0,-9999.0,-9999.0,-9999.0,-9999.0,orientation,size,color,0.38,11.0,2,female,1,2537.0593455999997,0,21
2464,-9999.0,-9999.0,-9999.0,-9999.0,-9999.0,-9999.0,-9999.0,-9999.0,-9999.0,orientation,size,color,0.38,11.0,2,female,1,2537.0593455999997,0,21
2465,-9999.0,-9999.0,-9999.0,-9999.0,-9999.0,-9999.0,-9999.0,-9999.0,-9999.0,orientation,size,color,0.38,11.0,2,female,1,2537.0593455999997,0,21
2466,-9999.0,-9999.0,-9999.0,-9999.0,-9999.0,-9999.0,-9999.0,-9999.0,-9999.0,orientation,size,color,0.38,11.0,2,female,1,2537.0593455999997,0,21
2467,-9999.0,-9999.0,-9999.0,-9999.0,-9999.0,-9999.0,-9999.0,-9999.0,-9999.0,orientation,size,color,0.38,11.0,2,female,1,2537.0593455999997,0,21
2468,-9999.0,-9999.0,-9999.0,-9999.0,-9999.0,-9999.0,-9999.0,-9999.0,-9999.0,orientation,size,color,0.38,11.0,2,female,1,2537.0593455999997,0,21
2469,-9999.0,-9999.0,-9999.0,-9999.0,-9999.0,-9999.0,-9999.0,-9999.0,-9999.0,orientation,size,color,0.38,11.0,2,female,1,2537.0593455999997,0,21
2470,-9999.0,-9999.0,-9999.0,-9999.0,-9999.0,-9999.0,-9999.0,-9999.0,-9999.0,orientation,size,color,0.38,11.0,2,female,1,2537.0593455999997,0,21
2471,-9999.0,-9999.0,-9999.0,-9999.0,-9999.0,-9999.0,-9999.0,-9999.0,-9999.0,orientation,size,color,0.38,11.0,2,female,1,2537.0593455999997,0,21
2472,-9999.0,-9999.0,-9999.0,-9999.0,-9999.0,-9999.0,-9999.0,-9999.0,-9999.0,orientation,size,color,0.38,11.0,2,female,1,2537.0593455999997,0,21
2473,-9999.0,-9999.0,-9999.0,-9999.0,-9999.0,-9999.0,-9999.0,-9999.0,-9999.0,orientation,size,color,0.38,11.0,2,female,1,2537.0593455999997,0,21
2474,-9999.0,-9999.0,-9999.0,-9999.0,-9999.0,-9999.0,-9999.0,-9999.0,-9999.0,orientation,size,color,0.38,11.0,2,female,1,2537.0593455999997,0,21
2475,-9999.0,-9999.0,-9999.0,-9999.0,-9999.0,-9999.0,-9999.0,-9999.0,-9999.0,orientation,size,color,0.38,11.0,2,female,1,2537.0593455999997,0,21
2476,-9999.0,-9999.0,-9999.0,-9999.0,-9999.0,-9999.0,-9999.0,-9999.0,-9999.0,orientation,size,color,0.38,11.0,2,female,1,2537.0593455999997,0,21
2477,-9999.0,-9999.0,-9999.0,-9999.0,-9999.0,-9999.0,-9999.0,-9999.0,-9999.0,orientation,size,color,0.38,11.0,2,female,1,2537.0593455999997,0,21
2478,-9999.0,-9999.0,-9999.0,-9999.0,-9999.0,-9999.0,-9999.0,-9999.0,-9999.0,orientation,size,color,0.38,11.0,2,female,1,2537.0593455999997,0,21
2479,-9999.0,-9999.0,-9999.0,-9999.0,-9999.0,-9999.0,-9999.0,-9999.0,-9999.0,orientation,size,color,0.38,11.0,2,female,1,2537.0593455999997,0,21
2480,-9999.0,-9999.0,-9999.0,-9999.0,-9999.0,-9999.0,-9999.0,-9999.0,-9999.0,orientation,size,color,0.38,11.0,2,female,1,2537.0593455999997,0,21
2481,-9999.0,-9999.0,-9999.0,-9999.0,-9999.0,-9999.0,-9999.0,-9999.0,-9999.0,orientation,size,color,0.38,11.0,2,female,1,2537.0593455999997,0,21
2482,-9999.0,-9999.0,-9999.0,-9999.0,-9999.0,-9999.0,-9999.0,-9999.0,-9999.0,orientation,size,color,0.38,11.0,2,female,1,2537.0593455999997,0,21
2483,-9999.0,-9999.0,-9999.0,-9999.0,-9999.0,-9999.0,-9999.0,-9999.0,-9999.0,orientation,size,color,0.38,11.0,2,female,1,2537.0593455999997,0,21
2484,-9999.0,-9999.0,-9999.0,-9999.0,-9999.0,-9999.0,-9999.0,-9999.0,-9999.0,orientation,size,color,0.38,11.0,2,female,1,2537.0593455999997,0,21
2485,-9999.0,-9999.0,-9999.0,-9999.0,-9999.0,-9999.0,-9999.0,-9999.0,-9999.0,orientation,size,color,0.38,11.0,2,female,1,2537.0593455999997,0,21
2486,-9999.0,-9999.0,-9999.0,-9999.0,-9999.0,-9999.0,-9999.0,-9999.0,-9999.0,orientation,size,color,0.38,11.0,2,female,1,2537.0593455999997,0,21
2487,-9999.0,-9999.0,-9999.0,-9999.0,-9999.0,-9999.0,-9999.0,-9999.0,-9999.0,orientation,size,color,0.38,11.0,2,female,1,2537.0593455999997,0,21
2488,-9999.0,-9999.0,-9999.0,-9999.0,-9999.0,-9999.0,-9999.0,-9999.0,-9999.0,orientation,size,color,0.38,11.0,2,female,1,2537.0593455999997,0,21
2489,-9999.0,-9999.0,-9999.0,-9999.0,-9999.0,-9999.0,-9999.0,-9999.0,-9999.0,orientation,size,color,0.38,11.0,2,female,1,2537.0593455999997,0,21
2490,-9999.0,-9999.0,-9999.0,-9999.0,-9999.0,-9999.0,-9999.0,-9999.0,-9999.0,orientation,size,color,0.38,11.0,2,female,1,2537.0593455999997,0,21
2491,-9999.0,-9999.0,-9999.0,-9999.0,-9999.0,-9999.0,-9999.0,-9999.0,-9999.0,orientation,size,color,0.38,11.0,2,female,1,2537.0593455999997,0,21
2492,-9999.0,-9999.0,-9999.0,-9999.0,-9999.0,-9999.0,-9999.0,-9999.0,-9999.0,orientation,size,color,0.38,11.0,2,female,1,2537.0593455999997,0,21
2493,-9999.0,-9999.0,-9999.0,-9999.0,-9999.0,-9999.0,-9999.0,-9999.0,-9999.0,orientation,size,color,0.38,11.0,2,female,1,2537.0593455999997,0,21
2494,-9999.0,-9999.0,-9999.0,-9999.0,-9999.0,-9999.0,-9999.0,-9999.0,-9999.0,orientation,size,color,0.38,11.0,2,female,1,2537.0593455999997,0,21
2495,-9999.0,-9999.0,-9999.0,-9999.0,-9999.0,-9999.0,-9999.0,-9999.0,-9999.0,orientation,size,color,0.38,11.0,2,female,1,2537.0593455999997,0,21
2496,-9999.0,-9999.0,-9999.0,-9999.0,-9999.0,-9999.0,-9999.0,-9999.0,-9999.0,orientation,size,color,0.38,11.0,2,female,1,2537.0593455999997,0,21
2497,-9999.0,-9999.0,-9999.0,-9999.0,-9999.0,-9999.0,-9999.0,-9999.0,-9999.0,orientation,size,color,0.38,11.0,2,female,1,2537.0593455999997,0,21
2498,-9999.0,-9999.0,-9999.0,-9999.0,-9999.0,-9999.0,-9999.0,-9999.0,-9999.0,orientation,size,color,0.38,11.0,2,female,1,2537.0593455999997,0,21
2499,-9999.0,-9999.0,-9999.0,-9999.0,-9999.0,-9999.0,-9999.0,-9999.0,-9999.0,orientation,size,color,0.38,11.0,2,female,1,2537.0593455999997,0,21
2500,-9999.0,-9999.0,-9999.0,-9999.0,-9999.0,-9999.0,-9999.0,-9999.0,-9999.0,orientation,size,color,0.38,11.0,2,female,1,2537.0593455999997,0,21
2501,-9999.0,-9999.0,-9999.0,-9999.0,-9999.0,-9999.0,-9999.0,-9999.0,-9999.0,orientation,size,color,0.38,11.0,2,female,1,2537.0593455999997,0,21
2502,-9999.0,-9999.0,-9999.0,-9999.0,-9999.0,-9999.0,-9999.0,-9999.0,-9999.0,orientation,size,color,0.38,11.0,2,female,1,2537.0593455999997,0,21
2503,-9999.0,-9999.0,-9999.0,-9999.0,-9999.0,-9999.0,-9999.0,-9999.0,-9999.0,orientation,size,color,0.38,11.0,2,female,1,2537.0593455999997,0,21
2504,-9999.0,-9999.0,-9999.0,-9999.0,-9999.0,-9999.0,-9999.0,-9999.0,-9999.0,orientation,size,color,0.38,11.0,2,female,1,2537.0593455999997,0,21
2505,-9999.0,-9999.0,-9999.0,-9999.0,-9999.0,-9999.0,-9999.0,-9999.0,-9999.0,orientation,size,color,0.38,11.0,2,female,1,2537.0593455999997,0,21
2506,-9999.0,-9999.0,-9999.0,-9999.0,-9999.0,-9999.0,-9999.0,-9999.0,-9999.0,orientation,size,color,0.38,11.0,2,female,1,2537.0593455999997,0,21
2507,-9999.0,-9999.0,-9999.0,-9999.0,-9999.0,-9999.0,-9999.0,-9999.0,-9999.0,orientation,size,color,0.38,11.0,2,female,1,2537.0593455999997,0,21
2508,-9999.0,-9999.0,-9999.0,-9999.0,-9999.0,-9999.0,-9999.0,-9999.0,-9999.0,orientation,size,color,0.38,11.0,2,female,1,2537.0593455999997,0,21
2509,-9999.0,-9999.0,-9999.0,-9999.0,-9999.0,-9999.0,-9999.0,-9999.0,-9999.0,orientation,size,color,0.38,11.0,2,female,1,2537.0593455999997,0,21
2510,-9999.0,-9999.0,-9999.0,-9999.0,-9999.0,-9999.0,-9999.0,-9999.0,-9999.0,orientation,size,color,0.38,11.0,2,female,1,2537.0593455999997,0,21
2511,-9999.0,-9999.0,-9999.0,-9999.0,-9999.0,-9999.0,-9999.0,-9999.0,-9999.0,orientation,size,color,0.38,11.0,2,female,1,2537.0593455999997,0,21
2512,-9999.0,-9999.0,-9999.0,-9999.0,-9999.0,-9999.0,-9999.0,-9999.0,-9999.0,orientation,size,color,0.38,11.0,2,female,1,2537.0593455999997,0,21
2513,-9999.0,-9999.0,-9999.0,-9999.0,-9999.0,-9999.0,-9999.0,-9999.0,-9999.0,orientation,size,color,0.38,11.0,2,female,1,2537.0593455999997,0,21
2514,-9999.0,-9999.0,-9999.0,-9999.0,-9999.0,-9999.0,-9999.0,-9999.0,-9999.0,orientation,size,color,0.38,11.0,2,female,1,2537.0593455999997,0,21
2515,-9999.0,-9999.0,-9999.0,-9999.0,-9999.0,-9999.0,-9999.0,-9999.0,-9999.0,orientation,size,color,0.38,11.0,2,female,1,2537.0593455999997,0,21
2516,-9999.0,-9999.0,-9999.0,-9999.0,-9999.0,-9999.0,-9999.0,-9999.0,-9999.0,orientation,size,color,0.38,11.0,2,female,1,2537.0593455999997,0,21
2517,-9999.0,-9999.0,-9999.0,-9999.0,-9999.0,-9999.0,-9999.0,-9999.0,-9999.0,orientation,size,color,0.38,11.0,2,female,1,2537.0593455999997,0,21
2518,-9999.0,-9999.0,-9999.0,-9999.0,-9999.0,-9999.0,-9999.0,-9999.0,-9999.0,orientation,size,color,0.38,11.0,2,female,1,2537.0593455999997,0,21
2519,-9999.0,-9999.0,-9999.0,-9999.0,-9999.0,-9999.0,-9999.0,-9999.0,-9999.0,orientation,size,color,0.38,11.0,2,female,1,2537.0593455999997,0,21
2520,-9999.0,-9999.0,-9999.0,-9999.0,-9999.0,-9999.0,-9999.0,-9999.0,-9999.0,orientation,size,color,0.38,11.0,2,female,1,2537.0593455999997,0,21
2521,-9999.0,-9999.0,-9999.0,-9999.0,-9999.0,-9999.0,-9999.0,-9999.0,-9999.0,orientation,size,color,0.38,11.0,2,female,1,2537.0593455999997,0,21
2522,-9999.0,-9999.0,-9999.0,-9999.0,-9999.0,-9999.0,-9999.0,-9999.0,-9999.0,orientation,size,color,0.38,11.0,2,female,1,2537.0593455999997,0,21
2523,-9999.0,-9999.0,-9999.0,-9999.0,-9999.0,-9999.0,-9999.0,-9999.0,-9999.0,orientation,size,color,0.38,11.0,2,female,1,2537.0593455999997,0,21
2524,-9999.0,-9999.0,-9999.0,-9999.0,-9999.0,-9999.0,-9999.0,-9999.0,-9999.0,orientation,size,color,0.38,11.0,2,female,1,2537.0593455999997,0,21
2525,-9999.0,-9999.0,-9999.0,-9999.0,-9999.0,-9999.0,-9999.0,-9999.0,-9999.0,orientation,size,color,0.38,11.0,2,female,1,2537.0593455999997,0,21
2526,-9999.0,-9999.0,-9999.0,-9999.0,-9999.0,-9999.0,-9999.0,-9999.0,-9999.0,orientation,size,color,0.38,11.0,2,female,1,2537.0593455999997,0,21
2527,-9999.0,-9999.0,-9999.0,-9999.0,-9999.0,-9999.0,-9999.0,-9999.0,-9999.0,orientation,size,color,0.38,11.0,2,female,1,2537.0593455999997,0,21
2528,-9999.0,-9999.0,-9999.0,-9999.0,-9999.0,-9999.0,-9999.0,-9999.0,-9999.0,orientation,size,color,0.38,11.0,2,female,1,2537.0593455999997,0,21
2529,-9999.0,-9999.0,-9999.0,-9999.0,-9999.0,-9999.0,-9999.0,-9999.0,-9999.0,orientation,size,color,0.38,11.0,2,female,1,2537.0593455999997,0,21
2530,-9999.0,-9999.0,-9999.0,-9999.0,-9999.0,-9999.0,-9999.0,-9999.0,-9999.0,orientation,size,color,0.38,11.0,2,female,1,2537.0593455999997,0,21
2531,-9999.0,-9999.0,-9999.0,-9999.0,-9999.0,-9999.0,-9999.0,-9999.0,-9999.0,orientation,size,color,0.38,11.0,2,female,1,2537.0593455999997,0,21
2532,-9999.0,-9999.0,-9999.0,-9999.0,-9999.0,-9999.0,-9999.0,-9999.0,-9999.0,orientation,size,color,0.38,11.0,2,female,1,2537.0593455999997,0,21
2533,-9999.0,-9999.0,-9999.0,-9999.0,-9999.0,-9999.0,-9999.0,-9999.0,-9999.0,orientation,size,color,0.38,11.0,2,female,1,2537.0593455999997,0,21
2534,-9999.0,-9999.0,-9999.0,-9999.0,-9999.0,-9999.0,-9999.0,-9999.0,-9999.0,orientation,size,color,0.38,11.0,2,female,1,2537.0593455999997,0,21
2535,-9999.0,-9999.0,-9999.0,-9999.0,-9999.0,-9999.0,-9999.0,-9999.0,-9999.0,orientation,size,color,0.38,11.0,2,female,1,2537.0593455999997,0,21
2536,-9999.0,-9999.0,-9999.0,-9999.0,-9999.0,-9999.0,-9999.0,-9999.0,-9999.0,orientation,size,color,0.38,11.0,2,female,1,2537.0593455999997,0,21
2537,-9999.0,-9999.0,-9999.0,-9999.0,-9999.0,-9999.0,-9999.0,-9999.0,-9999.0,orientation,size,color,0.38,11.0,2,female,1,2537.0593455999997,0,21
2538,-9999.0,-9999.0,-9999.0,-9999.0,-9999.0,-9999.0,-9999.0,-9999.0,-9999.0,orientation,size,color,0.38,11.0,2,female,1,2537.0593455999997,0,21
2539,-9999.0,-9999.0,-9999.0,-9999.0,-9999.0,-9999.0,-9999.0,-9999.0,-9999.0,orientation,size,color,0.38,11.0,2,female,1,2537.0593455999997,0,21
2540,-9999.0,-9999.0,-9999.0,-9999.0,-9999.0,-9999.0,-9999.0,-9999.0,-9999.0,orientation,size,color,0.38,11.0,2,female,1,2537.0593455999997,0,21
2541,-9999.0,-9999.0,-9999.0,-9999.0,-9999.0,-9999.0,-9999.0,-9999.0,-9999.0,orientation,size,color,0.38,11.0,2,female,1,2537.0593455999997,0,21
2542,-9999.0,-9999.0,-9999.0,-9999.0,-9999.0,-9999.0,-9999.0,-9999.0,-9999.0,orientation,size,color,0.38,11.0,2,female,1,2537.0593455999997,0,21
2543,-9999.0,-9999.0,-9999.0,-9999.0,-9999.0,-9999.0,-9999.0,-9999.0,-9999.0,orientation,size,color,0.38,11.0,2,female,1,2537.0593455999997,0,21
2544,-9999.0,-9999.0,-9999.0,-9999.0,-9999.0,-9999.0,-9999.0,-9999.0,-9999.0,orientation,size,color,0.38,11.0,2,female,1,2537.0593455999997,0,21
2545,-9999.0,-9999.0,-9999.0,-9999.0,-9999.0,-9999.0,-9999.0,-9999.0,-9999.0,orientation,size,color,0.38,11.0,2,female,1,2537.0593455999997,0,21
2546,-9999.0,-9999.0,-9999.0,-9999.0,-9999.0,-9999.0,-9999.0,-9999.0,-9999.0,orientation,size,color,0.38,11.0,2,female,1,2537.0593455999997,0,21
2547,-9999.0,-9999.0,-9999.0,-9999.0,-9999.0,-9999.0,-9999.0,-9999.0,-9999.0,orientation,size,color,0.38,11.0,2,female,1,2537.0593455999997,0,21
2548,-9999.0,-9999.0,-9999.0,-9999.0,-9999.0,-9999.0,-9999.0,-9999.0,-9999.0,orientation,size,color,0.38,11.0,2,female,1,2537.0593455999997,0,21
2549,-9999.0,-9999.0,-9999.0,-9999.0,-9999.0,-9999.0,-9999.0,-9999.0,-9999.0,orientation,size,color,0.38,11.0,2,female,1,2537.0593455999997,0,21
2550,-9999.0,-9999.0,-9999.0,-9999.0,-9999.0,-9999.0,-9999.0,-9999.0,-9999.0,orientation,size,color,0.38,11.0,2,female,1,2537.0593455999997,0,21
2551,-9999.0,-9999.0,-9999.0,-9999.0,-9999.0,-9999.0,-9999.0,-9999.0,-9999.0,orientation,size,color,0.38,11.0,2,female,1,2537.0593455999997,0,21
2552,-9999.0,-9999.0,-9999.0,-9999.0,-9999.0,-9999.0,-9999.0,-9999.0,-9999.0,orientation,size,color,0.38,11.0,2,female,1,2537.0593455999997,0,21
2553,-9999.0,-9999.0,-9999.0,-9999.0,-9999.0,-9999.0,-9999.0,-9999.0,-9999.0,orientation,size,color,0.38,11.0,2,female,1,2537.0593455999997,0,21
2554,-9999.0,-9999.0,-9999.0,-9999.0,-9999.0,-9999.0,-9999.0,-9999.0,-9999.0,orientation,size,color,0.38,11.0,2,female,1,2537.0593455999997,0,21
2555,-9999.0,-9999.0,-9999.0,-9999.0,-9999.0,-9999.0,-9999.0,-9999.0,-9999.0,orientation,size,color,0.38,11.0,2,female,1,2537.0593455999997,0,21
2556,-9999.0,-9999.0,-9999.0,-9999.0,-9999.0,-9999.0,-9999.0,-9999.0,-9999.0,orientation,size,color,0.38,11.0,2,female,1,2537.0593455999997,0,21
2557,-9999.0,-9999.0,-9999.0,-9999.0,-9999.0,-9999.0,-9999.0,-9999.0,-9999.0,orientation,size,color,0.38,11.0,2,female,1,2537.0593455999997,0,21
2558,-9999.0,-9999.0,-9999.0,-9999.0,-9999.0,-9999.0,-9999.0,-9999.0,-9999.0,orientation,size,color,0.38,11.0,2,female,1,2537.0593455999997,0,21
2559,-9999.0,-9999.0,-9999.0,-9999.0,-9999.0,-9999.0,-9999.0,-9999.0,-9999.0,orientation,size,color,0.38,11.0,2,female,1,2537.0593455999997,0,21
2560,-9999.0,-9999.0,-9999.0,-9999.0,-9999.0,-9999.0,-9999.0,-9999.0,-9999.0,orientation,size,color,0.38,11.0,2,female,1,2537.0593455999997,0,21
2561,-9999.0,-9999.0,-9999.0,-9999.0,-9999.0,-9999.0,-9999.0,-9999.0,-9999.0,orientation,size,color,0.38,11.0,2,female,1,2537.0593455999997,0,21
2562,-9999.0,-9999.0,-9999.0,-9999.0,-9999.0,-9999.0,-9999.0,-9999.0,-9999.0,orientation,size,color,0.38,11.0,2,female,1,2537.0593455999997,0,21
2563,-9999.0,-9999.0,-9999.0,-9999.0,-9999.0,-9999.0,-9999.0,-9999.0,-9999.0,orientation,size,color,0.38,11.0,2,female,1,2537.0593455999997,0,21
2564,-9999.0,-9999.0,-9999.0,-9999.0,-9999.0,-9999.0,-9999.0,-9999.0,-9999.0,orientation,size,color,0.38,11.0,2,female,1,2537.0593455999997,0,21
2565,-9999.0,-9999.0,-9999.0,-9999.0,-9999.0,-9999.0,-9999.0,-9999.0,-9999.0,orientation,size,color,0.38,11.0,2,female,1,2537.0593455999997,0,21
2566,-9999.0,-9999.0,-9999.0,-9999.0,-9999.0,-9999.0,-9999.0,-9999.0,-9999.0,orientation,size,color,0.38,11.0,2,female,1,2537.0593455999997,0,21
2567,-9999.0,-9999.0,-9999.0,-9999.0,-9999.0,-9999.0,-9999.0,-9999.0,-9999.0,orientation,size,color,0.38,11.0,2,female,1,2537.0593455999997,0,21
2568,-9999.0,-9999.0,-9999.0,-9999.0,-9999.0,-9999.0,-9999.0,-9999.0,-9999.0,orientation,size,color,0.38,11.0,2,female,1,2537.0593455999997,0,21
2569,-9999.0,-9999.0,-9999.0,-9999.0,-9999.0,-9999.0,-9999.0,-9999.0,-9999.0,orientation,size,color,0.38,11.0,2,female,1,2537.0593455999997,0,21
2570,-9999.0,-9999.0,-9999.0,-9999.0,-9999.0,-9999.0,-9999.0,-9999.0,-9999.0,orientation,size,color,0.38,11.0,2,female,1,2537.0593455999997,0,21
2571,-9999.0,-9999.0,-9999.0,-9999.0,-9999.0,-9999.0,-9999.0,-9999.0,-9999.0,orientation,size,color,0.38,11.0,2,female,1,2537.0593455999997,0,21
2572,-9999.0,-9999.0,-9999.0,-9999.0,-9999.0,-9999.0,-9999.0,-9999.0,-9999.0,orientation,size,color,0.38,11.0,2,female,1,2537.0593455999997,0,21
2573,-9999.0,-9999.0,-9999.0,-9999.0,-9999.0,-9999.0,-9999.0,-9999.0,-9999.0,orientation,size,color,0.38,11.0,2,female,1,2537.0593455999997,0,21
2574,-9999.0,-9999.0,-9999.0,-9999.0,-9999.0,-9999.0,-9999.0,-9999.0,-9999.0,orientation,size,color,0.38,11.0,2,female,1,2537.0593455999997,0,21
2575,-9999.0,-9999.0,-9999.0,-9999.0,-9999.0,-9999.0,-9999.0,-9999.0,-9999.0,orientation,size,color,0.38,11.0,2,female,1,2537.0593455999997,0,21
2576,-9999.0,-9999.0,-9999.0,-9999.0,-9999.0,-9999.0,-9999.0,-9999.0,-9999.0,orientation,size,color,0.38,11.0,2,female,1,2537.0593455999997,0,21
2577,-9999.0,-9999.0,-9999.0,-9999.0,-9999.0,-9999.0,-9999.0,-9999.0,-9999.0,orientation,size,color,0.38,11.0,2,female,1,2537.0593455999997,0,21
2578,-9999.0,-9999.0,-9999.0,-9999.0,-9999.0,-9999.0,-9999.0,-9999.0,-9999.0,orientation,size,color,0.38,11.0,2,female,1,2537.0593455999997,0,21
2579,-9999.0,-9999.0,-9999.0,-9999.0,-9999.0,-9999.0,-9999.0,-9999.0,-9999.0,orientation,size,color,0.38,11.0,2,female,1,2537.0593455999997,0,21
2580,-9999.0,-9999.0,-9999.0,-9999.0,-9999.0,-9999.0,-9999.0,-9999.0,-9999.0,orientation,size,color,0.38,11.0,2,female,1,2537.0593455999997,0,21
2581,-9999.0,-9999.0,-9999.0,-9999.0,-9999.0,-9999.0,-9999.0,-9999.0,-9999.0,orientation,size,color,0.38,11.0,2,female,1,2537.0593455999997,0,21
2582,-9999.0,-9999.0,-9999.0,-9999.0,-9999.0,-9999.0,-9999.0,-9999.0,-9999.0,orientation,size,color,0.38,11.0,2,female,1,2537.0593455999997,0,21
2583,-9999.0,-9999.0,-9999.0,-9999.0,-9999.0,-9999.0,-9999.0,-9999.0,-9999.0,orientation,size,color,0.38,11.0,2,female,1,2537.0593455999997,0,21
2584,-9999.0,-9999.0,-9999.0,-9999.0,-9999.0,-9999.0,-9999.0,-9999.0,-9999.0,orientation,size,color,0.38,11.0,2,female,1,2537.0593455999997,0,21
2585,-9999.0,-9999.0,-9999.0,-9999.0,-9999.0,-9999.0,-9999.0,-9999.0,-9999.0,orientation,size,color,0.38,11.0,2,female,1,2537.0593455999997,0,21
2586,-9999.0,-9999.0,-9999.0,-9999.0,-9999.0,-9999.0,-9999.0,-9999.0,-9999.0,orientation,size,color,0.38,11.0,2,female,1,2537.0593455999997,0,21
2587,-9999.0,-9999.0,-9999.0,-9999.0,-9999.0,-9999.0,-9999.0,-9999.0,-9999.0,orientation,size,color,0.38,11.0,2,female,1,2537.0593455999997,0,21
2588,-9999.0,-9999.0,-9999.0,-9999.0,-9999.0,-9999.0,-9999.0,-9999.0,-9999.0,orientation,size,color,0.38,11.0,2,female,1,2537.0593455999997,0,21
2589,-9999.0,-9999.0,-9999.0,-9999.0,-9999.0,-9999.0,-9999.0,-9999.0,-9999.0,orientation,size,color,0.38,11.0,2,female,1,2537.0593455999997,0,21
2590,-9999.0,-9999.0,-9999.0,-9999.0,-9999.0,-9999.0,-9999.0,-9999.0,-9999.0,orientation,size,color,0.38,11.0,2,female,1,2537.0593455999997,0,21
2591,-9999.0,-9999.0,-9999.0,-9999.0,-9999.0,-9999.0,-9999.0,-9999.0,-9999.0,orientation,size,color,0.38,11.0,2,female,1,2537.0593455999997,0,21
2592,-9999.0,-9999.0,-9999.0,-9999.0,-9999.0,-9999.0,-9999.0,-9999.0,-9999.0,orientation,size,color,0.38,11.0,2,female,1,2537.0593455999997,0,21
2593,-9999.0,-9999.0,-9999.0,-9999.0,-9999.0,-9999.0,-9999.0,-9999.0,-9999.0,orientation,size,color,0.38,11.0,2,female,1,2537.0593455999997,0,21
2594,-9999.0,-9999.0,-9999.0,-9999.0,-9999.0,-9999.0,-9999.0,-9999.0,-9999.0,orientation,size,color,0.38,11.0,2,female,1,2537.0593455999997,0,21
2595,-9999.0,-9999.0,-9999.0,-9999.0,-9999.0,-9999.0,-9999.0,-9999.0,-9999.0,orientation,size,color,0.38,11.0,2,female,1,2537.0593455999997,0,21
2596,-9999.0,-9999.0,-9999.0,-9999.0,-9999.0,-9999.0,-9999.0,-9999.0,-9999.0,orientation,size,color,0.38,11.0,2,female,1,2537.0593455999997,0,21
2597,-9999.0,-9999.0,-9999.0,-9999.0,-9999.0,-9999.0,-9999.0,-9999.0,-9999.0,orientation,size,color,0.38,11.0,2,female,1,2537.0593455999997,0,21
2598,-9999.0,-9999.0,-9999.0,-9999.0,-9999.0,-9999.0,-9999.0,-9999.0,-9999.0,orientation,size,color,0.38,11.0,2,female,1,2537.0593455999997,0,21
2599,-9999.0,-9999.0,-9999.0,-9999.0,-9999.0,-9999.0,-9999.0,-9999.0,-9999.0,orientation,size,color,0.38,11.0,2,female,1,2537.0593455999997,0,21
2600,-9999.0,-9999.0,-9999.0,-9999.0,-9999.0,-9999.0,-9999.0,-9999.0,-9999.0,orientation,size,color,0.38,11.0,2,female,1,2537.0593455999997,0,21
2601,-9999.0,-9999.0,-9999.0,-9999.0,-9999.0,-9999.0,-9999.0,-9999.0,-9999.0,orientation,size,color,0.38,11.0,2,female,1,2537.0593455999997,0,21
2602,-9999.0,-9999.0,-9999.0,-9999.0,-9999.0,-9999.0,-9999.0,-9999.0,-9999.0,orientation,size,color,0.38,11.0,2,female,1,2537.0593455999997,0,21
2603,-9999.0,-9999.0,-9999.0,-9999.0,-9999.0,-9999.0,-9999.0,-9999.0,-9999.0,orientation,size,color,0.38,11.0,2,female,1,2537.0593455999997,0,21
2604,-9999.0,-9999.0,-9999.0,-9999.0,-9999.0,-9999.0,-9999.0,-9999.0,-9999.0,orientation,size,color,0.38,11.0,2,female,1,2537.0593455999997,0,21
2605,-9999.0,-9999.0,-9999.0,-9999.0,-9999.0,-9999.0,-9999.0,-9999.0,-9999.0,orientation,size,color,0.38,11.0,2,female,1,2537.0593455999997,0,21
2606,-9999.0,-9999.0,-9999.0,-9999.0,-9999.0,-9999.0,-9999.0,-9999.0,-9999.0,orientation,size,color,0.38,11.0,2,female,1,2537.0593455999997,0,21
2607,-9999.0,-9999.0,-9999.0,-9999.0,-9999.0,-9999.0,-9999.0,-9999.0,-9999.0,orientation,size,color,0.38,11.0,2,female,1,2537.0593455999997,0,21
2608,-9999.0,-9999.0,-9999.0,-9999.0,-9999.0,-9999.0,-9999.0,-9999.0,-9999.0,orientation,size,color,0.38,11.0,2,female,1,2537.0593455999997,0,21
2609,-9999.0,-9999.0,-9999.0,-9999.0,-9999.0,-9999.0,-9999.0,-9999.0,-9999.0,orientation,size,color,0.38,11.0,2,female,1,2537.0593455999997,0,21
2610,-9999.0,-9999.0,-9999.0,-9999.0,-9999.0,-9999.0,-9999.0,-9999.0,-9999.0,orientation,size,color,0.38,11.0,2,female,1,2537.0593455999997,0,21
2611,-9999.0,-9999.0,-9999.0,-9999.0,-9999.0,-9999.0,-9999.0,-9999.0,-9999.0,orientation,size,color,0.38,11.0,2,female,1,2537.0593455999997,0,21
2612,-9999.0,-9999.0,-9999.0,-9999.0,-9999.0,-9999.0,-9999.0,-9999.0,-9999.0,orientation,size,color,0.38,11.0,2,female,1,2537.0593455999997,0,21
2613,-9999.0,-9999.0,-9999.0,-9999.0,-9999.0,-9999.0,-9999.0,-9999.0,-9999.0,orientation,size,color,0.38,11.0,2,female,1,2537.0593455999997,0,21
2614,-9999.0,-9999.0,-9999.0,-9999.0,-9999.0,-9999.0,-9999.0,-9999.0,-9999.0,orientation,size,color,0.38,11.0,2,female,1,2537.0593455999997,0,21
2615,-9999.0,-9999.0,-9999.0,-9999.0,-9999.0,-9999.0,-9999.0,-9999.0,-9999.0,orientation,size,color,0.38,11.0,2,female,1,2537.0593455999997,0,21
2616,-9999.0,-9999.0,-9999.0,-9999.0,-9999.0,-9999.0,-9999.0,-9999.0,-9999.0,orientation,size,color,0.38,11.0,2,female,1,2537.0593455999997,0,21
2617,-9999.0,-9999.0,-9999.0,-9999.0,-9999.0,-9999.0,-9999.0,-9999.0,-9999.0,orientation,size,color,0.38,11.0,2,female,1,2537.0593455999997,0,21
2618,-9999.0,-9999.0,-9999.0,-9999.0,-9999.0,-9999.0,-9999.0,-9999.0,-9999.0,orientation,size,color,0.38,11.0,2,female,1,2537.0593455999997,0,21
2619,-9999.0,-9999.0,-9999.0,-9999.0,-9999.0,-9999.0,-9999.0,-9999.0,-9999.0,orientation,size,color,0.38,11.0,2,female,1,2537.0593455999997,0,21
2620,-9999.0,-9999.0,-9999.0,-9999.0,-9999.0,-9999.0,-9999.0,-9999.0,-9999.0,orientation,size,color,0.38,11.0,2,female,1,2537.0593455999997,0,21
2621,-9999.0,-9999.0,-9999.0,-9999.0,-9999.0,-9999.0,-9999.0,-9999.0,-9999.0,orientation,size,color,0.38,11.0,2,female,1,2537.0593455999997,0,21
2622,-9999.0,-9999.0,-9999.0,-9999.0,-9999.0,-9999.0,-9999.0,-9999.0,-9999.0,orientation,size,color,0.38,11.0,2,female,1,2537.0593455999997,0,21
2623,-9999.0,-9999.0,-9999.0,-9999.0,-9999.0,-9999.0,-9999.0,-9999.0,-9999.0,orientation,size,color,0.38,11.0,2,female,1,2537.0593455999997,0,21
2624,-9999.0,-9999.0,-9999.0,-9999.0,-9999.0,-9999.0,-9999.0,-9999.0,-9999.0,orientation,size,color,0.38,11.0,2,female,1,2537.0593455999997,0,21
2625,-9999.0,-9999.0,-9999.0,-9999.0,-9999.0,-9999.0,-9999.0,-9999.0,-9999.0,orientation,size,color,0.38,11.0,2,female,1,2537.0593455999997,0,21
2626,-9999.0,-9999.0,-9999.0,-9999.0,-9999.0,-9999.0,-9999.0,-9999.0,-9999.0,orientation,size,color,0.38,11.0,2,female,1,2537.0593455999997,0,21
2627,-9999.0,-9999.0,-9999.0,-9999.0,-9999.0,-9999.0,-9999.0,-9999.0,-9999.0,orientation,size,color,0.38,11.0,2,female,1,2537.0593455999997,0,21
2628,-9999.0,-9999.0,-9999.0,-9999.0,-9999.0,-9999.0,-9999.0,-9999.0,-9999.0,orientation,size,color,0.38,11.0,2,female,1,2537.0593455999997,0,21
2629,-9999.0,-9999.0,-9999.0,-9999.0,-9999.0,-9999.0,-9999.0,-9999.0,-9999.0,orientation,size,color,0.38,11.0,2,female,1,2537.0593455999997,0,21
2630,-9999.0,-9999.0,-9999.0,-9999.0,-9999.0,-9999.0,-9999.0,-9999.0,-9999.0,orientation,size,color,0.38,11.0,2,female,1,2537.0593455999997,0,21
2631,-9999.0,-9999.0,-9999.0,-9999.0,-9999.0,-9999.0,-9999.0,-9999.0,-9999.0,orientation,size,color,0.38,11.0,2,female,1,2537.0593455999997,0,21
2632,-9999.0,-9999.0,-9999.0,-9999.0,-9999.0,-9999.0,-9999.0,-9999.0,-9999.0,orientation,size,color,0.38,11.0,2,female,1,2537.0593455999997,0,21
2633,-9999.0,-9999.0,-9999.0,-9999.0,-9999.0,-9999.0,-9999.0,-9999.0,-9999.0,orientation,size,color,0.38,11.0,2,female,1,2537.0593455999997,0,21
2634,-9999.0,-9999.0,-9999.0,-9999.0,-9999.0,-9999.0,-9999.0,-9999.0,-9999.0,orientation,size,color,0.38,11.0,2,female,1,2537.0593455999997,0,21
2635,-9999.0,-9999.0,-9999.0,-9999.0,-9999.0,-9999.0,-9999.0,-9999.0,-9999.0,orientation,size,color,0.38,11.0,2,female,1,2537.0593455999997,0,21
2636,-9999.0,-9999.0,-9999.0,-9999.0,-9999.0,-9999.0,-9999.0,-9999.0,-9999.0,orientation,size,color,0.38,11.0,2,female,1,2537.0593455999997,0,21
2637,-9999.0,-9999.0,-9999.0,-9999.0,-9999.0,-9999.0,-9999.0,-9999.0,-9999.0,orientation,size,color,0.38,11.0,2,female,1,2537.0593455999997,0,21
2638,-9999.0,-9999.0,-9999.0,-9999.0,-9999.0,-9999.0,-9999.0,-9999.0,-9999.0,orientation,size,color,0.38,11.0,2,female,1,2537.0593455999997,0,21
2639,-9999.0,-9999.0,-9999.0,-9999.0,-9999.0,-9999.0,-9999.0,-9999.0,-9999.0,orientation,size,color,0.38,11.0,2,female,1,2537.0593455999997,0,21
2640,-9999.0,-9999.0,-9999.0,-9999.0,-9999.0,-9999.0,-9999.0,-9999.0,-9999.0,orientation,size,color,0.38,11.0,2,female,1,2537.0593455999997,0,21
2641,-9999.0,-9999.0,-9999.0,-9999.0,-9999.0,-9999.0,-9999.0,-9999.0,-9999.0,orientation,size,color,0.38,11.0,2,female,1,2537.0593455999997,0,21
2642,-9999.0,-9999.0,-9999.0,-9999.0,-9999.0,-9999.0,-9999.0,-9999.0,-9999.0,orientation,size,color,0.38,11.0,2,female,1,2537.0593455999997,0,21
2643,-9999.0,-9999.0,-9999.0,-9999.0,-9999.0,-9999.0,-9999.0,-9999.0,-9999.0,orientation,size,color,0.38,11.0,2,female,1,2537.0593455999997,0,21
2644,-9999.0,-9999.0,-9999.0,-9999.0,-9999.0,-9999.0,-9999.0,-9999.0,-9999.0,orientation,size,color,0.38,11.0,2,female,1,2537.0593455999997,0,21
2645,-9999.0,-9999.0,-9999.0,-9999.0,-9999.0,-9999.0,-9999.0,-9999.0,-9999.0,orientation,size,color,0.38,11.0,2,female,1,2537.0593455999997,0,21
2646,-9999.0,-9999.0,-9999.0,-9999.0,-9999.0,-9999.0,-9999.0,-9999.0,-9999.0,orientation,size,color,0.38,11.0,2,female,1,2537.0593455999997,0,21
2647,-9999.0,-9999.0,-9999.0,-9999.0,-9999.0,-9999.0,-9999.0,-9999.0,-9999.0,orientation,size,color,0.38,11.0,2,female,1,2537.0593455999997,0,21
2648,-9999.0,-9999.0,-9999.0,-9999.0,-9999.0,-9999.0,-9999.0,-9999.0,-9999.0,orientation,size,color,0.38,11.0,2,female,1,2537.0593455999997,0,21
2649,-9999.0,-9999.0,-9999.0,-9999.0,-9999.0,-9999.0,-9999.0,-9999.0,-9999.0,orientation,size,color,0.38,11.0,2,female,1,2537.0593455999997,0,21
2650,-9999.0,-9999.0,-9999.0,-9999.0,-9999.0,-9999.0,-9999.0,-9999.0,-9999.0,orientation,size,color,0.38,11.0,2,female,1,2537.0593455999997,0,21
2651,-9999.0,-9999.0,-9999.0,-9999.0,-9999.0,-9999.0,-9999.0,-9999.0,-9999.0,orientation,size,color,0.38,11.0,2,female,1,2537.0593455999997,0,21
2652,-9999.0,-9999.0,-9999.0,-9999.0,-9999.0,-9999.0,-9999.0,-9999.0,-9999.0,orientation,size,color,0.38,11.0,2,female,1,2537.0593455999997,0,21
2653,-9999.0,-9999.0,-9999.0,-9999.0,-9999.0,-9999.0,-9999.0,-9999.0,-9999.0,orientation,size,color,0.38,11.0,2,female,1,2537.0593455999997,0,21
2654,-9999.0,-9999.0,-9999.0,-9999.0,-9999.0,-9999.0,-9999.0,-9999.0,-9999.0,orientation,size,color,0.38,11.0,2,female,1,2537.0593455999997,0,21
2655,-9999.0,-9999.0,-9999.0,-9999.0,-9999.0,-9999.0,-9999.0,-9999.0,-9999.0,orientation,size,color,0.38,11.0,2,female,1,2537.0593455999997,0,21
2656,-9999.0,-9999.0,-9999.0,-9999.0,-9999.0,-9999.0,-9999.0,-9999.0,-9999.0,orientation,size,color,0.38,11.0,2,female,1,2537.0593455999997,0,21
2657,-9999.0,-9999.0,-9999.0,-9999.0,-9999.0,-9999.0,-9999.0,-9999.0,-9999.0,orientation,size,color,0.38,11.0,2,female,1,2537.0593455999997,0,21
2658,-9999.0,-9999.0,-9999.0,-9999.0,-9999.0,-9999.0,-9999.0,-9999.0,-9999.0,orientation,size,color,0.38,11.0,2,female,1,2537.0593455999997,0,21
2659,-9999.0,-9999.0,-9999.0,-9999.0,-9999.0,-9999.0,-9999.0,-9999.0,-9999.0,orientation,size,color,0.38,11.0,2,female,1,2537.0593455999997,0,21
2660,-9999.0,-9999.0,-9999.0,-9999.0,-9999.0,-9999.0,-9999.0,-9999.0,-9999.0,orientation,size,color,0.38,11.0,2,female,1,2537.0593455999997,0,21
2661,-9999.0,-9999.0,-9999.0,-9999.0,-9999.0,-9999.0,-9999.0,-9999.0,-9999.0,orientation,size,color,0.38,11.0,2,female,1,2537.0593455999997,0,21
2662,-9999.0,-9999.0,-9999.0,-9999.0,-9999.0,-9999.0,-9999.0,-9999.0,-9999.0,orientation,size,color,0.38,11.0,2,female,1,2537.0593455999997,0,21
2663,-9999.0,-9999.0,-9999.0,-9999.0,-9999.0,-9999.0,-9999.0,-9999.0,-9999.0,orientation,size,color,0.38,11.0,2,female,1,2537.0593455999997,0,21
2664,-9999.0,-9999.0,-9999.0,-9999.0,-9999.0,-9999.0,-9999.0,-9999.0,-9999.0,orientation,size,color,0.38,11.0,2,female,1,2537.0593455999997,0,21
2665,-9999.0,-9999.0,-9999.0,-9999.0,-9999.0,-9999.0,-9999.0,-9999.0,-9999.0,orientation,size,color,0.38,11.0,2,female,1,2537.0593455999997,0,21
2666,-9999.0,-9999.0,-9999.0,-9999.0,-9999.0,-9999.0,-9999.0,-9999.0,-9999.0,orientation,size,color,0.38,11.0,2,female,1,2537.0593455999997,0,21
2667,-9999.0,-9999.0,-9999.0,-9999.0,-9999.0,-9999.0,-9999.0,-9999.0,-9999.0,orientation,size,color,0.38,11.0,2,female,1,2537.0593455999997,0,21
2668,-9999.0,-9999.0,-9999.0,-9999.0,-9999.0,-9999.0,-9999.0,-9999.0,-9999.0,orientation,size,color,0.38,11.0,2,female,1,2537.0593455999997,0,21
2669,-9999.0,-9999.0,-9999.0,-9999.0,-9999.0,-9999.0,-9999.0,-9999.0,-9999.0,orientation,size,color,0.38,11.0,2,female,1,2537.0593455999997,0,21
2670,-9999.0,-9999.0,-9999.0,-9999.0,-9999.0,-9999.0,-9999.0,-9999.0,-9999.0,orientation,size,color,0.38,11.0,2,female,1,2537.0593455999997,0,21
2671,-9999.0,-9999.0,-9999.0,-9999.0,-9999.0,-9999.0,-9999.0,-9999.0,-9999.0,orientation,size,color,0.38,11.0,2,female,1,2537.0593455999997,0,21
2672,-9999.0,-9999.0,-9999.0,-9999.0,-9999.0,-9999.0,-9999.0,-9999.0,-9999.0,orientation,size,color,0.38,11.0,2,female,1,2537.0593455999997,0,21
2673,-9999.0,-9999.0,-9999.0,-9999.0,-9999.0,-9999.0,-9999.0,-9999.0,-9999.0,orientation,size,color,0.38,11.0,2,female,1,2537.0593455999997,0,21
2674,-9999.0,-9999.0,-9999.0,-9999.0,-9999.0,-9999.0,-9999.0,-9999.0,-9999.0,orientation,size,color,0.38,11.0,2,female,1,2537.0593455999997,0,21
2675,-9999.0,-9999.0,-9999.0,-9999.0,-9999.0,-9999.0,-9999.0,-9999.0,-9999.0,orientation,size,color,0.38,11.0,2,female,1,2537.0593455999997,0,21
2676,-9999.0,-9999.0,-9999.0,-9999.0,-9999.0,-9999.0,-9999.0,-9999.0,-9999.0,orientation,size,color,0.38,11.0,2,female,1,2537.0593455999997,0,21
2677,-9999.0,-9999.0,-9999.0,-9999.0,-9999.0,-9999.0,-9999.0,-9999.0,-9999.0,orientation,size,color,0.38,11.0,2,female,1,2537.0593455999997,0,21
2678,-9999.0,-9999.0,-9999.0,-9999.0,-9999.0,-9999.0,-9999.0,-9999.0,-9999.0,orientation,size,color,0.38,11.0,2,female,1,2537.0593455999997,0,21
2679,-9999.0,-9999.0,-9999.0,-9999.0,-9999.0,-9999.0,-9999.0,-9999.0,-9999.0,orientation,size,color,0.38,11.0,2,female,1,2537.0593455999997,0,21
2680,-9999.0,-9999.0,-9999.0,-9999.0,-9999.0,-9999.0,-9999.0,-9999.0,-9999.0,orientation,size,color,0.38,11.0,2,female,1,2537.0593455999997,0,21
2681,-9999.0,-9999.0,-9999.0,-9999.0,-9999.0,-9999.0,-9999.0,-9999.0,-9999.0,orientation,size,color,0.38,11.0,2,female,1,2537.0593455999997,0,21
2682,-9999.0,-9999.0,-9999.0,-9999.0,-9999.0,-9999.0,-9999.0,-9999.0,-9999.0,orientation,size,color,0.38,11.0,2,female,1,2537.0593455999997,0,21
2683,-9999.0,-9999.0,-9999.0,-9999.0,-9999.0,-9999.0,-9999.0,-9999.0,-9999.0,orientation,size,color,0.38,11.0,2,female,1,2537.0593455999997,0,21
2684,-9999.0,-9999.0,-9999.0,-9999.0,-9999.0,-9999.0,-9999.0,-9999.0,-9999.0,orientation,size,color,0.38,11.0,2,female,1,2537.0593455999997,0,21
2685,-9999.0,-9999.0,-9999.0,-9999.0,-9999.0,-9999.0,-9999.0,-9999.0,-9999.0,orientation,size,color,0.38,11.0,2,female,1,2537.0593455999997,0,21
2686,-9999.0,-9999.0,-9999.0,-9999.0,-9999.0,-9999.0,-9999.0,-9999.0,-9999.0,orientation,size,color,0.38,11.0,2,female,1,2537.0593455999997,0,21
2687,-9999.0,-9999.0,-9999.0,-9999.0,-9999.0,-9999.0,-9999.0,-9999.0,-9999.0,orientation,size,color,0.38,11.0,2,female,1,2537.0593455999997,0,21
2688,-9999.0,-9999.0,-9999.0,-9999.0,-9999.0,-9999.0,-9999.0,-9999.0,-9999.0,orientation,size,color,0.38,11.0,2,female,1,2537.0593455999997,0,21
2689,-9999.0,-9999.0,-9999.0,-9999.0,-9999.0,-9999.0,-9999.0,-9999.0,-9999.0,orientation,size,color,0.38,11.0,2,female,1,2537.0593455999997,0,21
2690,-9999.0,-9999.0,-9999.0,-9999.0,-9999.0,-9999.0,-9999.0,-9999.0,-9999.0,orientation,size,color,0.38,11.0,2,female,1,2537.0593455999997,0,21
2691,-9999.0,-9999.0,-9999.0,-9999.0,-9999.0,-9999.0,-9999.0,-9999.0,-9999.0,orientation,size,color,0.38,11.0,2,female,1,2537.0593455999997,0,21
2692,-9999.0,-9999.0,-9999.0,-9999.0,-9999.0,-9999.0,-9999.0,-9999.0,-9999.0,orientation,size,color,0.38,11.0,2,female,1,2537.0593455999997,0,21
2693,-9999.0,-9999.0,-9999.0,-9999.0,-9999.0,-9999.0,-9999.0,-9999.0,-9999.0,orientation,size,color,0.38,11.0,2,female,1,2537.0593455999997,0,21
2694,-9999.0,-9999.0,-9999.0,-9999.0,-9999.0,-9999.0,-9999.0,-9999.0,-9999.0,orientation,size,color,0.38,11.0,2,female,1,2537.0593455999997,0,21
2695,-9999.0,-9999.0,-9999.0,-9999.0,-9999.0,-9999.0,-9999.0,-9999.0,-9999.0,orientation,size,color,0.38,11.0,2,female,1,2537.0593455999997,0,21
2696,-9999.0,-9999.0,-9999.0,-9999.0,-9999.0,-9999.0,-9999.0,-9999.0,-9999.0,orientation,size,color,0.38,11.0,2,female,1,2537.0593455999997,0,21
2697,-9999.0,-9999.0,-9999.0,-9999.0,-9999.0,-9999.0,-9999.0,-9999.0,-9999.0,orientation,size,color,0.38,11.0,2,female,1,2537.0593455999997,0,21
2698,-9999.0,-9999.0,-9999.0,-9999.0,-9999.0,-9999.0,-9999.0,-9999.0,-9999.0,orientation,size,color,0.38,11.0,2,female,1,2537.0593455999997,0,21
2699,-9999.0,-9999.0,-9999.0,-9999.0,-9999.0,-9999.0,-9999.0,-9999.0,-9999.0,orientation,size,color,0.38,11.0,2,female,1,2537.0593455999997,0,21
2700,-9999.0,-9999.0,-9999.0,-9999.0,-9999.0,-9999.0,-9999.0,-9999.0,-9999.0,orientation,size,color,0.38,11.0,2,female,1,2537.0593455999997,0,21
2701,-9999.0,-9999.0,-9999.0,-9999.0,-9999.0,-9999.0,-9999.0,-9999.0,-9999.0,orientation,size,color,0.38,11.0,2,female,1,2537.0593455999997,0,21
2702,-9999.0,-9999.0,-9999.0,-9999.0,-9999.0,-9999.0,-9999.0,-9999.0,-9999.0,orientation,size,color,0.38,11.0,2,female,1,2537.0593455999997,0,21
2703,-9999.0,-9999.0,-9999.0,-9999.0,-9999.0,-9999.0,-9999.0,-9999.0,-9999.0,orientation,size,color,0.38,11.0,2,female,1,2537.0593455999997,0,21
2704,-9999.0,-9999.0,-9999.0,-9999.0,-9999.0,-9999.0,-9999.0,-9999.0,-9999.0,orientation,size,color,0.38,11.0,2,female,1,2537.0593455999997,0,21
2705,-9999.0,-9999.0,-9999.0,-9999.0,-9999.0,-9999.0,-9999.0,-9999.0,-9999.0,orientation,size,color,0.38,11.0,2,female,1,2537.0593455999997,0,21
2706,-9999.0,-9999.0,-9999.0,-9999.0,-9999.0,-9999.0,-9999.0,-9999.0,-9999.0,orientation,size,color,0.38,11.0,2,female,1,2537.0593455999997,0,21
2707,-9999.0,-9999.0,-9999.0,-9999.0,-9999.0,-9999.0,-9999.0,-9999.0,-9999.0,orientation,size,color,0.38,11.0,2,female,1,2537.0593455999997,0,21
2708,-9999.0,-9999.0,-9999.0,-9999.0,-9999.0,-9999.0,-9999.0,-9999.0,-9999.0,orientation,size,color,0.38,11.0,2,female,1,2537.0593455999997,0,21
2709,-9999.0,-9999.0,-9999.0,-9999.0,-9999.0,-9999.0,-9999.0,-9999.0,-9999.0,orientation,size,color,0.38,11.0,2,female,1,2537.0593455999997,0,21
2710,-9999.0,-9999.0,-9999.0,-9999.0,-9999.0,-9999.0,-9999.0,-9999.0,-9999.0,orientation,size,color,0.38,11.0,2,female,1,2537.0593455999997,0,21
2711,-9999.0,-9999.0,-9999.0,-9999.0,-9999.0,-9999.0,-9999.0,-9999.0,-9999.0,orientation,size,color,0.38,11.0,2,female,1,2537.0593455999997,0,21
2712,-9999.0,-9999.0,-9999.0,-9999.0,-9999.0,-9999.0,-9999.0,-9999.0,-9999.0,orientation,size,color,0.38,11.0,2,female,1,2537.0593455999997,0,21
2713,-9999.0,-9999.0,-9999.0,-9999.0,-9999.0,-9999.0,-9999.0,-9999.0,-9999.0,orientation,size,color,0.38,11.0,2,female,1,2537.0593455999997,0,21
2714,-9999.0,-9999.0,-9999.0,-9999.0,-9999.0,-9999.0,-9999.0,-9999.0,-9999.0,orientation,size,color,0.38,11.0,2,female,1,2537.0593455999997,0,21
2715,-9999.0,-9999.0,-9999.0,-9999.0,-9999.0,-9999.0,-9999.0,-9999.0,-9999.0,orientation,size,color,0.38,11.0,2,female,1,2537.0593455999997,0,21
2716,-9999.0,-9999.0,-9999.0,-9999.0,-9999.0,-9999.0,-9999.0,-9999.0,-9999.0,orientation,size,color,0.38,11.0,2,female,1,2537.0593455999997,0,21
2717,-9999.0,-9999.0,-9999.0,-9999.0,-9999.0,-9999.0,-9999.0,-9999.0,-9999.0,orientation,size,color,0.38,11.0,2,female,1,2537.0593455999997,0,21
2718,-9999.0,-9999.0,-9999.0,-9999.0,-9999.0,-9999.0,-9999.0,-9999.0,-9999.0,orientation,size,color,0.38,11.0,2,female,1,2537.0593455999997,0,21
2719,-9999.0,-9999.0,-9999.0,-9999.0,-9999.0,-9999.0,-9999.0,-9999.0,-9999.0,orientation,size,color,0.38,11.0,2,female,1,2537.0593455999997,0,21
2720,-9999.0,-9999.0,-9999.0,-9999.0,-9999.0,-9999.0,-9999.0,-9999.0,-9999.0,orientation,size,color,0.38,11.0,2,female,1,2537.0593455999997,0,21
2721,-9999.0,-9999.0,-9999.0,-9999.0,-9999.0,-9999.0,-9999.0,-9999.0,-9999.0,orientation,size,color,0.38,11.0,2,female,1,2537.0593455999997,0,21
2722,-9999.0,-9999.0,-9999.0,-9999.0,-9999.0,-9999.0,-9999.0,-9999.0,-9999.0,orientation,size,color,0.38,11.0,2,female,1,2537.0593455999997,0,21
2723,-9999.0,-9999.0,-9999.0,-9999.0,-9999.0,-9999.0,-9999.0,-9999.0,-9999.0,orientation,size,color,0.38,11.0,2,female,1,2537.0593455999997,0,21
2724,-9999.0,-9999.0,-9999.0,-9999.0,-9999.0,-9999.0,-9999.0,-9999.0,-9999.0,orientation,size,color,0.38,11.0,2,female,1,2537.0593455999997,0,21
2725,-9999.0,-9999.0,-9999.0,-9999.0,-9999.0,-9999.0,-9999.0,-9999.0,-9999.0,orientation,size,color,0.38,11.0,2,female,1,2537.0593455999997,0,21
2726,-9999.0,-9999.0,-9999.0,-9999.0,-9999.0,-9999.0,-9999.0,-9999.0,-9999.0,orientation,size,color,0.38,11.0,2,female,1,2537.0593455999997,0,21
2727,-9999.0,-9999.0,-9999.0,-9999.0,-9999.0,-9999.0,-9999.0,-9999.0,-9999.0,orientation,size,color,0.38,11.0,2,female,1,2537.0593455999997,0,21
2728,-9999.0,-9999.0,-9999.0,-9999.0,-9999.0,-9999.0,-9999.0,-9999.0,-9999.0,orientation,size,color,0.38,11.0,2,female,1,2537.0593455999997,0,21
2729,-9999.0,-9999.0,-9999.0,-9999.0,-9999.0,-9999.0,-9999.0,-9999.0,-9999.0,orientation,size,color,0.38,11.0,2,female,1,2537.0593455999997,0,21
2730,-9999.0,-9999.0,-9999.0,-9999.0,-9999.0,-9999.0,-9999.0,-9999.0,-9999.0,orientation,size,color,0.38,11.0,2,female,1,2537.0593455999997,0,21
2731,-9999.0,-9999.0,-9999.0,-9999.0,-9999.0,-9999.0,-9999.0,-9999.0,-9999.0,orientation,size,color,0.38,11.0,2,female,1,2537.0593455999997,0,21
2732,-9999.0,-9999.0,-9999.0,-9999.0,-9999.0,-9999.0,-9999.0,-9999.0,-9999.0,orientation,size,color,0.38,11.0,2,female,1,2537.0593455999997,0,21
2733,-9999.0,-9999.0,-9999.0,-9999.0,-9999.0,-9999.0,-9999.0,-9999.0,-9999.0,orientation,size,color,0.38,11.0,2,female,1,2537.0593455999997,0,21
2734,-9999.0,-9999.0,-9999.0,-9999.0,-9999.0,-9999.0,-9999.0,-9999.0,-9999.0,orientation,size,color,0.38,11.0,2,female,1,2537.0593455999997,0,21
2735,-9999.0,-9999.0,-9999.0,-9999.0,-9999.0,-9999.0,-9999.0,-9999.0,-9999.0,orientation,size,color,0.38,11.0,2,female,1,2537.0593455999997,0,21
2736,-9999.0,-9999.0,-9999.0,-9999.0,-9999.0,-9999.0,-9999.0,-9999.0,-9999.0,orientation,size,color,0.38,11.0,2,female,1,2537.0593455999997,0,21
2737,-9999.0,-9999.0,-9999.0,-9999.0,-9999.0,-9999.0,-9999.0,-9999.0,-9999.0,orientation,size,color,0.38,11.0,2,female,1,2537.0593455999997,0,21
2738,-9999.0,-9999.0,-9999.0,-9999.0,-9999.0,-9999.0,-9999.0,-9999.0,-9999.0,orientation,size,color,0.38,11.0,2,female,1,2537.0593455999997,0,21
2739,-9999.0,-9999.0,-9999.0,-9999.0,-9999.0,-9999.0,-9999.0,-9999.0,-9999.0,orientation,size,color,0.38,11.0,2,female,1,2537.0593455999997,0,21
2740,-9999.0,-9999.0,-9999.0,-9999.0,-9999.0,-9999.0,-9999.0,-9999.0,-9999.0,orientation,size,color,0.38,11.0,2,female,1,2537.0593455999997,0,21
2741,-9999.0,-9999.0,-9999.0,-9999.0,-9999.0,-9999.0,-9999.0,-9999.0,-9999.0,orientation,size,color,0.38,11.0,2,female,1,2537.0593455999997,0,21
2742,-9999.0,-9999.0,-9999.0,-9999.0,-9999.0,-9999.0,-9999.0,-9999.0,-9999.0,orientation,size,color,0.38,11.0,2,female,1,2537.0593455999997,0,21
2743,-9999.0,-9999.0,-9999.0,-9999.0,-9999.0,-9999.0,-9999.0,-9999.0,-9999.0,orientation,size,color,0.38,11.0,2,female,1,2537.0593455999997,0,21
2744,-9999.0,-9999.0,-9999.0,-9999.0,-9999.0,-9999.0,-9999.0,-9999.0,-9999.0,orientation,size,color,0.38,11.0,2,female,1,2537.0593455999997,0,21
2745,-9999.0,-9999.0,-9999.0,-9999.0,-9999.0,-9999.0,-9999.0,-9999.0,-9999.0,orientation,size,color,0.38,11.0,2,female,1,2537.0593455999997,0,21
2746,-9999.0,-9999.0,-9999.0,-9999.0,-9999.0,-9999.0,-9999.0,-9999.0,-9999.0,orientation,size,color,0.38,11.0,2,female,1,2537.0593455999997,0,21
2747,-9999.0,-9999.0,-9999.0,-9999.0,-9999.0,-9999.0,-9999.0,-9999.0,-9999.0,orientation,size,color,0.38,11.0,2,female,1,2537.0593455999997,0,21
2748,-9999.0,-9999.0,-9999.0,-9999.0,-9999.0,-9999.0,-9999.0,-9999.0,-9999.0,orientation,size,color,0.38,11.0,2,female,1,2537.0593455999997,0,21
2749,-9999.0,-9999.0,-9999.0,-9999.0,-9999.0,-9999.0,-9999.0,-9999.0,-9999.0,orientation,size,color,0.38,11.0,2,female,1,2537.0593455999997,0,21
2750,-9999.0,-9999.0,-9999.0,-9999.0,-9999.0,-9999.0,-9999.0,-9999.0,-9999.0,orientation,size,color,0.38,11.0,2,female,1,2537.0593455999997,0,21
2751,-9999.0,-9999.0,-9999.0,-9999.0,-9999.0,-9999.0,-9999.0,-9999.0,-9999.0,orientation,size,color,0.38,11.0,2,female,1,2537.0593455999997,0,21
2752,-9999.0,-9999.0,-9999.0,-9999.0,-9999.0,-9999.0,-9999.0,-9999.0,-9999.0,orientation,size,color,0.38,11.0,2,female,1,2537.0593455999997,0,21
2753,-9999.0,-9999.0,-9999.0,-9999.0,-9999.0,-9999.0,-9999.0,-9999.0,-9999.0,orientation,size,color,0.38,11.0,2,female,1,2537.0593455999997,0,21
2754,-9999.0,-9999.0,-9999.0,-9999.0,-9999.0,-9999.0,-9999.0,-9999.0,-9999.0,orientation,size,color,0.38,11.0,2,female,1,2537.0593455999997,0,21
2755,-9999.0,-9999.0,-9999.0,-9999.0,-9999.0,-9999.0,-9999.0,-9999.0,-9999.0,orientation,size,color,0.38,11.0,2,female,1,2537.0593455999997,0,21
2756,-9999.0,-9999.0,-9999.0,-9999.0,-9999.0,-9999.0,-9999.0,-9999.0,-9999.0,orientation,size,color,0.38,11.0,2,female,1,2537.0593455999997,0,21
2757,-9999.0,-9999.0,-9999.0,-9999.0,-9999.0,-9999.0,-9999.0,-9999.0,-9999.0,orientation,size,color,0.38,11.0,2,female,1,2537.0593455999997,0,21
2758,-9999.0,-9999.0,-9999.0,-9999.0,-9999.0,-9999.0,-9999.0,-9999.0,-9999.0,orientation,size,color,0.38,11.0,2,female,1,2537.0593455999997,0,21
2759,-9999.0,-9999.0,-9999.0,-9999.0,-9999.0,-9999.0,-9999.0,-9999.0,-9999.0,orientation,size,color,0.38,11.0,2,female,1,2537.0593455999997,0,21
2760,-9999.0,-9999.0,-9999.0,-9999.0,-9999.0,-9999.0,-9999.0,-9999.0,-9999.0,orientation,size,color,0.38,11.0,2,female,1,2537.0593455999997,0,21
2761,-9999.0,-9999.0,-9999.0,-9999.0,-9999.0,-9999.0,-9999.0,-9999.0,-9999.0,orientation,size,color,0.38,11.0,2,female,1,2537.0593455999997,0,21
2762,-9999.0,-9999.0,-9999.0,-9999.0,-9999.0,-9999.0,-9999.0,-9999.0,-9999.0,orientation,size,color,0.38,11.0,2,female,1,2537.0593455999997,0,21
2763,-9999.0,-9999.0,-9999.0,-9999.0,-9999.0,-9999.0,-9999.0,-9999.0,-9999.0,orientation,size,color,0.38,11.0,2,female,1,2537.0593455999997,0,21
2764,-9999.0,-9999.0,-9999.0,-9999.0,-9999.0,-9999.0,-9999.0,-9999.0,-9999.0,orientation,size,color,0.38,11.0,2,female,1,2537.0593455999997,0,21
2765,-9999.0,-9999.0,-9999.0,-9999.0,-9999.0,-9999.0,-9999.0,-9999.0,-9999.0,orientation,size,color,0.38,11.0,2,female,1,2537.0593455999997,0,21
2766,-9999.0,-9999.0,-9999.0,-9999.0,-9999.0,-9999.0,-9999.0,-9999.0,-9999.0,orientation,size,color,0.38,11.0,2,female,1,2537.0593455999997,0,21
2767,-9999.0,-9999.0,-9999.0,-9999.0,-9999.0,-9999.0,-9999.0,-9999.0,-9999.0,orientation,size,color,0.38,11.0,2,female,1,2537.0593455999997,0,21
2768,-9999.0,-9999.0,-9999.0,-9999.0,-9999.0,-9999.0,-9999.0,-9999.0,-9999.0,orientation,size,color,0.38,11.0,2,female,1,2537.0593455999997,0,21
2769,-9999.0,-9999.0,-9999.0,-9999.0,-9999.0,-9999.0,-9999.0,-9999.0,-9999.0,orientation,size,color,0.38,11.0,2,female,1,2537.0593455999997,0,21
2770,-9999.0,-9999.0,-9999.0,-9999.0,-9999.0,-9999.0,-9999.0,-9999.0,-9999.0,orientation,size,color,0.38,11.0,2,female,1,2537.0593455999997,0,21
2771,-9999.0,-9999.0,-9999.0,-9999.0,-9999.0,-9999.0,-9999.0,-9999.0,-9999.0,orientation,size,color,0.38,11.0,2,female,1,2537.0593455999997,0,21
2772,-9999.0,-9999.0,-9999.0,-9999.0,-9999.0,-9999.0,-9999.0,-9999.0,-9999.0,orientation,size,color,0.38,11.0,2,female,1,2537.0593455999997,0,21
2773,-9999.0,-9999.0,-9999.0,-9999.0,-9999.0,-9999.0,-9999.0,-9999.0,-9999.0,orientation,size,color,0.38,11.0,2,female,1,2537.0593455999997,0,21
2774,-9999.0,-9999.0,-9999.0,-9999.0,-9999.0,-9999.0,-9999.0,-9999.0,-9999.0,orientation,size,color,0.38,11.0,2,female,1,2537.0593455999997,0,21
2775,-9999.0,-9999.0,-9999.0,-9999.0,-9999.0,-9999.0,-9999.0,-9999.0,-9999.0,orientation,size,color,0.38,11.0,2,female,1,2537.0593455999997,0,21
2776,-9999.0,-9999.0,-9999.0,-9999.0,-9999.0,-9999.0,-9999.0,-9999.0,-9999.0,orientation,size,color,0.38,11.0,2,female,1,2537.0593455999997,0,21
2777,-9999.0,-9999.0,-9999.0,-9999.0,-9999.0,-9999.0,-9999.0,-9999.0,-9999.0,orientation,size,color,0.38,11.0,2,female,1,2537.0593455999997,0,21
2778,-9999.0,-9999.0,-9999.0,-9999.0,-9999.0,-9999.0,-9999.0,-9999.0,-9999.0,orientation,size,color,0.38,11.0,2,female,1,2537.0593455999997,0,21
2779,-9999.0,-9999.0,-9999.0,-9999.0,-9999.0,-9999.0,-9999.0,-9999.0,-9999.0,orientation,size,color,0.38,11.0,2,female,1,2537.0593455999997,0,21
2780,-9999.0,-9999.0,-9999.0,-9999.0,-9999.0,-9999.0,-9999.0,-9999.0,-9999.0,orientation,size,color,0.38,11.0,2,female,1,2537.0593455999997,0,21
2781,-9999.0,-9999.0,-9999.0,-9999.0,-9999.0,-9999.0,-9999.0,-9999.0,-9999.0,orientation,size,color,0.38,11.0,2,female,1,2537.0593455999997,0,21
2782,-9999.0,-9999.0,-9999.0,-9999.0,-9999.0,-9999.0,-9999.0,-9999.0,-9999.0,orientation,size,color,0.38,11.0,2,female,1,2537.0593455999997,0,21
2783,-9999.0,-9999.0,-9999.0,-9999.0,-9999.0,-9999.0,-9999.0,-9999.0,-9999.0,orientation,size,color,0.38,11.0,2,female,1,2537.0593455999997,0,21
2784,-9999.0,-9999.0,-9999.0,-9999.0,-9999.0,-9999.0,-9999.0,-9999.0,-9999.0,orientation,size,color,0.38,11.0,2,female,1,2537.0593455999997,0,21
2785,-9999.0,-9999.0,-9999.0,-9999.0,-9999.0,-9999.0,-9999.0,-9999.0,-9999.0,orientation,size,color,0.38,11.0,2,female,1,2537.0593455999997,0,21
2786,-9999.0,-9999.0,-9999.0,-9999.0,-9999.0,-9999.0,-9999.0,-9999.0,-9999.0,orientation,size,color,0.38,11.0,2,female,1,2537.0593455999997,0,21
2787,-9999.0,-9999.0,-9999.0,-9999.0,-9999.0,-9999.0,-9999.0,-9999.0,-9999.0,orientation,size,color,0.38,11.0,2,female,1,2537.0593455999997,0,21
2788,-9999.0,-9999.0,-9999.0,-9999.0,-9999.0,-9999.0,-9999.0,-9999.0,-9999.0,orientation,size,color,0.38,11.0,2,female,1,2537.0593455999997,0,21
2789,-9999.0,-9999.0,-9999.0,-9999.0,-9999.0,-9999.0,-9999.0,-9999.0,-9999.0,orientation,size,color,0.38,11.0,2,female,1,2537.0593455999997,0,21
2790,-9999.0,-9999.0,-9999.0,-9999.0,-9999.0,-9999.0,-9999.0,-9999.0,-9999.0,orientation,size,color,0.38,11.0,2,female,1,2537.0593455999997,0,21
2791,-9999.0,-9999.0,-9999.0,-9999.0,-9999.0,-9999.0,-9999.0,-9999.0,-9999.0,orientation,size,color,0.38,11.0,2,female,1,2537.0593455999997,0,21
2792,-9999.0,-9999.0,-9999.0,-9999.0,-9999.0,-9999.0,-9999.0,-9999.0,-9999.0,orientation,size,color,0.38,11.0,2,female,1,2537.0593455999997,0,21
2793,-9999.0,-9999.0,-9999.0,-9999.0,-9999.0,-9999.0,-9999.0,-9999.0,-9999.0,orientation,size,color,0.38,11.0,2,female,1,2537.0593455999997,0,21
2794,-9999.0,-9999.0,-9999.0,-9999.0,-9999.0,-9999.0,-9999.0,-9999.0,-9999.0,orientation,size,color,0.38,11.0,2,female,1,2537.0593455999997,0,21
2795,-9999.0,-9999.0,-9999.0,-9999.0,-9999.0,-9999.0,-9999.0,-9999.0,-9999.0,orientation,size,color,0.38,11.0,2,female,1,2537.0593455999997,0,21
2796,-9999.0,-9999.0,-9999.0,-9999.0,-9999.0,-9999.0,-9999.0,-9999.0,-9999.0,orientation,size,color,0.38,11.0,2,female,1,2537.0593455999997,0,21
2797,-9999.0,-9999.0,-9999.0,-9999.0,-9999.0,-9999.0,-9999.0,-9999.0,-9999.0,orientation,size,color,0.38,11.0,2,female,1,2537.0593455999997,0,21
2798,-9999.0,-9999.0,-9999.0,-9999.0,-9999.0,-9999.0,-9999.0,-9999.0,-9999.0,orientation,size,color,0.38,11.0,2,female,1,2537.0593455999997,0,21
2799,-9999.0,-9999.0,-9999.0,-9999.0,-9999.0,-9999.0,-9999.0,-9999.0,-9999.0,orientation,size,color,0.38,11.0,2,female,1,2537.0593455999997,0,21
2800,-9999.0,-9999.0,-9999.0,-9999.0,-9999.0,-9999.0,-9999.0,-9999.0,-9999.0,orientation,size,color,0.38,11.0,2,female,1,2537.0593455999997,0,21
2801,-9999.0,-9999.0,-9999.0,-9999.0,-9999.0,-9999.0,-9999.0,-9999.0,-9999.0,orientation,size,color,0.38,11.0,2,female,1,2537.0593455999997,0,21
2802,-9999.0,-9999.0,-9999.0,-9999.0,-9999.0,-9999.0,-9999.0,-9999.0,-9999.0,orientation,size,color,0.38,11.0,2,female,1,2537.0593455999997,0,21
2803,-9999.0,-9999.0,-9999.0,-9999.0,-9999.0,-9999.0,-9999.0,-9999.0,-9999.0,orientation,size,color,0.38,11.0,2,female,1,2537.0593455999997,0,21
2804,-9999.0,-9999.0,-9999.0,-9999.0,-9999.0,-9999.0,-9999.0,-9999.0,-9999.0,orientation,size,color,0.38,11.0,2,female,1,2537.0593455999997,0,21
2805,-9999.0,-9999.0,-9999.0,-9999.0,-9999.0,-9999.0,-9999.0,-9999.0,-9999.0,orientation,size,color,0.38,11.0,2,female,1,2537.0593455999997,0,21
2806,-9999.0,-9999.0,-9999.0,-9999.0,-9999.0,-9999.0,-9999.0,-9999.0,-9999.0,orientation,size,color,0.38,11.0,2,female,1,2537.0593455999997,0,21
2807,-9999.0,-9999.0,-9999.0,-9999.0,-9999.0,-9999.0,-9999.0,-9999.0,-9999.0,orientation,size,color,0.38,11.0,2,female,1,2537.0593455999997,0,21
2808,-9999.0,-9999.0,-9999.0,-9999.0,-9999.0,-9999.0,-9999.0,-9999.0,-9999.0,orientation,size,color,0.38,11.0,2,female,1,2537.0593455999997,0,21
2809,-9999.0,-9999.0,-9999.0,-9999.0,-9999.0,-9999.0,-9999.0,-9999.0,-9999.0,orientation,size,color,0.38,11.0,2,female,1,2537.0593455999997,0,21
2810,-9999.0,-9999.0,-9999.0,-9999.0,-9999.0,-9999.0,-9999.0,-9999.0,-9999.0,orientation,size,color,0.38,11.0,2,female,1,2537.0593455999997,0,21
2811,-9999.0,-9999.0,-9999.0,-9999.0,-9999.0,-9999.0,-9999.0,-9999.0,-9999.0,orientation,size,color,0.38,11.0,2,female,1,2537.0593455999997,0,21
2812,-9999.0,-9999.0,-9999.0,-9999.0,-9999.0,-9999.0,-9999.0,-9999.0,-9999.0,orientation,size,color,0.38,11.0,2,female,1,2537.0593455999997,0,21
2813,-9999.0,-9999.0,-9999.0,-9999.0,-9999.0,-9999.0,-9999.0,-9999.0,-9999.0,orientation,size,color,0.38,11.0,2,female,1,2537.0593455999997,0,21
2814,-9999.0,-9999.0,-9999.0,-9999.0,-9999.0,-9999.0,-9999.0,-9999.0,-9999.0,orientation,size,color,0.38,11.0,2,female,1,2537.0593455999997,0,21
2815,-9999.0,-9999.0,-9999.0,-9999.0,-9999.0,-9999.0,-9999.0,-9999.0,-9999.0,orientation,size,color,0.38,11.0,2,female,1,2537.0593455999997,0,21
2816,-9999.0,-9999.0,-9999.0,-9999.0,-9999.0,-9999.0,-9999.0,-9999.0,-9999.0,orientation,size,color,0.38,11.0,2,female,1,2537.0593455999997,0,21
2817,-9999.0,-9999.0,-9999.0,-9999.0,-9999.0,-9999.0,-9999.0,-9999.0,-9999.0,orientation,size,color,0.38,11.0,2,female,1,2537.0593455999997,0,21
2818,-9999.0,-9999.0,-9999.0,-9999.0,-9999.0,-9999.0,-9999.0,-9999.0,-9999.0,orientation,size,color,0.38,11.0,2,female,1,2537.0593455999997,0,21
2819,-9999.0,-9999.0,-9999.0,-9999.0,-9999.0,-9999.0,-9999.0,-9999.0,-9999.0,orientation,size,color,0.38,11.0,2,female,1,2537.0593455999997,0,21
2820,-9999.0,-9999.0,-9999.0,-9999.0,-9999.0,-9999.0,-9999.0,-9999.0,-9999.0,orientation,size,color,0.38,11.0,2,female,1,2537.0593455999997,0,21
2821,-9999.0,-9999.0,-9999.0,-9999.0,-9999.0,-9999.0,-9999.0,-9999.0,-9999.0,orientation,size,color,0.38,11.0,2,female,1,2537.0593455999997,0,21
2822,-9999.0,-9999.0,-9999.0,-9999.0,-9999.0,-9999.0,-9999.0,-9999.0,-9999.0,orientation,size,color,0.38,11.0,2,female,1,2537.0593455999997,0,21
2823,-9999.0,-9999.0,-9999.0,-9999.0,-9999.0,-9999.0,-9999.0,-9999.0,-9999.0,orientation,size,color,0.38,11.0,2,female,1,2537.0593455999997,0,21
2824,-9999.0,-9999.0,-9999.0,-9999.0,-9999.0,-9999.0,-9999.0,-9999.0,-9999.0,orientation,size,color,0.38,11.0,2,female,1,2537.0593455999997,0,21
2825,-9999.0,-9999.0,-9999.0,-9999.0,-9999.0,-9999.0,-9999.0,-9999.0,-9999.0,orientation,size,color,0.38,11.0,2,female,1,2537.0593455999997,0,21
2826,-9999.0,-9999.0,-9999.0,-9999.0,-9999.0,-9999.0,-9999.0,-9999.0,-9999.0,orientation,size,color,0.38,11.0,2,female,1,2537.0593455999997,0,21
2827,-9999.0,-9999.0,-9999.0,-9999.0,-9999.0,-9999.0,-9999.0,-9999.0,-9999.0,orientation,size,color,0.38,11.0,2,female,1,2537.0593455999997,0,21
2828,-9999.0,-9999.0,-9999.0,-9999.0,-9999.0,-9999.0,-9999.0,-9999.0,-9999.0,orientation,size,color,0.38,11.0,2,female,1,2537.0593455999997,0,21
2829,-9999.0,-9999.0,-9999.0,-9999.0,-9999.0,-9999.0,-9999.0,-9999.0,-9999.0,orientation,size,color,0.38,11.0,2,female,1,2537.0593455999997,0,21
2830,-9999.0,-9999.0,-9999.0,-9999.0,-9999.0,-9999.0,-9999.0,-9999.0,-9999.0,orientation,size,color,0.38,11.0,2,female,1,2537.0593455999997,0,21
2831,-9999.0,-9999.0,-9999.0,-9999.0,-9999.0,-9999.0,-9999.0,-9999.0,-9999.0,orientation,size,color,0.38,11.0,2,female,1,2537.0593455999997,0,21
2832,-9999.0,-9999.0,-9999.0,-9999.0,-9999.0,-9999.0,-9999.0,-9999.0,-9999.0,orientation,size,color,0.38,11.0,2,female,1,2537.0593455999997,0,21
2833,-9999.0,-9999.0,-9999.0,-9999.0,-9999.0,-9999.0,-9999.0,-9999.0,-9999.0,orientation,size,color,0.38,11.0,2,female,1,2537.0593455999997,0,21
2834,-9999.0,-9999.0,-9999.0,-9999.0,-9999.0,-9999.0,-9999.0,-9999.0,-9999.0,orientation,size,color,0.38,11.0,2,female,1,2537.0593455999997,0,21
2835,-9999.0,-9999.0,-9999.0,-9999.0,-9999.0,-9999.0,-9999.0,-9999.0,-9999.0,orientation,size,color,0.38,11.0,2,female,1,2537.0593455999997,0,21
2836,-9999.0,-9999.0,-9999.0,-9999.0,-9999.0,-9999.0,-9999.0,-9999.0,-9999.0,orientation,size,color,0.38,11.0,2,female,1,2537.0593455999997,0,21
2837,-9999.0,-9999.0,-9999.0,-9999.0,-9999.0,-9999.0,-9999.0,-9999.0,-9999.0,orientation,size,color,0.38,11.0,2,female,1,2537.0593455999997,0,21
2838,-9999.0,-9999.0,-9999.0,-9999.0,-9999.0,-9999.0,-9999.0,-9999.0,-9999.0,orientation,size,color,0.38,11.0,2,female,1,2537.0593455999997,0,21
2839,-9999.0,-9999.0,-9999.0,-9999.0,-9999.0,-9999.0,-9999.0,-9999.0,-9999.0,orientation,size,color,0.38,11.0,2,female,1,2537.0593455999997,0,21
2840,-9999.0,-9999.0,-9999.0,-9999.0,-9999.0,-9999.0,-9999.0,-9999.0,-9999.0,orientation,size,color,0.38,11.0,2,female,1,2537.0593455999997,0,21
2841,-9999.0,-9999.0,-9999.0,-9999.0,-9999.0,-9999.0,-9999.0,-9999.0,-9999.0,orientation,size,color,0.38,11.0,2,female,1,2537.0593455999997,0,21
2842,-9999.0,-9999.0,-9999.0,-9999.0,-9999.0,-9999.0,-9999.0,-9999.0,-9999.0,orientation,size,color,0.38,11.0,2,female,1,2537.0593455999997,0,21
2843,-9999.0,-9999.0,-9999.0,-9999.0,-9999.0,-9999.0,-9999.0,-9999.0,-9999.0,orientation,size,color,0.38,11.0,2,female,1,2537.0593455999997,0,21
2844,-9999.0,-9999.0,-9999.0,-9999.0,-9999.0,-9999.0,-9999.0,-9999.0,-9999.0,orientation,size,color,0.38,11.0,2,female,1,2537.0593455999997,0,21
2845,-9999.0,-9999.0,-9999.0,-9999.0,-9999.0,-9999.0,-9999.0,-9999.0,-9999.0,orientation,size,color,0.38,11.0,2,female,1,2537.0593455999997,0,21
2846,-9999.0,-9999.0,-9999.0,-9999.0,-9999.0,-9999.0,-9999.0,-9999.0,-9999.0,orientation,size,color,0.38,11.0,2,female,1,2537.0593455999997,0,21
2847,-9999.0,-9999.0,-9999.0,-9999.0,-9999.0,-9999.0,-9999.0,-9999.0,-9999.0,orientation,size,color,0.38,11.0,2,female,1,2537.0593455999997,0,21
2848,-9999.0,-9999.0,-9999.0,-9999.0,-9999.0,-9999.0,-9999.0,-9999.0,-9999.0,orientation,size,color,0.38,11.0,2,female,1,2537.0593455999997,0,21
2849,-9999.0,-9999.0,-9999.0,-9999.0,-9999.0,-9999.0,-9999.0,-9999.0,-9999.0,orientation,size,color,0.38,11.0,2,female,1,2537.0593455999997,0,21
2850,-9999.0,-9999.0,-9999.0,-9999.0,-9999.0,-9999.0,-9999.0,-9999.0,-9999.0,orientation,size,color,0.38,11.0,2,female,1,2537.0593455999997,0,21
2851,-9999.0,-9999.0,-9999.0,-9999.0,-9999.0,-9999.0,-9999.0,-9999.0,-9999.0,orientation,size,color,0.38,11.0,2,female,1,2537.0593455999997,0,21
2852,-9999.0,-9999.0,-9999.0,-9999.0,-9999.0,-9999.0,-9999.0,-9999.0,-9999.0,orientation,size,color,0.38,11.0,2,female,1,2537.0593455999997,0,21
2853,-9999.0,-9999.0,-9999.0,-9999.0,-9999.0,-9999.0,-9999.0,-9999.0,-9999.0,orientation,size,color,0.38,11.0,2,female,1,2537.0593455999997,0,21
2854,-9999.0,-9999.0,-9999.0,-9999.0,-9999.0,-9999.0,-9999.0,-9999.0,-9999.0,orientation,size,color,0.38,11.0,2,female,1,2537.0593455999997,0,21
2855,-9999.0,-9999.0,-9999.0,-9999.0,-9999.0,-9999.0,-9999.0,-9999.0,-9999.0,orientation,size,color,0.38,11.0,2,female,1,2537.0593455999997,0,21
2856,-9999.0,-9999.0,-9999.0,-9999.0,-9999.0,-9999.0,-9999.0,-9999.0,-9999.0,orientation,size,color,0.38,11.0,2,female,1,2537.0593455999997,0,21
2857,-9999.0,-9999.0,-9999.0,-9999.0,-9999.0,-9999.0,-9999.0,-9999.0,-9999.0,orientation,size,color,0.38,11.0,2,female,1,2537.0593455999997,0,21
2858,-9999.0,-9999.0,-9999.0,-9999.0,-9999.0,-9999.0,-9999.0,-9999.0,-9999.0,orientation,size,color,0.38,11.0,2,female,1,2537.0593455999997,0,21
2859,-9999.0,-9999.0,-9999.0,-9999.0,-9999.0,-9999.0,-9999.0,-9999.0,-9999.0,orientation,size,color,0.38,11.0,2,female,1,2537.0593455999997,0,21
2860,-9999.0,-9999.0,-9999.0,-9999.0,-9999.0,-9999.0,-9999.0,-9999.0,-9999.0,orientation,size,color,0.38,11.0,2,female,1,2537.0593455999997,0,21
2861,-9999.0,-9999.0,-9999.0,-9999.0,-9999.0,-9999.0,-9999.0,-9999.0,-9999.0,orientation,size,color,0.38,11.0,2,female,1,2537.0593455999997,0,21
2862,-9999.0,-9999.0,-9999.0,-9999.0,-9999.0,-9999.0,-9999.0,-9999.0,-9999.0,orientation,size,color,0.38,11.0,2,female,1,2537.0593455999997,0,21
2863,-9999.0,-9999.0,-9999.0,-9999.0,-9999.0,-9999.0,-9999.0,-9999.0,-9999.0,orientation,size,color,0.38,11.0,2,female,1,2537.0593455999997,0,21
2864,-9999.0,-9999.0,-9999.0,-9999.0,-9999.0,-9999.0,-9999.0,-9999.0,-9999.0,orientation,size,color,0.38,11.0,2,female,1,2537.0593455999997,0,21
2865,-9999.0,-9999.0,-9999.0,-9999.0,-9999.0,-9999.0,-9999.0,-9999.0,-9999.0,orientation,size,color,0.38,11.0,2,female,1,2537.0593455999997,0,21
2866,-9999.0,-9999.0,-9999.0,-9999.0,-9999.0,-9999.0,-9999.0,-9999.0,-9999.0,orientation,size,color,0.38,11.0,2,female,1,2537.0593455999997,0,21
2867,-9999.0,-9999.0,-9999.0,-9999.0,-9999.0,-9999.0,-9999.0,-9999.0,-9999.0,orientation,size,color,0.38,11.0,2,female,1,2537.0593455999997,0,21
2868,-9999.0,-9999.0,-9999.0,-9999.0,-9999.0,-9999.0,-9999.0,-9999.0,-9999.0,orientation,size,color,0.38,11.0,2,female,1,2537.0593455999997,0,21
2869,-9999.0,-9999.0,-9999.0,-9999.0,-9999.0,-9999.0,-9999.0,-9999.0,-9999.0,orientation,size,color,0.38,11.0,2,female,1,2537.0593455999997,0,21
2870,-9999.0,-9999.0,-9999.0,-9999.0,-9999.0,-9999.0,-9999.0,-9999.0,-9999.0,orientation,size,color,0.38,11.0,2,female,1,2537.0593455999997,0,21
2871,-9999.0,-9999.0,-9999.0,-9999.0,-9999.0,-9999.0,-9999.0,-9999.0,-9999.0,orientation,size,color,0.38,11.0,2,female,1,2537.0593455999997,0,21
2872,-9999.0,-9999.0,-9999.0,-9999.0,-9999.0,-9999.0,-9999.0,-9999.0,-9999.0,orientation,size,color,0.38,11.0,2,female,1,2537.0593455999997,0,21
2873,-9999.0,-9999.0,-9999.0,-9999.0,-9999.0,-9999.0,-9999.0,-9999.0,-9999.0,orientation,size,color,0.38,11.0,2,female,1,2537.0593455999997,0,21
2874,-9999.0,-9999.0,-9999.0,-9999.0,-9999.0,-9999.0,-9999.0,-9999.0,-9999.0,orientation,size,color,0.38,11.0,2,female,1,2537.0593455999997,0,21
2875,-9999.0,-9999.0,-9999.0,-9999.0,-9999.0,-9999.0,-9999.0,-9999.0,-9999.0,orientation,size,color,0.38,11.0,2,female,1,2537.0593455999997,0,21
2876,-9999.0,-9999.0,-9999.0,-9999.0,-9999.0,-9999.0,-9999.0,-9999.0,-9999.0,orientation,size,color,0.38,11.0,2,female,1,2537.0593455999997,0,21
2877,-9999.0,-9999.0,-9999.0,-9999.0,-9999.0,-9999.0,-9999.0,-9999.0,-9999.0,orientation,size,color,0.38,11.0,2,female,1,2537.0593455999997,0,21
2878,-9999.0,-9999.0,-9999.0,-9999.0,-9999.0,-9999.0,-9999.0,-9999.0,-9999.0,orientation,size,color,0.38,11.0,2,female,1,2537.0593455999997,0,21
2879,-9999.0,-9999.0,-9999.0,-9999.0,-9999.0,-9999.0,-9999.0,-9999.0,-9999.0,orientation,size,color,0.38,11.0,2,female,1,2537.0593455999997,0,21
2880,-9999.0,-9999.0,-9999.0,-9999.0,-9999.0,-9999.0,-9999.0,-9999.0,-9999.0,orientation,size,color,0.38,11.0,2,female,1,2537.0593455999997,0,21
2881,-9999.0,-9999.0,-9999.0,-9999.0,-9999.0,-9999.0,-9999.0,-9999.0,-9999.0,orientation,size,color,0.38,11.0,2,female,1,2537.0593455999997,0,21
2882,-9999.0,-9999.0,-9999.0,-9999.0,-9999.0,-9999.0,-9999.0,-9999.0,-9999.0,orientation,size,color,0.38,11.0,2,female,1,2537.0593455999997,0,21
2883,-9999.0,-9999.0,-9999.0,-9999.0,-9999.0,-9999.0,-9999.0,-9999.0,-9999.0,orientation,size,color,0.38,11.0,2,female,1,2537.0593455999997,0,21
2884,-9999.0,-9999.0,-9999.0,-9999.0,-9999.0,-9999.0,-9999.0,-9999.0,-9999.0,orientation,size,color,0.38,11.0,2,female,1,2537.0593455999997,0,21
2885,-9999.0,-9999.0,-9999.0,-9999.0,-9999.0,-9999.0,-9999.0,-9999.0,-9999.0,orientation,size,color,0.38,11.0,2,female,1,2537.0593455999997,0,21
2886,-9999.0,-9999.0,-9999.0,-9999.0,-9999.0,-9999.0,-9999.0,-9999.0,-9999.0,orientation,size,color,0.38,11.0,2,female,1,2537.0593455999997,0,21
2887,-9999.0,-9999.0,-9999.0,-9999.0,-9999.0,-9999.0,-9999.0,-9999.0,-9999.0,orientation,size,color,0.38,11.0,2,female,1,2537.0593455999997,0,21
2888,-9999.0,-9999.0,-9999.0,-9999.0,-9999.0,-9999.0,-9999.0,-9999.0,-9999.0,orientation,size,color,0.38,11.0,2,female,1,2537.0593455999997,0,21
2889,-9999.0,-9999.0,-9999.0,-9999.0,-9999.0,-9999.0,-9999.0,-9999.0,-9999.0,orientation,size,color,0.38,11.0,2,female,1,2537.0593455999997,0,21
2890,-9999.0,-9999.0,-9999.0,-9999.0,-9999.0,-9999.0,-9999.0,-9999.0,-9999.0,orientation,size,color,0.38,11.0,2,female,1,2537.0593455999997,0,21
2891,-9999.0,-9999.0,-9999.0,-9999.0,-9999.0,-9999.0,-9999.0,-9999.0,-9999.0,orientation,size,color,0.38,11.0,2,female,1,2537.0593455999997,0,21
2892,-9999.0,-9999.0,-9999.0,-9999.0,-9999.0,-9999.0,-9999.0,-9999.0,-9999.0,orientation,size,color,0.38,11.0,2,female,1,2537.0593455999997,0,21
2893,-9999.0,-9999.0,-9999.0,-9999.0,-9999.0,-9999.0,-9999.0,-9999.0,-9999.0,orientation,size,color,0.38,11.0,2,female,1,2537.0593455999997,0,21
2894,-9999.0,-9999.0,-9999.0,-9999.0,-9999.0,-9999.0,-9999.0,-9999.0,-9999.0,orientation,size,color,0.38,11.0,2,female,1,2537.0593455999997,0,21
2895,-9999.0,-9999.0,-9999.0,-9999.0,-9999.0,-9999.0,-9999.0,-9999.0,-9999.0,orientation,size,color,0.38,11.0,2,female,1,2537.0593455999997,0,21
2896,-9999.0,-9999.0,-9999.0,-9999.0,-9999.0,-9999.0,-9999.0,-9999.0,-9999.0,orientation,size,color,0.38,11.0,2,female,1,2537.0593455999997,0,21
2897,-9999.0,-9999.0,-9999.0,-9999.0,-9999.0,-9999.0,-9999.0,-9999.0,-9999.0,orientation,size,color,0.38,11.0,2,female,1,2537.0593455999997,0,21
2898,-9999.0,-9999.0,-9999.0,-9999.0,-9999.0,-9999.0,-9999.0,-9999.0,-9999.0,orientation,size,color,0.38,11.0,2,female,1,2537.0593455999997,0,21
2899,-9999.0,-9999.0,-9999.0,-9999.0,-9999.0,-9999.0,-9999.0,-9999.0,-9999.0,orientation,size,color,0.38,11.0,2,female,1,2537.0593455999997,0,21
2900,-9999.0,-9999.0,-9999.0,-9999.0,-9999.0,-9999.0,-9999.0,-9999.0,-9999.0,orientation,size,color,0.38,11.0,2,female,1,2537.0593455999997,0,21
2901,-9999.0,-9999.0,-9999.0,-9999.0,-9999.0,-9999.0,-9999.0,-9999.0,-9999.0,orientation,size,color,0.38,11.0,2,female,1,2537.0593455999997,0,21
2902,-9999.0,-9999.0,-9999.0,-9999.0,-9999.0,-9999.0,-9999.0,-9999.0,-9999.0,orientation,size,color,0.38,11.0,2,female,1,2537.0593455999997,0,21
2903,-9999.0,-9999.0,-9999.0,-9999.0,-9999.0,-9999.0,-9999.0,-9999.0,-9999.0,orientation,size,color,0.38,11.0,2,female,1,2537.0593455999997,0,21
2904,-9999.0,-9999.0,-9999.0,-9999.0,-9999.0,-9999.0,-9999.0,-9999.0,-9999.0,orientation,size,color,0.38,11.0,2,female,1,2537.0593455999997,0,21
2905,-9999.0,-9999.0,-9999.0,-9999.0,-9999.0,-9999.0,-9999.0,-9999.0,-9999.0,orientation,size,color,0.38,11.0,2,female,1,2537.0593455999997,0,21
2906,-9999.0,-9999.0,-9999.0,-9999.0,-9999.0,-9999.0,-9999.0,-9999.0,-9999.0,orientation,size,color,0.38,11.0,2,female,1,2537.0593455999997,0,21
2907,-9999.0,-9999.0,-9999.0,-9999.0,-9999.0,-9999.0,-9999.0,-9999.0,-9999.0,orientation,size,color,0.38,11.0,2,female,1,2537.0593455999997,0,21
2908,-9999.0,-9999.0,-9999.0,-9999.0,-9999.0,-9999.0,-9999.0,-9999.0,-9999.0,orientation,size,color,0.38,11.0,2,female,1,2537.0593455999997,0,21
2909,-9999.0,-9999.0,-9999.0,-9999.0,-9999.0,-9999.0,-9999.0,-9999.0,-9999.0,orientation,size,color,0.38,11.0,2,female,1,2537.0593455999997,0,21
2910,-9999.0,-9999.0,-9999.0,-9999.0,-9999.0,-9999.0,-9999.0,-9999.0,-9999.0,orientation,size,color,0.38,11.0,2,female,1,2537.0593455999997,0,21
2911,-9999.0,-9999.0,-9999.0,-9999.0,-9999.0,-9999.0,-9999.0,-9999.0,-9999.0,orientation,size,color,0.38,11.0,2,female,1,2537.0593455999997,0,21
2912,-9999.0,-9999.0,-9999.0,-9999.0,-9999.0,-9999.0,-9999.0,-9999.0,-9999.0,orientation,size,color,0.38,11.0,2,female,1,2537.0593455999997,0,21
2913,-9999.0,-9999.0,-9999.0,-9999.0,-9999.0,-9999.0,-9999.0,-9999.0,-9999.0,orientation,size,color,0.38,11.0,2,female,1,2537.0593455999997,0,21
2914,-9999.0,-9999.0,-9999.0,-9999.0,-9999.0,-9999.0,-9999.0,-9999.0,-9999.0,orientation,size,color,0.38,11.0,2,female,1,2537.0593455999997,0,21
2915,-9999.0,-9999.0,-9999.0,-9999.0,-9999.0,-9999.0,-9999.0,-9999.0,-9999.0,orientation,size,color,0.38,11.0,2,female,1,2537.0593455999997,0,21
2916,-9999.0,-9999.0,-9999.0,-9999.0,-9999.0,-9999.0,-9999.0,-9999.0,-9999.0,orientation,size,color,0.38,11.0,2,female,1,2537.0593455999997,0,21
2917,-9999.0,-9999.0,-9999.0,-9999.0,-9999.0,-9999.0,-9999.0,-9999.0,-9999.0,orientation,size,color,0.38,11.0,2,female,1,2537.0593455999997,0,21
2918,-9999.0,-9999.0,-9999.0,-9999.0,-9999.0,-9999.0,-9999.0,-9999.0,-9999.0,orientation,size,color,0.38,11.0,2,female,1,2537.0593455999997,0,21
2919,-9999.0,-9999.0,-9999.0,-9999.0,-9999.0,-9999.0,-9999.0,-9999.0,-9999.0,orientation,size,color,0.38,11.0,2,female,1,2537.0593455999997,0,21
2920,-9999.0,-9999.0,-9999.0,-9999.0,-9999.0,-9999.0,-9999.0,-9999.0,-9999.0,orientation,size,color,0.38,11.0,2,female,1,2537.0593455999997,0,21
2921,-9999.0,-9999.0,-9999.0,-9999.0,-9999.0,-9999.0,-9999.0,-9999.0,-9999.0,orientation,size,color,0.38,11.0,2,female,1,2537.0593455999997,0,21
2922,-9999.0,-9999.0,-9999.0,-9999.0,-9999.0,-9999.0,-9999.0,-9999.0,-9999.0,orientation,size,color,0.38,11.0,2,female,1,2537.0593455999997,0,21
2923,-9999.0,-9999.0,-9999.0,-9999.0,-9999.0,-9999.0,-9999.0,-9999.0,-9999.0,orientation,size,color,0.38,11.0,2,female,1,2537.0593455999997,0,21
2924,-9999.0,-9999.0,-9999.0,-9999.0,-9999.0,-9999.0,-9999.0,-9999.0,-9999.0,orientation,size,color,0.38,11.0,2,female,1,2537.0593455999997,0,21
2925,-9999.0,-9999.0,-9999.0,-9999.0,-9999.0,-9999.0,-9999.0,-9999.0,-9999.0,orientation,size,color,0.38,11.0,2,female,1,2537.0593455999997,0,21
2926,-9999.0,-9999.0,-9999.0,-9999.0,-9999.0,-9999.0,-9999.0,-9999.0,-9999.0,orientation,size,color,0.38,11.0,2,female,1,2537.0593455999997,0,21
2927,-9999.0,-9999.0,-9999.0,-9999.0,-9999.0,-9999.0,-9999.0,-9999.0,-9999.0,orientation,size,color,0.38,11.0,2,female,1,2537.0593455999997,0,21
2928,-9999.0,-9999.0,-9999.0,-9999.0,-9999.0,-9999.0,-9999.0,-9999.0,-9999.0,orientation,size,color,0.38,11.0,2,female,1,2537.0593455999997,0,21
2929,-9999.0,-9999.0,-9999.0,-9999.0,-9999.0,-9999.0,-9999.0,-9999.0,-9999.0,orientation,size,color,0.38,11.0,2,female,1,2537.0593455999997,0,21
2930,-9999.0,-9999.0,-9999.0,-9999.0,-9999.0,-9999.0,-9999.0,-9999.0,-9999.0,orientation,size,color,0.38,11.0,2,female,1,2537.0593455999997,0,21
2931,-9999.0,-9999.0,-9999.0,-9999.0,-9999.0,-9999.0,-9999.0,-9999.0,-9999.0,orientation,size,color,0.38,11.0,2,female,1,2537.0593455999997,0,21
2932,-9999.0,-9999.0,-9999.0,-9999.0,-9999.0,-9999.0,-9999.0,-9999.0,-9999.0,orientation,size,color,0.38,11.0,2,female,1,2537.0593455999997,0,21
2933,-9999.0,-9999.0,-9999.0,-9999.0,-9999.0,-9999.0,-9999.0,-9999.0,-9999.0,orientation,size,color,0.38,11.0,2,female,1,2537.0593455999997,0,21
2934,-9999.0,-9999.0,-9999.0,-9999.0,-9999.0,-9999.0,-9999.0,-9999.0,-9999.0,orientation,size,color,0.38,11.0,2,female,1,2537.0593455999997,0,21
2935,-9999.0,-9999.0,-9999.0,-9999.0,-9999.0,-9999.0,-9999.0,-9999.0,-9999.0,orientation,size,color,0.38,11.0,2,female,1,2537.0593455999997,0,21
2936,-9999.0,-9999.0,-9999.0,-9999.0,-9999.0,-9999.0,-9999.0,-9999.0,-9999.0,orientation,size,color,0.38,11.0,2,female,1,2537.0593455999997,0,21
2937,-9999.0,-9999.0,-9999.0,-9999.0,-9999.0,-9999.0,-9999.0,-9999.0,-9999.0,orientation,size,color,0.38,11.0,2,female,1,2537.0593455999997,0,21
2938,-9999.0,-9999.0,-9999.0,-9999.0,-9999.0,-9999.0,-9999.0,-9999.0,-9999.0,orientation,size,color,0.38,11.0,2,female,1,2537.0593455999997,0,21
2939,-9999.0,-9999.0,-9999.0,-9999.0,-9999.0,-9999.0,-9999.0,-9999.0,-9999.0,orientation,size,color,0.38,11.0,2,female,1,2537.0593455999997,0,21
2940,-9999.0,-9999.0,-9999.0,-9999.0,-9999.0,-9999.0,-9999.0,-9999.0,-9999.0,orientation,size,color,0.38,11.0,2,female,1,2537.0593455999997,0,21
2941,-9999.0,-9999.0,-9999.0,-9999.0,-9999.0,-9999.0,-9999.0,-9999.0,-9999.0,orientation,size,color,0.38,11.0,2,female,1,2537.0593455999997,0,21
2942,-9999.0,-9999.0,-9999.0,-9999.0,-9999.0,-9999.0,-9999.0,-9999.0,-9999.0,orientation,size,color,0.38,11.0,2,female,1,2537.0593455999997,0,21
2943,-9999.0,-9999.0,-9999.0,-9999.0,-9999.0,-9999.0,-9999.0,-9999.0,-9999.0,orientation,size,color,0.38,11.0,2,female,1,2537.0593455999997,0,21
2944,-9999.0,-9999.0,-9999.0,-9999.0,-9999.0,-9999.0,-9999.0,-9999.0,-9999.0,orientation,size,color,0.38,11.0,2,female,1,2537.0593455999997,0,21
2945,-9999.0,-9999.0,-9999.0,-9999.0,-9999.0,-9999.0,-9999.0,-9999.0,-9999.0,orientation,size,color,0.38,11.0,2,female,1,2537.0593455999997,0,21
2946,-9999.0,-9999.0,-9999.0,-9999.0,-9999.0,-9999.0,-9999.0,-9999.0,-9999.0,orientation,size,color,0.38,11.0,2,female,1,2537.0593455999997,0,21
2947,-9999.0,-9999.0,-9999.0,-9999.0,-9999.0,-9999.0,-9999.0,-9999.0,-9999.0,orientation,size,color,0.38,11.0,2,female,1,2537.0593455999997,0,21
2948,-9999.0,-9999.0,-9999.0,-9999.0,-9999.0,-9999.0,-9999.0,-9999.0,-9999.0,orientation,size,color,0.38,11.0,2,female,1,2537.0593455999997,0,21
2949,-9999.0,-9999.0,-9999.0,-9999.0,-9999.0,-9999.0,-9999.0,-9999.0,-9999.0,orientation,size,color,0.38,11.0,2,female,1,2537.0593455999997,0,21
2950,-9999.0,-9999.0,-9999.0,-9999.0,-9999.0,-9999.0,-9999.0,-9999.0,-9999.0,orientation,size,color,0.38,11.0,2,female,1,2537.0593455999997,0,21
2951,-9999.0,-9999.0,-9999.0,-9999.0,-9999.0,-9999.0,-9999.0,-9999.0,-9999.0,orientation,size,color,0.38,11.0,2,female,1,2537.0593455999997,0,21
2952,-9999.0,-9999.0,-9999.0,-9999.0,-9999.0,-9999.0,-9999.0,-9999.0,-9999.0,orientation,size,color,0.38,11.0,2,female,1,2537.0593455999997,0,21
2953,-9999.0,-9999.0,-9999.0,-9999.0,-9999.0,-9999.0,-9999.0,-9999.0,-9999.0,orientation,size,color,0.38,11.0,2,female,1,2537.0593455999997,0,21
2954,-9999.0,-9999.0,-9999.0,-9999.0,-9999.0,-9999.0,-9999.0,-9999.0,-9999.0,orientation,size,color,0.38,11.0,2,female,1,2537.0593455999997,0,21
2955,-9999.0,-9999.0,-9999.0,-9999.0,-9999.0,-9999.0,-9999.0,-9999.0,-9999.0,orientation,size,color,0.38,11.0,2,female,1,2537.0593455999997,0,21
2956,-9999.0,-9999.0,-9999.0,-9999.0,-9999.0,-9999.0,-9999.0,-9999.0,-9999.0,orientation,size,color,0.38,11.0,2,female,1,2537.0593455999997,0,21
2957,-9999.0,-9999.0,-9999.0,-9999.0,-9999.0,-9999.0,-9999.0,-9999.0,-9999.0,orientation,size,color,0.38,11.0,2,female,1,2537.0593455999997,0,21
2958,-9999.0,-9999.0,-9999.0,-9999.0,-9999.0,-9999.0,-9999.0,-9999.0,-9999.0,orientation,size,color,0.38,11.0,2,female,1,2537.0593455999997,0,21
2959,-9999.0,-9999.0,-9999.0,-9999.0,-9999.0,-9999.0,-9999.0,-9999.0,-9999.0,orientation,size,color,0.38,11.0,2,female,1,2537.0593455999997,0,21
2960,-9999.0,-9999.0,-9999.0,-9999.0,-9999.0,-9999.0,-9999.0,-9999.0,-9999.0,orientation,size,color,0.38,11.0,2,female,1,2537.0593455999997,0,21
2961,-9999.0,-9999.0,-9999.0,-9999.0,-9999.0,-9999.0,-9999.0,-9999.0,-9999.0,orientation,size,color,0.38,11.0,2,female,1,2537.0593455999997,0,21
2962,-9999.0,-9999.0,-9999.0,-9999.0,-9999.0,-9999.0,-9999.0,-9999.0,-9999.0,orientation,size,color,0.38,11.0,2,female,1,2537.0593455999997,0,21
2963,-9999.0,-9999.0,-9999.0,-9999.0,-9999.0,-9999.0,-9999.0,-9999.0,-9999.0,orientation,size,color,0.38,11.0,2,female,1,2537.0593455999997,0,21
2964,-9999.0,-9999.0,-9999.0,-9999.0,-9999.0,-9999.0,-9999.0,-9999.0,-9999.0,orientation,size,color,0.38,11.0,2,female,1,2537.0593455999997,0,21
2965,-9999.0,-9999.0,-9999.0,-9999.0,-9999.0,-9999.0,-9999.0,-9999.0,-9999.0,orientation,size,color,0.38,11.0,2,female,1,2537.0593455999997,0,21
2966,-9999.0,-9999.0,-9999.0,-9999.0,-9999.0,-9999.0,-9999.0,-9999.0,-9999.0,orientation,size,color,0.38,11.0,2,female,1,2537.0593455999997,0,21
2967,-9999.0,-9999.0,-9999.0,-9999.0,-9999.0,-9999.0,-9999.0,-9999.0,-9999.0,orientation,size,color,0.38,11.0,2,female,1,2537.0593455999997,0,21
2968,-9999.0,-9999.0,-9999.0,-9999.0,-9999.0,-9999.0,-9999.0,-9999.0,-9999.0,orientation,size,color,0.38,11.0,2,female,1,2537.0593455999997,0,21
2969,-9999.0,-9999.0,-9999.0,-9999.0,-9999.0,-9999.0,-9999.0,-9999.0,-9999.0,orientation,size,color,0.38,11.0,2,female,1,2537.0593455999997,0,21
2970,-9999.0,-9999.0,-9999.0,-9999.0,-9999.0,-9999.0,-9999.0,-9999.0,-9999.0,orientation,size,color,0.38,11.0,2,female,1,2537.0593455999997,0,21
2971,-9999.0,-9999.0,-9999.0,-9999.0,-9999.0,-9999.0,-9999.0,-9999.0,-9999.0,orientation,size,color,0.38,11.0,2,female,1,2537.0593455999997,0,21
2972,-9999.0,-9999.0,-9999.0,-9999.0,-9999.0,-9999.0,-9999.0,-9999.0,-9999.0,orientation,size,color,0.38,11.0,2,female,1,2537.0593455999997,0,21
2973,-9999.0,-9999.0,-9999.0,-9999.0,-9999.0,-9999.0,-9999.0,-9999.0,-9999.0,orientation,size,color,0.38,11.0,2,female,1,2537.0593455999997,0,21
2974,-9999.0,-9999.0,-9999.0,-9999.0,-9999.0,-9999.0,-9999.0,-9999.0,-9999.0,orientation,size,color,0.38,11.0,2,female,1,2537.0593455999997,0,21
2975,-9999.0,-9999.0,-9999.0,-9999.0,-9999.0,-9999.0,-9999.0,-9999.0,-9999.0,orientation,size,color,0.38,11.0,2,female,1,2537.0593455999997,0,21
2976,-9999.0,-9999.0,-9999.0,-9999.0,-9999.0,-9999.0,-9999.0,-9999.0,-9999.0,orientation,size,color,0.38,11.0,2,female,1,2537.0593455999997,0,21
2977,-9999.0,-9999.0,-9999.0,-9999.0,-9999.0,-9999.0,-9999.0,-9999.0,-9999.0,orientation,size,color,0.38,11.0,2,female,1,2537.0593455999997,0,21
2978,-9999.0,-9999.0,-9999.0,-9999.0,-9999.0,-9999.0,-9999.0,-9999.0,-9999.0,orientation,size,color,0.38,11.0,2,female,1,2537.0593455999997,0,21
2979,-9999.0,-9999.0,-9999.0,-9999.0,-9999.0,-9999.0,-9999.0,-9999.0,-9999.0,orientation,size,color,0.38,11.0,2,female,1,2537.0593455999997,0,21
2980,-9999.0,-9999.0,-9999.0,-9999.0,-9999.0,-9999.0,-9999.0,-9999.0,-9999.0,orientation,size,color,0.38,11.0,2,female,1,2537.0593455999997,0,21
2981,-9999.0,-9999.0,-9999.0,-9999.0,-9999.0,-9999.0,-9999.0,-9999.0,-9999.0,orientation,size,color,0.38,11.0,2,female,1,2537.0593455999997,0,21
2982,-9999.0,-9999.0,-9999.0,-9999.0,-9999.0,-9999.0,-9999.0,-9999.0,-9999.0,orientation,size,color,0.38,11.0,2,female,1,2537.0593455999997,0,21
2983,-9999.0,-9999.0,-9999.0,-9999.0,-9999.0,-9999.0,-9999.0,-9999.0,-9999.0,orientation,size,color,0.38,11.0,2,female,1,2537.0593455999997,0,21
2984,-9999.0,-9999.0,-9999.0,-9999.0,-9999.0,-9999.0,-9999.0,-9999.0,-9999.0,orientation,size,color,0.38,11.0,2,female,1,2537.0593455999997,0,21
2985,-9999.0,-9999.0,-9999.0,-9999.0,-9999.0,-9999.0,-9999.0,-9999.0,-9999.0,orientation,size,color,0.38,11.0,2,female,1,2537.0593455999997,0,21
2986,-9999.0,-9999.0,-9999.0,-9999.0,-9999.0,-9999.0,-9999.0,-9999.0,-9999.0,orientation,size,color,0.38,11.0,2,female,1,2537.0593455999997,0,21
2987,-9999.0,-9999.0,-9999.0,-9999.0,-9999.0,-9999.0,-9999.0,-9999.0,-9999.0,orientation,size,color,0.38,11.0,2,female,1,2537.0593455999997,0,21
2988,-9999.0,-9999.0,-9999.0,-9999.0,-9999.0,-9999.0,-9999.0,-9999.0,-9999.0,orientation,size,color,0.38,11.0,2,female,1,2537.0593455999997,0,21
2989,-9999.0,-9999.0,-9999.0,-9999.0,-9999.0,-9999.0,-9999.0,-9999.0,-9999.0,orientation,size,color,0.38,11.0,2,female,1,2537.0593455999997,0,21
2990,-9999.0,-9999.0,-9999.0,-9999.0,-9999.0,-9999.0,-9999.0,-9999.0,-9999.0,orientation,size,color,0.38,11.0,2,female,1,2537.0593455999997,0,21
2991,-9999.0,-9999.0,-9999.0,-9999.0,-9999.0,-9999.0,-9999.0,-9999.0,-9999.0,orientation,size,color,0.38,11.0,2,female,1,2537.0593455999997,0,21
2992,-9999.0,-9999.0,-9999.0,-9999.0,-9999.0,-9999.0,-9999.0,-9999.0,-9999.0,orientation,size,color,0.38,11.0,2,female,1,2537.0593455999997,0,21
2993,-9999.0,-9999.0,-9999.0,-9999.0,-9999.0,-9999.0,-9999.0,-9999.0,-9999.0,orientation,size,color,0.38,11.0,2,female,1,2537.0593455999997,0,21
2994,-9999.0,-9999.0,-9999.0,-9999.0,-9999.0,-9999.0,-9999.0,-9999.0,-9999.0,orientation,size,color,0.38,11.0,2,female,1,2537.0593455999997,0,21
2995,-9999.0,-9999.0,-9999.0,-9999.0,-9999.0,-9999.0,-9999.0,-9999.0,-9999.0,orientation,size,color,0.38,11.0,2,female,1,2537.0593455999997,0,21
2996,-9999.0,-9999.0,-9999.0,-9999.0,-9999.0,-9999.0,-9999.0,-9999.0,-9999.0,orientation,size,color,0.38,11.0,2,female,1,2537.0593455999997,0,21
2997,-9999.0,-9999.0,-9999.0,-9999.0,-9999.0,-9999.0,-9999.0,-9999.0,-9999.0,orientation,size,color,0.38,11.0,2,female,1,2537.0593455999997,0,21
2998,-9999.0,-9999.0,-9999.0,-9999.0,-9999.0,-9999.0,-9999.0,-9999.0,-9999.0,orientation,size,color,0.38,11.0,2,female,1,2537.0593455999997,0,21
2999,-9999.0,-9999.0,-9999.0,-9999.0,-9999.0,-9999.0,-9999.0,-9999.0,-9999.0,orientation,size,color,0.38,11.0,2,female,1,2537.0593455999997,0,21
3000,-9999.0,-9999.0,-9999.0,-9999.0,-9999.0,-9999.0,-9999.0,-9999.0,-9999.0,orientation,size,color,0.38,11.0,2,female,1,2537.0593455999997,0,21
3001,-9999.0,-9999.0,-9999.0,-9999.0,-9999.0,-9999.0,-9999.0,-9999.0,-9999.0,orientation,size,color,0.38,11.0,2,female,1,2537.0593455999997,0,21
3002,-9999.0,-9999.0,-9999.0,-9999.0,-9999.0,-9999.0,-9999.0,-9999.0,-9999.0,orientation,size,color,0.38,11.0,2,female,1,2537.0593455999997,0,21
3003,-9999.0,-9999.0,-9999.0,-9999.0,-9999.0,-9999.0,-9999.0,-9999.0,-9999.0,orientation,size,color,0.38,11.0,2,female,1,2537.0593455999997,0,21
3004,-9999.0,-9999.0,-9999.0,-9999.0,-9999.0,-9999.0,-9999.0,-9999.0,-9999.0,orientation,size,color,0.38,11.0,2,female,1,2537.0593455999997,0,21
3005,-9999.0,-9999.0,-9999.0,-9999.0,-9999.0,-9999.0,-9999.0,-9999.0,-9999.0,orientation,size,color,0.38,11.0,2,female,1,2537.0593455999997,0,21
3006,-9999.0,-9999.0,-9999.0,-9999.0,-9999.0,-9999.0,-9999.0,-9999.0,-9999.0,orientation,size,color,0.38,11.0,2,female,1,2537.0593455999997,0,21
3007,-9999.0,-9999.0,-9999.0,-9999.0,-9999.0,-9999.0,-9999.0,-9999.0,-9999.0,orientation,size,color,0.38,11.0,2,female,1,2537.0593455999997,0,21
3008,-9999.0,-9999.0,-9999.0,-9999.0,-9999.0,-9999.0,-9999.0,-9999.0,-9999.0,orientation,size,color,0.38,11.0,2,female,1,2537.0593455999997,0,21
3009,-9999.0,-9999.0,-9999.0,-9999.0,-9999.0,-9999.0,-9999.0,-9999.0,-9999.0,orientation,size,color,0.38,11.0,2,female,1,2537.0593455999997,0,21
3010,-9999.0,-9999.0,-9999.0,-9999.0,-9999.0,-9999.0,-9999.0,-9999.0,-9999.0,orientation,size,color,0.38,11.0,2,female,1,2537.0593455999997,0,21
3011,-9999.0,-9999.0,-9999.0,-9999.0,-9999.0,-9999.0,-9999.0,-9999.0,-9999.0,orientation,size,color,0.38,11.0,2,female,1,2537.0593455999997,0,21
3012,-9999.0,-9999.0,-9999.0,-9999.0,-9999.0,-9999.0,-9999.0,-9999.0,-9999.0,orientation,size,color,0.38,11.0,2,female,1,2537.0593455999997,0,21
3013,-9999.0,-9999.0,-9999.0,-9999.0,-9999.0,-9999.0,-9999.0,-9999.0,-9999.0,orientation,size,color,0.38,11.0,2,female,1,2537.0593455999997,0,21
3014,-9999.0,-9999.0,-9999.0,-9999.0,-9999.0,-9999.0,-9999.0,-9999.0,-9999.0,orientation,size,color,0.38,11.0,2,female,1,2537.0593455999997,0,21
3015,-9999.0,-9999.0,-9999.0,-9999.0,-9999.0,-9999.0,-9999.0,-9999.0,-9999.0,orientation,size,color,0.38,11.0,2,female,1,2537.0593455999997,0,21
3016,-9999.0,-9999.0,-9999.0,-9999.0,-9999.0,-9999.0,-9999.0,-9999.0,-9999.0,orientation,size,color,0.38,11.0,2,female,1,2537.0593455999997,0,21
3017,-9999.0,-9999.0,-9999.0,-9999.0,-9999.0,-9999.0,-9999.0,-9999.0,-9999.0,orientation,size,color,0.38,11.0,2,female,1,2537.0593455999997,0,21
3018,-9999.0,-9999.0,-9999.0,-9999.0,-9999.0,-9999.0,-9999.0,-9999.0,-9999.0,orientation,size,color,0.38,11.0,2,female,1,2537.0593455999997,0,21
3019,-9999.0,-9999.0,-9999.0,-9999.0,-9999.0,-9999.0,-9999.0,-9999.0,-9999.0,orientation,size,color,0.38,11.0,2,female,1,2537.0593455999997,0,21
3020,-9999.0,-9999.0,-9999.0,-9999.0,-9999.0,-9999.0,-9999.0,-9999.0,-9999.0,orientation,size,color,0.38,11.0,2,female,1,2537.0593455999997,0,21
3021,-9999.0,-9999.0,-9999.0,-9999.0,-9999.0,-9999.0,-9999.0,-9999.0,-9999.0,orientation,size,color,0.38,11.0,2,female,1,2537.0593455999997,0,21
3022,-9999.0,-9999.0,-9999.0,-9999.0,-9999.0,-9999.0,-9999.0,-9999.0,-9999.0,orientation,size,color,0.38,11.0,2,female,1,2537.0593455999997,0,21
3023,-9999.0,-9999.0,-9999.0,-9999.0,-9999.0,-9999.0,-9999.0,-9999.0,-9999.0,orientation,size,color,0.38,11.0,2,female,1,2537.0593455999997,0,21
3024,-9999.0,-9999.0,-9999.0,-9999.0,-9999.0,-9999.0,-9999.0,-9999.0,-9999.0,orientation,size,color,0.38,11.0,2,female,1,2537.0593455999997,0,21
3025,-9999.0,-9999.0,-9999.0,-9999.0,-9999.0,-9999.0,-9999.0,-9999.0,-9999.0,orientation,size,color,0.38,11.0,2,female,1,2537.0593455999997,0,21
3026,-9999.0,-9999.0,-9999.0,-9999.0,-9999.0,-9999.0,-9999.0,-9999.0,-9999.0,orientation,size,color,0.38,11.0,2,female,1,2537.0593455999997,0,21
3027,-9999.0,-9999.0,-9999.0,-9999.0,-9999.0,-9999.0,-9999.0,-9999.0,-9999.0,orientation,size,color,0.38,11.0,2,female,1,2537.0593455999997,0,21
3028,-9999.0,-9999.0,-9999.0,-9999.0,-9999.0,-9999.0,-9999.0,-9999.0,-9999.0,orientation,size,color,0.38,11.0,2,female,1,2537.0593455999997,0,21
3029,-9999.0,-9999.0,-9999.0,-9999.0,-9999.0,-9999.0,-9999.0,-9999.0,-9999.0,orientation,size,color,0.38,11.0,2,female,1,2537.0593455999997,0,21
3030,-9999.0,-9999.0,-9999.0,-9999.0,-9999.0,-9999.0,-9999.0,-9999.0,-9999.0,orientation,size,color,0.38,11.0,2,female,1,2537.0593455999997,0,21
3031,-9999.0,-9999.0,-9999.0,-9999.0,-9999.0,-9999.0,-9999.0,-9999.0,-9999.0,orientation,size,color,0.38,11.0,2,female,1,2537.0593455999997,0,21
3032,-9999.0,-9999.0,-9999.0,-9999.0,-9999.0,-9999.0,-9999.0,-9999.0,-9999.0,orientation,size,color,0.38,11.0,2,female,1,2537.0593455999997,0,21
3033,-9999.0,-9999.0,-9999.0,-9999.0,-9999.0,-9999.0,-9999.0,-9999.0,-9999.0,orientation,size,color,0.38,11.0,2,female,1,2537.0593455999997,0,21
3034,-9999.0,-9999.0,-9999.0,-9999.0,-9999.0,-9999.0,-9999.0,-9999.0,-9999.0,orientation,size,color,0.38,11.0,2,female,1,2537.0593455999997,0,21
3035,-9999.0,-9999.0,-9999.0,-9999.0,-9999.0,-9999.0,-9999.0,-9999.0,-9999.0,orientation,size,color,0.38,11.0,2,female,1,2537.0593455999997,0,21
3036,-9999.0,-9999.0,-9999.0,-9999.0,-9999.0,-9999.0,-9999.0,-9999.0,-9999.0,orientation,size,color,0.38,11.0,2,female,1,2537.0593455999997,0,21
3037,-9999.0,-9999.0,-9999.0,-9999.0,-9999.0,-9999.0,-9999.0,-9999.0,-9999.0,orientation,size,color,0.38,11.0,2,female,1,2537.0593455999997,0,21
3038,-9999.0,-9999.0,-9999.0,-9999.0,-9999.0,-9999.0,-9999.0,-9999.0,-9999.0,orientation,size,color,0.38,11.0,2,female,1,2537.0593455999997,0,21
3039,-9999.0,-9999.0,-9999.0,-9999.0,-9999.0,-9999.0,-9999.0,-9999.0,-9999.0,orientation,size,color,0.38,11.0,2,female,1,2537.0593455999997,0,21
3040,-9999.0,-9999.0,-9999.0,-9999.0,-9999.0,-9999.0,-9999.0,-9999.0,-9999.0,orientation,size,color,0.38,11.0,2,female,1,2537.0593455999997,0,21
3041,-9999.0,-9999.0,-9999.0,-9999.0,-9999.0,-9999.0,-9999.0,-9999.0,-9999.0,orientation,size,color,0.38,11.0,2,female,1,2537.0593455999997,0,21
3042,-9999.0,-9999.0,-9999.0,-9999.0,-9999.0,-9999.0,-9999.0,-9999.0,-9999.0,orientation,size,color,0.38,11.0,2,female,1,2537.0593455999997,0,21
3043,-9999.0,-9999.0,-9999.0,-9999.0,-9999.0,-9999.0,-9999.0,-9999.0,-9999.0,orientation,size,color,0.38,11.0,2,female,1,2537.0593455999997,0,21
3044,-9999.0,-9999.0,-9999.0,-9999.0,-9999.0,-9999.0,-9999.0,-9999.0,-9999.0,orientation,size,color,0.38,11.0,2,female,1,2537.0593455999997,0,21
3045,-9999.0,-9999.0,-9999.0,-9999.0,-9999.0,-9999.0,-9999.0,-9999.0,-9999.0,orientation,size,color,0.38,11.0,2,female,1,2537.0593455999997,0,21
3046,-9999.0,-9999.0,-9999.0,-9999.0,-9999.0,-9999.0,-9999.0,-9999.0,-9999.0,orientation,size,color,0.38,11.0,2,female,1,2537.0593455999997,0,21
3047,-9999.0,-9999.0,-9999.0,-9999.0,-9999.0,-9999.0,-9999.0,-9999.0,-9999.0,orientation,size,color,0.38,11.0,2,female,1,2537.0593455999997,0,21
3048,-9999.0,-9999.0,-9999.0,-9999.0,-9999.0,-9999.0,-9999.0,-9999.0,-9999.0,orientation,size,color,0.38,11.0,2,female,1,2537.0593455999997,0,21
3049,-9999.0,-9999.0,-9999.0,-9999.0,-9999.0,-9999.0,-9999.0,-9999.0,-9999.0,orientation,size,color,0.38,11.0,2,female,1,2537.0593455999997,0,21
3050,-9999.0,-9999.0,-9999.0,-9999.0,-9999.0,-9999.0,-9999.0,-9999.0,-9999.0,orientation,size,color,0.38,11.0,2,female,1,2537.0593455999997,0,21
3051,-9999.0,-9999.0,-9999.0,-9999.0,-9999.0,-9999.0,-9999.0,-9999.0,-9999.0,orientation,size,color,0.38,11.0,2,female,1,2537.0593455999997,0,21
3052,-9999.0,-9999.0,-9999.0,-9999.0,-9999.0,-9999.0,-9999.0,-9999.0,-9999.0,orientation,size,color,0.38,11.0,2,female,1,2537.0593455999997,0,21
3053,-9999.0,-9999.0,-9999.0,-9999.0,-9999.0,-9999.0,-9999.0,-9999.0,-9999.0,orientation,size,color,0.38,11.0,2,female,1,2537.0593455999997,0,21
3054,-9999.0,-9999.0,-9999.0,-9999.0,-9999.0,-9999.0,-9999.0,-9999.0,-9999.0,orientation,size,color,0.38,11.0,2,female,1,2537.0593455999997,0,21
3055,-9999.0,-9999.0,-9999.0,-9999.0,-9999.0,-9999.0,-9999.0,-9999.0,-9999.0,orientation,size,color,0.38,11.0,2,female,1,2537.0593455999997,0,21
3056,-9999.0,-9999.0,-9999.0,-9999.0,-9999.0,-9999.0,-9999.0,-9999.0,-9999.0,orientation,size,color,0.38,11.0,2,female,1,2537.0593455999997,0,21
3057,-9999.0,-9999.0,-9999.0,-9999.0,-9999.0,-9999.0,-9999.0,-9999.0,-9999.0,orientation,size,color,0.38,11.0,2,female,1,2537.0593455999997,0,21
3058,-9999.0,-9999.0,-9999.0,-9999.0,-9999.0,-9999.0,-9999.0,-9999.0,-9999.0,orientation,size,color,0.38,11.0,2,female,1,2537.0593455999997,0,21
3059,-9999.0,-9999.0,-9999.0,-9999.0,-9999.0,-9999.0,-9999.0,-9999.0,-9999.0,orientation,size,color,0.38,11.0,2,female,1,2537.0593455999997,0,21
3060,-9999.0,-9999.0,-9999.0,-9999.0,-9999.0,-9999.0,-9999.0,-9999.0,-9999.0,orientation,size,color,0.38,11.0,2,female,1,2537.0593455999997,0,21
3061,-9999.0,-9999.0,-9999.0,-9999.0,-9999.0,-9999.0,-9999.0,-9999.0,-9999.0,orientation,size,color,0.38,11.0,2,female,1,2537.0593455999997,0,21
3062,-9999.0,-9999.0,-9999.0,-9999.0,-9999.0,-9999.0,-9999.0,-9999.0,-9999.0,orientation,size,color,0.38,11.0,2,female,1,2537.0593455999997,0,21
3063,-9999.0,-9999.0,-9999.0,-9999.0,-9999.0,-9999.0,-9999.0,-9999.0,-9999.0,orientation,size,color,0.38,11.0,2,female,1,2537.0593455999997,0,21
3064,-9999.0,-9999.0,-9999.0,-9999.0,-9999.0,-9999.0,-9999.0,-9999.0,-9999.0,orientation,size,color,0.38,11.0,2,female,1,2537.0593455999997,0,21
3065,-9999.0,-9999.0,-9999.0,-9999.0,-9999.0,-9999.0,-9999.0,-9999.0,-9999.0,orientation,size,color,0.38,11.0,2,female,1,2537.0593455999997,0,21
3066,-9999.0,-9999.0,-9999.0,-9999.0,-9999.0,-9999.0,-9999.0,-9999.0,-9999.0,orientation,size,color,0.38,11.0,2,female,1,2537.0593455999997,0,21
3067,-9999.0,-9999.0,-9999.0,-9999.0,-9999.0,-9999.0,-9999.0,-9999.0,-9999.0,orientation,size,color,0.38,11.0,2,female,1,2537.0593455999997,0,21
3068,-9999.0,-9999.0,-9999.0,-9999.0,-9999.0,-9999.0,-9999.0,-9999.0,-9999.0,orientation,size,color,0.38,11.0,2,female,1,2537.0593455999997,0,21
3069,-9999.0,-9999.0,-9999.0,-9999.0,-9999.0,-9999.0,-9999.0,-9999.0,-9999.0,orientation,size,color,0.38,11.0,2,female,1,2537.0593455999997,0,21
3070,-9999.0,-9999.0,-9999.0,-9999.0,-9999.0,-9999.0,-9999.0,-9999.0,-9999.0,orientation,size,color,0.38,11.0,2,female,1,2537.0593455999997,0,21
3071,-9999.0,-9999.0,-9999.0,-9999.0,-9999.0,-9999.0,-9999.0,-9999.0,-9999.0,orientation,size,color,0.38,11.0,2,female,1,2537.0593455999997,0,21
3072,-9999.0,-9999.0,-9999.0,-9999.0,-9999.0,-9999.0,-9999.0,-9999.0,-9999.0,orientation,size,color,0.38,11.0,2,female,1,2537.0593455999997,0,21
3073,-9999.0,-9999.0,-9999.0,-9999.0,-9999.0,-9999.0,-9999.0,-9999.0,-9999.0,orientation,size,color,0.38,11.0,2,female,1,2537.0593455999997,0,21
3074,-9999.0,-9999.0,-9999.0,-9999.0,-9999.0,-9999.0,-9999.0,-9999.0,-9999.0,orientation,size,color,0.38,11.0,2,female,1,2537.0593455999997,0,21
3075,-9999.0,-9999.0,-9999.0,-9999.0,-9999.0,-9999.0,-9999.0,-9999.0,-9999.0,orientation,size,color,0.38,11.0,2,female,1,2537.0593455999997,0,21
3076,-9999.0,-9999.0,-9999.0,-9999.0,-9999.0,-9999.0,-9999.0,-9999.0,-9999.0,orientation,size,color,0.38,11.0,2,female,1,2537.0593455999997,0,21
3077,-9999.0,-9999.0,-9999.0,-9999.0,-9999.0,-9999.0,-9999.0,-9999.0,-9999.0,orientation,size,color,0.38,11.0,2,female,1,2537.0593455999997,0,21
3078,-9999.0,-9999.0,-9999.0,-9999.0,-9999.0,-9999.0,-9999.0,-9999.0,-9999.0,orientation,size,color,0.38,11.0,2,female,1,2537.0593455999997,0,21
3079,-9999.0,-9999.0,-9999.0,-9999.0,-9999.0,-9999.0,-9999.0,-9999.0,-9999.0,orientation,size,color,0.38,11.0,2,female,1,2537.0593455999997,0,21
3080,-9999.0,-9999.0,-9999.0,-9999.0,-9999.0,-9999.0,-9999.0,-9999.0,-9999.0,orientation,size,color,0.38,11.0,2,female,1,2537.0593455999997,0,21
3081,-9999.0,-9999.0,-9999.0,-9999.0,-9999.0,-9999.0,-9999.0,-9999.0,-9999.0,orientation,size,color,0.38,11.0,2,female,1,2537.0593455999997,0,21
3082,-9999.0,-9999.0,-9999.0,-9999.0,-9999.0,-9999.0,-9999.0,-9999.0,-9999.0,orientation,size,color,0.38,11.0,2,female,1,2537.0593455999997,0,21
3083,-9999.0,-9999.0,-9999.0,-9999.0,-9999.0,-9999.0,-9999.0,-9999.0,-9999.0,orientation,size,color,0.38,11.0,2,female,1,2537.0593455999997,0,21
3084,-9999.0,-9999.0,-9999.0,-9999.0,-9999.0,-9999.0,-9999.0,-9999.0,-9999.0,orientation,size,color,0.38,11.0,2,female,1,2537.0593455999997,0,21
3085,-9999.0,-9999.0,-9999.0,-9999.0,-9999.0,-9999.0,-9999.0,-9999.0,-9999.0,orientation,size,color,0.38,11.0,2,female,1,2537.0593455999997,0,21
3086,-9999.0,-9999.0,-9999.0,-9999.0,-9999.0,-9999.0,-9999.0,-9999.0,-9999.0,orientation,size,color,0.38,11.0,2,female,1,2537.0593455999997,0,21
3087,-9999.0,-9999.0,-9999.0,-9999.0,-9999.0,-9999.0,-9999.0,-9999.0,-9999.0,orientation,size,color,0.38,11.0,2,female,1,2537.0593455999997,0,21
3088,-9999.0,-9999.0,-9999.0,-9999.0,-9999.0,-9999.0,-9999.0,-9999.0,-9999.0,orientation,size,color,0.38,11.0,2,female,1,2537.0593455999997,0,21
3089,-9999.0,-9999.0,-9999.0,-9999.0,-9999.0,-9999.0,-9999.0,-9999.0,-9999.0,orientation,size,color,0.38,11.0,2,female,1,2537.0593455999997,0,21
3090,-9999.0,-9999.0,-9999.0,-9999.0,-9999.0,-9999.0,-9999.0,-9999.0,-9999.0,orientation,size,color,0.38,11.0,2,female,1,2537.0593455999997,0,21
3091,-9999.0,-9999.0,-9999.0,-9999.0,-9999.0,-9999.0,-9999.0,-9999.0,-9999.0,orientation,size,color,0.38,11.0,2,female,1,2537.0593455999997,0,21
3092,-9999.0,-9999.0,-9999.0,-9999.0,-9999.0,-9999.0,-9999.0,-9999.0,-9999.0,orientation,size,color,0.38,11.0,2,female,1,2537.0593455999997,0,21
3093,-9999.0,-9999.0,-9999.0,-9999.0,-9999.0,-9999.0,-9999.0,-9999.0,-9999.0,orientation,size,color,0.38,11.0,2,female,1,2537.0593455999997,0,21
3094,-9999.0,-9999.0,-9999.0,-9999.0,-9999.0,-9999.0,-9999.0,-9999.0,-9999.0,orientation,size,color,0.38,11.0,2,female,1,2537.0593455999997,0,21
3095,-9999.0,-9999.0,-9999.0,-9999.0,-9999.0,-9999.0,-9999.0,-9999.0,-9999.0,orientation,size,color,0.38,11.0,2,female,1,2537.0593455999997,0,21
3096,-9999.0,-9999.0,-9999.0,-9999.0,-9999.0,-9999.0,-9999.0,-9999.0,-9999.0,orientation,size,color,0.38,11.0,2,female,1,2537.0593455999997,0,21
3097,-9999.0,-9999.0,-9999.0,-9999.0,-9999.0,-9999.0,-9999.0,-9999.0,-9999.0,orientation,size,color,0.38,11.0,2,female,1,2537.0593455999997,0,21
3098,-9999.0,-9999.0,-9999.0,-9999.0,-9999.0,-9999.0,-9999.0,-9999.0,-9999.0,orientation,size,color,0.38,11.0,2,female,1,2537.0593455999997,0,21
3099,-9999.0,-9999.0,-9999.0,-9999.0,-9999.0,-9999.0,-9999.0,-9999.0,-9999.0,orientation,size,color,0.38,11.0,2,female,1,2537.0593455999997,0,21
3100,-9999.0,-9999.0,-9999.0,-9999.0,-9999.0,-9999.0,-9999.0,-9999.0,-9999.0,orientation,size,color,0.38,11.0,2,female,1,2537.0593455999997,0,21
3101,-9999.0,-9999.0,-9999.0,-9999.0,-9999.0,-9999.0,-9999.0,-9999.0,-9999.0,orientation,size,color,0.38,11.0,2,female,1,2537.0593455999997,0,21
3102,-9999.0,-9999.0,-9999.0,-9999.0,-9999.0,-9999.0,-9999.0,-9999.0,-9999.0,orientation,size,color,0.38,11.0,2,female,1,2537.0593455999997,0,21
3103,-9999.0,-9999.0,-9999.0,-9999.0,-9999.0,-9999.0,-9999.0,-9999.0,-9999.0,orientation,size,color,0.38,11.0,2,female,1,2537.0593455999997,0,21
3104,-9999.0,-9999.0,-9999.0,-9999.0,-9999.0,-9999.0,-9999.0,-9999.0,-9999.0,orientation,size,color,0.38,11.0,2,female,1,2537.0593455999997,0,21
3105,-9999.0,-9999.0,-9999.0,-9999.0,-9999.0,-9999.0,-9999.0,-9999.0,-9999.0,orientation,size,color,0.38,11.0,2,female,1,2537.0593455999997,0,21
3106,-9999.0,-9999.0,-9999.0,-9999.0,-9999.0,-9999.0,-9999.0,-9999.0,-9999.0,orientation,size,color,0.38,11.0,2,female,1,2537.0593455999997,0,21
3107,-9999.0,-9999.0,-9999.0,-9999.0,-9999.0,-9999.0,-9999.0,-9999.0,-9999.0,orientation,size,color,0.38,11.0,2,female,1,2537.0593455999997,0,21
3108,-9999.0,-9999.0,-9999.0,-9999.0,-9999.0,-9999.0,-9999.0,-9999.0,-9999.0,orientation,size,color,0.38,11.0,2,female,1,2537.0593455999997,0,21
3109,-9999.0,-9999.0,-9999.0,-9999.0,-9999.0,-9999.0,-9999.0,-9999.0,-9999.0,orientation,size,color,0.38,11.0,2,female,1,2537.0593455999997,0,21
3110,-9999.0,-9999.0,-9999.0,-9999.0,-9999.0,-9999.0,-9999.0,-9999.0,-9999.0,orientation,size,color,0.38,11.0,2,female,1,2537.0593455999997,0,21
3111,-9999.0,-9999.0,-9999.0,-9999.0,-9999.0,-9999.0,-9999.0,-9999.0,-9999.0,orientation,size,color,0.38,11.0,2,female,1,2537.0593455999997,0,21
3112,-9999.0,-9999.0,-9999.0,-9999.0,-9999.0,-9999.0,-9999.0,-9999.0,-9999.0,orientation,size,color,0.38,11.0,2,female,1,2537.0593455999997,0,21
3113,-9999.0,-9999.0,-9999.0,-9999.0,-9999.0,-9999.0,-9999.0,-9999.0,-9999.0,orientation,size,color,0.38,11.0,2,female,1,2537.0593455999997,0,21
3114,-9999.0,-9999.0,-9999.0,-9999.0,-9999.0,-9999.0,-9999.0,-9999.0,-9999.0,orientation,size,color,0.38,11.0,2,female,1,2537.0593455999997,0,21
3115,-9999.0,-9999.0,-9999.0,-9999.0,-9999.0,-9999.0,-9999.0,-9999.0,-9999.0,orientation,size,color,0.38,11.0,2,female,1,2537.0593455999997,0,21
3116,-9999.0,-9999.0,-9999.0,-9999.0,-9999.0,-9999.0,-9999.0,-9999.0,-9999.0,orientation,size,color,0.38,11.0,2,female,1,2537.0593455999997,0,21
3117,-9999.0,-9999.0,-9999.0,-9999.0,-9999.0,-9999.0,-9999.0,-9999.0,-9999.0,orientation,size,color,0.38,11.0,2,female,1,2537.0593455999997,0,21
3118,-9999.0,-9999.0,-9999.0,-9999.0,-9999.0,-9999.0,-9999.0,-9999.0,-9999.0,orientation,size,color,0.38,11.0,2,female,1,2537.0593455999997,0,21
3119,-9999.0,-9999.0,-9999.0,-9999.0,-9999.0,-9999.0,-9999.0,-9999.0,-9999.0,orientation,size,color,0.38,11.0,2,female,1,2537.0593455999997,0,21
3120,-9999.0,-9999.0,-9999.0,-9999.0,-9999.0,-9999.0,-9999.0,-9999.0,-9999.0,orientation,size,color,0.38,11.0,2,female,1,2537.0593455999997,0,21
3121,-9999.0,-9999.0,-9999.0,-9999.0,-9999.0,-9999.0,-9999.0,-9999.0,-9999.0,orientation,size,color,0.38,11.0,2,female,1,2537.0593455999997,0,21
3122,-9999.0,-9999.0,-9999.0,-9999.0,-9999.0,-9999.0,-9999.0,-9999.0,-9999.0,orientation,size,color,0.38,11.0,2,female,1,2537.0593455999997,0,21
3123,-9999.0,-9999.0,-9999.0,-9999.0,-9999.0,-9999.0,-9999.0,-9999.0,-9999.0,orientation,size,color,0.38,11.0,2,female,1,2537.0593455999997,0,21
3124,-9999.0,-9999.0,-9999.0,-9999.0,-9999.0,-9999.0,-9999.0,-9999.0,-9999.0,orientation,size,color,0.38,11.0,2,female,1,2537.0593455999997,0,21
3125,-9999.0,-9999.0,-9999.0,-9999.0,-9999.0,-9999.0,-9999.0,-9999.0,-9999.0,orientation,size,color,0.38,11.0,2,female,1,2537.0593455999997,0,21
3126,-9999.0,-9999.0,-9999.0,-9999.0,-9999.0,-9999.0,-9999.0,-9999.0,-9999.0,orientation,size,color,0.38,11.0,2,female,1,2537.0593455999997,0,21
3127,-9999.0,-9999.0,-9999.0,-9999.0,-9999.0,-9999.0,-9999.0,-9999.0,-9999.0,orientation,size,color,0.38,11.0,2,female,1,2537.0593455999997,0,21
3128,-9999.0,-9999.0,-9999.0,-9999.0,-9999.0,-9999.0,-9999.0,-9999.0,-9999.0,orientation,size,color,0.38,11.0,2,female,1,2537.0593455999997,0,21
3129,-9999.0,-9999.0,-9999.0,-9999.0,-9999.0,-9999.0,-9999.0,-9999.0,-9999.0,orientation,size,color,0.38,11.0,2,female,1,2537.0593455999997,0,21
3130,-9999.0,-9999.0,-9999.0,-9999.0,-9999.0,-9999.0,-9999.0,-9999.0,-9999.0,orientation,size,color,0.38,11.0,2,female,1,2537.0593455999997,0,21
3131,-9999.0,-9999.0,-9999.0,-9999.0,-9999.0,-9999.0,-9999.0,-9999.0,-9999.0,orientation,size,color,0.38,11.0,2,female,1,2537.0593455999997,0,21
3132,-9999.0,-9999.0,-9999.0,-9999.0,-9999.0,-9999.0,-9999.0,-9999.0,-9999.0,orientation,size,color,0.38,11.0,2,female,1,2537.0593455999997,0,21
3133,-9999.0,-9999.0,-9999.0,-9999.0,-9999.0,-9999.0,-9999.0,-9999.0,-9999.0,orientation,size,color,0.38,11.0,2,female,1,2537.0593455999997,0,21
3134,-9999.0,-9999.0,-9999.0,-9999.0,-9999.0,-9999.0,-9999.0,-9999.0,-9999.0,orientation,size,color,0.38,11.0,2,female,1,2537.0593455999997,0,21
3135,-9999.0,-9999.0,-9999.0,-9999.0,-9999.0,-9999.0,-9999.0,-9999.0,-9999.0,orientation,size,color,0.38,11.0,2,female,1,2537.0593455999997,0,21
3136,-9999.0,-9999.0,-9999.0,-9999.0,-9999.0,-9999.0,-9999.0,-9999.0,-9999.0,orientation,size,color,0.38,11.0,2,female,1,2537.0593455999997,0,21
3137,-9999.0,-9999.0,-9999.0,-9999.0,-9999.0,-9999.0,-9999.0,-9999.0,-9999.0,orientation,size,color,0.38,11.0,2,female,1,2537.0593455999997,0,21
3138,-9999.0,-9999.0,-9999.0,-9999.0,-9999.0,-9999.0,-9999.0,-9999.0,-9999.0,orientation,size,color,0.38,11.0,2,female,1,2537.0593455999997,0,21
3139,-9999.0,-9999.0,-9999.0,-9999.0,-9999.0,-9999.0,-9999.0,-9999.0,-9999.0,orientation,size,color,0.38,11.0,2,female,1,2537.0593455999997,0,21
3140,-9999.0,-9999.0,-9999.0,-9999.0,-9999.0,-9999.0,-9999.0,-9999.0,-9999.0,orientation,size,color,0.38,11.0,2,female,1,2537.0593455999997,0,21
3141,-9999.0,-9999.0,-9999.0,-9999.0,-9999.0,-9999.0,-9999.0,-9999.0,-9999.0,orientation,size,color,0.38,11.0,2,female,1,2537.0593455999997,0,21
3142,-9999.0,-9999.0,-9999.0,-9999.0,-9999.0,-9999.0,-9999.0,-9999.0,-9999.0,orientation,size,color,0.38,11.0,2,female,1,2537.0593455999997,0,21
3143,-9999.0,-9999.0,-9999.0,-9999.0,-9999.0,-9999.0,-9999.0,-9999.0,-9999.0,orientation,size,color,0.38,11.0,2,female,1,2537.0593455999997,0,21
3144,-9999.0,-9999.0,-9999.0,-9999.0,-9999.0,-9999.0,-9999.0,-9999.0,-9999.0,orientation,size,color,0.38,11.0,2,female,1,2537.0593455999997,0,21
3145,-9999.0,-9999.0,-9999.0,-9999.0,-9999.0,-9999.0,-9999.0,-9999.0,-9999.0,orientation,size,color,0.38,11.0,2,female,1,2537.0593455999997,0,21
3146,-9999.0,-9999.0,-9999.0,-9999.0,-9999.0,-9999.0,-9999.0,-9999.0,-9999.0,orientation,size,color,0.38,11.0,2,female,1,2537.0593455999997,0,21
3147,-9999.0,-9999.0,-9999.0,-9999.0,-9999.0,-9999.0,-9999.0,-9999.0,-9999.0,orientation,size,color,0.38,11.0,2,female,1,2537.0593455999997,0,21
3148,-9999.0,-9999.0,-9999.0,-9999.0,-9999.0,-9999.0,-9999.0,-9999.0,-9999.0,orientation,size,color,0.38,11.0,2,female,1,2537.0593455999997,0,21
3149,-9999.0,-9999.0,-9999.0,-9999.0,-9999.0,-9999.0,-9999.0,-9999.0,-9999.0,orientation,size,color,0.38,11.0,2,female,1,2537.0593455999997,0,21
3150,-9999.0,-9999.0,-9999.0,-9999.0,-9999.0,-9999.0,-9999.0,-9999.0,-9999.0,orientation,size,color,0.38,11.0,2,female,1,2537.0593455999997,0,21
3151,-9999.0,-9999.0,-9999.0,-9999.0,-9999.0,-9999.0,-9999.0,-9999.0,-9999.0,orientation,size,color,0.38,11.0,2,female,1,2537.0593455999997,0,21
3152,-9999.0,-9999.0,-9999.0,-9999.0,-9999.0,-9999.0,-9999.0,-9999.0,-9999.0,orientation,size,color,0.38,11.0,2,female,1,2537.0593455999997,0,21
3153,-9999.0,-9999.0,-9999.0,-9999.0,-9999.0,-9999.0,-9999.0,-9999.0,-9999.0,orientation,size,color,0.38,11.0,2,female,1,2537.0593455999997,0,21
3154,-9999.0,-9999.0,-9999.0,-9999.0,-9999.0,-9999.0,-9999.0,-9999.0,-9999.0,orientation,size,color,0.38,11.0,2,female,1,2537.0593455999997,0,21
3155,-9999.0,-9999.0,-9999.0,-9999.0,-9999.0,-9999.0,-9999.0,-9999.0,-9999.0,orientation,size,color,0.38,11.0,2,female,1,2537.0593455999997,0,21
3156,-9999.0,-9999.0,-9999.0,-9999.0,-9999.0,-9999.0,-9999.0,-9999.0,-9999.0,orientation,size,color,0.38,11.0,2,female,1,2537.0593455999997,0,21
3157,-9999.0,-9999.0,-9999.0,-9999.0,-9999.0,-9999.0,-9999.0,-9999.0,-9999.0,orientation,size,color,0.38,11.0,2,female,1,2537.0593455999997,0,21
3158,-9999.0,-9999.0,-9999.0,-9999.0,-9999.0,-9999.0,-9999.0,-9999.0,-9999.0,orientation,size,color,0.38,11.0,2,female,1,2537.0593455999997,0,21
3159,-9999.0,-9999.0,-9999.0,-9999.0,-9999.0,-9999.0,-9999.0,-9999.0,-9999.0,orientation,size,color,0.38,11.0,2,female,1,2537.0593455999997,0,21
3160,-9999.0,-9999.0,-9999.0,-9999.0,-9999.0,-9999.0,-9999.0,-9999.0,-9999.0,orientation,size,color,0.38,11.0,2,female,1,2537.0593455999997,0,21
3161,-9999.0,-9999.0,-9999.0,-9999.0,-9999.0,-9999.0,-9999.0,-9999.0,-9999.0,orientation,size,color,0.38,11.0,2,female,1,2537.0593455999997,0,21
3162,-9999.0,-9999.0,-9999.0,-9999.0,-9999.0,-9999.0,-9999.0,-9999.0,-9999.0,orientation,size,color,0.38,11.0,2,female,1,2537.0593455999997,0,21
3163,-9999.0,-9999.0,-9999.0,-9999.0,-9999.0,-9999.0,-9999.0,-9999.0,-9999.0,orientation,size,color,0.38,11.0,2,female,1,2537.0593455999997,0,21
3164,-9999.0,-9999.0,-9999.0,-9999.0,-9999.0,-9999.0,-9999.0,-9999.0,-9999.0,orientation,size,color,0.38,11.0,2,female,1,2537.0593455999997,0,21
3165,-9999.0,-9999.0,-9999.0,-9999.0,-9999.0,-9999.0,-9999.0,-9999.0,-9999.0,orientation,size,color,0.38,11.0,2,female,1,2537.0593455999997,0,21
3166,-9999.0,-9999.0,-9999.0,-9999.0,-9999.0,-9999.0,-9999.0,-9999.0,-9999.0,orientation,size,color,0.38,11.0,2,female,1,2537.0593455999997,0,21
3167,-9999.0,-9999.0,-9999.0,-9999.0,-9999.0,-9999.0,-9999.0,-9999.0,-9999.0,orientation,size,color,0.38,11.0,2,female,1,2537.0593455999997,0,21
3168,-9999.0,-9999.0,-9999.0,-9999.0,-9999.0,-9999.0,-9999.0,-9999.0,-9999.0,orientation,size,color,0.38,11.0,2,female,1,2537.0593455999997,0,21
3169,-9999.0,-9999.0,-9999.0,-9999.0,-9999.0,-9999.0,-9999.0,-9999.0,-9999.0,orientation,size,color,0.38,11.0,2,female,1,2537.0593455999997,0,21
3170,-9999.0,-9999.0,-9999.0,-9999.0,-9999.0,-9999.0,-9999.0,-9999.0,-9999.0,orientation,size,color,0.38,11.0,2,female,1,2537.0593455999997,0,21
3171,-9999.0,-9999.0,-9999.0,-9999.0,-9999.0,-9999.0,-9999.0,-9999.0,-9999.0,orientation,size,color,0.38,11.0,2,female,1,2537.0593455999997,0,21
3172,-9999.0,-9999.0,-9999.0,-9999.0,-9999.0,-9999.0,-9999.0,-9999.0,-9999.0,orientation,size,color,0.38,11.0,2,female,1,2537.0593455999997,0,21
3173,-9999.0,-9999.0,-9999.0,-9999.0,-9999.0,-9999.0,-9999.0,-9999.0,-9999.0,orientation,size,color,0.38,11.0,2,female,1,2537.0593455999997,0,21
3174,-9999.0,-9999.0,-9999.0,-9999.0,-9999.0,-9999.0,-9999.0,-9999.0,-9999.0,orientation,size,color,0.38,11.0,2,female,1,2537.0593455999997,0,21
3175,-9999.0,-9999.0,-9999.0,-9999.0,-9999.0,-9999.0,-9999.0,-9999.0,-9999.0,orientation,size,color,0.38,11.0,2,female,1,2537.0593455999997,0,21
3176,-9999.0,-9999.0,-9999.0,-9999.0,-9999.0,-9999.0,-9999.0,-9999.0,-9999.0,orientation,size,color,0.38,11.0,2,female,1,2537.0593455999997,0,21
3177,-9999.0,-9999.0,-9999.0,-9999.0,-9999.0,-9999.0,-9999.0,-9999.0,-9999.0,orientation,size,color,0.38,11.0,2,female,1,2537.0593455999997,0,21
3178,-9999.0,-9999.0,-9999.0,-9999.0,-9999.0,-9999.0,-9999.0,-9999.0,-9999.0,orientation,size,color,0.38,11.0,2,female,1,2537.0593455999997,0,21
3179,-9999.0,-9999.0,-9999.0,-9999.0,-9999.0,-9999.0,-9999.0,-9999.0,-9999.0,orientation,size,color,0.38,11.0,2,female,1,2537.0593455999997,0,21
3180,-9999.0,-9999.0,-9999.0,-9999.0,-9999.0,-9999.0,-9999.0,-9999.0,-9999.0,orientation,size,color,0.38,11.0,2,female,1,2537.0593455999997,0,21
3181,-9999.0,-9999.0,-9999.0,-9999.0,-9999.0,-9999.0,-9999.0,-9999.0,-9999.0,orientation,size,color,0.38,11.0,2,female,1,2537.0593455999997,0,21
3182,-9999.0,-9999.0,-9999.0,-9999.0,-9999.0,-9999.0,-9999.0,-9999.0,-9999.0,orientation,size,color,0.38,11.0,2,female,1,2537.0593455999997,0,21
3183,-9999.0,-9999.0,-9999.0,-9999.0,-9999.0,-9999.0,-9999.0,-9999.0,-9999.0,orientation,size,color,0.38,11.0,2,female,1,2537.0593455999997,0,21
3184,-9999.0,-9999.0,-9999.0,-9999.0,-9999.0,-9999.0,-9999.0,-9999.0,-9999.0,orientation,size,color,0.38,11.0,2,female,1,2537.0593455999997,0,21
3185,-9999.0,-9999.0,-9999.0,-9999.0,-9999.0,-9999.0,-9999.0,-9999.0,-9999.0,orientation,size,color,0.38,11.0,2,female,1,2537.0593455999997,0,21
3186,-9999.0,-9999.0,-9999.0,-9999.0,-9999.0,-9999.0,-9999.0,-9999.0,-9999.0,orientation,size,color,0.38,11.0,2,female,1,2537.0593455999997,0,21
3187,-9999.0,-9999.0,-9999.0,-9999.0,-9999.0,-9999.0,-9999.0,-9999.0,-9999.0,orientation,size,color,0.38,11.0,2,female,1,2537.0593455999997,0,21
3188,-9999.0,-9999.0,-9999.0,-9999.0,-9999.0,-9999.0,-9999.0,-9999.0,-9999.0,orientation,size,color,0.38,11.0,2,female,1,2537.0593455999997,0,21
3189,-9999.0,-9999.0,-9999.0,-9999.0,-9999.0,-9999.0,-9999.0,-9999.0,-9999.0,orientation,size,color,0.38,11.0,2,female,1,2537.0593455999997,0,21
3190,-9999.0,-9999.0,-9999.0,-9999.0,-9999.0,-9999.0,-9999.0,-9999.0,-9999.0,orientation,size,color,0.38,11.0,2,female,1,2537.0593455999997,0,21
3191,-9999.0,-9999.0,-9999.0,-9999.0,-9999.0,-9999.0,-9999.0,-9999.0,-9999.0,orientation,size,color,0.38,11.0,2,female,1,2537.0593455999997,0,21
3192,-9999.0,-9999.0,-9999.0,-9999.0,-9999.0,-9999.0,-9999.0,-9999.0,-9999.0,orientation,size,color,0.38,11.0,2,female,1,2537.0593455999997,0,21
3193,-9999.0,-9999.0,-9999.0,-9999.0,-9999.0,-9999.0,-9999.0,-9999.0,-9999.0,orientation,size,color,0.38,11.0,2,female,1,2537.0593455999997,0,21
3194,-9999.0,-9999.0,-9999.0,-9999.0,-9999.0,-9999.0,-9999.0,-9999.0,-9999.0,orientation,size,color,0.38,11.0,2,female,1,2537.0593455999997,0,21
3195,-9999.0,-9999.0,-9999.0,-9999.0,-9999.0,-9999.0,-9999.0,-9999.0,-9999.0,orientation,size,color,0.38,11.0,2,female,1,2537.0593455999997,0,21
3196,-9999.0,-9999.0,-9999.0,-9999.0,-9999.0,-9999.0,-9999.0,-9999.0,-9999.0,orientation,size,color,0.38,11.0,2,female,1,2537.0593455999997,0,21
3197,-9999.0,-9999.0,-9999.0,-9999.0,-9999.0,-9999.0,-9999.0,-9999.0,-9999.0,orientation,size,color,0.38,11.0,2,female,1,2537.0593455999997,0,21
3198,-9999.0,-9999.0,-9999.0,-9999.0,-9999.0,-9999.0,-9999.0,-9999.0,-9999.0,orientation,size,color,0.38,11.0,2,female,1,2537.0593455999997,0,21
3199,-9999.0,-9999.0,-9999.0,-9999.0,-9999.0,-9999.0,-9999.0,-9999.0,-9999.0,orientation,size,color,0.38,11.0,2,female,1,2537.0593455999997,0,21
3200,-9999.0,-9999.0,-9999.0,-9999.0,-9999.0,-9999.0,-9999.0,-9999.0,-9999.0,orientation,size,color,0.38,11.0,2,female,1,2537.0593455999997,0,21
3201,-9999.0,-9999.0,-9999.0,-9999.0,-9999.0,-9999.0,-9999.0,-9999.0,-9999.0,orientation,size,color,0.38,11.0,2,female,1,2537.0593455999997,0,21
3202,-9999.0,-9999.0,-9999.0,-9999.0,-9999.0,-9999.0,-9999.0,-9999.0,-9999.0,orientation,size,color,0.38,11.0,2,female,1,2537.0593455999997,0,21
3203,-9999.0,-9999.0,-9999.0,-9999.0,-9999.0,-9999.0,-9999.0,-9999.0,-9999.0,orientation,size,color,0.38,11.0,2,female,1,2537.0593455999997,0,21
3204,-9999.0,-9999.0,-9999.0,-9999.0,-9999.0,-9999.0,-9999.0,-9999.0,-9999.0,orientation,size,color,0.38,11.0,2,female,1,2537.0593455999997,0,21
3205,-9999.0,-9999.0,-9999.0,-9999.0,-9999.0,-9999.0,-9999.0,-9999.0,-9999.0,orientation,size,color,0.38,11.0,2,female,1,2537.0593455999997,0,21
3206,-9999.0,-9999.0,-9999.0,-9999.0,-9999.0,-9999.0,-9999.0,-9999.0,-9999.0,orientation,size,color,0.38,11.0,2,female,1,2537.0593455999997,0,21
3207,-9999.0,-9999.0,-9999.0,-9999.0,-9999.0,-9999.0,-9999.0,-9999.0,-9999.0,orientation,size,color,0.38,11.0,2,female,1,2537.0593455999997,0,21
3208,-9999.0,-9999.0,-9999.0,-9999.0,-9999.0,-9999.0,-9999.0,-9999.0,-9999.0,orientation,size,color,0.38,11.0,2,female,1,2537.0593455999997,0,21
3209,-9999.0,-9999.0,-9999.0,-9999.0,-9999.0,-9999.0,-9999.0,-9999.0,-9999.0,orientation,size,color,0.38,11.0,2,female,1,2537.0593455999997,0,21
3210,-9999.0,-9999.0,-9999.0,-9999.0,-9999.0,-9999.0,-9999.0,-9999.0,-9999.0,orientation,size,color,0.38,11.0,2,female,1,2537.0593455999997,0,21
3211,-9999.0,-9999.0,-9999.0,-9999.0,-9999.0,-9999.0,-9999.0,-9999.0,-9999.0,orientation,size,color,0.38,11.0,2,female,1,2537.0593455999997,0,21
3212,-9999.0,-9999.0,-9999.0,-9999.0,-9999.0,-9999.0,-9999.0,-9999.0,-9999.0,orientation,size,color,0.38,11.0,2,female,1,2537.0593455999997,0,21
3213,-9999.0,-9999.0,-9999.0,-9999.0,-9999.0,-9999.0,-9999.0,-9999.0,-9999.0,orientation,size,color,0.38,11.0,2,female,1,2537.0593455999997,0,21
3214,-9999.0,-9999.0,-9999.0,-9999.0,-9999.0,-9999.0,-9999.0,-9999.0,-9999.0,orientation,size,color,0.38,11.0,2,female,1,2537.0593455999997,0,21
3215,-9999.0,-9999.0,-9999.0,-9999.0,-9999.0,-9999.0,-9999.0,-9999.0,-9999.0,orientation,size,color,0.38,11.0,2,female,1,2537.0593455999997,0,21
3216,-9999.0,-9999.0,-9999.0,-9999.0,-9999.0,-9999.0,-9999.0,-9999.0,-9999.0,orientation,size,color,0.38,11.0,2,female,1,2537.0593455999997,0,21
3217,-9999.0,-9999.0,-9999.0,-9999.0,-9999.0,-9999.0,-9999.0,-9999.0,-9999.0,orientation,size,color,0.38,11.0,2,female,1,2537.0593455999997,0,21
3218,-9999.0,-9999.0,-9999.0,-9999.0,-9999.0,-9999.0,-9999.0,-9999.0,-9999.0,orientation,size,color,0.38,11.0,2,female,1,2537.0593455999997,0,21
3219,-9999.0,-9999.0,-9999.0,-9999.0,-9999.0,-9999.0,-9999.0,-9999.0,-9999.0,orientation,size,color,0.38,11.0,2,female,1,2537.0593455999997,0,21
3220,-9999.0,-9999.0,-9999.0,-9999.0,-9999.0,-9999.0,-9999.0,-9999.0,-9999.0,orientation,size,color,0.38,11.0,2,female,1,2537.0593455999997,0,21
3221,-9999.0,-9999.0,-9999.0,-9999.0,-9999.0,-9999.0,-9999.0,-9999.0,-9999.0,orientation,size,color,0.38,11.0,2,female,1,2537.0593455999997,0,21
3222,-9999.0,-9999.0,-9999.0,-9999.0,-9999.0,-9999.0,-9999.0,-9999.0,-9999.0,orientation,size,color,0.38,11.0,2,female,1,2537.0593455999997,0,21
3223,-9999.0,-9999.0,-9999.0,-9999.0,-9999.0,-9999.0,-9999.0,-9999.0,-9999.0,orientation,size,color,0.38,11.0,2,female,1,2537.0593455999997,0,21
3224,-9999.0,-9999.0,-9999.0,-9999.0,-9999.0,-9999.0,-9999.0,-9999.0,-9999.0,orientation,size,color,0.38,11.0,2,female,1,2537.0593455999997,0,21
3225,-9999.0,-9999.0,-9999.0,-9999.0,-9999.0,-9999.0,-9999.0,-9999.0,-9999.0,orientation,size,color,0.38,11.0,2,female,1,2537.0593455999997,0,21
3226,-9999.0,-9999.0,-9999.0,-9999.0,-9999.0,-9999.0,-9999.0,-9999.0,-9999.0,orientation,size,color,0.38,11.0,2,female,1,2537.0593455999997,0,21
3227,-9999.0,-9999.0,-9999.0,-9999.0,-9999.0,-9999.0,-9999.0,-9999.0,-9999.0,orientation,size,color,0.38,11.0,2,female,1,2537.0593455999997,0,21
3228,-9999.0,-9999.0,-9999.0,-9999.0,-9999.0,-9999.0,-9999.0,-9999.0,-9999.0,orientation,size,color,0.38,11.0,2,female,1,2537.0593455999997,0,21
3229,-9999.0,-9999.0,-9999.0,-9999.0,-9999.0,-9999.0,-9999.0,-9999.0,-9999.0,orientation,size,color,0.38,11.0,2,female,1,2537.0593455999997,0,21
3230,-9999.0,-9999.0,-9999.0,-9999.0,-9999.0,-9999.0,-9999.0,-9999.0,-9999.0,orientation,size,color,0.38,11.0,2,female,1,2537.0593455999997,0,21
3231,-9999.0,-9999.0,-9999.0,-9999.0,-9999.0,-9999.0,-9999.0,-9999.0,-9999.0,orientation,size,color,0.38,11.0,2,female,1,2537.0593455999997,0,21
3232,-9999.0,-9999.0,-9999.0,-9999.0,-9999.0,-9999.0,-9999.0,-9999.0,-9999.0,orientation,size,color,0.38,11.0,2,female,1,2537.0593455999997,0,21
3233,-9999.0,-9999.0,-9999.0,-9999.0,-9999.0,-9999.0,-9999.0,-9999.0,-9999.0,orientation,size,color,0.38,11.0,2,female,1,2537.0593455999997,0,21
3234,-9999.0,-9999.0,-9999.0,-9999.0,-9999.0,-9999.0,-9999.0,-9999.0,-9999.0,orientation,size,color,0.38,11.0,2,female,1,2537.0593455999997,0,21
3235,-9999.0,-9999.0,-9999.0,-9999.0,-9999.0,-9999.0,-9999.0,-9999.0,-9999.0,orientation,size,color,0.38,11.0,2,female,1,2537.0593455999997,0,21
3236,-9999.0,-9999.0,-9999.0,-9999.0,-9999.0,-9999.0,-9999.0,-9999.0,-9999.0,orientation,size,color,0.38,11.0,2,female,1,2537.0593455999997,0,21
3237,-9999.0,-9999.0,-9999.0,-9999.0,-9999.0,-9999.0,-9999.0,-9999.0,-9999.0,orientation,size,color,0.38,11.0,2,female,1,2537.0593455999997,0,21
3238,-9999.0,-9999.0,-9999.0,-9999.0,-9999.0,-9999.0,-9999.0,-9999.0,-9999.0,orientation,size,color,0.38,11.0,2,female,1,2537.0593455999997,0,21
3239,-9999.0,-9999.0,-9999.0,-9999.0,-9999.0,-9999.0,-9999.0,-9999.0,-9999.0,orientation,size,color,0.38,11.0,2,female,1,2537.0593455999997,0,21
3240,-9999.0,-9999.0,-9999.0,-9999.0,-9999.0,-9999.0,-9999.0,-9999.0,-9999.0,orientation,size,color,0.38,11.0,2,female,1,2537.0593455999997,0,21
3241,-9999.0,-9999.0,-9999.0,-9999.0,-9999.0,-9999.0,-9999.0,-9999.0,-9999.0,orientation,size,color,0.38,11.0,2,female,1,2537.0593455999997,0,21
3242,-9999.0,-9999.0,-9999.0,-9999.0,-9999.0,-9999.0,-9999.0,-9999.0,-9999.0,orientation,size,color,0.38,11.0,2,female,1,2537.0593455999997,0,21
3243,-9999.0,-9999.0,-9999.0,-9999.0,-9999.0,-9999.0,-9999.0,-9999.0,-9999.0,orientation,size,color,0.38,11.0,2,female,1,2537.0593455999997,0,21
3244,-9999.0,-9999.0,-9999.0,-9999.0,-9999.0,-9999.0,-9999.0,-9999.0,-9999.0,orientation,size,color,0.38,11.0,2,female,1,2537.0593455999997,0,21
3245,-9999.0,-9999.0,-9999.0,-9999.0,-9999.0,-9999.0,-9999.0,-9999.0,-9999.0,orientation,size,color,0.38,11.0,2,female,1,2537.0593455999997,0,21
3246,-9999.0,-9999.0,-9999.0,-9999.0,-9999.0,-9999.0,-9999.0,-9999.0,-9999.0,orientation,size,color,0.38,11.0,2,female,1,2537.0593455999997,0,21
3247,-9999.0,-9999.0,-9999.0,-9999.0,-9999.0,-9999.0,-9999.0,-9999.0,-9999.0,orientation,size,color,0.38,11.0,2,female,1,2537.0593455999997,0,21
3248,-9999.0,-9999.0,-9999.0,-9999.0,-9999.0,-9999.0,-9999.0,-9999.0,-9999.0,orientation,size,color,0.38,11.0,2,female,1,2537.0593455999997,0,21
3249,-9999.0,-9999.0,-9999.0,-9999.0,-9999.0,-9999.0,-9999.0,-9999.0,-9999.0,orientation,size,color,0.38,11.0,2,female,1,2537.0593455999997,0,21
3250,-9999.0,-9999.0,-9999.0,-9999.0,-9999.0,-9999.0,-9999.0,-9999.0,-9999.0,orientation,size,color,0.38,11.0,2,female,1,2537.0593455999997,0,21
3251,-9999.0,-9999.0,-9999.0,-9999.0,-9999.0,-9999.0,-9999.0,-9999.0,-9999.0,orientation,size,color,0.38,11.0,2,female,1,2537.0593455999997,0,21
3252,-9999.0,-9999.0,-9999.0,-9999.0,-9999.0,-9999.0,-9999.0,-9999.0,-9999.0,orientation,size,color,0.38,11.0,2,female,1,2537.0593455999997,0,21
3253,-9999.0,-9999.0,-9999.0,-9999.0,-9999.0,-9999.0,-9999.0,-9999.0,-9999.0,orientation,size,color,0.38,11.0,2,female,1,2537.0593455999997,0,21
3254,-9999.0,-9999.0,-9999.0,-9999.0,-9999.0,-9999.0,-9999.0,-9999.0,-9999.0,orientation,size,color,0.38,11.0,2,female,1,2537.0593455999997,0,21
3255,-9999.0,-9999.0,-9999.0,-9999.0,-9999.0,-9999.0,-9999.0,-9999.0,-9999.0,orientation,size,color,0.38,11.0,2,female,1,2537.0593455999997,0,21
3256,-9999.0,-9999.0,-9999.0,-9999.0,-9999.0,-9999.0,-9999.0,-9999.0,-9999.0,orientation,size,color,0.38,11.0,2,female,1,2537.0593455999997,0,21
3257,-9999.0,-9999.0,-9999.0,-9999.0,-9999.0,-9999.0,-9999.0,-9999.0,-9999.0,orientation,size,color,0.38,11.0,2,female,1,2537.0593455999997,0,21
3258,-9999.0,-9999.0,-9999.0,-9999.0,-9999.0,-9999.0,-9999.0,-9999.0,-9999.0,orientation,size,color,0.38,11.0,2,female,1,2537.0593455999997,0,21
3259,-9999.0,-9999.0,-9999.0,-9999.0,-9999.0,-9999.0,-9999.0,-9999.0,-9999.0,orientation,size,color,0.38,11.0,2,female,1,2537.0593455999997,0,21
3260,-9999.0,-9999.0,-9999.0,-9999.0,-9999.0,-9999.0,-9999.0,-9999.0,-9999.0,orientation,size,color,0.38,11.0,2,female,1,2537.0593455999997,0,21
3261,-9999.0,-9999.0,-9999.0,-9999.0,-9999.0,-9999.0,-9999.0,-9999.0,-9999.0,orientation,size,color,0.38,11.0,2,female,1,2537.0593455999997,0,21
3262,-9999.0,-9999.0,-9999.0,-9999.0,-9999.0,-9999.0,-9999.0,-9999.0,-9999.0,orientation,size,color,0.38,11.0,2,female,1,2537.0593455999997,0,21
3263,-9999.0,-9999.0,-9999.0,-9999.0,-9999.0,-9999.0,-9999.0,-9999.0,-9999.0,orientation,size,color,0.38,11.0,2,female,1,2537.0593455999997,0,21
3264,-9999.0,-9999.0,-9999.0,-9999.0,-9999.0,-9999.0,-9999.0,-9999.0,-9999.0,orientation,size,color,0.38,11.0,2,female,1,2537.0593455999997,0,21
3265,-9999.0,-9999.0,-9999.0,-9999.0,-9999.0,-9999.0,-9999.0,-9999.0,-9999.0,orientation,size,color,0.38,11.0,2,female,1,2537.0593455999997,0,21
3266,-9999.0,-9999.0,-9999.0,-9999.0,-9999.0,-9999.0,-9999.0,-9999.0,-9999.0,orientation,size,color,0.38,11.0,2,female,1,2537.0593455999997,0,21
3267,-9999.0,-9999.0,-9999.0,-9999.0,-9999.0,-9999.0,-9999.0,-9999.0,-9999.0,orientation,size,color,0.38,11.0,2,female,1,2537.0593455999997,0,21
3268,-9999.0,-9999.0,-9999.0,-9999.0,-9999.0,-9999.0,-9999.0,-9999.0,-9999.0,orientation,size,color,0.38,11.0,2,female,1,2537.0593455999997,0,21
3269,-9999.0,-9999.0,-9999.0,-9999.0,-9999.0,-9999.0,-9999.0,-9999.0,-9999.0,orientation,size,color,0.38,11.0,2,female,1,2537.0593455999997,0,21
3270,-9999.0,-9999.0,-9999.0,-9999.0,-9999.0,-9999.0,-9999.0,-9999.0,-9999.0,orientation,size,color,0.38,11.0,2,female,1,2537.0593455999997,0,21
3271,-9999.0,-9999.0,-9999.0,-9999.0,-9999.0,-9999.0,-9999.0,-9999.0,-9999.0,orientation,size,color,0.38,11.0,2,female,1,2537.0593455999997,0,21
3272,-9999.0,-9999.0,-9999.0,-9999.0,-9999.0,-9999.0,-9999.0,-9999.0,-9999.0,orientation,size,color,0.38,11.0,2,female,1,2537.0593455999997,0,21
3273,-9999.0,-9999.0,-9999.0,-9999.0,-9999.0,-9999.0,-9999.0,-9999.0,-9999.0,orientation,size,color,0.38,11.0,2,female,1,2537.0593455999997,0,21
3274,-9999.0,-9999.0,-9999.0,-9999.0,-9999.0,-9999.0,-9999.0,-9999.0,-9999.0,orientation,size,color,0.38,11.0,2,female,1,2537.0593455999997,0,21
3275,-9999.0,-9999.0,-9999.0,-9999.0,-9999.0,-9999.0,-9999.0,-9999.0,-9999.0,orientation,size,color,0.38,11.0,2,female,1,2537.0593455999997,0,21
3276,-9999.0,-9999.0,-9999.0,-9999.0,-9999.0,-9999.0,-9999.0,-9999.0,-9999.0,orientation,size,color,0.38,11.0,2,female,1,2537.0593455999997,0,21
3277,-9999.0,-9999.0,-9999.0,-9999.0,-9999.0,-9999.0,-9999.0,-9999.0,-9999.0,orientation,size,color,0.38,11.0,2,female,1,2537.0593455999997,0,21
3278,-9999.0,-9999.0,-9999.0,-9999.0,-9999.0,-9999.0,-9999.0,-9999.0,-9999.0,orientation,size,color,0.38,11.0,2,female,1,2537.0593455999997,0,21
3279,-9999.0,-9999.0,-9999.0,-9999.0,-9999.0,-9999.0,-9999.0,-9999.0,-9999.0,orientation,size,color,0.38,11.0,2,female,1,2537.0593455999997,0,21
3280,-9999.0,-9999.0,-9999.0,-9999.0,-9999.0,-9999.0,-9999.0,-9999.0,-9999.0,orientation,size,color,0.38,11.0,2,female,1,2537.0593455999997,0,21
3281,-9999.0,-9999.0,-9999.0,-9999.0,-9999.0,-9999.0,-9999.0,-9999.0,-9999.0,orientation,size,color,0.38,11.0,2,female,1,2537.0593455999997,0,21
3282,-9999.0,-9999.0,-9999.0,-9999.0,-9999.0,-9999.0,-9999.0,-9999.0,-9999.0,orientation,size,color,0.38,11.0,2,female,1,2537.0593455999997,0,21
3283,-9999.0,-9999.0,-9999.0,-9999.0,-9999.0,-9999.0,-9999.0,-9999.0,-9999.0,orientation,size,color,0.38,11.0,2,female,1,2537.0593455999997,0,21
3284,-9999.0,-9999.0,-9999.0,-9999.0,-9999.0,-9999.0,-9999.0,-9999.0,-9999.0,orientation,size,color,0.38,11.0,2,female,1,2537.0593455999997,0,21
3285,-9999.0,-9999.0,-9999.0,-9999.0,-9999.0,-9999.0,-9999.0,-9999.0,-9999.0,orientation,size,color,0.38,11.0,2,female,1,2537.0593455999997,0,21
3286,-9999.0,-9999.0,-9999.0,-9999.0,-9999.0,-9999.0,-9999.0,-9999.0,-9999.0,orientation,size,color,0.38,11.0,2,female,1,2537.0593455999997,0,21
3287,-9999.0,-9999.0,-9999.0,-9999.0,-9999.0,-9999.0,-9999.0,-9999.0,-9999.0,orientation,size,color,0.38,11.0,2,female,1,2537.0593455999997,0,21
3288,-9999.0,-9999.0,-9999.0,-9999.0,-9999.0,-9999.0,-9999.0,-9999.0,-9999.0,orientation,size,color,0.38,11.0,2,female,1,2537.0593455999997,0,21
3289,-9999.0,-9999.0,-9999.0,-9999.0,-9999.0,-9999.0,-9999.0,-9999.0,-9999.0,orientation,size,color,0.38,11.0,2,female,1,2537.0593455999997,0,21
3290,-9999.0,-9999.0,-9999.0,-9999.0,-9999.0,-9999.0,-9999.0,-9999.0,-9999.0,orientation,size,color,0.38,11.0,2,female,1,2537.0593455999997,0,21
3291,-9999.0,-9999.0,-9999.0,-9999.0,-9999.0,-9999.0,-9999.0,-9999.0,-9999.0,orientation,size,color,0.38,11.0,2,female,1,2537.0593455999997,0,21
3292,-9999.0,-9999.0,-9999.0,-9999.0,-9999.0,-9999.0,-9999.0,-9999.0,-9999.0,orientation,size,color,0.38,11.0,2,female,1,2537.0593455999997,0,21
3293,-9999.0,-9999.0,-9999.0,-9999.0,-9999.0,-9999.0,-9999.0,-9999.0,-9999.0,orientation,size,color,0.38,11.0,2,female,1,2537.0593455999997,0,21
3294,-9999.0,-9999.0,-9999.0,-9999.0,-9999.0,-9999.0,-9999.0,-9999.0,-9999.0,orientation,size,color,0.38,11.0,2,female,1,2537.0593455999997,0,21
3295,-9999.0,-9999.0,-9999.0,-9999.0,-9999.0,-9999.0,-9999.0,-9999.0,-9999.0,orientation,size,color,0.38,11.0,2,female,1,2537.0593455999997,0,21
3296,-9999.0,-9999.0,-9999.0,-9999.0,-9999.0,-9999.0,-9999.0,-9999.0,-9999.0,orientation,size,color,0.38,11.0,2,female,1,2537.0593455999997,0,21
3297,-9999.0,-9999.0,-9999.0,-9999.0,-9999.0,-9999.0,-9999.0,-9999.0,-9999.0,orientation,size,color,0.38,11.0,2,female,1,2537.0593455999997,0,21
3298,-9999.0,-9999.0,-9999.0,-9999.0,-9999.0,-9999.0,-9999.0,-9999.0,-9999.0,orientation,size,color,0.38,11.0,2,female,1,2537.0593455999997,0,21
3299,-9999.0,-9999.0,-9999.0,-9999.0,-9999.0,-9999.0,-9999.0,-9999.0,-9999.0,orientation,size,color,0.38,11.0,2,female,1,2537.0593455999997,0,21
3300,-9999.0,-9999.0,-9999.0,-9999.0,-9999.0,-9999.0,-9999.0,-9999.0,-9999.0,orientation,size,color,0.38,11.0,2,female,1,2537.0593455999997,0,21
3301,-9999.0,-9999.0,-9999.0,-9999.0,-9999.0,-9999.0,-9999.0,-9999.0,-9999.0,orientation,size,color,0.38,11.0,2,female,1,2537.0593455999997,0,21
3302,-9999.0,-9999.0,-9999.0,-9999.0,-9999.0,-9999.0,-9999.0,-9999.0,-9999.0,orientation,size,color,0.38,11.0,2,female,1,2537.0593455999997,0,21
3303,-9999.0,-9999.0,-9999.0,-9999.0,-9999.0,-9999.0,-9999.0,-9999.0,-9999.0,orientation,size,color,0.38,11.0,2,female,1,2537.0593455999997,0,21
3304,-9999.0,-9999.0,-9999.0,-9999.0,-9999.0,-9999.0,-9999.0,-9999.0,-9999.0,orientation,size,color,0.38,11.0,2,female,1,2537.0593455999997,0,21
3305,-9999.0,-9999.0,-9999.0,-9999.0,-9999.0,-9999.0,-9999.0,-9999.0,-9999.0,orientation,size,color,0.38,11.0,2,female,1,2537.0593455999997,0,21
3306,-9999.0,-9999.0,-9999.0,-9999.0,-9999.0,-9999.0,-9999.0,-9999.0,-9999.0,orientation,size,color,0.38,11.0,2,female,1,2537.0593455999997,0,21
3307,-9999.0,-9999.0,-9999.0,-9999.0,-9999.0,-9999.0,-9999.0,-9999.0,-9999.0,orientation,size,color,0.38,11.0,2,female,1,2537.0593455999997,0,21
3308,-9999.0,-9999.0,-9999.0,-9999.0,-9999.0,-9999.0,-9999.0,-9999.0,-9999.0,orientation,size,color,0.38,11.0,2,female,1,2537.0593455999997,0,21
3309,-9999.0,-9999.0,-9999.0,-9999.0,-9999.0,-9999.0,-9999.0,-9999.0,-9999.0,orientation,size,color,0.38,11.0,2,female,1,2537.0593455999997,0,21
3310,-9999.0,-9999.0,-9999.0,-9999.0,-9999.0,-9999.0,-9999.0,-9999.0,-9999.0,orientation,size,color,0.38,11.0,2,female,1,2537.0593455999997,0,21
3311,-9999.0,-9999.0,-9999.0,-9999.0,-9999.0,-9999.0,-9999.0,-9999.0,-9999.0,orientation,size,color,0.38,11.0,2,female,1,2537.0593455999997,0,21
3312,-9999.0,-9999.0,-9999.0,-9999.0,-9999.0,-9999.0,-9999.0,-9999.0,-9999.0,orientation,size,color,0.38,11.0,2,female,1,2537.0593455999997,0,21
3313,-9999.0,-9999.0,-9999.0,-9999.0,-9999.0,-9999.0,-9999.0,-9999.0,-9999.0,orientation,size,color,0.38,11.0,2,female,1,2537.0593455999997,0,21
3314,-9999.0,-9999.0,-9999.0,-9999.0,-9999.0,-9999.0,-9999.0,-9999.0,-9999.0,orientation,size,color,0.38,11.0,2,female,1,2537.0593455999997,0,21
3315,-9999.0,-9999.0,-9999.0,-9999.0,-9999.0,-9999.0,-9999.0,-9999.0,-9999.0,orientation,size,color,0.38,11.0,2,female,1,2537.0593455999997,0,21
3316,-9999.0,-9999.0,-9999.0,-9999.0,-9999.0,-9999.0,-9999.0,-9999.0,-9999.0,orientation,size,color,0.38,11.0,2,female,1,2537.0593455999997,0,21
3317,-9999.0,-9999.0,-9999.0,-9999.0,-9999.0,-9999.0,-9999.0,-9999.0,-9999.0,orientation,size,color,0.38,11.0,2,female,1,2537.0593455999997,0,21
3318,-9999.0,-9999.0,-9999.0,-9999.0,-9999.0,-9999.0,-9999.0,-9999.0,-9999.0,orientation,size,color,0.38,11.0,2,female,1,2537.0593455999997,0,21
3319,-9999.0,-9999.0,-9999.0,-9999.0,-9999.0,-9999.0,-9999.0,-9999.0,-9999.0,orientation,size,color,0.38,11.0,2,female,1,2537.0593455999997,0,21
3320,-9999.0,-9999.0,-9999.0,-9999.0,-9999.0,-9999.0,-9999.0,-9999.0,-9999.0,orientation,size,color,0.38,11.0,2,female,1,2537.0593455999997,0,21
3321,-9999.0,-9999.0,-9999.0,-9999.0,-9999.0,-9999.0,-9999.0,-9999.0,-9999.0,orientation,size,color,0.38,11.0,2,female,1,2537.0593455999997,0,21
3322,-9999.0,-9999.0,-9999.0,-9999.0,-9999.0,-9999.0,-9999.0,-9999.0,-9999.0,orientation,size,color,0.38,11.0,2,female,1,2537.0593455999997,0,21
3323,-9999.0,-9999.0,-9999.0,-9999.0,-9999.0,-9999.0,-9999.0,-9999.0,-9999.0,orientation,size,color,0.38,11.0,2,female,1,2537.0593455999997,0,21
3324,-9999.0,-9999.0,-9999.0,-9999.0,-9999.0,-9999.0,-9999.0,-9999.0,-9999.0,orientation,size,color,0.38,11.0,2,female,1,2537.0593455999997,0,21
3325,-9999.0,-9999.0,-9999.0,-9999.0,-9999.0,-9999.0,-9999.0,-9999.0,-9999.0,orientation,size,color,0.38,11.0,2,female,1,2537.0593455999997,0,21
3326,-9999.0,-9999.0,-9999.0,-9999.0,-9999.0,-9999.0,-9999.0,-9999.0,-9999.0,orientation,size,color,0.38,11.0,2,female,1,2537.0593455999997,0,21
3327,-9999.0,-9999.0,-9999.0,-9999.0,-9999.0,-9999.0,-9999.0,-9999.0,-9999.0,orientation,size,color,0.38,11.0,2,female,1,2537.0593455999997,0,21
3328,-9999.0,-9999.0,-9999.0,-9999.0,-9999.0,-9999.0,-9999.0,-9999.0,-9999.0,orientation,size,color,0.38,11.0,2,female,1,2537.0593455999997,0,21
3329,-9999.0,-9999.0,-9999.0,-9999.0,-9999.0,-9999.0,-9999.0,-9999.0,-9999.0,orientation,size,color,0.38,11.0,2,female,1,2537.0593455999997,0,21
3330,-9999.0,-9999.0,-9999.0,-9999.0,-9999.0,-9999.0,-9999.0,-9999.0,-9999.0,orientation,size,color,0.38,11.0,2,female,1,2537.0593455999997,0,21
3331,-9999.0,-9999.0,-9999.0,-9999.0,-9999.0,-9999.0,-9999.0,-9999.0,-9999.0,orientation,size,color,0.38,11.0,2,female,1,2537.0593455999997,0,21
3332,-9999.0,-9999.0,-9999.0,-9999.0,-9999.0,-9999.0,-9999.0,-9999.0,-9999.0,orientation,size,color,0.38,11.0,2,female,1,2537.0593455999997,0,21
3333,-9999.0,-9999.0,-9999.0,-9999.0,-9999.0,-9999.0,-9999.0,-9999.0,-9999.0,orientation,size,color,0.38,11.0,2,female,1,2537.0593455999997,0,21
3334,-9999.0,-9999.0,-9999.0,-9999.0,-9999.0,-9999.0,-9999.0,-9999.0,-9999.0,orientation,size,color,0.38,11.0,2,female,1,2537.0593455999997,0,21
3335,-9999.0,-9999.0,-9999.0,-9999.0,-9999.0,-9999.0,-9999.0,-9999.0,-9999.0,orientation,size,color,0.38,11.0,2,female,1,2537.0593455999997,0,21
3336,-9999.0,-9999.0,-9999.0,-9999.0,-9999.0,-9999.0,-9999.0,-9999.0,-9999.0,orientation,size,color,0.38,11.0,2,female,1,2537.0593455999997,0,21
3337,-9999.0,-9999.0,-9999.0,-9999.0,-9999.0,-9999.0,-9999.0,-9999.0,-9999.0,orientation,size,color,0.38,11.0,2,female,1,2537.0593455999997,0,21
3338,-9999.0,-9999.0,-9999.0,-9999.0,-9999.0,-9999.0,-9999.0,-9999.0,-9999.0,orientation,size,color,0.38,11.0,2,female,1,2537.0593455999997,0,21
3339,-9999.0,-9999.0,-9999.0,-9999.0,-9999.0,-9999.0,-9999.0,-9999.0,-9999.0,orientation,size,color,0.38,11.0,2,female,1,2537.0593455999997,0,21
3340,-9999.0,-9999.0,-9999.0,-9999.0,-9999.0,-9999.0,-9999.0,-9999.0,-9999.0,orientation,size,color,0.38,11.0,2,female,1,2537.0593455999997,0,21
3341,-9999.0,-9999.0,-9999.0,-9999.0,-9999.0,-9999.0,-9999.0,-9999.0,-9999.0,orientation,size,color,0.38,11.0,2,female,1,2537.0593455999997,0,21
3342,-9999.0,-9999.0,-9999.0,-9999.0,-9999.0,-9999.0,-9999.0,-9999.0,-9999.0,orientation,size,color,0.38,11.0,2,female,1,2537.0593455999997,0,21
3343,-9999.0,-9999.0,-9999.0,-9999.0,-9999.0,-9999.0,-9999.0,-9999.0,-9999.0,orientation,size,color,0.38,11.0,2,female,1,2537.0593455999997,0,21
3344,-9999.0,-9999.0,-9999.0,-9999.0,-9999.0,-9999.0,-9999.0,-9999.0,-9999.0,orientation,size,color,0.38,11.0,2,female,1,2537.0593455999997,0,21
3345,-9999.0,-9999.0,-9999.0,-9999.0,-9999.0,-9999.0,-9999.0,-9999.0,-9999.0,orientation,size,color,0.38,11.0,2,female,1,2537.0593455999997,0,21
3346,-9999.0,-9999.0,-9999.0,-9999.0,-9999.0,-9999.0,-9999.0,-9999.0,-9999.0,orientation,size,color,0.38,11.0,2,female,1,2537.0593455999997,0,21
3347,-9999.0,-9999.0,-9999.0,-9999.0,-9999.0,-9999.0,-9999.0,-9999.0,-9999.0,orientation,size,color,0.38,11.0,2,female,1,2537.0593455999997,0,21
3348,-9999.0,-9999.0,-9999.0,-9999.0,-9999.0,-9999.0,-9999.0,-9999.0,-9999.0,orientation,size,color,0.38,11.0,2,female,1,2537.0593455999997,0,21
3349,-9999.0,-9999.0,-9999.0,-9999.0,-9999.0,-9999.0,-9999.0,-9999.0,-9999.0,orientation,size,color,0.38,11.0,2,female,1,2537.0593455999997,0,21
3350,-9999.0,-9999.0,-9999.0,-9999.0,-9999.0,-9999.0,-9999.0,-9999.0,-9999.0,orientation,size,color,0.38,11.0,2,female,1,2537.0593455999997,0,21
3351,-9999.0,-9999.0,-9999.0,-9999.0,-9999.0,-9999.0,-9999.0,-9999.0,-9999.0,orientation,size,color,0.38,11.0,2,female,1,2537.0593455999997,0,21
3352,-9999.0,-9999.0,-9999.0,-9999.0,-9999.0,-9999.0,-9999.0,-9999.0,-9999.0,orientation,size,color,0.38,11.0,2,female,1,2537.0593455999997,0,21
3353,-9999.0,-9999.0,-9999.0,-9999.0,-9999.0,-9999.0,-9999.0,-9999.0,-9999.0,orientation,size,color,0.38,11.0,2,female,1,2537.0593455999997,0,21
3354,-9999.0,-9999.0,-9999.0,-9999.0,-9999.0,-9999.0,-9999.0,-9999.0,-9999.0,orientation,size,color,0.38,11.0,2,female,1,2537.0593455999997,0,21
3355,-9999.0,-9999.0,-9999.0,-9999.0,-9999.0,-9999.0,-9999.0,-9999.0,-9999.0,orientation,size,color,0.38,11.0,2,female,1,2537.0593455999997,0,21
3356,-9999.0,-9999.0,-9999.0,-9999.0,-9999.0,-9999.0,-9999.0,-9999.0,-9999.0,orientation,size,color,0.38,11.0,2,female,1,2537.0593455999997,0,21
3357,-9999.0,-9999.0,-9999.0,-9999.0,-9999.0,-9999.0,-9999.0,-9999.0,-9999.0,orientation,size,color,0.38,11.0,2,female,1,2537.0593455999997,0,21
3358,-9999.0,-9999.0,-9999.0,-9999.0,-9999.0,-9999.0,-9999.0,-9999.0,-9999.0,orientation,size,color,0.38,11.0,2,female,1,2537.0593455999997,0,21
3359,-9999.0,-9999.0,-9999.0,-9999.0,-9999.0,-9999.0,-9999.0,-9999.0,-9999.0,orientation,size,color,0.38,11.0,2,female,1,2537.0593455999997,0,21
3360,-9999.0,-9999.0,-9999.0,-9999.0,-9999.0,-9999.0,-9999.0,-9999.0,-9999.0,orientation,size,color,0.38,11.0,2,female,1,2537.0593455999997,0,21
3361,-9999.0,-9999.0,-9999.0,-9999.0,-9999.0,-9999.0,-9999.0,-9999.0,-9999.0,orientation,size,color,0.38,11.0,2,female,1,2537.0593455999997,0,21
3362,-9999.0,-9999.0,-9999.0,-9999.0,-9999.0,-9999.0,-9999.0,-9999.0,-9999.0,orientation,size,color,0.38,11.0,2,female,1,2537.0593455999997,0,21
3363,-9999.0,-9999.0,-9999.0,-9999.0,-9999.0,-9999.0,-9999.0,-9999.0,-9999.0,orientation,size,color,0.38,11.0,2,female,1,2537.0593455999997,0,21
3364,-9999.0,-9999.0,-9999.0,-9999.0,-9999.0,-9999.0,-9999.0,-9999.0,-9999.0,orientation,size,color,0.38,11.0,2,female,1,2537.0593455999997,0,21
3365,-9999.0,-9999.0,-9999.0,-9999.0,-9999.0,-9999.0,-9999.0,-9999.0,-9999.0,orientation,size,color,0.38,11.0,2,female,1,2537.0593455999997,0,21
3366,-9999.0,-9999.0,-9999.0,-9999.0,-9999.0,-9999.0,-9999.0,-9999.0,-9999.0,orientation,size,color,0.38,11.0,2,female,1,2537.0593455999997,0,21
3367,-9999.0,-9999.0,-9999.0,-9999.0,-9999.0,-9999.0,-9999.0,-9999.0,-9999.0,orientation,size,color,0.38,11.0,2,female,1,2537.0593455999997,0,21
3368,-9999.0,-9999.0,-9999.0,-9999.0,-9999.0,-9999.0,-9999.0,-9999.0,-9999.0,orientation,size,color,0.38,11.0,2,female,1,2537.0593455999997,0,21
3369,-9999.0,-9999.0,-9999.0,-9999.0,-9999.0,-9999.0,-9999.0,-9999.0,-9999.0,orientation,size,color,0.38,11.0,2,female,1,2537.0593455999997,0,21
3370,-9999.0,-9999.0,-9999.0,-9999.0,-9999.0,-9999.0,-9999.0,-9999.0,-9999.0,orientation,size,color,0.38,11.0,2,female,1,2537.0593455999997,0,21
3371,-9999.0,-9999.0,-9999.0,-9999.0,-9999.0,-9999.0,-9999.0,-9999.0,-9999.0,orientation,size,color,0.38,11.0,2,female,1,2537.0593455999997,0,21
3372,-9999.0,-9999.0,-9999.0,-9999.0,-9999.0,-9999.0,-9999.0,-9999.0,-9999.0,orientation,size,color,0.38,11.0,2,female,1,2537.0593455999997,0,21
3373,-9999.0,-9999.0,-9999.0,-9999.0,-9999.0,-9999.0,-9999.0,-9999.0,-9999.0,orientation,size,color,0.38,11.0,2,female,1,2537.0593455999997,0,21
3374,-9999.0,-9999.0,-9999.0,-9999.0,-9999.0,-9999.0,-9999.0,-9999.0,-9999.0,orientation,size,color,0.38,11.0,2,female,1,2537.0593455999997,0,21
3375,-9999.0,-9999.0,-9999.0,-9999.0,-9999.0,-9999.0,-9999.0,-9999.0,-9999.0,orientation,size,color,0.38,11.0,2,female,1,2537.0593455999997,0,21
3376,-9999.0,-9999.0,-9999.0,-9999.0,-9999.0,-9999.0,-9999.0,-9999.0,-9999.0,orientation,size,color,0.38,11.0,2,female,1,2537.0593455999997,0,21
3377,-9999.0,-9999.0,-9999.0,-9999.0,-9999.0,-9999.0,-9999.0,-9999.0,-9999.0,orientation,size,color,0.38,11.0,2,female,1,2537.0593455999997,0,21
3378,-9999.0,-9999.0,-9999.0,-9999.0,-9999.0,-9999.0,-9999.0,-9999.0,-9999.0,orientation,size,color,0.38,11.0,2,female,1,2537.0593455999997,0,21
3379,-9999.0,-9999.0,-9999.0,-9999.0,-9999.0,-9999.0,-9999.0,-9999.0,-9999.0,orientation,size,color,0.38,11.0,2,female,1,2537.0593455999997,0,21
3380,-9999.0,-9999.0,-9999.0,-9999.0,-9999.0,-9999.0,-9999.0,-9999.0,-9999.0,orientation,size,color,0.38,11.0,2,female,1,2537.0593455999997,0,21
3381,-9999.0,-9999.0,-9999.0,-9999.0,-9999.0,-9999.0,-9999.0,-9999.0,-9999.0,orientation,size,color,0.38,11.0,2,female,1,2537.0593455999997,0,21
3382,-9999.0,-9999.0,-9999.0,-9999.0,-9999.0,-9999.0,-9999.0,-9999.0,-9999.0,orientation,size,color,0.38,11.0,2,female,1,2537.0593455999997,0,21
3383,-9999.0,-9999.0,-9999.0,-9999.0,-9999.0,-9999.0,-9999.0,-9999.0,-9999.0,orientation,size,color,0.38,11.0,2,female,1,2537.0593455999997,0,21
3384,-9999.0,-9999.0,-9999.0,-9999.0,-9999.0,-9999.0,-9999.0,-9999.0,-9999.0,orientation,size,color,0.38,11.0,2,female,1,2537.0593455999997,0,21
3385,-9999.0,-9999.0,-9999.0,-9999.0,-9999.0,-9999.0,-9999.0,-9999.0,-9999.0,orientation,size,color,0.38,11.0,2,female,1,2537.0593455999997,0,21
3386,-9999.0,-9999.0,-9999.0,-9999.0,-9999.0,-9999.0,-9999.0,-9999.0,-9999.0,orientation,size,color,0.38,11.0,2,female,1,2537.0593455999997,0,21
3387,-9999.0,-9999.0,-9999.0,-9999.0,-9999.0,-9999.0,-9999.0,-9999.0,-9999.0,orientation,size,color,0.38,11.0,2,female,1,2537.0593455999997,0,21
3388,-9999.0,-9999.0,-9999.0,-9999.0,-9999.0,-9999.0,-9999.0,-9999.0,-9999.0,orientation,size,color,0.38,11.0,2,female,1,2537.0593455999997,0,21
3389,-9999.0,-9999.0,-9999.0,-9999.0,-9999.0,-9999.0,-9999.0,-9999.0,-9999.0,orientation,size,color,0.38,11.0,2,female,1,2537.0593455999997,0,21
3390,-9999.0,-9999.0,-9999.0,-9999.0,-9999.0,-9999.0,-9999.0,-9999.0,-9999.0,orientation,size,color,0.38,11.0,2,female,1,2537.0593455999997,0,21
3391,-9999.0,-9999.0,-9999.0,-9999.0,-9999.0,-9999.0,-9999.0,-9999.0,-9999.0,orientation,size,color,0.38,11.0,2,female,1,2537.0593455999997,0,21
3392,-9999.0,-9999.0,-9999.0,-9999.0,-9999.0,-9999.0,-9999.0,-9999.0,-9999.0,orientation,size,color,0.38,11.0,2,female,1,2537.0593455999997,0,21
3393,-9999.0,-9999.0,-9999.0,-9999.0,-9999.0,-9999.0,-9999.0,-9999.0,-9999.0,orientation,size,color,0.38,11.0,2,female,1,2537.0593455999997,0,21
3394,-9999.0,-9999.0,-9999.0,-9999.0,-9999.0,-9999.0,-9999.0,-9999.0,-9999.0,orientation,size,color,0.38,11.0,2,female,1,2537.0593455999997,0,21
3395,-9999.0,-9999.0,-9999.0,-9999.0,-9999.0,-9999.0,-9999.0,-9999.0,-9999.0,orientation,size,color,0.38,11.0,2,female,1,2537.0593455999997,0,21
3396,-9999.0,-9999.0,-9999.0,-9999.0,-9999.0,-9999.0,-9999.0,-9999.0,-9999.0,orientation,size,color,0.38,11.0,2,female,1,2537.0593455999997,0,21
3397,-9999.0,-9999.0,-9999.0,-9999.0,-9999.0,-9999.0,-9999.0,-9999.0,-9999.0,orientation,size,color,0.38,11.0,2,female,1,2537.0593455999997,0,21
3398,-9999.0,-9999.0,-9999.0,-9999.0,-9999.0,-9999.0,-9999.0,-9999.0,-9999.0,orientation,size,color,0.38,11.0,2,female,1,2537.0593455999997,0,21
3399,-9999.0,-9999.0,-9999.0,-9999.0,-9999.0,-9999.0,-9999.0,-9999.0,-9999.0,orientation,size,color,0.38,11.0,2,female,1,2537.0593455999997,0,21
3400,-9999.0,-9999.0,-9999.0,-9999.0,-9999.0,-9999.0,-9999.0,-9999.0,-9999.0,orientation,size,color,0.38,11.0,2,female,1,2537.0593455999997,0,21
3401,-9999.0,-9999.0,-9999.0,-9999.0,-9999.0,-9999.0,-9999.0,-9999.0,-9999.0,orientation,size,color,0.38,11.0,2,female,1,2537.0593455999997,0,21
3402,-9999.0,-9999.0,-9999.0,-9999.0,-9999.0,-9999.0,-9999.0,-9999.0,-9999.0,orientation,size,color,0.38,11.0,2,female,1,2537.0593455999997,0,21
3403,-9999.0,-9999.0,-9999.0,-9999.0,-9999.0,-9999.0,-9999.0,-9999.0,-9999.0,orientation,size,color,0.38,11.0,2,female,1,2537.0593455999997,0,21
3404,-9999.0,-9999.0,-9999.0,-9999.0,-9999.0,-9999.0,-9999.0,-9999.0,-9999.0,orientation,size,color,0.38,11.0,2,female,1,2537.0593455999997,0,21
3405,-9999.0,-9999.0,-9999.0,-9999.0,-9999.0,-9999.0,-9999.0,-9999.0,-9999.0,orientation,size,color,0.38,11.0,2,female,1,2537.0593455999997,0,21
3406,-9999.0,-9999.0,-9999.0,-9999.0,-9999.0,-9999.0,-9999.0,-9999.0,-9999.0,orientation,size,color,0.38,11.0,2,female,1,2537.0593455999997,0,21
3407,-9999.0,-9999.0,-9999.0,-9999.0,-9999.0,-9999.0,-9999.0,-9999.0,-9999.0,orientation,size,color,0.38,11.0,2,female,1,2537.0593455999997,0,21
3408,-9999.0,-9999.0,-9999.0,-9999.0,-9999.0,-9999.0,-9999.0,-9999.0,-9999.0,orientation,size,color,0.38,11.0,2,female,1,2537.0593455999997,0,21
3409,-9999.0,-9999.0,-9999.0,-9999.0,-9999.0,-9999.0,-9999.0,-9999.0,-9999.0,orientation,size,color,0.38,11.0,2,female,1,2537.0593455999997,0,21
3410,-9999.0,-9999.0,-9999.0,-9999.0,-9999.0,-9999.0,-9999.0,-9999.0,-9999.0,orientation,size,color,0.38,11.0,2,female,1,2537.0593455999997,0,21
3411,-9999.0,-9999.0,-9999.0,-9999.0,-9999.0,-9999.0,-9999.0,-9999.0,-9999.0,orientation,size,color,0.38,11.0,2,female,1,2537.0593455999997,0,21
3412,-9999.0,-9999.0,-9999.0,-9999.0,-9999.0,-9999.0,-9999.0,-9999.0,-9999.0,orientation,size,color,0.38,11.0,2,female,1,2537.0593455999997,0,21
3413,-9999.0,-9999.0,-9999.0,-9999.0,-9999.0,-9999.0,-9999.0,-9999.0,-9999.0,orientation,size,color,0.38,11.0,2,female,1,2537.0593455999997,0,21
3414,-9999.0,-9999.0,-9999.0,-9999.0,-9999.0,-9999.0,-9999.0,-9999.0,-9999.0,orientation,size,color,0.38,11.0,2,female,1,2537.0593455999997,0,21
3415,-9999.0,-9999.0,-9999.0,-9999.0,-9999.0,-9999.0,-9999.0,-9999.0,-9999.0,orientation,size,color,0.38,11.0,2,female,1,2537.0593455999997,0,21
3416,-9999.0,-9999.0,-9999.0,-9999.0,-9999.0,-9999.0,-9999.0,-9999.0,-9999.0,orientation,size,color,0.38,11.0,2,female,1,2537.0593455999997,0,21
3417,-9999.0,-9999.0,-9999.0,-9999.0,-9999.0,-9999.0,-9999.0,-9999.0,-9999.0,orientation,size,color,0.38,11.0,2,female,1,2537.0593455999997,0,21
3418,-9999.0,-9999.0,-9999.0,-9999.0,-9999.0,-9999.0,-9999.0,-9999.0,-9999.0,orientation,size,color,0.38,11.0,2,female,1,2537.0593455999997,0,21
3419,-9999.0,-9999.0,-9999.0,-9999.0,-9999.0,-9999.0,-9999.0,-9999.0,-9999.0,orientation,size,color,0.38,11.0,2,female,1,2537.0593455999997,0,21
3420,-9999.0,-9999.0,-9999.0,-9999.0,-9999.0,-9999.0,-9999.0,-9999.0,-9999.0,orientation,size,color,0.38,11.0,2,female,1,2537.0593455999997,0,21
3421,-9999.0,-9999.0,-9999.0,-9999.0,-9999.0,-9999.0,-9999.0,-9999.0,-9999.0,orientation,size,color,0.38,11.0,2,female,1,2537.0593455999997,0,21
3422,-9999.0,-9999.0,-9999.0,-9999.0,-9999.0,-9999.0,-9999.0,-9999.0,-9999.0,orientation,size,color,0.38,11.0,2,female,1,2537.0593455999997,0,21
3423,-9999.0,-9999.0,-9999.0,-9999.0,-9999.0,-9999.0,-9999.0,-9999.0,-9999.0,orientation,size,color,0.38,11.0,2,female,1,2537.0593455999997,0,21
3424,-9999.0,-9999.0,-9999.0,-9999.0,-9999.0,-9999.0,-9999.0,-9999.0,-9999.0,orientation,size,color,0.38,11.0,2,female,1,2537.0593455999997,0,21
3425,-9999.0,-9999.0,-9999.0,-9999.0,-9999.0,-9999.0,-9999.0,-9999.0,-9999.0,orientation,size,color,0.38,11.0,2,female,1,2537.0593455999997,0,21
3426,-9999.0,-9999.0,-9999.0,-9999.0,-9999.0,-9999.0,-9999.0,-9999.0,-9999.0,orientation,size,color,0.38,11.0,2,female,1,2537.0593455999997,0,21
3427,-9999.0,-9999.0,-9999.0,-9999.0,-9999.0,-9999.0,-9999.0,-9999.0,-9999.0,orientation,size,color,0.38,11.0,2,female,1,2537.0593455999997,0,21
3428,-9999.0,-9999.0,-9999.0,-9999.0,-9999.0,-9999.0,-9999.0,-9999.0,-9999.0,orientation,size,color,0.38,11.0,2,female,1,2537.0593455999997,0,21
3429,-9999.0,-9999.0,-9999.0,-9999.0,-9999.0,-9999.0,-9999.0,-9999.0,-9999.0,orientation,size,color,0.38,11.0,2,female,1,2537.0593455999997,0,21
3430,-9999.0,-9999.0,-9999.0,-9999.0,-9999.0,-9999.0,-9999.0,-9999.0,-9999.0,orientation,size,color,0.38,11.0,2,female,1,2537.0593455999997,0,21
3431,-9999.0,-9999.0,-9999.0,-9999.0,-9999.0,-9999.0,-9999.0,-9999.0,-9999.0,orientation,size,color,0.38,11.0,2,female,1,2537.0593455999997,0,21
3432,-9999.0,-9999.0,-9999.0,-9999.0,-9999.0,-9999.0,-9999.0,-9999.0,-9999.0,orientation,size,color,0.38,11.0,2,female,1,2537.0593455999997,0,21
3433,-9999.0,-9999.0,-9999.0,-9999.0,-9999.0,-9999.0,-9999.0,-9999.0,-9999.0,orientation,size,color,0.38,11.0,2,female,1,2537.0593455999997,0,21
3434,-9999.0,-9999.0,-9999.0,-9999.0,-9999.0,-9999.0,-9999.0,-9999.0,-9999.0,orientation,size,color,0.38,11.0,2,female,1,2537.0593455999997,0,21
3435,-9999.0,-9999.0,-9999.0,-9999.0,-9999.0,-9999.0,-9999.0,-9999.0,-9999.0,orientation,size,color,0.38,11.0,2,female,1,2537.0593455999997,0,21
3436,-9999.0,-9999.0,-9999.0,-9999.0,-9999.0,-9999.0,-9999.0,-9999.0,-9999.0,orientation,size,color,0.38,11.0,2,female,1,2537.0593455999997,0,21
3437,-9999.0,-9999.0,-9999.0,-9999.0,-9999.0,-9999.0,-9999.0,-9999.0,-9999.0,orientation,size,color,0.38,11.0,2,female,1,2537.0593455999997,0,21
3438,-9999.0,-9999.0,-9999.0,-9999.0,-9999.0,-9999.0,-9999.0,-9999.0,-9999.0,orientation,size,color,0.38,11.0,2,female,1,2537.0593455999997,0,21
3439,-9999.0,-9999.0,-9999.0,-9999.0,-9999.0,-9999.0,-9999.0,-9999.0,-9999.0,orientation,size,color,0.38,11.0,2,female,1,2537.0593455999997,0,21
3440,-9999.0,-9999.0,-9999.0,-9999.0,-9999.0,-9999.0,-9999.0,-9999.0,-9999.0,orientation,size,color,0.38,11.0,2,female,1,2537.0593455999997,0,21
3441,-9999.0,-9999.0,-9999.0,-9999.0,-9999.0,-9999.0,-9999.0,-9999.0,-9999.0,orientation,size,color,0.38,11.0,2,female,1,2537.0593455999997,0,21
3442,-9999.0,-9999.0,-9999.0,-9999.0,-9999.0,-9999.0,-9999.0,-9999.0,-9999.0,orientation,size,color,0.38,11.0,2,female,1,2537.0593455999997,0,21
3443,-9999.0,-9999.0,-9999.0,-9999.0,-9999.0,-9999.0,-9999.0,-9999.0,-9999.0,orientation,size,color,0.38,11.0,2,female,1,2537.0593455999997,0,21
3444,-9999.0,-9999.0,-9999.0,-9999.0,-9999.0,-9999.0,-9999.0,-9999.0,-9999.0,orientation,size,color,0.38,11.0,2,female,1,2537.0593455999997,0,21
3445,-9999.0,-9999.0,-9999.0,-9999.0,-9999.0,-9999.0,-9999.0,-9999.0,-9999.0,orientation,size,color,0.38,11.0,2,female,1,2537.0593455999997,0,21
3446,-9999.0,-9999.0,-9999.0,-9999.0,-9999.0,-9999.0,-9999.0,-9999.0,-9999.0,orientation,size,color,0.38,11.0,2,female,1,2537.0593455999997,0,21
3447,-9999.0,-9999.0,-9999.0,-9999.0,-9999.0,-9999.0,-9999.0,-9999.0,-9999.0,orientation,size,color,0.38,11.0,2,female,1,2537.0593455999997,0,21
3448,-9999.0,-9999.0,-9999.0,-9999.0,-9999.0,-9999.0,-9999.0,-9999.0,-9999.0,orientation,size,color,0.38,11.0,2,female,1,2537.0593455999997,0,21
3449,-9999.0,-9999.0,-9999.0,-9999.0,-9999.0,-9999.0,-9999.0,-9999.0,-9999.0,orientation,size,color,0.38,11.0,2,female,1,2537.0593455999997,0,21
3450,-9999.0,-9999.0,-9999.0,-9999.0,-9999.0,-9999.0,-9999.0,-9999.0,-9999.0,orientation,size,color,0.38,11.0,2,female,1,2537.0593455999997,0,21
3451,-9999.0,-9999.0,-9999.0,-9999.0,-9999.0,-9999.0,-9999.0,-9999.0,-9999.0,orientation,size,color,0.38,11.0,2,female,1,2537.0593455999997,0,21
3452,-9999.0,-9999.0,-9999.0,-9999.0,-9999.0,-9999.0,-9999.0,-9999.0,-9999.0,orientation,size,color,0.38,11.0,2,female,1,2537.0593455999997,0,21
3453,-9999.0,-9999.0,-9999.0,-9999.0,-9999.0,-9999.0,-9999.0,-9999.0,-9999.0,orientation,size,color,0.38,11.0,2,female,1,2537.0593455999997,0,21
3454,-9999.0,-9999.0,-9999.0,-9999.0,-9999.0,-9999.0,-9999.0,-9999.0,-9999.0,orientation,size,color,0.38,11.0,2,female,1,2537.0593455999997,0,21
3455,-9999.0,-9999.0,-9999.0,-9999.0,-9999.0,-9999.0,-9999.0,-9999.0,-9999.0,orientation,size,color,0.38,11.0,2,female,1,2537.0593455999997,0,21
3456,-9999.0,-9999.0,-9999.0,-9999.0,-9999.0,-9999.0,-9999.0,-9999.0,-9999.0,orientation,size,color,0.38,11.0,2,female,1,2537.0593455999997,0,21
3457,-9999.0,-9999.0,-9999.0,-9999.0,-9999.0,-9999.0,-9999.0,-9999.0,-9999.0,orientation,size,color,0.38,11.0,2,female,1,2537.0593455999997,0,21
3458,-9999.0,-9999.0,-9999.0,-9999.0,-9999.0,-9999.0,-9999.0,-9999.0,-9999.0,orientation,size,color,0.38,11.0,2,female,1,2537.0593455999997,0,21
3459,-9999.0,-9999.0,-9999.0,-9999.0,-9999.0,-9999.0,-9999.0,-9999.0,-9999.0,orientation,size,color,0.38,11.0,2,female,1,2537.0593455999997,0,21
3460,-9999.0,-9999.0,-9999.0,-9999.0,-9999.0,-9999.0,-9999.0,-9999.0,-9999.0,orientation,size,color,0.38,11.0,2,female,1,2537.0593455999997,0,21
3461,-9999.0,-9999.0,-9999.0,-9999.0,-9999.0,-9999.0,-9999.0,-9999.0,-9999.0,orientation,size,color,0.38,11.0,2,female,1,2537.0593455999997,0,21
3462,-9999.0,-9999.0,-9999.0,-9999.0,-9999.0,-9999.0,-9999.0,-9999.0,-9999.0,orientation,size,color,0.38,11.0,2,female,1,2537.0593455999997,0,21
3463,-9999.0,-9999.0,-9999.0,-9999.0,-9999.0,-9999.0,-9999.0,-9999.0,-9999.0,orientation,size,color,0.38,11.0,2,female,1,2537.0593455999997,0,21
3464,-9999.0,-9999.0,-9999.0,-9999.0,-9999.0,-9999.0,-9999.0,-9999.0,-9999.0,orientation,size,color,0.38,11.0,2,female,1,2537.0593455999997,0,21
3465,-9999.0,-9999.0,-9999.0,-9999.0,-9999.0,-9999.0,-9999.0,-9999.0,-9999.0,orientation,size,color,0.38,11.0,2,female,1,2537.0593455999997,0,21
3466,-9999.0,-9999.0,-9999.0,-9999.0,-9999.0,-9999.0,-9999.0,-9999.0,-9999.0,orientation,size,color,0.38,11.0,2,female,1,2537.0593455999997,0,21
3467,-9999.0,-9999.0,-9999.0,-9999.0,-9999.0,-9999.0,-9999.0,-9999.0,-9999.0,orientation,size,color,0.38,11.0,2,female,1,2537.0593455999997,0,21
3468,-9999.0,-9999.0,-9999.0,-9999.0,-9999.0,-9999.0,-9999.0,-9999.0,-9999.0,orientation,size,color,0.38,11.0,2,female,1,2537.0593455999997,0,21
3469,-9999.0,-9999.0,-9999.0,-9999.0,-9999.0,-9999.0,-9999.0,-9999.0,-9999.0,orientation,size,color,0.38,11.0,2,female,1,2537.0593455999997,0,21
3470,-9999.0,-9999.0,-9999.0,-9999.0,-9999.0,-9999.0,-9999.0,-9999.0,-9999.0,orientation,size,color,0.38,11.0,2,female,1,2537.0593455999997,0,21
3471,-9999.0,-9999.0,-9999.0,-9999.0,-9999.0,-9999.0,-9999.0,-9999.0,-9999.0,orientation,size,color,0.38,11.0,2,female,1,2537.0593455999997,0,21
3472,-9999.0,-9999.0,-9999.0,-9999.0,-9999.0,-9999.0,-9999.0,-9999.0,-9999.0,orientation,size,color,0.38,11.0,2,female,1,2537.0593455999997,0,21
3473,-9999.0,-9999.0,-9999.0,-9999.0,-9999.0,-9999.0,-9999.0,-9999.0,-9999.0,orientation,size,color,0.38,11.0,2,female,1,2537.0593455999997,0,21
3474,-9999.0,-9999.0,-9999.0,-9999.0,-9999.0,-9999.0,-9999.0,-9999.0,-9999.0,orientation,size,color,0.38,11.0,2,female,1,2537.0593455999997,0,21
3475,-9999.0,-9999.0,-9999.0,-9999.0,-9999.0,-9999.0,-9999.0,-9999.0,-9999.0,orientation,size,color,0.38,11.0,2,female,1,2537.0593455999997,0,21
3476,-9999.0,-9999.0,-9999.0,-9999.0,-9999.0,-9999.0,-9999.0,-9999.0,-9999.0,orientation,size,color,0.38,11.0,2,female,1,2537.0593455999997,0,21
3477,-9999.0,-9999.0,-9999.0,-9999.0,-9999.0,-9999.0,-9999.0,-9999.0,-9999.0,orientation,size,color,0.38,11.0,2,female,1,2537.0593455999997,0,21
3478,-9999.0,-9999.0,-9999.0,-9999.0,-9999.0,-9999.0,-9999.0,-9999.0,-9999.0,orientation,size,color,0.38,11.0,2,female,1,2537.0593455999997,0,21
3479,-9999.0,-9999.0,-9999.0,-9999.0,-9999.0,-9999.0,-9999.0,-9999.0,-9999.0,orientation,size,color,0.38,11.0,2,female,1,2537.0593455999997,0,21
3480,-9999.0,-9999.0,-9999.0,-9999.0,-9999.0,-9999.0,-9999.0,-9999.0,-9999.0,orientation,size,color,0.38,11.0,2,female,1,2537.0593455999997,0,21
3481,-9999.0,-9999.0,-9999.0,-9999.0,-9999.0,-9999.0,-9999.0,-9999.0,-9999.0,orientation,size,color,0.38,11.0,2,female,1,2537.0593455999997,0,21
3482,-9999.0,-9999.0,-9999.0,-9999.0,-9999.0,-9999.0,-9999.0,-9999.0,-9999.0,orientation,size,color,0.38,11.0,2,female,1,2537.0593455999997,0,21
3483,-9999.0,-9999.0,-9999.0,-9999.0,-9999.0,-9999.0,-9999.0,-9999.0,-9999.0,orientation,size,color,0.38,11.0,2,female,1,2537.0593455999997,0,21
3484,-9999.0,-9999.0,-9999.0,-9999.0,-9999.0,-9999.0,-9999.0,-9999.0,-9999.0,orientation,size,color,0.38,11.0,2,female,1,2537.0593455999997,0,21
3485,-9999.0,-9999.0,-9999.0,-9999.0,-9999.0,-9999.0,-9999.0,-9999.0,-9999.0,orientation,size,color,0.38,11.0,2,female,1,2537.0593455999997,0,21
3486,-9999.0,-9999.0,-9999.0,-9999.0,-9999.0,-9999.0,-9999.0,-9999.0,-9999.0,orientation,size,color,0.38,11.0,2,female,1,2537.0593455999997,0,21
3487,-9999.0,-9999.0,-9999.0,-9999.0,-9999.0,-9999.0,-9999.0,-9999.0,-9999.0,orientation,size,color,0.38,11.0,2,female,1,2537.0593455999997,0,21
3488,-9999.0,-9999.0,-9999.0,-9999.0,-9999.0,-9999.0,-9999.0,-9999.0,-9999.0,orientation,size,color,0.38,11.0,2,female,1,2537.0593455999997,0,21
3489,-9999.0,-9999.0,-9999.0,-9999.0,-9999.0,-9999.0,-9999.0,-9999.0,-9999.0,orientation,size,color,0.38,11.0,2,female,1,2537.0593455999997,0,21
3490,-9999.0,-9999.0,-9999.0,-9999.0,-9999.0,-9999.0,-9999.0,-9999.0,-9999.0,orientation,size,color,0.38,11.0,2,female,1,2537.0593455999997,0,21
3491,-9999.0,-9999.0,-9999.0,-9999.0,-9999.0,-9999.0,-9999.0,-9999.0,-9999.0,orientation,size,color,0.38,11.0,2,female,1,2537.0593455999997,0,21
3492,-9999.0,-9999.0,-9999.0,-9999.0,-9999.0,-9999.0,-9999.0,-9999.0,-9999.0,orientation,size,color,0.38,11.0,2,female,1,2537.0593455999997,0,21
3493,-9999.0,-9999.0,-9999.0,-9999.0,-9999.0,-9999.0,-9999.0,-9999.0,-9999.0,orientation,size,color,0.38,11.0,2,female,1,2537.0593455999997,0,21
3494,-9999.0,-9999.0,-9999.0,-9999.0,-9999.0,-9999.0,-9999.0,-9999.0,-9999.0,orientation,size,color,0.38,11.0,2,female,1,2537.0593455999997,0,21
3495,-9999.0,-9999.0,-9999.0,-9999.0,-9999.0,-9999.0,-9999.0,-9999.0,-9999.0,orientation,size,color,0.38,11.0,2,female,1,2537.0593455999997,0,21
3496,-9999.0,-9999.0,-9999.0,-9999.0,-9999.0,-9999.0,-9999.0,-9999.0,-9999.0,orientation,size,color,0.38,11.0,2,female,1,2537.0593455999997,0,21
3497,-9999.0,-9999.0,-9999.0,-9999.0,-9999.0,-9999.0,-9999.0,-9999.0,-9999.0,orientation,size,color,0.38,11.0,2,female,1,2537.0593455999997,0,21
3498,-9999.0,-9999.0,-9999.0,-9999.0,-9999.0,-9999.0,-9999.0,-9999.0,-9999.0,orientation,size,color,0.38,11.0,2,female,1,2537.0593455999997,0,21
3499,-9999.0,-9999.0,-9999.0,-9999.0,-9999.0,-9999.0,-9999.0,-9999.0,-9999.0,orientation,size,color,0.38,11.0,2,female,1,2537.0593455999997,0,21
3500,-9999.0,-9999.0,-9999.0,-9999.0,-9999.0,-9999.0,-9999.0,-9999.0,-9999.0,orientation,size,color,0.38,11.0,2,female,1,2537.0593455999997,0,21
3501,-9999.0,-9999.0,-9999.0,-9999.0,-9999.0,-9999.0,-9999.0,-9999.0,-9999.0,orientation,size,color,0.38,11.0,2,female,1,2537.0593455999997,0,21
3502,-9999.0,-9999.0,-9999.0,-9999.0,-9999.0,-9999.0,-9999.0,-9999.0,-9999.0,orientation,size,color,0.38,11.0,2,female,1,2537.0593455999997,0,21
3503,-9999.0,-9999.0,-9999.0,-9999.0,-9999.0,-9999.0,-9999.0,-9999.0,-9999.0,orientation,size,color,0.38,11.0,2,female,1,2537.0593455999997,0,21
3504,-9999.0,-9999.0,-9999.0,-9999.0,-9999.0,-9999.0,-9999.0,-9999.0,-9999.0,orientation,size,color,0.38,11.0,2,female,1,2537.0593455999997,0,21
3505,-9999.0,-9999.0,-9999.0,-9999.0,-9999.0,-9999.0,-9999.0,-9999.0,-9999.0,orientation,size,color,0.38,11.0,2,female,1,2537.0593455999997,0,21
3506,-9999.0,-9999.0,-9999.0,-9999.0,-9999.0,-9999.0,-9999.0,-9999.0,-9999.0,orientation,size,color,0.38,11.0,2,female,1,2537.0593455999997,0,21
3507,-9999.0,-9999.0,-9999.0,-9999.0,-9999.0,-9999.0,-9999.0,-9999.0,-9999.0,orientation,size,color,0.38,11.0,2,female,1,2537.0593455999997,0,21
3508,-9999.0,-9999.0,-9999.0,-9999.0,-9999.0,-9999.0,-9999.0,-9999.0,-9999.0,orientation,size,color,0.38,11.0,2,female,1,2537.0593455999997,0,21
3509,-9999.0,-9999.0,-9999.0,-9999.0,-9999.0,-9999.0,-9999.0,-9999.0,-9999.0,orientation,size,color,0.38,11.0,2,female,1,2537.0593455999997,0,21
3510,-9999.0,-9999.0,-9999.0,-9999.0,-9999.0,-9999.0,-9999.0,-9999.0,-9999.0,orientation,size,color,0.38,11.0,2,female,1,2537.0593455999997,0,21
3511,-9999.0,-9999.0,-9999.0,-9999.0,-9999.0,-9999.0,-9999.0,-9999.0,-9999.0,orientation,size,color,0.38,11.0,2,female,1,2537.0593455999997,0,21
3512,-9999.0,-9999.0,-9999.0,-9999.0,-9999.0,-9999.0,-9999.0,-9999.0,-9999.0,orientation,size,color,0.38,11.0,2,female,1,2537.0593455999997,0,21
3513,-9999.0,-9999.0,-9999.0,-9999.0,-9999.0,-9999.0,-9999.0,-9999.0,-9999.0,orientation,size,color,0.38,11.0,2,female,1,2537.0593455999997,0,21
3514,-9999.0,-9999.0,-9999.0,-9999.0,-9999.0,-9999.0,-9999.0,-9999.0,-9999.0,orientation,size,color,0.38,11.0,2,female,1,2537.0593455999997,0,21
3515,-9999.0,-9999.0,-9999.0,-9999.0,-9999.0,-9999.0,-9999.0,-9999.0,-9999.0,orientation,size,color,0.38,11.0,2,female,1,2537.0593455999997,0,21
3516,-9999.0,-9999.0,-9999.0,-9999.0,-9999.0,-9999.0,-9999.0,-9999.0,-9999.0,orientation,size,color,0.38,11.0,2,female,1,2537.0593455999997,0,21
3517,-9999.0,-9999.0,-9999.0,-9999.0,-9999.0,-9999.0,-9999.0,-9999.0,-9999.0,orientation,size,color,0.38,11.0,2,female,1,2537.0593455999997,0,21
3518,-9999.0,-9999.0,-9999.0,-9999.0,-9999.0,-9999.0,-9999.0,-9999.0,-9999.0,orientation,size,color,0.38,11.0,2,female,1,2537.0593455999997,0,21
3519,-9999.0,-9999.0,-9999.0,-9999.0,-9999.0,-9999.0,-9999.0,-9999.0,-9999.0,orientation,size,color,0.38,11.0,2,female,1,2537.0593455999997,0,21
3520,-9999.0,-9999.0,-9999.0,-9999.0,-9999.0,-9999.0,-9999.0,-9999.0,-9999.0,orientation,size,color,0.38,11.0,2,female,1,2537.0593455999997,0,21
3521,-9999.0,-9999.0,-9999.0,-9999.0,-9999.0,-9999.0,-9999.0,-9999.0,-9999.0,orientation,size,color,0.38,11.0,2,female,1,2537.0593455999997,0,21
3522,-9999.0,-9999.0,-9999.0,-9999.0,-9999.0,-9999.0,-9999.0,-9999.0,-9999.0,orientation,size,color,0.38,11.0,2,female,1,2537.0593455999997,0,21
3523,-9999.0,-9999.0,-9999.0,-9999.0,-9999.0,-9999.0,-9999.0,-9999.0,-9999.0,orientation,size,color,0.38,11.0,2,female,1,2537.0593455999997,0,21
3524,-9999.0,-9999.0,-9999.0,-9999.0,-9999.0,-9999.0,-9999.0,-9999.0,-9999.0,orientation,size,color,0.38,11.0,2,female,1,2537.0593455999997,0,21
3525,-9999.0,-9999.0,-9999.0,-9999.0,-9999.0,-9999.0,-9999.0,-9999.0,-9999.0,orientation,size,color,0.38,11.0,2,female,1,2537.0593455999997,0,21
3526,-9999.0,-9999.0,-9999.0,-9999.0,-9999.0,-9999.0,-9999.0,-9999.0,-9999.0,orientation,size,color,0.38,11.0,2,female,1,2537.0593455999997,0,21
3527,-9999.0,-9999.0,-9999.0,-9999.0,-9999.0,-9999.0,-9999.0,-9999.0,-9999.0,orientation,size,color,0.38,11.0,2,female,1,2537.0593455999997,0,21
3528,-9999.0,-9999.0,-9999.0,-9999.0,-9999.0,-9999.0,-9999.0,-9999.0,-9999.0,orientation,size,color,0.38,11.0,2,female,1,2537.0593455999997,0,21
3529,-9999.0,-9999.0,-9999.0,-9999.0,-9999.0,-9999.0,-9999.0,-9999.0,-9999.0,orientation,size,color,0.38,11.0,2,female,1,2537.0593455999997,0,21
3530,-9999.0,-9999.0,-9999.0,-9999.0,-9999.0,-9999.0,-9999.0,-9999.0,-9999.0,orientation,size,color,0.38,11.0,2,female,1,2537.0593455999997,0,21
3531,-9999.0,-9999.0,-9999.0,-9999.0,-9999.0,-9999.0,-9999.0,-9999.0,-9999.0,orientation,size,color,0.38,11.0,2,female,1,2537.0593455999997,0,21
3532,-9999.0,-9999.0,-9999.0,-9999.0,-9999.0,-9999.0,-9999.0,-9999.0,-9999.0,orientation,size,color,0.38,11.0,2,female,1,2537.0593455999997,0,21
3533,-9999.0,-9999.0,-9999.0,-9999.0,-9999.0,-9999.0,-9999.0,-9999.0,-9999.0,orientation,size,color,0.38,11.0,2,female,1,2537.0593455999997,0,21
3534,-9999.0,-9999.0,-9999.0,-9999.0,-9999.0,-9999.0,-9999.0,-9999.0,-9999.0,orientation,size,color,0.38,11.0,2,female,1,2537.0593455999997,0,21
3535,-9999.0,-9999.0,-9999.0,-9999.0,-9999.0,-9999.0,-9999.0,-9999.0,-9999.0,orientation,size,color,0.38,11.0,2,female,1,2537.0593455999997,0,21
3536,-9999.0,-9999.0,-9999.0,-9999.0,-9999.0,-9999.0,-9999.0,-9999.0,-9999.0,orientation,size,color,0.38,11.0,2,female,1,2537.0593455999997,0,21
3537,-9999.0,-9999.0,-9999.0,-9999.0,-9999.0,-9999.0,-9999.0,-9999.0,-9999.0,orientation,size,color,0.38,11.0,2,female,1,2537.0593455999997,0,21
3538,-9999.0,-9999.0,-9999.0,-9999.0,-9999.0,-9999.0,-9999.0,-9999.0,-9999.0,orientation,size,color,0.38,11.0,2,female,1,2537.0593455999997,0,21
3539,-9999.0,-9999.0,-9999.0,-9999.0,-9999.0,-9999.0,-9999.0,-9999.0,-9999.0,orientation,size,color,0.38,11.0,2,female,1,2537.0593455999997,0,21
3540,-9999.0,-9999.0,-9999.0,-9999.0,-9999.0,-9999.0,-9999.0,-9999.0,-9999.0,orientation,size,color,0.38,11.0,2,female,1,2537.0593455999997,0,21
3541,-9999.0,-9999.0,-9999.0,-9999.0,-9999.0,-9999.0,-9999.0,-9999.0,-9999.0,orientation,size,color,0.38,11.0,2,female,1,2537.0593455999997,0,21
3542,-9999.0,-9999.0,-9999.0,-9999.0,-9999.0,-9999.0,-9999.0,-9999.0,-9999.0,orientation,size,color,0.38,11.0,2,female,1,2537.0593455999997,0,21
3543,-9999.0,-9999.0,-9999.0,-9999.0,-9999.0,-9999.0,-9999.0,-9999.0,-9999.0,orientation,size,color,0.38,11.0,2,female,1,2537.0593455999997,0,21
3544,-9999.0,-9999.0,-9999.0,-9999.0,-9999.0,-9999.0,-9999.0,-9999.0,-9999.0,orientation,size,color,0.38,11.0,2,female,1,2537.0593455999997,0,21
3545,-9999.0,-9999.0,-9999.0,-9999.0,-9999.0,-9999.0,-9999.0,-9999.0,-9999.0,orientation,size,color,0.38,11.0,2,female,1,2537.0593455999997,0,21
3546,-9999.0,-9999.0,-9999.0,-9999.0,-9999.0,-9999.0,-9999.0,-9999.0,-9999.0,orientation,size,color,0.38,11.0,2,female,1,2537.0593455999997,0,21
3547,-9999.0,-9999.0,-9999.0,-9999.0,-9999.0,-9999.0,-9999.0,-9999.0,-9999.0,orientation,size,color,0.38,11.0,2,female,1,2537.0593455999997,0,21
3548,-9999.0,-9999.0,-9999.0,-9999.0,-9999.0,-9999.0,-9999.0,-9999.0,-9999.0,orientation,size,color,0.38,11.0,2,female,1,2537.0593455999997,0,21
3549,-9999.0,-9999.0,-9999.0,-9999.0,-9999.0,-9999.0,-9999.0,-9999.0,-9999.0,orientation,size,color,0.38,11.0,2,female,1,2537.0593455999997,0,21
3550,-9999.0,-9999.0,-9999.0,-9999.0,-9999.0,-9999.0,-9999.0,-9999.0,-9999.0,orientation,size,color,0.38,11.0,2,female,1,2537.0593455999997,0,21
3551,-9999.0,-9999.0,-9999.0,-9999.0,-9999.0,-9999.0,-9999.0,-9999.0,-9999.0,orientation,size,color,0.38,11.0,2,female,1,2537.0593455999997,0,21
3552,-9999.0,-9999.0,-9999.0,-9999.0,-9999.0,-9999.0,-9999.0,-9999.0,-9999.0,orientation,size,color,0.38,11.0,2,female,1,2537.0593455999997,0,21
3553,-9999.0,-9999.0,-9999.0,-9999.0,-9999.0,-9999.0,-9999.0,-9999.0,-9999.0,orientation,size,color,0.38,11.0,2,female,1,2537.0593455999997,0,21
3554,-9999.0,-9999.0,-9999.0,-9999.0,-9999.0,-9999.0,-9999.0,-9999.0,-9999.0,orientation,size,color,0.38,11.0,2,female,1,2537.0593455999997,0,21
3555,-9999.0,-9999.0,-9999.0,-9999.0,-9999.0,-9999.0,-9999.0,-9999.0,-9999.0,orientation,size,color,0.38,11.0,2,female,1,2537.0593455999997,0,21
3556,-9999.0,-9999.0,-9999.0,-9999.0,-9999.0,-9999.0,-9999.0,-9999.0,-9999.0,orientation,size,color,0.38,11.0,2,female,1,2537.0593455999997,0,21
3557,-9999.0,-9999.0,-9999.0,-9999.0,-9999.0,-9999.0,-9999.0,-9999.0,-9999.0,orientation,size,color,0.38,11.0,2,female,1,2537.0593455999997,0,21
3558,-9999.0,-9999.0,-9999.0,-9999.0,-9999.0,-9999.0,-9999.0,-9999.0,-9999.0,orientation,size,color,0.38,11.0,2,female,1,2537.0593455999997,0,21
3559,-9999.0,-9999.0,-9999.0,-9999.0,-9999.0,-9999.0,-9999.0,-9999.0,-9999.0,orientation,size,color,0.38,11.0,2,female,1,2537.0593455999997,0,21
3560,-9999.0,-9999.0,-9999.0,-9999.0,-9999.0,-9999.0,-9999.0,-9999.0,-9999.0,orientation,size,color,0.38,11.0,2,female,1,2537.0593455999997,0,21
3561,-9999.0,-9999.0,-9999.0,-9999.0,-9999.0,-9999.0,-9999.0,-9999.0,-9999.0,orientation,size,color,0.38,11.0,2,female,1,2537.0593455999997,0,21
3562,-9999.0,-9999.0,-9999.0,-9999.0,-9999.0,-9999.0,-9999.0,-9999.0,-9999.0,orientation,size,color,0.38,11.0,2,female,1,2537.0593455999997,0,21
3563,-9999.0,-9999.0,-9999.0,-9999.0,-9999.0,-9999.0,-9999.0,-9999.0,-9999.0,orientation,size,color,0.38,11.0,2,female,1,2537.0593455999997,0,21
3564,-9999.0,-9999.0,-9999.0,-9999.0,-9999.0,-9999.0,-9999.0,-9999.0,-9999.0,orientation,size,color,0.38,11.0,2,female,1,2537.0593455999997,0,21
3565,-9999.0,-9999.0,-9999.0,-9999.0,-9999.0,-9999.0,-9999.0,-9999.0,-9999.0,orientation,size,color,0.38,11.0,2,female,1,2537.0593455999997,0,21
3566,-9999.0,-9999.0,-9999.0,-9999.0,-9999.0,-9999.0,-9999.0,-9999.0,-9999.0,orientation,size,color,0.38,11.0,2,female,1,2537.0593455999997,0,21
3567,-9999.0,-9999.0,-9999.0,-9999.0,-9999.0,-9999.0,-9999.0,-9999.0,-9999.0,orientation,size,color,0.38,11.0,2,female,1,2537.0593455999997,0,21
3568,-9999.0,-9999.0,-9999.0,-9999.0,-9999.0,-9999.0,-9999.0,-9999.0,-9999.0,orientation,size,color,0.38,11.0,2,female,1,2537.0593455999997,0,21
3569,-9999.0,-9999.0,-9999.0,-9999.0,-9999.0,-9999.0,-9999.0,-9999.0,-9999.0,orientation,size,color,0.38,11.0,2,female,1,2537.0593455999997,0,21
3570,-9999.0,-9999.0,-9999.0,-9999.0,-9999.0,-9999.0,-9999.0,-9999.0,-9999.0,orientation,size,color,0.38,11.0,2,female,1,2537.0593455999997,0,21
3571,-9999.0,-9999.0,-9999.0,-9999.0,-9999.0,-9999.0,-9999.0,-9999.0,-9999.0,orientation,size,color,0.38,11.0,2,female,1,2537.0593455999997,0,21
3572,-9999.0,-9999.0,-9999.0,-9999.0,-9999.0,-9999.0,-9999.0,-9999.0,-9999.0,orientation,size,color,0.38,11.0,2,female,1,2537.0593455999997,0,21
3573,-9999.0,-9999.0,-9999.0,-9999.0,-9999.0,-9999.0,-9999.0,-9999.0,-9999.0,orientation,size,color,0.38,11.0,2,female,1,2537.0593455999997,0,21
3574,-9999.0,-9999.0,-9999.0,-9999.0,-9999.0,-9999.0,-9999.0,-9999.0,-9999.0,orientation,size,color,0.38,11.0,2,female,1,2537.0593455999997,0,21
3575,-9999.0,-9999.0,-9999.0,-9999.0,-9999.0,-9999.0,-9999.0,-9999.0,-9999.0,orientation,size,color,0.38,11.0,2,female,1,2537.0593455999997,0,21
3576,-9999.0,-9999.0,-9999.0,-9999.0,-9999.0,-9999.0,-9999.0,-9999.0,-9999.0,orientation,size,color,0.38,11.0,2,female,1,2537.0593455999997,0,21
3577,-9999.0,-9999.0,-9999.0,-9999.0,-9999.0,-9999.0,-9999.0,-9999.0,-9999.0,orientation,size,color,0.38,11.0,2,female,1,2537.0593455999997,0,21
3578,-9999.0,-9999.0,-9999.0,-9999.0,-9999.0,-9999.0,-9999.0,-9999.0,-9999.0,orientation,size,color,0.38,11.0,2,female,1,2537.0593455999997,0,21
3579,-9999.0,-9999.0,-9999.0,-9999.0,-9999.0,-9999.0,-9999.0,-9999.0,-9999.0,orientation,size,color,0.38,11.0,2,female,1,2537.0593455999997,0,21
3580,-9999.0,-9999.0,-9999.0,-9999.0,-9999.0,-9999.0,-9999.0,-9999.0,-9999.0,orientation,size,color,0.38,11.0,2,female,1,2537.0593455999997,0,21
3581,-9999.0,-9999.0,-9999.0,-9999.0,-9999.0,-9999.0,-9999.0,-9999.0,-9999.0,orientation,size,color,0.38,11.0,2,female,1,2537.0593455999997,0,21
3582,-9999.0,-9999.0,-9999.0,-9999.0,-9999.0,-9999.0,-9999.0,-9999.0,-9999.0,orientation,size,color,0.38,11.0,2,female,1,2537.0593455999997,0,21
3583,-9999.0,-9999.0,-9999.0,-9999.0,-9999.0,-9999.0,-9999.0,-9999.0,-9999.0,orientation,size,color,0.38,11.0,2,female,1,2537.0593455999997,0,21
3584,-9999.0,-9999.0,-9999.0,-9999.0,-9999.0,-9999.0,-9999.0,-9999.0,-9999.0,orientation,size,color,0.38,11.0,2,female,1,2537.0593455999997,0,21
3585,-9999.0,-9999.0,-9999.0,-9999.0,-9999.0,-9999.0,-9999.0,-9999.0,-9999.0,orientation,size,color,0.38,11.0,2,female,1,2537.0593455999997,0,21
3586,-9999.0,-9999.0,-9999.0,-9999.0,-9999.0,-9999.0,-9999.0,-9999.0,-9999.0,orientation,size,color,0.38,11.0,2,female,1,2537.0593455999997,0,21
3587,-9999.0,-9999.0,-9999.0,-9999.0,-9999.0,-9999.0,-9999.0,-9999.0,-9999.0,orientation,size,color,0.38,11.0,2,female,1,2537.0593455999997,0,21
3588,-9999.0,-9999.0,-9999.0,-9999.0,-9999.0,-9999.0,-9999.0,-9999.0,-9999.0,orientation,size,color,0.38,11.0,2,female,1,2537.0593455999997,0,21
3589,-9999.0,-9999.0,-9999.0,-9999.0,-9999.0,-9999.0,-9999.0,-9999.0,-9999.0,orientation,size,color,0.38,11.0,2,female,1,2537.0593455999997,0,21
3590,-9999.0,-9999.0,-9999.0,-9999.0,-9999.0,-9999.0,-9999.0,-9999.0,-9999.0,orientation,size,color,0.38,11.0,2,female,1,2537.0593455999997,0,21
3591,-9999.0,-9999.0,-9999.0,-9999.0,-9999.0,-9999.0,-9999.0,-9999.0,-9999.0,orientation,size,color,0.38,11.0,2,female,1,2537.0593455999997,0,21
3592,-9999.0,-9999.0,-9999.0,-9999.0,-9999.0,-9999.0,-9999.0,-9999.0,-9999.0,orientation,size,color,0.38,11.0,2,female,1,2537.0593455999997,0,21
3593,-9999.0,-9999.0,-9999.0,-9999.0,-9999.0,-9999.0,-9999.0,-9999.0,-9999.0,orientation,size,color,0.38,11.0,2,female,1,2537.0593455999997,0,21
3594,-9999.0,-9999.0,-9999.0,-9999.0,-9999.0,-9999.0,-9999.0,-9999.0,-9999.0,orientation,size,color,0.38,11.0,2,female,1,2537.0593455999997,0,21
3595,-9999.0,-9999.0,-9999.0,-9999.0,-9999.0,-9999.0,-9999.0,-9999.0,-9999.0,orientation,size,color,0.38,11.0,2,female,1,2537.0593455999997,0,21
3596,-9999.0,-9999.0,-9999.0,-9999.0,-9999.0,-9999.0,-9999.0,-9999.0,-9999.0,orientation,size,color,0.38,11.0,2,female,1,2537.0593455999997,0,21
3597,-9999.0,-9999.0,-9999.0,-9999.0,-9999.0,-9999.0,-9999.0,-9999.0,-9999.0,orientation,size,color,0.38,11.0,2,female,1,2537.0593455999997,0,21
3598,-9999.0,-9999.0,-9999.0,-9999.0,-9999.0,-9999.0,-9999.0,-9999.0,-9999.0,orientation,size,color,0.38,11.0,2,female,1,2537.0593455999997,0,21
3599,-9999.0,-9999.0,-9999.0,-9999.0,-9999.0,-9999.0,-9999.0,-9999.0,-9999.0,orientation,size,color,0.38,11.0,2,female,1,2537.0593455999997,0,21
3600,-9999.0,-9999.0,-9999.0,-9999.0,-9999.0,-9999.0,-9999.0,-9999.0,-9999.0,orientation,size,color,0.38,11.0,2,female,1,2537.0593455999997,0,21
3601,-9999.0,-9999.0,-9999.0,-9999.0,-9999.0,-9999.0,-9999.0,-9999.0,-9999.0,orientation,size,color,0.38,11.0,2,female,1,2537.0593455999997,0,21
3602,-9999.0,-9999.0,-9999.0,-9999.0,-9999.0,-9999.0,-9999.0,-9999.0,-9999.0,orientation,size,color,0.38,11.0,2,female,1,2537.0593455999997,0,21
3603,-9999.0,-9999.0,-9999.0,-9999.0,-9999.0,-9999.0,-9999.0,-9999.0,-9999.0,orientation,size,color,0.38,11.0,2,female,1,2537.0593455999997,0,21
3604,-9999.0,-9999.0,-9999.0,-9999.0,-9999.0,-9999.0,-9999.0,-9999.0,-9999.0,orientation,size,color,0.38,11.0,2,female,1,2537.0593455999997,0,21
3605,-9999.0,-9999.0,-9999.0,-9999.0,-9999.0,-9999.0,-9999.0,-9999.0,-9999.0,orientation,size,color,0.38,11.0,2,female,1,2537.0593455999997,0,21
3606,-9999.0,-9999.0,-9999.0,-9999.0,-9999.0,-9999.0,-9999.0,-9999.0,-9999.0,orientation,size,color,0.38,11.0,2,female,1,2537.0593455999997,0,21
3607,-9999.0,-9999.0,-9999.0,-9999.0,-9999.0,-9999.0,-9999.0,-9999.0,-9999.0,orientation,size,color,0.38,11.0,2,female,1,2537.0593455999997,0,21
3608,-9999.0,-9999.0,-9999.0,-9999.0,-9999.0,-9999.0,-9999.0,-9999.0,-9999.0,orientation,size,color,0.38,11.0,2,female,1,2537.0593455999997,0,21
3609,-9999.0,-9999.0,-9999.0,-9999.0,-9999.0,-9999.0,-9999.0,-9999.0,-9999.0,orientation,size,color,0.38,11.0,2,female,1,2537.0593455999997,0,21
3610,-9999.0,-9999.0,-9999.0,-9999.0,-9999.0,-9999.0,-9999.0,-9999.0,-9999.0,orientation,size,color,0.38,11.0,2,female,1,2537.0593455999997,0,21
3611,-9999.0,-9999.0,-9999.0,-9999.0,-9999.0,-9999.0,-9999.0,-9999.0,-9999.0,orientation,size,color,0.38,11.0,2,female,1,2537.0593455999997,0,21
3612,-9999.0,-9999.0,-9999.0,-9999.0,-9999.0,-9999.0,-9999.0,-9999.0,-9999.0,orientation,size,color,0.38,11.0,2,female,1,2537.0593455999997,0,21
3613,-9999.0,-9999.0,-9999.0,-9999.0,-9999.0,-9999.0,-9999.0,-9999.0,-9999.0,orientation,size,color,0.38,11.0,2,female,1,2537.0593455999997,0,21
3614,-9999.0,-9999.0,-9999.0,-9999.0,-9999.0,-9999.0,-9999.0,-9999.0,-9999.0,orientation,size,color,0.38,11.0,2,female,1,2537.0593455999997,0,21
3615,-9999.0,-9999.0,-9999.0,-9999.0,-9999.0,-9999.0,-9999.0,-9999.0,-9999.0,orientation,size,color,0.38,11.0,2,female,1,2537.0593455999997,0,21
3616,-9999.0,-9999.0,-9999.0,-9999.0,-9999.0,-9999.0,-9999.0,-9999.0,-9999.0,orientation,size,color,0.38,11.0,2,female,1,2537.0593455999997,0,21
3617,-9999.0,-9999.0,-9999.0,-9999.0,-9999.0,-9999.0,-9999.0,-9999.0,-9999.0,orientation,size,color,0.38,11.0,2,female,1,2537.0593455999997,0,21
3618,-9999.0,-9999.0,-9999.0,-9999.0,-9999.0,-9999.0,-9999.0,-9999.0,-9999.0,orientation,size,color,0.38,11.0,2,female,1,2537.0593455999997,0,21
3619,-9999.0,-9999.0,-9999.0,-9999.0,-9999.0,-9999.0,-9999.0,-9999.0,-9999.0,orientation,size,color,0.38,11.0,2,female,1,2537.0593455999997,0,21
3620,-9999.0,-9999.0,-9999.0,-9999.0,-9999.0,-9999.0,-9999.0,-9999.0,-9999.0,orientation,size,color,0.38,11.0,2,female,1,2537.0593455999997,0,21
3621,-9999.0,-9999.0,-9999.0,-9999.0,-9999.0,-9999.0,-9999.0,-9999.0,-9999.0,orientation,size,color,0.38,11.0,2,female,1,2537.0593455999997,0,21
3622,-9999.0,-9999.0,-9999.0,-9999.0,-9999.0,-9999.0,-9999.0,-9999.0,-9999.0,orientation,size,color,0.38,11.0,2,female,1,2537.0593455999997,0,21
3623,-9999.0,-9999.0,-9999.0,-9999.0,-9999.0,-9999.0,-9999.0,-9999.0,-9999.0,orientation,size,color,0.38,11.0,2,female,1,2537.0593455999997,0,21
3624,-9999.0,-9999.0,-9999.0,-9999.0,-9999.0,-9999.0,-9999.0,-9999.0,-9999.0,orientation,size,color,0.38,11.0,2,female,1,2537.0593455999997,0,21
3625,-9999.0,-9999.0,-9999.0,-9999.0,-9999.0,-9999.0,-9999.0,-9999.0,-9999.0,orientation,size,color,0.38,11.0,2,female,1,2537.0593455999997,0,21
3626,-9999.0,-9999.0,-9999.0,-9999.0,-9999.0,-9999.0,-9999.0,-9999.0,-9999.0,orientation,size,color,0.38,11.0,2,female,1,2537.0593455999997,0,21
3627,-9999.0,-9999.0,-9999.0,-9999.0,-9999.0,-9999.0,-9999.0,-9999.0,-9999.0,orientation,size,color,0.38,11.0,2,female,1,2537.0593455999997,0,21
3628,-9999.0,-9999.0,-9999.0,-9999.0,-9999.0,-9999.0,-9999.0,-9999.0,-9999.0,orientation,size,color,0.38,11.0,2,female,1,2537.0593455999997,0,21
3629,-9999.0,-9999.0,-9999.0,-9999.0,-9999.0,-9999.0,-9999.0,-9999.0,-9999.0,orientation,size,color,0.38,11.0,2,female,1,2537.0593455999997,0,21
3630,-9999.0,-9999.0,-9999.0,-9999.0,-9999.0,-9999.0,-9999.0,-9999.0,-9999.0,orientation,size,color,0.38,11.0,2,female,1,2537.0593455999997,0,21
3631,-9999.0,-9999.0,-9999.0,-9999.0,-9999.0,-9999.0,-9999.0,-9999.0,-9999.0,orientation,size,color,0.38,11.0,2,female,1,2537.0593455999997,0,21
3632,-9999.0,-9999.0,-9999.0,-9999.0,-9999.0,-9999.0,-9999.0,-9999.0,-9999.0,orientation,size,color,0.38,11.0,2,female,1,2537.0593455999997,0,21
3633,-9999.0,-9999.0,-9999.0,-9999.0,-9999.0,-9999.0,-9999.0,-9999.0,-9999.0,orientation,size,color,0.38,11.0,2,female,1,2537.0593455999997,0,21
3634,-9999.0,-9999.0,-9999.0,-9999.0,-9999.0,-9999.0,-9999.0,-9999.0,-9999.0,orientation,size,color,0.38,11.0,2,female,1,2537.0593455999997,0,21
3635,-9999.0,-9999.0,-9999.0,-9999.0,-9999.0,-9999.0,-9999.0,-9999.0,-9999.0,orientation,size,color,0.38,11.0,2,female,1,2537.0593455999997,0,21
3636,-9999.0,-9999.0,-9999.0,-9999.0,-9999.0,-9999.0,-9999.0,-9999.0,-9999.0,orientation,size,color,0.38,11.0,2,female,1,2537.0593455999997,0,21
3637,-9999.0,-9999.0,-9999.0,-9999.0,-9999.0,-9999.0,-9999.0,-9999.0,-9999.0,orientation,size,color,0.38,11.0,2,female,1,2537.0593455999997,0,21
3638,-9999.0,-9999.0,-9999.0,-9999.0,-9999.0,-9999.0,-9999.0,-9999.0,-9999.0,orientation,size,color,0.38,11.0,2,female,1,2537.0593455999997,0,21
3639,-9999.0,-9999.0,-9999.0,-9999.0,-9999.0,-9999.0,-9999.0,-9999.0,-9999.0,orientation,size,color,0.38,11.0,2,female,1,2537.0593455999997,0,21
3640,-9999.0,-9999.0,-9999.0,-9999.0,-9999.0,-9999.0,-9999.0,-9999.0,-9999.0,orientation,size,color,0.38,11.0,2,female,1,2537.0593455999997,0,21
3641,-9999.0,-9999.0,-9999.0,-9999.0,-9999.0,-9999.0,-9999.0,-9999.0,-9999.0,orientation,size,color,0.38,11.0,2,female,1,2537.0593455999997,0,21
3642,-9999.0,-9999.0,-9999.0,-9999.0,-9999.0,-9999.0,-9999.0,-9999.0,-9999.0,orientation,size,color,0.38,11.0,2,female,1,2537.0593455999997,0,21
3643,-9999.0,-9999.0,-9999.0,-9999.0,-9999.0,-9999.0,-9999.0,-9999.0,-9999.0,orientation,size,color,0.38,11.0,2,female,1,2537.0593455999997,0,21
3644,-9999.0,-9999.0,-9999.0,-9999.0,-9999.0,-9999.0,-9999.0,-9999.0,-9999.0,orientation,size,color,0.38,11.0,2,female,1,2537.0593455999997,0,21
3645,-9999.0,-9999.0,-9999.0,-9999.0,-9999.0,-9999.0,-9999.0,-9999.0,-9999.0,orientation,size,color,0.38,11.0,2,female,1,2537.0593455999997,0,21
3646,-9999.0,-9999.0,-9999.0,-9999.0,-9999.0,-9999.0,-9999.0,-9999.0,-9999.0,orientation,size,color,0.38,11.0,2,female,1,2537.0593455999997,0,21
3647,-9999.0,-9999.0,-9999.0,-9999.0,-9999.0,-9999.0,-9999.0,-9999.0,-9999.0,orientation,size,color,0.38,11.0,2,female,1,2537.0593455999997,0,21
3648,-9999.0,-9999.0,-9999.0,-9999.0,-9999.0,-9999.0,-9999.0,-9999.0,-9999.0,orientation,size,color,0.38,11.0,2,female,1,2537.0593455999997,0,21
3649,-9999.0,-9999.0,-9999.0,-9999.0,-9999.0,-9999.0,-9999.0,-9999.0,-9999.0,orientation,size,color,0.38,11.0,2,female,1,2537.0593455999997,0,21
3650,-9999.0,-9999.0,-9999.0,-9999.0,-9999.0,-9999.0,-9999.0,-9999.0,-9999.0,orientation,size,color,0.38,11.0,2,female,1,2537.0593455999997,0,21
3651,-9999.0,-9999.0,-9999.0,-9999.0,-9999.0,-9999.0,-9999.0,-9999.0,-9999.0,orientation,size,color,0.38,11.0,2,female,1,2537.0593455999997,0,21
3652,-9999.0,-9999.0,-9999.0,-9999.0,-9999.0,-9999.0,-9999.0,-9999.0,-9999.0,orientation,size,color,0.38,11.0,2,female,1,2537.0593455999997,0,21
3653,-9999.0,-9999.0,-9999.0,-9999.0,-9999.0,-9999.0,-9999.0,-9999.0,-9999.0,orientation,size,color,0.38,11.0,2,female,1,2537.0593455999997,0,21
3654,-9999.0,-9999.0,-9999.0,-9999.0,-9999.0,-9999.0,-9999.0,-9999.0,-9999.0,orientation,size,color,0.38,11.0,2,female,1,2537.0593455999997,0,21
3655,-9999.0,-9999.0,-9999.0,-9999.0,-9999.0,-9999.0,-9999.0,-9999.0,-9999.0,orientation,size,color,0.38,11.0,2,female,1,2537.0593455999997,0,21
3656,-9999.0,-9999.0,-9999.0,-9999.0,-9999.0,-9999.0,-9999.0,-9999.0,-9999.0,orientation,size,color,0.38,11.0,2,female,1,2537.0593455999997,0,21
3657,-9999.0,-9999.0,-9999.0,-9999.0,-9999.0,-9999.0,-9999.0,-9999.0,-9999.0,orientation,size,color,0.38,11.0,2,female,1,2537.0593455999997,0,21
3658,-9999.0,-9999.0,-9999.0,-9999.0,-9999.0,-9999.0,-9999.0,-9999.0,-9999.0,orientation,size,color,0.38,11.0,2,female,1,2537.0593455999997,0,21
3659,-9999.0,-9999.0,-9999.0,-9999.0,-9999.0,-9999.0,-9999.0,-9999.0,-9999.0,orientation,size,color,0.38,11.0,2,female,1,2537.0593455999997,0,21
3660,-9999.0,-9999.0,-9999.0,-9999.0,-9999.0,-9999.0,-9999.0,-9999.0,-9999.0,orientation,size,color,0.38,11.0,2,female,1,2537.0593455999997,0,21
3661,-9999.0,-9999.0,-9999.0,-9999.0,-9999.0,-9999.0,-9999.0,-9999.0,-9999.0,orientation,size,color,0.38,11.0,2,female,1,2537.0593455999997,0,21
3662,-9999.0,-9999.0,-9999.0,-9999.0,-9999.0,-9999.0,-9999.0,-9999.0,-9999.0,orientation,size,color,0.38,11.0,2,female,1,2537.0593455999997,0,21
3663,-9999.0,-9999.0,-9999.0,-9999.0,-9999.0,-9999.0,-9999.0,-9999.0,-9999.0,orientation,size,color,0.38,11.0,2,female,1,2537.0593455999997,0,21
3664,-9999.0,-9999.0,-9999.0,-9999.0,-9999.0,-9999.0,-9999.0,-9999.0,-9999.0,orientation,size,color,0.38,11.0,2,female,1,2537.0593455999997,0,21
3665,-9999.0,-9999.0,-9999.0,-9999.0,-9999.0,-9999.0,-9999.0,-9999.0,-9999.0,orientation,size,color,0.38,11.0,2,female,1,2537.0593455999997,0,21
3666,-9999.0,-9999.0,-9999.0,-9999.0,-9999.0,-9999.0,-9999.0,-9999.0,-9999.0,orientation,size,color,0.38,11.0,2,female,1,2537.0593455999997,0,21
3667,-9999.0,-9999.0,-9999.0,-9999.0,-9999.0,-9999.0,-9999.0,-9999.0,-9999.0,orientation,size,color,0.38,11.0,2,female,1,2537.0593455999997,0,21
3668,-9999.0,-9999.0,-9999.0,-9999.0,-9999.0,-9999.0,-9999.0,-9999.0,-9999.0,orientation,size,color,0.38,11.0,2,female,1,2537.0593455999997,0,21
3669,-9999.0,-9999.0,-9999.0,-9999.0,-9999.0,-9999.0,-9999.0,-9999.0,-9999.0,orientation,size,color,0.38,11.0,2,female,1,2537.0593455999997,0,21
3670,-9999.0,-9999.0,-9999.0,-9999.0,-9999.0,-9999.0,-9999.0,-9999.0,-9999.0,orientation,size,color,0.38,11.0,2,female,1,2537.0593455999997,0,21
3671,-9999.0,-9999.0,-9999.0,-9999.0,-9999.0,-9999.0,-9999.0,-9999.0,-9999.0,orientation,size,color,0.38,11.0,2,female,1,2537.0593455999997,0,21
3672,-9999.0,-9999.0,-9999.0,-9999.0,-9999.0,-9999.0,-9999.0,-9999.0,-9999.0,orientation,size,color,0.38,11.0,2,female,1,2537.0593455999997,0,21
3673,-9999.0,-9999.0,-9999.0,-9999.0,-9999.0,-9999.0,-9999.0,-9999.0,-9999.0,orientation,size,color,0.38,11.0,2,female,1,2537.0593455999997,0,21
3674,-9999.0,-9999.0,-9999.0,-9999.0,-9999.0,-9999.0,-9999.0,-9999.0,-9999.0,orientation,size,color,0.38,11.0,2,female,1,2537.0593455999997,0,21
3675,-9999.0,-9999.0,-9999.0,-9999.0,-9999.0,-9999.0,-9999.0,-9999.0,-9999.0,orientation,size,color,0.38,11.0,2,female,1,2537.0593455999997,0,21
3676,-9999.0,-9999.0,-9999.0,-9999.0,-9999.0,-9999.0,-9999.0,-9999.0,-9999.0,orientation,size,color,0.38,11.0,2,female,1,2537.0593455999997,0,21
3677,-9999.0,-9999.0,-9999.0,-9999.0,-9999.0,-9999.0,-9999.0,-9999.0,-9999.0,orientation,size,color,0.38,11.0,2,female,1,2537.0593455999997,0,21
3678,-9999.0,-9999.0,-9999.0,-9999.0,-9999.0,-9999.0,-9999.0,-9999.0,-9999.0,orientation,size,color,0.38,11.0,2,female,1,2537.0593455999997,0,21
3679,-9999.0,-9999.0,-9999.0,-9999.0,-9999.0,-9999.0,-9999.0,-9999.0,-9999.0,orientation,size,color,0.38,11.0,2,female,1,2537.0593455999997,0,21
3680,-9999.0,-9999.0,-9999.0,-9999.0,-9999.0,-9999.0,-9999.0,-9999.0,-9999.0,orientation,size,color,0.38,11.0,2,female,1,2537.0593455999997,0,21
3681,-9999.0,-9999.0,-9999.0,-9999.0,-9999.0,-9999.0,-9999.0,-9999.0,-9999.0,orientation,size,color,0.38,11.0,2,female,1,2537.0593455999997,0,21
3682,-9999.0,-9999.0,-9999.0,-9999.0,-9999.0,-9999.0,-9999.0,-9999.0,-9999.0,orientation,size,color,0.38,11.0,2,female,1,2537.0593455999997,0,21
3683,-9999.0,-9999.0,-9999.0,-9999.0,-9999.0,-9999.0,-9999.0,-9999.0,-9999.0,orientation,size,color,0.38,11.0,2,female,1,2537.0593455999997,0,21
3684,-9999.0,-9999.0,-9999.0,-9999.0,-9999.0,-9999.0,-9999.0,-9999.0,-9999.0,orientation,size,color,0.38,11.0,2,female,1,2537.0593455999997,0,21
3685,-9999.0,-9999.0,-9999.0,-9999.0,-9999.0,-9999.0,-9999.0,-9999.0,-9999.0,orientation,size,color,0.38,11.0,2,female,1,2537.0593455999997,0,21
3686,-9999.0,-9999.0,-9999.0,-9999.0,-9999.0,-9999.0,-9999.0,-9999.0,-9999.0,orientation,size,color,0.38,11.0,2,female,1,2537.0593455999997,0,21
3687,-9999.0,-9999.0,-9999.0,-9999.0,-9999.0,-9999.0,-9999.0,-9999.0,-9999.0,orientation,size,color,0.38,11.0,2,female,1,2537.0593455999997,0,21
3688,-9999.0,-9999.0,-9999.0,-9999.0,-9999.0,-9999.0,-9999.0,-9999.0,-9999.0,orientation,size,color,0.38,11.0,2,female,1,2537.0593455999997,0,21
3689,-9999.0,-9999.0,-9999.0,-9999.0,-9999.0,-9999.0,-9999.0,-9999.0,-9999.0,orientation,size,color,0.38,11.0,2,female,1,2537.0593455999997,0,21
3690,-9999.0,-9999.0,-9999.0,-9999.0,-9999.0,-9999.0,-9999.0,-9999.0,-9999.0,orientation,size,color,0.38,11.0,2,female,1,2537.0593455999997,0,21
3691,-9999.0,-9999.0,-9999.0,-9999.0,-9999.0,-9999.0,-9999.0,-9999.0,-9999.0,orientation,size,color,0.38,11.0,2,female,1,2537.0593455999997,0,21
3692,-9999.0,-9999.0,-9999.0,-9999.0,-9999.0,-9999.0,-9999.0,-9999.0,-9999.0,orientation,size,color,0.38,11.0,2,female,1,2537.0593455999997,0,21
3693,-9999.0,-9999.0,-9999.0,-9999.0,-9999.0,-9999.0,-9999.0,-9999.0,-9999.0,orientation,size,color,0.38,11.0,2,female,1,2537.0593455999997,0,21
3694,-9999.0,-9999.0,-9999.0,-9999.0,-9999.0,-9999.0,-9999.0,-9999.0,-9999.0,orientation,size,color,0.38,11.0,2,female,1,2537.0593455999997,0,21
3695,-9999.0,-9999.0,-9999.0,-9999.0,-9999.0,-9999.0,-9999.0,-9999.0,-9999.0,orientation,size,color,0.38,11.0,2,female,1,2537.0593455999997,0,21
3696,-9999.0,-9999.0,-9999.0,-9999.0,-9999.0,-9999.0,-9999.0,-9999.0,-9999.0,orientation,size,color,0.38,11.0,2,female,1,2537.0593455999997,0,21
3697,-9999.0,-9999.0,-9999.0,-9999.0,-9999.0,-9999.0,-9999.0,-9999.0,-9999.0,orientation,size,color,0.38,11.0,2,female,1,2537.0593455999997,0,21
3698,-9999.0,-9999.0,-9999.0,-9999.0,-9999.0,-9999.0,-9999.0,-9999.0,-9999.0,orientation,size,color,0.38,11.0,2,female,1,2537.0593455999997,0,21
3699,-9999.0,-9999.0,-9999.0,-9999.0,-9999.0,-9999.0,-9999.0,-9999.0,-9999.0,orientation,size,color,0.38,11.0,2,female,1,2537.0593455999997,0,21
3700,-9999.0,-9999.0,-9999.0,-9999.0,-9999.0,-9999.0,-9999.0,-9999.0,-9999.0,orientation,size,color,0.38,11.0,2,female,1,2537.0593455999997,0,21
3701,-9999.0,-9999.0,-9999.0,-9999.0,-9999.0,-9999.0,-9999.0,-9999.0,-9999.0,orientation,size,color,0.38,11.0,2,female,1,2537.0593455999997,0,21
3702,-9999.0,-9999.0,-9999.0,-9999.0,-9999.0,-9999.0,-9999.0,-9999.0,-9999.0,orientation,size,color,0.38,11.0,2,female,1,2537.0593455999997,0,21
3703,-9999.0,-9999.0,-9999.0,-9999.0,-9999.0,-9999.0,-9999.0,-9999.0,-9999.0,orientation,size,color,0.38,11.0,2,female,1,2537.0593455999997,0,21
3704,-9999.0,-9999.0,-9999.0,-9999.0,-9999.0,-9999.0,-9999.0,-9999.0,-9999.0,orientation,size,color,0.38,11.0,2,female,1,2537.0593455999997,0,21
3705,-9999.0,-9999.0,-9999.0,-9999.0,-9999.0,-9999.0,-9999.0,-9999.0,-9999.0,orientation,size,color,0.38,11.0,2,female,1,2537.0593455999997,0,21
3706,-9999.0,-9999.0,-9999.0,-9999.0,-9999.0,-9999.0,-9999.0,-9999.0,-9999.0,orientation,size,color,0.38,11.0,2,female,1,2537.0593455999997,0,21
3707,-9999.0,-9999.0,-9999.0,-9999.0,-9999.0,-9999.0,-9999.0,-9999.0,-9999.0,orientation,size,color,0.38,11.0,2,female,1,2537.0593455999997,0,21
3708,-9999.0,-9999.0,-9999.0,-9999.0,-9999.0,-9999.0,-9999.0,-9999.0,-9999.0,orientation,size,color,0.38,11.0,2,female,1,2537.0593455999997,0,21
3709,-9999.0,-9999.0,-9999.0,-9999.0,-9999.0,-9999.0,-9999.0,-9999.0,-9999.0,orientation,size,color,0.38,11.0,2,female,1,2537.0593455999997,0,21
3710,-9999.0,-9999.0,-9999.0,-9999.0,-9999.0,-9999.0,-9999.0,-9999.0,-9999.0,orientation,size,color,0.38,11.0,2,female,1,2537.0593455999997,0,21
3711,-9999.0,-9999.0,-9999.0,-9999.0,-9999.0,-9999.0,-9999.0,-9999.0,-9999.0,orientation,size,color,0.38,11.0,2,female,1,2537.0593455999997,0,21
3712,-9999.0,-9999.0,-9999.0,-9999.0,-9999.0,-9999.0,-9999.0,-9999.0,-9999.0,orientation,size,color,0.38,11.0,2,female,1,2537.0593455999997,0,21
3713,-9999.0,-9999.0,-9999.0,-9999.0,-9999.0,-9999.0,-9999.0,-9999.0,-9999.0,orientation,size,color,0.38,11.0,2,female,1,2537.0593455999997,0,21
3714,-9999.0,-9999.0,-9999.0,-9999.0,-9999.0,-9999.0,-9999.0,-9999.0,-9999.0,orientation,size,color,0.38,11.0,2,female,1,2537.0593455999997,0,21
3715,-9999.0,-9999.0,-9999.0,-9999.0,-9999.0,-9999.0,-9999.0,-9999.0,-9999.0,orientation,size,color,0.38,11.0,2,female,1,2537.0593455999997,0,21
3716,-9999.0,-9999.0,-9999.0,-9999.0,-9999.0,-9999.0,-9999.0,-9999.0,-9999.0,orientation,size,color,0.38,11.0,2,female,1,2537.0593455999997,0,21
3717,-9999.0,-9999.0,-9999.0,-9999.0,-9999.0,-9999.0,-9999.0,-9999.0,-9999.0,orientation,size,color,0.38,11.0,2,female,1,2537.0593455999997,0,21
3718,-9999.0,-9999.0,-9999.0,-9999.0,-9999.0,-9999.0,-9999.0,-9999.0,-9999.0,orientation,size,color,0.38,11.0,2,female,1,2537.0593455999997,0,21
3719,-9999.0,-9999.0,-9999.0,-9999.0,-9999.0,-9999.0,-9999.0,-9999.0,-9999.0,orientation,size,color,0.38,11.0,2,female,1,2537.0593455999997,0,21
3720,-9999.0,-9999.0,-9999.0,-9999.0,-9999.0,-9999.0,-9999.0,-9999.0,-9999.0,orientation,size,color,0.38,11.0,2,female,1,2537.0593455999997,0,21
3721,-9999.0,-9999.0,-9999.0,-9999.0,-9999.0,-9999.0,-9999.0,-9999.0,-9999.0,orientation,size,color,0.38,11.0,2,female,1,2537.0593455999997,0,21
3722,-9999.0,-9999.0,-9999.0,-9999.0,-9999.0,-9999.0,-9999.0,-9999.0,-9999.0,orientation,size,color,0.38,11.0,2,female,1,2537.0593455999997,0,21
3723,-9999.0,-9999.0,-9999.0,-9999.0,-9999.0,-9999.0,-9999.0,-9999.0,-9999.0,orientation,size,color,0.38,11.0,2,female,1,2537.0593455999997,0,21
3724,-9999.0,-9999.0,-9999.0,-9999.0,-9999.0,-9999.0,-9999.0,-9999.0,-9999.0,orientation,size,color,0.38,11.0,2,female,1,2537.0593455999997,0,21
3725,-9999.0,-9999.0,-9999.0,-9999.0,-9999.0,-9999.0,-9999.0,-9999.0,-9999.0,orientation,size,color,0.38,11.0,2,female,1,2537.0593455999997,0,21
3726,-9999.0,-9999.0,-9999.0,-9999.0,-9999.0,-9999.0,-9999.0,-9999.0,-9999.0,orientation,size,color,0.38,11.0,2,female,1,2537.0593455999997,0,21
3727,-9999.0,-9999.0,-9999.0,-9999.0,-9999.0,-9999.0,-9999.0,-9999.0,-9999.0,orientation,size,color,0.38,11.0,2,female,1,2537.0593455999997,0,21
3728,-9999.0,-9999.0,-9999.0,-9999.0,-9999.0,-9999.0,-9999.0,-9999.0,-9999.0,orientation,size,color,0.38,11.0,2,female,1,2537.0593455999997,0,21
3729,-9999.0,-9999.0,-9999.0,-9999.0,-9999.0,-9999.0,-9999.0,-9999.0,-9999.0,orientation,size,color,0.38,11.0,2,female,1,2537.0593455999997,0,21
3730,-9999.0,-9999.0,-9999.0,-9999.0,-9999.0,-9999.0,-9999.0,-9999.0,-9999.0,orientation,size,color,0.38,11.0,2,female,1,2537.0593455999997,0,21
3731,-9999.0,-9999.0,-9999.0,-9999.0,-9999.0,-9999.0,-9999.0,-9999.0,-9999.0,orientation,size,color,0.38,11.0,2,female,1,2537.0593455999997,0,21
3732,-9999.0,-9999.0,-9999.0,-9999.0,-9999.0,-9999.0,-9999.0,-9999.0,-9999.0,orientation,size,color,0.38,11.0,2,female,1,2537.0593455999997,0,21
3733,-9999.0,-9999.0,-9999.0,-9999.0,-9999.0,-9999.0,-9999.0,-9999.0,-9999.0,orientation,size,color,0.38,11.0,2,female,1,2537.0593455999997,0,21
3734,-9999.0,-9999.0,-9999.0,-9999.0,-9999.0,-9999.0,-9999.0,-9999.0,-9999.0,orientation,size,color,0.38,11.0,2,female,1,2537.0593455999997,0,21
3735,-9999.0,-9999.0,-9999.0,-9999.0,-9999.0,-9999.0,-9999.0,-9999.0,-9999.0,orientation,size,color,0.38,11.0,2,female,1,2537.0593455999997,0,21
3736,-9999.0,-9999.0,-9999.0,-9999.0,-9999.0,-9999.0,-9999.0,-9999.0,-9999.0,orientation,size,color,0.38,11.0,2,female,1,2537.0593455999997,0,21
3737,-9999.0,-9999.0,-9999.0,-9999.0,-9999.0,-9999.0,-9999.0,-9999.0,-9999.0,orientation,size,color,0.38,11.0,2,female,1,2537.0593455999997,0,21
3738,-9999.0,-9999.0,-9999.0,-9999.0,-9999.0,-9999.0,-9999.0,-9999.0,-9999.0,orientation,size,color,0.38,11.0,2,female,1,2537.0593455999997,0,21
3739,-9999.0,-9999.0,-9999.0,-9999.0,-9999.0,-9999.0,-9999.0,-9999.0,-9999.0,orientation,size,color,0.38,11.0,2,female,1,2537.0593455999997,0,21
3740,-9999.0,-9999.0,-9999.0,-9999.0,-9999.0,-9999.0,-9999.0,-9999.0,-9999.0,orientation,size,color,0.38,11.0,2,female,1,2537.0593455999997,0,21
3741,-9999.0,-9999.0,-9999.0,-9999.0,-9999.0,-9999.0,-9999.0,-9999.0,-9999.0,orientation,size,color,0.38,11.0,2,female,1,2537.0593455999997,0,21
3742,-9999.0,-9999.0,-9999.0,-9999.0,-9999.0,-9999.0,-9999.0,-9999.0,-9999.0,orientation,size,color,0.38,11.0,2,female,1,2537.0593455999997,0,21
3743,-9999.0,-9999.0,-9999.0,-9999.0,-9999.0,-9999.0,-9999.0,-9999.0,-9999.0,orientation,size,color,0.38,11.0,2,female,1,2537.0593455999997,0,21
3744,-9999.0,-9999.0,-9999.0,-9999.0,-9999.0,-9999.0,-9999.0,-9999.0,-9999.0,orientation,size,color,0.38,11.0,2,female,1,2537.0593455999997,0,21
3745,-9999.0,-9999.0,-9999.0,-9999.0,-9999.0,-9999.0,-9999.0,-9999.0,-9999.0,orientation,size,color,0.38,11.0,2,female,1,2537.0593455999997,0,21
3746,-9999.0,-9999.0,-9999.0,-9999.0,-9999.0,-9999.0,-9999.0,-9999.0,-9999.0,orientation,size,color,0.38,11.0,2,female,1,2537.0593455999997,0,21
3747,-9999.0,-9999.0,-9999.0,-9999.0,-9999.0,-9999.0,-9999.0,-9999.0,-9999.0,orientation,size,color,0.38,11.0,2,female,1,2537.0593455999997,0,21
3748,-9999.0,-9999.0,-9999.0,-9999.0,-9999.0,-9999.0,-9999.0,-9999.0,-9999.0,orientation,size,color,0.38,11.0,2,female,1,2537.0593455999997,0,21
3749,-9999.0,-9999.0,-9999.0,-9999.0,-9999.0,-9999.0,-9999.0,-9999.0,-9999.0,orientation,size,color,0.38,11.0,2,female,1,2537.0593455999997,0,21
3750,-9999.0,-9999.0,-9999.0,-9999.0,-9999.0,-9999.0,-9999.0,-9999.0,-9999.0,orientation,size,color,0.38,11.0,2,female,1,2537.0593455999997,0,21
3751,-9999.0,-9999.0,-9999.0,-9999.0,-9999.0,-9999.0,-9999.0,-9999.0,-9999.0,orientation,size,color,0.38,11.0,2,female,1,2537.0593455999997,0,21
3752,-9999.0,-9999.0,-9999.0,-9999.0,-9999.0,-9999.0,-9999.0,-9999.0,-9999.0,orientation,size,color,0.38,11.0,2,female,1,2537.0593455999997,0,21
3753,-9999.0,-9999.0,-9999.0,-9999.0,-9999.0,-9999.0,-9999.0,-9999.0,-9999.0,orientation,size,color,0.38,11.0,2,female,1,2537.0593455999997,0,21
3754,-9999.0,-9999.0,-9999.0,-9999.0,-9999.0,-9999.0,-9999.0,-9999.0,-9999.0,orientation,size,color,0.38,11.0,2,female,1,2537.0593455999997,0,21
3755,-9999.0,-9999.0,-9999.0,-9999.0,-9999.0,-9999.0,-9999.0,-9999.0,-9999.0,orientation,size,color,0.38,11.0,2,female,1,2537.0593455999997,0,21
3756,-9999.0,-9999.0,-9999.0,-9999.0,-9999.0,-9999.0,-9999.0,-9999.0,-9999.0,orientation,size,color,0.38,11.0,2,female,1,2537.0593455999997,0,21
3757,-9999.0,-9999.0,-9999.0,-9999.0,-9999.0,-9999.0,-9999.0,-9999.0,-9999.0,orientation,size,color,0.38,11.0,2,female,1,2537.0593455999997,0,21
3758,-9999.0,-9999.0,-9999.0,-9999.0,-9999.0,-9999.0,-9999.0,-9999.0,-9999.0,orientation,size,color,0.38,11.0,2,female,1,2537.0593455999997,0,21
3759,-9999.0,-9999.0,-9999.0,-9999.0,-9999.0,-9999.0,-9999.0,-9999.0,-9999.0,orientation,size,color,0.38,11.0,2,female,1,2537.0593455999997,0,21
3760,-9999.0,-9999.0,-9999.0,-9999.0,-9999.0,-9999.0,-9999.0,-9999.0,-9999.0,orientation,size,color,0.38,11.0,2,female,1,2537.0593455999997,0,21
3761,-9999.0,-9999.0,-9999.0,-9999.0,-9999.0,-9999.0,-9999.0,-9999.0,-9999.0,orientation,size,color,0.38,11.0,2,female,1,2537.0593455999997,0,21
3762,-9999.0,-9999.0,-9999.0,-9999.0,-9999.0,-9999.0,-9999.0,-9999.0,-9999.0,orientation,size,color,0.38,11.0,2,female,1,2537.0593455999997,0,21
3763,-9999.0,-9999.0,-9999.0,-9999.0,-9999.0,-9999.0,-9999.0,-9999.0,-9999.0,orientation,size,color,0.38,11.0,2,female,1,2537.0593455999997,0,21
3764,-9999.0,-9999.0,-9999.0,-9999.0,-9999.0,-9999.0,-9999.0,-9999.0,-9999.0,orientation,size,color,0.38,11.0,2,female,1,2537.0593455999997,0,21
3765,-9999.0,-9999.0,-9999.0,-9999.0,-9999.0,-9999.0,-9999.0,-9999.0,-9999.0,orientation,size,color,0.38,11.0,2,female,1,2537.0593455999997,0,21
3766,-9999.0,-9999.0,-9999.0,-9999.0,-9999.0,-9999.0,-9999.0,-9999.0,-9999.0,orientation,size,color,0.38,11.0,2,female,1,2537.0593455999997,0,21
3767,-9999.0,-9999.0,-9999.0,-9999.0,-9999.0,-9999.0,-9999.0,-9999.0,-9999.0,orientation,size,color,0.38,11.0,2,female,1,2537.0593455999997,0,21
3768,-9999.0,-9999.0,-9999.0,-9999.0,-9999.0,-9999.0,-9999.0,-9999.0,-9999.0,orientation,size,color,0.38,11.0,2,female,1,2537.0593455999997,0,21
3769,-9999.0,-9999.0,-9999.0,-9999.0,-9999.0,-9999.0,-9999.0,-9999.0,-9999.0,orientation,size,color,0.38,11.0,2,female,1,2537.0593455999997,0,21
3770,-9999.0,-9999.0,-9999.0,-9999.0,-9999.0,-9999.0,-9999.0,-9999.0,-9999.0,orientation,size,color,0.38,11.0,2,female,1,2537.0593455999997,0,21
3771,-9999.0,-9999.0,-9999.0,-9999.0,-9999.0,-9999.0,-9999.0,-9999.0,-9999.0,orientation,size,color,0.38,11.0,2,female,1,2537.0593455999997,0,21
3772,-9999.0,-9999.0,-9999.0,-9999.0,-9999.0,-9999.0,-9999.0,-9999.0,-9999.0,orientation,size,color,0.38,11.0,2,female,1,2537.0593455999997,0,21
3773,-9999.0,-9999.0,-9999.0,-9999.0,-9999.0,-9999.0,-9999.0,-9999.0,-9999.0,orientation,size,color,0.38,11.0,2,female,1,2537.0593455999997,0,21
3774,-9999.0,-9999.0,-9999.0,-9999.0,-9999.0,-9999.0,-9999.0,-9999.0,-9999.0,orientation,size,color,0.38,11.0,2,female,1,2537.0593455999997,0,21
3775,-9999.0,-9999.0,-9999.0,-9999.0,-9999.0,-9999.0,-9999.0,-9999.0,-9999.0,orientation,size,color,0.38,11.0,2,female,1,2537.0593455999997,0,21
3776,-9999.0,-9999.0,-9999.0,-9999.0,-9999.0,-9999.0,-9999.0,-9999.0,-9999.0,orientation,size,color,0.38,11.0,2,female,1,2537.0593455999997,0,21
3777,-9999.0,-9999.0,-9999.0,-9999.0,-9999.0,-9999.0,-9999.0,-9999.0,-9999.0,orientation,size,color,0.38,11.0,2,female,1,2537.0593455999997,0,21
3778,-9999.0,-9999.0,-9999.0,-9999.0,-9999.0,-9999.0,-9999.0,-9999.0,-9999.0,orientation,size,color,0.38,11.0,2,female,1,2537.0593455999997,0,21
3779,-9999.0,-9999.0,-9999.0,-9999.0,-9999.0,-9999.0,-9999.0,-9999.0,-9999.0,orientation,size,color,0.38,11.0,2,female,1,2537.0593455999997,0,21
3780,-9999.0,-9999.0,-9999.0,-9999.0,-9999.0,-9999.0,-9999.0,-9999.0,-9999.0,orientation,size,color,0.38,11.0,2,female,1,2537.0593455999997,0,21
3781,-9999.0,-9999.0,-9999.0,-9999.0,-9999.0,-9999.0,-9999.0,-9999.0,-9999.0,orientation,size,color,0.38,11.0,2,female,1,2537.0593455999997,0,21
3782,-9999.0,-9999.0,-9999.0,-9999.0,-9999.0,-9999.0,-9999.0,-9999.0,-9999.0,orientation,size,color,0.38,11.0,2,female,1,2537.0593455999997,0,21
3783,-9999.0,-9999.0,-9999.0,-9999.0,-9999.0,-9999.0,-9999.0,-9999.0,-9999.0,orientation,size,color,0.38,11.0,2,female,1,2537.0593455999997,0,21
3784,-9999.0,-9999.0,-9999.0,-9999.0,-9999.0,-9999.0,-9999.0,-9999.0,-9999.0,orientation,size,color,0.38,11.0,2,female,1,2537.0593455999997,0,21
3785,-9999.0,-9999.0,-9999.0,-9999.0,-9999.0,-9999.0,-9999.0,-9999.0,-9999.0,orientation,size,color,0.38,11.0,2,female,1,2537.0593455999997,0,21
3786,-9999.0,-9999.0,-9999.0,-9999.0,-9999.0,-9999.0,-9999.0,-9999.0,-9999.0,orientation,size,color,0.38,11.0,2,female,1,2537.0593455999997,0,21
3787,-9999.0,-9999.0,-9999.0,-9999.0,-9999.0,-9999.0,-9999.0,-9999.0,-9999.0,orientation,size,color,0.38,11.0,2,female,1,2537.0593455999997,0,21
3788,-9999.0,-9999.0,-9999.0,-9999.0,-9999.0,-9999.0,-9999.0,-9999.0,-9999.0,orientation,size,color,0.38,11.0,2,female,1,2537.0593455999997,0,21
3789,-9999.0,-9999.0,-9999.0,-9999.0,-9999.0,-9999.0,-9999.0,-9999.0,-9999.0,orientation,size,color,0.38,11.0,2,female,1,2537.0593455999997,0,21
3790,-9999.0,-9999.0,-9999.0,-9999.0,-9999.0,-9999.0,-9999.0,-9999.0,-9999.0,orientation,size,color,0.38,11.0,2,female,1,2537.0593455999997,0,21
3791,-9999.0,-9999.0,-9999.0,-9999.0,-9999.0,-9999.0,-9999.0,-9999.0,-9999.0,orientation,size,color,0.38,11.0,2,female,1,2537.0593455999997,0,21
3792,-9999.0,-9999.0,-9999.0,-9999.0,-9999.0,-9999.0,-9999.0,-9999.0,-9999.0,orientation,size,color,0.38,11.0,2,female,1,2537.0593455999997,0,21
3793,-9999.0,-9999.0,-9999.0,-9999.0,-9999.0,-9999.0,-9999.0,-9999.0,-9999.0,orientation,size,color,0.38,11.0,2,female,1,2537.0593455999997,0,21
3794,-9999.0,-9999.0,-9999.0,-9999.0,-9999.0,-9999.0,-9999.0,-9999.0,-9999.0,orientation,size,color,0.38,11.0,2,female,1,2537.0593455999997,0,21
3795,-9999.0,-9999.0,-9999.0,-9999.0,-9999.0,-9999.0,-9999.0,-9999.0,-9999.0,orientation,size,color,0.38,11.0,2,female,1,2537.0593455999997,0,21
3796,-9999.0,-9999.0,-9999.0,-9999.0,-9999.0,-9999.0,-9999.0,-9999.0,-9999.0,orientation,size,color,0.38,11.0,2,female,1,2537.0593455999997,0,21
3797,-9999.0,-9999.0,-9999.0,-9999.0,-9999.0,-9999.0,-9999.0,-9999.0,-9999.0,orientation,size,color,0.38,11.0,2,female,1,2537.0593455999997,0,21
3798,-9999.0,-9999.0,-9999.0,-9999.0,-9999.0,-9999.0,-9999.0,-9999.0,-9999.0,orientation,size,color,0.38,11.0,2,female,1,2537.0593455999997,0,21
3799,-9999.0,-9999.0,-9999.0,-9999.0,-9999.0,-9999.0,-9999.0,-9999.0,-9999.0,orientation,size,color,0.38,11.0,2,female,1,2537.0593455999997,0,21
3800,-9999.0,-9999.0,-9999.0,-9999.0,-9999.0,-9999.0,-9999.0,-9999.0,-9999.0,orientation,size,color,0.38,11.0,2,female,1,2537.0593455999997,0,21
3801,-9999.0,-9999.0,-9999.0,-9999.0,-9999.0,-9999.0,-9999.0,-9999.0,-9999.0,orientation,size,color,0.38,11.0,2,female,1,2537.0593455999997,0,21
3802,-9999.0,-9999.0,-9999.0,-9999.0,-9999.0,-9999.0,-9999.0,-9999.0,-9999.0,orientation,size,color,0.38,11.0,2,female,1,2537.0593455999997,0,21
3803,-9999.0,-9999.0,-9999.0,-9999.0,-9999.0,-9999.0,-9999.0,-9999.0,-9999.0,orientation,size,color,0.38,11.0,2,female,1,2537.0593455999997,0,21
3804,-9999.0,-9999.0,-9999.0,-9999.0,-9999.0,-9999.0,-9999.0,-9999.0,-9999.0,orientation,size,color,0.38,11.0,2,female,1,2537.0593455999997,0,21
3805,-9999.0,-9999.0,-9999.0,-9999.0,-9999.0,-9999.0,-9999.0,-9999.0,-9999.0,orientation,size,color,0.38,11.0,2,female,1,2537.0593455999997,0,21
3806,-9999.0,-9999.0,-9999.0,-9999.0,-9999.0,-9999.0,-9999.0,-9999.0,-9999.0,orientation,size,color,0.38,11.0,2,female,1,2537.0593455999997,0,21
3807,-9999.0,-9999.0,-9999.0,-9999.0,-9999.0,-9999.0,-9999.0,-9999.0,-9999.0,orientation,size,color,0.38,11.0,2,female,1,2537.0593455999997,0,21
3808,-9999.0,-9999.0,-9999.0,-9999.0,-9999.0,-9999.0,-9999.0,-9999.0,-9999.0,orientation,size,color,0.38,11.0,2,female,1,2537.0593455999997,0,21
3809,-9999.0,-9999.0,-9999.0,-9999.0,-9999.0,-9999.0,-9999.0,-9999.0,-9999.0,orientation,size,color,0.38,11.0,2,female,1,2537.0593455999997,0,21
3810,-9999.0,-9999.0,-9999.0,-9999.0,-9999.0,-9999.0,-9999.0,-9999.0,-9999.0,orientation,size,color,0.38,11.0,2,female,1,2537.0593455999997,0,21
3811,-9999.0,-9999.0,-9999.0,-9999.0,-9999.0,-9999.0,-9999.0,-9999.0,-9999.0,orientation,size,color,0.38,11.0,2,female,1,2537.0593455999997,0,21
3812,-9999.0,-9999.0,-9999.0,-9999.0,-9999.0,-9999.0,-9999.0,-9999.0,-9999.0,orientation,size,color,0.38,11.0,2,female,1,2537.0593455999997,0,21
3813,-9999.0,-9999.0,-9999.0,-9999.0,-9999.0,-9999.0,-9999.0,-9999.0,-9999.0,orientation,size,color,0.38,11.0,2,female,1,2537.0593455999997,0,21
3814,-9999.0,-9999.0,-9999.0,-9999.0,-9999.0,-9999.0,-9999.0,-9999.0,-9999.0,orientation,size,color,0.38,11.0,2,female,1,2537.0593455999997,0,21
3815,-9999.0,-9999.0,-9999.0,-9999.0,-9999.0,-9999.0,-9999.0,-9999.0,-9999.0,orientation,size,color,0.38,11.0,2,female,1,2537.0593455999997,0,21
3816,-9999.0,-9999.0,-9999.0,-9999.0,-9999.0,-9999.0,-9999.0,-9999.0,-9999.0,orientation,size,color,0.38,11.0,2,female,1,2537.0593455999997,0,21
3817,-9999.0,-9999.0,-9999.0,-9999.0,-9999.0,-9999.0,-9999.0,-9999.0,-9999.0,orientation,size,color,0.38,11.0,2,female,1,2537.0593455999997,0,21
3818,-9999.0,-9999.0,-9999.0,-9999.0,-9999.0,-9999.0,-9999.0,-9999.0,-9999.0,orientation,size,color,0.38,11.0,2,female,1,2537.0593455999997,0,21
3819,-9999.0,-9999.0,-9999.0,-9999.0,-9999.0,-9999.0,-9999.0,-9999.0,-9999.0,orientation,size,color,0.38,11.0,2,female,1,2537.0593455999997,0,21
3820,-9999.0,-9999.0,-9999.0,-9999.0,-9999.0,-9999.0,-9999.0,-9999.0,-9999.0,orientation,size,color,0.38,11.0,2,female,1,2537.0593455999997,0,21
3821,-9999.0,-9999.0,-9999.0,-9999.0,-9999.0,-9999.0,-9999.0,-9999.0,-9999.0,orientation,size,color,0.38,11.0,2,female,1,2537.0593455999997,0,21
3822,-9999.0,-9999.0,-9999.0,-9999.0,-9999.0,-9999.0,-9999.0,-9999.0,-9999.0,orientation,size,color,0.38,11.0,2,female,1,2537.0593455999997,0,21
3823,-9999.0,-9999.0,-9999.0,-9999.0,-9999.0,-9999.0,-9999.0,-9999.0,-9999.0,orientation,size,color,0.38,11.0,2,female,1,2537.0593455999997,0,21
3824,-9999.0,-9999.0,-9999.0,-9999.0,-9999.0,-9999.0,-9999.0,-9999.0,-9999.0,orientation,size,color,0.38,11.0,2,female,1,2537.0593455999997,0,21
3825,-9999.0,-9999.0,-9999.0,-9999.0,-9999.0,-9999.0,-9999.0,-9999.0,-9999.0,orientation,size,color,0.38,11.0,2,female,1,2537.0593455999997,0,21
3826,-9999.0,-9999.0,-9999.0,-9999.0,-9999.0,-9999.0,-9999.0,-9999.0,-9999.0,orientation,size,color,0.38,11.0,2,female,1,2537.0593455999997,0,21
3827,-9999.0,-9999.0,-9999.0,-9999.0,-9999.0,-9999.0,-9999.0,-9999.0,-9999.0,orientation,size,color,0.38,11.0,2,female,1,2537.0593455999997,0,21
3828,-9999.0,-9999.0,-9999.0,-9999.0,-9999.0,-9999.0,-9999.0,-9999.0,-9999.0,orientation,size,color,0.38,11.0,2,female,1,2537.0593455999997,0,21
3829,-9999.0,-9999.0,-9999.0,-9999.0,-9999.0,-9999.0,-9999.0,-9999.0,-9999.0,orientation,size,color,0.38,11.0,2,female,1,2537.0593455999997,0,21
3830,-9999.0,-9999.0,-9999.0,-9999.0,-9999.0,-9999.0,-9999.0,-9999.0,-9999.0,orientation,size,color,0.38,11.0,2,female,1,2537.0593455999997,0,21
3831,-9999.0,-9999.0,-9999.0,-9999.0,-9999.0,-9999.0,-9999.0,-9999.0,-9999.0,orientation,size,color,0.38,11.0,2,female,1,2537.0593455999997,0,21
3832,-9999.0,-9999.0,-9999.0,-9999.0,-9999.0,-9999.0,-9999.0,-9999.0,-9999.0,orientation,size,color,0.38,11.0,2,female,1,2537.0593455999997,0,21
3833,-9999.0,-9999.0,-9999.0,-9999.0,-9999.0,-9999.0,-9999.0,-9999.0,-9999.0,orientation,size,color,0.38,11.0,2,female,1,2537.0593455999997,0,21
3834,-9999.0,-9999.0,-9999.0,-9999.0,-9999.0,-9999.0,-9999.0,-9999.0,-9999.0,orientation,size,color,0.38,11.0,2,female,1,2537.0593455999997,0,21
3835,-9999.0,-9999.0,-9999.0,-9999.0,-9999.0,-9999.0,-9999.0,-9999.0,-9999.0,orientation,size,color,0.38,11.0,2,female,1,2537.0593455999997,0,21
3836,-9999.0,-9999.0,-9999.0,-9999.0,-9999.0,-9999.0,-9999.0,-9999.0,-9999.0,orientation,size,color,0.38,11.0,2,female,1,2537.0593455999997,0,21
3837,-9999.0,-9999.0,-9999.0,-9999.0,-9999.0,-9999.0,-9999.0,-9999.0,-9999.0,orientation,size,color,0.38,11.0,2,female,1,2537.0593455999997,0,21
3838,-9999.0,-9999.0,-9999.0,-9999.0,-9999.0,-9999.0,-9999.0,-9999.0,-9999.0,orientation,size,color,0.38,11.0,2,female,1,2537.0593455999997,0,21
3839,-9999.0,-9999.0,-9999.0,-9999.0,-9999.0,-9999.0,-9999.0,-9999.0,-9999.0,orientation,size,color,0.38,11.0,2,female,1,2537.0593455999997,0,21
3840,-9999.0,-9999.0,-9999.0,-9999.0,-9999.0,-9999.0,-9999.0,-9999.0,-9999.0,orientation,size,color,0.38,11.0,2,female,1,2537.0593455999997,0,21
3841,-9999.0,-9999.0,-9999.0,-9999.0,-9999.0,-9999.0,-9999.0,-9999.0,-9999.0,orientation,size,color,0.38,11.0,2,female,1,2537.0593455999997,0,21
3842,-9999.0,-9999.0,-9999.0,-9999.0,-9999.0,-9999.0,-9999.0,-9999.0,-9999.0,orientation,size,color,0.38,11.0,2,female,1,2537.0593455999997,0,21
3843,-9999.0,-9999.0,-9999.0,-9999.0,-9999.0,-9999.0,-9999.0,-9999.0,-9999.0,orientation,size,color,0.38,11.0,2,female,1,2537.0593455999997,0,21
3844,-9999.0,-9999.0,-9999.0,-9999.0,-9999.0,-9999.0,-9999.0,-9999.0,-9999.0,orientation,size,color,0.38,11.0,2,female,1,2537.0593455999997,0,21
3845,-9999.0,-9999.0,-9999.0,-9999.0,-9999.0,-9999.0,-9999.0,-9999.0,-9999.0,orientation,size,color,0.38,11.0,2,female,1,2537.0593455999997,0,21
3846,-9999.0,-9999.0,-9999.0,-9999.0,-9999.0,-9999.0,-9999.0,-9999.0,-9999.0,orientation,size,color,0.38,11.0,2,female,1,2537.0593455999997,0,21
3847,-9999.0,-9999.0,-9999.0,-9999.0,-9999.0,-9999.0,-9999.0,-9999.0,-9999.0,orientation,size,color,0.38,11.0,2,female,1,2537.0593455999997,0,21
3848,-9999.0,-9999.0,-9999.0,-9999.0,-9999.0,-9999.0,-9999.0,-9999.0,-9999.0,orientation,size,color,0.38,11.0,2,female,1,2537.0593455999997,0,21
3849,-9999.0,-9999.0,-9999.0,-9999.0,-9999.0,-9999.0,-9999.0,-9999.0,-9999.0,orientation,size,color,0.38,11.0,2,female,1,2537.0593455999997,0,21
3850,-9999.0,-9999.0,-9999.0,-9999.0,-9999.0,-9999.0,-9999.0,-9999.0,-9999.0,orientation,size,color,0.38,11.0,2,female,1,2537.0593455999997,0,21
3851,-9999.0,-9999.0,-9999.0,-9999.0,-9999.0,-9999.0,-9999.0,-9999.0,-9999.0,orientation,size,color,0.38,11.0,2,female,1,2537.0593455999997,0,21
3852,-9999.0,-9999.0,-9999.0,-9999.0,-9999.0,-9999.0,-9999.0,-9999.0,-9999.0,orientation,size,color,0.38,11.0,2,female,1,2537.0593455999997,0,21
3853,-9999.0,-9999.0,-9999.0,-9999.0,-9999.0,-9999.0,-9999.0,-9999.0,-9999.0,orientation,size,color,0.38,11.0,2,female,1,2537.0593455999997,0,21
3854,-9999.0,-9999.0,-9999.0,-9999.0,-9999.0,-9999.0,-9999.0,-9999.0,-9999.0,orientation,size,color,0.38,11.0,2,female,1,2537.0593455999997,0,21
3855,-9999.0,-9999.0,-9999.0,-9999.0,-9999.0,-9999.0,-9999.0,-9999.0,-9999.0,orientation,size,color,0.38,11.0,2,female,1,2537.0593455999997,0,21
3856,-9999.0,-9999.0,-9999.0,-9999.0,-9999.0,-9999.0,-9999.0,-9999.0,-9999.0,orientation,size,color,0.38,11.0,2,female,1,2537.0593455999997,0,21
3857,-9999.0,-9999.0,-9999.0,-9999.0,-9999.0,-9999.0,-9999.0,-9999.0,-9999.0,orientation,size,color,0.38,11.0,2,female,1,2537.0593455999997,0,21
3858,-9999.0,-9999.0,-9999.0,-9999.0,-9999.0,-9999.0,-9999.0,-9999.0,-9999.0,orientation,size,color,0.38,11.0,2,female,1,2537.0593455999997,0,21
3859,-9999.0,-9999.0,-9999.0,-9999.0,-9999.0,-9999.0,-9999.0,-9999.0,-9999.0,orientation,size,color,0.38,11.0,2,female,1,2537.0593455999997,0,21
3860,-9999.0,-9999.0,-9999.0,-9999.0,-9999.0,-9999.0,-9999.0,-9999.0,-9999.0,orientation,size,color,0.38,11.0,2,female,1,2537.0593455999997,0,21
3861,-9999.0,-9999.0,-9999.0,-9999.0,-9999.0,-9999.0,-9999.0,-9999.0,-9999.0,orientation,size,color,0.38,11.0,2,female,1,2537.0593455999997,0,21
3862,-9999.0,-9999.0,-9999.0,-9999.0,-9999.0,-9999.0,-9999.0,-9999.0,-9999.0,orientation,size,color,0.38,11.0,2,female,1,2537.0593455999997,0,21
3863,-9999.0,-9999.0,-9999.0,-9999.0,-9999.0,-9999.0,-9999.0,-9999.0,-9999.0,orientation,size,color,0.38,11.0,2,female,1,2537.0593455999997,0,21
3864,-9999.0,-9999.0,-9999.0,-9999.0,-9999.0,-9999.0,-9999.0,-9999.0,-9999.0,orientation,size,color,0.38,11.0,2,female,1,2537.0593455999997,0,21
3865,-9999.0,-9999.0,-9999.0,-9999.0,-9999.0,-9999.0,-9999.0,-9999.0,-9999.0,orientation,size,color,0.38,11.0,2,female,1,2537.0593455999997,0,21
3866,-9999.0,-9999.0,-9999.0,-9999.0,-9999.0,-9999.0,-9999.0,-9999.0,-9999.0,orientation,size,color,0.38,11.0,2,female,1,2537.0593455999997,0,21
3867,-9999.0,-9999.0,-9999.0,-9999.0,-9999.0,-9999.0,-9999.0,-9999.0,-9999.0,orientation,size,color,0.38,11.0,2,female,1,2537.0593455999997,0,21
3868,-9999.0,-9999.0,-9999.0,-9999.0,-9999.0,-9999.0,-9999.0,-9999.0,-9999.0,orientation,size,color,0.38,11.0,2,female,1,2537.0593455999997,0,21
3869,-9999.0,-9999.0,-9999.0,-9999.0,-9999.0,-9999.0,-9999.0,-9999.0,-9999.0,orientation,size,color,0.38,11.0,2,female,1,2537.0593455999997,0,21
3870,-9999.0,-9999.0,-9999.0,-9999.0,-9999.0,-9999.0,-9999.0,-9999.0,-9999.0,orientation,size,color,0.38,11.0,2,female,1,2537.0593455999997,0,21
3871,-9999.0,-9999.0,-9999.0,-9999.0,-9999.0,-9999.0,-9999.0,-9999.0,-9999.0,orientation,size,color,0.38,11.0,2,female,1,2537.0593455999997,0,21
3872,-9999.0,-9999.0,-9999.0,-9999.0,-9999.0,-9999.0,-9999.0,-9999.0,-9999.0,orientation,size,color,0.38,11.0,2,female,1,2537.0593455999997,0,21
3873,-9999.0,-9999.0,-9999.0,-9999.0,-9999.0,-9999.0,-9999.0,-9999.0,-9999.0,orientation,size,color,0.38,11.0,2,female,1,2537.0593455999997,0,21
3874,-9999.0,-9999.0,-9999.0,-9999.0,-9999.0,-9999.0,-9999.0,-9999.0,-9999.0,orientation,size,color,0.38,11.0,2,female,1,2537.0593455999997,0,21
3875,-9999.0,-9999.0,-9999.0,-9999.0,-9999.0,-9999.0,-9999.0,-9999.0,-9999.0,orientation,size,color,0.38,11.0,2,female,1,2537.0593455999997,0,21
3876,-9999.0,-9999.0,-9999.0,-9999.0,-9999.0,-9999.0,-9999.0,-9999.0,-9999.0,orientation,size,color,0.38,11.0,2,female,1,2537.0593455999997,0,21
3877,-9999.0,-9999.0,-9999.0,-9999.0,-9999.0,-9999.0,-9999.0,-9999.0,-9999.0,orientation,size,color,0.38,11.0,2,female,1,2537.0593455999997,0,21
3878,-9999.0,-9999.0,-9999.0,-9999.0,-9999.0,-9999.0,-9999.0,-9999.0,-9999.0,orientation,size,color,0.38,11.0,2,female,1,2537.0593455999997,0,21
3879,-9999.0,-9999.0,-9999.0,-9999.0,-9999.0,-9999.0,-9999.0,-9999.0,-9999.0,orientation,size,color,0.38,11.0,2,female,1,2537.0593455999997,0,21
3880,-9999.0,-9999.0,-9999.0,-9999.0,-9999.0,-9999.0,-9999.0,-9999.0,-9999.0,orientation,size,color,0.38,11.0,2,female,1,2537.0593455999997,0,21
3881,-9999.0,-9999.0,-9999.0,-9999.0,-9999.0,-9999.0,-9999.0,-9999.0,-9999.0,orientation,size,color,0.38,11.0,2,female,1,2537.0593455999997,0,21
3882,-9999.0,-9999.0,-9999.0,-9999.0,-9999.0,-9999.0,-9999.0,-9999.0,-9999.0,orientation,size,color,0.38,11.0,2,female,1,2537.0593455999997,0,21
3883,-9999.0,-9999.0,-9999.0,-9999.0,-9999.0,-9999.0,-9999.0,-9999.0,-9999.0,orientation,size,color,0.38,11.0,2,female,1,2537.0593455999997,0,21
3884,-9999.0,-9999.0,-9999.0,-9999.0,-9999.0,-9999.0,-9999.0,-9999.0,-9999.0,orientation,size,color,0.38,11.0,2,female,1,2537.0593455999997,0,21
3885,-9999.0,-9999.0,-9999.0,-9999.0,-9999.0,-9999.0,-9999.0,-9999.0,-9999.0,orientation,size,color,0.38,11.0,2,female,1,2537.0593455999997,0,21
3886,-9999.0,-9999.0,-9999.0,-9999.0,-9999.0,-9999.0,-9999.0,-9999.0,-9999.0,orientation,size,color,0.38,11.0,2,female,1,2537.0593455999997,0,21
3887,-9999.0,-9999.0,-9999.0,-9999.0,-9999.0,-9999.0,-9999.0,-9999.0,-9999.0,orientation,size,color,0.38,11.0,2,female,1,2537.0593455999997,0,21
3888,-9999.0,-9999.0,-9999.0,-9999.0,-9999.0,-9999.0,-9999.0,-9999.0,-9999.0,orientation,size,color,0.38,11.0,2,female,1,2537.0593455999997,0,21
3889,-9999.0,-9999.0,-9999.0,-9999.0,-9999.0,-9999.0,-9999.0,-9999.0,-9999.0,orientation,size,color,0.38,11.0,2,female,1,2537.0593455999997,0,21
3890,-9999.0,-9999.0,-9999.0,-9999.0,-9999.0,-9999.0,-9999.0,-9999.0,-9999.0,orientation,size,color,0.38,11.0,2,female,1,2537.0593455999997,0,21
3891,-9999.0,-9999.0,-9999.0,-9999.0,-9999.0,-9999.0,-9999.0,-9999.0,-9999.0,orientation,size,color,0.38,11.0,2,female,1,2537.0593455999997,0,21
3892,-9999.0,-9999.0,-9999.0,-9999.0,-9999.0,-9999.0,-9999.0,-9999.0,-9999.0,orientation,size,color,0.38,11.0,2,female,1,2537.0593455999997,0,21
3893,-9999.0,-9999.0,-9999.0,-9999.0,-9999.0,-9999.0,-9999.0,-9999.0,-9999.0,orientation,size,color,0.38,11.0,2,female,1,2537.0593455999997,0,21
3894,-9999.0,-9999.0,-9999.0,-9999.0,-9999.0,-9999.0,-9999.0,-9999.0,-9999.0,orientation,size,color,0.38,11.0,2,female,1,2537.0593455999997,0,21
3895,-9999.0,-9999.0,-9999.0,-9999.0,-9999.0,-9999.0,-9999.0,-9999.0,-9999.0,orientation,size,color,0.38,11.0,2,female,1,2537.0593455999997,0,21
3896,-9999.0,-9999.0,-9999.0,-9999.0,-9999.0,-9999.0,-9999.0,-9999.0,-9999.0,orientation,size,color,0.38,11.0,2,female,1,2537.0593455999997,0,21
3897,-9999.0,-9999.0,-9999.0,-9999.0,-9999.0,-9999.0,-9999.0,-9999.0,-9999.0,orientation,size,color,0.38,11.0,2,female,1,2537.0593455999997,0,21
3898,-9999.0,-9999.0,-9999.0,-9999.0,-9999.0,-9999.0,-9999.0,-9999.0,-9999.0,orientation,size,color,0.38,11.0,2,female,1,2537.0593455999997,0,21
3899,-9999.0,-9999.0,-9999.0,-9999.0,-9999.0,-9999.0,-9999.0,-9999.0,-9999.0,orientation,size,color,0.38,11.0,2,female,1,2537.0593455999997,0,21
3900,-9999.0,-9999.0,-9999.0,-9999.0,-9999.0,-9999.0,-9999.0,-9999.0,-9999.0,orientation,size,color,0.38,11.0,2,female,1,2537.0593455999997,0,21
3901,-9999.0,-9999.0,-9999.0,-9999.0,-9999.0,-9999.0,-9999.0,-9999.0,-9999.0,orientation,size,color,0.38,11.0,2,female,1,2537.0593455999997,0,21
3902,-9999.0,-9999.0,-9999.0,-9999.0,-9999.0,-9999.0,-9999.0,-9999.0,-9999.0,orientation,size,color,0.38,11.0,2,female,1,2537.0593455999997,0,21
3903,-9999.0,-9999.0,-9999.0,-9999.0,-9999.0,-9999.0,-9999.0,-9999.0,-9999.0,orientation,size,color,0.38,11.0,2,female,1,2537.0593455999997,0,21
3904,-9999.0,-9999.0,-9999.0,-9999.0,-9999.0,-9999.0,-9999.0,-9999.0,-9999.0,orientation,size,color,0.38,11.0,2,female,1,2537.0593455999997,0,21
3905,-9999.0,-9999.0,-9999.0,-9999.0,-9999.0,-9999.0,-9999.0,-9999.0,-9999.0,orientation,size,color,0.38,11.0,2,female,1,2537.0593455999997,0,21
3906,-9999.0,-9999.0,-9999.0,-9999.0,-9999.0,-9999.0,-9999.0,-9999.0,-9999.0,orientation,size,color,0.38,11.0,2,female,1,2537.0593455999997,0,21
3907,-9999.0,-9999.0,-9999.0,-9999.0,-9999.0,-9999.0,-9999.0,-9999.0,-9999.0,orientation,size,color,0.38,11.0,2,female,1,2537.0593455999997,0,21
3908,-9999.0,-9999.0,-9999.0,-9999.0,-9999.0,-9999.0,-9999.0,-9999.0,-9999.0,orientation,size,color,0.38,11.0,2,female,1,2537.0593455999997,0,21
3909,-9999.0,-9999.0,-9999.0,-9999.0,-9999.0,-9999.0,-9999.0,-9999.0,-9999.0,orientation,size,color,0.38,11.0,2,female,1,2537.0593455999997,0,21
3910,-9999.0,-9999.0,-9999.0,-9999.0,-9999.0,-9999.0,-9999.0,-9999.0,-9999.0,orientation,size,color,0.38,11.0,2,female,1,2537.0593455999997,0,21
3911,-9999.0,-9999.0,-9999.0,-9999.0,-9999.0,-9999.0,-9999.0,-9999.0,-9999.0,orientation,size,color,0.38,11.0,2,female,1,2537.0593455999997,0,21
3912,-9999.0,-9999.0,-9999.0,-9999.0,-9999.0,-9999.0,-9999.0,-9999.0,-9999.0,orientation,size,color,0.38,11.0,2,female,1,2537.0593455999997,0,21
3913,-9999.0,-9999.0,-9999.0,-9999.0,-9999.0,-9999.0,-9999.0,-9999.0,-9999.0,orientation,size,color,0.38,11.0,2,female,1,2537.0593455999997,0,21
3914,-9999.0,-9999.0,-9999.0,-9999.0,-9999.0,-9999.0,-9999.0,-9999.0,-9999.0,orientation,size,color,0.38,11.0,2,female,1,2537.0593455999997,0,21
3915,-9999.0,-9999.0,-9999.0,-9999.0,-9999.0,-9999.0,-9999.0,-9999.0,-9999.0,orientation,size,color,0.38,11.0,2,female,1,2537.0593455999997,0,21
3916,-9999.0,-9999.0,-9999.0,-9999.0,-9999.0,-9999.0,-9999.0,-9999.0,-9999.0,orientation,size,color,0.38,11.0,2,female,1,2537.0593455999997,0,21
3917,-9999.0,-9999.0,-9999.0,-9999.0,-9999.0,-9999.0,-9999.0,-9999.0,-9999.0,orientation,size,color,0.38,11.0,2,female,1,2537.0593455999997,0,21
3918,-9999.0,-9999.0,-9999.0,-9999.0,-9999.0,-9999.0,-9999.0,-9999.0,-9999.0,orientation,size,color,0.38,11.0,2,female,1,2537.0593455999997,0,21
3919,-9999.0,-9999.0,-9999.0,-9999.0,-9999.0,-9999.0,-9999.0,-9999.0,-9999.0,orientation,size,color,0.38,11.0,2,female,1,2537.0593455999997,0,21
3920,-9999.0,-9999.0,-9999.0,-9999.0,-9999.0,-9999.0,-9999.0,-9999.0,-9999.0,orientation,size,color,0.38,11.0,2,female,1,2537.0593455999997,0,21
3921,-9999.0,-9999.0,-9999.0,-9999.0,-9999.0,-9999.0,-9999.0,-9999.0,-9999.0,orientation,size,color,0.38,11.0,2,female,1,2537.0593455999997,0,21
3922,-9999.0,-9999.0,-9999.0,-9999.0,-9999.0,-9999.0,-9999.0,-9999.0,-9999.0,orientation,size,color,0.38,11.0,2,female,1,2537.0593455999997,0,21
3923,-9999.0,-9999.0,-9999.0,-9999.0,-9999.0,-9999.0,-9999.0,-9999.0,-9999.0,orientation,size,color,0.38,11.0,2,female,1,2537.0593455999997,0,21
3924,-9999.0,-9999.0,-9999.0,-9999.0,-9999.0,-9999.0,-9999.0,-9999.0,-9999.0,orientation,size,color,0.38,11.0,2,female,1,2537.0593455999997,0,21
3925,-9999.0,-9999.0,-9999.0,-9999.0,-9999.0,-9999.0,-9999.0,-9999.0,-9999.0,orientation,size,color,0.38,11.0,2,female,1,2537.0593455999997,0,21
3926,-9999.0,-9999.0,-9999.0,-9999.0,-9999.0,-9999.0,-9999.0,-9999.0,-9999.0,orientation,size,color,0.38,11.0,2,female,1,2537.0593455999997,0,21
3927,-9999.0,-9999.0,-9999.0,-9999.0,-9999.0,-9999.0,-9999.0,-9999.0,-9999.0,orientation,size,color,0.38,11.0,2,female,1,2537.0593455999997,0,21
3928,-9999.0,-9999.0,-9999.0,-9999.0,-9999.0,-9999.0,-9999.0,-9999.0,-9999.0,orientation,size,color,0.38,11.0,2,female,1,2537.0593455999997,0,21
3929,-9999.0,-9999.0,-9999.0,-9999.0,-9999.0,-9999.0,-9999.0,-9999.0,-9999.0,orientation,size,color,0.38,11.0,2,female,1,2537.0593455999997,0,21
3930,-9999.0,-9999.0,-9999.0,-9999.0,-9999.0,-9999.0,-9999.0,-9999.0,-9999.0,orientation,size,color,0.38,11.0,2,female,1,2537.0593455999997,0,21
3931,-9999.0,-9999.0,-9999.0,-9999.0,-9999.0,-9999.0,-9999.0,-9999.0,-9999.0,orientation,size,color,0.38,11.0,2,female,1,2537.0593455999997,0,21
3932,-9999.0,-9999.0,-9999.0,-9999.0,-9999.0,-9999.0,-9999.0,-9999.0,-9999.0,orientation,size,color,0.38,11.0,2,female,1,2537.0593455999997,0,21
3933,-9999.0,-9999.0,-9999.0,-9999.0,-9999.0,-9999.0,-9999.0,-9999.0,-9999.0,orientation,size,color,0.38,11.0,2,female,1,2537.0593455999997,0,21
3934,-9999.0,-9999.0,-9999.0,-9999.0,-9999.0,-9999.0,-9999.0,-9999.0,-9999.0,orientation,size,color,0.38,11.0,2,female,1,2537.0593455999997,0,21
3935,-9999.0,-9999.0,-9999.0,-9999.0,-9999.0,-9999.0,-9999.0,-9999.0,-9999.0,orientation,size,color,0.38,11.0,2,female,1,2537.0593455999997,0,21
3936,-9999.0,-9999.0,-9999.0,-9999.0,-9999.0,-9999.0,-9999.0,-9999.0,-9999.0,orientation,size,color,0.38,11.0,2,female,1,2537.0593455999997,0,21
3937,-9999.0,-9999.0,-9999.0,-9999.0,-9999.0,-9999.0,-9999.0,-9999.0,-9999.0,orientation,size,color,0.38,11.0,2,female,1,2537.0593455999997,0,21
3938,-9999.0,-9999.0,-9999.0,-9999.0,-9999.0,-9999.0,-9999.0,-9999.0,-9999.0,orientation,size,color,0.38,11.0,2,female,1,2537.0593455999997,0,21
3939,-9999.0,-9999.0,-9999.0,-9999.0,-9999.0,-9999.0,-9999.0,-9999.0,-9999.0,orientation,size,color,0.38,11.0,2,female,1,2537.0593455999997,0,21
3940,-9999.0,-9999.0,-9999.0,-9999.0,-9999.0,-9999.0,-9999.0,-9999.0,-9999.0,orientation,size,color,0.38,11.0,2,female,1,2537.0593455999997,0,21
3941,-9999.0,-9999.0,-9999.0,-9999.0,-9999.0,-9999.0,-9999.0,-9999.0,-9999.0,orientation,size,color,0.38,11.0,2,female,1,2537.0593455999997,0,21
3942,-9999.0,-9999.0,-9999.0,-9999.0,-9999.0,-9999.0,-9999.0,-9999.0,-9999.0,orientation,size,color,0.38,11.0,2,female,1,2537.0593455999997,0,21
3943,-9999.0,-9999.0,-9999.0,-9999.0,-9999.0,-9999.0,-9999.0,-9999.0,-9999.0,orientation,size,color,0.38,11.0,2,female,1,2537.0593455999997,0,21
3944,-9999.0,-9999.0,-9999.0,-9999.0,-9999.0,-9999.0,-9999.0,-9999.0,-9999.0,orientation,size,color,0.38,11.0,2,female,1,2537.0593455999997,0,21
3945,-9999.0,-9999.0,-9999.0,-9999.0,-9999.0,-9999.0,-9999.0,-9999.0,-9999.0,orientation,size,color,0.38,11.0,2,female,1,2537.0593455999997,0,21
3946,-9999.0,-9999.0,-9999.0,-9999.0,-9999.0,-9999.0,-9999.0,-9999.0,-9999.0,orientation,size,color,0.38,11.0,2,female,1,2537.0593455999997,0,21
3947,-9999.0,-9999.0,-9999.0,-9999.0,-9999.0,-9999.0,-9999.0,-9999.0,-9999.0,orientation,size,color,0.38,11.0,2,female,1,2537.0593455999997,0,21
3948,-9999.0,-9999.0,-9999.0,-9999.0,-9999.0,-9999.0,-9999.0,-9999.0,-9999.0,orientation,size,color,0.38,11.0,2,female,1,2537.0593455999997,0,21
3949,-9999.0,-9999.0,-9999.0,-9999.0,-9999.0,-9999.0,-9999.0,-9999.0,-9999.0,orientation,size,color,0.38,11.0,2,female,1,2537.0593455999997,0,21
3950,-9999.0,-9999.0,-9999.0,-9999.0,-9999.0,-9999.0,-9999.0,-9999.0,-9999.0,orientation,size,color,0.38,11.0,2,female,1,2537.0593455999997,0,21
3951,-9999.0,-9999.0,-9999.0,-9999.0,-9999.0,-9999.0,-9999.0,-9999.0,-9999.0,orientation,size,color,0.38,11.0,2,female,1,2537.0593455999997,0,21
3952,-9999.0,-9999.0,-9999.0,-9999.0,-9999.0,-9999.0,-9999.0,-9999.0,-9999.0,orientation,size,color,0.38,11.0,2,female,1,2537.0593455999997,0,21
3953,-9999.0,-9999.0,-9999.0,-9999.0,-9999.0,-9999.0,-9999.0,-9999.0,-9999.0,orientation,size,color,0.38,11.0,2,female,1,2537.0593455999997,0,21
3954,-9999.0,-9999.0,-9999.0,-9999.0,-9999.0,-9999.0,-9999.0,-9999.0,-9999.0,orientation,size,color,0.38,11.0,2,female,1,2537.0593455999997,0,21
3955,-9999.0,-9999.0,-9999.0,-9999.0,-9999.0,-9999.0,-9999.0,-9999.0,-9999.0,orientation,size,color,0.38,11.0,2,female,1,2537.0593455999997,0,21
3956,-9999.0,-9999.0,-9999.0,-9999.0,-9999.0,-9999.0,-9999.0,-9999.0,-9999.0,orientation,size,color,0.38,11.0,2,female,1,2537.0593455999997,0,21
3957,-9999.0,-9999.0,-9999.0,-9999.0,-9999.0,-9999.0,-9999.0,-9999.0,-9999.0,orientation,size,color,0.38,11.0,2,female,1,2537.0593455999997,0,21
3958,-9999.0,-9999.0,-9999.0,-9999.0,-9999.0,-9999.0,-9999.0,-9999.0,-9999.0,orientation,size,color,0.38,11.0,2,female,1,2537.0593455999997,0,21
3959,-9999.0,-9999.0,-9999.0,-9999.0,-9999.0,-9999.0,-9999.0,-9999.0,-9999.0,orientation,size,color,0.38,11.0,2,female,1,2537.0593455999997,0,21
3960,-9999.0,-9999.0,-9999.0,-9999.0,-9999.0,-9999.0,-9999.0,-9999.0,-9999.0,orientation,size,color,0.38,11.0,2,female,1,2537.0593455999997,0,21
3961,-9999.0,-9999.0,-9999.0,-9999.0,-9999.0,-9999.0,-9999.0,-9999.0,-9999.0,orientation,size,color,0.38,11.0,2,female,1,2537.0593455999997,0,21
3962,-9999.0,-9999.0,-9999.0,-9999.0,-9999.0,-9999.0,-9999.0,-9999.0,-9999.0,orientation,size,color,0.38,11.0,2,female,1,2537.0593455999997,0,21
3963,-9999.0,-9999.0,-9999.0,-9999.0,-9999.0,-9999.0,-9999.0,-9999.0,-9999.0,orientation,size,color,0.38,11.0,2,female,1,2537.0593455999997,0,21
3964,-9999.0,-9999.0,-9999.0,-9999.0,-9999.0,-9999.0,-9999.0,-9999.0,-9999.0,orientation,size,color,0.38,11.0,2,female,1,2537.0593455999997,0,21
3965,-9999.0,-9999.0,-9999.0,-9999.0,-9999.0,-9999.0,-9999.0,-9999.0,-9999.0,orientation,size,color,0.38,11.0,2,female,1,2537.0593455999997,0,21
3966,-9999.0,-9999.0,-9999.0,-9999.0,-9999.0,-9999.0,-9999.0,-9999.0,-9999.0,orientation,size,color,0.38,11.0,2,female,1,2537.0593455999997,0,21
3967,-9999.0,-9999.0,-9999.0,-9999.0,-9999.0,-9999.0,-9999.0,-9999.0,-9999.0,orientation,size,color,0.38,11.0,2,female,1,2537.0593455999997,0,21
3968,-9999.0,-9999.0,-9999.0,-9999.0,-9999.0,-9999.0,-9999.0,-9999.0,-9999.0,orientation,size,color,0.38,11.0,2,female,1,2537.0593455999997,0,21
3969,-9999.0,-9999.0,-9999.0,-9999.0,-9999.0,-9999.0,-9999.0,-9999.0,-9999.0,orientation,size,color,0.38,11.0,2,female,1,2537.0593455999997,0,21
3970,-9999.0,-9999.0,-9999.0,-9999.0,-9999.0,-9999.0,-9999.0,-9999.0,-9999.0,orientation,size,color,0.38,11.0,2,female,1,2537.0593455999997,0,21
3971,-9999.0,-9999.0,-9999.0,-9999.0,-9999.0,-9999.0,-9999.0,-9999.0,-9999.0,orientation,size,color,0.38,11.0,2,female,1,2537.0593455999997,0,21
3972,-9999.0,-9999.0,-9999.0,-9999.0,-9999.0,-9999.0,-9999.0,-9999.0,-9999.0,orientation,size,color,0.38,11.0,2,female,1,2537.0593455999997,0,21
3973,-9999.0,-9999.0,-9999.0,-9999.0,-9999.0,-9999.0,-9999.0,-9999.0,-9999.0,orientation,size,color,0.38,11.0,2,female,1,2537.0593455999997,0,21
3974,-9999.0,-9999.0,-9999.0,-9999.0,-9999.0,-9999.0,-9999.0,-9999.0,-9999.0,orientation,size,color,0.38,11.0,2,female,1,2537.0593455999997,0,21
3975,-9999.0,-9999.0,-9999.0,-9999.0,-9999.0,-9999.0,-9999.0,-9999.0,-9999.0,orientation,size,color,0.38,11.0,2,female,1,2537.0593455999997,0,21
3976,-9999.0,-9999.0,-9999.0,-9999.0,-9999.0,-9999.0,-9999.0,-9999.0,-9999.0,orientation,size,color,0.38,11.0,2,female,1,2537.0593455999997,0,21
3977,-9999.0,-9999.0,-9999.0,-9999.0,-9999.0,-9999.0,-9999.0,-9999.0,-9999.0,orientation,size,color,0.38,11.0,2,female,1,2537.0593455999997,0,21
3978,-9999.0,-9999.0,-9999.0,-9999.0,-9999.0,-9999.0,-9999.0,-9999.0,-9999.0,orientation,size,color,0.38,11.0,2,female,1,2537.0593455999997,0,21
3979,-9999.0,-9999.0,-9999.0,-9999.0,-9999.0,-9999.0,-9999.0,-9999.0,-9999.0,orientation,size,color,0.38,11.0,2,female,1,2537.0593455999997,0,21
3980,-9999.0,-9999.0,-9999.0,-9999.0,-9999.0,-9999.0,-9999.0,-9999.0,-9999.0,orientation,size,color,0.38,11.0,2,female,1,2537.0593455999997,0,21
3981,-9999.0,-9999.0,-9999.0,-9999.0,-9999.0,-9999.0,-9999.0,-9999.0,-9999.0,orientation,size,color,0.38,11.0,2,female,1,2537.0593455999997,0,21
3982,-9999.0,-9999.0,-9999.0,-9999.0,-9999.0,-9999.0,-9999.0,-9999.0,-9999.0,orientation,size,color,0.38,11.0,2,female,1,2537.0593455999997,0,21
3983,-9999.0,-9999.0,-9999.0,-9999.0,-9999.0,-9999.0,-9999.0,-9999.0,-9999.0,orientation,size,color,0.38,11.0,2,female,1,2537.0593455999997,0,21
3984,-9999.0,-9999.0,-9999.0,-9999.0,-9999.0,-9999.0,-9999.0,-9999.0,-9999.0,orientation,size,color,0.38,11.0,2,female,1,2537.0593455999997,0,21
3985,-9999.0,-9999.0,-9999.0,-9999.0,-9999.0,-9999.0,-9999.0,-9999.0,-9999.0,orientation,size,color,0.38,11.0,2,female,1,2537.0593455999997,0,21
3986,-9999.0,-9999.0,-9999.0,-9999.0,-9999.0,-9999.0,-9999.0,-9999.0,-9999.0,orientation,size,color,0.38,11.0,2,female,1,2537.0593455999997,0,21
3987,-9999.0,-9999.0,-9999.0,-9999.0,-9999.0,-9999.0,-9999.0,-9999.0,-9999.0,orientation,size,color,0.38,11.0,2,female,1,2537.0593455999997,0,21
3988,-9999.0,-9999.0,-9999.0,-9999.0,-9999.0,-9999.0,-9999.0,-9999.0,-9999.0,orientation,size,color,0.38,11.0,2,female,1,2537.0593455999997,0,21
3989,-9999.0,-9999.0,-9999.0,-9999.0,-9999.0,-9999.0,-9999.0,-9999.0,-9999.0,orientation,size,color,0.38,11.0,2,female,1,2537.0593455999997,0,21
3990,-9999.0,-9999.0,-9999.0,-9999.0,-9999.0,-9999.0,-9999.0,-9999.0,-9999.0,orientation,size,color,0.38,11.0,2,female,1,2537.0593455999997,0,21
3991,-9999.0,-9999.0,-9999.0,-9999.0,-9999.0,-9999.0,-9999.0,-9999.0,-9999.0,orientation,size,color,0.38,11.0,2,female,1,2537.0593455999997,0,21
3992,-9999.0,-9999.0,-9999.0,-9999.0,-9999.0,-9999.0,-9999.0,-9999.0,-9999.0,orientation,size,color,0.38,11.0,2,female,1,2537.0593455999997,0,21
3993,-9999.0,-9999.0,-9999.0,-9999.0,-9999.0,-9999.0,-9999.0,-9999.0,-9999.0,orientation,size,color,0.38,11.0,2,female,1,2537.0593455999997,0,21
3994,-9999.0,-9999.0,-9999.0,-9999.0,-9999.0,-9999.0,-9999.0,-9999.0,-9999.0,orientation,size,color,0.38,11.0,2,female,1,2537.0593455999997,0,21
3995,-9999.0,-9999.0,-9999.0,-9999.0,-9999.0,-9999.0,-9999.0,-9999.0,-9999.0,orientation,size,color,0.38,11.0,2,female,1,2537.0593455999997,0,21
3996,-9999.0,-9999.0,-9999.0,-9999.0,-9999.0,-9999.0,-9999.0,-9999.0,-9999.0,orientation,size,color,0.38,11.0,2,female,1,2537.0593455999997,0,21
3997,-9999.0,-9999.0,-9999.0,-9999.0,-9999.0,-9999.0,-9999.0,-9999.0,-9999.0,orientation,size,color,0.38,11.0,2,female,1,2537.0593455999997,0,21
3998,-9999.0,-9999.0,-9999.0,-9999.0,-9999.0,-9999.0,-9999.0,-9999.0,-9999.0,orientation,size,color,0.38,11.0,2,female,1,2537.0593455999997,0,21
3999,-9999.0,-9999.0,-9999.0,-9999.0,-9999.0,-9999.0,-9999.0,-9999.0,-9999.0,orientation,size,color,0.38,11.0,2,female,1,2537.0593455999997,0,21
4000,-9999.0,-9999.0,-9999.0,-9999.0,-9999.0,-9999.0,-9999.0,-9999.0,-9999.0,orientation,size,color,0.38,11.0,2,female,1,2537.0593455999997,0,21
